factor_i,factor_j,family_i,family_j,same_family,spearman_corr,abs_spearman_corr,pearson_corr,n_pairwise_obs,redundancy_level,recommendation,pair_type
wq101_alpha49,wq101_alpha51,wq101,wq101,True,0.97656,0.97656,0.999455,662337,NEAR_DUPLICATE,Drop one; keep the more interpretable or stable factor.,intake_vs_intake
wq101_alpha49,wq101_alpha101,wq101,wq101,True,-0.898791,0.898791,-0.066198,661483,HIGH_REDUNDANCY,REDUNDANT_WITH_EXISTING. High correlation with existing library factor.,intake_vs_baseline
wq101_alpha51,wq101_alpha101,wq101,wq101,True,-0.881814,0.881814,-0.066092,661483,HIGH_REDUNDANCY,REDUNDANT_WITH_EXISTING. High correlation with existing library factor.,intake_vs_baseline
wq101_alpha49,wq101_alpha9,wq101,wq101,True,0.824857,0.824857,0.611167,661696,MODERATE_REDUNDANCY,Monitor. May provide diversification if combined carefully.,intake_vs_baseline
wq101_alpha51,wq101_alpha9,wq101,wq101,True,0.802868,0.802868,0.610775,661696,MODERATE_REDUNDANCY,Monitor. May provide diversification if combined carefully.,intake_vs_baseline
wq101_alpha49,q158_kmid_open,wq101,alpha158_kbar,False,-0.801356,0.801356,-0.022206,661483,MODERATE_REDUNDANCY,Monitor. May provide diversification if combined carefully.,intake_vs_baseline
wq101_alpha49,q158_open_close_0h,wq101,alpha158_price,False,0.801356,0.801356,0.02091,661483,MODERATE_REDUNDANCY,Monitor. May provide diversification if combined carefully.,intake_vs_baseline
wq101_alpha49,intraday_ret,wq101,alpha158_ohlcv,False,-0.801356,0.801356,-0.022206,661483,MODERATE_REDUNDANCY,Monitor. May provide diversification if combined carefully.,intake_vs_baseline
wq101_alpha49,candle_body,wq101,intraday_candle,False,-0.793511,0.793511,-0.049577,661483,MODERATE_REDUNDANCY,Monitor. May provide diversification if combined carefully.,intake_vs_baseline
wq101_alpha49,q158_kmid_range,wq101,alpha158_kbar,False,-0.793418,0.793418,-0.049566,661483,MODERATE_REDUNDANCY,Monitor. May provide diversification if combined carefully.,intake_vs_baseline
wq101_alpha51,intraday_ret,wq101,alpha158_ohlcv,False,-0.788545,0.788545,-0.022141,661483,MODERATE_REDUNDANCY,Monitor. May provide diversification if combined carefully.,intake_vs_baseline
wq101_alpha51,q158_open_close_0h,wq101,alpha158_price,False,0.788545,0.788545,0.020836,661483,MODERATE_REDUNDANCY,Monitor. May provide diversification if combined carefully.,intake_vs_baseline
wq101_alpha51,q158_kmid_open,wq101,alpha158_kbar,False,-0.788545,0.788545,-0.022141,661483,MODERATE_REDUNDANCY,Monitor. May provide diversification if combined carefully.,intake_vs_baseline
wq101_alpha51,candle_body,wq101,intraday_candle,False,-0.780748,0.780748,-0.049496,661483,MODERATE_REDUNDANCY,Monitor. May provide diversification if combined carefully.,intake_vs_baseline
wq101_alpha51,q158_kmid_range,wq101,alpha158_kbar,False,-0.780657,0.780657,-0.049485,661483,MODERATE_REDUNDANCY,Monitor. May provide diversification if combined carefully.,intake_vs_baseline
wq101_alpha49,q158_ksft_range,wq101,alpha158_kbar,False,-0.644245,0.644245,-0.040973,661483,LOW_REDUNDANCY,Low redundancy. Independent signal sources.,intake_vs_baseline
wq101_alpha49,q158_ksft_open,wq101,alpha158_kbar,False,-0.641765,0.641765,-0.019819,661483,LOW_REDUNDANCY,Low redundancy. Independent signal sources.,intake_vs_baseline
wq101_alpha51,q158_ksft_range,wq101,alpha158_kbar,False,-0.633087,0.633087,-0.040902,661483,LOW_REDUNDANCY,Low redundancy. Independent signal sources.,intake_vs_baseline
wq101_alpha24,tech_atr,wq101,technical,False,-0.633026,0.633026,-0.711642,644877,LOW_REDUNDANCY,Low redundancy. Independent signal sources.,intake_vs_baseline
wq101_alpha51,q158_ksft_open,wq101,alpha158_kbar,False,-0.631205,0.631205,-0.019752,661483,LOW_REDUNDANCY,Low redundancy. Independent signal sources.,intake_vs_baseline
wq101_alpha49,wq101_alpha54,wq101,wq101,True,0.608159,0.608159,0.038128,402962,LOW_REDUNDANCY,Low redundancy. Independent signal sources.,intake_vs_baseline
wq101_alpha46,q158_open_close_2h,wq101,alpha158_price,False,0.601966,0.601966,0.392606,854,LOW_REDUNDANCY,Low redundancy. Independent signal sources.,intake_vs_baseline
wq101_alpha51,wq101_alpha54,wq101,wq101,True,0.598547,0.598547,0.038041,402962,LOW_REDUNDANCY,Low redundancy. Independent signal sources.,intake_vs_baseline
wq101_alpha46,rev_10h,wq101,reversal,False,0.565799,0.565799,0.295747,661909,LOW_REDUNDANCY,Low redundancy. Independent signal sources.,intake_vs_baseline
wq101_alpha46,mom_10h,wq101,momentum,False,-0.565799,0.565799,-0.295747,661909,LOW_REDUNDANCY,Low redundancy. Independent signal sources.,intake_vs_baseline
wq101_alpha46,q158_resi_30h,wq101,alpha158_rolling_regression,False,-0.562896,0.562896,-0.380957,428,LOW_REDUNDANCY,Low redundancy. Independent signal sources.,intake_vs_baseline
wq101_alpha49,rev_2h,wq101,reversal,False,0.562462,0.562462,-0.006246,854,LOW_REDUNDANCY,Low redundancy. Independent signal sources.,intake_vs_baseline
wq101_alpha46,rsi_7h,wq101,technical_indicators,False,-0.557955,0.557955,-0.464063,641,LOW_REDUNDANCY,Low redundancy. Independent signal sources.,intake_vs_baseline
wq101_alpha51,rev_2h,wq101,reversal,False,0.556688,0.556688,-0.006042,854,LOW_REDUNDANCY,Low redundancy. Independent signal sources.,intake_vs_baseline
wq101_alpha49,q158_low_close_2h,wq101,alpha158_price,False,0.556144,0.556144,-0.016067,854,LOW_REDUNDANCY,Low redundancy. Independent signal sources.,intake_vs_baseline
wq101_alpha51,q158_low_close_2h,wq101,alpha158_price,False,0.552438,0.552438,-0.015825,854,LOW_REDUNDANCY,Low redundancy. Independent signal sources.,intake_vs_baseline
wq101_alpha49,q158_high_close_2h,wq101,alpha158_price,False,0.549698,0.549698,0.015589,854,LOW_REDUNDANCY,Low redundancy. Independent signal sources.,intake_vs_baseline
wq101_alpha51,q158_high_close_2h,wq101,alpha158_price,False,0.547138,0.547138,0.015781,854,LOW_REDUNDANCY,Low redundancy. Independent signal sources.,intake_vs_baseline
wq101_alpha51,q158_open_close_2h,wq101,alpha158_price,False,0.527717,0.527717,0.006171,854,LOW_REDUNDANCY,Low redundancy. Independent signal sources.,intake_vs_baseline
wq101_alpha24,a101_volume_high_alpha_min_84_84,wq101,alpha101_curated_volume_price_regression,False,-0.523141,0.523141,-0.004392,313846,LOW_REDUNDANCY,Low redundancy. Independent signal sources.,intake_vs_baseline
wq101_alpha49,q158_open_close_2h,wq101,alpha158_price,False,0.520661,0.520661,0.005881,854,LOW_REDUNDANCY,Low redundancy. Independent signal sources.,intake_vs_baseline
wq101_alpha23,q158_kup_open,wq101,alpha158_kbar,False,-0.520253,0.520253,-0.040677,854,LOW_REDUNDANCY,Low redundancy. Independent signal sources.,intake_vs_baseline
wq101_alpha24,xs_rank_vol,wq101,cross_sectional_normalized,False,0.506217,0.506217,0.098919,645088,LOW_REDUNDANCY,Low redundancy. Independent signal sources.,intake_vs_baseline
wq101_alpha49,q158_low_close_0h,wq101,alpha158_price,False,0.485388,0.485388,0.011614,661483,LOW_REDUNDANCY,Low redundancy. Independent signal sources.,intake_vs_baseline
wq101_alpha51,q158_low_close_0h,wq101,alpha158_price,False,0.477832,0.477832,0.01159,661483,LOW_REDUNDANCY,Low redundancy. Independent signal sources.,intake_vs_baseline
wq101_alpha23,candle_wick_lower,wq101,intraday_candle,False,0.47326,0.47326,0.046585,854,LOW_REDUNDANCY,Low redundancy. Independent signal sources.,intake_vs_baseline
wq101_alpha23,q158_klow_range,wq101,alpha158_kbar,False,0.473257,0.473257,0.046572,854,LOW_REDUNDANCY,Low redundancy. Independent signal sources.,intake_vs_baseline
wq101_alpha49,q158_high_close_0h,wq101,alpha158_price,False,0.468207,0.468207,0.011859,661483,LOW_REDUNDANCY,Low redundancy. Independent signal sources.,intake_vs_baseline
wq101_alpha46,q158_qtlu_30h,wq101,alpha158_rolling,False,0.464073,0.464073,0.336065,428,LOW_REDUNDANCY,Low redundancy. Independent signal sources.,intake_vs_baseline
wq101_alpha23,q158_ma_5h,wq101,alpha158_rolling_price,False,0.463188,0.463188,0.015334,661671,LOW_REDUNDANCY,Low redundancy. Independent signal sources.,intake_vs_baseline
wq101_alpha51,q158_high_close_0h,wq101,alpha158_price,False,0.459444,0.459444,0.011793,661483,LOW_REDUNDANCY,Low redundancy. Independent signal sources.,intake_vs_baseline
wq101_alpha46,q158_low_close_2h,wq101,alpha158_price,False,0.453382,0.453382,0.311573,854,LOW_REDUNDANCY,Low redundancy. Independent signal sources.,intake_vs_baseline
wq101_alpha46,q158_rank_close_30h,wq101,alpha158_rolling,False,-0.44077,0.44077,-0.310391,428,LOW_REDUNDANCY,Low redundancy. Independent signal sources.,intake_vs_baseline
wq101_alpha46,q158_high_close_2h,wq101,alpha158_price,False,0.439305,0.439305,0.252888,854,LOW_REDUNDANCY,Low redundancy. Independent signal sources.,intake_vs_baseline
wq101_alpha46,rev_2h,wq101,reversal,False,0.433114,0.433114,0.297726,854,LOW_REDUNDANCY,Low redundancy. Independent signal sources.,intake_vs_baseline
wq101_alpha23,wq101_alpha54,wq101,wq101,True,-0.425752,0.425752,-0.029227,850,LOW_REDUNDANCY,Low redundancy. Independent signal sources.,intake_vs_baseline
wq101_alpha46,wq101_alpha51,wq101,wq101,True,0.421757,0.421757,0.040292,662337,LOW_REDUNDANCY,Low redundancy. Independent signal sources.,intake_vs_intake
wq101_alpha49,taker_buy_zscore_20h,wq101,taker_imbalance,False,-0.418114,0.418114,-0.039166,336636,LOW_REDUNDANCY,Low redundancy. Independent signal sources.,intake_vs_baseline
wq101_alpha46,reversal_5h,wq101,momentum,False,0.416629,0.416629,0.214549,661696,LOW_REDUNDANCY,Low redundancy. Independent signal sources.,intake_vs_baseline
wq101_alpha46,mom_5h,wq101,momentum,False,-0.416629,0.416629,-0.214549,661696,LOW_REDUNDANCY,Low redundancy. Independent signal sources.,intake_vs_baseline
wq101_alpha46,tech_macd,wq101,technical,False,-0.414951,0.414951,-0.055178,661483,LOW_REDUNDANCY,Low redundancy. Independent signal sources.,intake_vs_baseline
wq101_alpha23,q158_ksft_range,wq101,alpha158_kbar,False,0.410346,0.410346,0.027336,854,LOW_REDUNDANCY,Low redundancy. Independent signal sources.,intake_vs_baseline
wq101_alpha46,wq101_alpha49,wq101,wq101,True,0.408392,0.408392,0.039889,662337,LOW_REDUNDANCY,Low redundancy. Independent signal sources.,intake_vs_intake
wq101_alpha51,taker_buy_zscore_20h,wq101,taker_imbalance,False,-0.40778,0.40778,-0.039122,336636,LOW_REDUNDANCY,Low redundancy. Independent signal sources.,intake_vs_baseline
wq101_alpha24,a101_volume_low_alpha_min_84_120,wq101,alpha101_curated_volume_price_regression,False,-0.404896,0.404896,-0.003766,336982,LOW_REDUNDANCY,Low redundancy. Independent signal sources.,intake_vs_baseline
wq101_alpha23,q158_high_close_0h,wq101,alpha158_price,False,-0.400405,0.400405,-0.041684,854,LOW_REDUNDANCY,Low redundancy. Independent signal sources.,intake_vs_baseline
wq101_alpha23,q158_ksft_open,wq101,alpha158_kbar,False,0.399806,0.399806,0.026374,854,LOW_REDUNDANCY,Low redundancy. Independent signal sources.,intake_vs_baseline
wq101_alpha23,q158_close_close_4h,wq101,alpha158_price,False,0.392833,0.392833,0.012722,661671,LOW_REDUNDANCY,Low redundancy. Independent signal sources.,intake_vs_baseline
wq101_alpha23,wq101_alpha41,wq101,wq101,True,0.389329,0.389329,0.497804,850,LOW_REDUNDANCY,Low redundancy. Independent signal sources.,intake_vs_baseline
wq101_alpha51,rsi_7h,wq101,technical_indicators,False,-0.387589,0.387589,-0.027095,641,LOW_REDUNDANCY,Low redundancy. Independent signal sources.,intake_vs_baseline
wq101_alpha23,q158_high_close_4h,wq101,alpha158_price,False,0.386088,0.386088,0.013549,661671,LOW_REDUNDANCY,Low redundancy. Independent signal sources.,intake_vs_baseline
wq101_alpha23,ema_12_26_gap,wq101,technical_indicators,False,0.384193,0.384193,-0.006367,854,LOW_REDUNDANCY,Low redundancy. Independent signal sources.,intake_vs_baseline
wq101_alpha46,wq101_alpha101,wq101,wq101,True,-0.376209,0.376209,-0.145877,661483,LOW_REDUNDANCY,Low redundancy. Independent signal sources.,intake_vs_baseline
wq101_alpha23,q158_ma_10h,wq101,alpha158_rolling_price,False,0.370811,0.370811,0.011564,661884,LOW_REDUNDANCY,Low redundancy. Independent signal sources.,intake_vs_baseline
wq101_alpha49,rsi_7h,wq101,technical_indicators,False,-0.368531,0.368531,-0.026701,641,LOW_REDUNDANCY,Low redundancy. Independent signal sources.,intake_vs_baseline
wq101_alpha23,q158_kup_range,wq101,alpha158_kbar,False,-0.366664,0.366664,-0.04246,854,LOW_REDUNDANCY,Low redundancy. Independent signal sources.,intake_vs_baseline
wq101_alpha23,candle_wick_upper,wq101,intraday_candle,False,-0.366653,0.366653,-0.042454,854,LOW_REDUNDANCY,Low redundancy. Independent signal sources.,intake_vs_baseline
wq101_alpha23,reversal_5h,wq101,momentum,False,0.363567,0.363567,0.021116,641,LOW_REDUNDANCY,Low redundancy. Independent signal sources.,intake_vs_baseline
wq101_alpha23,mom_5h,wq101,momentum,False,-0.363567,0.363567,-0.021116,641,LOW_REDUNDANCY,Low redundancy. Independent signal sources.,intake_vs_baseline
wq101_alpha46,q158_open_close_0h,wq101,alpha158_price,False,0.362526,0.362526,0.122915,661483,LOW_REDUNDANCY,Low redundancy. Independent signal sources.,intake_vs_baseline
wq101_alpha46,intraday_ret,wq101,alpha158_ohlcv,False,-0.362526,0.362526,-0.124181,661483,LOW_REDUNDANCY,Low redundancy. Independent signal sources.,intake_vs_baseline
wq101_alpha46,q158_kmid_open,wq101,alpha158_kbar,False,-0.362526,0.362526,-0.124181,661483,LOW_REDUNDANCY,Low redundancy. Independent signal sources.,intake_vs_baseline
wq101_alpha46,candle_body,wq101,intraday_candle,False,-0.358269,0.358269,-0.142474,661483,LOW_REDUNDANCY,Low redundancy. Independent signal sources.,intake_vs_baseline
wq101_alpha46,q158_kmid_range,wq101,alpha158_kbar,False,-0.358241,0.358241,-0.142464,661483,LOW_REDUNDANCY,Low redundancy. Independent signal sources.,intake_vs_baseline
wq101_alpha23,q158_resi_20h,wq101,alpha158_rolling_regression,False,-0.345039,0.345039,-0.009962,662312,LOW_REDUNDANCY,Low redundancy. Independent signal sources.,intake_vs_baseline
wq101_alpha51,q158_rank_close_30h,wq101,alpha158_rolling,False,-0.344956,0.344956,0.012395,428,LOW_REDUNDANCY,Low redundancy. Independent signal sources.,intake_vs_baseline
wq101_alpha23,q158_open_close_4h,wq101,alpha158_price,False,0.343007,0.343007,0.010621,661671,LOW_REDUNDANCY,Low redundancy. Independent signal sources.,intake_vs_baseline
wq101_alpha23,q158_low_close_4h,wq101,alpha158_price,False,0.342175,0.342175,0.00869,661671,LOW_REDUNDANCY,Low redundancy. Independent signal sources.,intake_vs_baseline
wq101_alpha23,vol_5h,wq101,volatility,False,-0.340947,0.340947,-0.047275,641,LOW_REDUNDANCY,Low redundancy. Independent signal sources.,intake_vs_baseline
wq101_alpha23,q158_rank_close_20h,wq101,alpha158_rolling,False,-0.339892,0.339892,-0.02729,662312,LOW_REDUNDANCY,Low redundancy. Independent signal sources.,intake_vs_baseline
wq101_alpha23,q158_qtlu_20h,wq101,alpha158_rolling,False,0.339774,0.339774,0.009205,662312,LOW_REDUNDANCY,Low redundancy. Independent signal sources.,intake_vs_baseline
wq101_alpha24,q158_sump_20h,wq101,alpha158_rolling_direction,False,-0.330539,0.330539,-0.031039,7648,LOW_REDUNDANCY,Low redundancy. Independent signal sources.,intake_vs_baseline
wq101_alpha23,range_breakout_vol_confirm_20h,wq101,breakout,False,-0.329657,0.329657,-0.045264,21594,LOW_REDUNDANCY,Low redundancy. Independent signal sources.,intake_vs_baseline
wq101_alpha24,q158_rsv_30h,wq101,alpha158_rolling,False,-0.329579,0.329579,-0.03678,645510,LOW_REDUNDANCY,Low redundancy. Independent signal sources.,intake_vs_baseline
wq101_alpha23,bb_zscore_20h,wq101,technical,False,-0.326325,0.326325,-0.032557,660539,LOW_REDUNDANCY,Low redundancy. Independent signal sources.,intake_vs_baseline
wq101_alpha49,q158_rank_close_30h,wq101,alpha158_rolling,False,-0.326199,0.326199,0.018383,428,LOW_REDUNDANCY,Low redundancy. Independent signal sources.,intake_vs_baseline
wq101_alpha24,volume_pressure_20h,wq101,volume_price,False,-0.325977,0.325977,-0.002649,7648,LOW_REDUNDANCY,Low redundancy. Independent signal sources.,intake_vs_baseline
wq101_alpha24,mom_20h,wq101,momentum,False,-0.32359,0.32359,-0.014011,7648,LOW_REDUNDANCY,Low redundancy. Independent signal sources.,intake_vs_baseline
wq101_alpha24,q158_roc_20h,wq101,alpha158_rolling_price,False,0.32359,0.32359,0.018279,7648,LOW_REDUNDANCY,Low redundancy. Independent signal sources.,intake_vs_baseline
wq101_alpha24,mom_10h,wq101,momentum,False,-0.323416,0.323416,-0.011215,8070,LOW_REDUNDANCY,Low redundancy. Independent signal sources.,intake_vs_baseline
wq101_alpha24,rev_10h,wq101,reversal,False,0.323416,0.323416,0.011215,8070,LOW_REDUNDANCY,Low redundancy. Independent signal sources.,intake_vs_baseline
wq101_alpha51,mom_5h,wq101,momentum,False,-0.321378,0.321378,-0.010002,661696,LOW_REDUNDANCY,Low redundancy. Independent signal sources.,intake_vs_baseline
wq101_alpha51,reversal_5h,wq101,momentum,False,0.321378,0.321378,0.010002,661696,LOW_REDUNDANCY,Low redundancy. Independent signal sources.,intake_vs_baseline
wq101_alpha24,q158_rank_close_30h,wq101,alpha158_rolling,False,-0.320734,0.320734,-0.030239,645510,LOW_REDUNDANCY,Low redundancy. Independent signal sources.,intake_vs_baseline
wq101_alpha24,rsi_14h,wq101,technical,False,-0.320651,0.320651,-0.038573,644877,LOW_REDUNDANCY,Low redundancy. Independent signal sources.,intake_vs_baseline
wq101_alpha24,q158_rsv_20h,wq101,alpha158_rolling,False,-0.3202,0.3202,-0.03082,645088,LOW_REDUNDANCY,Low redundancy. Independent signal sources.,intake_vs_baseline
wq101_alpha49,reversal_5h,wq101,momentum,False,0.319228,0.319228,0.009878,661696,LOW_REDUNDANCY,Low redundancy. Independent signal sources.,intake_vs_baseline
wq101_alpha49,mom_5h,wq101,momentum,False,-0.319228,0.319228,-0.009878,661696,LOW_REDUNDANCY,Low redundancy. Independent signal sources.,intake_vs_baseline
wq101_alpha23,q158_min_5h,wq101,alpha158_rolling_price,False,0.319018,0.319018,0.003087,661671,LOW_REDUNDANCY,Low redundancy. Independent signal sources.,intake_vs_baseline
wq101_alpha23,q158_max_10h,wq101,alpha158_rolling_price,False,0.31901,0.31901,0.004453,661884,LOW_REDUNDANCY,Low redundancy. Independent signal sources.,intake_vs_baseline
wq101_alpha24,q158_sumd_20h,wq101,alpha158_rolling,False,-0.318678,0.318678,-0.030672,7648,LOW_REDUNDANCY,Low redundancy. Independent signal sources.,intake_vs_baseline
wq101_alpha23,q158_klen_open,wq101,alpha158_kbar,False,-0.318154,0.318154,-0.04164,854,LOW_REDUNDANCY,Low redundancy. Independent signal sources.,intake_vs_baseline
wq101_alpha23,range_1h,wq101,range_position,False,-0.317912,0.317912,-0.041743,854,LOW_REDUNDANCY,Low redundancy. Independent signal sources.,intake_vs_baseline
wq101_alpha23,q158_high_low_range,wq101,alpha158,False,-0.317912,0.317912,-0.041743,854,LOW_REDUNDANCY,Low redundancy. Independent signal sources.,intake_vs_baseline
wq101_alpha24,q158_rank_close_20h,wq101,alpha158_rolling,False,-0.315641,0.315641,-0.025628,645088,LOW_REDUNDANCY,Low redundancy. Independent signal sources.,intake_vs_baseline
wq101_alpha24,mom_vol_adjusted_20h,wq101,momentum,False,-0.315335,0.315335,-0.030136,7612,LOW_REDUNDANCY,Low redundancy. Independent signal sources.,intake_vs_baseline
wq101_alpha24,mom_5h,wq101,momentum,False,-0.314769,0.314769,-0.007431,8280,LOW_REDUNDANCY,Low redundancy. Independent signal sources.,intake_vs_baseline
wq101_alpha24,reversal_5h,wq101,momentum,False,0.314769,0.314769,0.007431,8280,LOW_REDUNDANCY,Low redundancy. Independent signal sources.,intake_vs_baseline
wq101_alpha24,vwap_dev_20h,wq101,alpha158_ohlcv,False,-0.312766,0.312766,-0.014146,643351,LOW_REDUNDANCY,Low redundancy. Independent signal sources.,intake_vs_baseline
wq101_alpha24,ema_12_26_gap,wq101,technical_indicators,False,-0.311744,0.311744,-0.016797,8490,LOW_REDUNDANCY,Low redundancy. Independent signal sources.,intake_vs_baseline
wq101_alpha24,bb_zscore_20h,wq101,technical,False,-0.310669,0.310669,-0.026389,643351,LOW_REDUNDANCY,Low redundancy. Independent signal sources.,intake_vs_baseline
wq101_alpha23,q158_resi_30h,wq101,alpha158_rolling_regression,False,-0.308394,0.308394,-0.008554,661352,LOW_REDUNDANCY,Low redundancy. Independent signal sources.,intake_vs_baseline
wq101_alpha24,q158_sumn_20h,wq101,alpha158_rolling_direction,False,0.308212,0.308212,0.028723,7648,LOW_REDUNDANCY,Low redundancy. Independent signal sources.,intake_vs_baseline
wq101_alpha24,breakout_dist_20h,wq101,breakout,False,-0.308182,0.308182,-0.03021,645088,LOW_REDUNDANCY,Low redundancy. Independent signal sources.,intake_vs_baseline
wq101_alpha23,q158_max_5h,wq101,alpha158_rolling_price,False,0.307654,0.307654,0.004578,661671,LOW_REDUNDANCY,Low redundancy. Independent signal sources.,intake_vs_baseline
wq101_alpha24,q158_ma_10h,wq101,alpha158_rolling_price,False,0.306912,0.306912,0.008188,644666,LOW_REDUNDANCY,Low redundancy. Independent signal sources.,intake_vs_baseline
wq101_alpha24,downside_vol_20h,wq101,realized_skew_kurtosis,False,0.306484,0.306484,0.050635,7648,LOW_REDUNDANCY,Low redundancy. Independent signal sources.,intake_vs_baseline
wq101_alpha24,q158_qtlu_20h,wq101,alpha158_rolling,False,0.305962,0.305962,0.014988,645088,LOW_REDUNDANCY,Low redundancy. Independent signal sources.,intake_vs_baseline
wq101_alpha23,q158_rsv_20h,wq101,alpha158_rolling,False,-0.305237,0.305237,-0.026184,662312,LOW_REDUNDANCY,Low redundancy. Independent signal sources.,intake_vs_baseline
wq101_alpha23,breakout_dist_20h,wq101,breakout,False,-0.303009,0.303009,-0.025976,662312,LOW_REDUNDANCY,Low redundancy. Independent signal sources.,intake_vs_baseline
wq101_alpha24,q158_ma_20h,wq101,alpha158_rolling_price,False,0.30294,0.30294,0.009744,645088,LOW_REDUNDANCY,Low redundancy. Independent signal sources.,intake_vs_baseline
wq101_alpha24,q158_ma_5h,wq101,alpha158_rolling_price,False,0.302269,0.302269,0.00686,644456,LOW_REDUNDANCY,Low redundancy. Independent signal sources.,intake_vs_baseline
wq101_alpha24,amihud_illiquidity_20h,wq101,liquidity,False,0.299228,0.299228,0.048075,7612,LOW_REDUNDANCY,Low redundancy. Independent signal sources.,intake_vs_baseline
wq101_alpha24,q158_qtlu_30h,wq101,alpha158_rolling,False,0.298834,0.298834,0.014566,645510,LOW_REDUNDANCY,Low redundancy. Independent signal sources.,intake_vs_baseline
wq101_alpha23,ksft_5h,wq101,alpha158_ohlcv,False,-0.298077,0.298077,0.002141,641,LOW_REDUNDANCY,Low redundancy. Independent signal sources.,intake_vs_baseline
wq101_alpha24,q158_max_30h,wq101,alpha158_rolling_price,False,0.297542,0.297542,0.010432,645510,LOW_REDUNDANCY,Low redundancy. Independent signal sources.,intake_vs_baseline
wq101_alpha24,q158_ma_30h,wq101,alpha158_rolling_price,False,0.297185,0.297185,0.010717,645510,LOW_REDUNDANCY,Low redundancy. Independent signal sources.,intake_vs_baseline
wq101_alpha23,vwap_dev_20h,wq101,alpha158_ohlcv,False,-0.297167,0.297167,-0.011838,660539,LOW_REDUNDANCY,Low redundancy. Independent signal sources.,intake_vs_baseline
wq101_alpha24,q158_max_20h,wq101,alpha158_rolling_price,False,0.295548,0.295548,0.010603,645088,LOW_REDUNDANCY,Low redundancy. Independent signal sources.,intake_vs_baseline
wq101_alpha24,a101_volume_xs_z_mean_neg_112h,wq101,alpha101_curated_volume_crowding,False,-0.294156,0.294156,-0.008124,314302,LOW_REDUNDANCY,Low redundancy. Independent signal sources.,intake_vs_baseline
wq101_alpha24,q158_high_close_4h,wq101,alpha158_price,False,0.294114,0.294114,0.014955,644456,LOW_REDUNDANCY,Low redundancy. Independent signal sources.,intake_vs_baseline
wq101_alpha23,q158_rank_close_30h,wq101,alpha158_rolling,False,-0.292359,0.292359,-0.024394,661352,LOW_REDUNDANCY,Low redundancy. Independent signal sources.,intake_vs_baseline
wq101_alpha46,wq101_alpha9,wq101,wq101,True,0.291683,0.291683,0.026721,661696,LOW_REDUNDANCY,Low redundancy. Independent signal sources.,intake_vs_baseline
wq101_alpha24,q158_qtld_20h,wq101,alpha158_rolling,False,0.289208,0.289208,-0.002876,645088,LOW_REDUNDANCY,Low redundancy. Independent signal sources.,intake_vs_baseline
wq101_alpha46,mom_accel_20h,wq101,momentum,False,-0.288892,0.288892,-0.140043,661857,LOW_REDUNDANCY,Low redundancy. Independent signal sources.,intake_vs_baseline
wq101_alpha51,q158_resi_30h,wq101,alpha158_rolling_regression,False,-0.288645,0.288645,-0.081072,428,LOW_REDUNDANCY,Low redundancy. Independent signal sources.,intake_vs_baseline
wq101_alpha24,q158_qtld_30h,wq101,alpha158_rolling,False,0.287918,0.287918,-0.001078,645510,LOW_REDUNDANCY,Low redundancy. Independent signal sources.,intake_vs_baseline
wq101_alpha46,q158_ksft_open,wq101,alpha158_kbar,False,-0.286027,0.286027,-0.097554,661483,LOW_REDUNDANCY,Low redundancy. Independent signal sources.,intake_vs_baseline
wq101_alpha23,q158_max_20h,wq101,alpha158_rolling_price,False,0.285732,0.285732,0.004265,662312,LOW_REDUNDANCY,Low redundancy. Independent signal sources.,intake_vs_baseline
wq101_alpha24,q158_sumd_30h,wq101,alpha158_rolling_direction,False,-0.285245,0.285245,-0.027204,7226,LOW_REDUNDANCY,Low redundancy. Independent signal sources.,intake_vs_baseline
wq101_alpha24,q158_max_60h,wq101,alpha158_rolling_price,False,0.284548,0.284548,0.010772,646776,LOW_REDUNDANCY,Low redundancy. Independent signal sources.,intake_vs_baseline
wq101_alpha24,q158_max_10h,wq101,alpha158_rolling_price,False,0.283399,0.283399,0.010518,644666,LOW_REDUNDANCY,Low redundancy. Independent signal sources.,intake_vs_baseline
wq101_alpha24,q158_close_close_4h,wq101,alpha158_price,False,0.282397,0.282397,0.00697,644456,LOW_REDUNDANCY,Low redundancy. Independent signal sources.,intake_vs_baseline
wq101_alpha49,q158_resi_30h,wq101,alpha158_rolling_regression,False,-0.27907,0.27907,-0.063665,428,LOW_REDUNDANCY,Low redundancy. Independent signal sources.,intake_vs_baseline
wq101_alpha46,q158_ksft_range,wq101,alpha158_kbar,False,-0.278552,0.278552,-0.106743,661483,LOW_REDUNDANCY,Low redundancy. Independent signal sources.,intake_vs_baseline
wq101_alpha24,q158_high_close_0h,wq101,alpha158_price,False,0.276525,0.276525,0.040264,8490,LOW_REDUNDANCY,Low redundancy. Independent signal sources.,intake_vs_baseline
wq101_alpha23,rsi_14h,wq101,technical,False,-0.276046,0.276046,-0.028289,662098,LOW_REDUNDANCY,Low redundancy. Independent signal sources.,intake_vs_baseline
wq101_alpha23,q158_ma_20h,wq101,alpha158_rolling_price,False,0.275847,0.275847,0.008358,662312,LOW_REDUNDANCY,Low redundancy. Independent signal sources.,intake_vs_baseline
wq101_alpha46,vol_of_vol_20h,wq101,realized_skew_kurtosis,False,-0.275089,0.275089,-0.379986,214,LOW_REDUNDANCY,Low redundancy. Independent signal sources.,intake_vs_baseline
wq101_alpha49,wq101_alpha41,wq101,wq101,True,0.274178,0.274178,0.437667,402962,LOW_REDUNDANCY,Low redundancy. Independent signal sources.,intake_vs_baseline
wq101_alpha24,q158_open_close_4h,wq101,alpha158_price,False,0.272632,0.272632,0.007165,644456,LOW_REDUNDANCY,Low redundancy. Independent signal sources.,intake_vs_baseline
wq101_alpha46,q158_ma_30h,wq101,alpha158_rolling_price,False,0.271796,0.271796,0.263751,428,LOW_REDUNDANCY,Low redundancy. Independent signal sources.,intake_vs_baseline
wq101_alpha51,wq101_alpha41,wq101,wq101,True,0.269919,0.269919,0.437656,402962,LOW_REDUNDANCY,Low redundancy. Independent signal sources.,intake_vs_baseline
wq101_alpha24,q158_max_5h,wq101,alpha158_rolling_price,False,0.269329,0.269329,0.010795,644456,LOW_REDUNDANCY,Low redundancy. Independent signal sources.,intake_vs_baseline
wq101_alpha51,q158_rsv_30h,wq101,alpha158_rolling,False,-0.268969,0.268969,0.058606,428,LOW_REDUNDANCY,Low redundancy. Independent signal sources.,intake_vs_baseline
wq101_alpha23,q158_low_close_0h,wq101,alpha158_price,False,-0.266707,0.266707,0.019868,854,LOW_REDUNDANCY,Low redundancy. Independent signal sources.,intake_vs_baseline
wq101_alpha24,mom_40h,wq101,momentum,False,-0.26576,0.26576,-0.01685,6804,LOW_REDUNDANCY,Low redundancy. Independent signal sources.,intake_vs_baseline
wq101_alpha24,q158_cntp_20h,wq101,alpha158_rolling,False,-0.264742,0.264742,-0.027553,7648,LOW_REDUNDANCY,Low redundancy. Independent signal sources.,intake_vs_baseline
wq101_alpha49,q158_rsv_30h,wq101,alpha158_rolling,False,-0.264682,0.264682,0.054709,428,LOW_REDUNDANCY,Low redundancy. Independent signal sources.,intake_vs_baseline
wq101_alpha23,q158_qtlu_30h,wq101,alpha158_rolling,False,0.264033,0.264033,0.007467,661352,LOW_REDUNDANCY,Low redundancy. Independent signal sources.,intake_vs_baseline
wq101_alpha49,taker_buy_delta_5h,wq101,taker_imbalance,False,-0.263261,0.263261,-0.012129,268392,LOW_REDUNDANCY,Low redundancy. Independent signal sources.,intake_vs_baseline
wq101_alpha24,q158_ma_60h,wq101,alpha158_rolling_price,False,0.262584,0.262584,0.012406,646776,LOW_REDUNDANCY,Low redundancy. Independent signal sources.,intake_vs_baseline
wq101_alpha49,q158_max_30h,wq101,alpha158_rolling_price,False,0.260188,0.260188,0.025933,428,LOW_REDUNDANCY,Low redundancy. Independent signal sources.,intake_vs_baseline
wq101_alpha51,taker_buy_delta_5h,wq101,taker_imbalance,False,-0.259864,0.259864,-0.012075,268392,LOW_REDUNDANCY,Low redundancy. Independent signal sources.,intake_vs_baseline
wq101_alpha51,q158_max_30h,wq101,alpha158_rolling_price,False,0.259567,0.259567,0.016317,428,LOW_REDUNDANCY,Low redundancy. Independent signal sources.,intake_vs_baseline
wq101_alpha23,q158_rsv_30h,wq101,alpha158_rolling,False,-0.257576,0.257576,-0.023582,661352,LOW_REDUNDANCY,Low redundancy. Independent signal sources.,intake_vs_baseline
wq101_alpha46,ma_gap_20_80,wq101,trend_ma,False,0.257051,0.257051,0.236302,2558,LOW_REDUNDANCY,Low redundancy. Independent signal sources.,intake_vs_baseline
wq101_alpha24,q158_high_low_range,wq101,alpha158,False,0.255701,0.255701,0.052567,8490,LOW_REDUNDANCY,Low redundancy. Independent signal sources.,intake_vs_baseline
wq101_alpha24,range_1h,wq101,range_position,False,0.255701,0.255701,0.052567,8490,LOW_REDUNDANCY,Low redundancy. Independent signal sources.,intake_vs_baseline
wq101_alpha24,wvma_20h,wq101,alpha158_ohlcv,False,0.255253,0.255253,0.025747,7612,LOW_REDUNDANCY,Low redundancy. Independent signal sources.,intake_vs_baseline
wq101_alpha51,q158_qtlu_30h,wq101,alpha158_rolling,False,0.254055,0.254055,0.070862,428,LOW_REDUNDANCY,Low redundancy. Independent signal sources.,intake_vs_baseline
wq101_alpha24,q158_klen_open,wq101,alpha158_kbar,False,0.253399,0.253399,0.052217,8490,LOW_REDUNDANCY,Low redundancy. Independent signal sources.,intake_vs_baseline
wq101_alpha24,q158_low_close_4h,wq101,alpha158_price,False,0.25259,0.25259,-0.002488,644456,LOW_REDUNDANCY,Low redundancy. Independent signal sources.,intake_vs_baseline
wq101_alpha24,rev_24h,wq101,reversal,False,0.25225,0.25225,0.009326,645299,LOW_REDUNDANCY,Low redundancy. Independent signal sources.,intake_vs_baseline
wq101_alpha46,wq101_alpha54,wq101,wq101,True,0.251638,0.251638,0.111402,402962,LOW_REDUNDANCY,Low redundancy. Independent signal sources.,intake_vs_baseline
wq101_alpha51,mom_10h,wq101,momentum,False,-0.246634,0.246634,-0.00733,661909,LOW_REDUNDANCY,Low redundancy. Independent signal sources.,intake_vs_baseline
wq101_alpha51,rev_10h,wq101,reversal,False,0.246634,0.246634,0.00733,661909,LOW_REDUNDANCY,Low redundancy. Independent signal sources.,intake_vs_baseline
wq101_alpha49,mom_10h,wq101,momentum,False,-0.238707,0.238707,-0.007086,661909,LOW_REDUNDANCY,Low redundancy. Independent signal sources.,intake_vs_baseline
wq101_alpha49,rev_10h,wq101,reversal,False,0.238707,0.238707,0.007086,661909,LOW_REDUNDANCY,Low redundancy. Independent signal sources.,intake_vs_baseline
wq101_alpha46,q158_rsv_30h,wq101,alpha158_rolling,False,-0.238619,0.238619,-0.108299,428,LOW_REDUNDANCY,Low redundancy. Independent signal sources.,intake_vs_baseline
wq101_alpha23,q158_klow_open,wq101,alpha158_kbar,False,0.238185,0.238185,-0.016042,854,LOW_REDUNDANCY,Low redundancy. Independent signal sources.,intake_vs_baseline
wq101_alpha24,q158_cntd_20h,wq101,alpha158_rolling_direction,False,-0.237674,0.237674,-0.023749,7648,LOW_REDUNDANCY,Low redundancy. Independent signal sources.,intake_vs_baseline
wq101_alpha51,mom_accel_20h,wq101,momentum,False,-0.237463,0.237463,-0.007489,661857,LOW_REDUNDANCY,Low redundancy. Independent signal sources.,intake_vs_baseline
wq101_alpha24,price_pos_120h,wq101,price_position,False,-0.236752,0.236752,-0.052424,649326,LOW_REDUNDANCY,Low redundancy. Independent signal sources.,intake_vs_baseline
wq101_alpha23,klow_close,wq101,alpha158_ohlcv,False,0.23661,0.23661,-0.016027,854,LOW_REDUNDANCY,Low redundancy. Independent signal sources.,intake_vs_baseline
wq101_alpha49,mom_accel_20h,wq101,momentum,False,-0.23574,0.23574,-0.007445,661857,LOW_REDUNDANCY,Low redundancy. Independent signal sources.,intake_vs_baseline
wq101_alpha23,q158_min_10h,wq101,alpha158_rolling_price,False,0.235367,0.235367,-0.000238,661884,LOW_REDUNDANCY,Low redundancy. Independent signal sources.,intake_vs_baseline
wq101_alpha23,q158_max_30h,wq101,alpha158_rolling_price,False,0.234782,0.234782,0.003892,661352,LOW_REDUNDANCY,Low redundancy. Independent signal sources.,intake_vs_baseline
wq101_alpha49,q158_qtlu_30h,wq101,alpha158_rolling,False,0.230404,0.230404,0.058697,428,LOW_REDUNDANCY,Low redundancy. Independent signal sources.,intake_vs_baseline
wq101_alpha46,range_breakout_vol_confirm_20h,wq101,breakout,False,-0.230137,0.230137,-0.145325,24024,LOW_REDUNDANCY,Low redundancy. Independent signal sources.,intake_vs_baseline
wq101_alpha51,range_breakout_vol_confirm_20h,wq101,breakout,False,-0.22971,0.22971,-0.034933,24024,LOW_REDUNDANCY,Low redundancy. Independent signal sources.,intake_vs_baseline
wq101_alpha23,q158_qtld_20h,wq101,alpha158_rolling,False,0.229427,0.229427,0.00452,662312,LOW_REDUNDANCY,Low redundancy. Independent signal sources.,intake_vs_baseline
wq101_alpha23,q158_ma_30h,wq101,alpha158_rolling_price,False,0.227684,0.227684,0.006906,661352,LOW_REDUNDANCY,Low redundancy. Independent signal sources.,intake_vs_baseline
wq101_alpha24,ma_gap_5_20,wq101,trend_ma,False,-0.227327,0.227327,-0.009933,645088,LOW_REDUNDANCY,Low redundancy. Independent signal sources.,intake_vs_baseline
wq101_alpha49,range_breakout_vol_confirm_20h,wq101,breakout,False,-0.226973,0.226973,-0.034889,24024,LOW_REDUNDANCY,Low redundancy. Independent signal sources.,intake_vs_baseline
wq101_alpha24,up_down_vol_ratio_20h,wq101,alpha158_ohlcv,False,-0.226662,0.226662,-0.031572,643351,LOW_REDUNDANCY,Low redundancy. Independent signal sources.,intake_vs_baseline
wq101_alpha49,q158_volume_ratio_2h,wq101,alpha158_volume,False,-0.226374,0.226374,0.04133,854,LOW_REDUNDANCY,Low redundancy. Independent signal sources.,intake_vs_baseline
wq101_alpha24,q158_cntp_30h,wq101,alpha158_rolling_direction,False,-0.225857,0.225857,-0.028657,7226,LOW_REDUNDANCY,Low redundancy. Independent signal sources.,intake_vs_baseline
wq101_alpha23,qvol_zscore_20h,wq101,quote_volume_liquidity,False,-0.223175,0.223175,-0.031168,660539,LOW_REDUNDANCY,Low redundancy. Independent signal sources.,intake_vs_baseline
wq101_alpha24,intraday_ret,wq101,alpha158_ohlcv,False,-0.223063,0.223063,-0.006553,8490,LOW_REDUNDANCY,Low redundancy. Independent signal sources.,intake_vs_baseline
wq101_alpha24,q158_kmid_open,wq101,alpha158_kbar,False,-0.223063,0.223063,-0.006553,8490,LOW_REDUNDANCY,Low redundancy. Independent signal sources.,intake_vs_baseline
wq101_alpha24,q158_open_close_0h,wq101,alpha158_price,False,0.223063,0.223063,0.007406,8490,LOW_REDUNDANCY,Low redundancy. Independent signal sources.,intake_vs_baseline
wq101_alpha46,q158_min_30h,wq101,alpha158_rolling_price,False,0.215764,0.215764,0.191385,428,LOW_REDUNDANCY,Low redundancy. Independent signal sources.,intake_vs_baseline
wq101_alpha23,vol_zscore_20h,wq101,volume_liquidity,False,-0.214375,0.214375,-0.030621,660539,LOW_REDUNDANCY,Low redundancy. Independent signal sources.,intake_vs_baseline
wq101_alpha24,q158_min_60h,wq101,alpha158_rolling_price,False,0.213429,0.213429,-0.018026,646776,LOW_REDUNDANCY,Low redundancy. Independent signal sources.,intake_vs_baseline
wq101_alpha23,q158_vma_20h,wq101,alpha158_rolling_volume,False,0.21312,0.21312,5.9e-05,662312,LOW_REDUNDANCY,Low redundancy. Independent signal sources.,intake_vs_baseline
wq101_alpha24,q158_imxd_20h,wq101,alpha158_rolling_position,False,0.211554,0.211554,0.025465,645088,LOW_REDUNDANCY,Low redundancy. Independent signal sources.,intake_vs_baseline
wq101_alpha46,q158_qtld_30h,wq101,alpha158_rolling,False,0.211049,0.211049,0.199259,428,LOW_REDUNDANCY,Low redundancy. Independent signal sources.,intake_vs_baseline
wq101_alpha24,q158_beta_20h,wq101,alpha158_rolling_regression,False,-0.210449,0.210449,-0.008505,645088,LOW_REDUNDANCY,Low redundancy. Independent signal sources.,intake_vs_baseline
wq101_alpha24,q158_cntn_20h,wq101,alpha158_rolling,False,0.210124,0.210124,0.017013,7648,LOW_REDUNDANCY,Low redundancy. Independent signal sources.,intake_vs_baseline
wq101_alpha46,q158_low_close_0h,wq101,alpha158_price,False,0.209235,0.209235,0.069684,661483,LOW_REDUNDANCY,Low redundancy. Independent signal sources.,intake_vs_baseline
wq101_alpha51,q158_volume_ratio_2h,wq101,alpha158_volume,False,-0.208514,0.208514,0.041378,854,LOW_REDUNDANCY,Low redundancy. Independent signal sources.,intake_vs_baseline
wq101_alpha24,q158_min_30h,wq101,alpha158_rolling_price,False,0.206023,0.206023,-0.020068,645510,LOW_REDUNDANCY,Low redundancy. Independent signal sources.,intake_vs_baseline
wq101_alpha23,q158_qtld_30h,wq101,alpha158_rolling,False,0.205776,0.205776,0.003335,661352,LOW_REDUNDANCY,Low redundancy. Independent signal sources.,intake_vs_baseline
wq101_alpha23,q158_volume_ratio_4h,wq101,alpha158_volume,False,0.205513,0.205513,3.1e-05,661671,LOW_REDUNDANCY,Low redundancy. Independent signal sources.,intake_vs_baseline
wq101_alpha46,q158_high_close_0h,wq101,alpha158_price,False,0.204446,0.204446,0.053424,661483,LOW_REDUNDANCY,Low redundancy. Independent signal sources.,intake_vs_baseline
wq101_alpha24,q158_imin_20h,wq101,alpha158_rolling_position,False,-0.203508,0.203508,-0.024268,645088,LOW_REDUNDANCY,Low redundancy. Independent signal sources.,intake_vs_baseline
wq101_alpha24,price_volume_corr_20h,wq101,volume_price,False,-0.201278,0.201278,-0.019708,7612,LOW_REDUNDANCY,Low redundancy. Independent signal sources.,intake_vs_baseline
wq101_alpha24,q158_cord_20h,wq101,alpha158_rolling_volume_price,False,-0.200721,0.200721,-0.021149,7612,LOW_REDUNDANCY,Low redundancy. Independent signal sources.,intake_vs_baseline
wq101_alpha24,ma_gap_10_40,wq101,trend_ma,False,-0.20071,0.20071,-0.011979,645932,LOW_REDUNDANCY,Low redundancy. Independent signal sources.,intake_vs_baseline
wq101_alpha24,volatility_20h,wq101,volatility,False,0.198333,0.198333,0.045637,7648,LOW_REDUNDANCY,Low redundancy. Independent signal sources.,intake_vs_baseline
wq101_alpha46,q158_max_30h,wq101,alpha158_rolling_price,False,0.198122,0.198122,-0.024145,428,LOW_REDUNDANCY,Low redundancy. Independent signal sources.,intake_vs_baseline
wq101_alpha49,price_pos_120h,wq101,price_position,False,-0.197932,0.197932,-0.009388,4262,LOW_REDUNDANCY,Low redundancy. Independent signal sources.,intake_vs_baseline
wq101_alpha24,q158_beta_30h,wq101,alpha158_rolling_regression,False,-0.195546,0.195546,-0.009143,645510,LOW_REDUNDANCY,Low redundancy. Independent signal sources.,intake_vs_baseline
wq101_alpha23,q158_vstd_20h,wq101,alpha158_rolling_volume,False,0.193963,0.193963,6.6e-05,662312,LOW_REDUNDANCY,Low redundancy. Independent signal sources.,intake_vs_baseline
wq101_alpha24,q158_cntd_30h,wq101,alpha158_rolling_direction,False,-0.193841,0.193841,-0.02427,7226,LOW_REDUNDANCY,Low redundancy. Independent signal sources.,intake_vs_baseline
wq101_alpha24,q158_resi_30h,wq101,alpha158_rolling_regression,False,-0.193547,0.193547,-0.00181,645510,LOW_REDUNDANCY,Low redundancy. Independent signal sources.,intake_vs_baseline
wq101_alpha51,price_pos_120h,wq101,price_position,False,-0.193523,0.193523,-0.009075,4262,LOW_REDUNDANCY,Low redundancy. Independent signal sources.,intake_vs_baseline
wq101_alpha23,price_pos_72h,wq101,price_position,False,-0.192622,0.192622,0.025571,2345,LOW_REDUNDANCY,Low redundancy. Independent signal sources.,intake_vs_baseline
wq101_alpha24,q158_min_20h,wq101,alpha158_rolling_price,False,0.191681,0.191681,-0.021389,645088,LOW_REDUNDANCY,Low redundancy. Independent signal sources.,intake_vs_baseline
wq101_alpha24,vol_ret_corr_20h,wq101,alpha158_ohlcv,False,-0.189268,0.189268,-0.016114,7612,LOW_REDUNDANCY,Low redundancy. Independent signal sources.,intake_vs_baseline
wq101_alpha24,tech_macd,wq101,technical,False,-0.188722,0.188722,-0.04367,8490,LOW_REDUNDANCY,Low redundancy. Independent signal sources.,intake_vs_baseline
wq101_alpha46,q158_imax_30h,wq101,alpha158_rolling_position,False,0.187817,0.187817,0.084918,428,LOW_REDUNDANCY,Low redundancy. Independent signal sources.,intake_vs_baseline
wq101_alpha24,clv_20h,wq101,alpha158_ohlc_range,False,-0.187647,0.187647,-0.021227,645088,LOW_REDUNDANCY,Low redundancy. Independent signal sources.,intake_vs_baseline
wq101_alpha24,q158_resi_20h,wq101,alpha158_rolling_regression,False,-0.183932,0.183932,-0.001455,645088,LOW_REDUNDANCY,Low redundancy. Independent signal sources.,intake_vs_baseline
wq101_alpha24,q158_kmid_range,wq101,alpha158_kbar,False,-0.183703,0.183703,-0.002744,8490,LOW_REDUNDANCY,Low redundancy. Independent signal sources.,intake_vs_baseline
wq101_alpha24,candle_body,wq101,intraday_candle,False,-0.183681,0.183681,-0.002743,8490,LOW_REDUNDANCY,Low redundancy. Independent signal sources.,intake_vs_baseline
wq101_alpha49,q158_cntn_20h,wq101,alpha158_rolling,False,0.183128,0.183128,0.008775,662337,LOW_REDUNDANCY,Low redundancy. Independent signal sources.,intake_vs_baseline
wq101_alpha24,a101_vol_xs_z_product_112h,wq101,alpha101_curated_volume_regime,False,-0.182422,0.182422,0.000231,314302,LOW_REDUNDANCY,Low redundancy. Independent signal sources.,intake_vs_baseline
wq101_alpha49,q158_cntd_20h,wq101,alpha158_rolling_direction,False,-0.181551,0.181551,-0.010055,662337,LOW_REDUNDANCY,Low redundancy. Independent signal sources.,intake_vs_baseline
wq101_alpha24,q158_ksft_open,wq101,alpha158_kbar,False,-0.181364,0.181364,-0.005683,8490,LOW_REDUNDANCY,Low redundancy. Independent signal sources.,intake_vs_baseline
wq101_alpha24,vol_5h,wq101,volatility,False,0.180253,0.180253,0.040278,8280,LOW_REDUNDANCY,Low redundancy. Independent signal sources.,intake_vs_baseline
wq101_alpha51,q158_cntn_20h,wq101,alpha158_rolling,False,0.179436,0.179436,0.008707,662337,LOW_REDUNDANCY,Low redundancy. Independent signal sources.,intake_vs_baseline
wq101_alpha23,wq101_alpha24,wq101,wq101,True,0.17779,0.17779,0.279159,645088,LOW_REDUNDANCY,Low redundancy. Independent signal sources.,intake_vs_intake
wq101_alpha51,q158_cntd_20h,wq101,alpha158_rolling_direction,False,-0.176982,0.176982,-0.009949,662337,LOW_REDUNDANCY,Low redundancy. Independent signal sources.,intake_vs_baseline
wq101_alpha46,xs_rank_mom_accel,wq101,cross_sectional_normalized,False,-0.175953,0.175953,-0.11215,661857,LOW_REDUNDANCY,Low redundancy. Independent signal sources.,intake_vs_baseline
wq101_alpha24,realized_skew_20h,wq101,realized_shape,False,-0.175885,0.175885,-0.012837,7648,LOW_REDUNDANCY,Low redundancy. Independent signal sources.,intake_vs_baseline
wq101_alpha51,tech_macd,wq101,technical,False,-0.175614,0.175614,-0.1278,661483,LOW_REDUNDANCY,Low redundancy. Independent signal sources.,intake_vs_baseline
wq101_alpha23,q158_min_20h,wq101,alpha158_rolling_price,False,0.174919,0.174919,-0.002313,662312,LOW_REDUNDANCY,Low redundancy. Independent signal sources.,intake_vs_baseline
wq101_alpha49,q158_cntp_20h,wq101,alpha158_rolling,False,-0.174091,0.174091,-0.010474,662337,LOW_REDUNDANCY,Low redundancy. Independent signal sources.,intake_vs_baseline
wq101_alpha46,taker_buy_zscore_20h,wq101,taker_imbalance,False,-0.173207,0.173207,-0.060315,336636,LOW_REDUNDANCY,Low redundancy. Independent signal sources.,intake_vs_baseline
wq101_alpha51,q158_cntp_20h,wq101,alpha158_rolling,False,-0.168737,0.168737,-0.010339,662337,LOW_REDUNDANCY,Low redundancy. Independent signal sources.,intake_vs_baseline
wq101_alpha49,q158_max_60h,wq101,alpha158_rolling_price,False,0.167999,0.167999,0.012606,1706,LOW_REDUNDANCY,Low redundancy. Independent signal sources.,intake_vs_baseline
wq101_alpha23,q158_max_60h,wq101,alpha158_rolling_price,False,0.164608,0.164608,0.003759,658478,LOW_REDUNDANCY,Low redundancy. Independent signal sources.,intake_vs_baseline
wq101_alpha49,tech_macd,wq101,technical,False,-0.164552,0.164552,-0.128432,661483,LOW_REDUNDANCY,Low redundancy. Independent signal sources.,intake_vs_baseline
wq101_alpha24,q158_min_10h,wq101,alpha158_rolling_price,False,0.164262,0.164262,-0.023265,644666,LOW_REDUNDANCY,Low redundancy. Independent signal sources.,intake_vs_baseline
wq101_alpha46,qvol_ma_ratio_20_80,wq101,quote_volume_liquidity,False,0.164142,0.164142,0.147332,2546,LOW_REDUNDANCY,Low redundancy. Independent signal sources.,intake_vs_baseline
wq101_alpha24,q158_imax_20h,wq101,alpha158_rolling_position,False,0.1623,0.1623,0.019244,645088,LOW_REDUNDANCY,Low redundancy. Independent signal sources.,intake_vs_baseline
wq101_alpha24,q158_cntn_30h,wq101,alpha158_rolling_direction,False,0.160546,0.160546,0.015415,7226,LOW_REDUNDANCY,Low redundancy. Independent signal sources.,intake_vs_baseline
wq101_alpha23,q158_ma_60h,wq101,alpha158_rolling_price,False,0.159636,0.159636,0.005447,658478,LOW_REDUNDANCY,Low redundancy. Independent signal sources.,intake_vs_baseline
wq101_alpha51,q158_max_60h,wq101,alpha158_rolling_price,False,0.159406,0.159406,0.011405,1706,LOW_REDUNDANCY,Low redundancy. Independent signal sources.,intake_vs_baseline
wq101_alpha24,wq101_alpha21,wq101,wq101,True,0.158587,0.158587,0.011965,645088,LOW_REDUNDANCY,Low redundancy. Independent signal sources.,intake_vs_baseline
wq101_alpha24,vol_40h,wq101,volatility,False,0.15745,0.15745,0.050248,6804,LOW_REDUNDANCY,Low redundancy. Independent signal sources.,intake_vs_baseline
wq101_alpha24,mom_accel_20h,wq101,momentum,False,-0.156135,0.156135,-0.00401,7437,LOW_REDUNDANCY,Low redundancy. Independent signal sources.,intake_vs_baseline
wq101_alpha23,q158_min_30h,wq101,alpha158_rolling_price,False,0.155539,0.155539,-0.003479,661352,LOW_REDUNDANCY,Low redundancy. Independent signal sources.,intake_vs_baseline
wq101_alpha24,q158_imax_30h,wq101,alpha158_rolling_position,False,0.151701,0.151701,0.021966,645510,LOW_REDUNDANCY,Low redundancy. Independent signal sources.,intake_vs_baseline
wq101_alpha49,q158_ma_60h,wq101,alpha158_rolling_price,False,0.150925,0.150925,-0.009173,1706,LOW_REDUNDANCY,Low redundancy. Independent signal sources.,intake_vs_baseline
wq101_alpha23,up_down_vol_ratio_20h,wq101,alpha158_ohlcv,False,-0.150868,0.150868,-0.01964,660539,LOW_REDUNDANCY,Low redundancy. Independent signal sources.,intake_vs_baseline
wq101_alpha49,mom_vol_adjusted_20h,wq101,momentum,False,-0.150215,0.150215,-0.011341,660563,LOW_REDUNDANCY,Low redundancy. Independent signal sources.,intake_vs_baseline
wq101_alpha49,q158_cntn_30h,wq101,alpha158_rolling_direction,False,0.149406,0.149406,0.006356,661377,LOW_REDUNDANCY,Low redundancy. Independent signal sources.,intake_vs_baseline
wq101_alpha49,q158_sumd_20h,wq101,alpha158_rolling,False,-0.149186,0.149186,-0.011827,662337,LOW_REDUNDANCY,Low redundancy. Independent signal sources.,intake_vs_baseline
wq101_alpha49,q158_sumn_20h,wq101,alpha158_rolling_direction,False,0.148937,0.148937,0.011531,662337,LOW_REDUNDANCY,Low redundancy. Independent signal sources.,intake_vs_baseline
wq101_alpha23,rev_24h,wq101,reversal,False,0.148467,0.148467,0.004838,661832,LOW_REDUNDANCY,Low redundancy. Independent signal sources.,intake_vs_baseline
wq101_alpha49,q158_sump_20h,wq101,alpha158_rolling_direction,False,-0.148268,0.148268,-0.011731,662337,LOW_REDUNDANCY,Low redundancy. Independent signal sources.,intake_vs_baseline
wq101_alpha49,q158_cntd_30h,wq101,alpha158_rolling_direction,False,-0.146832,0.146832,-0.007852,661377,LOW_REDUNDANCY,Low redundancy. Independent signal sources.,intake_vs_baseline
wq101_alpha51,mom_vol_adjusted_20h,wq101,momentum,False,-0.146292,0.146292,-0.011208,660563,LOW_REDUNDANCY,Low redundancy. Independent signal sources.,intake_vs_baseline
wq101_alpha51,q158_cntn_30h,wq101,alpha158_rolling_direction,False,0.14621,0.14621,0.006323,661377,LOW_REDUNDANCY,Low redundancy. Independent signal sources.,intake_vs_baseline
wq101_alpha51,q158_sumd_20h,wq101,alpha158_rolling,False,-0.14535,0.14535,-0.01169,662337,LOW_REDUNDANCY,Low redundancy. Independent signal sources.,intake_vs_baseline
wq101_alpha51,q158_sumn_20h,wq101,alpha158_rolling_direction,False,0.145185,0.145185,0.011401,662337,LOW_REDUNDANCY,Low redundancy. Independent signal sources.,intake_vs_baseline
wq101_alpha51,q158_ma_60h,wq101,alpha158_rolling_price,False,0.145002,0.145002,-0.009624,1706,LOW_REDUNDANCY,Low redundancy. Independent signal sources.,intake_vs_baseline
wq101_alpha51,q158_sump_20h,wq101,alpha158_rolling_direction,False,-0.144371,0.144371,-0.011591,662337,LOW_REDUNDANCY,Low redundancy. Independent signal sources.,intake_vs_baseline
wq101_alpha24,q158_ksft_range,wq101,alpha158_kbar,False,-0.144298,0.144298,0.001946,8490,LOW_REDUNDANCY,Low redundancy. Independent signal sources.,intake_vs_baseline
wq101_alpha51,q158_cntd_30h,wq101,alpha158_rolling_direction,False,-0.142596,0.142596,-0.007775,661377,LOW_REDUNDANCY,Low redundancy. Independent signal sources.,intake_vs_baseline
wq101_alpha23,q158_imax_20h,wq101,alpha158_rolling_position,False,0.142334,0.142334,0.016398,662312,LOW_REDUNDANCY,Low redundancy. Independent signal sources.,intake_vs_baseline
wq101_alpha24,mom_120h,wq101,momentum,False,-0.142107,0.142107,-0.028222,3410,LOW_REDUNDANCY,Low redundancy. Independent signal sources.,intake_vs_baseline
wq101_alpha24,klow_close,wq101,alpha158_ohlcv,False,0.141276,0.141276,0.04094,8490,LOW_REDUNDANCY,Low redundancy. Independent signal sources.,intake_vs_baseline
wq101_alpha23,clv_20h,wq101,alpha158_ohlc_range,False,-0.14008,0.14008,-0.014392,662312,LOW_REDUNDANCY,Low redundancy. Independent signal sources.,intake_vs_baseline
wq101_alpha49,mom_20h,wq101,momentum,False,-0.139818,0.139818,-0.003819,662337,LOW_REDUNDANCY,Low redundancy. Independent signal sources.,intake_vs_baseline
wq101_alpha49,q158_roc_20h,wq101,alpha158_rolling_price,False,0.139818,0.139818,0.003391,662337,LOW_REDUNDANCY,Low redundancy. Independent signal sources.,intake_vs_baseline
wq101_alpha24,wq101_alpha54,wq101,wq101,True,0.139677,0.139677,-0.000688,8450,LOW_REDUNDANCY,Low redundancy. Independent signal sources.,intake_vs_baseline
wq101_alpha24,q158_wvma_20h,wq101,alpha158_rolling_volume,False,0.139228,0.139228,-1.3e-05,7648,LOW_REDUNDANCY,Low redundancy. Independent signal sources.,intake_vs_baseline
wq101_alpha24,q158_klow_open,wq101,alpha158_kbar,False,0.139185,0.139185,0.040984,8490,LOW_REDUNDANCY,Low redundancy. Independent signal sources.,intake_vs_baseline
wq101_alpha23,tech_macd,wq101,technical,False,0.139102,0.139102,0.588109,854,LOW_REDUNDANCY,Low redundancy. Independent signal sources.,intake_vs_baseline
wq101_alpha49,q158_cntp_30h,wq101,alpha158_rolling_direction,False,-0.138806,0.138806,-0.008419,661377,LOW_REDUNDANCY,Low redundancy. Independent signal sources.,intake_vs_baseline
wq101_alpha24,q158_min_5h,wq101,alpha158_rolling_price,False,0.137288,0.137288,-0.024369,644456,LOW_REDUNDANCY,Low redundancy. Independent signal sources.,intake_vs_baseline
wq101_alpha23,taker_buy_delta_5h,wq101,taker_imbalance,False,-0.136358,0.136358,-0.006158,760,LOW_REDUNDANCY,Low redundancy. Independent signal sources.,intake_vs_baseline
wq101_alpha51,mom_20h,wq101,momentum,False,-0.136107,0.136107,-0.00374,662337,LOW_REDUNDANCY,Low redundancy. Independent signal sources.,intake_vs_baseline
wq101_alpha51,q158_roc_20h,wq101,alpha158_rolling_price,False,0.136107,0.136107,0.003352,662337,LOW_REDUNDANCY,Low redundancy. Independent signal sources.,intake_vs_baseline
wq101_alpha51,xs_rank_mom_accel,wq101,cross_sectional_normalized,False,-0.135794,0.135794,0.004469,661857,LOW_REDUNDANCY,Low redundancy. Independent signal sources.,intake_vs_baseline
wq101_alpha23,price_pos_120h,wq101,price_position,False,-0.134813,0.134813,-0.018452,652730,LOW_REDUNDANCY,Low redundancy. Independent signal sources.,intake_vs_baseline
wq101_alpha24,wq101_alpha101,wq101,wq101,True,-0.134686,0.134686,0.001371,8490,LOW_REDUNDANCY,Low redundancy. Independent signal sources.,intake_vs_baseline
wq101_alpha49,xs_rank_mom_accel,wq101,cross_sectional_normalized,False,-0.134386,0.134386,0.004595,661857,LOW_REDUNDANCY,Low redundancy. Independent signal sources.,intake_vs_baseline
wq101_alpha51,q158_cntp_30h,wq101,alpha158_rolling_direction,False,-0.133651,0.133651,-0.008308,661377,LOW_REDUNDANCY,Low redundancy. Independent signal sources.,intake_vs_baseline
wq101_alpha46,price_pos_120h,wq101,price_position,False,-0.132555,0.132555,-0.109698,4262,LOW_REDUNDANCY,Low redundancy. Independent signal sources.,intake_vs_baseline
wq101_alpha23,wq101_alpha21,wq101,wq101,True,0.130893,0.130893,0.010563,662312,LOW_REDUNDANCY,Low redundancy. Independent signal sources.,intake_vs_baseline
wq101_alpha46,wq101_alpha41,wq101,wq101,True,0.127134,0.127134,0.019899,402962,LOW_REDUNDANCY,Low redundancy. Independent signal sources.,intake_vs_baseline
wq101_alpha23,q158_min_60h,wq101,alpha158_rolling_price,False,0.125029,0.125029,-0.004703,658478,LOW_REDUNDANCY,Low redundancy. Independent signal sources.,intake_vs_baseline
wq101_alpha24,ma_gap_20_80,wq101,trend_ma,False,-0.121926,0.121926,-0.012457,647622,LOW_REDUNDANCY,Low redundancy. Independent signal sources.,intake_vs_baseline
wq101_alpha23,wq101_alpha9,wq101,wq101,True,-0.117095,0.117095,0.298353,641,LOW_REDUNDANCY,Low redundancy. Independent signal sources.,intake_vs_baseline
wq101_alpha51,q158_ma_30h,wq101,alpha158_rolling_price,False,0.115523,0.115523,0.012933,428,LOW_REDUNDANCY,Low redundancy. Independent signal sources.,intake_vs_baseline
wq101_alpha23,q158_imxd_20h,wq101,alpha158_rolling_position,False,0.115425,0.115425,0.014069,662312,LOW_REDUNDANCY,Low redundancy. Independent signal sources.,intake_vs_baseline
wq101_alpha24,wq101_alpha46,wq101,wq101,True,0.112739,0.112739,0.020927,7648,LOW_REDUNDANCY,Low redundancy. Independent signal sources.,intake_vs_intake
wq101_alpha49,q158_sumd_30h,wq101,alpha158_rolling_direction,False,-0.111866,0.111866,-0.009006,661377,LOW_REDUNDANCY,Low redundancy. Independent signal sources.,intake_vs_baseline
wq101_alpha49,q158_ma_30h,wq101,alpha158_rolling_price,False,0.110556,0.110556,0.006267,428,LOW_REDUNDANCY,Low redundancy. Independent signal sources.,intake_vs_baseline
wq101_alpha51,q158_sumd_30h,wq101,alpha158_rolling_direction,False,-0.108605,0.108605,-0.008936,661377,LOW_REDUNDANCY,Low redundancy. Independent signal sources.,intake_vs_baseline
wq101_alpha23,ma_gap_5_20,wq101,trend_ma,False,-0.108514,0.108514,-0.003808,662312,LOW_REDUNDANCY,Low redundancy. Independent signal sources.,intake_vs_baseline
wq101_alpha51,q158_min_60h,wq101,alpha158_rolling_price,False,0.108197,0.108197,-0.024682,1706,LOW_REDUNDANCY,Low redundancy. Independent signal sources.,intake_vs_baseline
wq101_alpha49,q158_kup_open,wq101,alpha158_kbar,False,-0.106859,0.106859,0.002607,661483,LOW_REDUNDANCY,Low redundancy. Independent signal sources.,intake_vs_baseline
wq101_alpha49,q158_min_60h,wq101,alpha158_rolling_price,False,0.10646,0.10646,-0.025358,1706,LOW_REDUNDANCY,Low redundancy. Independent signal sources.,intake_vs_baseline
wq101_alpha51,q158_kup_open,wq101,alpha158_kbar,False,-0.106045,0.106045,0.002606,661483,LOW_REDUNDANCY,Low redundancy. Independent signal sources.,intake_vs_baseline
wq101_alpha23,taker_buy_zscore_20h,wq101,taker_imbalance,False,-0.106018,0.106018,-0.012949,268389,LOW_REDUNDANCY,Low redundancy. Independent signal sources.,intake_vs_baseline
wq101_alpha24,q158_vsumn_20h,wq101,alpha158_rolling_volume,False,-0.105189,0.105189,-0.010501,7648,LOW_REDUNDANCY,Low redundancy. Independent signal sources.,intake_vs_baseline
wq101_alpha23,q158_kmid_open,wq101,alpha158_kbar,False,0.104881,0.104881,0.006368,854,LOW_REDUNDANCY,Low redundancy. Independent signal sources.,intake_vs_baseline
wq101_alpha23,intraday_ret,wq101,alpha158_ohlcv,False,0.104881,0.104881,0.006368,854,LOW_REDUNDANCY,Low redundancy. Independent signal sources.,intake_vs_baseline
wq101_alpha23,q158_open_close_0h,wq101,alpha158_price,False,-0.10488,0.10488,-0.00667,854,LOW_REDUNDANCY,Low redundancy. Independent signal sources.,intake_vs_baseline
wq101_alpha24,q158_std_20h,wq101,alpha158_rolling_price,False,0.104748,0.104748,0.020484,645088,LOW_REDUNDANCY,Low redundancy. Independent signal sources.,intake_vs_baseline
wq101_alpha24,q158_std_30h,wq101,alpha158_rolling_price,False,0.102776,0.102776,0.019012,645510,LOW_REDUNDANCY,Low redundancy. Independent signal sources.,intake_vs_baseline
wq101_alpha49,ma_gap_20_80,wq101,trend_ma,False,-0.102747,0.102747,-0.008442,2558,LOW_REDUNDANCY,Low redundancy. Independent signal sources.,intake_vs_baseline
wq101_alpha24,q158_std_10h,wq101,alpha158_rolling_price,False,0.099986,0.099986,0.023713,644666,LOW_REDUNDANCY,Low redundancy. Independent signal sources.,intake_vs_baseline
wq101_alpha46,rev_24h,wq101,reversal,False,0.099249,0.099249,0.180118,214,LOW_REDUNDANCY,Low redundancy. Independent signal sources.,intake_vs_baseline
wq101_alpha24,q158_std_60h,wq101,alpha158_rolling_price,False,0.097274,0.097274,0.016697,646776,LOW_REDUNDANCY,Low redundancy. Independent signal sources.,intake_vs_baseline
wq101_alpha49,mom_40h,wq101,momentum,False,-0.096612,0.096612,-0.002065,660419,LOW_REDUNDANCY,Low redundancy. Independent signal sources.,intake_vs_baseline
wq101_alpha23,q158_rsqr_20h,wq101,alpha158_rolling_regression,False,0.095851,0.095851,0.005604,662312,LOW_REDUNDANCY,Low redundancy. Independent signal sources.,intake_vs_baseline
wq101_alpha51,q158_std_30h,wq101,alpha158_rolling_price,False,0.095483,0.095483,0.067058,428,LOW_REDUNDANCY,Low redundancy. Independent signal sources.,intake_vs_baseline
wq101_alpha24,q158_vsumd_20h,wq101,alpha158_rolling_volume,False,0.095034,0.095034,0.009551,7648,LOW_REDUNDANCY,Low redundancy. Independent signal sources.,intake_vs_baseline
wq101_alpha49,q158_std_30h,wq101,alpha158_rolling_price,False,0.094697,0.094697,0.064366,428,LOW_REDUNDANCY,Low redundancy. Independent signal sources.,intake_vs_baseline
wq101_alpha49,volume_pressure_20h,wq101,volume_price,False,-0.093903,0.093903,-6.3e-05,662337,LOW_REDUNDANCY,Low redundancy. Independent signal sources.,intake_vs_baseline
wq101_alpha51,mom_40h,wq101,momentum,False,-0.093785,0.093785,-0.002036,660419,LOW_REDUNDANCY,Low redundancy. Independent signal sources.,intake_vs_baseline
wq101_alpha49,q158_kup_range,wq101,alpha158_kbar,False,-0.092369,0.092369,0.003766,661483,LOW_REDUNDANCY,Low redundancy. Independent signal sources.,intake_vs_baseline
wq101_alpha49,candle_wick_upper,wq101,intraday_candle,False,-0.092366,0.092366,0.003764,661483,LOW_REDUNDANCY,Low redundancy. Independent signal sources.,intake_vs_baseline
wq101_alpha24,q158_std_5h,wq101,alpha158_rolling_price,False,0.092002,0.092002,0.028607,644456,LOW_REDUNDANCY,Low redundancy. Independent signal sources.,intake_vs_baseline
wq101_alpha51,ma_gap_20_80,wq101,trend_ma,False,-0.091552,0.091552,-0.008174,2558,LOW_REDUNDANCY,Low redundancy. Independent signal sources.,intake_vs_baseline
wq101_alpha51,q158_kup_range,wq101,alpha158_kbar,False,-0.09099,0.09099,0.003769,661483,LOW_REDUNDANCY,Low redundancy. Independent signal sources.,intake_vs_baseline
wq101_alpha51,candle_wick_upper,wq101,intraday_candle,False,-0.090984,0.090984,0.003768,661483,LOW_REDUNDANCY,Low redundancy. Independent signal sources.,intake_vs_baseline
wq101_alpha51,volume_pressure_20h,wq101,volume_price,False,-0.090526,0.090526,-6e-05,662337,LOW_REDUNDANCY,Low redundancy. Independent signal sources.,intake_vs_baseline
wq101_alpha51,candle_wick_lower,wq101,intraday_candle,False,0.089653,0.089653,0.01176,661483,LOW_REDUNDANCY,Low redundancy. Independent signal sources.,intake_vs_baseline
wq101_alpha51,q158_klow_range,wq101,alpha158_kbar,False,0.089626,0.089626,0.011759,661483,LOW_REDUNDANCY,Low redundancy. Independent signal sources.,intake_vs_baseline
wq101_alpha24,taker_buy_ratio_20h,wq101,taker_imbalance,False,-0.089095,0.089095,-0.029383,258918,LOW_REDUNDANCY,Low redundancy. Independent signal sources.,intake_vs_baseline
wq101_alpha24,q158_kup_open,wq101,alpha158_kbar,False,0.089073,0.089073,0.030013,8490,LOW_REDUNDANCY,Low redundancy. Independent signal sources.,intake_vs_baseline
wq101_alpha51,klow_close,wq101,alpha158_ohlcv,False,0.088709,0.088709,0.007239,661483,LOW_REDUNDANCY,Low redundancy. Independent signal sources.,intake_vs_baseline
wq101_alpha49,candle_wick_lower,wq101,intraday_candle,False,0.088703,0.088703,0.011757,661483,LOW_REDUNDANCY,Low redundancy. Independent signal sources.,intake_vs_baseline
wq101_alpha49,klow_close,wq101,alpha158_ohlcv,False,0.088683,0.088683,0.007231,661483,LOW_REDUNDANCY,Low redundancy. Independent signal sources.,intake_vs_baseline
wq101_alpha49,q158_klow_range,wq101,alpha158_kbar,False,0.088678,0.088678,0.011757,661483,LOW_REDUNDANCY,Low redundancy. Independent signal sources.,intake_vs_baseline
wq101_alpha24,ksft_5h,wq101,alpha158_ohlcv,False,-0.087517,0.087517,-0.010665,8280,LOW_REDUNDANCY,Low redundancy. Independent signal sources.,intake_vs_baseline
wq101_alpha24,xs_rank_mom_accel,wq101,cross_sectional_normalized,False,-0.085753,0.085753,-0.013955,7437,LOW_REDUNDANCY,Low redundancy. Independent signal sources.,intake_vs_baseline
wq101_alpha49,qvol_ma_ratio_20_80,wq101,quote_volume_liquidity,False,-0.08419,0.08419,-0.012888,2546,LOW_REDUNDANCY,Low redundancy. Independent signal sources.,intake_vs_baseline
wq101_alpha24,q158_vsump_20h,wq101,alpha158_rolling_volume,False,0.082925,0.082925,0.006331,7648,LOW_REDUNDANCY,Low redundancy. Independent signal sources.,intake_vs_baseline
wq101_alpha46,q158_klow_range,wq101,alpha158_kbar,False,0.082644,0.082644,0.031766,661483,LOW_REDUNDANCY,Low redundancy. Independent signal sources.,intake_vs_baseline
wq101_alpha46,candle_wick_lower,wq101,intraday_candle,False,0.082638,0.082638,0.031767,661483,LOW_REDUNDANCY,Low redundancy. Independent signal sources.,intake_vs_baseline
wq101_alpha51,amihud_illiquidity_20h,wq101,liquidity,False,-0.082042,0.082042,0.005874,660052,LOW_REDUNDANCY,Low redundancy. Independent signal sources.,intake_vs_baseline
wq101_alpha23,q158_beta_20h,wq101,alpha158_rolling_regression,False,-0.081677,0.081677,-0.002607,662312,LOW_REDUNDANCY,Low redundancy. Independent signal sources.,intake_vs_baseline
wq101_alpha51,q158_klow_open,wq101,alpha158_kbar,False,0.081569,0.081569,0.007187,661483,LOW_REDUNDANCY,Low redundancy. Independent signal sources.,intake_vs_baseline
wq101_alpha49,q158_klow_open,wq101,alpha158_kbar,False,0.081441,0.081441,0.007176,661483,LOW_REDUNDANCY,Low redundancy. Independent signal sources.,intake_vs_baseline
wq101_alpha23,q158_std_5h,wq101,alpha158_rolling_price,False,-0.081389,0.081389,0.003114,661671,LOW_REDUNDANCY,Low redundancy. Independent signal sources.,intake_vs_baseline
wq101_alpha46,klow_close,wq101,alpha158_ohlcv,False,0.077669,0.077669,0.027515,661483,LOW_REDUNDANCY,Low redundancy. Independent signal sources.,intake_vs_baseline
wq101_alpha49,q158_qtld_30h,wq101,alpha158_rolling,False,0.07647,0.07647,-0.019573,428,LOW_REDUNDANCY,Low redundancy. Independent signal sources.,intake_vs_baseline
wq101_alpha24,funding_rate_change_24h,wq101,funding_rate,False,-0.07608,0.07608,0.001097,7157,LOW_REDUNDANCY,Low redundancy. Independent signal sources.,intake_vs_baseline
wq101_alpha51,q158_qtld_30h,wq101,alpha158_rolling,False,0.074537,0.074537,-0.0196,428,LOW_REDUNDANCY,Low redundancy. Independent signal sources.,intake_vs_baseline
wq101_alpha46,q158_klow_open,wq101,alpha158_kbar,False,0.074089,0.074089,0.025587,661483,LOW_REDUNDANCY,Low redundancy. Independent signal sources.,intake_vs_baseline
wq101_alpha23,taker_buy_ratio_20h,wq101,taker_imbalance,False,-0.07376,0.07376,-0.011367,268389,LOW_REDUNDANCY,Low redundancy. Independent signal sources.,intake_vs_baseline
wq101_alpha23,q158_std_20h,wq101,alpha158_rolling_price,False,0.073552,0.073552,0.00708,662312,LOW_REDUNDANCY,Low redundancy. Independent signal sources.,intake_vs_baseline
wq101_alpha24,taker_buy_delta_5h,wq101,taker_imbalance,False,-0.073432,0.073432,0.001169,8361,LOW_REDUNDANCY,Low redundancy. Independent signal sources.,intake_vs_baseline
wq101_alpha24,vol_of_vol_20h,wq101,realized_skew_kurtosis,False,0.072248,0.072248,0.023495,645299,LOW_REDUNDANCY,Low redundancy. Independent signal sources.,intake_vs_baseline
wq101_alpha46,q158_max_60h,wq101,alpha158_rolling_price,False,0.072126,0.072126,-0.025974,1706,LOW_REDUNDANCY,Low redundancy. Independent signal sources.,intake_vs_baseline
wq101_alpha24,q158_corr_20h,wq101,alpha158_rolling_volume_price,False,-0.071438,0.071438,-0.002013,643351,LOW_REDUNDANCY,Low redundancy. Independent signal sources.,intake_vs_baseline
wq101_alpha23,q158_imin_20h,wq101,alpha158_rolling_position,False,-0.071416,0.071416,-0.007618,662312,LOW_REDUNDANCY,Low redundancy. Independent signal sources.,intake_vs_baseline
wq101_alpha46,funding_rate_zscore_80h,wq101,funding_rate,False,0.071317,0.071317,0.071007,3900,LOW_REDUNDANCY,Low redundancy. Independent signal sources.,intake_vs_baseline
wq101_alpha49,amihud_illiquidity_20h,wq101,liquidity,False,-0.070857,0.070857,0.00612,660052,LOW_REDUNDANCY,Low redundancy. Independent signal sources.,intake_vs_baseline
wq101_alpha51,q158_imax_30h,wq101,alpha158_rolling_position,False,0.070511,0.070511,-0.057041,428,LOW_REDUNDANCY,Low redundancy. Independent signal sources.,intake_vs_baseline
wq101_alpha23,q158_imax_30h,wq101,alpha158_rolling_position,False,0.070473,0.070473,0.010998,661352,LOW_REDUNDANCY,Low redundancy. Independent signal sources.,intake_vs_baseline
wq101_alpha51,qvol_ma_ratio_20_80,wq101,quote_volume_liquidity,False,-0.069741,0.069741,-0.012327,2546,LOW_REDUNDANCY,Low redundancy. Independent signal sources.,intake_vs_baseline
wq101_alpha24,wq101_alpha53,wq101,wq101,True,0.069278,0.069278,0.005197,644666,LOW_REDUNDANCY,Low redundancy. Independent signal sources.,intake_vs_baseline
wq101_alpha46,q158_cntn_20h,wq101,alpha158_rolling,False,0.06799,0.06799,0.02647,662337,LOW_REDUNDANCY,Low redundancy. Independent signal sources.,intake_vs_baseline
wq101_alpha46,q158_cntd_20h,wq101,alpha158_rolling_direction,False,-0.067153,0.067153,-0.021457,662337,LOW_REDUNDANCY,Low redundancy. Independent signal sources.,intake_vs_baseline
wq101_alpha24,candle_wick_upper,wq101,intraday_candle,False,-0.066961,0.066961,-0.008039,8490,LOW_REDUNDANCY,Low redundancy. Independent signal sources.,intake_vs_baseline
wq101_alpha24,q158_kup_range,wq101,alpha158_kbar,False,-0.066833,0.066833,-0.008021,8490,LOW_REDUNDANCY,Low redundancy. Independent signal sources.,intake_vs_baseline
wq101_alpha24,taker_buy_zscore_20h,wq101,taker_imbalance,False,-0.06382,0.06382,0.000744,258918,LOW_REDUNDANCY,Low redundancy. Independent signal sources.,intake_vs_baseline
wq101_alpha46,q158_cntp_20h,wq101,alpha158_rolling,False,-0.063423,0.063423,-0.014596,662337,LOW_REDUNDANCY,Low redundancy. Independent signal sources.,intake_vs_baseline
wq101_alpha24,wq101_alpha49,wq101,wq101,True,0.063091,0.063091,0.105556,7648,LOW_REDUNDANCY,Low redundancy. Independent signal sources.,intake_vs_intake
wq101_alpha23,wq101_alpha6,wq101,wq101,True,0.062402,0.062402,0.008973,660107,LOW_REDUNDANCY,Low redundancy. Independent signal sources.,intake_vs_baseline
wq101_alpha23,tech_atr,wq101,technical,False,-0.062138,0.062138,-0.228427,662098,LOW_REDUNDANCY,Low redundancy. Independent signal sources.,intake_vs_baseline
wq101_alpha24,qvol_ma_ratio_20_80,wq101,quote_volume_liquidity,False,-0.061307,0.061307,-0.001591,645909,LOW_REDUNDANCY,Low redundancy. Independent signal sources.,intake_vs_baseline
wq101_alpha23,q158_std_30h,wq101,alpha158_rolling_price,False,0.06083,0.06083,0.0066,661352,LOW_REDUNDANCY,Low redundancy. Independent signal sources.,intake_vs_baseline
wq101_alpha24,wq101_alpha9,wq101,wq101,True,0.060545,0.060545,-0.026912,8280,LOW_REDUNDANCY,Low redundancy. Independent signal sources.,intake_vs_baseline
wq101_alpha49,q158_std_60h,wq101,alpha158_rolling_price,False,0.05993,0.05993,0.027398,1706,LOW_REDUNDANCY,Low redundancy. Independent signal sources.,intake_vs_baseline
wq101_alpha51,trend_efficiency_24h,wq101,trend_quality,False,0.059549,0.059549,0.12204,213,LOW_REDUNDANCY,Low redundancy. Independent signal sources.,intake_vs_baseline
wq101_alpha46,taker_buy_delta_5h,wq101,taker_imbalance,False,-0.059104,0.059104,0.004838,268392,LOW_REDUNDANCY,Low redundancy. Independent signal sources.,intake_vs_baseline
wq101_alpha49,taker_buy_ratio_20h,wq101,taker_imbalance,False,-0.058141,0.058141,-0.007941,336636,LOW_REDUNDANCY,Low redundancy. Independent signal sources.,intake_vs_baseline
wq101_alpha46,q158_volume_ratio_2h,wq101,alpha158_volume,False,-0.057638,0.057638,0.022813,854,LOW_REDUNDANCY,Low redundancy. Independent signal sources.,intake_vs_baseline
wq101_alpha49,q158_imax_30h,wq101,alpha158_rolling_position,False,0.057578,0.057578,-0.056866,428,LOW_REDUNDANCY,Low redundancy. Independent signal sources.,intake_vs_baseline
wq101_alpha51,taker_buy_ratio_20h,wq101,taker_imbalance,False,-0.056892,0.056892,-0.007873,336636,LOW_REDUNDANCY,Low redundancy. Independent signal sources.,intake_vs_baseline
wq101_alpha46,q158_cntn_30h,wq101,alpha158_rolling_direction,False,0.05499,0.05499,0.025176,661377,LOW_REDUNDANCY,Low redundancy. Independent signal sources.,intake_vs_baseline
wq101_alpha46,q158_cntd_30h,wq101,alpha158_rolling_direction,False,-0.054617,0.054617,-0.019325,661377,LOW_REDUNDANCY,Low redundancy. Independent signal sources.,intake_vs_baseline
wq101_alpha49,trend_efficiency_24h,wq101,trend_quality,False,0.051934,0.051934,0.130447,213,LOW_REDUNDANCY,Low redundancy. Independent signal sources.,intake_vs_baseline
wq101_alpha23,wq101_alpha53,wq101,wq101,True,0.051821,0.051821,-0.00115,661884,LOW_REDUNDANCY,Low redundancy. Independent signal sources.,intake_vs_baseline
wq101_alpha23,q158_rsqr_30h,wq101,alpha158_rolling_regression,False,0.051575,0.051575,0.003407,661264,LOW_REDUNDANCY,Low redundancy. Independent signal sources.,intake_vs_baseline
wq101_alpha46,ksft_5h,wq101,alpha158_ohlcv,False,-0.051533,0.051533,-0.056758,661696,LOW_REDUNDANCY,Low redundancy. Independent signal sources.,intake_vs_baseline
wq101_alpha46,q158_cntp_30h,wq101,alpha158_rolling_direction,False,-0.05149,0.05149,-0.011175,661377,LOW_REDUNDANCY,Low redundancy. Independent signal sources.,intake_vs_baseline
wq101_alpha51,q158_std_60h,wq101,alpha158_rolling_price,False,0.051268,0.051268,0.026304,1706,LOW_REDUNDANCY,Low redundancy. Independent signal sources.,intake_vs_baseline
wq101_alpha46,q158_sumn_20h,wq101,alpha158_rolling_direction,False,0.051132,0.051132,0.02487,662337,LOW_REDUNDANCY,Low redundancy. Independent signal sources.,intake_vs_baseline
wq101_alpha46,taker_buy_ratio_20h,wq101,taker_imbalance,False,-0.050589,0.050589,-0.028627,336636,LOW_REDUNDANCY,Low redundancy. Independent signal sources.,intake_vs_baseline
wq101_alpha23,xs_rank_vol,wq101,cross_sectional_normalized,False,0.050468,0.050468,0.031735,662312,LOW_REDUNDANCY,Low redundancy. Independent signal sources.,intake_vs_baseline
wq101_alpha49,ksft_5h,wq101,alpha158_ohlcv,False,0.050263,0.050263,-0.00444,661696,LOW_REDUNDANCY,Low redundancy. Independent signal sources.,intake_vs_baseline
wq101_alpha46,q158_kup_open,wq101,alpha158_kbar,False,-0.049055,0.049055,-0.026815,661483,LOW_REDUNDANCY,Low redundancy. Independent signal sources.,intake_vs_baseline
wq101_alpha24,trend_efficiency_24h,wq101,trend_quality,False,0.048841,0.048841,-0.006886,643564,LOW_REDUNDANCY,Low redundancy. Independent signal sources.,intake_vs_baseline
wq101_alpha51,rev_24h,wq101,reversal,False,-0.048299,0.048299,-0.013552,214,LOW_REDUNDANCY,Low redundancy. Independent signal sources.,intake_vs_baseline
wq101_alpha24,wq101_alpha51,wq101,wq101,True,0.047979,0.047979,0.10559,7648,LOW_REDUNDANCY,Low redundancy. Independent signal sources.,intake_vs_intake
wq101_alpha46,q158_sumd_20h,wq101,alpha158_rolling,False,-0.047929,0.047929,-0.019295,662337,LOW_REDUNDANCY,Low redundancy. Independent signal sources.,intake_vs_baseline
wq101_alpha24,funding_rate_zscore_80h,wq101,funding_rate,False,-0.047896,0.047896,0.000901,111951,LOW_REDUNDANCY,Low redundancy. Independent signal sources.,intake_vs_baseline
wq101_alpha46,mom_40h,wq101,momentum,False,-0.047702,0.047702,-0.018748,660419,LOW_REDUNDANCY,Low redundancy. Independent signal sources.,intake_vs_baseline
wq101_alpha46,mom_vol_adjusted_20h,wq101,momentum,False,-0.047234,0.047234,-0.018003,660563,LOW_REDUNDANCY,Low redundancy. Independent signal sources.,intake_vs_baseline
wq101_alpha51,funding_rate_zscore_80h,wq101,funding_rate,False,0.04705,0.04705,-0.027699,3900,LOW_REDUNDANCY,Low redundancy. Independent signal sources.,intake_vs_baseline
wq101_alpha51,ksft_5h,wq101,alpha158_ohlcv,False,0.046776,0.046776,-0.004446,661696,LOW_REDUNDANCY,Low redundancy. Independent signal sources.,intake_vs_baseline
wq101_alpha49,funding_rate_zscore_80h,wq101,funding_rate,False,0.046289,0.046289,-0.027844,3900,LOW_REDUNDANCY,Low redundancy. Independent signal sources.,intake_vs_baseline
wq101_alpha51,a101_volume_low_alpha_min_84_120,wq101,alpha101_curated_volume_price_regression,False,0.04628,0.04628,-0.000513,321426,LOW_REDUNDANCY,Low redundancy. Independent signal sources.,intake_vs_baseline
wq101_alpha51,q158_min_30h,wq101,alpha158_rolling_price,False,0.044848,0.044848,-0.024619,428,LOW_REDUNDANCY,Low redundancy. Independent signal sources.,intake_vs_baseline
wq101_alpha46,q158_ma_60h,wq101,alpha158_rolling_price,False,0.04415,0.04415,0.006726,1706,LOW_REDUNDANCY,Low redundancy. Independent signal sources.,intake_vs_baseline
wq101_alpha24,vol_ratio_5_20,wq101,volatility,False,0.044059,0.044059,0.009862,7612,LOW_REDUNDANCY,Low redundancy. Independent signal sources.,intake_vs_baseline
wq101_alpha46,q158_sump_20h,wq101,alpha158_rolling_direction,False,-0.044039,0.044039,-0.013071,662337,LOW_REDUNDANCY,Low redundancy. Independent signal sources.,intake_vs_baseline
wq101_alpha49,rev_24h,wq101,reversal,False,-0.042858,0.042858,-0.008909,214,LOW_REDUNDANCY,Low redundancy. Independent signal sources.,intake_vs_baseline
wq101_alpha49,q158_rsqr_30h,wq101,alpha158_rolling_regression,False,-0.042237,0.042237,0.050861,428,LOW_REDUNDANCY,Low redundancy. Independent signal sources.,intake_vs_baseline
wq101_alpha49,vol_of_vol_20h,wq101,realized_skew_kurtosis,False,0.041682,0.041682,-0.016794,214,LOW_REDUNDANCY,Low redundancy. Independent signal sources.,intake_vs_baseline
wq101_alpha23,q158_corr_20h,wq101,alpha158_rolling_volume_price,False,-0.041664,0.041664,-0.006571,660539,LOW_REDUNDANCY,Low redundancy. Independent signal sources.,intake_vs_baseline
wq101_alpha46,q158_sumd_30h,wq101,alpha158_rolling_direction,False,-0.04132,0.04132,-0.022949,661377,LOW_REDUNDANCY,Low redundancy. Independent signal sources.,intake_vs_baseline
wq101_alpha49,q158_min_30h,wq101,alpha158_rolling_price,False,0.040897,0.040897,-0.03325,428,LOW_REDUNDANCY,Low redundancy. Independent signal sources.,intake_vs_baseline
wq101_alpha23,a101_volume_low_alpha_min_84_120,wq101,alpha101_curated_volume_price_regression,False,-0.040113,0.040113,-0.001312,329372,LOW_REDUNDANCY,Low redundancy. Independent signal sources.,intake_vs_baseline
wq101_alpha23,wq101_alpha101,wq101,wq101,True,0.039952,0.039952,-0.020214,854,LOW_REDUNDANCY,Low redundancy. Independent signal sources.,intake_vs_baseline
wq101_alpha49,mom_120h,wq101,momentum,False,-0.039946,0.039946,-0.000526,652755,LOW_REDUNDANCY,Low redundancy. Independent signal sources.,intake_vs_baseline
wq101_alpha23,q158_beta_30h,wq101,alpha158_rolling_regression,False,-0.039755,0.039755,-0.001772,661352,LOW_REDUNDANCY,Low redundancy. Independent signal sources.,intake_vs_baseline
wq101_alpha23,qvol_ma_ratio_5_20,wq101,quote_volume_liquidity,False,-0.039157,0.039157,-0.013657,660539,LOW_REDUNDANCY,Low redundancy. Independent signal sources.,intake_vs_baseline
wq101_alpha51,q158_beta_30h,wq101,alpha158_rolling_regression,False,0.038637,0.038637,0.054281,428,LOW_REDUNDANCY,Low redundancy. Independent signal sources.,intake_vs_baseline
wq101_alpha24,wq101_alpha6,wq101,wq101,True,0.038628,0.038628,-0.005059,642925,LOW_REDUNDANCY,Low redundancy. Independent signal sources.,intake_vs_baseline
wq101_alpha24,vol_ratio_20_80,wq101,volatility,False,0.03862,0.03862,-0.01178,5090,LOW_REDUNDANCY,Low redundancy. Independent signal sources.,intake_vs_baseline
wq101_alpha46,q158_roc_20h,wq101,alpha158_rolling_price,False,0.038528,0.038528,0.006185,662337,LOW_REDUNDANCY,Low redundancy. Independent signal sources.,intake_vs_baseline
wq101_alpha46,mom_20h,wq101,momentum,False,-0.038528,0.038528,-0.013762,662337,LOW_REDUNDANCY,Low redundancy. Independent signal sources.,intake_vs_baseline
wq101_alpha49,a101_volume_low_alpha_min_84_120,wq101,alpha101_curated_volume_price_regression,False,0.038049,0.038049,-0.000534,321426,LOW_REDUNDANCY,Low redundancy. Independent signal sources.,intake_vs_baseline
wq101_alpha23,ma_gap_10_40,wq101,trend_ma,False,-0.037833,0.037833,-0.001774,660394,LOW_REDUNDANCY,Low redundancy. Independent signal sources.,intake_vs_baseline
wq101_alpha46,mom_120h,wq101,momentum,False,-0.037616,0.037616,-0.015552,652755,LOW_REDUNDANCY,Low redundancy. Independent signal sources.,intake_vs_baseline
wq101_alpha46,candle_wick_upper,wq101,intraday_candle,False,-0.03743,0.03743,-0.021436,661483,LOW_REDUNDANCY,Low redundancy. Independent signal sources.,intake_vs_baseline
wq101_alpha46,q158_kup_range,wq101,alpha158_kbar,False,-0.037411,0.037411,-0.021412,661483,LOW_REDUNDANCY,Low redundancy. Independent signal sources.,intake_vs_baseline
wq101_alpha51,mom_120h,wq101,momentum,False,-0.037291,0.037291,-0.000474,652755,LOW_REDUNDANCY,Low redundancy. Independent signal sources.,intake_vs_baseline
wq101_alpha24,q158_low_close_0h,wq101,alpha158_price,False,-0.0371,0.0371,-0.037537,8490,LOW_REDUNDANCY,Low redundancy. Independent signal sources.,intake_vs_baseline
wq101_alpha23,a101_volume_high_alpha_min_84_84,wq101,alpha101_curated_volume_price_regression,False,-0.036415,0.036415,-0.001234,321818,LOW_REDUNDANCY,Low redundancy. Independent signal sources.,intake_vs_baseline
wq101_alpha23,q158_std_60h,wq101,alpha158_rolling_price,False,0.036273,0.036273,0.005748,658478,LOW_REDUNDANCY,Low redundancy. Independent signal sources.,intake_vs_baseline
wq101_alpha51,q158_rsqr_30h,wq101,alpha158_rolling_regression,False,-0.03448,0.03448,0.069062,428,LOW_REDUNDANCY,Low redundancy. Independent signal sources.,intake_vs_baseline
wq101_alpha46,q158_min_60h,wq101,alpha158_rolling_price,False,0.033483,0.033483,0.004365,1706,LOW_REDUNDANCY,Low redundancy. Independent signal sources.,intake_vs_baseline
wq101_alpha49,ema_12_26_gap,wq101,technical_indicators,False,-0.032967,0.032967,-0.000999,661483,LOW_REDUNDANCY,Low redundancy. Independent signal sources.,intake_vs_baseline
wq101_alpha49,q158_beta_30h,wq101,alpha158_rolling_regression,False,0.032187,0.032187,0.046817,428,LOW_REDUNDANCY,Low redundancy. Independent signal sources.,intake_vs_baseline
wq101_alpha49,vol_ret_corr_20h,wq101,alpha158_ohlcv,False,-0.032067,0.032067,-0.004429,660563,LOW_REDUNDANCY,Low redundancy. Independent signal sources.,intake_vs_baseline
wq101_alpha24,q158_rsqr_20h,wq101,alpha158_rolling_regression,False,0.031601,0.031601,-0.002353,645088,LOW_REDUNDANCY,Low redundancy. Independent signal sources.,intake_vs_baseline
wq101_alpha51,vol_ret_corr_20h,wq101,alpha158_ohlcv,False,-0.031161,0.031161,-0.004355,660563,LOW_REDUNDANCY,Low redundancy. Independent signal sources.,intake_vs_baseline
wq101_alpha23,vol_of_vol_20h,wq101,realized_skew_kurtosis,False,0.03097,0.03097,0.007615,661832,LOW_REDUNDANCY,Low redundancy. Independent signal sources.,intake_vs_baseline
wq101_alpha51,ema_12_26_gap,wq101,technical_indicators,False,-0.030903,0.030903,-0.000979,661483,LOW_REDUNDANCY,Low redundancy. Independent signal sources.,intake_vs_baseline
wq101_alpha46,ma_gap_10_40,wq101,trend_ma,False,0.029901,0.029901,0.046525,854,LOW_REDUNDANCY,Low redundancy. Independent signal sources.,intake_vs_baseline
wq101_alpha49,q158_cord_20h,wq101,alpha158_rolling_volume_price,False,-0.029295,0.029295,-0.003888,660052,LOW_REDUNDANCY,Low redundancy. Independent signal sources.,intake_vs_baseline
wq101_alpha23,rev_10h,wq101,reversal,False,-0.028698,0.028698,0.04248,428,LOW_REDUNDANCY,Low redundancy. Independent signal sources.,intake_vs_baseline
wq101_alpha23,mom_10h,wq101,momentum,False,0.028698,0.028698,-0.04248,428,LOW_REDUNDANCY,Low redundancy. Independent signal sources.,intake_vs_baseline
wq101_alpha51,q158_cord_20h,wq101,alpha158_rolling_volume_price,False,-0.028168,0.028168,-0.003802,660052,LOW_REDUNDANCY,Low redundancy. Independent signal sources.,intake_vs_baseline
wq101_alpha23,a101_volume_xs_z_mean_neg_112h,wq101,alpha101_curated_volume_crowding,False,-0.027535,0.027535,-0.002328,323878,LOW_REDUNDANCY,Low redundancy. Independent signal sources.,intake_vs_baseline
wq101_alpha49,price_volume_corr_20h,wq101,volume_price,False,-0.027404,0.027404,-0.003729,660052,LOW_REDUNDANCY,Low redundancy. Independent signal sources.,intake_vs_baseline
wq101_alpha46,price_volume_corr_20h,wq101,volume_price,False,0.027283,0.027283,0.023486,660052,LOW_REDUNDANCY,Low redundancy. Independent signal sources.,intake_vs_baseline
wq101_alpha49,downside_vol_20h,wq101,realized_skew_kurtosis,False,0.026662,0.026662,0.007264,662337,LOW_REDUNDANCY,Low redundancy. Independent signal sources.,intake_vs_baseline
wq101_alpha24,q158_rsqr_30h,wq101,alpha158_rolling_regression,False,0.026538,0.026538,-0.005004,645422,LOW_REDUNDANCY,Low redundancy. Independent signal sources.,intake_vs_baseline
wq101_alpha51,downside_vol_20h,wq101,realized_skew_kurtosis,False,0.026477,0.026477,0.007271,662337,LOW_REDUNDANCY,Low redundancy. Independent signal sources.,intake_vs_baseline
wq101_alpha51,price_volume_corr_20h,wq101,volume_price,False,-0.026156,0.026156,-0.003632,660052,LOW_REDUNDANCY,Low redundancy. Independent signal sources.,intake_vs_baseline
wq101_alpha46,q158_cord_20h,wq101,alpha158_rolling_volume_price,False,0.025896,0.025896,0.022789,660052,LOW_REDUNDANCY,Low redundancy. Independent signal sources.,intake_vs_baseline
wq101_alpha46,amihud_illiquidity_20h,wq101,liquidity,False,0.025483,0.025483,0.012911,660052,LOW_REDUNDANCY,Low redundancy. Independent signal sources.,intake_vs_baseline
wq101_alpha46,q158_rsqr_30h,wq101,alpha158_rolling_regression,False,-0.025197,0.025197,0.027627,428,LOW_REDUNDANCY,Low redundancy. Independent signal sources.,intake_vs_baseline
wq101_alpha46,funding_rate_level_20h,wq101,funding_rate,False,0.024774,0.024774,-0.003762,530451,LOW_REDUNDANCY,Low redundancy. Independent signal sources.,intake_vs_baseline
wq101_alpha23,qvol_ma_ratio_20_80,wq101,quote_volume_liquidity,False,0.024023,0.024023,-0.002756,654837,LOW_REDUNDANCY,Low redundancy. Independent signal sources.,intake_vs_baseline
wq101_alpha46,downside_vol_20h,wq101,realized_skew_kurtosis,False,0.02297,0.02297,0.010861,662337,LOW_REDUNDANCY,Low redundancy. Independent signal sources.,intake_vs_baseline
wq101_alpha51,vol_of_vol_20h,wq101,realized_skew_kurtosis,False,0.022319,0.022319,-0.027736,214,LOW_REDUNDANCY,Low redundancy. Independent signal sources.,intake_vs_baseline
wq101_alpha49,ma_gap_10_40,wq101,trend_ma,False,-0.021914,0.021914,-0.017931,854,LOW_REDUNDANCY,Low redundancy. Independent signal sources.,intake_vs_baseline
wq101_alpha24,q158_volume_ratio_4h,wq101,alpha158_volume,False,-0.021537,0.021537,9.9e-05,644456,LOW_REDUNDANCY,Low redundancy. Independent signal sources.,intake_vs_baseline
wq101_alpha46,trend_efficiency_24h,wq101,trend_quality,False,0.021226,0.021226,-0.004195,213,LOW_REDUNDANCY,Low redundancy. Independent signal sources.,intake_vs_baseline
wq101_alpha46,volume_pressure_20h,wq101,volume_price,False,-0.021107,0.021107,0.000794,662337,LOW_REDUNDANCY,Low redundancy. Independent signal sources.,intake_vs_baseline
wq101_alpha24,vol_zscore_20h,wq101,volume_liquidity,False,0.020711,0.020711,0.000617,643351,LOW_REDUNDANCY,Low redundancy. Independent signal sources.,intake_vs_baseline
wq101_alpha24,realized_kurt_20h,wq101,realized_shape,False,0.020519,0.020519,0.008361,7648,LOW_REDUNDANCY,Low redundancy. Independent signal sources.,intake_vs_baseline
wq101_alpha46,a101_volume_low_alpha_min_84_120,wq101,alpha101_curated_volume_price_regression,False,-0.018791,0.018791,-0.000701,321426,LOW_REDUNDANCY,Low redundancy. Independent signal sources.,intake_vs_baseline
wq101_alpha46,vol_ret_corr_20h,wq101,alpha158_ohlcv,False,0.018738,0.018738,0.016067,660563,LOW_REDUNDANCY,Low redundancy. Independent signal sources.,intake_vs_baseline
wq101_alpha24,wq101_alpha41,wq101,wq101,True,-0.018703,0.018703,-0.101889,8450,LOW_REDUNDANCY,Low redundancy. Independent signal sources.,intake_vs_baseline
wq101_alpha23,q158_kmid_range,wq101,alpha158_kbar,False,0.018658,0.018658,-0.01077,854,LOW_REDUNDANCY,Low redundancy. Independent signal sources.,intake_vs_baseline
wq101_alpha23,candle_body,wq101,intraday_candle,False,0.018651,0.018651,-0.010772,854,LOW_REDUNDANCY,Low redundancy. Independent signal sources.,intake_vs_baseline
wq101_alpha23,a101_vol_xs_z_product_112h,wq101,alpha101_curated_volume_regime,False,-0.01821,0.01821,6.4e-05,323878,LOW_REDUNDANCY,Low redundancy. Independent signal sources.,intake_vs_baseline
wq101_alpha24,funding_rate_level_20h,wq101,funding_rate,False,0.016997,0.016997,-0.004952,7356,LOW_REDUNDANCY,Low redundancy. Independent signal sources.,intake_vs_baseline
wq101_alpha24,q158_vma_20h,wq101,alpha158_rolling_volume,False,-0.016966,0.016966,0.000186,645088,LOW_REDUNDANCY,Low redundancy. Independent signal sources.,intake_vs_baseline
wq101_alpha51,q158_klen_open,wq101,alpha158_kbar,False,-0.01692,0.01692,0.000392,661483,LOW_REDUNDANCY,Low redundancy. Independent signal sources.,intake_vs_baseline
wq101_alpha51,realized_kurt_20h,wq101,realized_shape,False,0.016434,0.016434,-0.001816,662337,LOW_REDUNDANCY,Low redundancy. Independent signal sources.,intake_vs_baseline
wq101_alpha49,q158_klen_open,wq101,alpha158_kbar,False,-0.016061,0.016061,0.000419,661483,LOW_REDUNDANCY,Low redundancy. Independent signal sources.,intake_vs_baseline
wq101_alpha51,ma_gap_10_40,wq101,trend_ma,False,-0.016034,0.016034,-0.014738,854,LOW_REDUNDANCY,Low redundancy. Independent signal sources.,intake_vs_baseline
wq101_alpha46,q158_vsumn_20h,wq101,alpha158_rolling_volume,False,0.015753,0.015753,0.018486,662337,LOW_REDUNDANCY,Low redundancy. Independent signal sources.,intake_vs_baseline
wq101_alpha46,funding_rate_change_24h,wq101,funding_rate,False,0.015725,0.015725,0.005576,530203,LOW_REDUNDANCY,Low redundancy. Independent signal sources.,intake_vs_baseline
wq101_alpha23,funding_rate_zscore_80h,wq101,funding_rate,False,-0.015709,0.015709,0.000916,113084,LOW_REDUNDANCY,Low redundancy. Independent signal sources.,intake_vs_baseline
wq101_alpha49,realized_kurt_20h,wq101,realized_shape,False,0.015468,0.015468,-0.00186,662337,LOW_REDUNDANCY,Low redundancy. Independent signal sources.,intake_vs_baseline
wq101_alpha51,funding_rate_level_20h,wq101,funding_rate,False,0.015181,0.015181,-0.001849,530451,LOW_REDUNDANCY,Low redundancy. Independent signal sources.,intake_vs_baseline
wq101_alpha24,candle_wick_lower,wq101,intraday_candle,False,-0.014983,0.014983,0.004062,8490,LOW_REDUNDANCY,Low redundancy. Independent signal sources.,intake_vs_baseline
wq101_alpha24,q158_klow_range,wq101,alpha158_kbar,False,-0.014835,0.014835,0.004079,8490,LOW_REDUNDANCY,Low redundancy. Independent signal sources.,intake_vs_baseline
wq101_alpha46,ema_12_26_gap,wq101,technical_indicators,False,-0.014307,0.014307,-0.011559,661483,LOW_REDUNDANCY,Low redundancy. Independent signal sources.,intake_vs_baseline
wq101_alpha46,vol_ratio_5_20,wq101,volatility,False,-0.012892,0.012892,-0.009008,660563,LOW_REDUNDANCY,Low redundancy. Independent signal sources.,intake_vs_baseline
wq101_alpha46,q158_vsumd_20h,wq101,alpha158_rolling_volume,False,-0.012337,0.012337,-0.006899,662337,LOW_REDUNDANCY,Low redundancy. Independent signal sources.,intake_vs_baseline
wq101_alpha23,trend_efficiency_24h,wq101,trend_quality,False,-0.011937,0.011937,-0.00838,660063,LOW_REDUNDANCY,Low redundancy. Independent signal sources.,intake_vs_baseline
wq101_alpha51,q158_wvma_20h,wq101,alpha158_rolling_volume,False,0.011125,0.011125,-0.004312,662337,LOW_REDUNDANCY,Low redundancy. Independent signal sources.,intake_vs_baseline
wq101_alpha49,funding_rate_level_20h,wq101,funding_rate,False,0.011041,0.011041,-0.001815,530451,LOW_REDUNDANCY,Low redundancy. Independent signal sources.,intake_vs_baseline
wq101_alpha49,q158_wvma_20h,wq101,alpha158_rolling_volume,False,0.010863,0.010863,-0.004371,662337,LOW_REDUNDANCY,Low redundancy. Independent signal sources.,intake_vs_baseline
wq101_alpha46,vol_40h,wq101,volatility,False,0.010475,0.010475,0.005131,660419,LOW_REDUNDANCY,Low redundancy. Independent signal sources.,intake_vs_baseline
wq101_alpha49,vol_5h,wq101,volatility,False,-0.010453,0.010453,0.002877,661696,LOW_REDUNDANCY,Low redundancy. Independent signal sources.,intake_vs_baseline
wq101_alpha46,realized_skew_20h,wq101,realized_shape,False,0.009874,0.009874,0.000917,662337,LOW_REDUNDANCY,Low redundancy. Independent signal sources.,intake_vs_baseline
wq101_alpha49,vol_40h,wq101,volatility,False,-0.009846,0.009846,0.006426,660419,LOW_REDUNDANCY,Low redundancy. Independent signal sources.,intake_vs_baseline
wq101_alpha51,vol_40h,wq101,volatility,False,-0.009817,0.009817,0.006435,660419,LOW_REDUNDANCY,Low redundancy. Independent signal sources.,intake_vs_baseline
wq101_alpha51,vol_5h,wq101,volatility,False,-0.009681,0.009681,0.002887,661696,LOW_REDUNDANCY,Low redundancy. Independent signal sources.,intake_vs_baseline
wq101_alpha24,qvol_zscore_20h,wq101,quote_volume_liquidity,False,0.009538,0.009538,0.000164,643351,LOW_REDUNDANCY,Low redundancy. Independent signal sources.,intake_vs_baseline
wq101_alpha46,realized_kurt_20h,wq101,realized_shape,False,0.009443,0.009443,-7.4e-05,662337,LOW_REDUNDANCY,Low redundancy. Independent signal sources.,intake_vs_baseline
wq101_alpha46,volatility_20h,wq101,volatility,False,0.009321,0.009321,0.006745,662337,LOW_REDUNDANCY,Low redundancy. Independent signal sources.,intake_vs_baseline
wq101_alpha49,volatility_20h,wq101,volatility,False,-0.008948,0.008948,0.005347,662337,LOW_REDUNDANCY,Low redundancy. Independent signal sources.,intake_vs_baseline
wq101_alpha49,q158_vsump_20h,wq101,alpha158_rolling_volume,False,0.008779,0.008779,-0.008872,662337,LOW_REDUNDANCY,Low redundancy. Independent signal sources.,intake_vs_baseline
wq101_alpha46,q158_vsump_20h,wq101,alpha158_rolling_volume,False,-0.008663,0.008663,0.005693,662337,LOW_REDUNDANCY,Low redundancy. Independent signal sources.,intake_vs_baseline
wq101_alpha49,q158_vsumd_20h,wq101,alpha158_rolling_volume,False,0.008469,0.008469,-0.009344,662337,LOW_REDUNDANCY,Low redundancy. Independent signal sources.,intake_vs_baseline
wq101_alpha46,q158_klen_open,wq101,alpha158_kbar,False,-0.008456,0.008456,-0.00778,661483,LOW_REDUNDANCY,Low redundancy. Independent signal sources.,intake_vs_baseline
wq101_alpha51,q158_vsump_20h,wq101,alpha158_rolling_volume,False,0.008364,0.008364,-0.00883,662337,LOW_REDUNDANCY,Low redundancy. Independent signal sources.,intake_vs_baseline
wq101_alpha49,q158_vsumn_20h,wq101,alpha158_rolling_volume,False,-0.008114,0.008114,0.008481,662337,LOW_REDUNDANCY,Low redundancy. Independent signal sources.,intake_vs_baseline
wq101_alpha51,volatility_20h,wq101,volatility,False,-0.008033,0.008033,0.005389,662337,LOW_REDUNDANCY,Low redundancy. Independent signal sources.,intake_vs_baseline
wq101_alpha51,q158_vsumd_20h,wq101,alpha158_rolling_volume,False,0.007979,0.007979,-0.00931,662337,LOW_REDUNDANCY,Low redundancy. Independent signal sources.,intake_vs_baseline
wq101_alpha23,ma_gap_20_80,wq101,trend_ma,False,-0.007647,0.007647,-0.001336,656562,LOW_REDUNDANCY,Low redundancy. Independent signal sources.,intake_vs_baseline
wq101_alpha51,q158_vsumn_20h,wq101,alpha158_rolling_volume,False,-0.007554,0.007554,0.00846,662337,LOW_REDUNDANCY,Low redundancy. Independent signal sources.,intake_vs_baseline
wq101_alpha51,q158_high_low_range,wq101,alpha158,False,-0.007217,0.007217,0.001873,661483,LOW_REDUNDANCY,Low redundancy. Independent signal sources.,intake_vs_baseline
wq101_alpha51,range_1h,wq101,range_position,False,-0.007217,0.007217,0.001873,661483,LOW_REDUNDANCY,Low redundancy. Independent signal sources.,intake_vs_baseline
wq101_alpha51,realized_skew_20h,wq101,realized_shape,False,0.006635,0.006635,-0.00435,662337,LOW_REDUNDANCY,Low redundancy. Independent signal sources.,intake_vs_baseline
wq101_alpha23,q158_std_10h,wq101,alpha158_rolling_price,False,0.006358,0.006358,0.006348,661884,LOW_REDUNDANCY,Low redundancy. Independent signal sources.,intake_vs_baseline
wq101_alpha49,realized_skew_20h,wq101,realized_shape,False,0.006351,0.006351,-0.004439,662337,LOW_REDUNDANCY,Low redundancy. Independent signal sources.,intake_vs_baseline
wq101_alpha49,q158_high_low_range,wq101,alpha158,False,-0.006205,0.006205,0.001907,661483,LOW_REDUNDANCY,Low redundancy. Independent signal sources.,intake_vs_baseline
wq101_alpha49,range_1h,wq101,range_position,False,-0.006205,0.006205,0.001907,661483,LOW_REDUNDANCY,Low redundancy. Independent signal sources.,intake_vs_baseline
wq101_alpha46,q158_wvma_20h,wq101,alpha158_rolling_volume,False,-0.005638,0.005638,-0.009453,662337,LOW_REDUNDANCY,Low redundancy. Independent signal sources.,intake_vs_baseline
wq101_alpha46,q158_std_30h,wq101,alpha158_rolling_price,False,0.005515,0.005515,-0.028275,428,LOW_REDUNDANCY,Low redundancy. Independent signal sources.,intake_vs_baseline
wq101_alpha49,funding_rate_change_24h,wq101,funding_rate,False,-0.005422,0.005422,3.9e-05,530203,LOW_REDUNDANCY,Low redundancy. Independent signal sources.,intake_vs_baseline
wq101_alpha46,vol_5h,wq101,volatility,False,0.004925,0.004925,-0.005884,661696,LOW_REDUNDANCY,Low redundancy. Independent signal sources.,intake_vs_baseline
wq101_alpha46,vol_ratio_20_80,wq101,volatility,False,-0.004878,0.004878,-0.004068,654861,LOW_REDUNDANCY,Low redundancy. Independent signal sources.,intake_vs_baseline
wq101_alpha51,funding_rate_change_24h,wq101,funding_rate,False,-0.004717,0.004717,2.3e-05,530203,LOW_REDUNDANCY,Low redundancy. Independent signal sources.,intake_vs_baseline
wq101_alpha46,q158_high_low_range,wq101,alpha158,False,-0.003938,0.003938,-0.001508,661483,LOW_REDUNDANCY,Low redundancy. Independent signal sources.,intake_vs_baseline
wq101_alpha46,range_1h,wq101,range_position,False,-0.003938,0.003938,-0.001508,661483,LOW_REDUNDANCY,Low redundancy. Independent signal sources.,intake_vs_baseline
wq101_alpha24,q158_vstd_20h,wq101,alpha158_rolling_volume,False,0.003605,0.003605,0.000207,645088,LOW_REDUNDANCY,Low redundancy. Independent signal sources.,intake_vs_baseline
wq101_alpha46,q158_beta_30h,wq101,alpha158_rolling_regression,False,0.003357,0.003357,0.036352,428,LOW_REDUNDANCY,Low redundancy. Independent signal sources.,intake_vs_baseline
wq101_alpha51,vol_ratio_5_20,wq101,volatility,False,-0.003104,0.003104,-0.004004,660563,LOW_REDUNDANCY,Low redundancy. Independent signal sources.,intake_vs_baseline
wq101_alpha51,vol_ratio_20_80,wq101,volatility,False,0.003028,0.003028,-0.004547,654861,LOW_REDUNDANCY,Low redundancy. Independent signal sources.,intake_vs_baseline
wq101_alpha49,vol_ratio_5_20,wq101,volatility,False,-0.002754,0.002754,-0.004034,660563,LOW_REDUNDANCY,Low redundancy. Independent signal sources.,intake_vs_baseline
wq101_alpha49,wvma_20h,wq101,alpha158_ohlcv,False,-0.002548,0.002548,0.00056,660563,LOW_REDUNDANCY,Low redundancy. Independent signal sources.,intake_vs_baseline
wq101_alpha51,wvma_20h,wq101,alpha158_ohlcv,False,-0.001857,0.001857,0.000586,660563,LOW_REDUNDANCY,Low redundancy. Independent signal sources.,intake_vs_baseline
wq101_alpha24,qvol_ma_ratio_5_20,wq101,quote_volume_liquidity,False,-0.001261,0.001261,0.000901,643351,LOW_REDUNDANCY,Low redundancy. Independent signal sources.,intake_vs_baseline
wq101_alpha46,wvma_20h,wq101,alpha158_ohlcv,False,-0.000797,0.000797,-0.00613,660563,LOW_REDUNDANCY,Low redundancy. Independent signal sources.,intake_vs_baseline
wq101_alpha24,range_breakout_vol_confirm_20h,wq101,breakout,False,-0.000643,0.000643,0.003363,21173,LOW_REDUNDANCY,Low redundancy. Independent signal sources.,intake_vs_baseline
wq101_alpha46,q158_std_60h,wq101,alpha158_rolling_price,False,-0.000561,0.000561,0.007804,1706,LOW_REDUNDANCY,Low redundancy. Independent signal sources.,intake_vs_baseline
wq101_alpha49,vol_ratio_20_80,wq101,volatility,False,0.000198,0.000198,-0.004671,654861,LOW_REDUNDANCY,Low redundancy. Independent signal sources.,intake_vs_baseline
wq101_alpha23,wq101_alpha46,wq101,wq101,True,,,,0,INSUFFICIENT_DATA,Insufficient pairwise observations.,intake_vs_intake
wq101_alpha23,wq101_alpha49,wq101,wq101,True,,,,0,INSUFFICIENT_DATA,Insufficient pairwise observations.,intake_vs_intake
wq101_alpha23,wq101_alpha51,wq101,wq101,True,,,,0,INSUFFICIENT_DATA,Insufficient pairwise observations.,intake_vs_intake
wq101_alpha23,mom_20h,wq101,momentum,False,,,,0,INSUFFICIENT_DATA,Insufficient pairwise observations.,intake_vs_baseline
wq101_alpha23,volatility_20h,wq101,volatility,False,,,,0,INSUFFICIENT_DATA,Insufficient pairwise observations.,intake_vs_baseline
wq101_alpha46,rsi_14h,wq101,technical,False,,,,0,INSUFFICIENT_DATA,Insufficient pairwise observations.,intake_vs_baseline
wq101_alpha49,rsi_14h,wq101,technical,False,,,,0,INSUFFICIENT_DATA,Insufficient pairwise observations.,intake_vs_baseline
wq101_alpha51,rsi_14h,wq101,technical,False,,,,0,INSUFFICIENT_DATA,Insufficient pairwise observations.,intake_vs_baseline
wq101_alpha46,bb_zscore_20h,wq101,technical,False,,,,0,INSUFFICIENT_DATA,Insufficient pairwise observations.,intake_vs_baseline
wq101_alpha49,bb_zscore_20h,wq101,technical,False,,,,0,INSUFFICIENT_DATA,Insufficient pairwise observations.,intake_vs_baseline
wq101_alpha51,bb_zscore_20h,wq101,technical,False,,,,0,INSUFFICIENT_DATA,Insufficient pairwise observations.,intake_vs_baseline
wq101_alpha23,wq101_alpha12,wq101,wq101,True,,,,0,INSUFFICIENT_DATA,Insufficient pairwise observations.,intake_vs_baseline
wq101_alpha24,wq101_alpha12,wq101,wq101,True,,,,0,INSUFFICIENT_DATA,Insufficient pairwise observations.,intake_vs_baseline
wq101_alpha46,wq101_alpha12,wq101,wq101,True,,,,0,INSUFFICIENT_DATA,Insufficient pairwise observations.,intake_vs_baseline
wq101_alpha49,wq101_alpha12,wq101,wq101,True,,,,0,INSUFFICIENT_DATA,Insufficient pairwise observations.,intake_vs_baseline
wq101_alpha51,wq101_alpha12,wq101,wq101,True,,,,0,INSUFFICIENT_DATA,Insufficient pairwise observations.,intake_vs_baseline
wq101_alpha46,wq101_alpha53,wq101,wq101,True,,,,0,INSUFFICIENT_DATA,Insufficient pairwise observations.,intake_vs_baseline
wq101_alpha49,wq101_alpha53,wq101,wq101,True,,,,0,INSUFFICIENT_DATA,Insufficient pairwise observations.,intake_vs_baseline
wq101_alpha51,wq101_alpha53,wq101,wq101,True,,,,0,INSUFFICIENT_DATA,Insufficient pairwise observations.,intake_vs_baseline
wq101_alpha46,wq101_alpha6,wq101,wq101,True,,,,0,INSUFFICIENT_DATA,Insufficient pairwise observations.,intake_vs_baseline
wq101_alpha49,wq101_alpha6,wq101,wq101,True,,,,0,INSUFFICIENT_DATA,Insufficient pairwise observations.,intake_vs_baseline
wq101_alpha51,wq101_alpha6,wq101,wq101,True,,,,0,INSUFFICIENT_DATA,Insufficient pairwise observations.,intake_vs_baseline
wq101_alpha46,wq101_alpha21,wq101,wq101,True,,,,0,INSUFFICIENT_DATA,Insufficient pairwise observations.,intake_vs_baseline
wq101_alpha49,wq101_alpha21,wq101,wq101,True,,,,0,INSUFFICIENT_DATA,Insufficient pairwise observations.,intake_vs_baseline
wq101_alpha51,wq101_alpha21,wq101,wq101,True,,,,0,INSUFFICIENT_DATA,Insufficient pairwise observations.,intake_vs_baseline
wq101_alpha46,q158_rsv_20h,wq101,alpha158_rolling,False,,,,0,INSUFFICIENT_DATA,Insufficient pairwise observations.,intake_vs_baseline
wq101_alpha49,q158_rsv_20h,wq101,alpha158_rolling,False,,,,0,INSUFFICIENT_DATA,Insufficient pairwise observations.,intake_vs_baseline
wq101_alpha51,q158_rsv_20h,wq101,alpha158_rolling,False,,,,0,INSUFFICIENT_DATA,Insufficient pairwise observations.,intake_vs_baseline
wq101_alpha23,q158_open_close_1h,wq101,alpha158_price,False,,,,0,INSUFFICIENT_DATA,Insufficient pairwise observations.,intake_vs_baseline
wq101_alpha24,q158_open_close_1h,wq101,alpha158_price,False,,,,0,INSUFFICIENT_DATA,Insufficient pairwise observations.,intake_vs_baseline
wq101_alpha46,q158_open_close_1h,wq101,alpha158_price,False,,,,0,INSUFFICIENT_DATA,Insufficient pairwise observations.,intake_vs_baseline
wq101_alpha49,q158_open_close_1h,wq101,alpha158_price,False,,,,0,INSUFFICIENT_DATA,Insufficient pairwise observations.,intake_vs_baseline
wq101_alpha51,q158_open_close_1h,wq101,alpha158_price,False,,,,0,INSUFFICIENT_DATA,Insufficient pairwise observations.,intake_vs_baseline
wq101_alpha23,q158_high_close_1h,wq101,alpha158_price,False,,,,0,INSUFFICIENT_DATA,Insufficient pairwise observations.,intake_vs_baseline
wq101_alpha24,q158_high_close_1h,wq101,alpha158_price,False,,,,0,INSUFFICIENT_DATA,Insufficient pairwise observations.,intake_vs_baseline
wq101_alpha46,q158_high_close_1h,wq101,alpha158_price,False,,,,0,INSUFFICIENT_DATA,Insufficient pairwise observations.,intake_vs_baseline
wq101_alpha49,q158_high_close_1h,wq101,alpha158_price,False,,,,0,INSUFFICIENT_DATA,Insufficient pairwise observations.,intake_vs_baseline
wq101_alpha51,q158_high_close_1h,wq101,alpha158_price,False,,,,0,INSUFFICIENT_DATA,Insufficient pairwise observations.,intake_vs_baseline
wq101_alpha23,q158_low_close_1h,wq101,alpha158_price,False,,,,0,INSUFFICIENT_DATA,Insufficient pairwise observations.,intake_vs_baseline
wq101_alpha24,q158_low_close_1h,wq101,alpha158_price,False,,,,0,INSUFFICIENT_DATA,Insufficient pairwise observations.,intake_vs_baseline
wq101_alpha46,q158_low_close_1h,wq101,alpha158_price,False,,,,0,INSUFFICIENT_DATA,Insufficient pairwise observations.,intake_vs_baseline
wq101_alpha49,q158_low_close_1h,wq101,alpha158_price,False,,,,0,INSUFFICIENT_DATA,Insufficient pairwise observations.,intake_vs_baseline
wq101_alpha51,q158_low_close_1h,wq101,alpha158_price,False,,,,0,INSUFFICIENT_DATA,Insufficient pairwise observations.,intake_vs_baseline
wq101_alpha23,q158_open_close_2h,wq101,alpha158_price,False,,,,0,INSUFFICIENT_DATA,Insufficient pairwise observations.,intake_vs_baseline
wq101_alpha24,q158_open_close_2h,wq101,alpha158_price,False,,,,0,INSUFFICIENT_DATA,Insufficient pairwise observations.,intake_vs_baseline
wq101_alpha23,q158_high_close_2h,wq101,alpha158_price,False,,,,0,INSUFFICIENT_DATA,Insufficient pairwise observations.,intake_vs_baseline
wq101_alpha24,q158_high_close_2h,wq101,alpha158_price,False,,,,0,INSUFFICIENT_DATA,Insufficient pairwise observations.,intake_vs_baseline
wq101_alpha23,q158_low_close_2h,wq101,alpha158_price,False,,,,0,INSUFFICIENT_DATA,Insufficient pairwise observations.,intake_vs_baseline
wq101_alpha24,q158_low_close_2h,wq101,alpha158_price,False,,,,0,INSUFFICIENT_DATA,Insufficient pairwise observations.,intake_vs_baseline
wq101_alpha23,q158_open_close_3h,wq101,alpha158_price,False,,,,0,INSUFFICIENT_DATA,Insufficient pairwise observations.,intake_vs_baseline
wq101_alpha24,q158_open_close_3h,wq101,alpha158_price,False,,,,0,INSUFFICIENT_DATA,Insufficient pairwise observations.,intake_vs_baseline
wq101_alpha46,q158_open_close_3h,wq101,alpha158_price,False,,,,0,INSUFFICIENT_DATA,Insufficient pairwise observations.,intake_vs_baseline
wq101_alpha49,q158_open_close_3h,wq101,alpha158_price,False,,,,0,INSUFFICIENT_DATA,Insufficient pairwise observations.,intake_vs_baseline
wq101_alpha51,q158_open_close_3h,wq101,alpha158_price,False,,,,0,INSUFFICIENT_DATA,Insufficient pairwise observations.,intake_vs_baseline
wq101_alpha23,q158_high_close_3h,wq101,alpha158_price,False,,,,0,INSUFFICIENT_DATA,Insufficient pairwise observations.,intake_vs_baseline
wq101_alpha24,q158_high_close_3h,wq101,alpha158_price,False,,,,0,INSUFFICIENT_DATA,Insufficient pairwise observations.,intake_vs_baseline
wq101_alpha46,q158_high_close_3h,wq101,alpha158_price,False,,,,0,INSUFFICIENT_DATA,Insufficient pairwise observations.,intake_vs_baseline
wq101_alpha49,q158_high_close_3h,wq101,alpha158_price,False,,,,0,INSUFFICIENT_DATA,Insufficient pairwise observations.,intake_vs_baseline
wq101_alpha51,q158_high_close_3h,wq101,alpha158_price,False,,,,0,INSUFFICIENT_DATA,Insufficient pairwise observations.,intake_vs_baseline
wq101_alpha23,q158_low_close_3h,wq101,alpha158_price,False,,,,0,INSUFFICIENT_DATA,Insufficient pairwise observations.,intake_vs_baseline
wq101_alpha24,q158_low_close_3h,wq101,alpha158_price,False,,,,0,INSUFFICIENT_DATA,Insufficient pairwise observations.,intake_vs_baseline
wq101_alpha46,q158_low_close_3h,wq101,alpha158_price,False,,,,0,INSUFFICIENT_DATA,Insufficient pairwise observations.,intake_vs_baseline
wq101_alpha49,q158_low_close_3h,wq101,alpha158_price,False,,,,0,INSUFFICIENT_DATA,Insufficient pairwise observations.,intake_vs_baseline
wq101_alpha51,q158_low_close_3h,wq101,alpha158_price,False,,,,0,INSUFFICIENT_DATA,Insufficient pairwise observations.,intake_vs_baseline
wq101_alpha46,q158_open_close_4h,wq101,alpha158_price,False,,,,0,INSUFFICIENT_DATA,Insufficient pairwise observations.,intake_vs_baseline
wq101_alpha49,q158_open_close_4h,wq101,alpha158_price,False,,,,0,INSUFFICIENT_DATA,Insufficient pairwise observations.,intake_vs_baseline
wq101_alpha51,q158_open_close_4h,wq101,alpha158_price,False,,,,0,INSUFFICIENT_DATA,Insufficient pairwise observations.,intake_vs_baseline
wq101_alpha46,q158_high_close_4h,wq101,alpha158_price,False,,,,0,INSUFFICIENT_DATA,Insufficient pairwise observations.,intake_vs_baseline
wq101_alpha49,q158_high_close_4h,wq101,alpha158_price,False,,,,0,INSUFFICIENT_DATA,Insufficient pairwise observations.,intake_vs_baseline
wq101_alpha51,q158_high_close_4h,wq101,alpha158_price,False,,,,0,INSUFFICIENT_DATA,Insufficient pairwise observations.,intake_vs_baseline
wq101_alpha46,q158_low_close_4h,wq101,alpha158_price,False,,,,0,INSUFFICIENT_DATA,Insufficient pairwise observations.,intake_vs_baseline
wq101_alpha49,q158_low_close_4h,wq101,alpha158_price,False,,,,0,INSUFFICIENT_DATA,Insufficient pairwise observations.,intake_vs_baseline
wq101_alpha51,q158_low_close_4h,wq101,alpha158_price,False,,,,0,INSUFFICIENT_DATA,Insufficient pairwise observations.,intake_vs_baseline
wq101_alpha46,q158_close_close_4h,wq101,alpha158_price,False,,,,0,INSUFFICIENT_DATA,Insufficient pairwise observations.,intake_vs_baseline
wq101_alpha49,q158_close_close_4h,wq101,alpha158_price,False,,,,0,INSUFFICIENT_DATA,Insufficient pairwise observations.,intake_vs_baseline
wq101_alpha51,q158_close_close_4h,wq101,alpha158_price,False,,,,0,INSUFFICIENT_DATA,Insufficient pairwise observations.,intake_vs_baseline
wq101_alpha23,q158_volume_ratio_1h,wq101,alpha158_volume,False,,,,0,INSUFFICIENT_DATA,Insufficient pairwise observations.,intake_vs_baseline
wq101_alpha24,q158_volume_ratio_1h,wq101,alpha158_volume,False,,,,0,INSUFFICIENT_DATA,Insufficient pairwise observations.,intake_vs_baseline
wq101_alpha46,q158_volume_ratio_1h,wq101,alpha158_volume,False,,,,0,INSUFFICIENT_DATA,Insufficient pairwise observations.,intake_vs_baseline
wq101_alpha49,q158_volume_ratio_1h,wq101,alpha158_volume,False,,,,0,INSUFFICIENT_DATA,Insufficient pairwise observations.,intake_vs_baseline
wq101_alpha51,q158_volume_ratio_1h,wq101,alpha158_volume,False,,,,0,INSUFFICIENT_DATA,Insufficient pairwise observations.,intake_vs_baseline
wq101_alpha23,q158_volume_ratio_2h,wq101,alpha158_volume,False,,,,0,INSUFFICIENT_DATA,Insufficient pairwise observations.,intake_vs_baseline
wq101_alpha24,q158_volume_ratio_2h,wq101,alpha158_volume,False,,,,0,INSUFFICIENT_DATA,Insufficient pairwise observations.,intake_vs_baseline
wq101_alpha23,q158_volume_ratio_3h,wq101,alpha158_volume,False,,,,0,INSUFFICIENT_DATA,Insufficient pairwise observations.,intake_vs_baseline
wq101_alpha24,q158_volume_ratio_3h,wq101,alpha158_volume,False,,,,0,INSUFFICIENT_DATA,Insufficient pairwise observations.,intake_vs_baseline
wq101_alpha46,q158_volume_ratio_3h,wq101,alpha158_volume,False,,,,0,INSUFFICIENT_DATA,Insufficient pairwise observations.,intake_vs_baseline
wq101_alpha49,q158_volume_ratio_3h,wq101,alpha158_volume,False,,,,0,INSUFFICIENT_DATA,Insufficient pairwise observations.,intake_vs_baseline
wq101_alpha51,q158_volume_ratio_3h,wq101,alpha158_volume,False,,,,0,INSUFFICIENT_DATA,Insufficient pairwise observations.,intake_vs_baseline
wq101_alpha46,q158_volume_ratio_4h,wq101,alpha158_volume,False,,,,0,INSUFFICIENT_DATA,Insufficient pairwise observations.,intake_vs_baseline
wq101_alpha49,q158_volume_ratio_4h,wq101,alpha158_volume,False,,,,0,INSUFFICIENT_DATA,Insufficient pairwise observations.,intake_vs_baseline
wq101_alpha51,q158_volume_ratio_4h,wq101,alpha158_volume,False,,,,0,INSUFFICIENT_DATA,Insufficient pairwise observations.,intake_vs_baseline
wq101_alpha46,q158_qtlu_20h,wq101,alpha158_rolling,False,,,,0,INSUFFICIENT_DATA,Insufficient pairwise observations.,intake_vs_baseline
wq101_alpha49,q158_qtlu_20h,wq101,alpha158_rolling,False,,,,0,INSUFFICIENT_DATA,Insufficient pairwise observations.,intake_vs_baseline
wq101_alpha51,q158_qtlu_20h,wq101,alpha158_rolling,False,,,,0,INSUFFICIENT_DATA,Insufficient pairwise observations.,intake_vs_baseline
wq101_alpha46,q158_qtld_20h,wq101,alpha158_rolling,False,,,,0,INSUFFICIENT_DATA,Insufficient pairwise observations.,intake_vs_baseline
wq101_alpha49,q158_qtld_20h,wq101,alpha158_rolling,False,,,,0,INSUFFICIENT_DATA,Insufficient pairwise observations.,intake_vs_baseline
wq101_alpha51,q158_qtld_20h,wq101,alpha158_rolling,False,,,,0,INSUFFICIENT_DATA,Insufficient pairwise observations.,intake_vs_baseline
wq101_alpha46,q158_rank_close_20h,wq101,alpha158_rolling,False,,,,0,INSUFFICIENT_DATA,Insufficient pairwise observations.,intake_vs_baseline
wq101_alpha49,q158_rank_close_20h,wq101,alpha158_rolling,False,,,,0,INSUFFICIENT_DATA,Insufficient pairwise observations.,intake_vs_baseline
wq101_alpha51,q158_rank_close_20h,wq101,alpha158_rolling,False,,,,0,INSUFFICIENT_DATA,Insufficient pairwise observations.,intake_vs_baseline
wq101_alpha23,q158_cntp_20h,wq101,alpha158_rolling,False,,,,0,INSUFFICIENT_DATA,Insufficient pairwise observations.,intake_vs_baseline
wq101_alpha23,q158_cntp_30h,wq101,alpha158_rolling_direction,False,,,,0,INSUFFICIENT_DATA,Insufficient pairwise observations.,intake_vs_baseline
wq101_alpha23,q158_cntn_20h,wq101,alpha158_rolling,False,,,,0,INSUFFICIENT_DATA,Insufficient pairwise observations.,intake_vs_baseline
wq101_alpha23,q158_cntn_30h,wq101,alpha158_rolling_direction,False,,,,0,INSUFFICIENT_DATA,Insufficient pairwise observations.,intake_vs_baseline
wq101_alpha23,q158_sumd_20h,wq101,alpha158_rolling,False,,,,0,INSUFFICIENT_DATA,Insufficient pairwise observations.,intake_vs_baseline
wq101_alpha23,q158_sumd_30h,wq101,alpha158_rolling_direction,False,,,,0,INSUFFICIENT_DATA,Insufficient pairwise observations.,intake_vs_baseline
wq101_alpha46,q158_beta_20h,wq101,alpha158_rolling_regression,False,,,,0,INSUFFICIENT_DATA,Insufficient pairwise observations.,intake_vs_baseline
wq101_alpha49,q158_beta_20h,wq101,alpha158_rolling_regression,False,,,,0,INSUFFICIENT_DATA,Insufficient pairwise observations.,intake_vs_baseline
wq101_alpha51,q158_beta_20h,wq101,alpha158_rolling_regression,False,,,,0,INSUFFICIENT_DATA,Insufficient pairwise observations.,intake_vs_baseline
wq101_alpha46,q158_rsqr_20h,wq101,alpha158_rolling_regression,False,,,,0,INSUFFICIENT_DATA,Insufficient pairwise observations.,intake_vs_baseline
wq101_alpha49,q158_rsqr_20h,wq101,alpha158_rolling_regression,False,,,,0,INSUFFICIENT_DATA,Insufficient pairwise observations.,intake_vs_baseline
wq101_alpha51,q158_rsqr_20h,wq101,alpha158_rolling_regression,False,,,,0,INSUFFICIENT_DATA,Insufficient pairwise observations.,intake_vs_baseline
wq101_alpha46,q158_resi_20h,wq101,alpha158_rolling_regression,False,,,,0,INSUFFICIENT_DATA,Insufficient pairwise observations.,intake_vs_baseline
wq101_alpha49,q158_resi_20h,wq101,alpha158_rolling_regression,False,,,,0,INSUFFICIENT_DATA,Insufficient pairwise observations.,intake_vs_baseline
wq101_alpha51,q158_resi_20h,wq101,alpha158_rolling_regression,False,,,,0,INSUFFICIENT_DATA,Insufficient pairwise observations.,intake_vs_baseline
wq101_alpha46,q158_imax_20h,wq101,alpha158_rolling_position,False,,,,0,INSUFFICIENT_DATA,Insufficient pairwise observations.,intake_vs_baseline
wq101_alpha49,q158_imax_20h,wq101,alpha158_rolling_position,False,,,,0,INSUFFICIENT_DATA,Insufficient pairwise observations.,intake_vs_baseline
wq101_alpha51,q158_imax_20h,wq101,alpha158_rolling_position,False,,,,0,INSUFFICIENT_DATA,Insufficient pairwise observations.,intake_vs_baseline
wq101_alpha46,q158_imin_20h,wq101,alpha158_rolling_position,False,,,,0,INSUFFICIENT_DATA,Insufficient pairwise observations.,intake_vs_baseline
wq101_alpha49,q158_imin_20h,wq101,alpha158_rolling_position,False,,,,0,INSUFFICIENT_DATA,Insufficient pairwise observations.,intake_vs_baseline
wq101_alpha51,q158_imin_20h,wq101,alpha158_rolling_position,False,,,,0,INSUFFICIENT_DATA,Insufficient pairwise observations.,intake_vs_baseline
wq101_alpha46,q158_imxd_20h,wq101,alpha158_rolling_position,False,,,,0,INSUFFICIENT_DATA,Insufficient pairwise observations.,intake_vs_baseline
wq101_alpha49,q158_imxd_20h,wq101,alpha158_rolling_position,False,,,,0,INSUFFICIENT_DATA,Insufficient pairwise observations.,intake_vs_baseline
wq101_alpha51,q158_imxd_20h,wq101,alpha158_rolling_position,False,,,,0,INSUFFICIENT_DATA,Insufficient pairwise observations.,intake_vs_baseline
wq101_alpha23,q158_roc_20h,wq101,alpha158_rolling_price,False,,,,0,INSUFFICIENT_DATA,Insufficient pairwise observations.,intake_vs_baseline
wq101_alpha46,q158_ma_5h,wq101,alpha158_rolling_price,False,,,,0,INSUFFICIENT_DATA,Insufficient pairwise observations.,intake_vs_baseline
wq101_alpha49,q158_ma_5h,wq101,alpha158_rolling_price,False,,,,0,INSUFFICIENT_DATA,Insufficient pairwise observations.,intake_vs_baseline
wq101_alpha51,q158_ma_5h,wq101,alpha158_rolling_price,False,,,,0,INSUFFICIENT_DATA,Insufficient pairwise observations.,intake_vs_baseline
wq101_alpha46,q158_std_5h,wq101,alpha158_rolling_price,False,,,,0,INSUFFICIENT_DATA,Insufficient pairwise observations.,intake_vs_baseline
wq101_alpha49,q158_std_5h,wq101,alpha158_rolling_price,False,,,,0,INSUFFICIENT_DATA,Insufficient pairwise observations.,intake_vs_baseline
wq101_alpha51,q158_std_5h,wq101,alpha158_rolling_price,False,,,,0,INSUFFICIENT_DATA,Insufficient pairwise observations.,intake_vs_baseline
wq101_alpha46,q158_max_5h,wq101,alpha158_rolling_price,False,,,,0,INSUFFICIENT_DATA,Insufficient pairwise observations.,intake_vs_baseline
wq101_alpha49,q158_max_5h,wq101,alpha158_rolling_price,False,,,,0,INSUFFICIENT_DATA,Insufficient pairwise observations.,intake_vs_baseline
wq101_alpha51,q158_max_5h,wq101,alpha158_rolling_price,False,,,,0,INSUFFICIENT_DATA,Insufficient pairwise observations.,intake_vs_baseline
wq101_alpha46,q158_min_5h,wq101,alpha158_rolling_price,False,,,,0,INSUFFICIENT_DATA,Insufficient pairwise observations.,intake_vs_baseline
wq101_alpha49,q158_min_5h,wq101,alpha158_rolling_price,False,,,,0,INSUFFICIENT_DATA,Insufficient pairwise observations.,intake_vs_baseline
wq101_alpha51,q158_min_5h,wq101,alpha158_rolling_price,False,,,,0,INSUFFICIENT_DATA,Insufficient pairwise observations.,intake_vs_baseline
wq101_alpha46,q158_ma_10h,wq101,alpha158_rolling_price,False,,,,0,INSUFFICIENT_DATA,Insufficient pairwise observations.,intake_vs_baseline
wq101_alpha49,q158_ma_10h,wq101,alpha158_rolling_price,False,,,,0,INSUFFICIENT_DATA,Insufficient pairwise observations.,intake_vs_baseline
wq101_alpha51,q158_ma_10h,wq101,alpha158_rolling_price,False,,,,0,INSUFFICIENT_DATA,Insufficient pairwise observations.,intake_vs_baseline
wq101_alpha46,q158_std_10h,wq101,alpha158_rolling_price,False,,,,0,INSUFFICIENT_DATA,Insufficient pairwise observations.,intake_vs_baseline
wq101_alpha49,q158_std_10h,wq101,alpha158_rolling_price,False,,,,0,INSUFFICIENT_DATA,Insufficient pairwise observations.,intake_vs_baseline
wq101_alpha51,q158_std_10h,wq101,alpha158_rolling_price,False,,,,0,INSUFFICIENT_DATA,Insufficient pairwise observations.,intake_vs_baseline
wq101_alpha46,q158_max_10h,wq101,alpha158_rolling_price,False,,,,0,INSUFFICIENT_DATA,Insufficient pairwise observations.,intake_vs_baseline
wq101_alpha49,q158_max_10h,wq101,alpha158_rolling_price,False,,,,0,INSUFFICIENT_DATA,Insufficient pairwise observations.,intake_vs_baseline
wq101_alpha51,q158_max_10h,wq101,alpha158_rolling_price,False,,,,0,INSUFFICIENT_DATA,Insufficient pairwise observations.,intake_vs_baseline
wq101_alpha46,q158_min_10h,wq101,alpha158_rolling_price,False,,,,0,INSUFFICIENT_DATA,Insufficient pairwise observations.,intake_vs_baseline
wq101_alpha49,q158_min_10h,wq101,alpha158_rolling_price,False,,,,0,INSUFFICIENT_DATA,Insufficient pairwise observations.,intake_vs_baseline
wq101_alpha51,q158_min_10h,wq101,alpha158_rolling_price,False,,,,0,INSUFFICIENT_DATA,Insufficient pairwise observations.,intake_vs_baseline
wq101_alpha46,q158_ma_20h,wq101,alpha158_rolling_price,False,,,,0,INSUFFICIENT_DATA,Insufficient pairwise observations.,intake_vs_baseline
wq101_alpha49,q158_ma_20h,wq101,alpha158_rolling_price,False,,,,0,INSUFFICIENT_DATA,Insufficient pairwise observations.,intake_vs_baseline
wq101_alpha51,q158_ma_20h,wq101,alpha158_rolling_price,False,,,,0,INSUFFICIENT_DATA,Insufficient pairwise observations.,intake_vs_baseline
wq101_alpha46,q158_std_20h,wq101,alpha158_rolling_price,False,,,,0,INSUFFICIENT_DATA,Insufficient pairwise observations.,intake_vs_baseline
wq101_alpha49,q158_std_20h,wq101,alpha158_rolling_price,False,,,,0,INSUFFICIENT_DATA,Insufficient pairwise observations.,intake_vs_baseline
wq101_alpha51,q158_std_20h,wq101,alpha158_rolling_price,False,,,,0,INSUFFICIENT_DATA,Insufficient pairwise observations.,intake_vs_baseline
wq101_alpha46,q158_max_20h,wq101,alpha158_rolling_price,False,,,,0,INSUFFICIENT_DATA,Insufficient pairwise observations.,intake_vs_baseline
wq101_alpha49,q158_max_20h,wq101,alpha158_rolling_price,False,,,,0,INSUFFICIENT_DATA,Insufficient pairwise observations.,intake_vs_baseline
wq101_alpha51,q158_max_20h,wq101,alpha158_rolling_price,False,,,,0,INSUFFICIENT_DATA,Insufficient pairwise observations.,intake_vs_baseline
wq101_alpha46,q158_min_20h,wq101,alpha158_rolling_price,False,,,,0,INSUFFICIENT_DATA,Insufficient pairwise observations.,intake_vs_baseline
wq101_alpha49,q158_min_20h,wq101,alpha158_rolling_price,False,,,,0,INSUFFICIENT_DATA,Insufficient pairwise observations.,intake_vs_baseline
wq101_alpha51,q158_min_20h,wq101,alpha158_rolling_price,False,,,,0,INSUFFICIENT_DATA,Insufficient pairwise observations.,intake_vs_baseline
wq101_alpha23,q158_cntd_20h,wq101,alpha158_rolling_direction,False,,,,0,INSUFFICIENT_DATA,Insufficient pairwise observations.,intake_vs_baseline
wq101_alpha23,q158_cntd_30h,wq101,alpha158_rolling_direction,False,,,,0,INSUFFICIENT_DATA,Insufficient pairwise observations.,intake_vs_baseline
wq101_alpha46,q158_corr_20h,wq101,alpha158_rolling_volume_price,False,,,,0,INSUFFICIENT_DATA,Insufficient pairwise observations.,intake_vs_baseline
wq101_alpha49,q158_corr_20h,wq101,alpha158_rolling_volume_price,False,,,,0,INSUFFICIENT_DATA,Insufficient pairwise observations.,intake_vs_baseline
wq101_alpha51,q158_corr_20h,wq101,alpha158_rolling_volume_price,False,,,,0,INSUFFICIENT_DATA,Insufficient pairwise observations.,intake_vs_baseline
wq101_alpha23,q158_cord_20h,wq101,alpha158_rolling_volume_price,False,,,,0,INSUFFICIENT_DATA,Insufficient pairwise observations.,intake_vs_baseline
wq101_alpha23,q158_sump_20h,wq101,alpha158_rolling_direction,False,,,,0,INSUFFICIENT_DATA,Insufficient pairwise observations.,intake_vs_baseline
wq101_alpha23,q158_sumn_20h,wq101,alpha158_rolling_direction,False,,,,0,INSUFFICIENT_DATA,Insufficient pairwise observations.,intake_vs_baseline
wq101_alpha46,q158_vma_20h,wq101,alpha158_rolling_volume,False,,,,0,INSUFFICIENT_DATA,Insufficient pairwise observations.,intake_vs_baseline
wq101_alpha49,q158_vma_20h,wq101,alpha158_rolling_volume,False,,,,0,INSUFFICIENT_DATA,Insufficient pairwise observations.,intake_vs_baseline
wq101_alpha51,q158_vma_20h,wq101,alpha158_rolling_volume,False,,,,0,INSUFFICIENT_DATA,Insufficient pairwise observations.,intake_vs_baseline
wq101_alpha46,q158_vstd_20h,wq101,alpha158_rolling_volume,False,,,,0,INSUFFICIENT_DATA,Insufficient pairwise observations.,intake_vs_baseline
wq101_alpha49,q158_vstd_20h,wq101,alpha158_rolling_volume,False,,,,0,INSUFFICIENT_DATA,Insufficient pairwise observations.,intake_vs_baseline
wq101_alpha51,q158_vstd_20h,wq101,alpha158_rolling_volume,False,,,,0,INSUFFICIENT_DATA,Insufficient pairwise observations.,intake_vs_baseline
wq101_alpha23,q158_wvma_20h,wq101,alpha158_rolling_volume,False,,,,0,INSUFFICIENT_DATA,Insufficient pairwise observations.,intake_vs_baseline
wq101_alpha23,q158_vsump_20h,wq101,alpha158_rolling_volume,False,,,,0,INSUFFICIENT_DATA,Insufficient pairwise observations.,intake_vs_baseline
wq101_alpha23,q158_vsumn_20h,wq101,alpha158_rolling_volume,False,,,,0,INSUFFICIENT_DATA,Insufficient pairwise observations.,intake_vs_baseline
wq101_alpha23,q158_vsumd_20h,wq101,alpha158_rolling_volume,False,,,,0,INSUFFICIENT_DATA,Insufficient pairwise observations.,intake_vs_baseline
wq101_alpha46,vwap_dev_20h,wq101,alpha158_ohlcv,False,,,,0,INSUFFICIENT_DATA,Insufficient pairwise observations.,intake_vs_baseline
wq101_alpha49,vwap_dev_20h,wq101,alpha158_ohlcv,False,,,,0,INSUFFICIENT_DATA,Insufficient pairwise observations.,intake_vs_baseline
wq101_alpha51,vwap_dev_20h,wq101,alpha158_ohlcv,False,,,,0,INSUFFICIENT_DATA,Insufficient pairwise observations.,intake_vs_baseline
wq101_alpha23,wvma_20h,wq101,alpha158_ohlcv,False,,,,0,INSUFFICIENT_DATA,Insufficient pairwise observations.,intake_vs_baseline
wq101_alpha23,vol_ret_corr_20h,wq101,alpha158_ohlcv,False,,,,0,INSUFFICIENT_DATA,Insufficient pairwise observations.,intake_vs_baseline
wq101_alpha46,tech_atr,wq101,technical,False,,,,0,INSUFFICIENT_DATA,Insufficient pairwise observations.,intake_vs_baseline
wq101_alpha49,tech_atr,wq101,technical,False,,,,0,INSUFFICIENT_DATA,Insufficient pairwise observations.,intake_vs_baseline
wq101_alpha51,tech_atr,wq101,technical,False,,,,0,INSUFFICIENT_DATA,Insufficient pairwise observations.,intake_vs_baseline
wq101_alpha23,mom_40h,wq101,momentum,False,,,,0,INSUFFICIENT_DATA,Insufficient pairwise observations.,intake_vs_baseline
wq101_alpha23,rev_3h,wq101,reversal,False,,,,0,INSUFFICIENT_DATA,Insufficient pairwise observations.,intake_vs_baseline
wq101_alpha24,rev_3h,wq101,reversal,False,,,,0,INSUFFICIENT_DATA,Insufficient pairwise observations.,intake_vs_baseline
wq101_alpha46,rev_3h,wq101,reversal,False,,,,0,INSUFFICIENT_DATA,Insufficient pairwise observations.,intake_vs_baseline
wq101_alpha49,rev_3h,wq101,reversal,False,,,,0,INSUFFICIENT_DATA,Insufficient pairwise observations.,intake_vs_baseline
wq101_alpha51,rev_3h,wq101,reversal,False,,,,0,INSUFFICIENT_DATA,Insufficient pairwise observations.,intake_vs_baseline
wq101_alpha23,vol_40h,wq101,volatility,False,,,,0,INSUFFICIENT_DATA,Insufficient pairwise observations.,intake_vs_baseline
wq101_alpha23,vol_ratio_5_20,wq101,volatility,False,,,,0,INSUFFICIENT_DATA,Insufficient pairwise observations.,intake_vs_baseline
wq101_alpha23,range_4h,wq101,range_position,False,,,,0,INSUFFICIENT_DATA,Insufficient pairwise observations.,intake_vs_baseline
wq101_alpha24,range_4h,wq101,range_position,False,,,,0,INSUFFICIENT_DATA,Insufficient pairwise observations.,intake_vs_baseline
wq101_alpha46,range_4h,wq101,range_position,False,,,,0,INSUFFICIENT_DATA,Insufficient pairwise observations.,intake_vs_baseline
wq101_alpha49,range_4h,wq101,range_position,False,,,,0,INSUFFICIENT_DATA,Insufficient pairwise observations.,intake_vs_baseline
wq101_alpha51,range_4h,wq101,range_position,False,,,,0,INSUFFICIENT_DATA,Insufficient pairwise observations.,intake_vs_baseline
wq101_alpha23,range_24h,wq101,range_position,False,,,,0,INSUFFICIENT_DATA,Insufficient pairwise observations.,intake_vs_baseline
wq101_alpha24,range_24h,wq101,range_position,False,,,,0,INSUFFICIENT_DATA,Insufficient pairwise observations.,intake_vs_baseline
wq101_alpha46,range_24h,wq101,range_position,False,,,,0,INSUFFICIENT_DATA,Insufficient pairwise observations.,intake_vs_baseline
wq101_alpha49,range_24h,wq101,range_position,False,,,,0,INSUFFICIENT_DATA,Insufficient pairwise observations.,intake_vs_baseline
wq101_alpha51,range_24h,wq101,range_position,False,,,,0,INSUFFICIENT_DATA,Insufficient pairwise observations.,intake_vs_baseline
wq101_alpha23,price_pos_24h,wq101,price_position,False,,,,0,INSUFFICIENT_DATA,Insufficient pairwise observations.,intake_vs_baseline
wq101_alpha24,price_pos_24h,wq101,price_position,False,,,,0,INSUFFICIENT_DATA,Insufficient pairwise observations.,intake_vs_baseline
wq101_alpha46,price_pos_24h,wq101,price_position,False,,,,0,INSUFFICIENT_DATA,Insufficient pairwise observations.,intake_vs_baseline
wq101_alpha49,price_pos_24h,wq101,price_position,False,,,,0,INSUFFICIENT_DATA,Insufficient pairwise observations.,intake_vs_baseline
wq101_alpha51,price_pos_24h,wq101,price_position,False,,,,0,INSUFFICIENT_DATA,Insufficient pairwise observations.,intake_vs_baseline
wq101_alpha24,price_pos_72h,wq101,price_position,False,,,,0,INSUFFICIENT_DATA,Insufficient pairwise observations.,intake_vs_baseline
wq101_alpha46,price_pos_72h,wq101,price_position,False,,,,0,INSUFFICIENT_DATA,Insufficient pairwise observations.,intake_vs_baseline
wq101_alpha49,price_pos_72h,wq101,price_position,False,,,,0,INSUFFICIENT_DATA,Insufficient pairwise observations.,intake_vs_baseline
wq101_alpha51,price_pos_72h,wq101,price_position,False,,,,0,INSUFFICIENT_DATA,Insufficient pairwise observations.,intake_vs_baseline
wq101_alpha46,vol_zscore_20h,wq101,volume_liquidity,False,,,,0,INSUFFICIENT_DATA,Insufficient pairwise observations.,intake_vs_baseline
wq101_alpha49,vol_zscore_20h,wq101,volume_liquidity,False,,,,0,INSUFFICIENT_DATA,Insufficient pairwise observations.,intake_vs_baseline
wq101_alpha51,vol_zscore_20h,wq101,volume_liquidity,False,,,,0,INSUFFICIENT_DATA,Insufficient pairwise observations.,intake_vs_baseline
wq101_alpha23,vol_zscore_48h,wq101,volume_liquidity,False,,,,0,INSUFFICIENT_DATA,Insufficient pairwise observations.,intake_vs_baseline
wq101_alpha24,vol_zscore_48h,wq101,volume_liquidity,False,,,,0,INSUFFICIENT_DATA,Insufficient pairwise observations.,intake_vs_baseline
wq101_alpha46,vol_zscore_48h,wq101,volume_liquidity,False,,,,0,INSUFFICIENT_DATA,Insufficient pairwise observations.,intake_vs_baseline
wq101_alpha49,vol_zscore_48h,wq101,volume_liquidity,False,,,,0,INSUFFICIENT_DATA,Insufficient pairwise observations.,intake_vs_baseline
wq101_alpha51,vol_zscore_48h,wq101,volume_liquidity,False,,,,0,INSUFFICIENT_DATA,Insufficient pairwise observations.,intake_vs_baseline
wq101_alpha46,qvol_zscore_20h,wq101,quote_volume_liquidity,False,,,,0,INSUFFICIENT_DATA,Insufficient pairwise observations.,intake_vs_baseline
wq101_alpha49,qvol_zscore_20h,wq101,quote_volume_liquidity,False,,,,0,INSUFFICIENT_DATA,Insufficient pairwise observations.,intake_vs_baseline
wq101_alpha51,qvol_zscore_20h,wq101,quote_volume_liquidity,False,,,,0,INSUFFICIENT_DATA,Insufficient pairwise observations.,intake_vs_baseline
wq101_alpha23,qvol_zscore_48h,wq101,quote_volume_liquidity,False,,,,0,INSUFFICIENT_DATA,Insufficient pairwise observations.,intake_vs_baseline
wq101_alpha24,qvol_zscore_48h,wq101,quote_volume_liquidity,False,,,,0,INSUFFICIENT_DATA,Insufficient pairwise observations.,intake_vs_baseline
wq101_alpha46,qvol_zscore_48h,wq101,quote_volume_liquidity,False,,,,0,INSUFFICIENT_DATA,Insufficient pairwise observations.,intake_vs_baseline
wq101_alpha49,qvol_zscore_48h,wq101,quote_volume_liquidity,False,,,,0,INSUFFICIENT_DATA,Insufficient pairwise observations.,intake_vs_baseline
wq101_alpha51,qvol_zscore_48h,wq101,quote_volume_liquidity,False,,,,0,INSUFFICIENT_DATA,Insufficient pairwise observations.,intake_vs_baseline
wq101_alpha46,ma_gap_5_20,wq101,trend_ma,False,,,,0,INSUFFICIENT_DATA,Insufficient pairwise observations.,intake_vs_baseline
wq101_alpha49,ma_gap_5_20,wq101,trend_ma,False,,,,0,INSUFFICIENT_DATA,Insufficient pairwise observations.,intake_vs_baseline
wq101_alpha51,ma_gap_5_20,wq101,trend_ma,False,,,,0,INSUFFICIENT_DATA,Insufficient pairwise observations.,intake_vs_baseline
wq101_alpha46,breakout_dist_20h,wq101,breakout,False,,,,0,INSUFFICIENT_DATA,Insufficient pairwise observations.,intake_vs_baseline
wq101_alpha49,breakout_dist_20h,wq101,breakout,False,,,,0,INSUFFICIENT_DATA,Insufficient pairwise observations.,intake_vs_baseline
wq101_alpha51,breakout_dist_20h,wq101,breakout,False,,,,0,INSUFFICIENT_DATA,Insufficient pairwise observations.,intake_vs_baseline
wq101_alpha23,breakout_dist_48h,wq101,breakout,False,,,,0,INSUFFICIENT_DATA,Insufficient pairwise observations.,intake_vs_baseline
wq101_alpha24,breakout_dist_48h,wq101,breakout,False,,,,0,INSUFFICIENT_DATA,Insufficient pairwise observations.,intake_vs_baseline
wq101_alpha46,breakout_dist_48h,wq101,breakout,False,,,,0,INSUFFICIENT_DATA,Insufficient pairwise observations.,intake_vs_baseline
wq101_alpha49,breakout_dist_48h,wq101,breakout,False,,,,0,INSUFFICIENT_DATA,Insufficient pairwise observations.,intake_vs_baseline
wq101_alpha51,breakout_dist_48h,wq101,breakout,False,,,,0,INSUFFICIENT_DATA,Insufficient pairwise observations.,intake_vs_baseline
wq101_alpha23,xs_rank_ret_1h,wq101,cross_sectional_normalized,False,,,,0,INSUFFICIENT_DATA,Insufficient pairwise observations.,intake_vs_baseline
wq101_alpha24,xs_rank_ret_1h,wq101,cross_sectional_normalized,False,,,,0,INSUFFICIENT_DATA,Insufficient pairwise observations.,intake_vs_baseline
wq101_alpha46,xs_rank_ret_1h,wq101,cross_sectional_normalized,False,,,,0,INSUFFICIENT_DATA,Insufficient pairwise observations.,intake_vs_baseline
wq101_alpha49,xs_rank_ret_1h,wq101,cross_sectional_normalized,False,,,,0,INSUFFICIENT_DATA,Insufficient pairwise observations.,intake_vs_baseline
wq101_alpha51,xs_rank_ret_1h,wq101,cross_sectional_normalized,False,,,,0,INSUFFICIENT_DATA,Insufficient pairwise observations.,intake_vs_baseline
wq101_alpha46,xs_rank_vol,wq101,cross_sectional_normalized,False,,,,0,INSUFFICIENT_DATA,Insufficient pairwise observations.,intake_vs_baseline
wq101_alpha49,xs_rank_vol,wq101,cross_sectional_normalized,False,,,,0,INSUFFICIENT_DATA,Insufficient pairwise observations.,intake_vs_baseline
wq101_alpha51,xs_rank_vol,wq101,cross_sectional_normalized,False,,,,0,INSUFFICIENT_DATA,Insufficient pairwise observations.,intake_vs_baseline
wq101_alpha23,rsi_7h,wq101,technical_indicators,False,,,,0,INSUFFICIENT_DATA,Insufficient pairwise observations.,intake_vs_baseline
wq101_alpha24,rsi_7h,wq101,technical_indicators,False,,,,0,INSUFFICIENT_DATA,Insufficient pairwise observations.,intake_vs_baseline
wq101_alpha23,rsi_28h,wq101,technical_indicators,False,,,,0,INSUFFICIENT_DATA,Insufficient pairwise observations.,intake_vs_baseline
wq101_alpha24,rsi_28h,wq101,technical_indicators,False,,,,0,INSUFFICIENT_DATA,Insufficient pairwise observations.,intake_vs_baseline
wq101_alpha46,rsi_28h,wq101,technical_indicators,False,,,,0,INSUFFICIENT_DATA,Insufficient pairwise observations.,intake_vs_baseline
wq101_alpha49,rsi_28h,wq101,technical_indicators,False,,,,0,INSUFFICIENT_DATA,Insufficient pairwise observations.,intake_vs_baseline
wq101_alpha51,rsi_28h,wq101,technical_indicators,False,,,,0,INSUFFICIENT_DATA,Insufficient pairwise observations.,intake_vs_baseline
wq101_alpha23,williams_r_14h,wq101,technical_indicators,False,,,,0,INSUFFICIENT_DATA,Insufficient pairwise observations.,intake_vs_baseline
wq101_alpha24,williams_r_14h,wq101,technical_indicators,False,,,,0,INSUFFICIENT_DATA,Insufficient pairwise observations.,intake_vs_baseline
wq101_alpha46,williams_r_14h,wq101,technical_indicators,False,,,,0,INSUFFICIENT_DATA,Insufficient pairwise observations.,intake_vs_baseline
wq101_alpha49,williams_r_14h,wq101,technical_indicators,False,,,,0,INSUFFICIENT_DATA,Insufficient pairwise observations.,intake_vs_baseline
wq101_alpha51,williams_r_14h,wq101,technical_indicators,False,,,,0,INSUFFICIENT_DATA,Insufficient pairwise observations.,intake_vs_baseline
wq101_alpha23,downside_vol_20h,wq101,realized_skew_kurtosis,False,,,,0,INSUFFICIENT_DATA,Insufficient pairwise observations.,intake_vs_baseline
wq101_alpha23,mom_accel_20h,wq101,momentum,False,,,,0,INSUFFICIENT_DATA,Insufficient pairwise observations.,intake_vs_baseline
wq101_alpha46,qvol_ma_ratio_5_20,wq101,quote_volume_liquidity,False,,,,0,INSUFFICIENT_DATA,Insufficient pairwise observations.,intake_vs_baseline
wq101_alpha49,qvol_ma_ratio_5_20,wq101,quote_volume_liquidity,False,,,,0,INSUFFICIENT_DATA,Insufficient pairwise observations.,intake_vs_baseline
wq101_alpha51,qvol_ma_ratio_5_20,wq101,quote_volume_liquidity,False,,,,0,INSUFFICIENT_DATA,Insufficient pairwise observations.,intake_vs_baseline
wq101_alpha23,funding_rate_level_20h,wq101,funding_rate,False,,,,0,INSUFFICIENT_DATA,Insufficient pairwise observations.,intake_vs_baseline
wq101_alpha23,funding_rate_change_24h,wq101,funding_rate,False,,,,0,INSUFFICIENT_DATA,Insufficient pairwise observations.,intake_vs_baseline
wq101_alpha23,mom_72h,wq101,momentum,False,,,,0,INSUFFICIENT_DATA,Insufficient pairwise observations.,intake_vs_baseline
wq101_alpha24,mom_72h,wq101,momentum,False,,,,0,INSUFFICIENT_DATA,Insufficient pairwise observations.,intake_vs_baseline
wq101_alpha46,mom_72h,wq101,momentum,False,,,,0,INSUFFICIENT_DATA,Insufficient pairwise observations.,intake_vs_baseline
wq101_alpha49,mom_72h,wq101,momentum,False,,,,0,INSUFFICIENT_DATA,Insufficient pairwise observations.,intake_vs_baseline
wq101_alpha51,mom_72h,wq101,momentum,False,,,,0,INSUFFICIENT_DATA,Insufficient pairwise observations.,intake_vs_baseline
wq101_alpha23,mom_120h,wq101,momentum,False,,,,0,INSUFFICIENT_DATA,Insufficient pairwise observations.,intake_vs_baseline
wq101_alpha23,rev_1h,wq101,reversal,False,,,,0,INSUFFICIENT_DATA,Insufficient pairwise observations.,intake_vs_baseline
wq101_alpha24,rev_1h,wq101,reversal,False,,,,0,INSUFFICIENT_DATA,Insufficient pairwise observations.,intake_vs_baseline
wq101_alpha46,rev_1h,wq101,reversal,False,,,,0,INSUFFICIENT_DATA,Insufficient pairwise observations.,intake_vs_baseline
wq101_alpha49,rev_1h,wq101,reversal,False,,,,0,INSUFFICIENT_DATA,Insufficient pairwise observations.,intake_vs_baseline
wq101_alpha51,rev_1h,wq101,reversal,False,,,,0,INSUFFICIENT_DATA,Insufficient pairwise observations.,intake_vs_baseline
wq101_alpha23,rev_72h,wq101,reversal,False,,,,0,INSUFFICIENT_DATA,Insufficient pairwise observations.,intake_vs_baseline
wq101_alpha24,rev_72h,wq101,reversal,False,,,,0,INSUFFICIENT_DATA,Insufficient pairwise observations.,intake_vs_baseline
wq101_alpha46,rev_72h,wq101,reversal,False,,,,0,INSUFFICIENT_DATA,Insufficient pairwise observations.,intake_vs_baseline
wq101_alpha49,rev_72h,wq101,reversal,False,,,,0,INSUFFICIENT_DATA,Insufficient pairwise observations.,intake_vs_baseline
wq101_alpha51,rev_72h,wq101,reversal,False,,,,0,INSUFFICIENT_DATA,Insufficient pairwise observations.,intake_vs_baseline
wq101_alpha23,vol_ratio_20_80,wq101,volatility,False,,,,0,INSUFFICIENT_DATA,Insufficient pairwise observations.,intake_vs_baseline
wq101_alpha23,realized_skew_20h,wq101,realized_shape,False,,,,0,INSUFFICIENT_DATA,Insufficient pairwise observations.,intake_vs_baseline
wq101_alpha23,realized_kurt_20h,wq101,realized_shape,False,,,,0,INSUFFICIENT_DATA,Insufficient pairwise observations.,intake_vs_baseline
wq101_alpha23,amihud_illiquidity_20h,wq101,liquidity,False,,,,0,INSUFFICIENT_DATA,Insufficient pairwise observations.,intake_vs_baseline
wq101_alpha23,price_volume_corr_20h,wq101,volume_price,False,,,,0,INSUFFICIENT_DATA,Insufficient pairwise observations.,intake_vs_baseline
wq101_alpha23,rev_2h,wq101,reversal,False,,,,0,INSUFFICIENT_DATA,Insufficient pairwise observations.,intake_vs_baseline
wq101_alpha24,rev_2h,wq101,reversal,False,,,,0,INSUFFICIENT_DATA,Insufficient pairwise observations.,intake_vs_baseline
wq101_alpha23,mom_vol_adjusted_20h,wq101,momentum,False,,,,0,INSUFFICIENT_DATA,Insufficient pairwise observations.,intake_vs_baseline
wq101_alpha23,volume_pressure_20h,wq101,volume_price,False,,,,0,INSUFFICIENT_DATA,Insufficient pairwise observations.,intake_vs_baseline
wq101_alpha46,up_down_vol_ratio_20h,wq101,alpha158_ohlcv,False,,,,0,INSUFFICIENT_DATA,Insufficient pairwise observations.,intake_vs_baseline
wq101_alpha49,up_down_vol_ratio_20h,wq101,alpha158_ohlcv,False,,,,0,INSUFFICIENT_DATA,Insufficient pairwise observations.,intake_vs_baseline
wq101_alpha51,up_down_vol_ratio_20h,wq101,alpha158_ohlcv,False,,,,0,INSUFFICIENT_DATA,Insufficient pairwise observations.,intake_vs_baseline
wq101_alpha23,xs_rank_mom_accel,wq101,cross_sectional_normalized,False,,,,0,INSUFFICIENT_DATA,Insufficient pairwise observations.,intake_vs_baseline
wq101_alpha46,clv_20h,wq101,alpha158_ohlc_range,False,,,,0,INSUFFICIENT_DATA,Insufficient pairwise observations.,intake_vs_baseline
wq101_alpha49,clv_20h,wq101,alpha158_ohlc_range,False,,,,0,INSUFFICIENT_DATA,Insufficient pairwise observations.,intake_vs_baseline
wq101_alpha51,clv_20h,wq101,alpha158_ohlc_range,False,,,,0,INSUFFICIENT_DATA,Insufficient pairwise observations.,intake_vs_baseline
wq101_alpha46,a101_volume_xs_z_mean_neg_112h,wq101,alpha101_curated_volume_crowding,False,,,,0,INSUFFICIENT_DATA,Insufficient pairwise observations.,intake_vs_baseline
wq101_alpha49,a101_volume_xs_z_mean_neg_112h,wq101,alpha101_curated_volume_crowding,False,,,,0,INSUFFICIENT_DATA,Insufficient pairwise observations.,intake_vs_baseline
wq101_alpha51,a101_volume_xs_z_mean_neg_112h,wq101,alpha101_curated_volume_crowding,False,,,,0,INSUFFICIENT_DATA,Insufficient pairwise observations.,intake_vs_baseline
wq101_alpha46,a101_vol_xs_z_product_112h,wq101,alpha101_curated_volume_regime,False,,,,0,INSUFFICIENT_DATA,Insufficient pairwise observations.,intake_vs_baseline
wq101_alpha49,a101_vol_xs_z_product_112h,wq101,alpha101_curated_volume_regime,False,,,,0,INSUFFICIENT_DATA,Insufficient pairwise observations.,intake_vs_baseline
wq101_alpha51,a101_vol_xs_z_product_112h,wq101,alpha101_curated_volume_regime,False,,,,0,INSUFFICIENT_DATA,Insufficient pairwise observations.,intake_vs_baseline
wq101_alpha23,a101_volume_cap_alpha_min_80_80,wq101,alpha101_curated_volume_cap_regression,False,,,,0,INSUFFICIENT_DATA,Insufficient pairwise observations.,intake_vs_baseline
wq101_alpha24,a101_volume_cap_alpha_min_80_80,wq101,alpha101_curated_volume_cap_regression,False,,,,0,INSUFFICIENT_DATA,Insufficient pairwise observations.,intake_vs_baseline
wq101_alpha46,a101_volume_cap_alpha_min_80_80,wq101,alpha101_curated_volume_cap_regression,False,,,,0,INSUFFICIENT_DATA,Insufficient pairwise observations.,intake_vs_baseline
wq101_alpha49,a101_volume_cap_alpha_min_80_80,wq101,alpha101_curated_volume_cap_regression,False,,,,0,INSUFFICIENT_DATA,Insufficient pairwise observations.,intake_vs_baseline
wq101_alpha51,a101_volume_cap_alpha_min_80_80,wq101,alpha101_curated_volume_cap_regression,False,,,,0,INSUFFICIENT_DATA,Insufficient pairwise observations.,intake_vs_baseline
wq101_alpha23,a101_volume_cap_alpha_min_56_84,wq101,alpha101_curated_volume_cap_regression,False,,,,0,INSUFFICIENT_DATA,Insufficient pairwise observations.,intake_vs_baseline
wq101_alpha24,a101_volume_cap_alpha_min_56_84,wq101,alpha101_curated_volume_cap_regression,False,,,,0,INSUFFICIENT_DATA,Insufficient pairwise observations.,intake_vs_baseline
wq101_alpha46,a101_volume_cap_alpha_min_56_84,wq101,alpha101_curated_volume_cap_regression,False,,,,0,INSUFFICIENT_DATA,Insufficient pairwise observations.,intake_vs_baseline
wq101_alpha49,a101_volume_cap_alpha_min_56_84,wq101,alpha101_curated_volume_cap_regression,False,,,,0,INSUFFICIENT_DATA,Insufficient pairwise observations.,intake_vs_baseline
wq101_alpha51,a101_volume_cap_alpha_min_56_84,wq101,alpha101_curated_volume_cap_regression,False,,,,0,INSUFFICIENT_DATA,Insufficient pairwise observations.,intake_vs_baseline
wq101_alpha46,a101_volume_high_alpha_min_84_84,wq101,alpha101_curated_volume_price_regression,False,,,,0,INSUFFICIENT_DATA,Insufficient pairwise observations.,intake_vs_baseline
wq101_alpha49,a101_volume_high_alpha_min_84_84,wq101,alpha101_curated_volume_price_regression,False,,,,0,INSUFFICIENT_DATA,Insufficient pairwise observations.,intake_vs_baseline
wq101_alpha51,a101_volume_high_alpha_min_84_84,wq101,alpha101_curated_volume_price_regression,False,,,,0,INSUFFICIENT_DATA,Insufficient pairwise observations.,intake_vs_baseline
