signal_id,symbol,side,signal_confirmed_at,entry_ts,exit_reason,source
rank32b-dogeusdt-867e435445add1b5,DOGEUSDT,long,2026-01-05T16:15:00Z,2026-01-05T16:15:00Z,target_1m,old_wrong_logic
rank32b-1000pepeusdt-1877a00e5c40f7d6,1000PEPEUSDT,long,2026-01-05T17:15:00Z,2026-01-05T17:15:00Z,timeout_1m,old_wrong_logic
rank32b-dogeusdt-62f780635e9c5a6b,DOGEUSDT,long,2026-01-05T17:45:00Z,2026-01-05T17:45:00Z,target_1m,old_wrong_logic
rank32b-brettusdt-cdcf4650829d2da1,BRETTUSDT,long,2026-01-05T18:00:00Z,2026-01-05T18:00:00Z,timeout_1m,old_wrong_logic
rank32b-beatusdt-8625e3e54ff457f5,BEATUSDT,short,2026-01-06T02:30:00Z,2026-01-06T02:30:00Z,target_1m,old_wrong_logic
rank32b-tradoorusdt-07b660f110117283,TRADOORUSDT,short,2026-01-06T04:30:00Z,2026-01-06T04:30:00Z,target_1m,old_wrong_logic
rank32b-dotusdt-969bb8d133f53b8a,DOTUSDT,long,2026-01-06T10:15:00Z,2026-01-06T10:15:00Z,target_1m,old_wrong_logic
rank32b-1000pepeusdt-8f288e7dbdb849a7,1000PEPEUSDT,long,2026-01-06T10:30:00Z,2026-01-06T10:30:00Z,stop_1m,old_wrong_logic
rank32b-dogeusdt-a72653b427e374c4,DOGEUSDT,long,2026-01-06T12:15:00Z,2026-01-06T12:15:00Z,target_1m,old_wrong_logic
rank32b-wldusdt-89376fe08747c878,WLDUSDT,long,2026-01-06T21:30:00Z,2026-01-06T21:30:00Z,timeout_1m,old_wrong_logic
rank32b-suiusdt-7eb1d9e852b1f292,SUIUSDT,long,2026-01-06T23:15:00Z,2026-01-06T23:15:00Z,stop_1m,old_wrong_logic
rank32b-actusdt-be99e6f3f56f5a1b,ACTUSDT,short,2026-01-07T00:30:00Z,2026-01-07T00:30:00Z,target_1m,old_wrong_logic
rank32b-solusdt-be7dc507b272a70e,SOLUSDT,long,2026-01-07T02:45:00Z,2026-01-07T02:45:00Z,timeout_1m,old_wrong_logic
rank32b-pippinusdt-16df58fc199b439d,PIPPINUSDT,short,2026-01-07T03:45:00Z,2026-01-07T03:45:00Z,target_1m,old_wrong_logic
rank32b-actusdt-93cbd3a4129e0eb1,ACTUSDT,short,2026-01-07T06:15:00Z,2026-01-07T06:15:00Z,timeout_1m,old_wrong_logic
rank32b-suiusdt-313781ecbbdf9aa9,SUIUSDT,long,2026-01-07T07:45:00Z,2026-01-07T07:45:00Z,target_1m,old_wrong_logic
rank32b-bchusdt-345d2cb0af82da92,BCHUSDT,short,2026-01-07T17:45:00Z,2026-01-07T17:45:00Z,target_1m,old_wrong_logic
rank32b-1000pepeusdt-e2f378824c31dd27,1000PEPEUSDT,short,2026-01-07T18:45:00Z,2026-01-07T18:45:00Z,timeout_1m,old_wrong_logic
rank32b-beatusdt-5727d68bdafe57b2,BEATUSDT,short,2026-01-07T21:45:00Z,2026-01-07T21:45:00Z,target_1m,old_wrong_logic
rank32b-uniusdt-9238de6562454593,UNIUSDT,short,2026-01-08T02:15:00Z,2026-01-08T02:15:00Z,target_1m,old_wrong_logic
rank32b-zecusdt-c471b4f661f2561f,ZECUSDT,short,2026-01-08T03:30:00Z,2026-01-08T03:30:00Z,target_1m,old_wrong_logic
rank32b-bchusdt-91a25e012a0796b0,BCHUSDT,short,2026-01-08T06:30:00Z,2026-01-08T06:30:00Z,stop_1m,old_wrong_logic
rank32b-suiusdt-5f936cea35c1eec5,SUIUSDT,short,2026-01-08T08:30:00Z,2026-01-08T08:30:00Z,target_1m,old_wrong_logic
rank32b-nearusdt-6a1fb7fed97993bc,NEARUSDT,short,2026-01-08T18:15:00Z,2026-01-08T18:15:00Z,target_1m,old_wrong_logic
rank32b-zecusdt-f9e8e6075912aa81,ZECUSDT,short,2026-01-08T21:45:00Z,2026-01-08T21:45:00Z,target_1m,old_wrong_logic
rank32b-zecusdt-a2d4f0f9d2a409d0,ZECUSDT,short,2026-01-09T02:00:00Z,2026-01-09T02:00:00Z,stop_1m,old_wrong_logic
rank32b-zecusdt-06d030ee32311a2e,ZECUSDT,short,2026-01-09T02:30:00Z,2026-01-09T02:30:00Z,stop_1m,old_wrong_logic
rank32b-dogeusdt-84005b58e1fe50e0,DOGEUSDT,short,2026-01-09T02:45:00Z,2026-01-09T02:45:00Z,stop_1m,old_wrong_logic
rank32b-brettusdt-5e94ae7748ad1b0b,BRETTUSDT,short,2026-01-09T03:00:00Z,2026-01-09T03:00:00Z,stop_1m,old_wrong_logic
rank32b-fartcoinusdt-c4747f06a6440417,FARTCOINUSDT,short,2026-01-09T04:15:00Z,2026-01-09T04:15:00Z,timeout_1m,old_wrong_logic
rank32b-bchusdt-e61fcc52b0324081,BCHUSDT,long,2026-01-09T06:45:00Z,2026-01-09T06:45:00Z,target_1m,old_wrong_logic
rank32b-dotusdt-4944ec06809b0cd6,DOTUSDT,short,2026-01-09T07:15:00Z,2026-01-09T07:15:00Z,target_1m,old_wrong_logic
rank32b-beatusdt-0b2e371053a91fe1,BEATUSDT,short,2026-01-09T07:45:00Z,2026-01-09T07:45:00Z,target_1m,old_wrong_logic
rank32b-nearusdt-153fde90c4e7be72,NEARUSDT,short,2026-01-09T08:15:00Z,2026-01-09T08:15:00Z,target_1m,old_wrong_logic
rank32b-fartcoinusdt-1c1e772ee71a967a,FARTCOINUSDT,short,2026-01-09T08:30:00Z,2026-01-09T08:30:00Z,target_1m,old_wrong_logic
rank32b-turbousdt-8f6c92816ff184ad,TURBOUSDT,short,2026-01-09T08:45:00Z,2026-01-09T08:45:00Z,target_1m,old_wrong_logic
rank32b-zecusdt-f4b938ddec2cac4a,ZECUSDT,short,2026-01-09T09:45:00Z,2026-01-09T09:45:00Z,stop_1m,old_wrong_logic
rank32b-actusdt-353ca21fa76163a8,ACTUSDT,short,2026-01-09T12:30:00Z,2026-01-09T12:30:00Z,target_1m,old_wrong_logic
rank32b-zecusdt-4db6ea91275075d2,ZECUSDT,short,2026-01-09T13:15:00Z,2026-01-09T13:15:00Z,stop_1m,old_wrong_logic
rank32b-zecusdt-4fe35b28393d5e65,ZECUSDT,short,2026-01-09T14:00:00Z,2026-01-09T14:00:00Z,target_1m,old_wrong_logic
rank32b-fartcoinusdt-72cf4d980bd26833,FARTCOINUSDT,short,2026-01-09T14:15:00Z,2026-01-09T14:15:00Z,target_1m,old_wrong_logic
rank32b-xrpusdt-66f419f6c9f0a939,XRPUSDT,short,2026-01-09T17:15:00Z,2026-01-09T17:15:00Z,target_1m,old_wrong_logic
rank32b-actusdt-0b8ae09779084ae9,ACTUSDT,short,2026-01-09T18:15:00Z,2026-01-09T18:15:00Z,target_1m,old_wrong_logic
rank32b-fartcoinusdt-7d9d62124515f0c5,FARTCOINUSDT,short,2026-01-09T18:30:00Z,2026-01-09T18:30:00Z,timeout_1m,old_wrong_logic
rank32b-nearusdt-85c9ad9a779cadf8,NEARUSDT,short,2026-01-09T19:15:00Z,2026-01-09T19:15:00Z,timeout_1m,old_wrong_logic
rank32b-fartcoinusdt-c906e708a71be38b,FARTCOINUSDT,short,2026-01-09T21:45:00Z,2026-01-09T21:45:00Z,stop_1m,old_wrong_logic
rank32b-1000pepeusdt-feead64f9d8397fa,1000PEPEUSDT,short,2026-01-09T23:15:00Z,2026-01-09T23:15:00Z,target_1m,old_wrong_logic
rank32b-wldusdt-cc6e1610feea96ed,WLDUSDT,short,2026-01-09T23:30:00Z,2026-01-09T23:30:00Z,target_1m,old_wrong_logic
rank32b-fartcoinusdt-c27feffbe80007bd,FARTCOINUSDT,short,2026-01-09T23:45:00Z,2026-01-09T23:45:00Z,target_1m,old_wrong_logic
rank32b-actusdt-6687fb2758193a3d,ACTUSDT,short,2026-01-10T00:45:00Z,2026-01-10T00:45:00Z,target_1m,old_wrong_logic
rank32b-pippinusdt-be0e6b1b175bdf22,PIPPINUSDT,long,2026-01-10T01:15:00Z,2026-01-10T01:15:00Z,target_1m,old_wrong_logic
rank32b-pippinusdt-b0e78ca2278a3e50,PIPPINUSDT,long,2026-01-10T08:45:00Z,2026-01-10T08:45:00Z,timeout_1m,old_wrong_logic
rank32b-suiusdt-42561781476adbcd,SUIUSDT,short,2026-01-10T16:30:00Z,2026-01-10T16:30:00Z,timeout_1m,old_wrong_logic
rank32b-wldusdt-767007b2515a61cf,WLDUSDT,short,2026-01-10T17:45:00Z,2026-01-10T17:45:00Z,target_1m,old_wrong_logic
rank32b-nearusdt-1124dcedd1eb1e39,NEARUSDT,long,2026-01-10T19:15:00Z,2026-01-10T19:15:00Z,timeout_1m,old_wrong_logic
rank32b-wldusdt-7f7f9ba1d68c65c8,WLDUSDT,short,2026-01-10T20:45:00Z,2026-01-10T20:45:00Z,target_1m,old_wrong_logic
rank32b-beatusdt-94901969a4094673,BEATUSDT,short,2026-01-10T21:15:00Z,2026-01-10T21:15:00Z,target_1m,old_wrong_logic
rank32b-uniusdt-0abcb33f36f51811,UNIUSDT,short,2026-01-10T23:00:00Z,2026-01-10T23:00:00Z,stop_1m,old_wrong_logic
rank32b-fartcoinusdt-b777ab6376747ebf,FARTCOINUSDT,short,2026-01-11T02:45:00Z,2026-01-11T02:45:00Z,timeout_1m,old_wrong_logic
rank32b-tradoorusdt-b7607d392ece874d,TRADOORUSDT,long,2026-01-11T04:30:00Z,2026-01-11T04:30:00Z,timeout_1m,old_wrong_logic
rank32b-tradoorusdt-063022f5014562a1,TRADOORUSDT,long,2026-01-11T13:00:00Z,2026-01-11T13:00:00Z,timeout_1m,old_wrong_logic
rank32b-brettusdt-1e1144cb1e396891,BRETTUSDT,long,2026-01-11T14:30:00Z,2026-01-11T14:30:00Z,stop_1m,old_wrong_logic
rank32b-brettusdt-696d03b4fe3b3c81,BRETTUSDT,long,2026-01-11T15:00:00Z,2026-01-11T15:00:00Z,stop_1m,old_wrong_logic
rank32b-dotusdt-4037e030791cde8c,DOTUSDT,short,2026-01-11T15:15:00Z,2026-01-11T15:15:00Z,target_1m,old_wrong_logic
rank32b-1000pepeusdt-1877a3ab9dcc80a0,1000PEPEUSDT,short,2026-01-11T15:30:00Z,2026-01-11T15:30:00Z,target_1m,old_wrong_logic
rank32b-turbousdt-bacf1ee2c181ade6,TURBOUSDT,short,2026-01-11T16:00:00Z,2026-01-11T16:00:00Z,stop_1m,old_wrong_logic
rank32b-nearusdt-58c8bfd33fa1be76,NEARUSDT,long,2026-01-11T16:30:00Z,2026-01-11T16:30:00Z,target_1m,old_wrong_logic
rank32b-1000pepeusdt-17489789925c8634,1000PEPEUSDT,short,2026-01-11T17:00:00Z,2026-01-11T17:00:00Z,timeout_1m,old_wrong_logic
rank32b-dotusdt-b5bd4063c4861da2,DOTUSDT,short,2026-01-11T19:30:00Z,2026-01-11T19:30:00Z,target_1m,old_wrong_logic
rank32b-turbousdt-15ffa5c3b6ce45b1,TURBOUSDT,short,2026-01-11T19:45:00Z,2026-01-11T19:45:00Z,target_1m,old_wrong_logic
rank32b-zecusdt-54607a4641ae16fe,ZECUSDT,short,2026-01-11T20:15:00Z,2026-01-11T20:15:00Z,target_1m,old_wrong_logic
rank32b-aaveusdt-d748ab52c8ec2201,AAVEUSDT,long,2026-01-11T22:00:00Z,2026-01-11T22:00:00Z,stop_1m,old_wrong_logic
rank32b-actusdt-1df6b928b5fbccf3,ACTUSDT,short,2026-01-11T23:00:00Z,2026-01-11T23:00:00Z,stop_1m,old_wrong_logic
rank32b-bchusdt-ece04e5f967a6e95,BCHUSDT,long,2026-01-12T00:30:00Z,2026-01-12T00:30:00Z,target_1m,old_wrong_logic
rank32b-turbousdt-fa77e6e8b490997a,TURBOUSDT,short,2026-01-12T06:30:00Z,2026-01-12T06:30:00Z,target_1m,old_wrong_logic
rank32b-actusdt-5c8d52b081c08bd0,ACTUSDT,short,2026-01-12T06:45:00Z,2026-01-12T06:45:00Z,target_1m,old_wrong_logic
rank32b-ltcusdt-b20cdb5bacd50299,LTCUSDT,short,2026-01-12T07:00:00Z,2026-01-12T07:00:00Z,target_1m,old_wrong_logic
rank32b-dotusdt-2ca3e849d735a55f,DOTUSDT,short,2026-01-12T07:45:00Z,2026-01-12T07:45:00Z,target_1m,old_wrong_logic
rank32b-btcusdt-52f63a88a059eb9a,BTCUSDT,long,2026-01-12T15:30:00Z,2026-01-12T15:30:00Z,target_1m,old_wrong_logic
rank32b-beatusdt-fa6ac1d94c468706,BEATUSDT,short,2026-01-12T17:30:00Z,2026-01-12T17:30:00Z,target_1m,old_wrong_logic
rank32b-fartcoinusdt-597fb79ebded31c2,FARTCOINUSDT,short,2026-01-12T18:45:00Z,2026-01-12T18:45:00Z,stop_1m,old_wrong_logic
rank32b-pippinusdt-0641c452c80df67f,PIPPINUSDT,short,2026-01-12T19:30:00Z,2026-01-12T19:30:00Z,stop_1m,old_wrong_logic
rank32b-fartcoinusdt-4e2794c79f85a12a,FARTCOINUSDT,short,2026-01-12T21:30:00Z,2026-01-12T21:30:00Z,target_1m,old_wrong_logic
rank32b-uniusdt-4df5a1683c46988d,UNIUSDT,short,2026-01-13T01:30:00Z,2026-01-13T01:30:00Z,timeout_1m,old_wrong_logic
rank32b-dotusdt-a9ab79d5dc29b30f,DOTUSDT,short,2026-01-13T02:30:00Z,2026-01-13T02:30:00Z,stop_1m,old_wrong_logic
rank32b-pippinusdt-6b049420011df004,PIPPINUSDT,short,2026-01-13T05:45:00Z,2026-01-13T05:45:00Z,timeout_1m,old_wrong_logic
rank32b-1000pepeusdt-28aa7c2f52af2957,1000PEPEUSDT,long,2026-01-13T15:45:00Z,2026-01-13T15:45:00Z,target_1m,old_wrong_logic
rank32b-pippinusdt-9531d3f766d06030,PIPPINUSDT,short,2026-01-13T16:45:00Z,2026-01-13T16:45:00Z,timeout_1m,old_wrong_logic
rank32b-ltcusdt-21c0299f025a80b0,LTCUSDT,short,2026-01-13T18:30:00Z,2026-01-13T18:30:00Z,stop_1m,old_wrong_logic
rank32b-zecusdt-c89608ba7116b6da,ZECUSDT,short,2026-01-13T20:15:00Z,2026-01-13T20:15:00Z,target_1m,old_wrong_logic
rank32b-pippinusdt-cf9e03a74a8a12cc,PIPPINUSDT,short,2026-01-13T21:15:00Z,2026-01-13T21:15:00Z,stop_1m,old_wrong_logic
rank32b-bchusdt-fe484c2affa680c0,BCHUSDT,short,2026-01-14T08:30:00Z,2026-01-14T08:30:00Z,target_1m,old_wrong_logic
rank32b-actusdt-e64f5b6013682d96,ACTUSDT,long,2026-01-14T09:30:00Z,2026-01-14T09:30:00Z,stop_1m,old_wrong_logic
rank32b-ltcusdt-c11304f003f7bd89,LTCUSDT,long,2026-01-14T12:15:00Z,2026-01-14T12:15:00Z,target_1m,old_wrong_logic
rank32b-dogeusdt-eb59a9054c126e58,DOGEUSDT,long,2026-01-14T14:15:00Z,2026-01-14T14:15:00Z,target_1m,old_wrong_logic
rank32b-turbousdt-1ef5a09348d65089,TURBOUSDT,long,2026-01-14T14:30:00Z,2026-01-14T14:30:00Z,target_1m,old_wrong_logic
rank32b-aaveusdt-08f0c6b21ddf34d9,AAVEUSDT,long,2026-01-14T14:45:00Z,2026-01-14T14:45:00Z,target_1m,old_wrong_logic
rank32b-tradoorusdt-fe123535ea05f294,TRADOORUSDT,short,2026-01-14T16:00:00Z,2026-01-14T16:00:00Z,target_1m,old_wrong_logic
rank32b-bchusdt-3e032df016c2a834,BCHUSDT,short,2026-01-14T16:45:00Z,2026-01-14T16:45:00Z,timeout_1m,old_wrong_logic
rank32b-uniusdt-eada47b506295057,UNIUSDT,long,2026-01-14T19:15:00Z,2026-01-14T19:15:00Z,timeout_1m,old_wrong_logic
rank32b-bchusdt-2fefa81a8c337362,BCHUSDT,short,2026-01-14T19:45:00Z,2026-01-14T19:45:00Z,timeout_1m,old_wrong_logic
rank32b-zecusdt-5462bb784795aa60,ZECUSDT,long,2026-01-15T04:45:00Z,2026-01-15T04:45:00Z,timeout_1m,old_wrong_logic
rank32b-beatusdt-fee1d520c35e42c7,BEATUSDT,short,2026-01-15T07:15:00Z,2026-01-15T07:15:00Z,timeout_1m,old_wrong_logic
rank32b-bnbusdt-6c4fcd77e4d34005,BNBUSDT,long,2026-01-15T08:45:00Z,2026-01-15T08:45:00Z,target_1m,old_wrong_logic
rank32b-beatusdt-4c91fc0eeb31e03d,BEATUSDT,short,2026-01-15T10:45:00Z,2026-01-15T10:45:00Z,stop_1m,old_wrong_logic
rank32b-linkusdt-92f5ae596c9917c8,LINKUSDT,long,2026-01-15T12:15:00Z,2026-01-15T12:15:00Z,target_1m,old_wrong_logic
rank32b-xrpusdt-2d5baf5e8f965325,XRPUSDT,long,2026-01-15T13:30:00Z,2026-01-15T13:30:00Z,stop_1m,old_wrong_logic
rank32b-pippinusdt-358adadbe18706d3,PIPPINUSDT,short,2026-01-15T14:15:00Z,2026-01-15T14:15:00Z,target_1m,old_wrong_logic
rank32b-adausdt-50b2e1497aba27b0,ADAUSDT,short,2026-01-15T14:45:00Z,2026-01-15T14:45:00Z,stop_1m,old_wrong_logic
rank32b-pippinusdt-487de680de7c536a,PIPPINUSDT,short,2026-01-16T00:30:00Z,2026-01-16T00:30:00Z,timeout_1m,old_wrong_logic
rank32b-suiusdt-43e2df59ed38183a,SUIUSDT,short,2026-01-16T03:45:00Z,2026-01-16T03:45:00Z,target_1m,old_wrong_logic
rank32b-tradoorusdt-a47ac6ee2515b169,TRADOORUSDT,short,2026-01-16T04:30:00Z,2026-01-16T04:30:00Z,target_1m,old_wrong_logic
rank32b-pippinusdt-70217234e3fba1a9,PIPPINUSDT,short,2026-01-16T07:45:00Z,2026-01-16T07:45:00Z,target_1m,old_wrong_logic
rank32b-actusdt-0d2c247f6149cb63,ACTUSDT,long,2026-01-16T08:30:00Z,2026-01-16T08:30:00Z,target_1m,old_wrong_logic
rank32b-fartcoinusdt-4e261ace9c76e215,FARTCOINUSDT,short,2026-01-16T09:45:00Z,2026-01-16T09:45:00Z,timeout_1m,old_wrong_logic
rank32b-nearusdt-285acb25483aa8fa,NEARUSDT,short,2026-01-16T10:15:00Z,2026-01-16T10:15:00Z,target_1m,old_wrong_logic
rank32b-wldusdt-822b8bcbf1941c9b,WLDUSDT,short,2026-01-16T10:30:00Z,2026-01-16T10:30:00Z,target_1m,old_wrong_logic
rank32b-brettusdt-1d2fec584369ca33,BRETTUSDT,short,2026-01-16T11:45:00Z,2026-01-16T11:45:00Z,stop_1m,old_wrong_logic
rank32b-zecusdt-c4796949d4c0f1c7,ZECUSDT,short,2026-01-16T12:45:00Z,2026-01-16T12:45:00Z,target_1m,old_wrong_logic
rank32b-suiusdt-5cdd84e9c06ea895,SUIUSDT,short,2026-01-16T15:30:00Z,2026-01-16T15:30:00Z,target_1m,old_wrong_logic
rank32b-actusdt-cc46550314bbaaa7,ACTUSDT,long,2026-01-16T17:45:00Z,2026-01-16T17:45:00Z,timeout_1m,old_wrong_logic
rank32b-actusdt-e71ce4118b4cb28e,ACTUSDT,long,2026-01-16T20:30:00Z,2026-01-16T20:30:00Z,target_1m,old_wrong_logic
rank32b-beatusdt-a73f9ca76cc0ffb2,BEATUSDT,short,2026-01-16T21:45:00Z,2026-01-16T21:45:00Z,timeout_1m,old_wrong_logic
rank32b-zecusdt-2194ee52edbf4ab4,ZECUSDT,short,2026-01-17T00:30:00Z,2026-01-17T00:30:00Z,target_1m,old_wrong_logic
rank32b-bchusdt-b8d8e81cb1a954dc,BCHUSDT,short,2026-01-17T04:00:00Z,2026-01-17T04:00:00Z,target_1m,old_wrong_logic
rank32b-pippinusdt-4b8b93afff68f081,PIPPINUSDT,short,2026-01-17T05:30:00Z,2026-01-17T05:30:00Z,stop_1m,old_wrong_logic
rank32b-aaveusdt-87d3dcf4af70c0a7,AAVEUSDT,long,2026-01-17T08:30:00Z,2026-01-17T08:30:00Z,timeout_1m,old_wrong_logic
rank32b-fartcoinusdt-6d4fd057270de781,FARTCOINUSDT,short,2026-01-17T12:30:00Z,2026-01-17T12:30:00Z,target_1m,old_wrong_logic
rank32b-turbousdt-9f7a997b0b1a0380,TURBOUSDT,short,2026-01-17T16:30:00Z,2026-01-17T16:30:00Z,timeout_1m,old_wrong_logic
rank32b-tradoorusdt-8ecafcdddc794468,TRADOORUSDT,short,2026-01-17T19:15:00Z,2026-01-17T19:15:00Z,timeout_1m,old_wrong_logic
rank32b-beatusdt-9b85b5b800351f55,BEATUSDT,long,2026-01-17T20:15:00Z,2026-01-17T20:15:00Z,timeout_1m,old_wrong_logic
rank32b-brettusdt-fe480c7eacb90e4b,BRETTUSDT,short,2026-01-17T22:15:00Z,2026-01-17T22:15:00Z,target_1m,old_wrong_logic
rank32b-dogeusdt-172bfbb4cb0d198f,DOGEUSDT,short,2026-01-18T00:30:00Z,2026-01-18T00:30:00Z,target_1m,old_wrong_logic
rank32b-avaxusdt-89e2810fa182ec6c,AVAXUSDT,short,2026-01-18T01:45:00Z,2026-01-18T01:45:00Z,stop_1m,old_wrong_logic
rank32b-zecusdt-8de3785efb974101,ZECUSDT,short,2026-01-18T12:30:00Z,2026-01-18T12:30:00Z,target_1m,old_wrong_logic
rank32b-brettusdt-9afba4f6b4e58e17,BRETTUSDT,short,2026-01-18T12:45:00Z,2026-01-18T12:45:00Z,target_1m,old_wrong_logic
rank32b-dogeusdt-c03bb4ccf7533b6d,DOGEUSDT,short,2026-01-18T14:45:00Z,2026-01-18T14:45:00Z,target_1m,old_wrong_logic
rank32b-actusdt-11d626ac6dd8245d,ACTUSDT,short,2026-01-18T15:00:00Z,2026-01-18T15:00:00Z,target_1m,old_wrong_logic
rank32b-bchusdt-946fbaf0b5b92f0f,BCHUSDT,short,2026-01-18T16:30:00Z,2026-01-18T16:30:00Z,stop_1m,old_wrong_logic
rank32b-wldusdt-18d7b0961df7c9ab,WLDUSDT,short,2026-01-18T19:15:00Z,2026-01-18T19:15:00Z,target_1m,old_wrong_logic
rank32b-turbousdt-68b3776f8c69ff4a,TURBOUSDT,short,2026-01-18T19:30:00Z,2026-01-18T19:30:00Z,timeout_1m,old_wrong_logic
rank32b-beatusdt-c48c494e9204e11b,BEATUSDT,long,2026-01-18T22:15:00Z,2026-01-18T22:15:00Z,stop_1m,old_wrong_logic
rank32b-brettusdt-696d69bdab14699c,BRETTUSDT,short,2026-01-18T23:15:00Z,2026-01-18T23:15:00Z,target_1m,old_wrong_logic
rank32b-dotusdt-39710dfcdd9efc62,DOTUSDT,short,2026-01-18T23:30:00Z,2026-01-18T23:30:00Z,target_1m,old_wrong_logic
rank32b-fartcoinusdt-88a92c7d307fcc20,FARTCOINUSDT,short,2026-01-19T15:30:00Z,2026-01-19T15:30:00Z,stop_1m,old_wrong_logic
rank32b-actusdt-818aa97f46ee3d60,ACTUSDT,short,2026-01-19T20:00:00Z,2026-01-19T20:00:00Z,target_1m,old_wrong_logic
rank32b-turbousdt-08660b6139280153,TURBOUSDT,short,2026-01-19T21:15:00Z,2026-01-19T21:15:00Z,target_1m,old_wrong_logic
rank32b-linkusdt-158d57adee853b0b,LINKUSDT,short,2026-01-19T21:30:00Z,2026-01-19T21:30:00Z,target_1m,old_wrong_logic
rank32b-dogeusdt-074b5d42f6ba4f41,DOGEUSDT,short,2026-01-19T22:15:00Z,2026-01-19T22:15:00Z,stop_1m,old_wrong_logic
rank32b-wldusdt-8e4f72966e0aa551,WLDUSDT,short,2026-01-19T22:45:00Z,2026-01-19T22:45:00Z,stop_1m,old_wrong_logic
rank32b-tradoorusdt-6d365c7cf3bac363,TRADOORUSDT,short,2026-01-19T23:30:00Z,2026-01-19T23:30:00Z,target_1m,old_wrong_logic
rank32b-wldusdt-1527c8313097efd6,WLDUSDT,short,2026-01-20T00:30:00Z,2026-01-20T00:30:00Z,target_1m,old_wrong_logic
rank32b-brettusdt-a30ce9a1f7e4e005,BRETTUSDT,short,2026-01-20T01:45:00Z,2026-01-20T01:45:00Z,stop_1m,old_wrong_logic
rank32b-beatusdt-8cd2245c29fe610d,BEATUSDT,short,2026-01-20T07:15:00Z,2026-01-20T07:15:00Z,timeout_1m,old_wrong_logic
rank32b-actusdt-4c05986015fc5bf4,ACTUSDT,short,2026-01-20T07:30:00Z,2026-01-20T07:30:00Z,target_1m,old_wrong_logic
rank32b-turbousdt-c86ed7b8790197f4,TURBOUSDT,short,2026-01-20T15:00:00Z,2026-01-20T15:00:00Z,target_1m,old_wrong_logic
rank32b-actusdt-1e3c37750ceb6d2d,ACTUSDT,short,2026-01-20T15:30:00Z,2026-01-20T15:30:00Z,target_1m,old_wrong_logic
rank32b-nearusdt-cd25725a69311a26,NEARUSDT,short,2026-01-21T06:15:00Z,2026-01-21T06:15:00Z,timeout_1m,old_wrong_logic
rank32b-avaxusdt-7dbdb4240161d255,AVAXUSDT,short,2026-01-21T06:45:00Z,2026-01-21T06:45:00Z,target_1m,old_wrong_logic
rank32b-fartcoinusdt-ec3439f3e25cacd6,FARTCOINUSDT,short,2026-01-21T08:45:00Z,2026-01-21T08:45:00Z,stop_1m,old_wrong_logic
rank32b-1000pepeusdt-65e1b79a1ed63080,1000PEPEUSDT,short,2026-01-21T10:30:00Z,2026-01-21T10:30:00Z,target_1m,old_wrong_logic
rank32b-brettusdt-82a4f8ef9c508fe2,BRETTUSDT,short,2026-01-21T10:45:00Z,2026-01-21T10:45:00Z,target_1m,old_wrong_logic
rank32b-fartcoinusdt-f77d9a4dbd6aebf7,FARTCOINUSDT,short,2026-01-21T11:00:00Z,2026-01-21T11:00:00Z,target_1m,old_wrong_logic
rank32b-adausdt-a50c25b6dc8c0e77,ADAUSDT,short,2026-01-21T11:45:00Z,2026-01-21T11:45:00Z,target_1m,old_wrong_logic
rank32b-uniusdt-d133b7046eb3d8b7,UNIUSDT,short,2026-01-21T13:30:00Z,2026-01-21T13:30:00Z,stop_1m,old_wrong_logic
rank32b-suiusdt-40419f7076346d86,SUIUSDT,short,2026-01-21T16:30:00Z,2026-01-21T16:30:00Z,target_1m,old_wrong_logic
rank32b-fartcoinusdt-a0aedaf2a2fe3500,FARTCOINUSDT,short,2026-01-21T16:45:00Z,2026-01-21T16:45:00Z,target_1m,old_wrong_logic
rank32b-bchusdt-00114893070aa3ad,BCHUSDT,long,2026-01-21T19:45:00Z,2026-01-21T19:45:00Z,timeout_1m,old_wrong_logic
rank32b-beatusdt-5f38aa659ecfadf2,BEATUSDT,short,2026-01-21T23:30:00Z,2026-01-21T23:30:00Z,target_1m,old_wrong_logic
rank32b-dotusdt-28baa21c27d430f1,DOTUSDT,short,2026-01-22T05:30:00Z,2026-01-22T05:30:00Z,target_1m,old_wrong_logic
rank32b-fartcoinusdt-d5f5e7d52601c78b,FARTCOINUSDT,short,2026-01-22T07:15:00Z,2026-01-22T07:15:00Z,target_1m,old_wrong_logic
rank32b-nearusdt-60efcc449cb02445,NEARUSDT,short,2026-01-22T11:15:00Z,2026-01-22T11:15:00Z,target_1m,old_wrong_logic
rank32b-fartcoinusdt-69fe1068b53dccd1,FARTCOINUSDT,short,2026-01-22T13:45:00Z,2026-01-22T13:45:00Z,target_1m,old_wrong_logic
rank32b-tradoorusdt-4f7d05248ef86fa0,TRADOORUSDT,short,2026-01-22T14:00:00Z,2026-01-22T14:00:00Z,timeout_1m,old_wrong_logic
rank32b-dotusdt-cd9b91f5131a7125,DOTUSDT,short,2026-01-22T14:30:00Z,2026-01-22T14:30:00Z,target_1m,old_wrong_logic
rank32b-zecusdt-4e78e10863d2fd8c,ZECUSDT,short,2026-01-22T14:45:00Z,2026-01-22T14:45:00Z,stop_1m,old_wrong_logic
rank32b-pippinusdt-20af6cb114c04853,PIPPINUSDT,long,2026-01-22T18:30:00Z,2026-01-22T18:30:00Z,target_1m,old_wrong_logic
rank32b-beatusdt-817d6f7b8fc917a0,BEATUSDT,short,2026-01-22T23:00:00Z,2026-01-22T23:00:00Z,stop_1m,old_wrong_logic
rank32b-adausdt-976eab4f632fd8f4,ADAUSDT,short,2026-01-23T02:15:00Z,2026-01-23T02:15:00Z,stop_1m,old_wrong_logic
rank32b-suiusdt-2a605393a8ff7b36,SUIUSDT,short,2026-01-23T02:30:00Z,2026-01-23T02:30:00Z,stop_1m,old_wrong_logic
rank32b-solusdt-e965047f73155460,SOLUSDT,short,2026-01-23T06:30:00Z,2026-01-23T06:30:00Z,target_1m,old_wrong_logic
rank32b-wldusdt-67c250e6e082eeb5,WLDUSDT,short,2026-01-23T08:30:00Z,2026-01-23T08:30:00Z,target_1m,old_wrong_logic
rank32b-brettusdt-cfdfdbb60a1c107c,BRETTUSDT,short,2026-01-23T08:45:00Z,2026-01-23T08:45:00Z,timeout_1m,old_wrong_logic
rank32b-zecusdt-42ec16a22d9a1e96,ZECUSDT,long,2026-01-23T10:45:00Z,2026-01-23T10:45:00Z,timeout_1m,old_wrong_logic
rank32b-tradoorusdt-836409358cd2a1cd,TRADOORUSDT,short,2026-01-23T11:00:00Z,2026-01-23T11:00:00Z,stop_1m,old_wrong_logic
rank32b-tradoorusdt-902989596071be95,TRADOORUSDT,short,2026-01-23T12:45:00Z,2026-01-23T12:45:00Z,timeout_1m,old_wrong_logic
rank32b-dogeusdt-fb2755c13677eaf6,DOGEUSDT,short,2026-01-23T13:30:00Z,2026-01-23T13:30:00Z,target_1m,old_wrong_logic
rank32b-aaveusdt-c4ef07d3f78559ab,AAVEUSDT,short,2026-01-23T14:30:00Z,2026-01-23T14:30:00Z,target_1m,old_wrong_logic
rank32b-fartcoinusdt-c26f11ea406519c0,FARTCOINUSDT,short,2026-01-23T14:45:00Z,2026-01-23T14:45:00Z,stop_1m,old_wrong_logic
rank32b-beatusdt-4d83c090534c2347,BEATUSDT,short,2026-01-23T16:30:00Z,2026-01-23T16:30:00Z,stop_1m,old_wrong_logic
rank32b-brettusdt-e8234fb01209a90f,BRETTUSDT,short,2026-01-23T19:30:00Z,2026-01-23T19:30:00Z,timeout_1m,old_wrong_logic
rank32b-solusdt-6a5f7e4c03d8c0a0,SOLUSDT,short,2026-01-23T20:30:00Z,2026-01-23T20:30:00Z,timeout_1m,old_wrong_logic
rank32b-1000pepeusdt-b4014c9dc1c1f175,1000PEPEUSDT,short,2026-01-23T21:30:00Z,2026-01-23T21:30:00Z,timeout_1m,old_wrong_logic
rank32b-pippinusdt-6e9f2a52ec2d61fa,PIPPINUSDT,long,2026-01-23T23:15:00Z,2026-01-23T23:15:00Z,stop_1m,old_wrong_logic
rank32b-actusdt-c0f457154b674e1a,ACTUSDT,short,2026-01-24T00:15:00Z,2026-01-24T00:15:00Z,timeout_1m,old_wrong_logic
rank32b-zecusdt-d05f9284fbd5607d,ZECUSDT,long,2026-01-24T02:30:00Z,2026-01-24T02:30:00Z,target_1m,old_wrong_logic
rank32b-dotusdt-e73e9809a570f9d7,DOTUSDT,short,2026-01-24T07:30:00Z,2026-01-24T07:30:00Z,stop_1m,old_wrong_logic
rank32b-actusdt-5c257e2d562c4de5,ACTUSDT,short,2026-01-24T09:15:00Z,2026-01-24T09:15:00Z,timeout_1m,old_wrong_logic
rank32b-fartcoinusdt-0e16fb5f27bc0bd3,FARTCOINUSDT,short,2026-01-24T11:45:00Z,2026-01-24T11:45:00Z,target_1m,old_wrong_logic
rank32b-turbousdt-7cb6f4c11f8c4ea7,TURBOUSDT,short,2026-01-24T13:15:00Z,2026-01-24T13:15:00Z,target_1m,old_wrong_logic
rank32b-turbousdt-5883fe278e25ae53,TURBOUSDT,short,2026-01-24T15:30:00Z,2026-01-24T15:30:00Z,target_1m,old_wrong_logic
rank32b-suiusdt-241cc7826d2f04ca,SUIUSDT,short,2026-01-24T15:45:00Z,2026-01-24T15:45:00Z,target_1m,old_wrong_logic
rank32b-actusdt-d7c78d8357162264,ACTUSDT,short,2026-01-24T16:15:00Z,2026-01-24T16:15:00Z,timeout_1m,old_wrong_logic
rank32b-pippinusdt-113c6165da506782,PIPPINUSDT,long,2026-01-24T17:15:00Z,2026-01-24T17:15:00Z,timeout_1m,old_wrong_logic
rank32b-tradoorusdt-34723e614cd42f4f,TRADOORUSDT,long,2026-01-24T20:30:00Z,2026-01-24T20:30:00Z,timeout_1m,old_wrong_logic
rank32b-fartcoinusdt-1129a88478410606,FARTCOINUSDT,short,2026-01-24T23:45:00Z,2026-01-24T23:45:00Z,stop_1m,old_wrong_logic
rank32b-wldusdt-fe943b69774682ed,WLDUSDT,short,2026-01-25T01:15:00Z,2026-01-25T01:15:00Z,target_1m,old_wrong_logic
rank32b-actusdt-3b1679aaa5a0f5ed,ACTUSDT,short,2026-01-25T02:30:00Z,2026-01-25T02:30:00Z,stop_1m,old_wrong_logic
rank32b-tradoorusdt-c138bbb706de5c2a,TRADOORUSDT,short,2026-01-25T04:30:00Z,2026-01-25T04:30:00Z,target_1m,old_wrong_logic
rank32b-nearusdt-d306cfaa66acdf7d,NEARUSDT,short,2026-01-25T08:30:00Z,2026-01-25T08:30:00Z,target_1m,old_wrong_logic
rank32b-dotusdt-c28b7c8b111c3181,DOTUSDT,short,2026-01-25T11:45:00Z,2026-01-25T11:45:00Z,target_1m,old_wrong_logic
rank32b-tradoorusdt-fa6224075d324e8f,TRADOORUSDT,short,2026-01-25T13:30:00Z,2026-01-25T13:30:00Z,target_1m,old_wrong_logic
rank32b-solusdt-d09132604b2e36ce,SOLUSDT,short,2026-01-25T14:15:00Z,2026-01-25T14:15:00Z,target_1m,old_wrong_logic
rank32b-ltcusdt-c7df0f1376ebb3dd,LTCUSDT,long,2026-01-25T15:15:00Z,2026-01-25T15:15:00Z,stop_1m,old_wrong_logic
rank32b-brettusdt-54db3a32445e2ff2,BRETTUSDT,short,2026-01-25T15:45:00Z,2026-01-25T15:45:00Z,target_1m,old_wrong_logic
rank32b-dotusdt-ee6b53c4368b3b4c,DOTUSDT,short,2026-01-26T02:15:00Z,2026-01-26T02:15:00Z,timeout_1m,old_wrong_logic
rank32b-brettusdt-260afd54cf23f417,BRETTUSDT,short,2026-01-26T03:30:00Z,2026-01-26T03:30:00Z,stop_1m,old_wrong_logic
rank32b-uniusdt-87f6e6b4aec4ef91,UNIUSDT,short,2026-01-26T09:15:00Z,2026-01-26T09:15:00Z,timeout_1m,old_wrong_logic
rank32b-uniusdt-60f5978c8e50643d,UNIUSDT,short,2026-01-26T11:30:00Z,2026-01-26T11:30:00Z,stop_1m,old_wrong_logic
rank32b-fartcoinusdt-6c0f933df4275808,FARTCOINUSDT,short,2026-01-26T12:30:00Z,2026-01-26T12:30:00Z,stop_1m,old_wrong_logic
rank32b-wldusdt-ff461ac31cb85324,WLDUSDT,short,2026-01-26T20:30:00Z,2026-01-26T20:30:00Z,stop_1m,old_wrong_logic
rank32b-pippinusdt-02a362c7bfbd18a1,PIPPINUSDT,short,2026-01-27T03:00:00Z,2026-01-27T03:00:00Z,stop_1m,old_wrong_logic
rank32b-wldusdt-6a13e8239b98bca0,WLDUSDT,short,2026-01-27T03:15:00Z,2026-01-27T03:15:00Z,timeout_1m,old_wrong_logic
rank32b-uniusdt-73c409d5ab32f593,UNIUSDT,short,2026-01-27T06:30:00Z,2026-01-27T06:30:00Z,timeout_1m,old_wrong_logic
rank32b-fartcoinusdt-378f727f8a51f47d,FARTCOINUSDT,short,2026-01-27T06:45:00Z,2026-01-27T06:45:00Z,stop_1m,old_wrong_logic
rank32b-turbousdt-f9a45fd92f128c0c,TURBOUSDT,short,2026-01-27T13:30:00Z,2026-01-27T13:30:00Z,stop_1m,old_wrong_logic
rank32b-nearusdt-c74e15e53150802a,NEARUSDT,short,2026-01-27T14:45:00Z,2026-01-27T14:45:00Z,stop_1m,old_wrong_logic
rank32b-solusdt-f7822fc04f4000cb,SOLUSDT,long,2026-01-27T18:15:00Z,2026-01-27T18:15:00Z,target_1m,old_wrong_logic
rank32b-actusdt-30cb63b7bf83c2b3,ACTUSDT,short,2026-01-28T03:45:00Z,2026-01-28T03:45:00Z,target_1m,old_wrong_logic
rank32b-xrpusdt-fa9b135b49d9c8fe,XRPUSDT,long,2026-01-28T05:45:00Z,2026-01-28T05:45:00Z,target_1m,old_wrong_logic
rank32b-aaveusdt-3e95aa12fc6d5ecb,AAVEUSDT,long,2026-01-28T06:15:00Z,2026-01-28T06:15:00Z,target_1m,old_wrong_logic
rank32b-ethusdt-ad3af83cb97223c7,ETHUSDT,long,2026-01-28T09:30:00Z,2026-01-28T09:30:00Z,target_1m,old_wrong_logic
rank32b-zecusdt-da0952eef4b29a27,ZECUSDT,long,2026-01-28T09:45:00Z,2026-01-28T09:45:00Z,target_1m,old_wrong_logic
rank32b-tradoorusdt-15a181999b2cb768,TRADOORUSDT,long,2026-01-28T10:00:00Z,2026-01-28T10:00:00Z,target_1m,old_wrong_logic
rank32b-actusdt-2881aba4ea6acc57,ACTUSDT,short,2026-01-28T10:30:00Z,2026-01-28T10:30:00Z,target_1m,old_wrong_logic
rank32b-nearusdt-76c53040727bf7da,NEARUSDT,long,2026-01-28T11:30:00Z,2026-01-28T11:30:00Z,target_1m,old_wrong_logic
rank32b-linkusdt-2b58de5666a52de4,LINKUSDT,long,2026-01-28T11:45:00Z,2026-01-28T11:45:00Z,target_1m,old_wrong_logic
rank32b-ltcusdt-4f91b5a23f937d01,LTCUSDT,long,2026-01-28T12:00:00Z,2026-01-28T12:00:00Z,stop_1m,old_wrong_logic
rank32b-uniusdt-93a9ce7165267efd,UNIUSDT,long,2026-01-28T17:15:00Z,2026-01-28T17:15:00Z,stop_1m,old_wrong_logic
rank32b-uniusdt-8bd46451509c2a4b,UNIUSDT,long,2026-01-28T17:45:00Z,2026-01-28T17:45:00Z,timeout_1m,old_wrong_logic
rank32b-aaveusdt-f6fde993b7633965,AAVEUSDT,long,2026-01-28T22:30:00Z,2026-01-28T22:30:00Z,timeout_1m,old_wrong_logic
rank32b-brettusdt-41ea035d5bea95a3,BRETTUSDT,long,2026-01-28T22:45:00Z,2026-01-28T22:45:00Z,stop_1m,old_wrong_logic
rank32b-tradoorusdt-f821ee95689c76f2,TRADOORUSDT,long,2026-01-29T09:45:00Z,2026-01-29T09:45:00Z,target_1m,old_wrong_logic
rank32b-beatusdt-11483201ff2ff164,BEATUSDT,short,2026-01-29T13:00:00Z,2026-01-29T13:00:00Z,stop_1m,old_wrong_logic
rank32b-tradoorusdt-675c35fb18faf4fb,TRADOORUSDT,long,2026-01-29T19:30:00Z,2026-01-29T19:30:00Z,timeout_1m,old_wrong_logic
rank32b-suiusdt-841faa8ba7d98dc5,SUIUSDT,short,2026-01-30T01:30:00Z,2026-01-30T01:30:00Z,target_1m,old_wrong_logic
rank32b-tradoorusdt-2caa2e0d0365e114,TRADOORUSDT,long,2026-01-30T04:45:00Z,2026-01-30T04:45:00Z,timeout_1m,old_wrong_logic
rank32b-tradoorusdt-a3b97d4769345f19,TRADOORUSDT,long,2026-01-30T07:30:00Z,2026-01-30T07:30:00Z,target_1m,old_wrong_logic
rank32b-solusdt-bb0139f17acc8929,SOLUSDT,short,2026-01-30T12:15:00Z,2026-01-30T12:15:00Z,target_1m,old_wrong_logic
rank32b-xrpusdt-f1e42a4aa6b0f73f,XRPUSDT,short,2026-01-30T15:00:00Z,2026-01-30T15:00:00Z,stop_1m,old_wrong_logic
rank32b-suiusdt-82cd5c57cd092cf6,SUIUSDT,short,2026-01-30T17:45:00Z,2026-01-30T17:45:00Z,target_1m,old_wrong_logic
rank32b-suiusdt-5e076eb3f2fa84cc,SUIUSDT,short,2026-01-30T20:15:00Z,2026-01-30T20:15:00Z,timeout_1m,old_wrong_logic
rank32b-brettusdt-61f3e5eb1c9f0292,BRETTUSDT,short,2026-01-30T20:30:00Z,2026-01-30T20:30:00Z,timeout_1m,old_wrong_logic
rank32b-pippinusdt-129458791ed86caf,PIPPINUSDT,short,2026-01-31T03:30:00Z,2026-01-31T03:30:00Z,timeout_1m,old_wrong_logic
rank32b-ltcusdt-6c2c004861816c1b,LTCUSDT,short,2026-01-31T04:30:00Z,2026-01-31T04:30:00Z,target_1m,old_wrong_logic
rank32b-aaveusdt-494e0be90310a94a,AAVEUSDT,short,2026-02-01T02:30:00Z,2026-02-01T02:30:00Z,timeout_1m,old_wrong_logic
rank32b-zecusdt-5044fc6d93bee05d,ZECUSDT,short,2026-02-01T03:15:00Z,2026-02-01T03:15:00Z,timeout_1m,old_wrong_logic
rank32b-avaxusdt-064bc5cdf395457f,AVAXUSDT,short,2026-02-01T06:30:00Z,2026-02-01T06:30:00Z,target_1m,old_wrong_logic
rank32b-tradoorusdt-346afc83e9374455,TRADOORUSDT,long,2026-02-01T09:30:00Z,2026-02-01T09:30:00Z,target_1m,old_wrong_logic
rank32b-suiusdt-767a7e37c7fbec43,SUIUSDT,short,2026-02-01T10:30:00Z,2026-02-01T10:30:00Z,target_1m,old_wrong_logic
rank32b-zecusdt-67d3b84fdd868fd3,ZECUSDT,short,2026-02-01T18:30:00Z,2026-02-01T18:30:00Z,target_1m,old_wrong_logic
rank32b-dogeusdt-bb3825185926df37,DOGEUSDT,short,2026-02-01T19:15:00Z,2026-02-01T19:15:00Z,timeout_1m,old_wrong_logic
rank32b-1000pepeusdt-e0e1c54387dbabe2,1000PEPEUSDT,short,2026-02-01T19:45:00Z,2026-02-01T19:45:00Z,timeout_1m,old_wrong_logic
rank32b-beatusdt-dfd7945b9b67b20a,BEATUSDT,short,2026-02-01T20:30:00Z,2026-02-01T20:30:00Z,stop_1m,old_wrong_logic
rank32b-beatusdt-3d1dce7e0ca77f9e,BEATUSDT,short,2026-02-01T22:30:00Z,2026-02-01T22:30:00Z,target_1m,old_wrong_logic
rank32b-dogeusdt-8ffedbc076032b03,DOGEUSDT,short,2026-02-02T00:00:00Z,2026-02-02T00:00:00Z,stop_1m,old_wrong_logic
rank32b-beatusdt-6a7c83d5e3fc74cf,BEATUSDT,short,2026-02-02T01:00:00Z,2026-02-02T01:00:00Z,timeout_1m,old_wrong_logic
rank32b-fartcoinusdt-0366b0088a26ba41,FARTCOINUSDT,short,2026-02-02T02:15:00Z,2026-02-02T02:15:00Z,target_1m,old_wrong_logic
rank32b-brettusdt-d3155697da2937e9,BRETTUSDT,short,2026-02-02T02:45:00Z,2026-02-02T02:45:00Z,target_1m,old_wrong_logic
rank32b-brettusdt-6a100487f190f11c,BRETTUSDT,short,2026-02-02T04:45:00Z,2026-02-02T04:45:00Z,target_1m,old_wrong_logic
rank32b-pippinusdt-e858f693a9214629,PIPPINUSDT,short,2026-02-02T05:30:00Z,2026-02-02T05:30:00Z,timeout_1m,old_wrong_logic
rank32b-brettusdt-620abd51fa68e631,BRETTUSDT,short,2026-02-02T07:15:00Z,2026-02-02T07:15:00Z,timeout_1m,old_wrong_logic
rank32b-pippinusdt-a5de60931d6de802,PIPPINUSDT,short,2026-02-02T08:30:00Z,2026-02-02T08:30:00Z,timeout_1m,old_wrong_logic
rank32b-ethusdt-9e809c141e1c9e61,ETHUSDT,short,2026-02-02T10:15:00Z,2026-02-02T10:15:00Z,timeout_1m,old_wrong_logic
rank32b-turbousdt-571d84434a2b1eab,TURBOUSDT,short,2026-02-02T11:30:00Z,2026-02-02T11:30:00Z,stop_1m,old_wrong_logic
rank32b-pippinusdt-30f6a7fe2ed52475,PIPPINUSDT,short,2026-02-02T19:30:00Z,2026-02-02T19:30:00Z,timeout_1m,old_wrong_logic
rank32b-xrpusdt-5fb5c0b8da9a7e96,XRPUSDT,short,2026-02-02T20:45:00Z,2026-02-02T20:45:00Z,stop_1m,old_wrong_logic
rank32b-ethusdt-a82297a6187fcace,ETHUSDT,short,2026-02-03T02:45:00Z,2026-02-03T02:45:00Z,target_1m,old_wrong_logic
rank32b-dogeusdt-f6440ffaa264d90b,DOGEUSDT,long,2026-02-03T03:45:00Z,2026-02-03T03:45:00Z,target_1m,old_wrong_logic
rank32b-ethusdt-1a4def419b511f28,ETHUSDT,short,2026-02-03T05:15:00Z,2026-02-03T05:15:00Z,timeout_1m,old_wrong_logic
rank32b-dotusdt-9878483f65d5ff30,DOTUSDT,short,2026-02-03T06:00:00Z,2026-02-03T06:00:00Z,stop_1m,old_wrong_logic
rank32b-dogeusdt-063c811df76c5965,DOGEUSDT,long,2026-02-03T07:30:00Z,2026-02-03T07:30:00Z,target_1m,old_wrong_logic
rank32b-solusdt-f5e4730f72996fb2,SOLUSDT,short,2026-02-03T09:15:00Z,2026-02-03T09:15:00Z,timeout_1m,old_wrong_logic
rank32b-adausdt-6500d976c33e7c74,ADAUSDT,long,2026-02-03T12:15:00Z,2026-02-03T12:15:00Z,timeout_1m,old_wrong_logic
rank32b-fartcoinusdt-70c445c77985e43e,FARTCOINUSDT,short,2026-02-03T14:45:00Z,2026-02-03T14:45:00Z,target_1m,old_wrong_logic
rank32b-dogeusdt-e4eb9ca33264e26f,DOGEUSDT,long,2026-02-03T15:30:00Z,2026-02-03T15:30:00Z,target_1m,old_wrong_logic
rank32b-tradoorusdt-647b00610655b495,TRADOORUSDT,long,2026-02-03T20:45:00Z,2026-02-03T20:45:00Z,timeout_1m,old_wrong_logic
rank32b-beatusdt-7575e0e9810c3649,BEATUSDT,short,2026-02-03T21:30:00Z,2026-02-03T21:30:00Z,target_1m,old_wrong_logic
rank32b-zecusdt-a08262f35ce711f7,ZECUSDT,short,2026-02-03T22:00:00Z,2026-02-03T22:00:00Z,target_1m,old_wrong_logic
rank32b-pippinusdt-f084c3162f788d69,PIPPINUSDT,short,2026-02-03T23:00:00Z,2026-02-03T23:00:00Z,stop_1m,old_wrong_logic
rank32b-bchusdt-755750aaf6e90ede,BCHUSDT,long,2026-02-04T00:30:00Z,2026-02-04T00:30:00Z,target_1m,old_wrong_logic
rank32b-brettusdt-eba04e20af96eec7,BRETTUSDT,short,2026-02-04T01:30:00Z,2026-02-04T01:30:00Z,timeout_1m,old_wrong_logic
rank32b-fartcoinusdt-73c58efceca2cf7f,FARTCOINUSDT,short,2026-02-04T02:00:00Z,2026-02-04T02:00:00Z,timeout_1m,old_wrong_logic
rank32b-1000pepeusdt-17298bcc4b479679,1000PEPEUSDT,short,2026-02-04T02:15:00Z,2026-02-04T02:15:00Z,stop_1m,old_wrong_logic
rank32b-bnbusdt-0e77c3f99fdc7464,BNBUSDT,short,2026-02-04T04:30:00Z,2026-02-04T04:30:00Z,target_1m,old_wrong_logic
rank32b-zecusdt-8fd79fc353c196e6,ZECUSDT,short,2026-02-04T05:30:00Z,2026-02-04T05:30:00Z,stop_1m,old_wrong_logic
rank32b-suiusdt-9732e6a9f7531f97,SUIUSDT,short,2026-02-04T05:45:00Z,2026-02-04T05:45:00Z,stop_1m,old_wrong_logic
rank32b-wldusdt-cf1a63c46f63b4b3,WLDUSDT,long,2026-02-04T06:15:00Z,2026-02-04T06:15:00Z,timeout_1m,old_wrong_logic
rank32b-wldusdt-574719bc09eb972b,WLDUSDT,long,2026-02-04T08:45:00Z,2026-02-04T08:45:00Z,stop_1m,old_wrong_logic
rank32b-dotusdt-2940c2a832a2a28c,DOTUSDT,short,2026-02-04T09:30:00Z,2026-02-04T09:30:00Z,target_1m,old_wrong_logic
rank32b-tradoorusdt-764a103fb0f24cd7,TRADOORUSDT,long,2026-02-04T10:15:00Z,2026-02-04T10:15:00Z,target_1m,old_wrong_logic
rank32b-pippinusdt-0041403cb8551a47,PIPPINUSDT,short,2026-02-04T12:30:00Z,2026-02-04T12:30:00Z,stop_1m,old_wrong_logic
rank32b-dotusdt-1e8b5681d187fb56,DOTUSDT,short,2026-02-04T22:45:00Z,2026-02-04T22:45:00Z,stop_1m,old_wrong_logic
rank32b-bchusdt-54ade05e68a19683,BCHUSDT,long,2026-02-04T23:15:00Z,2026-02-04T23:15:00Z,target_1m,old_wrong_logic
rank32b-1000pepeusdt-9bfaf9c8eb956d82,1000PEPEUSDT,short,2026-02-05T00:15:00Z,2026-02-05T00:15:00Z,target_1m,old_wrong_logic
rank32b-aaveusdt-3989b24832a7c358,AAVEUSDT,short,2026-02-05T00:45:00Z,2026-02-05T00:45:00Z,timeout_1m,old_wrong_logic
rank32b-uniusdt-4213d1cb750dcfca,UNIUSDT,short,2026-02-05T01:45:00Z,2026-02-05T01:45:00Z,timeout_1m,old_wrong_logic
rank32b-beatusdt-d2cb59889d05a2d1,BEATUSDT,short,2026-02-05T03:00:00Z,2026-02-05T03:00:00Z,target_1m,old_wrong_logic
rank32b-wldusdt-c65da4cb66036cf8,WLDUSDT,short,2026-02-05T09:30:00Z,2026-02-05T09:30:00Z,target_1m,old_wrong_logic
rank32b-bchusdt-5b59f8c25171d9a9,BCHUSDT,short,2026-02-05T09:45:00Z,2026-02-05T09:45:00Z,target_1m,old_wrong_logic
rank32b-tradoorusdt-4a4f81b1cd2abcb0,TRADOORUSDT,long,2026-02-05T16:45:00Z,2026-02-05T16:45:00Z,stop_1m,old_wrong_logic
rank32b-tradoorusdt-b69e54934b5d193d,TRADOORUSDT,long,2026-02-06T01:00:00Z,2026-02-06T01:00:00Z,target_1m,old_wrong_logic
rank32b-ethusdt-c06c02f390e35b01,ETHUSDT,short,2026-02-06T06:15:00Z,2026-02-06T06:15:00Z,target_1m,old_wrong_logic
rank32b-suiusdt-290c6f357f4dac9c,SUIUSDT,short,2026-02-06T06:30:00Z,2026-02-06T06:30:00Z,timeout_1m,old_wrong_logic
rank32b-turbousdt-19145c2f9801908a,TURBOUSDT,short,2026-02-06T06:45:00Z,2026-02-06T06:45:00Z,target_1m,old_wrong_logic
rank32b-solusdt-781c805496655050,SOLUSDT,short,2026-02-06T10:15:00Z,2026-02-06T10:15:00Z,stop_1m,old_wrong_logic
rank32b-actusdt-8e6110e37a7135c5,ACTUSDT,short,2026-02-06T11:30:00Z,2026-02-06T11:30:00Z,stop_1m,old_wrong_logic
rank32b-fartcoinusdt-098130c0a0a98e95,FARTCOINUSDT,short,2026-02-07T01:15:00Z,2026-02-07T01:15:00Z,stop_1m,old_wrong_logic
rank32b-bnbusdt-b6b52c53adf6f4ee,BNBUSDT,short,2026-02-07T06:45:00Z,2026-02-07T06:45:00Z,target_1m,old_wrong_logic
rank32b-aaveusdt-c6f657641a476070,AAVEUSDT,short,2026-02-07T07:15:00Z,2026-02-07T07:15:00Z,stop_1m,old_wrong_logic
rank32b-1000pepeusdt-d91ba67eb736b7bf,1000PEPEUSDT,short,2026-02-07T13:15:00Z,2026-02-07T13:15:00Z,target_1m,old_wrong_logic
rank32b-turbousdt-a6bb7d084df5e668,TURBOUSDT,short,2026-02-07T14:15:00Z,2026-02-07T14:15:00Z,stop_1m,old_wrong_logic
rank32b-dotusdt-9513e2efae61d6ee,DOTUSDT,short,2026-02-07T14:45:00Z,2026-02-07T14:45:00Z,stop_1m,old_wrong_logic
rank32b-wldusdt-ed2848bd5f8691dd,WLDUSDT,long,2026-02-07T17:30:00Z,2026-02-07T17:30:00Z,target_1m,old_wrong_logic
rank32b-actusdt-d3ac267e7709b5c9,ACTUSDT,long,2026-02-07T18:30:00Z,2026-02-07T18:30:00Z,stop_1m,old_wrong_logic
rank32b-actusdt-c933b8762abdd081,ACTUSDT,long,2026-02-07T23:15:00Z,2026-02-07T23:15:00Z,stop_1m,old_wrong_logic
rank32b-turbousdt-a5177be01bdef2df,TURBOUSDT,short,2026-02-08T00:15:00Z,2026-02-08T00:15:00Z,target_1m,old_wrong_logic
rank32b-bnbusdt-4eebcc30f6fcbfdd,BNBUSDT,short,2026-02-08T03:45:00Z,2026-02-08T03:45:00Z,target_1m,old_wrong_logic
rank32b-ethusdt-39c94f6157abf1cd,ETHUSDT,long,2026-02-08T07:45:00Z,2026-02-08T07:45:00Z,target_1m,old_wrong_logic
rank32b-xrpusdt-14992f4c98f6a2e0,XRPUSDT,long,2026-02-08T08:30:00Z,2026-02-08T08:30:00Z,target_1m,old_wrong_logic
rank32b-turbousdt-ce386aeceda2888d,TURBOUSDT,short,2026-02-08T09:15:00Z,2026-02-08T09:15:00Z,target_1m,old_wrong_logic
rank32b-nearusdt-c6f0ab72cec26593,NEARUSDT,short,2026-02-08T09:30:00Z,2026-02-08T09:30:00Z,target_1m,old_wrong_logic
rank32b-1000pepeusdt-99a8ad0805017b14,1000PEPEUSDT,short,2026-02-08T10:30:00Z,2026-02-08T10:30:00Z,stop_1m,old_wrong_logic
rank32b-dotusdt-b2529d846f9c8d22,DOTUSDT,long,2026-02-08T11:30:00Z,2026-02-08T11:30:00Z,timeout_1m,old_wrong_logic
rank32b-dogeusdt-809ce411154e7f2f,DOGEUSDT,long,2026-02-08T11:45:00Z,2026-02-08T11:45:00Z,stop_1m,old_wrong_logic
rank32b-bchusdt-2ce933be75fea8c4,BCHUSDT,long,2026-02-08T13:00:00Z,2026-02-08T13:00:00Z,stop_1m,old_wrong_logic
rank32b-brettusdt-273fe00295ca1adb,BRETTUSDT,short,2026-02-08T15:30:00Z,2026-02-08T15:30:00Z,target_1m,old_wrong_logic
rank32b-1000pepeusdt-9422f38d7d19f345,1000PEPEUSDT,short,2026-02-08T16:45:00Z,2026-02-08T16:45:00Z,target_1m,old_wrong_logic
rank32b-bchusdt-cf331e45d167bed0,BCHUSDT,long,2026-02-08T18:15:00Z,2026-02-08T18:15:00Z,target_1m,old_wrong_logic
rank32b-ethusdt-70bc4cc86d5c1966,ETHUSDT,long,2026-02-08T18:30:00Z,2026-02-08T18:30:00Z,target_1m,old_wrong_logic
rank32b-aaveusdt-6d69a4c5e0ba95e7,AAVEUSDT,long,2026-02-08T18:45:00Z,2026-02-08T18:45:00Z,timeout_1m,old_wrong_logic
rank32b-brettusdt-9b1c06eb3f41f871,BRETTUSDT,short,2026-02-08T20:15:00Z,2026-02-08T20:15:00Z,target_1m,old_wrong_logic
rank32b-brettusdt-993b35952e0045ca,BRETTUSDT,short,2026-02-09T01:45:00Z,2026-02-09T01:45:00Z,stop_1m,old_wrong_logic
rank32b-tradoorusdt-a0e467c86b139cff,TRADOORUSDT,long,2026-02-09T03:30:00Z,2026-02-09T03:30:00Z,stop_1m,old_wrong_logic
rank32b-actusdt-5efbd2ce1cc20b26,ACTUSDT,short,2026-02-09T04:45:00Z,2026-02-09T04:45:00Z,timeout_1m,old_wrong_logic
rank32b-fartcoinusdt-1938bb219b0364e0,FARTCOINUSDT,short,2026-02-09T06:15:00Z,2026-02-09T06:15:00Z,target_1m,old_wrong_logic
rank32b-uniusdt-7bb012b29809f668,UNIUSDT,short,2026-02-09T07:30:00Z,2026-02-09T07:30:00Z,target_1m,old_wrong_logic
rank32b-beatusdt-babe3fc8a7a07363,BEATUSDT,long,2026-02-09T14:45:00Z,2026-02-09T14:45:00Z,target_1m,old_wrong_logic
rank32b-brettusdt-fff017717f1a90d6,BRETTUSDT,short,2026-02-09T23:30:00Z,2026-02-09T23:30:00Z,timeout_1m,old_wrong_logic
rank32b-aaveusdt-06368ba6c060e58a,AAVEUSDT,short,2026-02-10T00:30:00Z,2026-02-10T00:30:00Z,stop_1m,old_wrong_logic
rank32b-uniusdt-b2f0b23eb2a434a3,UNIUSDT,short,2026-02-10T00:45:00Z,2026-02-10T00:45:00Z,stop_1m,old_wrong_logic
rank32b-zecusdt-f5dbc48731e94e3d,ZECUSDT,long,2026-02-10T01:30:00Z,2026-02-10T01:30:00Z,stop_1m,old_wrong_logic
rank32b-dotusdt-3dd5984900d7e688,DOTUSDT,short,2026-02-10T02:15:00Z,2026-02-10T02:15:00Z,target_1m,old_wrong_logic
rank32b-fartcoinusdt-76497d9ba4b046b1,FARTCOINUSDT,short,2026-02-10T03:30:00Z,2026-02-10T03:30:00Z,stop_1m,old_wrong_logic
rank32b-fartcoinusdt-f32f5bf4810a14d7,FARTCOINUSDT,short,2026-02-10T05:30:00Z,2026-02-10T05:30:00Z,target_1m,old_wrong_logic
rank32b-bnbusdt-2adc8eb5f65e326e,BNBUSDT,short,2026-02-10T06:30:00Z,2026-02-10T06:30:00Z,target_1m,old_wrong_logic
rank32b-actusdt-c978de35e3e2e75b,ACTUSDT,short,2026-02-10T16:15:00Z,2026-02-10T16:15:00Z,timeout_1m,old_wrong_logic
rank32b-uniusdt-c315658d28a57a28,UNIUSDT,short,2026-02-10T18:15:00Z,2026-02-10T18:15:00Z,target_1m,old_wrong_logic
rank32b-zecusdt-dc4a55f017fe79df,ZECUSDT,short,2026-02-11T02:15:00Z,2026-02-11T02:15:00Z,target_1m,old_wrong_logic
rank32b-suiusdt-f0fbcdb168e18152,SUIUSDT,short,2026-02-11T02:45:00Z,2026-02-11T02:45:00Z,target_1m,old_wrong_logic
rank32b-bchusdt-1617ee912678e6de,BCHUSDT,short,2026-02-11T03:15:00Z,2026-02-11T03:15:00Z,target_1m,old_wrong_logic
rank32b-turbousdt-650f46fc9518de59,TURBOUSDT,short,2026-02-11T04:15:00Z,2026-02-11T04:15:00Z,target_1m,old_wrong_logic
rank32b-avaxusdt-e7732ddac37f0ade,AVAXUSDT,short,2026-02-11T04:30:00Z,2026-02-11T04:30:00Z,target_1m,old_wrong_logic
rank32b-turbousdt-01382a33293cca6f,TURBOUSDT,short,2026-02-11T15:00:00Z,2026-02-11T15:00:00Z,stop_1m,old_wrong_logic
rank32b-xrpusdt-f71b1f8ce44361b7,XRPUSDT,short,2026-02-11T17:45:00Z,2026-02-11T17:45:00Z,timeout_1m,old_wrong_logic
rank32b-uniusdt-19b68a721ac104bc,UNIUSDT,long,2026-02-11T20:45:00Z,2026-02-11T20:45:00Z,timeout_1m,old_wrong_logic
rank32b-xrpusdt-8485934c081039b2,XRPUSDT,short,2026-02-11T22:45:00Z,2026-02-11T22:45:00Z,target_1m,old_wrong_logic
rank32b-bchusdt-aa37ef8e5877abd6,BCHUSDT,short,2026-02-12T02:15:00Z,2026-02-12T02:15:00Z,timeout_1m,old_wrong_logic
rank32b-uniusdt-d2a99fe8d46e8530,UNIUSDT,long,2026-02-12T02:45:00Z,2026-02-12T02:45:00Z,stop_1m,old_wrong_logic
rank32b-zecusdt-f14aa895c05c8d0e,ZECUSDT,long,2026-02-12T03:45:00Z,2026-02-12T03:45:00Z,timeout_1m,old_wrong_logic
rank32b-fartcoinusdt-212d9cd6659bd2be,FARTCOINUSDT,short,2026-02-12T04:30:00Z,2026-02-12T04:30:00Z,stop_1m,old_wrong_logic
rank32b-pippinusdt-99b74b87e784c64d,PIPPINUSDT,long,2026-02-12T08:45:00Z,2026-02-12T08:45:00Z,target_1m,old_wrong_logic
rank32b-uniusdt-822e867865ef7bd7,UNIUSDT,long,2026-02-12T13:45:00Z,2026-02-12T13:45:00Z,stop_1m,old_wrong_logic
rank32b-uniusdt-88371ee0cf629cc4,UNIUSDT,short,2026-02-12T14:15:00Z,2026-02-12T14:15:00Z,target_1m,old_wrong_logic
rank32b-ethusdt-5feb19056858ed27,ETHUSDT,short,2026-02-12T15:15:00Z,2026-02-12T15:15:00Z,stop_1m,old_wrong_logic
rank32b-fartcoinusdt-ff5d1db80d471875,FARTCOINUSDT,short,2026-02-12T16:15:00Z,2026-02-12T16:15:00Z,stop_1m,old_wrong_logic
rank32b-fartcoinusdt-e59d3e008d6d55b3,FARTCOINUSDT,short,2026-02-12T17:00:00Z,2026-02-12T17:00:00Z,stop_1m,old_wrong_logic
rank32b-turbousdt-7d61de21f2baa06d,TURBOUSDT,long,2026-02-12T19:30:00Z,2026-02-12T19:30:00Z,timeout_1m,old_wrong_logic
rank32b-fartcoinusdt-25d351dff9aeb953,FARTCOINUSDT,short,2026-02-12T20:15:00Z,2026-02-12T20:15:00Z,timeout_1m,old_wrong_logic
rank32b-turbousdt-6f0aa3e4355a3aa6,TURBOUSDT,long,2026-02-12T22:45:00Z,2026-02-12T22:45:00Z,target_1m,old_wrong_logic
rank32b-adausdt-2e71c830c1b205a0,ADAUSDT,long,2026-02-12T23:00:00Z,2026-02-12T23:00:00Z,target_1m,old_wrong_logic
rank32b-solusdt-c25350daa46bdcfa,SOLUSDT,short,2026-02-13T04:30:00Z,2026-02-13T04:30:00Z,target_1m,old_wrong_logic
rank32b-dogeusdt-8614598291463f6e,DOGEUSDT,short,2026-02-13T05:15:00Z,2026-02-13T05:15:00Z,stop_1m,old_wrong_logic
rank32b-actusdt-b2dac3e506a73dfa,ACTUSDT,short,2026-02-13T07:30:00Z,2026-02-13T07:30:00Z,stop_1m,old_wrong_logic
rank32b-ethusdt-1464ecf869d4c926,ETHUSDT,short,2026-02-13T07:45:00Z,2026-02-13T07:45:00Z,stop_1m,old_wrong_logic
rank32b-fartcoinusdt-cfd55de1c697c904,FARTCOINUSDT,long,2026-02-13T08:15:00Z,2026-02-13T08:15:00Z,timeout_1m,old_wrong_logic
rank32b-adausdt-72ac3c8c2bb4b4c1,ADAUSDT,long,2026-02-13T13:30:00Z,2026-02-13T13:30:00Z,stop_1m,old_wrong_logic
rank32b-ltcusdt-c29ccb26dc366245,LTCUSDT,long,2026-02-13T14:30:00Z,2026-02-13T14:30:00Z,target_1m,old_wrong_logic
rank32b-1000pepeusdt-30a03a29c72a0488,1000PEPEUSDT,long,2026-02-13T14:45:00Z,2026-02-13T14:45:00Z,target_1m,old_wrong_logic
rank32b-beatusdt-dbcdabfbb753cc66,BEATUSDT,long,2026-02-13T18:45:00Z,2026-02-13T18:45:00Z,timeout_1m,old_wrong_logic
rank32b-fartcoinusdt-975a069ce359c23a,FARTCOINUSDT,long,2026-02-14T13:45:00Z,2026-02-14T13:45:00Z,target_1m,old_wrong_logic
rank32b-wldusdt-380f46ae1da6bfc3,WLDUSDT,long,2026-02-15T04:00:00Z,2026-02-15T04:00:00Z,timeout_1m,old_wrong_logic
rank32b-pippinusdt-83007f16d846a0a0,PIPPINUSDT,long,2026-02-15T07:00:00Z,2026-02-15T07:00:00Z,stop_1m,old_wrong_logic
rank32b-fartcoinusdt-71fa17a900863123,FARTCOINUSDT,long,2026-02-15T09:15:00Z,2026-02-15T09:15:00Z,timeout_1m,old_wrong_logic
rank32b-pippinusdt-81a7328e0ce5af3a,PIPPINUSDT,long,2026-02-15T09:30:00Z,2026-02-15T09:30:00Z,timeout_1m,old_wrong_logic
rank32b-pippinusdt-35e4d8141acae5c9,PIPPINUSDT,long,2026-02-15T17:30:00Z,2026-02-15T17:30:00Z,timeout_1m,old_wrong_logic
rank32b-actusdt-e12ee328902e77e1,ACTUSDT,long,2026-02-15T23:30:00Z,2026-02-15T23:30:00Z,target_1m,old_wrong_logic
rank32b-tradoorusdt-c015f6007a1c5b74,TRADOORUSDT,short,2026-02-16T01:30:00Z,2026-02-16T01:30:00Z,target_1m,old_wrong_logic
rank32b-beatusdt-fae662ffbc6ffce4,BEATUSDT,short,2026-02-16T02:45:00Z,2026-02-16T02:45:00Z,stop_1m,old_wrong_logic
rank32b-actusdt-cfa97ecba301358d,ACTUSDT,long,2026-02-16T06:45:00Z,2026-02-16T06:45:00Z,stop_1m,old_wrong_logic
rank32b-1000pepeusdt-e96e1c31f46bbf85,1000PEPEUSDT,long,2026-02-16T08:15:00Z,2026-02-16T08:15:00Z,timeout_1m,old_wrong_logic
rank32b-xrpusdt-e24c148abfafc41f,XRPUSDT,long,2026-02-16T09:30:00Z,2026-02-16T09:30:00Z,target_1m,old_wrong_logic
rank32b-xrpusdt-9c3d598409ff8381,XRPUSDT,long,2026-02-16T12:15:00Z,2026-02-16T12:15:00Z,target_1m,old_wrong_logic
rank32b-fartcoinusdt-5d68e6e18ce8b4c0,FARTCOINUSDT,long,2026-02-16T12:30:00Z,2026-02-16T12:30:00Z,stop_1m,old_wrong_logic
rank32b-solusdt-1478312dd146b65f,SOLUSDT,short,2026-02-16T13:30:00Z,2026-02-16T13:30:00Z,target_1m,old_wrong_logic
rank32b-actusdt-687f65eff865ddce,ACTUSDT,long,2026-02-16T14:15:00Z,2026-02-16T14:15:00Z,target_1m,old_wrong_logic
rank32b-ltcusdt-1e5a09cb58d8b9be,LTCUSDT,short,2026-02-16T15:00:00Z,2026-02-16T15:00:00Z,target_1m,old_wrong_logic
rank32b-turbousdt-52b9f8fb1bfdb9a7,TURBOUSDT,short,2026-02-16T15:15:00Z,2026-02-16T15:15:00Z,target_1m,old_wrong_logic
rank32b-dotusdt-8a68e6f8244d93e3,DOTUSDT,short,2026-02-16T15:30:00Z,2026-02-16T15:30:00Z,target_1m,old_wrong_logic
rank32b-actusdt-296f2874c567f32b,ACTUSDT,long,2026-02-16T16:15:00Z,2026-02-16T16:15:00Z,timeout_1m,old_wrong_logic
rank32b-linkusdt-2d5a471c67eb548c,LINKUSDT,short,2026-02-16T18:30:00Z,2026-02-16T18:30:00Z,timeout_1m,old_wrong_logic
rank32b-ethusdt-e3d48a1638411df0,ETHUSDT,short,2026-02-16T18:45:00Z,2026-02-16T18:45:00Z,timeout_1m,old_wrong_logic
rank32b-nearusdt-8a748bd3c64ab1c2,NEARUSDT,long,2026-02-16T19:30:00Z,2026-02-16T19:30:00Z,target_1m,old_wrong_logic
rank32b-zecusdt-108c51a68992f6a0,ZECUSDT,long,2026-02-17T00:30:00Z,2026-02-17T00:30:00Z,timeout_1m,old_wrong_logic
rank32b-nearusdt-638c0a22cb4b33e6,NEARUSDT,long,2026-02-17T02:15:00Z,2026-02-17T02:15:00Z,timeout_1m,old_wrong_logic
rank32b-tradoorusdt-96258b86a27ab0d6,TRADOORUSDT,long,2026-02-17T02:45:00Z,2026-02-17T02:45:00Z,timeout_1m,old_wrong_logic
rank32b-ethusdt-83fdbd0f74cb9a58,ETHUSDT,short,2026-02-17T05:15:00Z,2026-02-17T05:15:00Z,target_1m,old_wrong_logic
rank32b-ethusdt-70579dfd9eb353bc,ETHUSDT,short,2026-02-17T08:30:00Z,2026-02-17T08:30:00Z,target_1m,old_wrong_logic
rank32b-aaveusdt-d67286709ae12608,AAVEUSDT,long,2026-02-17T12:45:00Z,2026-02-17T12:45:00Z,target_1m,old_wrong_logic
rank32b-dotusdt-f0fda4922061f9c7,DOTUSDT,long,2026-02-17T13:15:00Z,2026-02-17T13:15:00Z,stop_1m,old_wrong_logic
rank32b-zecusdt-6002d2015c2757ca,ZECUSDT,short,2026-02-17T14:45:00Z,2026-02-17T14:45:00Z,stop_1m,old_wrong_logic
rank32b-actusdt-209ba3cb43e1ad33,ACTUSDT,short,2026-02-17T16:30:00Z,2026-02-17T16:30:00Z,stop_1m,old_wrong_logic
rank32b-suiusdt-e99392b0e14f9676,SUIUSDT,short,2026-02-17T17:15:00Z,2026-02-17T17:15:00Z,stop_1m,old_wrong_logic
rank32b-brettusdt-aa7476f2b0586f05,BRETTUSDT,short,2026-02-17T17:45:00Z,2026-02-17T17:45:00Z,stop_1m,old_wrong_logic
rank32b-uniusdt-d7510cea11c9297a,UNIUSDT,long,2026-02-17T18:30:00Z,2026-02-17T18:30:00Z,timeout_1m,old_wrong_logic
rank32b-tradoorusdt-f98179d413fbe89f,TRADOORUSDT,long,2026-02-17T18:45:00Z,2026-02-17T18:45:00Z,stop_1m,old_wrong_logic
rank32b-ltcusdt-13770705a33bd964,LTCUSDT,short,2026-02-17T19:30:00Z,2026-02-17T19:30:00Z,timeout_1m,old_wrong_logic
rank32b-brettusdt-ea399e6691b40796,BRETTUSDT,short,2026-02-17T22:45:00Z,2026-02-17T22:45:00Z,timeout_1m,old_wrong_logic
rank32b-wldusdt-300611592c29c159,WLDUSDT,short,2026-02-18T00:45:00Z,2026-02-18T00:45:00Z,target_1m,old_wrong_logic
rank32b-dogeusdt-421f4bbcdf4c99a0,DOGEUSDT,short,2026-02-18T01:30:00Z,2026-02-18T01:30:00Z,stop_1m,old_wrong_logic
rank32b-tradoorusdt-8206c50bd38325cd,TRADOORUSDT,long,2026-02-18T04:00:00Z,2026-02-18T04:00:00Z,stop_1m,old_wrong_logic
rank32b-tradoorusdt-e542dc86110f5eee,TRADOORUSDT,long,2026-02-18T06:45:00Z,2026-02-18T06:45:00Z,target_1m,old_wrong_logic
rank32b-wldusdt-0a7d488ae5af39db,WLDUSDT,short,2026-02-18T08:45:00Z,2026-02-18T08:45:00Z,timeout_1m,old_wrong_logic
rank32b-solusdt-d9fdd053e9d6d93c,SOLUSDT,short,2026-02-18T10:45:00Z,2026-02-18T10:45:00Z,target_1m,old_wrong_logic
rank32b-actusdt-ac7a544eb38c492d,ACTUSDT,short,2026-02-18T12:45:00Z,2026-02-18T12:45:00Z,target_1m,old_wrong_logic
rank32b-turbousdt-fedfaa4c8e9a3e68,TURBOUSDT,short,2026-02-18T13:45:00Z,2026-02-18T13:45:00Z,target_1m,old_wrong_logic
rank32b-aaveusdt-a1e8c8aa3f2e4ad0,AAVEUSDT,long,2026-02-18T15:15:00Z,2026-02-18T15:15:00Z,target_1m,old_wrong_logic
rank32b-bchusdt-57750aed0a98fec4,BCHUSDT,short,2026-02-18T18:30:00Z,2026-02-18T18:30:00Z,target_1m,old_wrong_logic
rank32b-pippinusdt-a7297a29dacedc0d,PIPPINUSDT,short,2026-02-18T19:15:00Z,2026-02-18T19:15:00Z,timeout_1m,old_wrong_logic
rank32b-linkusdt-110fe884de29a82e,LINKUSDT,short,2026-02-19T08:15:00Z,2026-02-19T08:15:00Z,target_1m,old_wrong_logic
rank32b-solusdt-8babfe28d07d3826,SOLUSDT,short,2026-02-19T08:30:00Z,2026-02-19T08:30:00Z,target_1m,old_wrong_logic
rank32b-tradoorusdt-a054eaf7c293ba08,TRADOORUSDT,long,2026-02-19T09:15:00Z,2026-02-19T09:15:00Z,target_1m,old_wrong_logic
rank32b-btcusdt-678a952a7e063f9f,BTCUSDT,short,2026-02-19T11:30:00Z,2026-02-19T11:30:00Z,target_1m,old_wrong_logic
rank32b-1000pepeusdt-d45914ea1f8553ad,1000PEPEUSDT,short,2026-02-19T15:15:00Z,2026-02-19T15:15:00Z,target_1m,old_wrong_logic
rank32b-btcusdt-2456be1c8a43e916,BTCUSDT,short,2026-02-19T17:30:00Z,2026-02-19T17:30:00Z,stop_1m,old_wrong_logic
rank32b-avaxusdt-6b8bdfb5ca650469,AVAXUSDT,short,2026-02-19T17:45:00Z,2026-02-19T17:45:00Z,stop_1m,old_wrong_logic
rank32b-bchusdt-ede65c51fa2f7928,BCHUSDT,long,2026-02-20T05:15:00Z,2026-02-20T05:15:00Z,target_1m,old_wrong_logic
rank32b-1000pepeusdt-295bb0c90b00e9e5,1000PEPEUSDT,short,2026-02-20T07:15:00Z,2026-02-20T07:15:00Z,stop_1m,old_wrong_logic
rank32b-zecusdt-3f1ddd311d98dc2e,ZECUSDT,short,2026-02-20T07:30:00Z,2026-02-20T07:30:00Z,target_1m,old_wrong_logic
rank32b-zecusdt-fc1049faebb94d99,ZECUSDT,short,2026-02-20T10:45:00Z,2026-02-20T10:45:00Z,target_1m,old_wrong_logic
rank32b-actusdt-4840684d87f8a522,ACTUSDT,short,2026-02-20T11:15:00Z,2026-02-20T11:15:00Z,target_1m,old_wrong_logic
rank32b-xrpusdt-8999a248a1b4ccb7,XRPUSDT,short,2026-02-20T11:30:00Z,2026-02-20T11:30:00Z,target_1m,old_wrong_logic
rank32b-ethusdt-85e1eb4ceb39463a,ETHUSDT,short,2026-02-20T11:45:00Z,2026-02-20T11:45:00Z,stop_1m,old_wrong_logic
rank32b-aaveusdt-8180fb71d1063728,AAVEUSDT,short,2026-02-20T13:15:00Z,2026-02-20T13:15:00Z,target_1m,old_wrong_logic
rank32b-uniusdt-275c64852c88eba7,UNIUSDT,short,2026-02-20T13:30:00Z,2026-02-20T13:30:00Z,target_1m,old_wrong_logic
rank32b-adausdt-8c932e60794197b2,ADAUSDT,short,2026-02-20T13:45:00Z,2026-02-20T13:45:00Z,stop_1m,old_wrong_logic
rank32b-avaxusdt-91bf2e2e94991d75,AVAXUSDT,long,2026-02-20T15:15:00Z,2026-02-20T15:15:00Z,target_1m,old_wrong_logic
rank32b-btcusdt-d8b2a9048bbfb722,BTCUSDT,long,2026-02-20T16:45:00Z,2026-02-20T16:45:00Z,stop_1m,old_wrong_logic
rank32b-beatusdt-2a93a652540300fe,BEATUSDT,long,2026-02-20T21:15:00Z,2026-02-20T21:15:00Z,target_1m,old_wrong_logic
rank32b-bchusdt-75d0c7bf2114a639,BCHUSDT,long,2026-02-20T22:30:00Z,2026-02-20T22:30:00Z,stop_1m,old_wrong_logic
rank32b-bchusdt-1c91c84d58e6c861,BCHUSDT,long,2026-02-20T23:00:00Z,2026-02-20T23:00:00Z,timeout_1m,old_wrong_logic
rank32b-actusdt-d698b0548f884983,ACTUSDT,short,2026-02-21T00:30:00Z,2026-02-21T00:30:00Z,stop_1m,old_wrong_logic
rank32b-dogeusdt-27dda7bb23aef597,DOGEUSDT,long,2026-02-21T01:15:00Z,2026-02-21T01:15:00Z,stop_1m,old_wrong_logic
rank32b-bchusdt-ab3df74287f6b57c,BCHUSDT,long,2026-02-21T01:30:00Z,2026-02-21T01:30:00Z,target_1m,old_wrong_logic
rank32b-suiusdt-0f689a22f69f8144,SUIUSDT,long,2026-02-21T02:30:00Z,2026-02-21T02:30:00Z,stop_1m,old_wrong_logic
rank32b-pippinusdt-5f13bd28503d3946,PIPPINUSDT,short,2026-02-21T03:30:00Z,2026-02-21T03:30:00Z,stop_1m,old_wrong_logic
rank32b-adausdt-1bd07e27abeea981,ADAUSDT,long,2026-02-21T08:45:00Z,2026-02-21T08:45:00Z,target_1m,old_wrong_logic
rank32b-suiusdt-39bef12885c25cf8,SUIUSDT,long,2026-02-21T09:00:00Z,2026-02-21T09:00:00Z,target_1m,old_wrong_logic
rank32b-zecusdt-1da7918265a051f3,ZECUSDT,short,2026-02-21T12:30:00Z,2026-02-21T12:30:00Z,target_1m,old_wrong_logic
rank32b-actusdt-e501077983bd9cdc,ACTUSDT,long,2026-02-21T13:30:00Z,2026-02-21T13:30:00Z,target_1m,old_wrong_logic
rank32b-zecusdt-ed44d182e90ebc8c,ZECUSDT,short,2026-02-21T15:30:00Z,2026-02-21T15:30:00Z,target_1m,old_wrong_logic
rank32b-linkusdt-d53971606d408aa3,LINKUSDT,long,2026-02-21T17:30:00Z,2026-02-21T17:30:00Z,target_1m,old_wrong_logic
rank32b-dotusdt-b0e2aa1238dd4aaa,DOTUSDT,long,2026-02-21T18:45:00Z,2026-02-21T18:45:00Z,stop_1m,old_wrong_logic
rank32b-zecusdt-55da4c39cdc97daf,ZECUSDT,short,2026-02-21T20:00:00Z,2026-02-21T20:00:00Z,stop_1m,old_wrong_logic
rank32b-bchusdt-b3bb5f8a74e27671,BCHUSDT,long,2026-02-22T11:30:00Z,2026-02-22T11:30:00Z,stop_1m,old_wrong_logic
rank32b-bchusdt-259a4370b7be956b,BCHUSDT,long,2026-02-22T13:30:00Z,2026-02-22T13:30:00Z,stop_1m,old_wrong_logic
rank32b-nearusdt-97e1ab56319a5cd7,NEARUSDT,short,2026-02-23T07:15:00Z,2026-02-23T07:15:00Z,timeout_1m,old_wrong_logic
rank32b-wldusdt-47bc7552a2533125,WLDUSDT,short,2026-02-23T08:30:00Z,2026-02-23T08:30:00Z,stop_1m,old_wrong_logic
rank32b-brettusdt-391fc91d0fcec94e,BRETTUSDT,short,2026-02-23T11:45:00Z,2026-02-23T11:45:00Z,stop_1m,old_wrong_logic
rank32b-suiusdt-9ba5a02234eb8134,SUIUSDT,short,2026-02-23T14:15:00Z,2026-02-23T14:15:00Z,target_1m,old_wrong_logic
rank32b-brettusdt-f5363e637f2a852b,BRETTUSDT,short,2026-02-23T14:30:00Z,2026-02-23T14:30:00Z,stop_1m,old_wrong_logic
rank32b-ltcusdt-1af194d5141ce633,LTCUSDT,short,2026-02-23T15:15:00Z,2026-02-23T15:15:00Z,stop_1m,old_wrong_logic
rank32b-uniusdt-9c5385da041dfaf1,UNIUSDT,short,2026-02-23T15:30:00Z,2026-02-23T15:30:00Z,target_1m,old_wrong_logic
rank32b-zecusdt-102fe6a13cba6f2a,ZECUSDT,short,2026-02-23T15:45:00Z,2026-02-23T15:45:00Z,target_1m,old_wrong_logic
rank32b-wldusdt-ac316013e596771e,WLDUSDT,short,2026-02-23T16:00:00Z,2026-02-23T16:00:00Z,target_1m,old_wrong_logic
rank32b-aaveusdt-8eeead7b305eea35,AAVEUSDT,short,2026-02-23T16:45:00Z,2026-02-23T16:45:00Z,target_1m,old_wrong_logic
rank32b-nearusdt-8e39e7d4fefe76e3,NEARUSDT,short,2026-02-24T01:45:00Z,2026-02-24T01:45:00Z,timeout_1m,old_wrong_logic
rank32b-pippinusdt-d68ac5a6947340c5,PIPPINUSDT,long,2026-02-24T13:15:00Z,2026-02-24T13:15:00Z,timeout_1m,old_wrong_logic
rank32b-zecusdt-d344e90c97922b26,ZECUSDT,short,2026-02-25T03:30:00Z,2026-02-25T03:30:00Z,target_1m,old_wrong_logic
rank32b-zecusdt-46e87079768a906b,ZECUSDT,short,2026-02-25T10:30:00Z,2026-02-25T10:30:00Z,target_1m,old_wrong_logic
rank32b-bchusdt-23311c05c2960180,BCHUSDT,short,2026-02-25T11:15:00Z,2026-02-25T11:15:00Z,target_1m,old_wrong_logic
rank32b-aaveusdt-078051e120a73c1b,AAVEUSDT,long,2026-02-25T12:15:00Z,2026-02-25T12:15:00Z,target_1m,old_wrong_logic
rank32b-beatusdt-771bed49b71e49e9,BEATUSDT,long,2026-02-25T16:30:00Z,2026-02-25T16:30:00Z,stop_1m,old_wrong_logic
rank32b-bchusdt-c8a9248f141413bd,BCHUSDT,short,2026-02-25T22:45:00Z,2026-02-25T22:45:00Z,target_1m,old_wrong_logic
rank32b-suiusdt-c1f57aff8ba90508,SUIUSDT,long,2026-02-26T02:30:00Z,2026-02-26T02:30:00Z,timeout_1m,old_wrong_logic
rank32b-brettusdt-25abb12f8188cc23,BRETTUSDT,long,2026-02-26T04:15:00Z,2026-02-26T04:15:00Z,stop_1m,old_wrong_logic
rank32b-zecusdt-fa9627c83853c45d,ZECUSDT,long,2026-02-26T06:15:00Z,2026-02-26T06:15:00Z,timeout_1m,old_wrong_logic
rank32b-bchusdt-1f723578cecbd864,BCHUSDT,short,2026-02-26T08:45:00Z,2026-02-26T08:45:00Z,stop_1m,old_wrong_logic
rank32b-brettusdt-58da9bd6bad42939,BRETTUSDT,long,2026-02-26T09:15:00Z,2026-02-26T09:15:00Z,target_1m,old_wrong_logic
rank32b-tradoorusdt-e8de618d09d8876d,TRADOORUSDT,short,2026-02-26T09:30:00Z,2026-02-26T09:30:00Z,timeout_1m,old_wrong_logic
rank32b-bchusdt-cd8bf016686fb4e4,BCHUSDT,short,2026-02-26T10:15:00Z,2026-02-26T10:15:00Z,target_1m,old_wrong_logic
rank32b-fartcoinusdt-d0c87876db659bdc,FARTCOINUSDT,long,2026-02-26T13:30:00Z,2026-02-26T13:30:00Z,stop_1m,old_wrong_logic
rank32b-fartcoinusdt-446d0683ad17defc,FARTCOINUSDT,long,2026-02-26T15:45:00Z,2026-02-26T15:45:00Z,stop_1m,old_wrong_logic
rank32b-beatusdt-6b01400866eec7e3,BEATUSDT,short,2026-02-26T16:30:00Z,2026-02-26T16:30:00Z,stop_1m,old_wrong_logic
rank32b-pippinusdt-786ffa9f4cbc3c95,PIPPINUSDT,long,2026-02-26T22:45:00Z,2026-02-26T22:45:00Z,stop_1m,old_wrong_logic
rank32b-ltcusdt-aaf3ffd56e7bf6ee,LTCUSDT,long,2026-02-27T03:30:00Z,2026-02-27T03:30:00Z,target_1m,old_wrong_logic
rank32b-solusdt-ca6b2aa705b38b41,SOLUSDT,long,2026-02-27T03:45:00Z,2026-02-27T03:45:00Z,target_1m,old_wrong_logic
rank32b-zecusdt-e9b9e716c5e4de4f,ZECUSDT,short,2026-02-27T06:15:00Z,2026-02-27T06:15:00Z,target_1m,old_wrong_logic
rank32b-brettusdt-30ffbc3a65fc8c02,BRETTUSDT,long,2026-02-27T07:45:00Z,2026-02-27T07:45:00Z,target_1m,old_wrong_logic
rank32b-bchusdt-65fc13821916c7c6,BCHUSDT,short,2026-02-27T09:30:00Z,2026-02-27T09:30:00Z,target_1m,old_wrong_logic
rank32b-dotusdt-c919a751e33190f1,DOTUSDT,long,2026-02-28T02:15:00Z,2026-02-28T02:15:00Z,stop_1m,old_wrong_logic
rank32b-beatusdt-1a336a1becb5aef8,BEATUSDT,long,2026-03-01T05:30:00Z,2026-03-01T05:30:00Z,stop_1m,old_wrong_logic
rank32b-bchusdt-670cb36466b94e9f,BCHUSDT,short,2026-03-01T06:15:00Z,2026-03-01T06:15:00Z,target_1m,old_wrong_logic
rank32b-pippinusdt-23edab8b9f2ea7b0,PIPPINUSDT,short,2026-03-01T07:00:00Z,2026-03-01T07:00:00Z,target_1m,old_wrong_logic
rank32b-1000pepeusdt-e127127c3fae612d,1000PEPEUSDT,short,2026-03-01T08:45:00Z,2026-03-01T08:45:00Z,target_1m,old_wrong_logic
rank32b-pippinusdt-2c306c39a080e4b8,PIPPINUSDT,short,2026-03-01T09:45:00Z,2026-03-01T09:45:00Z,timeout_1m,old_wrong_logic
rank32b-fartcoinusdt-c8ec3e036f44359d,FARTCOINUSDT,short,2026-03-01T14:30:00Z,2026-03-01T14:30:00Z,timeout_1m,old_wrong_logic
rank32b-pippinusdt-35d5ed22f7ee0a0d,PIPPINUSDT,short,2026-03-01T15:30:00Z,2026-03-01T15:30:00Z,target_1m,old_wrong_logic
rank32b-bnbusdt-23dbbaedf084cddc,BNBUSDT,long,2026-03-02T02:30:00Z,2026-03-02T02:30:00Z,timeout_1m,old_wrong_logic
rank32b-solusdt-a12d44a60286fe8f,SOLUSDT,long,2026-03-02T03:15:00Z,2026-03-02T03:15:00Z,timeout_1m,old_wrong_logic
rank32b-dotusdt-7f64a1358f46d9aa,DOTUSDT,short,2026-03-02T05:15:00Z,2026-03-02T05:15:00Z,target_1m,old_wrong_logic
rank32b-dogeusdt-4b992a38336619a4,DOGEUSDT,short,2026-03-02T06:15:00Z,2026-03-02T06:15:00Z,target_1m,old_wrong_logic
rank32b-linkusdt-1cd50d43a7992609,LINKUSDT,short,2026-03-02T06:30:00Z,2026-03-02T06:30:00Z,target_1m,old_wrong_logic
rank32b-wldusdt-949c79706d6fc22b,WLDUSDT,short,2026-03-02T09:30:00Z,2026-03-02T09:30:00Z,timeout_1m,old_wrong_logic
rank32b-ethusdt-550c7357d83d2a33,ETHUSDT,short,2026-03-02T09:45:00Z,2026-03-02T09:45:00Z,timeout_1m,old_wrong_logic
rank32b-1000pepeusdt-a9aa5178d6a1b8d3,1000PEPEUSDT,short,2026-03-02T12:30:00Z,2026-03-02T12:30:00Z,stop_1m,old_wrong_logic
rank32b-fartcoinusdt-42c9f0019b3bad15,FARTCOINUSDT,short,2026-03-02T14:00:00Z,2026-03-02T14:00:00Z,stop_1m,old_wrong_logic
rank32b-bnbusdt-8cdd3040b0e7f55c,BNBUSDT,long,2026-03-02T14:30:00Z,2026-03-02T14:30:00Z,target_1m,old_wrong_logic
rank32b-pippinusdt-3c6b5aa738cc9fc5,PIPPINUSDT,short,2026-03-02T18:15:00Z,2026-03-02T18:15:00Z,timeout_1m,old_wrong_logic
rank32b-tradoorusdt-aeb41926edb3e8e1,TRADOORUSDT,long,2026-03-02T21:30:00Z,2026-03-02T21:30:00Z,target_1m,old_wrong_logic
rank32b-pippinusdt-6e3d75c4e79602e7,PIPPINUSDT,short,2026-03-02T23:15:00Z,2026-03-02T23:15:00Z,stop_1m,old_wrong_logic
rank32b-1000pepeusdt-2c1b97051a3b1745,1000PEPEUSDT,short,2026-03-03T01:30:00Z,2026-03-03T01:30:00Z,target_1m,old_wrong_logic
rank32b-pippinusdt-371b852de22f035d,PIPPINUSDT,short,2026-03-03T05:30:00Z,2026-03-03T05:30:00Z,target_1m,old_wrong_logic
rank32b-brettusdt-a370f95ef21dcd48,BRETTUSDT,long,2026-03-03T06:15:00Z,2026-03-03T06:15:00Z,target_1m,old_wrong_logic
rank32b-beatusdt-0b8d02eadf718659,BEATUSDT,long,2026-03-03T09:15:00Z,2026-03-03T09:15:00Z,stop_1m,old_wrong_logic
rank32b-nearusdt-34884ee6501f31ca,NEARUSDT,long,2026-03-03T15:30:00Z,2026-03-03T15:30:00Z,target_1m,old_wrong_logic
rank32b-fartcoinusdt-ef549c980bb26573,FARTCOINUSDT,long,2026-03-03T17:00:00Z,2026-03-03T17:00:00Z,stop_1m,old_wrong_logic
rank32b-suiusdt-edc2266d4906dcd1,SUIUSDT,long,2026-03-03T17:30:00Z,2026-03-03T17:30:00Z,timeout_1m,old_wrong_logic
rank32b-actusdt-0b49374d618c978b,ACTUSDT,long,2026-03-03T22:15:00Z,2026-03-03T22:15:00Z,target_1m,old_wrong_logic
rank32b-beatusdt-e75616dbe6791e1a,BEATUSDT,long,2026-03-04T01:30:00Z,2026-03-04T01:30:00Z,target_1m,old_wrong_logic
rank32b-dogeusdt-29719c8df5b946c2,DOGEUSDT,short,2026-03-04T02:00:00Z,2026-03-04T02:00:00Z,target_1m,old_wrong_logic
rank32b-1000pepeusdt-c95fc180ec306e20,1000PEPEUSDT,short,2026-03-04T03:15:00Z,2026-03-04T03:15:00Z,target_1m,old_wrong_logic
rank32b-zecusdt-dc23d6efef6949e2,ZECUSDT,short,2026-03-04T03:30:00Z,2026-03-04T03:30:00Z,timeout_1m,old_wrong_logic
rank32b-actusdt-0cacc3b4f1ea8efd,ACTUSDT,long,2026-03-04T04:00:00Z,2026-03-04T04:00:00Z,timeout_1m,old_wrong_logic
rank32b-fartcoinusdt-c0ce27ab2f581628,FARTCOINUSDT,long,2026-03-04T07:30:00Z,2026-03-04T07:30:00Z,target_1m,old_wrong_logic
rank32b-nearusdt-02caaf4a0d47c2ef,NEARUSDT,long,2026-03-04T08:45:00Z,2026-03-04T08:45:00Z,target_1m,old_wrong_logic
rank32b-tradoorusdt-dbfd9efa1b5119fd,TRADOORUSDT,long,2026-03-04T17:45:00Z,2026-03-04T17:45:00Z,target_1m,old_wrong_logic
rank32b-dotusdt-12b554367a4c1376,DOTUSDT,long,2026-03-04T18:30:00Z,2026-03-04T18:30:00Z,target_1m,old_wrong_logic
rank32b-brettusdt-9e0597c76fe3b2f7,BRETTUSDT,long,2026-03-05T04:30:00Z,2026-03-05T04:30:00Z,stop_1m,old_wrong_logic
rank32b-btcusdt-e639bdd4e7b3161d,BTCUSDT,long,2026-03-05T06:30:00Z,2026-03-05T06:30:00Z,stop_1m,old_wrong_logic
rank32b-fartcoinusdt-0fd48deec3731a55,FARTCOINUSDT,long,2026-03-05T08:45:00Z,2026-03-05T08:45:00Z,target_1m,old_wrong_logic
rank32b-suiusdt-208805bedd5611d7,SUIUSDT,long,2026-03-05T09:15:00Z,2026-03-05T09:15:00Z,target_1m,old_wrong_logic
rank32b-1000pepeusdt-d1e5b3e109ba88c5,1000PEPEUSDT,long,2026-03-05T10:45:00Z,2026-03-05T10:45:00Z,stop_1m,old_wrong_logic
rank32b-adausdt-ae1cb7d4f88f7dd1,ADAUSDT,long,2026-03-05T12:30:00Z,2026-03-05T12:30:00Z,stop_1m,old_wrong_logic
rank32b-actusdt-f56a609b2fbcb1b2,ACTUSDT,long,2026-03-05T12:45:00Z,2026-03-05T12:45:00Z,stop_1m,old_wrong_logic
rank32b-actusdt-afd66a4fd7ebb71f,ACTUSDT,long,2026-03-05T14:30:00Z,2026-03-05T14:30:00Z,stop_1m,old_wrong_logic
rank32b-linkusdt-6368c45f8db1b00f,LINKUSDT,long,2026-03-05T15:00:00Z,2026-03-05T15:00:00Z,stop_1m,old_wrong_logic
rank32b-avaxusdt-978cddfd35e8823c,AVAXUSDT,long,2026-03-05T20:15:00Z,2026-03-05T20:15:00Z,timeout_1m,old_wrong_logic
rank32b-pippinusdt-c365cdf1c64902ee,PIPPINUSDT,short,2026-03-05T23:30:00Z,2026-03-05T23:30:00Z,stop_1m,old_wrong_logic
rank32b-suiusdt-8cc050014e62a8bd,SUIUSDT,long,2026-03-06T03:30:00Z,2026-03-06T03:30:00Z,stop_1m,old_wrong_logic
rank32b-pippinusdt-215f3d5ff90b0504,PIPPINUSDT,short,2026-03-06T10:30:00Z,2026-03-06T10:30:00Z,stop_1m,old_wrong_logic
rank32b-actusdt-9f078893bf61c777,ACTUSDT,short,2026-03-06T11:15:00Z,2026-03-06T11:15:00Z,target_1m,old_wrong_logic
rank32b-tradoorusdt-fe205a68996a9cc6,TRADOORUSDT,long,2026-03-06T13:30:00Z,2026-03-06T13:30:00Z,target_1m,old_wrong_logic
rank32b-1000pepeusdt-b9a346b5b6763659,1000PEPEUSDT,short,2026-03-06T14:00:00Z,2026-03-06T14:00:00Z,target_1m,old_wrong_logic
rank32b-actusdt-868cb96dd78313c7,ACTUSDT,short,2026-03-06T19:30:00Z,2026-03-06T19:30:00Z,timeout_1m,old_wrong_logic
rank32b-actusdt-ef417b7b54ef699e,ACTUSDT,short,2026-03-06T23:15:00Z,2026-03-06T23:15:00Z,timeout_1m,old_wrong_logic
rank32b-pippinusdt-5f6ad876251bfa36,PIPPINUSDT,short,2026-03-06T23:45:00Z,2026-03-06T23:45:00Z,stop_1m,old_wrong_logic
rank32b-actusdt-b6e4a3a6b7cc072c,ACTUSDT,short,2026-03-07T03:30:00Z,2026-03-07T03:30:00Z,target_1m,old_wrong_logic
rank32b-beatusdt-96a5f0452d2f55ec,BEATUSDT,long,2026-03-07T10:45:00Z,2026-03-07T10:45:00Z,target_1m,old_wrong_logic
rank32b-dotusdt-d20a2dd74a6d2daa,DOTUSDT,short,2026-03-07T11:30:00Z,2026-03-07T11:30:00Z,timeout_1m,old_wrong_logic
rank32b-nearusdt-ce27a7dbd1d3e326,NEARUSDT,short,2026-03-07T15:30:00Z,2026-03-07T15:30:00Z,timeout_1m,old_wrong_logic
rank32b-bchusdt-1e75542e0a01a896,BCHUSDT,short,2026-03-07T19:15:00Z,2026-03-07T19:15:00Z,target_1m,old_wrong_logic
rank32b-pippinusdt-df6b584d462eed58,PIPPINUSDT,short,2026-03-07T20:45:00Z,2026-03-07T20:45:00Z,stop_1m,old_wrong_logic
rank32b-bchusdt-c6bce4105e25c6b6,BCHUSDT,short,2026-03-07T22:15:00Z,2026-03-07T22:15:00Z,target_1m,old_wrong_logic
rank32b-pippinusdt-c8e3cc5e27cc38ae,PIPPINUSDT,short,2026-03-07T23:00:00Z,2026-03-07T23:00:00Z,stop_1m,old_wrong_logic
rank32b-bchusdt-e6f3d6536bd26114,BCHUSDT,short,2026-03-08T03:00:00Z,2026-03-08T03:00:00Z,stop_1m,old_wrong_logic
rank32b-pippinusdt-fcec6e27943b2d40,PIPPINUSDT,short,2026-03-08T06:30:00Z,2026-03-08T06:30:00Z,timeout_1m,old_wrong_logic
rank32b-dotusdt-60bd8ada64552607,DOTUSDT,short,2026-03-08T07:30:00Z,2026-03-08T07:30:00Z,target_1m,old_wrong_logic
rank32b-pippinusdt-99497237fd04a626,PIPPINUSDT,short,2026-03-08T09:15:00Z,2026-03-08T09:15:00Z,timeout_1m,old_wrong_logic
rank32b-zecusdt-45e075cdb15f36df,ZECUSDT,short,2026-03-08T12:45:00Z,2026-03-08T12:45:00Z,timeout_1m,old_wrong_logic
rank32b-adausdt-1728759aa8c4b488,ADAUSDT,short,2026-03-08T13:15:00Z,2026-03-08T13:15:00Z,timeout_1m,old_wrong_logic
rank32b-beatusdt-77c43f488e8125a3,BEATUSDT,long,2026-03-08T13:30:00Z,2026-03-08T13:30:00Z,target_1m,old_wrong_logic
rank32b-brettusdt-8d86bd5889e7f7c7,BRETTUSDT,short,2026-03-08T15:15:00Z,2026-03-08T15:15:00Z,timeout_1m,old_wrong_logic
rank32b-zecusdt-45207ce8ddbabc19,ZECUSDT,short,2026-03-08T18:15:00Z,2026-03-08T18:15:00Z,stop_1m,old_wrong_logic
rank32b-beatusdt-6be974db1245dec2,BEATUSDT,long,2026-03-08T19:45:00Z,2026-03-08T19:45:00Z,target_1m,old_wrong_logic
rank32b-uniusdt-22c77dd102e72c06,UNIUSDT,short,2026-03-08T21:00:00Z,2026-03-08T21:00:00Z,target_1m,old_wrong_logic
rank32b-avaxusdt-4be37e4b9859b925,AVAXUSDT,short,2026-03-08T22:15:00Z,2026-03-08T22:15:00Z,stop_1m,old_wrong_logic
rank32b-1000pepeusdt-3448cc8b5a617a33,1000PEPEUSDT,short,2026-03-08T23:15:00Z,2026-03-08T23:15:00Z,stop_1m,old_wrong_logic
rank32b-fartcoinusdt-f902c7eeb6883beb,FARTCOINUSDT,short,2026-03-08T23:45:00Z,2026-03-08T23:45:00Z,stop_1m,old_wrong_logic
rank32b-avaxusdt-68076657b9cd84f3,AVAXUSDT,short,2026-03-09T01:15:00Z,2026-03-09T01:15:00Z,stop_1m,old_wrong_logic
rank32b-fartcoinusdt-37836573adf54919,FARTCOINUSDT,short,2026-03-09T02:00:00Z,2026-03-09T02:00:00Z,stop_1m,old_wrong_logic
rank32b-wldusdt-e12977ebe52d7d9f,WLDUSDT,short,2026-03-09T03:30:00Z,2026-03-09T03:30:00Z,timeout_1m,old_wrong_logic
rank32b-wldusdt-d06fe9ea21d42579,WLDUSDT,short,2026-03-09T06:45:00Z,2026-03-09T06:45:00Z,target_1m,old_wrong_logic
rank32b-fartcoinusdt-ed3abe38ce4ea135,FARTCOINUSDT,short,2026-03-09T07:00:00Z,2026-03-09T07:00:00Z,stop_1m,old_wrong_logic
rank32b-aaveusdt-34714d7f9fc099d9,AAVEUSDT,short,2026-03-09T10:00:00Z,2026-03-09T10:00:00Z,target_1m,old_wrong_logic
rank32b-beatusdt-f78c277e4f4998af,BEATUSDT,long,2026-03-09T12:30:00Z,2026-03-09T12:30:00Z,stop_1m,old_wrong_logic
rank32b-wldusdt-606a96945904ca57,WLDUSDT,short,2026-03-09T15:15:00Z,2026-03-09T15:15:00Z,timeout_1m,old_wrong_logic
rank32b-fartcoinusdt-75f9ba68f939b0f1,FARTCOINUSDT,short,2026-03-09T16:45:00Z,2026-03-09T16:45:00Z,timeout_1m,old_wrong_logic
rank32b-nearusdt-1b7e8261a8f77a7e,NEARUSDT,long,2026-03-09T17:45:00Z,2026-03-09T17:45:00Z,target_1m,old_wrong_logic
rank32b-adausdt-4f3d82b2a1a5a755,ADAUSDT,long,2026-03-09T19:30:00Z,2026-03-09T19:30:00Z,stop_1m,old_wrong_logic
rank32b-wldusdt-ff7cf45ad8476b36,WLDUSDT,short,2026-03-09T22:15:00Z,2026-03-09T22:15:00Z,timeout_1m,old_wrong_logic
rank32b-brettusdt-743196fecf0e3b9f,BRETTUSDT,long,2026-03-10T02:30:00Z,2026-03-10T02:30:00Z,target_1m,old_wrong_logic
rank32b-1000pepeusdt-07fd95180722c1d6,1000PEPEUSDT,long,2026-03-10T02:45:00Z,2026-03-10T02:45:00Z,stop_1m,old_wrong_logic
rank32b-beatusdt-1db0b0d70839a56e,BEATUSDT,long,2026-03-10T05:00:00Z,2026-03-10T05:00:00Z,stop_1m,old_wrong_logic
rank32b-avaxusdt-933c979f1502033e,AVAXUSDT,long,2026-03-10T14:45:00Z,2026-03-10T14:45:00Z,target_1m,old_wrong_logic
rank32b-uniusdt-57ada51272e6530e,UNIUSDT,long,2026-03-10T15:00:00Z,2026-03-10T15:00:00Z,stop_1m,old_wrong_logic
rank32b-bchusdt-a1871ade036a4028,BCHUSDT,short,2026-03-10T18:15:00Z,2026-03-10T18:15:00Z,timeout_1m,old_wrong_logic
rank32b-zecusdt-0fa052d27302ab19,ZECUSDT,long,2026-03-10T19:45:00Z,2026-03-10T19:45:00Z,timeout_1m,old_wrong_logic
rank32b-beatusdt-7d054a96304fb40a,BEATUSDT,long,2026-03-11T01:30:00Z,2026-03-11T01:30:00Z,target_1m,old_wrong_logic
rank32b-solusdt-22036dcc4643b47e,SOLUSDT,long,2026-03-11T04:45:00Z,2026-03-11T04:45:00Z,stop_1m,old_wrong_logic
rank32b-avaxusdt-14f37127a94fe370,AVAXUSDT,long,2026-03-11T06:30:00Z,2026-03-11T06:30:00Z,stop_1m,old_wrong_logic
rank32b-dotusdt-5990e6b1c807dd81,DOTUSDT,short,2026-03-11T07:45:00Z,2026-03-11T07:45:00Z,stop_1m,old_wrong_logic
rank32b-bchusdt-1fb47141ea40b6ca,BCHUSDT,long,2026-03-11T08:45:00Z,2026-03-11T08:45:00Z,stop_1m,old_wrong_logic
rank32b-dotusdt-50a5c3a43a7803cc,DOTUSDT,short,2026-03-11T10:00:00Z,2026-03-11T10:00:00Z,stop_1m,old_wrong_logic
rank32b-ethusdt-53caf3d6b0b84ae4,ETHUSDT,long,2026-03-11T13:15:00Z,2026-03-11T13:15:00Z,target_1m,old_wrong_logic
rank32b-solusdt-42a30153d5376072,SOLUSDT,long,2026-03-11T16:15:00Z,2026-03-11T16:15:00Z,target_1m,old_wrong_logic
rank32b-beatusdt-7fced19b7f401d42,BEATUSDT,long,2026-03-11T21:45:00Z,2026-03-11T21:45:00Z,target_1m,old_wrong_logic
rank32b-zecusdt-e4a33305213adcf1,ZECUSDT,short,2026-03-11T22:30:00Z,2026-03-11T22:30:00Z,timeout_1m,old_wrong_logic
rank32b-pippinusdt-932edaf2921a7c07,PIPPINUSDT,long,2026-03-12T01:30:00Z,2026-03-12T01:30:00Z,timeout_1m,old_wrong_logic
rank32b-actusdt-8be75f327c001995,ACTUSDT,long,2026-03-12T04:15:00Z,2026-03-12T04:15:00Z,target_1m,old_wrong_logic
rank32b-nearusdt-4bc43fa9ca305738,NEARUSDT,long,2026-03-12T06:15:00Z,2026-03-12T06:15:00Z,target_1m,old_wrong_logic
rank32b-turbousdt-47ecef5f417ef5e6,TURBOUSDT,long,2026-03-12T07:30:00Z,2026-03-12T07:30:00Z,target_1m,old_wrong_logic
rank32b-suiusdt-a2202e97cf24b5c8,SUIUSDT,long,2026-03-12T07:45:00Z,2026-03-12T07:45:00Z,target_1m,old_wrong_logic
rank32b-bchusdt-2d0bde458fd11f65,BCHUSDT,long,2026-03-12T08:30:00Z,2026-03-12T08:30:00Z,target_1m,old_wrong_logic
rank32b-pippinusdt-ac5ed6620baebbab,PIPPINUSDT,short,2026-03-12T10:15:00Z,2026-03-12T10:15:00Z,timeout_1m,old_wrong_logic
rank32b-avaxusdt-6d4ba61ae136a652,AVAXUSDT,long,2026-03-12T12:30:00Z,2026-03-12T12:30:00Z,stop_1m,old_wrong_logic
rank32b-aaveusdt-6789ce582e9bdb71,AAVEUSDT,short,2026-03-12T13:30:00Z,2026-03-12T13:30:00Z,stop_1m,old_wrong_logic
rank32b-zecusdt-56c14661d021ce42,ZECUSDT,short,2026-03-12T14:15:00Z,2026-03-12T14:15:00Z,target_1m,old_wrong_logic
rank32b-brettusdt-291029bc293cb658,BRETTUSDT,long,2026-03-12T15:15:00Z,2026-03-12T15:15:00Z,target_1m,old_wrong_logic
rank32b-adausdt-6dfb9de95c5aabc9,ADAUSDT,long,2026-03-12T16:30:00Z,2026-03-12T16:30:00Z,timeout_1m,old_wrong_logic
rank32b-solusdt-c2b3b04896771bc2,SOLUSDT,long,2026-03-12T16:45:00Z,2026-03-12T16:45:00Z,timeout_1m,old_wrong_logic
rank32b-pippinusdt-5f0d584b8ffe65bf,PIPPINUSDT,short,2026-03-12T18:30:00Z,2026-03-12T18:30:00Z,target_1m,old_wrong_logic
rank32b-zecusdt-6b5074ac7be16c2b,ZECUSDT,short,2026-03-12T18:45:00Z,2026-03-12T18:45:00Z,timeout_1m,old_wrong_logic
rank32b-ethusdt-746f14676d91faa2,ETHUSDT,long,2026-03-12T19:30:00Z,2026-03-12T19:30:00Z,timeout_1m,old_wrong_logic
rank32b-suiusdt-b91375c49513d3c9,SUIUSDT,long,2026-03-12T21:15:00Z,2026-03-12T21:15:00Z,target_1m,old_wrong_logic
rank32b-beatusdt-ad3aa8bd331b2b68,BEATUSDT,long,2026-03-12T21:30:00Z,2026-03-12T21:30:00Z,stop_1m,old_wrong_logic
rank32b-bchusdt-b026f14a67e8a9b0,BCHUSDT,long,2026-03-13T00:15:00Z,2026-03-13T00:15:00Z,target_1m,old_wrong_logic
rank32b-beatusdt-d1e05d285ba2847a,BEATUSDT,long,2026-03-13T01:15:00Z,2026-03-13T01:15:00Z,stop_1m,old_wrong_logic
rank32b-actusdt-220029b758c5ae83,ACTUSDT,long,2026-03-13T07:00:00Z,2026-03-13T07:00:00Z,stop_1m,old_wrong_logic
rank32b-beatusdt-c98b24b2eadb1752,BEATUSDT,long,2026-03-13T15:45:00Z,2026-03-13T15:45:00Z,target_1m,old_wrong_logic
rank32b-ltcusdt-b2c0a76b3b74837b,LTCUSDT,long,2026-03-13T16:15:00Z,2026-03-13T16:15:00Z,timeout_1m,old_wrong_logic
rank32b-turbousdt-ce437f2ffb79a367,TURBOUSDT,long,2026-03-14T00:00:00Z,2026-03-14T00:00:00Z,stop_1m,old_wrong_logic
rank32b-brettusdt-4016ac12f8e86d9a,BRETTUSDT,long,2026-03-14T01:15:00Z,2026-03-14T01:15:00Z,target_1m,old_wrong_logic
rank32b-pippinusdt-2d04e7ffa88493fb,PIPPINUSDT,long,2026-03-14T01:45:00Z,2026-03-14T01:45:00Z,target_1m,old_wrong_logic
rank32b-actusdt-0b82917f70c6c398,ACTUSDT,long,2026-03-14T04:15:00Z,2026-03-14T04:15:00Z,target_1m,old_wrong_logic
rank32b-zecusdt-6777876fbcd3f85f,ZECUSDT,short,2026-03-14T05:15:00Z,2026-03-14T05:15:00Z,target_1m,old_wrong_logic
rank32b-pippinusdt-f040aa88f683c426,PIPPINUSDT,long,2026-03-14T10:45:00Z,2026-03-14T10:45:00Z,timeout_1m,old_wrong_logic
rank32b-fartcoinusdt-79fca4580ccd424c,FARTCOINUSDT,long,2026-03-14T16:30:00Z,2026-03-14T16:30:00Z,stop_1m,old_wrong_logic
rank32b-fartcoinusdt-cbdfb0be248b2b37,FARTCOINUSDT,long,2026-03-14T23:15:00Z,2026-03-14T23:15:00Z,target_1m,old_wrong_logic
rank32b-aaveusdt-a2cc954e4385306a,AAVEUSDT,short,2026-03-15T00:30:00Z,2026-03-15T00:30:00Z,target_1m,old_wrong_logic
rank32b-tradoorusdt-c04e1cc69e3d9d4f,TRADOORUSDT,long,2026-03-15T01:00:00Z,2026-03-15T01:00:00Z,stop_1m,old_wrong_logic
rank32b-turbousdt-0941d170289bc12e,TURBOUSDT,short,2026-03-15T01:30:00Z,2026-03-15T01:30:00Z,stop_1m,old_wrong_logic
rank32b-1000pepeusdt-c80663c6f634b7ce,1000PEPEUSDT,short,2026-03-15T15:15:00Z,2026-03-15T15:15:00Z,target_1m,old_wrong_logic
rank32b-adausdt-49f48e6015cd2ea6,ADAUSDT,short,2026-03-15T16:30:00Z,2026-03-15T16:30:00Z,stop_1m,old_wrong_logic
rank32b-dotusdt-5e6ca64c68c6a70e,DOTUSDT,short,2026-03-15T18:15:00Z,2026-03-15T18:15:00Z,stop_1m,old_wrong_logic
rank32b-solusdt-a23c7d1f65a51114,SOLUSDT,long,2026-03-15T20:30:00Z,2026-03-15T20:30:00Z,target_1m,old_wrong_logic
rank32b-linkusdt-fdfda071c4e8fea8,LINKUSDT,long,2026-03-15T20:45:00Z,2026-03-15T20:45:00Z,target_1m,old_wrong_logic
rank32b-suiusdt-842ef7f95bdb3a7f,SUIUSDT,long,2026-03-15T21:30:00Z,2026-03-15T21:30:00Z,target_1m,old_wrong_logic
rank32b-dogeusdt-17cd326098482d4c,DOGEUSDT,long,2026-03-15T22:30:00Z,2026-03-15T22:30:00Z,target_1m,old_wrong_logic
rank32b-bchusdt-2e366aa4791e0da4,BCHUSDT,long,2026-03-15T22:45:00Z,2026-03-15T22:45:00Z,timeout_1m,old_wrong_logic
rank32b-pippinusdt-241c9eabf58a60fd,PIPPINUSDT,long,2026-03-15T23:00:00Z,2026-03-15T23:00:00Z,target_1m,old_wrong_logic
rank32b-nearusdt-e675d72e33fc14d1,NEARUSDT,long,2026-03-15T23:45:00Z,2026-03-15T23:45:00Z,target_1m,old_wrong_logic
rank32b-bchusdt-4db68f251a7f6cc0,BCHUSDT,long,2026-03-16T01:30:00Z,2026-03-16T01:30:00Z,timeout_1m,old_wrong_logic
rank32b-uniusdt-1ea28433097720ca,UNIUSDT,long,2026-03-16T05:15:00Z,2026-03-16T05:15:00Z,timeout_1m,old_wrong_logic
rank32b-tradoorusdt-054567befe53b0a1,TRADOORUSDT,long,2026-03-16T06:30:00Z,2026-03-16T06:30:00Z,target_1m,old_wrong_logic
rank32b-uniusdt-4254ec3e5f55e0b2,UNIUSDT,long,2026-03-16T11:00:00Z,2026-03-16T11:00:00Z,timeout_1m,old_wrong_logic
rank32b-zecusdt-aec5b2899519d8f2,ZECUSDT,long,2026-03-16T11:45:00Z,2026-03-16T11:45:00Z,stop_1m,old_wrong_logic
rank32b-avaxusdt-1f0d62af60a5b690,AVAXUSDT,long,2026-03-16T16:30:00Z,2026-03-16T16:30:00Z,target_1m,old_wrong_logic
rank32b-solusdt-f18b2717fb42e276,SOLUSDT,long,2026-03-17T14:15:00Z,2026-03-17T14:15:00Z,target_1m,old_wrong_logic
rank32b-nearusdt-76788df398686866,NEARUSDT,long,2026-03-17T14:30:00Z,2026-03-17T14:30:00Z,timeout_1m,old_wrong_logic
rank32b-btcusdt-0af5e37994f472d9,BTCUSDT,long,2026-03-17T14:45:00Z,2026-03-17T14:45:00Z,target_1m,old_wrong_logic
rank32b-wldusdt-583125296a7f8840,WLDUSDT,long,2026-03-17T15:30:00Z,2026-03-17T15:30:00Z,stop_1m,old_wrong_logic
rank32b-zecusdt-bd27790fb8915216,ZECUSDT,long,2026-03-17T15:45:00Z,2026-03-17T15:45:00Z,timeout_1m,old_wrong_logic
rank32b-aaveusdt-1567dbdc07daacc2,AAVEUSDT,long,2026-03-17T17:45:00Z,2026-03-17T17:45:00Z,timeout_1m,old_wrong_logic
rank32b-dogeusdt-fef13811a0506261,DOGEUSDT,long,2026-03-17T18:45:00Z,2026-03-17T18:45:00Z,stop_1m,old_wrong_logic
rank32b-zecusdt-b628fb1f94e9fc3e,ZECUSDT,long,2026-03-18T00:00:00Z,2026-03-18T00:00:00Z,stop_1m,old_wrong_logic
rank32b-wldusdt-f3c11dbb1703b032,WLDUSDT,long,2026-03-18T02:15:00Z,2026-03-18T02:15:00Z,target_1m,old_wrong_logic
rank32b-aaveusdt-764eaf108e7b690f,AAVEUSDT,long,2026-03-18T03:30:00Z,2026-03-18T03:30:00Z,stop_1m,old_wrong_logic
rank32b-tradoorusdt-246cdaf155a85f61,TRADOORUSDT,long,2026-03-18T04:45:00Z,2026-03-18T04:45:00Z,timeout_1m,old_wrong_logic
rank32b-actusdt-56320d3e7b82336c,ACTUSDT,long,2026-03-18T07:45:00Z,2026-03-18T07:45:00Z,target_1m,old_wrong_logic
rank32b-fartcoinusdt-194b4c3d43cc1d1b,FARTCOINUSDT,long,2026-03-18T08:00:00Z,2026-03-18T08:00:00Z,timeout_1m,old_wrong_logic
rank32b-tradoorusdt-dcdef222395d63eb,TRADOORUSDT,long,2026-03-18T09:00:00Z,2026-03-18T09:00:00Z,target_1m,old_wrong_logic
rank32b-bnbusdt-c67a4c593b53d82d,BNBUSDT,short,2026-03-18T11:30:00Z,2026-03-18T11:30:00Z,target_1m,old_wrong_logic
rank32b-fartcoinusdt-27b38b1da034c47a,FARTCOINUSDT,long,2026-03-18T17:00:00Z,2026-03-18T17:00:00Z,target_1m,old_wrong_logic
rank32b-1000pepeusdt-e21773028e9220f0,1000PEPEUSDT,short,2026-03-19T03:45:00Z,2026-03-19T03:45:00Z,target_1m,old_wrong_logic
rank32b-beatusdt-4fe7dc2377843329,BEATUSDT,long,2026-03-19T04:45:00Z,2026-03-19T04:45:00Z,target_1m,old_wrong_logic
rank32b-aaveusdt-b021c3ee7e0bfc62,AAVEUSDT,short,2026-03-19T05:30:00Z,2026-03-19T05:30:00Z,target_1m,old_wrong_logic
rank32b-pippinusdt-8116683e3b82ddb4,PIPPINUSDT,short,2026-03-19T07:45:00Z,2026-03-19T07:45:00Z,stop_1m,old_wrong_logic
rank32b-tradoorusdt-be60ffe484188388,TRADOORUSDT,long,2026-03-19T11:30:00Z,2026-03-19T11:30:00Z,timeout_1m,old_wrong_logic
rank32b-bchusdt-918390741804fc2f,BCHUSDT,short,2026-03-19T11:45:00Z,2026-03-19T11:45:00Z,target_1m,old_wrong_logic
rank32b-bchusdt-466eb06cc7d3b603,BCHUSDT,short,2026-03-19T15:15:00Z,2026-03-19T15:15:00Z,target_1m,old_wrong_logic
rank32b-beatusdt-8c2e6963cebeea3e,BEATUSDT,long,2026-03-19T17:15:00Z,2026-03-19T17:15:00Z,timeout_1m,old_wrong_logic
rank32b-tradoorusdt-1fafd21bfe8e7711,TRADOORUSDT,long,2026-03-19T23:45:00Z,2026-03-19T23:45:00Z,timeout_1m,old_wrong_logic
rank32b-ethusdt-356ec6ddc9644540,ETHUSDT,short,2026-03-20T05:30:00Z,2026-03-20T05:30:00Z,target_1m,old_wrong_logic
rank32b-aaveusdt-e45dd736e2609589,AAVEUSDT,short,2026-03-20T06:45:00Z,2026-03-20T06:45:00Z,target_1m,old_wrong_logic
rank32b-dotusdt-8757dc084434fb60,DOTUSDT,short,2026-03-20T09:15:00Z,2026-03-20T09:15:00Z,stop_1m,old_wrong_logic
rank32b-ethusdt-16281e15055aef51,ETHUSDT,short,2026-03-20T09:30:00Z,2026-03-20T09:30:00Z,stop_1m,old_wrong_logic
rank32b-zecusdt-8e33500bc05988dc,ZECUSDT,short,2026-03-20T11:30:00Z,2026-03-20T11:30:00Z,target_1m,old_wrong_logic
rank32b-xrpusdt-c16be0ed5c8b0ed3,XRPUSDT,short,2026-03-20T12:30:00Z,2026-03-20T12:30:00Z,target_1m,old_wrong_logic
rank32b-brettusdt-484d2ae25e1b023c,BRETTUSDT,short,2026-03-20T13:45:00Z,2026-03-20T13:45:00Z,target_1m,old_wrong_logic
rank32b-actusdt-1c36887a3051554e,ACTUSDT,short,2026-03-20T15:00:00Z,2026-03-20T15:00:00Z,stop_1m,old_wrong_logic
rank32b-fartcoinusdt-a30a262a1b6eb08c,FARTCOINUSDT,short,2026-03-20T16:45:00Z,2026-03-20T16:45:00Z,target_1m,old_wrong_logic
rank32b-1000pepeusdt-6633b64c2aa2c1bd,1000PEPEUSDT,short,2026-03-20T18:30:00Z,2026-03-20T18:30:00Z,target_1m,old_wrong_logic
rank32b-adausdt-3772ecc9bdc30da2,ADAUSDT,short,2026-03-21T07:15:00Z,2026-03-21T07:15:00Z,stop_1m,old_wrong_logic
rank32b-adausdt-e5107a6732444850,ADAUSDT,short,2026-03-21T07:45:00Z,2026-03-21T07:45:00Z,target_1m,old_wrong_logic
rank32b-zecusdt-8fa8212ae9334855,ZECUSDT,short,2026-03-21T13:30:00Z,2026-03-21T13:30:00Z,stop_1m,old_wrong_logic
rank32b-uniusdt-3c86f40c7cf067a7,UNIUSDT,short,2026-03-21T14:30:00Z,2026-03-21T14:30:00Z,stop_1m,old_wrong_logic
rank32b-turbousdt-28768b9c6213bbe8,TURBOUSDT,long,2026-03-21T15:15:00Z,2026-03-21T15:15:00Z,target_1m,old_wrong_logic
rank32b-fartcoinusdt-7936c2cc0a30007c,FARTCOINUSDT,short,2026-03-21T16:15:00Z,2026-03-21T16:15:00Z,target_1m,old_wrong_logic
rank32b-ethusdt-1ef40cc7c7dce407,ETHUSDT,short,2026-03-21T23:30:00Z,2026-03-21T23:30:00Z,stop_1m,old_wrong_logic
rank32b-brettusdt-3428259c1fc2c8e2,BRETTUSDT,short,2026-03-21T23:45:00Z,2026-03-21T23:45:00Z,target_1m,old_wrong_logic
rank32b-beatusdt-5bd58a57331a2950,BEATUSDT,long,2026-03-22T04:30:00Z,2026-03-22T04:30:00Z,stop_1m,old_wrong_logic
rank32b-nearusdt-a5dfc483f3c01804,NEARUSDT,short,2026-03-22T15:30:00Z,2026-03-22T15:30:00Z,timeout_1m,old_wrong_logic
rank32b-turbousdt-00c93613c96ad1d3,TURBOUSDT,long,2026-03-22T16:30:00Z,2026-03-22T16:30:00Z,target_1m,old_wrong_logic
rank32b-zecusdt-987c33f257fde541,ZECUSDT,short,2026-03-22T17:30:00Z,2026-03-22T17:30:00Z,target_1m,old_wrong_logic
rank32b-brettusdt-9fdd62fa6b716e0c,BRETTUSDT,short,2026-03-22T18:15:00Z,2026-03-22T18:15:00Z,target_1m,old_wrong_logic
rank32b-linkusdt-e9bc86e2d42bc61a,LINKUSDT,short,2026-03-23T06:15:00Z,2026-03-23T06:15:00Z,target_1m,old_wrong_logic
rank32b-bnbusdt-153153c97683c055,BNBUSDT,short,2026-03-23T06:30:00Z,2026-03-23T06:30:00Z,target_1m,old_wrong_logic
rank32b-uniusdt-272a605fa2319a8d,UNIUSDT,short,2026-03-23T08:30:00Z,2026-03-23T08:30:00Z,target_1m,old_wrong_logic
rank32b-pippinusdt-1106540c5e570c6a,PIPPINUSDT,short,2026-03-23T12:15:00Z,2026-03-23T12:15:00Z,stop_1m,old_wrong_logic
rank32b-beatusdt-6e3173f0c85ceaee,BEATUSDT,long,2026-03-23T15:00:00Z,2026-03-23T15:00:00Z,timeout_1m,old_wrong_logic
rank32b-tradoorusdt-67224daf1ad845be,TRADOORUSDT,long,2026-03-23T16:30:00Z,2026-03-23T16:30:00Z,timeout_1m,old_wrong_logic
rank32b-bnbusdt-44164d921c97f616,BNBUSDT,long,2026-03-23T17:45:00Z,2026-03-23T17:45:00Z,timeout_1m,old_wrong_logic
rank32b-turbousdt-724d49b4e57fb93a,TURBOUSDT,long,2026-03-23T19:00:00Z,2026-03-23T19:00:00Z,stop_1m,old_wrong_logic
rank32b-turbousdt-faa9eeb967800407,TURBOUSDT,long,2026-03-23T21:15:00Z,2026-03-23T21:15:00Z,stop_1m,old_wrong_logic
rank32b-turbousdt-a4b6837615158466,TURBOUSDT,long,2026-03-24T01:15:00Z,2026-03-24T01:15:00Z,target_1m,old_wrong_logic
rank32b-adausdt-c230f0606a0624b8,ADAUSDT,long,2026-03-24T03:30:00Z,2026-03-24T03:30:00Z,target_1m,old_wrong_logic
rank32b-nearusdt-e989f43985f04055,NEARUSDT,long,2026-03-24T03:45:00Z,2026-03-24T03:45:00Z,timeout_1m,old_wrong_logic
rank32b-zecusdt-a4f69de17555c920,ZECUSDT,long,2026-03-24T06:15:00Z,2026-03-24T06:15:00Z,target_1m,old_wrong_logic
rank32b-nearusdt-bf3cbe43b79d1ee0,NEARUSDT,long,2026-03-24T07:00:00Z,2026-03-24T07:00:00Z,target_1m,old_wrong_logic
rank32b-uniusdt-cfab8985e0da7045,UNIUSDT,long,2026-03-24T09:30:00Z,2026-03-24T09:30:00Z,target_1m,old_wrong_logic
rank32b-brettusdt-1e7dd89d7db81d80,BRETTUSDT,short,2026-03-24T17:30:00Z,2026-03-24T17:30:00Z,stop_1m,old_wrong_logic
rank32b-wldusdt-7f1ec2c411fd3904,WLDUSDT,long,2026-03-24T23:15:00Z,2026-03-24T23:15:00Z,timeout_1m,old_wrong_logic
rank32b-suiusdt-434a650f048f2447,SUIUSDT,long,2026-03-25T03:30:00Z,2026-03-25T03:30:00Z,target_1m,old_wrong_logic
rank32b-actusdt-c560595c5763ccee,ACTUSDT,long,2026-03-25T04:00:00Z,2026-03-25T04:00:00Z,stop_1m,old_wrong_logic
rank32b-dotusdt-5b535d85eeeb3eea,DOTUSDT,short,2026-03-25T08:45:00Z,2026-03-25T08:45:00Z,target_1m,old_wrong_logic
rank32b-wldusdt-ede5a1302ed1525c,WLDUSDT,long,2026-03-25T09:45:00Z,2026-03-25T09:45:00Z,target_1m,old_wrong_logic
rank32b-beatusdt-b7253f099d09065f,BEATUSDT,short,2026-03-25T14:30:00Z,2026-03-25T14:30:00Z,timeout_1m,old_wrong_logic
rank32b-nearusdt-d7b69b3b8db3dee8,NEARUSDT,short,2026-03-25T15:30:00Z,2026-03-25T15:30:00Z,stop_1m,old_wrong_logic
rank32b-dogeusdt-0ee0c3696d2ead53,DOGEUSDT,long,2026-03-25T16:30:00Z,2026-03-25T16:30:00Z,stop_1m,old_wrong_logic
rank32b-uniusdt-b7e20551996e0aae,UNIUSDT,long,2026-03-25T21:45:00Z,2026-03-25T21:45:00Z,target_1m,old_wrong_logic
rank32b-btcusdt-1fbb7ca2eca34826,BTCUSDT,long,2026-03-25T22:30:00Z,2026-03-25T22:30:00Z,target_1m,old_wrong_logic
rank32b-fartcoinusdt-e21d16b201ba26a6,FARTCOINUSDT,long,2026-03-25T22:45:00Z,2026-03-25T22:45:00Z,stop_1m,old_wrong_logic
rank32b-tradoorusdt-91dd81297889106b,TRADOORUSDT,long,2026-03-26T08:45:00Z,2026-03-26T08:45:00Z,target_1m,old_wrong_logic
rank32b-nearusdt-27e4aa53a97138c9,NEARUSDT,short,2026-03-26T22:00:00Z,2026-03-26T22:00:00Z,timeout_1m,old_wrong_logic
rank32b-brettusdt-e7daa499d8f604ce,BRETTUSDT,short,2026-03-26T22:15:00Z,2026-03-26T22:15:00Z,timeout_1m,old_wrong_logic
rank32b-beatusdt-8aee3cc4651b7ea5,BEATUSDT,short,2026-03-26T23:00:00Z,2026-03-26T23:00:00Z,stop_1m,old_wrong_logic
rank32b-1000pepeusdt-ede68d9708325062,1000PEPEUSDT,short,2026-03-26T23:30:00Z,2026-03-26T23:30:00Z,timeout_1m,old_wrong_logic
rank32b-brettusdt-16153cb9d71c8ab4,BRETTUSDT,short,2026-03-27T02:30:00Z,2026-03-27T02:30:00Z,target_1m,old_wrong_logic
rank32b-suiusdt-4b3c82f35996fa60,SUIUSDT,short,2026-03-27T05:30:00Z,2026-03-27T05:30:00Z,target_1m,old_wrong_logic
rank32b-dotusdt-4e0c85b97425ab11,DOTUSDT,short,2026-03-27T08:30:00Z,2026-03-27T08:30:00Z,target_1m,old_wrong_logic
rank32b-pippinusdt-d3a8bc44efe1f6e4,PIPPINUSDT,short,2026-03-27T10:30:00Z,2026-03-27T10:30:00Z,stop_1m,old_wrong_logic
rank32b-bchusdt-00611f6328a34f84,BCHUSDT,short,2026-03-27T10:45:00Z,2026-03-27T10:45:00Z,timeout_1m,old_wrong_logic
rank32b-bchusdt-108f9ca00e3e149a,BCHUSDT,short,2026-03-27T13:45:00Z,2026-03-27T13:45:00Z,stop_1m,old_wrong_logic
rank32b-uniusdt-2d5d36d6eb6a7788,UNIUSDT,short,2026-03-28T08:30:00Z,2026-03-28T08:30:00Z,target_1m,old_wrong_logic
rank32b-beatusdt-6f8b21add858ef18,BEATUSDT,short,2026-03-28T09:30:00Z,2026-03-28T09:30:00Z,target_1m,old_wrong_logic
rank32b-beatusdt-4ec1f3f176d760d8,BEATUSDT,short,2026-03-28T17:30:00Z,2026-03-28T17:30:00Z,target_1m,old_wrong_logic
rank32b-brettusdt-bab25dd364c2e190,BRETTUSDT,short,2026-03-28T21:15:00Z,2026-03-28T21:15:00Z,target_1m,old_wrong_logic
rank32b-zecusdt-20047e53fe2b92c5,ZECUSDT,short,2026-03-28T21:30:00Z,2026-03-28T21:30:00Z,target_1m,old_wrong_logic
rank32b-uniusdt-e15397046cc222de,UNIUSDT,short,2026-03-28T23:15:00Z,2026-03-28T23:15:00Z,target_1m,old_wrong_logic
rank32b-beatusdt-865f9450b55d9096,BEATUSDT,short,2026-03-29T05:45:00Z,2026-03-29T05:45:00Z,target_1m,old_wrong_logic
rank32b-pippinusdt-70065312a9a8934a,PIPPINUSDT,short,2026-03-29T09:45:00Z,2026-03-29T09:45:00Z,stop_1m,old_wrong_logic
rank32b-wldusdt-0d73b4671d7c81f1,WLDUSDT,short,2026-03-29T10:30:00Z,2026-03-29T10:30:00Z,stop_1m,old_wrong_logic
rank32b-dotusdt-95ad6c7f26d01dc6,DOTUSDT,short,2026-03-29T11:45:00Z,2026-03-29T11:45:00Z,target_1m,old_wrong_logic
rank32b-tradoorusdt-23ee421ce4907e10,TRADOORUSDT,long,2026-03-29T16:15:00Z,2026-03-29T16:15:00Z,timeout_1m,old_wrong_logic
rank32b-tradoorusdt-0a9fdc2dc79a807d,TRADOORUSDT,long,2026-03-29T19:00:00Z,2026-03-29T19:00:00Z,stop_1m,old_wrong_logic
rank32b-fartcoinusdt-6a0520e859104ab9,FARTCOINUSDT,short,2026-03-29T22:15:00Z,2026-03-29T22:15:00Z,target_1m,old_wrong_logic
rank32b-fartcoinusdt-20b87b5e7b19b086,FARTCOINUSDT,short,2026-03-29T22:45:00Z,2026-03-29T22:45:00Z,target_1m,old_wrong_logic
rank32b-tradoorusdt-4946ab2a256f3f51,TRADOORUSDT,long,2026-03-30T00:45:00Z,2026-03-30T00:45:00Z,target_1m,old_wrong_logic
rank32b-beatusdt-e19e0810bfdaa551,BEATUSDT,short,2026-03-30T03:45:00Z,2026-03-30T03:45:00Z,stop_1m,old_wrong_logic
rank32b-pippinusdt-d56efe03125beac9,PIPPINUSDT,short,2026-03-30T05:45:00Z,2026-03-30T05:45:00Z,target_1m,old_wrong_logic
rank32b-beatusdt-bdb5b525ad52ac54,BEATUSDT,short,2026-03-30T06:15:00Z,2026-03-30T06:15:00Z,timeout_1m,old_wrong_logic
rank32b-tradoorusdt-a9c8ff52c5219957,TRADOORUSDT,long,2026-03-30T12:00:00Z,2026-03-30T12:00:00Z,stop_1m,old_wrong_logic
rank32b-turbousdt-477ac75bae8803c9,TURBOUSDT,short,2026-03-30T13:30:00Z,2026-03-30T13:30:00Z,target_1m,old_wrong_logic
rank32b-fartcoinusdt-5de2f13151e4499b,FARTCOINUSDT,long,2026-03-30T14:15:00Z,2026-03-30T14:15:00Z,stop_1m,old_wrong_logic
rank32b-tradoorusdt-ba59e0013d70f728,TRADOORUSDT,long,2026-03-30T15:30:00Z,2026-03-30T15:30:00Z,target_1m,old_wrong_logic
rank32b-tradoorusdt-3eaed65275d9d0c1,TRADOORUSDT,long,2026-03-30T16:45:00Z,2026-03-30T16:45:00Z,timeout_1m,old_wrong_logic
rank32b-ltcusdt-ebda5619334c6510,LTCUSDT,short,2026-03-30T17:15:00Z,2026-03-30T17:15:00Z,target_1m,old_wrong_logic
rank32b-tradoorusdt-07393e420a8bd0e2,TRADOORUSDT,long,2026-03-30T19:30:00Z,2026-03-30T19:30:00Z,timeout_1m,old_wrong_logic
rank32b-zecusdt-afb39a304fb27499,ZECUSDT,long,2026-03-30T19:45:00Z,2026-03-30T19:45:00Z,target_1m,old_wrong_logic
rank32b-fartcoinusdt-de9324dc675b0eee,FARTCOINUSDT,long,2026-03-31T00:30:00Z,2026-03-31T00:30:00Z,target_1m,old_wrong_logic
rank32b-ethusdt-c73b765deda5ee33,ETHUSDT,long,2026-03-31T01:30:00Z,2026-03-31T01:30:00Z,target_1m,old_wrong_logic
rank32b-wldusdt-9361df19685ced84,WLDUSDT,long,2026-03-31T02:15:00Z,2026-03-31T02:15:00Z,stop_1m,old_wrong_logic
rank32b-xrpusdt-3407d6ff37333203,XRPUSDT,short,2026-03-31T03:15:00Z,2026-03-31T03:15:00Z,target_1m,old_wrong_logic
rank32b-beatusdt-82d310d8f84b8c7f,BEATUSDT,long,2026-03-31T03:30:00Z,2026-03-31T03:30:00Z,stop_1m,old_wrong_logic
rank32b-adausdt-8ce2f067fbb02f76,ADAUSDT,short,2026-03-31T04:15:00Z,2026-03-31T04:15:00Z,target_1m,old_wrong_logic
rank32b-brettusdt-f3984c591f8f7f2c,BRETTUSDT,short,2026-03-31T04:30:00Z,2026-03-31T04:30:00Z,timeout_1m,old_wrong_logic
rank32b-fartcoinusdt-5006297cc3e52ec0,FARTCOINUSDT,long,2026-03-31T05:30:00Z,2026-03-31T05:30:00Z,stop_1m,old_wrong_logic
rank32b-solusdt-dcfc7774f6863320,SOLUSDT,long,2026-03-31T05:45:00Z,2026-03-31T05:45:00Z,stop_1m,old_wrong_logic
rank32b-beatusdt-054a8b89cbe1c4c3,BEATUSDT,long,2026-03-31T07:15:00Z,2026-03-31T07:15:00Z,stop_1m,old_wrong_logic
rank32b-tradoorusdt-cb0676d4eaf4d822,TRADOORUSDT,long,2026-03-31T08:45:00Z,2026-03-31T08:45:00Z,target_1m,old_wrong_logic
rank32b-bchusdt-d91a5f0cefc20688,BCHUSDT,long,2026-03-31T12:30:00Z,2026-03-31T12:30:00Z,target_1m,old_wrong_logic
rank32b-linkusdt-ecba30e3904012f5,LINKUSDT,long,2026-03-31T13:15:00Z,2026-03-31T13:15:00Z,target_1m,old_wrong_logic
rank32b-uniusdt-2bc35a050670fe30,UNIUSDT,long,2026-03-31T13:45:00Z,2026-03-31T13:45:00Z,target_1m,old_wrong_logic
rank32b-actusdt-1b8259ad88dd8ee8,ACTUSDT,short,2026-03-31T15:30:00Z,2026-03-31T15:30:00Z,target_1m,old_wrong_logic
rank32b-turbousdt-298b5878282e3e90,TURBOUSDT,short,2026-03-31T15:45:00Z,2026-03-31T15:45:00Z,stop_1m,old_wrong_logic
rank32b-1000pepeusdt-80f8b152c4b0a400,1000PEPEUSDT,long,2026-03-31T16:15:00Z,2026-03-31T16:15:00Z,target_1m,old_wrong_logic
rank32b-linkusdt-0f7ffa8176c2bfb5,LINKUSDT,long,2026-03-31T16:45:00Z,2026-03-31T16:45:00Z,timeout_1m,old_wrong_logic
rank32b-1000pepeusdt-de381626fb4c50cd,1000PEPEUSDT,long,2026-03-31T23:30:00Z,2026-03-31T23:30:00Z,target_1m,old_wrong_logic
rank32b-actusdt-bb89bd1d9905212b,ACTUSDT,short,2026-04-01T02:30:00Z,2026-04-01T02:30:00Z,stop_1m,old_wrong_logic
rank32b-brettusdt-e35cdba1b07a7ff6,BRETTUSDT,long,2026-04-01T03:45:00Z,2026-04-01T03:45:00Z,target_1m,old_wrong_logic
rank32b-turbousdt-3396c297115c883f,TURBOUSDT,short,2026-04-01T04:15:00Z,2026-04-01T04:15:00Z,stop_1m,old_wrong_logic
rank32b-wldusdt-e56d2c7d7c5ad841,WLDUSDT,long,2026-04-01T14:15:00Z,2026-04-01T14:15:00Z,target_1m,old_wrong_logic
rank32b-solusdt-d5061468ed181cd6,SOLUSDT,long,2026-04-01T15:30:00Z,2026-04-01T15:30:00Z,stop_1m,old_wrong_logic
rank32b-beatusdt-9a4301ec61e02864,BEATUSDT,short,2026-04-01T17:00:00Z,2026-04-01T17:00:00Z,target_1m,old_wrong_logic
rank32b-zecusdt-7942826c4d50387f,ZECUSDT,long,2026-04-01T18:30:00Z,2026-04-01T18:30:00Z,target_1m,old_wrong_logic
rank32b-1000pepeusdt-5339acb122c977b9,1000PEPEUSDT,long,2026-04-01T19:30:00Z,2026-04-01T19:30:00Z,stop_1m,old_wrong_logic
rank32b-pippinusdt-56421a60d2102a46,PIPPINUSDT,long,2026-04-01T19:45:00Z,2026-04-01T19:45:00Z,timeout_1m,old_wrong_logic
rank32b-avaxusdt-6366d329e217d4af,AVAXUSDT,long,2026-04-01T21:15:00Z,2026-04-01T21:15:00Z,stop_1m,old_wrong_logic
rank32b-avaxusdt-0307aa2ed732e0a8,AVAXUSDT,long,2026-04-02T00:15:00Z,2026-04-02T00:15:00Z,stop_1m,old_wrong_logic
rank32b-tradoorusdt-7a1049fbfa73e86c,TRADOORUSDT,long,2026-04-02T00:45:00Z,2026-04-02T00:45:00Z,target_1m,old_wrong_logic
rank32b-adausdt-f880ffffe9f1c4b9,ADAUSDT,short,2026-04-02T15:30:00Z,2026-04-02T15:30:00Z,stop_1m,old_wrong_logic
rank32b-adausdt-fe77595c3eb90ff9,ADAUSDT,short,2026-04-02T18:00:00Z,2026-04-02T18:00:00Z,stop_1m,old_wrong_logic
rank32b-zecusdt-9a487c76fc672748,ZECUSDT,short,2026-04-03T00:15:00Z,2026-04-03T00:15:00Z,timeout_1m,old_wrong_logic
rank32b-beatusdt-765bcf282a7c646d,BEATUSDT,short,2026-04-03T10:30:00Z,2026-04-03T10:30:00Z,timeout_1m,old_wrong_logic
rank32b-suiusdt-0f432c1c23f90379,SUIUSDT,long,2026-04-03T16:15:00Z,2026-04-03T16:15:00Z,target_1m,old_wrong_logic
rank32b-aaveusdt-1f48a610dd3d8887,AAVEUSDT,short,2026-04-03T17:15:00Z,2026-04-03T17:15:00Z,target_1m,old_wrong_logic
rank32b-wldusdt-476f45c8e72625e6,WLDUSDT,short,2026-04-03T18:30:00Z,2026-04-03T18:30:00Z,target_1m,old_wrong_logic
rank32b-nearusdt-cc9a879c38c6b870,NEARUSDT,long,2026-04-03T19:45:00Z,2026-04-03T19:45:00Z,target_1m,old_wrong_logic
rank32b-beatusdt-f2346506f1ad781b,BEATUSDT,short,2026-04-04T00:45:00Z,2026-04-04T00:45:00Z,target_1m,old_wrong_logic
rank32b-adausdt-5381a59ef7ad5e58,ADAUSDT,long,2026-04-04T03:15:00Z,2026-04-04T03:15:00Z,stop_1m,old_wrong_logic
rank32b-fartcoinusdt-c4067ede1247ac18,FARTCOINUSDT,short,2026-04-04T08:30:00Z,2026-04-04T08:30:00Z,target_1m,old_wrong_logic
rank32b-brettusdt-3918c3dff3ea4756,BRETTUSDT,long,2026-04-04T10:30:00Z,2026-04-04T10:30:00Z,target_1m,old_wrong_logic
rank32b-beatusdt-686febc872d8775b,BEATUSDT,short,2026-04-04T13:45:00Z,2026-04-04T13:45:00Z,timeout_1m,old_wrong_logic
rank32b-wldusdt-c0a221e5c38e47bf,WLDUSDT,short,2026-04-04T14:00:00Z,2026-04-04T14:00:00Z,target_1m,old_wrong_logic
rank32b-zecusdt-1af4364b9826ff4d,ZECUSDT,long,2026-04-05T09:15:00Z,2026-04-05T09:15:00Z,target_limit,old_wrong_logic
rank32b-1000pepeusdt-000389a366b18fda,1000PEPEUSDT,long,2026-01-05T17:45:00Z,2026-01-05T17:45:00Z,timeout_1m,new_correct_logic
rank32b-1000pepeusdt-fb74829d4fd0ce60,1000PEPEUSDT,long,2026-01-05T21:45:00Z,2026-01-05T21:45:00Z,target_1m,new_correct_logic
rank32b-dotusdt-05baaf097e02efa3,DOTUSDT,long,2026-01-06T21:30:00Z,2026-01-06T21:30:00Z,target_1m,new_correct_logic
rank32b-zecusdt-381ca5e12a7b6e6d,ZECUSDT,long,2026-01-07T00:30:00Z,2026-01-07T00:30:00Z,stop_1m,new_correct_logic
rank32b-dogeusdt-a129d8ca122158b4,DOGEUSDT,short,2026-01-07T01:00:00Z,2026-01-07T01:00:00Z,timeout_1m,new_correct_logic
rank32b-fartcoinusdt-c08b067bddc528ed,FARTCOINUSDT,long,2026-01-07T04:45:00Z,2026-01-07T04:45:00Z,stop_1m,new_correct_logic
rank32b-fartcoinusdt-ed0af88191c71e1c,FARTCOINUSDT,long,2026-01-07T07:30:00Z,2026-01-07T07:30:00Z,target_1m,new_correct_logic
rank32b-beatusdt-440d728971bd44e7,BEATUSDT,short,2026-01-07T23:00:00Z,2026-01-07T23:00:00Z,target_1m,new_correct_logic
rank32b-tradoorusdt-d1487ff1935d7cd5,TRADOORUSDT,long,2026-01-08T03:30:00Z,2026-01-08T03:30:00Z,stop_1m,new_correct_logic
rank32b-nearusdt-cfdbdf713236e3e9,NEARUSDT,short,2026-01-08T16:15:00Z,2026-01-08T16:15:00Z,stop_1m,new_correct_logic
rank32b-wldusdt-6725714f93305442,WLDUSDT,short,2026-01-08T17:30:00Z,2026-01-08T17:30:00Z,timeout_1m,new_correct_logic
rank32b-xrpusdt-4200df9f6fd985dc,XRPUSDT,short,2026-01-08T22:45:00Z,2026-01-08T22:45:00Z,timeout_1m,new_correct_logic
rank32b-fartcoinusdt-535a5a5347c46f68,FARTCOINUSDT,short,2026-01-09T04:45:00Z,2026-01-09T04:45:00Z,stop_1m,new_correct_logic
rank32b-fartcoinusdt-2a571e865e613bbf,FARTCOINUSDT,short,2026-01-09T06:15:00Z,2026-01-09T06:15:00Z,stop_1m,new_correct_logic
rank32b-bchusdt-5bd666218bf370c2,BCHUSDT,short,2026-01-09T08:00:00Z,2026-01-09T08:00:00Z,target_1m,new_correct_logic
rank32b-adausdt-c0b730bd70e1acf7,ADAUSDT,short,2026-01-09T08:45:00Z,2026-01-09T08:45:00Z,target_1m,new_correct_logic
rank32b-1000pepeusdt-aae92ea839b367b4,1000PEPEUSDT,short,2026-01-09T14:15:00Z,2026-01-09T14:15:00Z,stop_1m,new_correct_logic
rank32b-solusdt-fe9901c62b2f6c41,SOLUSDT,long,2026-01-09T15:30:00Z,2026-01-09T15:30:00Z,stop_1m,new_correct_logic
rank32b-dogeusdt-a00a85f9e56dd8dd,DOGEUSDT,short,2026-01-09T18:30:00Z,2026-01-09T18:30:00Z,timeout_1m,new_correct_logic
rank32b-suiusdt-3d6a10fa7a4d6802,SUIUSDT,short,2026-01-09T19:15:00Z,2026-01-09T19:15:00Z,timeout_1m,new_correct_logic
rank32b-pippinusdt-2691b6b778894298,PIPPINUSDT,long,2026-01-10T00:45:00Z,2026-01-10T00:45:00Z,target_1m,new_correct_logic
rank32b-tradoorusdt-b0548927ea7e0867,TRADOORUSDT,long,2026-01-10T14:45:00Z,2026-01-10T14:45:00Z,stop_1m,new_correct_logic
rank32b-actusdt-a87a8277d32d1286,ACTUSDT,short,2026-01-10T15:45:00Z,2026-01-10T15:45:00Z,stop_1m,new_correct_logic
rank32b-tradoorusdt-77c7986e932005af,TRADOORUSDT,long,2026-01-11T05:00:00Z,2026-01-11T05:00:00Z,stop_1m,new_correct_logic
rank32b-zecusdt-f534a9c180806452,ZECUSDT,short,2026-01-11T08:30:00Z,2026-01-11T08:30:00Z,stop_1m,new_correct_logic
rank32b-brettusdt-97c6c5e1ddf1ac67,BRETTUSDT,long,2026-01-11T16:30:00Z,2026-01-11T16:30:00Z,target_1m,new_correct_logic
rank32b-fartcoinusdt-a309eb9ed5e89d09,FARTCOINUSDT,short,2026-01-11T19:45:00Z,2026-01-11T19:45:00Z,target_1m,new_correct_logic
rank32b-pippinusdt-35f435d0f999d1b2,PIPPINUSDT,short,2026-01-11T23:45:00Z,2026-01-11T23:45:00Z,stop_1m,new_correct_logic
rank32b-actusdt-a02867e0c8ec50f8,ACTUSDT,short,2026-01-12T00:15:00Z,2026-01-12T00:15:00Z,stop_1m,new_correct_logic
rank32b-nearusdt-b25e9784d0c2d200,NEARUSDT,short,2026-01-12T00:45:00Z,2026-01-12T00:45:00Z,stop_1m,new_correct_logic
rank32b-bchusdt-0d06ea873a3a2f42,BCHUSDT,long,2026-01-12T01:00:00Z,2026-01-12T01:00:00Z,stop_1m,new_correct_logic
rank32b-nearusdt-46571e9fdbfc7216,NEARUSDT,long,2026-01-12T01:15:00Z,2026-01-12T01:15:00Z,target_1m,new_correct_logic
rank32b-1000pepeusdt-eba5905c107438da,1000PEPEUSDT,short,2026-01-12T07:45:00Z,2026-01-12T07:45:00Z,target_1m,new_correct_logic
rank32b-wldusdt-f40f9d40db27a131,WLDUSDT,short,2026-01-12T17:30:00Z,2026-01-12T17:30:00Z,timeout_1m,new_correct_logic
rank32b-1000pepeusdt-1f858a30eb8fae75,1000PEPEUSDT,short,2026-01-12T17:45:00Z,2026-01-12T17:45:00Z,stop_1m,new_correct_logic
rank32b-nearusdt-f784b879de5f9a1e,NEARUSDT,short,2026-01-12T18:45:00Z,2026-01-12T18:45:00Z,stop_1m,new_correct_logic
rank32b-fartcoinusdt-c195c876ad45514b,FARTCOINUSDT,short,2026-01-12T20:45:00Z,2026-01-12T20:45:00Z,target_1m,new_correct_logic
rank32b-ltcusdt-b7f0dec3f4715d92,LTCUSDT,short,2026-01-13T15:30:00Z,2026-01-13T15:30:00Z,stop_1m,new_correct_logic
rank32b-beatusdt-00d863222f5b7a8f,BEATUSDT,long,2026-01-14T10:15:00Z,2026-01-14T10:15:00Z,stop_1m,new_correct_logic
rank32b-brettusdt-19da29564e666cd9,BRETTUSDT,long,2026-01-14T12:15:00Z,2026-01-14T12:15:00Z,stop_1m,new_correct_logic
rank32b-pippinusdt-b36c9b4d31b342fa,PIPPINUSDT,short,2026-01-14T12:45:00Z,2026-01-14T12:45:00Z,stop_1m,new_correct_logic
rank32b-uniusdt-c501dcc5d90ef31c,UNIUSDT,long,2026-01-14T14:15:00Z,2026-01-14T14:15:00Z,target_1m,new_correct_logic
rank32b-pippinusdt-adb7d45f5cbfe773,PIPPINUSDT,short,2026-01-14T16:45:00Z,2026-01-14T16:45:00Z,stop_1m,new_correct_logic
rank32b-fartcoinusdt-9c1660f31f578a7d,FARTCOINUSDT,long,2026-01-14T18:15:00Z,2026-01-14T18:15:00Z,timeout_1m,new_correct_logic
rank32b-turbousdt-e3109a2a62dcaf16,TURBOUSDT,long,2026-01-14T19:30:00Z,2026-01-14T19:30:00Z,stop_1m,new_correct_logic
rank32b-suiusdt-0a200a86a83f4ec3,SUIUSDT,long,2026-01-14T20:15:00Z,2026-01-14T20:15:00Z,timeout_1m,new_correct_logic
rank32b-zecusdt-1e659aa04efc8d12,ZECUSDT,long,2026-01-15T06:30:00Z,2026-01-15T06:30:00Z,target_1m,new_correct_logic
rank32b-xrpusdt-9444c5ca18624ca3,XRPUSDT,short,2026-01-15T14:45:00Z,2026-01-15T14:45:00Z,stop_1m,new_correct_logic
rank32b-actusdt-30c21cfd97b80e8e,ACTUSDT,long,2026-01-16T00:30:00Z,2026-01-16T00:30:00Z,stop_1m,new_correct_logic
rank32b-actusdt-84434504607cb20f,ACTUSDT,long,2026-01-16T02:30:00Z,2026-01-16T02:30:00Z,timeout_1m,new_correct_logic
rank32b-ltcusdt-48b09e4f1cb21869,LTCUSDT,short,2026-01-16T15:30:00Z,2026-01-16T15:30:00Z,target_1m,new_correct_logic
rank32b-beatusdt-788300beef90d5a0,BEATUSDT,short,2026-01-16T19:30:00Z,2026-01-16T19:30:00Z,timeout_1m,new_correct_logic
rank32b-turbousdt-a43e54237c2e09ce,TURBOUSDT,short,2026-01-16T20:15:00Z,2026-01-16T20:15:00Z,stop_1m,new_correct_logic
rank32b-tradoorusdt-17a268603902d33f,TRADOORUSDT,short,2026-01-16T21:30:00Z,2026-01-16T21:30:00Z,stop_1m,new_correct_logic
rank32b-brettusdt-67612f9008b8a16d,BRETTUSDT,short,2026-01-17T02:15:00Z,2026-01-17T02:15:00Z,timeout_1m,new_correct_logic
rank32b-tradoorusdt-b2229939781e1916,TRADOORUSDT,short,2026-01-17T18:15:00Z,2026-01-17T18:15:00Z,stop_1m,new_correct_logic
rank32b-beatusdt-2ab0f5c6343ff9c2,BEATUSDT,long,2026-01-17T18:30:00Z,2026-01-17T18:30:00Z,timeout_1m,new_correct_logic
rank32b-dotusdt-9ef485bebc120a62,DOTUSDT,long,2026-01-18T00:15:00Z,2026-01-18T00:15:00Z,stop_1m,new_correct_logic
rank32b-wldusdt-2336b9b573f7114f,WLDUSDT,short,2026-01-18T23:15:00Z,2026-01-18T23:15:00Z,target_1m,new_correct_logic
rank32b-fartcoinusdt-709d16e37c78f457,FARTCOINUSDT,short,2026-01-19T10:15:00Z,2026-01-19T10:15:00Z,stop_1m,new_correct_logic
rank32b-zecusdt-3a41d49d7842eae0,ZECUSDT,short,2026-01-19T15:30:00Z,2026-01-19T15:30:00Z,stop_1m,new_correct_logic
rank32b-xrpusdt-2878978cac7d3f37,XRPUSDT,short,2026-01-19T22:15:00Z,2026-01-19T22:15:00Z,stop_1m,new_correct_logic
rank32b-pippinusdt-230037977ddb4e97,PIPPINUSDT,short,2026-01-19T23:30:00Z,2026-01-19T23:30:00Z,target_1m,new_correct_logic
rank32b-zecusdt-b28a6d390d8c5037,ZECUSDT,short,2026-01-20T12:45:00Z,2026-01-20T12:45:00Z,target_1m,new_correct_logic
rank32b-fartcoinusdt-a31122f9496ea886,FARTCOINUSDT,short,2026-01-21T08:15:00Z,2026-01-21T08:15:00Z,timeout_1m,new_correct_logic
rank32b-ethusdt-f8109f5a8b9c6f18,ETHUSDT,short,2026-01-21T16:30:00Z,2026-01-21T16:30:00Z,target_1m,new_correct_logic
rank32b-tradoorusdt-564ad132dbc88481,TRADOORUSDT,short,2026-01-21T16:45:00Z,2026-01-21T16:45:00Z,timeout_1m,new_correct_logic
rank32b-bchusdt-a891fd6f1c2c5277,BCHUSDT,long,2026-01-22T00:30:00Z,2026-01-22T00:30:00Z,target_1m,new_correct_logic
rank32b-brettusdt-0b932d078c05e62e,BRETTUSDT,short,2026-01-22T06:30:00Z,2026-01-22T06:30:00Z,stop_1m,new_correct_logic
rank32b-adausdt-d941cd3f871da8ac,ADAUSDT,long,2026-01-22T13:30:00Z,2026-01-22T13:30:00Z,stop_1m,new_correct_logic
rank32b-aaveusdt-7beb830876eee052,AAVEUSDT,short,2026-01-22T13:45:00Z,2026-01-22T13:45:00Z,stop_1m,new_correct_logic
rank32b-tradoorusdt-7d52747712f7cb44,TRADOORUSDT,short,2026-01-22T20:45:00Z,2026-01-22T20:45:00Z,stop_1m,new_correct_logic
rank32b-tradoorusdt-f2358f8714ac84b0,TRADOORUSDT,short,2026-01-22T22:45:00Z,2026-01-22T22:45:00Z,stop_1m,new_correct_logic
rank32b-beatusdt-9eb3e7b840b3bdcd,BEATUSDT,short,2026-01-22T23:45:00Z,2026-01-22T23:45:00Z,stop_1m,new_correct_logic
rank32b-ethusdt-284ead108914f791,ETHUSDT,short,2026-01-23T06:30:00Z,2026-01-23T06:30:00Z,timeout_1m,new_correct_logic
rank32b-tradoorusdt-f97ea34ac654bbfd,TRADOORUSDT,short,2026-01-23T09:15:00Z,2026-01-23T09:15:00Z,stop_1m,new_correct_logic
rank32b-turbousdt-59b7ef762953f6ca,TURBOUSDT,short,2026-01-23T14:45:00Z,2026-01-23T14:45:00Z,stop_1m,new_correct_logic
rank32b-brettusdt-f23670346810015e,BRETTUSDT,short,2026-01-23T16:30:00Z,2026-01-23T16:30:00Z,stop_1m,new_correct_logic
rank32b-fartcoinusdt-02f2876d2f7259be,FARTCOINUSDT,short,2026-01-23T19:30:00Z,2026-01-23T19:30:00Z,timeout_1m,new_correct_logic
rank32b-pippinusdt-318a8510eb6a38e3,PIPPINUSDT,long,2026-01-23T22:15:00Z,2026-01-23T22:15:00Z,stop_1m,new_correct_logic
rank32b-pippinusdt-5d7f6ae0009a9712,PIPPINUSDT,long,2026-01-24T01:30:00Z,2026-01-24T01:30:00Z,stop_1m,new_correct_logic
rank32b-1000pepeusdt-1161ecd588519b5b,1000PEPEUSDT,short,2026-01-24T15:30:00Z,2026-01-24T15:30:00Z,target_1m,new_correct_logic
rank32b-tradoorusdt-b28988657936257d,TRADOORUSDT,short,2026-01-24T22:45:00Z,2026-01-24T22:45:00Z,stop_1m,new_correct_logic
rank32b-tradoorusdt-965ad24c0dacc36e,TRADOORUSDT,long,2026-01-25T01:15:00Z,2026-01-25T01:15:00Z,stop_1m,new_correct_logic
rank32b-beatusdt-b047d03b0376e30b,BEATUSDT,long,2026-01-25T02:15:00Z,2026-01-25T02:15:00Z,stop_1m,new_correct_logic
rank32b-1000pepeusdt-f252361644f8bbd7,1000PEPEUSDT,short,2026-01-25T13:30:00Z,2026-01-25T13:30:00Z,target_1m,new_correct_logic
rank32b-fartcoinusdt-886f7aeeaa920915,FARTCOINUSDT,short,2026-01-26T01:30:00Z,2026-01-26T01:30:00Z,stop_1m,new_correct_logic
rank32b-fartcoinusdt-d26eaf26de84d670,FARTCOINUSDT,short,2026-01-26T02:15:00Z,2026-01-26T02:15:00Z,timeout_1m,new_correct_logic
rank32b-tradoorusdt-7e7ed6c6af265c9a,TRADOORUSDT,short,2026-01-26T09:15:00Z,2026-01-26T09:15:00Z,stop_1m,new_correct_logic
rank32b-dogeusdt-3d8e0db01d53393f,DOGEUSDT,short,2026-01-26T11:30:00Z,2026-01-26T11:30:00Z,stop_1m,new_correct_logic
rank32b-tradoorusdt-39581a107ec1e667,TRADOORUSDT,short,2026-01-26T14:15:00Z,2026-01-26T14:15:00Z,stop_1m,new_correct_logic
rank32b-tradoorusdt-24b0372b96f6622c,TRADOORUSDT,short,2026-01-27T09:15:00Z,2026-01-27T09:15:00Z,stop_1m,new_correct_logic
rank32b-pippinusdt-014bb9b22ff9a9ca,PIPPINUSDT,short,2026-01-27T12:15:00Z,2026-01-27T12:15:00Z,stop_1m,new_correct_logic
rank32b-ltcusdt-290be52a911b9306,LTCUSDT,long,2026-01-27T14:15:00Z,2026-01-27T14:15:00Z,stop_1m,new_correct_logic
rank32b-tradoorusdt-4f55b18ad436bbe5,TRADOORUSDT,short,2026-01-27T14:45:00Z,2026-01-27T14:45:00Z,stop_1m,new_correct_logic
rank32b-nearusdt-37a6543b8d36eeb4,NEARUSDT,short,2026-01-27T15:30:00Z,2026-01-27T15:30:00Z,stop_1m,new_correct_logic
rank32b-brettusdt-c386bccb160737ea,BRETTUSDT,long,2026-01-28T07:00:00Z,2026-01-28T07:00:00Z,timeout_1m,new_correct_logic
rank32b-beatusdt-9725d717eca1c219,BEATUSDT,long,2026-01-28T08:15:00Z,2026-01-28T08:15:00Z,stop_1m,new_correct_logic
rank32b-1000pepeusdt-a924e7bdefc92ea4,1000PEPEUSDT,long,2026-01-28T09:45:00Z,2026-01-28T09:45:00Z,stop_1m,new_correct_logic
rank32b-aaveusdt-ecd62bb017b67347,AAVEUSDT,long,2026-01-28T16:30:00Z,2026-01-28T16:30:00Z,stop_1m,new_correct_logic
rank32b-fartcoinusdt-a7d8604e7a32f8e6,FARTCOINUSDT,long,2026-01-28T20:30:00Z,2026-01-28T20:30:00Z,stop_1m,new_correct_logic
rank32b-wldusdt-191e1e90ae06d21d,WLDUSDT,long,2026-01-29T07:30:00Z,2026-01-29T07:30:00Z,stop_1m,new_correct_logic
rank32b-tradoorusdt-bc07747ec286041a,TRADOORUSDT,long,2026-01-29T23:30:00Z,2026-01-29T23:30:00Z,stop_1m,new_correct_logic
rank32b-brettusdt-58a66ea574c2b10b,BRETTUSDT,short,2026-01-30T15:00:00Z,2026-01-30T15:00:00Z,target_1m,new_correct_logic
rank32b-turbousdt-fefc12a35281447f,TURBOUSDT,short,2026-01-30T15:30:00Z,2026-01-30T15:30:00Z,stop_1m,new_correct_logic
rank32b-dogeusdt-cf4588f7373db880,DOGEUSDT,short,2026-01-30T18:30:00Z,2026-01-30T18:30:00Z,stop_1m,new_correct_logic
rank32b-nearusdt-727effba9e20a717,NEARUSDT,short,2026-01-30T20:15:00Z,2026-01-30T20:15:00Z,timeout_1m,new_correct_logic
rank32b-fartcoinusdt-f22c740e0dc93246,FARTCOINUSDT,short,2026-01-30T22:15:00Z,2026-01-30T22:15:00Z,timeout_1m,new_correct_logic
rank32b-zecusdt-3d9fa3b996d022f9,ZECUSDT,short,2026-01-30T23:15:00Z,2026-01-30T23:15:00Z,stop_1m,new_correct_logic
rank32b-bchusdt-1b577673b2fca106,BCHUSDT,short,2026-02-01T02:30:00Z,2026-02-01T02:30:00Z,stop_1m,new_correct_logic
rank32b-suiusdt-e0ed9d594be60b1a,SUIUSDT,short,2026-02-01T09:00:00Z,2026-02-01T09:00:00Z,stop_1m,new_correct_logic
rank32b-turbousdt-a9129cc24cbd3fae,TURBOUSDT,short,2026-02-01T09:30:00Z,2026-02-01T09:30:00Z,stop_1m,new_correct_logic
rank32b-pippinusdt-65cb4705fe95bdca,PIPPINUSDT,short,2026-02-01T17:30:00Z,2026-02-01T17:30:00Z,stop_1m,new_correct_logic
rank32b-pippinusdt-96e540dc822ea2ad,PIPPINUSDT,short,2026-02-01T20:45:00Z,2026-02-01T20:45:00Z,timeout_1m,new_correct_logic
rank32b-fartcoinusdt-49e982e25de202f8,FARTCOINUSDT,short,2026-02-02T01:15:00Z,2026-02-02T01:15:00Z,stop_1m,new_correct_logic
rank32b-beatusdt-031a199a4caee122,BEATUSDT,short,2026-02-02T01:45:00Z,2026-02-02T01:45:00Z,target_1m,new_correct_logic
rank32b-avaxusdt-599e5f4e4b124940,AVAXUSDT,short,2026-02-02T02:45:00Z,2026-02-02T02:45:00Z,target_1m,new_correct_logic
rank32b-zecusdt-e33204985a85a860,ZECUSDT,short,2026-02-02T03:30:00Z,2026-02-02T03:30:00Z,stop_1m,new_correct_logic
rank32b-zecusdt-22da591ac6a5f839,ZECUSDT,short,2026-02-02T07:15:00Z,2026-02-02T07:15:00Z,timeout_1m,new_correct_logic
rank32b-pippinusdt-99478d8c562686c6,PIPPINUSDT,short,2026-02-02T07:30:00Z,2026-02-02T07:30:00Z,stop_1m,new_correct_logic
rank32b-brettusdt-c9125a71a2883813,BRETTUSDT,short,2026-02-02T08:00:00Z,2026-02-02T08:00:00Z,stop_1m,new_correct_logic
rank32b-avaxusdt-2ab41820ed511c2a,AVAXUSDT,short,2026-02-02T09:15:00Z,2026-02-02T09:15:00Z,stop_1m,new_correct_logic
rank32b-zecusdt-7a327e36b7d35ef2,ZECUSDT,short,2026-02-02T13:15:00Z,2026-02-02T13:15:00Z,stop_1m,new_correct_logic
rank32b-zecusdt-8a55cd05b42f6de5,ZECUSDT,short,2026-02-02T14:15:00Z,2026-02-02T14:15:00Z,stop_1m,new_correct_logic
rank32b-aaveusdt-c4dab6890fbb2f58,AAVEUSDT,short,2026-02-02T20:45:00Z,2026-02-02T20:45:00Z,stop_1m,new_correct_logic
rank32b-xrpusdt-811a11de2d356ffa,XRPUSDT,short,2026-02-03T05:15:00Z,2026-02-03T05:15:00Z,timeout_1m,new_correct_logic
rank32b-fartcoinusdt-a4c6364828706b9d,FARTCOINUSDT,short,2026-02-03T09:15:00Z,2026-02-03T09:15:00Z,stop_1m,new_correct_logic
rank32b-linkusdt-6fed3973e8698139,LINKUSDT,short,2026-02-03T14:45:00Z,2026-02-03T14:45:00Z,stop_1m,new_correct_logic
rank32b-adausdt-db0d743f4c78a274,ADAUSDT,long,2026-02-03T15:30:00Z,2026-02-03T15:30:00Z,stop_1m,new_correct_logic
rank32b-uniusdt-ddc386bd77b9fbe0,UNIUSDT,short,2026-02-03T20:15:00Z,2026-02-03T20:15:00Z,stop_1m,new_correct_logic
rank32b-brettusdt-de75ba1a1de18b54,BRETTUSDT,short,2026-02-03T22:15:00Z,2026-02-03T22:15:00Z,timeout_1m,new_correct_logic
rank32b-fartcoinusdt-f387df62ae9d191a,FARTCOINUSDT,short,2026-02-03T23:00:00Z,2026-02-03T23:00:00Z,timeout_1m,new_correct_logic
rank32b-zecusdt-b951357f8e2046ea,ZECUSDT,short,2026-02-04T01:30:00Z,2026-02-04T01:30:00Z,timeout_1m,new_correct_logic
rank32b-beatusdt-0e62b9981948e23d,BEATUSDT,short,2026-02-04T03:30:00Z,2026-02-04T03:30:00Z,stop_1m,new_correct_logic
rank32b-actusdt-3a905c9ea4bf380d,ACTUSDT,long,2026-02-04T04:15:00Z,2026-02-04T04:15:00Z,timeout_1m,new_correct_logic
rank32b-beatusdt-eee6769d306e8c6e,BEATUSDT,short,2026-02-04T08:30:00Z,2026-02-04T08:30:00Z,stop_1m,new_correct_logic
rank32b-zecusdt-28cf406f70b85bd1,ZECUSDT,short,2026-02-04T09:30:00Z,2026-02-04T09:30:00Z,timeout_1m,new_correct_logic
rank32b-actusdt-bea96d27e3d88fe4,ACTUSDT,long,2026-02-04T14:15:00Z,2026-02-04T14:15:00Z,stop_1m,new_correct_logic
rank32b-actusdt-124c5f323fe17ca2,ACTUSDT,long,2026-02-04T15:15:00Z,2026-02-04T15:15:00Z,stop_1m,new_correct_logic
rank32b-1000pepeusdt-6ffe05d55a98124d,1000PEPEUSDT,short,2026-02-04T22:15:00Z,2026-02-04T22:15:00Z,stop_1m,new_correct_logic
rank32b-actusdt-1c5d20e725c05ff1,ACTUSDT,long,2026-02-04T22:30:00Z,2026-02-04T22:30:00Z,stop_1m,new_correct_logic
rank32b-aaveusdt-1f96b5f8b83c894f,AAVEUSDT,short,2026-02-04T22:45:00Z,2026-02-04T22:45:00Z,stop_1m,new_correct_logic
rank32b-actusdt-13ca48fce5d96da8,ACTUSDT,long,2026-02-05T01:30:00Z,2026-02-05T01:30:00Z,stop_1m,new_correct_logic
rank32b-aaveusdt-2a3ee5011f5a945a,AAVEUSDT,short,2026-02-05T02:00:00Z,2026-02-05T02:00:00Z,target_1m,new_correct_logic
rank32b-ltcusdt-77ae0548f22131ce,LTCUSDT,short,2026-02-05T03:00:00Z,2026-02-05T03:00:00Z,timeout_1m,new_correct_logic
rank32b-bchusdt-d94f283034b61fbe,BCHUSDT,long,2026-02-05T07:30:00Z,2026-02-05T07:30:00Z,stop_1m,new_correct_logic
rank32b-dogeusdt-69b5afd615923a34,DOGEUSDT,short,2026-02-06T06:30:00Z,2026-02-06T06:30:00Z,target_1m,new_correct_logic
rank32b-xrpusdt-ef82fa668745ed17,XRPUSDT,short,2026-02-06T08:30:00Z,2026-02-06T08:30:00Z,stop_1m,new_correct_logic
rank32b-zecusdt-ec814f8de4947ab3,ZECUSDT,short,2026-02-07T00:30:00Z,2026-02-07T00:30:00Z,stop_1m,new_correct_logic
rank32b-solusdt-47bfa6f447b355ea,SOLUSDT,short,2026-02-07T07:15:00Z,2026-02-07T07:15:00Z,stop_1m,new_correct_logic
rank32b-actusdt-309601e891e18826,ACTUSDT,long,2026-02-07T07:30:00Z,2026-02-07T07:30:00Z,stop_1m,new_correct_logic
rank32b-linkusdt-e7398a650d798b00,LINKUSDT,short,2026-02-07T15:00:00Z,2026-02-07T15:00:00Z,stop_1m,new_correct_logic
rank32b-wldusdt-a7cf058fb05a8e0b,WLDUSDT,long,2026-02-07T15:30:00Z,2026-02-07T15:30:00Z,stop_1m,new_correct_logic
rank32b-actusdt-879a89891534fedb,ACTUSDT,long,2026-02-07T16:15:00Z,2026-02-07T16:15:00Z,stop_1m,new_correct_logic
rank32b-brettusdt-d44a8bbc2700fb7c,BRETTUSDT,short,2026-02-07T17:15:00Z,2026-02-07T17:15:00Z,stop_1m,new_correct_logic
rank32b-pippinusdt-9b7e09b9ee0b0f41,PIPPINUSDT,long,2026-02-07T19:30:00Z,2026-02-07T19:30:00Z,timeout_1m,new_correct_logic
rank32b-adausdt-c7553eecd2d3b98c,ADAUSDT,long,2026-02-08T08:30:00Z,2026-02-08T08:30:00Z,target_1m,new_correct_logic
rank32b-fartcoinusdt-4c577f862b7c36a6,FARTCOINUSDT,short,2026-02-08T10:30:00Z,2026-02-08T10:30:00Z,stop_1m,new_correct_logic
rank32b-turbousdt-6c71b066f86e7645,TURBOUSDT,short,2026-02-08T12:45:00Z,2026-02-08T12:45:00Z,stop_1m,new_correct_logic
rank32b-bnbusdt-54c9c100a2e432cd,BNBUSDT,short,2026-02-08T13:15:00Z,2026-02-08T13:15:00Z,stop_1m,new_correct_logic
rank32b-turbousdt-c48d638191b904c2,TURBOUSDT,short,2026-02-08T13:45:00Z,2026-02-08T13:45:00Z,stop_1m,new_correct_logic
rank32b-nearusdt-5bbd0d04859bc8c3,NEARUSDT,short,2026-02-08T15:30:00Z,2026-02-08T15:30:00Z,target_1m,new_correct_logic
rank32b-solusdt-290227a34cbf01ee,SOLUSDT,long,2026-02-08T18:45:00Z,2026-02-08T18:45:00Z,stop_1m,new_correct_logic
rank32b-suiusdt-ffbbd191e1f2fa85,SUIUSDT,short,2026-02-08T20:15:00Z,2026-02-08T20:15:00Z,target_1m,new_correct_logic
rank32b-zecusdt-b98045d200616543,ZECUSDT,long,2026-02-08T23:15:00Z,2026-02-08T23:15:00Z,stop_1m,new_correct_logic
rank32b-zecusdt-430cb8a254dd4d21,ZECUSDT,long,2026-02-09T01:30:00Z,2026-02-09T01:30:00Z,stop_1m,new_correct_logic
rank32b-actusdt-20e60a2d3f52efa9,ACTUSDT,short,2026-02-09T04:15:00Z,2026-02-09T04:15:00Z,timeout_1m,new_correct_logic
rank32b-1000pepeusdt-c279cacbd0cda47e,1000PEPEUSDT,short,2026-02-09T06:15:00Z,2026-02-09T06:15:00Z,timeout_1m,new_correct_logic
rank32b-pippinusdt-1bede54f3c0426d7,PIPPINUSDT,long,2026-02-09T11:15:00Z,2026-02-09T11:15:00Z,stop_1m,new_correct_logic
rank32b-tradoorusdt-dc7a47a8a0097aae,TRADOORUSDT,long,2026-02-09T13:15:00Z,2026-02-09T13:15:00Z,stop_1m,new_correct_logic
rank32b-brettusdt-78d2650a38a92e12,BRETTUSDT,short,2026-02-09T16:15:00Z,2026-02-09T16:15:00Z,stop_1m,new_correct_logic
rank32b-wldusdt-4bcd7a89d99a222a,WLDUSDT,short,2026-02-09T17:15:00Z,2026-02-09T17:15:00Z,stop_1m,new_correct_logic
rank32b-brettusdt-4e488fe35ad62974,BRETTUSDT,short,2026-02-09T20:30:00Z,2026-02-09T20:30:00Z,stop_1m,new_correct_logic
rank32b-brettusdt-afb54c88c7990ee8,BRETTUSDT,short,2026-02-09T21:45:00Z,2026-02-09T21:45:00Z,stop_1m,new_correct_logic
rank32b-actusdt-094ac7018db6b457,ACTUSDT,short,2026-02-09T22:30:00Z,2026-02-09T22:30:00Z,timeout_1m,new_correct_logic
rank32b-bnbusdt-34de010497568183,BNBUSDT,short,2026-02-10T03:30:00Z,2026-02-10T03:30:00Z,stop_1m,new_correct_logic
rank32b-solusdt-2917f0c4aed3d071,SOLUSDT,short,2026-02-10T05:30:00Z,2026-02-10T05:30:00Z,stop_1m,new_correct_logic
rank32b-ethusdt-061158b0f8b13d27,ETHUSDT,short,2026-02-10T18:15:00Z,2026-02-10T18:15:00Z,target_1m,new_correct_logic
rank32b-1000pepeusdt-eb2ca18ba4b75434,1000PEPEUSDT,short,2026-02-11T03:15:00Z,2026-02-11T03:15:00Z,target_1m,new_correct_logic
rank32b-actusdt-27170966525c28f3,ACTUSDT,short,2026-02-11T12:15:00Z,2026-02-11T12:15:00Z,stop_1m,new_correct_logic
rank32b-aaveusdt-beb412f74092b23f,AAVEUSDT,short,2026-02-11T15:00:00Z,2026-02-11T15:00:00Z,stop_1m,new_correct_logic
rank32b-nearusdt-50591900030d382f,NEARUSDT,short,2026-02-11T20:30:00Z,2026-02-11T20:30:00Z,stop_1m,new_correct_logic
rank32b-actusdt-050bca6195f7ecb2,ACTUSDT,long,2026-02-12T13:45:00Z,2026-02-12T13:45:00Z,stop_1m,new_correct_logic
rank32b-suiusdt-5de56d5b030a9ea1,SUIUSDT,long,2026-02-12T15:30:00Z,2026-02-12T15:30:00Z,stop_1m,new_correct_logic
rank32b-brettusdt-fcd2935f7248f60b,BRETTUSDT,short,2026-02-12T16:15:00Z,2026-02-12T16:15:00Z,timeout_1m,new_correct_logic
rank32b-1000pepeusdt-cc99ba1665c9f651,1000PEPEUSDT,long,2026-02-12T19:30:00Z,2026-02-12T19:30:00Z,stop_1m,new_correct_logic
rank32b-beatusdt-3c89f38cfdfea359,BEATUSDT,long,2026-02-13T07:15:00Z,2026-02-13T07:15:00Z,stop_1m,new_correct_logic
rank32b-btcusdt-c77e63d8fc5d087b,BTCUSDT,short,2026-02-13T07:45:00Z,2026-02-13T07:45:00Z,stop_1m,new_correct_logic
rank32b-tradoorusdt-c0091df449c772b1,TRADOORUSDT,long,2026-02-13T13:30:00Z,2026-02-13T13:30:00Z,target_1m,new_correct_logic
rank32b-dogeusdt-cd94a38a6d73769c,DOGEUSDT,long,2026-02-13T14:30:00Z,2026-02-13T14:30:00Z,target_1m,new_correct_logic
rank32b-beatusdt-0b51404362484c70,BEATUSDT,long,2026-02-13T20:30:00Z,2026-02-13T20:30:00Z,target_1m,new_correct_logic
rank32b-suiusdt-66b75c8269436d91,SUIUSDT,long,2026-02-15T04:00:00Z,2026-02-15T04:00:00Z,target_1m,new_correct_logic
rank32b-ethusdt-126ed9c2d14b83ed,ETHUSDT,long,2026-02-15T04:15:00Z,2026-02-15T04:15:00Z,timeout_1m,new_correct_logic
rank32b-1000pepeusdt-8d0792abdc0346bb,1000PEPEUSDT,long,2026-02-15T12:30:00Z,2026-02-15T12:30:00Z,stop_1m,new_correct_logic
rank32b-actusdt-aa1cb932b03756c8,ACTUSDT,long,2026-02-15T22:45:00Z,2026-02-15T22:45:00Z,stop_1m,new_correct_logic
rank32b-zecusdt-8ce5e79ee9485b88,ZECUSDT,long,2026-02-16T00:15:00Z,2026-02-16T00:15:00Z,stop_1m,new_correct_logic
rank32b-pippinusdt-5b92cfeadecd8f6f,PIPPINUSDT,long,2026-02-16T06:45:00Z,2026-02-16T06:45:00Z,target_1m,new_correct_logic
rank32b-1000pepeusdt-af032e7b1cb99419,1000PEPEUSDT,long,2026-02-16T12:30:00Z,2026-02-16T12:30:00Z,stop_1m,new_correct_logic
rank32b-wldusdt-75451998c2cff667,WLDUSDT,short,2026-02-16T13:30:00Z,2026-02-16T13:30:00Z,stop_1m,new_correct_logic
rank32b-tradoorusdt-3c612b753bd20acb,TRADOORUSDT,long,2026-02-16T16:15:00Z,2026-02-16T16:15:00Z,stop_1m,new_correct_logic
rank32b-1000pepeusdt-fd4ac6218642a461,1000PEPEUSDT,long,2026-02-16T19:45:00Z,2026-02-16T19:45:00Z,stop_1m,new_correct_logic
rank32b-1000pepeusdt-dcc3046728cd2c13,1000PEPEUSDT,long,2026-02-16T23:15:00Z,2026-02-16T23:15:00Z,stop_1m,new_correct_logic
rank32b-tradoorusdt-f6fd0af05f81c3e1,TRADOORUSDT,long,2026-02-17T04:15:00Z,2026-02-17T04:15:00Z,timeout_1m,new_correct_logic
rank32b-beatusdt-e88d17c4f65d199d,BEATUSDT,short,2026-02-17T12:45:00Z,2026-02-17T12:45:00Z,stop_1m,new_correct_logic
rank32b-dotusdt-1355511c1e9554f6,DOTUSDT,long,2026-02-17T14:00:00Z,2026-02-17T14:00:00Z,stop_1m,new_correct_logic
rank32b-dogeusdt-6a215f1ef0c57baa,DOGEUSDT,short,2026-02-17T14:45:00Z,2026-02-17T14:45:00Z,stop_1m,new_correct_logic
rank32b-turbousdt-c7f64d26316ccaa0,TURBOUSDT,short,2026-02-17T16:30:00Z,2026-02-17T16:30:00Z,stop_1m,new_correct_logic
rank32b-turbousdt-b022946125997faf,TURBOUSDT,short,2026-02-17T17:15:00Z,2026-02-17T17:15:00Z,stop_1m,new_correct_logic
rank32b-fartcoinusdt-bdfcf4146126a473,FARTCOINUSDT,short,2026-02-17T17:45:00Z,2026-02-17T17:45:00Z,stop_1m,new_correct_logic
rank32b-tradoorusdt-f95b9ed2d0329541,TRADOORUSDT,long,2026-02-18T01:45:00Z,2026-02-18T01:45:00Z,target_1m,new_correct_logic
rank32b-zecusdt-97c0940c7b81a4eb,ZECUSDT,long,2026-02-18T02:00:00Z,2026-02-18T02:00:00Z,timeout_1m,new_correct_logic
rank32b-beatusdt-2c468a499f3bef81,BEATUSDT,short,2026-02-18T02:15:00Z,2026-02-18T02:15:00Z,stop_1m,new_correct_logic
rank32b-dogeusdt-96980213b3ec5549,DOGEUSDT,short,2026-02-18T10:45:00Z,2026-02-18T10:45:00Z,target_1m,new_correct_logic
rank32b-beatusdt-d4350e5a4c7abae3,BEATUSDT,short,2026-02-19T05:15:00Z,2026-02-19T05:15:00Z,stop_1m,new_correct_logic
rank32b-tradoorusdt-73acf1c25eca4783,TRADOORUSDT,long,2026-02-19T06:15:00Z,2026-02-19T06:15:00Z,stop_1m,new_correct_logic
rank32b-pippinusdt-0adc6720669601e8,PIPPINUSDT,short,2026-02-19T17:30:00Z,2026-02-19T17:30:00Z,stop_1m,new_correct_logic
rank32b-nearusdt-4795051f213936b3,NEARUSDT,short,2026-02-20T04:30:00Z,2026-02-20T04:30:00Z,stop_1m,new_correct_logic
rank32b-1000pepeusdt-b33743b6a2869e4e,1000PEPEUSDT,short,2026-02-20T11:15:00Z,2026-02-20T11:15:00Z,target_1m,new_correct_logic
rank32b-turbousdt-4957a9fbd3c59362,TURBOUSDT,short,2026-02-20T13:15:00Z,2026-02-20T13:15:00Z,target_1m,new_correct_logic
rank32b-nearusdt-d889c8be0559eddb,NEARUSDT,short,2026-02-20T13:45:00Z,2026-02-20T13:45:00Z,stop_1m,new_correct_logic
rank32b-actusdt-daaf456d69e55709,ACTUSDT,short,2026-02-20T15:45:00Z,2026-02-20T15:45:00Z,stop_1m,new_correct_logic
rank32b-beatusdt-a04bb54a37def0c4,BEATUSDT,long,2026-02-21T01:30:00Z,2026-02-21T01:30:00Z,stop_1m,new_correct_logic
rank32b-zecusdt-b75e19ce58663ac8,ZECUSDT,short,2026-02-21T16:00:00Z,2026-02-21T16:00:00Z,timeout_1m,new_correct_logic
rank32b-tradoorusdt-7099070144473b0b,TRADOORUSDT,long,2026-02-23T09:30:00Z,2026-02-23T09:30:00Z,stop_1m,new_correct_logic
rank32b-avaxusdt-7685e707975bedea,AVAXUSDT,short,2026-02-23T14:30:00Z,2026-02-23T14:30:00Z,stop_1m,new_correct_logic
rank32b-dogeusdt-b73869b49fad9a18,DOGEUSDT,short,2026-02-23T16:00:00Z,2026-02-23T16:00:00Z,target_1m,new_correct_logic
rank32b-pippinusdt-5dbc4b47d794cb92,PIPPINUSDT,long,2026-02-24T12:30:00Z,2026-02-24T12:30:00Z,timeout_1m,new_correct_logic
rank32b-linkusdt-e483d7c1274f06d0,LINKUSDT,short,2026-02-24T18:15:00Z,2026-02-24T18:15:00Z,stop_1m,new_correct_logic
rank32b-suiusdt-bc71bacedd64a5d6,SUIUSDT,short,2026-02-25T05:45:00Z,2026-02-25T05:45:00Z,stop_1m,new_correct_logic
rank32b-pippinusdt-6c3a2544c3b7a623,PIPPINUSDT,long,2026-02-25T07:15:00Z,2026-02-25T07:15:00Z,stop_1m,new_correct_logic
rank32b-tradoorusdt-b6f57221aa12c481,TRADOORUSDT,short,2026-02-25T14:45:00Z,2026-02-25T14:45:00Z,stop_1m,new_correct_logic
rank32b-pippinusdt-235f9d93fb47cfa7,PIPPINUSDT,long,2026-02-25T17:15:00Z,2026-02-25T17:15:00Z,stop_1m,new_correct_logic
rank32b-aaveusdt-922c66f870dc4fb4,AAVEUSDT,long,2026-02-26T01:15:00Z,2026-02-26T01:15:00Z,stop_1m,new_correct_logic
rank32b-zecusdt-eefe36aa2a3777f6,ZECUSDT,long,2026-02-26T01:30:00Z,2026-02-26T01:30:00Z,timeout_1m,new_correct_logic
rank32b-bchusdt-b6071b8a76510f92,BCHUSDT,short,2026-02-26T03:15:00Z,2026-02-26T03:15:00Z,stop_1m,new_correct_logic
rank32b-pippinusdt-d08f0a99fc5f4928,PIPPINUSDT,long,2026-02-26T06:15:00Z,2026-02-26T06:15:00Z,stop_1m,new_correct_logic
rank32b-xrpusdt-dd5968b2f461ba76,XRPUSDT,long,2026-02-26T08:15:00Z,2026-02-26T08:15:00Z,target_1m,new_correct_logic
rank32b-adausdt-f8cfb25fb0bb9ea8,ADAUSDT,long,2026-02-26T09:15:00Z,2026-02-26T09:15:00Z,stop_1m,new_correct_logic
rank32b-xrpusdt-896223b89ac75b1e,XRPUSDT,long,2026-02-26T13:30:00Z,2026-02-26T13:30:00Z,stop_1m,new_correct_logic
rank32b-beatusdt-d286681bf5452807,BEATUSDT,short,2026-02-26T17:00:00Z,2026-02-26T17:00:00Z,stop_1m,new_correct_logic
rank32b-fartcoinusdt-d1de1d84ede6643e,FARTCOINUSDT,long,2026-02-26T19:15:00Z,2026-02-26T19:15:00Z,stop_1m,new_correct_logic
rank32b-dotusdt-2f17f09eb4e6d7fc,DOTUSDT,long,2026-02-26T21:30:00Z,2026-02-26T21:30:00Z,stop_1m,new_correct_logic
rank32b-nearusdt-66405617d4dfbdc9,NEARUSDT,long,2026-02-26T22:45:00Z,2026-02-26T22:45:00Z,timeout_1m,new_correct_logic
rank32b-uniusdt-f9a1cb3462d129aa,UNIUSDT,long,2026-02-27T03:45:00Z,2026-02-27T03:45:00Z,target_1m,new_correct_logic
rank32b-tradoorusdt-d97197e012582680,TRADOORUSDT,short,2026-02-27T12:15:00Z,2026-02-27T12:15:00Z,stop_1m,new_correct_logic
rank32b-actusdt-e2fbdf3899c49c1d,ACTUSDT,long,2026-02-27T13:15:00Z,2026-02-27T13:15:00Z,stop_1m,new_correct_logic
rank32b-pippinusdt-86be87399a545ce9,PIPPINUSDT,short,2026-02-28T02:15:00Z,2026-02-28T02:15:00Z,stop_1m,new_correct_logic
rank32b-beatusdt-9a8d35af49aa35e9,BEATUSDT,short,2026-02-28T02:30:00Z,2026-02-28T02:30:00Z,stop_1m,new_correct_logic
rank32b-wldusdt-5a8abf4ad670e98f,WLDUSDT,short,2026-02-28T16:15:00Z,2026-02-28T16:15:00Z,timeout_1m,new_correct_logic
rank32b-ethusdt-d693b6020999737e,ETHUSDT,short,2026-02-28T17:45:00Z,2026-02-28T17:45:00Z,stop_1m,new_correct_logic
rank32b-dotusdt-f12578104a9aa986,DOTUSDT,long,2026-03-01T06:30:00Z,2026-03-01T06:30:00Z,stop_1m,new_correct_logic
rank32b-fartcoinusdt-86aa3aaf912d2111,FARTCOINUSDT,long,2026-03-01T08:15:00Z,2026-03-01T08:15:00Z,stop_1m,new_correct_logic
rank32b-bchusdt-281d4814f69a585f,BCHUSDT,short,2026-03-01T14:30:00Z,2026-03-01T14:30:00Z,timeout_1m,new_correct_logic
rank32b-adausdt-99a49aacb6152c74,ADAUSDT,long,2026-03-01T15:15:00Z,2026-03-01T15:15:00Z,stop_1m,new_correct_logic
rank32b-aaveusdt-85af495691a81deb,AAVEUSDT,long,2026-03-01T18:15:00Z,2026-03-01T18:15:00Z,stop_1m,new_correct_logic
rank32b-turbousdt-d75d40a46a016d36,TURBOUSDT,short,2026-03-02T05:15:00Z,2026-03-02T05:15:00Z,stop_1m,new_correct_logic
rank32b-suiusdt-96f97635d9d1aede,SUIUSDT,short,2026-03-02T06:30:00Z,2026-03-02T06:30:00Z,timeout_1m,new_correct_logic
rank32b-zecusdt-9142178cb4a2d79f,ZECUSDT,long,2026-03-03T05:15:00Z,2026-03-03T05:15:00Z,stop_1m,new_correct_logic
rank32b-zecusdt-7e21e7942f2a5332,ZECUSDT,long,2026-03-03T06:15:00Z,2026-03-03T06:15:00Z,stop_1m,new_correct_logic
rank32b-beatusdt-0023c327ec81d8c5,BEATUSDT,long,2026-03-03T08:45:00Z,2026-03-03T08:45:00Z,timeout_1m,new_correct_logic
rank32b-nearusdt-5ff45be626dd6a19,NEARUSDT,long,2026-03-03T11:30:00Z,2026-03-03T11:30:00Z,stop_1m,new_correct_logic
rank32b-nearusdt-6eb6ba0f9f820d3f,NEARUSDT,long,2026-03-03T14:30:00Z,2026-03-03T14:30:00Z,stop_1m,new_correct_logic
rank32b-adausdt-aa4c9e3dc77d52e1,ADAUSDT,short,2026-03-03T16:45:00Z,2026-03-03T16:45:00Z,stop_1m,new_correct_logic
rank32b-suiusdt-9a4f4da598f73505,SUIUSDT,long,2026-03-03T17:00:00Z,2026-03-03T17:00:00Z,stop_1m,new_correct_logic
rank32b-solusdt-a8308a9f659f08d4,SOLUSDT,long,2026-03-03T18:30:00Z,2026-03-03T18:30:00Z,timeout_1m,new_correct_logic
rank32b-1000pepeusdt-8bafb5a790b8be6d,1000PEPEUSDT,short,2026-03-04T00:45:00Z,2026-03-04T00:45:00Z,stop_1m,new_correct_logic
rank32b-beatusdt-5e331b7e4f21da77,BEATUSDT,long,2026-03-04T02:30:00Z,2026-03-04T02:30:00Z,timeout_1m,new_correct_logic
rank32b-suiusdt-3a4ff9b5f3d8bbda,SUIUSDT,short,2026-03-04T03:30:00Z,2026-03-04T03:30:00Z,timeout_1m,new_correct_logic
rank32b-turbousdt-b8768e5ba91c3d7c,TURBOUSDT,short,2026-03-04T03:45:00Z,2026-03-04T03:45:00Z,stop_1m,new_correct_logic
rank32b-dotusdt-5d0dae98371eded9,DOTUSDT,short,2026-03-04T04:30:00Z,2026-03-04T04:30:00Z,stop_1m,new_correct_logic
rank32b-dotusdt-0b0d5ac9e4df8e2b,DOTUSDT,short,2026-03-04T07:15:00Z,2026-03-04T07:15:00Z,stop_1m,new_correct_logic
rank32b-solusdt-98b8537c4fd69da4,SOLUSDT,long,2026-03-04T07:30:00Z,2026-03-04T07:30:00Z,target_1m,new_correct_logic
rank32b-uniusdt-252edc229575cfc8,UNIUSDT,long,2026-03-05T01:15:00Z,2026-03-05T01:15:00Z,stop_1m,new_correct_logic
rank32b-avaxusdt-e1931ef9cb8d21ab,AVAXUSDT,long,2026-03-05T02:15:00Z,2026-03-05T02:15:00Z,stop_1m,new_correct_logic
rank32b-beatusdt-5cf526bc2e95f5cc,BEATUSDT,long,2026-03-05T06:30:00Z,2026-03-05T06:30:00Z,stop_1m,new_correct_logic
rank32b-uniusdt-bc5b007d4954df12,UNIUSDT,long,2026-03-05T08:45:00Z,2026-03-05T08:45:00Z,target_1m,new_correct_logic
rank32b-zecusdt-ad953d3f00e6ba7a,ZECUSDT,long,2026-03-05T09:15:00Z,2026-03-05T09:15:00Z,stop_1m,new_correct_logic
rank32b-pippinusdt-659f81e8ff631fa8,PIPPINUSDT,short,2026-03-05T14:45:00Z,2026-03-05T14:45:00Z,stop_1m,new_correct_logic
rank32b-xrpusdt-e9b0e972c79afbaf,XRPUSDT,long,2026-03-05T15:00:00Z,2026-03-05T15:00:00Z,stop_1m,new_correct_logic
rank32b-suiusdt-445acb3bd0644bae,SUIUSDT,long,2026-03-05T19:15:00Z,2026-03-05T19:15:00Z,stop_1m,new_correct_logic
rank32b-nearusdt-adf82b163701f67b,NEARUSDT,short,2026-03-06T02:30:00Z,2026-03-06T02:30:00Z,timeout_1m,new_correct_logic
rank32b-pippinusdt-a70b5d348824e06e,PIPPINUSDT,short,2026-03-06T22:45:00Z,2026-03-06T22:45:00Z,timeout_1m,new_correct_logic
rank32b-dogeusdt-cf308273c821c9e4,DOGEUSDT,short,2026-03-07T03:30:00Z,2026-03-07T03:30:00Z,target_1m,new_correct_logic
rank32b-dotusdt-8b50166e9317f8df,DOTUSDT,short,2026-03-07T04:15:00Z,2026-03-07T04:15:00Z,stop_1m,new_correct_logic
rank32b-tradoorusdt-37cb93ffc4e1d198,TRADOORUSDT,long,2026-03-07T08:15:00Z,2026-03-07T08:15:00Z,stop_1m,new_correct_logic
rank32b-pippinusdt-98336d4c6e31a728,PIPPINUSDT,short,2026-03-07T08:45:00Z,2026-03-07T08:45:00Z,stop_1m,new_correct_logic
rank32b-pippinusdt-21fc755badef4381,PIPPINUSDT,short,2026-03-07T18:45:00Z,2026-03-07T18:45:00Z,stop_1m,new_correct_logic
rank32b-brettusdt-1bc18826f59aacbb,BRETTUSDT,short,2026-03-08T13:15:00Z,2026-03-08T13:15:00Z,stop_1m,new_correct_logic
rank32b-aaveusdt-bb1ddbc078bed224,AAVEUSDT,short,2026-03-08T21:00:00Z,2026-03-08T21:00:00Z,target_1m,new_correct_logic
rank32b-fartcoinusdt-8033f8a1cb19b650,FARTCOINUSDT,short,2026-03-08T21:15:00Z,2026-03-08T21:15:00Z,stop_1m,new_correct_logic
rank32b-fartcoinusdt-710d5d99cca09890,FARTCOINUSDT,short,2026-03-08T22:15:00Z,2026-03-08T22:15:00Z,stop_1m,new_correct_logic
rank32b-zecusdt-3a760b59107c6ed0,ZECUSDT,short,2026-03-08T23:45:00Z,2026-03-08T23:45:00Z,stop_1m,new_correct_logic
rank32b-uniusdt-3177aad18079a096,UNIUSDT,short,2026-03-09T02:00:00Z,2026-03-09T02:00:00Z,stop_1m,new_correct_logic
rank32b-beatusdt-d3be0e0658014cf5,BEATUSDT,long,2026-03-09T11:15:00Z,2026-03-09T11:15:00Z,timeout_1m,new_correct_logic
rank32b-fartcoinusdt-26b935f8a86aaf69,FARTCOINUSDT,short,2026-03-09T11:30:00Z,2026-03-09T11:30:00Z,stop_1m,new_correct_logic
rank32b-fartcoinusdt-fe95f7dcc347460b,FARTCOINUSDT,short,2026-03-09T19:15:00Z,2026-03-09T19:15:00Z,stop_1m,new_correct_logic
rank32b-brettusdt-219f5bb94c91cea1,BRETTUSDT,long,2026-03-09T19:30:00Z,2026-03-09T19:30:00Z,stop_1m,new_correct_logic
rank32b-nearusdt-e8055749440abd78,NEARUSDT,long,2026-03-10T02:45:00Z,2026-03-10T02:45:00Z,stop_1m,new_correct_logic
rank32b-bchusdt-e1e0e926d09e456a,BCHUSDT,short,2026-03-10T11:15:00Z,2026-03-10T11:15:00Z,stop_1m,new_correct_logic
rank32b-solusdt-67a6d3ef722c88af,SOLUSDT,long,2026-03-10T14:45:00Z,2026-03-10T14:45:00Z,target_1m,new_correct_logic
rank32b-beatusdt-33e9f43538c9d0e3,BEATUSDT,long,2026-03-11T00:15:00Z,2026-03-11T00:15:00Z,stop_1m,new_correct_logic
rank32b-bnbusdt-ccff1f19cc43bd74,BNBUSDT,long,2026-03-11T13:15:00Z,2026-03-11T13:15:00Z,target_1m,new_correct_logic
rank32b-wldusdt-f508c03ef621304f,WLDUSDT,short,2026-03-11T22:30:00Z,2026-03-11T22:30:00Z,timeout_1m,new_correct_logic
rank32b-pippinusdt-b5e86f4f6087d602,PIPPINUSDT,short,2026-03-12T00:15:00Z,2026-03-12T00:15:00Z,stop_1m,new_correct_logic
rank32b-pippinusdt-4f73f05b0dabf7aa,PIPPINUSDT,short,2026-03-12T04:15:00Z,2026-03-12T04:15:00Z,timeout_1m,new_correct_logic
rank32b-pippinusdt-df907b521744470f,PIPPINUSDT,short,2026-03-12T08:15:00Z,2026-03-12T08:15:00Z,stop_1m,new_correct_logic
rank32b-pippinusdt-6fd3679e67bd9631,PIPPINUSDT,short,2026-03-12T12:15:00Z,2026-03-12T12:15:00Z,target_1m,new_correct_logic
rank32b-tradoorusdt-99fc3148c3f7f7a6,TRADOORUSDT,short,2026-03-12T13:15:00Z,2026-03-12T13:15:00Z,stop_1m,new_correct_logic
rank32b-btcusdt-09478255cb7864db,BTCUSDT,long,2026-03-12T14:15:00Z,2026-03-12T14:15:00Z,stop_1m,new_correct_logic
rank32b-aaveusdt-3ba3205e7b5c6485,AAVEUSDT,short,2026-03-12T16:15:00Z,2026-03-12T16:15:00Z,stop_1m,new_correct_logic
rank32b-uniusdt-b3bea9fc8c3e9e97,UNIUSDT,long,2026-03-12T16:45:00Z,2026-03-12T16:45:00Z,stop_1m,new_correct_logic
rank32b-suiusdt-f3d3cbfb962b3d0e,SUIUSDT,long,2026-03-12T19:30:00Z,2026-03-12T19:30:00Z,stop_1m,new_correct_logic
rank32b-beatusdt-aaca0a88b9e5f59a,BEATUSDT,long,2026-03-12T19:45:00Z,2026-03-12T19:45:00Z,target_1m,new_correct_logic
rank32b-pippinusdt-6c732c486948845a,PIPPINUSDT,short,2026-03-13T02:45:00Z,2026-03-13T02:45:00Z,stop_1m,new_correct_logic
rank32b-beatusdt-6a1e46fc9d9d268d,BEATUSDT,long,2026-03-13T06:30:00Z,2026-03-13T06:30:00Z,stop_1m,new_correct_logic
rank32b-turbousdt-97f739a06f3288f9,TURBOUSDT,long,2026-03-13T15:15:00Z,2026-03-13T15:15:00Z,stop_1m,new_correct_logic
rank32b-1000pepeusdt-f90a104c1190736f,1000PEPEUSDT,long,2026-03-13T16:45:00Z,2026-03-13T16:45:00Z,stop_1m,new_correct_logic
rank32b-zecusdt-7283b1d9a20c9ea8,ZECUSDT,short,2026-03-14T05:45:00Z,2026-03-14T05:45:00Z,target_1m,new_correct_logic
rank32b-adausdt-496749e3e3775687,ADAUSDT,short,2026-03-15T19:00:00Z,2026-03-15T19:00:00Z,stop_1m,new_correct_logic
rank32b-nearusdt-f19106e14ca03244,NEARUSDT,long,2026-03-15T20:45:00Z,2026-03-15T20:45:00Z,target_1m,new_correct_logic
rank32b-tradoorusdt-918a96a329aeacfd,TRADOORUSDT,long,2026-03-17T01:30:00Z,2026-03-17T01:30:00Z,timeout_1m,new_correct_logic
rank32b-ethusdt-7c89f1b9dfcfc89f,ETHUSDT,long,2026-03-17T09:30:00Z,2026-03-17T09:30:00Z,stop_1m,new_correct_logic
rank32b-fartcoinusdt-653e8445b7f671e4,FARTCOINUSDT,long,2026-03-17T14:15:00Z,2026-03-17T14:15:00Z,stop_1m,new_correct_logic
rank32b-fartcoinusdt-cf2260c5fc76f7b9,FARTCOINUSDT,long,2026-03-17T15:15:00Z,2026-03-17T15:15:00Z,stop_1m,new_correct_logic
rank32b-ethusdt-d19358defc38e007,ETHUSDT,long,2026-03-17T16:30:00Z,2026-03-17T16:30:00Z,timeout_1m,new_correct_logic
rank32b-beatusdt-dac2e90288a9ca6f,BEATUSDT,long,2026-03-18T00:15:00Z,2026-03-18T00:15:00Z,stop_1m,new_correct_logic
rank32b-dogeusdt-5977ad5deea841a2,DOGEUSDT,long,2026-03-18T02:15:00Z,2026-03-18T02:15:00Z,target_1m,new_correct_logic
rank32b-nearusdt-7627f18f8a4d6531,NEARUSDT,long,2026-03-18T02:45:00Z,2026-03-18T02:45:00Z,stop_1m,new_correct_logic
rank32b-avaxusdt-cdb6bd149fbbe7b4,AVAXUSDT,long,2026-03-18T05:15:00Z,2026-03-18T05:15:00Z,stop_1m,new_correct_logic
rank32b-turbousdt-46990148be9e628f,TURBOUSDT,short,2026-03-18T07:30:00Z,2026-03-18T07:30:00Z,stop_1m,new_correct_logic
rank32b-brettusdt-7c823a614df630df,BRETTUSDT,long,2026-03-18T08:00:00Z,2026-03-18T08:00:00Z,stop_1m,new_correct_logic
rank32b-fartcoinusdt-393da091408ac15b,FARTCOINUSDT,long,2026-03-18T19:15:00Z,2026-03-18T19:15:00Z,stop_1m,new_correct_logic
rank32b-pippinusdt-ee0fb75f9362f713,PIPPINUSDT,short,2026-03-19T03:15:00Z,2026-03-19T03:15:00Z,stop_1m,new_correct_logic
rank32b-fartcoinusdt-1c6f78f73dcc38a5,FARTCOINUSDT,long,2026-03-19T03:30:00Z,2026-03-19T03:30:00Z,stop_1m,new_correct_logic
rank32b-pippinusdt-68d83e917040cf68,PIPPINUSDT,short,2026-03-19T03:45:00Z,2026-03-19T03:45:00Z,stop_1m,new_correct_logic
rank32b-beatusdt-f214a3d4c691d9be,BEATUSDT,long,2026-03-19T18:00:00Z,2026-03-19T18:00:00Z,timeout_1m,new_correct_logic
rank32b-ethusdt-22fe9d067fcde977,ETHUSDT,short,2026-03-20T04:45:00Z,2026-03-20T04:45:00Z,stop_1m,new_correct_logic
rank32b-nearusdt-5d6451fa9af38e62,NEARUSDT,short,2026-03-20T07:15:00Z,2026-03-20T07:15:00Z,stop_1m,new_correct_logic
rank32b-solusdt-6e8acd938d4cf9f6,SOLUSDT,short,2026-03-20T09:30:00Z,2026-03-20T09:30:00Z,stop_1m,new_correct_logic
rank32b-aaveusdt-7ed669c562931092,AAVEUSDT,short,2026-03-20T11:30:00Z,2026-03-20T11:30:00Z,target_1m,new_correct_logic
rank32b-brettusdt-e386210f7893ec32,BRETTUSDT,short,2026-03-20T11:45:00Z,2026-03-20T11:45:00Z,timeout_1m,new_correct_logic
rank32b-1000pepeusdt-8e2cc81b112a32a0,1000PEPEUSDT,short,2026-03-20T16:45:00Z,2026-03-20T16:45:00Z,timeout_1m,new_correct_logic
rank32b-adausdt-bec6fc89576b5685,ADAUSDT,short,2026-03-20T23:15:00Z,2026-03-20T23:15:00Z,stop_1m,new_correct_logic
rank32b-fartcoinusdt-7cf9e60f46370da8,FARTCOINUSDT,short,2026-03-21T12:15:00Z,2026-03-21T12:15:00Z,stop_1m,new_correct_logic
rank32b-tradoorusdt-a65fac62194addb7,TRADOORUSDT,short,2026-03-21T20:30:00Z,2026-03-21T20:30:00Z,timeout_1m,new_correct_logic
rank32b-bchusdt-6076e8de3c5c5d9c,BCHUSDT,long,2026-03-22T11:15:00Z,2026-03-22T11:15:00Z,stop_1m,new_correct_logic
rank32b-turbousdt-4668149d98bc437d,TURBOUSDT,long,2026-03-23T06:15:00Z,2026-03-23T06:15:00Z,stop_1m,new_correct_logic
rank32b-turbousdt-ec1bb1b663985bfb,TURBOUSDT,long,2026-03-23T08:15:00Z,2026-03-23T08:15:00Z,stop_1m,new_correct_logic
rank32b-brettusdt-c7a4f80f286088c3,BRETTUSDT,short,2026-03-23T16:30:00Z,2026-03-23T16:30:00Z,stop_1m,new_correct_logic
rank32b-zecusdt-43ce279e79353c73,ZECUSDT,long,2026-03-24T03:30:00Z,2026-03-24T03:30:00Z,stop_1m,new_correct_logic
rank32b-pippinusdt-5da014361619b5a9,PIPPINUSDT,short,2026-03-24T03:45:00Z,2026-03-24T03:45:00Z,stop_1m,new_correct_logic
rank32b-nearusdt-f7b8dafcec576283,NEARUSDT,long,2026-03-24T05:45:00Z,2026-03-24T05:45:00Z,stop_1m,new_correct_logic
rank32b-turbousdt-b15fd569aa2ae744,TURBOUSDT,long,2026-03-24T10:15:00Z,2026-03-24T10:15:00Z,stop_1m,new_correct_logic
rank32b-beatusdt-84dae588ec6dd63c,BEATUSDT,short,2026-03-24T12:00:00Z,2026-03-24T12:00:00Z,target_1m,new_correct_logic
rank32b-tradoorusdt-3d7ef983efc95845,TRADOORUSDT,short,2026-03-24T16:30:00Z,2026-03-24T16:30:00Z,target_1m,new_correct_logic
rank32b-dotusdt-c81d7b05bdc26d8e,DOTUSDT,short,2026-03-25T03:15:00Z,2026-03-25T03:15:00Z,stop_1m,new_correct_logic
rank32b-wldusdt-201d8f3da91cce92,WLDUSDT,long,2026-03-25T03:30:00Z,2026-03-25T03:30:00Z,stop_1m,new_correct_logic
rank32b-beatusdt-5ead0d3e3711cb21,BEATUSDT,short,2026-03-25T10:15:00Z,2026-03-25T10:15:00Z,timeout_1m,new_correct_logic
rank32b-beatusdt-1aaece9feaadd41e,BEATUSDT,short,2026-03-25T15:30:00Z,2026-03-25T15:30:00Z,stop_1m,new_correct_logic
rank32b-zecusdt-4c1e831d70b576ec,ZECUSDT,long,2026-03-25T16:30:00Z,2026-03-25T16:30:00Z,stop_1m,new_correct_logic
rank32b-wldusdt-ae4c6db88b5d4bfe,WLDUSDT,long,2026-03-25T21:45:00Z,2026-03-25T21:45:00Z,target_1m,new_correct_logic
rank32b-tradoorusdt-ffc7780c5ebb3cdb,TRADOORUSDT,long,2026-03-25T22:30:00Z,2026-03-25T22:30:00Z,timeout_1m,new_correct_logic
rank32b-linkusdt-d0f3e54b7596e9b0,LINKUSDT,long,2026-03-25T22:45:00Z,2026-03-25T22:45:00Z,timeout_1m,new_correct_logic
rank32b-beatusdt-7f08120ab2c1992b,BEATUSDT,short,2026-03-26T04:15:00Z,2026-03-26T04:15:00Z,stop_1m,new_correct_logic
rank32b-pippinusdt-bc2c6135bb8e2a9c,PIPPINUSDT,short,2026-03-26T15:15:00Z,2026-03-26T15:15:00Z,stop_1m,new_correct_logic
rank32b-dotusdt-c2883b679ff6245e,DOTUSDT,short,2026-03-26T22:00:00Z,2026-03-26T22:00:00Z,timeout_1m,new_correct_logic
rank32b-dotusdt-b2c2859fa7fffd6b,DOTUSDT,short,2026-03-27T03:15:00Z,2026-03-27T03:15:00Z,timeout_1m,new_correct_logic
rank32b-nearusdt-9cdd9c00f2ec4c75,NEARUSDT,short,2026-03-27T08:45:00Z,2026-03-27T08:45:00Z,stop_1m,new_correct_logic
rank32b-bchusdt-c0bfe056681f6e00,BCHUSDT,short,2026-03-27T14:30:00Z,2026-03-27T14:30:00Z,stop_1m,new_correct_logic
rank32b-beatusdt-03c90d58ff38c311,BEATUSDT,short,2026-03-28T16:30:00Z,2026-03-28T16:30:00Z,stop_1m,new_correct_logic
rank32b-wldusdt-5159b0479b223686,WLDUSDT,short,2026-03-28T23:15:00Z,2026-03-28T23:15:00Z,stop_1m,new_correct_logic
rank32b-tradoorusdt-3b5c46fbdb38b339,TRADOORUSDT,long,2026-03-29T00:15:00Z,2026-03-29T00:15:00Z,stop_1m,new_correct_logic
rank32b-tradoorusdt-b6332e803e75489a,TRADOORUSDT,long,2026-03-29T15:15:00Z,2026-03-29T15:15:00Z,timeout_1m,new_correct_logic
rank32b-tradoorusdt-f1c86a4fad047f3f,TRADOORUSDT,long,2026-03-29T18:15:00Z,2026-03-29T18:15:00Z,timeout_1m,new_correct_logic
rank32b-brettusdt-7f010da1066ad416,BRETTUSDT,short,2026-03-29T22:15:00Z,2026-03-29T22:15:00Z,target_1m,new_correct_logic
rank32b-wldusdt-66d45b7951970999,WLDUSDT,short,2026-03-29T22:45:00Z,2026-03-29T22:45:00Z,target_1m,new_correct_logic
rank32b-brettusdt-b54547ec1a624ab7,BRETTUSDT,short,2026-03-30T00:45:00Z,2026-03-30T00:45:00Z,stop_1m,new_correct_logic
rank32b-beatusdt-732a10f69597b6b1,BEATUSDT,short,2026-03-30T06:45:00Z,2026-03-30T06:45:00Z,stop_1m,new_correct_logic
rank32b-brettusdt-8a88da18e0849e71,BRETTUSDT,short,2026-03-30T14:45:00Z,2026-03-30T14:45:00Z,stop_1m,new_correct_logic
rank32b-brettusdt-49fcde8d110494ea,BRETTUSDT,long,2026-03-30T15:45:00Z,2026-03-30T15:45:00Z,stop_1m,new_correct_logic
rank32b-bchusdt-2613a43b6086bd93,BCHUSDT,short,2026-03-30T19:30:00Z,2026-03-30T19:30:00Z,stop_1m,new_correct_logic
rank32b-linkusdt-ebdf775eba4ba1fa,LINKUSDT,long,2026-03-31T01:30:00Z,2026-03-31T01:30:00Z,target_1m,new_correct_logic
rank32b-dotusdt-ea3d3a951597953c,DOTUSDT,short,2026-03-31T08:45:00Z,2026-03-31T08:45:00Z,target_1m,new_correct_logic
rank32b-pippinusdt-4029bff51c8acab7,PIPPINUSDT,long,2026-03-31T09:45:00Z,2026-03-31T09:45:00Z,stop_1m,new_correct_logic
rank32b-ethusdt-87fc9a36f5254ede,ETHUSDT,long,2026-03-31T15:15:00Z,2026-03-31T15:15:00Z,stop_1m,new_correct_logic
rank32b-avaxusdt-4f9a59d2c561427a,AVAXUSDT,short,2026-03-31T15:30:00Z,2026-03-31T15:30:00Z,stop_1m,new_correct_logic
rank32b-pippinusdt-30fe15bbb087cb0c,PIPPINUSDT,short,2026-04-01T05:15:00Z,2026-04-01T05:15:00Z,stop_1m,new_correct_logic
rank32b-aaveusdt-9f6756af5d32a2a9,AAVEUSDT,long,2026-04-01T19:30:00Z,2026-04-01T19:30:00Z,stop_1m,new_correct_logic
rank32b-1000pepeusdt-d2074a4345e5a887,1000PEPEUSDT,long,2026-04-01T21:15:00Z,2026-04-01T21:15:00Z,stop_1m,new_correct_logic
rank32b-pippinusdt-1e37c617f6e0c3b5,PIPPINUSDT,long,2026-04-01T21:45:00Z,2026-04-01T21:45:00Z,target_1m,new_correct_logic
rank32b-adausdt-df152a4cf06836b9,ADAUSDT,long,2026-04-02T00:45:00Z,2026-04-02T00:45:00Z,stop_1m,new_correct_logic
rank32b-pippinusdt-759ca80d16eb65df,PIPPINUSDT,long,2026-04-02T09:45:00Z,2026-04-02T09:45:00Z,target_1m,new_correct_logic
rank32b-tradoorusdt-b45d249681ca3ca3,TRADOORUSDT,long,2026-04-02T11:45:00Z,2026-04-02T11:45:00Z,stop_1m,new_correct_logic
rank32b-brettusdt-ff6d04b43288adfb,BRETTUSDT,long,2026-04-03T21:15:00Z,2026-04-03T21:15:00Z,stop_1m,new_correct_logic
rank32b-beatusdt-0dd5c80404edc95e,BEATUSDT,short,2026-04-04T12:30:00Z,2026-04-04T12:30:00Z,stop_1m,new_correct_logic
rank32b-pippinusdt-274810e5cdc1d8dc,PIPPINUSDT,short,2026-04-04T15:30:00Z,2026-04-04T15:30:00Z,stop_1m,new_correct_logic
