,factor_i,factor_j,family_i,family_j,same_family,n_pairwise_obs,pearson_corr,spearman_corr,abs_pearson_corr,abs_spearman_corr,redundancy_level,recommendation
0,mom_10h,rev_10h,momentum,reversal,False,50000,-1.0,-1.0,1.0,1.0,NEAR_DUPLICATE,highly_redundant
1,mom_72h,rev_72h,momentum,reversal,False,50000,-1.0,-1.0,1.0,1.0,NEAR_DUPLICATE,highly_redundant
2,q158_high_low_range,range_1h,alpha158,range_position,False,50000,1.0,1.0,1.0,1.0,NEAR_DUPLICATE,highly_redundant
3,mom_5h,reversal_5h,momentum,momentum,True,50000,-1.0,-1.0,1.0,1.0,NEAR_DUPLICATE,highly_redundant
4,qvol_zscore_20h,vol_zscore_20h,quote_volume_liquidity,volume_liquidity,False,50000,0.998985,0.998738,0.998985,0.998738,NEAR_DUPLICATE,highly_redundant
5,qvol_zscore_48h,vol_zscore_48h,quote_volume_liquidity,volume_liquidity,False,50000,0.997986,0.997433,0.997986,0.997433,NEAR_DUPLICATE,highly_redundant
6,intraday_ret,rev_1h,alpha158_ohlcv,reversal,False,49993,-0.997813,-0.994932,0.997813,0.994932,NEAR_DUPLICATE,highly_redundant
7,bb_zscore_20h,rsi_7h,technical,technical_indicators,False,49890,0.943037,0.960572,0.943037,0.960572,NEAR_DUPLICATE,highly_redundant
8,candle_body,intraday_ret,intraday_candle,alpha158_ohlcv,False,50000,0.767193,0.952965,0.767193,0.952965,NEAR_DUPLICATE,highly_redundant
9,candle_body,rev_1h,intraday_candle,reversal,False,49993,-0.763589,-0.947612,0.763589,0.947612,HIGH_REDUNDANCY,highly_redundant
10,price_volume_corr_20h,vol_ret_corr_20h,volume_price,alpha158_ohlcv,False,49856,0.942694,0.942255,0.942694,0.942255,HIGH_REDUNDANCY,highly_redundant
11,bb_zscore_20h,breakout_dist_20h,technical,breakout,False,50000,0.922975,0.934045,0.922975,0.934045,HIGH_REDUNDANCY,highly_redundant
12,rsi_14h,rsi_7h,technical,technical_indicators,False,49940,0.934061,0.928436,0.934061,0.928436,HIGH_REDUNDANCY,highly_redundant
13,bb_zscore_20h,vwap_dev_20h,technical,alpha158_ohlcv,False,50000,0.816103,0.926775,0.816103,0.926775,HIGH_REDUNDANCY,highly_redundant
14,breakout_dist_20h,williams_r_14h,breakout,technical_indicators,False,49940,-0.92598,-0.926575,0.92598,0.926575,HIGH_REDUNDANCY,highly_redundant
15,rsi_7h,vwap_dev_20h,technical_indicators,alpha158_ohlcv,False,49890,0.851486,0.926228,0.851486,0.926228,HIGH_REDUNDANCY,highly_redundant
16,breakout_dist_20h,vwap_dev_20h,breakout,alpha158_ohlcv,False,50000,0.819001,0.925622,0.819001,0.925622,HIGH_REDUNDANCY,highly_redundant
17,rsi_7h,williams_r_14h,technical_indicators,technical_indicators,True,49950,-0.897844,-0.919942,0.897844,0.919942,HIGH_REDUNDANCY,highly_redundant
18,breakout_dist_20h,rsi_7h,breakout,technical_indicators,False,49890,0.898897,0.918108,0.898897,0.918108,HIGH_REDUNDANCY,highly_redundant
19,bb_zscore_20h,rsi_14h,technical,technical,True,49950,0.878286,0.911095,0.878286,0.911095,HIGH_REDUNDANCY,highly_redundant
20,bb_zscore_20h,williams_r_14h,technical,technical_indicators,False,49940,-0.896221,-0.906837,0.896221,0.906837,HIGH_REDUNDANCY,highly_redundant
21,vwap_dev_20h,williams_r_14h,alpha158_ohlcv,technical_indicators,False,49940,-0.787607,-0.888306,0.787607,0.888306,HIGH_REDUNDANCY,highly_redundant
22,rsi_14h,vwap_dev_20h,technical,alpha158_ohlcv,False,49950,0.826803,0.888265,0.826803,0.888265,HIGH_REDUNDANCY,highly_redundant
23,intraday_ret,wq101_alpha101,alpha158_ohlcv,wq101,False,50000,0.703605,0.884907,0.703605,0.884907,HIGH_REDUNDANCY,highly_redundant
24,mom_10h,vwap_dev_20h,momentum,alpha158_ohlcv,False,49913,0.859107,0.884882,0.859107,0.884882,HIGH_REDUNDANCY,highly_redundant
25,rev_10h,vwap_dev_20h,reversal,alpha158_ohlcv,False,49913,-0.859107,-0.884882,0.859107,0.884882,HIGH_REDUNDANCY,highly_redundant
26,rev_1h,wq101_alpha101,reversal,wq101,False,49993,-0.703547,-0.884487,0.703547,0.884487,HIGH_REDUNDANCY,highly_redundant
27,breakout_dist_20h,rsi_14h,breakout,technical,False,49950,0.849476,0.882506,0.849476,0.882506,HIGH_REDUNDANCY,highly_redundant
28,volatility_20h,wvma_20h,volatility,alpha158_ohlcv,False,50000,0.787867,0.880225,0.787867,0.880225,HIGH_REDUNDANCY,highly_redundant
29,ma_gap_20_80,mom_72h,trend_ma,momentum,False,49951,0.880361,0.87332,0.880361,0.87332,HIGH_REDUNDANCY,highly_redundant
30,ma_gap_20_80,rev_72h,trend_ma,reversal,False,49951,-0.880361,-0.87332,0.880361,0.87332,HIGH_REDUNDANCY,highly_redundant
31,candle_body,wq101_alpha101,intraday_candle,wq101,False,50000,0.737198,0.87077,0.737198,0.87077,HIGH_REDUNDANCY,highly_redundant
32,ma_gap_10_40,rev_24h,trend_ma,reversal,False,49881,-0.8911,-0.870587,0.8911,0.870587,HIGH_REDUNDANCY,highly_redundant
33,downside_vol_20h,volatility_20h,realized_skew_kurtosis,volatility,False,50000,0.843012,0.869535,0.843012,0.869535,HIGH_REDUNDANCY,highly_redundant
34,mom_20h,rsi_14h,momentum,technical,False,49940,0.766097,0.865905,0.766097,0.865905,HIGH_REDUNDANCY,highly_redundant
35,bb_zscore_20h,mom_10h,technical,momentum,False,49913,0.705274,0.864102,0.705274,0.864102,HIGH_REDUNDANCY,highly_redundant
36,bb_zscore_20h,rev_10h,technical,reversal,False,49913,-0.705274,-0.864102,0.705274,0.864102,HIGH_REDUNDANCY,highly_redundant
37,ma_gap_5_20,vwap_dev_20h,trend_ma,alpha158_ohlcv,False,50000,0.819768,0.859909,0.819768,0.859909,HIGH_REDUNDANCY,highly_redundant
38,mom_40h,rsi_28h,momentum,technical_indicators,False,49899,0.741287,0.859369,0.741287,0.859369,HIGH_REDUNDANCY,highly_redundant
39,rev_10h,rsi_7h,reversal,technical_indicators,False,49977,-0.740092,-0.8574,0.740092,0.8574,HIGH_REDUNDANCY,highly_redundant
40,mom_10h,rsi_7h,momentum,technical_indicators,False,49977,0.740092,0.8574,0.740092,0.8574,HIGH_REDUNDANCY,highly_redundant
41,ema_12_26_gap,mom_20h,technical_indicators,momentum,False,49831,0.87761,0.8567,0.87761,0.8567,HIGH_REDUNDANCY,highly_redundant
42,ma_gap_5_20,mom_20h,trend_ma,momentum,False,49990,0.871714,0.845635,0.871714,0.845635,HIGH_REDUNDANCY,highly_redundant
43,ma_gap_5_20,rsi_14h,trend_ma,technical,False,49950,0.76133,0.841024,0.76133,0.841024,HIGH_REDUNDANCY,highly_redundant
44,ma_gap_10_40,mom_40h,trend_ma,momentum,False,49990,0.854446,0.840581,0.854446,0.840581,HIGH_REDUNDANCY,highly_redundant
45,ema_12_26_gap,rsi_14h,technical_indicators,technical,False,49891,0.765118,0.837205,0.765118,0.837205,HIGH_REDUNDANCY,highly_redundant
46,rev_24h,rsi_28h,reversal,technical_indicators,False,49972,-0.764249,-0.832838,0.764249,0.832838,HIGH_REDUNDANCY,highly_redundant
47,mom_10h,williams_r_14h,momentum,technical_indicators,False,49973,-0.663856,-0.830972,0.663856,0.830972,HIGH_REDUNDANCY,highly_redundant
48,rev_10h,williams_r_14h,reversal,technical_indicators,False,49973,0.663856,0.830972,0.663856,0.830972,HIGH_REDUNDANCY,highly_redundant
49,ema_12_26_gap,price_pos_72h,technical_indicators,price_position,False,49767,0.704438,0.830708,0.704438,0.830708,HIGH_REDUNDANCY,highly_redundant
50,ma_gap_10_40,rsi_28h,trend_ma,technical_indicators,False,49909,0.744437,0.824274,0.744437,0.824274,HIGH_REDUNDANCY,highly_redundant
51,price_pos_72h,rsi_14h,price_position,technical,False,49876,0.814017,0.823412,0.814017,0.823412,HIGH_REDUNDANCY,highly_redundant
52,ma_gap_5_20,mom_10h,trend_ma,momentum,False,49913,0.868992,0.819907,0.868992,0.819907,HIGH_REDUNDANCY,highly_redundant
53,ma_gap_5_20,rev_10h,trend_ma,reversal,False,49913,-0.868992,-0.819907,0.868992,0.819907,HIGH_REDUNDANCY,highly_redundant
54,mom_10h,rsi_14h,momentum,technical,False,49963,0.742805,0.811189,0.742805,0.811189,HIGH_REDUNDANCY,highly_redundant
55,rev_10h,rsi_14h,reversal,technical,False,49963,-0.742805,-0.811189,0.742805,0.811189,HIGH_REDUNDANCY,highly_redundant
56,breakout_dist_20h,mom_10h,breakout,momentum,False,49913,0.655463,0.807726,0.655463,0.807726,HIGH_REDUNDANCY,highly_redundant
57,breakout_dist_20h,rev_10h,breakout,reversal,False,49913,-0.655463,-0.807726,0.655463,0.807726,HIGH_REDUNDANCY,highly_redundant
58,rsi_14h,williams_r_14h,technical,technical_indicators,False,49990,-0.781474,-0.806312,0.781474,0.806312,HIGH_REDUNDANCY,highly_redundant
59,bb_zscore_20h,ma_gap_5_20,technical,trend_ma,False,50000,0.638691,0.805877,0.638691,0.805877,HIGH_REDUNDANCY,highly_redundant
60,reversal_5h,rsi_7h,momentum,technical_indicators,False,49986,-0.709041,-0.80118,0.709041,0.80118,HIGH_REDUNDANCY,highly_redundant
61,mom_5h,rsi_7h,momentum,technical_indicators,False,49986,0.709041,0.80118,0.709041,0.80118,HIGH_REDUNDANCY,highly_redundant
62,breakout_dist_20h,ma_gap_5_20,breakout,trend_ma,False,50000,0.645206,0.799959,0.645206,0.799959,MODERATE_REDUNDANCY,moderately_redundant
63,ema_12_26_gap,ma_gap_5_20,technical_indicators,trend_ma,False,49841,0.837892,0.795197,0.837892,0.795197,MODERATE_REDUNDANCY,moderately_redundant
64,candle_wick_lower,klow_close,intraday_candle,alpha158_ohlcv,False,50000,0.569388,0.792435,0.569388,0.792435,MODERATE_REDUNDANCY,moderately_redundant
65,range_24h,vol_40h,range_position,volatility,False,49864,0.800447,0.788823,0.800447,0.788823,MODERATE_REDUNDANCY,moderately_redundant
66,mom_20h,vwap_dev_20h,momentum,alpha158_ohlcv,False,49990,0.768005,0.786529,0.768005,0.786529,MODERATE_REDUNDANCY,moderately_redundant
67,tech_atr,xs_rank_vol,technical,cross_sectional_normalized,False,49950,-0.219608,-0.78504,0.219608,0.78504,MODERATE_REDUNDANCY,moderately_redundant
68,range_4h,vol_5h,range_position,volatility,False,49986,0.82794,0.78352,0.82794,0.78352,MODERATE_REDUNDANCY,moderately_redundant
69,downside_vol_20h,wvma_20h,realized_skew_kurtosis,alpha158_ohlcv,False,50000,0.66719,0.782796,0.66719,0.782796,MODERATE_REDUNDANCY,moderately_redundant
70,vol_40h,vol_of_vol_20h,volatility,realized_skew_kurtosis,False,49871,0.812474,0.78131,0.812474,0.78131,MODERATE_REDUNDANCY,moderately_redundant
71,breakout_dist_20h,mom_20h,breakout,momentum,False,49990,0.629454,0.778271,0.629454,0.778271,MODERATE_REDUNDANCY,moderately_redundant
72,q158_high_low_range,range_4h,alpha158,range_position,False,49979,0.7637,0.776006,0.7637,0.776006,MODERATE_REDUNDANCY,moderately_redundant
73,range_1h,range_4h,range_position,range_position,True,49979,0.7637,0.776006,0.7637,0.776006,MODERATE_REDUNDANCY,moderately_redundant
74,bb_zscore_20h,mom_20h,technical,momentum,False,49990,0.604425,0.759141,0.604425,0.759141,MODERATE_REDUNDANCY,moderately_redundant
75,price_pos_24h,rev_24h,price_position,reversal,False,49993,-0.627414,-0.758827,0.627414,0.758827,MODERATE_REDUNDANCY,moderately_redundant
76,ma_gap_5_20,rsi_7h,trend_ma,technical_indicators,False,49890,0.672871,0.758577,0.672871,0.758577,MODERATE_REDUNDANCY,moderately_redundant
77,qvol_ma_ratio_20_80,vol_ratio_20_80,quote_volume_liquidity,volatility,False,49993,0.723609,0.75688,0.723609,0.75688,MODERATE_REDUNDANCY,moderately_redundant
78,bb_zscore_20h,mom_5h,technical,momentum,False,49876,0.665458,0.755616,0.665458,0.755616,MODERATE_REDUNDANCY,moderately_redundant
79,bb_zscore_20h,reversal_5h,technical,momentum,False,49876,-0.665458,-0.755616,0.665458,0.755616,MODERATE_REDUNDANCY,moderately_redundant
80,reversal_5h,williams_r_14h,momentum,technical_indicators,False,49936,0.614426,0.746316,0.614426,0.746316,MODERATE_REDUNDANCY,moderately_redundant
81,mom_5h,williams_r_14h,momentum,technical_indicators,False,49936,-0.614426,-0.746316,0.614426,0.746316,MODERATE_REDUNDANCY,moderately_redundant
82,price_pos_24h,rsi_28h,price_position,technical_indicators,False,49965,0.723656,0.746134,0.723656,0.746134,MODERATE_REDUNDANCY,moderately_redundant
83,mom_20h,rsi_7h,momentum,technical_indicators,False,49880,0.650608,0.74061,0.650608,0.74061,MODERATE_REDUNDANCY,moderately_redundant
84,breakout_dist_48h,price_pos_120h,breakout,price_position,False,49760,0.74048,0.737958,0.74048,0.737958,MODERATE_REDUNDANCY,moderately_redundant
85,range_24h,vol_of_vol_20h,range_position,realized_skew_kurtosis,False,49993,0.766358,0.736496,0.766358,0.736496,MODERATE_REDUNDANCY,moderately_redundant
86,mom_40h,rev_24h,momentum,reversal,False,49871,-0.775459,-0.727512,0.775459,0.727512,MODERATE_REDUNDANCY,moderately_redundant
87,reversal_5h,vwap_dev_20h,momentum,alpha158_ohlcv,False,49876,-0.755869,-0.722332,0.755869,0.722332,MODERATE_REDUNDANCY,moderately_redundant
88,mom_5h,vwap_dev_20h,momentum,alpha158_ohlcv,False,49876,0.755869,0.722332,0.755869,0.722332,MODERATE_REDUNDANCY,moderately_redundant
89,price_pos_72h,rev_72h,price_position,reversal,False,49993,-0.621203,-0.721886,0.621203,0.721886,MODERATE_REDUNDANCY,moderately_redundant
90,mom_72h,price_pos_72h,momentum,price_position,False,49993,0.621203,0.721886,0.621203,0.721886,MODERATE_REDUNDANCY,moderately_redundant
91,ma_gap_20_80,price_pos_72h,trend_ma,price_position,False,49944,0.603016,0.719931,0.603016,0.719931,MODERATE_REDUNDANCY,moderately_redundant
92,mom_120h,price_pos_120h,momentum,price_position,False,49993,0.609027,0.715351,0.609027,0.715351,MODERATE_REDUNDANCY,moderately_redundant
93,mom_5h,rev_3h,momentum,reversal,False,49986,-0.770142,-0.707141,0.770142,0.707141,MODERATE_REDUNDANCY,moderately_redundant
94,rev_3h,reversal_5h,reversal,momentum,False,49986,0.770142,0.707141,0.770142,0.707141,MODERATE_REDUNDANCY,moderately_redundant
95,mom_20h,price_pos_72h,momentum,price_position,False,49936,0.599529,0.703917,0.599529,0.703917,MODERATE_REDUNDANCY,moderately_redundant
96,ma_gap_5_20,williams_r_14h,trend_ma,technical_indicators,False,49940,-0.573421,-0.697575,0.573421,0.697575,MODERATE_REDUNDANCY,moderately_redundant
97,rev_10h,tech_macd,reversal,technical,False,49928,-0.267056,-0.697532,0.267056,0.697532,MODERATE_REDUNDANCY,moderately_redundant
98,mom_10h,tech_macd,momentum,technical,False,49928,0.267056,0.697532,0.267056,0.697532,MODERATE_REDUNDANCY,moderately_redundant
99,vol_5h,volatility_20h,volatility,volatility,True,49866,0.728419,0.694158,0.728419,0.694158,MODERATE_REDUNDANCY,moderately_redundant
100,rev_3h,rsi_7h,reversal,technical_indicators,False,49972,-0.634887,-0.693903,0.634887,0.693903,MODERATE_REDUNDANCY,moderately_redundant
101,range_4h,volatility_20h,range_position,volatility,False,49852,0.686522,0.692932,0.686522,0.692932,MODERATE_REDUNDANCY,moderately_redundant
102,taker_buy_delta_5h,taker_buy_zscore_20h,taker_imbalance,taker_imbalance,True,49727,0.661294,0.692815,0.661294,0.692815,MODERATE_REDUNDANCY,moderately_redundant
103,tech_macd,vwap_dev_20h,technical,alpha158_ohlcv,False,49841,0.215758,0.685375,0.215758,0.685375,MODERATE_REDUNDANCY,moderately_redundant
104,breakout_dist_20h,mom_5h,breakout,momentum,False,49876,0.575619,0.682709,0.575619,0.682709,MODERATE_REDUNDANCY,moderately_redundant
105,breakout_dist_20h,reversal_5h,breakout,momentum,False,49876,-0.575619,-0.682709,0.575619,0.682709,MODERATE_REDUNDANCY,moderately_redundant
106,ema_12_26_gap,ma_gap_20_80,technical_indicators,trend_ma,False,49711,0.707856,0.674491,0.707856,0.674491,MODERATE_REDUNDANCY,moderately_redundant
107,tech_macd,williams_r_14h,technical,technical_indicators,False,49901,-0.131254,-0.672421,0.131254,0.672421,MODERATE_REDUNDANCY,moderately_redundant
108,mom_10h,mom_20h,momentum,momentum,True,49903,0.746769,0.672192,0.746769,0.672192,MODERATE_REDUNDANCY,moderately_redundant
109,mom_20h,rev_10h,momentum,reversal,False,49903,-0.746769,-0.672192,0.746769,0.672192,MODERATE_REDUNDANCY,moderately_redundant
110,bb_zscore_20h,tech_macd,technical,technical,True,49841,0.132872,0.66977,0.132872,0.66977,MODERATE_REDUNDANCY,moderately_redundant
111,mom_5h,rev_10h,momentum,reversal,False,49963,-0.720526,-0.6631,0.720526,0.6631,MODERATE_REDUNDANCY,moderately_redundant
112,rev_10h,reversal_5h,reversal,momentum,False,49963,0.720526,0.6631,0.720526,0.6631,MODERATE_REDUNDANCY,moderately_redundant
113,mom_10h,reversal_5h,momentum,momentum,True,49963,-0.720526,-0.6631,0.720526,0.6631,MODERATE_REDUNDANCY,moderately_redundant
114,mom_10h,mom_5h,momentum,momentum,True,49963,0.720526,0.6631,0.720526,0.6631,MODERATE_REDUNDANCY,moderately_redundant
115,price_pos_72h,rsi_7h,price_position,technical_indicators,False,49816,0.67189,0.663064,0.67189,0.663064,MODERATE_REDUNDANCY,moderately_redundant
116,q158_high_low_range,vol_5h,alpha158,volatility,False,49965,0.670368,0.662683,0.670368,0.662683,MODERATE_REDUNDANCY,moderately_redundant
117,range_1h,vol_5h,range_position,volatility,False,49965,0.670368,0.662683,0.670368,0.662683,MODERATE_REDUNDANCY,moderately_redundant
118,mom_5h,rsi_14h,momentum,technical,False,49926,0.631412,0.655474,0.631412,0.655474,MODERATE_REDUNDANCY,moderately_redundant
119,reversal_5h,rsi_14h,momentum,technical,False,49926,-0.631412,-0.655474,0.631412,0.655474,MODERATE_REDUNDANCY,moderately_redundant
120,breakout_dist_20h,price_pos_72h,breakout,price_position,False,49926,0.653615,0.650751,0.653615,0.650751,MODERATE_REDUNDANCY,moderately_redundant
121,ma_gap_5_20,price_pos_72h,trend_ma,price_position,False,49926,0.561893,0.645374,0.561893,0.645374,MODERATE_REDUNDANCY,moderately_redundant
122,rev_3h,williams_r_14h,reversal,technical_indicators,False,49922,0.550209,0.645136,0.550209,0.645136,MODERATE_REDUNDANCY,moderately_redundant
123,rev_1h,xs_rank_ret_1h,reversal,cross_sectional_normalized,False,50000,-0.57646,-0.644719,0.57646,0.644719,MODERATE_REDUNDANCY,moderately_redundant
124,bb_zscore_20h,price_pos_72h,technical,price_position,False,49926,0.642392,0.643477,0.642392,0.643477,MODERATE_REDUNDANCY,moderately_redundant
125,ema_12_26_gap,vwap_dev_20h,technical_indicators,alpha158_ohlcv,False,49841,0.641948,0.643057,0.641948,0.643057,MODERATE_REDUNDANCY,moderately_redundant
126,ema_12_26_gap,rev_72h,technical_indicators,reversal,False,49760,-0.69283,-0.640949,0.69283,0.640949,MODERATE_REDUNDANCY,moderately_redundant
127,ema_12_26_gap,mom_72h,technical_indicators,momentum,False,49760,0.69283,0.640949,0.69283,0.640949,MODERATE_REDUNDANCY,moderately_redundant
128,rsi_7h,tech_macd,technical_indicators,technical,False,49951,0.129721,0.64053,0.129721,0.64053,MODERATE_REDUNDANCY,moderately_redundant
129,price_pos_72h,vwap_dev_20h,price_position,alpha158_ohlcv,False,49926,0.597188,0.640089,0.597188,0.640089,MODERATE_REDUNDANCY,moderately_redundant
130,breakout_dist_20h,tech_macd,breakout,technical,False,49841,0.126525,0.639843,0.126525,0.639843,MODERATE_REDUNDANCY,moderately_redundant
131,intraday_ret,xs_rank_ret_1h,alpha158_ohlcv,cross_sectional_normalized,False,49993,0.571502,0.636908,0.571502,0.636908,MODERATE_REDUNDANCY,moderately_redundant
132,vol_5h,vol_ratio_5_20,volatility,volatility,True,49866,0.550332,0.636655,0.550332,0.636655,MODERATE_REDUNDANCY,moderately_redundant
133,ma_gap_5_20,tech_macd,trend_ma,technical,False,49841,0.209519,0.634793,0.209519,0.634793,MODERATE_REDUNDANCY,moderately_redundant
134,bb_zscore_20h,rev_3h,technical,reversal,False,49862,-0.59427,-0.632308,0.59427,0.632308,MODERATE_REDUNDANCY,moderately_redundant
135,range_1h,volatility_20h,range_position,volatility,False,49831,0.58867,0.625789,0.58867,0.625789,MODERATE_REDUNDANCY,moderately_redundant
136,q158_high_low_range,volatility_20h,alpha158,volatility,False,49831,0.58867,0.625789,0.58867,0.625789,MODERATE_REDUNDANCY,moderately_redundant
137,mom_20h,price_volume_corr_20h,momentum,volume_price,False,49856,0.548214,0.620733,0.548214,0.620733,MODERATE_REDUNDANCY,moderately_redundant
138,breakout_dist_20h,ema_12_26_gap,breakout,technical_indicators,False,49841,0.526622,0.617822,0.526622,0.617822,MODERATE_REDUNDANCY,moderately_redundant
139,bb_zscore_20h,ema_12_26_gap,technical,technical_indicators,False,49841,0.511644,0.61703,0.511644,0.61703,MODERATE_REDUNDANCY,moderately_redundant
140,mom_20h,vol_ret_corr_20h,momentum,alpha158_ohlcv,False,50000,0.540899,0.614127,0.540899,0.614127,MODERATE_REDUNDANCY,moderately_redundant
141,ema_12_26_gap,rsi_7h,technical_indicators,technical_indicators,True,49951,0.557796,0.608569,0.557796,0.608569,MODERATE_REDUNDANCY,moderately_redundant
142,ema_12_26_gap,price_volume_corr_20h,technical_indicators,volume_price,False,49687,0.554061,0.608314,0.554061,0.608314,MODERATE_REDUNDANCY,moderately_redundant
143,mom_20h,williams_r_14h,momentum,technical_indicators,False,49930,-0.501561,-0.606792,0.501561,0.606792,MODERATE_REDUNDANCY,moderately_redundant
144,downside_vol_20h,range_4h,realized_skew_kurtosis,range_position,False,49852,0.575604,0.602825,0.575604,0.602825,MODERATE_REDUNDANCY,moderately_redundant
145,vol_ratio_20_80,wvma_20h,volatility,alpha158_ohlcv,False,49873,0.50198,0.600151,0.50198,0.600151,MODERATE_REDUNDANCY,moderately_redundant
146,downside_vol_20h,vol_5h,realized_skew_kurtosis,volatility,False,49866,0.599533,0.599235,0.599533,0.599235,LOW_REDUNDANCY,likely_distinct
147,ema_12_26_gap,vol_ret_corr_20h,technical_indicators,alpha158_ohlcv,False,49831,0.541624,0.596443,0.541624,0.596443,LOW_REDUNDANCY,likely_distinct
148,candle_body,xs_rank_ret_1h,intraday_candle,cross_sectional_normalized,False,49993,0.595727,0.594323,0.595727,0.594323,LOW_REDUNDANCY,likely_distinct
149,range_4h,wvma_20h,range_position,alpha158_ohlcv,False,49852,0.6027,0.59303,0.6027,0.59303,LOW_REDUNDANCY,likely_distinct
150,vol_5h,wvma_20h,volatility,alpha158_ohlcv,False,49866,0.624836,0.592318,0.624836,0.592318,LOW_REDUNDANCY,likely_distinct
151,qvol_ma_ratio_5_20,vol_ratio_5_20,quote_volume_liquidity,volatility,False,49990,0.597737,0.583168,0.597737,0.583168,LOW_REDUNDANCY,likely_distinct
152,rev_3h,vwap_dev_20h,reversal,alpha158_ohlcv,False,49862,-0.643193,-0.582071,0.643193,0.582071,LOW_REDUNDANCY,likely_distinct
153,ema_12_26_gap,mom_10h,technical_indicators,momentum,False,49928,0.652842,0.577324,0.652842,0.577324,LOW_REDUNDANCY,likely_distinct
154,ema_12_26_gap,rev_10h,technical_indicators,reversal,False,49928,-0.652842,-0.577324,0.652842,0.577324,LOW_REDUNDANCY,likely_distinct
155,breakout_dist_20h,rev_3h,breakout,reversal,False,49862,-0.50454,-0.576602,0.50454,0.576602,LOW_REDUNDANCY,likely_distinct
156,qvol_ma_ratio_5_20,qvol_zscore_20h,quote_volume_liquidity,quote_volume_liquidity,True,50000,0.543531,0.575436,0.543531,0.575436,LOW_REDUNDANCY,likely_distinct
157,qvol_ma_ratio_5_20,vol_zscore_20h,quote_volume_liquidity,volume_liquidity,False,50000,0.541149,0.574719,0.541149,0.574719,LOW_REDUNDANCY,likely_distinct
158,price_pos_72h,rev_10h,price_position,reversal,False,49839,-0.511088,-0.572278,0.511088,0.572278,LOW_REDUNDANCY,likely_distinct
159,mom_10h,price_pos_72h,momentum,price_position,False,49839,0.511088,0.572278,0.511088,0.572278,LOW_REDUNDANCY,likely_distinct
160,ma_gap_10_40,price_pos_24h,trend_ma,price_position,False,49874,0.478797,0.569487,0.478797,0.569487,LOW_REDUNDANCY,likely_distinct
161,price_volume_corr_20h,rsi_14h,volume_price,technical,False,49796,0.576525,0.56851,0.576525,0.56851,LOW_REDUNDANCY,likely_distinct
162,rsi_14h,vol_ret_corr_20h,technical,alpha158_ohlcv,False,49940,0.573729,0.563033,0.573729,0.563033,LOW_REDUNDANCY,likely_distinct
163,realized_skew_20h,vol_ret_corr_20h,realized_shape,alpha158_ohlcv,False,50000,0.595054,0.562602,0.595054,0.562602,LOW_REDUNDANCY,likely_distinct
164,wq101_alpha101,xs_rank_ret_1h,wq101,cross_sectional_normalized,False,49993,0.517515,0.561963,0.517515,0.561963,LOW_REDUNDANCY,likely_distinct
165,price_pos_72h,williams_r_14h,price_position,technical_indicators,False,49866,-0.562448,-0.559192,0.562448,0.559192,LOW_REDUNDANCY,likely_distinct
166,price_volume_corr_20h,realized_skew_20h,volume_price,realized_shape,False,49856,0.584624,0.54033,0.584624,0.54033,LOW_REDUNDANCY,likely_distinct
167,mom_5h,tech_macd,momentum,technical,False,49965,0.203794,0.539317,0.203794,0.539317,LOW_REDUNDANCY,likely_distinct
168,reversal_5h,tech_macd,momentum,technical,False,49965,-0.203794,-0.539317,0.203794,0.539317,LOW_REDUNDANCY,likely_distinct
169,downside_vol_20h,range_1h,realized_skew_kurtosis,range_position,False,49831,0.471084,0.539286,0.471084,0.539286,LOW_REDUNDANCY,likely_distinct
170,downside_vol_20h,q158_high_low_range,realized_skew_kurtosis,alpha158,False,49831,0.471084,0.539286,0.471084,0.539286,LOW_REDUNDANCY,likely_distinct
171,funding_rate_level_20h,xs_rank_vol,funding_rate,cross_sectional_normalized,False,7757,0.210852,0.538886,0.210852,0.538886,LOW_REDUNDANCY,likely_distinct
172,funding_rate_level_20h,tech_atr,funding_rate,technical,False,7707,-0.262301,-0.531737,0.262301,0.531737,LOW_REDUNDANCY,likely_distinct
173,ma_gap_5_20,price_volume_corr_20h,trend_ma,volume_price,False,49846,0.490755,0.531128,0.490755,0.531128,LOW_REDUNDANCY,likely_distinct
174,rev_3h,rsi_14h,reversal,technical,False,49912,-0.530116,-0.529753,0.530116,0.529753,LOW_REDUNDANCY,likely_distinct
175,candle_body,taker_buy_zscore_20h,intraday_candle,taker_imbalance,False,46474,0.52386,0.527824,0.52386,0.527824,LOW_REDUNDANCY,likely_distinct
176,vol_ratio_20_80,volatility_20h,volatility,volatility,True,49873,0.509146,0.525752,0.509146,0.525752,LOW_REDUNDANCY,likely_distinct
177,mom_72h,rsi_14h,momentum,technical,False,49869,0.509694,0.522903,0.509694,0.522903,LOW_REDUNDANCY,likely_distinct
178,rev_72h,rsi_14h,reversal,technical,False,49869,-0.509694,-0.522903,0.509694,0.522903,LOW_REDUNDANCY,likely_distinct
179,rev_1h,taker_buy_zscore_20h,reversal,taker_imbalance,False,46481,-0.422817,-0.520929,0.422817,0.520929,LOW_REDUNDANCY,likely_distinct
180,intraday_ret,taker_buy_zscore_20h,alpha158_ohlcv,taker_imbalance,False,46474,0.422795,0.520635,0.422795,0.520635,LOW_REDUNDANCY,likely_distinct
181,ma_gap_5_20,vol_ret_corr_20h,trend_ma,alpha158_ohlcv,False,49990,0.484242,0.519628,0.484242,0.519628,LOW_REDUNDANCY,likely_distinct
182,rsi_14h,tech_macd,technical,technical,True,49891,0.113621,0.516695,0.113621,0.516695,LOW_REDUNDANCY,likely_distinct
183,q158_high_low_range,wvma_20h,alpha158,alpha158_ohlcv,False,49831,0.493744,0.51174,0.493744,0.51174,LOW_REDUNDANCY,likely_distinct
184,range_1h,wvma_20h,range_position,alpha158_ohlcv,False,49831,0.493744,0.51174,0.493744,0.51174,LOW_REDUNDANCY,likely_distinct
185,mom_40h,price_pos_24h,momentum,price_position,False,49864,0.413517,0.509253,0.413517,0.509253,LOW_REDUNDANCY,likely_distinct
186,wq101_alpha101,wq101_alpha53,wq101,wq101,True,49936,-0.386403,-0.50408,0.386403,0.50408,LOW_REDUNDANCY,likely_distinct
187,rev_1h,rev_3h,reversal,reversal,True,49986,0.576086,0.500568,0.576086,0.500568,LOW_REDUNDANCY,likely_distinct
188,intraday_ret,rev_3h,alpha158_ohlcv,reversal,False,49979,-0.575884,-0.500335,0.575884,0.500335,LOW_REDUNDANCY,likely_distinct
189,range_1h,vol_zscore_20h,range_position,volume_liquidity,False,49841,0.499438,0.498284,0.499438,0.498284,LOW_REDUNDANCY,likely_distinct
190,q158_high_low_range,vol_zscore_20h,alpha158,volume_liquidity,False,49841,0.499438,0.498284,0.499438,0.498284,LOW_REDUNDANCY,likely_distinct
191,qvol_zscore_20h,range_1h,quote_volume_liquidity,range_position,False,49841,0.500444,0.497223,0.500444,0.497223,LOW_REDUNDANCY,likely_distinct
192,q158_high_low_range,qvol_zscore_20h,alpha158,quote_volume_liquidity,False,49841,0.500444,0.497223,0.500444,0.497223,LOW_REDUNDANCY,likely_distinct
193,mom_10h,rev_3h,momentum,reversal,False,49949,-0.552274,-0.494231,0.552274,0.494231,LOW_REDUNDANCY,likely_distinct
194,rev_10h,rev_3h,reversal,reversal,True,49949,0.552274,0.494231,0.552274,0.494231,LOW_REDUNDANCY,likely_distinct
195,amihud_illiquidity_20h,xs_rank_vol,liquidity,cross_sectional_normalized,False,49854,-0.353377,-0.487906,0.353377,0.487906,LOW_REDUNDANCY,likely_distinct
196,price_pos_72h,price_volume_corr_20h,price_position,volume_price,False,49856,0.488924,0.487733,0.488924,0.487733,LOW_REDUNDANCY,likely_distinct
197,price_pos_72h,vol_ret_corr_20h,price_position,alpha158_ohlcv,False,49936,0.485095,0.48297,0.485095,0.48297,LOW_REDUNDANCY,likely_distinct
198,candle_body,wq101_alpha53,intraday_candle,wq101,False,49936,-0.240886,-0.47995,0.240886,0.47995,LOW_REDUNDANCY,likely_distinct
199,ma_gap_5_20,reversal_5h,trend_ma,momentum,False,49876,-0.550281,-0.47973,0.550281,0.47973,LOW_REDUNDANCY,likely_distinct
200,ma_gap_5_20,mom_5h,trend_ma,momentum,False,49876,0.550281,0.47973,0.550281,0.47973,LOW_REDUNDANCY,likely_distinct
201,intraday_ret,wq101_alpha53,alpha158_ohlcv,wq101,False,49936,-0.267162,-0.476618,0.267162,0.476618,LOW_REDUNDANCY,likely_distinct
202,candle_body,rev_3h,intraday_candle,reversal,False,49979,-0.404866,-0.476226,0.404866,0.476226,LOW_REDUNDANCY,likely_distinct
203,rev_1h,wq101_alpha53,reversal,wq101,False,49943,0.267045,0.476164,0.267045,0.476164,LOW_REDUNDANCY,likely_distinct
204,realized_kurt_20h,wvma_20h,realized_shape,alpha158_ohlcv,False,50000,0.524415,0.461388,0.524415,0.461388,LOW_REDUNDANCY,likely_distinct
205,ema_12_26_gap,williams_r_14h,technical_indicators,technical_indicators,True,49901,-0.399668,-0.460951,0.399668,0.460951,LOW_REDUNDANCY,likely_distinct
206,mom_20h,reversal_5h,momentum,momentum,True,49866,-0.54654,-0.459228,0.54654,0.459228,LOW_REDUNDANCY,likely_distinct
207,mom_20h,mom_5h,momentum,momentum,True,49866,0.54654,0.459228,0.54654,0.459228,LOW_REDUNDANCY,likely_distinct
208,taker_buy_zscore_20h,wq101_alpha101,taker_imbalance,wq101,False,46474,0.389071,0.45851,0.389071,0.45851,LOW_REDUNDANCY,likely_distinct
209,mom_20h,tech_macd,momentum,technical,False,49831,0.145446,0.456406,0.145446,0.456406,LOW_REDUNDANCY,likely_distinct
210,bb_zscore_20h,price_volume_corr_20h,technical,volume_price,False,49846,0.451425,0.450496,0.451425,0.450496,LOW_REDUNDANCY,likely_distinct
211,bb_zscore_20h,vol_ret_corr_20h,technical,alpha158_ohlcv,False,49990,0.453482,0.448093,0.453482,0.448093,LOW_REDUNDANCY,likely_distinct
212,qvol_ma_ratio_20_80,wvma_20h,quote_volume_liquidity,alpha158_ohlcv,False,49880,0.448466,0.446077,0.448466,0.446077,LOW_REDUNDANCY,likely_distinct
213,rev_1h,rsi_7h,reversal,technical_indicators,False,49958,-0.432453,-0.444627,0.432453,0.444627,LOW_REDUNDANCY,likely_distinct
214,mom_20h,rev_72h,momentum,reversal,False,49929,-0.504992,-0.444569,0.504992,0.444569,LOW_REDUNDANCY,likely_distinct
215,mom_20h,mom_72h,momentum,momentum,True,49929,0.504992,0.444569,0.504992,0.444569,LOW_REDUNDANCY,likely_distinct
216,intraday_ret,rsi_7h,alpha158_ohlcv,technical_indicators,False,49951,0.431809,0.443843,0.431809,0.443843,LOW_REDUNDANCY,likely_distinct
217,downside_vol_20h,vol_ratio_20_80,realized_skew_kurtosis,volatility,False,49873,0.441738,0.439011,0.441738,0.439011,LOW_REDUNDANCY,likely_distinct
218,candle_body,rsi_7h,intraday_candle,technical_indicators,False,49951,0.442276,0.438305,0.442276,0.438305,LOW_REDUNDANCY,likely_distinct
219,price_volume_corr_20h,rsi_7h,volume_price,technical_indicators,False,49736,0.452496,0.436959,0.452496,0.436959,LOW_REDUNDANCY,likely_distinct
220,price_pos_72h,reversal_5h,price_position,momentum,False,49802,-0.411185,-0.436879,0.411185,0.436879,LOW_REDUNDANCY,likely_distinct
221,mom_5h,price_pos_72h,momentum,price_position,False,49802,0.411185,0.436879,0.411185,0.436879,LOW_REDUNDANCY,likely_distinct
222,rsi_7h,vol_ret_corr_20h,technical_indicators,alpha158_ohlcv,False,49880,0.452868,0.435055,0.452868,0.435055,LOW_REDUNDANCY,likely_distinct
223,ma_gap_20_80,rsi_14h,trend_ma,technical,False,49820,0.412656,0.434621,0.412656,0.434621,LOW_REDUNDANCY,likely_distinct
224,rev_1h,williams_r_14h,reversal,technical_indicators,False,49908,0.397143,0.433563,0.397143,0.433563,LOW_REDUNDANCY,likely_distinct
225,intraday_ret,williams_r_14h,alpha158_ohlcv,technical_indicators,False,49901,-0.396841,-0.433307,0.396841,0.433307,LOW_REDUNDANCY,likely_distinct
226,candle_body,williams_r_14h,intraday_candle,technical_indicators,False,49901,-0.434324,-0.433131,0.434324,0.433131,LOW_REDUNDANCY,likely_distinct
227,rev_3h,wq101_alpha101,reversal,wq101,False,49979,-0.385057,-0.430852,0.385057,0.430852,LOW_REDUNDANCY,likely_distinct
228,qvol_ma_ratio_5_20,range_4h,quote_volume_liquidity,range_position,False,49862,0.494417,0.427715,0.494417,0.427715,LOW_REDUNDANCY,likely_distinct
229,klow_close,q158_high_low_range,alpha158_ohlcv,alpha158,False,50000,0.550858,0.42614,0.550858,0.42614,LOW_REDUNDANCY,likely_distinct
230,klow_close,range_1h,alpha158_ohlcv,range_position,False,50000,0.550858,0.42614,0.550858,0.42614,LOW_REDUNDANCY,likely_distinct
231,mom_accel_20h,price_pos_24h,momentum,price_position,False,49986,0.340026,0.414383,0.340026,0.414383,LOW_REDUNDANCY,likely_distinct
232,mom_20h,realized_skew_20h,momentum,realized_shape,False,50000,0.407051,0.413938,0.407051,0.413938,LOW_REDUNDANCY,likely_distinct
233,price_volume_corr_20h,vwap_dev_20h,volume_price,alpha158_ohlcv,False,49846,0.385899,0.405997,0.385899,0.405997,LOW_REDUNDANCY,likely_distinct
234,vol_ret_corr_20h,vwap_dev_20h,alpha158_ohlcv,alpha158_ohlcv,True,49990,0.38639,0.401812,0.38639,0.401812,LOW_REDUNDANCY,likely_distinct
235,mom_10h,price_volume_corr_20h,momentum,volume_price,False,49759,0.391518,0.401571,0.391518,0.401571,LOW_REDUNDANCY,likely_distinct
236,price_volume_corr_20h,rev_10h,volume_price,reversal,False,49759,-0.391518,-0.401571,0.391518,0.401571,LOW_REDUNDANCY,likely_distinct
237,breakout_dist_20h,price_volume_corr_20h,breakout,volume_price,False,49846,0.400662,0.399818,0.400662,0.399818,LOW_REDUNDANCY,likely_distinct
238,breakout_dist_20h,vol_ret_corr_20h,breakout,alpha158_ohlcv,False,49990,0.399319,0.398407,0.399319,0.398407,LOW_REDUNDANCY,likely_distinct
239,taker_buy_zscore_20h,xs_rank_ret_1h,taker_imbalance,cross_sectional_normalized,False,46481,0.395289,0.396889,0.395289,0.396889,LOW_REDUNDANCY,likely_distinct
240,mom_10h,vol_ret_corr_20h,momentum,alpha158_ohlcv,False,49903,0.395423,0.396551,0.395423,0.396551,LOW_REDUNDANCY,likely_distinct
241,rev_10h,vol_ret_corr_20h,reversal,alpha158_ohlcv,False,49903,-0.395423,-0.396551,0.395423,0.396551,LOW_REDUNDANCY,likely_distinct
242,qvol_ma_ratio_20_80,volatility_20h,quote_volume_liquidity,volatility,False,49880,0.482156,0.394716,0.482156,0.394716,LOW_REDUNDANCY,likely_distinct
243,bb_zscore_20h,rev_1h,technical,reversal,False,49848,-0.41152,-0.390116,0.41152,0.390116,LOW_REDUNDANCY,likely_distinct
244,bb_zscore_20h,intraday_ret,technical,alpha158_ohlcv,False,49841,0.410843,0.389407,0.410843,0.389407,LOW_REDUNDANCY,likely_distinct
245,rsi_7h,wq101_alpha101,technical_indicators,wq101,False,49951,0.358238,0.386052,0.358238,0.386052,LOW_REDUNDANCY,likely_distinct
246,ma_gap_5_20,rev_72h,trend_ma,reversal,False,49919,-0.448338,-0.384873,0.448338,0.384873,LOW_REDUNDANCY,likely_distinct
247,ma_gap_5_20,mom_72h,trend_ma,momentum,False,49919,0.448338,0.384873,0.448338,0.384873,LOW_REDUNDANCY,likely_distinct
248,ma_gap_20_80,mom_20h,trend_ma,momentum,False,49880,0.411915,0.384662,0.411915,0.384662,LOW_REDUNDANCY,likely_distinct
249,ema_12_26_gap,realized_skew_20h,technical_indicators,realized_shape,False,49831,0.378597,0.382994,0.378597,0.382994,LOW_REDUNDANCY,likely_distinct
250,price_volume_corr_20h,rev_72h,volume_price,reversal,False,49856,-0.357374,-0.382854,0.357374,0.382854,LOW_REDUNDANCY,likely_distinct
251,mom_72h,price_volume_corr_20h,momentum,volume_price,False,49856,0.357374,0.382854,0.357374,0.382854,LOW_REDUNDANCY,likely_distinct
252,bb_zscore_20h,candle_body,technical,intraday_candle,False,49841,0.402594,0.382546,0.402594,0.382546,LOW_REDUNDANCY,likely_distinct
253,mom_5h,rev_1h,momentum,reversal,False,49972,-0.446189,-0.377967,0.446189,0.377967,LOW_REDUNDANCY,likely_distinct
254,rev_1h,reversal_5h,reversal,momentum,False,49972,0.446189,0.377967,0.446189,0.377967,LOW_REDUNDANCY,likely_distinct
255,intraday_ret,mom_5h,alpha158_ohlcv,momentum,False,49965,0.445683,0.37734,0.445683,0.37734,LOW_REDUNDANCY,likely_distinct
256,intraday_ret,reversal_5h,alpha158_ohlcv,momentum,False,49965,-0.445683,-0.37734,0.445683,0.37734,LOW_REDUNDANCY,likely_distinct
257,realized_skew_20h,rsi_14h,realized_shape,technical,False,49940,0.42297,0.375799,0.42297,0.375799,LOW_REDUNDANCY,likely_distinct
258,breakout_dist_20h,rev_1h,breakout,reversal,False,49848,-0.353464,-0.375733,0.353464,0.375733,LOW_REDUNDANCY,likely_distinct
259,breakout_dist_20h,intraday_ret,breakout,alpha158_ohlcv,False,49841,0.353128,0.375486,0.353128,0.375486,LOW_REDUNDANCY,likely_distinct
260,williams_r_14h,wq101_alpha101,technical_indicators,wq101,False,49901,-0.342287,-0.37451,0.342287,0.37451,LOW_REDUNDANCY,likely_distinct
261,rev_72h,vol_ret_corr_20h,reversal,alpha158_ohlcv,False,49929,-0.346878,-0.373505,0.346878,0.373505,LOW_REDUNDANCY,likely_distinct
262,mom_72h,vol_ret_corr_20h,momentum,alpha158_ohlcv,False,49929,0.346878,0.373505,0.346878,0.373505,LOW_REDUNDANCY,likely_distinct
263,breakout_dist_20h,candle_body,breakout,intraday_candle,False,49841,0.372582,0.372181,0.372582,0.372181,LOW_REDUNDANCY,likely_distinct
264,ma_gap_20_80,price_volume_corr_20h,trend_ma,volume_price,False,49856,0.338425,0.370166,0.338425,0.370166,LOW_REDUNDANCY,likely_distinct
265,klow_close,range_4h,alpha158_ohlcv,range_position,False,49979,0.472171,0.370016,0.472171,0.370016,LOW_REDUNDANCY,likely_distinct
266,qvol_ma_ratio_5_20,vol_5h,quote_volume_liquidity,volatility,False,49876,0.441246,0.367467,0.441246,0.367467,LOW_REDUNDANCY,likely_distinct
267,range_24h,trend_efficiency_24h,range_position,trend_quality,False,49993,0.326666,0.367194,0.326666,0.367194,LOW_REDUNDANCY,likely_distinct
268,candle_body,taker_buy_delta_5h,intraday_candle,taker_imbalance,False,46726,0.337172,0.363281,0.337172,0.363281,LOW_REDUNDANCY,likely_distinct
269,range_4h,vol_ratio_5_20,range_position,volatility,False,49852,0.347653,0.361609,0.347653,0.361609,LOW_REDUNDANCY,likely_distinct
270,rev_3h,tech_macd,reversal,technical,False,49979,-0.117626,-0.361425,0.117626,0.361425,LOW_REDUNDANCY,likely_distinct
271,ma_gap_20_80,vol_ret_corr_20h,trend_ma,alpha158_ohlcv,False,49880,0.323073,0.358395,0.323073,0.358395,LOW_REDUNDANCY,likely_distinct
272,candle_body,mom_5h,intraday_candle,momentum,False,49965,0.302193,0.358098,0.302193,0.358098,LOW_REDUNDANCY,likely_distinct
273,candle_body,reversal_5h,intraday_candle,momentum,False,49965,-0.302193,-0.358098,0.302193,0.358098,LOW_REDUNDANCY,likely_distinct
274,rev_1h,taker_buy_delta_5h,reversal,taker_imbalance,False,46733,-0.249699,-0.350832,0.249699,0.350832,LOW_REDUNDANCY,likely_distinct
275,intraday_ret,taker_buy_delta_5h,alpha158_ohlcv,taker_imbalance,False,46726,0.249246,0.350675,0.249246,0.350675,LOW_REDUNDANCY,likely_distinct
276,price_pos_72h,rev_3h,price_position,reversal,False,49788,-0.341889,-0.349257,0.341889,0.349257,LOW_REDUNDANCY,likely_distinct
277,breakout_dist_48h,mom_120h,breakout,momentum,False,49753,0.298807,0.347943,0.298807,0.347943,LOW_REDUNDANCY,likely_distinct
278,mom_72h,rsi_7h,momentum,technical_indicators,False,49809,0.34178,0.347439,0.34178,0.347439,LOW_REDUNDANCY,likely_distinct
279,rev_72h,rsi_7h,reversal,technical_indicators,False,49809,-0.34178,-0.347439,0.34178,0.347439,LOW_REDUNDANCY,likely_distinct
280,vol_5h,vol_ratio_20_80,volatility,volatility,True,49739,0.364473,0.346101,0.364473,0.346101,LOW_REDUNDANCY,likely_distinct
281,range_4h,vol_zscore_20h,range_position,volume_liquidity,False,49862,0.319729,0.344527,0.319729,0.344527,LOW_REDUNDANCY,likely_distinct
282,downside_vol_20h,mom_20h,realized_skew_kurtosis,momentum,False,50000,-0.229617,-0.344417,0.229617,0.344417,LOW_REDUNDANCY,likely_distinct
283,qvol_zscore_20h,range_4h,quote_volume_liquidity,range_position,False,49862,0.320297,0.343162,0.320297,0.343162,LOW_REDUNDANCY,likely_distinct
284,rev_1h,vwap_dev_20h,reversal,alpha158_ohlcv,False,49848,-0.421572,-0.342554,0.421572,0.342554,LOW_REDUNDANCY,likely_distinct
285,intraday_ret,vwap_dev_20h,alpha158_ohlcv,alpha158_ohlcv,True,49841,0.421196,0.342171,0.421196,0.342171,LOW_REDUNDANCY,likely_distinct
286,mom_20h,rev_3h,momentum,reversal,False,49852,-0.417874,-0.339532,0.417874,0.339532,LOW_REDUNDANCY,likely_distinct
287,downside_vol_20h,realized_skew_20h,realized_skew_kurtosis,realized_shape,False,50000,-0.330444,-0.335644,0.330444,0.335644,LOW_REDUNDANCY,likely_distinct
288,ma_gap_5_20,realized_skew_20h,trend_ma,realized_shape,False,49990,0.359613,0.334727,0.359613,0.334727,LOW_REDUNDANCY,likely_distinct
289,bb_zscore_20h,wq101_alpha101,technical,wq101,False,49841,0.329146,0.334111,0.329146,0.334111,LOW_REDUNDANCY,likely_distinct
290,bb_zscore_20h,rev_72h,technical,reversal,False,49919,-0.304371,-0.327867,0.304371,0.327867,LOW_REDUNDANCY,likely_distinct
291,bb_zscore_20h,mom_72h,technical,momentum,False,49919,0.304371,0.327867,0.304371,0.327867,LOW_REDUNDANCY,likely_distinct
292,price_pos_72h,realized_skew_20h,price_position,realized_shape,False,49936,0.341562,0.326807,0.341562,0.326807,LOW_REDUNDANCY,likely_distinct
293,candle_body,vwap_dev_20h,intraday_candle,alpha158_ohlcv,False,49841,0.313361,0.325413,0.313361,0.325413,LOW_REDUNDANCY,likely_distinct
294,breakout_dist_20h,wq101_alpha101,breakout,wq101,False,49841,0.298381,0.323539,0.298381,0.323539,LOW_REDUNDANCY,likely_distinct
295,mom_5h,wq101_alpha101,momentum,wq101,False,49965,0.291322,0.322944,0.291322,0.322944,LOW_REDUNDANCY,likely_distinct
296,reversal_5h,wq101_alpha101,momentum,wq101,False,49965,-0.291322,-0.322944,0.291322,0.322944,LOW_REDUNDANCY,likely_distinct
297,vol_ratio_5_20,vol_zscore_20h,volatility,volume_liquidity,False,49990,0.3329,0.319113,0.3329,0.319113,LOW_REDUNDANCY,likely_distinct
298,rev_1h,rsi_14h,reversal,technical,False,49898,-0.340522,-0.318808,0.340522,0.318808,LOW_REDUNDANCY,likely_distinct
299,qvol_zscore_20h,vol_ratio_5_20,quote_volume_liquidity,volatility,False,49990,0.332967,0.318535,0.332967,0.318535,LOW_REDUNDANCY,likely_distinct
300,intraday_ret,rsi_14h,alpha158_ohlcv,technical,False,49891,0.339945,0.318224,0.339945,0.318224,LOW_REDUNDANCY,likely_distinct
301,rev_3h,xs_rank_ret_1h,reversal,cross_sectional_normalized,False,49986,-0.31022,-0.317066,0.31022,0.317066,LOW_REDUNDANCY,likely_distinct
302,mom_72h,vwap_dev_20h,momentum,alpha158_ohlcv,False,49919,0.342826,0.316161,0.342826,0.316161,LOW_REDUNDANCY,likely_distinct
303,rev_72h,vwap_dev_20h,reversal,alpha158_ohlcv,False,49919,-0.342826,-0.316161,0.342826,0.316161,LOW_REDUNDANCY,likely_distinct
304,candle_body,rsi_14h,intraday_candle,technical,False,49891,0.317994,0.31254,0.317994,0.31254,LOW_REDUNDANCY,likely_distinct
305,taker_buy_delta_5h,wq101_alpha101,taker_imbalance,wq101,False,46726,0.23847,0.311553,0.23847,0.311553,LOW_REDUNDANCY,likely_distinct
306,ema_12_26_gap,mom_5h,technical_indicators,momentum,False,49965,0.374707,0.308276,0.374707,0.308276,LOW_REDUNDANCY,likely_distinct
307,ema_12_26_gap,reversal_5h,technical_indicators,momentum,False,49965,-0.374707,-0.308276,0.374707,0.308276,LOW_REDUNDANCY,likely_distinct
308,downside_vol_20h,ema_12_26_gap,realized_skew_kurtosis,technical_indicators,False,49831,-0.235882,-0.308154,0.235882,0.308154,LOW_REDUNDANCY,likely_distinct
309,qvol_ma_ratio_5_20,range_1h,quote_volume_liquidity,range_position,False,49841,0.357211,0.307206,0.357211,0.307206,LOW_REDUNDANCY,likely_distinct
310,q158_high_low_range,qvol_ma_ratio_5_20,alpha158,quote_volume_liquidity,False,49841,0.357211,0.307206,0.357211,0.307206,LOW_REDUNDANCY,likely_distinct
311,mom_10h,mom_72h,momentum,momentum,True,49832,0.37814,0.30545,0.37814,0.30545,LOW_REDUNDANCY,likely_distinct
312,mom_10h,rev_72h,momentum,reversal,False,49832,-0.37814,-0.30545,0.37814,0.30545,LOW_REDUNDANCY,likely_distinct
313,rev_10h,rev_72h,reversal,reversal,True,49832,0.37814,0.30545,0.37814,0.30545,LOW_REDUNDANCY,likely_distinct
314,mom_72h,rev_10h,momentum,reversal,False,49832,-0.37814,-0.30545,0.37814,0.30545,LOW_REDUNDANCY,likely_distinct
315,downside_vol_20h,vwap_dev_20h,realized_skew_kurtosis,alpha158_ohlcv,False,49990,-0.306869,-0.303952,0.306869,0.303952,LOW_REDUNDANCY,likely_distinct
316,klow_close,volatility_20h,alpha158_ohlcv,volatility,False,49831,0.337267,0.303106,0.337267,0.303106,LOW_REDUNDANCY,likely_distinct
317,realized_kurt_20h,vol_ratio_20_80,realized_shape,volatility,False,49873,0.34492,0.30279,0.34492,0.30279,LOW_REDUNDANCY,likely_distinct
318,downside_vol_20h,qvol_ma_ratio_20_80,realized_skew_kurtosis,quote_volume_liquidity,False,49880,0.343665,0.30025,0.343665,0.30025,LOW_REDUNDANCY,likely_distinct
319,wq101_alpha53,xs_rank_ret_1h,wq101,cross_sectional_normalized,False,49943,-0.175827,-0.300229,0.175827,0.300229,LOW_REDUNDANCY,likely_distinct
320,downside_vol_20h,ma_gap_5_20,realized_skew_kurtosis,trend_ma,False,49990,-0.236532,-0.298944,0.236532,0.298944,LOW_REDUNDANCY,likely_distinct
321,downside_vol_20h,rsi_14h,realized_skew_kurtosis,technical,False,49940,-0.271371,-0.29859,0.271371,0.29859,LOW_REDUNDANCY,likely_distinct
322,range_4h,vol_ratio_20_80,range_position,volatility,False,49725,0.312099,0.296424,0.312099,0.296424,LOW_REDUNDANCY,likely_distinct
323,vwap_dev_20h,wq101_alpha101,alpha158_ohlcv,wq101,False,49841,0.29696,0.290584,0.29696,0.290584,LOW_REDUNDANCY,likely_distinct
324,realized_skew_20h,rsi_7h,realized_shape,technical_indicators,False,49880,0.33095,0.289425,0.33095,0.289425,LOW_REDUNDANCY,likely_distinct
325,downside_vol_20h,vol_ret_corr_20h,realized_skew_kurtosis,alpha158_ohlcv,False,50000,-0.252603,-0.287571,0.252603,0.287571,LOW_REDUNDANCY,likely_distinct
326,breakout_dist_20h,mom_72h,breakout,momentum,False,49919,0.266541,0.286008,0.266541,0.286008,LOW_REDUNDANCY,likely_distinct
327,breakout_dist_20h,rev_72h,breakout,reversal,False,49919,-0.266541,-0.286008,0.266541,0.286008,LOW_REDUNDANCY,likely_distinct
328,price_volume_corr_20h,williams_r_14h,volume_price,technical_indicators,False,49786,-0.285853,-0.283835,0.285853,0.283835,LOW_REDUNDANCY,likely_distinct
329,vol_ret_corr_20h,williams_r_14h,alpha158_ohlcv,technical_indicators,False,49930,-0.286762,-0.283767,0.286762,0.283767,LOW_REDUNDANCY,likely_distinct
330,bb_zscore_20h,realized_skew_20h,technical,realized_shape,False,49990,0.310351,0.283222,0.310351,0.283222,LOW_REDUNDANCY,likely_distinct
331,realized_skew_20h,vwap_dev_20h,realized_shape,alpha158_ohlcv,False,49990,0.30404,0.282054,0.30404,0.282054,LOW_REDUNDANCY,likely_distinct
332,downside_vol_20h,klow_close,realized_skew_kurtosis,alpha158_ohlcv,False,49831,0.30562,0.281771,0.30562,0.281771,LOW_REDUNDANCY,likely_distinct
333,qvol_ma_ratio_20_80,range_4h,quote_volume_liquidity,range_position,False,49732,0.358691,0.281101,0.358691,0.281101,LOW_REDUNDANCY,likely_distinct
334,breakout_dist_20h,realized_skew_20h,breakout,realized_shape,False,49990,0.28614,0.276445,0.28614,0.276445,LOW_REDUNDANCY,likely_distinct
335,tech_atr,volatility_20h,technical,volatility,False,49940,0.274224,0.273701,0.274224,0.273701,LOW_REDUNDANCY,likely_distinct
336,rsi_14h,wq101_alpha101,technical,wq101,False,49891,0.267119,0.273331,0.267119,0.273331,LOW_REDUNDANCY,likely_distinct
337,breakout_dist_20h,downside_vol_20h,breakout,realized_skew_kurtosis,False,49990,-0.239601,-0.270364,0.239601,0.270364,LOW_REDUNDANCY,likely_distinct
338,rev_10h,rev_1h,reversal,reversal,True,49935,0.31968,0.270015,0.31968,0.270015,LOW_REDUNDANCY,likely_distinct
339,mom_10h,rev_1h,momentum,reversal,False,49935,-0.31968,-0.270015,0.31968,0.270015,LOW_REDUNDANCY,likely_distinct
340,taker_buy_delta_5h,xs_rank_ret_1h,taker_imbalance,cross_sectional_normalized,False,46733,0.246617,0.269874,0.246617,0.269874,LOW_REDUNDANCY,likely_distinct
341,intraday_ret,rev_10h,alpha158_ohlcv,reversal,False,49928,-0.319311,-0.26977,0.319311,0.26977,LOW_REDUNDANCY,likely_distinct
342,intraday_ret,mom_10h,alpha158_ohlcv,momentum,False,49928,0.319311,0.26977,0.319311,0.26977,LOW_REDUNDANCY,likely_distinct
343,downside_vol_20h,price_volume_corr_20h,realized_skew_kurtosis,volume_price,False,49856,-0.223964,-0.264602,0.223964,0.264602,LOW_REDUNDANCY,likely_distinct
344,ksft_5h,realized_skew_20h,alpha158_ohlcv,realized_shape,False,49866,0.261341,0.263992,0.261341,0.263992,LOW_REDUNDANCY,likely_distinct
345,mom_10h,realized_skew_20h,momentum,realized_shape,False,49903,0.320395,0.263856,0.320395,0.263856,LOW_REDUNDANCY,likely_distinct
346,realized_skew_20h,rev_10h,realized_shape,reversal,False,49903,-0.320395,-0.263856,0.320395,0.263856,LOW_REDUNDANCY,likely_distinct
347,mom_20h,taker_buy_ratio_20h,momentum,taker_imbalance,False,46633,0.206427,0.263265,0.206427,0.263265,LOW_REDUNDANCY,likely_distinct
348,ma_gap_20_80,ma_gap_5_20,trend_ma,trend_ma,True,49870,0.294649,0.263107,0.294649,0.263107,LOW_REDUNDANCY,likely_distinct
349,rsi_7h,xs_rank_ret_1h,technical_indicators,cross_sectional_normalized,False,49958,0.275736,0.261714,0.275736,0.261714,LOW_REDUNDANCY,likely_distinct
350,ema_12_26_gap,tech_macd,technical_indicators,technical,False,50000,0.123037,0.261546,0.123037,0.261546,LOW_REDUNDANCY,likely_distinct
351,range_1h,vol_ratio_5_20,range_position,volatility,False,49831,0.264087,0.261238,0.264087,0.261238,LOW_REDUNDANCY,likely_distinct
352,q158_high_low_range,vol_ratio_5_20,alpha158,volatility,False,49831,0.264087,0.261238,0.264087,0.261238,LOW_REDUNDANCY,likely_distinct
353,qvol_ma_ratio_20_80,vol_5h,quote_volume_liquidity,volatility,False,49746,0.339311,0.261175,0.339311,0.261175,LOW_REDUNDANCY,likely_distinct
354,williams_r_14h,xs_rank_ret_1h,technical_indicators,cross_sectional_normalized,False,49908,-0.263105,-0.260186,0.263105,0.260186,LOW_REDUNDANCY,likely_distinct
355,rsi_14h,taker_buy_ratio_20h,technical,taker_imbalance,False,46583,0.24669,0.258756,0.24669,0.258756,LOW_REDUNDANCY,likely_distinct
356,downside_vol_20h,price_pos_72h,realized_skew_kurtosis,price_position,False,49936,-0.229747,-0.257951,0.229747,0.257951,LOW_REDUNDANCY,likely_distinct
357,candle_body,mom_10h,intraday_candle,momentum,False,49928,0.214923,0.256249,0.214923,0.256249,LOW_REDUNDANCY,likely_distinct
358,candle_body,rev_10h,intraday_candle,reversal,False,49928,-0.214923,-0.256249,0.214923,0.256249,LOW_REDUNDANCY,likely_distinct
359,downside_vol_20h,rsi_7h,realized_skew_kurtosis,technical_indicators,False,49880,-0.231074,-0.255041,0.231074,0.255041,LOW_REDUNDANCY,likely_distinct
360,downside_vol_20h,rev_10h,realized_skew_kurtosis,reversal,False,49903,0.202802,0.25035,0.202802,0.25035,LOW_REDUNDANCY,likely_distinct
361,downside_vol_20h,mom_10h,realized_skew_kurtosis,momentum,False,49903,-0.202802,-0.25035,0.202802,0.25035,LOW_REDUNDANCY,likely_distinct
362,mom_5h,vol_ret_corr_20h,momentum,alpha158_ohlcv,False,49866,0.283611,0.249336,0.283611,0.249336,LOW_REDUNDANCY,likely_distinct
363,reversal_5h,vol_ret_corr_20h,momentum,alpha158_ohlcv,False,49866,-0.283611,-0.249336,0.283611,0.249336,LOW_REDUNDANCY,likely_distinct
364,taker_buy_zscore_20h,wq101_alpha53,taker_imbalance,wq101,False,46538,-0.124475,-0.24848,0.124475,0.24848,LOW_REDUNDANCY,likely_distinct
365,bb_zscore_20h,downside_vol_20h,technical,realized_skew_kurtosis,False,49990,-0.213164,-0.246263,0.213164,0.246263,LOW_REDUNDANCY,likely_distinct
366,price_volume_corr_20h,reversal_5h,volume_price,momentum,False,49722,-0.269495,-0.245313,0.269495,0.245313,LOW_REDUNDANCY,likely_distinct
367,mom_5h,price_volume_corr_20h,momentum,volume_price,False,49722,0.269495,0.245313,0.269495,0.245313,LOW_REDUNDANCY,likely_distinct
368,klow_close,wvma_20h,alpha158_ohlcv,alpha158_ohlcv,True,49831,0.256118,0.243559,0.256118,0.243559,LOW_REDUNDANCY,likely_distinct
369,klow_close,vol_5h,alpha158_ohlcv,volatility,False,49965,0.333567,0.243209,0.333567,0.243209,LOW_REDUNDANCY,likely_distinct
370,rsi_7h,taker_buy_ratio_20h,technical_indicators,taker_imbalance,False,46523,0.232952,0.240834,0.232952,0.240834,LOW_REDUNDANCY,likely_distinct
371,realized_kurt_20h,volatility_20h,realized_shape,volatility,False,50000,0.275109,0.239216,0.275109,0.239216,LOW_REDUNDANCY,likely_distinct
372,ma_gap_5_20,rev_3h,trend_ma,reversal,False,49862,-0.290561,-0.238366,0.290561,0.238366,LOW_REDUNDANCY,likely_distinct
373,bb_zscore_20h,taker_buy_ratio_20h,technical,taker_imbalance,False,46633,0.222744,0.237928,0.222744,0.237928,LOW_REDUNDANCY,likely_distinct
374,downside_vol_20h,tech_atr,realized_skew_kurtosis,technical,False,49940,0.21552,0.233441,0.21552,0.233441,LOW_REDUNDANCY,likely_distinct
375,price_pos_72h,tech_macd,price_position,technical,False,49767,0.058569,0.233046,0.058569,0.233046,LOW_REDUNDANCY,likely_distinct
376,tech_atr,wvma_20h,technical,alpha158_ohlcv,False,49940,0.177488,0.232498,0.177488,0.232498,LOW_REDUNDANCY,likely_distinct
377,reversal_5h,xs_rank_ret_1h,momentum,cross_sectional_normalized,False,49972,-0.2309,-0.231253,0.2309,0.231253,LOW_REDUNDANCY,likely_distinct
378,mom_5h,xs_rank_ret_1h,momentum,cross_sectional_normalized,False,49972,0.2309,0.231253,0.2309,0.231253,LOW_REDUNDANCY,likely_distinct
379,range_4h,tech_atr,range_position,technical,False,49912,0.206738,0.231056,0.206738,0.231056,LOW_REDUNDANCY,likely_distinct
380,tech_macd,vol_ret_corr_20h,technical,alpha158_ohlcv,False,49831,0.058286,0.230035,0.058286,0.230035,LOW_REDUNDANCY,likely_distinct
381,rev_3h,wq101_alpha53,reversal,wq101,False,49957,0.131835,0.229966,0.131835,0.229966,LOW_REDUNDANCY,likely_distinct
382,ma_gap_5_20,taker_buy_ratio_20h,trend_ma,taker_imbalance,False,46633,0.181305,0.22942,0.181305,0.22942,LOW_REDUNDANCY,likely_distinct
383,price_volume_corr_20h,tech_macd,volume_price,technical,False,49687,0.051003,0.22892,0.051003,0.22892,LOW_REDUNDANCY,likely_distinct
384,rev_10h,wq101_alpha101,reversal,wq101,False,49928,-0.210465,-0.227112,0.210465,0.227112,LOW_REDUNDANCY,likely_distinct
385,mom_10h,wq101_alpha101,momentum,wq101,False,49928,0.210465,0.227112,0.210465,0.227112,LOW_REDUNDANCY,likely_distinct
386,taker_buy_ratio_20h,vwap_dev_20h,taker_imbalance,alpha158_ohlcv,False,46633,0.188732,0.226442,0.188732,0.226442,LOW_REDUNDANCY,likely_distinct
387,breakout_dist_20h,taker_buy_ratio_20h,breakout,taker_imbalance,False,46633,0.215014,0.22572,0.215014,0.22572,LOW_REDUNDANCY,likely_distinct
388,bb_zscore_20h,xs_rank_ret_1h,technical,cross_sectional_normalized,False,49848,0.243378,0.22415,0.243378,0.22415,LOW_REDUNDANCY,likely_distinct
389,candle_wick_upper,klow_close,intraday_candle,alpha158_ohlcv,False,50000,-0.209215,-0.223541,0.209215,0.223541,LOW_REDUNDANCY,likely_distinct
390,rev_3h,taker_buy_zscore_20h,reversal,taker_imbalance,False,46495,-0.180488,-0.222991,0.180488,0.222991,LOW_REDUNDANCY,likely_distinct
391,rev_72h,williams_r_14h,reversal,technical_indicators,False,49859,0.208321,0.222626,0.208321,0.222626,LOW_REDUNDANCY,likely_distinct
392,mom_72h,williams_r_14h,momentum,technical_indicators,False,49859,-0.208321,-0.222626,0.208321,0.222626,LOW_REDUNDANCY,likely_distinct
393,klow_close,vol_zscore_20h,alpha158_ohlcv,volume_liquidity,False,49841,0.278418,0.221266,0.278418,0.221266,LOW_REDUNDANCY,likely_distinct
394,mom_72h,realized_skew_20h,momentum,realized_shape,False,49929,0.227458,0.221236,0.227458,0.221236,LOW_REDUNDANCY,likely_distinct
395,realized_skew_20h,rev_72h,realized_shape,reversal,False,49929,-0.227458,-0.221236,0.227458,0.221236,LOW_REDUNDANCY,likely_distinct
396,q158_high_low_range,vol_ratio_20_80,alpha158,volatility,False,49704,0.235115,0.22109,0.235115,0.22109,LOW_REDUNDANCY,likely_distinct
397,range_1h,vol_ratio_20_80,range_position,volatility,False,49704,0.235115,0.22109,0.235115,0.22109,LOW_REDUNDANCY,likely_distinct
398,breakout_dist_20h,xs_rank_ret_1h,breakout,cross_sectional_normalized,False,49848,0.22145,0.218873,0.22145,0.218873,LOW_REDUNDANCY,likely_distinct
399,klow_close,qvol_zscore_20h,alpha158_ohlcv,quote_volume_liquidity,False,49841,0.271681,0.217191,0.271681,0.217191,LOW_REDUNDANCY,likely_distinct
400,funding_rate_level_20h,taker_buy_ratio_20h,funding_rate,taker_imbalance,False,11106,-0.085293,-0.215852,0.085293,0.215852,LOW_REDUNDANCY,likely_distinct
401,downside_vol_20h,williams_r_14h,realized_skew_kurtosis,technical_indicators,False,49930,0.19056,0.214425,0.19056,0.214425,LOW_REDUNDANCY,likely_distinct
402,price_pos_72h,rev_1h,price_position,reversal,False,49774,-0.224195,-0.214078,0.224195,0.214078,LOW_REDUNDANCY,likely_distinct
403,ema_12_26_gap,taker_buy_ratio_20h,technical_indicators,taker_imbalance,False,46474,0.177354,0.214042,0.177354,0.214042,LOW_REDUNDANCY,likely_distinct
404,intraday_ret,price_pos_72h,alpha158_ohlcv,price_position,False,49767,0.223616,0.213666,0.223616,0.213666,LOW_REDUNDANCY,likely_distinct
405,ma_gap_20_80,realized_skew_20h,trend_ma,realized_shape,False,49880,0.196056,0.211522,0.196056,0.211522,LOW_REDUNDANCY,likely_distinct
406,vwap_dev_20h,xs_rank_ret_1h,alpha158_ohlcv,cross_sectional_normalized,False,49848,0.232775,0.210138,0.232775,0.210138,LOW_REDUNDANCY,likely_distinct
407,ma_gap_20_80,tech_macd,trend_ma,technical,False,49711,-0.103404,-0.209846,0.103404,0.209846,LOW_REDUNDANCY,likely_distinct
408,tech_atr,vol_5h,technical,volatility,False,49926,0.20572,0.208491,0.20572,0.208491,LOW_REDUNDANCY,likely_distinct
409,rev_3h,wq101_alpha12,reversal,wq101,False,49986,0.092176,0.207914,0.092176,0.207914,LOW_REDUNDANCY,likely_distinct
410,candle_body,price_pos_72h,intraday_candle,price_position,False,49767,0.212275,0.207168,0.212275,0.207168,LOW_REDUNDANCY,likely_distinct
411,rev_72h,reversal_5h,reversal,momentum,False,49795,0.263856,0.207009,0.263856,0.207009,LOW_REDUNDANCY,likely_distinct
412,mom_5h,rev_72h,momentum,reversal,False,49795,-0.263856,-0.207009,0.263856,0.207009,LOW_REDUNDANCY,likely_distinct
413,mom_72h,reversal_5h,momentum,momentum,True,49795,-0.263856,-0.207009,0.263856,0.207009,LOW_REDUNDANCY,likely_distinct
414,mom_5h,mom_72h,momentum,momentum,True,49795,0.263856,0.207009,0.263856,0.207009,LOW_REDUNDANCY,likely_distinct
415,qvol_ma_ratio_20_80,range_1h,quote_volume_liquidity,range_position,False,49711,0.281337,0.205966,0.281337,0.205966,LOW_REDUNDANCY,likely_distinct
416,q158_high_low_range,qvol_ma_ratio_20_80,alpha158,quote_volume_liquidity,False,49711,0.281337,0.205966,0.281337,0.205966,LOW_REDUNDANCY,likely_distinct
417,downside_vol_20h,realized_kurt_20h,realized_skew_kurtosis,realized_shape,False,50000,0.219687,0.20473,0.219687,0.20473,LOW_REDUNDANCY,likely_distinct
418,candle_wick_lower,candle_wick_upper,intraday_candle,intraday_candle,True,50000,-0.260718,-0.201965,0.260718,0.201965,LOW_REDUNDANCY,likely_distinct
419,price_pos_72h,taker_buy_ratio_20h,price_position,taker_imbalance,False,46633,0.190073,0.201937,0.190073,0.201937,LOW_REDUNDANCY,likely_distinct
420,qvol_zscore_20h,vol_5h,quote_volume_liquidity,volatility,False,49876,0.199435,0.201191,0.199435,0.201191,LOW_REDUNDANCY,likely_distinct
421,vol_5h,vol_zscore_20h,volatility,volume_liquidity,False,49876,0.196933,0.200934,0.196933,0.200934,LOW_REDUNDANCY,likely_distinct
422,candle_wick_lower,wq101_alpha53,intraday_candle,wq101,False,49936,-0.141971,-0.200518,0.141971,0.200518,LOW_REDUNDANCY,likely_distinct
423,mom_10h,taker_buy_ratio_20h,momentum,taker_imbalance,False,46546,0.158318,0.200269,0.158318,0.200269,LOW_REDUNDANCY,likely_distinct
424,rev_10h,taker_buy_ratio_20h,reversal,taker_imbalance,False,46546,-0.158318,-0.200269,0.158318,0.200269,LOW_REDUNDANCY,likely_distinct
425,q158_high_low_range,tech_atr,alpha158,technical,False,49891,0.186078,0.19932,0.186078,0.19932,LOW_REDUNDANCY,likely_distinct
426,range_1h,tech_atr,range_position,technical,False,49891,0.186078,0.19932,0.186078,0.19932,LOW_REDUNDANCY,likely_distinct
427,funding_rate_zscore_80h,qvol_ma_ratio_20_80,funding_rate,quote_volume_liquidity,False,7310,-0.243788,-0.197594,0.243788,0.197594,LOW_REDUNDANCY,likely_distinct
428,realized_skew_20h,williams_r_14h,realized_shape,technical_indicators,False,49930,-0.204965,-0.195126,0.204965,0.195126,LOW_REDUNDANCY,likely_distinct
429,funding_rate_level_20h,price_pos_72h,funding_rate,price_position,False,7786,0.023676,0.1945,0.023676,0.1945,LOW_REDUNDANCY,likely_distinct
430,mom_5h,wq101_alpha12,momentum,wq101,False,49972,-0.080321,-0.189249,0.080321,0.189249,LOW_REDUNDANCY,likely_distinct
431,reversal_5h,wq101_alpha12,momentum,wq101,False,49972,0.080321,0.189249,0.080321,0.189249,LOW_REDUNDANCY,likely_distinct
432,rsi_7h,wq101_alpha12,technical_indicators,wq101,False,49958,-0.051081,-0.185563,0.051081,0.185563,LOW_REDUNDANCY,likely_distinct
433,ma_gap_20_80,rsi_7h,trend_ma,technical_indicators,False,49760,0.175752,0.18524,0.175752,0.18524,LOW_REDUNDANCY,likely_distinct
434,downside_vol_20h,mom_5h,realized_skew_kurtosis,momentum,False,49866,-0.184034,-0.184995,0.184034,0.184995,LOW_REDUNDANCY,likely_distinct
435,downside_vol_20h,reversal_5h,realized_skew_kurtosis,momentum,False,49866,0.184034,0.184995,0.184034,0.184995,LOW_REDUNDANCY,likely_distinct
436,taker_buy_ratio_20h,williams_r_14h,taker_imbalance,technical_indicators,False,46573,-0.178214,-0.184753,0.178214,0.184753,LOW_REDUNDANCY,likely_distinct
437,intraday_ret,mom_20h,alpha158_ohlcv,momentum,False,49831,0.237408,0.184229,0.237408,0.184229,LOW_REDUNDANCY,likely_distinct
438,mom_20h,rev_1h,momentum,reversal,False,49838,-0.237723,-0.184128,0.237723,0.184128,LOW_REDUNDANCY,likely_distinct
439,funding_rate_zscore_80h,mom_20h,funding_rate,momentum,False,7190,0.074902,0.184123,0.074902,0.184123,LOW_REDUNDANCY,likely_distinct
440,price_pos_72h,wq101_alpha101,price_position,wq101,False,49767,0.181186,0.18404,0.181186,0.18404,LOW_REDUNDANCY,likely_distinct
441,bb_zscore_20h,wq101_alpha12,technical,wq101,False,49848,-0.055302,-0.183955,0.055302,0.183955,LOW_REDUNDANCY,likely_distinct
442,downside_vol_20h,funding_rate_zscore_80h,realized_skew_kurtosis,funding_rate,False,7190,-0.161736,-0.183303,0.161736,0.183303,LOW_REDUNDANCY,likely_distinct
443,funding_rate_zscore_80h,ma_gap_5_20,funding_rate,trend_ma,False,7180,0.08665,0.183236,0.08665,0.183236,LOW_REDUNDANCY,likely_distinct
444,rsi_14h,xs_rank_ret_1h,technical,cross_sectional_normalized,False,49898,0.195614,0.179707,0.195614,0.179707,LOW_REDUNDANCY,likely_distinct
445,qvol_ma_ratio_20_80,realized_kurt_20h,quote_volume_liquidity,realized_shape,False,49880,0.204869,0.179315,0.204869,0.179315,LOW_REDUNDANCY,likely_distinct
446,ema_12_26_gap,rev_3h,technical_indicators,reversal,False,49979,-0.221283,-0.17486,0.221283,0.17486,LOW_REDUNDANCY,likely_distinct
447,funding_rate_zscore_80h,vwap_dev_20h,funding_rate,alpha158_ohlcv,False,7180,0.126978,0.174798,0.126978,0.174798,LOW_REDUNDANCY,likely_distinct
448,funding_rate_zscore_80h,rsi_14h,funding_rate,technical,False,7130,0.158544,0.173504,0.158544,0.173504,LOW_REDUNDANCY,likely_distinct
449,candle_body,mom_20h,intraday_candle,momentum,False,49831,0.151115,0.173262,0.151115,0.173262,LOW_REDUNDANCY,likely_distinct
450,price_volume_corr_20h,taker_buy_ratio_20h,volume_price,taker_imbalance,False,46769,0.160813,0.173226,0.160813,0.173226,LOW_REDUNDANCY,likely_distinct
451,mom_5h,realized_skew_20h,momentum,realized_shape,False,49866,0.262218,0.173219,0.262218,0.173219,LOW_REDUNDANCY,likely_distinct
452,realized_skew_20h,reversal_5h,realized_shape,momentum,False,49866,-0.262218,-0.173219,0.262218,0.173219,LOW_REDUNDANCY,likely_distinct
453,rev_3h,taker_buy_delta_5h,reversal,taker_imbalance,False,46747,-0.12026,-0.170843,0.12026,0.170843,LOW_REDUNDANCY,likely_distinct
454,taker_buy_ratio_20h,vol_ret_corr_20h,taker_imbalance,alpha158_ohlcv,False,46633,0.15383,0.16691,0.15383,0.16691,LOW_REDUNDANCY,likely_distinct
455,mom_accel_20h,rsi_28h,momentum,technical_indicators,False,49979,0.161013,0.165846,0.161013,0.165846,LOW_REDUNDANCY,likely_distinct
456,williams_r_14h,wq101_alpha12,technical_indicators,wq101,False,49908,0.040825,0.165167,0.040825,0.165167,LOW_REDUNDANCY,likely_distinct
457,breakout_dist_20h,funding_rate_zscore_80h,breakout,funding_rate,False,7180,0.133949,0.164345,0.133949,0.164345,LOW_REDUNDANCY,likely_distinct
458,candle_wick_upper,wq101_alpha53,intraday_candle,wq101,False,49936,0.057048,0.164267,0.057048,0.164267,LOW_REDUNDANCY,likely_distinct
459,rev_3h,vol_ret_corr_20h,reversal,alpha158_ohlcv,False,49852,-0.211381,-0.163851,0.211381,0.163851,LOW_REDUNDANCY,likely_distinct
460,rev_10h,xs_rank_ret_1h,reversal,cross_sectional_normalized,False,49935,-0.164775,-0.163175,0.164775,0.163175,LOW_REDUNDANCY,likely_distinct
461,mom_10h,xs_rank_ret_1h,momentum,cross_sectional_normalized,False,49935,0.164775,0.163175,0.164775,0.163175,LOW_REDUNDANCY,likely_distinct
462,ma_gap_20_80,qvol_ma_ratio_20_80,trend_ma,quote_volume_liquidity,False,50000,0.282883,0.162211,0.282883,0.162211,LOW_REDUNDANCY,likely_distinct
463,funding_rate_zscore_80h,price_pos_72h,funding_rate,price_position,False,7254,0.140657,0.161353,0.140657,0.161353,LOW_REDUNDANCY,likely_distinct
464,funding_rate_level_20h,ma_gap_20_80,funding_rate,trend_ma,False,7842,-0.25604,0.161228,0.25604,0.161228,LOW_REDUNDANCY,likely_distinct
465,taker_buy_zscore_20h,williams_r_14h,taker_imbalance,technical_indicators,False,46573,-0.157658,-0.161014,0.157658,0.161014,LOW_REDUNDANCY,likely_distinct
466,ema_12_26_gap,funding_rate_zscore_80h,technical_indicators,funding_rate,False,7021,0.092349,0.160891,0.092349,0.160891,LOW_REDUNDANCY,likely_distinct
467,reversal_5h,taker_buy_ratio_20h,momentum,taker_imbalance,False,46509,-0.127453,-0.160433,0.127453,0.160433,LOW_REDUNDANCY,likely_distinct
468,mom_5h,taker_buy_ratio_20h,momentum,taker_imbalance,False,46509,0.127453,0.160433,0.127453,0.160433,LOW_REDUNDANCY,likely_distinct
469,realized_skew_20h,tech_macd,realized_shape,technical,False,49831,0.061011,0.159153,0.061011,0.159153,LOW_REDUNDANCY,likely_distinct
470,funding_rate_zscore_80h,vol_ratio_20_80,funding_rate,volatility,False,7317,-0.197219,-0.158779,0.197219,0.158779,LOW_REDUNDANCY,likely_distinct
471,klow_close,qvol_ma_ratio_5_20,alpha158_ohlcv,quote_volume_liquidity,False,49841,0.220451,0.158394,0.220451,0.158394,LOW_REDUNDANCY,likely_distinct
472,downside_vol_20h,rev_72h,realized_skew_kurtosis,reversal,False,49929,0.043066,0.158246,0.043066,0.158246,LOW_REDUNDANCY,likely_distinct
473,downside_vol_20h,mom_72h,realized_skew_kurtosis,momentum,False,49929,-0.043066,-0.158246,0.043066,0.158246,LOW_REDUNDANCY,likely_distinct
474,funding_rate_zscore_80h,wvma_20h,funding_rate,alpha158_ohlcv,False,7190,-0.187374,-0.158174,0.187374,0.158174,LOW_REDUNDANCY,likely_distinct
475,bb_zscore_20h,ma_gap_20_80,technical,trend_ma,False,49870,0.138026,0.15811,0.138026,0.15811,LOW_REDUNDANCY,likely_distinct
476,taker_buy_delta_5h,wq101_alpha53,taker_imbalance,wq101,False,46761,-0.070674,-0.157417,0.070674,0.157417,LOW_REDUNDANCY,likely_distinct
477,ksft_5h,mom_5h,alpha158_ohlcv,momentum,False,50000,0.168524,0.157234,0.168524,0.157234,LOW_REDUNDANCY,likely_distinct
478,ksft_5h,reversal_5h,alpha158_ohlcv,momentum,False,50000,-0.168524,-0.157234,0.168524,0.157234,LOW_REDUNDANCY,likely_distinct
479,vwap_dev_20h,wq101_alpha12,alpha158_ohlcv,wq101,False,49848,-0.068428,-0.157024,0.068428,0.157024,LOW_REDUNDANCY,likely_distinct
480,price_volume_corr_20h,rev_3h,volume_price,reversal,False,49708,-0.193692,-0.156733,0.193692,0.156733,LOW_REDUNDANCY,likely_distinct
481,funding_rate_level_20h,rev_72h,funding_rate,reversal,False,7793,0.168119,-0.15658,0.168119,0.15658,LOW_REDUNDANCY,likely_distinct
482,funding_rate_level_20h,mom_72h,funding_rate,momentum,False,7793,-0.168119,0.15658,0.168119,0.15658,LOW_REDUNDANCY,likely_distinct
483,downside_vol_20h,tech_macd,realized_skew_kurtosis,technical,False,49831,-0.070851,-0.156329,0.070851,0.156329,LOW_REDUNDANCY,likely_distinct
484,mom_5h,wq101_alpha53,momentum,wq101,False,49971,-0.084858,-0.155739,0.084858,0.155739,LOW_REDUNDANCY,likely_distinct
485,reversal_5h,wq101_alpha53,momentum,wq101,False,49971,0.084858,0.155739,0.084858,0.155739,LOW_REDUNDANCY,likely_distinct
486,mom_20h,wq101_alpha101,momentum,wq101,False,49831,0.152018,0.154827,0.152018,0.154827,LOW_REDUNDANCY,likely_distinct
487,rsi_7h,taker_buy_zscore_20h,technical_indicators,taker_imbalance,False,46523,0.152411,0.154339,0.152411,0.154339,LOW_REDUNDANCY,likely_distinct
488,mom_72h,rev_3h,momentum,reversal,False,49781,-0.202423,-0.154106,0.202423,0.154106,LOW_REDUNDANCY,likely_distinct
489,rev_3h,rev_72h,reversal,reversal,True,49781,0.202423,0.154106,0.202423,0.154106,LOW_REDUNDANCY,likely_distinct
490,breakout_dist_20h,wq101_alpha12,breakout,wq101,False,49848,-0.04243,-0.154097,0.04243,0.154097,LOW_REDUNDANCY,likely_distinct
491,rsi_14h,wq101_alpha12,technical,wq101,False,49898,-0.049766,-0.153379,0.049766,0.153379,LOW_REDUNDANCY,likely_distinct
492,williams_r_14h,wq101_alpha53,technical_indicators,wq101,False,49965,0.073938,0.152454,0.073938,0.152454,LOW_REDUNDANCY,likely_distinct
493,taker_buy_ratio_20h,tech_macd,taker_imbalance,technical,False,46474,0.031219,0.152029,0.031219,0.152029,LOW_REDUNDANCY,likely_distinct
494,ksft_5h,rsi_7h,alpha158_ohlcv,technical_indicators,False,49986,0.171578,0.151628,0.171578,0.151628,LOW_REDUNDANCY,likely_distinct
495,price_pos_72h,qvol_ma_ratio_20_80,price_position,quote_volume_liquidity,False,49944,0.179647,0.149809,0.179647,0.149809,LOW_REDUNDANCY,likely_distinct
496,klow_close,wq101_alpha53,alpha158_ohlcv,wq101,False,49936,-0.089968,-0.148387,0.089968,0.148387,LOW_REDUNDANCY,likely_distinct
497,ksft_5h,price_volume_corr_20h,alpha158_ohlcv,volume_price,False,49722,0.160157,0.148327,0.160157,0.148327,LOW_REDUNDANCY,likely_distinct
498,downside_vol_20h,ma_gap_20_80,realized_skew_kurtosis,trend_ma,False,49880,-0.06329,-0.148275,0.06329,0.148275,LOW_REDUNDANCY,likely_distinct
499,ma_gap_20_80,vwap_dev_20h,trend_ma,alpha158_ohlcv,False,49870,0.134802,0.146615,0.134802,0.146615,LOW_REDUNDANCY,likely_distinct
500,rev_10h,wq101_alpha12,reversal,wq101,False,49935,0.055175,0.145858,0.055175,0.145858,LOW_REDUNDANCY,likely_distinct
501,mom_10h,wq101_alpha12,momentum,wq101,False,49935,-0.055175,-0.145858,0.055175,0.145858,LOW_REDUNDANCY,likely_distinct
502,mom_72h,qvol_ma_ratio_20_80,momentum,quote_volume_liquidity,False,49951,0.262227,0.145714,0.262227,0.145714,LOW_REDUNDANCY,likely_distinct
503,qvol_ma_ratio_20_80,rev_72h,quote_volume_liquidity,reversal,False,49951,-0.262227,-0.145714,0.262227,0.145714,LOW_REDUNDANCY,likely_distinct
504,candle_wick_lower,vol_5h,intraday_candle,volatility,False,49965,-0.101128,-0.145358,0.101128,0.145358,LOW_REDUNDANCY,likely_distinct
505,ksft_5h,vol_ret_corr_20h,alpha158_ohlcv,alpha158_ohlcv,True,49866,0.1551,0.145155,0.1551,0.145155,LOW_REDUNDANCY,likely_distinct
506,rsi_7h,wq101_alpha53,technical_indicators,wq101,False,49985,-0.074444,-0.14475,0.074444,0.14475,LOW_REDUNDANCY,likely_distinct
507,taker_buy_ratio_20h,xs_rank_vol,taker_imbalance,cross_sectional_normalized,False,46633,0.129398,0.141158,0.129398,0.141158,LOW_REDUNDANCY,likely_distinct
508,ema_12_26_gap,qvol_ma_ratio_20_80,technical_indicators,quote_volume_liquidity,False,49711,0.295996,0.140861,0.295996,0.140861,LOW_REDUNDANCY,likely_distinct
509,candle_wick_lower,vol_ratio_5_20,intraday_candle,volatility,False,49831,-0.132845,-0.139388,0.132845,0.139388,LOW_REDUNDANCY,likely_distinct
510,candle_wick_lower,range_1h,intraday_candle,range_position,False,50000,-0.109062,-0.139032,0.109062,0.139032,LOW_REDUNDANCY,likely_distinct
511,candle_wick_lower,q158_high_low_range,intraday_candle,alpha158,False,50000,-0.109062,-0.139032,0.109062,0.139032,LOW_REDUNDANCY,likely_distinct
512,ema_12_26_gap,funding_rate_level_20h,technical_indicators,funding_rate,False,7598,-0.087014,0.138943,0.087014,0.138943,LOW_REDUNDANCY,likely_distinct
513,candle_wick_upper,vol_ratio_5_20,intraday_candle,volatility,False,49831,-0.133146,-0.13894,0.133146,0.13894,LOW_REDUNDANCY,likely_distinct
514,bb_zscore_20h,ksft_5h,technical,alpha158_ohlcv,False,49876,0.152445,0.138487,0.152445,0.138487,LOW_REDUNDANCY,likely_distinct
515,downside_vol_20h,rev_3h,realized_skew_kurtosis,reversal,False,49852,0.148995,0.136079,0.148995,0.136079,LOW_REDUNDANCY,likely_distinct
516,reversal_5h,taker_buy_zscore_20h,momentum,taker_imbalance,False,46509,-0.111647,-0.136041,0.111647,0.136041,LOW_REDUNDANCY,likely_distinct
517,mom_5h,taker_buy_zscore_20h,momentum,taker_imbalance,False,46509,0.111647,0.136041,0.111647,0.136041,LOW_REDUNDANCY,likely_distinct
518,funding_rate_zscore_80h,range_4h,funding_rate,range_position,False,7042,-0.183972,-0.135904,0.183972,0.135904,LOW_REDUNDANCY,likely_distinct
519,vol_ret_corr_20h,wq101_alpha12,alpha158_ohlcv,wq101,False,49838,-0.04117,-0.135722,0.04117,0.135722,LOW_REDUNDANCY,likely_distinct
520,ksft_5h,rsi_14h,alpha158_ohlcv,technical,False,49926,0.152257,0.135506,0.152257,0.135506,LOW_REDUNDANCY,likely_distinct
521,breakout_dist_20h,ma_gap_20_80,breakout,trend_ma,False,49870,0.122955,0.135312,0.122955,0.135312,LOW_REDUNDANCY,likely_distinct
522,rev_3h,taker_buy_ratio_20h,reversal,taker_imbalance,False,46495,-0.108015,-0.1347,0.108015,0.1347,LOW_REDUNDANCY,likely_distinct
523,bb_zscore_20h,funding_rate_zscore_80h,technical,funding_rate,False,7180,0.094167,0.134281,0.094167,0.134281,LOW_REDUNDANCY,likely_distinct
524,funding_rate_zscore_80h,rsi_7h,funding_rate,technical_indicators,False,7070,0.11698,0.133736,0.11698,0.133736,LOW_REDUNDANCY,likely_distinct
525,funding_rate_zscore_80h,volatility_20h,funding_rate,volatility,False,7190,-0.147778,-0.1336,0.147778,0.1336,LOW_REDUNDANCY,likely_distinct
526,ksft_5h,vwap_dev_20h,alpha158_ohlcv,alpha158_ohlcv,True,49876,0.141142,0.132887,0.141142,0.132887,LOW_REDUNDANCY,likely_distinct
527,funding_rate_level_20h,wvma_20h,funding_rate,alpha158_ohlcv,False,7765,-0.214798,-0.132579,0.214798,0.132579,LOW_REDUNDANCY,likely_distinct
528,ksft_5h,mom_10h,alpha158_ohlcv,momentum,False,49963,0.12633,0.131653,0.12633,0.131653,LOW_REDUNDANCY,likely_distinct
529,ksft_5h,rev_10h,alpha158_ohlcv,reversal,False,49963,-0.12633,-0.131653,0.12633,0.131653,LOW_REDUNDANCY,likely_distinct
530,ma_gap_20_80,mom_10h,trend_ma,momentum,False,49783,0.159916,0.131297,0.159916,0.131297,LOW_REDUNDANCY,likely_distinct
531,ma_gap_20_80,rev_10h,trend_ma,reversal,False,49783,-0.159916,-0.131297,0.159916,0.131297,LOW_REDUNDANCY,likely_distinct
532,rev_1h,tech_macd,reversal,technical,False,49993,-0.04609,-0.130089,0.04609,0.130089,LOW_REDUNDANCY,likely_distinct
533,intraday_ret,tech_macd,alpha158_ohlcv,technical,False,50000,0.04624,0.129775,0.04624,0.129775,LOW_REDUNDANCY,likely_distinct
534,mom_5h,taker_buy_delta_5h,momentum,taker_imbalance,False,46761,0.086938,0.12928,0.086938,0.12928,LOW_REDUNDANCY,likely_distinct
535,reversal_5h,taker_buy_delta_5h,momentum,taker_imbalance,False,46761,-0.086938,-0.12928,0.086938,0.12928,LOW_REDUNDANCY,likely_distinct
536,funding_rate_zscore_80h,vol_5h,funding_rate,volatility,False,7056,-0.174268,-0.128586,0.174268,0.128586,LOW_REDUNDANCY,likely_distinct
537,tech_macd,wq101_alpha101,technical,wq101,False,50000,0.051816,0.128343,0.051816,0.128343,LOW_REDUNDANCY,likely_distinct
538,price_volume_corr_20h,wq101_alpha12,volume_price,wq101,False,49694,-0.037989,-0.127098,0.037989,0.127098,LOW_REDUNDANCY,likely_distinct
539,tech_macd,wq101_alpha12,technical,wq101,False,49993,-0.114617,-0.125613,0.114617,0.125613,LOW_REDUNDANCY,likely_distinct
540,ma_gap_10_40,mom_accel_20h,trend_ma,momentum,False,49888,-0.171771,-0.125532,0.171771,0.125532,LOW_REDUNDANCY,likely_distinct
541,bb_zscore_20h,taker_buy_zscore_20h,technical,taker_imbalance,False,46633,0.134976,0.12548,0.134976,0.12548,LOW_REDUNDANCY,likely_distinct
542,realized_kurt_20h,vol_ratio_5_20,realized_shape,volatility,False,50000,-0.049577,-0.12489,0.049577,0.12489,LOW_REDUNDANCY,likely_distinct
543,funding_rate_zscore_80h,q158_high_low_range,funding_rate,alpha158,False,7021,-0.152987,-0.122814,0.152987,0.122814,LOW_REDUNDANCY,likely_distinct
544,funding_rate_zscore_80h,range_1h,funding_rate,range_position,False,7021,-0.152987,-0.122814,0.152987,0.122814,LOW_REDUNDANCY,likely_distinct
545,funding_rate_zscore_80h,mom_10h,funding_rate,momentum,False,7093,0.03395,0.122501,0.03395,0.122501,LOW_REDUNDANCY,likely_distinct
546,funding_rate_zscore_80h,rev_10h,funding_rate,reversal,False,7093,-0.03395,-0.122501,0.03395,0.122501,LOW_REDUNDANCY,likely_distinct
547,candle_body,tech_macd,intraday_candle,technical,False,50000,0.024636,0.121923,0.024636,0.121923,LOW_REDUNDANCY,likely_distinct
548,funding_rate_zscore_80h,williams_r_14h,funding_rate,technical_indicators,False,7120,-0.09275,-0.121008,0.09275,0.121008,LOW_REDUNDANCY,likely_distinct
549,ksft_5h,williams_r_14h,alpha158_ohlcv,technical_indicators,False,49936,-0.126977,-0.120439,0.126977,0.120439,LOW_REDUNDANCY,likely_distinct
550,breakout_dist_20h,ksft_5h,breakout,alpha158_ohlcv,False,49876,0.12596,0.119441,0.12596,0.119441,LOW_REDUNDANCY,likely_distinct
551,funding_rate_change_24h,rev_24h,funding_rate,reversal,False,7830,0.190522,-0.118082,0.190522,0.118082,LOW_REDUNDANCY,likely_distinct
552,candle_wick_upper,intraday_ret,intraday_candle,alpha158_ohlcv,False,50000,0.07003,0.118007,0.07003,0.118007,LOW_REDUNDANCY,likely_distinct
553,price_pos_72h,xs_rank_ret_1h,price_position,cross_sectional_normalized,False,49774,0.123241,0.117094,0.123241,0.117094,LOW_REDUNDANCY,likely_distinct
554,funding_rate_change_24h,rsi_28h,funding_rate,technical_indicators,False,7858,-0.057291,0.117029,0.057291,0.117029,LOW_REDUNDANCY,likely_distinct
555,breakout_dist_20h,taker_buy_zscore_20h,breakout,taker_imbalance,False,46633,0.112601,0.116889,0.112601,0.116889,LOW_REDUNDANCY,likely_distinct
556,taker_buy_ratio_20h,volatility_20h,taker_imbalance,volatility,False,46633,0.100031,0.115628,0.100031,0.115628,LOW_REDUNDANCY,likely_distinct
557,funding_rate_level_20h,vwap_dev_20h,funding_rate,alpha158_ohlcv,False,7757,0.165528,0.115126,0.165528,0.115126,LOW_REDUNDANCY,likely_distinct
558,bb_zscore_20h,wq101_alpha53,technical,wq101,False,49905,-0.06728,-0.11504,0.06728,0.11504,LOW_REDUNDANCY,likely_distinct
559,breakout_dist_20h,wq101_alpha53,breakout,wq101,False,49905,-0.055775,-0.11387,0.055775,0.11387,LOW_REDUNDANCY,likely_distinct
560,candle_wick_upper,rev_1h,intraday_candle,reversal,False,49993,-0.06681,-0.113844,0.06681,0.113844,LOW_REDUNDANCY,likely_distinct
561,candle_body,candle_wick_upper,intraday_candle,intraday_candle,True,50000,0.087443,0.113796,0.087443,0.113796,LOW_REDUNDANCY,likely_distinct
562,ksft_5h,ma_gap_5_20,alpha158_ohlcv,trend_ma,False,49876,0.106493,0.111969,0.106493,0.111969,LOW_REDUNDANCY,likely_distinct
563,funding_rate_level_20h,volatility_20h,funding_rate,volatility,False,7765,-0.271017,-0.111661,0.271017,0.111661,LOW_REDUNDANCY,likely_distinct
564,funding_rate_level_20h,qvol_ma_ratio_5_20,funding_rate,quote_volume_liquidity,False,7757,0.065766,0.110782,0.065766,0.110782,LOW_REDUNDANCY,likely_distinct
565,ksft_5h,mom_20h,alpha158_ohlcv,momentum,False,49866,0.098429,0.110685,0.098429,0.110685,LOW_REDUNDANCY,likely_distinct
566,funding_rate_level_20h,rsi_14h,funding_rate,technical,False,7707,0.007129,0.110472,0.007129,0.110472,LOW_REDUNDANCY,likely_distinct
567,realized_skew_20h,rev_3h,realized_shape,reversal,False,49852,-0.207645,-0.109406,0.207645,0.109406,LOW_REDUNDANCY,likely_distinct
568,downside_vol_20h,funding_rate_level_20h,realized_skew_kurtosis,funding_rate,False,7765,-0.272118,-0.108959,0.272118,0.108959,LOW_REDUNDANCY,likely_distinct
569,klow_close,qvol_ma_ratio_20_80,alpha158_ohlcv,quote_volume_liquidity,False,49711,0.184312,0.108668,0.184312,0.108668,LOW_REDUNDANCY,likely_distinct
570,ma_gap_5_20,qvol_ma_ratio_5_20,trend_ma,quote_volume_liquidity,False,50000,0.205061,0.107855,0.205061,0.107855,LOW_REDUNDANCY,likely_distinct
571,funding_rate_level_20h,funding_rate_zscore_80h,funding_rate,funding_rate,True,43969,0.076907,0.107606,0.076907,0.107606,LOW_REDUNDANCY,likely_distinct
572,funding_rate_change_24h,trend_efficiency_24h,funding_rate,trend_quality,False,7830,-0.063614,-0.107565,0.063614,0.107565,LOW_REDUNDANCY,likely_distinct
573,rev_72h,taker_buy_ratio_20h,reversal,taker_imbalance,False,46633,-0.12089,-0.107557,0.12089,0.107557,LOW_REDUNDANCY,likely_distinct
574,mom_72h,taker_buy_ratio_20h,momentum,taker_imbalance,False,46633,0.12089,0.107557,0.12089,0.107557,LOW_REDUNDANCY,likely_distinct
575,mom_20h,wq101_alpha12,momentum,wq101,False,49838,-0.044839,-0.10739,0.044839,0.10739,LOW_REDUNDANCY,likely_distinct
576,candle_wick_upper,taker_buy_zscore_20h,intraday_candle,taker_imbalance,False,46474,0.097374,0.107371,0.097374,0.107371,LOW_REDUNDANCY,likely_distinct
577,ma_gap_5_20,qvol_zscore_20h,trend_ma,quote_volume_liquidity,False,50000,0.118834,0.107121,0.118834,0.107121,LOW_REDUNDANCY,likely_distinct
578,mom_20h,qvol_ma_ratio_5_20,momentum,quote_volume_liquidity,False,49990,0.193717,0.105543,0.193717,0.105543,LOW_REDUNDANCY,likely_distinct
579,candle_wick_upper,wq101_alpha101,intraday_candle,wq101,False,50000,0.074266,0.105382,0.074266,0.105382,LOW_REDUNDANCY,likely_distinct
580,mom_20h,xs_rank_ret_1h,momentum,cross_sectional_normalized,False,49838,0.110141,0.105354,0.110141,0.105354,LOW_REDUNDANCY,likely_distinct
581,klow_close,tech_atr,alpha158_ohlcv,technical,False,49891,0.120761,0.105342,0.120761,0.105342,LOW_REDUNDANCY,likely_distinct
582,ksft_5h,tech_macd,alpha158_ohlcv,technical,False,49965,0.025438,0.105197,0.025438,0.105197,LOW_REDUNDANCY,likely_distinct
583,candle_wick_upper,q158_high_low_range,intraday_candle,alpha158,False,50000,-0.087321,-0.104521,0.087321,0.104521,LOW_REDUNDANCY,likely_distinct
584,candle_wick_upper,range_1h,intraday_candle,range_position,False,50000,-0.087321,-0.104521,0.087321,0.104521,LOW_REDUNDANCY,likely_distinct
585,ema_12_26_gap,qvol_ma_ratio_5_20,technical_indicators,quote_volume_liquidity,False,49841,0.163169,0.103126,0.163169,0.103126,LOW_REDUNDANCY,likely_distinct
586,intraday_ret,klow_close,alpha158_ohlcv,alpha158_ohlcv,True,50000,-0.114541,-0.10181,0.114541,0.10181,LOW_REDUNDANCY,likely_distinct
587,funding_rate_change_24h,ma_gap_10_40,funding_rate,trend_ma,False,7935,-0.156567,0.10108,0.156567,0.10108,LOW_REDUNDANCY,likely_distinct
588,price_pos_72h,wq101_alpha12,price_position,wq101,False,49774,-0.032178,-0.098916,0.032178,0.098916,LOW_REDUNDANCY,likely_distinct
589,funding_rate_change_24h,range_24h,funding_rate,range_position,False,7823,-0.165002,-0.098217,0.165002,0.098217,LOW_REDUNDANCY,likely_distinct
590,klow_close,rev_1h,alpha158_ohlcv,reversal,False,49993,0.112787,0.098135,0.112787,0.098135,LOW_REDUNDANCY,likely_distinct
591,mom_20h,qvol_zscore_20h,momentum,quote_volume_liquidity,False,49990,0.117828,0.097936,0.117828,0.097936,LOW_REDUNDANCY,likely_distinct
592,funding_rate_change_24h,price_pos_24h,funding_rate,price_position,False,7823,-0.043636,0.097127,0.043636,0.097127,LOW_REDUNDANCY,likely_distinct
593,amihud_illiquidity_20h,taker_buy_ratio_20h,liquidity,taker_imbalance,False,46769,0.021536,-0.096809,0.021536,0.096809,LOW_REDUNDANCY,likely_distinct
594,tech_atr,vol_ratio_20_80,technical,volatility,False,49813,0.02611,0.095616,0.02611,0.095616,LOW_REDUNDANCY,likely_distinct
595,amihud_illiquidity_20h,volatility_20h,liquidity,volatility,False,49864,-0.050816,-0.095355,0.050816,0.095355,LOW_REDUNDANCY,likely_distinct
596,breakout_dist_20h,funding_rate_level_20h,breakout,funding_rate,False,7757,0.09171,0.095152,0.09171,0.095152,LOW_REDUNDANCY,likely_distinct
597,candle_wick_upper,rev_3h,intraday_candle,reversal,False,49979,-0.071866,-0.095139,0.071866,0.095139,LOW_REDUNDANCY,likely_distinct
598,qvol_ma_ratio_20_80,rsi_14h,quote_volume_liquidity,technical,False,49820,0.165394,0.09488,0.165394,0.09488,LOW_REDUNDANCY,likely_distinct
599,ksft_5h,rev_3h,alpha158_ohlcv,reversal,False,49986,-0.125149,-0.094699,0.125149,0.094699,LOW_REDUNDANCY,likely_distinct
600,klow_close,taker_buy_zscore_20h,alpha158_ohlcv,taker_imbalance,False,46474,-0.077438,-0.093682,0.077438,0.093682,LOW_REDUNDANCY,likely_distinct
601,mom_20h,qvol_ma_ratio_20_80,momentum,quote_volume_liquidity,False,49880,0.283922,0.093331,0.283922,0.093331,LOW_REDUNDANCY,likely_distinct
602,rev_24h,trend_efficiency_24h,reversal,trend_quality,False,50000,-0.048689,0.093217,0.048689,0.093217,LOW_REDUNDANCY,likely_distinct
603,candle_wick_upper,reversal_5h,intraday_candle,momentum,False,49965,-0.066931,-0.091224,0.066931,0.091224,LOW_REDUNDANCY,likely_distinct
604,candle_wick_upper,mom_5h,intraday_candle,momentum,False,49965,0.066931,0.091224,0.066931,0.091224,LOW_REDUNDANCY,likely_distinct
605,downside_vol_20h,ksft_5h,realized_skew_kurtosis,alpha158_ohlcv,False,49866,-0.096128,-0.09089,0.096128,0.09089,LOW_REDUNDANCY,likely_distinct
606,candle_wick_upper,vol_zscore_20h,intraday_candle,volume_liquidity,False,49841,-0.083737,-0.090879,0.083737,0.090879,LOW_REDUNDANCY,likely_distinct
607,candle_wick_upper,vol_5h,intraday_candle,volatility,False,49965,-0.067118,-0.090546,0.067118,0.090546,LOW_REDUNDANCY,likely_distinct
608,bb_zscore_20h,candle_wick_upper,technical,intraday_candle,False,49841,0.081685,0.090398,0.081685,0.090398,LOW_REDUNDANCY,likely_distinct
609,funding_rate_zscore_80h,tech_macd,funding_rate,technical,False,7021,-0.010257,0.09019,0.010257,0.09019,LOW_REDUNDANCY,likely_distinct
610,candle_wick_upper,rsi_7h,intraday_candle,technical_indicators,False,49951,0.08049,0.090078,0.08049,0.090078,LOW_REDUNDANCY,likely_distinct
611,qvol_ma_ratio_20_80,xs_rank_vol,quote_volume_liquidity,cross_sectional_normalized,False,49870,0.090464,0.089926,0.090464,0.089926,LOW_REDUNDANCY,likely_distinct
612,funding_rate_zscore_80h,vol_ret_corr_20h,funding_rate,alpha158_ohlcv,False,7190,0.070599,0.089315,0.070599,0.089315,LOW_REDUNDANCY,likely_distinct
613,intraday_ret,rev_72h,alpha158_ohlcv,reversal,False,49760,-0.118857,-0.089217,0.118857,0.089217,LOW_REDUNDANCY,likely_distinct
614,intraday_ret,mom_72h,alpha158_ohlcv,momentum,False,49760,0.118857,0.089217,0.118857,0.089217,LOW_REDUNDANCY,likely_distinct
615,taker_buy_zscore_20h,vwap_dev_20h,taker_imbalance,alpha158_ohlcv,False,46633,0.086724,0.088971,0.086724,0.088971,LOW_REDUNDANCY,likely_distinct
616,rev_1h,rev_72h,reversal,reversal,True,49767,0.118846,0.088839,0.118846,0.088839,LOW_REDUNDANCY,likely_distinct
617,mom_72h,rev_1h,momentum,reversal,False,49767,-0.118846,-0.088839,0.118846,0.088839,LOW_REDUNDANCY,likely_distinct
618,ema_12_26_gap,qvol_zscore_20h,technical_indicators,quote_volume_liquidity,False,49841,0.092132,0.08877,0.092132,0.08877,LOW_REDUNDANCY,likely_distinct
619,qvol_ma_ratio_5_20,vwap_dev_20h,quote_volume_liquidity,alpha158_ohlcv,False,50000,0.138591,0.088684,0.138591,0.088684,LOW_REDUNDANCY,likely_distinct
620,rsi_28h,trend_efficiency_24h,technical_indicators,trend_quality,False,49972,-0.035567,-0.088361,0.035567,0.088361,LOW_REDUNDANCY,likely_distinct
621,realized_skew_20h,taker_buy_ratio_20h,realized_shape,taker_imbalance,False,46633,0.08289,0.08814,0.08289,0.08814,LOW_REDUNDANCY,likely_distinct
622,funding_rate_level_20h,vol_ret_corr_20h,funding_rate,alpha158_ohlcv,False,7765,-0.088718,-0.087555,0.088718,0.087555,LOW_REDUNDANCY,likely_distinct
623,qvol_zscore_20h,vwap_dev_20h,quote_volume_liquidity,alpha158_ohlcv,False,50000,0.114337,0.087183,0.114337,0.087183,LOW_REDUNDANCY,likely_distinct
624,range_24h,rev_24h,range_position,reversal,False,49993,-0.015966,0.0871,0.015966,0.0871,LOW_REDUNDANCY,likely_distinct
625,funding_rate_level_20h,mom_20h,funding_rate,momentum,False,7765,-0.034391,0.086802,0.034391,0.086802,LOW_REDUNDANCY,likely_distinct
626,intraday_ret,wq101_alpha12,alpha158_ohlcv,wq101,False,49993,-0.134643,-0.086795,0.134643,0.086795,LOW_REDUNDANCY,likely_distinct
627,rev_1h,wq101_alpha12,reversal,wq101,False,50000,0.13474,0.086751,0.13474,0.086751,LOW_REDUNDANCY,likely_distinct
628,funding_rate_level_20h,ma_gap_5_20,funding_rate,trend_ma,False,7757,0.032957,0.086736,0.032957,0.086736,LOW_REDUNDANCY,likely_distinct
629,price_pos_24h,range_24h,price_position,range_position,False,50000,-0.068393,-0.08635,0.068393,0.08635,LOW_REDUNDANCY,likely_distinct
630,candle_wick_upper,qvol_zscore_20h,intraday_candle,quote_volume_liquidity,False,49841,-0.076867,-0.086343,0.076867,0.086343,LOW_REDUNDANCY,likely_distinct
631,funding_rate_zscore_80h,price_volume_corr_20h,funding_rate,volume_price,False,7318,0.063575,0.086249,0.063575,0.086249,LOW_REDUNDANCY,likely_distinct
632,ksft_5h,price_pos_72h,alpha158_ohlcv,price_position,False,49802,0.091877,0.086195,0.091877,0.086195,LOW_REDUNDANCY,likely_distinct
633,range_4h,realized_kurt_20h,range_position,realized_shape,False,49852,0.171792,0.085782,0.171792,0.085782,LOW_REDUNDANCY,likely_distinct
634,klow_close,wq101_alpha101,alpha158_ohlcv,wq101,False,50000,-0.058451,-0.085748,0.058451,0.085748,LOW_REDUNDANCY,likely_distinct
635,qvol_zscore_20h,tech_macd,quote_volume_liquidity,technical,False,49841,0.035603,0.085728,0.035603,0.085728,LOW_REDUNDANCY,likely_distinct
636,candle_body,klow_close,intraday_candle,alpha158_ohlcv,False,50000,-0.058932,-0.085669,0.058932,0.085669,LOW_REDUNDANCY,likely_distinct
637,candle_wick_lower,rsi_7h,intraday_candle,technical_indicators,False,49951,-0.081262,-0.08557,0.081262,0.08557,LOW_REDUNDANCY,likely_distinct
638,candle_wick_lower,intraday_ret,intraday_candle,alpha158_ohlcv,False,50000,-0.071595,-0.085278,0.071595,0.085278,LOW_REDUNDANCY,likely_distinct
639,funding_rate_level_20h,price_volume_corr_20h,funding_rate,volume_price,False,7891,-0.113501,-0.085245,0.113501,0.085245,LOW_REDUNDANCY,likely_distinct
640,ma_gap_5_20,wq101_alpha12,trend_ma,wq101,False,49848,-0.033509,-0.085217,0.033509,0.085217,LOW_REDUNDANCY,likely_distinct
641,qvol_ma_ratio_5_20,rsi_14h,quote_volume_liquidity,technical,False,49950,0.135938,0.084114,0.135938,0.084114,LOW_REDUNDANCY,likely_distinct
642,ma_gap_20_80,taker_buy_ratio_20h,trend_ma,taker_imbalance,False,46633,0.086585,0.083737,0.086585,0.083737,LOW_REDUNDANCY,likely_distinct
643,candle_body,rev_72h,intraday_candle,reversal,False,49760,-0.077544,-0.083537,0.077544,0.083537,LOW_REDUNDANCY,likely_distinct
644,candle_body,mom_72h,intraday_candle,momentum,False,49760,0.077544,0.083537,0.077544,0.083537,LOW_REDUNDANCY,likely_distinct
645,klow_close,rev_3h,alpha158_ohlcv,reversal,False,49979,0.055264,0.083534,0.055264,0.083534,LOW_REDUNDANCY,likely_distinct
646,ma_gap_5_20,wq101_alpha53,trend_ma,wq101,False,49905,0.057442,0.083487,0.057442,0.083487,LOW_REDUNDANCY,likely_distinct
647,candle_wick_upper,wq101_alpha12,intraday_candle,wq101,False,49993,-0.015256,-0.083447,0.015256,0.083447,LOW_REDUNDANCY,likely_distinct
648,taker_buy_delta_5h,williams_r_14h,taker_imbalance,technical_indicators,False,46761,-0.078458,-0.083241,0.078458,0.083241,LOW_REDUNDANCY,likely_distinct
649,breakout_dist_48h,qvol_zscore_48h,breakout,quote_volume_liquidity,False,50000,0.092847,0.083175,0.092847,0.083175,LOW_REDUNDANCY,likely_distinct
650,tech_macd,xs_rank_ret_1h,technical,cross_sectional_normalized,False,49993,0.026781,0.082635,0.026781,0.082635,LOW_REDUNDANCY,likely_distinct
651,qvol_zscore_20h,rsi_14h,quote_volume_liquidity,technical,False,49950,0.101269,0.082412,0.101269,0.082412,LOW_REDUNDANCY,likely_distinct
652,rsi_7h,taker_buy_delta_5h,technical_indicators,taker_imbalance,False,46761,0.077571,0.082361,0.077571,0.082361,LOW_REDUNDANCY,likely_distinct
653,q158_high_low_range,taker_buy_ratio_20h,alpha158,taker_imbalance,False,46474,0.057962,0.082011,0.057962,0.082011,LOW_REDUNDANCY,likely_distinct
654,range_1h,taker_buy_ratio_20h,range_position,taker_imbalance,False,46474,0.057962,0.082011,0.057962,0.082011,LOW_REDUNDANCY,likely_distinct
655,klow_close,reversal_5h,alpha158_ohlcv,momentum,False,49965,0.0243,0.081843,0.0243,0.081843,LOW_REDUNDANCY,likely_distinct
656,klow_close,mom_5h,alpha158_ohlcv,momentum,False,49965,-0.0243,-0.081843,0.0243,0.081843,LOW_REDUNDANCY,likely_distinct
657,klow_close,vol_ratio_20_80,alpha158_ohlcv,volatility,False,49704,0.117154,0.081393,0.117154,0.081393,LOW_REDUNDANCY,likely_distinct
658,amihud_illiquidity_20h,downside_vol_20h,liquidity,realized_skew_kurtosis,False,49864,-0.043609,-0.081331,0.043609,0.081331,LOW_REDUNDANCY,likely_distinct
659,candle_wick_lower,rev_1h,intraday_candle,reversal,False,49993,0.068442,0.081216,0.068442,0.081216,LOW_REDUNDANCY,likely_distinct
660,ksft_5h,wq101_alpha12,alpha158_ohlcv,wq101,False,49972,-0.031134,-0.080965,0.031134,0.080965,LOW_REDUNDANCY,likely_distinct
661,ema_12_26_gap,ksft_5h,technical_indicators,alpha158_ohlcv,False,49965,0.068687,0.080814,0.068687,0.080814,LOW_REDUNDANCY,likely_distinct
662,amihud_illiquidity_20h,range_4h,liquidity,range_position,False,49716,-0.050308,-0.08076,0.050308,0.08076,LOW_REDUNDANCY,likely_distinct
663,candle_wick_lower,wq101_alpha101,intraday_candle,wq101,False,50000,-0.051786,-0.080396,0.051786,0.080396,LOW_REDUNDANCY,likely_distinct
664,qvol_ma_ratio_5_20,tech_macd,quote_volume_liquidity,technical,False,49841,0.068819,0.080387,0.068819,0.080387,LOW_REDUNDANCY,likely_distinct
665,ma_gap_5_20,taker_buy_delta_5h,trend_ma,taker_imbalance,False,46761,-0.066182,-0.080342,0.066182,0.080342,LOW_REDUNDANCY,likely_distinct
666,price_pos_72h,qvol_ma_ratio_5_20,price_position,quote_volume_liquidity,False,49926,0.108231,0.080237,0.108231,0.080237,LOW_REDUNDANCY,likely_distinct
667,candle_wick_lower,mom_5h,intraday_candle,momentum,False,49965,-0.066598,-0.080204,0.066598,0.080204,LOW_REDUNDANCY,likely_distinct
668,candle_wick_lower,reversal_5h,intraday_candle,momentum,False,49965,0.066598,0.080204,0.066598,0.080204,LOW_REDUNDANCY,likely_distinct
669,downside_vol_20h,qvol_ma_ratio_5_20,realized_skew_kurtosis,quote_volume_liquidity,False,49990,-0.024159,-0.079899,0.024159,0.079899,LOW_REDUNDANCY,likely_distinct
670,mom_72h,wq101_alpha101,momentum,wq101,False,49760,0.078509,0.079577,0.078509,0.079577,LOW_REDUNDANCY,likely_distinct
671,rev_72h,wq101_alpha101,reversal,wq101,False,49760,-0.078509,-0.079577,0.078509,0.079577,LOW_REDUNDANCY,likely_distinct
672,taker_buy_ratio_20h,vol_5h,taker_imbalance,volatility,False,46509,0.065947,0.079265,0.065947,0.079265,LOW_REDUNDANCY,likely_distinct
673,mom_10h,qvol_zscore_20h,momentum,quote_volume_liquidity,False,49913,0.118605,0.079234,0.118605,0.079234,LOW_REDUNDANCY,likely_distinct
674,qvol_zscore_20h,rev_10h,quote_volume_liquidity,reversal,False,49913,-0.118605,-0.079234,0.118605,0.079234,LOW_REDUNDANCY,likely_distinct
675,mom_10h,qvol_ma_ratio_5_20,momentum,quote_volume_liquidity,False,49913,0.193336,0.079053,0.193336,0.079053,LOW_REDUNDANCY,likely_distinct
676,qvol_ma_ratio_5_20,rev_10h,quote_volume_liquidity,reversal,False,49913,-0.193336,-0.079053,0.193336,0.079053,LOW_REDUNDANCY,likely_distinct
677,breakout_dist_20h,qvol_ma_ratio_5_20,breakout,quote_volume_liquidity,False,50000,0.099895,0.078468,0.099895,0.078468,LOW_REDUNDANCY,likely_distinct
678,breakout_dist_20h,qvol_zscore_20h,breakout,quote_volume_liquidity,False,50000,0.087183,0.078374,0.087183,0.078374,LOW_REDUNDANCY,likely_distinct
679,rsi_14h,taker_buy_zscore_20h,technical,taker_imbalance,False,46583,0.077512,0.077894,0.077512,0.077894,LOW_REDUNDANCY,likely_distinct
680,candle_wick_upper,taker_buy_delta_5h,intraday_candle,taker_imbalance,False,46726,0.060652,0.077285,0.060652,0.077285,LOW_REDUNDANCY,likely_distinct
681,price_pos_24h,trend_efficiency_24h,price_position,trend_quality,False,49993,-0.036625,-0.077255,0.036625,0.077255,LOW_REDUNDANCY,likely_distinct
682,candle_wick_upper,vwap_dev_20h,intraday_candle,alpha158_ohlcv,False,49841,0.06133,0.077053,0.06133,0.077053,LOW_REDUNDANCY,likely_distinct
683,bb_zscore_20h,candle_wick_lower,technical,intraday_candle,False,49841,-0.075608,-0.076912,0.075608,0.076912,LOW_REDUNDANCY,likely_distinct
684,rev_1h,taker_buy_ratio_20h,reversal,taker_imbalance,False,46481,-0.068704,-0.076599,0.068704,0.076599,LOW_REDUNDANCY,likely_distinct
685,candle_body,taker_buy_ratio_20h,intraday_candle,taker_imbalance,False,46474,0.074505,0.076198,0.074505,0.076198,LOW_REDUNDANCY,likely_distinct
686,klow_close,taker_buy_delta_5h,alpha158_ohlcv,taker_imbalance,False,46726,-0.053302,-0.076143,0.053302,0.076143,LOW_REDUNDANCY,likely_distinct
687,intraday_ret,taker_buy_ratio_20h,alpha158_ohlcv,taker_imbalance,False,46474,0.067706,0.076045,0.067706,0.076045,LOW_REDUNDANCY,likely_distinct
688,candle_body,candle_wick_lower,intraday_candle,intraday_candle,True,50000,-0.064324,-0.075596,0.064324,0.075596,LOW_REDUNDANCY,likely_distinct
689,candle_wick_lower,taker_buy_zscore_20h,intraday_candle,taker_imbalance,False,46474,-0.067371,-0.075495,0.067371,0.075495,LOW_REDUNDANCY,likely_distinct
690,funding_rate_level_20h,vol_ratio_5_20,funding_rate,volatility,False,7765,0.066719,0.075406,0.066719,0.075406,LOW_REDUNDANCY,likely_distinct
691,ma_gap_10_40,range_24h,trend_ma,range_position,False,49874,0.015801,-0.075324,0.015801,0.075324,LOW_REDUNDANCY,likely_distinct
692,price_volume_corr_20h,qvol_ma_ratio_20_80,volume_price,quote_volume_liquidity,False,49856,0.134544,0.074873,0.134544,0.074873,LOW_REDUNDANCY,likely_distinct
693,ma_gap_10_40,trend_efficiency_24h,trend_ma,trend_quality,False,49881,0.026237,-0.074368,0.026237,0.074368,LOW_REDUNDANCY,likely_distinct
694,vwap_dev_20h,wq101_alpha53,alpha158_ohlcv,wq101,False,49905,-0.047869,-0.074306,0.047869,0.074306,LOW_REDUNDANCY,likely_distinct
695,klow_close,vwap_dev_20h,alpha158_ohlcv,alpha158_ohlcv,True,49841,-0.047985,-0.07311,0.047985,0.07311,LOW_REDUNDANCY,likely_distinct
696,ma_gap_5_20,qvol_ma_ratio_20_80,trend_ma,quote_volume_liquidity,False,49870,0.211467,0.073024,0.211467,0.073024,LOW_REDUNDANCY,likely_distinct
697,candle_wick_lower,rev_3h,intraday_candle,reversal,False,49979,0.061632,0.072915,0.061632,0.072915,LOW_REDUNDANCY,likely_distinct
698,funding_rate_zscore_80h,qvol_ma_ratio_5_20,funding_rate,quote_volume_liquidity,False,7180,-0.170672,-0.072621,0.170672,0.072621,LOW_REDUNDANCY,likely_distinct
699,candle_wick_upper,rsi_14h,intraday_candle,technical,False,49891,0.06511,0.072576,0.06511,0.072576,LOW_REDUNDANCY,likely_distinct
700,ma_gap_5_20,vol_zscore_20h,trend_ma,volume_liquidity,False,50000,0.088417,0.072264,0.088417,0.072264,LOW_REDUNDANCY,likely_distinct
701,volatility_20h,xs_rank_vol,volatility,cross_sectional_normalized,False,49990,0.08665,0.071768,0.08665,0.071768,LOW_REDUNDANCY,likely_distinct
702,rsi_14h,wq101_alpha53,technical,wq101,False,49955,-0.039387,-0.071755,0.039387,0.071755,LOW_REDUNDANCY,likely_distinct
703,candle_wick_lower,range_4h,intraday_candle,range_position,False,49979,-0.044238,-0.07161,0.044238,0.07161,LOW_REDUNDANCY,likely_distinct
704,range_4h,taker_buy_ratio_20h,range_position,taker_imbalance,False,46495,0.048814,0.071551,0.048814,0.071551,LOW_REDUNDANCY,likely_distinct
705,candle_wick_lower,vwap_dev_20h,intraday_candle,alpha158_ohlcv,False,49841,-0.061965,-0.070655,0.061965,0.070655,LOW_REDUNDANCY,likely_distinct
706,funding_rate_level_20h,range_4h,funding_rate,range_position,False,7619,-0.188057,-0.070475,0.188057,0.070475,LOW_REDUNDANCY,likely_distinct
707,qvol_zscore_20h,rsi_7h,quote_volume_liquidity,technical_indicators,False,49890,0.093051,0.069936,0.093051,0.069936,LOW_REDUNDANCY,likely_distinct
708,funding_rate_zscore_80h,klow_close,funding_rate,alpha158_ohlcv,False,7021,-0.120875,-0.069651,0.120875,0.069651,LOW_REDUNDANCY,likely_distinct
709,klow_close,rsi_7h,alpha158_ohlcv,technical_indicators,False,49951,-0.064922,-0.068777,0.064922,0.068777,LOW_REDUNDANCY,likely_distinct
710,bb_zscore_20h,qvol_zscore_20h,technical,quote_volume_liquidity,False,50000,0.085969,0.06867,0.085969,0.06867,LOW_REDUNDANCY,likely_distinct
711,amihud_illiquidity_20h,qvol_ma_ratio_20_80,liquidity,quote_volume_liquidity,False,49864,-0.056147,-0.06837,0.056147,0.06837,LOW_REDUNDANCY,likely_distinct
712,funding_rate_level_20h,williams_r_14h,funding_rate,technical_indicators,False,7697,-0.094049,-0.068363,0.094049,0.068363,LOW_REDUNDANCY,likely_distinct
713,funding_rate_level_20h,qvol_zscore_20h,funding_rate,quote_volume_liquidity,False,7757,0.065659,0.06772,0.065659,0.06772,LOW_REDUNDANCY,likely_distinct
714,funding_rate_level_20h,realized_kurt_20h,funding_rate,realized_shape,False,7765,-0.091906,-0.067694,0.091906,0.067694,LOW_REDUNDANCY,likely_distinct
715,price_pos_72h,qvol_zscore_20h,price_position,quote_volume_liquidity,False,49926,0.076573,0.067658,0.076573,0.067658,LOW_REDUNDANCY,likely_distinct
716,bb_zscore_20h,qvol_ma_ratio_20_80,technical,quote_volume_liquidity,False,49870,0.088178,0.067306,0.088178,0.067306,LOW_REDUNDANCY,likely_distinct
717,taker_buy_ratio_20h,wq101_alpha101,taker_imbalance,wq101,False,46474,0.061715,0.067292,0.061715,0.067292,LOW_REDUNDANCY,likely_distinct
718,downside_vol_20h,rev_1h,realized_skew_kurtosis,reversal,False,49838,0.093443,0.067263,0.093443,0.067263,LOW_REDUNDANCY,likely_distinct
719,downside_vol_20h,intraday_ret,realized_skew_kurtosis,alpha158_ohlcv,False,49831,-0.093317,-0.067146,0.093317,0.067146,LOW_REDUNDANCY,likely_distinct
720,candle_wick_upper,rev_10h,intraday_candle,reversal,False,49928,-0.049931,-0.06712,0.049931,0.06712,LOW_REDUNDANCY,likely_distinct
721,candle_wick_upper,mom_10h,intraday_candle,momentum,False,49928,0.049931,0.06712,0.049931,0.06712,LOW_REDUNDANCY,likely_distinct
722,funding_rate_level_20h,rsi_7h,funding_rate,technical_indicators,False,7647,0.049544,0.066964,0.049544,0.066964,LOW_REDUNDANCY,likely_distinct
723,rsi_28h,vol_of_vol_20h,technical_indicators,realized_skew_kurtosis,False,49972,0.083254,0.066812,0.083254,0.066812,LOW_REDUNDANCY,likely_distinct
724,funding_rate_zscore_80h,rev_72h,funding_rate,reversal,False,7261,-0.026644,-0.066738,0.026644,0.066738,LOW_REDUNDANCY,likely_distinct
725,funding_rate_zscore_80h,mom_72h,funding_rate,momentum,False,7261,0.026644,0.066738,0.026644,0.066738,LOW_REDUNDANCY,likely_distinct
726,qvol_ma_ratio_20_80,vol_ret_corr_20h,quote_volume_liquidity,alpha158_ohlcv,False,49880,0.122862,0.066273,0.122862,0.066273,LOW_REDUNDANCY,likely_distinct
727,price_volume_corr_20h,qvol_ma_ratio_5_20,volume_price,quote_volume_liquidity,False,49846,0.095622,0.066132,0.095622,0.066132,LOW_REDUNDANCY,likely_distinct
728,funding_rate_zscore_80h,mom_5h,funding_rate,momentum,False,7056,-0.007292,0.06609,0.007292,0.06609,LOW_REDUNDANCY,likely_distinct
729,funding_rate_zscore_80h,reversal_5h,funding_rate,momentum,False,7056,0.007292,-0.06609,0.007292,0.06609,LOW_REDUNDANCY,likely_distinct
730,qvol_ma_ratio_5_20,rsi_7h,quote_volume_liquidity,technical_indicators,False,49890,0.113624,0.066019,0.113624,0.066019,LOW_REDUNDANCY,likely_distinct
731,mom_20h,vol_zscore_20h,momentum,volume_liquidity,False,49990,0.088649,0.065814,0.088649,0.065814,LOW_REDUNDANCY,likely_distinct
732,ema_12_26_gap,wq101_alpha12,technical_indicators,wq101,False,49993,-0.020703,-0.065374,0.020703,0.065374,LOW_REDUNDANCY,likely_distinct
733,funding_rate_level_20h,vol_zscore_20h,funding_rate,volume_liquidity,False,7757,0.064605,0.065325,0.064605,0.065325,LOW_REDUNDANCY,likely_distinct
734,candle_wick_lower,rsi_14h,intraday_candle,technical,False,49891,-0.065092,-0.064767,0.065092,0.064767,LOW_REDUNDANCY,likely_distinct
735,taker_buy_ratio_20h,wvma_20h,taker_imbalance,alpha158_ohlcv,False,46633,0.038559,0.064721,0.038559,0.064721,LOW_REDUNDANCY,likely_distinct
736,realized_kurt_20h,vol_5h,realized_shape,volatility,False,49866,0.184227,0.064658,0.184227,0.064658,LOW_REDUNDANCY,likely_distinct
737,breakout_dist_20h,qvol_ma_ratio_20_80,breakout,quote_volume_liquidity,False,49870,0.079438,0.064509,0.079438,0.064509,LOW_REDUNDANCY,likely_distinct
738,intraday_ret,ma_gap_5_20,alpha158_ohlcv,trend_ma,False,49841,0.093565,0.064497,0.093565,0.064497,LOW_REDUNDANCY,likely_distinct
739,candle_wick_lower,qvol_zscore_20h,intraday_candle,quote_volume_liquidity,False,49841,-0.072705,-0.064442,0.072705,0.064442,LOW_REDUNDANCY,likely_distinct
740,ma_gap_5_20,rev_1h,trend_ma,reversal,False,49848,-0.093782,-0.064386,0.093782,0.064386,LOW_REDUNDANCY,likely_distinct
741,bb_zscore_20h,klow_close,technical,alpha158_ohlcv,False,49841,-0.06964,-0.063863,0.06964,0.063863,LOW_REDUNDANCY,likely_distinct
742,amihud_illiquidity_20h,funding_rate_level_20h,liquidity,funding_rate,False,7884,0.190646,0.06381,0.190646,0.06381,LOW_REDUNDANCY,likely_distinct
743,candle_wick_lower,rev_10h,intraday_candle,reversal,False,49928,0.055363,0.063669,0.055363,0.063669,LOW_REDUNDANCY,likely_distinct
744,candle_wick_lower,mom_10h,intraday_candle,momentum,False,49928,-0.055363,-0.063669,0.055363,0.063669,LOW_REDUNDANCY,likely_distinct
745,rev_1h,vol_ret_corr_20h,reversal,alpha158_ohlcv,False,49838,-0.118795,-0.063638,0.118795,0.063638,LOW_REDUNDANCY,likely_distinct
746,vol_ratio_5_20,wvma_20h,volatility,alpha158_ohlcv,False,50000,0.007042,-0.063577,0.007042,0.063577,LOW_REDUNDANCY,likely_distinct
747,downside_vol_20h,xs_rank_vol,realized_skew_kurtosis,cross_sectional_normalized,False,49990,0.067458,0.063491,0.067458,0.063491,LOW_REDUNDANCY,likely_distinct
748,intraday_ret,vol_ret_corr_20h,alpha158_ohlcv,alpha158_ohlcv,True,49831,0.11855,0.063327,0.11855,0.063327,LOW_REDUNDANCY,likely_distinct
749,breakout_dist_20h,taker_buy_delta_5h,breakout,taker_imbalance,False,46761,0.058418,0.06318,0.058418,0.06318,LOW_REDUNDANCY,likely_distinct
750,price_volume_corr_20h,tech_atr,volume_price,technical,False,49796,0.053567,0.0629,0.053567,0.0629,LOW_REDUNDANCY,likely_distinct
751,realized_skew_20h,wq101_alpha12,realized_shape,wq101,False,49838,-0.040358,-0.06279,0.040358,0.06279,LOW_REDUNDANCY,likely_distinct
752,tech_atr,vol_ret_corr_20h,technical,alpha158_ohlcv,False,49940,0.045551,0.062534,0.045551,0.062534,LOW_REDUNDANCY,likely_distinct
753,funding_rate_zscore_80h,ma_gap_20_80,funding_rate,trend_ma,False,7310,0.030027,0.062429,0.030027,0.062429,LOW_REDUNDANCY,likely_distinct
754,bb_zscore_20h,taker_buy_delta_5h,technical,taker_imbalance,False,46761,0.068323,0.062338,0.068323,0.062338,LOW_REDUNDANCY,likely_distinct
755,qvol_ma_ratio_5_20,vol_ret_corr_20h,quote_volume_liquidity,alpha158_ohlcv,False,49990,0.096054,0.062256,0.096054,0.062256,LOW_REDUNDANCY,likely_distinct
756,candle_wick_lower,taker_buy_delta_5h,intraday_candle,taker_imbalance,False,46726,-0.05162,-0.062161,0.05162,0.062161,LOW_REDUNDANCY,likely_distinct
757,ema_12_26_gap,wq101_alpha53,technical_indicators,wq101,False,49936,0.050507,0.062108,0.050507,0.062108,LOW_REDUNDANCY,likely_distinct
758,tech_macd,vol_zscore_20h,technical,volume_liquidity,False,49841,0.028503,0.061364,0.028503,0.061364,LOW_REDUNDANCY,likely_distinct
759,amihud_illiquidity_20h,q158_high_low_range,liquidity,alpha158,False,49695,-0.032566,-0.061296,0.032566,0.061296,LOW_REDUNDANCY,likely_distinct
760,amihud_illiquidity_20h,range_1h,liquidity,range_position,False,49695,-0.032566,-0.061296,0.032566,0.061296,LOW_REDUNDANCY,likely_distinct
761,bb_zscore_20h,qvol_ma_ratio_5_20,technical,quote_volume_liquidity,False,50000,0.104206,0.0611,0.104206,0.0611,LOW_REDUNDANCY,likely_distinct
762,qvol_ma_ratio_20_80,tech_atr,quote_volume_liquidity,technical,False,49820,0.050918,0.061054,0.050918,0.061054,LOW_REDUNDANCY,likely_distinct
763,mom_40h,trend_efficiency_24h,momentum,trend_quality,False,49871,0.0204,-0.061022,0.0204,0.061022,LOW_REDUNDANCY,likely_distinct
764,amihud_illiquidity_20h,wvma_20h,liquidity,alpha158_ohlcv,False,49864,-0.026524,-0.060818,0.026524,0.060818,LOW_REDUNDANCY,likely_distinct
765,qvol_zscore_20h,williams_r_14h,quote_volume_liquidity,technical_indicators,False,49940,-0.070971,-0.060581,0.070971,0.060581,LOW_REDUNDANCY,likely_distinct
766,candle_wick_lower,vol_zscore_20h,intraday_candle,volume_liquidity,False,49841,-0.06673,-0.060534,0.06673,0.060534,LOW_REDUNDANCY,likely_distinct
767,q158_high_low_range,xs_rank_vol,alpha158,cross_sectional_normalized,False,49841,0.054137,0.060456,0.054137,0.060456,LOW_REDUNDANCY,likely_distinct
768,range_1h,xs_rank_vol,range_position,cross_sectional_normalized,False,49841,0.054137,0.060456,0.054137,0.060456,LOW_REDUNDANCY,likely_distinct
769,ma_gap_5_20,taker_buy_zscore_20h,trend_ma,taker_imbalance,False,46633,-0.054593,-0.060403,0.054593,0.060403,LOW_REDUNDANCY,likely_distinct
770,ema_12_26_gap,vol_zscore_20h,technical_indicators,volume_liquidity,False,49841,0.06634,0.060111,0.06634,0.060111,LOW_REDUNDANCY,likely_distinct
771,amihud_illiquidity_20h,vol_5h,liquidity,volatility,False,49730,-0.04086,-0.060061,0.04086,0.060061,LOW_REDUNDANCY,likely_distinct
772,rev_10h,taker_buy_zscore_20h,reversal,taker_imbalance,False,46546,-0.050579,-0.06003,0.050579,0.06003,LOW_REDUNDANCY,likely_distinct
773,mom_10h,taker_buy_zscore_20h,momentum,taker_imbalance,False,46546,0.050579,0.06003,0.050579,0.06003,LOW_REDUNDANCY,likely_distinct
774,funding_rate_level_20h,rev_10h,funding_rate,reversal,False,7670,-0.056851,-0.059797,0.056851,0.059797,LOW_REDUNDANCY,likely_distinct
775,funding_rate_level_20h,mom_10h,funding_rate,momentum,False,7670,0.056851,0.059797,0.056851,0.059797,LOW_REDUNDANCY,likely_distinct
776,qvol_zscore_20h,vol_ret_corr_20h,quote_volume_liquidity,alpha158_ohlcv,False,49990,0.061976,0.059791,0.061976,0.059791,LOW_REDUNDANCY,likely_distinct
777,realized_kurt_20h,realized_skew_20h,realized_shape,realized_shape,True,50000,0.090227,0.059485,0.090227,0.059485,LOW_REDUNDANCY,likely_distinct
778,mom_40h,range_24h,momentum,range_position,False,49864,0.088522,-0.059316,0.088522,0.059316,LOW_REDUNDANCY,likely_distinct
779,downside_vol_20h,vol_ratio_5_20,realized_skew_kurtosis,volatility,False,50000,-0.039144,-0.059226,0.039144,0.059226,LOW_REDUNDANCY,likely_distinct
780,candle_body,ma_gap_5_20,intraday_candle,trend_ma,False,49841,0.050262,0.059078,0.050262,0.059078,LOW_REDUNDANCY,likely_distinct
781,candle_wick_lower,volatility_20h,intraday_candle,volatility,False,49831,-0.048248,-0.059068,0.048248,0.059068,LOW_REDUNDANCY,likely_distinct
782,downside_vol_20h,qvol_zscore_20h,realized_skew_kurtosis,quote_volume_liquidity,False,49990,-0.052943,-0.058902,0.052943,0.058902,LOW_REDUNDANCY,likely_distinct
783,price_volume_corr_20h,qvol_zscore_20h,volume_price,quote_volume_liquidity,False,49846,0.058549,0.058729,0.058549,0.058729,LOW_REDUNDANCY,likely_distinct
784,price_pos_120h,qvol_zscore_48h,price_position,quote_volume_liquidity,False,49760,0.074962,0.058301,0.074962,0.058301,LOW_REDUNDANCY,likely_distinct
785,klow_close,wq101_alpha12,alpha158_ohlcv,wq101,False,49993,0.002198,0.057829,0.002198,0.057829,LOW_REDUNDANCY,likely_distinct
786,price_volume_corr_20h,rev_1h,volume_price,reversal,False,49694,-0.102589,-0.056819,0.102589,0.056819,LOW_REDUNDANCY,likely_distinct
787,intraday_ret,price_volume_corr_20h,alpha158_ohlcv,volume_price,False,49687,0.10235,0.056528,0.10235,0.056528,LOW_REDUNDANCY,likely_distinct
788,mom_72h,qvol_ma_ratio_5_20,momentum,quote_volume_liquidity,False,49919,0.08735,0.056219,0.08735,0.056219,LOW_REDUNDANCY,likely_distinct
789,qvol_ma_ratio_5_20,rev_72h,quote_volume_liquidity,reversal,False,49919,-0.08735,-0.056219,0.08735,0.056219,LOW_REDUNDANCY,likely_distinct
790,taker_buy_ratio_20h,tech_atr,taker_imbalance,technical,False,46583,0.041263,-0.056115,0.041263,0.056115,LOW_REDUNDANCY,likely_distinct
791,price_volume_corr_20h,range_1h,volume_price,range_position,False,49687,0.079722,0.055791,0.079722,0.055791,LOW_REDUNDANCY,likely_distinct
792,price_volume_corr_20h,q158_high_low_range,volume_price,alpha158,False,49687,0.079722,0.055791,0.079722,0.055791,LOW_REDUNDANCY,likely_distinct
793,candle_body,downside_vol_20h,intraday_candle,realized_skew_kurtosis,False,49831,-0.043746,-0.055757,0.043746,0.055757,LOW_REDUNDANCY,likely_distinct
794,candle_wick_lower,tech_macd,intraday_candle,technical,False,50000,-0.009555,-0.055508,0.009555,0.055508,LOW_REDUNDANCY,likely_distinct
795,ema_12_26_gap,intraday_ret,technical_indicators,alpha158_ohlcv,False,50000,0.080382,0.05533,0.080382,0.05533,LOW_REDUNDANCY,likely_distinct
796,breakout_dist_20h,candle_wick_upper,breakout,intraday_candle,False,49841,0.044575,0.055291,0.044575,0.055291,LOW_REDUNDANCY,likely_distinct
797,candle_wick_lower,wvma_20h,intraday_candle,alpha158_ohlcv,False,49831,-0.036968,-0.055252,0.036968,0.055252,LOW_REDUNDANCY,likely_distinct
798,ema_12_26_gap,rev_1h,technical_indicators,reversal,False,49993,-0.080596,-0.055237,0.080596,0.055237,LOW_REDUNDANCY,likely_distinct
799,rsi_28h,vol_40h,technical_indicators,volatility,False,49899,0.078268,0.055233,0.078268,0.055233,LOW_REDUNDANCY,likely_distinct
800,qvol_ma_ratio_5_20,williams_r_14h,quote_volume_liquidity,technical_indicators,False,49940,-0.07563,-0.055109,0.07563,0.055109,LOW_REDUNDANCY,likely_distinct
801,ema_12_26_gap,taker_buy_zscore_20h,technical_indicators,taker_imbalance,False,46474,-0.050731,-0.054924,0.050731,0.054924,LOW_REDUNDANCY,likely_distinct
802,qvol_zscore_20h,taker_buy_zscore_20h,quote_volume_liquidity,taker_imbalance,False,46633,-0.047761,-0.054792,0.047761,0.054792,LOW_REDUNDANCY,likely_distinct
803,ksft_5h,wq101_alpha101,alpha158_ohlcv,wq101,False,49965,0.014593,-0.054667,0.014593,0.054667,LOW_REDUNDANCY,likely_distinct
804,funding_rate_level_20h,q158_high_low_range,funding_rate,alpha158,False,7598,-0.151368,-0.054587,0.151368,0.054587,LOW_REDUNDANCY,likely_distinct
805,funding_rate_level_20h,range_1h,funding_rate,range_position,False,7598,-0.151368,-0.054587,0.151368,0.054587,LOW_REDUNDANCY,likely_distinct
806,funding_rate_zscore_80h,realized_kurt_20h,funding_rate,realized_shape,False,7190,-0.063296,-0.054336,0.063296,0.054336,LOW_REDUNDANCY,likely_distinct
807,klow_close,rev_10h,alpha158_ohlcv,reversal,False,49928,-0.015554,0.054297,0.015554,0.054297,LOW_REDUNDANCY,likely_distinct
808,klow_close,mom_10h,alpha158_ohlcv,momentum,False,49928,0.015554,-0.054297,0.015554,0.054297,LOW_REDUNDANCY,likely_distinct
809,taker_buy_ratio_20h,xs_rank_ret_1h,taker_imbalance,cross_sectional_normalized,False,46481,0.051659,0.054229,0.051659,0.054229,LOW_REDUNDANCY,likely_distinct
810,taker_buy_zscore_20h,vol_zscore_20h,taker_imbalance,volume_liquidity,False,46633,-0.050583,-0.053941,0.050583,0.053941,LOW_REDUNDANCY,likely_distinct
811,mom_72h,wq101_alpha12,momentum,wq101,False,49767,-0.039848,-0.053925,0.039848,0.053925,LOW_REDUNDANCY,likely_distinct
812,rev_72h,wq101_alpha12,reversal,wq101,False,49767,0.039848,0.053925,0.039848,0.053925,LOW_REDUNDANCY,likely_distinct
813,funding_rate_change_24h,mom_40h,funding_rate,momentum,False,7942,-0.150517,0.05381,0.150517,0.05381,LOW_REDUNDANCY,likely_distinct
814,downside_vol_20h,xs_rank_ret_1h,realized_skew_kurtosis,cross_sectional_normalized,False,49838,-0.046976,-0.053714,0.046976,0.053714,LOW_REDUNDANCY,likely_distinct
815,ma_gap_10_40,vol_of_vol_20h,trend_ma,realized_skew_kurtosis,False,49881,0.16724,0.053463,0.16724,0.053463,LOW_REDUNDANCY,likely_distinct
816,taker_buy_zscore_20h,wq101_alpha12,taker_imbalance,wq101,False,46481,-0.028882,-0.053144,0.028882,0.053144,LOW_REDUNDANCY,likely_distinct
817,qvol_ma_ratio_20_80,rsi_7h,quote_volume_liquidity,technical_indicators,False,49760,0.095541,0.053103,0.095541,0.053103,LOW_REDUNDANCY,likely_distinct
818,qvol_zscore_20h,realized_kurt_20h,quote_volume_liquidity,realized_shape,False,49990,0.075003,0.05286,0.075003,0.05286,LOW_REDUNDANCY,likely_distinct
819,funding_rate_zscore_80h,vol_zscore_20h,funding_rate,volume_liquidity,False,7180,-0.078528,-0.052235,0.078528,0.052235,LOW_REDUNDANCY,likely_distinct
820,vol_zscore_20h,vwap_dev_20h,volume_liquidity,alpha158_ohlcv,False,50000,0.078131,0.051904,0.078131,0.051904,LOW_REDUNDANCY,likely_distinct
821,vol_ratio_5_20,volatility_20h,volatility,volatility,True,50000,-0.026589,-0.051548,0.026589,0.051548,LOW_REDUNDANCY,likely_distinct
822,realized_kurt_20h,vol_zscore_20h,realized_shape,volume_liquidity,False,49990,0.072706,0.051523,0.072706,0.051523,LOW_REDUNDANCY,likely_distinct
823,range_4h,xs_rank_vol,range_position,cross_sectional_normalized,False,49862,0.061534,0.051455,0.061534,0.051455,LOW_REDUNDANCY,likely_distinct
824,candle_wick_lower,xs_rank_ret_1h,intraday_candle,cross_sectional_normalized,False,49993,-0.041497,-0.051274,0.041497,0.051274,LOW_REDUNDANCY,likely_distinct
825,rev_24h,vol_of_vol_20h,reversal,realized_skew_kurtosis,False,50000,-0.169366,-0.051189,0.169366,0.051189,LOW_REDUNDANCY,likely_distinct
826,ma_gap_5_20,wq101_alpha101,trend_ma,wq101,False,49841,0.05642,0.051039,0.05642,0.051039,LOW_REDUNDANCY,likely_distinct
827,vol_5h,xs_rank_vol,volatility,cross_sectional_normalized,False,49876,0.065826,0.050999,0.065826,0.050999,LOW_REDUNDANCY,likely_distinct
828,breakout_dist_20h,vol_ratio_20_80,breakout,volatility,False,49863,0.053948,0.050945,0.053948,0.050945,LOW_REDUNDANCY,likely_distinct
829,candle_body,ema_12_26_gap,intraday_candle,technical_indicators,False,50000,0.045125,0.050907,0.045125,0.050907,LOW_REDUNDANCY,likely_distinct
830,candle_wick_upper,williams_r_14h,intraday_candle,technical_indicators,False,49901,-0.03846,-0.050816,0.03846,0.050816,LOW_REDUNDANCY,likely_distinct
831,mom_20h,vol_ratio_20_80,momentum,volatility,False,49873,0.113441,0.050777,0.113441,0.050777,LOW_REDUNDANCY,likely_distinct
832,klow_close,williams_r_14h,alpha158_ohlcv,technical_indicators,False,49901,0.030103,0.050771,0.030103,0.050771,LOW_REDUNDANCY,likely_distinct
833,range_24h,rsi_28h,range_position,technical_indicators,False,49965,-0.048155,-0.05065,0.048155,0.05065,LOW_REDUNDANCY,likely_distinct
834,funding_rate_zscore_80h,xs_rank_vol,funding_rate,cross_sectional_normalized,False,7180,-0.015219,-0.050351,0.015219,0.050351,LOW_REDUNDANCY,likely_distinct
835,candle_wick_upper,xs_rank_ret_1h,intraday_candle,cross_sectional_normalized,False,49993,0.039291,0.049965,0.039291,0.049965,LOW_REDUNDANCY,likely_distinct
836,funding_rate_level_20h,klow_close,funding_rate,alpha158_ohlcv,False,7598,-0.12056,-0.049592,0.12056,0.049592,LOW_REDUNDANCY,likely_distinct
837,downside_vol_20h,wq101_alpha101,realized_skew_kurtosis,wq101,False,49831,-0.050378,-0.049311,0.050378,0.049311,LOW_REDUNDANCY,likely_distinct
838,candle_wick_lower,vol_ratio_20_80,intraday_candle,volatility,False,49704,-0.046082,-0.049249,0.046082,0.049249,LOW_REDUNDANCY,likely_distinct
839,qvol_zscore_20h,xs_rank_ret_1h,quote_volume_liquidity,cross_sectional_normalized,False,49848,0.065929,0.049234,0.065929,0.049234,LOW_REDUNDANCY,likely_distinct
840,mom_5h,qvol_zscore_20h,momentum,quote_volume_liquidity,False,49876,0.111816,0.049214,0.111816,0.049214,LOW_REDUNDANCY,likely_distinct
841,qvol_zscore_20h,reversal_5h,quote_volume_liquidity,momentum,False,49876,-0.111816,-0.049214,0.111816,0.049214,LOW_REDUNDANCY,likely_distinct
842,ema_12_26_gap,vol_ratio_20_80,technical_indicators,volatility,False,49704,0.095347,0.049098,0.095347,0.049098,LOW_REDUNDANCY,likely_distinct
843,rsi_14h,vol_zscore_20h,technical,volume_liquidity,False,49950,0.0682,0.048915,0.0682,0.048915,LOW_REDUNDANCY,likely_distinct
844,candle_wick_upper,mom_20h,intraday_candle,momentum,False,49831,0.037671,0.04862,0.037671,0.04862,LOW_REDUNDANCY,likely_distinct
845,downside_vol_20h,vol_zscore_20h,realized_skew_kurtosis,volume_liquidity,False,49990,-0.043762,-0.048542,0.043762,0.048542,LOW_REDUNDANCY,likely_distinct
846,candle_body,vol_ret_corr_20h,intraday_candle,alpha158_ohlcv,False,49831,0.051463,0.048436,0.051463,0.048436,LOW_REDUNDANCY,likely_distinct
847,funding_rate_zscore_80h,realized_skew_20h,funding_rate,realized_shape,False,7190,0.023542,0.048432,0.023542,0.048432,LOW_REDUNDANCY,likely_distinct
848,rsi_7h,vol_5h,technical_indicators,volatility,False,49986,0.079349,0.048389,0.079349,0.048389,LOW_REDUNDANCY,likely_distinct
849,qvol_ma_ratio_20_80,williams_r_14h,quote_volume_liquidity,technical_indicators,False,49810,-0.053818,-0.048085,0.053818,0.048085,LOW_REDUNDANCY,likely_distinct
850,candle_wick_upper,tech_macd,intraday_candle,technical,False,50000,0.014876,0.047596,0.014876,0.047596,LOW_REDUNDANCY,likely_distinct
851,rsi_14h,vol_5h,technical,volatility,False,49926,0.094403,0.046955,0.094403,0.046955,LOW_REDUNDANCY,likely_distinct
852,downside_vol_20h,wq101_alpha12,realized_skew_kurtosis,wq101,False,49838,0.010984,0.046741,0.010984,0.046741,LOW_REDUNDANCY,likely_distinct
853,wvma_20h,xs_rank_vol,alpha158_ohlcv,cross_sectional_normalized,False,49990,0.047009,0.046594,0.047009,0.046594,LOW_REDUNDANCY,likely_distinct
854,ema_12_26_gap,wq101_alpha101,technical_indicators,wq101,False,50000,0.052857,0.046478,0.052857,0.046478,LOW_REDUNDANCY,likely_distinct
855,rev_72h,vol_ratio_20_80,reversal,volatility,False,49944,-0.086984,-0.046368,0.086984,0.046368,LOW_REDUNDANCY,likely_distinct
856,mom_72h,vol_ratio_20_80,momentum,volatility,False,49944,0.086984,0.046368,0.086984,0.046368,LOW_REDUNDANCY,likely_distinct
857,mom_10h,vol_zscore_20h,momentum,volume_liquidity,False,49913,0.086737,0.046355,0.086737,0.046355,LOW_REDUNDANCY,likely_distinct
858,rev_10h,vol_zscore_20h,reversal,volume_liquidity,False,49913,-0.086737,-0.046355,0.086737,0.046355,LOW_REDUNDANCY,likely_distinct
859,taker_buy_ratio_20h,wq101_alpha12,taker_imbalance,wq101,False,46481,-0.010723,-0.046336,0.010723,0.046336,LOW_REDUNDANCY,likely_distinct
860,breakout_dist_20h,vol_zscore_20h,breakout,volume_liquidity,False,50000,0.055727,0.046319,0.055727,0.046319,LOW_REDUNDANCY,likely_distinct
861,vol_zscore_20h,xs_rank_ret_1h,volume_liquidity,cross_sectional_normalized,False,49848,0.059048,0.046123,0.059048,0.046123,LOW_REDUNDANCY,likely_distinct
862,price_volume_corr_20h,range_4h,volume_price,range_position,False,49708,0.075907,0.046095,0.075907,0.046095,LOW_REDUNDANCY,likely_distinct
863,mom_72h,xs_rank_ret_1h,momentum,cross_sectional_normalized,False,49767,0.053141,0.045979,0.053141,0.045979,LOW_REDUNDANCY,likely_distinct
864,rev_72h,xs_rank_ret_1h,reversal,cross_sectional_normalized,False,49767,-0.053141,-0.045979,0.053141,0.045979,LOW_REDUNDANCY,likely_distinct
865,trend_efficiency_24h,vol_of_vol_20h,trend_quality,realized_skew_kurtosis,False,50000,0.052846,0.045968,0.052846,0.045968,LOW_REDUNDANCY,likely_distinct
866,amihud_illiquidity_20h,ma_gap_20_80,liquidity,trend_ma,False,49864,-0.04874,-0.04593,0.04874,0.04593,LOW_REDUNDANCY,likely_distinct
867,price_pos_72h,vol_ratio_20_80,price_position,volatility,False,49937,0.055844,0.045678,0.055844,0.045678,LOW_REDUNDANCY,likely_distinct
868,funding_rate_zscore_80h,qvol_zscore_20h,funding_rate,quote_volume_liquidity,False,7180,-0.073567,-0.045415,0.073567,0.045415,LOW_REDUNDANCY,likely_distinct
869,candle_wick_upper,price_pos_72h,intraday_candle,price_position,False,49767,0.036549,0.045355,0.036549,0.045355,LOW_REDUNDANCY,likely_distinct
870,vol_ratio_20_80,vol_ratio_5_20,volatility,volatility,True,49873,-0.021231,-0.04533,0.021231,0.04533,LOW_REDUNDANCY,likely_distinct
871,amihud_illiquidity_20h,rev_72h,liquidity,reversal,False,49864,0.046479,0.04527,0.046479,0.04527,LOW_REDUNDANCY,likely_distinct
872,amihud_illiquidity_20h,mom_72h,liquidity,momentum,False,49864,-0.046479,-0.04527,0.046479,0.04527,LOW_REDUNDANCY,likely_distinct
873,candle_wick_lower,wq101_alpha12,intraday_candle,wq101,False,49993,0.011657,0.045219,0.011657,0.045219,LOW_REDUNDANCY,likely_distinct
874,breakout_dist_20h,klow_close,breakout,alpha158_ohlcv,False,49841,-0.027746,-0.04515,0.027746,0.04515,LOW_REDUNDANCY,likely_distinct
875,q158_high_low_range,realized_kurt_20h,alpha158,realized_shape,False,49831,0.127941,0.045114,0.127941,0.045114,LOW_REDUNDANCY,likely_distinct
876,range_1h,realized_kurt_20h,range_position,realized_shape,False,49831,0.127941,0.045114,0.127941,0.045114,LOW_REDUNDANCY,likely_distinct
877,qvol_zscore_20h,rev_72h,quote_volume_liquidity,reversal,False,49919,-0.050217,-0.045072,0.050217,0.045072,LOW_REDUNDANCY,likely_distinct
878,mom_72h,qvol_zscore_20h,momentum,quote_volume_liquidity,False,49919,0.050217,0.045072,0.050217,0.045072,LOW_REDUNDANCY,likely_distinct
879,vol_ret_corr_20h,wq101_alpha101,alpha158_ohlcv,wq101,False,49831,0.059428,0.044735,0.059428,0.044735,LOW_REDUNDANCY,likely_distinct
880,mom_10h,qvol_ma_ratio_20_80,momentum,quote_volume_liquidity,False,49783,0.166364,0.044705,0.166364,0.044705,LOW_REDUNDANCY,likely_distinct
881,qvol_ma_ratio_20_80,rev_10h,quote_volume_liquidity,reversal,False,49783,-0.166364,-0.044705,0.166364,0.044705,LOW_REDUNDANCY,likely_distinct
882,breakout_dist_20h,candle_wick_lower,breakout,intraday_candle,False,49841,-0.039504,-0.044665,0.039504,0.044665,LOW_REDUNDANCY,likely_distinct
883,mom_accel_20h,range_24h,momentum,range_position,False,49986,-0.114095,-0.044651,0.114095,0.044651,LOW_REDUNDANCY,likely_distinct
884,qvol_ma_ratio_20_80,realized_skew_20h,quote_volume_liquidity,realized_shape,False,49880,0.081206,0.044266,0.081206,0.044266,LOW_REDUNDANCY,likely_distinct
885,candle_wick_lower,williams_r_14h,intraday_candle,technical_indicators,False,49901,0.037329,0.044005,0.037329,0.044005,LOW_REDUNDANCY,likely_distinct
886,ema_12_26_gap,taker_buy_delta_5h,technical_indicators,taker_imbalance,False,46726,-0.036123,-0.043869,0.036123,0.043869,LOW_REDUNDANCY,likely_distinct
887,qvol_zscore_20h,taker_buy_delta_5h,quote_volume_liquidity,taker_imbalance,False,46761,-0.039416,-0.043822,0.039416,0.043822,LOW_REDUNDANCY,likely_distinct
888,candle_body,price_volume_corr_20h,intraday_candle,volume_price,False,49687,0.045509,0.043702,0.045509,0.043702,LOW_REDUNDANCY,likely_distinct
889,ma_gap_20_80,williams_r_14h,trend_ma,technical_indicators,False,49810,-0.033266,-0.04346,0.033266,0.04346,LOW_REDUNDANCY,likely_distinct
890,funding_rate_zscore_80h,tech_atr,funding_rate,technical,False,7130,-0.037088,-0.043433,0.037088,0.043433,LOW_REDUNDANCY,likely_distinct
891,klow_close,realized_kurt_20h,alpha158_ohlcv,realized_shape,False,49831,0.061376,0.043308,0.061376,0.043308,LOW_REDUNDANCY,likely_distinct
892,tech_macd,vol_5h,technical,volatility,False,49965,0.093851,0.043164,0.093851,0.043164,LOW_REDUNDANCY,likely_distinct
893,price_pos_72h,vol_zscore_20h,price_position,volume_liquidity,False,49926,0.052251,0.04294,0.052251,0.04294,LOW_REDUNDANCY,likely_distinct
894,price_pos_72h,taker_buy_zscore_20h,price_position,taker_imbalance,False,46633,0.043614,0.042925,0.043614,0.042925,LOW_REDUNDANCY,likely_distinct
895,price_pos_72h,wq101_alpha53,price_position,wq101,False,49831,-0.022951,-0.042611,0.022951,0.042611,LOW_REDUNDANCY,likely_distinct
896,klow_close,xs_rank_ret_1h,alpha158_ohlcv,cross_sectional_normalized,False,49993,-0.037522,-0.042561,0.037522,0.042561,LOW_REDUNDANCY,likely_distinct
897,qvol_ma_ratio_20_80,vol_ratio_5_20,quote_volume_liquidity,volatility,False,49880,-0.026991,-0.042485,0.026991,0.042485,LOW_REDUNDANCY,likely_distinct
898,price_volume_corr_20h,volatility_20h,volume_price,volatility,False,49856,0.104302,0.042446,0.104302,0.042446,LOW_REDUNDANCY,likely_distinct
899,rsi_14h,vol_ratio_20_80,technical,volatility,False,49813,0.058377,0.042442,0.058377,0.042442,LOW_REDUNDANCY,likely_distinct
900,taker_buy_delta_5h,vol_zscore_20h,taker_imbalance,volume_liquidity,False,46761,-0.040467,-0.042393,0.040467,0.042393,LOW_REDUNDANCY,likely_distinct
901,candle_wick_lower,mom_20h,intraday_candle,momentum,False,49831,-0.036843,-0.042112,0.036843,0.042112,LOW_REDUNDANCY,likely_distinct
902,funding_rate_level_20h,realized_skew_20h,funding_rate,realized_shape,False,7765,-0.039517,-0.041877,0.039517,0.041877,LOW_REDUNDANCY,likely_distinct
903,price_volume_corr_20h,vol_5h,volume_price,volatility,False,49722,0.089368,0.041648,0.089368,0.041648,LOW_REDUNDANCY,likely_distinct
904,amihud_illiquidity_20h,funding_rate_zscore_80h,liquidity,funding_rate,False,7310,0.025104,0.041579,0.025104,0.041579,LOW_REDUNDANCY,likely_distinct
905,tech_macd,vol_ratio_5_20,technical,volatility,False,49831,0.032226,0.041486,0.032226,0.041486,LOW_REDUNDANCY,likely_distinct
906,funding_rate_level_20h,vol_ratio_20_80,funding_rate,volatility,False,7849,-0.087113,-0.041485,0.087113,0.041485,LOW_REDUNDANCY,likely_distinct
907,funding_rate_zscore_80h,vol_ratio_5_20,funding_rate,volatility,False,7190,-0.07127,-0.041426,0.07127,0.041426,LOW_REDUNDANCY,likely_distinct
908,klow_close,rsi_14h,alpha158_ohlcv,technical,False,49891,-0.045654,-0.041142,0.045654,0.041142,LOW_REDUNDANCY,likely_distinct
909,wq101_alpha12,xs_rank_ret_1h,wq101,cross_sectional_normalized,False,50000,-0.037179,-0.041003,0.037179,0.041003,LOW_REDUNDANCY,likely_distinct
910,realized_skew_20h,tech_atr,realized_shape,technical,False,49940,0.044362,0.040976,0.044362,0.040976,LOW_REDUNDANCY,likely_distinct
911,candle_body,wq101_alpha12,intraday_candle,wq101,False,49993,-0.033708,-0.040896,0.033708,0.040896,LOW_REDUNDANCY,likely_distinct
912,bb_zscore_20h,funding_rate_level_20h,technical,funding_rate,False,7757,0.045562,0.040844,0.045562,0.040844,LOW_REDUNDANCY,likely_distinct
913,candle_wick_lower,ma_gap_5_20,intraday_candle,trend_ma,False,49841,-0.037272,-0.040524,0.037272,0.040524,LOW_REDUNDANCY,likely_distinct
914,vol_ret_corr_20h,vol_zscore_20h,alpha158_ohlcv,volume_liquidity,False,49990,0.044235,0.040521,0.044235,0.040521,LOW_REDUNDANCY,likely_distinct
915,candle_wick_upper,ma_gap_5_20,intraday_candle,trend_ma,False,49841,0.030359,0.039984,0.030359,0.039984,LOW_REDUNDANCY,likely_distinct
916,ma_gap_20_80,qvol_ma_ratio_5_20,trend_ma,quote_volume_liquidity,False,49870,0.046446,0.039949,0.046446,0.039949,LOW_REDUNDANCY,likely_distinct
917,price_volume_corr_20h,vol_zscore_20h,volume_price,volume_liquidity,False,49846,0.041051,0.039348,0.041051,0.039348,LOW_REDUNDANCY,likely_distinct
918,amihud_illiquidity_20h,klow_close,liquidity,alpha158_ohlcv,False,49695,-0.011312,-0.039206,0.011312,0.039206,LOW_REDUNDANCY,likely_distinct
919,range_1h,vol_ret_corr_20h,range_position,alpha158_ohlcv,False,49831,0.062996,0.039162,0.062996,0.039162,LOW_REDUNDANCY,likely_distinct
920,q158_high_low_range,vol_ret_corr_20h,alpha158,alpha158_ohlcv,False,49831,0.062996,0.039162,0.062996,0.039162,LOW_REDUNDANCY,likely_distinct
921,realized_skew_20h,vol_ratio_20_80,realized_shape,volatility,False,49873,0.034005,0.039041,0.034005,0.039041,LOW_REDUNDANCY,likely_distinct
922,bb_zscore_20h,vol_ratio_20_80,technical,volatility,False,49863,0.04289,0.038987,0.04289,0.038987,LOW_REDUNDANCY,likely_distinct
923,qvol_zscore_20h,wvma_20h,quote_volume_liquidity,alpha158_ohlcv,False,49990,0.071481,0.038753,0.071481,0.038753,LOW_REDUNDANCY,likely_distinct
924,amihud_illiquidity_20h,price_pos_72h,liquidity,price_position,False,49864,-0.037463,-0.038694,0.037463,0.038694,LOW_REDUNDANCY,likely_distinct
925,funding_rate_change_24h,vol_40h,funding_rate,volatility,False,7942,-0.106989,0.038653,0.106989,0.038653,LOW_REDUNDANCY,likely_distinct
926,candle_wick_upper,vol_ratio_20_80,intraday_candle,volatility,False,49704,-0.034774,-0.038627,0.034774,0.038627,LOW_REDUNDANCY,likely_distinct
927,amihud_illiquidity_20h,realized_kurt_20h,liquidity,realized_shape,False,49864,-0.028699,-0.038518,0.028699,0.038518,LOW_REDUNDANCY,likely_distinct
928,vol_zscore_20h,wvma_20h,volume_liquidity,alpha158_ohlcv,False,49990,0.069309,0.038494,0.069309,0.038494,LOW_REDUNDANCY,likely_distinct
929,price_volume_corr_20h,wq101_alpha101,volume_price,wq101,False,49687,0.052392,0.038472,0.052392,0.038472,LOW_REDUNDANCY,likely_distinct
930,ksft_5h,taker_buy_ratio_20h,alpha158_ohlcv,taker_imbalance,False,46509,0.034924,0.038443,0.034924,0.038443,LOW_REDUNDANCY,likely_distinct
931,q158_high_low_range,rev_72h,alpha158,reversal,False,49760,-0.169735,-0.038216,0.169735,0.038216,LOW_REDUNDANCY,likely_distinct
932,range_1h,rev_72h,range_position,reversal,False,49760,-0.169735,-0.038216,0.169735,0.038216,LOW_REDUNDANCY,likely_distinct
933,mom_72h,range_1h,momentum,range_position,False,49760,0.169735,0.038216,0.169735,0.038216,LOW_REDUNDANCY,likely_distinct
934,mom_72h,q158_high_low_range,momentum,alpha158,False,49760,0.169735,0.038216,0.169735,0.038216,LOW_REDUNDANCY,likely_distinct
935,ma_gap_20_80,mom_5h,trend_ma,momentum,False,49746,0.047374,0.03774,0.047374,0.03774,LOW_REDUNDANCY,likely_distinct
936,ma_gap_20_80,reversal_5h,trend_ma,momentum,False,49746,-0.047374,-0.03774,0.047374,0.03774,LOW_REDUNDANCY,likely_distinct
937,vwap_dev_20h,wvma_20h,alpha158_ohlcv,alpha158_ohlcv,True,49990,0.014911,-0.03739,0.014911,0.03739,LOW_REDUNDANCY,likely_distinct
938,rsi_7h,vol_zscore_20h,technical_indicators,volume_liquidity,False,49890,0.059452,0.037372,0.059452,0.037372,LOW_REDUNDANCY,likely_distinct
939,bb_zscore_20h,volatility_20h,technical,volatility,False,49990,0.050642,0.037102,0.050642,0.037102,LOW_REDUNDANCY,likely_distinct
940,taker_buy_delta_5h,vwap_dev_20h,taker_imbalance,alpha158_ohlcv,False,46761,0.031026,0.036802,0.031026,0.036802,LOW_REDUNDANCY,likely_distinct
941,rsi_14h,taker_buy_delta_5h,technical,taker_imbalance,False,46761,0.03485,0.036676,0.03485,0.036676,LOW_REDUNDANCY,likely_distinct
942,vol_ratio_20_80,williams_r_14h,volatility,technical_indicators,False,49803,-0.03924,-0.036628,0.03924,0.036628,LOW_REDUNDANCY,likely_distinct
943,bb_zscore_20h,vol_5h,technical,volatility,False,49876,0.067169,0.036597,0.067169,0.036597,LOW_REDUNDANCY,likely_distinct
944,taker_buy_delta_5h,wq101_alpha12,taker_imbalance,wq101,False,46733,-0.015095,-0.036479,0.015095,0.036479,LOW_REDUNDANCY,likely_distinct
945,bb_zscore_20h,vol_zscore_20h,technical,volume_liquidity,False,50000,0.053089,0.036248,0.053089,0.036248,LOW_REDUNDANCY,likely_distinct
946,qvol_ma_ratio_20_80,taker_buy_ratio_20h,quote_volume_liquidity,taker_imbalance,False,46633,0.049085,0.036196,0.049085,0.036196,LOW_REDUNDANCY,likely_distinct
947,breakout_dist_48h,vol_zscore_48h,breakout,volume_liquidity,False,50000,0.048417,0.036167,0.048417,0.036167,LOW_REDUNDANCY,likely_distinct
948,price_pos_72h,vol_5h,price_position,volatility,False,49802,0.056787,0.035832,0.056787,0.035832,LOW_REDUNDANCY,likely_distinct
949,realized_kurt_20h,tech_atr,realized_shape,technical,False,49940,0.045147,0.035824,0.045147,0.035824,LOW_REDUNDANCY,likely_distinct
950,ma_gap_20_80,vol_ratio_20_80,trend_ma,volatility,False,49993,0.085605,0.035613,0.085605,0.035613,LOW_REDUNDANCY,likely_distinct
951,mom_40h,vol_of_vol_20h,momentum,realized_skew_kurtosis,False,49871,0.216879,0.035557,0.216879,0.035557,LOW_REDUNDANCY,likely_distinct
952,qvol_zscore_20h,vol_ratio_20_80,quote_volume_liquidity,volatility,False,49863,0.027696,0.035552,0.027696,0.035552,LOW_REDUNDANCY,likely_distinct
953,candle_wick_lower,price_pos_72h,intraday_candle,price_position,False,49767,-0.036016,-0.035475,0.036016,0.035475,LOW_REDUNDANCY,likely_distinct
954,funding_rate_level_20h,vol_5h,funding_rate,volatility,False,7633,-0.162413,-0.035449,0.162413,0.035449,LOW_REDUNDANCY,likely_distinct
955,price_pos_72h,realized_kurt_20h,price_position,realized_shape,False,49936,0.055685,0.03539,0.055685,0.03539,LOW_REDUNDANCY,likely_distinct
956,klow_close,tech_macd,alpha158_ohlcv,technical,False,50000,0.040226,-0.035326,0.040226,0.035326,LOW_REDUNDANCY,likely_distinct
957,rsi_14h,volatility_20h,technical,volatility,False,49940,0.077669,0.035175,0.077669,0.035175,LOW_REDUNDANCY,likely_distinct
958,range_1h,rsi_14h,range_position,technical,False,49891,0.082105,0.034792,0.082105,0.034792,LOW_REDUNDANCY,likely_distinct
959,q158_high_low_range,rsi_14h,alpha158,technical,False,49891,0.082105,0.034792,0.082105,0.034792,LOW_REDUNDANCY,likely_distinct
960,price_pos_24h,vol_of_vol_20h,price_position,realized_skew_kurtosis,False,49993,0.011496,0.034683,0.011496,0.034683,LOW_REDUNDANCY,likely_distinct
961,amihud_illiquidity_20h,tech_atr,liquidity,technical,False,49804,-0.044559,0.034557,0.044559,0.034557,LOW_REDUNDANCY,likely_distinct
962,klow_close,xs_rank_vol,alpha158_ohlcv,cross_sectional_normalized,False,49841,0.032691,0.034392,0.032691,0.034392,LOW_REDUNDANCY,likely_distinct
963,wq101_alpha101,wq101_alpha12,wq101,wq101,True,49993,-0.074634,-0.034289,0.074634,0.034289,LOW_REDUNDANCY,likely_distinct
964,candle_body,ksft_5h,intraday_candle,alpha158_ohlcv,False,49965,-0.026946,-0.03415,0.026946,0.03415,LOW_REDUNDANCY,likely_distinct
965,candle_wick_upper,vol_ret_corr_20h,intraday_candle,alpha158_ohlcv,False,49831,0.029779,0.034113,0.029779,0.034113,LOW_REDUNDANCY,likely_distinct
966,realized_skew_20h,volatility_20h,realized_shape,volatility,False,50000,0.075461,0.034105,0.075461,0.034105,LOW_REDUNDANCY,likely_distinct
967,vol_ratio_20_80,vol_zscore_20h,volatility,volume_liquidity,False,49863,0.02552,0.033908,0.02552,0.033908,LOW_REDUNDANCY,likely_distinct
968,price_volume_corr_20h,realized_kurt_20h,volume_price,realized_shape,False,49856,0.072659,0.033727,0.072659,0.033727,LOW_REDUNDANCY,likely_distinct
969,tech_atr,vwap_dev_20h,technical,alpha158_ohlcv,False,49950,-0.010952,-0.033656,0.010952,0.033656,LOW_REDUNDANCY,likely_distinct
970,mom_40h,vol_40h,momentum,volatility,False,50000,0.262482,0.033647,0.262482,0.033647,LOW_REDUNDANCY,likely_distinct
971,vol_ratio_5_20,vwap_dev_20h,volatility,alpha158_ohlcv,False,49990,0.050173,0.033609,0.050173,0.033609,LOW_REDUNDANCY,likely_distinct
972,funding_rate_level_20h,wq101_alpha101,funding_rate,wq101,False,7598,0.039097,0.033597,0.039097,0.033597,LOW_REDUNDANCY,likely_distinct
973,ema_12_26_gap,xs_rank_vol,technical_indicators,cross_sectional_normalized,False,49841,0.065733,0.033448,0.065733,0.033448,LOW_REDUNDANCY,likely_distinct
974,realized_kurt_20h,vol_ret_corr_20h,realized_shape,alpha158_ohlcv,False,50000,0.076926,0.033188,0.076926,0.033188,LOW_REDUNDANCY,likely_distinct
975,candle_wick_upper,taker_buy_ratio_20h,intraday_candle,taker_imbalance,False,46474,0.031401,0.033178,0.031401,0.033178,LOW_REDUNDANCY,likely_distinct
976,breakout_dist_20h,realized_kurt_20h,breakout,realized_shape,False,49990,0.051599,0.033099,0.051599,0.033099,LOW_REDUNDANCY,likely_distinct
977,mom_120h,vol_zscore_48h,momentum,volume_liquidity,False,49753,-0.013609,-0.032658,0.013609,0.032658,LOW_REDUNDANCY,likely_distinct
978,ksft_5h,rev_72h,alpha158_ohlcv,reversal,False,49795,-0.034063,-0.032615,0.034063,0.032615,LOW_REDUNDANCY,likely_distinct
979,ksft_5h,mom_72h,alpha158_ohlcv,momentum,False,49795,0.034063,0.032615,0.034063,0.032615,LOW_REDUNDANCY,likely_distinct
980,ma_gap_5_20,xs_rank_ret_1h,trend_ma,cross_sectional_normalized,False,49848,0.034827,0.032539,0.034827,0.032539,LOW_REDUNDANCY,likely_distinct
981,ma_gap_20_80,taker_buy_zscore_20h,trend_ma,taker_imbalance,False,46633,-0.031336,-0.032493,0.031336,0.032493,LOW_REDUNDANCY,likely_distinct
982,taker_buy_delta_5h,tech_macd,taker_imbalance,technical,False,46726,-0.005811,-0.032343,0.005811,0.032343,LOW_REDUNDANCY,likely_distinct
983,ma_gap_5_20,vol_ratio_20_80,trend_ma,volatility,False,49863,0.079812,0.032099,0.079812,0.032099,LOW_REDUNDANCY,likely_distinct
984,rev_10h,vol_ratio_5_20,reversal,volatility,False,49903,-0.057431,-0.03202,0.057431,0.03202,LOW_REDUNDANCY,likely_distinct
985,mom_10h,vol_ratio_5_20,momentum,volatility,False,49903,0.057431,0.03202,0.057431,0.03202,LOW_REDUNDANCY,likely_distinct
986,candle_wick_lower,downside_vol_20h,intraday_candle,realized_skew_kurtosis,False,49831,-0.02554,-0.031971,0.02554,0.031971,LOW_REDUNDANCY,likely_distinct
987,q158_high_low_range,xs_rank_ret_1h,alpha158,cross_sectional_normalized,False,49993,0.033734,0.031558,0.033734,0.031558,LOW_REDUNDANCY,likely_distinct
988,range_1h,xs_rank_ret_1h,range_position,cross_sectional_normalized,False,49993,0.033734,0.031558,0.033734,0.031558,LOW_REDUNDANCY,likely_distinct
989,rsi_7h,vol_ratio_5_20,technical_indicators,volatility,False,49880,0.04121,0.03152,0.04121,0.03152,LOW_REDUNDANCY,likely_distinct
990,candle_wick_upper,price_volume_corr_20h,intraday_candle,volume_price,False,49687,0.027998,0.031368,0.027998,0.031368,LOW_REDUNDANCY,likely_distinct
991,amihud_illiquidity_20h,candle_wick_upper,liquidity,intraday_candle,False,49695,-0.025093,-0.031244,0.025093,0.031244,LOW_REDUNDANCY,likely_distinct
992,qvol_ma_ratio_5_20,volatility_20h,quote_volume_liquidity,volatility,False,49990,0.066107,-0.03113,0.066107,0.03113,LOW_REDUNDANCY,likely_distinct
993,q158_high_low_range,taker_buy_zscore_20h,alpha158,taker_imbalance,False,46474,-0.033639,-0.030842,0.033639,0.030842,LOW_REDUNDANCY,likely_distinct
994,range_1h,taker_buy_zscore_20h,range_position,taker_imbalance,False,46474,-0.033639,-0.030842,0.033639,0.030842,LOW_REDUNDANCY,likely_distinct
995,mom_72h,range_4h,momentum,range_position,False,49781,0.165538,0.03069,0.165538,0.03069,LOW_REDUNDANCY,likely_distinct
996,range_4h,rev_72h,range_position,reversal,False,49781,-0.165538,-0.03069,0.165538,0.03069,LOW_REDUNDANCY,likely_distinct
997,range_4h,reversal_5h,range_position,momentum,False,49986,-0.098787,0.030611,0.098787,0.030611,LOW_REDUNDANCY,likely_distinct
998,mom_5h,range_4h,momentum,range_position,False,49986,0.098787,-0.030611,0.098787,0.030611,LOW_REDUNDANCY,likely_distinct
999,vol_zscore_20h,williams_r_14h,volume_liquidity,technical_indicators,False,49940,-0.041116,-0.030584,0.041116,0.030584,LOW_REDUNDANCY,likely_distinct
1000,bb_zscore_20h,realized_kurt_20h,technical,realized_shape,False,49990,0.058035,0.030573,0.058035,0.030573,LOW_REDUNDANCY,likely_distinct
1001,rev_10h,wq101_alpha53,reversal,wq101,False,49992,-0.036425,-0.03052,0.036425,0.03052,LOW_REDUNDANCY,likely_distinct
1002,mom_10h,wq101_alpha53,momentum,wq101,False,49992,0.036425,0.03052,0.036425,0.03052,LOW_REDUNDANCY,likely_distinct
1003,wq101_alpha12,wq101_alpha53,wq101,wq101,True,49943,0.072877,0.030517,0.072877,0.030517,LOW_REDUNDANCY,likely_distinct
1004,amihud_illiquidity_20h,ema_12_26_gap,liquidity,technical_indicators,False,49695,-0.027933,-0.030335,0.027933,0.030335,LOW_REDUNDANCY,likely_distinct
1005,rev_72h,vol_zscore_20h,reversal,volume_liquidity,False,49919,-0.034419,-0.030282,0.034419,0.030282,LOW_REDUNDANCY,likely_distinct
1006,mom_72h,vol_zscore_20h,momentum,volume_liquidity,False,49919,0.034419,0.030282,0.034419,0.030282,LOW_REDUNDANCY,likely_distinct
1007,candle_wick_upper,ema_12_26_gap,intraday_candle,technical_indicators,False,50000,0.025525,0.030105,0.025525,0.030105,LOW_REDUNDANCY,likely_distinct
1008,qvol_ma_ratio_5_20,realized_skew_20h,quote_volume_liquidity,realized_shape,False,49990,0.073239,0.029594,0.073239,0.029594,LOW_REDUNDANCY,likely_distinct
1009,amihud_illiquidity_20h,price_volume_corr_20h,liquidity,volume_price,False,49992,-0.031555,-0.029557,0.031555,0.029557,LOW_REDUNDANCY,likely_distinct
1010,rsi_7h,volatility_20h,technical_indicators,volatility,False,49880,0.055195,0.029469,0.055195,0.029469,LOW_REDUNDANCY,likely_distinct
1011,breakout_dist_20h,vol_5h,breakout,volatility,False,49876,0.045483,0.029197,0.045483,0.029197,LOW_REDUNDANCY,likely_distinct
1012,vol_ratio_5_20,williams_r_14h,volatility,technical_indicators,False,49930,-0.03144,-0.02854,0.03144,0.02854,LOW_REDUNDANCY,likely_distinct
1013,vwap_dev_20h,xs_rank_vol,alpha158_ohlcv,cross_sectional_normalized,False,50000,0.039222,0.02846,0.039222,0.02846,LOW_REDUNDANCY,likely_distinct
1014,candle_wick_lower,price_volume_corr_20h,intraday_candle,volume_price,False,49687,-0.030067,-0.028422,0.030067,0.028422,LOW_REDUNDANCY,likely_distinct
1015,mom_20h,range_1h,momentum,range_position,False,49831,0.203531,0.028227,0.203531,0.028227,LOW_REDUNDANCY,likely_distinct
1016,mom_20h,q158_high_low_range,momentum,alpha158,False,49831,0.203531,0.028227,0.203531,0.028227,LOW_REDUNDANCY,likely_distinct
1017,q158_high_low_range,tech_macd,alpha158,technical,False,50000,0.09606,0.028166,0.09606,0.028166,LOW_REDUNDANCY,likely_distinct
1018,range_1h,tech_macd,range_position,technical,False,50000,0.09606,0.028166,0.09606,0.028166,LOW_REDUNDANCY,likely_distinct
1019,qvol_ma_ratio_20_80,vwap_dev_20h,quote_volume_liquidity,alpha158_ohlcv,False,49870,0.079087,0.0279,0.079087,0.0279,LOW_REDUNDANCY,likely_distinct
1020,ma_gap_5_20,vol_ratio_5_20,trend_ma,volatility,False,49990,0.056265,0.02788,0.056265,0.02788,LOW_REDUNDANCY,likely_distinct
1021,price_pos_72h,xs_rank_vol,price_position,cross_sectional_normalized,False,49926,0.059196,0.027818,0.059196,0.027818,LOW_REDUNDANCY,likely_distinct
1022,qvol_zscore_20h,realized_skew_20h,quote_volume_liquidity,realized_shape,False,49990,0.04269,0.027808,0.04269,0.027808,LOW_REDUNDANCY,likely_distinct
1023,candle_wick_upper,range_4h,intraday_candle,range_position,False,49979,-0.023081,-0.027808,0.023081,0.027808,LOW_REDUNDANCY,likely_distinct
1024,mom_accel_20h,rev_24h,momentum,reversal,False,49993,-0.000144,-0.027741,0.000144,0.027741,LOW_REDUNDANCY,likely_distinct
1025,candle_wick_lower,vol_ret_corr_20h,intraday_candle,alpha158_ohlcv,False,49831,-0.030505,-0.027617,0.030505,0.027617,LOW_REDUNDANCY,likely_distinct
1026,vol_5h,williams_r_14h,volatility,technical_indicators,False,49936,-0.038783,-0.027607,0.038783,0.027607,LOW_REDUNDANCY,likely_distinct
1027,ema_12_26_gap,range_1h,technical_indicators,range_position,False,50000,0.165192,0.02751,0.165192,0.02751,LOW_REDUNDANCY,likely_distinct
1028,ema_12_26_gap,q158_high_low_range,technical_indicators,alpha158,False,50000,0.165192,0.02751,0.165192,0.02751,LOW_REDUNDANCY,likely_distinct
1029,candle_wick_lower,taker_buy_ratio_20h,intraday_candle,taker_imbalance,False,46474,-0.026131,-0.027508,0.026131,0.027508,LOW_REDUNDANCY,likely_distinct
1030,candle_wick_upper,realized_kurt_20h,intraday_candle,realized_shape,False,49831,0.026446,0.027502,0.026446,0.027502,LOW_REDUNDANCY,likely_distinct
1031,mom_20h,vol_5h,momentum,volatility,False,49866,0.216498,0.027343,0.216498,0.027343,LOW_REDUNDANCY,likely_distinct
1032,ema_12_26_gap,realized_kurt_20h,technical_indicators,realized_shape,False,49831,0.054863,0.027287,0.054863,0.027287,LOW_REDUNDANCY,likely_distinct
1033,ma_gap_20_80,xs_rank_vol,trend_ma,cross_sectional_normalized,False,49870,0.067345,0.027247,0.067345,0.027247,LOW_REDUNDANCY,likely_distinct
1034,mom_72h,vol_5h,momentum,volatility,False,49795,0.174163,0.027246,0.174163,0.027246,LOW_REDUNDANCY,likely_distinct
1035,rev_72h,vol_5h,reversal,volatility,False,49795,-0.174163,-0.027246,0.174163,0.027246,LOW_REDUNDANCY,likely_distinct
1036,funding_rate_zscore_80h,rev_3h,funding_rate,reversal,False,7042,0.015893,-0.027218,0.015893,0.027218,LOW_REDUNDANCY,likely_distinct
1037,range_4h,vwap_dev_20h,range_position,alpha158_ohlcv,False,49862,0.04457,-0.027172,0.04457,0.027172,LOW_REDUNDANCY,likely_distinct
1038,mom_20h,realized_kurt_20h,momentum,realized_shape,False,50000,0.072866,0.027105,0.072866,0.027105,LOW_REDUNDANCY,likely_distinct
1039,realized_skew_20h,rev_1h,realized_shape,reversal,False,49838,-0.128445,-0.026966,0.128445,0.026966,LOW_REDUNDANCY,likely_distinct
1040,intraday_ret,realized_skew_20h,alpha158_ohlcv,realized_shape,False,49831,0.128199,0.026961,0.128199,0.026961,LOW_REDUNDANCY,likely_distinct
1041,rsi_7h,vol_ratio_20_80,technical_indicators,volatility,False,49753,0.037935,0.026882,0.037935,0.026882,LOW_REDUNDANCY,likely_distinct
1042,ma_gap_5_20,range_1h,trend_ma,range_position,False,49841,0.178796,0.026279,0.178796,0.026279,LOW_REDUNDANCY,likely_distinct
1043,ma_gap_5_20,q158_high_low_range,trend_ma,alpha158,False,49841,0.178796,0.026279,0.178796,0.026279,LOW_REDUNDANCY,likely_distinct
1044,amihud_illiquidity_20h,vol_ratio_20_80,liquidity,volatility,False,49864,0.020161,0.026046,0.020161,0.026046,LOW_REDUNDANCY,likely_distinct
1045,klow_close,ma_gap_20_80,alpha158_ohlcv,trend_ma,False,49711,0.048791,0.02589,0.048791,0.02589,LOW_REDUNDANCY,likely_distinct
1046,ma_gap_5_20,vol_5h,trend_ma,volatility,False,49876,0.203714,0.025774,0.203714,0.025774,LOW_REDUNDANCY,likely_distinct
1047,amihud_illiquidity_20h,vol_ret_corr_20h,liquidity,alpha158_ohlcv,False,49864,-0.025882,-0.025771,0.025882,0.025771,LOW_REDUNDANCY,likely_distinct
1048,price_volume_corr_20h,taker_buy_zscore_20h,volume_price,taker_imbalance,False,46769,-0.026365,-0.025276,0.026365,0.025276,LOW_REDUNDANCY,likely_distinct
1049,rsi_14h,xs_rank_vol,technical,cross_sectional_normalized,False,49950,0.05033,0.025241,0.05033,0.025241,LOW_REDUNDANCY,likely_distinct
1050,candle_wick_lower,realized_skew_20h,intraday_candle,realized_shape,False,49831,-0.030694,-0.024807,0.030694,0.024807,LOW_REDUNDANCY,likely_distinct
1051,range_4h,vol_ret_corr_20h,range_position,alpha158_ohlcv,False,49852,0.052484,0.024791,0.052484,0.024791,LOW_REDUNDANCY,likely_distinct
1052,ma_gap_20_80,wq101_alpha53,trend_ma,wq101,False,49775,0.019448,0.024757,0.019448,0.024757,LOW_REDUNDANCY,likely_distinct
1053,q158_high_low_range,rsi_7h,alpha158,technical_indicators,False,49951,0.064394,0.024654,0.064394,0.024654,LOW_REDUNDANCY,likely_distinct
1054,range_1h,rsi_7h,range_position,technical_indicators,False,49951,0.064394,0.024654,0.064394,0.024654,LOW_REDUNDANCY,likely_distinct
1055,ma_gap_20_80,qvol_zscore_20h,trend_ma,quote_volume_liquidity,False,49870,0.019278,0.02465,0.019278,0.02465,LOW_REDUNDANCY,likely_distinct
1056,price_pos_72h,vol_ratio_5_20,price_position,volatility,False,49936,0.030889,0.024629,0.030889,0.024629,LOW_REDUNDANCY,likely_distinct
1057,mom_5h,vol_zscore_20h,momentum,volume_liquidity,False,49876,0.083209,0.024596,0.083209,0.024596,LOW_REDUNDANCY,likely_distinct
1058,reversal_5h,vol_zscore_20h,momentum,volume_liquidity,False,49876,-0.083209,-0.024596,0.083209,0.024596,LOW_REDUNDANCY,likely_distinct
1059,funding_rate_zscore_80h,taker_buy_ratio_20h,funding_rate,taker_imbalance,False,10317,-0.002581,0.024588,0.002581,0.024588,LOW_REDUNDANCY,likely_distinct
1060,range_1h,realized_skew_20h,range_position,realized_shape,False,49831,0.044582,0.0245,0.044582,0.0245,LOW_REDUNDANCY,likely_distinct
1061,q158_high_low_range,realized_skew_20h,alpha158,realized_shape,False,49831,0.044582,0.0245,0.044582,0.0245,LOW_REDUNDANCY,likely_distinct
1062,realized_kurt_20h,williams_r_14h,realized_shape,technical_indicators,False,49930,-0.042223,-0.024292,0.042223,0.024292,LOW_REDUNDANCY,likely_distinct
1063,trend_efficiency_24h,vol_40h,trend_quality,volatility,False,49871,0.033975,0.024183,0.033975,0.024183,LOW_REDUNDANCY,likely_distinct
1064,range_4h,rev_3h,range_position,reversal,False,50000,-0.047771,0.024122,0.047771,0.024122,LOW_REDUNDANCY,likely_distinct
1065,mom_20h,xs_rank_vol,momentum,cross_sectional_normalized,False,49990,0.052913,0.024017,0.052913,0.024017,LOW_REDUNDANCY,likely_distinct
1066,taker_buy_ratio_20h,vol_ratio_20_80,taker_imbalance,volatility,False,46633,0.028361,0.023934,0.028361,0.023934,LOW_REDUNDANCY,likely_distinct
1067,vol_ret_corr_20h,volatility_20h,alpha158_ohlcv,volatility,False,50000,0.077275,0.023736,0.077275,0.023736,LOW_REDUNDANCY,likely_distinct
1068,ksft_5h,rev_1h,alpha158_ohlcv,reversal,False,49972,-0.079631,0.023675,0.079631,0.023675,LOW_REDUNDANCY,likely_distinct
1069,intraday_ret,ksft_5h,alpha158_ohlcv,alpha158_ohlcv,True,49965,0.079188,-0.023585,0.079188,0.023585,LOW_REDUNDANCY,likely_distinct
1070,candle_wick_upper,qvol_ma_ratio_5_20,intraday_candle,quote_volume_liquidity,False,49841,-0.022436,-0.023461,0.022436,0.023461,LOW_REDUNDANCY,likely_distinct
1071,vol_ret_corr_20h,xs_rank_ret_1h,alpha158_ohlcv,cross_sectional_normalized,False,49838,0.026145,0.023296,0.026145,0.023296,LOW_REDUNDANCY,likely_distinct
1072,klow_close,taker_buy_ratio_20h,alpha158_ohlcv,taker_imbalance,False,46474,0.013335,0.023205,0.013335,0.023205,LOW_REDUNDANCY,likely_distinct
1073,breakout_dist_20h,vol_ratio_5_20,breakout,volatility,False,49990,0.027424,0.023154,0.027424,0.023154,LOW_REDUNDANCY,likely_distinct
1074,ema_12_26_gap,vol_5h,technical_indicators,volatility,False,49965,0.175735,0.023143,0.175735,0.023143,LOW_REDUNDANCY,likely_distinct
1075,candle_wick_upper,mom_72h,intraday_candle,momentum,False,49760,0.020514,0.022991,0.020514,0.022991,LOW_REDUNDANCY,likely_distinct
1076,candle_wick_upper,rev_72h,intraday_candle,reversal,False,49760,-0.020514,-0.022991,0.020514,0.022991,LOW_REDUNDANCY,likely_distinct
1077,klow_close,price_pos_72h,alpha158_ohlcv,price_position,False,49767,-0.020863,-0.022907,0.020863,0.022907,LOW_REDUNDANCY,likely_distinct
1078,range_1h,taker_buy_delta_5h,range_position,taker_imbalance,False,46726,-0.023195,-0.022877,0.023195,0.022877,LOW_REDUNDANCY,likely_distinct
1079,q158_high_low_range,taker_buy_delta_5h,alpha158,taker_imbalance,False,46726,-0.023195,-0.022877,0.023195,0.022877,LOW_REDUNDANCY,likely_distinct
1080,funding_rate_zscore_80h,wq101_alpha53,funding_rate,wq101,False,7085,-0.006591,0.022837,0.006591,0.022837,LOW_REDUNDANCY,likely_distinct
1081,mom_10h,vol_5h,momentum,volatility,False,49963,0.201662,0.022619,0.201662,0.022619,LOW_REDUNDANCY,likely_distinct
1082,rev_10h,vol_5h,reversal,volatility,False,49963,-0.201662,-0.022619,0.201662,0.022619,LOW_REDUNDANCY,likely_distinct
1083,candle_wick_upper,realized_skew_20h,intraday_candle,realized_shape,False,49831,0.021943,0.022563,0.021943,0.022563,LOW_REDUNDANCY,likely_distinct
1084,rev_3h,vol_ratio_5_20,reversal,volatility,False,49852,-0.037058,-0.022537,0.037058,0.022537,LOW_REDUNDANCY,likely_distinct
1085,vol_ratio_20_80,xs_rank_vol,volatility,cross_sectional_normalized,False,49863,0.027506,0.022488,0.027506,0.022488,LOW_REDUNDANCY,likely_distinct
1086,ema_12_26_gap,xs_rank_ret_1h,technical_indicators,cross_sectional_normalized,False,49993,0.027736,0.022457,0.027736,0.022457,LOW_REDUNDANCY,likely_distinct
1087,funding_rate_level_20h,mom_5h,funding_rate,momentum,False,7633,0.057406,0.022378,0.057406,0.022378,LOW_REDUNDANCY,likely_distinct
1088,funding_rate_level_20h,reversal_5h,funding_rate,momentum,False,7633,-0.057406,-0.022378,0.057406,0.022378,LOW_REDUNDANCY,likely_distinct
1089,qvol_zscore_20h,wq101_alpha53,quote_volume_liquidity,wq101,False,49905,0.035382,0.022351,0.035382,0.022351,LOW_REDUNDANCY,likely_distinct
1090,realized_skew_20h,vol_5h,realized_shape,volatility,False,49866,0.060922,0.022135,0.060922,0.022135,LOW_REDUNDANCY,likely_distinct
1091,ma_gap_5_20,xs_rank_vol,trend_ma,cross_sectional_normalized,False,50000,0.044648,0.022084,0.044648,0.022084,LOW_REDUNDANCY,likely_distinct
1092,breakout_dist_20h,xs_rank_vol,breakout,cross_sectional_normalized,False,50000,0.034727,0.022041,0.034727,0.022041,LOW_REDUNDANCY,likely_distinct
1093,ksft_5h,vol_5h,alpha158_ohlcv,volatility,False,50000,0.026636,0.021929,0.026636,0.021929,LOW_REDUNDANCY,likely_distinct
1094,klow_close,vol_ratio_5_20,alpha158_ohlcv,volatility,False,49831,0.073159,0.021727,0.073159,0.021727,LOW_REDUNDANCY,likely_distinct
1095,mom_72h,xs_rank_vol,momentum,cross_sectional_normalized,False,49919,0.066195,0.021702,0.066195,0.021702,LOW_REDUNDANCY,likely_distinct
1096,rev_72h,xs_rank_vol,reversal,cross_sectional_normalized,False,49919,-0.066195,-0.021702,0.066195,0.021702,LOW_REDUNDANCY,likely_distinct
1097,tech_atr,wq101_alpha101,technical,wq101,False,49891,-0.008829,-0.021668,0.008829,0.021668,LOW_REDUNDANCY,likely_distinct
1098,vol_5h,vol_ret_corr_20h,volatility,alpha158_ohlcv,False,49866,0.068242,0.02166,0.068242,0.02166,LOW_REDUNDANCY,likely_distinct
1099,ma_gap_20_80,wvma_20h,trend_ma,alpha158_ohlcv,False,49880,0.06362,-0.021609,0.06362,0.021609,LOW_REDUNDANCY,likely_distinct
1100,price_pos_72h,taker_buy_delta_5h,price_position,taker_imbalance,False,46761,0.022109,0.021585,0.022109,0.021585,LOW_REDUNDANCY,likely_distinct
1101,qvol_ma_ratio_20_80,qvol_ma_ratio_5_20,quote_volume_liquidity,quote_volume_liquidity,True,49870,0.095954,-0.02158,0.095954,0.02158,LOW_REDUNDANCY,likely_distinct
1102,price_volume_corr_20h,wq101_alpha53,volume_price,wq101,False,49751,0.010139,0.021575,0.010139,0.021575,LOW_REDUNDANCY,likely_distinct
1103,amihud_illiquidity_20h,vol_zscore_20h,liquidity,volume_liquidity,False,49854,0.010814,0.021568,0.010814,0.021568,LOW_REDUNDANCY,likely_distinct
1104,price_pos_72h,q158_high_low_range,price_position,alpha158,False,49767,0.049284,0.021502,0.049284,0.021502,LOW_REDUNDANCY,likely_distinct
1105,price_pos_72h,range_1h,price_position,range_position,False,49767,0.049284,0.021502,0.049284,0.021502,LOW_REDUNDANCY,likely_distinct
1106,vol_ret_corr_20h,xs_rank_vol,alpha158_ohlcv,cross_sectional_normalized,False,49990,0.010029,-0.021426,0.010029,0.021426,LOW_REDUNDANCY,likely_distinct
1107,volatility_20h,vwap_dev_20h,volatility,alpha158_ohlcv,False,49990,0.033783,-0.021329,0.033783,0.021329,LOW_REDUNDANCY,likely_distinct
1108,amihud_illiquidity_20h,qvol_zscore_20h,liquidity,quote_volume_liquidity,False,49854,0.010533,0.021263,0.010533,0.021263,LOW_REDUNDANCY,likely_distinct
1109,rsi_14h,vol_ratio_5_20,technical,volatility,False,49940,0.036566,0.02126,0.036566,0.02126,LOW_REDUNDANCY,likely_distinct
1110,ma_gap_5_20,realized_kurt_20h,trend_ma,realized_shape,False,49990,0.067938,0.021254,0.067938,0.021254,LOW_REDUNDANCY,likely_distinct
1111,rev_72h,tech_atr,reversal,technical,False,49869,-0.108776,-0.021182,0.108776,0.021182,LOW_REDUNDANCY,likely_distinct
1112,mom_72h,tech_atr,momentum,technical,False,49869,0.108776,0.021182,0.108776,0.021182,LOW_REDUNDANCY,likely_distinct
1113,mom_accel_20h,vol_of_vol_20h,momentum,realized_skew_kurtosis,False,49993,-0.058368,-0.021169,0.058368,0.021169,LOW_REDUNDANCY,likely_distinct
1114,price_volume_corr_20h,vol_ratio_20_80,volume_price,volatility,False,49856,0.030485,0.021133,0.030485,0.021133,LOW_REDUNDANCY,likely_distinct
1115,mom_accel_20h,trend_efficiency_24h,momentum,trend_quality,False,49993,-0.02104,-0.021084,0.02104,0.021084,LOW_REDUNDANCY,likely_distinct
1116,tech_macd,volatility_20h,technical,volatility,False,49831,0.007544,0.020802,0.007544,0.020802,LOW_REDUNDANCY,likely_distinct
1117,realized_kurt_20h,rsi_14h,realized_shape,technical,False,49940,0.052276,0.020766,0.052276,0.020766,LOW_REDUNDANCY,likely_distinct
1118,taker_buy_zscore_20h,vol_ret_corr_20h,taker_imbalance,alpha158_ohlcv,False,46633,-0.022139,-0.020607,0.022139,0.020607,LOW_REDUNDANCY,likely_distinct
1119,bb_zscore_20h,q158_high_low_range,technical,alpha158,False,49841,0.052763,0.020575,0.052763,0.020575,LOW_REDUNDANCY,likely_distinct
1120,bb_zscore_20h,range_1h,technical,range_position,False,49841,0.052763,0.020575,0.052763,0.020575,LOW_REDUNDANCY,likely_distinct
1121,ksft_5h,qvol_zscore_20h,alpha158_ohlcv,quote_volume_liquidity,False,49876,0.020458,0.020385,0.020458,0.020385,LOW_REDUNDANCY,likely_distinct
1122,price_pos_72h,volatility_20h,price_position,volatility,False,49936,0.042709,0.020278,0.042709,0.020278,LOW_REDUNDANCY,likely_distinct
1123,qvol_ma_ratio_5_20,xs_rank_ret_1h,quote_volume_liquidity,cross_sectional_normalized,False,49848,0.023693,0.020243,0.023693,0.020243,LOW_REDUNDANCY,likely_distinct
1124,ksft_5h,volatility_20h,alpha158_ohlcv,volatility,False,49866,0.013128,0.020164,0.013128,0.020164,LOW_REDUNDANCY,likely_distinct
1125,bb_zscore_20h,wvma_20h,technical,alpha158_ohlcv,False,49990,0.043925,0.020161,0.043925,0.020161,LOW_REDUNDANCY,likely_distinct
1126,vol_zscore_20h,wq101_alpha53,volume_liquidity,wq101,False,49905,0.035606,0.019759,0.035606,0.019759,LOW_REDUNDANCY,likely_distinct
1127,candle_wick_lower,realized_kurt_20h,intraday_candle,realized_shape,False,49831,0.007545,0.019755,0.007545,0.019755,LOW_REDUNDANCY,likely_distinct
1128,ma_gap_20_80,range_1h,trend_ma,range_position,False,49711,0.095243,0.0197,0.095243,0.0197,LOW_REDUNDANCY,likely_distinct
1129,ma_gap_20_80,q158_high_low_range,trend_ma,alpha158,False,49711,0.095243,0.0197,0.095243,0.0197,LOW_REDUNDANCY,likely_distinct
1130,funding_rate_level_20h,wq101_alpha12,funding_rate,wq101,False,7605,-0.001815,0.019684,0.001815,0.019684,LOW_REDUNDANCY,likely_distinct
1131,taker_buy_ratio_20h,vol_ratio_5_20,taker_imbalance,volatility,False,46633,-0.015292,-0.019538,0.015292,0.019538,LOW_REDUNDANCY,likely_distinct
1132,klow_close,mom_20h,alpha158_ohlcv,momentum,False,49831,0.056163,-0.019395,0.056163,0.019395,LOW_REDUNDANCY,likely_distinct
1133,qvol_zscore_20h,rev_3h,quote_volume_liquidity,reversal,False,49862,-0.089697,-0.019253,0.089697,0.019253,LOW_REDUNDANCY,likely_distinct
1134,price_volume_corr_20h,xs_rank_ret_1h,volume_price,cross_sectional_normalized,False,49694,0.020843,0.019253,0.020843,0.019253,LOW_REDUNDANCY,likely_distinct
1135,candle_wick_lower,qvol_ma_ratio_5_20,intraday_candle,quote_volume_liquidity,False,49841,-0.022484,-0.019148,0.022484,0.019148,LOW_REDUNDANCY,likely_distinct
1136,wq101_alpha12,xs_rank_vol,wq101,cross_sectional_normalized,False,49848,0.001937,-0.018912,0.001937,0.018912,LOW_REDUNDANCY,likely_distinct
1137,candle_body,realized_skew_20h,intraday_candle,realized_shape,False,49831,0.034145,0.018903,0.034145,0.018903,LOW_REDUNDANCY,likely_distinct
1138,price_volume_corr_20h,taker_buy_delta_5h,volume_price,taker_imbalance,False,46769,-0.016258,-0.018735,0.016258,0.018735,LOW_REDUNDANCY,likely_distinct
1139,breakout_dist_20h,volatility_20h,breakout,volatility,False,49990,0.023916,0.018419,0.023916,0.018419,LOW_REDUNDANCY,likely_distinct
1140,volatility_20h,xs_rank_ret_1h,volatility,cross_sectional_normalized,False,49838,-0.011209,-0.018317,0.011209,0.018317,LOW_REDUNDANCY,likely_distinct
1141,candle_body,vol_ratio_5_20,intraday_candle,volatility,False,49831,0.021395,0.018308,0.021395,0.018308,LOW_REDUNDANCY,likely_distinct
1142,range_4h,tech_macd,range_position,technical,False,49979,0.095252,0.018289,0.095252,0.018289,LOW_REDUNDANCY,likely_distinct
1143,mom_20h,vol_ratio_5_20,momentum,volatility,False,50000,0.039958,0.01824,0.039958,0.01824,LOW_REDUNDANCY,likely_distinct
1144,mom_5h,vol_ratio_5_20,momentum,volatility,False,49866,0.04915,0.018156,0.04915,0.018156,LOW_REDUNDANCY,likely_distinct
1145,reversal_5h,vol_ratio_5_20,momentum,volatility,False,49866,-0.04915,-0.018156,0.04915,0.018156,LOW_REDUNDANCY,likely_distinct
1146,qvol_ma_ratio_5_20,wvma_20h,quote_volume_liquidity,alpha158_ohlcv,False,49990,0.167814,-0.018102,0.167814,0.018102,LOW_REDUNDANCY,likely_distinct
1147,amihud_illiquidity_20h,rsi_14h,liquidity,technical,False,49804,-0.012987,-0.017717,0.012987,0.017717,LOW_REDUNDANCY,likely_distinct
1148,taker_buy_delta_5h,vol_ret_corr_20h,taker_imbalance,alpha158_ohlcv,False,46761,-0.015138,-0.017702,0.015138,0.017702,LOW_REDUNDANCY,likely_distinct
1149,candle_wick_lower,ema_12_26_gap,intraday_candle,technical_indicators,False,50000,-0.020255,-0.017394,0.020255,0.017394,LOW_REDUNDANCY,likely_distinct
1150,rsi_7h,xs_rank_vol,technical_indicators,cross_sectional_normalized,False,49890,0.033684,0.01739,0.033684,0.01739,LOW_REDUNDANCY,likely_distinct
1151,williams_r_14h,xs_rank_vol,technical_indicators,cross_sectional_normalized,False,49940,-0.02612,-0.017381,0.02612,0.017381,LOW_REDUNDANCY,likely_distinct
1152,taker_buy_ratio_20h,vol_zscore_20h,taker_imbalance,volume_liquidity,False,46633,-0.008918,-0.017193,0.008918,0.017193,LOW_REDUNDANCY,likely_distinct
1153,range_4h,rsi_14h,range_position,technical,False,49912,0.057919,0.016999,0.057919,0.016999,LOW_REDUNDANCY,likely_distinct
1154,intraday_ret,vol_zscore_20h,alpha158_ohlcv,volume_liquidity,False,49841,0.018118,-0.016933,0.018118,0.016933,LOW_REDUNDANCY,likely_distinct
1155,tech_atr,williams_r_14h,technical,technical_indicators,False,49990,0.023907,0.016898,0.023907,0.016898,LOW_REDUNDANCY,likely_distinct
1156,wq101_alpha101,xs_rank_vol,wq101,cross_sectional_normalized,False,49841,0.020393,0.01689,0.020393,0.01689,LOW_REDUNDANCY,likely_distinct
1157,realized_skew_20h,vol_zscore_20h,realized_shape,volume_liquidity,False,49990,0.031757,0.016883,0.031757,0.016883,LOW_REDUNDANCY,likely_distinct
1158,price_pos_120h,vol_zscore_48h,price_position,volume_liquidity,False,49760,0.036388,0.016758,0.036388,0.016758,LOW_REDUNDANCY,likely_distinct
1159,tech_atr,wq101_alpha12,technical,wq101,False,49898,-0.149325,0.016689,0.149325,0.016689,LOW_REDUNDANCY,likely_distinct
1160,klow_close,mom_72h,alpha158_ohlcv,momentum,False,49760,0.065583,0.016617,0.065583,0.016617,LOW_REDUNDANCY,likely_distinct
1161,klow_close,rev_72h,alpha158_ohlcv,reversal,False,49760,-0.065583,-0.016617,0.065583,0.016617,LOW_REDUNDANCY,likely_distinct
1162,rev_1h,vol_zscore_20h,reversal,volume_liquidity,False,49848,-0.018372,0.01653,0.018372,0.01653,LOW_REDUNDANCY,likely_distinct
1163,candle_body,vol_5h,intraday_candle,volatility,False,49965,0.01923,0.016512,0.01923,0.016512,LOW_REDUNDANCY,likely_distinct
1164,ksft_5h,vol_zscore_20h,alpha158_ohlcv,volume_liquidity,False,49876,0.015854,0.016322,0.015854,0.016322,LOW_REDUNDANCY,likely_distinct
1165,price_volume_corr_20h,wvma_20h,volume_price,alpha158_ohlcv,False,49856,0.067824,0.016214,0.067824,0.016214,LOW_REDUNDANCY,likely_distinct
1166,klow_close,ma_gap_5_20,alpha158_ohlcv,trend_ma,False,49841,0.045065,-0.015984,0.045065,0.015984,LOW_REDUNDANCY,likely_distinct
1167,candle_wick_lower,ksft_5h,intraday_candle,alpha158_ohlcv,False,49965,-0.017586,-0.015983,0.017586,0.015983,LOW_REDUNDANCY,likely_distinct
1168,realized_skew_20h,wvma_20h,realized_shape,alpha158_ohlcv,False,50000,0.036405,-0.015948,0.036405,0.015948,LOW_REDUNDANCY,likely_distinct
1169,mom_accel_20h,vol_40h,momentum,volatility,False,49878,-0.05758,-0.015944,0.05758,0.015944,LOW_REDUNDANCY,likely_distinct
1170,breakout_dist_20h,tech_atr,breakout,technical,False,49950,-0.024989,-0.015886,0.024989,0.015886,LOW_REDUNDANCY,likely_distinct
1171,candle_wick_upper,tech_atr,intraday_candle,technical,False,49891,0.003947,0.015773,0.003947,0.015773,LOW_REDUNDANCY,likely_distinct
1172,ksft_5h,range_1h,alpha158_ohlcv,range_position,False,49965,0.011357,0.015714,0.011357,0.015714,LOW_REDUNDANCY,likely_distinct
1173,ksft_5h,q158_high_low_range,alpha158_ohlcv,alpha158,False,49965,0.011357,0.015714,0.011357,0.015714,LOW_REDUNDANCY,likely_distinct
1174,realized_skew_20h,xs_rank_vol,realized_shape,cross_sectional_normalized,False,49990,0.000237,-0.015711,0.000237,0.015711,LOW_REDUNDANCY,likely_distinct
1175,rev_72h,vol_ratio_5_20,reversal,volatility,False,49929,-0.019917,-0.015658,0.019917,0.015658,LOW_REDUNDANCY,likely_distinct
1176,mom_72h,vol_ratio_5_20,momentum,volatility,False,49929,0.019917,0.015658,0.019917,0.015658,LOW_REDUNDANCY,likely_distinct
1177,mom_5h,qvol_ma_ratio_5_20,momentum,quote_volume_liquidity,False,49876,0.134716,0.015533,0.134716,0.015533,LOW_REDUNDANCY,likely_distinct
1178,qvol_ma_ratio_5_20,reversal_5h,quote_volume_liquidity,momentum,False,49876,-0.134716,-0.015533,0.134716,0.015533,LOW_REDUNDANCY,likely_distinct
1179,ma_gap_10_40,vol_40h,trend_ma,volatility,False,49990,0.148932,0.015482,0.148932,0.015482,LOW_REDUNDANCY,likely_distinct
1180,ema_12_26_gap,vol_ratio_5_20,technical_indicators,volatility,False,49831,0.033368,0.01546,0.033368,0.01546,LOW_REDUNDANCY,likely_distinct
1181,mom_40h,mom_accel_20h,momentum,momentum,True,49878,-0.067938,-0.015421,0.067938,0.015421,LOW_REDUNDANCY,likely_distinct
1182,range_4h,realized_skew_20h,range_position,realized_shape,False,49852,0.031953,0.015398,0.031953,0.015398,LOW_REDUNDANCY,likely_distinct
1183,funding_rate_level_20h,tech_macd,funding_rate,technical,False,7598,0.156111,0.015338,0.156111,0.015338,LOW_REDUNDANCY,likely_distinct
1184,ma_gap_20_80,vol_zscore_20h,trend_ma,volume_liquidity,False,49870,0.010541,0.015324,0.010541,0.015324,LOW_REDUNDANCY,likely_distinct
1185,rev_1h,vol_ratio_5_20,reversal,volatility,False,49838,-0.023441,-0.015318,0.023441,0.015318,LOW_REDUNDANCY,likely_distinct
1186,qvol_ma_ratio_5_20,rev_3h,quote_volume_liquidity,reversal,False,49862,-0.087298,-0.015264,0.087298,0.015264,LOW_REDUNDANCY,likely_distinct
1187,ksft_5h,vol_ratio_5_20,alpha158_ohlcv,volatility,False,49866,0.016471,0.015232,0.016471,0.015232,LOW_REDUNDANCY,likely_distinct
1188,rev_3h,vol_5h,reversal,volatility,False,49986,-0.087572,-0.01521,0.087572,0.01521,LOW_REDUNDANCY,likely_distinct
1189,ma_gap_20_80,tech_atr,trend_ma,technical,False,49820,0.054757,0.015209,0.054757,0.015209,LOW_REDUNDANCY,likely_distinct
1190,vol_ratio_5_20,wq101_alpha101,volatility,wq101,False,49831,0.016997,0.015199,0.016997,0.015199,LOW_REDUNDANCY,likely_distinct
1191,mom_20h,volatility_20h,momentum,volatility,False,50000,0.231287,0.015057,0.231287,0.015057,LOW_REDUNDANCY,likely_distinct
1192,funding_rate_zscore_80h,ksft_5h,funding_rate,alpha158_ohlcv,False,7056,0.004071,0.014995,0.004071,0.014995,LOW_REDUNDANCY,likely_distinct
1193,candle_wick_lower,funding_rate_level_20h,intraday_candle,funding_rate,False,7598,-0.022492,-0.014944,0.022492,0.014944,LOW_REDUNDANCY,likely_distinct
1194,qvol_ma_ratio_20_80,tech_macd,quote_volume_liquidity,technical,False,49711,0.00455,-0.014896,0.00455,0.014896,LOW_REDUNDANCY,likely_distinct
1195,funding_rate_level_20h,xs_rank_ret_1h,funding_rate,cross_sectional_normalized,False,7605,0.022403,0.014624,0.022403,0.014624,LOW_REDUNDANCY,likely_distinct
1196,intraday_ret,vol_ratio_5_20,alpha158_ohlcv,volatility,False,49831,0.022791,0.014554,0.022791,0.014554,LOW_REDUNDANCY,likely_distinct
1197,vol_ratio_20_80,vol_ret_corr_20h,volatility,alpha158_ohlcv,False,49873,0.028288,0.014538,0.028288,0.014538,LOW_REDUNDANCY,likely_distinct
1198,vol_ret_corr_20h,wq101_alpha53,alpha158_ohlcv,wq101,False,49895,0.007194,0.014459,0.007194,0.014459,LOW_REDUNDANCY,likely_distinct
1199,ma_gap_20_80,wq101_alpha12,trend_ma,wq101,False,49718,-0.012283,-0.014388,0.012283,0.014388,LOW_REDUNDANCY,likely_distinct
1200,range_1h,rev_3h,range_position,reversal,False,49979,-0.096696,0.014373,0.096696,0.014373,LOW_REDUNDANCY,likely_distinct
1201,q158_high_low_range,rev_3h,alpha158,reversal,False,49979,-0.096696,0.014373,0.096696,0.014373,LOW_REDUNDANCY,likely_distinct
1202,bb_zscore_20h,xs_rank_vol,technical,cross_sectional_normalized,False,50000,0.027483,0.014053,0.027483,0.014053,LOW_REDUNDANCY,likely_distinct
1203,ema_12_26_gap,wvma_20h,technical_indicators,alpha158_ohlcv,False,49831,0.112812,-0.014051,0.112812,0.014051,LOW_REDUNDANCY,likely_distinct
1204,mom_10h,xs_rank_vol,momentum,cross_sectional_normalized,False,49913,0.034059,0.014046,0.034059,0.014046,LOW_REDUNDANCY,likely_distinct
1205,rev_10h,xs_rank_vol,reversal,cross_sectional_normalized,False,49913,-0.034059,-0.014046,0.034059,0.014046,LOW_REDUNDANCY,likely_distinct
1206,reversal_5h,wvma_20h,momentum,alpha158_ohlcv,False,49866,-0.114237,0.013989,0.114237,0.013989,LOW_REDUNDANCY,likely_distinct
1207,mom_5h,wvma_20h,momentum,alpha158_ohlcv,False,49866,0.114237,-0.013989,0.114237,0.013989,LOW_REDUNDANCY,likely_distinct
1208,price_pos_72h,range_4h,price_position,range_position,False,49788,0.034159,0.01385,0.034159,0.01385,LOW_REDUNDANCY,likely_distinct
1209,range_4h,taker_buy_delta_5h,range_position,taker_imbalance,False,46747,-0.011596,-0.013801,0.011596,0.013801,LOW_REDUNDANCY,likely_distinct
1210,realized_kurt_20h,wq101_alpha12,realized_shape,wq101,False,49838,-0.025187,-0.013765,0.025187,0.013765,LOW_REDUNDANCY,likely_distinct
1211,vol_zscore_20h,volatility_20h,volume_liquidity,volatility,False,49990,-0.003844,-0.013762,0.003844,0.013762,LOW_REDUNDANCY,likely_distinct
1212,tech_atr,xs_rank_ret_1h,technical,cross_sectional_normalized,False,49898,-0.006167,-0.01376,0.006167,0.01376,LOW_REDUNDANCY,likely_distinct
1213,rev_72h,volatility_20h,reversal,volatility,False,49929,-0.201415,-0.013609,0.201415,0.013609,LOW_REDUNDANCY,likely_distinct
1214,mom_72h,volatility_20h,momentum,volatility,False,49929,0.201415,0.013609,0.201415,0.013609,LOW_REDUNDANCY,likely_distinct
1215,realized_kurt_20h,rev_10h,realized_shape,reversal,False,49903,-0.078955,-0.013438,0.078955,0.013438,LOW_REDUNDANCY,likely_distinct
1216,mom_10h,realized_kurt_20h,momentum,realized_shape,False,49903,0.078955,0.013438,0.078955,0.013438,LOW_REDUNDANCY,likely_distinct
1217,qvol_ma_ratio_20_80,reversal_5h,quote_volume_liquidity,momentum,False,49746,-0.088223,-0.013408,0.088223,0.013408,LOW_REDUNDANCY,likely_distinct
1218,mom_5h,qvol_ma_ratio_20_80,momentum,quote_volume_liquidity,False,49746,0.088223,0.013408,0.088223,0.013408,LOW_REDUNDANCY,likely_distinct
1219,qvol_zscore_20h,volatility_20h,quote_volume_liquidity,volatility,False,49990,-0.00057,-0.013311,0.00057,0.013311,LOW_REDUNDANCY,likely_distinct
1220,price_volume_corr_20h,xs_rank_vol,volume_price,cross_sectional_normalized,False,49846,0.020554,-0.013273,0.020554,0.013273,LOW_REDUNDANCY,likely_distinct
1221,candle_body,vol_zscore_20h,intraday_candle,volume_liquidity,False,49841,-0.006598,-0.013269,0.006598,0.013269,LOW_REDUNDANCY,likely_distinct
1222,amihud_illiquidity_20h,vol_ratio_5_20,liquidity,volatility,False,49864,-0.00602,0.013267,0.00602,0.013267,LOW_REDUNDANCY,likely_distinct
1223,q158_high_low_range,wq101_alpha53,alpha158,wq101,False,49936,0.056097,0.01323,0.056097,0.01323,LOW_REDUNDANCY,likely_distinct
1224,range_1h,wq101_alpha53,range_position,wq101,False,49936,0.056097,0.01323,0.056097,0.01323,LOW_REDUNDANCY,likely_distinct
1225,ksft_5h,qvol_ma_ratio_5_20,alpha158_ohlcv,quote_volume_liquidity,False,49876,0.027489,0.013177,0.027489,0.013177,LOW_REDUNDANCY,likely_distinct
1226,candle_wick_upper,funding_rate_zscore_80h,intraday_candle,funding_rate,False,7021,0.013909,0.013108,0.013909,0.013108,LOW_REDUNDANCY,likely_distinct
1227,taker_buy_zscore_20h,tech_macd,taker_imbalance,technical,False,46474,0.007577,0.013102,0.007577,0.013102,LOW_REDUNDANCY,likely_distinct
1228,taker_buy_ratio_20h,wq101_alpha53,taker_imbalance,wq101,False,46538,-0.008477,-0.012929,0.008477,0.012929,LOW_REDUNDANCY,likely_distinct
1229,amihud_illiquidity_20h,tech_macd,liquidity,technical,False,49695,0.003825,0.012889,0.003825,0.012889,LOW_REDUNDANCY,likely_distinct
1230,funding_rate_change_24h,vol_of_vol_20h,funding_rate,realized_skew_kurtosis,False,7830,-0.201096,-0.012876,0.201096,0.012876,LOW_REDUNDANCY,likely_distinct
1231,candle_wick_lower,rev_72h,intraday_candle,reversal,False,49760,0.016053,0.012834,0.016053,0.012834,LOW_REDUNDANCY,likely_distinct
1232,candle_wick_lower,mom_72h,intraday_candle,momentum,False,49760,-0.016053,-0.012834,0.016053,0.012834,LOW_REDUNDANCY,likely_distinct
1233,candle_body,qvol_ma_ratio_5_20,intraday_candle,quote_volume_liquidity,False,49841,0.0158,0.012722,0.0158,0.012722,LOW_REDUNDANCY,likely_distinct
1234,range_4h,taker_buy_zscore_20h,range_position,taker_imbalance,False,46495,-0.010865,-0.012681,0.010865,0.012681,LOW_REDUNDANCY,likely_distinct
1235,volatility_20h,williams_r_14h,volatility,technical_indicators,False,49930,-0.012907,-0.012651,0.012907,0.012651,LOW_REDUNDANCY,likely_distinct
1236,tech_macd,vol_ratio_20_80,technical,volatility,False,49704,0.040619,0.012397,0.040619,0.012397,LOW_REDUNDANCY,likely_distinct
1237,vol_5h,wq101_alpha101,volatility,wq101,False,49965,0.01766,0.012336,0.01766,0.012336,LOW_REDUNDANCY,likely_distinct
1238,klow_close,ksft_5h,alpha158_ohlcv,alpha158_ohlcv,True,49965,-0.022663,-0.012334,0.022663,0.012334,LOW_REDUNDANCY,likely_distinct
1239,tech_macd,wq101_alpha53,technical,wq101,False,49936,0.036257,0.012219,0.036257,0.012219,LOW_REDUNDANCY,likely_distinct
1240,realized_kurt_20h,taker_buy_ratio_20h,realized_shape,taker_imbalance,False,46633,0.016704,0.012189,0.016704,0.012189,LOW_REDUNDANCY,likely_distinct
1241,tech_macd,wvma_20h,technical,alpha158_ohlcv,False,49831,0.061563,0.012126,0.061563,0.012126,LOW_REDUNDANCY,likely_distinct
1242,tech_atr,tech_macd,technical,technical,True,49891,-0.113855,-0.011992,0.113855,0.011992,LOW_REDUNDANCY,likely_distinct
1243,qvol_ma_ratio_5_20,wq101_alpha53,quote_volume_liquidity,wq101,False,49905,0.028806,0.01197,0.028806,0.01197,LOW_REDUNDANCY,likely_distinct
1244,rev_24h,vol_40h,reversal,volatility,False,49871,-0.152018,-0.011672,0.152018,0.011672,LOW_REDUNDANCY,likely_distinct
1245,intraday_ret,qvol_zscore_20h,alpha158_ohlcv,quote_volume_liquidity,False,49841,0.031255,-0.011528,0.031255,0.011528,LOW_REDUNDANCY,likely_distinct
1246,ma_gap_20_80,range_4h,trend_ma,range_position,False,49732,0.094877,0.011497,0.094877,0.011497,LOW_REDUNDANCY,likely_distinct
1247,taker_buy_ratio_20h,taker_buy_zscore_20h,taker_imbalance,taker_imbalance,True,50000,-0.010539,-0.011433,0.010539,0.011433,LOW_REDUNDANCY,likely_distinct
1248,ma_gap_20_80,taker_buy_delta_5h,trend_ma,taker_imbalance,False,46761,-0.008021,-0.011413,0.008021,0.011413,LOW_REDUNDANCY,likely_distinct
1249,realized_kurt_20h,rev_72h,realized_shape,reversal,False,49929,-0.03504,-0.011289,0.03504,0.011289,LOW_REDUNDANCY,likely_distinct
1250,mom_72h,realized_kurt_20h,momentum,realized_shape,False,49929,0.03504,0.011289,0.03504,0.011289,LOW_REDUNDANCY,likely_distinct
1251,realized_skew_20h,vol_ratio_5_20,realized_shape,volatility,False,50000,0.008887,-0.011267,0.008887,0.011267,LOW_REDUNDANCY,likely_distinct
1252,realized_kurt_20h,tech_macd,realized_shape,technical,False,49831,0.028759,0.011187,0.028759,0.011187,LOW_REDUNDANCY,likely_distinct
1253,qvol_zscore_20h,rev_1h,quote_volume_liquidity,reversal,False,49848,-0.031521,0.011129,0.031521,0.011129,LOW_REDUNDANCY,likely_distinct
1254,mom_20h,range_4h,momentum,range_position,False,49852,0.192043,0.011042,0.192043,0.011042,LOW_REDUNDANCY,likely_distinct
1255,funding_rate_level_20h,rev_1h,funding_rate,reversal,False,7605,-0.028896,-0.010968,0.028896,0.010968,LOW_REDUNDANCY,likely_distinct
1256,ema_12_26_gap,range_4h,technical_indicators,range_position,False,49979,0.156284,0.010963,0.156284,0.010963,LOW_REDUNDANCY,likely_distinct
1257,rev_10h,vol_ratio_20_80,reversal,volatility,False,49776,-0.063544,-0.010949,0.063544,0.010949,LOW_REDUNDANCY,likely_distinct
1258,mom_10h,vol_ratio_20_80,momentum,volatility,False,49776,0.063544,0.010949,0.063544,0.010949,LOW_REDUNDANCY,likely_distinct
1259,klow_close,realized_skew_20h,alpha158_ohlcv,realized_shape,False,49831,-0.029509,-0.010923,0.029509,0.010923,LOW_REDUNDANCY,likely_distinct
1260,ksft_5h,vol_ratio_20_80,alpha158_ohlcv,volatility,False,49739,0.007414,0.010782,0.007414,0.010782,LOW_REDUNDANCY,likely_distinct
1261,taker_buy_zscore_20h,vol_5h,taker_imbalance,volatility,False,46509,0.006472,0.01072,0.006472,0.01072,LOW_REDUNDANCY,likely_distinct
1262,funding_rate_level_20h,intraday_ret,funding_rate,alpha158_ohlcv,False,7598,0.028643,0.010703,0.028643,0.010703,LOW_REDUNDANCY,likely_distinct
1263,tech_macd,xs_rank_vol,technical,cross_sectional_normalized,False,49841,-0.007258,0.010702,0.007258,0.010702,LOW_REDUNDANCY,likely_distinct
1264,qvol_ma_ratio_5_20,wq101_alpha101,quote_volume_liquidity,wq101,False,49841,0.019181,0.010643,0.019181,0.010643,LOW_REDUNDANCY,likely_distinct
1265,qvol_ma_ratio_20_80,wq101_alpha101,quote_volume_liquidity,wq101,False,49711,0.011838,0.010521,0.011838,0.010521,LOW_REDUNDANCY,likely_distinct
1266,realized_kurt_20h,rsi_7h,realized_shape,technical_indicators,False,49880,0.044097,0.01052,0.044097,0.01052,LOW_REDUNDANCY,likely_distinct
1267,rev_1h,vol_5h,reversal,volatility,False,49972,-0.042008,-0.010405,0.042008,0.010405,LOW_REDUNDANCY,likely_distinct
1268,amihud_illiquidity_20h,candle_wick_lower,liquidity,intraday_candle,False,49695,8e-06,-0.010321,8e-06,0.010321,LOW_REDUNDANCY,likely_distinct
1269,candle_wick_upper,downside_vol_20h,intraday_candle,realized_skew_kurtosis,False,49831,-0.009946,-0.010238,0.009946,0.010238,LOW_REDUNDANCY,likely_distinct
1270,ma_gap_20_80,realized_kurt_20h,trend_ma,realized_shape,False,49880,0.017147,0.010219,0.017147,0.010219,LOW_REDUNDANCY,likely_distinct
1271,mom_10h,wvma_20h,momentum,alpha158_ohlcv,False,49903,0.157833,-0.010153,0.157833,0.010153,LOW_REDUNDANCY,likely_distinct
1272,rev_10h,wvma_20h,reversal,alpha158_ohlcv,False,49903,-0.157833,0.010153,0.157833,0.010153,LOW_REDUNDANCY,likely_distinct
1273,ma_gap_5_20,wvma_20h,trend_ma,alpha158_ohlcv,False,49990,0.13893,-0.010115,0.13893,0.010115,LOW_REDUNDANCY,likely_distinct
1274,bb_zscore_20h,vol_ratio_5_20,technical,volatility,False,49990,0.024683,0.01008,0.024683,0.01008,LOW_REDUNDANCY,likely_distinct
1275,intraday_ret,vol_5h,alpha158_ohlcv,volatility,False,49965,0.041735,0.010029,0.041735,0.010029,LOW_REDUNDANCY,likely_distinct
1276,realized_kurt_20h,xs_rank_vol,realized_shape,cross_sectional_normalized,False,49990,0.018106,0.010012,0.018106,0.010012,LOW_REDUNDANCY,likely_distinct
1277,range_4h,williams_r_14h,range_position,technical_indicators,False,49922,-0.005847,0.009971,0.005847,0.009971,LOW_REDUNDANCY,likely_distinct
1278,qvol_ma_ratio_5_20,wq101_alpha12,quote_volume_liquidity,wq101,False,49848,-0.02056,-0.009882,0.02056,0.009882,LOW_REDUNDANCY,likely_distinct
1279,range_1h,rev_10h,range_position,reversal,False,49928,-0.1875,-0.009828,0.1875,0.009828,LOW_REDUNDANCY,likely_distinct
1280,mom_10h,q158_high_low_range,momentum,alpha158,False,49928,0.1875,0.009828,0.1875,0.009828,LOW_REDUNDANCY,likely_distinct
1281,mom_10h,range_1h,momentum,range_position,False,49928,0.1875,0.009828,0.1875,0.009828,LOW_REDUNDANCY,likely_distinct
1282,q158_high_low_range,rev_10h,alpha158,reversal,False,49928,-0.1875,-0.009828,0.1875,0.009828,LOW_REDUNDANCY,likely_distinct
1283,amihud_illiquidity_20h,mom_20h,liquidity,momentum,False,49864,-0.015062,-0.009698,0.015062,0.009698,LOW_REDUNDANCY,likely_distinct
1284,funding_rate_level_20h,rev_3h,funding_rate,reversal,False,7619,-0.045486,-0.009691,0.045486,0.009691,LOW_REDUNDANCY,likely_distinct
1285,ma_gap_20_80,xs_rank_ret_1h,trend_ma,cross_sectional_normalized,False,49718,-0.009864,-0.009687,0.009864,0.009687,LOW_REDUNDANCY,likely_distinct
1286,qvol_ma_ratio_5_20,taker_buy_delta_5h,quote_volume_liquidity,taker_imbalance,False,46761,-0.010266,-0.009678,0.010266,0.009678,LOW_REDUNDANCY,likely_distinct
1287,candle_wick_lower,qvol_ma_ratio_20_80,intraday_candle,quote_volume_liquidity,False,49711,-0.006697,-0.009678,0.006697,0.009678,LOW_REDUNDANCY,likely_distinct
1288,intraday_ret,q158_high_low_range,alpha158_ohlcv,alpha158,False,50000,0.017097,-0.009672,0.017097,0.009672,LOW_REDUNDANCY,likely_distinct
1289,intraday_ret,range_1h,alpha158_ohlcv,range_position,False,50000,0.017097,-0.009672,0.017097,0.009672,LOW_REDUNDANCY,likely_distinct
1290,candle_wick_upper,volatility_20h,intraday_candle,volatility,False,49831,0.005871,0.00958,0.005871,0.00958,LOW_REDUNDANCY,likely_distinct
1291,amihud_illiquidity_20h,wq101_alpha53,liquidity,wq101,False,49759,-0.003264,-0.009555,0.003264,0.009555,LOW_REDUNDANCY,likely_distinct
1292,range_1h,rev_1h,range_position,reversal,False,49993,-0.017341,0.00946,0.017341,0.00946,LOW_REDUNDANCY,likely_distinct
1293,q158_high_low_range,rev_1h,alpha158,reversal,False,49993,-0.017341,0.00946,0.017341,0.00946,LOW_REDUNDANCY,likely_distinct
1294,vol_ratio_5_20,wq101_alpha53,volatility,wq101,False,49895,0.044566,0.0094,0.044566,0.0094,LOW_REDUNDANCY,likely_distinct
1295,candle_body,qvol_ma_ratio_20_80,intraday_candle,quote_volume_liquidity,False,49711,0.0112,0.009373,0.0112,0.009373,LOW_REDUNDANCY,likely_distinct
1296,candle_body,funding_rate_level_20h,intraday_candle,funding_rate,False,7598,0.015794,0.009243,0.015794,0.009243,LOW_REDUNDANCY,likely_distinct
1297,realized_skew_20h,xs_rank_ret_1h,realized_shape,cross_sectional_normalized,False,49838,0.016742,0.009185,0.016742,0.009185,LOW_REDUNDANCY,likely_distinct
1298,ma_gap_20_80,rev_3h,trend_ma,reversal,False,49732,-0.013584,-0.009136,0.013584,0.009136,LOW_REDUNDANCY,likely_distinct
1299,candle_wick_upper,ma_gap_20_80,intraday_candle,trend_ma,False,49711,0.006075,0.009109,0.006075,0.009109,LOW_REDUNDANCY,likely_distinct
1300,vol_5h,wq101_alpha53,volatility,wq101,False,49971,0.041964,0.009001,0.041964,0.009001,LOW_REDUNDANCY,likely_distinct
1301,wq101_alpha53,xs_rank_vol,wq101,cross_sectional_normalized,False,49905,0.009238,0.008967,0.009238,0.008967,LOW_REDUNDANCY,likely_distinct
1302,funding_rate_level_20h,qvol_ma_ratio_20_80,funding_rate,quote_volume_liquidity,False,7842,-0.290223,-0.008956,0.290223,0.008956,LOW_REDUNDANCY,likely_distinct
1303,realized_kurt_20h,xs_rank_ret_1h,realized_shape,cross_sectional_normalized,False,49838,0.01063,0.008833,0.01063,0.008833,LOW_REDUNDANCY,likely_distinct
1304,reversal_5h,vol_5h,momentum,volatility,False,50000,-0.144603,-0.008832,0.144603,0.008832,LOW_REDUNDANCY,likely_distinct
1305,mom_5h,vol_5h,momentum,volatility,False,50000,0.144603,0.008832,0.144603,0.008832,LOW_REDUNDANCY,likely_distinct
1306,wvma_20h,xs_rank_ret_1h,alpha158_ohlcv,cross_sectional_normalized,False,49838,0.003813,-0.008749,0.003813,0.008749,LOW_REDUNDANCY,likely_distinct
1307,taker_buy_delta_5h,vol_5h,taker_imbalance,volatility,False,46761,0.002176,0.008742,0.002176,0.008742,LOW_REDUNDANCY,likely_distinct
1308,ksft_5h,qvol_ma_ratio_20_80,alpha158_ohlcv,quote_volume_liquidity,False,49746,0.009144,0.008735,0.009144,0.008735,LOW_REDUNDANCY,likely_distinct
1309,qvol_ma_ratio_5_20,rev_1h,quote_volume_liquidity,reversal,False,49848,-0.034159,-0.008722,0.034159,0.008722,LOW_REDUNDANCY,likely_distinct
1310,ksft_5h,taker_buy_zscore_20h,alpha158_ohlcv,taker_imbalance,False,46509,-0.001724,-0.008632,0.001724,0.008632,LOW_REDUNDANCY,likely_distinct
1311,candle_wick_upper,funding_rate_level_20h,intraday_candle,funding_rate,False,7598,-0.020334,-0.008617,0.020334,0.008617,LOW_REDUNDANCY,likely_distinct
1312,mom_5h,tech_atr,momentum,technical,False,49926,0.005623,-0.008561,0.005623,0.008561,LOW_REDUNDANCY,likely_distinct
1313,reversal_5h,tech_atr,momentum,technical,False,49926,-0.005623,0.008561,0.005623,0.008561,LOW_REDUNDANCY,likely_distinct
1314,range_4h,rsi_7h,range_position,technical_indicators,False,49972,0.040088,0.008471,0.040088,0.008471,LOW_REDUNDANCY,likely_distinct
1315,range_1h,vwap_dev_20h,range_position,alpha158_ohlcv,False,49841,0.088523,-0.008458,0.088523,0.008458,LOW_REDUNDANCY,likely_distinct
1316,q158_high_low_range,vwap_dev_20h,alpha158,alpha158_ohlcv,False,49841,0.088523,-0.008458,0.088523,0.008458,LOW_REDUNDANCY,likely_distinct
1317,qvol_ma_ratio_5_20,xs_rank_vol,quote_volume_liquidity,cross_sectional_normalized,False,50000,0.008622,0.008444,0.008622,0.008444,LOW_REDUNDANCY,likely_distinct
1318,downside_vol_20h,wq101_alpha53,realized_skew_kurtosis,wq101,False,49895,-0.00249,0.008341,0.00249,0.008341,LOW_REDUNDANCY,likely_distinct
1319,rev_3h,tech_atr,reversal,technical,False,49912,-0.005266,0.008311,0.005266,0.008311,LOW_REDUNDANCY,likely_distinct
1320,funding_rate_level_20h,ksft_5h,funding_rate,alpha158_ohlcv,False,7633,0.000788,-0.008304,0.000788,0.008304,LOW_REDUNDANCY,likely_distinct
1321,range_1h,wq101_alpha12,range_position,wq101,False,49993,-0.046206,0.00823,0.046206,0.00823,LOW_REDUNDANCY,likely_distinct
1322,q158_high_low_range,wq101_alpha12,alpha158,wq101,False,49993,-0.046206,0.00823,0.046206,0.00823,LOW_REDUNDANCY,likely_distinct
1323,amihud_illiquidity_20h,qvol_ma_ratio_5_20,liquidity,quote_volume_liquidity,False,49854,0.002368,-0.008163,0.002368,0.008163,LOW_REDUNDANCY,likely_distinct
1324,candle_body,qvol_zscore_20h,intraday_candle,quote_volume_liquidity,False,49841,0.002875,-0.008109,0.002875,0.008109,LOW_REDUNDANCY,likely_distinct
1325,funding_rate_zscore_80h,taker_buy_zscore_20h,funding_rate,taker_imbalance,False,10317,-0.007825,-0.008032,0.007825,0.008032,LOW_REDUNDANCY,likely_distinct
1326,taker_buy_zscore_20h,vol_ratio_5_20,taker_imbalance,volatility,False,46633,0.007068,0.00791,0.007068,0.00791,LOW_REDUNDANCY,likely_distinct
1327,taker_buy_delta_5h,taker_buy_ratio_20h,taker_imbalance,taker_imbalance,True,49727,-0.008624,-0.007907,0.008624,0.007907,LOW_REDUNDANCY,likely_distinct
1328,qvol_ma_ratio_5_20,vol_ratio_20_80,quote_volume_liquidity,volatility,False,49863,0.087944,0.007868,0.087944,0.007868,LOW_REDUNDANCY,likely_distinct
1329,intraday_ret,qvol_ma_ratio_5_20,alpha158_ohlcv,quote_volume_liquidity,False,49841,0.033316,0.007857,0.033316,0.007857,LOW_REDUNDANCY,likely_distinct
1330,ma_gap_5_20,tech_atr,trend_ma,technical,False,49950,0.023005,-0.007819,0.023005,0.007819,LOW_REDUNDANCY,likely_distinct
1331,qvol_zscore_20h,taker_buy_ratio_20h,quote_volume_liquidity,taker_imbalance,False,46633,-0.000708,-0.007787,0.000708,0.007787,LOW_REDUNDANCY,likely_distinct
1332,ksft_5h,wq101_alpha53,alpha158_ohlcv,wq101,False,49971,-0.01141,0.007716,0.01141,0.007716,LOW_REDUNDANCY,likely_distinct
1333,mom_10h,tech_atr,momentum,technical,False,49963,0.022697,-0.007674,0.022697,0.007674,LOW_REDUNDANCY,likely_distinct
1334,rev_10h,tech_atr,reversal,technical,False,49963,-0.022697,0.007674,0.022697,0.007674,LOW_REDUNDANCY,likely_distinct
1335,ksft_5h,taker_buy_delta_5h,alpha158_ohlcv,taker_imbalance,False,46761,-0.003706,-0.007642,0.003706,0.007642,LOW_REDUNDANCY,likely_distinct
1336,rev_3h,wvma_20h,reversal,alpha158_ohlcv,False,49852,-0.096278,0.007624,0.096278,0.007624,LOW_REDUNDANCY,likely_distinct
1337,vol_5h,vwap_dev_20h,volatility,alpha158_ohlcv,False,49876,0.083407,0.007557,0.083407,0.007557,LOW_REDUNDANCY,likely_distinct
1338,ema_12_26_gap,volatility_20h,technical_indicators,volatility,False,49831,0.165182,0.007542,0.165182,0.007542,LOW_REDUNDANCY,likely_distinct
1339,vol_5h,xs_rank_ret_1h,volatility,cross_sectional_normalized,False,49972,-0.005688,-0.007525,0.005688,0.007525,LOW_REDUNDANCY,likely_distinct
1340,candle_wick_lower,ma_gap_20_80,intraday_candle,trend_ma,False,49711,0.005342,0.007494,0.005342,0.007494,LOW_REDUNDANCY,likely_distinct
1341,amihud_illiquidity_20h,xs_rank_ret_1h,liquidity,cross_sectional_normalized,False,49702,0.005882,0.007463,0.005882,0.007463,LOW_REDUNDANCY,likely_distinct
1342,mom_20h,wvma_20h,momentum,alpha158_ohlcv,False,50000,0.176731,-0.007462,0.176731,0.007462,LOW_REDUNDANCY,likely_distinct
1343,funding_rate_level_20h,wq101_alpha53,funding_rate,wq101,False,7662,-0.014859,0.007381,0.014859,0.007381,LOW_REDUNDANCY,likely_distinct
1344,qvol_ma_ratio_20_80,rev_3h,quote_volume_liquidity,reversal,False,49732,-0.055639,-0.007302,0.055639,0.007302,LOW_REDUNDANCY,likely_distinct
1345,funding_rate_zscore_80h,wq101_alpha12,funding_rate,wq101,False,7028,0.025075,-0.007261,0.025075,0.007261,LOW_REDUNDANCY,likely_distinct
1346,ma_gap_5_20,range_4h,trend_ma,range_position,False,49862,0.170301,0.007239,0.170301,0.007239,LOW_REDUNDANCY,likely_distinct
1347,ma_gap_5_20,volatility_20h,trend_ma,volatility,False,49990,0.169409,0.007232,0.169409,0.007232,LOW_REDUNDANCY,likely_distinct
1348,taker_buy_zscore_20h,vol_ratio_20_80,taker_imbalance,volatility,False,46633,0.008555,0.00718,0.008555,0.00718,LOW_REDUNDANCY,likely_distinct
1349,funding_rate_zscore_80h,xs_rank_ret_1h,funding_rate,cross_sectional_normalized,False,7028,0.000218,-0.007082,0.000218,0.007082,LOW_REDUNDANCY,likely_distinct
1350,ema_12_26_gap,klow_close,technical_indicators,alpha158_ohlcv,False,50000,0.053082,0.007039,0.053082,0.007039,LOW_REDUNDANCY,likely_distinct
1351,ksft_5h,realized_kurt_20h,alpha158_ohlcv,realized_shape,False,49866,0.024565,0.006994,0.024565,0.006994,LOW_REDUNDANCY,likely_distinct
1352,reversal_5h,xs_rank_vol,momentum,cross_sectional_normalized,False,49876,-0.016938,-0.006673,0.016938,0.006673,LOW_REDUNDANCY,likely_distinct
1353,mom_5h,xs_rank_vol,momentum,cross_sectional_normalized,False,49876,0.016938,0.006673,0.016938,0.006673,LOW_REDUNDANCY,likely_distinct
1354,range_4h,wq101_alpha53,range_position,wq101,False,49957,0.04211,0.006672,0.04211,0.006672,LOW_REDUNDANCY,likely_distinct
1355,downside_vol_20h,taker_buy_ratio_20h,realized_skew_kurtosis,taker_imbalance,False,46633,0.016903,0.006655,0.016903,0.006655,LOW_REDUNDANCY,likely_distinct
1356,vol_ratio_5_20,wq101_alpha12,volatility,wq101,False,49838,-0.007653,0.006635,0.007653,0.006635,LOW_REDUNDANCY,likely_distinct
1357,candle_wick_lower,tech_atr,intraday_candle,technical,False,49891,-0.000118,-0.006616,0.000118,0.006616,LOW_REDUNDANCY,likely_distinct
1358,candle_body,vol_ratio_20_80,intraday_candle,volatility,False,49704,0.009092,0.006527,0.009092,0.006527,LOW_REDUNDANCY,likely_distinct
1359,amihud_illiquidity_20h,bb_zscore_20h,liquidity,technical,False,49854,-0.007933,-0.006452,0.007933,0.006452,LOW_REDUNDANCY,likely_distinct
1360,amihud_illiquidity_20h,ma_gap_5_20,liquidity,trend_ma,False,49854,-0.007534,-0.006452,0.007534,0.006452,LOW_REDUNDANCY,likely_distinct
1361,ma_gap_20_80,vol_5h,trend_ma,volatility,False,49746,0.09521,0.006427,0.09521,0.006427,LOW_REDUNDANCY,likely_distinct
1362,klow_close,price_volume_corr_20h,alpha158_ohlcv,volume_price,False,49687,-0.00555,0.006422,0.00555,0.006422,LOW_REDUNDANCY,likely_distinct
1363,price_pos_72h,tech_atr,price_position,technical,False,49876,-0.015997,0.006417,0.015997,0.006417,LOW_REDUNDANCY,likely_distinct
1364,ksft_5h,wvma_20h,alpha158_ohlcv,alpha158_ohlcv,True,49866,0.011978,0.00641,0.011978,0.00641,LOW_REDUNDANCY,likely_distinct
1365,amihud_illiquidity_20h,ksft_5h,liquidity,alpha158_ohlcv,False,49730,-0.000934,0.006352,0.000934,0.006352,LOW_REDUNDANCY,likely_distinct
1366,vol_ratio_20_80,vwap_dev_20h,volatility,alpha158_ohlcv,False,49863,0.025991,0.006348,0.025991,0.006348,LOW_REDUNDANCY,likely_distinct
1367,candle_wick_lower,funding_rate_zscore_80h,intraday_candle,funding_rate,False,7021,-0.004459,0.006302,0.004459,0.006302,LOW_REDUNDANCY,likely_distinct
1368,range_4h,rev_10h,range_position,reversal,False,49949,-0.169095,0.006279,0.169095,0.006279,LOW_REDUNDANCY,likely_distinct
1369,mom_10h,range_4h,momentum,range_position,False,49949,0.169095,-0.006279,0.169095,0.006279,LOW_REDUNDANCY,likely_distinct
1370,amihud_illiquidity_20h,rev_3h,liquidity,reversal,False,49716,-0.006681,-0.006192,0.006681,0.006192,LOW_REDUNDANCY,likely_distinct
1371,breakout_dist_20h,q158_high_low_range,breakout,alpha158,False,49841,0.034396,0.006115,0.034396,0.006115,LOW_REDUNDANCY,likely_distinct
1372,breakout_dist_20h,range_1h,breakout,range_position,False,49841,0.034396,0.006115,0.034396,0.006115,LOW_REDUNDANCY,likely_distinct
1373,qvol_ma_ratio_20_80,rev_1h,quote_volume_liquidity,reversal,False,49718,-0.024184,-0.005864,0.024184,0.005864,LOW_REDUNDANCY,likely_distinct
1374,reversal_5h,vol_ratio_20_80,momentum,volatility,False,49739,-0.028501,0.005834,0.028501,0.005834,LOW_REDUNDANCY,likely_distinct
1375,mom_5h,vol_ratio_20_80,momentum,volatility,False,49739,0.028501,-0.005834,0.028501,0.005834,LOW_REDUNDANCY,likely_distinct
1376,rsi_7h,wvma_20h,technical_indicators,alpha158_ohlcv,False,49880,0.037762,0.005759,0.037762,0.005759,LOW_REDUNDANCY,likely_distinct
1377,range_4h,rev_1h,range_position,reversal,False,49986,-0.012344,0.005719,0.012344,0.005719,LOW_REDUNDANCY,likely_distinct
1378,rsi_14h,wvma_20h,technical,alpha158_ohlcv,False,49940,0.046111,0.005707,0.046111,0.005707,LOW_REDUNDANCY,likely_distinct
1379,taker_buy_zscore_20h,volatility_20h,taker_imbalance,volatility,False,46633,0.004572,0.005616,0.004572,0.005616,LOW_REDUNDANCY,likely_distinct
1380,intraday_ret,qvol_ma_ratio_20_80,alpha158_ohlcv,quote_volume_liquidity,False,49711,0.023503,0.005581,0.023503,0.005581,LOW_REDUNDANCY,likely_distinct
1381,q158_high_low_range,reversal_5h,alpha158,momentum,False,49965,-0.139519,0.00558,0.139519,0.00558,LOW_REDUNDANCY,likely_distinct
1382,mom_5h,range_1h,momentum,range_position,False,49965,0.139519,-0.00558,0.139519,0.00558,LOW_REDUNDANCY,likely_distinct
1383,mom_5h,q158_high_low_range,momentum,alpha158,False,49965,0.139519,-0.00558,0.139519,0.00558,LOW_REDUNDANCY,likely_distinct
1384,range_1h,reversal_5h,range_position,momentum,False,49965,-0.139519,0.00558,0.139519,0.00558,LOW_REDUNDANCY,likely_distinct
1385,intraday_ret,range_4h,alpha158_ohlcv,range_position,False,49979,0.012283,-0.005579,0.012283,0.005579,LOW_REDUNDANCY,likely_distinct
1386,amihud_illiquidity_20h,rsi_7h,liquidity,technical_indicators,False,49744,-0.001925,-0.005466,0.001925,0.005466,LOW_REDUNDANCY,likely_distinct
1387,qvol_zscore_20h,tech_atr,quote_volume_liquidity,technical,False,49950,-0.010762,-0.005452,0.010762,0.005452,LOW_REDUNDANCY,likely_distinct
1388,mom_72h,wvma_20h,momentum,alpha158_ohlcv,False,49929,0.125985,-0.005372,0.125985,0.005372,LOW_REDUNDANCY,likely_distinct
1389,rev_72h,wvma_20h,reversal,alpha158_ohlcv,False,49929,-0.125985,0.005372,0.125985,0.005372,LOW_REDUNDANCY,likely_distinct
1390,taker_buy_delta_5h,volatility_20h,taker_imbalance,volatility,False,46761,0.002753,0.005355,0.002753,0.005355,LOW_REDUNDANCY,likely_distinct
1391,realized_skew_20h,wq101_alpha101,realized_shape,wq101,False,49831,0.048555,0.005349,0.048555,0.005349,LOW_REDUNDANCY,likely_distinct
1392,funding_rate_zscore_80h,taker_buy_delta_5h,funding_rate,taker_imbalance,False,10107,0.003462,0.005318,0.003462,0.005318,LOW_REDUNDANCY,likely_distinct
1393,ma_gap_20_80,wq101_alpha101,trend_ma,wq101,False,49711,0.005037,0.005226,0.005037,0.005226,LOW_REDUNDANCY,likely_distinct
1394,vol_zscore_20h,wq101_alpha12,volume_liquidity,wq101,False,49848,-0.016059,0.005186,0.016059,0.005186,LOW_REDUNDANCY,likely_distinct
1395,price_pos_24h,vol_40h,price_position,volatility,False,49864,-0.003487,0.005179,0.003487,0.005179,LOW_REDUNDANCY,likely_distinct
1396,vol_ratio_20_80,wq101_alpha101,volatility,wq101,False,49704,0.007454,0.005148,0.007454,0.005148,LOW_REDUNDANCY,likely_distinct
1397,tech_atr,vol_zscore_20h,technical,volume_liquidity,False,49950,-0.011022,-0.005124,0.011022,0.005124,LOW_REDUNDANCY,likely_distinct
1398,candle_wick_upper,ksft_5h,intraday_candle,alpha158_ohlcv,False,49965,0.004278,0.005103,0.004278,0.005103,LOW_REDUNDANCY,likely_distinct
1399,vol_ratio_5_20,xs_rank_ret_1h,volatility,cross_sectional_normalized,False,49838,0.004038,0.005075,0.004038,0.005075,LOW_REDUNDANCY,likely_distinct
1400,rev_72h,wq101_alpha53,reversal,wq101,False,49824,-0.006326,0.005063,0.006326,0.005063,LOW_REDUNDANCY,likely_distinct
1401,mom_72h,wq101_alpha53,momentum,wq101,False,49824,0.006326,-0.005063,0.006326,0.005063,LOW_REDUNDANCY,likely_distinct
1402,candle_body,tech_atr,intraday_candle,technical,False,49891,-0.001752,-0.005047,0.001752,0.005047,LOW_REDUNDANCY,likely_distinct
1403,qvol_ma_ratio_20_80,wq101_alpha53,quote_volume_liquidity,wq101,False,49775,0.00703,0.004952,0.00703,0.004952,LOW_REDUNDANCY,likely_distinct
1404,candle_body,realized_kurt_20h,intraday_candle,realized_shape,False,49831,0.011389,0.004798,0.011389,0.004798,LOW_REDUNDANCY,likely_distinct
1405,qvol_ma_ratio_20_80,vol_zscore_20h,quote_volume_liquidity,volume_liquidity,False,49870,-0.002109,-0.004696,0.002109,0.004696,LOW_REDUNDANCY,likely_distinct
1406,amihud_illiquidity_20h,rev_10h,liquidity,reversal,False,49767,0.002317,0.004687,0.002317,0.004687,LOW_REDUNDANCY,likely_distinct
1407,amihud_illiquidity_20h,mom_10h,liquidity,momentum,False,49767,-0.002317,-0.004687,0.002317,0.004687,LOW_REDUNDANCY,likely_distinct
1408,ksft_5h,xs_rank_ret_1h,alpha158_ohlcv,cross_sectional_normalized,False,49972,-0.001096,-0.004643,0.001096,0.004643,LOW_REDUNDANCY,likely_distinct
1409,ksft_5h,ma_gap_20_80,alpha158_ohlcv,trend_ma,False,49746,-0.003125,0.004579,0.003125,0.004579,LOW_REDUNDANCY,likely_distinct
1410,breakout_dist_20h,wvma_20h,breakout,alpha158_ohlcv,False,49990,0.017883,0.004524,0.017883,0.004524,LOW_REDUNDANCY,likely_distinct
1411,qvol_ma_ratio_5_20,taker_buy_zscore_20h,quote_volume_liquidity,taker_imbalance,False,46633,-0.003102,-0.004454,0.003102,0.004454,LOW_REDUNDANCY,likely_distinct
1412,funding_rate_change_24h,mom_accel_20h,funding_rate,momentum,False,7837,-0.033258,-0.004451,0.033258,0.004451,LOW_REDUNDANCY,likely_distinct
1413,vol_ratio_20_80,wq101_alpha12,volatility,wq101,False,49711,-0.009058,0.004443,0.009058,0.004443,LOW_REDUNDANCY,likely_distinct
1414,volatility_20h,wq101_alpha12,volatility,wq101,False,49838,-0.029476,-0.004423,0.029476,0.004423,LOW_REDUNDANCY,likely_distinct
1415,downside_vol_20h,taker_buy_delta_5h,realized_skew_kurtosis,taker_imbalance,False,46761,0.004309,0.004421,0.004309,0.004421,LOW_REDUNDANCY,likely_distinct
1416,amihud_illiquidity_20h,candle_body,liquidity,intraday_candle,False,49695,0.00688,0.004372,0.00688,0.004372,LOW_REDUNDANCY,likely_distinct
1417,taker_buy_delta_5h,wvma_20h,taker_imbalance,alpha158_ohlcv,False,46761,0.001385,0.004321,0.001385,0.004321,LOW_REDUNDANCY,likely_distinct
1418,vol_ratio_5_20,xs_rank_vol,volatility,cross_sectional_normalized,False,49990,0.001163,-0.004167,0.001163,0.004167,LOW_REDUNDANCY,likely_distinct
1419,taker_buy_zscore_20h,wvma_20h,taker_imbalance,alpha158_ohlcv,False,46633,0.008092,0.004166,0.008092,0.004166,LOW_REDUNDANCY,likely_distinct
1420,vol_zscore_20h,wq101_alpha101,volume_liquidity,wq101,False,49841,0.005834,-0.004129,0.005834,0.004129,LOW_REDUNDANCY,likely_distinct
1421,mom_120h,qvol_zscore_48h,momentum,quote_volume_liquidity,False,49753,0.012442,-0.004104,0.012442,0.004104,LOW_REDUNDANCY,likely_distinct
1422,candle_body,volatility_20h,intraday_candle,volatility,False,49831,0.007104,0.004067,0.007104,0.004067,LOW_REDUNDANCY,likely_distinct
1423,taker_buy_delta_5h,vol_ratio_20_80,taker_imbalance,volatility,False,46761,0.005019,0.004029,0.005019,0.004029,LOW_REDUNDANCY,likely_distinct
1424,intraday_ret,realized_kurt_20h,alpha158_ohlcv,realized_shape,False,49831,0.03426,0.00399,0.03426,0.00399,LOW_REDUNDANCY,likely_distinct
1425,mom_5h,volatility_20h,momentum,volatility,False,49866,0.095742,-0.003966,0.095742,0.003966,LOW_REDUNDANCY,likely_distinct
1426,reversal_5h,volatility_20h,momentum,volatility,False,49866,-0.095742,0.003966,0.095742,0.003966,LOW_REDUNDANCY,likely_distinct
1427,klow_close,vol_ret_corr_20h,alpha158_ohlcv,alpha158_ohlcv,True,49831,-0.020054,-0.00395,0.020054,0.00395,LOW_REDUNDANCY,likely_distinct
1428,rev_1h,tech_atr,reversal,technical,False,49898,-0.009159,0.003931,0.009159,0.003931,LOW_REDUNDANCY,likely_distinct
1429,amihud_illiquidity_20h,breakout_dist_20h,liquidity,breakout,False,49854,-0.003581,-0.003922,0.003581,0.003922,LOW_REDUNDANCY,likely_distinct
1430,candle_wick_upper,xs_rank_vol,intraday_candle,cross_sectional_normalized,False,49841,0.00713,0.003907,0.00713,0.003907,LOW_REDUNDANCY,likely_distinct
1431,amihud_illiquidity_20h,realized_skew_20h,liquidity,realized_shape,False,49864,0.005436,-0.003878,0.005436,0.003878,LOW_REDUNDANCY,likely_distinct
1432,range_4h,xs_rank_ret_1h,range_position,cross_sectional_normalized,False,49986,-0.000794,-0.003872,0.000794,0.003872,LOW_REDUNDANCY,likely_distinct
1433,ksft_5h,range_4h,alpha158_ohlcv,range_position,False,49986,0.002808,0.003856,0.002808,0.003856,LOW_REDUNDANCY,likely_distinct
1434,candle_body,range_4h,intraday_candle,range_position,False,49979,0.005436,0.00382,0.005436,0.00382,LOW_REDUNDANCY,likely_distinct
1435,bb_zscore_20h,tech_atr,technical,technical,True,49950,-0.003135,0.003742,0.003135,0.003742,LOW_REDUNDANCY,likely_distinct
1436,intraday_ret,tech_atr,alpha158_ohlcv,technical,False,49891,0.009341,-0.003653,0.009341,0.003653,LOW_REDUNDANCY,likely_distinct
1437,taker_buy_delta_5h,vol_ratio_5_20,taker_imbalance,volatility,False,46761,0.002093,0.003593,0.002093,0.003593,LOW_REDUNDANCY,likely_distinct
1438,xs_rank_ret_1h,xs_rank_vol,cross_sectional_normalized,cross_sectional_normalized,True,49848,0.006733,0.003567,0.006733,0.003567,LOW_REDUNDANCY,likely_distinct
1439,realized_kurt_20h,rev_1h,realized_shape,reversal,False,49838,-0.033849,-0.003537,0.033849,0.003537,LOW_REDUNDANCY,likely_distinct
1440,candle_body,wvma_20h,intraday_candle,alpha158_ohlcv,False,49831,0.011646,0.003531,0.011646,0.003531,LOW_REDUNDANCY,likely_distinct
1441,price_volume_corr_20h,vol_ratio_5_20,volume_price,volatility,False,49856,0.008481,0.003519,0.008481,0.003519,LOW_REDUNDANCY,likely_distinct
1442,funding_rate_zscore_80h,wq101_alpha101,funding_rate,wq101,False,7021,0.009199,-0.003479,0.009199,0.003479,LOW_REDUNDANCY,likely_distinct
1443,funding_rate_level_20h,taker_buy_delta_5h,funding_rate,taker_imbalance,False,10849,0.001284,-0.003343,0.001284,0.003343,LOW_REDUNDANCY,likely_distinct
1444,rsi_14h,tech_atr,technical,technical,True,50000,0.009139,0.003305,0.009139,0.003305,LOW_REDUNDANCY,likely_distinct
1445,rev_10h,volatility_20h,reversal,volatility,False,49903,-0.161307,-0.003298,0.161307,0.003298,LOW_REDUNDANCY,likely_distinct
1446,mom_10h,volatility_20h,momentum,volatility,False,49903,0.161307,0.003298,0.161307,0.003298,LOW_REDUNDANCY,likely_distinct
1447,funding_rate_zscore_80h,rev_1h,funding_rate,reversal,False,7028,0.005597,-0.003273,0.005597,0.003273,LOW_REDUNDANCY,likely_distinct
1448,q158_high_low_range,wq101_alpha101,alpha158,wq101,False,50000,0.006902,0.003264,0.006902,0.003264,LOW_REDUNDANCY,likely_distinct
1449,range_1h,wq101_alpha101,range_position,wq101,False,50000,0.006902,0.003264,0.006902,0.003264,LOW_REDUNDANCY,likely_distinct
1450,vol_zscore_20h,xs_rank_vol,volume_liquidity,cross_sectional_normalized,False,50000,-0.001026,-0.003251,0.001026,0.003251,LOW_REDUNDANCY,likely_distinct
1451,vol_ratio_20_80,xs_rank_ret_1h,volatility,cross_sectional_normalized,False,49711,0.003349,0.003213,0.003349,0.003213,LOW_REDUNDANCY,likely_distinct
1452,williams_r_14h,wvma_20h,technical_indicators,alpha158_ohlcv,False,49930,-0.013366,-0.003171,0.013366,0.003171,LOW_REDUNDANCY,likely_distinct
1453,bb_zscore_20h,range_4h,technical,range_position,False,49862,0.027893,0.003168,0.027893,0.003168,LOW_REDUNDANCY,likely_distinct
1454,amihud_illiquidity_20h,vwap_dev_20h,liquidity,alpha158_ohlcv,False,49854,0.001122,-0.00315,0.001122,0.00315,LOW_REDUNDANCY,likely_distinct
1455,rev_10h,taker_buy_delta_5h,reversal,taker_imbalance,False,46761,0.00069,-0.003143,0.00069,0.003143,LOW_REDUNDANCY,likely_distinct
1456,mom_10h,taker_buy_delta_5h,momentum,taker_imbalance,False,46761,-0.00069,0.003143,0.00069,0.003143,LOW_REDUNDANCY,likely_distinct
1457,rev_3h,xs_rank_vol,reversal,cross_sectional_normalized,False,49862,-0.009475,-0.003127,0.009475,0.003127,LOW_REDUNDANCY,likely_distinct
1458,realized_kurt_20h,wq101_alpha53,realized_shape,wq101,False,49895,-0.004085,-0.0031,0.004085,0.0031,LOW_REDUNDANCY,likely_distinct
1459,qvol_ma_ratio_20_80,wq101_alpha12,quote_volume_liquidity,wq101,False,49718,-0.005846,0.003004,0.005846,0.003004,LOW_REDUNDANCY,likely_distinct
1460,mom_72h,taker_buy_zscore_20h,momentum,taker_imbalance,False,46633,0.000488,0.002867,0.000488,0.002867,LOW_REDUNDANCY,likely_distinct
1461,rev_72h,taker_buy_zscore_20h,reversal,taker_imbalance,False,46633,-0.000488,-0.002867,0.000488,0.002867,LOW_REDUNDANCY,likely_distinct
1462,breakout_dist_20h,range_4h,breakout,range_position,False,49862,0.016765,-0.002848,0.016765,0.002848,LOW_REDUNDANCY,likely_distinct
1463,amihud_illiquidity_20h,intraday_ret,liquidity,alpha158_ohlcv,False,49695,0.005435,0.002771,0.005435,0.002771,LOW_REDUNDANCY,likely_distinct
1464,candle_wick_lower,xs_rank_vol,intraday_candle,cross_sectional_normalized,False,49841,-0.008105,-0.00273,0.008105,0.00273,LOW_REDUNDANCY,likely_distinct
1465,amihud_illiquidity_20h,reversal_5h,liquidity,momentum,False,49730,-0.005348,-0.002725,0.005348,0.002725,LOW_REDUNDANCY,likely_distinct
1466,amihud_illiquidity_20h,mom_5h,liquidity,momentum,False,49730,0.005348,0.002725,0.005348,0.002725,LOW_REDUNDANCY,likely_distinct
1467,mom_20h,taker_buy_delta_5h,momentum,taker_imbalance,False,46761,-0.002369,-0.002689,0.002369,0.002689,LOW_REDUNDANCY,likely_distinct
1468,amihud_illiquidity_20h,rev_1h,liquidity,reversal,False,49702,-0.005601,-0.002672,0.005601,0.002672,LOW_REDUNDANCY,likely_distinct
1469,funding_rate_zscore_80h,intraday_ret,funding_rate,alpha158_ohlcv,False,7021,-0.005607,0.002665,0.005607,0.002665,LOW_REDUNDANCY,likely_distinct
1470,amihud_illiquidity_20h,taker_buy_delta_5h,liquidity,taker_imbalance,False,46769,-0.00029,0.002659,0.00029,0.002659,LOW_REDUNDANCY,likely_distinct
1471,intraday_ret,ma_gap_20_80,alpha158_ohlcv,trend_ma,False,49711,-0.000288,0.002652,0.000288,0.002652,LOW_REDUNDANCY,likely_distinct
1472,price_pos_72h,wvma_20h,price_position,alpha158_ohlcv,False,49936,0.025638,0.002625,0.025638,0.002625,LOW_REDUNDANCY,likely_distinct
1473,realized_kurt_20h,reversal_5h,realized_shape,momentum,False,49866,-0.066791,-0.00261,0.066791,0.00261,LOW_REDUNDANCY,likely_distinct
1474,mom_5h,realized_kurt_20h,momentum,realized_shape,False,49866,0.066791,0.00261,0.066791,0.00261,LOW_REDUNDANCY,likely_distinct
1475,taker_buy_zscore_20h,xs_rank_vol,taker_imbalance,cross_sectional_normalized,False,46633,-0.002876,-0.00258,0.002876,0.00258,LOW_REDUNDANCY,likely_distinct
1476,tech_atr,wq101_alpha53,technical,wq101,False,49955,-0.024047,-0.002578,0.024047,0.002578,LOW_REDUNDANCY,likely_distinct
1477,qvol_ma_ratio_20_80,xs_rank_ret_1h,quote_volume_liquidity,cross_sectional_normalized,False,49718,0.002701,0.002568,0.002701,0.002568,LOW_REDUNDANCY,likely_distinct
1478,rev_1h,wvma_20h,reversal,alpha158_ohlcv,False,49838,-0.056816,0.002564,0.056816,0.002564,LOW_REDUNDANCY,likely_distinct
1479,rev_72h,taker_buy_delta_5h,reversal,taker_imbalance,False,46761,-0.001452,-0.002538,0.001452,0.002538,LOW_REDUNDANCY,likely_distinct
1480,mom_72h,taker_buy_delta_5h,momentum,taker_imbalance,False,46761,0.001452,0.002538,0.001452,0.002538,LOW_REDUNDANCY,likely_distinct
1481,ma_gap_20_80,rev_1h,trend_ma,reversal,False,49718,0.000163,-0.002536,0.000163,0.002536,LOW_REDUNDANCY,likely_distinct
1482,rsi_7h,tech_atr,technical_indicators,technical,False,49940,-0.004155,-0.002521,0.004155,0.002521,LOW_REDUNDANCY,likely_distinct
1483,ma_gap_20_80,volatility_20h,trend_ma,volatility,False,49880,0.127013,-0.002495,0.127013,0.002495,LOW_REDUNDANCY,likely_distinct
1484,qvol_ma_ratio_20_80,taker_buy_zscore_20h,quote_volume_liquidity,taker_imbalance,False,46633,-0.002846,-0.002468,0.002846,0.002468,LOW_REDUNDANCY,likely_distinct
1485,realized_kurt_20h,taker_buy_zscore_20h,realized_shape,taker_imbalance,False,46633,0.001978,0.002405,0.001978,0.002405,LOW_REDUNDANCY,likely_distinct
1486,vol_ratio_5_20,vol_ret_corr_20h,volatility,alpha158_ohlcv,False,50000,0.00582,-0.002391,0.00582,0.002391,LOW_REDUNDANCY,likely_distinct
1487,amihud_illiquidity_20h,wq101_alpha12,liquidity,wq101,False,49702,0.002749,0.00239,0.002749,0.00239,LOW_REDUNDANCY,likely_distinct
1488,qvol_zscore_20h,xs_rank_vol,quote_volume_liquidity,cross_sectional_normalized,False,50000,0.00034,-0.002362,0.00034,0.002362,LOW_REDUNDANCY,likely_distinct
1489,realized_kurt_20h,rev_3h,realized_shape,reversal,False,49852,-0.053626,-0.002283,0.053626,0.002283,LOW_REDUNDANCY,likely_distinct
1490,range_4h,wq101_alpha101,range_position,wq101,False,49979,0.002052,0.002226,0.002052,0.002226,LOW_REDUNDANCY,likely_distinct
1491,mom_20h,tech_atr,momentum,technical,False,49940,0.045444,-0.002197,0.045444,0.002197,LOW_REDUNDANCY,likely_distinct
1492,mom_20h,wq101_alpha53,momentum,wq101,False,49895,-0.003423,-0.002183,0.003423,0.002183,LOW_REDUNDANCY,likely_distinct
1493,realized_skew_20h,taker_buy_zscore_20h,realized_shape,taker_imbalance,False,46633,0.004463,0.002142,0.004463,0.002142,LOW_REDUNDANCY,likely_distinct
1494,amihud_illiquidity_20h,taker_buy_zscore_20h,liquidity,taker_imbalance,False,46769,0.001056,0.002117,0.001056,0.002117,LOW_REDUNDANCY,likely_distinct
1495,tech_atr,vol_ratio_5_20,technical,volatility,False,49940,-0.008759,0.002102,0.008759,0.002102,LOW_REDUNDANCY,likely_distinct
1496,ksft_5h,tech_atr,alpha158_ohlcv,technical,False,49926,-0.005371,0.002089,0.005371,0.002089,LOW_REDUNDANCY,likely_distinct
1497,range_4h,wq101_alpha12,range_position,wq101,False,49986,-0.032284,0.002055,0.032284,0.002055,LOW_REDUNDANCY,likely_distinct
1498,rev_3h,vol_ratio_20_80,reversal,volatility,False,49725,-0.021141,0.002047,0.021141,0.002047,LOW_REDUNDANCY,likely_distinct
1499,ma_gap_20_80,vol_ratio_5_20,trend_ma,volatility,False,49880,0.000558,0.002036,0.000558,0.002036,LOW_REDUNDANCY,likely_distinct
1500,candle_body,funding_rate_zscore_80h,intraday_candle,funding_rate,False,7021,0.001906,0.002025,0.001906,0.002025,LOW_REDUNDANCY,likely_distinct
1501,volatility_20h,wq101_alpha53,volatility,wq101,False,49895,-0.008943,0.002007,0.008943,0.002007,LOW_REDUNDANCY,likely_distinct
1502,funding_rate_level_20h,taker_buy_zscore_20h,funding_rate,taker_imbalance,False,11106,0.012011,0.001984,0.012011,0.001984,LOW_REDUNDANCY,likely_distinct
1503,realized_kurt_20h,vwap_dev_20h,realized_shape,alpha158_ohlcv,False,49990,0.033912,0.00197,0.033912,0.00197,LOW_REDUNDANCY,likely_distinct
1504,q158_high_low_range,williams_r_14h,alpha158,technical_indicators,False,49901,-0.024074,0.001943,0.024074,0.001943,LOW_REDUNDANCY,likely_distinct
1505,range_1h,williams_r_14h,range_position,technical_indicators,False,49901,-0.024074,0.001943,0.024074,0.001943,LOW_REDUNDANCY,likely_distinct
1506,candle_wick_upper,qvol_ma_ratio_20_80,intraday_candle,quote_volume_liquidity,False,49711,0.007401,0.001903,0.007401,0.001903,LOW_REDUNDANCY,likely_distinct
1507,downside_vol_20h,taker_buy_zscore_20h,realized_skew_kurtosis,taker_imbalance,False,46633,0.003608,0.001851,0.003608,0.001851,LOW_REDUNDANCY,likely_distinct
1508,intraday_ret,wvma_20h,alpha158_ohlcv,alpha158_ohlcv,True,49831,0.056834,-0.001825,0.056834,0.001825,LOW_REDUNDANCY,likely_distinct
1509,qvol_ma_ratio_5_20,realized_kurt_20h,quote_volume_liquidity,realized_shape,False,49990,0.100421,0.001784,0.100421,0.001784,LOW_REDUNDANCY,likely_distinct
1510,vol_ratio_20_80,wq101_alpha53,volatility,wq101,False,49768,0.0028,0.001771,0.0028,0.001771,LOW_REDUNDANCY,likely_distinct
1511,qvol_ma_ratio_20_80,qvol_zscore_20h,quote_volume_liquidity,quote_volume_liquidity,True,49870,0.00285,-0.001763,0.00285,0.001763,LOW_REDUNDANCY,likely_distinct
1512,vol_5h,wq101_alpha12,volatility,wq101,False,49972,-0.042842,0.001762,0.042842,0.001762,LOW_REDUNDANCY,likely_distinct
1513,rev_3h,vol_zscore_20h,reversal,volume_liquidity,False,49862,-0.06488,-0.001728,0.06488,0.001728,LOW_REDUNDANCY,likely_distinct
1514,rev_1h,volatility_20h,reversal,volatility,False,49838,-0.031724,0.001538,0.031724,0.001538,LOW_REDUNDANCY,likely_distinct
1515,amihud_illiquidity_20h,wq101_alpha101,liquidity,wq101,False,49695,0.007064,0.001522,0.007064,0.001522,LOW_REDUNDANCY,likely_distinct
1516,realized_kurt_20h,wq101_alpha101,realized_shape,wq101,False,49831,0.013083,0.001494,0.013083,0.001494,LOW_REDUNDANCY,likely_distinct
1517,rev_3h,volatility_20h,reversal,volatility,False,49852,-0.066973,0.001418,0.066973,0.001418,LOW_REDUNDANCY,likely_distinct
1518,qvol_zscore_20h,wq101_alpha12,quote_volume_liquidity,wq101,False,49848,-0.018645,0.001397,0.018645,0.001397,LOW_REDUNDANCY,likely_distinct
1519,intraday_ret,volatility_20h,alpha158_ohlcv,volatility,False,49831,0.031701,-0.00136,0.031701,0.00136,LOW_REDUNDANCY,likely_distinct
1520,taker_buy_delta_5h,xs_rank_vol,taker_imbalance,cross_sectional_normalized,False,46761,-0.003275,-0.001349,0.003275,0.001349,LOW_REDUNDANCY,likely_distinct
1521,wq101_alpha101,wvma_20h,wq101,alpha158_ohlcv,False,49831,0.013653,-0.001347,0.013653,0.001347,LOW_REDUNDANCY,likely_distinct
1522,rev_1h,vol_ratio_20_80,reversal,volatility,False,49711,-0.013908,-0.001346,0.013908,0.001346,LOW_REDUNDANCY,likely_distinct
1523,candle_body,ma_gap_20_80,intraday_candle,trend_ma,False,49711,-0.001205,0.001336,0.001205,0.001336,LOW_REDUNDANCY,likely_distinct
1524,mom_20h,taker_buy_zscore_20h,momentum,taker_imbalance,False,46633,0.000584,-0.001304,0.000584,0.001304,LOW_REDUNDANCY,likely_distinct
1525,vol_ret_corr_20h,wvma_20h,alpha158_ohlcv,alpha158_ohlcv,True,50000,0.056011,-0.001254,0.056011,0.001254,LOW_REDUNDANCY,likely_distinct
1526,intraday_ret,vol_ratio_20_80,alpha158_ohlcv,volatility,False,49704,0.01346,0.001209,0.01346,0.001209,LOW_REDUNDANCY,likely_distinct
1527,candle_body,xs_rank_vol,intraday_candle,cross_sectional_normalized,False,49841,0.002131,0.001201,0.002131,0.001201,LOW_REDUNDANCY,likely_distinct
1528,realized_skew_20h,wq101_alpha53,realized_shape,wq101,False,49895,-0.007878,0.00115,0.007878,0.00115,LOW_REDUNDANCY,likely_distinct
1529,candle_wick_upper,wvma_20h,intraday_candle,alpha158_ohlcv,False,49831,-0.001146,-0.001044,0.001146,0.001044,LOW_REDUNDANCY,likely_distinct
1530,taker_buy_delta_5h,tech_atr,taker_imbalance,technical,False,46761,0.000944,-0.001037,0.000944,0.001037,LOW_REDUNDANCY,likely_distinct
1531,qvol_ma_ratio_20_80,taker_buy_delta_5h,quote_volume_liquidity,taker_imbalance,False,46761,4.2e-05,0.000959,4.2e-05,0.000959,LOW_REDUNDANCY,likely_distinct
1532,ksft_5h,xs_rank_vol,alpha158_ohlcv,cross_sectional_normalized,False,49876,0.008733,-0.000803,0.008733,0.000803,LOW_REDUNDANCY,likely_distinct
1533,ema_12_26_gap,tech_atr,technical_indicators,technical,False,49891,0.065945,0.000774,0.065945,0.000774,LOW_REDUNDANCY,likely_distinct
1534,amihud_illiquidity_20h,williams_r_14h,liquidity,technical_indicators,False,49794,-0.003472,-0.000748,0.003472,0.000748,LOW_REDUNDANCY,likely_distinct
1535,qvol_zscore_20h,wq101_alpha101,quote_volume_liquidity,wq101,False,49841,0.015003,0.000593,0.015003,0.000593,LOW_REDUNDANCY,likely_distinct
1536,qvol_ma_ratio_5_20,tech_atr,quote_volume_liquidity,technical,False,49950,0.006708,-0.000559,0.006708,0.000559,LOW_REDUNDANCY,likely_distinct
1537,candle_body,range_1h,intraday_candle,range_position,False,50000,0.005209,0.000415,0.005209,0.000415,LOW_REDUNDANCY,likely_distinct
1538,candle_body,q158_high_low_range,intraday_candle,alpha158,False,50000,0.005209,0.000415,0.005209,0.000415,LOW_REDUNDANCY,likely_distinct
1539,realized_skew_20h,taker_buy_delta_5h,realized_shape,taker_imbalance,False,46761,0.000427,-0.000403,0.000427,0.000403,LOW_REDUNDANCY,likely_distinct
1540,wq101_alpha12,wvma_20h,wq101,alpha158_ohlcv,False,49838,-0.056852,-0.000391,0.056852,0.000391,LOW_REDUNDANCY,likely_distinct
1541,qvol_ma_ratio_5_20,taker_buy_ratio_20h,quote_volume_liquidity,taker_imbalance,False,46633,0.003197,0.000356,0.003197,0.000356,LOW_REDUNDANCY,likely_distinct
1542,rev_1h,xs_rank_vol,reversal,cross_sectional_normalized,False,49848,-0.002937,-0.000228,0.002937,0.000228,LOW_REDUNDANCY,likely_distinct
1543,rev_72h,tech_macd,reversal,technical,False,49760,0.061893,-0.000179,0.061893,0.000179,LOW_REDUNDANCY,likely_distinct
1544,mom_72h,tech_macd,momentum,technical,False,49760,-0.061893,0.000179,0.061893,0.000179,LOW_REDUNDANCY,likely_distinct
1545,wq101_alpha53,wvma_20h,wq101,alpha158_ohlcv,False,49895,-0.01301,-0.000119,0.01301,0.000119,LOW_REDUNDANCY,likely_distinct
1546,intraday_ret,xs_rank_vol,alpha158_ohlcv,cross_sectional_normalized,False,49841,0.002525,-0.000117,0.002525,0.000117,LOW_REDUNDANCY,likely_distinct
1547,volatility_20h,wq101_alpha101,volatility,wq101,False,49831,0.007121,3.5e-05,0.007121,3.5e-05,LOW_REDUNDANCY,likely_distinct
1548,realized_kurt_20h,taker_buy_delta_5h,realized_shape,taker_imbalance,False,46761,-0.003988,1e-06,0.003988,1e-06,LOW_REDUNDANCY,likely_distinct
1549,taker_buy_zscore_20h,tech_atr,taker_imbalance,technical,False,46583,-0.003072,-0.0,0.003072,0.0,LOW_REDUNDANCY,likely_distinct
1550,amihud_illiquidity_20h,breakout_dist_48h,liquidity,breakout,False,0,,,,,INSUFFICIENT_OVERLAP,insufficient_overlap
1551,amihud_illiquidity_20h,funding_rate_change_24h,liquidity,funding_rate,False,0,,,,,INSUFFICIENT_OVERLAP,insufficient_overlap
1552,amihud_illiquidity_20h,ma_gap_10_40,liquidity,trend_ma,False,0,,,,,INSUFFICIENT_OVERLAP,insufficient_overlap
1553,amihud_illiquidity_20h,mom_120h,liquidity,momentum,False,0,,,,,INSUFFICIENT_OVERLAP,insufficient_overlap
1554,amihud_illiquidity_20h,mom_40h,liquidity,momentum,False,0,,,,,INSUFFICIENT_OVERLAP,insufficient_overlap
1555,amihud_illiquidity_20h,mom_accel_20h,liquidity,momentum,False,0,,,,,INSUFFICIENT_OVERLAP,insufficient_overlap
1556,amihud_illiquidity_20h,price_pos_120h,liquidity,price_position,False,0,,,,,INSUFFICIENT_OVERLAP,insufficient_overlap
1557,amihud_illiquidity_20h,price_pos_24h,liquidity,price_position,False,0,,,,,INSUFFICIENT_OVERLAP,insufficient_overlap
1558,amihud_illiquidity_20h,qvol_zscore_48h,liquidity,quote_volume_liquidity,False,0,,,,,INSUFFICIENT_OVERLAP,insufficient_overlap
1559,amihud_illiquidity_20h,range_24h,liquidity,range_position,False,0,,,,,INSUFFICIENT_OVERLAP,insufficient_overlap
1560,amihud_illiquidity_20h,rev_24h,liquidity,reversal,False,0,,,,,INSUFFICIENT_OVERLAP,insufficient_overlap
1561,amihud_illiquidity_20h,rsi_28h,liquidity,technical_indicators,False,0,,,,,INSUFFICIENT_OVERLAP,insufficient_overlap
1562,amihud_illiquidity_20h,trend_efficiency_24h,liquidity,trend_quality,False,0,,,,,INSUFFICIENT_OVERLAP,insufficient_overlap
1563,amihud_illiquidity_20h,vol_40h,liquidity,volatility,False,0,,,,,INSUFFICIENT_OVERLAP,insufficient_overlap
1564,amihud_illiquidity_20h,vol_of_vol_20h,liquidity,realized_skew_kurtosis,False,0,,,,,INSUFFICIENT_OVERLAP,insufficient_overlap
1565,amihud_illiquidity_20h,vol_zscore_48h,liquidity,volume_liquidity,False,0,,,,,INSUFFICIENT_OVERLAP,insufficient_overlap
1566,bb_zscore_20h,breakout_dist_48h,technical,breakout,False,0,,,,,INSUFFICIENT_OVERLAP,insufficient_overlap
1567,bb_zscore_20h,funding_rate_change_24h,technical,funding_rate,False,0,,,,,INSUFFICIENT_OVERLAP,insufficient_overlap
1568,bb_zscore_20h,ma_gap_10_40,technical,trend_ma,False,0,,,,,INSUFFICIENT_OVERLAP,insufficient_overlap
1569,bb_zscore_20h,mom_120h,technical,momentum,False,0,,,,,INSUFFICIENT_OVERLAP,insufficient_overlap
1570,bb_zscore_20h,mom_40h,technical,momentum,False,0,,,,,INSUFFICIENT_OVERLAP,insufficient_overlap
1571,bb_zscore_20h,mom_accel_20h,technical,momentum,False,0,,,,,INSUFFICIENT_OVERLAP,insufficient_overlap
1572,bb_zscore_20h,price_pos_120h,technical,price_position,False,0,,,,,INSUFFICIENT_OVERLAP,insufficient_overlap
1573,bb_zscore_20h,price_pos_24h,technical,price_position,False,0,,,,,INSUFFICIENT_OVERLAP,insufficient_overlap
1574,bb_zscore_20h,qvol_zscore_48h,technical,quote_volume_liquidity,False,0,,,,,INSUFFICIENT_OVERLAP,insufficient_overlap
1575,bb_zscore_20h,range_24h,technical,range_position,False,0,,,,,INSUFFICIENT_OVERLAP,insufficient_overlap
1576,bb_zscore_20h,rev_24h,technical,reversal,False,0,,,,,INSUFFICIENT_OVERLAP,insufficient_overlap
1577,bb_zscore_20h,rsi_28h,technical,technical_indicators,False,0,,,,,INSUFFICIENT_OVERLAP,insufficient_overlap
1578,bb_zscore_20h,trend_efficiency_24h,technical,trend_quality,False,0,,,,,INSUFFICIENT_OVERLAP,insufficient_overlap
1579,bb_zscore_20h,vol_40h,technical,volatility,False,0,,,,,INSUFFICIENT_OVERLAP,insufficient_overlap
1580,bb_zscore_20h,vol_of_vol_20h,technical,realized_skew_kurtosis,False,0,,,,,INSUFFICIENT_OVERLAP,insufficient_overlap
1581,bb_zscore_20h,vol_zscore_48h,technical,volume_liquidity,False,0,,,,,INSUFFICIENT_OVERLAP,insufficient_overlap
1582,breakout_dist_20h,breakout_dist_48h,breakout,breakout,True,0,,,,,INSUFFICIENT_OVERLAP,insufficient_overlap
1583,breakout_dist_20h,funding_rate_change_24h,breakout,funding_rate,False,0,,,,,INSUFFICIENT_OVERLAP,insufficient_overlap
1584,breakout_dist_20h,ma_gap_10_40,breakout,trend_ma,False,0,,,,,INSUFFICIENT_OVERLAP,insufficient_overlap
1585,breakout_dist_20h,mom_120h,breakout,momentum,False,0,,,,,INSUFFICIENT_OVERLAP,insufficient_overlap
1586,breakout_dist_20h,mom_40h,breakout,momentum,False,0,,,,,INSUFFICIENT_OVERLAP,insufficient_overlap
1587,breakout_dist_20h,mom_accel_20h,breakout,momentum,False,0,,,,,INSUFFICIENT_OVERLAP,insufficient_overlap
1588,breakout_dist_20h,price_pos_120h,breakout,price_position,False,0,,,,,INSUFFICIENT_OVERLAP,insufficient_overlap
1589,breakout_dist_20h,price_pos_24h,breakout,price_position,False,0,,,,,INSUFFICIENT_OVERLAP,insufficient_overlap
1590,breakout_dist_20h,qvol_zscore_48h,breakout,quote_volume_liquidity,False,0,,,,,INSUFFICIENT_OVERLAP,insufficient_overlap
1591,breakout_dist_20h,range_24h,breakout,range_position,False,0,,,,,INSUFFICIENT_OVERLAP,insufficient_overlap
1592,breakout_dist_20h,rev_24h,breakout,reversal,False,0,,,,,INSUFFICIENT_OVERLAP,insufficient_overlap
1593,breakout_dist_20h,rsi_28h,breakout,technical_indicators,False,0,,,,,INSUFFICIENT_OVERLAP,insufficient_overlap
1594,breakout_dist_20h,trend_efficiency_24h,breakout,trend_quality,False,0,,,,,INSUFFICIENT_OVERLAP,insufficient_overlap
1595,breakout_dist_20h,vol_40h,breakout,volatility,False,0,,,,,INSUFFICIENT_OVERLAP,insufficient_overlap
1596,breakout_dist_20h,vol_of_vol_20h,breakout,realized_skew_kurtosis,False,0,,,,,INSUFFICIENT_OVERLAP,insufficient_overlap
1597,breakout_dist_20h,vol_zscore_48h,breakout,volume_liquidity,False,0,,,,,INSUFFICIENT_OVERLAP,insufficient_overlap
1598,breakout_dist_48h,candle_body,breakout,intraday_candle,False,0,,,,,INSUFFICIENT_OVERLAP,insufficient_overlap
1599,breakout_dist_48h,candle_wick_lower,breakout,intraday_candle,False,0,,,,,INSUFFICIENT_OVERLAP,insufficient_overlap
1600,breakout_dist_48h,candle_wick_upper,breakout,intraday_candle,False,0,,,,,INSUFFICIENT_OVERLAP,insufficient_overlap
1601,breakout_dist_48h,downside_vol_20h,breakout,realized_skew_kurtosis,False,0,,,,,INSUFFICIENT_OVERLAP,insufficient_overlap
1602,breakout_dist_48h,ema_12_26_gap,breakout,technical_indicators,False,0,,,,,INSUFFICIENT_OVERLAP,insufficient_overlap
1603,breakout_dist_48h,funding_rate_change_24h,breakout,funding_rate,False,0,,,,,INSUFFICIENT_OVERLAP,insufficient_overlap
1604,breakout_dist_48h,funding_rate_level_20h,breakout,funding_rate,False,0,,,,,INSUFFICIENT_OVERLAP,insufficient_overlap
1605,breakout_dist_48h,funding_rate_zscore_80h,breakout,funding_rate,False,0,,,,,INSUFFICIENT_OVERLAP,insufficient_overlap
1606,breakout_dist_48h,intraday_ret,breakout,alpha158_ohlcv,False,0,,,,,INSUFFICIENT_OVERLAP,insufficient_overlap
1607,breakout_dist_48h,klow_close,breakout,alpha158_ohlcv,False,0,,,,,INSUFFICIENT_OVERLAP,insufficient_overlap
1608,breakout_dist_48h,ksft_5h,breakout,alpha158_ohlcv,False,0,,,,,INSUFFICIENT_OVERLAP,insufficient_overlap
1609,breakout_dist_48h,ma_gap_10_40,breakout,trend_ma,False,0,,,,,INSUFFICIENT_OVERLAP,insufficient_overlap
1610,breakout_dist_48h,ma_gap_20_80,breakout,trend_ma,False,0,,,,,INSUFFICIENT_OVERLAP,insufficient_overlap
1611,breakout_dist_48h,ma_gap_5_20,breakout,trend_ma,False,0,,,,,INSUFFICIENT_OVERLAP,insufficient_overlap
1612,breakout_dist_48h,mom_10h,breakout,momentum,False,0,,,,,INSUFFICIENT_OVERLAP,insufficient_overlap
1613,breakout_dist_48h,mom_20h,breakout,momentum,False,0,,,,,INSUFFICIENT_OVERLAP,insufficient_overlap
1614,breakout_dist_48h,mom_40h,breakout,momentum,False,0,,,,,INSUFFICIENT_OVERLAP,insufficient_overlap
1615,breakout_dist_48h,mom_5h,breakout,momentum,False,0,,,,,INSUFFICIENT_OVERLAP,insufficient_overlap
1616,breakout_dist_48h,mom_72h,breakout,momentum,False,0,,,,,INSUFFICIENT_OVERLAP,insufficient_overlap
1617,breakout_dist_48h,mom_accel_20h,breakout,momentum,False,0,,,,,INSUFFICIENT_OVERLAP,insufficient_overlap
1618,breakout_dist_48h,price_pos_24h,breakout,price_position,False,0,,,,,INSUFFICIENT_OVERLAP,insufficient_overlap
1619,breakout_dist_48h,price_pos_72h,breakout,price_position,False,0,,,,,INSUFFICIENT_OVERLAP,insufficient_overlap
1620,breakout_dist_48h,price_volume_corr_20h,breakout,volume_price,False,0,,,,,INSUFFICIENT_OVERLAP,insufficient_overlap
1621,breakout_dist_48h,q158_high_low_range,breakout,alpha158,False,0,,,,,INSUFFICIENT_OVERLAP,insufficient_overlap
1622,breakout_dist_48h,qvol_ma_ratio_20_80,breakout,quote_volume_liquidity,False,0,,,,,INSUFFICIENT_OVERLAP,insufficient_overlap
1623,breakout_dist_48h,qvol_ma_ratio_5_20,breakout,quote_volume_liquidity,False,0,,,,,INSUFFICIENT_OVERLAP,insufficient_overlap
1624,breakout_dist_48h,qvol_zscore_20h,breakout,quote_volume_liquidity,False,0,,,,,INSUFFICIENT_OVERLAP,insufficient_overlap
1625,breakout_dist_48h,range_1h,breakout,range_position,False,0,,,,,INSUFFICIENT_OVERLAP,insufficient_overlap
1626,breakout_dist_48h,range_24h,breakout,range_position,False,0,,,,,INSUFFICIENT_OVERLAP,insufficient_overlap
1627,breakout_dist_48h,range_4h,breakout,range_position,False,0,,,,,INSUFFICIENT_OVERLAP,insufficient_overlap
1628,breakout_dist_48h,realized_kurt_20h,breakout,realized_shape,False,0,,,,,INSUFFICIENT_OVERLAP,insufficient_overlap
1629,breakout_dist_48h,realized_skew_20h,breakout,realized_shape,False,0,,,,,INSUFFICIENT_OVERLAP,insufficient_overlap
1630,breakout_dist_48h,rev_10h,breakout,reversal,False,0,,,,,INSUFFICIENT_OVERLAP,insufficient_overlap
1631,breakout_dist_48h,rev_1h,breakout,reversal,False,0,,,,,INSUFFICIENT_OVERLAP,insufficient_overlap
1632,breakout_dist_48h,rev_24h,breakout,reversal,False,0,,,,,INSUFFICIENT_OVERLAP,insufficient_overlap
1633,breakout_dist_48h,rev_3h,breakout,reversal,False,0,,,,,INSUFFICIENT_OVERLAP,insufficient_overlap
1634,breakout_dist_48h,rev_72h,breakout,reversal,False,0,,,,,INSUFFICIENT_OVERLAP,insufficient_overlap
1635,breakout_dist_48h,reversal_5h,breakout,momentum,False,0,,,,,INSUFFICIENT_OVERLAP,insufficient_overlap
1636,breakout_dist_48h,rsi_14h,breakout,technical,False,0,,,,,INSUFFICIENT_OVERLAP,insufficient_overlap
1637,breakout_dist_48h,rsi_28h,breakout,technical_indicators,False,0,,,,,INSUFFICIENT_OVERLAP,insufficient_overlap
1638,breakout_dist_48h,rsi_7h,breakout,technical_indicators,False,0,,,,,INSUFFICIENT_OVERLAP,insufficient_overlap
1639,breakout_dist_48h,taker_buy_delta_5h,breakout,taker_imbalance,False,0,,,,,INSUFFICIENT_OVERLAP,insufficient_overlap
1640,breakout_dist_48h,taker_buy_ratio_20h,breakout,taker_imbalance,False,0,,,,,INSUFFICIENT_OVERLAP,insufficient_overlap
1641,breakout_dist_48h,taker_buy_zscore_20h,breakout,taker_imbalance,False,0,,,,,INSUFFICIENT_OVERLAP,insufficient_overlap
1642,breakout_dist_48h,tech_atr,breakout,technical,False,0,,,,,INSUFFICIENT_OVERLAP,insufficient_overlap
1643,breakout_dist_48h,tech_macd,breakout,technical,False,0,,,,,INSUFFICIENT_OVERLAP,insufficient_overlap
1644,breakout_dist_48h,trend_efficiency_24h,breakout,trend_quality,False,0,,,,,INSUFFICIENT_OVERLAP,insufficient_overlap
1645,breakout_dist_48h,vol_40h,breakout,volatility,False,0,,,,,INSUFFICIENT_OVERLAP,insufficient_overlap
1646,breakout_dist_48h,vol_5h,breakout,volatility,False,0,,,,,INSUFFICIENT_OVERLAP,insufficient_overlap
1647,breakout_dist_48h,vol_of_vol_20h,breakout,realized_skew_kurtosis,False,0,,,,,INSUFFICIENT_OVERLAP,insufficient_overlap
1648,breakout_dist_48h,vol_ratio_20_80,breakout,volatility,False,0,,,,,INSUFFICIENT_OVERLAP,insufficient_overlap
1649,breakout_dist_48h,vol_ratio_5_20,breakout,volatility,False,0,,,,,INSUFFICIENT_OVERLAP,insufficient_overlap
1650,breakout_dist_48h,vol_ret_corr_20h,breakout,alpha158_ohlcv,False,0,,,,,INSUFFICIENT_OVERLAP,insufficient_overlap
1651,breakout_dist_48h,vol_zscore_20h,breakout,volume_liquidity,False,0,,,,,INSUFFICIENT_OVERLAP,insufficient_overlap
1652,breakout_dist_48h,volatility_20h,breakout,volatility,False,0,,,,,INSUFFICIENT_OVERLAP,insufficient_overlap
1653,breakout_dist_48h,vwap_dev_20h,breakout,alpha158_ohlcv,False,0,,,,,INSUFFICIENT_OVERLAP,insufficient_overlap
1654,breakout_dist_48h,williams_r_14h,breakout,technical_indicators,False,0,,,,,INSUFFICIENT_OVERLAP,insufficient_overlap
1655,breakout_dist_48h,wq101_alpha101,breakout,wq101,False,0,,,,,INSUFFICIENT_OVERLAP,insufficient_overlap
1656,breakout_dist_48h,wq101_alpha12,breakout,wq101,False,0,,,,,INSUFFICIENT_OVERLAP,insufficient_overlap
1657,breakout_dist_48h,wq101_alpha53,breakout,wq101,False,0,,,,,INSUFFICIENT_OVERLAP,insufficient_overlap
1658,breakout_dist_48h,wvma_20h,breakout,alpha158_ohlcv,False,0,,,,,INSUFFICIENT_OVERLAP,insufficient_overlap
1659,breakout_dist_48h,xs_rank_ret_1h,breakout,cross_sectional_normalized,False,0,,,,,INSUFFICIENT_OVERLAP,insufficient_overlap
1660,breakout_dist_48h,xs_rank_vol,breakout,cross_sectional_normalized,False,0,,,,,INSUFFICIENT_OVERLAP,insufficient_overlap
1661,candle_body,funding_rate_change_24h,intraday_candle,funding_rate,False,0,,,,,INSUFFICIENT_OVERLAP,insufficient_overlap
1662,candle_body,ma_gap_10_40,intraday_candle,trend_ma,False,0,,,,,INSUFFICIENT_OVERLAP,insufficient_overlap
1663,candle_body,mom_120h,intraday_candle,momentum,False,0,,,,,INSUFFICIENT_OVERLAP,insufficient_overlap
1664,candle_body,mom_40h,intraday_candle,momentum,False,0,,,,,INSUFFICIENT_OVERLAP,insufficient_overlap
1665,candle_body,mom_accel_20h,intraday_candle,momentum,False,0,,,,,INSUFFICIENT_OVERLAP,insufficient_overlap
1666,candle_body,price_pos_120h,intraday_candle,price_position,False,0,,,,,INSUFFICIENT_OVERLAP,insufficient_overlap
1667,candle_body,price_pos_24h,intraday_candle,price_position,False,0,,,,,INSUFFICIENT_OVERLAP,insufficient_overlap
1668,candle_body,qvol_zscore_48h,intraday_candle,quote_volume_liquidity,False,0,,,,,INSUFFICIENT_OVERLAP,insufficient_overlap
1669,candle_body,range_24h,intraday_candle,range_position,False,0,,,,,INSUFFICIENT_OVERLAP,insufficient_overlap
1670,candle_body,rev_24h,intraday_candle,reversal,False,0,,,,,INSUFFICIENT_OVERLAP,insufficient_overlap
1671,candle_body,rsi_28h,intraday_candle,technical_indicators,False,0,,,,,INSUFFICIENT_OVERLAP,insufficient_overlap
1672,candle_body,trend_efficiency_24h,intraday_candle,trend_quality,False,0,,,,,INSUFFICIENT_OVERLAP,insufficient_overlap
1673,candle_body,vol_40h,intraday_candle,volatility,False,0,,,,,INSUFFICIENT_OVERLAP,insufficient_overlap
1674,candle_body,vol_of_vol_20h,intraday_candle,realized_skew_kurtosis,False,0,,,,,INSUFFICIENT_OVERLAP,insufficient_overlap
1675,candle_body,vol_zscore_48h,intraday_candle,volume_liquidity,False,0,,,,,INSUFFICIENT_OVERLAP,insufficient_overlap
1676,candle_wick_lower,funding_rate_change_24h,intraday_candle,funding_rate,False,0,,,,,INSUFFICIENT_OVERLAP,insufficient_overlap
1677,candle_wick_lower,ma_gap_10_40,intraday_candle,trend_ma,False,0,,,,,INSUFFICIENT_OVERLAP,insufficient_overlap
1678,candle_wick_lower,mom_120h,intraday_candle,momentum,False,0,,,,,INSUFFICIENT_OVERLAP,insufficient_overlap
1679,candle_wick_lower,mom_40h,intraday_candle,momentum,False,0,,,,,INSUFFICIENT_OVERLAP,insufficient_overlap
1680,candle_wick_lower,mom_accel_20h,intraday_candle,momentum,False,0,,,,,INSUFFICIENT_OVERLAP,insufficient_overlap
1681,candle_wick_lower,price_pos_120h,intraday_candle,price_position,False,0,,,,,INSUFFICIENT_OVERLAP,insufficient_overlap
1682,candle_wick_lower,price_pos_24h,intraday_candle,price_position,False,0,,,,,INSUFFICIENT_OVERLAP,insufficient_overlap
1683,candle_wick_lower,qvol_zscore_48h,intraday_candle,quote_volume_liquidity,False,0,,,,,INSUFFICIENT_OVERLAP,insufficient_overlap
1684,candle_wick_lower,range_24h,intraday_candle,range_position,False,0,,,,,INSUFFICIENT_OVERLAP,insufficient_overlap
1685,candle_wick_lower,rev_24h,intraday_candle,reversal,False,0,,,,,INSUFFICIENT_OVERLAP,insufficient_overlap
1686,candle_wick_lower,rsi_28h,intraday_candle,technical_indicators,False,0,,,,,INSUFFICIENT_OVERLAP,insufficient_overlap
1687,candle_wick_lower,trend_efficiency_24h,intraday_candle,trend_quality,False,0,,,,,INSUFFICIENT_OVERLAP,insufficient_overlap
1688,candle_wick_lower,vol_40h,intraday_candle,volatility,False,0,,,,,INSUFFICIENT_OVERLAP,insufficient_overlap
1689,candle_wick_lower,vol_of_vol_20h,intraday_candle,realized_skew_kurtosis,False,0,,,,,INSUFFICIENT_OVERLAP,insufficient_overlap
1690,candle_wick_lower,vol_zscore_48h,intraday_candle,volume_liquidity,False,0,,,,,INSUFFICIENT_OVERLAP,insufficient_overlap
1691,candle_wick_upper,funding_rate_change_24h,intraday_candle,funding_rate,False,0,,,,,INSUFFICIENT_OVERLAP,insufficient_overlap
1692,candle_wick_upper,ma_gap_10_40,intraday_candle,trend_ma,False,0,,,,,INSUFFICIENT_OVERLAP,insufficient_overlap
1693,candle_wick_upper,mom_120h,intraday_candle,momentum,False,0,,,,,INSUFFICIENT_OVERLAP,insufficient_overlap
1694,candle_wick_upper,mom_40h,intraday_candle,momentum,False,0,,,,,INSUFFICIENT_OVERLAP,insufficient_overlap
1695,candle_wick_upper,mom_accel_20h,intraday_candle,momentum,False,0,,,,,INSUFFICIENT_OVERLAP,insufficient_overlap
1696,candle_wick_upper,price_pos_120h,intraday_candle,price_position,False,0,,,,,INSUFFICIENT_OVERLAP,insufficient_overlap
1697,candle_wick_upper,price_pos_24h,intraday_candle,price_position,False,0,,,,,INSUFFICIENT_OVERLAP,insufficient_overlap
1698,candle_wick_upper,qvol_zscore_48h,intraday_candle,quote_volume_liquidity,False,0,,,,,INSUFFICIENT_OVERLAP,insufficient_overlap
1699,candle_wick_upper,range_24h,intraday_candle,range_position,False,0,,,,,INSUFFICIENT_OVERLAP,insufficient_overlap
1700,candle_wick_upper,rev_24h,intraday_candle,reversal,False,0,,,,,INSUFFICIENT_OVERLAP,insufficient_overlap
1701,candle_wick_upper,rsi_28h,intraday_candle,technical_indicators,False,0,,,,,INSUFFICIENT_OVERLAP,insufficient_overlap
1702,candle_wick_upper,trend_efficiency_24h,intraday_candle,trend_quality,False,0,,,,,INSUFFICIENT_OVERLAP,insufficient_overlap
1703,candle_wick_upper,vol_40h,intraday_candle,volatility,False,0,,,,,INSUFFICIENT_OVERLAP,insufficient_overlap
1704,candle_wick_upper,vol_of_vol_20h,intraday_candle,realized_skew_kurtosis,False,0,,,,,INSUFFICIENT_OVERLAP,insufficient_overlap
1705,candle_wick_upper,vol_zscore_48h,intraday_candle,volume_liquidity,False,0,,,,,INSUFFICIENT_OVERLAP,insufficient_overlap
1706,downside_vol_20h,funding_rate_change_24h,realized_skew_kurtosis,funding_rate,False,0,,,,,INSUFFICIENT_OVERLAP,insufficient_overlap
1707,downside_vol_20h,ma_gap_10_40,realized_skew_kurtosis,trend_ma,False,0,,,,,INSUFFICIENT_OVERLAP,insufficient_overlap
1708,downside_vol_20h,mom_120h,realized_skew_kurtosis,momentum,False,0,,,,,INSUFFICIENT_OVERLAP,insufficient_overlap
1709,downside_vol_20h,mom_40h,realized_skew_kurtosis,momentum,False,0,,,,,INSUFFICIENT_OVERLAP,insufficient_overlap
1710,downside_vol_20h,mom_accel_20h,realized_skew_kurtosis,momentum,False,0,,,,,INSUFFICIENT_OVERLAP,insufficient_overlap
1711,downside_vol_20h,price_pos_120h,realized_skew_kurtosis,price_position,False,0,,,,,INSUFFICIENT_OVERLAP,insufficient_overlap
1712,downside_vol_20h,price_pos_24h,realized_skew_kurtosis,price_position,False,0,,,,,INSUFFICIENT_OVERLAP,insufficient_overlap
1713,downside_vol_20h,qvol_zscore_48h,realized_skew_kurtosis,quote_volume_liquidity,False,0,,,,,INSUFFICIENT_OVERLAP,insufficient_overlap
1714,downside_vol_20h,range_24h,realized_skew_kurtosis,range_position,False,0,,,,,INSUFFICIENT_OVERLAP,insufficient_overlap
1715,downside_vol_20h,rev_24h,realized_skew_kurtosis,reversal,False,0,,,,,INSUFFICIENT_OVERLAP,insufficient_overlap
1716,downside_vol_20h,rsi_28h,realized_skew_kurtosis,technical_indicators,False,0,,,,,INSUFFICIENT_OVERLAP,insufficient_overlap
1717,downside_vol_20h,trend_efficiency_24h,realized_skew_kurtosis,trend_quality,False,0,,,,,INSUFFICIENT_OVERLAP,insufficient_overlap
1718,downside_vol_20h,vol_40h,realized_skew_kurtosis,volatility,False,0,,,,,INSUFFICIENT_OVERLAP,insufficient_overlap
1719,downside_vol_20h,vol_of_vol_20h,realized_skew_kurtosis,realized_skew_kurtosis,True,0,,,,,INSUFFICIENT_OVERLAP,insufficient_overlap
1720,downside_vol_20h,vol_zscore_48h,realized_skew_kurtosis,volume_liquidity,False,0,,,,,INSUFFICIENT_OVERLAP,insufficient_overlap
1721,ema_12_26_gap,funding_rate_change_24h,technical_indicators,funding_rate,False,0,,,,,INSUFFICIENT_OVERLAP,insufficient_overlap
1722,ema_12_26_gap,ma_gap_10_40,technical_indicators,trend_ma,False,0,,,,,INSUFFICIENT_OVERLAP,insufficient_overlap
1723,ema_12_26_gap,mom_120h,technical_indicators,momentum,False,0,,,,,INSUFFICIENT_OVERLAP,insufficient_overlap
1724,ema_12_26_gap,mom_40h,technical_indicators,momentum,False,0,,,,,INSUFFICIENT_OVERLAP,insufficient_overlap
1725,ema_12_26_gap,mom_accel_20h,technical_indicators,momentum,False,0,,,,,INSUFFICIENT_OVERLAP,insufficient_overlap
1726,ema_12_26_gap,price_pos_120h,technical_indicators,price_position,False,0,,,,,INSUFFICIENT_OVERLAP,insufficient_overlap
1727,ema_12_26_gap,price_pos_24h,technical_indicators,price_position,False,0,,,,,INSUFFICIENT_OVERLAP,insufficient_overlap
1728,ema_12_26_gap,qvol_zscore_48h,technical_indicators,quote_volume_liquidity,False,0,,,,,INSUFFICIENT_OVERLAP,insufficient_overlap
1729,ema_12_26_gap,range_24h,technical_indicators,range_position,False,0,,,,,INSUFFICIENT_OVERLAP,insufficient_overlap
1730,ema_12_26_gap,rev_24h,technical_indicators,reversal,False,0,,,,,INSUFFICIENT_OVERLAP,insufficient_overlap
1731,ema_12_26_gap,rsi_28h,technical_indicators,technical_indicators,True,0,,,,,INSUFFICIENT_OVERLAP,insufficient_overlap
1732,ema_12_26_gap,trend_efficiency_24h,technical_indicators,trend_quality,False,0,,,,,INSUFFICIENT_OVERLAP,insufficient_overlap
1733,ema_12_26_gap,vol_40h,technical_indicators,volatility,False,0,,,,,INSUFFICIENT_OVERLAP,insufficient_overlap
1734,ema_12_26_gap,vol_of_vol_20h,technical_indicators,realized_skew_kurtosis,False,0,,,,,INSUFFICIENT_OVERLAP,insufficient_overlap
1735,ema_12_26_gap,vol_zscore_48h,technical_indicators,volume_liquidity,False,0,,,,,INSUFFICIENT_OVERLAP,insufficient_overlap
1736,funding_rate_change_24h,funding_rate_level_20h,funding_rate,funding_rate,True,0,,,,,INSUFFICIENT_OVERLAP,insufficient_overlap
1737,funding_rate_change_24h,funding_rate_zscore_80h,funding_rate,funding_rate,True,0,,,,,INSUFFICIENT_OVERLAP,insufficient_overlap
1738,funding_rate_change_24h,intraday_ret,funding_rate,alpha158_ohlcv,False,0,,,,,INSUFFICIENT_OVERLAP,insufficient_overlap
1739,funding_rate_change_24h,klow_close,funding_rate,alpha158_ohlcv,False,0,,,,,INSUFFICIENT_OVERLAP,insufficient_overlap
1740,funding_rate_change_24h,ksft_5h,funding_rate,alpha158_ohlcv,False,0,,,,,INSUFFICIENT_OVERLAP,insufficient_overlap
1741,funding_rate_change_24h,ma_gap_20_80,funding_rate,trend_ma,False,0,,,,,INSUFFICIENT_OVERLAP,insufficient_overlap
1742,funding_rate_change_24h,ma_gap_5_20,funding_rate,trend_ma,False,0,,,,,INSUFFICIENT_OVERLAP,insufficient_overlap
1743,funding_rate_change_24h,mom_10h,funding_rate,momentum,False,0,,,,,INSUFFICIENT_OVERLAP,insufficient_overlap
1744,funding_rate_change_24h,mom_120h,funding_rate,momentum,False,0,,,,,INSUFFICIENT_OVERLAP,insufficient_overlap
1745,funding_rate_change_24h,mom_20h,funding_rate,momentum,False,0,,,,,INSUFFICIENT_OVERLAP,insufficient_overlap
1746,funding_rate_change_24h,mom_5h,funding_rate,momentum,False,0,,,,,INSUFFICIENT_OVERLAP,insufficient_overlap
1747,funding_rate_change_24h,mom_72h,funding_rate,momentum,False,0,,,,,INSUFFICIENT_OVERLAP,insufficient_overlap
1748,funding_rate_change_24h,price_pos_120h,funding_rate,price_position,False,0,,,,,INSUFFICIENT_OVERLAP,insufficient_overlap
1749,funding_rate_change_24h,price_pos_72h,funding_rate,price_position,False,0,,,,,INSUFFICIENT_OVERLAP,insufficient_overlap
1750,funding_rate_change_24h,price_volume_corr_20h,funding_rate,volume_price,False,0,,,,,INSUFFICIENT_OVERLAP,insufficient_overlap
1751,funding_rate_change_24h,q158_high_low_range,funding_rate,alpha158,False,0,,,,,INSUFFICIENT_OVERLAP,insufficient_overlap
1752,funding_rate_change_24h,qvol_ma_ratio_20_80,funding_rate,quote_volume_liquidity,False,0,,,,,INSUFFICIENT_OVERLAP,insufficient_overlap
1753,funding_rate_change_24h,qvol_ma_ratio_5_20,funding_rate,quote_volume_liquidity,False,0,,,,,INSUFFICIENT_OVERLAP,insufficient_overlap
1754,funding_rate_change_24h,qvol_zscore_20h,funding_rate,quote_volume_liquidity,False,0,,,,,INSUFFICIENT_OVERLAP,insufficient_overlap
1755,funding_rate_change_24h,qvol_zscore_48h,funding_rate,quote_volume_liquidity,False,0,,,,,INSUFFICIENT_OVERLAP,insufficient_overlap
1756,funding_rate_change_24h,range_1h,funding_rate,range_position,False,0,,,,,INSUFFICIENT_OVERLAP,insufficient_overlap
1757,funding_rate_change_24h,range_4h,funding_rate,range_position,False,0,,,,,INSUFFICIENT_OVERLAP,insufficient_overlap
1758,funding_rate_change_24h,realized_kurt_20h,funding_rate,realized_shape,False,0,,,,,INSUFFICIENT_OVERLAP,insufficient_overlap
1759,funding_rate_change_24h,realized_skew_20h,funding_rate,realized_shape,False,0,,,,,INSUFFICIENT_OVERLAP,insufficient_overlap
1760,funding_rate_change_24h,rev_10h,funding_rate,reversal,False,0,,,,,INSUFFICIENT_OVERLAP,insufficient_overlap
1761,funding_rate_change_24h,rev_1h,funding_rate,reversal,False,0,,,,,INSUFFICIENT_OVERLAP,insufficient_overlap
1762,funding_rate_change_24h,rev_3h,funding_rate,reversal,False,0,,,,,INSUFFICIENT_OVERLAP,insufficient_overlap
1763,funding_rate_change_24h,rev_72h,funding_rate,reversal,False,0,,,,,INSUFFICIENT_OVERLAP,insufficient_overlap
1764,funding_rate_change_24h,reversal_5h,funding_rate,momentum,False,0,,,,,INSUFFICIENT_OVERLAP,insufficient_overlap
1765,funding_rate_change_24h,rsi_14h,funding_rate,technical,False,0,,,,,INSUFFICIENT_OVERLAP,insufficient_overlap
1766,funding_rate_change_24h,rsi_7h,funding_rate,technical_indicators,False,0,,,,,INSUFFICIENT_OVERLAP,insufficient_overlap
1767,funding_rate_change_24h,taker_buy_delta_5h,funding_rate,taker_imbalance,False,0,,,,,INSUFFICIENT_OVERLAP,insufficient_overlap
1768,funding_rate_change_24h,taker_buy_ratio_20h,funding_rate,taker_imbalance,False,0,,,,,INSUFFICIENT_OVERLAP,insufficient_overlap
1769,funding_rate_change_24h,taker_buy_zscore_20h,funding_rate,taker_imbalance,False,0,,,,,INSUFFICIENT_OVERLAP,insufficient_overlap
1770,funding_rate_change_24h,tech_atr,funding_rate,technical,False,0,,,,,INSUFFICIENT_OVERLAP,insufficient_overlap
1771,funding_rate_change_24h,tech_macd,funding_rate,technical,False,0,,,,,INSUFFICIENT_OVERLAP,insufficient_overlap
1772,funding_rate_change_24h,vol_5h,funding_rate,volatility,False,0,,,,,INSUFFICIENT_OVERLAP,insufficient_overlap
1773,funding_rate_change_24h,vol_ratio_20_80,funding_rate,volatility,False,0,,,,,INSUFFICIENT_OVERLAP,insufficient_overlap
1774,funding_rate_change_24h,vol_ratio_5_20,funding_rate,volatility,False,0,,,,,INSUFFICIENT_OVERLAP,insufficient_overlap
1775,funding_rate_change_24h,vol_ret_corr_20h,funding_rate,alpha158_ohlcv,False,0,,,,,INSUFFICIENT_OVERLAP,insufficient_overlap
1776,funding_rate_change_24h,vol_zscore_20h,funding_rate,volume_liquidity,False,0,,,,,INSUFFICIENT_OVERLAP,insufficient_overlap
1777,funding_rate_change_24h,vol_zscore_48h,funding_rate,volume_liquidity,False,0,,,,,INSUFFICIENT_OVERLAP,insufficient_overlap
1778,funding_rate_change_24h,volatility_20h,funding_rate,volatility,False,0,,,,,INSUFFICIENT_OVERLAP,insufficient_overlap
1779,funding_rate_change_24h,vwap_dev_20h,funding_rate,alpha158_ohlcv,False,0,,,,,INSUFFICIENT_OVERLAP,insufficient_overlap
1780,funding_rate_change_24h,williams_r_14h,funding_rate,technical_indicators,False,0,,,,,INSUFFICIENT_OVERLAP,insufficient_overlap
1781,funding_rate_change_24h,wq101_alpha101,funding_rate,wq101,False,0,,,,,INSUFFICIENT_OVERLAP,insufficient_overlap
1782,funding_rate_change_24h,wq101_alpha12,funding_rate,wq101,False,0,,,,,INSUFFICIENT_OVERLAP,insufficient_overlap
1783,funding_rate_change_24h,wq101_alpha53,funding_rate,wq101,False,0,,,,,INSUFFICIENT_OVERLAP,insufficient_overlap
1784,funding_rate_change_24h,wvma_20h,funding_rate,alpha158_ohlcv,False,0,,,,,INSUFFICIENT_OVERLAP,insufficient_overlap
1785,funding_rate_change_24h,xs_rank_ret_1h,funding_rate,cross_sectional_normalized,False,0,,,,,INSUFFICIENT_OVERLAP,insufficient_overlap
1786,funding_rate_change_24h,xs_rank_vol,funding_rate,cross_sectional_normalized,False,0,,,,,INSUFFICIENT_OVERLAP,insufficient_overlap
1787,funding_rate_level_20h,ma_gap_10_40,funding_rate,trend_ma,False,0,,,,,INSUFFICIENT_OVERLAP,insufficient_overlap
1788,funding_rate_level_20h,mom_120h,funding_rate,momentum,False,0,,,,,INSUFFICIENT_OVERLAP,insufficient_overlap
1789,funding_rate_level_20h,mom_40h,funding_rate,momentum,False,0,,,,,INSUFFICIENT_OVERLAP,insufficient_overlap
1790,funding_rate_level_20h,mom_accel_20h,funding_rate,momentum,False,0,,,,,INSUFFICIENT_OVERLAP,insufficient_overlap
1791,funding_rate_level_20h,price_pos_120h,funding_rate,price_position,False,0,,,,,INSUFFICIENT_OVERLAP,insufficient_overlap
1792,funding_rate_level_20h,price_pos_24h,funding_rate,price_position,False,0,,,,,INSUFFICIENT_OVERLAP,insufficient_overlap
1793,funding_rate_level_20h,qvol_zscore_48h,funding_rate,quote_volume_liquidity,False,0,,,,,INSUFFICIENT_OVERLAP,insufficient_overlap
1794,funding_rate_level_20h,range_24h,funding_rate,range_position,False,0,,,,,INSUFFICIENT_OVERLAP,insufficient_overlap
1795,funding_rate_level_20h,rev_24h,funding_rate,reversal,False,0,,,,,INSUFFICIENT_OVERLAP,insufficient_overlap
1796,funding_rate_level_20h,rsi_28h,funding_rate,technical_indicators,False,0,,,,,INSUFFICIENT_OVERLAP,insufficient_overlap
1797,funding_rate_level_20h,trend_efficiency_24h,funding_rate,trend_quality,False,0,,,,,INSUFFICIENT_OVERLAP,insufficient_overlap
1798,funding_rate_level_20h,vol_40h,funding_rate,volatility,False,0,,,,,INSUFFICIENT_OVERLAP,insufficient_overlap
1799,funding_rate_level_20h,vol_of_vol_20h,funding_rate,realized_skew_kurtosis,False,0,,,,,INSUFFICIENT_OVERLAP,insufficient_overlap
1800,funding_rate_level_20h,vol_zscore_48h,funding_rate,volume_liquidity,False,0,,,,,INSUFFICIENT_OVERLAP,insufficient_overlap
1801,funding_rate_zscore_80h,ma_gap_10_40,funding_rate,trend_ma,False,0,,,,,INSUFFICIENT_OVERLAP,insufficient_overlap
1802,funding_rate_zscore_80h,mom_120h,funding_rate,momentum,False,0,,,,,INSUFFICIENT_OVERLAP,insufficient_overlap
1803,funding_rate_zscore_80h,mom_40h,funding_rate,momentum,False,0,,,,,INSUFFICIENT_OVERLAP,insufficient_overlap
1804,funding_rate_zscore_80h,mom_accel_20h,funding_rate,momentum,False,0,,,,,INSUFFICIENT_OVERLAP,insufficient_overlap
1805,funding_rate_zscore_80h,price_pos_120h,funding_rate,price_position,False,0,,,,,INSUFFICIENT_OVERLAP,insufficient_overlap
1806,funding_rate_zscore_80h,price_pos_24h,funding_rate,price_position,False,0,,,,,INSUFFICIENT_OVERLAP,insufficient_overlap
1807,funding_rate_zscore_80h,qvol_zscore_48h,funding_rate,quote_volume_liquidity,False,0,,,,,INSUFFICIENT_OVERLAP,insufficient_overlap
1808,funding_rate_zscore_80h,range_24h,funding_rate,range_position,False,0,,,,,INSUFFICIENT_OVERLAP,insufficient_overlap
1809,funding_rate_zscore_80h,rev_24h,funding_rate,reversal,False,0,,,,,INSUFFICIENT_OVERLAP,insufficient_overlap
1810,funding_rate_zscore_80h,rsi_28h,funding_rate,technical_indicators,False,0,,,,,INSUFFICIENT_OVERLAP,insufficient_overlap
1811,funding_rate_zscore_80h,trend_efficiency_24h,funding_rate,trend_quality,False,0,,,,,INSUFFICIENT_OVERLAP,insufficient_overlap
1812,funding_rate_zscore_80h,vol_40h,funding_rate,volatility,False,0,,,,,INSUFFICIENT_OVERLAP,insufficient_overlap
1813,funding_rate_zscore_80h,vol_of_vol_20h,funding_rate,realized_skew_kurtosis,False,0,,,,,INSUFFICIENT_OVERLAP,insufficient_overlap
1814,funding_rate_zscore_80h,vol_zscore_48h,funding_rate,volume_liquidity,False,0,,,,,INSUFFICIENT_OVERLAP,insufficient_overlap
1815,intraday_ret,ma_gap_10_40,alpha158_ohlcv,trend_ma,False,0,,,,,INSUFFICIENT_OVERLAP,insufficient_overlap
1816,intraday_ret,mom_120h,alpha158_ohlcv,momentum,False,0,,,,,INSUFFICIENT_OVERLAP,insufficient_overlap
1817,intraday_ret,mom_40h,alpha158_ohlcv,momentum,False,0,,,,,INSUFFICIENT_OVERLAP,insufficient_overlap
1818,intraday_ret,mom_accel_20h,alpha158_ohlcv,momentum,False,0,,,,,INSUFFICIENT_OVERLAP,insufficient_overlap
1819,intraday_ret,price_pos_120h,alpha158_ohlcv,price_position,False,0,,,,,INSUFFICIENT_OVERLAP,insufficient_overlap
1820,intraday_ret,price_pos_24h,alpha158_ohlcv,price_position,False,0,,,,,INSUFFICIENT_OVERLAP,insufficient_overlap
1821,intraday_ret,qvol_zscore_48h,alpha158_ohlcv,quote_volume_liquidity,False,0,,,,,INSUFFICIENT_OVERLAP,insufficient_overlap
1822,intraday_ret,range_24h,alpha158_ohlcv,range_position,False,0,,,,,INSUFFICIENT_OVERLAP,insufficient_overlap
1823,intraday_ret,rev_24h,alpha158_ohlcv,reversal,False,0,,,,,INSUFFICIENT_OVERLAP,insufficient_overlap
1824,intraday_ret,rsi_28h,alpha158_ohlcv,technical_indicators,False,0,,,,,INSUFFICIENT_OVERLAP,insufficient_overlap
1825,intraday_ret,trend_efficiency_24h,alpha158_ohlcv,trend_quality,False,0,,,,,INSUFFICIENT_OVERLAP,insufficient_overlap
1826,intraday_ret,vol_40h,alpha158_ohlcv,volatility,False,0,,,,,INSUFFICIENT_OVERLAP,insufficient_overlap
1827,intraday_ret,vol_of_vol_20h,alpha158_ohlcv,realized_skew_kurtosis,False,0,,,,,INSUFFICIENT_OVERLAP,insufficient_overlap
1828,intraday_ret,vol_zscore_48h,alpha158_ohlcv,volume_liquidity,False,0,,,,,INSUFFICIENT_OVERLAP,insufficient_overlap
1829,klow_close,ma_gap_10_40,alpha158_ohlcv,trend_ma,False,0,,,,,INSUFFICIENT_OVERLAP,insufficient_overlap
1830,klow_close,mom_120h,alpha158_ohlcv,momentum,False,0,,,,,INSUFFICIENT_OVERLAP,insufficient_overlap
1831,klow_close,mom_40h,alpha158_ohlcv,momentum,False,0,,,,,INSUFFICIENT_OVERLAP,insufficient_overlap
1832,klow_close,mom_accel_20h,alpha158_ohlcv,momentum,False,0,,,,,INSUFFICIENT_OVERLAP,insufficient_overlap
1833,klow_close,price_pos_120h,alpha158_ohlcv,price_position,False,0,,,,,INSUFFICIENT_OVERLAP,insufficient_overlap
1834,klow_close,price_pos_24h,alpha158_ohlcv,price_position,False,0,,,,,INSUFFICIENT_OVERLAP,insufficient_overlap
1835,klow_close,qvol_zscore_48h,alpha158_ohlcv,quote_volume_liquidity,False,0,,,,,INSUFFICIENT_OVERLAP,insufficient_overlap
1836,klow_close,range_24h,alpha158_ohlcv,range_position,False,0,,,,,INSUFFICIENT_OVERLAP,insufficient_overlap
1837,klow_close,rev_24h,alpha158_ohlcv,reversal,False,0,,,,,INSUFFICIENT_OVERLAP,insufficient_overlap
1838,klow_close,rsi_28h,alpha158_ohlcv,technical_indicators,False,0,,,,,INSUFFICIENT_OVERLAP,insufficient_overlap
1839,klow_close,trend_efficiency_24h,alpha158_ohlcv,trend_quality,False,0,,,,,INSUFFICIENT_OVERLAP,insufficient_overlap
1840,klow_close,vol_40h,alpha158_ohlcv,volatility,False,0,,,,,INSUFFICIENT_OVERLAP,insufficient_overlap
1841,klow_close,vol_of_vol_20h,alpha158_ohlcv,realized_skew_kurtosis,False,0,,,,,INSUFFICIENT_OVERLAP,insufficient_overlap
1842,klow_close,vol_zscore_48h,alpha158_ohlcv,volume_liquidity,False,0,,,,,INSUFFICIENT_OVERLAP,insufficient_overlap
1843,ksft_5h,ma_gap_10_40,alpha158_ohlcv,trend_ma,False,0,,,,,INSUFFICIENT_OVERLAP,insufficient_overlap
1844,ksft_5h,mom_120h,alpha158_ohlcv,momentum,False,0,,,,,INSUFFICIENT_OVERLAP,insufficient_overlap
1845,ksft_5h,mom_40h,alpha158_ohlcv,momentum,False,0,,,,,INSUFFICIENT_OVERLAP,insufficient_overlap
1846,ksft_5h,mom_accel_20h,alpha158_ohlcv,momentum,False,0,,,,,INSUFFICIENT_OVERLAP,insufficient_overlap
1847,ksft_5h,price_pos_120h,alpha158_ohlcv,price_position,False,0,,,,,INSUFFICIENT_OVERLAP,insufficient_overlap
1848,ksft_5h,price_pos_24h,alpha158_ohlcv,price_position,False,0,,,,,INSUFFICIENT_OVERLAP,insufficient_overlap
1849,ksft_5h,qvol_zscore_48h,alpha158_ohlcv,quote_volume_liquidity,False,0,,,,,INSUFFICIENT_OVERLAP,insufficient_overlap
1850,ksft_5h,range_24h,alpha158_ohlcv,range_position,False,0,,,,,INSUFFICIENT_OVERLAP,insufficient_overlap
1851,ksft_5h,rev_24h,alpha158_ohlcv,reversal,False,0,,,,,INSUFFICIENT_OVERLAP,insufficient_overlap
1852,ksft_5h,rsi_28h,alpha158_ohlcv,technical_indicators,False,0,,,,,INSUFFICIENT_OVERLAP,insufficient_overlap
1853,ksft_5h,trend_efficiency_24h,alpha158_ohlcv,trend_quality,False,0,,,,,INSUFFICIENT_OVERLAP,insufficient_overlap
1854,ksft_5h,vol_40h,alpha158_ohlcv,volatility,False,0,,,,,INSUFFICIENT_OVERLAP,insufficient_overlap
1855,ksft_5h,vol_of_vol_20h,alpha158_ohlcv,realized_skew_kurtosis,False,0,,,,,INSUFFICIENT_OVERLAP,insufficient_overlap
1856,ksft_5h,vol_zscore_48h,alpha158_ohlcv,volume_liquidity,False,0,,,,,INSUFFICIENT_OVERLAP,insufficient_overlap
1857,ma_gap_10_40,ma_gap_20_80,trend_ma,trend_ma,True,0,,,,,INSUFFICIENT_OVERLAP,insufficient_overlap
1858,ma_gap_10_40,ma_gap_5_20,trend_ma,trend_ma,True,0,,,,,INSUFFICIENT_OVERLAP,insufficient_overlap
1859,ma_gap_10_40,mom_10h,trend_ma,momentum,False,0,,,,,INSUFFICIENT_OVERLAP,insufficient_overlap
1860,ma_gap_10_40,mom_120h,trend_ma,momentum,False,0,,,,,INSUFFICIENT_OVERLAP,insufficient_overlap
1861,ma_gap_10_40,mom_20h,trend_ma,momentum,False,0,,,,,INSUFFICIENT_OVERLAP,insufficient_overlap
1862,ma_gap_10_40,mom_5h,trend_ma,momentum,False,0,,,,,INSUFFICIENT_OVERLAP,insufficient_overlap
1863,ma_gap_10_40,mom_72h,trend_ma,momentum,False,0,,,,,INSUFFICIENT_OVERLAP,insufficient_overlap
1864,ma_gap_10_40,price_pos_120h,trend_ma,price_position,False,0,,,,,INSUFFICIENT_OVERLAP,insufficient_overlap
1865,ma_gap_10_40,price_pos_72h,trend_ma,price_position,False,0,,,,,INSUFFICIENT_OVERLAP,insufficient_overlap
1866,ma_gap_10_40,price_volume_corr_20h,trend_ma,volume_price,False,0,,,,,INSUFFICIENT_OVERLAP,insufficient_overlap
1867,ma_gap_10_40,q158_high_low_range,trend_ma,alpha158,False,0,,,,,INSUFFICIENT_OVERLAP,insufficient_overlap
1868,ma_gap_10_40,qvol_ma_ratio_20_80,trend_ma,quote_volume_liquidity,False,0,,,,,INSUFFICIENT_OVERLAP,insufficient_overlap
1869,ma_gap_10_40,qvol_ma_ratio_5_20,trend_ma,quote_volume_liquidity,False,0,,,,,INSUFFICIENT_OVERLAP,insufficient_overlap
1870,ma_gap_10_40,qvol_zscore_20h,trend_ma,quote_volume_liquidity,False,0,,,,,INSUFFICIENT_OVERLAP,insufficient_overlap
1871,ma_gap_10_40,qvol_zscore_48h,trend_ma,quote_volume_liquidity,False,0,,,,,INSUFFICIENT_OVERLAP,insufficient_overlap
1872,ma_gap_10_40,range_1h,trend_ma,range_position,False,0,,,,,INSUFFICIENT_OVERLAP,insufficient_overlap
1873,ma_gap_10_40,range_4h,trend_ma,range_position,False,0,,,,,INSUFFICIENT_OVERLAP,insufficient_overlap
1874,ma_gap_10_40,realized_kurt_20h,trend_ma,realized_shape,False,0,,,,,INSUFFICIENT_OVERLAP,insufficient_overlap
1875,ma_gap_10_40,realized_skew_20h,trend_ma,realized_shape,False,0,,,,,INSUFFICIENT_OVERLAP,insufficient_overlap
1876,ma_gap_10_40,rev_10h,trend_ma,reversal,False,0,,,,,INSUFFICIENT_OVERLAP,insufficient_overlap
1877,ma_gap_10_40,rev_1h,trend_ma,reversal,False,0,,,,,INSUFFICIENT_OVERLAP,insufficient_overlap
1878,ma_gap_10_40,rev_3h,trend_ma,reversal,False,0,,,,,INSUFFICIENT_OVERLAP,insufficient_overlap
1879,ma_gap_10_40,rev_72h,trend_ma,reversal,False,0,,,,,INSUFFICIENT_OVERLAP,insufficient_overlap
1880,ma_gap_10_40,reversal_5h,trend_ma,momentum,False,0,,,,,INSUFFICIENT_OVERLAP,insufficient_overlap
1881,ma_gap_10_40,rsi_14h,trend_ma,technical,False,0,,,,,INSUFFICIENT_OVERLAP,insufficient_overlap
1882,ma_gap_10_40,rsi_7h,trend_ma,technical_indicators,False,0,,,,,INSUFFICIENT_OVERLAP,insufficient_overlap
1883,ma_gap_10_40,taker_buy_delta_5h,trend_ma,taker_imbalance,False,0,,,,,INSUFFICIENT_OVERLAP,insufficient_overlap
1884,ma_gap_10_40,taker_buy_ratio_20h,trend_ma,taker_imbalance,False,0,,,,,INSUFFICIENT_OVERLAP,insufficient_overlap
1885,ma_gap_10_40,taker_buy_zscore_20h,trend_ma,taker_imbalance,False,0,,,,,INSUFFICIENT_OVERLAP,insufficient_overlap
1886,ma_gap_10_40,tech_atr,trend_ma,technical,False,0,,,,,INSUFFICIENT_OVERLAP,insufficient_overlap
1887,ma_gap_10_40,tech_macd,trend_ma,technical,False,0,,,,,INSUFFICIENT_OVERLAP,insufficient_overlap
1888,ma_gap_10_40,vol_5h,trend_ma,volatility,False,0,,,,,INSUFFICIENT_OVERLAP,insufficient_overlap
1889,ma_gap_10_40,vol_ratio_20_80,trend_ma,volatility,False,0,,,,,INSUFFICIENT_OVERLAP,insufficient_overlap
1890,ma_gap_10_40,vol_ratio_5_20,trend_ma,volatility,False,0,,,,,INSUFFICIENT_OVERLAP,insufficient_overlap
1891,ma_gap_10_40,vol_ret_corr_20h,trend_ma,alpha158_ohlcv,False,0,,,,,INSUFFICIENT_OVERLAP,insufficient_overlap
1892,ma_gap_10_40,vol_zscore_20h,trend_ma,volume_liquidity,False,0,,,,,INSUFFICIENT_OVERLAP,insufficient_overlap
1893,ma_gap_10_40,vol_zscore_48h,trend_ma,volume_liquidity,False,0,,,,,INSUFFICIENT_OVERLAP,insufficient_overlap
1894,ma_gap_10_40,volatility_20h,trend_ma,volatility,False,0,,,,,INSUFFICIENT_OVERLAP,insufficient_overlap
1895,ma_gap_10_40,vwap_dev_20h,trend_ma,alpha158_ohlcv,False,0,,,,,INSUFFICIENT_OVERLAP,insufficient_overlap
1896,ma_gap_10_40,williams_r_14h,trend_ma,technical_indicators,False,0,,,,,INSUFFICIENT_OVERLAP,insufficient_overlap
1897,ma_gap_10_40,wq101_alpha101,trend_ma,wq101,False,0,,,,,INSUFFICIENT_OVERLAP,insufficient_overlap
1898,ma_gap_10_40,wq101_alpha12,trend_ma,wq101,False,0,,,,,INSUFFICIENT_OVERLAP,insufficient_overlap
1899,ma_gap_10_40,wq101_alpha53,trend_ma,wq101,False,0,,,,,INSUFFICIENT_OVERLAP,insufficient_overlap
1900,ma_gap_10_40,wvma_20h,trend_ma,alpha158_ohlcv,False,0,,,,,INSUFFICIENT_OVERLAP,insufficient_overlap
1901,ma_gap_10_40,xs_rank_ret_1h,trend_ma,cross_sectional_normalized,False,0,,,,,INSUFFICIENT_OVERLAP,insufficient_overlap
1902,ma_gap_10_40,xs_rank_vol,trend_ma,cross_sectional_normalized,False,0,,,,,INSUFFICIENT_OVERLAP,insufficient_overlap
1903,ma_gap_20_80,mom_120h,trend_ma,momentum,False,0,,,,,INSUFFICIENT_OVERLAP,insufficient_overlap
1904,ma_gap_20_80,mom_40h,trend_ma,momentum,False,0,,,,,INSUFFICIENT_OVERLAP,insufficient_overlap
1905,ma_gap_20_80,mom_accel_20h,trend_ma,momentum,False,0,,,,,INSUFFICIENT_OVERLAP,insufficient_overlap
1906,ma_gap_20_80,price_pos_120h,trend_ma,price_position,False,0,,,,,INSUFFICIENT_OVERLAP,insufficient_overlap
1907,ma_gap_20_80,price_pos_24h,trend_ma,price_position,False,0,,,,,INSUFFICIENT_OVERLAP,insufficient_overlap
1908,ma_gap_20_80,qvol_zscore_48h,trend_ma,quote_volume_liquidity,False,0,,,,,INSUFFICIENT_OVERLAP,insufficient_overlap
1909,ma_gap_20_80,range_24h,trend_ma,range_position,False,0,,,,,INSUFFICIENT_OVERLAP,insufficient_overlap
1910,ma_gap_20_80,rev_24h,trend_ma,reversal,False,0,,,,,INSUFFICIENT_OVERLAP,insufficient_overlap
1911,ma_gap_20_80,rsi_28h,trend_ma,technical_indicators,False,0,,,,,INSUFFICIENT_OVERLAP,insufficient_overlap
1912,ma_gap_20_80,trend_efficiency_24h,trend_ma,trend_quality,False,0,,,,,INSUFFICIENT_OVERLAP,insufficient_overlap
1913,ma_gap_20_80,vol_40h,trend_ma,volatility,False,0,,,,,INSUFFICIENT_OVERLAP,insufficient_overlap
1914,ma_gap_20_80,vol_of_vol_20h,trend_ma,realized_skew_kurtosis,False,0,,,,,INSUFFICIENT_OVERLAP,insufficient_overlap
1915,ma_gap_20_80,vol_zscore_48h,trend_ma,volume_liquidity,False,0,,,,,INSUFFICIENT_OVERLAP,insufficient_overlap
1916,ma_gap_5_20,mom_120h,trend_ma,momentum,False,0,,,,,INSUFFICIENT_OVERLAP,insufficient_overlap
1917,ma_gap_5_20,mom_40h,trend_ma,momentum,False,0,,,,,INSUFFICIENT_OVERLAP,insufficient_overlap
1918,ma_gap_5_20,mom_accel_20h,trend_ma,momentum,False,0,,,,,INSUFFICIENT_OVERLAP,insufficient_overlap
1919,ma_gap_5_20,price_pos_120h,trend_ma,price_position,False,0,,,,,INSUFFICIENT_OVERLAP,insufficient_overlap
1920,ma_gap_5_20,price_pos_24h,trend_ma,price_position,False,0,,,,,INSUFFICIENT_OVERLAP,insufficient_overlap
1921,ma_gap_5_20,qvol_zscore_48h,trend_ma,quote_volume_liquidity,False,0,,,,,INSUFFICIENT_OVERLAP,insufficient_overlap
1922,ma_gap_5_20,range_24h,trend_ma,range_position,False,0,,,,,INSUFFICIENT_OVERLAP,insufficient_overlap
1923,ma_gap_5_20,rev_24h,trend_ma,reversal,False,0,,,,,INSUFFICIENT_OVERLAP,insufficient_overlap
1924,ma_gap_5_20,rsi_28h,trend_ma,technical_indicators,False,0,,,,,INSUFFICIENT_OVERLAP,insufficient_overlap
1925,ma_gap_5_20,trend_efficiency_24h,trend_ma,trend_quality,False,0,,,,,INSUFFICIENT_OVERLAP,insufficient_overlap
1926,ma_gap_5_20,vol_40h,trend_ma,volatility,False,0,,,,,INSUFFICIENT_OVERLAP,insufficient_overlap
1927,ma_gap_5_20,vol_of_vol_20h,trend_ma,realized_skew_kurtosis,False,0,,,,,INSUFFICIENT_OVERLAP,insufficient_overlap
1928,ma_gap_5_20,vol_zscore_48h,trend_ma,volume_liquidity,False,0,,,,,INSUFFICIENT_OVERLAP,insufficient_overlap
1929,mom_10h,mom_120h,momentum,momentum,True,0,,,,,INSUFFICIENT_OVERLAP,insufficient_overlap
1930,mom_10h,mom_40h,momentum,momentum,True,0,,,,,INSUFFICIENT_OVERLAP,insufficient_overlap
1931,mom_10h,mom_accel_20h,momentum,momentum,True,0,,,,,INSUFFICIENT_OVERLAP,insufficient_overlap
1932,mom_10h,price_pos_120h,momentum,price_position,False,0,,,,,INSUFFICIENT_OVERLAP,insufficient_overlap
1933,mom_10h,price_pos_24h,momentum,price_position,False,0,,,,,INSUFFICIENT_OVERLAP,insufficient_overlap
1934,mom_10h,qvol_zscore_48h,momentum,quote_volume_liquidity,False,0,,,,,INSUFFICIENT_OVERLAP,insufficient_overlap
1935,mom_10h,range_24h,momentum,range_position,False,0,,,,,INSUFFICIENT_OVERLAP,insufficient_overlap
1936,mom_10h,rev_24h,momentum,reversal,False,0,,,,,INSUFFICIENT_OVERLAP,insufficient_overlap
1937,mom_10h,rsi_28h,momentum,technical_indicators,False,0,,,,,INSUFFICIENT_OVERLAP,insufficient_overlap
1938,mom_10h,trend_efficiency_24h,momentum,trend_quality,False,0,,,,,INSUFFICIENT_OVERLAP,insufficient_overlap
1939,mom_10h,vol_40h,momentum,volatility,False,0,,,,,INSUFFICIENT_OVERLAP,insufficient_overlap
1940,mom_10h,vol_of_vol_20h,momentum,realized_skew_kurtosis,False,0,,,,,INSUFFICIENT_OVERLAP,insufficient_overlap
1941,mom_10h,vol_zscore_48h,momentum,volume_liquidity,False,0,,,,,INSUFFICIENT_OVERLAP,insufficient_overlap
1942,mom_120h,mom_20h,momentum,momentum,True,0,,,,,INSUFFICIENT_OVERLAP,insufficient_overlap
1943,mom_120h,mom_40h,momentum,momentum,True,0,,,,,INSUFFICIENT_OVERLAP,insufficient_overlap
1944,mom_120h,mom_5h,momentum,momentum,True,0,,,,,INSUFFICIENT_OVERLAP,insufficient_overlap
1945,mom_120h,mom_72h,momentum,momentum,True,0,,,,,INSUFFICIENT_OVERLAP,insufficient_overlap
1946,mom_120h,mom_accel_20h,momentum,momentum,True,0,,,,,INSUFFICIENT_OVERLAP,insufficient_overlap
1947,mom_120h,price_pos_24h,momentum,price_position,False,0,,,,,INSUFFICIENT_OVERLAP,insufficient_overlap
1948,mom_120h,price_pos_72h,momentum,price_position,False,0,,,,,INSUFFICIENT_OVERLAP,insufficient_overlap
1949,mom_120h,price_volume_corr_20h,momentum,volume_price,False,0,,,,,INSUFFICIENT_OVERLAP,insufficient_overlap
1950,mom_120h,q158_high_low_range,momentum,alpha158,False,0,,,,,INSUFFICIENT_OVERLAP,insufficient_overlap
1951,mom_120h,qvol_ma_ratio_20_80,momentum,quote_volume_liquidity,False,0,,,,,INSUFFICIENT_OVERLAP,insufficient_overlap
1952,mom_120h,qvol_ma_ratio_5_20,momentum,quote_volume_liquidity,False,0,,,,,INSUFFICIENT_OVERLAP,insufficient_overlap
1953,mom_120h,qvol_zscore_20h,momentum,quote_volume_liquidity,False,0,,,,,INSUFFICIENT_OVERLAP,insufficient_overlap
1954,mom_120h,range_1h,momentum,range_position,False,0,,,,,INSUFFICIENT_OVERLAP,insufficient_overlap
1955,mom_120h,range_24h,momentum,range_position,False,0,,,,,INSUFFICIENT_OVERLAP,insufficient_overlap
1956,mom_120h,range_4h,momentum,range_position,False,0,,,,,INSUFFICIENT_OVERLAP,insufficient_overlap
1957,mom_120h,realized_kurt_20h,momentum,realized_shape,False,0,,,,,INSUFFICIENT_OVERLAP,insufficient_overlap
1958,mom_120h,realized_skew_20h,momentum,realized_shape,False,0,,,,,INSUFFICIENT_OVERLAP,insufficient_overlap
1959,mom_120h,rev_10h,momentum,reversal,False,0,,,,,INSUFFICIENT_OVERLAP,insufficient_overlap
1960,mom_120h,rev_1h,momentum,reversal,False,0,,,,,INSUFFICIENT_OVERLAP,insufficient_overlap
1961,mom_120h,rev_24h,momentum,reversal,False,0,,,,,INSUFFICIENT_OVERLAP,insufficient_overlap
1962,mom_120h,rev_3h,momentum,reversal,False,0,,,,,INSUFFICIENT_OVERLAP,insufficient_overlap
1963,mom_120h,rev_72h,momentum,reversal,False,0,,,,,INSUFFICIENT_OVERLAP,insufficient_overlap
1964,mom_120h,reversal_5h,momentum,momentum,True,0,,,,,INSUFFICIENT_OVERLAP,insufficient_overlap
1965,mom_120h,rsi_14h,momentum,technical,False,0,,,,,INSUFFICIENT_OVERLAP,insufficient_overlap
1966,mom_120h,rsi_28h,momentum,technical_indicators,False,0,,,,,INSUFFICIENT_OVERLAP,insufficient_overlap
1967,mom_120h,rsi_7h,momentum,technical_indicators,False,0,,,,,INSUFFICIENT_OVERLAP,insufficient_overlap
1968,mom_120h,taker_buy_delta_5h,momentum,taker_imbalance,False,0,,,,,INSUFFICIENT_OVERLAP,insufficient_overlap
1969,mom_120h,taker_buy_ratio_20h,momentum,taker_imbalance,False,0,,,,,INSUFFICIENT_OVERLAP,insufficient_overlap
1970,mom_120h,taker_buy_zscore_20h,momentum,taker_imbalance,False,0,,,,,INSUFFICIENT_OVERLAP,insufficient_overlap
1971,mom_120h,tech_atr,momentum,technical,False,0,,,,,INSUFFICIENT_OVERLAP,insufficient_overlap
1972,mom_120h,tech_macd,momentum,technical,False,0,,,,,INSUFFICIENT_OVERLAP,insufficient_overlap
1973,mom_120h,trend_efficiency_24h,momentum,trend_quality,False,0,,,,,INSUFFICIENT_OVERLAP,insufficient_overlap
1974,mom_120h,vol_40h,momentum,volatility,False,0,,,,,INSUFFICIENT_OVERLAP,insufficient_overlap
1975,mom_120h,vol_5h,momentum,volatility,False,0,,,,,INSUFFICIENT_OVERLAP,insufficient_overlap
1976,mom_120h,vol_of_vol_20h,momentum,realized_skew_kurtosis,False,0,,,,,INSUFFICIENT_OVERLAP,insufficient_overlap
1977,mom_120h,vol_ratio_20_80,momentum,volatility,False,0,,,,,INSUFFICIENT_OVERLAP,insufficient_overlap
1978,mom_120h,vol_ratio_5_20,momentum,volatility,False,0,,,,,INSUFFICIENT_OVERLAP,insufficient_overlap
1979,mom_120h,vol_ret_corr_20h,momentum,alpha158_ohlcv,False,0,,,,,INSUFFICIENT_OVERLAP,insufficient_overlap
1980,mom_120h,vol_zscore_20h,momentum,volume_liquidity,False,0,,,,,INSUFFICIENT_OVERLAP,insufficient_overlap
1981,mom_120h,volatility_20h,momentum,volatility,False,0,,,,,INSUFFICIENT_OVERLAP,insufficient_overlap
1982,mom_120h,vwap_dev_20h,momentum,alpha158_ohlcv,False,0,,,,,INSUFFICIENT_OVERLAP,insufficient_overlap
1983,mom_120h,williams_r_14h,momentum,technical_indicators,False,0,,,,,INSUFFICIENT_OVERLAP,insufficient_overlap
1984,mom_120h,wq101_alpha101,momentum,wq101,False,0,,,,,INSUFFICIENT_OVERLAP,insufficient_overlap
1985,mom_120h,wq101_alpha12,momentum,wq101,False,0,,,,,INSUFFICIENT_OVERLAP,insufficient_overlap
1986,mom_120h,wq101_alpha53,momentum,wq101,False,0,,,,,INSUFFICIENT_OVERLAP,insufficient_overlap
1987,mom_120h,wvma_20h,momentum,alpha158_ohlcv,False,0,,,,,INSUFFICIENT_OVERLAP,insufficient_overlap
1988,mom_120h,xs_rank_ret_1h,momentum,cross_sectional_normalized,False,0,,,,,INSUFFICIENT_OVERLAP,insufficient_overlap
1989,mom_120h,xs_rank_vol,momentum,cross_sectional_normalized,False,0,,,,,INSUFFICIENT_OVERLAP,insufficient_overlap
1990,mom_20h,mom_40h,momentum,momentum,True,0,,,,,INSUFFICIENT_OVERLAP,insufficient_overlap
1991,mom_20h,mom_accel_20h,momentum,momentum,True,0,,,,,INSUFFICIENT_OVERLAP,insufficient_overlap
1992,mom_20h,price_pos_120h,momentum,price_position,False,0,,,,,INSUFFICIENT_OVERLAP,insufficient_overlap
1993,mom_20h,price_pos_24h,momentum,price_position,False,0,,,,,INSUFFICIENT_OVERLAP,insufficient_overlap
1994,mom_20h,qvol_zscore_48h,momentum,quote_volume_liquidity,False,0,,,,,INSUFFICIENT_OVERLAP,insufficient_overlap
1995,mom_20h,range_24h,momentum,range_position,False,0,,,,,INSUFFICIENT_OVERLAP,insufficient_overlap
1996,mom_20h,rev_24h,momentum,reversal,False,0,,,,,INSUFFICIENT_OVERLAP,insufficient_overlap
1997,mom_20h,rsi_28h,momentum,technical_indicators,False,0,,,,,INSUFFICIENT_OVERLAP,insufficient_overlap
1998,mom_20h,trend_efficiency_24h,momentum,trend_quality,False,0,,,,,INSUFFICIENT_OVERLAP,insufficient_overlap
1999,mom_20h,vol_40h,momentum,volatility,False,0,,,,,INSUFFICIENT_OVERLAP,insufficient_overlap
2000,mom_20h,vol_of_vol_20h,momentum,realized_skew_kurtosis,False,0,,,,,INSUFFICIENT_OVERLAP,insufficient_overlap
2001,mom_20h,vol_zscore_48h,momentum,volume_liquidity,False,0,,,,,INSUFFICIENT_OVERLAP,insufficient_overlap
2002,mom_40h,mom_5h,momentum,momentum,True,0,,,,,INSUFFICIENT_OVERLAP,insufficient_overlap
2003,mom_40h,mom_72h,momentum,momentum,True,0,,,,,INSUFFICIENT_OVERLAP,insufficient_overlap
2004,mom_40h,price_pos_120h,momentum,price_position,False,0,,,,,INSUFFICIENT_OVERLAP,insufficient_overlap
2005,mom_40h,price_pos_72h,momentum,price_position,False,0,,,,,INSUFFICIENT_OVERLAP,insufficient_overlap
2006,mom_40h,price_volume_corr_20h,momentum,volume_price,False,0,,,,,INSUFFICIENT_OVERLAP,insufficient_overlap
2007,mom_40h,q158_high_low_range,momentum,alpha158,False,0,,,,,INSUFFICIENT_OVERLAP,insufficient_overlap
2008,mom_40h,qvol_ma_ratio_20_80,momentum,quote_volume_liquidity,False,0,,,,,INSUFFICIENT_OVERLAP,insufficient_overlap
2009,mom_40h,qvol_ma_ratio_5_20,momentum,quote_volume_liquidity,False,0,,,,,INSUFFICIENT_OVERLAP,insufficient_overlap
2010,mom_40h,qvol_zscore_20h,momentum,quote_volume_liquidity,False,0,,,,,INSUFFICIENT_OVERLAP,insufficient_overlap
2011,mom_40h,qvol_zscore_48h,momentum,quote_volume_liquidity,False,0,,,,,INSUFFICIENT_OVERLAP,insufficient_overlap
2012,mom_40h,range_1h,momentum,range_position,False,0,,,,,INSUFFICIENT_OVERLAP,insufficient_overlap
2013,mom_40h,range_4h,momentum,range_position,False,0,,,,,INSUFFICIENT_OVERLAP,insufficient_overlap
2014,mom_40h,realized_kurt_20h,momentum,realized_shape,False,0,,,,,INSUFFICIENT_OVERLAP,insufficient_overlap
2015,mom_40h,realized_skew_20h,momentum,realized_shape,False,0,,,,,INSUFFICIENT_OVERLAP,insufficient_overlap
2016,mom_40h,rev_10h,momentum,reversal,False,0,,,,,INSUFFICIENT_OVERLAP,insufficient_overlap
2017,mom_40h,rev_1h,momentum,reversal,False,0,,,,,INSUFFICIENT_OVERLAP,insufficient_overlap
2018,mom_40h,rev_3h,momentum,reversal,False,0,,,,,INSUFFICIENT_OVERLAP,insufficient_overlap
2019,mom_40h,rev_72h,momentum,reversal,False,0,,,,,INSUFFICIENT_OVERLAP,insufficient_overlap
2020,mom_40h,reversal_5h,momentum,momentum,True,0,,,,,INSUFFICIENT_OVERLAP,insufficient_overlap
2021,mom_40h,rsi_14h,momentum,technical,False,0,,,,,INSUFFICIENT_OVERLAP,insufficient_overlap
2022,mom_40h,rsi_7h,momentum,technical_indicators,False,0,,,,,INSUFFICIENT_OVERLAP,insufficient_overlap
2023,mom_40h,taker_buy_delta_5h,momentum,taker_imbalance,False,0,,,,,INSUFFICIENT_OVERLAP,insufficient_overlap
2024,mom_40h,taker_buy_ratio_20h,momentum,taker_imbalance,False,0,,,,,INSUFFICIENT_OVERLAP,insufficient_overlap
2025,mom_40h,taker_buy_zscore_20h,momentum,taker_imbalance,False,0,,,,,INSUFFICIENT_OVERLAP,insufficient_overlap
2026,mom_40h,tech_atr,momentum,technical,False,0,,,,,INSUFFICIENT_OVERLAP,insufficient_overlap
2027,mom_40h,tech_macd,momentum,technical,False,0,,,,,INSUFFICIENT_OVERLAP,insufficient_overlap
2028,mom_40h,vol_5h,momentum,volatility,False,0,,,,,INSUFFICIENT_OVERLAP,insufficient_overlap
2029,mom_40h,vol_ratio_20_80,momentum,volatility,False,0,,,,,INSUFFICIENT_OVERLAP,insufficient_overlap
2030,mom_40h,vol_ratio_5_20,momentum,volatility,False,0,,,,,INSUFFICIENT_OVERLAP,insufficient_overlap
2031,mom_40h,vol_ret_corr_20h,momentum,alpha158_ohlcv,False,0,,,,,INSUFFICIENT_OVERLAP,insufficient_overlap
2032,mom_40h,vol_zscore_20h,momentum,volume_liquidity,False,0,,,,,INSUFFICIENT_OVERLAP,insufficient_overlap
2033,mom_40h,vol_zscore_48h,momentum,volume_liquidity,False,0,,,,,INSUFFICIENT_OVERLAP,insufficient_overlap
2034,mom_40h,volatility_20h,momentum,volatility,False,0,,,,,INSUFFICIENT_OVERLAP,insufficient_overlap
2035,mom_40h,vwap_dev_20h,momentum,alpha158_ohlcv,False,0,,,,,INSUFFICIENT_OVERLAP,insufficient_overlap
2036,mom_40h,williams_r_14h,momentum,technical_indicators,False,0,,,,,INSUFFICIENT_OVERLAP,insufficient_overlap
2037,mom_40h,wq101_alpha101,momentum,wq101,False,0,,,,,INSUFFICIENT_OVERLAP,insufficient_overlap
2038,mom_40h,wq101_alpha12,momentum,wq101,False,0,,,,,INSUFFICIENT_OVERLAP,insufficient_overlap
2039,mom_40h,wq101_alpha53,momentum,wq101,False,0,,,,,INSUFFICIENT_OVERLAP,insufficient_overlap
2040,mom_40h,wvma_20h,momentum,alpha158_ohlcv,False,0,,,,,INSUFFICIENT_OVERLAP,insufficient_overlap
2041,mom_40h,xs_rank_ret_1h,momentum,cross_sectional_normalized,False,0,,,,,INSUFFICIENT_OVERLAP,insufficient_overlap
2042,mom_40h,xs_rank_vol,momentum,cross_sectional_normalized,False,0,,,,,INSUFFICIENT_OVERLAP,insufficient_overlap
2043,mom_5h,mom_accel_20h,momentum,momentum,True,0,,,,,INSUFFICIENT_OVERLAP,insufficient_overlap
2044,mom_5h,price_pos_120h,momentum,price_position,False,0,,,,,INSUFFICIENT_OVERLAP,insufficient_overlap
2045,mom_5h,price_pos_24h,momentum,price_position,False,0,,,,,INSUFFICIENT_OVERLAP,insufficient_overlap
2046,mom_5h,qvol_zscore_48h,momentum,quote_volume_liquidity,False,0,,,,,INSUFFICIENT_OVERLAP,insufficient_overlap
2047,mom_5h,range_24h,momentum,range_position,False,0,,,,,INSUFFICIENT_OVERLAP,insufficient_overlap
2048,mom_5h,rev_24h,momentum,reversal,False,0,,,,,INSUFFICIENT_OVERLAP,insufficient_overlap
2049,mom_5h,rsi_28h,momentum,technical_indicators,False,0,,,,,INSUFFICIENT_OVERLAP,insufficient_overlap
2050,mom_5h,trend_efficiency_24h,momentum,trend_quality,False,0,,,,,INSUFFICIENT_OVERLAP,insufficient_overlap
2051,mom_5h,vol_40h,momentum,volatility,False,0,,,,,INSUFFICIENT_OVERLAP,insufficient_overlap
2052,mom_5h,vol_of_vol_20h,momentum,realized_skew_kurtosis,False,0,,,,,INSUFFICIENT_OVERLAP,insufficient_overlap
2053,mom_5h,vol_zscore_48h,momentum,volume_liquidity,False,0,,,,,INSUFFICIENT_OVERLAP,insufficient_overlap
2054,mom_72h,mom_accel_20h,momentum,momentum,True,0,,,,,INSUFFICIENT_OVERLAP,insufficient_overlap
2055,mom_72h,price_pos_120h,momentum,price_position,False,0,,,,,INSUFFICIENT_OVERLAP,insufficient_overlap
2056,mom_72h,price_pos_24h,momentum,price_position,False,0,,,,,INSUFFICIENT_OVERLAP,insufficient_overlap
2057,mom_72h,qvol_zscore_48h,momentum,quote_volume_liquidity,False,0,,,,,INSUFFICIENT_OVERLAP,insufficient_overlap
2058,mom_72h,range_24h,momentum,range_position,False,0,,,,,INSUFFICIENT_OVERLAP,insufficient_overlap
2059,mom_72h,rev_24h,momentum,reversal,False,0,,,,,INSUFFICIENT_OVERLAP,insufficient_overlap
2060,mom_72h,rsi_28h,momentum,technical_indicators,False,0,,,,,INSUFFICIENT_OVERLAP,insufficient_overlap
2061,mom_72h,trend_efficiency_24h,momentum,trend_quality,False,0,,,,,INSUFFICIENT_OVERLAP,insufficient_overlap
2062,mom_72h,vol_40h,momentum,volatility,False,0,,,,,INSUFFICIENT_OVERLAP,insufficient_overlap
2063,mom_72h,vol_of_vol_20h,momentum,realized_skew_kurtosis,False,0,,,,,INSUFFICIENT_OVERLAP,insufficient_overlap
2064,mom_72h,vol_zscore_48h,momentum,volume_liquidity,False,0,,,,,INSUFFICIENT_OVERLAP,insufficient_overlap
2065,mom_accel_20h,price_pos_120h,momentum,price_position,False,0,,,,,INSUFFICIENT_OVERLAP,insufficient_overlap
2066,mom_accel_20h,price_pos_72h,momentum,price_position,False,0,,,,,INSUFFICIENT_OVERLAP,insufficient_overlap
2067,mom_accel_20h,price_volume_corr_20h,momentum,volume_price,False,0,,,,,INSUFFICIENT_OVERLAP,insufficient_overlap
2068,mom_accel_20h,q158_high_low_range,momentum,alpha158,False,0,,,,,INSUFFICIENT_OVERLAP,insufficient_overlap
2069,mom_accel_20h,qvol_ma_ratio_20_80,momentum,quote_volume_liquidity,False,0,,,,,INSUFFICIENT_OVERLAP,insufficient_overlap
2070,mom_accel_20h,qvol_ma_ratio_5_20,momentum,quote_volume_liquidity,False,0,,,,,INSUFFICIENT_OVERLAP,insufficient_overlap
2071,mom_accel_20h,qvol_zscore_20h,momentum,quote_volume_liquidity,False,0,,,,,INSUFFICIENT_OVERLAP,insufficient_overlap
2072,mom_accel_20h,qvol_zscore_48h,momentum,quote_volume_liquidity,False,0,,,,,INSUFFICIENT_OVERLAP,insufficient_overlap
2073,mom_accel_20h,range_1h,momentum,range_position,False,0,,,,,INSUFFICIENT_OVERLAP,insufficient_overlap
2074,mom_accel_20h,range_4h,momentum,range_position,False,0,,,,,INSUFFICIENT_OVERLAP,insufficient_overlap
2075,mom_accel_20h,realized_kurt_20h,momentum,realized_shape,False,0,,,,,INSUFFICIENT_OVERLAP,insufficient_overlap
2076,mom_accel_20h,realized_skew_20h,momentum,realized_shape,False,0,,,,,INSUFFICIENT_OVERLAP,insufficient_overlap
2077,mom_accel_20h,rev_10h,momentum,reversal,False,0,,,,,INSUFFICIENT_OVERLAP,insufficient_overlap
2078,mom_accel_20h,rev_1h,momentum,reversal,False,0,,,,,INSUFFICIENT_OVERLAP,insufficient_overlap
2079,mom_accel_20h,rev_3h,momentum,reversal,False,0,,,,,INSUFFICIENT_OVERLAP,insufficient_overlap
2080,mom_accel_20h,rev_72h,momentum,reversal,False,0,,,,,INSUFFICIENT_OVERLAP,insufficient_overlap
2081,mom_accel_20h,reversal_5h,momentum,momentum,True,0,,,,,INSUFFICIENT_OVERLAP,insufficient_overlap
2082,mom_accel_20h,rsi_14h,momentum,technical,False,0,,,,,INSUFFICIENT_OVERLAP,insufficient_overlap
2083,mom_accel_20h,rsi_7h,momentum,technical_indicators,False,0,,,,,INSUFFICIENT_OVERLAP,insufficient_overlap
2084,mom_accel_20h,taker_buy_delta_5h,momentum,taker_imbalance,False,0,,,,,INSUFFICIENT_OVERLAP,insufficient_overlap
2085,mom_accel_20h,taker_buy_ratio_20h,momentum,taker_imbalance,False,0,,,,,INSUFFICIENT_OVERLAP,insufficient_overlap
2086,mom_accel_20h,taker_buy_zscore_20h,momentum,taker_imbalance,False,0,,,,,INSUFFICIENT_OVERLAP,insufficient_overlap
2087,mom_accel_20h,tech_atr,momentum,technical,False,0,,,,,INSUFFICIENT_OVERLAP,insufficient_overlap
2088,mom_accel_20h,tech_macd,momentum,technical,False,0,,,,,INSUFFICIENT_OVERLAP,insufficient_overlap
2089,mom_accel_20h,vol_5h,momentum,volatility,False,0,,,,,INSUFFICIENT_OVERLAP,insufficient_overlap
2090,mom_accel_20h,vol_ratio_20_80,momentum,volatility,False,0,,,,,INSUFFICIENT_OVERLAP,insufficient_overlap
2091,mom_accel_20h,vol_ratio_5_20,momentum,volatility,False,0,,,,,INSUFFICIENT_OVERLAP,insufficient_overlap
2092,mom_accel_20h,vol_ret_corr_20h,momentum,alpha158_ohlcv,False,0,,,,,INSUFFICIENT_OVERLAP,insufficient_overlap
2093,mom_accel_20h,vol_zscore_20h,momentum,volume_liquidity,False,0,,,,,INSUFFICIENT_OVERLAP,insufficient_overlap
2094,mom_accel_20h,vol_zscore_48h,momentum,volume_liquidity,False,0,,,,,INSUFFICIENT_OVERLAP,insufficient_overlap
2095,mom_accel_20h,volatility_20h,momentum,volatility,False,0,,,,,INSUFFICIENT_OVERLAP,insufficient_overlap
2096,mom_accel_20h,vwap_dev_20h,momentum,alpha158_ohlcv,False,0,,,,,INSUFFICIENT_OVERLAP,insufficient_overlap
2097,mom_accel_20h,williams_r_14h,momentum,technical_indicators,False,0,,,,,INSUFFICIENT_OVERLAP,insufficient_overlap
2098,mom_accel_20h,wq101_alpha101,momentum,wq101,False,0,,,,,INSUFFICIENT_OVERLAP,insufficient_overlap
2099,mom_accel_20h,wq101_alpha12,momentum,wq101,False,0,,,,,INSUFFICIENT_OVERLAP,insufficient_overlap
2100,mom_accel_20h,wq101_alpha53,momentum,wq101,False,0,,,,,INSUFFICIENT_OVERLAP,insufficient_overlap
2101,mom_accel_20h,wvma_20h,momentum,alpha158_ohlcv,False,0,,,,,INSUFFICIENT_OVERLAP,insufficient_overlap
2102,mom_accel_20h,xs_rank_ret_1h,momentum,cross_sectional_normalized,False,0,,,,,INSUFFICIENT_OVERLAP,insufficient_overlap
2103,mom_accel_20h,xs_rank_vol,momentum,cross_sectional_normalized,False,0,,,,,INSUFFICIENT_OVERLAP,insufficient_overlap
2104,price_pos_120h,price_pos_24h,price_position,price_position,True,0,,,,,INSUFFICIENT_OVERLAP,insufficient_overlap
2105,price_pos_120h,price_pos_72h,price_position,price_position,True,0,,,,,INSUFFICIENT_OVERLAP,insufficient_overlap
2106,price_pos_120h,price_volume_corr_20h,price_position,volume_price,False,0,,,,,INSUFFICIENT_OVERLAP,insufficient_overlap
2107,price_pos_120h,q158_high_low_range,price_position,alpha158,False,0,,,,,INSUFFICIENT_OVERLAP,insufficient_overlap
2108,price_pos_120h,qvol_ma_ratio_20_80,price_position,quote_volume_liquidity,False,0,,,,,INSUFFICIENT_OVERLAP,insufficient_overlap
2109,price_pos_120h,qvol_ma_ratio_5_20,price_position,quote_volume_liquidity,False,0,,,,,INSUFFICIENT_OVERLAP,insufficient_overlap
2110,price_pos_120h,qvol_zscore_20h,price_position,quote_volume_liquidity,False,0,,,,,INSUFFICIENT_OVERLAP,insufficient_overlap
2111,price_pos_120h,range_1h,price_position,range_position,False,0,,,,,INSUFFICIENT_OVERLAP,insufficient_overlap
2112,price_pos_120h,range_24h,price_position,range_position,False,0,,,,,INSUFFICIENT_OVERLAP,insufficient_overlap
2113,price_pos_120h,range_4h,price_position,range_position,False,0,,,,,INSUFFICIENT_OVERLAP,insufficient_overlap
2114,price_pos_120h,realized_kurt_20h,price_position,realized_shape,False,0,,,,,INSUFFICIENT_OVERLAP,insufficient_overlap
2115,price_pos_120h,realized_skew_20h,price_position,realized_shape,False,0,,,,,INSUFFICIENT_OVERLAP,insufficient_overlap
2116,price_pos_120h,rev_10h,price_position,reversal,False,0,,,,,INSUFFICIENT_OVERLAP,insufficient_overlap
2117,price_pos_120h,rev_1h,price_position,reversal,False,0,,,,,INSUFFICIENT_OVERLAP,insufficient_overlap
2118,price_pos_120h,rev_24h,price_position,reversal,False,0,,,,,INSUFFICIENT_OVERLAP,insufficient_overlap
2119,price_pos_120h,rev_3h,price_position,reversal,False,0,,,,,INSUFFICIENT_OVERLAP,insufficient_overlap
2120,price_pos_120h,rev_72h,price_position,reversal,False,0,,,,,INSUFFICIENT_OVERLAP,insufficient_overlap
2121,price_pos_120h,reversal_5h,price_position,momentum,False,0,,,,,INSUFFICIENT_OVERLAP,insufficient_overlap
2122,price_pos_120h,rsi_14h,price_position,technical,False,0,,,,,INSUFFICIENT_OVERLAP,insufficient_overlap
2123,price_pos_120h,rsi_28h,price_position,technical_indicators,False,0,,,,,INSUFFICIENT_OVERLAP,insufficient_overlap
2124,price_pos_120h,rsi_7h,price_position,technical_indicators,False,0,,,,,INSUFFICIENT_OVERLAP,insufficient_overlap
2125,price_pos_120h,taker_buy_delta_5h,price_position,taker_imbalance,False,0,,,,,INSUFFICIENT_OVERLAP,insufficient_overlap
2126,price_pos_120h,taker_buy_ratio_20h,price_position,taker_imbalance,False,0,,,,,INSUFFICIENT_OVERLAP,insufficient_overlap
2127,price_pos_120h,taker_buy_zscore_20h,price_position,taker_imbalance,False,0,,,,,INSUFFICIENT_OVERLAP,insufficient_overlap
2128,price_pos_120h,tech_atr,price_position,technical,False,0,,,,,INSUFFICIENT_OVERLAP,insufficient_overlap
2129,price_pos_120h,tech_macd,price_position,technical,False,0,,,,,INSUFFICIENT_OVERLAP,insufficient_overlap
2130,price_pos_120h,trend_efficiency_24h,price_position,trend_quality,False,0,,,,,INSUFFICIENT_OVERLAP,insufficient_overlap
2131,price_pos_120h,vol_40h,price_position,volatility,False,0,,,,,INSUFFICIENT_OVERLAP,insufficient_overlap
2132,price_pos_120h,vol_5h,price_position,volatility,False,0,,,,,INSUFFICIENT_OVERLAP,insufficient_overlap
2133,price_pos_120h,vol_of_vol_20h,price_position,realized_skew_kurtosis,False,0,,,,,INSUFFICIENT_OVERLAP,insufficient_overlap
2134,price_pos_120h,vol_ratio_20_80,price_position,volatility,False,0,,,,,INSUFFICIENT_OVERLAP,insufficient_overlap
2135,price_pos_120h,vol_ratio_5_20,price_position,volatility,False,0,,,,,INSUFFICIENT_OVERLAP,insufficient_overlap
2136,price_pos_120h,vol_ret_corr_20h,price_position,alpha158_ohlcv,False,0,,,,,INSUFFICIENT_OVERLAP,insufficient_overlap
2137,price_pos_120h,vol_zscore_20h,price_position,volume_liquidity,False,0,,,,,INSUFFICIENT_OVERLAP,insufficient_overlap
2138,price_pos_120h,volatility_20h,price_position,volatility,False,0,,,,,INSUFFICIENT_OVERLAP,insufficient_overlap
2139,price_pos_120h,vwap_dev_20h,price_position,alpha158_ohlcv,False,0,,,,,INSUFFICIENT_OVERLAP,insufficient_overlap
2140,price_pos_120h,williams_r_14h,price_position,technical_indicators,False,0,,,,,INSUFFICIENT_OVERLAP,insufficient_overlap
2141,price_pos_120h,wq101_alpha101,price_position,wq101,False,0,,,,,INSUFFICIENT_OVERLAP,insufficient_overlap
2142,price_pos_120h,wq101_alpha12,price_position,wq101,False,0,,,,,INSUFFICIENT_OVERLAP,insufficient_overlap
2143,price_pos_120h,wq101_alpha53,price_position,wq101,False,0,,,,,INSUFFICIENT_OVERLAP,insufficient_overlap
2144,price_pos_120h,wvma_20h,price_position,alpha158_ohlcv,False,0,,,,,INSUFFICIENT_OVERLAP,insufficient_overlap
2145,price_pos_120h,xs_rank_ret_1h,price_position,cross_sectional_normalized,False,0,,,,,INSUFFICIENT_OVERLAP,insufficient_overlap
2146,price_pos_120h,xs_rank_vol,price_position,cross_sectional_normalized,False,0,,,,,INSUFFICIENT_OVERLAP,insufficient_overlap
2147,price_pos_24h,price_pos_72h,price_position,price_position,True,0,,,,,INSUFFICIENT_OVERLAP,insufficient_overlap
2148,price_pos_24h,price_volume_corr_20h,price_position,volume_price,False,0,,,,,INSUFFICIENT_OVERLAP,insufficient_overlap
2149,price_pos_24h,q158_high_low_range,price_position,alpha158,False,0,,,,,INSUFFICIENT_OVERLAP,insufficient_overlap
2150,price_pos_24h,qvol_ma_ratio_20_80,price_position,quote_volume_liquidity,False,0,,,,,INSUFFICIENT_OVERLAP,insufficient_overlap
2151,price_pos_24h,qvol_ma_ratio_5_20,price_position,quote_volume_liquidity,False,0,,,,,INSUFFICIENT_OVERLAP,insufficient_overlap
2152,price_pos_24h,qvol_zscore_20h,price_position,quote_volume_liquidity,False,0,,,,,INSUFFICIENT_OVERLAP,insufficient_overlap
2153,price_pos_24h,qvol_zscore_48h,price_position,quote_volume_liquidity,False,0,,,,,INSUFFICIENT_OVERLAP,insufficient_overlap
2154,price_pos_24h,range_1h,price_position,range_position,False,0,,,,,INSUFFICIENT_OVERLAP,insufficient_overlap
2155,price_pos_24h,range_4h,price_position,range_position,False,0,,,,,INSUFFICIENT_OVERLAP,insufficient_overlap
2156,price_pos_24h,realized_kurt_20h,price_position,realized_shape,False,0,,,,,INSUFFICIENT_OVERLAP,insufficient_overlap
2157,price_pos_24h,realized_skew_20h,price_position,realized_shape,False,0,,,,,INSUFFICIENT_OVERLAP,insufficient_overlap
2158,price_pos_24h,rev_10h,price_position,reversal,False,0,,,,,INSUFFICIENT_OVERLAP,insufficient_overlap
2159,price_pos_24h,rev_1h,price_position,reversal,False,0,,,,,INSUFFICIENT_OVERLAP,insufficient_overlap
2160,price_pos_24h,rev_3h,price_position,reversal,False,0,,,,,INSUFFICIENT_OVERLAP,insufficient_overlap
2161,price_pos_24h,rev_72h,price_position,reversal,False,0,,,,,INSUFFICIENT_OVERLAP,insufficient_overlap
2162,price_pos_24h,reversal_5h,price_position,momentum,False,0,,,,,INSUFFICIENT_OVERLAP,insufficient_overlap
2163,price_pos_24h,rsi_14h,price_position,technical,False,0,,,,,INSUFFICIENT_OVERLAP,insufficient_overlap
2164,price_pos_24h,rsi_7h,price_position,technical_indicators,False,0,,,,,INSUFFICIENT_OVERLAP,insufficient_overlap
2165,price_pos_24h,taker_buy_delta_5h,price_position,taker_imbalance,False,0,,,,,INSUFFICIENT_OVERLAP,insufficient_overlap
2166,price_pos_24h,taker_buy_ratio_20h,price_position,taker_imbalance,False,0,,,,,INSUFFICIENT_OVERLAP,insufficient_overlap
2167,price_pos_24h,taker_buy_zscore_20h,price_position,taker_imbalance,False,0,,,,,INSUFFICIENT_OVERLAP,insufficient_overlap
2168,price_pos_24h,tech_atr,price_position,technical,False,0,,,,,INSUFFICIENT_OVERLAP,insufficient_overlap
2169,price_pos_24h,tech_macd,price_position,technical,False,0,,,,,INSUFFICIENT_OVERLAP,insufficient_overlap
2170,price_pos_24h,vol_5h,price_position,volatility,False,0,,,,,INSUFFICIENT_OVERLAP,insufficient_overlap
2171,price_pos_24h,vol_ratio_20_80,price_position,volatility,False,0,,,,,INSUFFICIENT_OVERLAP,insufficient_overlap
2172,price_pos_24h,vol_ratio_5_20,price_position,volatility,False,0,,,,,INSUFFICIENT_OVERLAP,insufficient_overlap
2173,price_pos_24h,vol_ret_corr_20h,price_position,alpha158_ohlcv,False,0,,,,,INSUFFICIENT_OVERLAP,insufficient_overlap
2174,price_pos_24h,vol_zscore_20h,price_position,volume_liquidity,False,0,,,,,INSUFFICIENT_OVERLAP,insufficient_overlap
2175,price_pos_24h,vol_zscore_48h,price_position,volume_liquidity,False,0,,,,,INSUFFICIENT_OVERLAP,insufficient_overlap
2176,price_pos_24h,volatility_20h,price_position,volatility,False,0,,,,,INSUFFICIENT_OVERLAP,insufficient_overlap
2177,price_pos_24h,vwap_dev_20h,price_position,alpha158_ohlcv,False,0,,,,,INSUFFICIENT_OVERLAP,insufficient_overlap
2178,price_pos_24h,williams_r_14h,price_position,technical_indicators,False,0,,,,,INSUFFICIENT_OVERLAP,insufficient_overlap
2179,price_pos_24h,wq101_alpha101,price_position,wq101,False,0,,,,,INSUFFICIENT_OVERLAP,insufficient_overlap
2180,price_pos_24h,wq101_alpha12,price_position,wq101,False,0,,,,,INSUFFICIENT_OVERLAP,insufficient_overlap
2181,price_pos_24h,wq101_alpha53,price_position,wq101,False,0,,,,,INSUFFICIENT_OVERLAP,insufficient_overlap
2182,price_pos_24h,wvma_20h,price_position,alpha158_ohlcv,False,0,,,,,INSUFFICIENT_OVERLAP,insufficient_overlap
2183,price_pos_24h,xs_rank_ret_1h,price_position,cross_sectional_normalized,False,0,,,,,INSUFFICIENT_OVERLAP,insufficient_overlap
2184,price_pos_24h,xs_rank_vol,price_position,cross_sectional_normalized,False,0,,,,,INSUFFICIENT_OVERLAP,insufficient_overlap
2185,price_pos_72h,qvol_zscore_48h,price_position,quote_volume_liquidity,False,0,,,,,INSUFFICIENT_OVERLAP,insufficient_overlap
2186,price_pos_72h,range_24h,price_position,range_position,False,0,,,,,INSUFFICIENT_OVERLAP,insufficient_overlap
2187,price_pos_72h,rev_24h,price_position,reversal,False,0,,,,,INSUFFICIENT_OVERLAP,insufficient_overlap
2188,price_pos_72h,rsi_28h,price_position,technical_indicators,False,0,,,,,INSUFFICIENT_OVERLAP,insufficient_overlap
2189,price_pos_72h,trend_efficiency_24h,price_position,trend_quality,False,0,,,,,INSUFFICIENT_OVERLAP,insufficient_overlap
2190,price_pos_72h,vol_40h,price_position,volatility,False,0,,,,,INSUFFICIENT_OVERLAP,insufficient_overlap
2191,price_pos_72h,vol_of_vol_20h,price_position,realized_skew_kurtosis,False,0,,,,,INSUFFICIENT_OVERLAP,insufficient_overlap
2192,price_pos_72h,vol_zscore_48h,price_position,volume_liquidity,False,0,,,,,INSUFFICIENT_OVERLAP,insufficient_overlap
2193,price_volume_corr_20h,qvol_zscore_48h,volume_price,quote_volume_liquidity,False,0,,,,,INSUFFICIENT_OVERLAP,insufficient_overlap
2194,price_volume_corr_20h,range_24h,volume_price,range_position,False,0,,,,,INSUFFICIENT_OVERLAP,insufficient_overlap
2195,price_volume_corr_20h,rev_24h,volume_price,reversal,False,0,,,,,INSUFFICIENT_OVERLAP,insufficient_overlap
2196,price_volume_corr_20h,rsi_28h,volume_price,technical_indicators,False,0,,,,,INSUFFICIENT_OVERLAP,insufficient_overlap
2197,price_volume_corr_20h,trend_efficiency_24h,volume_price,trend_quality,False,0,,,,,INSUFFICIENT_OVERLAP,insufficient_overlap
2198,price_volume_corr_20h,vol_40h,volume_price,volatility,False,0,,,,,INSUFFICIENT_OVERLAP,insufficient_overlap
2199,price_volume_corr_20h,vol_of_vol_20h,volume_price,realized_skew_kurtosis,False,0,,,,,INSUFFICIENT_OVERLAP,insufficient_overlap
2200,price_volume_corr_20h,vol_zscore_48h,volume_price,volume_liquidity,False,0,,,,,INSUFFICIENT_OVERLAP,insufficient_overlap
2201,q158_high_low_range,qvol_zscore_48h,alpha158,quote_volume_liquidity,False,0,,,,,INSUFFICIENT_OVERLAP,insufficient_overlap
2202,q158_high_low_range,range_24h,alpha158,range_position,False,0,,,,,INSUFFICIENT_OVERLAP,insufficient_overlap
2203,q158_high_low_range,rev_24h,alpha158,reversal,False,0,,,,,INSUFFICIENT_OVERLAP,insufficient_overlap
2204,q158_high_low_range,rsi_28h,alpha158,technical_indicators,False,0,,,,,INSUFFICIENT_OVERLAP,insufficient_overlap
2205,q158_high_low_range,trend_efficiency_24h,alpha158,trend_quality,False,0,,,,,INSUFFICIENT_OVERLAP,insufficient_overlap
2206,q158_high_low_range,vol_40h,alpha158,volatility,False,0,,,,,INSUFFICIENT_OVERLAP,insufficient_overlap
2207,q158_high_low_range,vol_of_vol_20h,alpha158,realized_skew_kurtosis,False,0,,,,,INSUFFICIENT_OVERLAP,insufficient_overlap
2208,q158_high_low_range,vol_zscore_48h,alpha158,volume_liquidity,False,0,,,,,INSUFFICIENT_OVERLAP,insufficient_overlap
2209,qvol_ma_ratio_20_80,qvol_zscore_48h,quote_volume_liquidity,quote_volume_liquidity,True,0,,,,,INSUFFICIENT_OVERLAP,insufficient_overlap
2210,qvol_ma_ratio_20_80,range_24h,quote_volume_liquidity,range_position,False,0,,,,,INSUFFICIENT_OVERLAP,insufficient_overlap
2211,qvol_ma_ratio_20_80,rev_24h,quote_volume_liquidity,reversal,False,0,,,,,INSUFFICIENT_OVERLAP,insufficient_overlap
2212,qvol_ma_ratio_20_80,rsi_28h,quote_volume_liquidity,technical_indicators,False,0,,,,,INSUFFICIENT_OVERLAP,insufficient_overlap
2213,qvol_ma_ratio_20_80,trend_efficiency_24h,quote_volume_liquidity,trend_quality,False,0,,,,,INSUFFICIENT_OVERLAP,insufficient_overlap
2214,qvol_ma_ratio_20_80,vol_40h,quote_volume_liquidity,volatility,False,0,,,,,INSUFFICIENT_OVERLAP,insufficient_overlap
2215,qvol_ma_ratio_20_80,vol_of_vol_20h,quote_volume_liquidity,realized_skew_kurtosis,False,0,,,,,INSUFFICIENT_OVERLAP,insufficient_overlap
2216,qvol_ma_ratio_20_80,vol_zscore_48h,quote_volume_liquidity,volume_liquidity,False,0,,,,,INSUFFICIENT_OVERLAP,insufficient_overlap
2217,qvol_ma_ratio_5_20,qvol_zscore_48h,quote_volume_liquidity,quote_volume_liquidity,True,0,,,,,INSUFFICIENT_OVERLAP,insufficient_overlap
2218,qvol_ma_ratio_5_20,range_24h,quote_volume_liquidity,range_position,False,0,,,,,INSUFFICIENT_OVERLAP,insufficient_overlap
2219,qvol_ma_ratio_5_20,rev_24h,quote_volume_liquidity,reversal,False,0,,,,,INSUFFICIENT_OVERLAP,insufficient_overlap
2220,qvol_ma_ratio_5_20,rsi_28h,quote_volume_liquidity,technical_indicators,False,0,,,,,INSUFFICIENT_OVERLAP,insufficient_overlap
2221,qvol_ma_ratio_5_20,trend_efficiency_24h,quote_volume_liquidity,trend_quality,False,0,,,,,INSUFFICIENT_OVERLAP,insufficient_overlap
2222,qvol_ma_ratio_5_20,vol_40h,quote_volume_liquidity,volatility,False,0,,,,,INSUFFICIENT_OVERLAP,insufficient_overlap
2223,qvol_ma_ratio_5_20,vol_of_vol_20h,quote_volume_liquidity,realized_skew_kurtosis,False,0,,,,,INSUFFICIENT_OVERLAP,insufficient_overlap
2224,qvol_ma_ratio_5_20,vol_zscore_48h,quote_volume_liquidity,volume_liquidity,False,0,,,,,INSUFFICIENT_OVERLAP,insufficient_overlap
2225,qvol_zscore_20h,qvol_zscore_48h,quote_volume_liquidity,quote_volume_liquidity,True,0,,,,,INSUFFICIENT_OVERLAP,insufficient_overlap
2226,qvol_zscore_20h,range_24h,quote_volume_liquidity,range_position,False,0,,,,,INSUFFICIENT_OVERLAP,insufficient_overlap
2227,qvol_zscore_20h,rev_24h,quote_volume_liquidity,reversal,False,0,,,,,INSUFFICIENT_OVERLAP,insufficient_overlap
2228,qvol_zscore_20h,rsi_28h,quote_volume_liquidity,technical_indicators,False,0,,,,,INSUFFICIENT_OVERLAP,insufficient_overlap
2229,qvol_zscore_20h,trend_efficiency_24h,quote_volume_liquidity,trend_quality,False,0,,,,,INSUFFICIENT_OVERLAP,insufficient_overlap
2230,qvol_zscore_20h,vol_40h,quote_volume_liquidity,volatility,False,0,,,,,INSUFFICIENT_OVERLAP,insufficient_overlap
2231,qvol_zscore_20h,vol_of_vol_20h,quote_volume_liquidity,realized_skew_kurtosis,False,0,,,,,INSUFFICIENT_OVERLAP,insufficient_overlap
2232,qvol_zscore_20h,vol_zscore_48h,quote_volume_liquidity,volume_liquidity,False,0,,,,,INSUFFICIENT_OVERLAP,insufficient_overlap
2233,qvol_zscore_48h,range_1h,quote_volume_liquidity,range_position,False,0,,,,,INSUFFICIENT_OVERLAP,insufficient_overlap
2234,qvol_zscore_48h,range_24h,quote_volume_liquidity,range_position,False,0,,,,,INSUFFICIENT_OVERLAP,insufficient_overlap
2235,qvol_zscore_48h,range_4h,quote_volume_liquidity,range_position,False,0,,,,,INSUFFICIENT_OVERLAP,insufficient_overlap
2236,qvol_zscore_48h,realized_kurt_20h,quote_volume_liquidity,realized_shape,False,0,,,,,INSUFFICIENT_OVERLAP,insufficient_overlap
2237,qvol_zscore_48h,realized_skew_20h,quote_volume_liquidity,realized_shape,False,0,,,,,INSUFFICIENT_OVERLAP,insufficient_overlap
2238,qvol_zscore_48h,rev_10h,quote_volume_liquidity,reversal,False,0,,,,,INSUFFICIENT_OVERLAP,insufficient_overlap
2239,qvol_zscore_48h,rev_1h,quote_volume_liquidity,reversal,False,0,,,,,INSUFFICIENT_OVERLAP,insufficient_overlap
2240,qvol_zscore_48h,rev_24h,quote_volume_liquidity,reversal,False,0,,,,,INSUFFICIENT_OVERLAP,insufficient_overlap
2241,qvol_zscore_48h,rev_3h,quote_volume_liquidity,reversal,False,0,,,,,INSUFFICIENT_OVERLAP,insufficient_overlap
2242,qvol_zscore_48h,rev_72h,quote_volume_liquidity,reversal,False,0,,,,,INSUFFICIENT_OVERLAP,insufficient_overlap
2243,qvol_zscore_48h,reversal_5h,quote_volume_liquidity,momentum,False,0,,,,,INSUFFICIENT_OVERLAP,insufficient_overlap
2244,qvol_zscore_48h,rsi_14h,quote_volume_liquidity,technical,False,0,,,,,INSUFFICIENT_OVERLAP,insufficient_overlap
2245,qvol_zscore_48h,rsi_28h,quote_volume_liquidity,technical_indicators,False,0,,,,,INSUFFICIENT_OVERLAP,insufficient_overlap
2246,qvol_zscore_48h,rsi_7h,quote_volume_liquidity,technical_indicators,False,0,,,,,INSUFFICIENT_OVERLAP,insufficient_overlap
2247,qvol_zscore_48h,taker_buy_delta_5h,quote_volume_liquidity,taker_imbalance,False,0,,,,,INSUFFICIENT_OVERLAP,insufficient_overlap
2248,qvol_zscore_48h,taker_buy_ratio_20h,quote_volume_liquidity,taker_imbalance,False,0,,,,,INSUFFICIENT_OVERLAP,insufficient_overlap
2249,qvol_zscore_48h,taker_buy_zscore_20h,quote_volume_liquidity,taker_imbalance,False,0,,,,,INSUFFICIENT_OVERLAP,insufficient_overlap
2250,qvol_zscore_48h,tech_atr,quote_volume_liquidity,technical,False,0,,,,,INSUFFICIENT_OVERLAP,insufficient_overlap
2251,qvol_zscore_48h,tech_macd,quote_volume_liquidity,technical,False,0,,,,,INSUFFICIENT_OVERLAP,insufficient_overlap
2252,qvol_zscore_48h,trend_efficiency_24h,quote_volume_liquidity,trend_quality,False,0,,,,,INSUFFICIENT_OVERLAP,insufficient_overlap
2253,qvol_zscore_48h,vol_40h,quote_volume_liquidity,volatility,False,0,,,,,INSUFFICIENT_OVERLAP,insufficient_overlap
2254,qvol_zscore_48h,vol_5h,quote_volume_liquidity,volatility,False,0,,,,,INSUFFICIENT_OVERLAP,insufficient_overlap
2255,qvol_zscore_48h,vol_of_vol_20h,quote_volume_liquidity,realized_skew_kurtosis,False,0,,,,,INSUFFICIENT_OVERLAP,insufficient_overlap
2256,qvol_zscore_48h,vol_ratio_20_80,quote_volume_liquidity,volatility,False,0,,,,,INSUFFICIENT_OVERLAP,insufficient_overlap
2257,qvol_zscore_48h,vol_ratio_5_20,quote_volume_liquidity,volatility,False,0,,,,,INSUFFICIENT_OVERLAP,insufficient_overlap
2258,qvol_zscore_48h,vol_ret_corr_20h,quote_volume_liquidity,alpha158_ohlcv,False,0,,,,,INSUFFICIENT_OVERLAP,insufficient_overlap
2259,qvol_zscore_48h,vol_zscore_20h,quote_volume_liquidity,volume_liquidity,False,0,,,,,INSUFFICIENT_OVERLAP,insufficient_overlap
2260,qvol_zscore_48h,volatility_20h,quote_volume_liquidity,volatility,False,0,,,,,INSUFFICIENT_OVERLAP,insufficient_overlap
2261,qvol_zscore_48h,vwap_dev_20h,quote_volume_liquidity,alpha158_ohlcv,False,0,,,,,INSUFFICIENT_OVERLAP,insufficient_overlap
2262,qvol_zscore_48h,williams_r_14h,quote_volume_liquidity,technical_indicators,False,0,,,,,INSUFFICIENT_OVERLAP,insufficient_overlap
2263,qvol_zscore_48h,wq101_alpha101,quote_volume_liquidity,wq101,False,0,,,,,INSUFFICIENT_OVERLAP,insufficient_overlap
2264,qvol_zscore_48h,wq101_alpha12,quote_volume_liquidity,wq101,False,0,,,,,INSUFFICIENT_OVERLAP,insufficient_overlap
2265,qvol_zscore_48h,wq101_alpha53,quote_volume_liquidity,wq101,False,0,,,,,INSUFFICIENT_OVERLAP,insufficient_overlap
2266,qvol_zscore_48h,wvma_20h,quote_volume_liquidity,alpha158_ohlcv,False,0,,,,,INSUFFICIENT_OVERLAP,insufficient_overlap
2267,qvol_zscore_48h,xs_rank_ret_1h,quote_volume_liquidity,cross_sectional_normalized,False,0,,,,,INSUFFICIENT_OVERLAP,insufficient_overlap
2268,qvol_zscore_48h,xs_rank_vol,quote_volume_liquidity,cross_sectional_normalized,False,0,,,,,INSUFFICIENT_OVERLAP,insufficient_overlap
2269,range_1h,range_24h,range_position,range_position,True,0,,,,,INSUFFICIENT_OVERLAP,insufficient_overlap
2270,range_1h,rev_24h,range_position,reversal,False,0,,,,,INSUFFICIENT_OVERLAP,insufficient_overlap
2271,range_1h,rsi_28h,range_position,technical_indicators,False,0,,,,,INSUFFICIENT_OVERLAP,insufficient_overlap
2272,range_1h,trend_efficiency_24h,range_position,trend_quality,False,0,,,,,INSUFFICIENT_OVERLAP,insufficient_overlap
2273,range_1h,vol_40h,range_position,volatility,False,0,,,,,INSUFFICIENT_OVERLAP,insufficient_overlap
2274,range_1h,vol_of_vol_20h,range_position,realized_skew_kurtosis,False,0,,,,,INSUFFICIENT_OVERLAP,insufficient_overlap
2275,range_1h,vol_zscore_48h,range_position,volume_liquidity,False,0,,,,,INSUFFICIENT_OVERLAP,insufficient_overlap
2276,range_24h,range_4h,range_position,range_position,True,0,,,,,INSUFFICIENT_OVERLAP,insufficient_overlap
2277,range_24h,realized_kurt_20h,range_position,realized_shape,False,0,,,,,INSUFFICIENT_OVERLAP,insufficient_overlap
2278,range_24h,realized_skew_20h,range_position,realized_shape,False,0,,,,,INSUFFICIENT_OVERLAP,insufficient_overlap
2279,range_24h,rev_10h,range_position,reversal,False,0,,,,,INSUFFICIENT_OVERLAP,insufficient_overlap
2280,range_24h,rev_1h,range_position,reversal,False,0,,,,,INSUFFICIENT_OVERLAP,insufficient_overlap
2281,range_24h,rev_3h,range_position,reversal,False,0,,,,,INSUFFICIENT_OVERLAP,insufficient_overlap
2282,range_24h,rev_72h,range_position,reversal,False,0,,,,,INSUFFICIENT_OVERLAP,insufficient_overlap
2283,range_24h,reversal_5h,range_position,momentum,False,0,,,,,INSUFFICIENT_OVERLAP,insufficient_overlap
2284,range_24h,rsi_14h,range_position,technical,False,0,,,,,INSUFFICIENT_OVERLAP,insufficient_overlap
2285,range_24h,rsi_7h,range_position,technical_indicators,False,0,,,,,INSUFFICIENT_OVERLAP,insufficient_overlap
2286,range_24h,taker_buy_delta_5h,range_position,taker_imbalance,False,0,,,,,INSUFFICIENT_OVERLAP,insufficient_overlap
2287,range_24h,taker_buy_ratio_20h,range_position,taker_imbalance,False,0,,,,,INSUFFICIENT_OVERLAP,insufficient_overlap
2288,range_24h,taker_buy_zscore_20h,range_position,taker_imbalance,False,0,,,,,INSUFFICIENT_OVERLAP,insufficient_overlap
2289,range_24h,tech_atr,range_position,technical,False,0,,,,,INSUFFICIENT_OVERLAP,insufficient_overlap
2290,range_24h,tech_macd,range_position,technical,False,0,,,,,INSUFFICIENT_OVERLAP,insufficient_overlap
2291,range_24h,vol_5h,range_position,volatility,False,0,,,,,INSUFFICIENT_OVERLAP,insufficient_overlap
2292,range_24h,vol_ratio_20_80,range_position,volatility,False,0,,,,,INSUFFICIENT_OVERLAP,insufficient_overlap
2293,range_24h,vol_ratio_5_20,range_position,volatility,False,0,,,,,INSUFFICIENT_OVERLAP,insufficient_overlap
2294,range_24h,vol_ret_corr_20h,range_position,alpha158_ohlcv,False,0,,,,,INSUFFICIENT_OVERLAP,insufficient_overlap
2295,range_24h,vol_zscore_20h,range_position,volume_liquidity,False,0,,,,,INSUFFICIENT_OVERLAP,insufficient_overlap
2296,range_24h,vol_zscore_48h,range_position,volume_liquidity,False,0,,,,,INSUFFICIENT_OVERLAP,insufficient_overlap
2297,range_24h,volatility_20h,range_position,volatility,False,0,,,,,INSUFFICIENT_OVERLAP,insufficient_overlap
2298,range_24h,vwap_dev_20h,range_position,alpha158_ohlcv,False,0,,,,,INSUFFICIENT_OVERLAP,insufficient_overlap
2299,range_24h,williams_r_14h,range_position,technical_indicators,False,0,,,,,INSUFFICIENT_OVERLAP,insufficient_overlap
2300,range_24h,wq101_alpha101,range_position,wq101,False,0,,,,,INSUFFICIENT_OVERLAP,insufficient_overlap
2301,range_24h,wq101_alpha12,range_position,wq101,False,0,,,,,INSUFFICIENT_OVERLAP,insufficient_overlap
2302,range_24h,wq101_alpha53,range_position,wq101,False,0,,,,,INSUFFICIENT_OVERLAP,insufficient_overlap
2303,range_24h,wvma_20h,range_position,alpha158_ohlcv,False,0,,,,,INSUFFICIENT_OVERLAP,insufficient_overlap
2304,range_24h,xs_rank_ret_1h,range_position,cross_sectional_normalized,False,0,,,,,INSUFFICIENT_OVERLAP,insufficient_overlap
2305,range_24h,xs_rank_vol,range_position,cross_sectional_normalized,False,0,,,,,INSUFFICIENT_OVERLAP,insufficient_overlap
2306,range_4h,rev_24h,range_position,reversal,False,0,,,,,INSUFFICIENT_OVERLAP,insufficient_overlap
2307,range_4h,rsi_28h,range_position,technical_indicators,False,0,,,,,INSUFFICIENT_OVERLAP,insufficient_overlap
2308,range_4h,trend_efficiency_24h,range_position,trend_quality,False,0,,,,,INSUFFICIENT_OVERLAP,insufficient_overlap
2309,range_4h,vol_40h,range_position,volatility,False,0,,,,,INSUFFICIENT_OVERLAP,insufficient_overlap
2310,range_4h,vol_of_vol_20h,range_position,realized_skew_kurtosis,False,0,,,,,INSUFFICIENT_OVERLAP,insufficient_overlap
2311,range_4h,vol_zscore_48h,range_position,volume_liquidity,False,0,,,,,INSUFFICIENT_OVERLAP,insufficient_overlap
2312,realized_kurt_20h,rev_24h,realized_shape,reversal,False,0,,,,,INSUFFICIENT_OVERLAP,insufficient_overlap
2313,realized_kurt_20h,rsi_28h,realized_shape,technical_indicators,False,0,,,,,INSUFFICIENT_OVERLAP,insufficient_overlap
2314,realized_kurt_20h,trend_efficiency_24h,realized_shape,trend_quality,False,0,,,,,INSUFFICIENT_OVERLAP,insufficient_overlap
2315,realized_kurt_20h,vol_40h,realized_shape,volatility,False,0,,,,,INSUFFICIENT_OVERLAP,insufficient_overlap
2316,realized_kurt_20h,vol_of_vol_20h,realized_shape,realized_skew_kurtosis,False,0,,,,,INSUFFICIENT_OVERLAP,insufficient_overlap
2317,realized_kurt_20h,vol_zscore_48h,realized_shape,volume_liquidity,False,0,,,,,INSUFFICIENT_OVERLAP,insufficient_overlap
2318,realized_skew_20h,rev_24h,realized_shape,reversal,False,0,,,,,INSUFFICIENT_OVERLAP,insufficient_overlap
2319,realized_skew_20h,rsi_28h,realized_shape,technical_indicators,False,0,,,,,INSUFFICIENT_OVERLAP,insufficient_overlap
2320,realized_skew_20h,trend_efficiency_24h,realized_shape,trend_quality,False,0,,,,,INSUFFICIENT_OVERLAP,insufficient_overlap
2321,realized_skew_20h,vol_40h,realized_shape,volatility,False,0,,,,,INSUFFICIENT_OVERLAP,insufficient_overlap
2322,realized_skew_20h,vol_of_vol_20h,realized_shape,realized_skew_kurtosis,False,0,,,,,INSUFFICIENT_OVERLAP,insufficient_overlap
2323,realized_skew_20h,vol_zscore_48h,realized_shape,volume_liquidity,False,0,,,,,INSUFFICIENT_OVERLAP,insufficient_overlap
2324,rev_10h,rev_24h,reversal,reversal,True,0,,,,,INSUFFICIENT_OVERLAP,insufficient_overlap
2325,rev_10h,rsi_28h,reversal,technical_indicators,False,0,,,,,INSUFFICIENT_OVERLAP,insufficient_overlap
2326,rev_10h,trend_efficiency_24h,reversal,trend_quality,False,0,,,,,INSUFFICIENT_OVERLAP,insufficient_overlap
2327,rev_10h,vol_40h,reversal,volatility,False,0,,,,,INSUFFICIENT_OVERLAP,insufficient_overlap
2328,rev_10h,vol_of_vol_20h,reversal,realized_skew_kurtosis,False,0,,,,,INSUFFICIENT_OVERLAP,insufficient_overlap
2329,rev_10h,vol_zscore_48h,reversal,volume_liquidity,False,0,,,,,INSUFFICIENT_OVERLAP,insufficient_overlap
2330,rev_1h,rev_24h,reversal,reversal,True,0,,,,,INSUFFICIENT_OVERLAP,insufficient_overlap
2331,rev_1h,rsi_28h,reversal,technical_indicators,False,0,,,,,INSUFFICIENT_OVERLAP,insufficient_overlap
2332,rev_1h,trend_efficiency_24h,reversal,trend_quality,False,0,,,,,INSUFFICIENT_OVERLAP,insufficient_overlap
2333,rev_1h,vol_40h,reversal,volatility,False,0,,,,,INSUFFICIENT_OVERLAP,insufficient_overlap
2334,rev_1h,vol_of_vol_20h,reversal,realized_skew_kurtosis,False,0,,,,,INSUFFICIENT_OVERLAP,insufficient_overlap
2335,rev_1h,vol_zscore_48h,reversal,volume_liquidity,False,0,,,,,INSUFFICIENT_OVERLAP,insufficient_overlap
2336,rev_24h,rev_3h,reversal,reversal,True,0,,,,,INSUFFICIENT_OVERLAP,insufficient_overlap
2337,rev_24h,rev_72h,reversal,reversal,True,0,,,,,INSUFFICIENT_OVERLAP,insufficient_overlap
2338,rev_24h,reversal_5h,reversal,momentum,False,0,,,,,INSUFFICIENT_OVERLAP,insufficient_overlap
2339,rev_24h,rsi_14h,reversal,technical,False,0,,,,,INSUFFICIENT_OVERLAP,insufficient_overlap
2340,rev_24h,rsi_7h,reversal,technical_indicators,False,0,,,,,INSUFFICIENT_OVERLAP,insufficient_overlap
2341,rev_24h,taker_buy_delta_5h,reversal,taker_imbalance,False,0,,,,,INSUFFICIENT_OVERLAP,insufficient_overlap
2342,rev_24h,taker_buy_ratio_20h,reversal,taker_imbalance,False,0,,,,,INSUFFICIENT_OVERLAP,insufficient_overlap
2343,rev_24h,taker_buy_zscore_20h,reversal,taker_imbalance,False,0,,,,,INSUFFICIENT_OVERLAP,insufficient_overlap
2344,rev_24h,tech_atr,reversal,technical,False,0,,,,,INSUFFICIENT_OVERLAP,insufficient_overlap
2345,rev_24h,tech_macd,reversal,technical,False,0,,,,,INSUFFICIENT_OVERLAP,insufficient_overlap
2346,rev_24h,vol_5h,reversal,volatility,False,0,,,,,INSUFFICIENT_OVERLAP,insufficient_overlap
2347,rev_24h,vol_ratio_20_80,reversal,volatility,False,0,,,,,INSUFFICIENT_OVERLAP,insufficient_overlap
2348,rev_24h,vol_ratio_5_20,reversal,volatility,False,0,,,,,INSUFFICIENT_OVERLAP,insufficient_overlap
2349,rev_24h,vol_ret_corr_20h,reversal,alpha158_ohlcv,False,0,,,,,INSUFFICIENT_OVERLAP,insufficient_overlap
2350,rev_24h,vol_zscore_20h,reversal,volume_liquidity,False,0,,,,,INSUFFICIENT_OVERLAP,insufficient_overlap
2351,rev_24h,vol_zscore_48h,reversal,volume_liquidity,False,0,,,,,INSUFFICIENT_OVERLAP,insufficient_overlap
2352,rev_24h,volatility_20h,reversal,volatility,False,0,,,,,INSUFFICIENT_OVERLAP,insufficient_overlap
2353,rev_24h,vwap_dev_20h,reversal,alpha158_ohlcv,False,0,,,,,INSUFFICIENT_OVERLAP,insufficient_overlap
2354,rev_24h,williams_r_14h,reversal,technical_indicators,False,0,,,,,INSUFFICIENT_OVERLAP,insufficient_overlap
2355,rev_24h,wq101_alpha101,reversal,wq101,False,0,,,,,INSUFFICIENT_OVERLAP,insufficient_overlap
2356,rev_24h,wq101_alpha12,reversal,wq101,False,0,,,,,INSUFFICIENT_OVERLAP,insufficient_overlap
2357,rev_24h,wq101_alpha53,reversal,wq101,False,0,,,,,INSUFFICIENT_OVERLAP,insufficient_overlap
2358,rev_24h,wvma_20h,reversal,alpha158_ohlcv,False,0,,,,,INSUFFICIENT_OVERLAP,insufficient_overlap
2359,rev_24h,xs_rank_ret_1h,reversal,cross_sectional_normalized,False,0,,,,,INSUFFICIENT_OVERLAP,insufficient_overlap
2360,rev_24h,xs_rank_vol,reversal,cross_sectional_normalized,False,0,,,,,INSUFFICIENT_OVERLAP,insufficient_overlap
2361,rev_3h,rsi_28h,reversal,technical_indicators,False,0,,,,,INSUFFICIENT_OVERLAP,insufficient_overlap
2362,rev_3h,trend_efficiency_24h,reversal,trend_quality,False,0,,,,,INSUFFICIENT_OVERLAP,insufficient_overlap
2363,rev_3h,vol_40h,reversal,volatility,False,0,,,,,INSUFFICIENT_OVERLAP,insufficient_overlap
2364,rev_3h,vol_of_vol_20h,reversal,realized_skew_kurtosis,False,0,,,,,INSUFFICIENT_OVERLAP,insufficient_overlap
2365,rev_3h,vol_zscore_48h,reversal,volume_liquidity,False,0,,,,,INSUFFICIENT_OVERLAP,insufficient_overlap
2366,rev_72h,rsi_28h,reversal,technical_indicators,False,0,,,,,INSUFFICIENT_OVERLAP,insufficient_overlap
2367,rev_72h,trend_efficiency_24h,reversal,trend_quality,False,0,,,,,INSUFFICIENT_OVERLAP,insufficient_overlap
2368,rev_72h,vol_40h,reversal,volatility,False,0,,,,,INSUFFICIENT_OVERLAP,insufficient_overlap
2369,rev_72h,vol_of_vol_20h,reversal,realized_skew_kurtosis,False,0,,,,,INSUFFICIENT_OVERLAP,insufficient_overlap
2370,rev_72h,vol_zscore_48h,reversal,volume_liquidity,False,0,,,,,INSUFFICIENT_OVERLAP,insufficient_overlap
2371,reversal_5h,rsi_28h,momentum,technical_indicators,False,0,,,,,INSUFFICIENT_OVERLAP,insufficient_overlap
2372,reversal_5h,trend_efficiency_24h,momentum,trend_quality,False,0,,,,,INSUFFICIENT_OVERLAP,insufficient_overlap
2373,reversal_5h,vol_40h,momentum,volatility,False,0,,,,,INSUFFICIENT_OVERLAP,insufficient_overlap
2374,reversal_5h,vol_of_vol_20h,momentum,realized_skew_kurtosis,False,0,,,,,INSUFFICIENT_OVERLAP,insufficient_overlap
2375,reversal_5h,vol_zscore_48h,momentum,volume_liquidity,False,0,,,,,INSUFFICIENT_OVERLAP,insufficient_overlap
2376,rsi_14h,rsi_28h,technical,technical_indicators,False,0,,,,,INSUFFICIENT_OVERLAP,insufficient_overlap
2377,rsi_14h,trend_efficiency_24h,technical,trend_quality,False,0,,,,,INSUFFICIENT_OVERLAP,insufficient_overlap
2378,rsi_14h,vol_40h,technical,volatility,False,0,,,,,INSUFFICIENT_OVERLAP,insufficient_overlap
2379,rsi_14h,vol_of_vol_20h,technical,realized_skew_kurtosis,False,0,,,,,INSUFFICIENT_OVERLAP,insufficient_overlap
2380,rsi_14h,vol_zscore_48h,technical,volume_liquidity,False,0,,,,,INSUFFICIENT_OVERLAP,insufficient_overlap
2381,rsi_28h,rsi_7h,technical_indicators,technical_indicators,True,0,,,,,INSUFFICIENT_OVERLAP,insufficient_overlap
2382,rsi_28h,taker_buy_delta_5h,technical_indicators,taker_imbalance,False,0,,,,,INSUFFICIENT_OVERLAP,insufficient_overlap
2383,rsi_28h,taker_buy_ratio_20h,technical_indicators,taker_imbalance,False,0,,,,,INSUFFICIENT_OVERLAP,insufficient_overlap
2384,rsi_28h,taker_buy_zscore_20h,technical_indicators,taker_imbalance,False,0,,,,,INSUFFICIENT_OVERLAP,insufficient_overlap
2385,rsi_28h,tech_atr,technical_indicators,technical,False,0,,,,,INSUFFICIENT_OVERLAP,insufficient_overlap
2386,rsi_28h,tech_macd,technical_indicators,technical,False,0,,,,,INSUFFICIENT_OVERLAP,insufficient_overlap
2387,rsi_28h,vol_5h,technical_indicators,volatility,False,0,,,,,INSUFFICIENT_OVERLAP,insufficient_overlap
2388,rsi_28h,vol_ratio_20_80,technical_indicators,volatility,False,0,,,,,INSUFFICIENT_OVERLAP,insufficient_overlap
2389,rsi_28h,vol_ratio_5_20,technical_indicators,volatility,False,0,,,,,INSUFFICIENT_OVERLAP,insufficient_overlap
2390,rsi_28h,vol_ret_corr_20h,technical_indicators,alpha158_ohlcv,False,0,,,,,INSUFFICIENT_OVERLAP,insufficient_overlap
2391,rsi_28h,vol_zscore_20h,technical_indicators,volume_liquidity,False,0,,,,,INSUFFICIENT_OVERLAP,insufficient_overlap
2392,rsi_28h,vol_zscore_48h,technical_indicators,volume_liquidity,False,0,,,,,INSUFFICIENT_OVERLAP,insufficient_overlap
2393,rsi_28h,volatility_20h,technical_indicators,volatility,False,0,,,,,INSUFFICIENT_OVERLAP,insufficient_overlap
2394,rsi_28h,vwap_dev_20h,technical_indicators,alpha158_ohlcv,False,0,,,,,INSUFFICIENT_OVERLAP,insufficient_overlap
2395,rsi_28h,williams_r_14h,technical_indicators,technical_indicators,True,0,,,,,INSUFFICIENT_OVERLAP,insufficient_overlap
2396,rsi_28h,wq101_alpha101,technical_indicators,wq101,False,0,,,,,INSUFFICIENT_OVERLAP,insufficient_overlap
2397,rsi_28h,wq101_alpha12,technical_indicators,wq101,False,0,,,,,INSUFFICIENT_OVERLAP,insufficient_overlap
2398,rsi_28h,wq101_alpha53,technical_indicators,wq101,False,0,,,,,INSUFFICIENT_OVERLAP,insufficient_overlap
2399,rsi_28h,wvma_20h,technical_indicators,alpha158_ohlcv,False,0,,,,,INSUFFICIENT_OVERLAP,insufficient_overlap
2400,rsi_28h,xs_rank_ret_1h,technical_indicators,cross_sectional_normalized,False,0,,,,,INSUFFICIENT_OVERLAP,insufficient_overlap
2401,rsi_28h,xs_rank_vol,technical_indicators,cross_sectional_normalized,False,0,,,,,INSUFFICIENT_OVERLAP,insufficient_overlap
2402,rsi_7h,trend_efficiency_24h,technical_indicators,trend_quality,False,0,,,,,INSUFFICIENT_OVERLAP,insufficient_overlap
2403,rsi_7h,vol_40h,technical_indicators,volatility,False,0,,,,,INSUFFICIENT_OVERLAP,insufficient_overlap
2404,rsi_7h,vol_of_vol_20h,technical_indicators,realized_skew_kurtosis,False,0,,,,,INSUFFICIENT_OVERLAP,insufficient_overlap
2405,rsi_7h,vol_zscore_48h,technical_indicators,volume_liquidity,False,0,,,,,INSUFFICIENT_OVERLAP,insufficient_overlap
2406,taker_buy_delta_5h,trend_efficiency_24h,taker_imbalance,trend_quality,False,0,,,,,INSUFFICIENT_OVERLAP,insufficient_overlap
2407,taker_buy_delta_5h,vol_40h,taker_imbalance,volatility,False,0,,,,,INSUFFICIENT_OVERLAP,insufficient_overlap
2408,taker_buy_delta_5h,vol_of_vol_20h,taker_imbalance,realized_skew_kurtosis,False,0,,,,,INSUFFICIENT_OVERLAP,insufficient_overlap
2409,taker_buy_delta_5h,vol_zscore_48h,taker_imbalance,volume_liquidity,False,0,,,,,INSUFFICIENT_OVERLAP,insufficient_overlap
2410,taker_buy_ratio_20h,trend_efficiency_24h,taker_imbalance,trend_quality,False,0,,,,,INSUFFICIENT_OVERLAP,insufficient_overlap
2411,taker_buy_ratio_20h,vol_40h,taker_imbalance,volatility,False,0,,,,,INSUFFICIENT_OVERLAP,insufficient_overlap
2412,taker_buy_ratio_20h,vol_of_vol_20h,taker_imbalance,realized_skew_kurtosis,False,0,,,,,INSUFFICIENT_OVERLAP,insufficient_overlap
2413,taker_buy_ratio_20h,vol_zscore_48h,taker_imbalance,volume_liquidity,False,0,,,,,INSUFFICIENT_OVERLAP,insufficient_overlap
2414,taker_buy_zscore_20h,trend_efficiency_24h,taker_imbalance,trend_quality,False,0,,,,,INSUFFICIENT_OVERLAP,insufficient_overlap
2415,taker_buy_zscore_20h,vol_40h,taker_imbalance,volatility,False,0,,,,,INSUFFICIENT_OVERLAP,insufficient_overlap
2416,taker_buy_zscore_20h,vol_of_vol_20h,taker_imbalance,realized_skew_kurtosis,False,0,,,,,INSUFFICIENT_OVERLAP,insufficient_overlap
2417,taker_buy_zscore_20h,vol_zscore_48h,taker_imbalance,volume_liquidity,False,0,,,,,INSUFFICIENT_OVERLAP,insufficient_overlap
2418,tech_atr,trend_efficiency_24h,technical,trend_quality,False,0,,,,,INSUFFICIENT_OVERLAP,insufficient_overlap
2419,tech_atr,vol_40h,technical,volatility,False,0,,,,,INSUFFICIENT_OVERLAP,insufficient_overlap
2420,tech_atr,vol_of_vol_20h,technical,realized_skew_kurtosis,False,0,,,,,INSUFFICIENT_OVERLAP,insufficient_overlap
2421,tech_atr,vol_zscore_48h,technical,volume_liquidity,False,0,,,,,INSUFFICIENT_OVERLAP,insufficient_overlap
2422,tech_macd,trend_efficiency_24h,technical,trend_quality,False,0,,,,,INSUFFICIENT_OVERLAP,insufficient_overlap
2423,tech_macd,vol_40h,technical,volatility,False,0,,,,,INSUFFICIENT_OVERLAP,insufficient_overlap
2424,tech_macd,vol_of_vol_20h,technical,realized_skew_kurtosis,False,0,,,,,INSUFFICIENT_OVERLAP,insufficient_overlap
2425,tech_macd,vol_zscore_48h,technical,volume_liquidity,False,0,,,,,INSUFFICIENT_OVERLAP,insufficient_overlap
2426,trend_efficiency_24h,vol_5h,trend_quality,volatility,False,0,,,,,INSUFFICIENT_OVERLAP,insufficient_overlap
2427,trend_efficiency_24h,vol_ratio_20_80,trend_quality,volatility,False,0,,,,,INSUFFICIENT_OVERLAP,insufficient_overlap
2428,trend_efficiency_24h,vol_ratio_5_20,trend_quality,volatility,False,0,,,,,INSUFFICIENT_OVERLAP,insufficient_overlap
2429,trend_efficiency_24h,vol_ret_corr_20h,trend_quality,alpha158_ohlcv,False,0,,,,,INSUFFICIENT_OVERLAP,insufficient_overlap
2430,trend_efficiency_24h,vol_zscore_20h,trend_quality,volume_liquidity,False,0,,,,,INSUFFICIENT_OVERLAP,insufficient_overlap
2431,trend_efficiency_24h,vol_zscore_48h,trend_quality,volume_liquidity,False,0,,,,,INSUFFICIENT_OVERLAP,insufficient_overlap
2432,trend_efficiency_24h,volatility_20h,trend_quality,volatility,False,0,,,,,INSUFFICIENT_OVERLAP,insufficient_overlap
2433,trend_efficiency_24h,vwap_dev_20h,trend_quality,alpha158_ohlcv,False,0,,,,,INSUFFICIENT_OVERLAP,insufficient_overlap
2434,trend_efficiency_24h,williams_r_14h,trend_quality,technical_indicators,False,0,,,,,INSUFFICIENT_OVERLAP,insufficient_overlap
2435,trend_efficiency_24h,wq101_alpha101,trend_quality,wq101,False,0,,,,,INSUFFICIENT_OVERLAP,insufficient_overlap
2436,trend_efficiency_24h,wq101_alpha12,trend_quality,wq101,False,0,,,,,INSUFFICIENT_OVERLAP,insufficient_overlap
2437,trend_efficiency_24h,wq101_alpha53,trend_quality,wq101,False,0,,,,,INSUFFICIENT_OVERLAP,insufficient_overlap
2438,trend_efficiency_24h,wvma_20h,trend_quality,alpha158_ohlcv,False,0,,,,,INSUFFICIENT_OVERLAP,insufficient_overlap
2439,trend_efficiency_24h,xs_rank_ret_1h,trend_quality,cross_sectional_normalized,False,0,,,,,INSUFFICIENT_OVERLAP,insufficient_overlap
2440,trend_efficiency_24h,xs_rank_vol,trend_quality,cross_sectional_normalized,False,0,,,,,INSUFFICIENT_OVERLAP,insufficient_overlap
2441,vol_40h,vol_5h,volatility,volatility,True,0,,,,,INSUFFICIENT_OVERLAP,insufficient_overlap
2442,vol_40h,vol_ratio_20_80,volatility,volatility,True,0,,,,,INSUFFICIENT_OVERLAP,insufficient_overlap
2443,vol_40h,vol_ratio_5_20,volatility,volatility,True,0,,,,,INSUFFICIENT_OVERLAP,insufficient_overlap
2444,vol_40h,vol_ret_corr_20h,volatility,alpha158_ohlcv,False,0,,,,,INSUFFICIENT_OVERLAP,insufficient_overlap
2445,vol_40h,vol_zscore_20h,volatility,volume_liquidity,False,0,,,,,INSUFFICIENT_OVERLAP,insufficient_overlap
2446,vol_40h,vol_zscore_48h,volatility,volume_liquidity,False,0,,,,,INSUFFICIENT_OVERLAP,insufficient_overlap
2447,vol_40h,volatility_20h,volatility,volatility,True,0,,,,,INSUFFICIENT_OVERLAP,insufficient_overlap
2448,vol_40h,vwap_dev_20h,volatility,alpha158_ohlcv,False,0,,,,,INSUFFICIENT_OVERLAP,insufficient_overlap
2449,vol_40h,williams_r_14h,volatility,technical_indicators,False,0,,,,,INSUFFICIENT_OVERLAP,insufficient_overlap
2450,vol_40h,wq101_alpha101,volatility,wq101,False,0,,,,,INSUFFICIENT_OVERLAP,insufficient_overlap
2451,vol_40h,wq101_alpha12,volatility,wq101,False,0,,,,,INSUFFICIENT_OVERLAP,insufficient_overlap
2452,vol_40h,wq101_alpha53,volatility,wq101,False,0,,,,,INSUFFICIENT_OVERLAP,insufficient_overlap
2453,vol_40h,wvma_20h,volatility,alpha158_ohlcv,False,0,,,,,INSUFFICIENT_OVERLAP,insufficient_overlap
2454,vol_40h,xs_rank_ret_1h,volatility,cross_sectional_normalized,False,0,,,,,INSUFFICIENT_OVERLAP,insufficient_overlap
2455,vol_40h,xs_rank_vol,volatility,cross_sectional_normalized,False,0,,,,,INSUFFICIENT_OVERLAP,insufficient_overlap
2456,vol_5h,vol_of_vol_20h,volatility,realized_skew_kurtosis,False,0,,,,,INSUFFICIENT_OVERLAP,insufficient_overlap
2457,vol_5h,vol_zscore_48h,volatility,volume_liquidity,False,0,,,,,INSUFFICIENT_OVERLAP,insufficient_overlap
2458,vol_of_vol_20h,vol_ratio_20_80,realized_skew_kurtosis,volatility,False,0,,,,,INSUFFICIENT_OVERLAP,insufficient_overlap
2459,vol_of_vol_20h,vol_ratio_5_20,realized_skew_kurtosis,volatility,False,0,,,,,INSUFFICIENT_OVERLAP,insufficient_overlap
2460,vol_of_vol_20h,vol_ret_corr_20h,realized_skew_kurtosis,alpha158_ohlcv,False,0,,,,,INSUFFICIENT_OVERLAP,insufficient_overlap
2461,vol_of_vol_20h,vol_zscore_20h,realized_skew_kurtosis,volume_liquidity,False,0,,,,,INSUFFICIENT_OVERLAP,insufficient_overlap
2462,vol_of_vol_20h,vol_zscore_48h,realized_skew_kurtosis,volume_liquidity,False,0,,,,,INSUFFICIENT_OVERLAP,insufficient_overlap
2463,vol_of_vol_20h,volatility_20h,realized_skew_kurtosis,volatility,False,0,,,,,INSUFFICIENT_OVERLAP,insufficient_overlap
2464,vol_of_vol_20h,vwap_dev_20h,realized_skew_kurtosis,alpha158_ohlcv,False,0,,,,,INSUFFICIENT_OVERLAP,insufficient_overlap
2465,vol_of_vol_20h,williams_r_14h,realized_skew_kurtosis,technical_indicators,False,0,,,,,INSUFFICIENT_OVERLAP,insufficient_overlap
2466,vol_of_vol_20h,wq101_alpha101,realized_skew_kurtosis,wq101,False,0,,,,,INSUFFICIENT_OVERLAP,insufficient_overlap
2467,vol_of_vol_20h,wq101_alpha12,realized_skew_kurtosis,wq101,False,0,,,,,INSUFFICIENT_OVERLAP,insufficient_overlap
2468,vol_of_vol_20h,wq101_alpha53,realized_skew_kurtosis,wq101,False,0,,,,,INSUFFICIENT_OVERLAP,insufficient_overlap
2469,vol_of_vol_20h,wvma_20h,realized_skew_kurtosis,alpha158_ohlcv,False,0,,,,,INSUFFICIENT_OVERLAP,insufficient_overlap
2470,vol_of_vol_20h,xs_rank_ret_1h,realized_skew_kurtosis,cross_sectional_normalized,False,0,,,,,INSUFFICIENT_OVERLAP,insufficient_overlap
2471,vol_of_vol_20h,xs_rank_vol,realized_skew_kurtosis,cross_sectional_normalized,False,0,,,,,INSUFFICIENT_OVERLAP,insufficient_overlap
2472,vol_ratio_20_80,vol_zscore_48h,volatility,volume_liquidity,False,0,,,,,INSUFFICIENT_OVERLAP,insufficient_overlap
2473,vol_ratio_5_20,vol_zscore_48h,volatility,volume_liquidity,False,0,,,,,INSUFFICIENT_OVERLAP,insufficient_overlap
2474,vol_ret_corr_20h,vol_zscore_48h,alpha158_ohlcv,volume_liquidity,False,0,,,,,INSUFFICIENT_OVERLAP,insufficient_overlap
2475,vol_zscore_20h,vol_zscore_48h,volume_liquidity,volume_liquidity,True,0,,,,,INSUFFICIENT_OVERLAP,insufficient_overlap
2476,vol_zscore_48h,volatility_20h,volume_liquidity,volatility,False,0,,,,,INSUFFICIENT_OVERLAP,insufficient_overlap
2477,vol_zscore_48h,vwap_dev_20h,volume_liquidity,alpha158_ohlcv,False,0,,,,,INSUFFICIENT_OVERLAP,insufficient_overlap
2478,vol_zscore_48h,williams_r_14h,volume_liquidity,technical_indicators,False,0,,,,,INSUFFICIENT_OVERLAP,insufficient_overlap
2479,vol_zscore_48h,wq101_alpha101,volume_liquidity,wq101,False,0,,,,,INSUFFICIENT_OVERLAP,insufficient_overlap
2480,vol_zscore_48h,wq101_alpha12,volume_liquidity,wq101,False,0,,,,,INSUFFICIENT_OVERLAP,insufficient_overlap
2481,vol_zscore_48h,wq101_alpha53,volume_liquidity,wq101,False,0,,,,,INSUFFICIENT_OVERLAP,insufficient_overlap
2482,vol_zscore_48h,wvma_20h,volume_liquidity,alpha158_ohlcv,False,0,,,,,INSUFFICIENT_OVERLAP,insufficient_overlap
2483,vol_zscore_48h,xs_rank_ret_1h,volume_liquidity,cross_sectional_normalized,False,0,,,,,INSUFFICIENT_OVERLAP,insufficient_overlap
2484,vol_zscore_48h,xs_rank_vol,volume_liquidity,cross_sectional_normalized,False,0,,,,,INSUFFICIENT_OVERLAP,insufficient_overlap
