factor_id,horizon,month,rank_ic,rank_ic_adj,n_obs,positive_ic
amihud_illiquidity_20h,1h,2024-06,-0.00626984,0.00626984,699,True
amihud_illiquidity_20h,1h,2024-07,0.00440026,-0.00440026,744,False
amihud_illiquidity_20h,1h,2024-08,0.0089266,-0.0089266,744,False
amihud_illiquidity_20h,1h,2024-09,0.01452457,-0.01452457,720,False
amihud_illiquidity_20h,1h,2024-10,0.00706991,-0.00706991,723,True
amihud_illiquidity_20h,1h,2024-11,0.0184864,-0.0184864,720,False
amihud_illiquidity_20h,1h,2024-12,0.00474651,-0.00474651,744,False
amihud_illiquidity_20h,1h,2025-01,0.00672021,-0.00672021,744,True
amihud_illiquidity_20h,1h,2025-02,0.01088149,-0.01088149,672,False
amihud_illiquidity_20h,1h,2025-03,0.00211341,-0.00211341,744,True
amihud_illiquidity_20h,1h,2025-04,0.00911379,-0.00911379,720,False
amihud_illiquidity_20h,1h,2025-05,-0.00223946,0.00223946,744,True
amihud_illiquidity_20h,1h,2025-06,0.00324376,-0.00324376,720,False
amihud_illiquidity_20h,1h,2025-07,-0.00093882,0.00093882,744,True
amihud_illiquidity_20h,1h,2025-08,0.00476317,-0.00476317,744,True
amihud_illiquidity_20h,1h,2025-09,-0.00033046,0.00033046,720,False
amihud_illiquidity_20h,1h,2025-10,0.00319817,-0.00319817,744,True
amihud_illiquidity_20h,1h,2025-11,0.00917237,-0.00917237,720,False
amihud_illiquidity_20h,1h,2025-12,0.00435128,-0.00435128,744,False
amihud_illiquidity_20h,1h,2026-01,0.00387389,-0.00387389,744,False
amihud_illiquidity_20h,1h,2026-02,-0.0002095,0.0002095,672,True
amihud_illiquidity_20h,1h,2026-03,-0.00112058,0.00112058,744,True
amihud_illiquidity_20h,1h,2026-04,0.00482744,-0.00482744,720,False
amihud_illiquidity_20h,1h,2026-05,-0.00341479,0.00341479,744,False
amihud_illiquidity_20h,1h,2026-06,0.00160167,-0.00160167,288,False
amihud_illiquidity_20h,24h,2024-06,-0.04289541,0.04289541,699,True
amihud_illiquidity_20h,24h,2024-07,0.02025579,-0.02025579,744,False
amihud_illiquidity_20h,24h,2024-08,0.02167094,-0.02167094,744,False
amihud_illiquidity_20h,24h,2024-09,0.03607121,-0.03607121,720,False
amihud_illiquidity_20h,24h,2024-10,0.00860776,-0.00860776,724,True
amihud_illiquidity_20h,24h,2024-11,0.04056378,-0.04056378,720,False
amihud_illiquidity_20h,24h,2024-12,0.02156533,-0.02156533,744,False
amihud_illiquidity_20h,24h,2025-01,-0.01000808,0.01000808,744,True
amihud_illiquidity_20h,24h,2025-02,0.03287359,-0.03287359,672,False
amihud_illiquidity_20h,24h,2025-03,-0.01025844,0.01025844,744,True
amihud_illiquidity_20h,24h,2025-04,0.03002685,-0.03002685,720,False
amihud_illiquidity_20h,24h,2025-05,-0.00940984,0.00940984,744,True
amihud_illiquidity_20h,24h,2025-06,-0.01074512,0.01074512,720,True
amihud_illiquidity_20h,24h,2025-07,-1.224e-05,1.224e-05,744,False
amihud_illiquidity_20h,24h,2025-08,0.01655684,-0.01655684,744,False
amihud_illiquidity_20h,24h,2025-09,-0.01073525,0.01073525,720,True
amihud_illiquidity_20h,24h,2025-10,0.00419518,-0.00419518,744,False
amihud_illiquidity_20h,24h,2025-11,0.03029258,-0.03029258,720,False
amihud_illiquidity_20h,24h,2025-12,0.02842574,-0.02842574,744,False
amihud_illiquidity_20h,24h,2026-01,0.03969392,-0.03969392,744,False
amihud_illiquidity_20h,24h,2026-02,0.00363292,-0.00363292,672,False
amihud_illiquidity_20h,24h,2026-03,0.01545492,-0.01545492,744,False
amihud_illiquidity_20h,24h,2026-04,0.05675766,-0.05675766,720,False
amihud_illiquidity_20h,24h,2026-05,0.00149075,-0.00149075,744,False
amihud_illiquidity_20h,24h,2026-06,-0.00542414,0.00542414,265,True
amihud_illiquidity_20h,4h,2024-06,-0.01588418,0.01588418,699,True
amihud_illiquidity_20h,4h,2024-07,0.01033056,-0.01033056,744,False
amihud_illiquidity_20h,4h,2024-08,0.01207178,-0.01207178,744,False
amihud_illiquidity_20h,4h,2024-09,0.01955731,-0.01955731,720,False
amihud_illiquidity_20h,4h,2024-10,0.01022305,-0.01022305,724,False
amihud_illiquidity_20h,4h,2024-11,0.02644051,-0.02644051,720,False
amihud_illiquidity_20h,4h,2024-12,0.0108316,-0.0108316,744,False
amihud_illiquidity_20h,4h,2025-01,0.00388756,-0.00388756,744,False
amihud_illiquidity_20h,4h,2025-02,0.01621904,-0.01621904,672,False
amihud_illiquidity_20h,4h,2025-03,0.00244897,-0.00244897,744,False
amihud_illiquidity_20h,4h,2025-04,0.01677684,-0.01677684,720,False
amihud_illiquidity_20h,4h,2025-05,-0.00420876,0.00420876,744,True
amihud_illiquidity_20h,4h,2025-06,0.00184343,-0.00184343,720,False
amihud_illiquidity_20h,4h,2025-07,-0.00177779,0.00177779,744,True
amihud_illiquidity_20h,4h,2025-08,0.0087313,-0.0087313,744,False
amihud_illiquidity_20h,4h,2025-09,-0.00171337,0.00171337,720,True
amihud_illiquidity_20h,4h,2025-10,0.00549596,-0.00549596,744,False
amihud_illiquidity_20h,4h,2025-11,0.01496456,-0.01496456,720,False
amihud_illiquidity_20h,4h,2025-12,0.01024805,-0.01024805,744,False
amihud_illiquidity_20h,4h,2026-01,0.01112788,-0.01112788,744,False
amihud_illiquidity_20h,4h,2026-02,0.00578249,-0.00578249,672,True
amihud_illiquidity_20h,4h,2026-03,0.00323093,-0.00323093,744,False
amihud_illiquidity_20h,4h,2026-04,0.01852589,-0.01852589,720,False
amihud_illiquidity_20h,4h,2026-05,-0.00364413,0.00364413,744,True
amihud_illiquidity_20h,4h,2026-06,0.00140385,-0.00140385,285,True
amihud_illiquidity_20h,72h,2024-06,-0.066431,0.066431,699,True
amihud_illiquidity_20h,72h,2024-07,0.0237473,-0.0237473,744,False
amihud_illiquidity_20h,72h,2024-08,0.04412564,-0.04412564,744,False
amihud_illiquidity_20h,72h,2024-09,0.04413746,-0.04413746,720,False
amihud_illiquidity_20h,72h,2024-10,0.02086828,-0.02086828,724,True
amihud_illiquidity_20h,72h,2024-11,0.06174313,-0.06174313,720,False
amihud_illiquidity_20h,72h,2024-12,0.01011064,-0.01011064,744,False
amihud_illiquidity_20h,72h,2025-01,-0.05279104,0.05279104,744,True
amihud_illiquidity_20h,72h,2025-02,0.04648577,-0.04648577,672,False
amihud_illiquidity_20h,72h,2025-03,-0.04334255,0.04334255,744,True
amihud_illiquidity_20h,72h,2025-04,0.05606284,-0.05606284,720,False
amihud_illiquidity_20h,72h,2025-05,-0.03363758,0.03363758,744,True
amihud_illiquidity_20h,72h,2025-06,-0.01550051,0.01550051,720,True
amihud_illiquidity_20h,72h,2025-07,0.00561545,-0.00561545,744,False
amihud_illiquidity_20h,72h,2025-08,0.01640612,-0.01640612,744,False
amihud_illiquidity_20h,72h,2025-09,-0.02646457,0.02646457,720,True
amihud_illiquidity_20h,72h,2025-10,-0.00780453,0.00780453,744,True
amihud_illiquidity_20h,72h,2025-11,0.04611942,-0.04611942,720,False
amihud_illiquidity_20h,72h,2025-12,0.05111116,-0.05111116,744,False
amihud_illiquidity_20h,72h,2026-01,0.07617129,-0.07617129,744,False
amihud_illiquidity_20h,72h,2026-02,-0.0021674,0.0021674,672,True
amihud_illiquidity_20h,72h,2026-03,0.03752389,-0.03752389,744,False
amihud_illiquidity_20h,72h,2026-04,0.10548896,-0.10548896,720,False
amihud_illiquidity_20h,72h,2026-05,0.01123691,-0.01123691,744,False
amihud_illiquidity_20h,72h,2026-06,0.00977823,-0.00977823,217,True
bb_zscore_20h,1h,2024-06,-0.00673493,0.00673493,700,False
bb_zscore_20h,1h,2024-07,-0.01904499,0.01904499,744,True
bb_zscore_20h,1h,2024-08,-0.03798691,0.03798691,744,True
bb_zscore_20h,1h,2024-09,-0.03235233,0.03235233,720,True
bb_zscore_20h,1h,2024-10,-0.03953718,0.03953718,743,True
bb_zscore_20h,1h,2024-11,-0.03422303,0.03422303,720,True
bb_zscore_20h,1h,2024-12,-0.05457893,0.05457893,744,True
bb_zscore_20h,1h,2025-01,-0.01920598,0.01920598,744,True
bb_zscore_20h,1h,2025-02,-0.01022061,0.01022061,672,True
bb_zscore_20h,1h,2025-03,-0.02690145,0.02690145,744,True
bb_zscore_20h,1h,2025-04,-0.03208809,0.03208809,720,True
bb_zscore_20h,1h,2025-05,-0.02204753,0.02204753,744,True
bb_zscore_20h,1h,2025-06,-0.03060793,0.03060793,720,True
bb_zscore_20h,1h,2025-07,-0.04214037,0.04214037,744,True
bb_zscore_20h,1h,2025-08,-0.03732105,0.03732105,744,True
bb_zscore_20h,1h,2025-09,-0.02947233,0.02947233,720,True
bb_zscore_20h,1h,2025-10,-0.03268208,0.03268208,744,True
bb_zscore_20h,1h,2025-11,-0.03406464,0.03406464,720,True
bb_zscore_20h,1h,2025-12,-0.03930572,0.03930572,744,True
bb_zscore_20h,1h,2026-01,-0.03605716,0.03605716,744,True
bb_zscore_20h,1h,2026-02,-0.02730893,0.02730893,672,True
bb_zscore_20h,1h,2026-03,-0.02405227,0.02405227,744,True
bb_zscore_20h,1h,2026-04,-0.02789704,0.02789704,720,True
bb_zscore_20h,1h,2026-05,-0.03270203,0.03270203,744,True
bb_zscore_20h,1h,2026-06,-0.02939129,0.02939129,288,True
bb_zscore_20h,24h,2024-06,0.01454153,-0.01454153,700,False
bb_zscore_20h,24h,2024-07,-0.02805547,0.02805547,744,True
bb_zscore_20h,24h,2024-08,-0.00691212,0.00691212,744,False
bb_zscore_20h,24h,2024-09,-0.00890902,0.00890902,720,True
bb_zscore_20h,24h,2024-10,-0.04475208,0.04475208,744,True
bb_zscore_20h,24h,2024-11,-0.02704878,0.02704878,720,True
bb_zscore_20h,24h,2024-12,-0.03797059,0.03797059,744,True
bb_zscore_20h,24h,2025-01,0.01081088,-0.01081088,744,False
bb_zscore_20h,24h,2025-02,0.00854087,-0.00854087,672,False
bb_zscore_20h,24h,2025-03,-0.01485258,0.01485258,744,True
bb_zscore_20h,24h,2025-04,-0.02027356,0.02027356,720,True
bb_zscore_20h,24h,2025-05,-0.05112126,0.05112126,744,True
bb_zscore_20h,24h,2025-06,-0.03865587,0.03865587,720,True
bb_zscore_20h,24h,2025-07,-0.01318605,0.01318605,744,True
bb_zscore_20h,24h,2025-08,-0.0095808,0.0095808,744,True
bb_zscore_20h,24h,2025-09,-0.03194099,0.03194099,720,True
bb_zscore_20h,24h,2025-10,-0.04256749,0.04256749,744,True
bb_zscore_20h,24h,2025-11,-0.03477419,0.03477419,720,True
bb_zscore_20h,24h,2025-12,-0.05037645,0.05037645,744,True
bb_zscore_20h,24h,2026-01,-0.02456932,0.02456932,744,True
bb_zscore_20h,24h,2026-02,-0.04245769,0.04245769,672,True
bb_zscore_20h,24h,2026-03,-0.03392803,0.03392803,744,True
bb_zscore_20h,24h,2026-04,-0.06577333,0.06577333,720,True
bb_zscore_20h,24h,2026-05,-0.02046691,0.02046691,744,True
bb_zscore_20h,24h,2026-06,0.01331351,-0.01331351,265,False
bb_zscore_20h,4h,2024-06,-0.00513087,0.00513087,700,True
bb_zscore_20h,4h,2024-07,-0.02976724,0.02976724,744,True
bb_zscore_20h,4h,2024-08,-0.04910213,0.04910213,744,True
bb_zscore_20h,4h,2024-09,-0.01391688,0.01391688,720,True
bb_zscore_20h,4h,2024-10,-0.04412331,0.04412331,744,True
bb_zscore_20h,4h,2024-11,-0.02708339,0.02708339,720,True
bb_zscore_20h,4h,2024-12,-0.04928436,0.04928436,744,True
bb_zscore_20h,4h,2025-01,-0.01021005,0.01021005,744,True
bb_zscore_20h,4h,2025-02,-0.00702228,0.00702228,672,True
bb_zscore_20h,4h,2025-03,-0.0399087,0.0399087,744,True
bb_zscore_20h,4h,2025-04,-0.02884495,0.02884495,720,True
bb_zscore_20h,4h,2025-05,-0.02238399,0.02238399,744,True
bb_zscore_20h,4h,2025-06,-0.04962905,0.04962905,720,True
bb_zscore_20h,4h,2025-07,-0.04506472,0.04506472,744,True
bb_zscore_20h,4h,2025-08,-0.02975399,0.02975399,744,True
bb_zscore_20h,4h,2025-09,-0.02809474,0.02809474,720,True
bb_zscore_20h,4h,2025-10,-0.04153778,0.04153778,744,True
bb_zscore_20h,4h,2025-11,-0.04105949,0.04105949,720,True
bb_zscore_20h,4h,2025-12,-0.05519554,0.05519554,744,True
bb_zscore_20h,4h,2026-01,-0.03064777,0.03064777,744,True
bb_zscore_20h,4h,2026-02,-0.03785815,0.03785815,672,True
bb_zscore_20h,4h,2026-03,-0.03525572,0.03525572,744,True
bb_zscore_20h,4h,2026-04,-0.03906363,0.03906363,720,True
bb_zscore_20h,4h,2026-05,-0.04287816,0.04287816,744,True
bb_zscore_20h,4h,2026-06,-0.02256957,0.02256957,285,True
bb_zscore_20h,72h,2024-06,0.03900676,-0.03900676,700,False
bb_zscore_20h,72h,2024-07,-0.02524516,0.02524516,744,True
bb_zscore_20h,72h,2024-08,0.0020627,-0.0020627,744,False
bb_zscore_20h,72h,2024-09,-0.0247169,0.0247169,720,True
bb_zscore_20h,72h,2024-10,-0.05266878,0.05266878,744,True
bb_zscore_20h,72h,2024-11,0.02536881,-0.02536881,720,False
bb_zscore_20h,72h,2024-12,-0.02546111,0.02546111,744,True
bb_zscore_20h,72h,2025-01,0.02206902,-0.02206902,744,False
bb_zscore_20h,72h,2025-02,-0.02018084,0.02018084,672,True
bb_zscore_20h,72h,2025-03,-0.01168668,0.01168668,744,True
bb_zscore_20h,72h,2025-04,-0.00977613,0.00977613,720,True
bb_zscore_20h,72h,2025-05,-0.0392377,0.0392377,744,True
bb_zscore_20h,72h,2025-06,-0.04936246,0.04936246,720,True
bb_zscore_20h,72h,2025-07,-0.00367555,0.00367555,744,True
bb_zscore_20h,72h,2025-08,-0.03561565,0.03561565,744,True
bb_zscore_20h,72h,2025-09,-0.00869141,0.00869141,720,True
bb_zscore_20h,72h,2025-10,-0.02046884,0.02046884,744,True
bb_zscore_20h,72h,2025-11,-0.01078303,0.01078303,720,True
bb_zscore_20h,72h,2025-12,-0.03552627,0.03552627,744,True
bb_zscore_20h,72h,2026-01,7.532e-05,-7.532e-05,744,True
bb_zscore_20h,72h,2026-02,-0.01377256,0.01377256,672,True
bb_zscore_20h,72h,2026-03,-0.01625852,0.01625852,744,True
bb_zscore_20h,72h,2026-04,-0.03088086,0.03088086,720,True
bb_zscore_20h,72h,2026-05,-0.00120236,0.00120236,744,False
bb_zscore_20h,72h,2026-06,-0.00222784,0.00222784,217,True
breakout_dist_20h,1h,2024-06,0.00224694,0.00224694,700,True
breakout_dist_20h,1h,2024-07,-0.01252542,-0.01252542,744,False
breakout_dist_20h,1h,2024-08,-0.02393691,-0.02393691,744,False
breakout_dist_20h,1h,2024-09,-0.02372842,-0.02372842,720,False
breakout_dist_20h,1h,2024-10,-0.03133787,-0.03133787,743,False
breakout_dist_20h,1h,2024-11,-0.01685189,-0.01685189,720,False
breakout_dist_20h,1h,2024-12,-0.04255019,-0.04255019,744,False
breakout_dist_20h,1h,2025-01,-0.00807412,-0.00807412,744,False
breakout_dist_20h,1h,2025-02,-0.0005286,-0.0005286,672,True
breakout_dist_20h,1h,2025-03,-0.01903366,-0.01903366,744,False
breakout_dist_20h,1h,2025-04,-0.02084969,-0.02084969,720,False
breakout_dist_20h,1h,2025-05,-0.02018046,-0.02018046,744,False
breakout_dist_20h,1h,2025-06,-0.02311943,-0.02311943,720,False
breakout_dist_20h,1h,2025-07,-0.03239729,-0.03239729,744,False
breakout_dist_20h,1h,2025-08,-0.02314381,-0.02314381,744,False
breakout_dist_20h,1h,2025-09,-0.02181539,-0.02181539,720,False
breakout_dist_20h,1h,2025-10,-0.02399842,-0.02399842,744,False
breakout_dist_20h,1h,2025-11,-0.01886163,-0.01886163,720,False
breakout_dist_20h,1h,2025-12,-0.03294757,-0.03294757,744,False
breakout_dist_20h,1h,2026-01,-0.02569339,-0.02569339,744,False
breakout_dist_20h,1h,2026-02,-0.01896867,-0.01896867,672,False
breakout_dist_20h,1h,2026-03,-0.01930505,-0.01930505,744,False
breakout_dist_20h,1h,2026-04,-0.02531239,-0.02531239,720,False
breakout_dist_20h,1h,2026-05,-0.02617142,-0.02617142,744,False
breakout_dist_20h,1h,2026-06,-0.02322649,-0.02322649,288,False
breakout_dist_20h,24h,2024-06,0.02372257,0.02372257,700,True
breakout_dist_20h,24h,2024-07,-0.00928979,-0.00928979,744,False
breakout_dist_20h,24h,2024-08,0.01338583,0.01338583,744,True
breakout_dist_20h,24h,2024-09,0.00262247,0.00262247,720,True
breakout_dist_20h,24h,2024-10,-0.02682418,-0.02682418,744,False
breakout_dist_20h,24h,2024-11,-0.01062321,-0.01062321,720,False
breakout_dist_20h,24h,2024-12,-0.02393775,-0.02393775,744,False
breakout_dist_20h,24h,2025-01,0.02704195,0.02704195,744,True
breakout_dist_20h,24h,2025-02,0.01873528,0.01873528,672,True
breakout_dist_20h,24h,2025-03,0.00485167,0.00485167,744,True
breakout_dist_20h,24h,2025-04,-0.00699904,-0.00699904,720,False
breakout_dist_20h,24h,2025-05,-0.0393088,-0.0393088,744,False
breakout_dist_20h,24h,2025-06,-0.02109319,-0.02109319,720,False
breakout_dist_20h,24h,2025-07,-0.00023272,-0.00023272,744,False
breakout_dist_20h,24h,2025-08,0.01810211,0.01810211,744,True
breakout_dist_20h,24h,2025-09,-0.0031319,-0.0031319,720,False
breakout_dist_20h,24h,2025-10,-0.02101128,-0.02101128,744,False
breakout_dist_20h,24h,2025-11,-0.00244088,-0.00244088,720,False
breakout_dist_20h,24h,2025-12,-0.03299282,-0.03299282,744,False
breakout_dist_20h,24h,2026-01,-0.00509143,-0.00509143,744,False
breakout_dist_20h,24h,2026-02,-0.0322558,-0.0322558,672,False
breakout_dist_20h,24h,2026-03,-0.02545842,-0.02545842,744,False
breakout_dist_20h,24h,2026-04,-0.04954105,-0.04954105,720,False
breakout_dist_20h,24h,2026-05,-0.00549087,-0.00549087,744,False
breakout_dist_20h,24h,2026-06,0.03372783,0.03372783,265,True
breakout_dist_20h,4h,2024-06,0.00188566,0.00188566,700,True
breakout_dist_20h,4h,2024-07,-0.01546938,-0.01546938,744,False
breakout_dist_20h,4h,2024-08,-0.03256931,-0.03256931,744,False
breakout_dist_20h,4h,2024-09,-0.00586367,-0.00586367,720,True
breakout_dist_20h,4h,2024-10,-0.03449712,-0.03449712,744,False
breakout_dist_20h,4h,2024-11,-0.01170278,-0.01170278,720,False
breakout_dist_20h,4h,2024-12,-0.04012997,-0.04012997,744,False
breakout_dist_20h,4h,2025-01,0.00314315,0.00314315,744,True
breakout_dist_20h,4h,2025-02,0.00476163,0.00476163,672,True
breakout_dist_20h,4h,2025-03,-0.02569981,-0.02569981,744,False
breakout_dist_20h,4h,2025-04,-0.01153899,-0.01153899,720,False
breakout_dist_20h,4h,2025-05,-0.0208337,-0.0208337,744,False
breakout_dist_20h,4h,2025-06,-0.03549456,-0.03549456,720,False
breakout_dist_20h,4h,2025-07,-0.02849125,-0.02849125,744,False
breakout_dist_20h,4h,2025-08,-0.01032313,-0.01032313,744,False
breakout_dist_20h,4h,2025-09,-0.015726,-0.015726,720,False
breakout_dist_20h,4h,2025-10,-0.02769317,-0.02769317,744,False
breakout_dist_20h,4h,2025-11,-0.01288825,-0.01288825,720,False
breakout_dist_20h,4h,2025-12,-0.0440493,-0.0440493,744,False
breakout_dist_20h,4h,2026-01,-0.01382179,-0.01382179,744,False
breakout_dist_20h,4h,2026-02,-0.0240828,-0.0240828,672,False
breakout_dist_20h,4h,2026-03,-0.02806519,-0.02806519,744,False
breakout_dist_20h,4h,2026-04,-0.03136728,-0.03136728,720,False
breakout_dist_20h,4h,2026-05,-0.03429503,-0.03429503,744,False
breakout_dist_20h,4h,2026-06,-0.01272952,-0.01272952,285,False
breakout_dist_20h,72h,2024-06,0.05170175,0.05170175,700,True
breakout_dist_20h,72h,2024-07,-0.01824898,-0.01824898,744,False
breakout_dist_20h,72h,2024-08,0.02870014,0.02870014,744,True
breakout_dist_20h,72h,2024-09,-0.02032443,-0.02032443,720,False
breakout_dist_20h,72h,2024-10,-0.0408058,-0.0408058,744,False
breakout_dist_20h,72h,2024-11,0.03751951,0.03751951,720,True
breakout_dist_20h,72h,2024-12,-0.01376987,-0.01376987,744,False
breakout_dist_20h,72h,2025-01,0.05326878,0.05326878,744,True
breakout_dist_20h,72h,2025-02,0.00410731,0.00410731,672,True
breakout_dist_20h,72h,2025-03,0.01209705,0.01209705,744,True
breakout_dist_20h,72h,2025-04,0.00098143,0.00098143,720,False
breakout_dist_20h,72h,2025-05,-0.02453201,-0.02453201,744,False
breakout_dist_20h,72h,2025-06,-0.03128639,-0.03128639,720,False
breakout_dist_20h,72h,2025-07,0.01307382,0.01307382,744,True
breakout_dist_20h,72h,2025-08,-0.01256636,-0.01256636,744,False
breakout_dist_20h,72h,2025-09,0.01487822,0.01487822,720,True
breakout_dist_20h,72h,2025-10,-0.00162012,-0.00162012,744,False
breakout_dist_20h,72h,2025-11,0.02954525,0.02954525,720,True
breakout_dist_20h,72h,2025-12,-0.01550079,-0.01550079,744,False
breakout_dist_20h,72h,2026-01,0.02348287,0.02348287,744,True
breakout_dist_20h,72h,2026-02,-0.01037426,-0.01037426,672,False
breakout_dist_20h,72h,2026-03,-0.01034822,-0.01034822,744,False
breakout_dist_20h,72h,2026-04,-0.00810901,-0.00810901,720,False
breakout_dist_20h,72h,2026-05,0.01692017,0.01692017,744,True
breakout_dist_20h,72h,2026-06,0.00578798,0.00578798,217,True
breakout_dist_48h,1h,2024-06,0.00657325,0.00657325,672,True
breakout_dist_48h,1h,2024-07,-0.00866314,-0.00866314,744,False
breakout_dist_48h,1h,2024-08,-0.01966979,-0.01966979,744,False
breakout_dist_48h,1h,2024-09,-0.01995644,-0.01995644,720,False
breakout_dist_48h,1h,2024-10,-0.03074656,-0.03074656,743,False
breakout_dist_48h,1h,2024-11,-0.01942597,-0.01942597,720,False
breakout_dist_48h,1h,2024-12,-0.03669942,-0.03669942,744,False
breakout_dist_48h,1h,2025-01,-0.00043017,-0.00043017,744,True
breakout_dist_48h,1h,2025-02,-0.00096145,-0.00096145,672,False
breakout_dist_48h,1h,2025-03,-0.0153498,-0.0153498,744,False
breakout_dist_48h,1h,2025-04,-0.0172561,-0.0172561,720,False
breakout_dist_48h,1h,2025-05,-0.02077543,-0.02077543,744,False
breakout_dist_48h,1h,2025-06,-0.02368085,-0.02368085,720,False
breakout_dist_48h,1h,2025-07,-0.02667656,-0.02667656,744,False
breakout_dist_48h,1h,2025-08,-0.02195756,-0.02195756,744,False
breakout_dist_48h,1h,2025-09,-0.01555887,-0.01555887,720,False
breakout_dist_48h,1h,2025-10,-0.02469903,-0.02469903,744,False
breakout_dist_48h,1h,2025-11,-0.01580456,-0.01580456,720,False
breakout_dist_48h,1h,2025-12,-0.02848431,-0.02848431,744,False
breakout_dist_48h,1h,2026-01,-0.01891869,-0.01891869,744,False
breakout_dist_48h,1h,2026-02,-0.01541,-0.01541,672,False
breakout_dist_48h,1h,2026-03,-0.01192794,-0.01192794,744,False
breakout_dist_48h,1h,2026-04,-0.02206417,-0.02206417,720,False
breakout_dist_48h,1h,2026-05,-0.01436885,-0.01436885,744,False
breakout_dist_48h,1h,2026-06,-0.00930195,-0.00930195,288,False
breakout_dist_48h,24h,2024-06,0.03593553,0.03593553,672,True
breakout_dist_48h,24h,2024-07,-0.03363069,-0.03363069,744,False
breakout_dist_48h,24h,2024-08,0.0252285,0.0252285,744,True
breakout_dist_48h,24h,2024-09,-0.01141367,-0.01141367,720,False
breakout_dist_48h,24h,2024-10,-0.04595779,-0.04595779,744,False
breakout_dist_48h,24h,2024-11,0.01271245,0.01271245,720,True
breakout_dist_48h,24h,2024-12,-0.02814884,-0.02814884,744,False
breakout_dist_48h,24h,2025-01,0.04348511,0.04348511,744,True
breakout_dist_48h,24h,2025-02,0.01800276,0.01800276,672,True
breakout_dist_48h,24h,2025-03,-0.01000142,-0.01000142,744,True
breakout_dist_48h,24h,2025-04,-0.01972469,-0.01972469,720,False
breakout_dist_48h,24h,2025-05,-0.0449712,-0.0449712,744,False
breakout_dist_48h,24h,2025-06,-0.0478275,-0.0478275,720,False
breakout_dist_48h,24h,2025-07,-0.00040782,-0.00040782,744,False
breakout_dist_48h,24h,2025-08,-0.02061281,-0.02061281,744,False
breakout_dist_48h,24h,2025-09,0.00191935,0.00191935,720,False
breakout_dist_48h,24h,2025-10,-0.03363098,-0.03363098,744,False
breakout_dist_48h,24h,2025-11,-0.00625158,-0.00625158,720,False
breakout_dist_48h,24h,2025-12,-0.02917573,-0.02917573,744,False
breakout_dist_48h,24h,2026-01,0.00597505,0.00597505,744,True
breakout_dist_48h,24h,2026-02,-0.02798052,-0.02798052,672,False
breakout_dist_48h,24h,2026-03,-0.01434471,-0.01434471,744,False
breakout_dist_48h,24h,2026-04,-0.05133534,-0.05133534,720,False
breakout_dist_48h,24h,2026-05,0.01221458,0.01221458,744,True
breakout_dist_48h,24h,2026-06,0.02502671,0.02502671,265,True
breakout_dist_48h,4h,2024-06,0.00810063,0.00810063,672,True
breakout_dist_48h,4h,2024-07,-0.0165505,-0.0165505,744,False
breakout_dist_48h,4h,2024-08,-0.02817739,-0.02817739,744,False
breakout_dist_48h,4h,2024-09,-0.00559268,-0.00559268,720,True
breakout_dist_48h,4h,2024-10,-0.0415484,-0.0415484,744,False
breakout_dist_48h,4h,2024-11,-0.01663058,-0.01663058,720,False
breakout_dist_48h,4h,2024-12,-0.03736753,-0.03736753,744,False
breakout_dist_48h,4h,2025-01,0.00696761,0.00696761,744,True
breakout_dist_48h,4h,2025-02,0.00184675,0.00184675,672,False
breakout_dist_48h,4h,2025-03,-0.02173733,-0.02173733,744,False
breakout_dist_48h,4h,2025-04,-0.01631556,-0.01631556,720,False
breakout_dist_48h,4h,2025-05,-0.02751821,-0.02751821,744,False
breakout_dist_48h,4h,2025-06,-0.04228121,-0.04228121,720,False
breakout_dist_48h,4h,2025-07,-0.02524175,-0.02524175,744,False
breakout_dist_48h,4h,2025-08,-0.01703978,-0.01703978,744,False
breakout_dist_48h,4h,2025-09,-0.0125195,-0.0125195,720,False
breakout_dist_48h,4h,2025-10,-0.03259249,-0.03259249,744,False
breakout_dist_48h,4h,2025-11,-0.01570498,-0.01570498,720,False
breakout_dist_48h,4h,2025-12,-0.04019467,-0.04019467,744,False
breakout_dist_48h,4h,2026-01,-0.01082878,-0.01082878,744,False
breakout_dist_48h,4h,2026-02,-0.02072879,-0.02072879,672,False
breakout_dist_48h,4h,2026-03,-0.01784745,-0.01784745,744,False
breakout_dist_48h,4h,2026-04,-0.03464601,-0.03464601,720,False
breakout_dist_48h,4h,2026-05,-0.01789622,-0.01789622,744,False
breakout_dist_48h,4h,2026-06,0.00182537,0.00182537,285,True
breakout_dist_48h,72h,2024-06,0.06696548,0.06696548,672,True
breakout_dist_48h,72h,2024-07,-0.03622683,-0.03622683,744,False
breakout_dist_48h,72h,2024-08,0.02075593,0.02075593,744,True
breakout_dist_48h,72h,2024-09,-0.02241455,-0.02241455,720,False
breakout_dist_48h,72h,2024-10,-0.06411096,-0.06411096,744,False
breakout_dist_48h,72h,2024-11,0.05137028,0.05137028,720,True
breakout_dist_48h,72h,2024-12,0.00152036,0.00152036,744,False
breakout_dist_48h,72h,2025-01,0.06764985,0.06764985,744,True
breakout_dist_48h,72h,2025-02,-0.01044448,-0.01044448,672,False
breakout_dist_48h,72h,2025-03,0.01146182,0.01146182,744,True
breakout_dist_48h,72h,2025-04,0.00330549,0.00330549,720,True
breakout_dist_48h,72h,2025-05,-0.04028557,-0.04028557,744,False
breakout_dist_48h,72h,2025-06,-0.04279176,-0.04279176,720,False
breakout_dist_48h,72h,2025-07,0.00503391,0.00503391,744,False
breakout_dist_48h,72h,2025-08,-0.02040014,-0.02040014,744,False
breakout_dist_48h,72h,2025-09,0.02580628,0.02580628,720,True
breakout_dist_48h,72h,2025-10,-0.00156796,-0.00156796,744,False
breakout_dist_48h,72h,2025-11,0.02824525,0.02824525,720,True
breakout_dist_48h,72h,2025-12,-0.02112914,-0.02112914,744,False
breakout_dist_48h,72h,2026-01,0.04996988,0.04996988,744,True
breakout_dist_48h,72h,2026-02,-0.0051353,-0.0051353,672,True
breakout_dist_48h,72h,2026-03,-0.00329497,-0.00329497,744,False
breakout_dist_48h,72h,2026-04,-0.01198461,-0.01198461,720,False
breakout_dist_48h,72h,2026-05,0.01899296,0.01899296,744,True
breakout_dist_48h,72h,2026-06,-0.01359027,-0.01359027,217,False
candle_body,1h,2024-06,-0.00490071,-0.00490071,719,False
candle_body,1h,2024-07,-0.00745042,-0.00745042,744,False
candle_body,1h,2024-08,-0.02416953,-0.02416953,744,False
candle_body,1h,2024-09,-0.03998602,-0.03998602,720,False
candle_body,1h,2024-10,-0.03416561,-0.03416561,742,False
candle_body,1h,2024-11,-0.02500549,-0.02500549,720,False
candle_body,1h,2024-12,-0.04661298,-0.04661298,744,False
candle_body,1h,2025-01,-0.04099092,-0.04099092,744,False
candle_body,1h,2025-02,-0.01455708,-0.01455708,672,False
candle_body,1h,2025-03,-0.02008064,-0.02008064,744,False
candle_body,1h,2025-04,-0.04159972,-0.04159972,720,False
candle_body,1h,2025-05,-0.0355248,-0.0355248,744,False
candle_body,1h,2025-06,-0.02116441,-0.02116441,720,False
candle_body,1h,2025-07,-0.03838673,-0.03838673,744,False
candle_body,1h,2025-08,-0.04340218,-0.04340218,744,False
candle_body,1h,2025-09,-0.03465068,-0.03465068,720,False
candle_body,1h,2025-10,-0.0336861,-0.0336861,744,False
candle_body,1h,2025-11,-0.03580506,-0.03580506,720,False
candle_body,1h,2025-12,-0.02898608,-0.02898608,744,False
candle_body,1h,2026-01,-0.04071395,-0.04071395,744,False
candle_body,1h,2026-02,-0.0267561,-0.0267561,672,False
candle_body,1h,2026-03,-0.02379372,-0.02379372,744,False
candle_body,1h,2026-04,-0.03367464,-0.03367464,720,False
candle_body,1h,2026-05,-0.04406237,-0.04406237,744,False
candle_body,1h,2026-06,-0.04275689,-0.04275689,288,False
candle_body,24h,2024-06,0.00377852,0.00377852,719,True
candle_body,24h,2024-07,-0.00331856,-0.00331856,744,False
candle_body,24h,2024-08,-0.00714923,-0.00714923,744,False
candle_body,24h,2024-09,-0.00606677,-0.00606677,720,False
candle_body,24h,2024-10,-0.01268204,-0.01268204,743,False
candle_body,24h,2024-11,0.00134922,0.00134922,720,True
candle_body,24h,2024-12,-0.0216323,-0.0216323,744,False
candle_body,24h,2025-01,-0.00312281,-0.00312281,744,False
candle_body,24h,2025-02,0.00557899,0.00557899,672,True
candle_body,24h,2025-03,-0.00992351,-0.00992351,744,False
candle_body,24h,2025-04,-0.00785645,-0.00785645,720,False
candle_body,24h,2025-05,-0.01581305,-0.01581305,744,False
candle_body,24h,2025-06,-0.01174474,-0.01174474,720,False
candle_body,24h,2025-07,-0.00960371,-0.00960371,744,False
candle_body,24h,2025-08,-0.00554154,-0.00554154,744,False
candle_body,24h,2025-09,-0.01198216,-0.01198216,720,False
candle_body,24h,2025-10,-0.01405097,-0.01405097,744,False
candle_body,24h,2025-11,-0.00910826,-0.00910826,720,False
candle_body,24h,2025-12,-0.0173408,-0.0173408,744,False
candle_body,24h,2026-01,-0.00875267,-0.00875267,744,False
candle_body,24h,2026-02,-0.01630201,-0.01630201,672,False
candle_body,24h,2026-03,-0.01972734,-0.01972734,744,False
candle_body,24h,2026-04,-0.02553976,-0.02553976,720,False
candle_body,24h,2026-05,-0.01461072,-0.01461072,744,False
candle_body,24h,2026-06,-0.0034252,-0.0034252,265,False
candle_body,4h,2024-06,-0.00953433,-0.00953433,719,False
candle_body,4h,2024-07,-0.00670691,-0.00670691,744,False
candle_body,4h,2024-08,-0.02636686,-0.02636686,744,False
candle_body,4h,2024-09,-0.02567639,-0.02567639,720,False
candle_body,4h,2024-10,-0.02625475,-0.02625475,743,False
candle_body,4h,2024-11,-0.01279499,-0.01279499,720,False
candle_body,4h,2024-12,-0.04628456,-0.04628456,744,False
candle_body,4h,2025-01,-0.0133845,-0.0133845,744,False
candle_body,4h,2025-02,-0.00030961,-0.00030961,672,False
candle_body,4h,2025-03,-0.0252075,-0.0252075,744,False
candle_body,4h,2025-04,-0.0306173,-0.0306173,720,False
candle_body,4h,2025-05,-0.00771039,-0.00771039,744,False
candle_body,4h,2025-06,-0.02229458,-0.02229458,720,False
candle_body,4h,2025-07,-0.03436011,-0.03436011,744,False
candle_body,4h,2025-08,-0.03554213,-0.03554213,744,False
candle_body,4h,2025-09,-0.02496419,-0.02496419,720,False
candle_body,4h,2025-10,-0.02024588,-0.02024588,744,False
candle_body,4h,2025-11,-0.02289328,-0.02289328,720,False
candle_body,4h,2025-12,-0.02766013,-0.02766013,744,False
candle_body,4h,2026-01,-0.02458323,-0.02458323,744,False
candle_body,4h,2026-02,-0.01280345,-0.01280345,672,False
candle_body,4h,2026-03,-0.02324409,-0.02324409,744,False
candle_body,4h,2026-04,-0.02994817,-0.02994817,720,False
candle_body,4h,2026-05,-0.03075266,-0.03075266,744,False
candle_body,4h,2026-06,-0.03260246,-0.03260246,285,False
candle_body,72h,2024-06,0.0149058,0.0149058,719,True
candle_body,72h,2024-07,-0.00094044,-0.00094044,744,True
candle_body,72h,2024-08,8.472e-05,8.472e-05,744,False
candle_body,72h,2024-09,-0.00399289,-0.00399289,720,False
candle_body,72h,2024-10,-0.01272306,-0.01272306,743,False
candle_body,72h,2024-11,0.0171788,0.0171788,720,True
candle_body,72h,2024-12,-0.01388082,-0.01388082,744,False
candle_body,72h,2025-01,0.01193435,0.01193435,744,True
candle_body,72h,2025-02,0.00136548,0.00136548,672,True
candle_body,72h,2025-03,-0.00247812,-0.00247812,744,True
candle_body,72h,2025-04,-0.00562221,-0.00562221,720,False
candle_body,72h,2025-05,-0.01467298,-0.01467298,744,False
candle_body,72h,2025-06,-0.01548365,-0.01548365,720,False
candle_body,72h,2025-07,-0.00375943,-0.00375943,744,False
candle_body,72h,2025-08,-0.01101869,-0.01101869,744,False
candle_body,72h,2025-09,-0.00657759,-0.00657759,720,False
candle_body,72h,2025-10,-0.0044776,-0.0044776,744,False
candle_body,72h,2025-11,-0.00097881,-0.00097881,720,False
candle_body,72h,2025-12,-0.01110654,-0.01110654,744,False
candle_body,72h,2026-01,-0.00249544,-0.00249544,744,False
candle_body,72h,2026-02,-0.00653238,-0.00653238,672,False
candle_body,72h,2026-03,-0.00934028,-0.00934028,744,False
candle_body,72h,2026-04,-0.0119243,-0.0119243,720,False
candle_body,72h,2026-05,-0.00591138,-0.00591138,744,False
candle_body,72h,2026-06,0.00174454,0.00174454,217,True
candle_wick_lower,1h,2024-06,-0.00375602,-0.00375602,719,False
candle_wick_lower,1h,2024-07,-0.01417573,-0.01417573,744,False
candle_wick_lower,1h,2024-08,-0.01238838,-0.01238838,744,False
candle_wick_lower,1h,2024-09,-0.00967093,-0.00967093,720,False
candle_wick_lower,1h,2024-10,-0.00538401,-0.00538401,742,False
candle_wick_lower,1h,2024-11,0.00902529,0.00902529,720,True
candle_wick_lower,1h,2024-12,0.00937711,0.00937711,744,True
candle_wick_lower,1h,2025-01,0.00437871,0.00437871,744,True
candle_wick_lower,1h,2025-02,-0.00859091,-0.00859091,672,False
candle_wick_lower,1h,2025-03,-0.01132921,-0.01132921,744,False
candle_wick_lower,1h,2025-04,-0.00228456,-0.00228456,720,False
candle_wick_lower,1h,2025-05,-0.00960656,-0.00960656,744,False
candle_wick_lower,1h,2025-06,-0.00519154,-0.00519154,720,False
candle_wick_lower,1h,2025-07,-0.01015976,-0.01015976,744,False
candle_wick_lower,1h,2025-08,-0.01027416,-0.01027416,744,False
candle_wick_lower,1h,2025-09,-0.01348646,-0.01348646,720,False
candle_wick_lower,1h,2025-10,-0.00408822,-0.00408822,744,False
candle_wick_lower,1h,2025-11,-0.00165279,-0.00165279,720,False
candle_wick_lower,1h,2025-12,-0.00220175,-0.00220175,744,False
candle_wick_lower,1h,2026-01,0.00144855,0.00144855,744,False
candle_wick_lower,1h,2026-02,-0.00752353,-0.00752353,672,False
candle_wick_lower,1h,2026-03,-0.00973238,-0.00973238,744,False
candle_wick_lower,1h,2026-04,-0.0143184,-0.0143184,720,False
candle_wick_lower,1h,2026-05,-0.01451233,-0.01451233,744,False
candle_wick_lower,1h,2026-06,-0.00833422,-0.00833422,288,False
candle_wick_lower,24h,2024-06,0.00735389,0.00735389,719,True
candle_wick_lower,24h,2024-07,-0.0039103,-0.0039103,744,False
candle_wick_lower,24h,2024-08,0.0015566,0.0015566,744,True
candle_wick_lower,24h,2024-09,-0.00747425,-0.00747425,720,False
candle_wick_lower,24h,2024-10,0.00505044,0.00505044,743,True
candle_wick_lower,24h,2024-11,0.01115687,0.01115687,720,True
candle_wick_lower,24h,2024-12,0.01122009,0.01122009,744,True
candle_wick_lower,24h,2025-01,0.01299718,0.01299718,744,True
candle_wick_lower,24h,2025-02,0.00599458,0.00599458,672,True
candle_wick_lower,24h,2025-03,-0.00291307,-0.00291307,744,False
candle_wick_lower,24h,2025-04,0.00288938,0.00288938,720,True
candle_wick_lower,24h,2025-05,-0.0035472,-0.0035472,744,False
candle_wick_lower,24h,2025-06,-0.00044341,-0.00044341,720,True
candle_wick_lower,24h,2025-07,0.00386072,0.00386072,744,True
candle_wick_lower,24h,2025-08,0.00163481,0.00163481,744,True
candle_wick_lower,24h,2025-09,0.00545869,0.00545869,720,True
candle_wick_lower,24h,2025-10,0.00416399,0.00416399,744,True
candle_wick_lower,24h,2025-11,0.00404745,0.00404745,720,False
candle_wick_lower,24h,2025-12,-0.00298096,-0.00298096,744,False
candle_wick_lower,24h,2026-01,0.00392675,0.00392675,744,True
candle_wick_lower,24h,2026-02,0.00613424,0.00613424,672,True
candle_wick_lower,24h,2026-03,0.00849895,0.00849895,744,True
candle_wick_lower,24h,2026-04,0.00879226,0.00879226,720,True
candle_wick_lower,24h,2026-05,-0.00238439,-0.00238439,744,False
candle_wick_lower,24h,2026-06,0.0060277,0.0060277,265,True
candle_wick_lower,4h,2024-06,0.00938469,0.00938469,719,True
candle_wick_lower,4h,2024-07,-0.009099,-0.009099,744,False
candle_wick_lower,4h,2024-08,-0.00557699,-0.00557699,744,False
candle_wick_lower,4h,2024-09,-0.01207357,-0.01207357,720,False
candle_wick_lower,4h,2024-10,-0.00036115,-0.00036115,743,False
candle_wick_lower,4h,2024-11,0.0133218,0.0133218,720,True
candle_wick_lower,4h,2024-12,0.00867223,0.00867223,744,True
candle_wick_lower,4h,2025-01,0.01508101,0.01508101,744,True
candle_wick_lower,4h,2025-02,-0.00711305,-0.00711305,672,False
candle_wick_lower,4h,2025-03,-0.0039296,-0.0039296,744,False
candle_wick_lower,4h,2025-04,0.00115584,0.00115584,720,False
candle_wick_lower,4h,2025-05,-0.00785221,-0.00785221,744,False
candle_wick_lower,4h,2025-06,-0.00478261,-0.00478261,720,False
candle_wick_lower,4h,2025-07,-0.00505914,-0.00505914,744,True
candle_wick_lower,4h,2025-08,-0.00247988,-0.00247988,744,False
candle_wick_lower,4h,2025-09,-0.00140224,-0.00140224,720,False
candle_wick_lower,4h,2025-10,0.00170747,0.00170747,744,True
candle_wick_lower,4h,2025-11,0.00072374,0.00072374,720,False
candle_wick_lower,4h,2025-12,-0.00182058,-0.00182058,744,False
candle_wick_lower,4h,2026-01,0.00708957,0.00708957,744,True
candle_wick_lower,4h,2026-02,0.00023521,0.00023521,672,True
candle_wick_lower,4h,2026-03,0.00085235,0.00085235,744,True
candle_wick_lower,4h,2026-04,-0.00155372,-0.00155372,720,False
candle_wick_lower,4h,2026-05,-0.00512035,-0.00512035,744,False
candle_wick_lower,4h,2026-06,0.00141234,0.00141234,285,True
candle_wick_lower,72h,2024-06,0.002787,0.002787,719,True
candle_wick_lower,72h,2024-07,-0.00192475,-0.00192475,744,False
candle_wick_lower,72h,2024-08,0.0021122,0.0021122,744,True
candle_wick_lower,72h,2024-09,-0.00941608,-0.00941608,720,False
candle_wick_lower,72h,2024-10,0.00312115,0.00312115,743,False
candle_wick_lower,72h,2024-11,0.00125779,0.00125779,720,False
candle_wick_lower,72h,2024-12,0.00919747,0.00919747,744,True
candle_wick_lower,72h,2025-01,0.0141029,0.0141029,744,True
candle_wick_lower,72h,2025-02,0.01268472,0.01268472,672,True
candle_wick_lower,72h,2025-03,-0.00566358,-0.00566358,744,False
candle_wick_lower,72h,2025-04,0.0042748,0.0042748,720,True
candle_wick_lower,72h,2025-05,-0.00822426,-0.00822426,744,False
candle_wick_lower,72h,2025-06,-0.0064512,-0.0064512,720,False
candle_wick_lower,72h,2025-07,0.00596089,0.00596089,744,True
candle_wick_lower,72h,2025-08,0.00628283,0.00628283,744,True
candle_wick_lower,72h,2025-09,-0.00265734,-0.00265734,720,False
candle_wick_lower,72h,2025-10,0.00030931,0.00030931,744,True
candle_wick_lower,72h,2025-11,0.00657154,0.00657154,720,True
candle_wick_lower,72h,2025-12,-0.00069097,-0.00069097,744,False
candle_wick_lower,72h,2026-01,-9.494e-05,-9.494e-05,744,True
candle_wick_lower,72h,2026-02,0.00290504,0.00290504,672,True
candle_wick_lower,72h,2026-03,0.00248888,0.00248888,744,False
candle_wick_lower,72h,2026-04,0.00968409,0.00968409,720,True
candle_wick_lower,72h,2026-05,0.00074429,0.00074429,744,False
candle_wick_lower,72h,2026-06,0.00904215,0.00904215,217,True
candle_wick_upper,1h,2024-06,0.0135458,-0.0135458,719,False
candle_wick_upper,1h,2024-07,0.02436043,-0.02436043,744,False
candle_wick_upper,1h,2024-08,0.00623326,-0.00623326,744,False
candle_wick_upper,1h,2024-09,0.02415087,-0.02415087,720,False
candle_wick_upper,1h,2024-10,0.00211133,-0.00211133,742,False
candle_wick_upper,1h,2024-11,-0.0016108,0.0016108,720,True
candle_wick_upper,1h,2024-12,-0.00962825,0.00962825,744,True
candle_wick_upper,1h,2025-01,-0.00229638,0.00229638,744,True
candle_wick_upper,1h,2025-02,0.00147378,-0.00147378,672,False
candle_wick_upper,1h,2025-03,-0.00659205,0.00659205,744,True
candle_wick_upper,1h,2025-04,0.00936355,-0.00936355,720,False
candle_wick_upper,1h,2025-05,0.01836582,-0.01836582,744,False
candle_wick_upper,1h,2025-06,0.00995742,-0.00995742,720,False
candle_wick_upper,1h,2025-07,0.01404322,-0.01404322,744,False
candle_wick_upper,1h,2025-08,0.01696276,-0.01696276,744,False
candle_wick_upper,1h,2025-09,0.02104885,-0.02104885,720,False
candle_wick_upper,1h,2025-10,0.01267114,-0.01267114,744,False
candle_wick_upper,1h,2025-11,0.00604498,-0.00604498,720,False
candle_wick_upper,1h,2025-12,0.01409668,-0.01409668,744,False
candle_wick_upper,1h,2026-01,0.00867666,-0.00867666,744,False
candle_wick_upper,1h,2026-02,0.01054938,-0.01054938,672,False
candle_wick_upper,1h,2026-03,0.01760276,-0.01760276,744,False
candle_wick_upper,1h,2026-04,0.01642564,-0.01642564,720,False
candle_wick_upper,1h,2026-05,0.01344529,-0.01344529,744,False
candle_wick_upper,1h,2026-06,0.00837787,-0.00837787,288,False
candle_wick_upper,24h,2024-06,-0.00139553,0.00139553,719,False
candle_wick_upper,24h,2024-07,0.00250093,-0.00250093,744,True
candle_wick_upper,24h,2024-08,-0.00099038,0.00099038,744,True
candle_wick_upper,24h,2024-09,0.00229199,-0.00229199,720,True
candle_wick_upper,24h,2024-10,-0.01192211,0.01192211,743,True
candle_wick_upper,24h,2024-11,-0.01577761,0.01577761,720,True
candle_wick_upper,24h,2024-12,-0.0078144,0.0078144,744,True
candle_wick_upper,24h,2025-01,-0.01073844,0.01073844,744,True
candle_wick_upper,24h,2025-02,-0.01186341,0.01186341,672,True
candle_wick_upper,24h,2025-03,-0.00484946,0.00484946,744,True
candle_wick_upper,24h,2025-04,-0.00226093,0.00226093,720,True
candle_wick_upper,24h,2025-05,-0.01258541,0.01258541,744,True
candle_wick_upper,24h,2025-06,-0.00767352,0.00767352,720,True
candle_wick_upper,24h,2025-07,-0.00837356,0.00837356,744,True
candle_wick_upper,24h,2025-08,-0.00741594,0.00741594,744,True
candle_wick_upper,24h,2025-09,-0.00393116,0.00393116,720,True
candle_wick_upper,24h,2025-10,-0.00331836,0.00331836,744,True
candle_wick_upper,24h,2025-11,-0.0040947,0.0040947,720,True
candle_wick_upper,24h,2025-12,-0.00599223,0.00599223,744,True
candle_wick_upper,24h,2026-01,-0.0028499,0.0028499,744,True
candle_wick_upper,24h,2026-02,-0.00659759,0.00659759,672,True
candle_wick_upper,24h,2026-03,-0.00258783,0.00258783,744,True
candle_wick_upper,24h,2026-04,-0.01046416,0.01046416,720,True
candle_wick_upper,24h,2026-05,-0.00245179,0.00245179,744,True
candle_wick_upper,24h,2026-06,0.0113913,-0.0113913,265,False
candle_wick_upper,4h,2024-06,0.00533556,-0.00533556,719,False
candle_wick_upper,4h,2024-07,0.00613373,-0.00613373,744,False
candle_wick_upper,4h,2024-08,0.00264302,-0.00264302,744,False
candle_wick_upper,4h,2024-09,0.01062591,-0.01062591,720,False
candle_wick_upper,4h,2024-10,-0.00459316,0.00459316,743,True
candle_wick_upper,4h,2024-11,-0.00842539,0.00842539,720,True
candle_wick_upper,4h,2024-12,0.00398594,-0.00398594,744,True
candle_wick_upper,4h,2025-01,0.00583842,-0.00583842,744,False
candle_wick_upper,4h,2025-02,0.00151966,-0.00151966,672,True
candle_wick_upper,4h,2025-03,-0.0056181,0.0056181,744,True
candle_wick_upper,4h,2025-04,0.00661033,-0.00661033,720,False
candle_wick_upper,4h,2025-05,0.01122494,-0.01122494,744,False
candle_wick_upper,4h,2025-06,-0.00113845,0.00113845,720,True
candle_wick_upper,4h,2025-07,0.00109485,-0.00109485,744,True
candle_wick_upper,4h,2025-08,0.00637353,-0.00637353,744,False
candle_wick_upper,4h,2025-09,0.00789807,-0.00789807,720,False
candle_wick_upper,4h,2025-10,0.00867431,-0.00867431,744,False
candle_wick_upper,4h,2025-11,-0.000225,0.000225,720,True
candle_wick_upper,4h,2025-12,0.01069498,-0.01069498,744,False
candle_wick_upper,4h,2026-01,0.00334295,-0.00334295,744,False
candle_wick_upper,4h,2026-02,-0.00018859,0.00018859,672,False
candle_wick_upper,4h,2026-03,0.0055254,-0.0055254,744,False
candle_wick_upper,4h,2026-04,0.00757051,-0.00757051,720,False
candle_wick_upper,4h,2026-05,0.00115851,-0.00115851,744,False
candle_wick_upper,4h,2026-06,0.00040598,-0.00040598,285,False
candle_wick_upper,72h,2024-06,-0.00641224,0.00641224,719,True
candle_wick_upper,72h,2024-07,0.00437004,-0.00437004,744,False
candle_wick_upper,72h,2024-08,0.00146102,-0.00146102,744,False
candle_wick_upper,72h,2024-09,0.00153111,-0.00153111,720,False
candle_wick_upper,72h,2024-10,-0.01006127,0.01006127,743,True
candle_wick_upper,72h,2024-11,-0.01767743,0.01767743,720,True
candle_wick_upper,72h,2024-12,-0.00278693,0.00278693,744,True
candle_wick_upper,72h,2025-01,-0.0181269,0.0181269,744,True
candle_wick_upper,72h,2025-02,-0.0115934,0.0115934,672,True
candle_wick_upper,72h,2025-03,-0.00878297,0.00878297,744,True
candle_wick_upper,72h,2025-04,0.00402703,-0.00402703,720,False
candle_wick_upper,72h,2025-05,-0.01284742,0.01284742,744,True
candle_wick_upper,72h,2025-06,-0.01013307,0.01013307,720,True
candle_wick_upper,72h,2025-07,-0.01294202,0.01294202,744,True
candle_wick_upper,72h,2025-08,-0.01261949,0.01261949,744,True
candle_wick_upper,72h,2025-09,-0.00329487,0.00329487,720,True
candle_wick_upper,72h,2025-10,-0.01248946,0.01248946,744,True
candle_wick_upper,72h,2025-11,-0.00908157,0.00908157,720,True
candle_wick_upper,72h,2025-12,-0.01424425,0.01424425,744,True
candle_wick_upper,72h,2026-01,-0.0117507,0.0117507,744,True
candle_wick_upper,72h,2026-02,0.00028485,-0.00028485,672,True
candle_wick_upper,72h,2026-03,-0.00339144,0.00339144,744,True
candle_wick_upper,72h,2026-04,-0.01489803,0.01489803,720,True
candle_wick_upper,72h,2026-05,-0.00581697,0.00581697,744,True
candle_wick_upper,72h,2026-06,0.01710823,-0.01710823,217,False
downside_vol_20h,1h,2024-06,-0.0543768,0.0543768,699,True
downside_vol_20h,1h,2024-07,-0.04146208,0.04146208,744,True
downside_vol_20h,1h,2024-08,-0.03960225,0.03960225,744,True
downside_vol_20h,1h,2024-09,-0.02439834,0.02439834,720,True
downside_vol_20h,1h,2024-10,-0.03139805,0.03139805,743,True
downside_vol_20h,1h,2024-11,-0.02667161,0.02667161,720,True
downside_vol_20h,1h,2024-12,-0.02374933,0.02374933,744,True
downside_vol_20h,1h,2025-01,-0.06638039,0.06638039,744,True
downside_vol_20h,1h,2025-02,-0.03060769,0.03060769,672,True
downside_vol_20h,1h,2025-03,-0.02931916,0.02931916,744,True
downside_vol_20h,1h,2025-04,-0.01582013,0.01582013,720,True
downside_vol_20h,1h,2025-05,-0.0309666,0.0309666,744,True
downside_vol_20h,1h,2025-06,-0.02413444,0.02413444,720,True
downside_vol_20h,1h,2025-07,-0.02623282,0.02623282,744,True
downside_vol_20h,1h,2025-08,-0.02809121,0.02809121,744,True
downside_vol_20h,1h,2025-09,-0.02853009,0.02853009,720,True
downside_vol_20h,1h,2025-10,-0.02324027,0.02324027,744,True
downside_vol_20h,1h,2025-11,-0.03170186,0.03170186,720,True
downside_vol_20h,1h,2025-12,-0.01704503,0.01704503,744,True
downside_vol_20h,1h,2026-01,-0.02246934,0.02246934,744,True
downside_vol_20h,1h,2026-02,-0.01420687,0.01420687,672,True
downside_vol_20h,1h,2026-03,-0.0184679,0.0184679,744,True
downside_vol_20h,1h,2026-04,-0.02369595,0.02369595,720,True
downside_vol_20h,1h,2026-05,-0.0240323,0.0240323,744,True
downside_vol_20h,1h,2026-06,-0.01778806,0.01778806,288,True
downside_vol_20h,24h,2024-06,-0.14383687,0.14383687,699,True
downside_vol_20h,24h,2024-07,-0.08250629,0.08250629,744,True
downside_vol_20h,24h,2024-08,-0.11110397,0.11110397,744,True
downside_vol_20h,24h,2024-09,-0.0213938,0.0213938,720,True
downside_vol_20h,24h,2024-10,-0.09484698,0.09484698,744,True
downside_vol_20h,24h,2024-11,-0.05781671,0.05781671,720,True
downside_vol_20h,24h,2024-12,-0.08032424,0.08032424,744,True
downside_vol_20h,24h,2025-01,-0.14515422,0.14515422,744,True
downside_vol_20h,24h,2025-02,-0.08024647,0.08024647,672,True
downside_vol_20h,24h,2025-03,-0.08999948,0.08999948,744,True
downside_vol_20h,24h,2025-04,-0.0252773,0.0252773,720,True
downside_vol_20h,24h,2025-05,-0.06998769,0.06998769,744,True
downside_vol_20h,24h,2025-06,-0.05346465,0.05346465,720,True
downside_vol_20h,24h,2025-07,-0.08340683,0.08340683,744,True
downside_vol_20h,24h,2025-08,-0.08735197,0.08735197,744,True
downside_vol_20h,24h,2025-09,-0.05897286,0.05897286,720,True
downside_vol_20h,24h,2025-10,-0.06515742,0.06515742,744,True
downside_vol_20h,24h,2025-11,-0.10502257,0.10502257,720,True
downside_vol_20h,24h,2025-12,-0.02076311,0.02076311,744,True
downside_vol_20h,24h,2026-01,-0.07581042,0.07581042,744,True
downside_vol_20h,24h,2026-02,-0.04760094,0.04760094,672,True
downside_vol_20h,24h,2026-03,-0.07044851,0.07044851,744,True
downside_vol_20h,24h,2026-04,-0.05183664,0.05183664,720,True
downside_vol_20h,24h,2026-05,-0.06779725,0.06779725,744,True
downside_vol_20h,24h,2026-06,-0.04434193,0.04434193,265,True
downside_vol_20h,4h,2024-06,-0.07233389,0.07233389,699,True
downside_vol_20h,4h,2024-07,-0.05553217,0.05553217,744,True
downside_vol_20h,4h,2024-08,-0.05723657,0.05723657,744,True
downside_vol_20h,4h,2024-09,-0.03108268,0.03108268,720,True
downside_vol_20h,4h,2024-10,-0.04927054,0.04927054,744,True
downside_vol_20h,4h,2024-11,-0.0428261,0.0428261,720,True
downside_vol_20h,4h,2024-12,-0.0499478,0.0499478,744,True
downside_vol_20h,4h,2025-01,-0.0883819,0.0883819,744,True
downside_vol_20h,4h,2025-02,-0.04110408,0.04110408,672,True
downside_vol_20h,4h,2025-03,-0.05228129,0.05228129,744,True
downside_vol_20h,4h,2025-04,-0.02802055,0.02802055,720,True
downside_vol_20h,4h,2025-05,-0.04777048,0.04777048,744,True
downside_vol_20h,4h,2025-06,-0.03222924,0.03222924,720,True
downside_vol_20h,4h,2025-07,-0.04631673,0.04631673,744,True
downside_vol_20h,4h,2025-08,-0.04863054,0.04863054,744,True
downside_vol_20h,4h,2025-09,-0.0432074,0.0432074,720,True
downside_vol_20h,4h,2025-10,-0.03510584,0.03510584,744,True
downside_vol_20h,4h,2025-11,-0.05401138,0.05401138,720,True
downside_vol_20h,4h,2025-12,-0.01821124,0.01821124,744,True
downside_vol_20h,4h,2026-01,-0.03761946,0.03761946,744,True
downside_vol_20h,4h,2026-02,-0.0246978,0.0246978,672,True
downside_vol_20h,4h,2026-03,-0.03837782,0.03837782,744,True
downside_vol_20h,4h,2026-04,-0.03851904,0.03851904,720,True
downside_vol_20h,4h,2026-05,-0.03967112,0.03967112,744,True
downside_vol_20h,4h,2026-06,-0.02506173,0.02506173,285,True
downside_vol_20h,72h,2024-06,-0.18424702,0.18424702,699,True
downside_vol_20h,72h,2024-07,-0.10482618,0.10482618,744,True
downside_vol_20h,72h,2024-08,-0.1244746,0.1244746,744,True
downside_vol_20h,72h,2024-09,0.03342297,-0.03342297,720,False
downside_vol_20h,72h,2024-10,-0.10783031,0.10783031,744,True
downside_vol_20h,72h,2024-11,-0.05976023,0.05976023,720,True
downside_vol_20h,72h,2024-12,-0.09925607,0.09925607,744,True
downside_vol_20h,72h,2025-01,-0.22069131,0.22069131,744,True
downside_vol_20h,72h,2025-02,-0.06350124,0.06350124,672,True
downside_vol_20h,72h,2025-03,-0.13915307,0.13915307,744,True
downside_vol_20h,72h,2025-04,-0.01277047,0.01277047,720,True
downside_vol_20h,72h,2025-05,-0.09671037,0.09671037,744,True
downside_vol_20h,72h,2025-06,-0.08960786,0.08960786,720,True
downside_vol_20h,72h,2025-07,-0.09601534,0.09601534,744,True
downside_vol_20h,72h,2025-08,-0.10617711,0.10617711,744,True
downside_vol_20h,72h,2025-09,-0.04231271,0.04231271,720,True
downside_vol_20h,72h,2025-10,-0.06766286,0.06766286,744,True
downside_vol_20h,72h,2025-11,-0.13022374,0.13022374,720,True
downside_vol_20h,72h,2025-12,-0.03154677,0.03154677,744,True
downside_vol_20h,72h,2026-01,-0.13202412,0.13202412,744,True
downside_vol_20h,72h,2026-02,-0.05652189,0.05652189,672,True
downside_vol_20h,72h,2026-03,-0.07054037,0.07054037,744,True
downside_vol_20h,72h,2026-04,-0.05818895,0.05818895,720,True
downside_vol_20h,72h,2026-05,-0.08804439,0.08804439,744,True
downside_vol_20h,72h,2026-06,-0.06880707,0.06880707,217,True
ema_12_26_gap,1h,2024-06,0.00599152,0.00599152,718,False
ema_12_26_gap,1h,2024-07,-0.01269412,-0.01269412,744,False
ema_12_26_gap,1h,2024-08,-0.01144115,-0.01144115,744,False
ema_12_26_gap,1h,2024-09,-0.01806386,-0.01806386,720,False
ema_12_26_gap,1h,2024-10,-0.02646157,-0.02646157,743,False
ema_12_26_gap,1h,2024-11,-0.02204909,-0.02204909,720,False
ema_12_26_gap,1h,2024-12,-0.02319948,-0.02319948,744,False
ema_12_26_gap,1h,2025-01,-0.00137643,-0.00137643,744,True
ema_12_26_gap,1h,2025-02,-0.00619592,-0.00619592,672,True
ema_12_26_gap,1h,2025-03,-0.01429319,-0.01429319,744,False
ema_12_26_gap,1h,2025-04,-0.01309599,-0.01309599,720,False
ema_12_26_gap,1h,2025-05,-0.01599051,-0.01599051,744,False
ema_12_26_gap,1h,2025-06,-0.02519351,-0.02519351,720,False
ema_12_26_gap,1h,2025-07,-0.01960793,-0.01960793,744,False
ema_12_26_gap,1h,2025-08,-0.01494421,-0.01494421,744,False
ema_12_26_gap,1h,2025-09,-0.01708541,-0.01708541,720,False
ema_12_26_gap,1h,2025-10,-0.02473798,-0.02473798,744,False
ema_12_26_gap,1h,2025-11,-0.02096442,-0.02096442,720,False
ema_12_26_gap,1h,2025-12,-0.02513237,-0.02513237,744,False
ema_12_26_gap,1h,2026-01,-0.01737521,-0.01737521,744,False
ema_12_26_gap,1h,2026-02,-0.01550548,-0.01550548,672,False
ema_12_26_gap,1h,2026-03,-0.0086345,-0.0086345,744,False
ema_12_26_gap,1h,2026-04,-0.01608978,-0.01608978,720,False
ema_12_26_gap,1h,2026-05,-0.00868235,-0.00868235,744,False
ema_12_26_gap,1h,2026-06,0.00477195,0.00477195,288,True
ema_12_26_gap,24h,2024-06,0.03186274,0.03186274,718,True
ema_12_26_gap,24h,2024-07,-0.02525406,-0.02525406,744,False
ema_12_26_gap,24h,2024-08,0.02994704,0.02994704,744,True
ema_12_26_gap,24h,2024-09,-0.04650873,-0.04650873,720,False
ema_12_26_gap,24h,2024-10,-0.0708836,-0.0708836,744,False
ema_12_26_gap,24h,2024-11,-0.01019995,-0.01019995,720,True
ema_12_26_gap,24h,2024-12,-0.04162939,-0.04162939,744,False
ema_12_26_gap,24h,2025-01,0.04069302,0.04069302,744,True
ema_12_26_gap,24h,2025-02,-0.00812254,-0.00812254,672,False
ema_12_26_gap,24h,2025-03,-0.02846754,-0.02846754,744,False
ema_12_26_gap,24h,2025-04,-0.03759568,-0.03759568,720,False
ema_12_26_gap,24h,2025-05,-0.05086138,-0.05086138,744,False
ema_12_26_gap,24h,2025-06,-0.07537831,-0.07537831,720,False
ema_12_26_gap,24h,2025-07,-0.04914737,-0.04914737,744,False
ema_12_26_gap,24h,2025-08,-0.05061567,-0.05061567,744,False
ema_12_26_gap,24h,2025-09,-0.03727543,-0.03727543,720,False
ema_12_26_gap,24h,2025-10,-0.05028716,-0.05028716,744,False
ema_12_26_gap,24h,2025-11,-0.03894821,-0.03894821,720,False
ema_12_26_gap,24h,2025-12,-0.04746707,-0.04746707,744,False
ema_12_26_gap,24h,2026-01,-0.01777758,-0.01777758,744,False
ema_12_26_gap,24h,2026-02,-0.03524749,-0.03524749,672,False
ema_12_26_gap,24h,2026-03,-0.01292114,-0.01292114,744,False
ema_12_26_gap,24h,2026-04,-0.06756038,-0.06756038,720,False
ema_12_26_gap,24h,2026-05,0.00125896,0.00125896,744,True
ema_12_26_gap,24h,2026-06,0.02321062,0.02321062,265,True
ema_12_26_gap,4h,2024-06,0.00859761,0.00859761,718,True
ema_12_26_gap,4h,2024-07,-0.01901881,-0.01901881,744,False
ema_12_26_gap,4h,2024-08,-0.0148667,-0.0148667,744,False
ema_12_26_gap,4h,2024-09,-0.01747492,-0.01747492,720,False
ema_12_26_gap,4h,2024-10,-0.04067097,-0.04067097,744,False
ema_12_26_gap,4h,2024-11,-0.02471064,-0.02471064,720,False
ema_12_26_gap,4h,2024-12,-0.03247553,-0.03247553,744,False
ema_12_26_gap,4h,2025-01,-0.00796065,-0.00796065,744,True
ema_12_26_gap,4h,2025-02,-0.01335109,-0.01335109,672,False
ema_12_26_gap,4h,2025-03,-0.02554992,-0.02554992,744,False
ema_12_26_gap,4h,2025-04,-0.01807021,-0.01807021,720,False
ema_12_26_gap,4h,2025-05,-0.03576563,-0.03576563,744,False
ema_12_26_gap,4h,2025-06,-0.04559784,-0.04559784,720,False
ema_12_26_gap,4h,2025-07,-0.02865153,-0.02865153,744,False
ema_12_26_gap,4h,2025-08,-0.01717637,-0.01717637,744,False
ema_12_26_gap,4h,2025-09,-0.02300816,-0.02300816,720,False
ema_12_26_gap,4h,2025-10,-0.0464238,-0.0464238,744,False
ema_12_26_gap,4h,2025-11,-0.03678058,-0.03678058,720,False
ema_12_26_gap,4h,2025-12,-0.04236761,-0.04236761,744,False
ema_12_26_gap,4h,2026-01,-0.02342816,-0.02342816,744,False
ema_12_26_gap,4h,2026-02,-0.03198226,-0.03198226,672,False
ema_12_26_gap,4h,2026-03,-0.01825798,-0.01825798,744,False
ema_12_26_gap,4h,2026-04,-0.03858213,-0.03858213,720,False
ema_12_26_gap,4h,2026-05,-0.01912495,-0.01912495,744,False
ema_12_26_gap,4h,2026-06,0.01442735,0.01442735,285,True
ema_12_26_gap,72h,2024-06,0.07335679,0.07335679,718,True
ema_12_26_gap,72h,2024-07,-0.05085303,-0.05085303,744,False
ema_12_26_gap,72h,2024-08,0.0196815,0.0196815,744,True
ema_12_26_gap,72h,2024-09,-0.05998755,-0.05998755,720,False
ema_12_26_gap,72h,2024-10,-0.09865623,-0.09865623,744,False
ema_12_26_gap,72h,2024-11,0.02659378,0.02659378,720,True
ema_12_26_gap,72h,2024-12,-0.03088737,-0.03088737,744,False
ema_12_26_gap,72h,2025-01,0.0501186,0.0501186,744,True
ema_12_26_gap,72h,2025-02,-0.05066737,-0.05066737,672,False
ema_12_26_gap,72h,2025-03,-0.00302326,-0.00302326,744,False
ema_12_26_gap,72h,2025-04,0.01999248,0.01999248,720,True
ema_12_26_gap,72h,2025-05,-0.04486736,-0.04486736,744,False
ema_12_26_gap,72h,2025-06,-0.10384024,-0.10384024,720,False
ema_12_26_gap,72h,2025-07,-0.03095524,-0.03095524,744,False
ema_12_26_gap,72h,2025-08,-0.03845295,-0.03845295,744,False
ema_12_26_gap,72h,2025-09,-0.01156388,-0.01156388,720,False
ema_12_26_gap,72h,2025-10,-0.01536767,-0.01536767,744,False
ema_12_26_gap,72h,2025-11,-0.00968183,-0.00968183,720,False
ema_12_26_gap,72h,2025-12,-0.03926927,-0.03926927,744,False
ema_12_26_gap,72h,2026-01,0.03550084,0.03550084,744,True
ema_12_26_gap,72h,2026-02,-0.00170447,-0.00170447,672,True
ema_12_26_gap,72h,2026-03,-0.00408794,-0.00408794,744,True
ema_12_26_gap,72h,2026-04,-0.04441658,-0.04441658,720,False
ema_12_26_gap,72h,2026-05,0.00294904,0.00294904,744,True
ema_12_26_gap,72h,2026-06,-0.03604075,-0.03604075,217,False
funding_rate_change_24h,1h,2024-06,-0.00207533,0.00207533,695,False
funding_rate_change_24h,1h,2024-07,0.00422932,-0.00422932,744,False
funding_rate_change_24h,1h,2024-08,0.00165236,-0.00165236,744,False
funding_rate_change_24h,1h,2024-09,0.00501937,-0.00501937,720,False
funding_rate_change_24h,1h,2024-10,0.00900261,-0.00900261,743,False
funding_rate_change_24h,1h,2024-11,0.00865385,-0.00865385,720,False
funding_rate_change_24h,1h,2024-12,0.00212989,-0.00212989,744,False
funding_rate_change_24h,1h,2025-01,0.00177027,-0.00177027,744,False
funding_rate_change_24h,1h,2025-02,0.00662761,-0.00662761,672,False
funding_rate_change_24h,1h,2025-03,-9.064e-05,9.064e-05,744,False
funding_rate_change_24h,1h,2025-04,-0.00089751,0.00089751,720,False
funding_rate_change_24h,1h,2025-05,-3.442e-05,3.442e-05,744,True
funding_rate_change_24h,1h,2025-06,-0.00047205,0.00047205,720,False
funding_rate_change_24h,1h,2025-07,0.00367605,-0.00367605,744,False
funding_rate_change_24h,1h,2025-08,0.01116999,-0.01116999,744,False
funding_rate_change_24h,1h,2025-09,0.00032747,-0.00032747,720,False
funding_rate_change_24h,1h,2025-10,0.00325666,-0.00325666,744,False
funding_rate_change_24h,1h,2025-11,0.00100599,-0.00100599,720,False
funding_rate_change_24h,1h,2025-12,0.00051983,-0.00051983,744,True
funding_rate_change_24h,1h,2026-01,0.00845095,-0.00845095,744,False
funding_rate_change_24h,1h,2026-02,0.00661416,-0.00661416,672,False
funding_rate_change_24h,1h,2026-03,-0.00413631,0.00413631,744,True
funding_rate_change_24h,1h,2026-04,-0.00386725,0.00386725,720,True
funding_rate_change_24h,1h,2026-05,-0.07326384,0.07326384,1,True
funding_rate_change_24h,24h,2024-06,0.01601668,-0.01601668,695,False
funding_rate_change_24h,24h,2024-07,0.01684645,-0.01684645,744,False
funding_rate_change_24h,24h,2024-08,-0.0102803,0.0102803,744,True
funding_rate_change_24h,24h,2024-09,0.02801234,-0.02801234,720,False
funding_rate_change_24h,24h,2024-10,0.00562462,-0.00562462,744,False
funding_rate_change_24h,24h,2024-11,0.0008317,-0.0008317,720,False
funding_rate_change_24h,24h,2024-12,-0.0229643,0.0229643,744,True
funding_rate_change_24h,24h,2025-01,0.00396544,-0.00396544,744,False
funding_rate_change_24h,24h,2025-02,0.01572555,-0.01572555,672,False
funding_rate_change_24h,24h,2025-03,0.00460594,-0.00460594,744,False
funding_rate_change_24h,24h,2025-04,-0.00149769,0.00149769,720,True
funding_rate_change_24h,24h,2025-05,0.00698219,-0.00698219,744,False
funding_rate_change_24h,24h,2025-06,0.01127255,-0.01127255,720,False
funding_rate_change_24h,24h,2025-07,0.0118329,-0.0118329,744,False
funding_rate_change_24h,24h,2025-08,0.01699689,-0.01699689,744,False
funding_rate_change_24h,24h,2025-09,0.01150575,-0.01150575,720,False
funding_rate_change_24h,24h,2025-10,0.01222339,-0.01222339,744,False
funding_rate_change_24h,24h,2025-11,0.01341091,-0.01341091,720,False
funding_rate_change_24h,24h,2025-12,0.01064685,-0.01064685,744,False
funding_rate_change_24h,24h,2026-01,0.01189893,-0.01189893,744,False
funding_rate_change_24h,24h,2026-02,-0.00053733,0.00053733,672,False
funding_rate_change_24h,24h,2026-03,-0.00422886,0.00422886,744,True
funding_rate_change_24h,24h,2026-04,-0.00297022,0.00297022,720,True
funding_rate_change_24h,24h,2026-05,0.0807495,-0.0807495,1,False
funding_rate_change_24h,4h,2024-06,0.00508812,-0.00508812,695,False
funding_rate_change_24h,4h,2024-07,0.01832131,-0.01832131,744,False
funding_rate_change_24h,4h,2024-08,0.00490597,-0.00490597,744,False
funding_rate_change_24h,4h,2024-09,0.00968966,-0.00968966,720,False
funding_rate_change_24h,4h,2024-10,0.01319806,-0.01319806,744,False
funding_rate_change_24h,4h,2024-11,0.0085276,-0.0085276,720,False
funding_rate_change_24h,4h,2024-12,-0.00133248,0.00133248,744,True
funding_rate_change_24h,4h,2025-01,0.00404614,-0.00404614,744,True
funding_rate_change_24h,4h,2025-02,0.0115805,-0.0115805,672,False
funding_rate_change_24h,4h,2025-03,-0.00062577,0.00062577,744,False
funding_rate_change_24h,4h,2025-04,-0.00331324,0.00331324,720,True
funding_rate_change_24h,4h,2025-05,-0.00232833,0.00232833,744,True
funding_rate_change_24h,4h,2025-06,0.0064114,-0.0064114,720,False
funding_rate_change_24h,4h,2025-07,0.00678347,-0.00678347,744,False
funding_rate_change_24h,4h,2025-08,0.01677049,-0.01677049,744,False
funding_rate_change_24h,4h,2025-09,-0.00135079,0.00135079,720,True
funding_rate_change_24h,4h,2025-10,0.00118665,-0.00118665,744,False
funding_rate_change_24h,4h,2025-11,0.00092347,-0.00092347,720,False
funding_rate_change_24h,4h,2025-12,0.00198185,-0.00198185,744,False
funding_rate_change_24h,4h,2026-01,0.02030343,-0.02030343,744,False
funding_rate_change_24h,4h,2026-02,0.01022783,-0.01022783,672,False
funding_rate_change_24h,4h,2026-03,-0.00153542,0.00153542,744,True
funding_rate_change_24h,4h,2026-04,-0.00991717,0.00991717,720,True
funding_rate_change_24h,4h,2026-05,-0.01988739,0.01988739,1,True
funding_rate_change_24h,72h,2024-06,0.01211956,-0.01211956,695,False
funding_rate_change_24h,72h,2024-07,0.02996654,-0.02996654,744,False
funding_rate_change_24h,72h,2024-08,0.0043611,-0.0043611,744,False
funding_rate_change_24h,72h,2024-09,0.01021311,-0.01021311,720,False
funding_rate_change_24h,72h,2024-10,0.00092483,-0.00092483,744,True
funding_rate_change_24h,72h,2024-11,0.00218821,-0.00218821,720,True
funding_rate_change_24h,72h,2024-12,-0.01401501,0.01401501,744,True
funding_rate_change_24h,72h,2025-01,-0.00171211,0.00171211,744,True
funding_rate_change_24h,72h,2025-02,-0.00469407,0.00469407,672,True
funding_rate_change_24h,72h,2025-03,-0.0024873,0.0024873,744,True
funding_rate_change_24h,72h,2025-04,-0.02033902,0.02033902,720,True
funding_rate_change_24h,72h,2025-05,0.0114534,-0.0114534,744,False
funding_rate_change_24h,72h,2025-06,0.00982254,-0.00982254,720,False
funding_rate_change_24h,72h,2025-07,-0.00049934,0.00049934,744,False
funding_rate_change_24h,72h,2025-08,-0.00806188,0.00806188,744,True
funding_rate_change_24h,72h,2025-09,0.00687703,-0.00687703,720,False
funding_rate_change_24h,72h,2025-10,-0.00283523,0.00283523,744,False
funding_rate_change_24h,72h,2025-11,0.00161097,-0.00161097,720,True
funding_rate_change_24h,72h,2025-12,0.00946664,-0.00946664,744,False
funding_rate_change_24h,72h,2026-01,0.00609725,-0.00609725,744,False
funding_rate_change_24h,72h,2026-02,-0.0128061,0.0128061,672,True
funding_rate_change_24h,72h,2026-03,-0.00104906,0.00104906,744,False
funding_rate_change_24h,72h,2026-04,-0.00160813,0.00160813,720,True
funding_rate_change_24h,72h,2026-05,-0.02439964,0.02439964,1,True
funding_rate_level_20h,1h,2024-06,0.02133841,-0.02133841,700,False
funding_rate_level_20h,1h,2024-07,0.01575015,-0.01575015,744,False
funding_rate_level_20h,1h,2024-08,0.00665656,-0.00665656,744,False
funding_rate_level_20h,1h,2024-09,0.0101838,-0.0101838,720,False
funding_rate_level_20h,1h,2024-10,0.01420283,-0.01420283,743,False
funding_rate_level_20h,1h,2024-11,5.865e-05,-5.865e-05,720,False
funding_rate_level_20h,1h,2024-12,0.00093368,-0.00093368,744,False
funding_rate_level_20h,1h,2025-01,0.01100035,-0.01100035,744,False
funding_rate_level_20h,1h,2025-02,0.0101379,-0.0101379,672,False
funding_rate_level_20h,1h,2025-03,0.01081936,-0.01081936,744,False
funding_rate_level_20h,1h,2025-04,0.01376934,-0.01376934,720,False
funding_rate_level_20h,1h,2025-05,0.0072335,-0.0072335,744,False
funding_rate_level_20h,1h,2025-06,0.01795357,-0.01795357,720,False
funding_rate_level_20h,1h,2025-07,0.01649655,-0.01649655,744,False
funding_rate_level_20h,1h,2025-08,0.01289325,-0.01289325,744,False
funding_rate_level_20h,1h,2025-09,0.01400674,-0.01400674,720,False
funding_rate_level_20h,1h,2025-10,0.00510452,-0.00510452,744,False
funding_rate_level_20h,1h,2025-11,0.0067878,-0.0067878,720,False
funding_rate_level_20h,1h,2025-12,0.01059001,-0.01059001,744,False
funding_rate_level_20h,1h,2026-01,0.00755402,-0.00755402,744,False
funding_rate_level_20h,1h,2026-02,0.01108021,-0.01108021,672,False
funding_rate_level_20h,1h,2026-03,0.00404322,-0.00404322,744,False
funding_rate_level_20h,1h,2026-04,0.00835836,-0.00835836,720,False
funding_rate_level_20h,1h,2026-05,0.04849645,-0.04849645,1,False
funding_rate_level_20h,24h,2024-06,0.06252363,-0.06252363,700,False
funding_rate_level_20h,24h,2024-07,0.03239697,-0.03239697,744,False
funding_rate_level_20h,24h,2024-08,0.02856804,-0.02856804,744,False
funding_rate_level_20h,24h,2024-09,0.01554493,-0.01554493,720,False
funding_rate_level_20h,24h,2024-10,0.0401059,-0.0401059,744,False
funding_rate_level_20h,24h,2024-11,-0.00651009,0.00651009,720,True
funding_rate_level_20h,24h,2024-12,0.00585674,-0.00585674,744,False
funding_rate_level_20h,24h,2025-01,0.03136143,-0.03136143,744,False
funding_rate_level_20h,24h,2025-02,0.00876619,-0.00876619,672,False
funding_rate_level_20h,24h,2025-03,0.03475456,-0.03475456,744,False
funding_rate_level_20h,24h,2025-04,0.0344555,-0.0344555,720,False
funding_rate_level_20h,24h,2025-05,0.03462474,-0.03462474,744,False
funding_rate_level_20h,24h,2025-06,0.06366032,-0.06366032,720,False
funding_rate_level_20h,24h,2025-07,0.05763642,-0.05763642,744,False
funding_rate_level_20h,24h,2025-08,0.04521413,-0.04521413,744,False
funding_rate_level_20h,24h,2025-09,0.03976603,-0.03976603,720,False
funding_rate_level_20h,24h,2025-10,0.02696118,-0.02696118,744,False
funding_rate_level_20h,24h,2025-11,0.02693753,-0.02693753,720,False
funding_rate_level_20h,24h,2025-12,0.0546479,-0.0546479,744,False
funding_rate_level_20h,24h,2026-01,0.0306758,-0.0306758,744,False
funding_rate_level_20h,24h,2026-02,0.0513659,-0.0513659,672,False
funding_rate_level_20h,24h,2026-03,0.01959381,-0.01959381,744,False
funding_rate_level_20h,24h,2026-04,0.05453676,-0.05453676,720,False
funding_rate_level_20h,24h,2026-05,0.05423827,-0.05423827,1,False
funding_rate_level_20h,4h,2024-06,0.03469276,-0.03469276,700,False
funding_rate_level_20h,4h,2024-07,0.0218401,-0.0218401,744,False
funding_rate_level_20h,4h,2024-08,0.01072759,-0.01072759,744,False
funding_rate_level_20h,4h,2024-09,0.01737615,-0.01737615,720,False
funding_rate_level_20h,4h,2024-10,0.0226807,-0.0226807,744,False
funding_rate_level_20h,4h,2024-11,0.00266806,-0.00266806,720,False
funding_rate_level_20h,4h,2024-12,-0.00234078,0.00234078,744,False
funding_rate_level_20h,4h,2025-01,0.01896545,-0.01896545,744,False
funding_rate_level_20h,4h,2025-02,0.01619771,-0.01619771,672,False
funding_rate_level_20h,4h,2025-03,0.02146893,-0.02146893,744,False
funding_rate_level_20h,4h,2025-04,0.02216423,-0.02216423,720,False
funding_rate_level_20h,4h,2025-05,0.01304751,-0.01304751,744,False
funding_rate_level_20h,4h,2025-06,0.03188154,-0.03188154,720,False
funding_rate_level_20h,4h,2025-07,0.03305108,-0.03305108,744,False
funding_rate_level_20h,4h,2025-08,0.02591134,-0.02591134,744,False
funding_rate_level_20h,4h,2025-09,0.02466258,-0.02466258,720,False
funding_rate_level_20h,4h,2025-10,0.01025521,-0.01025521,744,False
funding_rate_level_20h,4h,2025-11,0.01328792,-0.01328792,720,False
funding_rate_level_20h,4h,2025-12,0.02224561,-0.02224561,744,False
funding_rate_level_20h,4h,2026-01,0.01481774,-0.01481774,744,False
funding_rate_level_20h,4h,2026-02,0.02552851,-0.02552851,672,False
funding_rate_level_20h,4h,2026-03,0.01024998,-0.01024998,744,False
funding_rate_level_20h,4h,2026-04,0.02036955,-0.02036955,720,False
funding_rate_level_20h,4h,2026-05,-0.04768254,0.04768254,1,True
funding_rate_level_20h,72h,2024-06,0.09654461,-0.09654461,700,False
funding_rate_level_20h,72h,2024-07,0.03552223,-0.03552223,744,False
funding_rate_level_20h,72h,2024-08,0.02961593,-0.02961593,744,False
funding_rate_level_20h,72h,2024-09,0.01481592,-0.01481592,720,False
funding_rate_level_20h,72h,2024-10,0.05013777,-0.05013777,744,False
funding_rate_level_20h,72h,2024-11,-0.01104127,0.01104127,720,True
funding_rate_level_20h,72h,2024-12,0.02887166,-0.02887166,744,False
funding_rate_level_20h,72h,2025-01,0.06327304,-0.06327304,744,False
funding_rate_level_20h,72h,2025-02,7.022e-05,-7.022e-05,672,True
funding_rate_level_20h,72h,2025-03,0.03407635,-0.03407635,744,False
funding_rate_level_20h,72h,2025-04,0.05897411,-0.05897411,720,False
funding_rate_level_20h,72h,2025-05,0.03510091,-0.03510091,744,False
funding_rate_level_20h,72h,2025-06,0.08243749,-0.08243749,720,False
funding_rate_level_20h,72h,2025-07,0.08426255,-0.08426255,744,False
funding_rate_level_20h,72h,2025-08,0.05336893,-0.05336893,744,False
funding_rate_level_20h,72h,2025-09,0.0228217,-0.0228217,720,False
funding_rate_level_20h,72h,2025-10,0.04010782,-0.04010782,744,False
funding_rate_level_20h,72h,2025-11,0.02287336,-0.02287336,720,False
funding_rate_level_20h,72h,2025-12,0.06028258,-0.06028258,744,False
funding_rate_level_20h,72h,2026-01,0.04686054,-0.04686054,744,False
funding_rate_level_20h,72h,2026-02,0.05930912,-0.05930912,672,False
funding_rate_level_20h,72h,2026-03,0.02875133,-0.02875133,744,False
funding_rate_level_20h,72h,2026-04,0.08939918,-0.08939918,720,False
funding_rate_level_20h,72h,2026-05,0.10301043,-0.10301043,1,False
funding_rate_zscore_80h,1h,2024-06,-0.00193462,0.00193462,640,False
funding_rate_zscore_80h,1h,2024-07,0.00901634,-0.00901634,744,False
funding_rate_zscore_80h,1h,2024-08,0.00572283,-0.00572283,744,False
funding_rate_zscore_80h,1h,2024-09,0.00861844,-0.00861844,720,False
funding_rate_zscore_80h,1h,2024-10,0.01132878,-0.01132878,743,False
funding_rate_zscore_80h,1h,2024-11,0.01356058,-0.01356058,720,False
funding_rate_zscore_80h,1h,2024-12,0.00385547,-0.00385547,744,False
funding_rate_zscore_80h,1h,2025-01,0.01422841,-0.01422841,744,False
funding_rate_zscore_80h,1h,2025-02,0.01113847,-0.01113847,672,False
funding_rate_zscore_80h,1h,2025-03,0.0036077,-0.0036077,744,False
funding_rate_zscore_80h,1h,2025-04,-0.00088617,0.00088617,720,True
funding_rate_zscore_80h,1h,2025-05,0.00032508,-0.00032508,744,False
funding_rate_zscore_80h,1h,2025-06,0.00673094,-0.00673094,720,False
funding_rate_zscore_80h,1h,2025-07,0.0039217,-0.0039217,744,False
funding_rate_zscore_80h,1h,2025-08,0.0136094,-0.0136094,744,False
funding_rate_zscore_80h,1h,2025-09,0.00655135,-0.00655135,720,False
funding_rate_zscore_80h,1h,2025-10,0.00408519,-0.00408519,744,False
funding_rate_zscore_80h,1h,2025-11,0.00131747,-0.00131747,720,False
funding_rate_zscore_80h,1h,2025-12,-0.00183161,0.00183161,744,True
funding_rate_zscore_80h,1h,2026-01,0.0099106,-0.0099106,744,False
funding_rate_zscore_80h,1h,2026-02,0.00400957,-0.00400957,672,False
funding_rate_zscore_80h,1h,2026-03,-0.00368904,0.00368904,744,True
funding_rate_zscore_80h,1h,2026-04,-0.0038257,0.0038257,720,True
funding_rate_zscore_80h,1h,2026-05,-0.14775061,0.14775061,1,True
funding_rate_zscore_80h,24h,2024-06,0.00928642,-0.00928642,640,False
funding_rate_zscore_80h,24h,2024-07,0.04082184,-0.04082184,744,False
funding_rate_zscore_80h,24h,2024-08,0.00922327,-0.00922327,744,False
funding_rate_zscore_80h,24h,2024-09,0.04396587,-0.04396587,720,False
funding_rate_zscore_80h,24h,2024-10,0.02929294,-0.02929294,744,False
funding_rate_zscore_80h,24h,2024-11,0.02361439,-0.02361439,720,False
funding_rate_zscore_80h,24h,2024-12,-0.00880218,0.00880218,744,True
funding_rate_zscore_80h,24h,2025-01,0.04552013,-0.04552013,744,False
funding_rate_zscore_80h,24h,2025-02,0.02525597,-0.02525597,672,False
funding_rate_zscore_80h,24h,2025-03,0.01119513,-0.01119513,744,False
funding_rate_zscore_80h,24h,2025-04,-0.01511352,0.01511352,720,True
funding_rate_zscore_80h,24h,2025-05,0.01315575,-0.01315575,744,False
funding_rate_zscore_80h,24h,2025-06,0.02808807,-0.02808807,720,False
funding_rate_zscore_80h,24h,2025-07,0.01922612,-0.01922612,744,False
funding_rate_zscore_80h,24h,2025-08,0.01779511,-0.01779511,744,False
funding_rate_zscore_80h,24h,2025-09,0.01294498,-0.01294498,720,False
funding_rate_zscore_80h,24h,2025-10,-0.00135668,0.00135668,744,True
funding_rate_zscore_80h,24h,2025-11,0.0106961,-0.0106961,720,False
funding_rate_zscore_80h,24h,2025-12,0.00048711,-0.00048711,744,True
funding_rate_zscore_80h,24h,2026-01,0.01571966,-0.01571966,744,False
funding_rate_zscore_80h,24h,2026-02,-0.01446972,0.01446972,672,True
funding_rate_zscore_80h,24h,2026-03,-0.00292675,0.00292675,744,True
funding_rate_zscore_80h,24h,2026-04,0.00196134,-0.00196134,720,False
funding_rate_zscore_80h,24h,2026-05,-0.02789321,0.02789321,1,True
funding_rate_zscore_80h,4h,2024-06,-0.00413488,0.00413488,640,False
funding_rate_zscore_80h,4h,2024-07,0.02864044,-0.02864044,744,False
funding_rate_zscore_80h,4h,2024-08,0.01623867,-0.01623867,744,False
funding_rate_zscore_80h,4h,2024-09,0.02013625,-0.02013625,720,False
funding_rate_zscore_80h,4h,2024-10,0.01858088,-0.01858088,744,False
funding_rate_zscore_80h,4h,2024-11,0.01858698,-0.01858698,720,False
funding_rate_zscore_80h,4h,2024-12,0.00408819,-0.00408819,744,False
funding_rate_zscore_80h,4h,2025-01,0.02297238,-0.02297238,744,False
funding_rate_zscore_80h,4h,2025-02,0.01872459,-0.01872459,672,False
funding_rate_zscore_80h,4h,2025-03,0.00415305,-0.00415305,744,False
funding_rate_zscore_80h,4h,2025-04,-0.00610529,0.00610529,720,True
funding_rate_zscore_80h,4h,2025-05,0.00122196,-0.00122196,744,True
funding_rate_zscore_80h,4h,2025-06,0.01108609,-0.01108609,720,False
funding_rate_zscore_80h,4h,2025-07,0.00576008,-0.00576008,744,False
funding_rate_zscore_80h,4h,2025-08,0.02282957,-0.02282957,744,False
funding_rate_zscore_80h,4h,2025-09,0.01022547,-0.01022547,720,False
funding_rate_zscore_80h,4h,2025-10,-0.00228449,0.00228449,744,True
funding_rate_zscore_80h,4h,2025-11,0.00317283,-0.00317283,720,False
funding_rate_zscore_80h,4h,2025-12,-0.00524846,0.00524846,744,False
funding_rate_zscore_80h,4h,2026-01,0.02071664,-0.02071664,744,False
funding_rate_zscore_80h,4h,2026-02,0.00373614,-0.00373614,672,False
funding_rate_zscore_80h,4h,2026-03,-0.00248275,0.00248275,744,True
funding_rate_zscore_80h,4h,2026-04,-0.00768261,0.00768261,720,True
funding_rate_zscore_80h,4h,2026-05,-0.19892386,0.19892386,1,True
funding_rate_zscore_80h,72h,2024-06,0.01334945,-0.01334945,640,False
funding_rate_zscore_80h,72h,2024-07,0.05385378,-0.05385378,744,False
funding_rate_zscore_80h,72h,2024-08,0.0133966,-0.0133966,744,False
funding_rate_zscore_80h,72h,2024-09,0.03263611,-0.03263611,720,False
funding_rate_zscore_80h,72h,2024-10,0.01426748,-0.01426748,744,False
funding_rate_zscore_80h,72h,2024-11,0.04724662,-0.04724662,720,False
funding_rate_zscore_80h,72h,2024-12,-0.01305268,0.01305268,744,True
funding_rate_zscore_80h,72h,2025-01,0.06455562,-0.06455562,744,False
funding_rate_zscore_80h,72h,2025-02,-0.00527041,0.00527041,672,True
funding_rate_zscore_80h,72h,2025-03,-0.00227962,0.00227962,744,False
funding_rate_zscore_80h,72h,2025-04,-0.03335804,0.03335804,720,True
funding_rate_zscore_80h,72h,2025-05,0.01303325,-0.01303325,744,False
funding_rate_zscore_80h,72h,2025-06,0.01672436,-0.01672436,720,False
funding_rate_zscore_80h,72h,2025-07,0.01054793,-0.01054793,744,False
funding_rate_zscore_80h,72h,2025-08,-0.00964427,0.00964427,744,True
funding_rate_zscore_80h,72h,2025-09,0.00603042,-0.00603042,720,False
funding_rate_zscore_80h,72h,2025-10,-0.0128056,0.0128056,744,True
funding_rate_zscore_80h,72h,2025-11,-0.006363,0.006363,720,True
funding_rate_zscore_80h,72h,2025-12,-0.00602767,0.00602767,744,True
funding_rate_zscore_80h,72h,2026-01,0.01039674,-0.01039674,744,False
funding_rate_zscore_80h,72h,2026-02,-0.03452431,0.03452431,672,True
funding_rate_zscore_80h,72h,2026-03,0.00074762,-0.00074762,744,True
funding_rate_zscore_80h,72h,2026-04,-0.02061349,0.02061349,720,True
funding_rate_zscore_80h,72h,2026-05,-0.14612102,0.14612102,1,True
intraday_ret,1h,2024-06,-0.012041,-0.012041,719,False
intraday_ret,1h,2024-07,-0.00892808,-0.00892808,744,False
intraday_ret,1h,2024-08,-0.03559277,-0.03559277,744,False
intraday_ret,1h,2024-09,-0.05518316,-0.05518316,720,False
intraday_ret,1h,2024-10,-0.05103519,-0.05103519,742,False
intraday_ret,1h,2024-11,-0.03782387,-0.03782387,720,False
intraday_ret,1h,2024-12,-0.05646415,-0.05646415,744,False
intraday_ret,1h,2025-01,-0.03418207,-0.03418207,744,False
intraday_ret,1h,2025-02,-0.03171215,-0.03171215,672,False
intraday_ret,1h,2025-03,-0.0256194,-0.0256194,744,False
intraday_ret,1h,2025-04,-0.04804917,-0.04804917,720,False
intraday_ret,1h,2025-05,-0.04179233,-0.04179233,744,False
intraday_ret,1h,2025-06,-0.02247718,-0.02247718,720,False
intraday_ret,1h,2025-07,-0.04070152,-0.04070152,744,False
intraday_ret,1h,2025-08,-0.04966728,-0.04966728,744,False
intraday_ret,1h,2025-09,-0.03329619,-0.03329619,720,False
intraday_ret,1h,2025-10,-0.03989084,-0.03989084,744,False
intraday_ret,1h,2025-11,-0.04359897,-0.04359897,720,False
intraday_ret,1h,2025-12,-0.03317203,-0.03317203,744,False
intraday_ret,1h,2026-01,-0.04153783,-0.04153783,744,False
intraday_ret,1h,2026-02,-0.03149545,-0.03149545,672,False
intraday_ret,1h,2026-03,-0.02369759,-0.02369759,744,False
intraday_ret,1h,2026-04,-0.02976385,-0.02976385,720,False
intraday_ret,1h,2026-05,-0.04302162,-0.04302162,744,False
intraday_ret,1h,2026-06,-0.05024992,-0.05024992,288,False
intraday_ret,24h,2024-06,0.00413697,0.00413697,719,True
intraday_ret,24h,2024-07,-0.00445045,-0.00445045,744,False
intraday_ret,24h,2024-08,-0.00970981,-0.00970981,744,False
intraday_ret,24h,2024-09,-0.01102051,-0.01102051,720,False
intraday_ret,24h,2024-10,-0.01500509,-0.01500509,743,False
intraday_ret,24h,2024-11,-0.00885546,-0.00885546,720,False
intraday_ret,24h,2024-12,-0.02344685,-0.02344685,744,False
intraday_ret,24h,2025-01,0.00064648,0.00064648,744,False
intraday_ret,24h,2025-02,-0.00340706,-0.00340706,672,False
intraday_ret,24h,2025-03,-0.00890248,-0.00890248,744,False
intraday_ret,24h,2025-04,-0.01322708,-0.01322708,720,False
intraday_ret,24h,2025-05,-0.01487215,-0.01487215,744,False
intraday_ret,24h,2025-06,-0.01039247,-0.01039247,720,False
intraday_ret,24h,2025-07,-0.01292879,-0.01292879,744,False
intraday_ret,24h,2025-08,-0.00700488,-0.00700488,744,True
intraday_ret,24h,2025-09,-0.01016947,-0.01016947,720,False
intraday_ret,24h,2025-10,-0.0147239,-0.0147239,744,False
intraday_ret,24h,2025-11,-0.01370124,-0.01370124,720,False
intraday_ret,24h,2025-12,-0.01782032,-0.01782032,744,False
intraday_ret,24h,2026-01,-0.01217672,-0.01217672,744,False
intraday_ret,24h,2026-02,-0.02015851,-0.02015851,672,False
intraday_ret,24h,2026-03,-0.02087705,-0.02087705,744,False
intraday_ret,24h,2026-04,-0.02483955,-0.02483955,720,False
intraday_ret,24h,2026-05,-0.01552822,-0.01552822,744,False
intraday_ret,24h,2026-06,-0.00659748,-0.00659748,265,False
intraday_ret,4h,2024-06,-0.01691076,-0.01691076,719,False
intraday_ret,4h,2024-07,-0.01345403,-0.01345403,744,False
intraday_ret,4h,2024-08,-0.03272109,-0.03272109,744,False
intraday_ret,4h,2024-09,-0.04046953,-0.04046953,720,False
intraday_ret,4h,2024-10,-0.03965929,-0.03965929,743,False
intraday_ret,4h,2024-11,-0.02415235,-0.02415235,720,False
intraday_ret,4h,2024-12,-0.05574011,-0.05574011,744,False
intraday_ret,4h,2025-01,-0.00447308,-0.00447308,744,False
intraday_ret,4h,2025-02,-0.00514446,-0.00514446,672,False
intraday_ret,4h,2025-03,-0.02585249,-0.02585249,744,False
intraday_ret,4h,2025-04,-0.03856138,-0.03856138,720,False
intraday_ret,4h,2025-05,-0.01196747,-0.01196747,744,False
intraday_ret,4h,2025-06,-0.02923408,-0.02923408,720,False
intraday_ret,4h,2025-07,-0.03555324,-0.03555324,744,False
intraday_ret,4h,2025-08,-0.0417733,-0.0417733,744,False
intraday_ret,4h,2025-09,-0.02791776,-0.02791776,720,False
intraday_ret,4h,2025-10,-0.0249538,-0.0249538,744,False
intraday_ret,4h,2025-11,-0.02987219,-0.02987219,720,False
intraday_ret,4h,2025-12,-0.03454122,-0.03454122,744,False
intraday_ret,4h,2026-01,-0.02934392,-0.02934392,744,False
intraday_ret,4h,2026-02,-0.01806066,-0.01806066,672,False
intraday_ret,4h,2026-03,-0.02685014,-0.02685014,744,False
intraday_ret,4h,2026-04,-0.02988452,-0.02988452,720,False
intraday_ret,4h,2026-05,-0.03244432,-0.03244432,744,False
intraday_ret,4h,2026-06,-0.03821144,-0.03821144,285,False
intraday_ret,72h,2024-06,0.02098062,0.02098062,719,True
intraday_ret,72h,2024-07,0.00213334,0.00213334,744,True
intraday_ret,72h,2024-08,0.00169635,0.00169635,744,False
intraday_ret,72h,2024-09,-0.00716708,-0.00716708,720,False
intraday_ret,72h,2024-10,-0.0111014,-0.0111014,743,False
intraday_ret,72h,2024-11,0.00777312,0.00777312,720,True
intraday_ret,72h,2024-12,-0.01480299,-0.01480299,744,False
intraday_ret,72h,2025-01,0.01757646,0.01757646,744,True
intraday_ret,72h,2025-02,-0.0071307,-0.0071307,672,False
intraday_ret,72h,2025-03,-0.0042009,-0.0042009,744,False
intraday_ret,72h,2025-04,-0.00997969,-0.00997969,720,False
intraday_ret,72h,2025-05,-0.00877053,-0.00877053,744,False
intraday_ret,72h,2025-06,-0.01819105,-0.01819105,720,False
intraday_ret,72h,2025-07,-0.00753947,-0.00753947,744,False
intraday_ret,72h,2025-08,-0.01354373,-0.01354373,744,False
intraday_ret,72h,2025-09,-0.00347254,-0.00347254,720,False
intraday_ret,72h,2025-10,-0.00601998,-0.00601998,744,False
intraday_ret,72h,2025-11,-0.00216092,-0.00216092,720,False
intraday_ret,72h,2025-12,-0.01166746,-0.01166746,744,False
intraday_ret,72h,2026-01,-0.00220778,-0.00220778,744,False
intraday_ret,72h,2026-02,-0.00757775,-0.00757775,672,False
intraday_ret,72h,2026-03,-0.00878389,-0.00878389,744,False
intraday_ret,72h,2026-04,-0.01280284,-0.01280284,720,False
intraday_ret,72h,2026-05,-0.00454759,-0.00454759,744,False
intraday_ret,72h,2026-06,0.00294454,0.00294454,217,False
klow_close,1h,2024-06,-0.03281334,-0.03281334,719,False
klow_close,1h,2024-07,-0.03679087,-0.03679087,744,False
klow_close,1h,2024-08,-0.04177938,-0.04177938,744,False
klow_close,1h,2024-09,-0.02535075,-0.02535075,720,False
klow_close,1h,2024-10,-0.02990761,-0.02990761,742,False
klow_close,1h,2024-11,-0.01801276,-0.01801276,720,False
klow_close,1h,2024-12,-0.01495053,-0.01495053,744,False
klow_close,1h,2025-01,-0.04099966,-0.04099966,744,False
klow_close,1h,2025-02,-0.03333001,-0.03333001,672,False
klow_close,1h,2025-03,-0.022231,-0.022231,744,False
klow_close,1h,2025-04,-0.01528909,-0.01528909,720,False
klow_close,1h,2025-05,-0.03083259,-0.03083259,744,False
klow_close,1h,2025-06,-0.02511625,-0.02511625,720,False
klow_close,1h,2025-07,-0.03403887,-0.03403887,744,False
klow_close,1h,2025-08,-0.02630572,-0.02630572,744,False
klow_close,1h,2025-09,-0.03194452,-0.03194452,720,False
klow_close,1h,2025-10,-0.02575742,-0.02575742,744,False
klow_close,1h,2025-11,-0.02753094,-0.02753094,720,False
klow_close,1h,2025-12,-0.02690728,-0.02690728,744,False
klow_close,1h,2026-01,-0.0197153,-0.0197153,744,False
klow_close,1h,2026-02,-0.02109667,-0.02109667,672,False
klow_close,1h,2026-03,-0.01646985,-0.01646985,744,False
klow_close,1h,2026-04,-0.02891526,-0.02891526,720,False
klow_close,1h,2026-05,-0.03010739,-0.03010739,744,False
klow_close,1h,2026-06,-0.0204368,-0.0204368,288,False
klow_close,24h,2024-06,-0.07968401,-0.07968401,719,False
klow_close,24h,2024-07,-0.05245944,-0.05245944,744,False
klow_close,24h,2024-08,-0.063329,-0.063329,744,False
klow_close,24h,2024-09,-0.01482189,-0.01482189,720,False
klow_close,24h,2024-10,-0.05603784,-0.05603784,743,False
klow_close,24h,2024-11,-0.03910468,-0.03910468,720,False
klow_close,24h,2024-12,-0.04486887,-0.04486887,744,False
klow_close,24h,2025-01,-0.0796182,-0.0796182,744,False
klow_close,24h,2025-02,-0.05482527,-0.05482527,672,False
klow_close,24h,2025-03,-0.05271237,-0.05271237,744,False
klow_close,24h,2025-04,-0.01557806,-0.01557806,720,False
klow_close,24h,2025-05,-0.05764539,-0.05764539,744,False
klow_close,24h,2025-06,-0.04496424,-0.04496424,720,False
klow_close,24h,2025-07,-0.0454279,-0.0454279,744,False
klow_close,24h,2025-08,-0.04722088,-0.04722088,744,False
klow_close,24h,2025-09,-0.03842591,-0.03842591,720,False
klow_close,24h,2025-10,-0.04920379,-0.04920379,744,False
klow_close,24h,2025-11,-0.06195737,-0.06195737,720,False
klow_close,24h,2025-12,-0.03584382,-0.03584382,744,False
klow_close,24h,2026-01,-0.05244166,-0.05244166,744,False
klow_close,24h,2026-02,-0.03132726,-0.03132726,672,False
klow_close,24h,2026-03,-0.02906395,-0.02906395,744,False
klow_close,24h,2026-04,-0.04095137,-0.04095137,720,False
klow_close,24h,2026-05,-0.0441639,-0.0441639,744,False
klow_close,24h,2026-06,-0.01604144,-0.01604144,265,False
klow_close,4h,2024-06,-0.03082397,-0.03082397,719,False
klow_close,4h,2024-07,-0.0383542,-0.0383542,744,False
klow_close,4h,2024-08,-0.04290068,-0.04290068,744,False
klow_close,4h,2024-09,-0.0285896,-0.0285896,720,False
klow_close,4h,2024-10,-0.03413841,-0.03413841,743,False
klow_close,4h,2024-11,-0.0222179,-0.0222179,720,False
klow_close,4h,2024-12,-0.03716257,-0.03716257,744,False
klow_close,4h,2025-01,-0.04749008,-0.04749008,744,False
klow_close,4h,2025-02,-0.04409598,-0.04409598,672,False
klow_close,4h,2025-03,-0.03174697,-0.03174697,744,False
klow_close,4h,2025-04,-0.0169584,-0.0169584,720,False
klow_close,4h,2025-05,-0.04123993,-0.04123993,744,False
klow_close,4h,2025-06,-0.03178492,-0.03178492,720,False
klow_close,4h,2025-07,-0.03709301,-0.03709301,744,False
klow_close,4h,2025-08,-0.03143396,-0.03143396,744,False
klow_close,4h,2025-09,-0.02741116,-0.02741116,720,False
klow_close,4h,2025-10,-0.02764184,-0.02764184,744,False
klow_close,4h,2025-11,-0.03971422,-0.03971422,720,False
klow_close,4h,2025-12,-0.03400374,-0.03400374,744,False
klow_close,4h,2026-01,-0.02655489,-0.02655489,744,False
klow_close,4h,2026-02,-0.02523545,-0.02523545,672,False
klow_close,4h,2026-03,-0.02076659,-0.02076659,744,False
klow_close,4h,2026-04,-0.02998348,-0.02998348,720,False
klow_close,4h,2026-05,-0.03646218,-0.03646218,744,False
klow_close,4h,2026-06,-0.01720389,-0.01720389,285,False
klow_close,72h,2024-06,-0.10748205,-0.10748205,719,False
klow_close,72h,2024-07,-0.07067931,-0.07067931,744,False
klow_close,72h,2024-08,-0.06869969,-0.06869969,744,False
klow_close,72h,2024-09,0.00161657,0.00161657,720,False
klow_close,72h,2024-10,-0.0652113,-0.0652113,743,False
klow_close,72h,2024-11,-0.02678041,-0.02678041,720,False
klow_close,72h,2024-12,-0.04872527,-0.04872527,744,False
klow_close,72h,2025-01,-0.118932,-0.118932,744,False
klow_close,72h,2025-02,-0.03885696,-0.03885696,672,False
klow_close,72h,2025-03,-0.08064201,-0.08064201,744,False
klow_close,72h,2025-04,0.00375251,0.00375251,720,True
klow_close,72h,2025-05,-0.06318136,-0.06318136,744,False
klow_close,72h,2025-06,-0.07127995,-0.07127995,720,False
klow_close,72h,2025-07,-0.06121644,-0.06121644,744,False
klow_close,72h,2025-08,-0.05490035,-0.05490035,744,False
klow_close,72h,2025-09,-0.03926022,-0.03926022,720,False
klow_close,72h,2025-10,-0.05725246,-0.05725246,744,False
klow_close,72h,2025-11,-0.06751904,-0.06751904,720,False
klow_close,72h,2025-12,-0.03137251,-0.03137251,744,False
klow_close,72h,2026-01,-0.07594122,-0.07594122,744,False
klow_close,72h,2026-02,-0.0350541,-0.0350541,672,False
klow_close,72h,2026-03,-0.04600692,-0.04600692,744,False
klow_close,72h,2026-04,-0.0388799,-0.0388799,720,False
klow_close,72h,2026-05,-0.05102361,-0.05102361,744,False
klow_close,72h,2026-06,-0.03600262,-0.03600262,217,False
ksft_5h,1h,2024-06,0.00140536,0.00140536,714,True
ksft_5h,1h,2024-07,-0.00292354,-0.00292354,744,False
ksft_5h,1h,2024-08,-0.00841457,-0.00841457,744,False
ksft_5h,1h,2024-09,-0.00260101,-0.00260101,720,False
ksft_5h,1h,2024-10,-0.00648492,-0.00648492,743,False
ksft_5h,1h,2024-11,-0.00499449,-0.00499449,720,False
ksft_5h,1h,2024-12,-0.00065662,-0.00065662,744,False
ksft_5h,1h,2025-01,-0.00785842,-0.00785842,744,False
ksft_5h,1h,2025-02,-0.0053815,-0.0053815,672,False
ksft_5h,1h,2025-03,-0.00825367,-0.00825367,744,False
ksft_5h,1h,2025-04,-0.00768102,-0.00768102,720,False
ksft_5h,1h,2025-05,-0.00196191,-0.00196191,744,False
ksft_5h,1h,2025-06,0.00624352,0.00624352,720,True
ksft_5h,1h,2025-07,-0.01080618,-0.01080618,744,False
ksft_5h,1h,2025-08,-0.00540766,-0.00540766,744,False
ksft_5h,1h,2025-09,-0.0019738,-0.0019738,720,False
ksft_5h,1h,2025-10,-0.01425301,-0.01425301,744,False
ksft_5h,1h,2025-11,-0.00654625,-0.00654625,720,False
ksft_5h,1h,2025-12,-0.01455505,-0.01455505,744,False
ksft_5h,1h,2026-01,-0.00891421,-0.00891421,744,False
ksft_5h,1h,2026-02,-0.00177192,-0.00177192,672,False
ksft_5h,1h,2026-03,-0.00189118,-0.00189118,744,True
ksft_5h,1h,2026-04,0.00256615,0.00256615,720,True
ksft_5h,1h,2026-05,-0.00629003,-0.00629003,744,False
ksft_5h,1h,2026-06,-0.00283596,-0.00283596,288,False
ksft_5h,24h,2024-06,-0.02034618,-0.02034618,714,False
ksft_5h,24h,2024-07,-0.01186084,-0.01186084,744,False
ksft_5h,24h,2024-08,0.00548022,0.00548022,744,True
ksft_5h,24h,2024-09,0.00887554,0.00887554,720,True
ksft_5h,24h,2024-10,0.00580276,0.00580276,744,True
ksft_5h,24h,2024-11,-0.02398785,-0.02398785,720,False
ksft_5h,24h,2024-12,-0.00933429,-0.00933429,744,False
ksft_5h,24h,2025-01,-0.00681874,-0.00681874,744,False
ksft_5h,24h,2025-02,-0.01591764,-0.01591764,672,False
ksft_5h,24h,2025-03,-0.0115128,-0.0115128,744,False
ksft_5h,24h,2025-04,-0.0082423,-0.0082423,720,False
ksft_5h,24h,2025-05,-0.00451564,-0.00451564,744,False
ksft_5h,24h,2025-06,-0.00762149,-0.00762149,720,False
ksft_5h,24h,2025-07,-0.00852831,-0.00852831,744,False
ksft_5h,24h,2025-08,0.00132742,0.00132742,744,True
ksft_5h,24h,2025-09,0.00618774,0.00618774,720,True
ksft_5h,24h,2025-10,-0.01368252,-0.01368252,744,False
ksft_5h,24h,2025-11,-0.00752867,-0.00752867,720,False
ksft_5h,24h,2025-12,-0.0279923,-0.0279923,744,False
ksft_5h,24h,2026-01,-0.01769075,-0.01769075,744,False
ksft_5h,24h,2026-02,-0.00570302,-0.00570302,672,False
ksft_5h,24h,2026-03,0.00336036,0.00336036,744,True
ksft_5h,24h,2026-04,-0.00218556,-0.00218556,720,False
ksft_5h,24h,2026-05,-0.00859422,-0.00859422,744,False
ksft_5h,24h,2026-06,-0.00011357,-0.00011357,265,False
ksft_5h,4h,2024-06,-0.00278361,-0.00278361,714,True
ksft_5h,4h,2024-07,-0.00367362,-0.00367362,744,True
ksft_5h,4h,2024-08,-0.0021603,-0.0021603,744,False
ksft_5h,4h,2024-09,0.00505621,0.00505621,720,True
ksft_5h,4h,2024-10,-0.00611731,-0.00611731,744,False
ksft_5h,4h,2024-11,-0.00792998,-0.00792998,720,False
ksft_5h,4h,2024-12,-0.0012329,-0.0012329,744,False
ksft_5h,4h,2025-01,-0.00837167,-0.00837167,744,False
ksft_5h,4h,2025-02,-0.01001722,-0.01001722,672,False
ksft_5h,4h,2025-03,0.00222695,0.00222695,744,True
ksft_5h,4h,2025-04,-0.00955598,-0.00955598,720,False
ksft_5h,4h,2025-05,0.00351127,0.00351127,744,False
ksft_5h,4h,2025-06,0.00564569,0.00564569,720,True
ksft_5h,4h,2025-07,-0.0144904,-0.0144904,744,False
ksft_5h,4h,2025-08,-0.0057201,-0.0057201,744,False
ksft_5h,4h,2025-09,0.00098065,0.00098065,720,False
ksft_5h,4h,2025-10,-0.010192,-0.010192,744,False
ksft_5h,4h,2025-11,-0.00736579,-0.00736579,720,False
ksft_5h,4h,2025-12,-0.02491567,-0.02491567,744,False
ksft_5h,4h,2026-01,-0.00515259,-0.00515259,744,False
ksft_5h,4h,2026-02,0.00315429,0.00315429,672,True
ksft_5h,4h,2026-03,0.00052344,0.00052344,744,True
ksft_5h,4h,2026-04,-0.00093283,-0.00093283,720,False
ksft_5h,4h,2026-05,-0.01111747,-0.01111747,744,False
ksft_5h,4h,2026-06,-0.00923441,-0.00923441,285,False
ksft_5h,72h,2024-06,-0.01403421,-0.01403421,714,False
ksft_5h,72h,2024-07,-0.02050013,-0.02050013,744,False
ksft_5h,72h,2024-08,-0.00826812,-0.00826812,744,False
ksft_5h,72h,2024-09,-0.00206976,-0.00206976,720,True
ksft_5h,72h,2024-10,0.00691009,0.00691009,744,True
ksft_5h,72h,2024-11,-0.01352263,-0.01352263,720,False
ksft_5h,72h,2024-12,-0.00797009,-0.00797009,744,False
ksft_5h,72h,2025-01,-0.01449913,-0.01449913,744,False
ksft_5h,72h,2025-02,-0.00812705,-0.00812705,672,False
ksft_5h,72h,2025-03,-0.00897325,-0.00897325,744,False
ksft_5h,72h,2025-04,0.0046093,0.0046093,720,True
ksft_5h,72h,2025-05,-0.00209985,-0.00209985,744,False
ksft_5h,72h,2025-06,-0.01045354,-0.01045354,720,False
ksft_5h,72h,2025-07,-0.01452011,-0.01452011,744,False
ksft_5h,72h,2025-08,-0.00778463,-0.00778463,744,False
ksft_5h,72h,2025-09,0.00378005,0.00378005,720,True
ksft_5h,72h,2025-10,-0.01368779,-0.01368779,744,False
ksft_5h,72h,2025-11,-0.0048832,-0.0048832,720,False
ksft_5h,72h,2025-12,-0.0218001,-0.0218001,744,False
ksft_5h,72h,2026-01,-0.00577434,-0.00577434,744,False
ksft_5h,72h,2026-02,-0.00052444,-0.00052444,672,True
ksft_5h,72h,2026-03,-0.00105003,-0.00105003,744,False
ksft_5h,72h,2026-04,0.00102872,0.00102872,720,True
ksft_5h,72h,2026-05,-0.00474885,-0.00474885,744,False
ksft_5h,72h,2026-06,-0.02384442,-0.02384442,217,False
ma_gap_10_40,1h,2024-06,0.00475466,0.00475466,680,True
ma_gap_10_40,1h,2024-07,-0.00563966,-0.00563966,744,False
ma_gap_10_40,1h,2024-08,-0.00568966,-0.00568966,744,True
ma_gap_10_40,1h,2024-09,-0.0126399,-0.0126399,720,False
ma_gap_10_40,1h,2024-10,-0.02008586,-0.02008586,743,False
ma_gap_10_40,1h,2024-11,-0.01949143,-0.01949143,720,False
ma_gap_10_40,1h,2024-12,-0.01784505,-0.01784505,744,False
ma_gap_10_40,1h,2025-01,-0.00162478,-0.00162478,744,False
ma_gap_10_40,1h,2025-02,-0.00263655,-0.00263655,672,True
ma_gap_10_40,1h,2025-03,-0.00929647,-0.00929647,744,False
ma_gap_10_40,1h,2025-04,-0.00845088,-0.00845088,720,False
ma_gap_10_40,1h,2025-05,-0.01396811,-0.01396811,744,False
ma_gap_10_40,1h,2025-06,-0.01898104,-0.01898104,720,False
ma_gap_10_40,1h,2025-07,-0.01258075,-0.01258075,744,False
ma_gap_10_40,1h,2025-08,-0.00720378,-0.00720378,744,False
ma_gap_10_40,1h,2025-09,-0.01340844,-0.01340844,720,False
ma_gap_10_40,1h,2025-10,-0.01887916,-0.01887916,744,False
ma_gap_10_40,1h,2025-11,-0.01785714,-0.01785714,720,False
ma_gap_10_40,1h,2025-12,-0.01841399,-0.01841399,744,False
ma_gap_10_40,1h,2026-01,-0.01363144,-0.01363144,744,False
ma_gap_10_40,1h,2026-02,-0.01391394,-0.01391394,672,False
ma_gap_10_40,1h,2026-03,-0.00363285,-0.00363285,744,True
ma_gap_10_40,1h,2026-04,-0.01311859,-0.01311859,720,False
ma_gap_10_40,1h,2026-05,-0.00218816,-0.00218816,744,False
ma_gap_10_40,1h,2026-06,0.01325964,0.01325964,288,True
ma_gap_10_40,24h,2024-06,0.03238449,0.03238449,680,True
ma_gap_10_40,24h,2024-07,-0.01684538,-0.01684538,744,False
ma_gap_10_40,24h,2024-08,0.03099684,0.03099684,744,True
ma_gap_10_40,24h,2024-09,-0.04825925,-0.04825925,720,False
ma_gap_10_40,24h,2024-10,-0.0704673,-0.0704673,744,False
ma_gap_10_40,24h,2024-11,-0.00829086,-0.00829086,720,True
ma_gap_10_40,24h,2024-12,-0.03893069,-0.03893069,744,False
ma_gap_10_40,24h,2025-01,0.04366892,0.04366892,744,True
ma_gap_10_40,24h,2025-02,0.00681012,0.00681012,672,True
ma_gap_10_40,24h,2025-03,-0.02770913,-0.02770913,744,False
ma_gap_10_40,24h,2025-04,-0.04590906,-0.04590906,720,False
ma_gap_10_40,24h,2025-05,-0.04050997,-0.04050997,744,False
ma_gap_10_40,24h,2025-06,-0.06608401,-0.06608401,720,False
ma_gap_10_40,24h,2025-07,-0.05041866,-0.05041866,744,False
ma_gap_10_40,24h,2025-08,-0.04555739,-0.04555739,744,False
ma_gap_10_40,24h,2025-09,-0.03383224,-0.03383224,720,False
ma_gap_10_40,24h,2025-10,-0.03954638,-0.03954638,744,False
ma_gap_10_40,24h,2025-11,-0.03581798,-0.03581798,720,False
ma_gap_10_40,24h,2025-12,-0.03431446,-0.03431446,744,False
ma_gap_10_40,24h,2026-01,-0.01559873,-0.01559873,744,False
ma_gap_10_40,24h,2026-02,-0.02607501,-0.02607501,672,False
ma_gap_10_40,24h,2026-03,-0.00563141,-0.00563141,744,False
ma_gap_10_40,24h,2026-04,-0.06114508,-0.06114508,720,False
ma_gap_10_40,24h,2026-05,0.00846544,0.00846544,744,True
ma_gap_10_40,24h,2026-06,0.03453383,0.03453383,265,True
ma_gap_10_40,4h,2024-06,0.00198466,0.00198466,680,False
ma_gap_10_40,4h,2024-07,-0.00638499,-0.00638499,744,False
ma_gap_10_40,4h,2024-08,-0.0096086,-0.0096086,744,False
ma_gap_10_40,4h,2024-09,-0.01502009,-0.01502009,720,False
ma_gap_10_40,4h,2024-10,-0.03492283,-0.03492283,744,False
ma_gap_10_40,4h,2024-11,-0.02468655,-0.02468655,720,False
ma_gap_10_40,4h,2024-12,-0.03078365,-0.03078365,744,False
ma_gap_10_40,4h,2025-01,-0.00821153,-0.00821153,744,True
ma_gap_10_40,4h,2025-02,-0.00853048,-0.00853048,672,False
ma_gap_10_40,4h,2025-03,-0.02105222,-0.02105222,744,False
ma_gap_10_40,4h,2025-04,-0.01452861,-0.01452861,720,False
ma_gap_10_40,4h,2025-05,-0.03755646,-0.03755646,744,False
ma_gap_10_40,4h,2025-06,-0.03188429,-0.03188429,720,False
ma_gap_10_40,4h,2025-07,-0.02113622,-0.02113622,744,False
ma_gap_10_40,4h,2025-08,-0.00766196,-0.00766196,744,False
ma_gap_10_40,4h,2025-09,-0.02306348,-0.02306348,720,False
ma_gap_10_40,4h,2025-10,-0.03845393,-0.03845393,744,False
ma_gap_10_40,4h,2025-11,-0.03005915,-0.03005915,720,False
ma_gap_10_40,4h,2025-12,-0.0314395,-0.0314395,744,False
ma_gap_10_40,4h,2026-01,-0.02237978,-0.02237978,744,False
ma_gap_10_40,4h,2026-02,-0.02945761,-0.02945761,672,False
ma_gap_10_40,4h,2026-03,-0.00985774,-0.00985774,744,False
ma_gap_10_40,4h,2026-04,-0.03750503,-0.03750503,720,False
ma_gap_10_40,4h,2026-05,-0.01106612,-0.01106612,744,False
ma_gap_10_40,4h,2026-06,0.02526696,0.02526696,285,True
ma_gap_10_40,72h,2024-06,0.07145648,0.07145648,680,True
ma_gap_10_40,72h,2024-07,-0.04367618,-0.04367618,744,False
ma_gap_10_40,72h,2024-08,0.02067864,0.02067864,744,True
ma_gap_10_40,72h,2024-09,-0.06215675,-0.06215675,720,False
ma_gap_10_40,72h,2024-10,-0.09280585,-0.09280585,744,False
ma_gap_10_40,72h,2024-11,0.01958912,0.01958912,720,True
ma_gap_10_40,72h,2024-12,-0.03090807,-0.03090807,744,False
ma_gap_10_40,72h,2025-01,0.03845701,0.03845701,744,True
ma_gap_10_40,72h,2025-02,-0.04844799,-0.04844799,672,False
ma_gap_10_40,72h,2025-03,-0.00566358,-0.00566358,744,False
ma_gap_10_40,72h,2025-04,0.01663625,0.01663625,720,True
ma_gap_10_40,72h,2025-05,-0.03858157,-0.03858157,744,False
ma_gap_10_40,72h,2025-06,-0.09659476,-0.09659476,720,False
ma_gap_10_40,72h,2025-07,-0.03088871,-0.03088871,744,False
ma_gap_10_40,72h,2025-08,-0.03095904,-0.03095904,744,False
ma_gap_10_40,72h,2025-09,-0.01417435,-0.01417435,720,False
ma_gap_10_40,72h,2025-10,-0.01127533,-0.01127533,744,False
ma_gap_10_40,72h,2025-11,-0.00844832,-0.00844832,720,False
ma_gap_10_40,72h,2025-12,-0.03377036,-0.03377036,744,False
ma_gap_10_40,72h,2026-01,0.03320342,0.03320342,744,True
ma_gap_10_40,72h,2026-02,-0.00129956,-0.00129956,672,True
ma_gap_10_40,72h,2026-03,-0.00157713,-0.00157713,744,True
ma_gap_10_40,72h,2026-04,-0.04067446,-0.04067446,720,False
ma_gap_10_40,72h,2026-05,0.00548553,0.00548553,744,True
ma_gap_10_40,72h,2026-06,-0.02515103,-0.02515103,217,False
ma_gap_20_80,1h,2024-06,0.01075679,0.01075679,640,True
ma_gap_20_80,1h,2024-07,-0.00467183,-0.00467183,744,False
ma_gap_20_80,1h,2024-08,0.00228004,0.00228004,744,True
ma_gap_20_80,1h,2024-09,-0.01885155,-0.01885155,720,False
ma_gap_20_80,1h,2024-10,-0.01785632,-0.01785632,743,False
ma_gap_20_80,1h,2024-11,-0.0075116,-0.0075116,720,False
ma_gap_20_80,1h,2024-12,-0.00952216,-0.00952216,744,True
ma_gap_20_80,1h,2025-01,0.01040713,0.01040713,744,True
ma_gap_20_80,1h,2025-02,-0.01169064,-0.01169064,672,False
ma_gap_20_80,1h,2025-03,-0.01282393,-0.01282393,744,False
ma_gap_20_80,1h,2025-04,-0.00536723,-0.00536723,720,True
ma_gap_20_80,1h,2025-05,-0.01035187,-0.01035187,744,False
ma_gap_20_80,1h,2025-06,-0.01557391,-0.01557391,720,False
ma_gap_20_80,1h,2025-07,-0.01757723,-0.01757723,744,False
ma_gap_20_80,1h,2025-08,-0.01565553,-0.01565553,744,False
ma_gap_20_80,1h,2025-09,-0.01149147,-0.01149147,720,False
ma_gap_20_80,1h,2025-10,-0.01159925,-0.01159925,744,False
ma_gap_20_80,1h,2025-11,-0.00937569,-0.00937569,720,False
ma_gap_20_80,1h,2025-12,-0.00950626,-0.00950626,744,False
ma_gap_20_80,1h,2026-01,-0.00361749,-0.00361749,744,False
ma_gap_20_80,1h,2026-02,0.00042211,0.00042211,672,False
ma_gap_20_80,1h,2026-03,0.00186527,0.00186527,744,True
ma_gap_20_80,1h,2026-04,-0.00845396,-0.00845396,720,False
ma_gap_20_80,1h,2026-05,0.0055355,0.0055355,744,True
ma_gap_20_80,1h,2026-06,0.00704558,0.00704558,288,True
ma_gap_20_80,24h,2024-06,0.05107191,0.05107191,640,True
ma_gap_20_80,24h,2024-07,-0.03644899,-0.03644899,744,False
ma_gap_20_80,24h,2024-08,0.03461859,0.03461859,744,True
ma_gap_20_80,24h,2024-09,-0.0658922,-0.0658922,720,False
ma_gap_20_80,24h,2024-10,-0.07244747,-0.07244747,744,False
ma_gap_20_80,24h,2024-11,0.00997654,0.00997654,720,True
ma_gap_20_80,24h,2024-12,-0.03427816,-0.03427816,744,False
ma_gap_20_80,24h,2025-01,0.03499104,0.03499104,744,True
ma_gap_20_80,24h,2025-02,-0.0402935,-0.0402935,672,False
ma_gap_20_80,24h,2025-03,-0.02881431,-0.02881431,744,False
ma_gap_20_80,24h,2025-04,-0.00260734,-0.00260734,720,True
ma_gap_20_80,24h,2025-05,-0.03159419,-0.03159419,744,False
ma_gap_20_80,24h,2025-06,-0.10235589,-0.10235589,720,False
ma_gap_20_80,24h,2025-07,-0.04858622,-0.04858622,744,False
ma_gap_20_80,24h,2025-08,-0.08035492,-0.08035492,744,False
ma_gap_20_80,24h,2025-09,-0.02715911,-0.02715911,720,False
ma_gap_20_80,24h,2025-10,-0.02441797,-0.02441797,744,False
ma_gap_20_80,24h,2025-11,-0.00713898,-0.00713898,720,False
ma_gap_20_80,24h,2025-12,-0.03121445,-0.03121445,744,False
ma_gap_20_80,24h,2026-01,0.00814586,0.00814586,744,False
ma_gap_20_80,24h,2026-02,0.0079686,0.0079686,672,True
ma_gap_20_80,24h,2026-03,-0.0031058,-0.0031058,744,False
ma_gap_20_80,24h,2026-04,-0.02432213,-0.02432213,720,False
ma_gap_20_80,24h,2026-05,0.01345563,0.01345563,744,True
ma_gap_20_80,24h,2026-06,-0.0144086,-0.0144086,265,False
ma_gap_20_80,4h,2024-06,0.01765686,0.01765686,640,True
ma_gap_20_80,4h,2024-07,-0.01118794,-0.01118794,744,False
ma_gap_20_80,4h,2024-08,0.00156012,0.00156012,744,True
ma_gap_20_80,4h,2024-09,-0.03441637,-0.03441637,720,False
ma_gap_20_80,4h,2024-10,-0.03145984,-0.03145984,744,False
ma_gap_20_80,4h,2024-11,-0.00751303,-0.00751303,720,False
ma_gap_20_80,4h,2024-12,-0.02231019,-0.02231019,744,False
ma_gap_20_80,4h,2025-01,0.00891694,0.00891694,744,True
ma_gap_20_80,4h,2025-02,-0.0270657,-0.0270657,672,False
ma_gap_20_80,4h,2025-03,-0.02162682,-0.02162682,744,False
ma_gap_20_80,4h,2025-04,-0.01118794,-0.01118794,720,False
ma_gap_20_80,4h,2025-05,-0.02310155,-0.02310155,744,False
ma_gap_20_80,4h,2025-06,-0.03319687,-0.03319687,720,False
ma_gap_20_80,4h,2025-07,-0.03368971,-0.03368971,744,False
ma_gap_20_80,4h,2025-08,-0.03135645,-0.03135645,744,False
ma_gap_20_80,4h,2025-09,-0.02090116,-0.02090116,720,False
ma_gap_20_80,4h,2025-10,-0.02519825,-0.02519825,744,False
ma_gap_20_80,4h,2025-11,-0.01593423,-0.01593423,720,False
ma_gap_20_80,4h,2025-12,-0.02165645,-0.02165645,744,False
ma_gap_20_80,4h,2026-01,-0.00939818,-0.00939818,744,False
ma_gap_20_80,4h,2026-02,-0.00606796,-0.00606796,672,False
ma_gap_20_80,4h,2026-03,0.00014623,0.00014623,744,False
ma_gap_20_80,4h,2026-04,-0.02372397,-0.02372397,720,False
ma_gap_20_80,4h,2026-05,0.00335744,0.00335744,744,False
ma_gap_20_80,4h,2026-06,0.01261589,0.01261589,285,True
ma_gap_20_80,72h,2024-06,0.08369563,0.08369563,640,True
ma_gap_20_80,72h,2024-07,-0.0648081,-0.0648081,744,False
ma_gap_20_80,72h,2024-08,-0.00187741,-0.00187741,744,False
ma_gap_20_80,72h,2024-09,-0.05610949,-0.05610949,720,False
ma_gap_20_80,72h,2024-10,-0.10783611,-0.10783611,744,False
ma_gap_20_80,72h,2024-11,0.03036536,0.03036536,720,True
ma_gap_20_80,72h,2024-12,-0.00794833,-0.00794833,744,False
ma_gap_20_80,72h,2025-01,0.05676733,0.05676733,744,True
ma_gap_20_80,72h,2025-02,-0.06427108,-0.06427108,672,False
ma_gap_20_80,72h,2025-03,0.00888352,0.00888352,744,False
ma_gap_20_80,72h,2025-04,0.04609169,0.04609169,720,True
ma_gap_20_80,72h,2025-05,-0.05796173,-0.05796173,744,False
ma_gap_20_80,72h,2025-06,-0.08143227,-0.08143227,720,False
ma_gap_20_80,72h,2025-07,-0.03901002,-0.03901002,744,False
ma_gap_20_80,72h,2025-08,-0.02871633,-0.02871633,744,False
ma_gap_20_80,72h,2025-09,-0.00408224,-0.00408224,720,True
ma_gap_20_80,72h,2025-10,0.00630634,0.00630634,744,False
ma_gap_20_80,72h,2025-11,0.00202134,0.00202134,720,True
ma_gap_20_80,72h,2025-12,-0.01646894,-0.01646894,744,False
ma_gap_20_80,72h,2026-01,0.05952664,0.05952664,744,True
ma_gap_20_80,72h,2026-02,0.02291785,0.02291785,672,True
ma_gap_20_80,72h,2026-03,-0.01131292,-0.01131292,744,False
ma_gap_20_80,72h,2026-04,-0.05162932,-0.05162932,720,False
ma_gap_20_80,72h,2026-05,-0.00354179,-0.00354179,744,True
ma_gap_20_80,72h,2026-06,-0.08588688,-0.08588688,217,False
ma_gap_5_20,1h,2024-06,0.00295258,0.00295258,700,True
ma_gap_5_20,1h,2024-07,-0.01692499,-0.01692499,744,False
ma_gap_5_20,1h,2024-08,-0.01843723,-0.01843723,744,False
ma_gap_5_20,1h,2024-09,-0.01295065,-0.01295065,720,False
ma_gap_5_20,1h,2024-10,-0.02505716,-0.02505716,743,False
ma_gap_5_20,1h,2024-11,-0.0195296,-0.0195296,720,False
ma_gap_5_20,1h,2024-12,-0.01956607,-0.01956607,744,False
ma_gap_5_20,1h,2025-01,-0.00486824,-0.00486824,744,False
ma_gap_5_20,1h,2025-02,-0.0034242,-0.0034242,672,False
ma_gap_5_20,1h,2025-03,-0.01330564,-0.01330564,744,False
ma_gap_5_20,1h,2025-04,-0.01367152,-0.01367152,720,False
ma_gap_5_20,1h,2025-05,-0.00994296,-0.00994296,744,False
ma_gap_5_20,1h,2025-06,-0.02859073,-0.02859073,720,False
ma_gap_5_20,1h,2025-07,-0.02213204,-0.02213204,744,False
ma_gap_5_20,1h,2025-08,-0.01323773,-0.01323773,744,False
ma_gap_5_20,1h,2025-09,-0.01888908,-0.01888908,720,False
ma_gap_5_20,1h,2025-10,-0.02607244,-0.02607244,744,False
ma_gap_5_20,1h,2025-11,-0.02107908,-0.02107908,720,False
ma_gap_5_20,1h,2025-12,-0.02648952,-0.02648952,744,False
ma_gap_5_20,1h,2026-01,-0.0168469,-0.0168469,744,False
ma_gap_5_20,1h,2026-02,-0.0154654,-0.0154654,672,False
ma_gap_5_20,1h,2026-03,-0.01394508,-0.01394508,744,False
ma_gap_5_20,1h,2026-04,-0.01088834,-0.01088834,720,False
ma_gap_5_20,1h,2026-05,-0.01772544,-0.01772544,744,False
ma_gap_5_20,1h,2026-06,-0.00559774,-0.00559774,288,False
ma_gap_5_20,24h,2024-06,0.01091144,0.01091144,700,True
ma_gap_5_20,24h,2024-07,-0.00343565,-0.00343565,744,True
ma_gap_5_20,24h,2024-08,0.0042091,0.0042091,744,True
ma_gap_5_20,24h,2024-09,-0.01713193,-0.01713193,720,False
ma_gap_5_20,24h,2024-10,-0.04801149,-0.04801149,744,False
ma_gap_5_20,24h,2024-11,-0.02586463,-0.02586463,720,False
ma_gap_5_20,24h,2024-12,-0.04023706,-0.04023706,744,False
ma_gap_5_20,24h,2025-01,0.00534917,0.00534917,744,True
ma_gap_5_20,24h,2025-02,-0.01008106,-0.01008106,672,False
ma_gap_5_20,24h,2025-03,-0.00844439,-0.00844439,744,False
ma_gap_5_20,24h,2025-04,-0.0270027,-0.0270027,720,False
ma_gap_5_20,24h,2025-05,-0.05375557,-0.05375557,744,False
ma_gap_5_20,24h,2025-06,-0.02630754,-0.02630754,720,False
ma_gap_5_20,24h,2025-07,-0.02906863,-0.02906863,744,False
ma_gap_5_20,24h,2025-08,-0.00992658,-0.00992658,744,True
ma_gap_5_20,24h,2025-09,-0.03515701,-0.03515701,720,False
ma_gap_5_20,24h,2025-10,-0.04733771,-0.04733771,744,False
ma_gap_5_20,24h,2025-11,-0.03277798,-0.03277798,720,False
ma_gap_5_20,24h,2025-12,-0.04856244,-0.04856244,744,False
ma_gap_5_20,24h,2026-01,-0.02904886,-0.02904886,744,False
ma_gap_5_20,24h,2026-02,-0.05331434,-0.05331434,672,False
ma_gap_5_20,24h,2026-03,-0.02582308,-0.02582308,744,False
ma_gap_5_20,24h,2026-04,-0.06896984,-0.06896984,720,False
ma_gap_5_20,24h,2026-05,-0.01761967,-0.01761967,744,False
ma_gap_5_20,24h,2026-06,0.03437305,0.03437305,265,True
ma_gap_5_20,4h,2024-06,0.00665856,0.00665856,700,True
ma_gap_5_20,4h,2024-07,-0.02562802,-0.02562802,744,False
ma_gap_5_20,4h,2024-08,-0.02513257,-0.02513257,744,False
ma_gap_5_20,4h,2024-09,-0.00400154,-0.00400154,720,True
ma_gap_5_20,4h,2024-10,-0.03216134,-0.03216134,744,False
ma_gap_5_20,4h,2024-11,-0.02100175,-0.02100175,720,False
ma_gap_5_20,4h,2024-12,-0.01986049,-0.01986049,744,False
ma_gap_5_20,4h,2025-01,-0.01845235,-0.01845235,744,False
ma_gap_5_20,4h,2025-02,-0.01047235,-0.01047235,672,False
ma_gap_5_20,4h,2025-03,-0.02342407,-0.02342407,744,False
ma_gap_5_20,4h,2025-04,-0.01491396,-0.01491396,720,False
ma_gap_5_20,4h,2025-05,-0.0244924,-0.0244924,744,False
ma_gap_5_20,4h,2025-06,-0.04718771,-0.04718771,720,False
ma_gap_5_20,4h,2025-07,-0.02274133,-0.02274133,744,False
ma_gap_5_20,4h,2025-08,-0.00713243,-0.00713243,744,True
ma_gap_5_20,4h,2025-09,-0.0205431,-0.0205431,720,False
ma_gap_5_20,4h,2025-10,-0.04270755,-0.04270755,744,False
ma_gap_5_20,4h,2025-11,-0.03547813,-0.03547813,720,False
ma_gap_5_20,4h,2025-12,-0.03962946,-0.03962946,744,False
ma_gap_5_20,4h,2026-01,-0.01466097,-0.01466097,744,False
ma_gap_5_20,4h,2026-02,-0.03385742,-0.03385742,672,False
ma_gap_5_20,4h,2026-03,-0.02756573,-0.02756573,744,False
ma_gap_5_20,4h,2026-04,-0.02779601,-0.02779601,720,False
ma_gap_5_20,4h,2026-05,-0.03335918,-0.03335918,744,False
ma_gap_5_20,4h,2026-06,-0.0008228,-0.0008228,285,False
ma_gap_5_20,72h,2024-06,0.05154187,0.05154187,700,True
ma_gap_5_20,72h,2024-07,-0.02347559,-0.02347559,744,False
ma_gap_5_20,72h,2024-08,0.02121488,0.02121488,744,True
ma_gap_5_20,72h,2024-09,-0.03837761,-0.03837761,720,False
ma_gap_5_20,72h,2024-10,-0.06397778,-0.06397778,744,False
ma_gap_5_20,72h,2024-11,0.01475022,0.01475022,720,True
ma_gap_5_20,72h,2024-12,-0.02773279,-0.02773279,744,False
ma_gap_5_20,72h,2025-01,0.02316982,0.02316982,744,True
ma_gap_5_20,72h,2025-02,-0.03436018,-0.03436018,672,False
ma_gap_5_20,72h,2025-03,-0.00395264,-0.00395264,744,False
ma_gap_5_20,72h,2025-04,0.00527222,0.00527222,720,False
ma_gap_5_20,72h,2025-05,-0.02553002,-0.02553002,744,False
ma_gap_5_20,72h,2025-06,-0.06557345,-0.06557345,720,False
ma_gap_5_20,72h,2025-07,-0.01666861,-0.01666861,744,False
ma_gap_5_20,72h,2025-08,-0.02929419,-0.02929419,744,False
ma_gap_5_20,72h,2025-09,-0.00710526,-0.00710526,720,True
ma_gap_5_20,72h,2025-10,-0.02032219,-0.02032219,744,False
ma_gap_5_20,72h,2025-11,-0.0024167,-0.0024167,720,True
ma_gap_5_20,72h,2025-12,-0.03718149,-0.03718149,744,False
ma_gap_5_20,72h,2026-01,0.01212826,0.01212826,744,True
ma_gap_5_20,72h,2026-02,-0.02068303,-0.02068303,672,False
ma_gap_5_20,72h,2026-03,-0.01221535,-0.01221535,744,False
ma_gap_5_20,72h,2026-04,-0.03565922,-0.03565922,720,False
ma_gap_5_20,72h,2026-05,0.00460714,0.00460714,744,True
ma_gap_5_20,72h,2026-06,0.00170136,0.00170136,217,True
mom_10h,1h,2024-06,-0.00079728,-0.00079728,709,True
mom_10h,1h,2024-07,-0.0241452,-0.0241452,744,False
mom_10h,1h,2024-08,-0.03551842,-0.03551842,744,False
mom_10h,1h,2024-09,-0.02881295,-0.02881295,720,False
mom_10h,1h,2024-10,-0.03996164,-0.03996164,743,False
mom_10h,1h,2024-11,-0.03153043,-0.03153043,720,False
mom_10h,1h,2024-12,-0.03737169,-0.03737169,744,False
mom_10h,1h,2025-01,-0.01346318,-0.01346318,744,False
mom_10h,1h,2025-02,-0.01434078,-0.01434078,672,False
mom_10h,1h,2025-03,-0.01810268,-0.01810268,744,False
mom_10h,1h,2025-04,-0.02970722,-0.02970722,720,False
mom_10h,1h,2025-05,-0.01248006,-0.01248006,744,False
mom_10h,1h,2025-06,-0.03380075,-0.03380075,720,False
mom_10h,1h,2025-07,-0.04030461,-0.04030461,744,False
mom_10h,1h,2025-08,-0.03020991,-0.03020991,744,False
mom_10h,1h,2025-09,-0.02492796,-0.02492796,720,False
mom_10h,1h,2025-10,-0.0338341,-0.0338341,744,False
mom_10h,1h,2025-11,-0.03564059,-0.03564059,720,False
mom_10h,1h,2025-12,-0.03670825,-0.03670825,744,False
mom_10h,1h,2026-01,-0.03265053,-0.03265053,744,False
mom_10h,1h,2026-02,-0.0243939,-0.0243939,672,False
mom_10h,1h,2026-03,-0.02545839,-0.02545839,744,False
mom_10h,1h,2026-04,-0.01941052,-0.01941052,720,False
mom_10h,1h,2026-05,-0.02780037,-0.02780037,744,False
mom_10h,1h,2026-06,-0.02450894,-0.02450894,288,False
mom_10h,24h,2024-06,0.00263257,0.00263257,709,True
mom_10h,24h,2024-07,-0.01201437,-0.01201437,744,False
mom_10h,24h,2024-08,-0.00393032,-0.00393032,744,False
mom_10h,24h,2024-09,-0.00902988,-0.00902988,720,False
mom_10h,24h,2024-10,-0.03489484,-0.03489484,744,False
mom_10h,24h,2024-11,-0.02981157,-0.02981157,720,False
mom_10h,24h,2024-12,-0.04008653,-0.04008653,744,False
mom_10h,24h,2025-01,-0.00617714,-0.00617714,744,False
mom_10h,24h,2025-02,-0.01386891,-0.01386891,672,False
mom_10h,24h,2025-03,-0.005504,-0.005504,744,False
mom_10h,24h,2025-04,-0.02401422,-0.02401422,720,False
mom_10h,24h,2025-05,-0.05002248,-0.05002248,744,False
mom_10h,24h,2025-06,-0.02584706,-0.02584706,720,False
mom_10h,24h,2025-07,-0.02577507,-0.02577507,744,False
mom_10h,24h,2025-08,-0.00798225,-0.00798225,744,True
mom_10h,24h,2025-09,-0.02929678,-0.02929678,720,False
mom_10h,24h,2025-10,-0.05327981,-0.05327981,744,False
mom_10h,24h,2025-11,-0.03384765,-0.03384765,720,False
mom_10h,24h,2025-12,-0.04963371,-0.04963371,744,False
mom_10h,24h,2026-01,-0.0281714,-0.0281714,744,False
mom_10h,24h,2026-02,-0.05327746,-0.05327746,672,False
mom_10h,24h,2026-03,-0.03299544,-0.03299544,744,False
mom_10h,24h,2026-04,-0.06397629,-0.06397629,720,False
mom_10h,24h,2026-05,-0.02507127,-0.02507127,744,False
mom_10h,24h,2026-06,0.02151594,0.02151594,265,True
mom_10h,4h,2024-06,0.00459792,0.00459792,709,True
mom_10h,4h,2024-07,-0.04030394,-0.04030394,744,False
mom_10h,4h,2024-08,-0.03258115,-0.03258115,744,False
mom_10h,4h,2024-09,-0.01320515,-0.01320515,720,False
mom_10h,4h,2024-10,-0.04067935,-0.04067935,744,False
mom_10h,4h,2024-11,-0.02941365,-0.02941365,720,False
mom_10h,4h,2024-12,-0.0261081,-0.0261081,744,False
mom_10h,4h,2025-01,-0.01534181,-0.01534181,744,False
mom_10h,4h,2025-02,-0.00179269,-0.00179269,672,True
mom_10h,4h,2025-03,-0.01951571,-0.01951571,744,False
mom_10h,4h,2025-04,-0.02950613,-0.02950613,720,False
mom_10h,4h,2025-05,-0.01461734,-0.01461734,744,False
mom_10h,4h,2025-06,-0.05661762,-0.05661762,720,False
mom_10h,4h,2025-07,-0.04314799,-0.04314799,744,False
mom_10h,4h,2025-08,-0.02508003,-0.02508003,744,False
mom_10h,4h,2025-09,-0.02566407,-0.02566407,720,False
mom_10h,4h,2025-10,-0.04938123,-0.04938123,744,False
mom_10h,4h,2025-11,-0.04558736,-0.04558736,720,False
mom_10h,4h,2025-12,-0.04879193,-0.04879193,744,False
mom_10h,4h,2026-01,-0.02342692,-0.02342692,744,False
mom_10h,4h,2026-02,-0.0354639,-0.0354639,672,False
mom_10h,4h,2026-03,-0.03718265,-0.03718265,744,False
mom_10h,4h,2026-04,-0.02887921,-0.02887921,720,False
mom_10h,4h,2026-05,-0.03902126,-0.03902126,744,False
mom_10h,4h,2026-06,-0.02381854,-0.02381854,285,False
mom_10h,72h,2024-06,0.04055475,0.04055475,709,True
mom_10h,72h,2024-07,-0.02360926,-0.02360926,744,False
mom_10h,72h,2024-08,0.01469122,0.01469122,744,False
mom_10h,72h,2024-09,-0.02888078,-0.02888078,720,False
mom_10h,72h,2024-10,-0.04731374,-0.04731374,744,False
mom_10h,72h,2024-11,0.00962075,0.00962075,720,True
mom_10h,72h,2024-12,-0.02508682,-0.02508682,744,False
mom_10h,72h,2025-01,0.01779175,0.01779175,744,True
mom_10h,72h,2025-02,-0.02972808,-0.02972808,672,False
mom_10h,72h,2025-03,-0.00504402,-0.00504402,744,True
mom_10h,72h,2025-04,-0.00164693,-0.00164693,720,False
mom_10h,72h,2025-05,-0.022221,-0.022221,744,False
mom_10h,72h,2025-06,-0.05717756,-0.05717756,720,False
mom_10h,72h,2025-07,-0.01947668,-0.01947668,744,False
mom_10h,72h,2025-08,-0.03130014,-0.03130014,744,False
mom_10h,72h,2025-09,-0.00373928,-0.00373928,720,False
mom_10h,72h,2025-10,-0.02198425,-0.02198425,744,False
mom_10h,72h,2025-11,-0.00565846,-0.00565846,720,False
mom_10h,72h,2025-12,-0.03547822,-0.03547822,744,False
mom_10h,72h,2026-01,0.00483161,0.00483161,744,False
mom_10h,72h,2026-02,-0.01982779,-0.01982779,672,False
mom_10h,72h,2026-03,-0.0161066,-0.0161066,744,False
mom_10h,72h,2026-04,-0.03278302,-0.03278302,720,False
mom_10h,72h,2026-05,0.00222829,0.00222829,744,True
mom_10h,72h,2026-06,0.00620963,0.00620963,217,True
mom_120h,1h,2024-06,0.01502703,0.01502703,599,True
mom_120h,1h,2024-07,-0.00496597,-0.00496597,744,False
mom_120h,1h,2024-08,-0.01194611,-0.01194611,744,False
mom_120h,1h,2024-09,-0.02176843,-0.02176843,720,False
mom_120h,1h,2024-10,-0.02913418,-0.02913418,743,False
mom_120h,1h,2024-11,-0.01278408,-0.01278408,720,False
mom_120h,1h,2024-12,-0.01998407,-0.01998407,744,False
mom_120h,1h,2025-01,0.00864318,0.00864318,744,True
mom_120h,1h,2025-02,-0.00992593,-0.00992593,672,False
mom_120h,1h,2025-03,-0.01137216,-0.01137216,744,False
mom_120h,1h,2025-04,-0.00728239,-0.00728239,720,False
mom_120h,1h,2025-05,-0.01463107,-0.01463107,744,False
mom_120h,1h,2025-06,-0.01813357,-0.01813357,720,False
mom_120h,1h,2025-07,-0.02305246,-0.02305246,744,False
mom_120h,1h,2025-08,-0.01961855,-0.01961855,744,False
mom_120h,1h,2025-09,-0.01902646,-0.01902646,720,False
mom_120h,1h,2025-10,-0.00930539,-0.00930539,744,False
mom_120h,1h,2025-11,-0.01525444,-0.01525444,720,False
mom_120h,1h,2025-12,-0.01220686,-0.01220686,744,False
mom_120h,1h,2026-01,-0.00892934,-0.00892934,744,False
mom_120h,1h,2026-02,-0.00257261,-0.00257261,672,False
mom_120h,1h,2026-03,-0.0068291,-0.0068291,744,False
mom_120h,1h,2026-04,-0.01523576,-0.01523576,720,False
mom_120h,1h,2026-05,-0.00880582,-0.00880582,744,False
mom_120h,1h,2026-06,-0.01504784,-0.01504784,288,False
mom_120h,24h,2024-06,0.03955034,0.03955034,599,True
mom_120h,24h,2024-07,-0.03923562,-0.03923562,744,False
mom_120h,24h,2024-08,-0.01980622,-0.01980622,744,False
mom_120h,24h,2024-09,-0.0402985,-0.0402985,720,False
mom_120h,24h,2024-10,-0.07302885,-0.07302885,744,False
mom_120h,24h,2024-11,0.0014819,0.0014819,720,True
mom_120h,24h,2024-12,-0.01864541,-0.01864541,744,False
mom_120h,24h,2025-01,0.03430089,0.03430089,744,True
mom_120h,24h,2025-02,-0.02274428,-0.02274428,672,False
mom_120h,24h,2025-03,-0.02182101,-0.02182101,744,False
mom_120h,24h,2025-04,0.0167029,0.0167029,720,True
mom_120h,24h,2025-05,-0.06688401,-0.06688401,744,False
mom_120h,24h,2025-06,-0.03503717,-0.03503717,720,False
mom_120h,24h,2025-07,-0.05418059,-0.05418059,744,False
mom_120h,24h,2025-08,-0.05746454,-0.05746454,744,False
mom_120h,24h,2025-09,-0.04559921,-0.04559921,720,False
mom_120h,24h,2025-10,-0.02649386,-0.02649386,744,False
mom_120h,24h,2025-11,-0.01545341,-0.01545341,720,False
mom_120h,24h,2025-12,0.00103737,0.00103737,744,False
mom_120h,24h,2026-01,0.00503331,0.00503331,744,False
mom_120h,24h,2026-02,0.00691214,0.00691214,672,False
mom_120h,24h,2026-03,-0.02653653,-0.02653653,744,False
mom_120h,24h,2026-04,-0.05783627,-0.05783627,720,False
mom_120h,24h,2026-05,-0.01711227,-0.01711227,744,False
mom_120h,24h,2026-06,-0.04419335,-0.04419335,265,False
mom_120h,4h,2024-06,0.01839642,0.01839642,599,True
mom_120h,4h,2024-07,-0.01335588,-0.01335588,744,False
mom_120h,4h,2024-08,-0.02355003,-0.02355003,744,False
mom_120h,4h,2024-09,-0.03246728,-0.03246728,720,False
mom_120h,4h,2024-10,-0.04638367,-0.04638367,744,False
mom_120h,4h,2024-11,-0.01321232,-0.01321232,720,False
mom_120h,4h,2024-12,-0.02336793,-0.02336793,744,False
mom_120h,4h,2025-01,0.00479921,0.00479921,744,True
mom_120h,4h,2025-02,-0.02267772,-0.02267772,672,False
mom_120h,4h,2025-03,-0.0203262,-0.0203262,744,False
mom_120h,4h,2025-04,-0.00396099,-0.00396099,720,False
mom_120h,4h,2025-05,-0.02786938,-0.02786938,744,False
mom_120h,4h,2025-06,-0.03213077,-0.03213077,720,False
mom_120h,4h,2025-07,-0.03532012,-0.03532012,744,False
mom_120h,4h,2025-08,-0.02910115,-0.02910115,744,False
mom_120h,4h,2025-09,-0.02695595,-0.02695595,720,False
mom_120h,4h,2025-10,-0.01812855,-0.01812855,744,False
mom_120h,4h,2025-11,-0.02134539,-0.02134539,720,False
mom_120h,4h,2025-12,-0.02048395,-0.02048395,744,False
mom_120h,4h,2026-01,-0.00915111,-0.00915111,744,False
mom_120h,4h,2026-02,-0.00463992,-0.00463992,672,False
mom_120h,4h,2026-03,-0.01333084,-0.01333084,744,False
mom_120h,4h,2026-04,-0.02958918,-0.02958918,720,False
mom_120h,4h,2026-05,-0.0155415,-0.0155415,744,False
mom_120h,4h,2026-06,-0.01939878,-0.01939878,285,False
mom_120h,72h,2024-06,0.07654904,0.07654904,599,True
mom_120h,72h,2024-07,-0.0686286,-0.0686286,744,False
mom_120h,72h,2024-08,-0.07950563,-0.07950563,744,False
mom_120h,72h,2024-09,-0.03840983,-0.03840983,720,False
mom_120h,72h,2024-10,-0.05928545,-0.05928545,744,False
mom_120h,72h,2024-11,0.0291271,0.0291271,720,True
mom_120h,72h,2024-12,-0.02558519,-0.02558519,744,False
mom_120h,72h,2025-01,0.08514301,0.08514301,744,True
mom_120h,72h,2025-02,-0.02073172,-0.02073172,672,False
mom_120h,72h,2025-03,-0.02195389,-0.02195389,744,False
mom_120h,72h,2025-04,0.03725334,0.03725334,720,True
mom_120h,72h,2025-05,-0.10016636,-0.10016636,744,False
mom_120h,72h,2025-06,0.01131828,0.01131828,720,False
mom_120h,72h,2025-07,-0.05772392,-0.05772392,744,False
mom_120h,72h,2025-08,-0.06037861,-0.06037861,744,False
mom_120h,72h,2025-09,-0.01527173,-0.01527173,720,True
mom_120h,72h,2025-10,0.01695934,0.01695934,744,True
mom_120h,72h,2025-11,-0.00357356,-0.00357356,720,True
mom_120h,72h,2025-12,0.03395284,0.03395284,744,True
mom_120h,72h,2026-01,0.0402619,0.0402619,744,True
mom_120h,72h,2026-02,0.02908591,0.02908591,672,True
mom_120h,72h,2026-03,-0.03463393,-0.03463393,744,False
mom_120h,72h,2026-04,-0.07749506,-0.07749506,720,False
mom_120h,72h,2026-05,-0.03127097,-0.03127097,744,False
mom_120h,72h,2026-06,-0.07191783,-0.07191783,217,False
mom_20h,1h,2024-06,-0.00339141,-0.00339141,699,False
mom_20h,1h,2024-07,-0.01680104,-0.01680104,744,False
mom_20h,1h,2024-08,-0.02587202,-0.02587202,744,False
mom_20h,1h,2024-09,-0.02797829,-0.02797829,720,False
mom_20h,1h,2024-10,-0.0323897,-0.0323897,743,False
mom_20h,1h,2024-11,-0.0272878,-0.0272878,720,False
mom_20h,1h,2024-12,-0.03770116,-0.03770116,744,False
mom_20h,1h,2025-01,-0.01829732,-0.01829732,744,False
mom_20h,1h,2025-02,-0.01732925,-0.01732925,672,False
mom_20h,1h,2025-03,-0.02034815,-0.02034815,744,False
mom_20h,1h,2025-04,-0.02012542,-0.02012542,720,False
mom_20h,1h,2025-05,-0.02214658,-0.02214658,744,False
mom_20h,1h,2025-06,-0.02507575,-0.02507575,720,False
mom_20h,1h,2025-07,-0.02409714,-0.02409714,744,False
mom_20h,1h,2025-08,-0.01753104,-0.01753104,744,False
mom_20h,1h,2025-09,-0.02071587,-0.02071587,720,False
mom_20h,1h,2025-10,-0.02878693,-0.02878693,744,False
mom_20h,1h,2025-11,-0.02623352,-0.02623352,720,False
mom_20h,1h,2025-12,-0.03361798,-0.03361798,744,False
mom_20h,1h,2026-01,-0.0279344,-0.0279344,744,False
mom_20h,1h,2026-02,-0.02128709,-0.02128709,672,False
mom_20h,1h,2026-03,-0.01527123,-0.01527123,744,False
mom_20h,1h,2026-04,-0.02125028,-0.02125028,720,False
mom_20h,1h,2026-05,-0.02032162,-0.02032162,744,False
mom_20h,1h,2026-06,-0.00435373,-0.00435373,288,False
mom_20h,24h,2024-06,0.01656968,0.01656968,699,True
mom_20h,24h,2024-07,-0.00689468,-0.00689468,744,False
mom_20h,24h,2024-08,0.00404467,0.00404467,744,True
mom_20h,24h,2024-09,-0.03336182,-0.03336182,720,False
mom_20h,24h,2024-10,-0.05931315,-0.05931315,744,False
mom_20h,24h,2024-11,-0.03073506,-0.03073506,720,False
mom_20h,24h,2024-12,-0.04544695,-0.04544695,744,False
mom_20h,24h,2025-01,0.01317819,0.01317819,744,True
mom_20h,24h,2025-02,-0.00167039,-0.00167039,672,True
mom_20h,24h,2025-03,-0.01893884,-0.01893884,744,False
mom_20h,24h,2025-04,-0.03676387,-0.03676387,720,False
mom_20h,24h,2025-05,-0.05301554,-0.05301554,744,False
mom_20h,24h,2025-06,-0.03630232,-0.03630232,720,False
mom_20h,24h,2025-07,-0.03909645,-0.03909645,744,False
mom_20h,24h,2025-08,-0.02669199,-0.02669199,744,False
mom_20h,24h,2025-09,-0.03674155,-0.03674155,720,False
mom_20h,24h,2025-10,-0.04595321,-0.04595321,744,False
mom_20h,24h,2025-11,-0.04100513,-0.04100513,720,False
mom_20h,24h,2025-12,-0.05394998,-0.05394998,744,False
mom_20h,24h,2026-01,-0.03409152,-0.03409152,744,False
mom_20h,24h,2026-02,-0.0518005,-0.0518005,672,False
mom_20h,24h,2026-03,-0.02636654,-0.02636654,744,False
mom_20h,24h,2026-04,-0.07773142,-0.07773142,720,False
mom_20h,24h,2026-05,-0.01495722,-0.01495722,744,False
mom_20h,24h,2026-06,0.03712499,0.03712499,265,True
mom_20h,4h,2024-06,-0.00876406,-0.00876406,699,False
mom_20h,4h,2024-07,-0.0258124,-0.0258124,744,False
mom_20h,4h,2024-08,-0.03313758,-0.03313758,744,False
mom_20h,4h,2024-09,-0.01622624,-0.01622624,720,False
mom_20h,4h,2024-10,-0.04099315,-0.04099315,744,False
mom_20h,4h,2024-11,-0.02848124,-0.02848124,720,False
mom_20h,4h,2024-12,-0.04185098,-0.04185098,744,False
mom_20h,4h,2025-01,-0.03085131,-0.03085131,744,False
mom_20h,4h,2025-02,-0.02414618,-0.02414618,672,False
mom_20h,4h,2025-03,-0.03456383,-0.03456383,744,False
mom_20h,4h,2025-04,-0.0135139,-0.0135139,720,False
mom_20h,4h,2025-05,-0.03702481,-0.03702481,744,False
mom_20h,4h,2025-06,-0.03558484,-0.03558484,720,False
mom_20h,4h,2025-07,-0.02621327,-0.02621327,744,False
mom_20h,4h,2025-08,-0.01138134,-0.01138134,744,False
mom_20h,4h,2025-09,-0.01768466,-0.01768466,720,False
mom_20h,4h,2025-10,-0.04258466,-0.04258466,744,False
mom_20h,4h,2025-11,-0.03724161,-0.03724161,720,False
mom_20h,4h,2025-12,-0.05002307,-0.05002307,744,False
mom_20h,4h,2026-01,-0.03171776,-0.03171776,744,False
mom_20h,4h,2026-02,-0.03679129,-0.03679129,672,False
mom_20h,4h,2026-03,-0.03206584,-0.03206584,744,False
mom_20h,4h,2026-04,-0.04055997,-0.04055997,720,False
mom_20h,4h,2026-05,-0.03590497,-0.03590497,744,False
mom_20h,4h,2026-06,0.00724457,0.00724457,285,True
mom_20h,72h,2024-06,0.05610486,0.05610486,699,True
mom_20h,72h,2024-07,-0.02957632,-0.02957632,744,False
mom_20h,72h,2024-08,0.01481156,0.01481156,744,True
mom_20h,72h,2024-09,-0.04989863,-0.04989863,720,False
mom_20h,72h,2024-10,-0.08008512,-0.08008512,744,False
mom_20h,72h,2024-11,0.01327978,0.01327978,720,True
mom_20h,72h,2024-12,-0.03793059,-0.03793059,744,False
mom_20h,72h,2025-01,0.02407166,0.02407166,744,True
mom_20h,72h,2025-02,-0.03937614,-0.03937614,672,False
mom_20h,72h,2025-03,-0.00668036,-0.00668036,744,False
mom_20h,72h,2025-04,0.00547244,0.00547244,720,False
mom_20h,72h,2025-05,-0.03231871,-0.03231871,744,False
mom_20h,72h,2025-06,-0.08238376,-0.08238376,720,False
mom_20h,72h,2025-07,-0.02707726,-0.02707726,744,False
mom_20h,72h,2025-08,-0.03691944,-0.03691944,744,False
mom_20h,72h,2025-09,-0.01346025,-0.01346025,720,False
mom_20h,72h,2025-10,-0.02297631,-0.02297631,744,False
mom_20h,72h,2025-11,-0.01034242,-0.01034242,720,False
mom_20h,72h,2025-12,-0.04345679,-0.04345679,744,False
mom_20h,72h,2026-01,0.0116594,0.0116594,744,True
mom_20h,72h,2026-02,-0.0196624,-0.0196624,672,False
mom_20h,72h,2026-03,-0.00928206,-0.00928206,744,False
mom_20h,72h,2026-04,-0.04289917,-0.04289917,720,False
mom_20h,72h,2026-05,-6.501e-05,-6.501e-05,744,True
mom_20h,72h,2026-06,-0.00736992,-0.00736992,217,False
mom_40h,1h,2024-06,0.00428114,0.00428114,679,True
mom_40h,1h,2024-07,-0.01052605,-0.01052605,744,False
mom_40h,1h,2024-08,-0.0151689,-0.0151689,744,False
mom_40h,1h,2024-09,-0.03024271,-0.03024271,720,False
mom_40h,1h,2024-10,-0.03278654,-0.03278654,743,False
mom_40h,1h,2024-11,-0.02383557,-0.02383557,720,False
mom_40h,1h,2024-12,-0.02719801,-0.02719801,744,False
mom_40h,1h,2025-01,0.00037796,0.00037796,744,True
mom_40h,1h,2025-02,-0.00283363,-0.00283363,672,True
mom_40h,1h,2025-03,-0.01671589,-0.01671589,744,False
mom_40h,1h,2025-04,-0.02233459,-0.02233459,720,False
mom_40h,1h,2025-05,-0.01614628,-0.01614628,744,False
mom_40h,1h,2025-06,-0.02474818,-0.02474818,720,False
mom_40h,1h,2025-07,-0.02733646,-0.02733646,744,False
mom_40h,1h,2025-08,-0.0250136,-0.0250136,744,False
mom_40h,1h,2025-09,-0.02214436,-0.02214436,720,False
mom_40h,1h,2025-10,-0.02317878,-0.02317878,744,False
mom_40h,1h,2025-11,-0.02553226,-0.02553226,720,False
mom_40h,1h,2025-12,-0.02630422,-0.02630422,744,False
mom_40h,1h,2026-01,-0.01820985,-0.01820985,744,False
mom_40h,1h,2026-02,-0.01322031,-0.01322031,672,False
mom_40h,1h,2026-03,-0.00451532,-0.00451532,744,False
mom_40h,1h,2026-04,-0.01935118,-0.01935118,720,False
mom_40h,1h,2026-05,-0.00745914,-0.00745914,744,False
mom_40h,1h,2026-06,0.00196105,0.00196105,288,False
mom_40h,24h,2024-06,0.03869624,0.03869624,679,True
mom_40h,24h,2024-07,-0.03617513,-0.03617513,744,False
mom_40h,24h,2024-08,0.029141,0.029141,744,True
mom_40h,24h,2024-09,-0.05635297,-0.05635297,720,False
mom_40h,24h,2024-10,-0.06470056,-0.06470056,744,False
mom_40h,24h,2024-11,0.00551614,0.00551614,720,True
mom_40h,24h,2024-12,-0.03941659,-0.03941659,744,False
mom_40h,24h,2025-01,0.04360552,0.04360552,744,True
mom_40h,24h,2025-02,-0.0152404,-0.0152404,672,True
mom_40h,24h,2025-03,-0.0291619,-0.0291619,744,False
mom_40h,24h,2025-04,-0.03932657,-0.03932657,720,False
mom_40h,24h,2025-05,-0.04625627,-0.04625627,744,False
mom_40h,24h,2025-06,-0.09313102,-0.09313102,720,False
mom_40h,24h,2025-07,-0.05653941,-0.05653941,744,False
mom_40h,24h,2025-08,-0.06823785,-0.06823785,744,False
mom_40h,24h,2025-09,-0.03917741,-0.03917741,720,False
mom_40h,24h,2025-10,-0.04899136,-0.04899136,744,False
mom_40h,24h,2025-11,-0.04039762,-0.04039762,720,False
mom_40h,24h,2025-12,-0.04360633,-0.04360633,744,False
mom_40h,24h,2026-01,-0.01670978,-0.01670978,744,False
mom_40h,24h,2026-02,-0.02332434,-0.02332434,672,False
mom_40h,24h,2026-03,-0.01148576,-0.01148576,744,False
mom_40h,24h,2026-04,-0.04911338,-0.04911338,720,False
mom_40h,24h,2026-05,0.00665385,0.00665385,744,True
mom_40h,24h,2026-06,0.01456314,0.01456314,265,True
mom_40h,4h,2024-06,0.01086342,0.01086342,679,True
mom_40h,4h,2024-07,-0.0201809,-0.0201809,744,False
mom_40h,4h,2024-08,-0.0202693,-0.0202693,744,False
mom_40h,4h,2024-09,-0.03122207,-0.03122207,720,False
mom_40h,4h,2024-10,-0.04702139,-0.04702139,744,False
mom_40h,4h,2024-11,-0.02364466,-0.02364466,720,False
mom_40h,4h,2024-12,-0.03123568,-0.03123568,744,False
mom_40h,4h,2025-01,0.00377706,0.00377706,744,True
mom_40h,4h,2025-02,-0.00268718,-0.00268718,672,True
mom_40h,4h,2025-03,-0.02688786,-0.02688786,744,False
mom_40h,4h,2025-04,-0.03141341,-0.03141341,720,False
mom_40h,4h,2025-05,-0.02380291,-0.02380291,744,False
mom_40h,4h,2025-06,-0.04544215,-0.04544215,720,False
mom_40h,4h,2025-07,-0.03989286,-0.03989286,744,False
mom_40h,4h,2025-08,-0.03278763,-0.03278763,744,False
mom_40h,4h,2025-09,-0.03115453,-0.03115453,720,False
mom_40h,4h,2025-10,-0.03548388,-0.03548388,744,False
mom_40h,4h,2025-11,-0.04021989,-0.04021989,720,False
mom_40h,4h,2025-12,-0.04242853,-0.04242853,744,False
mom_40h,4h,2026-01,-0.02481585,-0.02481585,744,False
mom_40h,4h,2026-02,-0.02161306,-0.02161306,672,False
mom_40h,4h,2026-03,-0.01039161,-0.01039161,744,False
mom_40h,4h,2026-04,-0.04074428,-0.04074428,720,False
mom_40h,4h,2026-05,-0.01391816,-0.01391816,744,False
mom_40h,4h,2026-06,0.01180576,0.01180576,285,True
mom_40h,72h,2024-06,0.06913821,0.06913821,679,True
mom_40h,72h,2024-07,-0.06064736,-0.06064736,744,False
mom_40h,72h,2024-08,0.01444134,0.01444134,744,True
mom_40h,72h,2024-09,-0.06420057,-0.06420057,720,False
mom_40h,72h,2024-10,-0.0995135,-0.0995135,744,False
mom_40h,72h,2024-11,0.02225567,0.02225567,720,True
mom_40h,72h,2024-12,-0.02425337,-0.02425337,744,False
mom_40h,72h,2025-01,0.03796483,0.03796483,744,True
mom_40h,72h,2025-02,-0.05761559,-0.05761559,672,False
mom_40h,72h,2025-03,-0.00896659,-0.00896659,744,False
mom_40h,72h,2025-04,0.0209714,0.0209714,720,True
mom_40h,72h,2025-05,-0.05079089,-0.05079089,744,False
mom_40h,72h,2025-06,-0.11572123,-0.11572123,720,False
mom_40h,72h,2025-07,-0.04463305,-0.04463305,744,False
mom_40h,72h,2025-08,-0.0427444,-0.0427444,744,False
mom_40h,72h,2025-09,-0.01576426,-0.01576426,720,False
mom_40h,72h,2025-10,-0.01430781,-0.01430781,744,False
mom_40h,72h,2025-11,-0.01444003,-0.01444003,720,True
mom_40h,72h,2025-12,-0.03953062,-0.03953062,744,False
mom_40h,72h,2026-01,0.03798959,0.03798959,744,True
mom_40h,72h,2026-02,0.00254075,0.00254075,672,True
mom_40h,72h,2026-03,-0.00852456,-0.00852456,744,False
mom_40h,72h,2026-04,-0.04796931,-0.04796931,720,False
mom_40h,72h,2026-05,0.00059402,0.00059402,744,True
mom_40h,72h,2026-06,-0.0464851,-0.0464851,217,False
mom_5h,1h,2024-06,-0.01023308,-0.01023308,714,True
mom_5h,1h,2024-07,-0.01890019,-0.01890019,744,False
mom_5h,1h,2024-08,-0.03806241,-0.03806241,744,False
mom_5h,1h,2024-09,-0.03974095,-0.03974095,720,False
mom_5h,1h,2024-10,-0.04576344,-0.04576344,743,False
mom_5h,1h,2024-11,-0.03860562,-0.03860562,720,False
mom_5h,1h,2024-12,-0.05441768,-0.05441768,744,False
mom_5h,1h,2025-01,-0.00972671,-0.00972671,744,False
mom_5h,1h,2025-02,-0.01381294,-0.01381294,672,False
mom_5h,1h,2025-03,-0.03107401,-0.03107401,744,False
mom_5h,1h,2025-04,-0.04098414,-0.04098414,720,False
mom_5h,1h,2025-05,-0.02134012,-0.02134012,744,False
mom_5h,1h,2025-06,-0.02981673,-0.02981673,720,False
mom_5h,1h,2025-07,-0.04284645,-0.04284645,744,False
mom_5h,1h,2025-08,-0.04636943,-0.04636943,744,False
mom_5h,1h,2025-09,-0.03504818,-0.03504818,720,False
mom_5h,1h,2025-10,-0.03523154,-0.03523154,744,False
mom_5h,1h,2025-11,-0.03372743,-0.03372743,720,False
mom_5h,1h,2025-12,-0.04128887,-0.04128887,744,False
mom_5h,1h,2026-01,-0.03792431,-0.03792431,744,False
mom_5h,1h,2026-02,-0.02155255,-0.02155255,672,False
mom_5h,1h,2026-03,-0.02170347,-0.02170347,744,False
mom_5h,1h,2026-04,-0.02694816,-0.02694816,720,False
mom_5h,1h,2026-05,-0.03504999,-0.03504999,744,False
mom_5h,1h,2026-06,-0.03868507,-0.03868507,288,False
mom_5h,24h,2024-06,0.00664242,0.00664242,714,True
mom_5h,24h,2024-07,-0.01760865,-0.01760865,744,False
mom_5h,24h,2024-08,-0.01648733,-0.01648733,744,False
mom_5h,24h,2024-09,-0.00632985,-0.00632985,720,False
mom_5h,24h,2024-10,-0.02381601,-0.02381601,744,False
mom_5h,24h,2024-11,-0.02369874,-0.02369874,720,False
mom_5h,24h,2024-12,-0.03323989,-0.03323989,744,False
mom_5h,24h,2025-01,-0.00746097,-0.00746097,744,False
mom_5h,24h,2025-02,-0.01184483,-0.01184483,672,False
mom_5h,24h,2025-03,-0.00606812,-0.00606812,744,False
mom_5h,24h,2025-04,-0.01651051,-0.01651051,720,False
mom_5h,24h,2025-05,-0.03081972,-0.03081972,744,False
mom_5h,24h,2025-06,-0.01830807,-0.01830807,720,False
mom_5h,24h,2025-07,-0.02129758,-0.02129758,744,False
mom_5h,24h,2025-08,-0.00460453,-0.00460453,744,True
mom_5h,24h,2025-09,-0.01796648,-0.01796648,720,False
mom_5h,24h,2025-10,-0.0358913,-0.0358913,744,False
mom_5h,24h,2025-11,-0.02379415,-0.02379415,720,False
mom_5h,24h,2025-12,-0.03643928,-0.03643928,744,False
mom_5h,24h,2026-01,-0.02084088,-0.02084088,744,False
mom_5h,24h,2026-02,-0.04092716,-0.04092716,672,False
mom_5h,24h,2026-03,-0.03344397,-0.03344397,744,False
mom_5h,24h,2026-04,-0.04967819,-0.04967819,720,False
mom_5h,24h,2026-05,-0.02387052,-0.02387052,744,False
mom_5h,24h,2026-06,0.00535576,0.00535576,265,True
mom_5h,4h,2024-06,-0.00253821,-0.00253821,714,True
mom_5h,4h,2024-07,-0.03128758,-0.03128758,744,False
mom_5h,4h,2024-08,-0.05048079,-0.05048079,744,False
mom_5h,4h,2024-09,-0.02367023,-0.02367023,720,False
mom_5h,4h,2024-10,-0.04338146,-0.04338146,744,False
mom_5h,4h,2024-11,-0.02731522,-0.02731522,720,False
mom_5h,4h,2024-12,-0.0433751,-0.0433751,744,False
mom_5h,4h,2025-01,-0.00417807,-0.00417807,744,False
mom_5h,4h,2025-02,-0.00412224,-0.00412224,672,False
mom_5h,4h,2025-03,-0.03203895,-0.03203895,744,False
mom_5h,4h,2025-04,-0.04284838,-0.04284838,720,False
mom_5h,4h,2025-05,-0.01093261,-0.01093261,744,False
mom_5h,4h,2025-06,-0.04121755,-0.04121755,720,False
mom_5h,4h,2025-07,-0.04480989,-0.04480989,744,False
mom_5h,4h,2025-08,-0.04218964,-0.04218964,744,False
mom_5h,4h,2025-09,-0.02827912,-0.02827912,720,False
mom_5h,4h,2025-10,-0.03759316,-0.03759316,744,False
mom_5h,4h,2025-11,-0.03395686,-0.03395686,720,False
mom_5h,4h,2025-12,-0.04786908,-0.04786908,744,False
mom_5h,4h,2026-01,-0.03167778,-0.03167778,744,False
mom_5h,4h,2026-02,-0.02036629,-0.02036629,672,False
mom_5h,4h,2026-03,-0.03586466,-0.03586466,744,False
mom_5h,4h,2026-04,-0.03356608,-0.03356608,720,False
mom_5h,4h,2026-05,-0.04670704,-0.04670704,744,False
mom_5h,4h,2026-06,-0.04092408,-0.04092408,285,False
mom_5h,72h,2024-06,0.03314193,0.03314193,714,True
mom_5h,72h,2024-07,-0.01786556,-0.01786556,744,False
mom_5h,72h,2024-08,0.00198044,0.00198044,744,False
mom_5h,72h,2024-09,-0.01941693,-0.01941693,720,False
mom_5h,72h,2024-10,-0.02638121,-0.02638121,744,False
mom_5h,72h,2024-11,0.01068198,0.01068198,720,True
mom_5h,72h,2024-12,-0.02312481,-0.02312481,744,False
mom_5h,72h,2025-01,0.01782386,0.01782386,744,True
mom_5h,72h,2025-02,-0.02224508,-0.02224508,672,False
mom_5h,72h,2025-03,-0.00625557,-0.00625557,744,False
mom_5h,72h,2025-04,-0.0083599,-0.0083599,720,False
mom_5h,72h,2025-05,-0.01402282,-0.01402282,744,False
mom_5h,72h,2025-06,-0.04211949,-0.04211949,720,False
mom_5h,72h,2025-07,-0.01932406,-0.01932406,744,False
mom_5h,72h,2025-08,-0.02872661,-0.02872661,744,False
mom_5h,72h,2025-09,-0.00054648,-0.00054648,720,True
mom_5h,72h,2025-10,-0.0140142,-0.0140142,744,False
mom_5h,72h,2025-11,-0.00492455,-0.00492455,720,False
mom_5h,72h,2025-12,-0.02477609,-0.02477609,744,False
mom_5h,72h,2026-01,0.00287057,0.00287057,744,False
mom_5h,72h,2026-02,-0.01200888,-0.01200888,672,False
mom_5h,72h,2026-03,-0.01632533,-0.01632533,744,False
mom_5h,72h,2026-04,-0.02466394,-0.02466394,720,False
mom_5h,72h,2026-05,-0.00120291,-0.00120291,744,True
mom_5h,72h,2026-06,0.00506618,0.00506618,217,True
mom_72h,1h,2024-06,0.00872602,0.00872602,647,True
mom_72h,1h,2024-07,-0.00893209,-0.00893209,744,False
mom_72h,1h,2024-08,-0.00906536,-0.00906536,744,False
mom_72h,1h,2024-09,-0.02644405,-0.02644405,720,False
mom_72h,1h,2024-10,-0.02976216,-0.02976216,743,False
mom_72h,1h,2024-11,-0.02043796,-0.02043796,720,False
mom_72h,1h,2024-12,-0.02319298,-0.02319298,744,False
mom_72h,1h,2025-01,0.00051693,0.00051693,744,True
mom_72h,1h,2025-02,-0.01997494,-0.01997494,672,False
mom_72h,1h,2025-03,-0.02044684,-0.02044684,744,False
mom_72h,1h,2025-04,-0.01282642,-0.01282642,720,False
mom_72h,1h,2025-05,-0.01545035,-0.01545035,744,False
mom_72h,1h,2025-06,-0.02552272,-0.02552272,720,False
mom_72h,1h,2025-07,-0.02840418,-0.02840418,744,False
mom_72h,1h,2025-08,-0.0274614,-0.0274614,744,False
mom_72h,1h,2025-09,-0.01817823,-0.01817823,720,False
mom_72h,1h,2025-10,-0.02277562,-0.02277562,744,False
mom_72h,1h,2025-11,-0.01456627,-0.01456627,720,False
mom_72h,1h,2025-12,-0.0202579,-0.0202579,744,False
mom_72h,1h,2026-01,-0.01192149,-0.01192149,744,False
mom_72h,1h,2026-02,-0.00508822,-0.00508822,672,False
mom_72h,1h,2026-03,-0.00650534,-0.00650534,744,False
mom_72h,1h,2026-04,-0.01514722,-0.01514722,720,False
mom_72h,1h,2026-05,-0.00686968,-0.00686968,744,False
mom_72h,1h,2026-06,-0.00778949,-0.00778949,288,False
mom_72h,24h,2024-06,0.03947325,0.03947325,647,True
mom_72h,24h,2024-07,-0.04322254,-0.04322254,744,False
mom_72h,24h,2024-08,0.00441443,0.00441443,744,True
mom_72h,24h,2024-09,-0.07351851,-0.07351851,720,False
mom_72h,24h,2024-10,-0.09187632,-0.09187632,744,False
mom_72h,24h,2024-11,-0.01825937,-0.01825937,720,False
mom_72h,24h,2024-12,-0.04374774,-0.04374774,744,False
mom_72h,24h,2025-01,0.00996075,0.00996075,744,False
mom_72h,24h,2025-02,-0.05358774,-0.05358774,672,False
mom_72h,24h,2025-03,-0.0236921,-0.0236921,744,False
mom_72h,24h,2025-04,0.01421857,0.01421857,720,True
mom_72h,24h,2025-05,-0.04062772,-0.04062772,744,False
mom_72h,24h,2025-06,-0.10251853,-0.10251853,720,False
mom_72h,24h,2025-07,-0.04871717,-0.04871717,744,False
mom_72h,24h,2025-08,-0.06547805,-0.06547805,744,False
mom_72h,24h,2025-09,-0.03611282,-0.03611282,720,False
mom_72h,24h,2025-10,-0.03511534,-0.03511534,744,False
mom_72h,24h,2025-11,-0.0098049,-0.0098049,720,False
mom_72h,24h,2025-12,-0.04308975,-0.04308975,744,False
mom_72h,24h,2026-01,0.00350425,0.00350425,744,False
mom_72h,24h,2026-02,-0.01014471,-0.01014471,672,False
mom_72h,24h,2026-03,-0.01481371,-0.01481371,744,False
mom_72h,24h,2026-04,-0.04663325,-0.04663325,720,False
mom_72h,24h,2026-05,-0.00730068,-0.00730068,744,False
mom_72h,24h,2026-06,-0.02722182,-0.02722182,265,False
mom_72h,4h,2024-06,0.01264936,0.01264936,647,False
mom_72h,4h,2024-07,-0.02491687,-0.02491687,744,False
mom_72h,4h,2024-08,-0.01616265,-0.01616265,744,False
mom_72h,4h,2024-09,-0.03972202,-0.03972202,720,False
mom_72h,4h,2024-10,-0.04403837,-0.04403837,744,False
mom_72h,4h,2024-11,-0.02017096,-0.02017096,720,False
mom_72h,4h,2024-12,-0.03269425,-0.03269425,744,False
mom_72h,4h,2025-01,-0.00641881,-0.00641881,744,False
mom_72h,4h,2025-02,-0.03667628,-0.03667628,672,False
mom_72h,4h,2025-03,-0.03108423,-0.03108423,744,False
mom_72h,4h,2025-04,-0.01302297,-0.01302297,720,False
mom_72h,4h,2025-05,-0.02548873,-0.02548873,744,False
mom_72h,4h,2025-06,-0.04696963,-0.04696963,720,False
mom_72h,4h,2025-07,-0.04223741,-0.04223741,744,False
mom_72h,4h,2025-08,-0.04460906,-0.04460906,744,False
mom_72h,4h,2025-09,-0.0267377,-0.0267377,720,False
mom_72h,4h,2025-10,-0.03652926,-0.03652926,744,False
mom_72h,4h,2025-11,-0.01751889,-0.01751889,720,False
mom_72h,4h,2025-12,-0.03473909,-0.03473909,744,False
mom_72h,4h,2026-01,-0.01504792,-0.01504792,744,False
mom_72h,4h,2026-02,-0.0091538,-0.0091538,672,False
mom_72h,4h,2026-03,-0.01382292,-0.01382292,744,False
mom_72h,4h,2026-04,-0.02920326,-0.02920326,720,False
mom_72h,4h,2026-05,-0.01340164,-0.01340164,744,False
mom_72h,4h,2026-06,-0.0038665,-0.0038665,285,False
mom_72h,72h,2024-06,0.07960787,0.07960787,647,True
mom_72h,72h,2024-07,-0.06825687,-0.06825687,744,False
mom_72h,72h,2024-08,-0.02623689,-0.02623689,744,False
mom_72h,72h,2024-09,-0.05015073,-0.05015073,720,False
mom_72h,72h,2024-10,-0.11276718,-0.11276718,744,False
mom_72h,72h,2024-11,0.01820445,0.01820445,720,True
mom_72h,72h,2024-12,-0.01637754,-0.01637754,744,False
mom_72h,72h,2025-01,0.06200081,0.06200081,744,True
mom_72h,72h,2025-02,-0.06271754,-0.06271754,672,False
mom_72h,72h,2025-03,0.01027711,0.01027711,744,True
mom_72h,72h,2025-04,0.04947212,0.04947212,720,True
mom_72h,72h,2025-05,-0.06757825,-0.06757825,744,False
mom_72h,72h,2025-06,-0.07834602,-0.07834602,720,False
mom_72h,72h,2025-07,-0.04775983,-0.04775983,744,False
mom_72h,72h,2025-08,-0.04094177,-0.04094177,744,False
mom_72h,72h,2025-09,-0.01093897,-0.01093897,720,False
mom_72h,72h,2025-10,-0.00194164,-0.00194164,744,False
mom_72h,72h,2025-11,-0.00055148,-0.00055148,720,True
mom_72h,72h,2025-12,-0.01294028,-0.01294028,744,False
mom_72h,72h,2026-01,0.05484525,0.05484525,744,True
mom_72h,72h,2026-02,0.02226665,0.02226665,672,True
mom_72h,72h,2026-03,-0.02377768,-0.02377768,744,False
mom_72h,72h,2026-04,-0.06588786,-0.06588786,720,False
mom_72h,72h,2026-05,-0.01049887,-0.01049887,744,True
mom_72h,72h,2026-06,-0.09345139,-0.09345139,217,False
mom_accel_20h,1h,2024-06,-0.01400407,-0.01400407,694,False
mom_accel_20h,1h,2024-07,-0.01497078,-0.01497078,744,False
mom_accel_20h,1h,2024-08,-0.03126538,-0.03126538,744,False
mom_accel_20h,1h,2024-09,-0.02627224,-0.02627224,720,False
mom_accel_20h,1h,2024-10,-0.03821092,-0.03821092,743,False
mom_accel_20h,1h,2024-11,-0.01766049,-0.01766049,720,False
mom_accel_20h,1h,2024-12,-0.03683286,-0.03683286,744,False
mom_accel_20h,1h,2025-01,-0.01445757,-0.01445757,744,False
mom_accel_20h,1h,2025-02,-0.01985742,-0.01985742,672,False
mom_accel_20h,1h,2025-03,-0.02818892,-0.02818892,744,False
mom_accel_20h,1h,2025-04,-0.03045352,-0.03045352,720,False
mom_accel_20h,1h,2025-05,-0.01884014,-0.01884014,744,False
mom_accel_20h,1h,2025-06,-0.02961182,-0.02961182,720,False
mom_accel_20h,1h,2025-07,-0.0271629,-0.0271629,744,False
mom_accel_20h,1h,2025-08,-0.0333708,-0.0333708,744,False
mom_accel_20h,1h,2025-09,-0.02701928,-0.02701928,720,False
mom_accel_20h,1h,2025-10,-0.02138615,-0.02138615,744,False
mom_accel_20h,1h,2025-11,-0.02155291,-0.02155291,720,False
mom_accel_20h,1h,2025-12,-0.0267923,-0.0267923,744,False
mom_accel_20h,1h,2026-01,-0.02324548,-0.02324548,744,False
mom_accel_20h,1h,2026-02,-0.00996013,-0.00996013,672,False
mom_accel_20h,1h,2026-03,-0.01369344,-0.01369344,744,False
mom_accel_20h,1h,2026-04,-0.01477802,-0.01477802,720,False
mom_accel_20h,1h,2026-05,-0.02784568,-0.02784568,744,False
mom_accel_20h,1h,2026-06,-0.03648855,-0.03648855,288,False
mom_accel_20h,24h,2024-06,-0.02450359,-0.02450359,694,False
mom_accel_20h,24h,2024-07,-0.00753282,-0.00753282,744,False
mom_accel_20h,24h,2024-08,-0.02585983,-0.02585983,744,False
mom_accel_20h,24h,2024-09,0.00148397,0.00148397,720,True
mom_accel_20h,24h,2024-10,-0.0018135,-0.0018135,744,True
mom_accel_20h,24h,2024-11,-0.03189093,-0.03189093,720,False
mom_accel_20h,24h,2024-12,-0.0240116,-0.0240116,744,False
mom_accel_20h,24h,2025-01,-0.0385151,-0.0385151,744,False
mom_accel_20h,24h,2025-02,-0.0333299,-0.0333299,672,False
mom_accel_20h,24h,2025-03,-0.008025,-0.008025,744,False
mom_accel_20h,24h,2025-04,0.00488694,0.00488694,720,False
mom_accel_20h,24h,2025-05,-0.03120881,-0.03120881,744,False
mom_accel_20h,24h,2025-06,0.01306601,0.01306601,720,True
mom_accel_20h,24h,2025-07,-0.00167741,-0.00167741,744,True
mom_accel_20h,24h,2025-08,0.01303481,0.01303481,744,True
mom_accel_20h,24h,2025-09,-0.01298473,-0.01298473,720,False
mom_accel_20h,24h,2025-10,-0.0271624,-0.0271624,744,False
mom_accel_20h,24h,2025-11,-0.01917694,-0.01917694,720,False
mom_accel_20h,24h,2025-12,-0.0297156,-0.0297156,744,False
mom_accel_20h,24h,2026-01,-0.02647917,-0.02647917,744,False
mom_accel_20h,24h,2026-02,-0.03658233,-0.03658233,672,False
mom_accel_20h,24h,2026-03,-0.03296159,-0.03296159,744,False
mom_accel_20h,24h,2026-04,-0.03662321,-0.03662321,720,False
mom_accel_20h,24h,2026-05,-0.03575483,-0.03575483,744,False
mom_accel_20h,24h,2026-06,-0.00351601,-0.00351601,265,False
mom_accel_20h,4h,2024-06,-0.02046863,-0.02046863,694,False
mom_accel_20h,4h,2024-07,-0.03031491,-0.03031491,744,False
mom_accel_20h,4h,2024-08,-0.04055662,-0.04055662,744,False
mom_accel_20h,4h,2024-09,-0.01419842,-0.01419842,720,False
mom_accel_20h,4h,2024-10,-0.03312156,-0.03312156,744,False
mom_accel_20h,4h,2024-11,-0.0136188,-0.0136188,720,False
mom_accel_20h,4h,2024-12,-0.02701379,-0.02701379,744,False
mom_accel_20h,4h,2025-01,-0.0185727,-0.0185727,744,False
mom_accel_20h,4h,2025-02,-0.01616541,-0.01616541,672,False
mom_accel_20h,4h,2025-03,-0.03977149,-0.03977149,744,False
mom_accel_20h,4h,2025-04,-0.02433123,-0.02433123,720,False
mom_accel_20h,4h,2025-05,-0.00918879,-0.00918879,744,False
mom_accel_20h,4h,2025-06,-0.04036792,-0.04036792,720,False
mom_accel_20h,4h,2025-07,-0.02150603,-0.02150603,744,False
mom_accel_20h,4h,2025-08,-0.02425238,-0.02425238,744,False
mom_accel_20h,4h,2025-09,-0.01684437,-0.01684437,720,False
mom_accel_20h,4h,2025-10,-0.01460585,-0.01460585,744,False
mom_accel_20h,4h,2025-11,-0.02553611,-0.02553611,720,False
mom_accel_20h,4h,2025-12,-0.03229367,-0.03229367,744,False
mom_accel_20h,4h,2026-01,-0.01750405,-0.01750405,744,False
mom_accel_20h,4h,2026-02,-0.00436474,-0.00436474,672,False
mom_accel_20h,4h,2026-03,-0.03069733,-0.03069733,744,False
mom_accel_20h,4h,2026-04,-0.01838609,-0.01838609,720,False
mom_accel_20h,4h,2026-05,-0.04317145,-0.04317145,744,False
mom_accel_20h,4h,2026-06,-0.03913496,-0.03913496,285,False
mom_accel_20h,72h,2024-06,-0.00502501,-0.00502501,694,False
mom_accel_20h,72h,2024-07,-0.0016069,-0.0016069,744,False
mom_accel_20h,72h,2024-08,-0.0063426,-0.0063426,744,False
mom_accel_20h,72h,2024-09,0.00055186,0.00055186,720,True
mom_accel_20h,72h,2024-10,0.00027609,0.00027609,744,False
mom_accel_20h,72h,2024-11,-0.00853743,-0.00853743,720,False
mom_accel_20h,72h,2024-12,-0.01725728,-0.01725728,744,False
mom_accel_20h,72h,2025-01,-0.01064689,-0.01064689,744,False
mom_accel_20h,72h,2025-02,-0.008642,-0.008642,672,False
mom_accel_20h,72h,2025-03,-0.01244689,-0.01244689,744,False
mom_accel_20h,72h,2025-04,-0.01463342,-0.01463342,720,False
mom_accel_20h,72h,2025-05,-0.00655586,-0.00655586,744,False
mom_accel_20h,72h,2025-06,-0.01121087,-0.01121087,720,False
mom_accel_20h,72h,2025-07,-0.00534169,-0.00534169,744,False
mom_accel_20h,72h,2025-08,-0.01620959,-0.01620959,744,False
mom_accel_20h,72h,2025-09,-0.00692556,-0.00692556,720,False
mom_accel_20h,72h,2025-10,-0.02198126,-0.02198126,744,False
mom_accel_20h,72h,2025-11,-0.00982767,-0.00982767,720,False
mom_accel_20h,72h,2025-12,-0.02037085,-0.02037085,744,False
mom_accel_20h,72h,2026-01,-0.01844351,-0.01844351,744,False
mom_accel_20h,72h,2026-02,-0.01325262,-0.01325262,672,False
mom_accel_20h,72h,2026-03,-0.01560082,-0.01560082,744,False
mom_accel_20h,72h,2026-04,-0.01818323,-0.01818323,720,False
mom_accel_20h,72h,2026-05,-0.01429841,-0.01429841,744,False
mom_accel_20h,72h,2026-06,0.00285447,0.00285447,217,False
price_pos_120h,1h,2024-06,0.01129052,0.01129052,600,True
price_pos_120h,1h,2024-07,-0.00688736,-0.00688736,744,False
price_pos_120h,1h,2024-08,-0.01426751,-0.01426751,744,False
price_pos_120h,1h,2024-09,-0.01506917,-0.01506917,720,False
price_pos_120h,1h,2024-10,-0.03081896,-0.03081896,743,False
price_pos_120h,1h,2024-11,-0.01056719,-0.01056719,720,False
price_pos_120h,1h,2024-12,-0.02670936,-0.02670936,744,False
price_pos_120h,1h,2025-01,0.00533279,0.00533279,744,True
price_pos_120h,1h,2025-02,-0.00098093,-0.00098093,672,False
price_pos_120h,1h,2025-03,-0.01224625,-0.01224625,744,False
price_pos_120h,1h,2025-04,-0.00975607,-0.00975607,720,False
price_pos_120h,1h,2025-05,-0.01979377,-0.01979377,744,False
price_pos_120h,1h,2025-06,-0.02455877,-0.02455877,720,False
price_pos_120h,1h,2025-07,-0.01545416,-0.01545416,744,False
price_pos_120h,1h,2025-08,-0.01933034,-0.01933034,744,False
price_pos_120h,1h,2025-09,-0.01352967,-0.01352967,720,False
price_pos_120h,1h,2025-10,-0.01445167,-0.01445167,744,False
price_pos_120h,1h,2025-11,-0.01165292,-0.01165292,720,False
price_pos_120h,1h,2025-12,-0.02128506,-0.02128506,744,False
price_pos_120h,1h,2026-01,-0.01161035,-0.01161035,744,False
price_pos_120h,1h,2026-02,-0.00626382,-0.00626382,672,False
price_pos_120h,1h,2026-03,-0.00828793,-0.00828793,744,False
price_pos_120h,1h,2026-04,-0.01201375,-0.01201375,720,False
price_pos_120h,1h,2026-05,-0.00916392,-0.00916392,744,False
price_pos_120h,1h,2026-06,-0.01192994,-0.01192994,288,False
price_pos_120h,24h,2024-06,0.04690382,0.04690382,600,True
price_pos_120h,24h,2024-07,-0.03266411,-0.03266411,744,False
price_pos_120h,24h,2024-08,0.01107827,0.01107827,744,True
price_pos_120h,24h,2024-09,-0.01456298,-0.01456298,720,False
price_pos_120h,24h,2024-10,-0.05616404,-0.05616404,744,False
price_pos_120h,24h,2024-11,0.03051121,0.03051121,720,True
price_pos_120h,24h,2024-12,-0.00245694,-0.00245694,744,True
price_pos_120h,24h,2025-01,0.0436018,0.0436018,744,True
price_pos_120h,24h,2025-02,0.00748772,0.00748772,672,True
price_pos_120h,24h,2025-03,-0.00729576,-0.00729576,744,False
price_pos_120h,24h,2025-04,0.01096224,0.01096224,720,False
price_pos_120h,24h,2025-05,-0.06187496,-0.06187496,744,False
price_pos_120h,24h,2025-06,-0.05585952,-0.05585952,720,False
price_pos_120h,24h,2025-07,0.00931867,0.00931867,744,False
price_pos_120h,24h,2025-08,-0.03065465,-0.03065465,744,False
price_pos_120h,24h,2025-09,0.0028066,0.0028066,720,True
price_pos_120h,24h,2025-10,-0.02449587,-0.02449587,744,False
price_pos_120h,24h,2025-11,0.0047913,0.0047913,720,False
price_pos_120h,24h,2025-12,-0.02185968,-0.02185968,744,False
price_pos_120h,24h,2026-01,0.0251108,0.0251108,744,True
price_pos_120h,24h,2026-02,-0.01571593,-0.01571593,672,False
price_pos_120h,24h,2026-03,-0.01865173,-0.01865173,744,False
price_pos_120h,24h,2026-04,-0.02906711,-0.02906711,720,False
price_pos_120h,24h,2026-05,0.00903023,0.00903023,744,True
price_pos_120h,24h,2026-06,-0.00207717,-0.00207717,265,True
price_pos_120h,4h,2024-06,0.01599991,0.01599991,600,True
price_pos_120h,4h,2024-07,-0.01443905,-0.01443905,744,False
price_pos_120h,4h,2024-08,-0.02120457,-0.02120457,744,False
price_pos_120h,4h,2024-09,-0.00851447,-0.00851447,720,False
price_pos_120h,4h,2024-10,-0.04601032,-0.04601032,744,False
price_pos_120h,4h,2024-11,-0.00150433,-0.00150433,720,False
price_pos_120h,4h,2024-12,-0.02869449,-0.02869449,744,False
price_pos_120h,4h,2025-01,0.01160677,0.01160677,744,True
price_pos_120h,4h,2025-02,0.00038556,0.00038556,672,True
price_pos_120h,4h,2025-03,-0.01749922,-0.01749922,744,False
price_pos_120h,4h,2025-04,-0.0050648,-0.0050648,720,False
price_pos_120h,4h,2025-05,-0.03156748,-0.03156748,744,False
price_pos_120h,4h,2025-06,-0.04368237,-0.04368237,720,False
price_pos_120h,4h,2025-07,-0.01455788,-0.01455788,744,False
price_pos_120h,4h,2025-08,-0.02262506,-0.02262506,744,False
price_pos_120h,4h,2025-09,-0.01276293,-0.01276293,720,False
price_pos_120h,4h,2025-10,-0.02011623,-0.02011623,744,False
price_pos_120h,4h,2025-11,-0.01077534,-0.01077534,720,False
price_pos_120h,4h,2025-12,-0.03208751,-0.03208751,744,False
price_pos_120h,4h,2026-01,-0.00314547,-0.00314547,744,True
price_pos_120h,4h,2026-02,-0.00850222,-0.00850222,672,False
price_pos_120h,4h,2026-03,-0.01554085,-0.01554085,744,False
price_pos_120h,4h,2026-04,-0.02052807,-0.02052807,720,False
price_pos_120h,4h,2026-05,-0.01159785,-0.01159785,744,False
price_pos_120h,4h,2026-06,-0.00689651,-0.00689651,285,False
price_pos_120h,72h,2024-06,0.08436346,0.08436346,600,True
price_pos_120h,72h,2024-07,-0.04528252,-0.04528252,744,False
price_pos_120h,72h,2024-08,-0.02717191,-0.02717191,744,False
price_pos_120h,72h,2024-09,-0.02144448,-0.02144448,720,False
price_pos_120h,72h,2024-10,-0.0490532,-0.0490532,744,False
price_pos_120h,72h,2024-11,0.07479132,0.07479132,720,True
price_pos_120h,72h,2024-12,0.0200958,0.0200958,744,True
price_pos_120h,72h,2025-01,0.09531884,0.09531884,744,True
price_pos_120h,72h,2025-02,-0.01177067,-0.01177067,672,False
price_pos_120h,72h,2025-03,0.00253549,0.00253549,744,False
price_pos_120h,72h,2025-04,0.02623732,0.02623732,720,True
price_pos_120h,72h,2025-05,-0.07652782,-0.07652782,744,False
price_pos_120h,72h,2025-06,-0.035476,-0.035476,720,False
price_pos_120h,72h,2025-07,0.01930633,0.01930633,744,True
price_pos_120h,72h,2025-08,-0.02057829,-0.02057829,744,False
price_pos_120h,72h,2025-09,0.00849103,0.00849103,720,True
price_pos_120h,72h,2025-10,-0.00377498,-0.00377498,744,False
price_pos_120h,72h,2025-11,0.02335746,0.02335746,720,True
price_pos_120h,72h,2025-12,0.00479591,0.00479591,744,True
price_pos_120h,72h,2026-01,0.06410461,0.06410461,744,True
price_pos_120h,72h,2026-02,0.00460039,0.00460039,672,True
price_pos_120h,72h,2026-03,-0.0133856,-0.0133856,744,True
price_pos_120h,72h,2026-04,-0.02612396,-0.02612396,720,False
price_pos_120h,72h,2026-05,0.0169972,0.0169972,744,True
price_pos_120h,72h,2026-06,-0.05064765,-0.05064765,217,False
price_pos_24h,1h,2024-06,0.00319237,0.00319237,696,True
price_pos_24h,1h,2024-07,-0.00973363,-0.00973363,744,False
price_pos_24h,1h,2024-08,-0.02333078,-0.02333078,744,False
price_pos_24h,1h,2024-09,-0.02326961,-0.02326961,720,False
price_pos_24h,1h,2024-10,-0.02958195,-0.02958195,743,False
price_pos_24h,1h,2024-11,-0.01854354,-0.01854354,720,False
price_pos_24h,1h,2024-12,-0.04144372,-0.04144372,744,False
price_pos_24h,1h,2025-01,-0.00907781,-0.00907781,744,False
price_pos_24h,1h,2025-02,-0.00212215,-0.00212215,672,True
price_pos_24h,1h,2025-03,-0.0195884,-0.0195884,744,False
price_pos_24h,1h,2025-04,-0.01975272,-0.01975272,720,False
price_pos_24h,1h,2025-05,-0.02138219,-0.02138219,744,False
price_pos_24h,1h,2025-06,-0.02324183,-0.02324183,720,False
price_pos_24h,1h,2025-07,-0.0317027,-0.0317027,744,False
price_pos_24h,1h,2025-08,-0.02255776,-0.02255776,744,False
price_pos_24h,1h,2025-09,-0.02137862,-0.02137862,720,False
price_pos_24h,1h,2025-10,-0.02468558,-0.02468558,744,False
price_pos_24h,1h,2025-11,-0.01849247,-0.01849247,720,False
price_pos_24h,1h,2025-12,-0.03354698,-0.03354698,744,False
price_pos_24h,1h,2026-01,-0.02492528,-0.02492528,744,False
price_pos_24h,1h,2026-02,-0.01816468,-0.01816468,672,False
price_pos_24h,1h,2026-03,-0.01907796,-0.01907796,744,False
price_pos_24h,1h,2026-04,-0.02577773,-0.02577773,720,False
price_pos_24h,1h,2026-05,-0.02440881,-0.02440881,744,False
price_pos_24h,1h,2026-06,-0.01697628,-0.01697628,288,False
price_pos_24h,24h,2024-06,0.02736138,0.02736138,696,True
price_pos_24h,24h,2024-07,-0.0098747,-0.0098747,744,False
price_pos_24h,24h,2024-08,0.0140415,0.0140415,744,True
price_pos_24h,24h,2024-09,-0.0008685,-0.0008685,720,False
price_pos_24h,24h,2024-10,-0.02869947,-0.02869947,744,False
price_pos_24h,24h,2024-11,-0.01114811,-0.01114811,720,False
price_pos_24h,24h,2024-12,-0.025045,-0.025045,744,False
price_pos_24h,24h,2025-01,0.03057176,0.03057176,744,True
price_pos_24h,24h,2025-02,0.01573923,0.01573923,672,True
price_pos_24h,24h,2025-03,0.00027115,0.00027115,744,False
price_pos_24h,24h,2025-04,-0.01359514,-0.01359514,720,False
price_pos_24h,24h,2025-05,-0.04223034,-0.04223034,744,False
price_pos_24h,24h,2025-06,-0.03022193,-0.03022193,720,False
price_pos_24h,24h,2025-07,0.00079302,0.00079302,744,False
price_pos_24h,24h,2025-08,0.01010453,0.01010453,744,True
price_pos_24h,24h,2025-09,-0.00195083,-0.00195083,720,False
price_pos_24h,24h,2025-10,-0.0234753,-0.0234753,744,False
price_pos_24h,24h,2025-11,-0.00799572,-0.00799572,720,False
price_pos_24h,24h,2025-12,-0.0351135,-0.0351135,744,False
price_pos_24h,24h,2026-01,-0.0048025,-0.0048025,744,False
price_pos_24h,24h,2026-02,-0.03283105,-0.03283105,672,False
price_pos_24h,24h,2026-03,-0.02342409,-0.02342409,744,False
price_pos_24h,24h,2026-04,-0.05184311,-0.05184311,720,False
price_pos_24h,24h,2026-05,-0.00134764,-0.00134764,744,False
price_pos_24h,24h,2026-06,0.03729744,0.03729744,265,True
price_pos_24h,4h,2024-06,0.00267913,0.00267913,696,True
price_pos_24h,4h,2024-07,-0.01227379,-0.01227379,744,False
price_pos_24h,4h,2024-08,-0.03328417,-0.03328417,744,False
price_pos_24h,4h,2024-09,-0.00534302,-0.00534302,720,True
price_pos_24h,4h,2024-10,-0.0329952,-0.0329952,744,False
price_pos_24h,4h,2024-11,-0.01470064,-0.01470064,720,False
price_pos_24h,4h,2024-12,-0.03926418,-0.03926418,744,False
price_pos_24h,4h,2025-01,0.00098815,0.00098815,744,False
price_pos_24h,4h,2025-02,0.00157828,0.00157828,672,True
price_pos_24h,4h,2025-03,-0.02476446,-0.02476446,744,False
price_pos_24h,4h,2025-04,-0.011516,-0.011516,720,False
price_pos_24h,4h,2025-05,-0.02298801,-0.02298801,744,False
price_pos_24h,4h,2025-06,-0.0366867,-0.0366867,720,False
price_pos_24h,4h,2025-07,-0.02592546,-0.02592546,744,False
price_pos_24h,4h,2025-08,-0.01000493,-0.01000493,744,False
price_pos_24h,4h,2025-09,-0.01566705,-0.01566705,720,False
price_pos_24h,4h,2025-10,-0.0305419,-0.0305419,744,False
price_pos_24h,4h,2025-11,-0.01327157,-0.01327157,720,False
price_pos_24h,4h,2025-12,-0.04422143,-0.04422143,744,False
price_pos_24h,4h,2026-01,-0.01526108,-0.01526108,744,False
price_pos_24h,4h,2026-02,-0.02308934,-0.02308934,672,False
price_pos_24h,4h,2026-03,-0.02936327,-0.02936327,744,False
price_pos_24h,4h,2026-04,-0.03487091,-0.03487091,720,False
price_pos_24h,4h,2026-05,-0.03167639,-0.03167639,744,False
price_pos_24h,4h,2026-06,-0.00345789,-0.00345789,285,False
price_pos_24h,72h,2024-06,0.05564429,0.05564429,696,True
price_pos_24h,72h,2024-07,-0.02114286,-0.02114286,744,False
price_pos_24h,72h,2024-08,0.02808655,0.02808655,744,True
price_pos_24h,72h,2024-09,-0.02236444,-0.02236444,720,False
price_pos_24h,72h,2024-10,-0.0441673,-0.0441673,744,False
price_pos_24h,72h,2024-11,0.04015193,0.04015193,720,True
price_pos_24h,72h,2024-12,-0.01212502,-0.01212502,744,False
price_pos_24h,72h,2025-01,0.05444151,0.05444151,744,True
price_pos_24h,72h,2025-02,-0.00418576,-0.00418576,672,False
price_pos_24h,72h,2025-03,0.00514966,0.00514966,744,True
price_pos_24h,72h,2025-04,-0.0018697,-0.0018697,720,False
price_pos_24h,72h,2025-05,-0.03033307,-0.03033307,744,False
price_pos_24h,72h,2025-06,-0.03948815,-0.03948815,720,False
price_pos_24h,72h,2025-07,0.01649065,0.01649065,744,True
price_pos_24h,72h,2025-08,-0.0171213,-0.0171213,744,False
price_pos_24h,72h,2025-09,0.01685306,0.01685306,720,True
price_pos_24h,72h,2025-10,-0.0069052,-0.0069052,744,False
price_pos_24h,72h,2025-11,0.02489757,0.02489757,720,True
price_pos_24h,72h,2025-12,-0.02232302,-0.02232302,744,False
price_pos_24h,72h,2026-01,0.02677731,0.02677731,744,True
price_pos_24h,72h,2026-02,-0.01004709,-0.01004709,672,False
price_pos_24h,72h,2026-03,-0.0092306,-0.0092306,744,False
price_pos_24h,72h,2026-04,-0.00825765,-0.00825765,720,False
price_pos_24h,72h,2026-05,0.01750017,0.01750017,744,True
price_pos_24h,72h,2026-06,0.00606187,0.00606187,217,True
price_pos_72h,1h,2024-06,0.00982572,0.00982572,648,True
price_pos_72h,1h,2024-07,-0.01011992,-0.01011992,744,False
price_pos_72h,1h,2024-08,-0.01649002,-0.01649002,744,False
price_pos_72h,1h,2024-09,-0.01843543,-0.01843543,720,False
price_pos_72h,1h,2024-10,-0.0302011,-0.0302011,743,False
price_pos_72h,1h,2024-11,-0.01301739,-0.01301739,720,False
price_pos_72h,1h,2024-12,-0.03144557,-0.03144557,744,False
price_pos_72h,1h,2025-01,0.00224547,0.00224547,744,True
price_pos_72h,1h,2025-02,-0.00329028,-0.00329028,672,True
price_pos_72h,1h,2025-03,-0.01461415,-0.01461415,744,False
price_pos_72h,1h,2025-04,-0.01393187,-0.01393187,720,False
price_pos_72h,1h,2025-05,-0.0210205,-0.0210205,744,False
price_pos_72h,1h,2025-06,-0.02412896,-0.02412896,720,False
price_pos_72h,1h,2025-07,-0.02203099,-0.02203099,744,False
price_pos_72h,1h,2025-08,-0.02281732,-0.02281732,744,False
price_pos_72h,1h,2025-09,-0.01405181,-0.01405181,720,False
price_pos_72h,1h,2025-10,-0.02341333,-0.02341333,744,False
price_pos_72h,1h,2025-11,-0.01610306,-0.01610306,720,False
price_pos_72h,1h,2025-12,-0.02601021,-0.02601021,744,False
price_pos_72h,1h,2026-01,-0.01377692,-0.01377692,744,False
price_pos_72h,1h,2026-02,-0.01152278,-0.01152278,672,False
price_pos_72h,1h,2026-03,-0.0111726,-0.0111726,744,False
price_pos_72h,1h,2026-04,-0.01788595,-0.01788595,720,False
price_pos_72h,1h,2026-05,-0.01149807,-0.01149807,744,False
price_pos_72h,1h,2026-06,-0.00973587,-0.00973587,288,False
price_pos_72h,24h,2024-06,0.04091078,0.04091078,648,True
price_pos_72h,24h,2024-07,-0.03912332,-0.03912332,744,False
price_pos_72h,24h,2024-08,0.02412266,0.02412266,744,True
price_pos_72h,24h,2024-09,-0.01702167,-0.01702167,720,False
price_pos_72h,24h,2024-10,-0.05693033,-0.05693033,744,False
price_pos_72h,24h,2024-11,0.02056645,0.02056645,720,True
price_pos_72h,24h,2024-12,-0.02893557,-0.02893557,744,False
price_pos_72h,24h,2025-01,0.04264508,0.04264508,744,True
price_pos_72h,24h,2025-02,0.00304252,0.00304252,672,True
price_pos_72h,24h,2025-03,-0.01281498,-0.01281498,744,False
price_pos_72h,24h,2025-04,-0.00711045,-0.00711045,720,False
price_pos_72h,24h,2025-05,-0.05108875,-0.05108875,744,False
price_pos_72h,24h,2025-06,-0.05310256,-0.05310256,720,False
price_pos_72h,24h,2025-07,0.0043454,0.0043454,744,False
price_pos_72h,24h,2025-08,-0.03619809,-0.03619809,744,False
price_pos_72h,24h,2025-09,0.00659957,0.00659957,720,True
price_pos_72h,24h,2025-10,-0.02940153,-0.02940153,744,False
price_pos_72h,24h,2025-11,0.00047798,0.00047798,720,False
price_pos_72h,24h,2025-12,-0.03425773,-0.03425773,744,False
price_pos_72h,24h,2026-01,0.01801976,0.01801976,744,True
price_pos_72h,24h,2026-02,-0.01689733,-0.01689733,672,False
price_pos_72h,24h,2026-03,-0.01448099,-0.01448099,744,False
price_pos_72h,24h,2026-04,-0.0374042,-0.0374042,720,False
price_pos_72h,24h,2026-05,0.00898442,0.00898442,744,True
price_pos_72h,24h,2026-06,0.003454,0.003454,265,True
price_pos_72h,4h,2024-06,0.01304528,0.01304528,648,True
price_pos_72h,4h,2024-07,-0.01998049,-0.01998049,744,False
price_pos_72h,4h,2024-08,-0.02299497,-0.02299497,744,False
price_pos_72h,4h,2024-09,-0.00808358,-0.00808358,720,False
price_pos_72h,4h,2024-10,-0.04128416,-0.04128416,744,False
price_pos_72h,4h,2024-11,-0.00289002,-0.00289002,720,True
price_pos_72h,4h,2024-12,-0.03583135,-0.03583135,744,False
price_pos_72h,4h,2025-01,0.01054041,0.01054041,744,True
price_pos_72h,4h,2025-02,-0.00141368,-0.00141368,672,False
price_pos_72h,4h,2025-03,-0.02149884,-0.02149884,744,False
price_pos_72h,4h,2025-04,-0.01335635,-0.01335635,720,False
price_pos_72h,4h,2025-05,-0.02911235,-0.02911235,744,False
price_pos_72h,4h,2025-06,-0.04137755,-0.04137755,720,False
price_pos_72h,4h,2025-07,-0.02076025,-0.02076025,744,False
price_pos_72h,4h,2025-08,-0.02406205,-0.02406205,744,False
price_pos_72h,4h,2025-09,-0.01375657,-0.01375657,720,False
price_pos_72h,4h,2025-10,-0.03179526,-0.03179526,744,False
price_pos_72h,4h,2025-11,-0.0146778,-0.0146778,720,False
price_pos_72h,4h,2025-12,-0.03877604,-0.03877604,744,False
price_pos_72h,4h,2026-01,-0.00473308,-0.00473308,744,False
price_pos_72h,4h,2026-02,-0.01541296,-0.01541296,672,False
price_pos_72h,4h,2026-03,-0.01824173,-0.01824173,744,False
price_pos_72h,4h,2026-04,-0.02945114,-0.02945114,720,False
price_pos_72h,4h,2026-05,-0.01492213,-0.01492213,744,False
price_pos_72h,4h,2026-06,-0.00200056,-0.00200056,285,True
price_pos_72h,72h,2024-06,0.0813576,0.0813576,648,True
price_pos_72h,72h,2024-07,-0.04850854,-0.04850854,744,False
price_pos_72h,72h,2024-08,0.00311481,0.00311481,744,False
price_pos_72h,72h,2024-09,-0.0199678,-0.0199678,720,False
price_pos_72h,72h,2024-10,-0.06663028,-0.06663028,744,False
price_pos_72h,72h,2024-11,0.05980769,0.05980769,720,True
price_pos_72h,72h,2024-12,0.01517691,0.01517691,744,True
price_pos_72h,72h,2025-01,0.0765333,0.0765333,744,True
price_pos_72h,72h,2025-02,-0.0188967,-0.0188967,672,False
price_pos_72h,72h,2025-03,0.0106176,0.0106176,744,True
price_pos_72h,72h,2025-04,0.0119947,0.0119947,720,True
price_pos_72h,72h,2025-05,-0.05787018,-0.05787018,744,False
price_pos_72h,72h,2025-06,-0.04395001,-0.04395001,720,False
price_pos_72h,72h,2025-07,0.01316096,0.01316096,744,True
price_pos_72h,72h,2025-08,-0.01953289,-0.01953289,744,False
price_pos_72h,72h,2025-09,0.02412598,0.02412598,720,True
price_pos_72h,72h,2025-10,-0.00444685,-0.00444685,744,False
price_pos_72h,72h,2025-11,0.02636825,0.02636825,720,True
price_pos_72h,72h,2025-12,-0.02143726,-0.02143726,744,False
price_pos_72h,72h,2026-01,0.06428339,0.06428339,744,True
price_pos_72h,72h,2026-02,-0.0004172,-0.0004172,672,True
price_pos_72h,72h,2026-03,-0.00769227,-0.00769227,744,False
price_pos_72h,72h,2026-04,-0.01422504,-0.01422504,720,False
price_pos_72h,72h,2026-05,0.01940637,0.01940637,744,True
price_pos_72h,72h,2026-06,-0.03948385,-0.03948385,217,False
price_volume_corr_20h,1h,2024-06,-0.00811,-0.00811,699,False
price_volume_corr_20h,1h,2024-07,-0.01995877,-0.01995877,744,False
price_volume_corr_20h,1h,2024-08,-0.03251349,-0.03251349,744,False
price_volume_corr_20h,1h,2024-09,-0.0224605,-0.0224605,720,False
price_volume_corr_20h,1h,2024-10,-0.02324582,-0.02324582,723,False
price_volume_corr_20h,1h,2024-11,-0.0272243,-0.0272243,720,False
price_volume_corr_20h,1h,2024-12,-0.02765743,-0.02765743,744,False
price_volume_corr_20h,1h,2025-01,-0.03076608,-0.03076608,744,False
price_volume_corr_20h,1h,2025-02,-0.02041284,-0.02041284,672,False
price_volume_corr_20h,1h,2025-03,-0.02057799,-0.02057799,744,False
price_volume_corr_20h,1h,2025-04,-0.01342464,-0.01342464,720,False
price_volume_corr_20h,1h,2025-05,-0.02662415,-0.02662415,744,False
price_volume_corr_20h,1h,2025-06,-0.02438628,-0.02438628,720,False
price_volume_corr_20h,1h,2025-07,-0.02116157,-0.02116157,744,False
price_volume_corr_20h,1h,2025-08,-0.01928204,-0.01928204,744,False
price_volume_corr_20h,1h,2025-09,-0.02095133,-0.02095133,720,False
price_volume_corr_20h,1h,2025-10,-0.02213987,-0.02213987,744,False
price_volume_corr_20h,1h,2025-11,-0.02802322,-0.02802322,720,False
price_volume_corr_20h,1h,2025-12,-0.02732506,-0.02732506,744,False
price_volume_corr_20h,1h,2026-01,-0.02875255,-0.02875255,744,False
price_volume_corr_20h,1h,2026-02,-0.01471244,-0.01471244,672,False
price_volume_corr_20h,1h,2026-03,-0.0106353,-0.0106353,744,False
price_volume_corr_20h,1h,2026-04,-0.01642086,-0.01642086,720,False
price_volume_corr_20h,1h,2026-05,-0.01877292,-0.01877292,744,False
price_volume_corr_20h,1h,2026-06,-0.00767987,-0.00767987,288,False
price_volume_corr_20h,24h,2024-06,0.0001902,0.0001902,699,True
price_volume_corr_20h,24h,2024-07,-0.03073442,-0.03073442,744,False
price_volume_corr_20h,24h,2024-08,-0.05384433,-0.05384433,744,False
price_volume_corr_20h,24h,2024-09,-0.0337732,-0.0337732,720,False
price_volume_corr_20h,24h,2024-10,-0.03767986,-0.03767986,724,False
price_volume_corr_20h,24h,2024-11,-0.05587347,-0.05587347,720,False
price_volume_corr_20h,24h,2024-12,-0.03180423,-0.03180423,744,False
price_volume_corr_20h,24h,2025-01,-0.0288912,-0.0288912,744,False
price_volume_corr_20h,24h,2025-02,-0.0334372,-0.0334372,672,False
price_volume_corr_20h,24h,2025-03,-0.05297626,-0.05297626,744,False
price_volume_corr_20h,24h,2025-04,-0.0291167,-0.0291167,720,False
price_volume_corr_20h,24h,2025-05,-0.06671874,-0.06671874,744,False
price_volume_corr_20h,24h,2025-06,-0.05534287,-0.05534287,720,False
price_volume_corr_20h,24h,2025-07,-0.0559557,-0.0559557,744,False
price_volume_corr_20h,24h,2025-08,-0.04438873,-0.04438873,744,False
price_volume_corr_20h,24h,2025-09,-0.03482594,-0.03482594,720,False
price_volume_corr_20h,24h,2025-10,-0.04238858,-0.04238858,744,False
price_volume_corr_20h,24h,2025-11,-0.05969597,-0.05969597,720,False
price_volume_corr_20h,24h,2025-12,-0.0481305,-0.0481305,744,False
price_volume_corr_20h,24h,2026-01,-0.0436657,-0.0436657,744,False
price_volume_corr_20h,24h,2026-02,-0.03765731,-0.03765731,672,False
price_volume_corr_20h,24h,2026-03,-0.02267265,-0.02267265,744,False
price_volume_corr_20h,24h,2026-04,-0.06528401,-0.06528401,720,False
price_volume_corr_20h,24h,2026-05,-0.01907617,-0.01907617,744,False
price_volume_corr_20h,24h,2026-06,0.01456216,0.01456216,265,True
price_volume_corr_20h,4h,2024-06,-0.0087763,-0.0087763,699,False
price_volume_corr_20h,4h,2024-07,-0.02582692,-0.02582692,744,False
price_volume_corr_20h,4h,2024-08,-0.0430371,-0.0430371,744,False
price_volume_corr_20h,4h,2024-09,-0.0275569,-0.0275569,720,False
price_volume_corr_20h,4h,2024-10,-0.03244576,-0.03244576,724,False
price_volume_corr_20h,4h,2024-11,-0.03819905,-0.03819905,720,False
price_volume_corr_20h,4h,2024-12,-0.0391333,-0.0391333,744,False
price_volume_corr_20h,4h,2025-01,-0.0432565,-0.0432565,744,False
price_volume_corr_20h,4h,2025-02,-0.02610002,-0.02610002,672,False
price_volume_corr_20h,4h,2025-03,-0.03464866,-0.03464866,744,False
price_volume_corr_20h,4h,2025-04,-0.01475822,-0.01475822,720,False
price_volume_corr_20h,4h,2025-05,-0.04360771,-0.04360771,744,False
price_volume_corr_20h,4h,2025-06,-0.03982082,-0.03982082,720,False
price_volume_corr_20h,4h,2025-07,-0.03309985,-0.03309985,744,False
price_volume_corr_20h,4h,2025-08,-0.02356575,-0.02356575,744,False
price_volume_corr_20h,4h,2025-09,-0.03073697,-0.03073697,720,False
price_volume_corr_20h,4h,2025-10,-0.0338521,-0.0338521,744,False
price_volume_corr_20h,4h,2025-11,-0.04425843,-0.04425843,720,False
price_volume_corr_20h,4h,2025-12,-0.04263435,-0.04263435,744,False
price_volume_corr_20h,4h,2026-01,-0.03669831,-0.03669831,744,False
price_volume_corr_20h,4h,2026-02,-0.02420468,-0.02420468,672,False
price_volume_corr_20h,4h,2026-03,-0.02112253,-0.02112253,744,False
price_volume_corr_20h,4h,2026-04,-0.03705312,-0.03705312,720,False
price_volume_corr_20h,4h,2026-05,-0.02980214,-0.02980214,744,False
price_volume_corr_20h,4h,2026-06,-0.00312347,-0.00312347,285,True
price_volume_corr_20h,72h,2024-06,-0.0117777,-0.0117777,699,False
price_volume_corr_20h,72h,2024-07,-0.05913158,-0.05913158,744,False
price_volume_corr_20h,72h,2024-08,-0.0641282,-0.0641282,744,False
price_volume_corr_20h,72h,2024-09,-0.02464275,-0.02464275,720,False
price_volume_corr_20h,72h,2024-10,-0.05426153,-0.05426153,724,False
price_volume_corr_20h,72h,2024-11,-0.02818493,-0.02818493,720,False
price_volume_corr_20h,72h,2024-12,-0.00780186,-0.00780186,744,False
price_volume_corr_20h,72h,2025-01,-0.04509109,-0.04509109,744,False
price_volume_corr_20h,72h,2025-02,-0.05957962,-0.05957962,672,False
price_volume_corr_20h,72h,2025-03,-0.04435469,-0.04435469,744,False
price_volume_corr_20h,72h,2025-04,-0.01344368,-0.01344368,720,False
price_volume_corr_20h,72h,2025-05,-0.04292973,-0.04292973,744,False
price_volume_corr_20h,72h,2025-06,-0.05561282,-0.05561282,720,False
price_volume_corr_20h,72h,2025-07,-0.03178323,-0.03178323,744,False
price_volume_corr_20h,72h,2025-08,-0.04689067,-0.04689067,744,False
price_volume_corr_20h,72h,2025-09,-0.00487132,-0.00487132,720,True
price_volume_corr_20h,72h,2025-10,-0.01966593,-0.01966593,744,False
price_volume_corr_20h,72h,2025-11,-0.05833558,-0.05833558,720,False
price_volume_corr_20h,72h,2025-12,-0.0468356,-0.0468356,744,False
price_volume_corr_20h,72h,2026-01,-0.01931737,-0.01931737,744,False
price_volume_corr_20h,72h,2026-02,-0.01990283,-0.01990283,672,False
price_volume_corr_20h,72h,2026-03,-0.02776377,-0.02776377,744,False
price_volume_corr_20h,72h,2026-04,-0.05211912,-0.05211912,720,False
price_volume_corr_20h,72h,2026-05,-0.02133826,-0.02133826,744,False
price_volume_corr_20h,72h,2026-06,-0.02592215,-0.02592215,217,False
q158_high_low_range,1h,2024-06,-0.04415366,-0.04415366,719,False
q158_high_low_range,1h,2024-07,-0.03838281,-0.03838281,744,False
q158_high_low_range,1h,2024-08,-0.04564486,-0.04564486,744,False
q158_high_low_range,1h,2024-09,-0.03377762,-0.03377762,720,False
q158_high_low_range,1h,2024-10,-0.04297087,-0.04297087,742,False
q158_high_low_range,1h,2024-11,-0.04181182,-0.04181182,720,False
q158_high_low_range,1h,2024-12,-0.04376836,-0.04376836,744,False
q158_high_low_range,1h,2025-01,-0.07140067,-0.07140067,744,False
q158_high_low_range,1h,2025-02,-0.04331775,-0.04331775,672,False
q158_high_low_range,1h,2025-03,-0.03046976,-0.03046976,744,False
q158_high_low_range,1h,2025-04,-0.02409208,-0.02409208,720,False
q158_high_low_range,1h,2025-05,-0.03772191,-0.03772191,744,False
q158_high_low_range,1h,2025-06,-0.03550546,-0.03550546,720,False
q158_high_low_range,1h,2025-07,-0.03543843,-0.03543843,744,False
q158_high_low_range,1h,2025-08,-0.03295157,-0.03295157,744,False
q158_high_low_range,1h,2025-09,-0.03263632,-0.03263632,720,False
q158_high_low_range,1h,2025-10,-0.03765363,-0.03765363,744,False
q158_high_low_range,1h,2025-11,-0.04513131,-0.04513131,720,False
q158_high_low_range,1h,2025-12,-0.04030012,-0.04030012,744,False
q158_high_low_range,1h,2026-01,-0.03663237,-0.03663237,744,False
q158_high_low_range,1h,2026-02,-0.02553557,-0.02553557,672,False
q158_high_low_range,1h,2026-03,-0.01661863,-0.01661863,744,False
q158_high_low_range,1h,2026-04,-0.02758671,-0.02758671,720,False
q158_high_low_range,1h,2026-05,-0.03199622,-0.03199622,744,False
q158_high_low_range,1h,2026-06,-0.0226078,-0.0226078,288,False
q158_high_low_range,24h,2024-06,-0.12732354,-0.12732354,719,False
q158_high_low_range,24h,2024-07,-0.08430423,-0.08430423,744,False
q158_high_low_range,24h,2024-08,-0.10882288,-0.10882288,744,False
q158_high_low_range,24h,2024-09,-0.01357234,-0.01357234,720,False
q158_high_low_range,24h,2024-10,-0.10070721,-0.10070721,743,False
q158_high_low_range,24h,2024-11,-0.08145746,-0.08145746,720,False
q158_high_low_range,24h,2024-12,-0.09750893,-0.09750893,744,False
q158_high_low_range,24h,2025-01,-0.14524081,-0.14524081,744,False
q158_high_low_range,24h,2025-02,-0.0929911,-0.0929911,672,False
q158_high_low_range,24h,2025-03,-0.09510865,-0.09510865,744,False
q158_high_low_range,24h,2025-04,-0.03394518,-0.03394518,720,False
q158_high_low_range,24h,2025-05,-0.0861332,-0.0861332,744,False
q158_high_low_range,24h,2025-06,-0.07286103,-0.07286103,720,False
q158_high_low_range,24h,2025-07,-0.07632915,-0.07632915,744,False
q158_high_low_range,24h,2025-08,-0.08082854,-0.08082854,744,False
q158_high_low_range,24h,2025-09,-0.05967492,-0.05967492,720,False
q158_high_low_range,24h,2025-10,-0.08450829,-0.08450829,744,False
q158_high_low_range,24h,2025-11,-0.10699433,-0.10699433,720,False
q158_high_low_range,24h,2025-12,-0.0555618,-0.0555618,744,False
q158_high_low_range,24h,2026-01,-0.08933245,-0.08933245,744,False
q158_high_low_range,24h,2026-02,-0.05701517,-0.05701517,672,False
q158_high_low_range,24h,2026-03,-0.05962863,-0.05962863,744,False
q158_high_low_range,24h,2026-04,-0.0712277,-0.0712277,720,False
q158_high_low_range,24h,2026-05,-0.06870713,-0.06870713,744,False
q158_high_low_range,24h,2026-06,-0.03166104,-0.03166104,265,False
q158_high_low_range,4h,2024-06,-0.05562622,-0.05562622,719,False
q158_high_low_range,4h,2024-07,-0.04987927,-0.04987927,744,False
q158_high_low_range,4h,2024-08,-0.06076057,-0.06076057,744,False
q158_high_low_range,4h,2024-09,-0.03241773,-0.03241773,720,False
q158_high_low_range,4h,2024-10,-0.05782634,-0.05782634,743,False
q158_high_low_range,4h,2024-11,-0.05753294,-0.05753294,720,False
q158_high_low_range,4h,2024-12,-0.07631274,-0.07631274,744,False
q158_high_low_range,4h,2025-01,-0.09658837,-0.09658837,744,False
q158_high_low_range,4h,2025-02,-0.0530004,-0.0530004,672,False
q158_high_low_range,4h,2025-03,-0.05608785,-0.05608785,744,False
q158_high_low_range,4h,2025-04,-0.03413043,-0.03413043,720,False
q158_high_low_range,4h,2025-05,-0.05414562,-0.05414562,744,False
q158_high_low_range,4h,2025-06,-0.0491356,-0.0491356,720,False
q158_high_low_range,4h,2025-07,-0.05146525,-0.05146525,744,False
q158_high_low_range,4h,2025-08,-0.04723838,-0.04723838,744,False
q158_high_low_range,4h,2025-09,-0.04519465,-0.04519465,720,False
q158_high_low_range,4h,2025-10,-0.04913274,-0.04913274,744,False
q158_high_low_range,4h,2025-11,-0.0680003,-0.0680003,720,False
q158_high_low_range,4h,2025-12,-0.05396626,-0.05396626,744,False
q158_high_low_range,4h,2026-01,-0.05447597,-0.05447597,744,False
q158_high_low_range,4h,2026-02,-0.04114312,-0.04114312,672,False
q158_high_low_range,4h,2026-03,-0.03732874,-0.03732874,744,False
q158_high_low_range,4h,2026-04,-0.04377027,-0.04377027,720,False
q158_high_low_range,4h,2026-05,-0.05176171,-0.05176171,744,False
q158_high_low_range,4h,2026-06,-0.02879153,-0.02879153,285,False
q158_high_low_range,72h,2024-06,-0.16661808,-0.16661808,719,False
q158_high_low_range,72h,2024-07,-0.11578351,-0.11578351,744,False
q158_high_low_range,72h,2024-08,-0.11545486,-0.11545486,744,False
q158_high_low_range,72h,2024-09,0.01551791,0.01551791,720,True
q158_high_low_range,72h,2024-10,-0.11192061,-0.11192061,743,False
q158_high_low_range,72h,2024-11,-0.04875218,-0.04875218,720,False
q158_high_low_range,72h,2024-12,-0.10155587,-0.10155587,744,False
q158_high_low_range,72h,2025-01,-0.20432041,-0.20432041,744,False
q158_high_low_range,72h,2025-02,-0.08031213,-0.08031213,672,False
q158_high_low_range,72h,2025-03,-0.13989056,-0.13989056,744,False
q158_high_low_range,72h,2025-04,-0.00485394,-0.00485394,720,True
q158_high_low_range,72h,2025-05,-0.08961441,-0.08961441,744,False
q158_high_low_range,72h,2025-06,-0.11144287,-0.11144287,720,False
q158_high_low_range,72h,2025-07,-0.0982656,-0.0982656,744,False
q158_high_low_range,72h,2025-08,-0.1011774,-0.1011774,744,False
q158_high_low_range,72h,2025-09,-0.04606667,-0.04606667,720,False
q158_high_low_range,72h,2025-10,-0.0903634,-0.0903634,744,False
q158_high_low_range,72h,2025-11,-0.1197208,-0.1197208,720,False
q158_high_low_range,72h,2025-12,-0.05319087,-0.05319087,744,False
q158_high_low_range,72h,2026-01,-0.11639579,-0.11639579,744,False
q158_high_low_range,72h,2026-02,-0.05918249,-0.05918249,672,False
q158_high_low_range,72h,2026-03,-0.07411199,-0.07411199,744,False
q158_high_low_range,72h,2026-04,-0.06419659,-0.06419659,720,False
q158_high_low_range,72h,2026-05,-0.08172598,-0.08172598,744,False
q158_high_low_range,72h,2026-06,-0.06437777,-0.06437777,217,False
qvol_ma_ratio_20_80,1h,2024-06,-0.01626296,-0.01626296,640,False
qvol_ma_ratio_20_80,1h,2024-07,-0.00215949,-0.00215949,744,False
qvol_ma_ratio_20_80,1h,2024-08,-0.01005289,-0.01005289,744,False
qvol_ma_ratio_20_80,1h,2024-09,-0.00390563,-0.00390563,720,True
qvol_ma_ratio_20_80,1h,2024-10,-0.0051848,-0.0051848,743,True
qvol_ma_ratio_20_80,1h,2024-11,-0.01360718,-0.01360718,720,False
qvol_ma_ratio_20_80,1h,2024-12,-0.01188471,-0.01188471,744,False
qvol_ma_ratio_20_80,1h,2025-01,-0.00440011,-0.00440011,744,False
qvol_ma_ratio_20_80,1h,2025-02,-0.02030751,-0.02030751,672,False
qvol_ma_ratio_20_80,1h,2025-03,-0.00865707,-0.00865707,744,False
qvol_ma_ratio_20_80,1h,2025-04,0.00024456,0.00024456,720,True
qvol_ma_ratio_20_80,1h,2025-05,-0.0018821,-0.0018821,744,False
qvol_ma_ratio_20_80,1h,2025-06,-0.00300834,-0.00300834,720,False
qvol_ma_ratio_20_80,1h,2025-07,-0.00127369,-0.00127369,744,False
qvol_ma_ratio_20_80,1h,2025-08,0.00328188,0.00328188,744,True
qvol_ma_ratio_20_80,1h,2025-09,0.00023636,0.00023636,720,True
qvol_ma_ratio_20_80,1h,2025-10,-0.00305173,-0.00305173,744,False
qvol_ma_ratio_20_80,1h,2025-11,-0.00839141,-0.00839141,720,False
qvol_ma_ratio_20_80,1h,2025-12,-0.00646283,-0.00646283,744,False
qvol_ma_ratio_20_80,1h,2026-01,-0.00167434,-0.00167434,744,False
qvol_ma_ratio_20_80,1h,2026-02,-0.00079749,-0.00079749,672,False
qvol_ma_ratio_20_80,1h,2026-03,0.00750014,0.00750014,744,True
qvol_ma_ratio_20_80,1h,2026-04,-0.00163434,-0.00163434,720,True
qvol_ma_ratio_20_80,1h,2026-05,0.00399357,0.00399357,744,True
qvol_ma_ratio_20_80,1h,2026-06,0.01048444,0.01048444,288,True
qvol_ma_ratio_20_80,24h,2024-06,-0.02307632,-0.02307632,640,False
qvol_ma_ratio_20_80,24h,2024-07,0.00592115,0.00592115,744,True
qvol_ma_ratio_20_80,24h,2024-08,0.00737283,0.00737283,744,True
qvol_ma_ratio_20_80,24h,2024-09,-0.00581739,-0.00581739,720,False
qvol_ma_ratio_20_80,24h,2024-10,-0.00337283,-0.00337283,744,True
qvol_ma_ratio_20_80,24h,2024-11,-0.0079186,-0.0079186,720,True
qvol_ma_ratio_20_80,24h,2024-12,-0.0233049,-0.0233049,744,False
qvol_ma_ratio_20_80,24h,2025-01,0.02405767,0.02405767,744,True
qvol_ma_ratio_20_80,24h,2025-02,-0.053851,-0.053851,672,False
qvol_ma_ratio_20_80,24h,2025-03,-0.02842977,-0.02842977,744,False
qvol_ma_ratio_20_80,24h,2025-04,-0.00674506,-0.00674506,720,True
qvol_ma_ratio_20_80,24h,2025-05,0.01587137,0.01587137,744,True
qvol_ma_ratio_20_80,24h,2025-06,-0.00705737,-0.00705737,720,False
qvol_ma_ratio_20_80,24h,2025-07,-0.00122325,-0.00122325,744,False
qvol_ma_ratio_20_80,24h,2025-08,0.00039371,0.00039371,744,False
qvol_ma_ratio_20_80,24h,2025-09,-0.00868069,-0.00868069,720,False
qvol_ma_ratio_20_80,24h,2025-10,-0.02200363,-0.02200363,744,False
qvol_ma_ratio_20_80,24h,2025-11,-0.03910468,-0.03910468,720,False
qvol_ma_ratio_20_80,24h,2025-12,-0.02332558,-0.02332558,744,False
qvol_ma_ratio_20_80,24h,2026-01,-0.00185179,-0.00185179,744,False
qvol_ma_ratio_20_80,24h,2026-02,-0.01039009,-0.01039009,672,False
qvol_ma_ratio_20_80,24h,2026-03,0.00472336,0.00472336,744,True
qvol_ma_ratio_20_80,24h,2026-04,-0.02270803,-0.02270803,720,False
qvol_ma_ratio_20_80,24h,2026-05,0.02880491,0.02880491,744,True
qvol_ma_ratio_20_80,24h,2026-06,-0.00065133,-0.00065133,265,False
qvol_ma_ratio_20_80,4h,2024-06,-0.02547239,-0.02547239,640,False
qvol_ma_ratio_20_80,4h,2024-07,-0.00429921,-0.00429921,744,True
qvol_ma_ratio_20_80,4h,2024-08,-0.01197203,-0.01197203,744,False
qvol_ma_ratio_20_80,4h,2024-09,0.00610018,0.00610018,720,True
qvol_ma_ratio_20_80,4h,2024-10,-0.00289448,-0.00289448,744,False
qvol_ma_ratio_20_80,4h,2024-11,-0.01824659,-0.01824659,720,False
qvol_ma_ratio_20_80,4h,2024-12,-0.02042491,-0.02042491,744,False
qvol_ma_ratio_20_80,4h,2025-01,0.00364229,0.00364229,744,True
qvol_ma_ratio_20_80,4h,2025-02,-0.03505467,-0.03505467,672,False
qvol_ma_ratio_20_80,4h,2025-03,-0.0177884,-0.0177884,744,False
qvol_ma_ratio_20_80,4h,2025-04,0.00014495,0.00014495,720,False
qvol_ma_ratio_20_80,4h,2025-05,-0.00413907,-0.00413907,744,False
qvol_ma_ratio_20_80,4h,2025-06,-0.00548995,-0.00548995,720,False
qvol_ma_ratio_20_80,4h,2025-07,-0.00166574,-0.00166574,744,False
qvol_ma_ratio_20_80,4h,2025-08,0.00987697,0.00987697,744,True
qvol_ma_ratio_20_80,4h,2025-09,0.00069247,0.00069247,720,False
qvol_ma_ratio_20_80,4h,2025-10,-0.00956459,-0.00956459,744,False
qvol_ma_ratio_20_80,4h,2025-11,-0.01699018,-0.01699018,720,False
qvol_ma_ratio_20_80,4h,2025-12,-0.01389434,-0.01389434,744,False
qvol_ma_ratio_20_80,4h,2026-01,-0.00551068,-0.00551068,744,False
qvol_ma_ratio_20_80,4h,2026-02,-0.00331276,-0.00331276,672,False
qvol_ma_ratio_20_80,4h,2026-03,0.00845853,0.00845853,744,True
qvol_ma_ratio_20_80,4h,2026-04,-0.01294134,-0.01294134,720,False
qvol_ma_ratio_20_80,4h,2026-05,0.00595813,0.00595813,744,True
qvol_ma_ratio_20_80,4h,2026-06,0.01495956,0.01495956,285,True
qvol_ma_ratio_20_80,72h,2024-06,0.0289399,0.0289399,640,True
qvol_ma_ratio_20_80,72h,2024-07,-0.01195166,-0.01195166,744,False
qvol_ma_ratio_20_80,72h,2024-08,-0.00200866,-0.00200866,744,True
qvol_ma_ratio_20_80,72h,2024-09,-0.0158087,-0.0158087,720,False
qvol_ma_ratio_20_80,72h,2024-10,-0.01624384,-0.01624384,744,False
qvol_ma_ratio_20_80,72h,2024-11,0.01555231,0.01555231,720,True
qvol_ma_ratio_20_80,72h,2024-12,-0.01642977,-0.01642977,744,True
qvol_ma_ratio_20_80,72h,2025-01,0.00193644,0.00193644,744,False
qvol_ma_ratio_20_80,72h,2025-02,-0.04096108,-0.04096108,672,False
qvol_ma_ratio_20_80,72h,2025-03,-0.00592755,-0.00592755,744,True
qvol_ma_ratio_20_80,72h,2025-04,4.855e-05,4.855e-05,720,True
qvol_ma_ratio_20_80,72h,2025-05,0.01241676,0.01241676,744,True
qvol_ma_ratio_20_80,72h,2025-06,-0.00386907,-0.00386907,720,False
qvol_ma_ratio_20_80,72h,2025-07,0.01134051,0.01134051,744,True
qvol_ma_ratio_20_80,72h,2025-08,0.00364549,0.00364549,744,True
qvol_ma_ratio_20_80,72h,2025-09,-0.0195761,-0.0195761,720,False
qvol_ma_ratio_20_80,72h,2025-10,-0.03141734,-0.03141734,744,False
qvol_ma_ratio_20_80,72h,2025-11,-0.02419862,-0.02419862,720,False
qvol_ma_ratio_20_80,72h,2025-12,-0.02330242,-0.02330242,744,False
qvol_ma_ratio_20_80,72h,2026-01,0.01494388,0.01494388,744,True
qvol_ma_ratio_20_80,72h,2026-02,0.00870602,0.00870602,672,True
qvol_ma_ratio_20_80,72h,2026-03,0.00390194,0.00390194,744,True
qvol_ma_ratio_20_80,72h,2026-04,-0.02888318,-0.02888318,720,False
qvol_ma_ratio_20_80,72h,2026-05,0.03379007,0.03379007,744,True
qvol_ma_ratio_20_80,72h,2026-06,-0.03154201,-0.03154201,217,False
qvol_ma_ratio_5_20,1h,2024-06,0.01598612,0.01598612,700,True
qvol_ma_ratio_5_20,1h,2024-07,-0.00399708,-0.00399708,744,False
qvol_ma_ratio_5_20,1h,2024-08,-0.01099052,-0.01099052,744,False
qvol_ma_ratio_5_20,1h,2024-09,-0.01200194,-0.01200194,720,False
qvol_ma_ratio_5_20,1h,2024-10,-0.00346235,-0.00346235,743,False
qvol_ma_ratio_5_20,1h,2024-11,-0.00966128,-0.00966128,720,False
qvol_ma_ratio_5_20,1h,2024-12,-0.01144635,-0.01144635,744,False
qvol_ma_ratio_5_20,1h,2025-01,-0.00886859,-0.00886859,744,False
qvol_ma_ratio_5_20,1h,2025-02,-0.0127678,-0.0127678,672,False
qvol_ma_ratio_5_20,1h,2025-03,-0.00072578,-0.00072578,744,False
qvol_ma_ratio_5_20,1h,2025-04,-0.01259084,-0.01259084,720,False
qvol_ma_ratio_5_20,1h,2025-05,-0.00533388,-0.00533388,744,False
qvol_ma_ratio_5_20,1h,2025-06,-0.006339,-0.006339,720,False
qvol_ma_ratio_5_20,1h,2025-07,-0.00669827,-0.00669827,744,False
qvol_ma_ratio_5_20,1h,2025-08,-0.00090069,-0.00090069,744,False
qvol_ma_ratio_5_20,1h,2025-09,0.00429854,0.00429854,720,False
qvol_ma_ratio_5_20,1h,2025-10,-0.00623758,-0.00623758,744,False
qvol_ma_ratio_5_20,1h,2025-11,-0.00783362,-0.00783362,720,False
qvol_ma_ratio_5_20,1h,2025-12,-0.0124939,-0.0124939,744,False
qvol_ma_ratio_5_20,1h,2026-01,-0.00742848,-0.00742848,744,False
qvol_ma_ratio_5_20,1h,2026-02,-0.00704716,-0.00704716,672,False
qvol_ma_ratio_5_20,1h,2026-03,0.00337059,0.00337059,744,True
qvol_ma_ratio_5_20,1h,2026-04,0.00235826,0.00235826,720,True
qvol_ma_ratio_5_20,1h,2026-05,-0.00984845,-0.00984845,744,False
qvol_ma_ratio_5_20,1h,2026-06,-0.00132062,-0.00132062,288,False
qvol_ma_ratio_5_20,24h,2024-06,-0.02699273,-0.02699273,700,False
qvol_ma_ratio_5_20,24h,2024-07,-0.00962572,-0.00962572,744,False
qvol_ma_ratio_5_20,24h,2024-08,-0.02171536,-0.02171536,744,False
qvol_ma_ratio_5_20,24h,2024-09,0.01362924,0.01362924,720,True
qvol_ma_ratio_5_20,24h,2024-10,0.00308685,0.00308685,744,False
qvol_ma_ratio_5_20,24h,2024-11,-0.01811157,-0.01811157,720,False
qvol_ma_ratio_5_20,24h,2024-12,-0.01056146,-0.01056146,744,False
qvol_ma_ratio_5_20,24h,2025-01,-0.00858923,-0.00858923,744,False
qvol_ma_ratio_5_20,24h,2025-02,-0.0303622,-0.0303622,672,False
qvol_ma_ratio_5_20,24h,2025-03,-0.00459266,-0.00459266,744,False
qvol_ma_ratio_5_20,24h,2025-04,-0.00424511,-0.00424511,720,False
qvol_ma_ratio_5_20,24h,2025-05,-0.01823387,-0.01823387,744,False
qvol_ma_ratio_5_20,24h,2025-06,-0.01047601,-0.01047601,720,False
qvol_ma_ratio_5_20,24h,2025-07,0.01328847,0.01328847,744,True
qvol_ma_ratio_5_20,24h,2025-08,0.02131485,0.02131485,744,True
qvol_ma_ratio_5_20,24h,2025-09,0.00871165,0.00871165,720,True
qvol_ma_ratio_5_20,24h,2025-10,0.00017834,0.00017834,744,True
qvol_ma_ratio_5_20,24h,2025-11,-0.00704863,-0.00704863,720,False
qvol_ma_ratio_5_20,24h,2025-12,-0.01611783,-0.01611783,744,False
qvol_ma_ratio_5_20,24h,2026-01,-0.00824228,-0.00824228,744,False
qvol_ma_ratio_5_20,24h,2026-02,-0.00861036,-0.00861036,672,False
qvol_ma_ratio_5_20,24h,2026-03,0.01787037,0.01787037,744,True
qvol_ma_ratio_5_20,24h,2026-04,-0.00140914,-0.00140914,720,False
qvol_ma_ratio_5_20,24h,2026-05,-0.00551064,-0.00551064,744,False
qvol_ma_ratio_5_20,24h,2026-06,0.01774124,0.01774124,265,True
qvol_ma_ratio_5_20,4h,2024-06,0.03035879,0.03035879,700,True
qvol_ma_ratio_5_20,4h,2024-07,-0.00787794,-0.00787794,744,False
qvol_ma_ratio_5_20,4h,2024-08,-0.02286028,-0.02286028,744,False
qvol_ma_ratio_5_20,4h,2024-09,0.00061349,0.00061349,720,True
qvol_ma_ratio_5_20,4h,2024-10,0.00443249,0.00443249,744,True
qvol_ma_ratio_5_20,4h,2024-11,-0.0072626,-0.0072626,720,False
qvol_ma_ratio_5_20,4h,2024-12,0.00150823,0.00150823,744,False
qvol_ma_ratio_5_20,4h,2025-01,-0.0082964,-0.0082964,744,True
qvol_ma_ratio_5_20,4h,2025-02,-0.01073617,-0.01073617,672,False
qvol_ma_ratio_5_20,4h,2025-03,-0.00908491,-0.00908491,744,False
qvol_ma_ratio_5_20,4h,2025-04,-0.01786647,-0.01786647,720,False
qvol_ma_ratio_5_20,4h,2025-05,-0.00798523,-0.00798523,744,False
qvol_ma_ratio_5_20,4h,2025-06,-0.00494263,-0.00494263,720,False
qvol_ma_ratio_5_20,4h,2025-07,-0.004813,-0.004813,744,False
qvol_ma_ratio_5_20,4h,2025-08,0.00624111,0.00624111,744,True
qvol_ma_ratio_5_20,4h,2025-09,0.00934659,0.00934659,720,True
qvol_ma_ratio_5_20,4h,2025-10,-0.00882289,-0.00882289,744,False
qvol_ma_ratio_5_20,4h,2025-11,-0.00323297,-0.00323297,720,False
qvol_ma_ratio_5_20,4h,2025-12,-0.016236,-0.016236,744,False
qvol_ma_ratio_5_20,4h,2026-01,-0.00469978,-0.00469978,744,False
qvol_ma_ratio_5_20,4h,2026-02,-0.01723077,-0.01723077,672,False
qvol_ma_ratio_5_20,4h,2026-03,0.0060333,0.0060333,744,True
qvol_ma_ratio_5_20,4h,2026-04,0.00028683,0.00028683,720,True
qvol_ma_ratio_5_20,4h,2026-05,-0.01599931,-0.01599931,744,False
qvol_ma_ratio_5_20,4h,2026-06,-0.00234806,-0.00234806,285,False
qvol_ma_ratio_5_20,72h,2024-06,-0.01215369,-0.01215369,700,False
qvol_ma_ratio_5_20,72h,2024-07,-0.00819969,-0.00819969,744,False
qvol_ma_ratio_5_20,72h,2024-08,-0.012626,-0.012626,744,False
qvol_ma_ratio_5_20,72h,2024-09,0.00769419,0.00769419,720,True
qvol_ma_ratio_5_20,72h,2024-10,0.00300113,0.00300113,744,False
qvol_ma_ratio_5_20,72h,2024-11,0.00398677,0.00398677,720,True
qvol_ma_ratio_5_20,72h,2024-12,-0.01530174,-0.01530174,744,False
qvol_ma_ratio_5_20,72h,2025-01,0.00208681,0.00208681,744,False
qvol_ma_ratio_5_20,72h,2025-02,-0.02420225,-0.02420225,672,False
qvol_ma_ratio_5_20,72h,2025-03,-0.01252452,-0.01252452,744,False
qvol_ma_ratio_5_20,72h,2025-04,-0.0051035,-0.0051035,720,False
qvol_ma_ratio_5_20,72h,2025-05,0.01101101,0.01101101,744,True
qvol_ma_ratio_5_20,72h,2025-06,-0.00408024,-0.00408024,720,False
qvol_ma_ratio_5_20,72h,2025-07,0.00535769,0.00535769,744,True
qvol_ma_ratio_5_20,72h,2025-08,0.0080602,0.0080602,744,True
qvol_ma_ratio_5_20,72h,2025-09,0.00769267,0.00769267,720,True
qvol_ma_ratio_5_20,72h,2025-10,-0.00542727,-0.00542727,744,False
qvol_ma_ratio_5_20,72h,2025-11,-0.01084721,-0.01084721,720,False
qvol_ma_ratio_5_20,72h,2025-12,-0.00957318,-0.00957318,744,False
qvol_ma_ratio_5_20,72h,2026-01,-0.0003695,-0.0003695,744,True
qvol_ma_ratio_5_20,72h,2026-02,0.00141077,0.00141077,672,True
qvol_ma_ratio_5_20,72h,2026-03,0.00501866,0.00501866,744,True
qvol_ma_ratio_5_20,72h,2026-04,-0.00155213,-0.00155213,720,False
qvol_ma_ratio_5_20,72h,2026-05,0.01429525,0.01429525,744,True
qvol_ma_ratio_5_20,72h,2026-06,0.00212516,0.00212516,217,False
qvol_zscore_20h,1h,2024-06,0.01070397,0.01070397,700,True
qvol_zscore_20h,1h,2024-07,0.00188031,0.00188031,744,True
qvol_zscore_20h,1h,2024-08,-0.00995233,-0.00995233,744,False
qvol_zscore_20h,1h,2024-09,-0.01738182,-0.01738182,720,False
qvol_zscore_20h,1h,2024-10,-0.01142577,-0.01142577,743,False
qvol_zscore_20h,1h,2024-11,-0.01474686,-0.01474686,720,False
qvol_zscore_20h,1h,2024-12,-0.01149431,-0.01149431,744,False
qvol_zscore_20h,1h,2025-01,-0.01038461,-0.01038461,744,False
qvol_zscore_20h,1h,2025-02,-0.01021553,-0.01021553,672,False
qvol_zscore_20h,1h,2025-03,-0.000166,-0.000166,744,True
qvol_zscore_20h,1h,2025-04,-0.01074361,-0.01074361,720,False
qvol_zscore_20h,1h,2025-05,-0.00666756,-0.00666756,744,False
qvol_zscore_20h,1h,2025-06,-0.00560305,-0.00560305,720,False
qvol_zscore_20h,1h,2025-07,-0.01440851,-0.01440851,744,False
qvol_zscore_20h,1h,2025-08,-0.00596667,-0.00596667,744,False
qvol_zscore_20h,1h,2025-09,-0.00057229,-0.00057229,720,True
qvol_zscore_20h,1h,2025-10,-0.00732482,-0.00732482,744,False
qvol_zscore_20h,1h,2025-11,-0.0089967,-0.0089967,720,False
qvol_zscore_20h,1h,2025-12,-0.01356558,-0.01356558,744,False
qvol_zscore_20h,1h,2026-01,-0.00573863,-0.00573863,744,False
qvol_zscore_20h,1h,2026-02,-0.00289352,-0.00289352,672,False
qvol_zscore_20h,1h,2026-03,0.00316733,0.00316733,744,False
qvol_zscore_20h,1h,2026-04,-0.00163758,-0.00163758,720,False
qvol_zscore_20h,1h,2026-05,-0.00789884,-0.00789884,744,False
qvol_zscore_20h,1h,2026-06,-0.01163176,-0.01163176,288,False
qvol_zscore_20h,24h,2024-06,-0.00808654,-0.00808654,700,False
qvol_zscore_20h,24h,2024-07,-0.00302111,-0.00302111,744,False
qvol_zscore_20h,24h,2024-08,-0.00840895,-0.00840895,744,False
qvol_zscore_20h,24h,2024-09,0.00717829,0.00717829,720,True
qvol_zscore_20h,24h,2024-10,0.00866,0.00866,744,True
qvol_zscore_20h,24h,2024-11,-0.01136907,-0.01136907,720,False
qvol_zscore_20h,24h,2024-12,-0.00448312,-0.00448312,744,False
qvol_zscore_20h,24h,2025-01,0.00506221,0.00506221,744,True
qvol_zscore_20h,24h,2025-02,-0.00811181,-0.00811181,672,True
qvol_zscore_20h,24h,2025-03,-0.00210419,-0.00210419,744,False
qvol_zscore_20h,24h,2025-04,-0.00045514,-0.00045514,720,False
qvol_zscore_20h,24h,2025-05,-0.0168464,-0.0168464,744,False
qvol_zscore_20h,24h,2025-06,0.00424701,0.00424701,720,True
qvol_zscore_20h,24h,2025-07,0.00491208,0.00491208,744,False
qvol_zscore_20h,24h,2025-08,0.01443975,0.01443975,744,True
qvol_zscore_20h,24h,2025-09,0.0081636,0.0081636,720,True
qvol_zscore_20h,24h,2025-10,-0.00244106,-0.00244106,744,False
qvol_zscore_20h,24h,2025-11,-0.00538649,-0.00538649,720,False
qvol_zscore_20h,24h,2025-12,-0.01299628,-0.01299628,744,False
qvol_zscore_20h,24h,2026-01,-0.01172032,-0.01172032,744,False
qvol_zscore_20h,24h,2026-02,-0.01111561,-0.01111561,672,False
qvol_zscore_20h,24h,2026-03,0.01137112,0.01137112,744,True
qvol_zscore_20h,24h,2026-04,-0.00797664,-0.00797664,720,False
qvol_zscore_20h,24h,2026-05,-0.00760437,-0.00760437,744,False
qvol_zscore_20h,24h,2026-06,0.01262257,0.01262257,265,True
qvol_zscore_20h,4h,2024-06,0.01410869,0.01410869,700,True
qvol_zscore_20h,4h,2024-07,-0.00715297,-0.00715297,744,False
qvol_zscore_20h,4h,2024-08,-0.01852454,-0.01852454,744,False
qvol_zscore_20h,4h,2024-09,-0.01356179,-0.01356179,720,False
qvol_zscore_20h,4h,2024-10,-0.00285613,-0.00285613,744,False
qvol_zscore_20h,4h,2024-11,-0.01203425,-0.01203425,720,False
qvol_zscore_20h,4h,2024-12,-0.0082692,-0.0082692,744,False
qvol_zscore_20h,4h,2025-01,-0.01040718,-0.01040718,744,False
qvol_zscore_20h,4h,2025-02,-0.00995568,-0.00995568,672,False
qvol_zscore_20h,4h,2025-03,-0.00443172,-0.00443172,744,False
qvol_zscore_20h,4h,2025-04,-0.01142963,-0.01142963,720,False
qvol_zscore_20h,4h,2025-05,-0.0061093,-0.0061093,744,False
qvol_zscore_20h,4h,2025-06,-0.00606637,-0.00606637,720,False
qvol_zscore_20h,4h,2025-07,-0.0145186,-0.0145186,744,False
qvol_zscore_20h,4h,2025-08,-0.00099167,-0.00099167,744,False
qvol_zscore_20h,4h,2025-09,0.00060815,0.00060815,720,False
qvol_zscore_20h,4h,2025-10,-0.01072289,-0.01072289,744,False
qvol_zscore_20h,4h,2025-11,-0.01146537,-0.01146537,720,False
qvol_zscore_20h,4h,2025-12,-0.01986661,-0.01986661,744,False
qvol_zscore_20h,4h,2026-01,-0.00500822,-0.00500822,744,False
qvol_zscore_20h,4h,2026-02,-0.01106509,-0.01106509,672,False
qvol_zscore_20h,4h,2026-03,-0.00299013,-0.00299013,744,False
qvol_zscore_20h,4h,2026-04,-0.00466215,-0.00466215,720,False
qvol_zscore_20h,4h,2026-05,-0.01411324,-0.01411324,744,False
qvol_zscore_20h,4h,2026-06,-0.00544317,-0.00544317,285,True
qvol_zscore_20h,72h,2024-06,0.00440732,0.00440732,700,True
qvol_zscore_20h,72h,2024-07,0.00216351,0.00216351,744,False
qvol_zscore_20h,72h,2024-08,0.00025244,0.00025244,744,True
qvol_zscore_20h,72h,2024-09,0.00257566,0.00257566,720,False
qvol_zscore_20h,72h,2024-10,0.00318722,0.00318722,744,False
qvol_zscore_20h,72h,2024-11,0.00895692,0.00895692,720,True
qvol_zscore_20h,72h,2024-12,-0.00788996,-0.00788996,744,False
qvol_zscore_20h,72h,2025-01,0.00857748,0.00857748,744,True
qvol_zscore_20h,72h,2025-02,-0.00733723,-0.00733723,672,False
qvol_zscore_20h,72h,2025-03,-0.00666442,-0.00666442,744,False
qvol_zscore_20h,72h,2025-04,-0.00096255,-0.00096255,720,False
qvol_zscore_20h,72h,2025-05,0.00375091,0.00375091,744,True
qvol_zscore_20h,72h,2025-06,-0.00108725,-0.00108725,720,False
qvol_zscore_20h,72h,2025-07,0.00209018,0.00209018,744,False
qvol_zscore_20h,72h,2025-08,0.00640308,0.00640308,744,True
qvol_zscore_20h,72h,2025-09,0.00485336,0.00485336,720,True
qvol_zscore_20h,72h,2025-10,-0.00440923,-0.00440923,744,False
qvol_zscore_20h,72h,2025-11,-0.00460981,-0.00460981,720,False
qvol_zscore_20h,72h,2025-12,-0.01078963,-0.01078963,744,False
qvol_zscore_20h,72h,2026-01,-0.00135043,-0.00135043,744,True
qvol_zscore_20h,72h,2026-02,-0.00402149,-0.00402149,672,False
qvol_zscore_20h,72h,2026-03,0.00491942,0.00491942,744,True
qvol_zscore_20h,72h,2026-04,-0.00397241,-0.00397241,720,False
qvol_zscore_20h,72h,2026-05,0.00683084,0.00683084,744,True
qvol_zscore_20h,72h,2026-06,-0.00244006,-0.00244006,217,True
qvol_zscore_48h,1h,2024-06,0.00736808,0.00736808,672,True
qvol_zscore_48h,1h,2024-07,7.753e-05,7.753e-05,744,True
qvol_zscore_48h,1h,2024-08,-0.01616507,-0.01616507,744,False
qvol_zscore_48h,1h,2024-09,-0.01452892,-0.01452892,720,False
qvol_zscore_48h,1h,2024-10,-0.01244687,-0.01244687,743,False
qvol_zscore_48h,1h,2024-11,-0.01797502,-0.01797502,720,False
qvol_zscore_48h,1h,2024-12,-0.01379566,-0.01379566,744,False
qvol_zscore_48h,1h,2025-01,-0.01017956,-0.01017956,744,False
qvol_zscore_48h,1h,2025-02,-0.01255,-0.01255,672,False
qvol_zscore_48h,1h,2025-03,-0.00372466,-0.00372466,744,False
qvol_zscore_48h,1h,2025-04,-0.00796714,-0.00796714,720,False
qvol_zscore_48h,1h,2025-05,-0.0067908,-0.0067908,744,False
qvol_zscore_48h,1h,2025-06,-0.00234907,-0.00234907,720,False
qvol_zscore_48h,1h,2025-07,-0.01260085,-0.01260085,744,False
qvol_zscore_48h,1h,2025-08,-0.00742836,-0.00742836,744,False
qvol_zscore_48h,1h,2025-09,0.00124329,0.00124329,720,False
qvol_zscore_48h,1h,2025-10,-0.00739864,-0.00739864,744,False
qvol_zscore_48h,1h,2025-11,-0.01032134,-0.01032134,720,False
qvol_zscore_48h,1h,2025-12,-0.01471325,-0.01471325,744,False
qvol_zscore_48h,1h,2026-01,-0.00743481,-0.00743481,744,False
qvol_zscore_48h,1h,2026-02,-0.00450821,-0.00450821,672,False
qvol_zscore_48h,1h,2026-03,0.00720111,0.00720111,744,True
qvol_zscore_48h,1h,2026-04,-0.00611507,-0.00611507,720,False
qvol_zscore_48h,1h,2026-05,-0.006747,-0.006747,744,False
qvol_zscore_48h,1h,2026-06,-0.00252067,-0.00252067,288,False
qvol_zscore_48h,24h,2024-06,-0.00512504,-0.00512504,672,False
qvol_zscore_48h,24h,2024-07,0.00342087,0.00342087,744,True
qvol_zscore_48h,24h,2024-08,-0.00066258,-0.00066258,744,True
qvol_zscore_48h,24h,2024-09,0.00894058,0.00894058,720,True
qvol_zscore_48h,24h,2024-10,-0.00372111,-0.00372111,744,True
qvol_zscore_48h,24h,2024-11,-0.01648286,-0.01648286,720,False
qvol_zscore_48h,24h,2024-12,-0.0126412,-0.0126412,744,False
qvol_zscore_48h,24h,2025-01,0.01169347,0.01169347,744,True
qvol_zscore_48h,24h,2025-02,-0.02000202,-0.02000202,672,False
qvol_zscore_48h,24h,2025-03,-0.0095186,-0.0095186,744,False
qvol_zscore_48h,24h,2025-04,-0.0042384,-0.0042384,720,False
qvol_zscore_48h,24h,2025-05,-0.01549059,-0.01549059,744,False
qvol_zscore_48h,24h,2025-06,-0.00228419,-0.00228419,720,False
qvol_zscore_48h,24h,2025-07,-0.00097525,-0.00097525,744,False
qvol_zscore_48h,24h,2025-08,0.00625298,0.00625298,744,True
qvol_zscore_48h,24h,2025-09,0.00707288,0.00707288,720,True
qvol_zscore_48h,24h,2025-10,-0.01350127,-0.01350127,744,False
qvol_zscore_48h,24h,2025-11,-0.02522213,-0.02522213,720,False
qvol_zscore_48h,24h,2025-12,-0.02852156,-0.02852156,744,False
qvol_zscore_48h,24h,2026-01,-0.01287411,-0.01287411,744,False
qvol_zscore_48h,24h,2026-02,-0.01779591,-0.01779591,672,False
qvol_zscore_48h,24h,2026-03,0.01837662,0.01837662,744,True
qvol_zscore_48h,24h,2026-04,-0.01968779,-0.01968779,720,False
qvol_zscore_48h,24h,2026-05,-0.00186003,-0.00186003,744,False
qvol_zscore_48h,24h,2026-06,0.0155265,0.0155265,265,True
qvol_zscore_48h,4h,2024-06,0.0117026,0.0117026,672,True
qvol_zscore_48h,4h,2024-07,-0.00727397,-0.00727397,744,False
qvol_zscore_48h,4h,2024-08,-0.02134656,-0.02134656,744,False
qvol_zscore_48h,4h,2024-09,-0.00464323,-0.00464323,720,True
qvol_zscore_48h,4h,2024-10,-0.00650526,-0.00650526,744,True
qvol_zscore_48h,4h,2024-11,-0.01811885,-0.01811885,720,False
qvol_zscore_48h,4h,2024-12,-0.0150573,-0.0150573,744,False
qvol_zscore_48h,4h,2025-01,-0.00992321,-0.00992321,744,False
qvol_zscore_48h,4h,2025-02,-0.01476738,-0.01476738,672,False
qvol_zscore_48h,4h,2025-03,-0.01320749,-0.01320749,744,False
qvol_zscore_48h,4h,2025-04,-0.00717761,-0.00717761,720,False
qvol_zscore_48h,4h,2025-05,-0.01318249,-0.01318249,744,False
qvol_zscore_48h,4h,2025-06,-0.00246999,-0.00246999,720,False
qvol_zscore_48h,4h,2025-07,-0.01277708,-0.01277708,744,False
qvol_zscore_48h,4h,2025-08,-0.00431036,-0.00431036,744,False
qvol_zscore_48h,4h,2025-09,0.0031963,0.0031963,720,False
qvol_zscore_48h,4h,2025-10,-0.0143745,-0.0143745,744,False
qvol_zscore_48h,4h,2025-11,-0.01496158,-0.01496158,720,False
qvol_zscore_48h,4h,2025-12,-0.02663972,-0.02663972,744,False
qvol_zscore_48h,4h,2026-01,-0.00968204,-0.00968204,744,False
qvol_zscore_48h,4h,2026-02,-0.01512903,-0.01512903,672,False
qvol_zscore_48h,4h,2026-03,-0.00027085,-0.00027085,744,False
qvol_zscore_48h,4h,2026-04,-0.0109345,-0.0109345,720,False
qvol_zscore_48h,4h,2026-05,-0.01289168,-0.01289168,744,False
qvol_zscore_48h,4h,2026-06,0.00602946,0.00602946,285,True
qvol_zscore_48h,72h,2024-06,0.02150648,0.02150648,672,True
qvol_zscore_48h,72h,2024-07,0.00322324,0.00322324,744,True
qvol_zscore_48h,72h,2024-08,-0.00140625,-0.00140625,744,True
qvol_zscore_48h,72h,2024-09,-0.00460976,-0.00460976,720,False
qvol_zscore_48h,72h,2024-10,-0.00569994,-0.00569994,744,False
qvol_zscore_48h,72h,2024-11,0.00763347,0.00763347,720,True
qvol_zscore_48h,72h,2024-12,-0.01618971,-0.01618971,744,False
qvol_zscore_48h,72h,2025-01,0.00526881,0.00526881,744,True
qvol_zscore_48h,72h,2025-02,-0.01169508,-0.01169508,672,False
qvol_zscore_48h,72h,2025-03,-0.016273,-0.016273,744,False
qvol_zscore_48h,72h,2025-04,0.00511795,0.00511795,720,True
qvol_zscore_48h,72h,2025-05,0.00430422,0.00430422,744,False
qvol_zscore_48h,72h,2025-06,-0.00097058,-0.00097058,720,False
qvol_zscore_48h,72h,2025-07,0.00028624,0.00028624,744,True
qvol_zscore_48h,72h,2025-08,0.0005843,0.0005843,744,False
qvol_zscore_48h,72h,2025-09,0.00106218,0.00106218,720,True
qvol_zscore_48h,72h,2025-10,-0.01374606,-0.01374606,744,False
qvol_zscore_48h,72h,2025-11,-0.01331156,-0.01331156,720,False
qvol_zscore_48h,72h,2025-12,-0.02464872,-0.02464872,744,False
qvol_zscore_48h,72h,2026-01,0.00856496,0.00856496,744,True
qvol_zscore_48h,72h,2026-02,-0.00493145,-0.00493145,672,False
qvol_zscore_48h,72h,2026-03,0.006873,0.006873,744,True
qvol_zscore_48h,72h,2026-04,-0.01438636,-0.01438636,720,False
qvol_zscore_48h,72h,2026-05,0.01570415,0.01570415,744,True
qvol_zscore_48h,72h,2026-06,-0.01147144,-0.01147144,217,False
range_1h,1h,2024-06,-0.04415366,-0.04415366,719,False
range_1h,1h,2024-07,-0.03838281,-0.03838281,744,False
range_1h,1h,2024-08,-0.04564486,-0.04564486,744,False
range_1h,1h,2024-09,-0.03377762,-0.03377762,720,False
range_1h,1h,2024-10,-0.04297087,-0.04297087,742,False
range_1h,1h,2024-11,-0.04181182,-0.04181182,720,False
range_1h,1h,2024-12,-0.04376836,-0.04376836,744,False
range_1h,1h,2025-01,-0.07140067,-0.07140067,744,False
range_1h,1h,2025-02,-0.04331775,-0.04331775,672,False
range_1h,1h,2025-03,-0.03046976,-0.03046976,744,False
range_1h,1h,2025-04,-0.02409208,-0.02409208,720,False
range_1h,1h,2025-05,-0.03772191,-0.03772191,744,False
range_1h,1h,2025-06,-0.03550546,-0.03550546,720,False
range_1h,1h,2025-07,-0.03543843,-0.03543843,744,False
range_1h,1h,2025-08,-0.03295157,-0.03295157,744,False
range_1h,1h,2025-09,-0.03263632,-0.03263632,720,False
range_1h,1h,2025-10,-0.03765363,-0.03765363,744,False
range_1h,1h,2025-11,-0.04513131,-0.04513131,720,False
range_1h,1h,2025-12,-0.04030012,-0.04030012,744,False
range_1h,1h,2026-01,-0.03663237,-0.03663237,744,False
range_1h,1h,2026-02,-0.02553557,-0.02553557,672,False
range_1h,1h,2026-03,-0.01661863,-0.01661863,744,False
range_1h,1h,2026-04,-0.02758671,-0.02758671,720,False
range_1h,1h,2026-05,-0.03199622,-0.03199622,744,False
range_1h,1h,2026-06,-0.0226078,-0.0226078,288,False
range_1h,24h,2024-06,-0.12732354,-0.12732354,719,False
range_1h,24h,2024-07,-0.08430423,-0.08430423,744,False
range_1h,24h,2024-08,-0.10882288,-0.10882288,744,False
range_1h,24h,2024-09,-0.01357234,-0.01357234,720,False
range_1h,24h,2024-10,-0.10070721,-0.10070721,743,False
range_1h,24h,2024-11,-0.08145746,-0.08145746,720,False
range_1h,24h,2024-12,-0.09750893,-0.09750893,744,False
range_1h,24h,2025-01,-0.14524081,-0.14524081,744,False
range_1h,24h,2025-02,-0.0929911,-0.0929911,672,False
range_1h,24h,2025-03,-0.09510865,-0.09510865,744,False
range_1h,24h,2025-04,-0.03394518,-0.03394518,720,False
range_1h,24h,2025-05,-0.0861332,-0.0861332,744,False
range_1h,24h,2025-06,-0.07286103,-0.07286103,720,False
range_1h,24h,2025-07,-0.07632915,-0.07632915,744,False
range_1h,24h,2025-08,-0.08082854,-0.08082854,744,False
range_1h,24h,2025-09,-0.05967492,-0.05967492,720,False
range_1h,24h,2025-10,-0.08450829,-0.08450829,744,False
range_1h,24h,2025-11,-0.10699433,-0.10699433,720,False
range_1h,24h,2025-12,-0.0555618,-0.0555618,744,False
range_1h,24h,2026-01,-0.08933245,-0.08933245,744,False
range_1h,24h,2026-02,-0.05701517,-0.05701517,672,False
range_1h,24h,2026-03,-0.05962863,-0.05962863,744,False
range_1h,24h,2026-04,-0.0712277,-0.0712277,720,False
range_1h,24h,2026-05,-0.06870713,-0.06870713,744,False
range_1h,24h,2026-06,-0.03166104,-0.03166104,265,False
range_1h,4h,2024-06,-0.05562622,-0.05562622,719,False
range_1h,4h,2024-07,-0.04987927,-0.04987927,744,False
range_1h,4h,2024-08,-0.06076057,-0.06076057,744,False
range_1h,4h,2024-09,-0.03241773,-0.03241773,720,False
range_1h,4h,2024-10,-0.05782634,-0.05782634,743,False
range_1h,4h,2024-11,-0.05753294,-0.05753294,720,False
range_1h,4h,2024-12,-0.07631274,-0.07631274,744,False
range_1h,4h,2025-01,-0.09658837,-0.09658837,744,False
range_1h,4h,2025-02,-0.0530004,-0.0530004,672,False
range_1h,4h,2025-03,-0.05608785,-0.05608785,744,False
range_1h,4h,2025-04,-0.03413043,-0.03413043,720,False
range_1h,4h,2025-05,-0.05414562,-0.05414562,744,False
range_1h,4h,2025-06,-0.0491356,-0.0491356,720,False
range_1h,4h,2025-07,-0.05146525,-0.05146525,744,False
range_1h,4h,2025-08,-0.04723838,-0.04723838,744,False
range_1h,4h,2025-09,-0.04519465,-0.04519465,720,False
range_1h,4h,2025-10,-0.04913274,-0.04913274,744,False
range_1h,4h,2025-11,-0.0680003,-0.0680003,720,False
range_1h,4h,2025-12,-0.05396626,-0.05396626,744,False
range_1h,4h,2026-01,-0.05447597,-0.05447597,744,False
range_1h,4h,2026-02,-0.04114312,-0.04114312,672,False
range_1h,4h,2026-03,-0.03732874,-0.03732874,744,False
range_1h,4h,2026-04,-0.04377027,-0.04377027,720,False
range_1h,4h,2026-05,-0.05176171,-0.05176171,744,False
range_1h,4h,2026-06,-0.02879153,-0.02879153,285,False
range_1h,72h,2024-06,-0.16661808,-0.16661808,719,False
range_1h,72h,2024-07,-0.11578351,-0.11578351,744,False
range_1h,72h,2024-08,-0.11545486,-0.11545486,744,False
range_1h,72h,2024-09,0.01551791,0.01551791,720,True
range_1h,72h,2024-10,-0.11192061,-0.11192061,743,False
range_1h,72h,2024-11,-0.04875218,-0.04875218,720,False
range_1h,72h,2024-12,-0.10155587,-0.10155587,744,False
range_1h,72h,2025-01,-0.20432041,-0.20432041,744,False
range_1h,72h,2025-02,-0.08031213,-0.08031213,672,False
range_1h,72h,2025-03,-0.13989056,-0.13989056,744,False
range_1h,72h,2025-04,-0.00485394,-0.00485394,720,True
range_1h,72h,2025-05,-0.08961441,-0.08961441,744,False
range_1h,72h,2025-06,-0.11144287,-0.11144287,720,False
range_1h,72h,2025-07,-0.0982656,-0.0982656,744,False
range_1h,72h,2025-08,-0.1011774,-0.1011774,744,False
range_1h,72h,2025-09,-0.04606667,-0.04606667,720,False
range_1h,72h,2025-10,-0.0903634,-0.0903634,744,False
range_1h,72h,2025-11,-0.1197208,-0.1197208,720,False
range_1h,72h,2025-12,-0.05319087,-0.05319087,744,False
range_1h,72h,2026-01,-0.11639579,-0.11639579,744,False
range_1h,72h,2026-02,-0.05918249,-0.05918249,672,False
range_1h,72h,2026-03,-0.07411199,-0.07411199,744,False
range_1h,72h,2026-04,-0.06419659,-0.06419659,720,False
range_1h,72h,2026-05,-0.08172598,-0.08172598,744,False
range_1h,72h,2026-06,-0.06437777,-0.06437777,217,False
range_24h,1h,2024-06,-0.04858735,-0.04858735,696,False
range_24h,1h,2024-07,-0.04079138,-0.04079138,744,False
range_24h,1h,2024-08,-0.04430042,-0.04430042,744,False
range_24h,1h,2024-09,-0.02594756,-0.02594756,720,False
range_24h,1h,2024-10,-0.03821,-0.03821,743,False
range_24h,1h,2024-11,-0.03532935,-0.03532935,720,False
range_24h,1h,2024-12,-0.03376109,-0.03376109,744,False
range_24h,1h,2025-01,-0.06638537,-0.06638537,744,False
range_24h,1h,2025-02,-0.03752457,-0.03752457,672,False
range_24h,1h,2025-03,-0.03111218,-0.03111218,744,False
range_24h,1h,2025-04,-0.02035923,-0.02035923,720,False
range_24h,1h,2025-05,-0.03245416,-0.03245416,744,False
range_24h,1h,2025-06,-0.03110761,-0.03110761,720,False
range_24h,1h,2025-07,-0.02773369,-0.02773369,744,False
range_24h,1h,2025-08,-0.02320926,-0.02320926,744,False
range_24h,1h,2025-09,-0.03071312,-0.03071312,720,False
range_24h,1h,2025-10,-0.02710233,-0.02710233,744,False
range_24h,1h,2025-11,-0.03931289,-0.03931289,720,False
range_24h,1h,2025-12,-0.02766876,-0.02766876,744,False
range_24h,1h,2026-01,-0.03155919,-0.03155919,744,False
range_24h,1h,2026-02,-0.01770845,-0.01770845,672,False
range_24h,1h,2026-03,-0.0250302,-0.0250302,744,False
range_24h,1h,2026-04,-0.02955552,-0.02955552,720,False
range_24h,1h,2026-05,-0.03339358,-0.03339358,744,False
range_24h,1h,2026-06,-0.01725226,-0.01725226,288,False
range_24h,24h,2024-06,-0.14583483,-0.14583483,696,False
range_24h,24h,2024-07,-0.08458727,-0.08458727,744,False
range_24h,24h,2024-08,-0.10080277,-0.10080277,744,False
range_24h,24h,2024-09,-0.01913121,-0.01913121,720,False
range_24h,24h,2024-10,-0.08332473,-0.08332473,744,False
range_24h,24h,2024-11,-0.08245793,-0.08245793,720,False
range_24h,24h,2024-12,-0.08840097,-0.08840097,744,False
range_24h,24h,2025-01,-0.13791971,-0.13791971,744,False
range_24h,24h,2025-02,-0.09224471,-0.09224471,672,False
range_24h,24h,2025-03,-0.08038216,-0.08038216,744,False
range_24h,24h,2025-04,-0.01412108,-0.01412108,720,False
range_24h,24h,2025-05,-0.06796236,-0.06796236,744,False
range_24h,24h,2025-06,-0.06032392,-0.06032392,720,False
range_24h,24h,2025-07,-0.08359784,-0.08359784,744,False
range_24h,24h,2025-08,-0.07587449,-0.07587449,744,False
range_24h,24h,2025-09,-0.07043794,-0.07043794,720,False
range_24h,24h,2025-10,-0.07780646,-0.07780646,744,False
range_24h,24h,2025-11,-0.1170754,-0.1170754,720,False
range_24h,24h,2025-12,-0.05089298,-0.05089298,744,False
range_24h,24h,2026-01,-0.08802636,-0.08802636,744,False
range_24h,24h,2026-02,-0.05675047,-0.05675047,672,False
range_24h,24h,2026-03,-0.08126793,-0.08126793,744,False
range_24h,24h,2026-04,-0.07040281,-0.07040281,720,False
range_24h,24h,2026-05,-0.07311265,-0.07311265,744,False
range_24h,24h,2026-06,-0.0367816,-0.0367816,265,False
range_24h,4h,2024-06,-0.06657796,-0.06657796,696,False
range_24h,4h,2024-07,-0.05491943,-0.05491943,744,False
range_24h,4h,2024-08,-0.05605573,-0.05605573,744,False
range_24h,4h,2024-09,-0.02582012,-0.02582012,720,False
range_24h,4h,2024-10,-0.05426546,-0.05426546,744,False
range_24h,4h,2024-11,-0.04965811,-0.04965811,720,False
range_24h,4h,2024-12,-0.05805209,-0.05805209,744,False
range_24h,4h,2025-01,-0.08523041,-0.08523041,744,False
range_24h,4h,2025-02,-0.05080081,-0.05080081,672,False
range_24h,4h,2025-03,-0.05051721,-0.05051721,744,False
range_24h,4h,2025-04,-0.02655426,-0.02655426,720,False
range_24h,4h,2025-05,-0.04684559,-0.04684559,744,False
range_24h,4h,2025-06,-0.04526302,-0.04526302,720,False
range_24h,4h,2025-07,-0.04209475,-0.04209475,744,False
range_24h,4h,2025-08,-0.03458392,-0.03458392,744,False
range_24h,4h,2025-09,-0.04649677,-0.04649677,720,False
range_24h,4h,2025-10,-0.03921978,-0.03921978,744,False
range_24h,4h,2025-11,-0.0669089,-0.0669089,720,False
range_24h,4h,2025-12,-0.04173223,-0.04173223,744,False
range_24h,4h,2026-01,-0.05065364,-0.05065364,744,False
range_24h,4h,2026-02,-0.03457606,-0.03457606,672,False
range_24h,4h,2026-03,-0.05133349,-0.05133349,744,False
range_24h,4h,2026-04,-0.05111068,-0.05111068,720,False
range_24h,4h,2026-05,-0.0512438,-0.0512438,744,False
range_24h,4h,2026-06,-0.02137398,-0.02137398,285,False
range_24h,72h,2024-06,-0.18783521,-0.18783521,696,False
range_24h,72h,2024-07,-0.1075649,-0.1075649,744,False
range_24h,72h,2024-08,-0.13086177,-0.13086177,744,False
range_24h,72h,2024-09,0.00790596,0.00790596,720,True
range_24h,72h,2024-10,-0.10136417,-0.10136417,744,False
range_24h,72h,2024-11,-0.04793899,-0.04793899,720,False
range_24h,72h,2024-12,-0.09910823,-0.09910823,744,False
range_24h,72h,2025-01,-0.2177826,-0.2177826,744,False
range_24h,72h,2025-02,-0.08154472,-0.08154472,672,False
range_24h,72h,2025-03,-0.12259027,-0.12259027,744,False
range_24h,72h,2025-04,0.01125374,0.01125374,720,True
range_24h,72h,2025-05,-0.08738222,-0.08738222,744,False
range_24h,72h,2025-06,-0.0935875,-0.0935875,720,False
range_24h,72h,2025-07,-0.10173889,-0.10173889,744,False
range_24h,72h,2025-08,-0.1222662,-0.1222662,744,False
range_24h,72h,2025-09,-0.05880551,-0.05880551,720,False
range_24h,72h,2025-10,-0.0881936,-0.0881936,744,False
range_24h,72h,2025-11,-0.13308428,-0.13308428,720,False
range_24h,72h,2025-12,-0.06670727,-0.06670727,744,False
range_24h,72h,2026-01,-0.12800482,-0.12800482,744,False
range_24h,72h,2026-02,-0.06606668,-0.06606668,672,False
range_24h,72h,2026-03,-0.08192933,-0.08192933,744,False
range_24h,72h,2026-04,-0.06754034,-0.06754034,720,False
range_24h,72h,2026-05,-0.08886144,-0.08886144,744,False
range_24h,72h,2026-06,-0.05864638,-0.05864638,217,False
range_4h,1h,2024-06,-0.0470203,-0.0470203,716,False
range_4h,1h,2024-07,-0.03862988,-0.03862988,744,False
range_4h,1h,2024-08,-0.04590254,-0.04590254,744,False
range_4h,1h,2024-09,-0.03400401,-0.03400401,720,False
range_4h,1h,2024-10,-0.03820032,-0.03820032,743,False
range_4h,1h,2024-11,-0.04138448,-0.04138448,720,False
range_4h,1h,2024-12,-0.04400446,-0.04400446,744,False
range_4h,1h,2025-01,-0.07748547,-0.07748547,744,False
range_4h,1h,2025-02,-0.03845305,-0.03845305,672,False
range_4h,1h,2025-03,-0.03223419,-0.03223419,744,False
range_4h,1h,2025-04,-0.0256347,-0.0256347,720,False
range_4h,1h,2025-05,-0.03806764,-0.03806764,744,False
range_4h,1h,2025-06,-0.03090048,-0.03090048,720,False
range_4h,1h,2025-07,-0.03330392,-0.03330392,744,False
range_4h,1h,2025-08,-0.03282002,-0.03282002,744,False
range_4h,1h,2025-09,-0.03170976,-0.03170976,720,False
range_4h,1h,2025-10,-0.03222713,-0.03222713,744,False
range_4h,1h,2025-11,-0.04152853,-0.04152853,720,False
range_4h,1h,2025-12,-0.03736457,-0.03736457,744,False
range_4h,1h,2026-01,-0.03627325,-0.03627325,744,False
range_4h,1h,2026-02,-0.0202785,-0.0202785,672,False
range_4h,1h,2026-03,-0.01853012,-0.01853012,744,False
range_4h,1h,2026-04,-0.02799049,-0.02799049,720,False
range_4h,1h,2026-05,-0.03398456,-0.03398456,744,False
range_4h,1h,2026-06,-0.02658016,-0.02658016,288,False
range_4h,24h,2024-06,-0.13283255,-0.13283255,716,False
range_4h,24h,2024-07,-0.09106188,-0.09106188,744,False
range_4h,24h,2024-08,-0.11252267,-0.11252267,744,False
range_4h,24h,2024-09,-0.01219993,-0.01219993,720,False
range_4h,24h,2024-10,-0.09692142,-0.09692142,744,False
range_4h,24h,2024-11,-0.08410743,-0.08410743,720,False
range_4h,24h,2024-12,-0.09435757,-0.09435757,744,False
range_4h,24h,2025-01,-0.1469028,-0.1469028,744,False
range_4h,24h,2025-02,-0.0954898,-0.0954898,672,False
range_4h,24h,2025-03,-0.10056571,-0.10056571,744,False
range_4h,24h,2025-04,-0.03394942,-0.03394942,720,False
range_4h,24h,2025-05,-0.08406938,-0.08406938,744,False
range_4h,24h,2025-06,-0.06794195,-0.06794195,720,False
range_4h,24h,2025-07,-0.07726445,-0.07726445,744,False
range_4h,24h,2025-08,-0.07936567,-0.07936567,744,False
range_4h,24h,2025-09,-0.06003845,-0.06003845,720,False
range_4h,24h,2025-10,-0.07981622,-0.07981622,744,False
range_4h,24h,2025-11,-0.1115698,-0.1115698,720,False
range_4h,24h,2025-12,-0.04883221,-0.04883221,744,False
range_4h,24h,2026-01,-0.0893842,-0.0893842,744,False
range_4h,24h,2026-02,-0.05391115,-0.05391115,672,False
range_4h,24h,2026-03,-0.06641949,-0.06641949,744,False
range_4h,24h,2026-04,-0.07374517,-0.07374517,720,False
range_4h,24h,2026-05,-0.06878232,-0.06878232,744,False
range_4h,24h,2026-06,-0.03300615,-0.03300615,265,False
range_4h,4h,2024-06,-0.05665221,-0.05665221,716,False
range_4h,4h,2024-07,-0.05296696,-0.05296696,744,False
range_4h,4h,2024-08,-0.06466467,-0.06466467,744,False
range_4h,4h,2024-09,-0.02851413,-0.02851413,720,False
range_4h,4h,2024-10,-0.05459001,-0.05459001,744,False
range_4h,4h,2024-11,-0.05402351,-0.05402351,720,False
range_4h,4h,2024-12,-0.06905722,-0.06905722,744,False
range_4h,4h,2025-01,-0.09958907,-0.09958907,744,False
range_4h,4h,2025-02,-0.048753,-0.048753,672,False
range_4h,4h,2025-03,-0.05919014,-0.05919014,744,False
range_4h,4h,2025-04,-0.04063512,-0.04063512,720,False
range_4h,4h,2025-05,-0.05876719,-0.05876719,744,False
range_4h,4h,2025-06,-0.0439939,-0.0439939,720,False
range_4h,4h,2025-07,-0.05054867,-0.05054867,744,False
range_4h,4h,2025-08,-0.04710213,-0.04710213,744,False
range_4h,4h,2025-09,-0.04268594,-0.04268594,720,False
range_4h,4h,2025-10,-0.04779755,-0.04779755,744,False
range_4h,4h,2025-11,-0.06450313,-0.06450313,720,False
range_4h,4h,2025-12,-0.04597736,-0.04597736,744,False
range_4h,4h,2026-01,-0.05478838,-0.05478838,744,False
range_4h,4h,2026-02,-0.03731839,-0.03731839,672,False
range_4h,4h,2026-03,-0.03924308,-0.03924308,744,False
range_4h,4h,2026-04,-0.04778906,-0.04778906,720,False
range_4h,4h,2026-05,-0.05612695,-0.05612695,744,False
range_4h,4h,2026-06,-0.03467653,-0.03467653,285,False
range_4h,72h,2024-06,-0.17182414,-0.17182414,716,False
range_4h,72h,2024-07,-0.12198818,-0.12198818,744,False
range_4h,72h,2024-08,-0.12317405,-0.12317405,744,False
range_4h,72h,2024-09,0.0166403,0.0166403,720,True
range_4h,72h,2024-10,-0.1085625,-0.1085625,744,False
range_4h,72h,2024-11,-0.0508082,-0.0508082,720,False
range_4h,72h,2024-12,-0.09528717,-0.09528717,744,False
range_4h,72h,2025-01,-0.21038528,-0.21038528,744,False
range_4h,72h,2025-02,-0.08507306,-0.08507306,672,False
range_4h,72h,2025-03,-0.14027862,-0.14027862,744,False
range_4h,72h,2025-04,-0.00615334,-0.00615334,720,False
range_4h,72h,2025-05,-0.0898231,-0.0898231,744,False
range_4h,72h,2025-06,-0.10728932,-0.10728932,720,False
range_4h,72h,2025-07,-0.10073039,-0.10073039,744,False
range_4h,72h,2025-08,-0.10498476,-0.10498476,744,False
range_4h,72h,2025-09,-0.04701275,-0.04701275,720,False
range_4h,72h,2025-10,-0.08881781,-0.08881781,744,False
range_4h,72h,2025-11,-0.12525188,-0.12525188,720,False
range_4h,72h,2025-12,-0.05172933,-0.05172933,744,False
range_4h,72h,2026-01,-0.11703185,-0.11703185,744,False
range_4h,72h,2026-02,-0.05824491,-0.05824491,672,False
range_4h,72h,2026-03,-0.07721933,-0.07721933,744,False
range_4h,72h,2026-04,-0.06611455,-0.06611455,720,False
range_4h,72h,2026-05,-0.08234285,-0.08234285,744,False
range_4h,72h,2026-06,-0.06911912,-0.06911912,217,False
realized_kurt_20h,1h,2024-06,-0.00076794,-0.00076794,699,False
realized_kurt_20h,1h,2024-07,-0.00497836,-0.00497836,744,False
realized_kurt_20h,1h,2024-08,-6.749e-05,-6.749e-05,744,True
realized_kurt_20h,1h,2024-09,-0.008975,-0.008975,720,False
realized_kurt_20h,1h,2024-10,-0.00030838,-0.00030838,743,False
realized_kurt_20h,1h,2024-11,-0.00323874,-0.00323874,720,False
realized_kurt_20h,1h,2024-12,0.0054977,0.0054977,744,True
realized_kurt_20h,1h,2025-01,-0.00427198,-0.00427198,744,True
realized_kurt_20h,1h,2025-02,-0.00917074,-0.00917074,672,False
realized_kurt_20h,1h,2025-03,-0.01077693,-0.01077693,744,False
realized_kurt_20h,1h,2025-04,-0.00390051,-0.00390051,720,False
realized_kurt_20h,1h,2025-05,-0.00586667,-0.00586667,744,False
realized_kurt_20h,1h,2025-06,-0.00703161,-0.00703161,720,False
realized_kurt_20h,1h,2025-07,-0.00500894,-0.00500894,744,False
realized_kurt_20h,1h,2025-08,-0.00171047,-0.00171047,744,False
realized_kurt_20h,1h,2025-09,-0.0025326,-0.0025326,720,False
realized_kurt_20h,1h,2025-10,-0.0018841,-0.0018841,744,False
realized_kurt_20h,1h,2025-11,-0.00599974,-0.00599974,720,False
realized_kurt_20h,1h,2025-12,-0.00427162,-0.00427162,744,False
realized_kurt_20h,1h,2026-01,-0.00600644,-0.00600644,744,False
realized_kurt_20h,1h,2026-02,0.00391642,0.00391642,672,False
realized_kurt_20h,1h,2026-03,-0.00327842,-0.00327842,744,False
realized_kurt_20h,1h,2026-04,-0.0080294,-0.0080294,720,False
realized_kurt_20h,1h,2026-05,-0.00435604,-0.00435604,744,False
realized_kurt_20h,1h,2026-06,-0.00079441,-0.00079441,288,False
realized_kurt_20h,24h,2024-06,0.00294152,0.00294152,699,True
realized_kurt_20h,24h,2024-07,-0.00693715,-0.00693715,744,False
realized_kurt_20h,24h,2024-08,0.01702149,0.01702149,744,True
realized_kurt_20h,24h,2024-09,-0.02847291,-0.02847291,720,False
realized_kurt_20h,24h,2024-10,0.0018239,0.0018239,744,True
realized_kurt_20h,24h,2024-11,-0.02448028,-0.02448028,720,False
realized_kurt_20h,24h,2024-12,0.01751866,0.01751866,744,True
realized_kurt_20h,24h,2025-01,-0.02114779,-0.02114779,744,False
realized_kurt_20h,24h,2025-02,0.00152186,0.00152186,672,True
realized_kurt_20h,24h,2025-03,-0.03132056,-0.03132056,744,False
realized_kurt_20h,24h,2025-04,-0.00982453,-0.00982453,720,False
realized_kurt_20h,24h,2025-05,-0.0382886,-0.0382886,744,False
realized_kurt_20h,24h,2025-06,-0.00941352,-0.00941352,720,False
realized_kurt_20h,24h,2025-07,-0.00978867,-0.00978867,744,False
realized_kurt_20h,24h,2025-08,-0.00731193,-0.00731193,744,False
realized_kurt_20h,24h,2025-09,-0.01472692,-0.01472692,720,False
realized_kurt_20h,24h,2025-10,-0.01648306,-0.01648306,744,False
realized_kurt_20h,24h,2025-11,-0.02661067,-0.02661067,720,False
realized_kurt_20h,24h,2025-12,-0.01371464,-0.01371464,744,False
realized_kurt_20h,24h,2026-01,-0.02264928,-0.02264928,744,False
realized_kurt_20h,24h,2026-02,-0.00937708,-0.00937708,672,False
realized_kurt_20h,24h,2026-03,-0.01088206,-0.01088206,744,False
realized_kurt_20h,24h,2026-04,-0.02235434,-0.02235434,720,False
realized_kurt_20h,24h,2026-05,-0.0144486,-0.0144486,744,False
realized_kurt_20h,24h,2026-06,0.0277031,0.0277031,265,True
realized_kurt_20h,4h,2024-06,-0.00459784,-0.00459784,699,False
realized_kurt_20h,4h,2024-07,-0.01221707,-0.01221707,744,False
realized_kurt_20h,4h,2024-08,-0.00461512,-0.00461512,744,False
realized_kurt_20h,4h,2024-09,-0.0206691,-0.0206691,720,False
realized_kurt_20h,4h,2024-10,0.00092736,0.00092736,744,False
realized_kurt_20h,4h,2024-11,-0.005179,-0.005179,720,False
realized_kurt_20h,4h,2024-12,0.01633443,0.01633443,744,True
realized_kurt_20h,4h,2025-01,-0.00742287,-0.00742287,744,False
realized_kurt_20h,4h,2025-02,-0.01281217,-0.01281217,672,False
realized_kurt_20h,4h,2025-03,-0.02277082,-0.02277082,744,False
realized_kurt_20h,4h,2025-04,-0.00102715,-0.00102715,720,True
realized_kurt_20h,4h,2025-05,-0.01293573,-0.01293573,744,False
realized_kurt_20h,4h,2025-06,-0.00921871,-0.00921871,720,False
realized_kurt_20h,4h,2025-07,-0.00798026,-0.00798026,744,False
realized_kurt_20h,4h,2025-08,0.00052127,0.00052127,744,True
realized_kurt_20h,4h,2025-09,-0.00242364,-0.00242364,720,False
realized_kurt_20h,4h,2025-10,-0.00623371,-0.00623371,744,False
realized_kurt_20h,4h,2025-11,-0.01437843,-0.01437843,720,False
realized_kurt_20h,4h,2025-12,-0.00686094,-0.00686094,744,False
realized_kurt_20h,4h,2026-01,-0.00781024,-0.00781024,744,False
realized_kurt_20h,4h,2026-02,0.00907548,0.00907548,672,True
realized_kurt_20h,4h,2026-03,-0.0080991,-0.0080991,744,False
realized_kurt_20h,4h,2026-04,-0.01821923,-0.01821923,720,False
realized_kurt_20h,4h,2026-05,-0.0077644,-0.0077644,744,False
realized_kurt_20h,4h,2026-06,0.00636419,0.00636419,285,True
realized_kurt_20h,72h,2024-06,0.01565683,0.01565683,699,True
realized_kurt_20h,72h,2024-07,0.01911607,0.01911607,744,True
realized_kurt_20h,72h,2024-08,0.01792245,0.01792245,744,True
realized_kurt_20h,72h,2024-09,-0.01525408,-0.01525408,720,False
realized_kurt_20h,72h,2024-10,-0.01023501,-0.01023501,744,False
realized_kurt_20h,72h,2024-11,-0.04006074,-0.04006074,720,False
realized_kurt_20h,72h,2024-12,0.00095942,0.00095942,744,False
realized_kurt_20h,72h,2025-01,0.00023834,0.00023834,744,False
realized_kurt_20h,72h,2025-02,0.00544655,0.00544655,672,True
realized_kurt_20h,72h,2025-03,-0.00899562,-0.00899562,744,False
realized_kurt_20h,72h,2025-04,-0.00584673,-0.00584673,720,False
realized_kurt_20h,72h,2025-05,-0.02663101,-0.02663101,744,False
realized_kurt_20h,72h,2025-06,-0.01981451,-0.01981451,720,False
realized_kurt_20h,72h,2025-07,-0.02058497,-0.02058497,744,False
realized_kurt_20h,72h,2025-08,-0.01569021,-0.01569021,744,False
realized_kurt_20h,72h,2025-09,-0.0186555,-0.0186555,720,False
realized_kurt_20h,72h,2025-10,-0.01436739,-0.01436739,744,False
realized_kurt_20h,72h,2025-11,-0.00706247,-0.00706247,720,False
realized_kurt_20h,72h,2025-12,-0.03560587,-0.03560587,744,False
realized_kurt_20h,72h,2026-01,-0.01889544,-0.01889544,744,False
realized_kurt_20h,72h,2026-02,-0.00954464,-0.00954464,672,False
realized_kurt_20h,72h,2026-03,-0.01342697,-0.01342697,744,False
realized_kurt_20h,72h,2026-04,-0.03019021,-0.03019021,720,False
realized_kurt_20h,72h,2026-05,-0.00776737,-0.00776737,744,False
realized_kurt_20h,72h,2026-06,0.03119393,0.03119393,217,True
realized_skew_20h,1h,2024-06,-0.00635805,-0.00635805,699,False
realized_skew_20h,1h,2024-07,-0.00877887,-0.00877887,744,False
realized_skew_20h,1h,2024-08,-0.01843081,-0.01843081,744,False
realized_skew_20h,1h,2024-09,-0.00590972,-0.00590972,720,False
realized_skew_20h,1h,2024-10,-0.00849146,-0.00849146,743,False
realized_skew_20h,1h,2024-11,-0.02131605,-0.02131605,720,False
realized_skew_20h,1h,2024-12,-0.01488158,-0.01488158,744,False
realized_skew_20h,1h,2025-01,-0.02268783,-0.02268783,744,False
realized_skew_20h,1h,2025-02,-0.01889588,-0.01889588,672,False
realized_skew_20h,1h,2025-03,-0.01241046,-0.01241046,744,False
realized_skew_20h,1h,2025-04,-0.00705592,-0.00705592,720,False
realized_skew_20h,1h,2025-05,-0.01319236,-0.01319236,744,False
realized_skew_20h,1h,2025-06,-0.00663743,-0.00663743,720,False
realized_skew_20h,1h,2025-07,-0.00738836,-0.00738836,744,False
realized_skew_20h,1h,2025-08,-0.00839183,-0.00839183,744,False
realized_skew_20h,1h,2025-09,-0.00296686,-0.00296686,720,False
realized_skew_20h,1h,2025-10,-0.0113439,-0.0113439,744,False
realized_skew_20h,1h,2025-11,-0.01523568,-0.01523568,720,False
realized_skew_20h,1h,2025-12,-0.02141902,-0.02141902,744,False
realized_skew_20h,1h,2026-01,-0.0264953,-0.0264953,744,False
realized_skew_20h,1h,2026-02,-0.00925624,-0.00925624,672,False
realized_skew_20h,1h,2026-03,-0.00321982,-0.00321982,744,False
realized_skew_20h,1h,2026-04,-0.00515017,-0.00515017,720,False
realized_skew_20h,1h,2026-05,-0.01130355,-0.01130355,744,False
realized_skew_20h,1h,2026-06,-0.00119715,-0.00119715,288,False
realized_skew_20h,24h,2024-06,-0.02633933,-0.02633933,699,False
realized_skew_20h,24h,2024-07,-0.03140119,-0.03140119,744,False
realized_skew_20h,24h,2024-08,-0.02954437,-0.02954437,744,False
realized_skew_20h,24h,2024-09,-0.01454101,-0.01454101,720,False
realized_skew_20h,24h,2024-10,-0.00326339,-0.00326339,744,False
realized_skew_20h,24h,2024-11,-0.06533637,-0.06533637,720,False
realized_skew_20h,24h,2024-12,-0.01505022,-0.01505022,744,False
realized_skew_20h,24h,2025-01,-0.02621673,-0.02621673,744,False
realized_skew_20h,24h,2025-02,-0.04412696,-0.04412696,672,False
realized_skew_20h,24h,2025-03,-0.04516654,-0.04516654,744,False
realized_skew_20h,24h,2025-04,-0.00036719,-0.00036719,720,False
realized_skew_20h,24h,2025-05,-0.03370215,-0.03370215,744,False
realized_skew_20h,24h,2025-06,-0.01790748,-0.01790748,720,False
realized_skew_20h,24h,2025-07,-0.00968081,-0.00968081,744,False
realized_skew_20h,24h,2025-08,-0.02342166,-0.02342166,744,False
realized_skew_20h,24h,2025-09,-0.0022717,-0.0022717,720,False
realized_skew_20h,24h,2025-10,-0.02713664,-0.02713664,744,False
realized_skew_20h,24h,2025-11,-0.04287752,-0.04287752,720,False
realized_skew_20h,24h,2025-12,-0.06167197,-0.06167197,744,False
realized_skew_20h,24h,2026-01,-0.04884062,-0.04884062,744,False
realized_skew_20h,24h,2026-02,-0.02950772,-0.02950772,672,False
realized_skew_20h,24h,2026-03,0.00146831,0.00146831,744,True
realized_skew_20h,24h,2026-04,-0.03138527,-0.03138527,720,False
realized_skew_20h,24h,2026-05,-0.01712766,-0.01712766,744,False
realized_skew_20h,24h,2026-06,-0.00613385,-0.00613385,265,False
realized_skew_20h,4h,2024-06,-0.01291246,-0.01291246,699,False
realized_skew_20h,4h,2024-07,-0.01427795,-0.01427795,744,False
realized_skew_20h,4h,2024-08,-0.02225411,-0.02225411,744,False
realized_skew_20h,4h,2024-09,0.00025784,0.00025784,720,True
realized_skew_20h,4h,2024-10,-0.00840805,-0.00840805,744,False
realized_skew_20h,4h,2024-11,-0.02983847,-0.02983847,720,False
realized_skew_20h,4h,2024-12,-0.02278412,-0.02278412,744,False
realized_skew_20h,4h,2025-01,-0.03299912,-0.03299912,744,False
realized_skew_20h,4h,2025-02,-0.0219412,-0.0219412,672,False
realized_skew_20h,4h,2025-03,-0.01984378,-0.01984378,744,False
realized_skew_20h,4h,2025-04,-0.00532868,-0.00532868,720,False
realized_skew_20h,4h,2025-05,-0.01775868,-0.01775868,744,False
realized_skew_20h,4h,2025-06,-0.00724654,-0.00724654,720,False
realized_skew_20h,4h,2025-07,-0.0100942,-0.0100942,744,False
realized_skew_20h,4h,2025-08,-0.01047107,-0.01047107,744,False
realized_skew_20h,4h,2025-09,-0.0034621,-0.0034621,720,False
realized_skew_20h,4h,2025-10,-0.01889239,-0.01889239,744,False
realized_skew_20h,4h,2025-11,-0.02873126,-0.02873126,720,False
realized_skew_20h,4h,2025-12,-0.04287098,-0.04287098,744,False
realized_skew_20h,4h,2026-01,-0.03663896,-0.03663896,744,False
realized_skew_20h,4h,2026-02,-0.01049465,-0.01049465,672,False
realized_skew_20h,4h,2026-03,-9.224e-05,-9.224e-05,744,True
realized_skew_20h,4h,2026-04,-0.01002586,-0.01002586,720,False
realized_skew_20h,4h,2026-05,-0.02185088,-0.02185088,744,False
realized_skew_20h,4h,2026-06,0.00245868,0.00245868,285,True
realized_skew_20h,72h,2024-06,-0.02307679,-0.02307679,699,False
realized_skew_20h,72h,2024-07,-0.03100229,-0.03100229,744,False
realized_skew_20h,72h,2024-08,-0.03490815,-0.03490815,744,False
realized_skew_20h,72h,2024-09,-0.02150808,-0.02150808,720,False
realized_skew_20h,72h,2024-10,-0.02567275,-0.02567275,744,False
realized_skew_20h,72h,2024-11,-0.02951004,-0.02951004,720,False
realized_skew_20h,72h,2024-12,0.00549803,0.00549803,744,True
realized_skew_20h,72h,2025-01,-0.02561912,-0.02561912,744,False
realized_skew_20h,72h,2025-02,-0.04863003,-0.04863003,672,False
realized_skew_20h,72h,2025-03,-0.02904253,-0.02904253,744,False
realized_skew_20h,72h,2025-04,0.01636704,0.01636704,720,True
realized_skew_20h,72h,2025-05,-0.0138936,-0.0138936,744,False
realized_skew_20h,72h,2025-06,-0.04007412,-0.04007412,720,False
realized_skew_20h,72h,2025-07,-0.02439312,-0.02439312,744,False
realized_skew_20h,72h,2025-08,-0.03389238,-0.03389238,744,False
realized_skew_20h,72h,2025-09,-0.00234143,-0.00234143,720,False
realized_skew_20h,72h,2025-10,-0.03453615,-0.03453615,744,False
realized_skew_20h,72h,2025-11,-0.02819591,-0.02819591,720,False
realized_skew_20h,72h,2025-12,-0.05372173,-0.05372173,744,False
realized_skew_20h,72h,2026-01,-0.00956866,-0.00956866,744,False
realized_skew_20h,72h,2026-02,-0.03801577,-0.03801577,672,False
realized_skew_20h,72h,2026-03,-0.02386546,-0.02386546,744,False
realized_skew_20h,72h,2026-04,-0.00983122,-0.00983122,720,False
realized_skew_20h,72h,2026-05,-0.01568224,-0.01568224,744,False
realized_skew_20h,72h,2026-06,-0.04496016,-0.04496016,217,False
rev_10h,1h,2024-06,0.00079728,0.00079728,709,False
rev_10h,1h,2024-07,0.0241452,0.0241452,744,True
rev_10h,1h,2024-08,0.03551842,0.03551842,744,True
rev_10h,1h,2024-09,0.02881295,0.02881295,720,True
rev_10h,1h,2024-10,0.03996164,0.03996164,743,True
rev_10h,1h,2024-11,0.03153043,0.03153043,720,True
rev_10h,1h,2024-12,0.03737169,0.03737169,744,True
rev_10h,1h,2025-01,0.01346318,0.01346318,744,True
rev_10h,1h,2025-02,0.01434078,0.01434078,672,True
rev_10h,1h,2025-03,0.01810268,0.01810268,744,True
rev_10h,1h,2025-04,0.02970722,0.02970722,720,True
rev_10h,1h,2025-05,0.01248006,0.01248006,744,True
rev_10h,1h,2025-06,0.03380075,0.03380075,720,True
rev_10h,1h,2025-07,0.04030461,0.04030461,744,True
rev_10h,1h,2025-08,0.03020991,0.03020991,744,True
rev_10h,1h,2025-09,0.02492796,0.02492796,720,True
rev_10h,1h,2025-10,0.0338341,0.0338341,744,True
rev_10h,1h,2025-11,0.03564059,0.03564059,720,True
rev_10h,1h,2025-12,0.03670825,0.03670825,744,True
rev_10h,1h,2026-01,0.03265053,0.03265053,744,True
rev_10h,1h,2026-02,0.0243939,0.0243939,672,True
rev_10h,1h,2026-03,0.02545839,0.02545839,744,True
rev_10h,1h,2026-04,0.01941052,0.01941052,720,True
rev_10h,1h,2026-05,0.02780037,0.02780037,744,True
rev_10h,1h,2026-06,0.02450894,0.02450894,288,True
rev_10h,24h,2024-06,-0.00263257,-0.00263257,709,False
rev_10h,24h,2024-07,0.01201437,0.01201437,744,True
rev_10h,24h,2024-08,0.00393032,0.00393032,744,True
rev_10h,24h,2024-09,0.00902988,0.00902988,720,True
rev_10h,24h,2024-10,0.03489484,0.03489484,744,True
rev_10h,24h,2024-11,0.02981157,0.02981157,720,True
rev_10h,24h,2024-12,0.04008653,0.04008653,744,True
rev_10h,24h,2025-01,0.00617714,0.00617714,744,True
rev_10h,24h,2025-02,0.01386891,0.01386891,672,True
rev_10h,24h,2025-03,0.005504,0.005504,744,True
rev_10h,24h,2025-04,0.02401422,0.02401422,720,True
rev_10h,24h,2025-05,0.05002248,0.05002248,744,True
rev_10h,24h,2025-06,0.02584706,0.02584706,720,True
rev_10h,24h,2025-07,0.02577507,0.02577507,744,True
rev_10h,24h,2025-08,0.00798225,0.00798225,744,False
rev_10h,24h,2025-09,0.02929678,0.02929678,720,True
rev_10h,24h,2025-10,0.05327981,0.05327981,744,True
rev_10h,24h,2025-11,0.03384765,0.03384765,720,True
rev_10h,24h,2025-12,0.04963371,0.04963371,744,True
rev_10h,24h,2026-01,0.0281714,0.0281714,744,True
rev_10h,24h,2026-02,0.05327746,0.05327746,672,True
rev_10h,24h,2026-03,0.03299544,0.03299544,744,True
rev_10h,24h,2026-04,0.06397629,0.06397629,720,True
rev_10h,24h,2026-05,0.02507127,0.02507127,744,True
rev_10h,24h,2026-06,-0.02151594,-0.02151594,265,False
rev_10h,4h,2024-06,-0.00459792,-0.00459792,709,False
rev_10h,4h,2024-07,0.04030394,0.04030394,744,True
rev_10h,4h,2024-08,0.03258115,0.03258115,744,True
rev_10h,4h,2024-09,0.01320515,0.01320515,720,True
rev_10h,4h,2024-10,0.04067935,0.04067935,744,True
rev_10h,4h,2024-11,0.02941365,0.02941365,720,True
rev_10h,4h,2024-12,0.0261081,0.0261081,744,True
rev_10h,4h,2025-01,0.01534181,0.01534181,744,True
rev_10h,4h,2025-02,0.00179269,0.00179269,672,False
rev_10h,4h,2025-03,0.01951571,0.01951571,744,True
rev_10h,4h,2025-04,0.02950613,0.02950613,720,True
rev_10h,4h,2025-05,0.01461734,0.01461734,744,True
rev_10h,4h,2025-06,0.05661762,0.05661762,720,True
rev_10h,4h,2025-07,0.04314799,0.04314799,744,True
rev_10h,4h,2025-08,0.02508003,0.02508003,744,True
rev_10h,4h,2025-09,0.02566407,0.02566407,720,True
rev_10h,4h,2025-10,0.04938123,0.04938123,744,True
rev_10h,4h,2025-11,0.04558736,0.04558736,720,True
rev_10h,4h,2025-12,0.04879193,0.04879193,744,True
rev_10h,4h,2026-01,0.02342692,0.02342692,744,True
rev_10h,4h,2026-02,0.0354639,0.0354639,672,True
rev_10h,4h,2026-03,0.03718265,0.03718265,744,True
rev_10h,4h,2026-04,0.02887921,0.02887921,720,True
rev_10h,4h,2026-05,0.03902126,0.03902126,744,True
rev_10h,4h,2026-06,0.02381854,0.02381854,285,True
rev_10h,72h,2024-06,-0.04055475,-0.04055475,709,False
rev_10h,72h,2024-07,0.02360926,0.02360926,744,True
rev_10h,72h,2024-08,-0.01469122,-0.01469122,744,True
rev_10h,72h,2024-09,0.02888078,0.02888078,720,True
rev_10h,72h,2024-10,0.04731374,0.04731374,744,True
rev_10h,72h,2024-11,-0.00962075,-0.00962075,720,False
rev_10h,72h,2024-12,0.02508682,0.02508682,744,True
rev_10h,72h,2025-01,-0.01779175,-0.01779175,744,False
rev_10h,72h,2025-02,0.02972808,0.02972808,672,True
rev_10h,72h,2025-03,0.00504402,0.00504402,744,False
rev_10h,72h,2025-04,0.00164693,0.00164693,720,True
rev_10h,72h,2025-05,0.022221,0.022221,744,True
rev_10h,72h,2025-06,0.05717756,0.05717756,720,True
rev_10h,72h,2025-07,0.01947668,0.01947668,744,True
rev_10h,72h,2025-08,0.03130014,0.03130014,744,True
rev_10h,72h,2025-09,0.00373928,0.00373928,720,True
rev_10h,72h,2025-10,0.02198425,0.02198425,744,True
rev_10h,72h,2025-11,0.00565846,0.00565846,720,True
rev_10h,72h,2025-12,0.03547822,0.03547822,744,True
rev_10h,72h,2026-01,-0.00483161,-0.00483161,744,True
rev_10h,72h,2026-02,0.01982779,0.01982779,672,True
rev_10h,72h,2026-03,0.0161066,0.0161066,744,True
rev_10h,72h,2026-04,0.03278302,0.03278302,720,True
rev_10h,72h,2026-05,-0.00222829,-0.00222829,744,False
rev_10h,72h,2026-06,-0.00620963,-0.00620963,217,False
rev_1h,1h,2024-06,0.01220898,0.01220898,718,True
rev_1h,1h,2024-07,0.00916137,0.00916137,744,True
rev_1h,1h,2024-08,0.03578628,0.03578628,744,True
rev_1h,1h,2024-09,0.05473042,0.05473042,720,True
rev_1h,1h,2024-10,0.05082576,0.05082576,742,True
rev_1h,1h,2024-11,0.03810096,0.03810096,720,True
rev_1h,1h,2024-12,0.05649481,0.05649481,744,True
rev_1h,1h,2025-01,0.03427752,0.03427752,744,True
rev_1h,1h,2025-02,0.03177935,0.03177935,672,True
rev_1h,1h,2025-03,0.0257495,0.0257495,744,True
rev_1h,1h,2025-04,0.04807739,0.04807739,720,True
rev_1h,1h,2025-05,0.04182748,0.04182748,744,True
rev_1h,1h,2025-06,0.02235589,0.02235589,720,True
rev_1h,1h,2025-07,0.04061145,0.04061145,744,True
rev_1h,1h,2025-08,0.0490639,0.0490639,744,True
rev_1h,1h,2025-09,0.03313453,0.03313453,720,True
rev_1h,1h,2025-10,0.0401192,0.0401192,744,True
rev_1h,1h,2025-11,0.0433078,0.0433078,720,True
rev_1h,1h,2025-12,0.03303443,0.03303443,744,True
rev_1h,1h,2026-01,0.04161059,0.04161059,744,True
rev_1h,1h,2026-02,0.03119178,0.03119178,672,True
rev_1h,1h,2026-03,0.02365157,0.02365157,744,True
rev_1h,1h,2026-04,0.02979865,0.02979865,720,True
rev_1h,1h,2026-05,0.0426755,0.0426755,744,True
rev_1h,1h,2026-06,0.05000889,0.05000889,288,True
rev_1h,24h,2024-06,-0.00412159,-0.00412159,718,False
rev_1h,24h,2024-07,0.00477041,0.00477041,744,True
rev_1h,24h,2024-08,0.01025612,0.01025612,744,True
rev_1h,24h,2024-09,0.0107153,0.0107153,720,True
rev_1h,24h,2024-10,0.01472232,0.01472232,743,True
rev_1h,24h,2024-11,0.00892117,0.00892117,720,True
rev_1h,24h,2024-12,0.02361334,0.02361334,744,True
rev_1h,24h,2025-01,-0.00064329,-0.00064329,744,True
rev_1h,24h,2025-02,0.00327414,0.00327414,672,True
rev_1h,24h,2025-03,0.00798045,0.00798045,744,False
rev_1h,24h,2025-04,0.01327553,0.01327553,720,True
rev_1h,24h,2025-05,0.01482984,0.01482984,744,True
rev_1h,24h,2025-06,0.01006546,0.01006546,720,True
rev_1h,24h,2025-07,0.01245167,0.01245167,744,True
rev_1h,24h,2025-08,0.00664359,0.00664359,744,True
rev_1h,24h,2025-09,0.0103701,0.0103701,720,True
rev_1h,24h,2025-10,0.01505172,0.01505172,744,True
rev_1h,24h,2025-11,0.01381276,0.01381276,720,True
rev_1h,24h,2025-12,0.01757435,0.01757435,744,True
rev_1h,24h,2026-01,0.0122483,0.0122483,744,True
rev_1h,24h,2026-02,0.01967534,0.01967534,672,True
rev_1h,24h,2026-03,0.02065573,0.02065573,744,True
rev_1h,24h,2026-04,0.02522972,0.02522972,720,True
rev_1h,24h,2026-05,0.01530613,0.01530613,744,True
rev_1h,24h,2026-06,0.00659594,0.00659594,265,True
rev_1h,4h,2024-06,0.01708661,0.01708661,718,True
rev_1h,4h,2024-07,0.01358224,0.01358224,744,True
rev_1h,4h,2024-08,0.03273838,0.03273838,744,True
rev_1h,4h,2024-09,0.04035416,0.04035416,720,True
rev_1h,4h,2024-10,0.03988744,0.03988744,743,True
rev_1h,4h,2024-11,0.02456795,0.02456795,720,True
rev_1h,4h,2024-12,0.05583401,0.05583401,744,True
rev_1h,4h,2025-01,0.00476032,0.00476032,744,True
rev_1h,4h,2025-02,0.00532506,0.00532506,672,True
rev_1h,4h,2025-03,0.02559001,0.02559001,744,True
rev_1h,4h,2025-04,0.03877789,0.03877789,720,True
rev_1h,4h,2025-05,0.01197273,0.01197273,744,True
rev_1h,4h,2025-06,0.0291382,0.0291382,720,True
rev_1h,4h,2025-07,0.03505491,0.03505491,744,True
rev_1h,4h,2025-08,0.0412412,0.0412412,744,True
rev_1h,4h,2025-09,0.0277775,0.0277775,720,True
rev_1h,4h,2025-10,0.02513891,0.02513891,744,True
rev_1h,4h,2025-11,0.0296756,0.0296756,720,True
rev_1h,4h,2025-12,0.03446742,0.03446742,744,True
rev_1h,4h,2026-01,0.02953069,0.02953069,744,True
rev_1h,4h,2026-02,0.01775411,0.01775411,672,True
rev_1h,4h,2026-03,0.02700463,0.02700463,744,True
rev_1h,4h,2026-04,0.0298998,0.0298998,720,True
rev_1h,4h,2026-05,0.03207461,0.03207461,744,True
rev_1h,4h,2026-06,0.03781329,0.03781329,285,True
rev_1h,72h,2024-06,-0.02138313,-0.02138313,718,False
rev_1h,72h,2024-07,-0.00201274,-0.00201274,744,False
rev_1h,72h,2024-08,-0.00151988,-0.00151988,744,True
rev_1h,72h,2024-09,0.00712312,0.00712312,720,True
rev_1h,72h,2024-10,0.01129168,0.01129168,743,True
rev_1h,72h,2024-11,-0.00730475,-0.00730475,720,False
rev_1h,72h,2024-12,0.01476557,0.01476557,744,True
rev_1h,72h,2025-01,-0.01752133,-0.01752133,744,False
rev_1h,72h,2025-02,0.00662884,0.00662884,672,True
rev_1h,72h,2025-03,0.00431814,0.00431814,744,False
rev_1h,72h,2025-04,0.01012188,0.01012188,720,True
rev_1h,72h,2025-05,0.00872999,0.00872999,744,True
rev_1h,72h,2025-06,0.01831897,0.01831897,720,True
rev_1h,72h,2025-07,0.00751301,0.00751301,744,True
rev_1h,72h,2025-08,0.01326546,0.01326546,744,True
rev_1h,72h,2025-09,0.00353424,0.00353424,720,True
rev_1h,72h,2025-10,0.00671752,0.00671752,744,False
rev_1h,72h,2025-11,0.0022082,0.0022082,720,True
rev_1h,72h,2025-12,0.01133626,0.01133626,744,True
rev_1h,72h,2026-01,0.00251472,0.00251472,744,True
rev_1h,72h,2026-02,0.00691965,0.00691965,672,True
rev_1h,72h,2026-03,0.00844657,0.00844657,744,True
rev_1h,72h,2026-04,0.01340424,0.01340424,720,True
rev_1h,72h,2026-05,0.00424277,0.00424277,744,True
rev_1h,72h,2026-06,-0.00299194,-0.00299194,217,False
rev_24h,1h,2024-06,0.00380696,0.00380696,695,True
rev_24h,1h,2024-07,0.01471015,0.01471015,744,True
rev_24h,1h,2024-08,0.02318932,0.02318932,744,True
rev_24h,1h,2024-09,0.02658816,0.02658816,720,True
rev_24h,1h,2024-10,0.02816813,0.02816813,743,True
rev_24h,1h,2024-11,0.03183395,0.03183395,720,True
rev_24h,1h,2024-12,0.03668171,0.03668171,744,True
rev_24h,1h,2025-01,0.01754887,0.01754887,744,True
rev_24h,1h,2025-02,0.01437969,0.01437969,672,True
rev_24h,1h,2025-03,0.01818036,0.01818036,744,True
rev_24h,1h,2025-04,0.01902996,0.01902996,720,True
rev_24h,1h,2025-05,0.02251625,0.02251625,744,True
rev_24h,1h,2025-06,0.02224746,0.02224746,720,True
rev_24h,1h,2025-07,0.02502506,0.02502506,744,True
rev_24h,1h,2025-08,0.01648157,0.01648157,744,True
rev_24h,1h,2025-09,0.01981916,0.01981916,720,True
rev_24h,1h,2025-10,0.03017806,0.03017806,744,True
rev_24h,1h,2025-11,0.02611369,0.02611369,720,True
rev_24h,1h,2025-12,0.03216673,0.03216673,744,True
rev_24h,1h,2026-01,0.02985111,0.02985111,744,True
rev_24h,1h,2026-02,0.0239357,0.0239357,672,True
rev_24h,1h,2026-03,0.01951488,0.01951488,744,True
rev_24h,1h,2026-04,0.02357987,0.02357987,720,True
rev_24h,1h,2026-05,0.01796386,0.01796386,744,True
rev_24h,1h,2026-06,0.00475498,0.00475498,288,True
rev_24h,24h,2024-06,-0.02516995,-0.02516995,695,False
rev_24h,24h,2024-07,0.01039517,0.01039517,744,True
rev_24h,24h,2024-08,-0.00965487,-0.00965487,744,False
rev_24h,24h,2024-09,0.04035257,0.04035257,720,True
rev_24h,24h,2024-10,0.06458923,0.06458923,744,True
rev_24h,24h,2024-11,0.02805628,0.02805628,720,True
rev_24h,24h,2024-12,0.0433177,0.0433177,744,True
rev_24h,24h,2025-01,-0.02780738,-0.02780738,744,False
rev_24h,24h,2025-02,-0.00734641,-0.00734641,672,False
rev_24h,24h,2025-03,0.02293517,0.02293517,744,True
rev_24h,24h,2025-04,0.04675684,0.04675684,720,True
rev_24h,24h,2025-05,0.04653787,0.04653787,744,True
rev_24h,24h,2025-06,0.05224989,0.05224989,720,True
rev_24h,24h,2025-07,0.04477184,0.04477184,744,True
rev_24h,24h,2025-08,0.03905035,0.03905035,744,True
rev_24h,24h,2025-09,0.04022907,0.04022907,720,True
rev_24h,24h,2025-10,0.04955476,0.04955476,744,True
rev_24h,24h,2025-11,0.04261261,0.04261261,720,True
rev_24h,24h,2025-12,0.05206434,0.05206434,744,True
rev_24h,24h,2026-01,0.02845908,0.02845908,744,True
rev_24h,24h,2026-02,0.04563518,0.04563518,672,True
rev_24h,24h,2026-03,0.01762827,0.01762827,744,True
rev_24h,24h,2026-04,0.07572976,0.07572976,720,True
rev_24h,24h,2026-05,0.00597089,0.00597089,744,True
rev_24h,24h,2026-06,-0.03667926,-0.03667926,265,False
rev_24h,4h,2024-06,0.00315049,0.00315049,695,True
rev_24h,4h,2024-07,0.02054838,0.02054838,744,True
rev_24h,4h,2024-08,0.02728592,0.02728592,744,True
rev_24h,4h,2024-09,0.01854678,0.01854678,720,True
rev_24h,4h,2024-10,0.03968815,0.03968815,744,True
rev_24h,4h,2024-11,0.03609203,0.03609203,720,True
rev_24h,4h,2024-12,0.04237454,0.04237454,744,True
rev_24h,4h,2025-01,0.02338146,0.02338146,744,True
rev_24h,4h,2025-02,0.01905686,0.01905686,672,True
rev_24h,4h,2025-03,0.02332102,0.02332102,744,True
rev_24h,4h,2025-04,0.01703917,0.01703917,720,True
rev_24h,4h,2025-05,0.03831175,0.03831175,744,True
rev_24h,4h,2025-06,0.02983885,0.02983885,720,True
rev_24h,4h,2025-07,0.02987812,0.02987812,744,True
rev_24h,4h,2025-08,0.01419598,0.01419598,744,True
rev_24h,4h,2025-09,0.02220531,0.02220531,720,True
rev_24h,4h,2025-10,0.05305853,0.05305853,744,True
rev_24h,4h,2025-11,0.03924876,0.03924876,720,True
rev_24h,4h,2025-12,0.05210029,0.05210029,744,True
rev_24h,4h,2026-01,0.03700388,0.03700388,744,True
rev_24h,4h,2026-02,0.04253815,0.04253815,672,True
rev_24h,4h,2026-03,0.03112806,0.03112806,744,True
rev_24h,4h,2026-04,0.04625393,0.04625393,720,True
rev_24h,4h,2026-05,0.02694281,0.02694281,744,True
rev_24h,4h,2026-06,-0.00881108,-0.00881108,285,False
rev_24h,72h,2024-06,-0.06192014,-0.06192014,695,False
rev_24h,72h,2024-07,0.0341061,0.0341061,744,True
rev_24h,72h,2024-08,-0.0143909,-0.0143909,744,False
rev_24h,72h,2024-09,0.05857788,0.05857788,720,True
rev_24h,72h,2024-10,0.08677725,0.08677725,744,True
rev_24h,72h,2024-11,-0.012423,-0.012423,720,False
rev_24h,72h,2024-12,0.0373446,0.0373446,744,True
rev_24h,72h,2025-01,-0.02916933,-0.02916933,744,False
rev_24h,72h,2025-02,0.04339043,0.04339043,672,True
rev_24h,72h,2025-03,0.00681617,0.00681617,744,True
rev_24h,72h,2025-04,-0.00599954,-0.00599954,720,True
rev_24h,72h,2025-05,0.0365317,0.0365317,744,True
rev_24h,72h,2025-06,0.09159091,0.09159091,720,True
rev_24h,72h,2025-07,0.03097827,0.03097827,744,True
rev_24h,72h,2025-08,0.03991448,0.03991448,744,True
rev_24h,72h,2025-09,0.01795171,0.01795171,720,True
rev_24h,72h,2025-10,0.02236528,0.02236528,744,True
rev_24h,72h,2025-11,0.01133956,0.01133956,720,True
rev_24h,72h,2025-12,0.04185453,0.04185453,744,True
rev_24h,72h,2026-01,-0.0176063,-0.0176063,744,False
rev_24h,72h,2026-02,0.01563161,0.01563161,672,True
rev_24h,72h,2026-03,0.00743888,0.00743888,744,True
rev_24h,72h,2026-04,0.04440864,0.04440864,720,True
rev_24h,72h,2026-05,-0.00287987,-0.00287987,744,False
rev_24h,72h,2026-06,0.01215157,0.01215157,217,True
rev_3h,1h,2024-06,0.01055602,0.01055602,716,True
rev_3h,1h,2024-07,0.00614742,0.00614742,744,True
rev_3h,1h,2024-08,0.04251054,0.04251054,744,True
rev_3h,1h,2024-09,0.05355028,0.05355028,720,True
rev_3h,1h,2024-10,0.05366002,0.05366002,743,True
rev_3h,1h,2024-11,0.0473494,0.0473494,720,True
rev_3h,1h,2024-12,0.06772232,0.06772232,744,True
rev_3h,1h,2025-01,0.01138915,0.01138915,744,True
rev_3h,1h,2025-02,0.01466268,0.01466268,672,True
rev_3h,1h,2025-03,0.02778523,0.02778523,744,True
rev_3h,1h,2025-04,0.0455432,0.0455432,720,True
rev_3h,1h,2025-05,0.01913248,0.01913248,744,True
rev_3h,1h,2025-06,0.02562274,0.02562274,720,True
rev_3h,1h,2025-07,0.0443522,0.0443522,744,True
rev_3h,1h,2025-08,0.04850648,0.04850648,744,True
rev_3h,1h,2025-09,0.03514642,0.03514642,720,True
rev_3h,1h,2025-10,0.03486829,0.03486829,744,True
rev_3h,1h,2025-11,0.03535372,0.03535372,720,True
rev_3h,1h,2025-12,0.04289654,0.04289654,744,True
rev_3h,1h,2026-01,0.04496779,0.04496779,744,True
rev_3h,1h,2026-02,0.01899387,0.01899387,672,True
rev_3h,1h,2026-03,0.02174819,0.02174819,744,True
rev_3h,1h,2026-04,0.02811936,0.02811936,720,True
rev_3h,1h,2026-05,0.03736203,0.03736203,744,True
rev_3h,1h,2026-06,0.04467661,0.04467661,288,True
rev_3h,24h,2024-06,-0.00479066,-0.00479066,716,False
rev_3h,24h,2024-07,0.01218145,0.01218145,744,True
rev_3h,24h,2024-08,0.01545162,0.01545162,744,True
rev_3h,24h,2024-09,0.00972269,0.00972269,720,False
rev_3h,24h,2024-10,0.01810683,0.01810683,744,True
rev_3h,24h,2024-11,0.01795365,0.01795365,720,True
rev_3h,24h,2024-12,0.03192837,0.03192837,744,True
rev_3h,24h,2025-01,0.00341482,0.00341482,744,False
rev_3h,24h,2025-02,0.00627683,0.00627683,672,True
rev_3h,24h,2025-03,0.00688715,0.00688715,744,False
rev_3h,24h,2025-04,0.01453896,0.01453896,720,True
rev_3h,24h,2025-05,0.0205759,0.0205759,744,True
rev_3h,24h,2025-06,0.01474098,0.01474098,720,True
rev_3h,24h,2025-07,0.01815089,0.01815089,744,True
rev_3h,24h,2025-08,0.00203624,0.00203624,744,False
rev_3h,24h,2025-09,0.01344929,0.01344929,720,True
rev_3h,24h,2025-10,0.02716583,0.02716583,744,True
rev_3h,24h,2025-11,0.01795007,0.01795007,720,True
rev_3h,24h,2025-12,0.03287458,0.03287458,744,True
rev_3h,24h,2026-01,0.0183789,0.0183789,744,True
rev_3h,24h,2026-02,0.03164325,0.03164325,672,True
rev_3h,24h,2026-03,0.02843634,0.02843634,744,True
rev_3h,24h,2026-04,0.0407789,0.0407789,720,True
rev_3h,24h,2026-05,0.02052017,0.02052017,744,True
rev_3h,24h,2026-06,0.00156141,0.00156141,265,True
rev_3h,4h,2024-06,0.01397632,0.01397632,716,True
rev_3h,4h,2024-07,0.02646353,0.02646353,744,True
rev_3h,4h,2024-08,0.04696502,0.04696502,744,True
rev_3h,4h,2024-09,0.02938073,0.02938073,720,True
rev_3h,4h,2024-10,0.04524546,0.04524546,744,True
rev_3h,4h,2024-11,0.03147813,0.03147813,720,True
rev_3h,4h,2024-12,0.05429364,0.05429364,744,True
rev_3h,4h,2025-01,-0.00336371,-0.00336371,744,False
rev_3h,4h,2025-02,4.65e-05,4.65e-05,672,False
rev_3h,4h,2025-03,0.03529439,0.03529439,744,True
rev_3h,4h,2025-04,0.04444624,0.04444624,720,True
rev_3h,4h,2025-05,0.0066009,0.0066009,744,True
rev_3h,4h,2025-06,0.03621376,0.03621376,720,True
rev_3h,4h,2025-07,0.04706399,0.04706399,744,True
rev_3h,4h,2025-08,0.0455899,0.0455899,744,True
rev_3h,4h,2025-09,0.02883925,0.02883925,720,True
rev_3h,4h,2025-10,0.03394418,0.03394418,744,True
rev_3h,4h,2025-11,0.02919226,0.02919226,720,True
rev_3h,4h,2025-12,0.049058,0.049058,744,True
rev_3h,4h,2026-01,0.03341513,0.03341513,744,True
rev_3h,4h,2026-02,0.01786803,0.01786803,672,True
rev_3h,4h,2026-03,0.03289365,0.03289365,744,True
rev_3h,4h,2026-04,0.03036532,0.03036532,720,True
rev_3h,4h,2026-05,0.03783624,0.03783624,744,True
rev_3h,4h,2026-06,0.0451479,0.0451479,285,True
rev_3h,72h,2024-06,-0.02736716,-0.02736716,716,False
rev_3h,72h,2024-07,0.0093986,0.0093986,744,True
rev_3h,72h,2024-08,0.00050988,0.00050988,744,False
rev_3h,72h,2024-09,0.01344764,0.01344764,720,True
rev_3h,72h,2024-10,0.01810799,0.01810799,744,True
rev_3h,72h,2024-11,-0.01132697,-0.01132697,720,False
rev_3h,72h,2024-12,0.02064385,0.02064385,744,True
rev_3h,72h,2025-01,-0.02055903,-0.02055903,744,False
rev_3h,72h,2025-02,0.01554855,0.01554855,672,True
rev_3h,72h,2025-03,0.00408389,0.00408389,744,True
rev_3h,72h,2025-04,0.01081683,0.01081683,720,True
rev_3h,72h,2025-05,0.01064182,0.01064182,744,True
rev_3h,72h,2025-06,0.03281843,0.03281843,720,True
rev_3h,72h,2025-07,0.01614917,0.01614917,744,True
rev_3h,72h,2025-08,0.02102225,0.02102225,744,True
rev_3h,72h,2025-09,0.00125671,0.00125671,720,True
rev_3h,72h,2025-10,0.01195706,0.01195706,744,True
rev_3h,72h,2025-11,0.00280273,0.00280273,720,True
rev_3h,72h,2025-12,0.02082857,0.02082857,744,True
rev_3h,72h,2026-01,-0.00109306,-0.00109306,744,True
rev_3h,72h,2026-02,0.00877597,0.00877597,672,True
rev_3h,72h,2026-03,0.0134864,0.0134864,744,True
rev_3h,72h,2026-04,0.0213281,0.0213281,720,True
rev_3h,72h,2026-05,0.00168792,0.00168792,744,False
rev_3h,72h,2026-06,-0.00278842,-0.00278842,217,True
rev_72h,1h,2024-06,-0.00872602,-0.00872602,647,False
rev_72h,1h,2024-07,0.00893209,0.00893209,744,True
rev_72h,1h,2024-08,0.00906536,0.00906536,744,False
rev_72h,1h,2024-09,0.02644405,0.02644405,720,True
rev_72h,1h,2024-10,0.02976216,0.02976216,743,True
rev_72h,1h,2024-11,0.02043796,0.02043796,720,True
rev_72h,1h,2024-12,0.02319298,0.02319298,744,True
rev_72h,1h,2025-01,-0.00051693,-0.00051693,744,False
rev_72h,1h,2025-02,0.01997494,0.01997494,672,True
rev_72h,1h,2025-03,0.02044684,0.02044684,744,True
rev_72h,1h,2025-04,0.01282642,0.01282642,720,True
rev_72h,1h,2025-05,0.01545035,0.01545035,744,True
rev_72h,1h,2025-06,0.02552272,0.02552272,720,True
rev_72h,1h,2025-07,0.02840418,0.02840418,744,True
rev_72h,1h,2025-08,0.0274614,0.0274614,744,True
rev_72h,1h,2025-09,0.01817823,0.01817823,720,True
rev_72h,1h,2025-10,0.02277562,0.02277562,744,True
rev_72h,1h,2025-11,0.01456627,0.01456627,720,True
rev_72h,1h,2025-12,0.0202579,0.0202579,744,True
rev_72h,1h,2026-01,0.01192149,0.01192149,744,True
rev_72h,1h,2026-02,0.00508822,0.00508822,672,True
rev_72h,1h,2026-03,0.00650534,0.00650534,744,True
rev_72h,1h,2026-04,0.01514722,0.01514722,720,True
rev_72h,1h,2026-05,0.00686968,0.00686968,744,True
rev_72h,1h,2026-06,0.00778949,0.00778949,288,True
rev_72h,24h,2024-06,-0.03947325,-0.03947325,647,False
rev_72h,24h,2024-07,0.04322254,0.04322254,744,True
rev_72h,24h,2024-08,-0.00441443,-0.00441443,744,False
rev_72h,24h,2024-09,0.07351851,0.07351851,720,True
rev_72h,24h,2024-10,0.09187632,0.09187632,744,True
rev_72h,24h,2024-11,0.01825937,0.01825937,720,True
rev_72h,24h,2024-12,0.04374774,0.04374774,744,True
rev_72h,24h,2025-01,-0.00996075,-0.00996075,744,True
rev_72h,24h,2025-02,0.05358774,0.05358774,672,True
rev_72h,24h,2025-03,0.0236921,0.0236921,744,True
rev_72h,24h,2025-04,-0.01421857,-0.01421857,720,False
rev_72h,24h,2025-05,0.04062772,0.04062772,744,True
rev_72h,24h,2025-06,0.10251853,0.10251853,720,True
rev_72h,24h,2025-07,0.04871717,0.04871717,744,True
rev_72h,24h,2025-08,0.06547805,0.06547805,744,True
rev_72h,24h,2025-09,0.03611282,0.03611282,720,True
rev_72h,24h,2025-10,0.03511534,0.03511534,744,True
rev_72h,24h,2025-11,0.0098049,0.0098049,720,True
rev_72h,24h,2025-12,0.04308975,0.04308975,744,True
rev_72h,24h,2026-01,-0.00350425,-0.00350425,744,True
rev_72h,24h,2026-02,0.01014471,0.01014471,672,True
rev_72h,24h,2026-03,0.01481371,0.01481371,744,True
rev_72h,24h,2026-04,0.04663325,0.04663325,720,True
rev_72h,24h,2026-05,0.00730068,0.00730068,744,True
rev_72h,24h,2026-06,0.02722182,0.02722182,265,True
rev_72h,4h,2024-06,-0.01264936,-0.01264936,647,True
rev_72h,4h,2024-07,0.02491687,0.02491687,744,True
rev_72h,4h,2024-08,0.01616265,0.01616265,744,True
rev_72h,4h,2024-09,0.03972202,0.03972202,720,True
rev_72h,4h,2024-10,0.04403837,0.04403837,744,True
rev_72h,4h,2024-11,0.02017096,0.02017096,720,True
rev_72h,4h,2024-12,0.03269425,0.03269425,744,True
rev_72h,4h,2025-01,0.00641881,0.00641881,744,True
rev_72h,4h,2025-02,0.03667628,0.03667628,672,True
rev_72h,4h,2025-03,0.03108423,0.03108423,744,True
rev_72h,4h,2025-04,0.01302297,0.01302297,720,True
rev_72h,4h,2025-05,0.02548873,0.02548873,744,True
rev_72h,4h,2025-06,0.04696963,0.04696963,720,True
rev_72h,4h,2025-07,0.04223741,0.04223741,744,True
rev_72h,4h,2025-08,0.04460906,0.04460906,744,True
rev_72h,4h,2025-09,0.0267377,0.0267377,720,True
rev_72h,4h,2025-10,0.03652926,0.03652926,744,True
rev_72h,4h,2025-11,0.01751889,0.01751889,720,True
rev_72h,4h,2025-12,0.03473909,0.03473909,744,True
rev_72h,4h,2026-01,0.01504792,0.01504792,744,True
rev_72h,4h,2026-02,0.0091538,0.0091538,672,True
rev_72h,4h,2026-03,0.01382292,0.01382292,744,True
rev_72h,4h,2026-04,0.02920326,0.02920326,720,True
rev_72h,4h,2026-05,0.01340164,0.01340164,744,True
rev_72h,4h,2026-06,0.0038665,0.0038665,285,True
rev_72h,72h,2024-06,-0.07960787,-0.07960787,647,False
rev_72h,72h,2024-07,0.06825687,0.06825687,744,True
rev_72h,72h,2024-08,0.02623689,0.02623689,744,True
rev_72h,72h,2024-09,0.05015073,0.05015073,720,True
rev_72h,72h,2024-10,0.11276718,0.11276718,744,True
rev_72h,72h,2024-11,-0.01820445,-0.01820445,720,False
rev_72h,72h,2024-12,0.01637754,0.01637754,744,True
rev_72h,72h,2025-01,-0.06200081,-0.06200081,744,False
rev_72h,72h,2025-02,0.06271754,0.06271754,672,True
rev_72h,72h,2025-03,-0.01027711,-0.01027711,744,False
rev_72h,72h,2025-04,-0.04947212,-0.04947212,720,False
rev_72h,72h,2025-05,0.06757825,0.06757825,744,True
rev_72h,72h,2025-06,0.07834602,0.07834602,720,True
rev_72h,72h,2025-07,0.04775983,0.04775983,744,True
rev_72h,72h,2025-08,0.04094177,0.04094177,744,True
rev_72h,72h,2025-09,0.01093897,0.01093897,720,True
rev_72h,72h,2025-10,0.00194164,0.00194164,744,True
rev_72h,72h,2025-11,0.00055148,0.00055148,720,False
rev_72h,72h,2025-12,0.01294028,0.01294028,744,True
rev_72h,72h,2026-01,-0.05484525,-0.05484525,744,False
rev_72h,72h,2026-02,-0.02226665,-0.02226665,672,False
rev_72h,72h,2026-03,0.02377768,0.02377768,744,True
rev_72h,72h,2026-04,0.06588786,0.06588786,720,True
rev_72h,72h,2026-05,0.01049887,0.01049887,744,False
rev_72h,72h,2026-06,0.09345139,0.09345139,217,True
reversal_5h,1h,2024-06,0.01023308,0.01023308,714,False
reversal_5h,1h,2024-07,0.01890019,0.01890019,744,True
reversal_5h,1h,2024-08,0.03806241,0.03806241,744,True
reversal_5h,1h,2024-09,0.03974095,0.03974095,720,True
reversal_5h,1h,2024-10,0.04576344,0.04576344,743,True
reversal_5h,1h,2024-11,0.03860562,0.03860562,720,True
reversal_5h,1h,2024-12,0.05441768,0.05441768,744,True
reversal_5h,1h,2025-01,0.00972671,0.00972671,744,True
reversal_5h,1h,2025-02,0.01381294,0.01381294,672,True
reversal_5h,1h,2025-03,0.03107401,0.03107401,744,True
reversal_5h,1h,2025-04,0.04098414,0.04098414,720,True
reversal_5h,1h,2025-05,0.02134012,0.02134012,744,True
reversal_5h,1h,2025-06,0.02981673,0.02981673,720,True
reversal_5h,1h,2025-07,0.04284645,0.04284645,744,True
reversal_5h,1h,2025-08,0.04636943,0.04636943,744,True
reversal_5h,1h,2025-09,0.03504818,0.03504818,720,True
reversal_5h,1h,2025-10,0.03523154,0.03523154,744,True
reversal_5h,1h,2025-11,0.03372743,0.03372743,720,True
reversal_5h,1h,2025-12,0.04128887,0.04128887,744,True
reversal_5h,1h,2026-01,0.03792431,0.03792431,744,True
reversal_5h,1h,2026-02,0.02155255,0.02155255,672,True
reversal_5h,1h,2026-03,0.02170347,0.02170347,744,True
reversal_5h,1h,2026-04,0.02694816,0.02694816,720,True
reversal_5h,1h,2026-05,0.03504999,0.03504999,744,True
reversal_5h,1h,2026-06,0.03868507,0.03868507,288,True
reversal_5h,24h,2024-06,-0.00664242,-0.00664242,714,False
reversal_5h,24h,2024-07,0.01760865,0.01760865,744,True
reversal_5h,24h,2024-08,0.01648733,0.01648733,744,True
reversal_5h,24h,2024-09,0.00632985,0.00632985,720,False
reversal_5h,24h,2024-10,0.02381601,0.02381601,744,True
reversal_5h,24h,2024-11,0.02369874,0.02369874,720,True
reversal_5h,24h,2024-12,0.03323989,0.03323989,744,True
reversal_5h,24h,2025-01,0.00746097,0.00746097,744,True
reversal_5h,24h,2025-02,0.01184483,0.01184483,672,True
reversal_5h,24h,2025-03,0.00606812,0.00606812,744,True
reversal_5h,24h,2025-04,0.01651051,0.01651051,720,True
reversal_5h,24h,2025-05,0.03081972,0.03081972,744,True
reversal_5h,24h,2025-06,0.01830807,0.01830807,720,True
reversal_5h,24h,2025-07,0.02129758,0.02129758,744,True
reversal_5h,24h,2025-08,0.00460453,0.00460453,744,False
reversal_5h,24h,2025-09,0.01796648,0.01796648,720,True
reversal_5h,24h,2025-10,0.0358913,0.0358913,744,True
reversal_5h,24h,2025-11,0.02379415,0.02379415,720,True
reversal_5h,24h,2025-12,0.03643928,0.03643928,744,True
reversal_5h,24h,2026-01,0.02084088,0.02084088,744,True
reversal_5h,24h,2026-02,0.04092716,0.04092716,672,True
reversal_5h,24h,2026-03,0.03344397,0.03344397,744,True
reversal_5h,24h,2026-04,0.04967819,0.04967819,720,True
reversal_5h,24h,2026-05,0.02387052,0.02387052,744,True
reversal_5h,24h,2026-06,-0.00535576,-0.00535576,265,False
reversal_5h,4h,2024-06,0.00253821,0.00253821,714,False
reversal_5h,4h,2024-07,0.03128758,0.03128758,744,True
reversal_5h,4h,2024-08,0.05048079,0.05048079,744,True
reversal_5h,4h,2024-09,0.02367023,0.02367023,720,True
reversal_5h,4h,2024-10,0.04338146,0.04338146,744,True
reversal_5h,4h,2024-11,0.02731522,0.02731522,720,True
reversal_5h,4h,2024-12,0.0433751,0.0433751,744,True
reversal_5h,4h,2025-01,0.00417807,0.00417807,744,True
reversal_5h,4h,2025-02,0.00412224,0.00412224,672,True
reversal_5h,4h,2025-03,0.03203895,0.03203895,744,True
reversal_5h,4h,2025-04,0.04284838,0.04284838,720,True
reversal_5h,4h,2025-05,0.01093261,0.01093261,744,True
reversal_5h,4h,2025-06,0.04121755,0.04121755,720,True
reversal_5h,4h,2025-07,0.04480989,0.04480989,744,True
reversal_5h,4h,2025-08,0.04218964,0.04218964,744,True
reversal_5h,4h,2025-09,0.02827912,0.02827912,720,True
reversal_5h,4h,2025-10,0.03759316,0.03759316,744,True
reversal_5h,4h,2025-11,0.03395686,0.03395686,720,True
reversal_5h,4h,2025-12,0.04786908,0.04786908,744,True
reversal_5h,4h,2026-01,0.03167778,0.03167778,744,True
reversal_5h,4h,2026-02,0.02036629,0.02036629,672,True
reversal_5h,4h,2026-03,0.03586466,0.03586466,744,True
reversal_5h,4h,2026-04,0.03356608,0.03356608,720,True
reversal_5h,4h,2026-05,0.04670704,0.04670704,744,True
reversal_5h,4h,2026-06,0.04092408,0.04092408,285,True
reversal_5h,72h,2024-06,-0.03314193,-0.03314193,714,False
reversal_5h,72h,2024-07,0.01786556,0.01786556,744,True
reversal_5h,72h,2024-08,-0.00198044,-0.00198044,744,True
reversal_5h,72h,2024-09,0.01941693,0.01941693,720,True
reversal_5h,72h,2024-10,0.02638121,0.02638121,744,True
reversal_5h,72h,2024-11,-0.01068198,-0.01068198,720,False
reversal_5h,72h,2024-12,0.02312481,0.02312481,744,True
reversal_5h,72h,2025-01,-0.01782386,-0.01782386,744,False
reversal_5h,72h,2025-02,0.02224508,0.02224508,672,True
reversal_5h,72h,2025-03,0.00625557,0.00625557,744,True
reversal_5h,72h,2025-04,0.0083599,0.0083599,720,True
reversal_5h,72h,2025-05,0.01402282,0.01402282,744,True
reversal_5h,72h,2025-06,0.04211949,0.04211949,720,True
reversal_5h,72h,2025-07,0.01932406,0.01932406,744,True
reversal_5h,72h,2025-08,0.02872661,0.02872661,744,True
reversal_5h,72h,2025-09,0.00054648,0.00054648,720,False
reversal_5h,72h,2025-10,0.0140142,0.0140142,744,True
reversal_5h,72h,2025-11,0.00492455,0.00492455,720,True
reversal_5h,72h,2025-12,0.02477609,0.02477609,744,True
reversal_5h,72h,2026-01,-0.00287057,-0.00287057,744,True
reversal_5h,72h,2026-02,0.01200888,0.01200888,672,True
reversal_5h,72h,2026-03,0.01632533,0.01632533,744,True
reversal_5h,72h,2026-04,0.02466394,0.02466394,720,True
reversal_5h,72h,2026-05,0.00120291,0.00120291,744,False
reversal_5h,72h,2026-06,-0.00506618,-0.00506618,217,False
rsi_14h,1h,2024-06,-0.00209451,0.00209451,705,True
rsi_14h,1h,2024-07,-0.01640387,0.01640387,744,True
rsi_14h,1h,2024-08,-0.03489257,0.03489257,744,True
rsi_14h,1h,2024-09,-0.02751518,0.02751518,720,True
rsi_14h,1h,2024-10,-0.04008562,0.04008562,743,True
rsi_14h,1h,2024-11,-0.02792584,0.02792584,720,True
rsi_14h,1h,2024-12,-0.04936547,0.04936547,744,True
rsi_14h,1h,2025-01,-0.01583046,0.01583046,744,True
rsi_14h,1h,2025-02,-0.00767079,0.00767079,672,True
rsi_14h,1h,2025-03,-0.02635014,0.02635014,744,True
rsi_14h,1h,2025-04,-0.02746914,0.02746914,720,True
rsi_14h,1h,2025-05,-0.0275593,0.0275593,744,True
rsi_14h,1h,2025-06,-0.03421722,0.03421722,720,True
rsi_14h,1h,2025-07,-0.03682591,0.03682591,744,True
rsi_14h,1h,2025-08,-0.03031729,0.03031729,744,True
rsi_14h,1h,2025-09,-0.02859241,0.02859241,720,True
rsi_14h,1h,2025-10,-0.03528709,0.03528709,744,True
rsi_14h,1h,2025-11,-0.0308474,0.0308474,720,True
rsi_14h,1h,2025-12,-0.03829149,0.03829149,744,True
rsi_14h,1h,2026-01,-0.03439874,0.03439874,744,True
rsi_14h,1h,2026-02,-0.02439222,0.02439222,672,True
rsi_14h,1h,2026-03,-0.02035571,0.02035571,744,True
rsi_14h,1h,2026-04,-0.02804366,0.02804366,720,True
rsi_14h,1h,2026-05,-0.02669022,0.02669022,744,True
rsi_14h,1h,2026-06,-0.01995551,0.01995551,288,True
rsi_14h,24h,2024-06,0.02336917,-0.02336917,705,False
rsi_14h,24h,2024-07,-0.03651557,0.03651557,744,True
rsi_14h,24h,2024-08,-0.01079614,0.01079614,744,False
rsi_14h,24h,2024-09,-0.01871713,0.01871713,720,True
rsi_14h,24h,2024-10,-0.0615979,0.0615979,744,True
rsi_14h,24h,2024-11,-0.01618001,0.01618001,720,True
rsi_14h,24h,2024-12,-0.04631992,0.04631992,744,True
rsi_14h,24h,2025-01,0.0238127,-0.0238127,744,False
rsi_14h,24h,2025-02,0.01210476,-0.01210476,672,False
rsi_14h,24h,2025-03,-0.01947021,0.01947021,744,True
rsi_14h,24h,2025-04,-0.02566958,0.02566958,720,True
rsi_14h,24h,2025-05,-0.07472071,0.07472071,744,True
rsi_14h,24h,2025-06,-0.05693201,0.05693201,720,True
rsi_14h,24h,2025-07,-0.01838149,0.01838149,744,True
rsi_14h,24h,2025-08,-0.0300675,0.0300675,744,True
rsi_14h,24h,2025-09,-0.03136847,0.03136847,720,True
rsi_14h,24h,2025-10,-0.04673458,0.04673458,744,True
rsi_14h,24h,2025-11,-0.03594225,0.03594225,720,True
rsi_14h,24h,2025-12,-0.05185449,0.05185449,744,True
rsi_14h,24h,2026-01,-0.02231899,0.02231899,744,True
rsi_14h,24h,2026-02,-0.04957399,0.04957399,672,True
rsi_14h,24h,2026-03,-0.02789956,0.02789956,744,True
rsi_14h,24h,2026-04,-0.0683547,0.0683547,720,True
rsi_14h,24h,2026-05,-0.01326198,0.01326198,744,True
rsi_14h,24h,2026-06,0.01755313,-0.01755313,265,False
rsi_14h,4h,2024-06,-0.00223426,0.00223426,705,True
rsi_14h,4h,2024-07,-0.02669546,0.02669546,744,True
rsi_14h,4h,2024-08,-0.04636885,0.04636885,744,True
rsi_14h,4h,2024-09,-0.01468696,0.01468696,720,True
rsi_14h,4h,2024-10,-0.05173676,0.05173676,744,True
rsi_14h,4h,2024-11,-0.02276951,0.02276951,720,True
rsi_14h,4h,2024-12,-0.05045295,0.05045295,744,True
rsi_14h,4h,2025-01,-0.0110937,0.0110937,744,True
rsi_14h,4h,2025-02,-0.00134902,0.00134902,672,False
rsi_14h,4h,2025-03,-0.03694693,0.03694693,744,True
rsi_14h,4h,2025-04,-0.0260018,0.0260018,720,True
rsi_14h,4h,2025-05,-0.03829251,0.03829251,744,True
rsi_14h,4h,2025-06,-0.05659633,0.05659633,720,True
rsi_14h,4h,2025-07,-0.04150438,0.04150438,744,True
rsi_14h,4h,2025-08,-0.02665591,0.02665591,744,True
rsi_14h,4h,2025-09,-0.03126434,0.03126434,720,True
rsi_14h,4h,2025-10,-0.04690716,0.04690716,744,True
rsi_14h,4h,2025-11,-0.03862276,0.03862276,720,True
rsi_14h,4h,2025-12,-0.05500112,0.05500112,744,True
rsi_14h,4h,2026-01,-0.03216065,0.03216065,744,True
rsi_14h,4h,2026-02,-0.03666473,0.03666473,672,True
rsi_14h,4h,2026-03,-0.03281074,0.03281074,744,True
rsi_14h,4h,2026-04,-0.04414405,0.04414405,720,True
rsi_14h,4h,2026-05,-0.03786189,0.03786189,744,True
rsi_14h,4h,2026-06,-0.0126456,0.0126456,285,True
rsi_14h,72h,2024-06,0.04850839,-0.04850839,705,False
rsi_14h,72h,2024-07,-0.04232807,0.04232807,744,True
rsi_14h,72h,2024-08,-0.00996561,0.00996561,744,True
rsi_14h,72h,2024-09,-0.03317334,0.03317334,720,True
rsi_14h,72h,2024-10,-0.08005364,0.08005364,744,True
rsi_14h,72h,2024-11,0.04066454,-0.04066454,720,False
rsi_14h,72h,2024-12,-0.02465272,0.02465272,744,True
rsi_14h,72h,2025-01,0.04739172,-0.04739172,744,False
rsi_14h,72h,2025-02,-0.03055831,0.03055831,672,True
rsi_14h,72h,2025-03,-0.01030954,0.01030954,744,False
rsi_14h,72h,2025-04,0.00402505,-0.00402505,720,True
rsi_14h,72h,2025-05,-0.05128147,0.05128147,744,True
rsi_14h,72h,2025-06,-0.06794594,0.06794594,720,True
rsi_14h,72h,2025-07,-0.01371731,0.01371731,744,True
rsi_14h,72h,2025-08,-0.03909924,0.03909924,744,True
rsi_14h,72h,2025-09,-0.00687404,0.00687404,720,True
rsi_14h,72h,2025-10,-0.01613921,0.01613921,744,True
rsi_14h,72h,2025-11,-0.00405289,0.00405289,720,False
rsi_14h,72h,2025-12,-0.04289778,0.04289778,744,True
rsi_14h,72h,2026-01,0.01839055,-0.01839055,744,False
rsi_14h,72h,2026-02,-0.01317817,0.01317817,672,True
rsi_14h,72h,2026-03,-0.01569732,0.01569732,744,True
rsi_14h,72h,2026-04,-0.03190265,0.03190265,720,True
rsi_14h,72h,2026-05,-0.0019165,0.0019165,744,False
rsi_14h,72h,2026-06,-0.02001055,0.02001055,217,True
rsi_28h,1h,2024-06,-0.00084013,0.00084013,691,True
rsi_28h,1h,2024-07,-0.01881346,0.01881346,744,True
rsi_28h,1h,2024-08,-0.03070942,0.03070942,744,True
rsi_28h,1h,2024-09,-0.02746827,0.02746827,720,True
rsi_28h,1h,2024-10,-0.04129676,0.04129676,743,True
rsi_28h,1h,2024-11,-0.02513908,0.02513908,720,True
rsi_28h,1h,2024-12,-0.04265444,0.04265444,744,True
rsi_28h,1h,2025-01,-0.01170578,0.01170578,744,True
rsi_28h,1h,2025-02,-0.00950879,0.00950879,672,True
rsi_28h,1h,2025-03,-0.02473661,0.02473661,744,True
rsi_28h,1h,2025-04,-0.02111935,0.02111935,720,True
rsi_28h,1h,2025-05,-0.02874735,0.02874735,744,True
rsi_28h,1h,2025-06,-0.03492902,0.03492902,720,True
rsi_28h,1h,2025-07,-0.03017919,0.03017919,744,True
rsi_28h,1h,2025-08,-0.02898353,0.02898353,744,True
rsi_28h,1h,2025-09,-0.02779285,0.02779285,720,True
rsi_28h,1h,2025-10,-0.0326713,0.0326713,744,True
rsi_28h,1h,2025-11,-0.02782972,0.02782972,720,True
rsi_28h,1h,2025-12,-0.03423647,0.03423647,744,True
rsi_28h,1h,2026-01,-0.028304,0.028304,744,True
rsi_28h,1h,2026-02,-0.02099558,0.02099558,672,True
rsi_28h,1h,2026-03,-0.01574869,0.01574869,744,True
rsi_28h,1h,2026-04,-0.02458308,0.02458308,720,True
rsi_28h,1h,2026-05,-0.01977155,0.01977155,744,True
rsi_28h,1h,2026-06,-0.01485975,0.01485975,288,True
rsi_28h,24h,2024-06,0.02357097,-0.02357097,691,False
rsi_28h,24h,2024-07,-0.05101841,0.05101841,744,True
rsi_28h,24h,2024-08,-0.01678457,0.01678457,744,True
rsi_28h,24h,2024-09,-0.03619488,0.03619488,720,True
rsi_28h,24h,2024-10,-0.07628188,0.07628188,744,True
rsi_28h,24h,2024-11,-0.01175793,0.01175793,720,False
rsi_28h,24h,2024-12,-0.04073997,0.04073997,744,True
rsi_28h,24h,2025-01,0.03130135,-0.03130135,744,False
rsi_28h,24h,2025-02,0.00508629,-0.00508629,672,False
rsi_28h,24h,2025-03,-0.02726247,0.02726247,744,True
rsi_28h,24h,2025-04,-0.02039055,0.02039055,720,True
rsi_28h,24h,2025-05,-0.08094646,0.08094646,744,True
rsi_28h,24h,2025-06,-0.07546211,0.07546211,720,True
rsi_28h,24h,2025-07,-0.02096122,0.02096122,744,True
rsi_28h,24h,2025-08,-0.05241519,0.05241519,744,True
rsi_28h,24h,2025-09,-0.03623376,0.03623376,720,True
rsi_28h,24h,2025-10,-0.05220865,0.05220865,744,True
rsi_28h,24h,2025-11,-0.03456751,0.03456751,720,True
rsi_28h,24h,2025-12,-0.05229743,0.05229743,744,True
rsi_28h,24h,2026-01,-0.01419149,0.01419149,744,True
rsi_28h,24h,2026-02,-0.0422134,0.0422134,672,True
rsi_28h,24h,2026-03,-0.02709423,0.02709423,744,True
rsi_28h,24h,2026-04,-0.06362531,0.06362531,720,True
rsi_28h,24h,2026-05,-0.0095225,0.0095225,744,True
rsi_28h,24h,2026-06,0.00503428,-0.00503428,265,False
rsi_28h,4h,2024-06,-0.00073968,0.00073968,691,True
rsi_28h,4h,2024-07,-0.03153977,0.03153977,744,True
rsi_28h,4h,2024-08,-0.04280233,0.04280233,744,True
rsi_28h,4h,2024-09,-0.02115187,0.02115187,720,True
rsi_28h,4h,2024-10,-0.05692198,0.05692198,744,True
rsi_28h,4h,2024-11,-0.02094914,0.02094914,720,True
rsi_28h,4h,2024-12,-0.04598751,0.04598751,744,True
rsi_28h,4h,2025-01,-0.00881913,0.00881913,744,True
rsi_28h,4h,2025-02,-0.00694288,0.00694288,672,False
rsi_28h,4h,2025-03,-0.03634406,0.03634406,744,True
rsi_28h,4h,2025-04,-0.02144987,0.02144987,720,True
rsi_28h,4h,2025-05,-0.04567538,0.04567538,744,True
rsi_28h,4h,2025-06,-0.05967964,0.05967964,720,True
rsi_28h,4h,2025-07,-0.03579747,0.03579747,744,True
rsi_28h,4h,2025-08,-0.03177335,0.03177335,744,True
rsi_28h,4h,2025-09,-0.03347091,0.03347091,720,True
rsi_28h,4h,2025-10,-0.04661676,0.04661676,744,True
rsi_28h,4h,2025-11,-0.03890684,0.03890684,720,True
rsi_28h,4h,2025-12,-0.05235907,0.05235907,744,True
rsi_28h,4h,2026-01,-0.02791139,0.02791139,744,True
rsi_28h,4h,2026-02,-0.03294514,0.03294514,672,True
rsi_28h,4h,2026-03,-0.02660002,0.02660002,744,True
rsi_28h,4h,2026-04,-0.04196439,0.04196439,720,True
rsi_28h,4h,2026-05,-0.02963266,0.02963266,744,True
rsi_28h,4h,2026-06,-0.00759097,0.00759097,285,True
rsi_28h,72h,2024-06,0.05232299,-0.05232299,691,False
rsi_28h,72h,2024-07,-0.05930766,0.05930766,744,True
rsi_28h,72h,2024-08,-0.03285662,0.03285662,744,True
rsi_28h,72h,2024-09,-0.04539272,0.04539272,720,True
rsi_28h,72h,2024-10,-0.08615646,0.08615646,744,True
rsi_28h,72h,2024-11,0.04360051,-0.04360051,720,False
rsi_28h,72h,2024-12,-0.0112235,0.0112235,744,True
rsi_28h,72h,2025-01,0.06471781,-0.06471781,744,False
rsi_28h,72h,2025-02,-0.04127339,0.04127339,672,True
rsi_28h,72h,2025-03,-0.00842144,0.00842144,744,True
rsi_28h,72h,2025-04,0.01488806,-0.01488806,720,False
rsi_28h,72h,2025-05,-0.06786307,0.06786307,744,True
rsi_28h,72h,2025-06,-0.07925318,0.07925318,720,True
rsi_28h,72h,2025-07,-0.01710286,0.01710286,744,True
rsi_28h,72h,2025-08,-0.04148058,0.04148058,744,True
rsi_28h,72h,2025-09,-0.01537403,0.01537403,720,True
rsi_28h,72h,2025-10,-0.00966302,0.00966302,744,True
rsi_28h,72h,2025-11,-0.00347603,0.00347603,720,False
rsi_28h,72h,2025-12,-0.04146645,0.04146645,744,True
rsi_28h,72h,2026-01,0.0330594,-0.0330594,744,False
rsi_28h,72h,2026-02,-0.00536157,0.00536157,672,True
rsi_28h,72h,2026-03,-0.01898911,0.01898911,744,True
rsi_28h,72h,2026-04,-0.03903087,0.03903087,720,True
rsi_28h,72h,2026-05,-0.00715724,0.00715724,744,False
rsi_28h,72h,2026-06,-0.0415264,0.0415264,217,True
rsi_7h,1h,2024-06,-0.00320504,0.00320504,712,True
rsi_7h,1h,2024-07,-0.01483726,0.01483726,744,True
rsi_7h,1h,2024-08,-0.03849759,0.03849759,744,True
rsi_7h,1h,2024-09,-0.03085709,0.03085709,720,True
rsi_7h,1h,2024-10,-0.0405277,0.0405277,743,True
rsi_7h,1h,2024-11,-0.02957015,0.02957015,720,True
rsi_7h,1h,2024-12,-0.05454959,0.05454959,744,True
rsi_7h,1h,2025-01,-0.01674736,0.01674736,744,True
rsi_7h,1h,2025-02,-0.00774377,0.00774377,672,True
rsi_7h,1h,2025-03,-0.02798514,0.02798514,744,True
rsi_7h,1h,2025-04,-0.03352089,0.03352089,720,True
rsi_7h,1h,2025-05,-0.02484455,0.02484455,744,True
rsi_7h,1h,2025-06,-0.03311387,0.03311387,720,True
rsi_7h,1h,2025-07,-0.0429063,0.0429063,744,True
rsi_7h,1h,2025-08,-0.03665849,0.03665849,744,True
rsi_7h,1h,2025-09,-0.03172524,0.03172524,720,True
rsi_7h,1h,2025-10,-0.03581343,0.03581343,744,True
rsi_7h,1h,2025-11,-0.03319105,0.03319105,720,True
rsi_7h,1h,2025-12,-0.03984247,0.03984247,744,True
rsi_7h,1h,2026-01,-0.03833324,0.03833324,744,True
rsi_7h,1h,2026-02,-0.02262043,0.02262043,672,True
rsi_7h,1h,2026-03,-0.02473668,0.02473668,744,True
rsi_7h,1h,2026-04,-0.03128861,0.03128861,720,True
rsi_7h,1h,2026-05,-0.03378575,0.03378575,744,True
rsi_7h,1h,2026-06,-0.03242365,0.03242365,288,True
rsi_7h,24h,2024-06,0.01846072,-0.01846072,712,False
rsi_7h,24h,2024-07,-0.02363511,0.02363511,744,True
rsi_7h,24h,2024-08,-0.01163381,0.01163381,744,True
rsi_7h,24h,2024-09,-0.00215579,0.00215579,720,True
rsi_7h,24h,2024-10,-0.04264497,0.04264497,744,True
rsi_7h,24h,2024-11,-0.0158751,0.0158751,720,True
rsi_7h,24h,2024-12,-0.04160317,0.04160317,744,True
rsi_7h,24h,2025-01,0.01396794,-0.01396794,744,False
rsi_7h,24h,2025-02,0.01166036,-0.01166036,672,False
rsi_7h,24h,2025-03,-0.01176368,0.01176368,744,True
rsi_7h,24h,2025-04,-0.0171908,0.0171908,720,True
rsi_7h,24h,2025-05,-0.05986509,0.05986509,744,True
rsi_7h,24h,2025-06,-0.03768378,0.03768378,720,True
rsi_7h,24h,2025-07,-0.01277739,0.01277739,744,True
rsi_7h,24h,2025-08,-0.00835341,0.00835341,744,True
rsi_7h,24h,2025-09,-0.02653087,0.02653087,720,True
rsi_7h,24h,2025-10,-0.03754665,0.03754665,744,True
rsi_7h,24h,2025-11,-0.02843977,0.02843977,720,True
rsi_7h,24h,2025-12,-0.04508478,0.04508478,744,True
rsi_7h,24h,2026-01,-0.02135554,0.02135554,744,True
rsi_7h,24h,2026-02,-0.04531104,0.04531104,672,True
rsi_7h,24h,2026-03,-0.03205921,0.03205921,744,True
rsi_7h,24h,2026-04,-0.06301629,0.06301629,720,True
rsi_7h,24h,2026-05,-0.01855009,0.01855009,744,True
rsi_7h,24h,2026-06,0.01609732,-0.01609732,265,False
rsi_7h,4h,2024-06,-0.00339245,0.00339245,712,False
rsi_7h,4h,2024-07,-0.02505004,0.02505004,744,True
rsi_7h,4h,2024-08,-0.0492569,0.0492569,744,True
rsi_7h,4h,2024-09,-0.01331296,0.01331296,720,True
rsi_7h,4h,2024-10,-0.04733961,0.04733961,744,True
rsi_7h,4h,2024-11,-0.02008019,0.02008019,720,True
rsi_7h,4h,2024-12,-0.05063484,0.05063484,744,True
rsi_7h,4h,2025-01,-0.00721787,0.00721787,744,True
rsi_7h,4h,2025-02,-0.00015054,0.00015054,672,True
rsi_7h,4h,2025-03,-0.03787805,0.03787805,744,True
rsi_7h,4h,2025-04,-0.02929463,0.02929463,720,True
rsi_7h,4h,2025-05,-0.02596784,0.02596784,744,True
rsi_7h,4h,2025-06,-0.05108816,0.05108816,720,True
rsi_7h,4h,2025-07,-0.04684276,0.04684276,744,True
rsi_7h,4h,2025-08,-0.03039013,0.03039013,744,True
rsi_7h,4h,2025-09,-0.03073689,0.03073689,720,True
rsi_7h,4h,2025-10,-0.04267738,0.04267738,744,True
rsi_7h,4h,2025-11,-0.03498125,0.03498125,720,True
rsi_7h,4h,2025-12,-0.05186292,0.05186292,744,True
rsi_7h,4h,2026-01,-0.03188179,0.03188179,744,True
rsi_7h,4h,2026-02,-0.03134698,0.03134698,672,True
rsi_7h,4h,2026-03,-0.03777221,0.03777221,744,True
rsi_7h,4h,2026-04,-0.04143488,0.04143488,720,True
rsi_7h,4h,2026-05,-0.04283654,0.04283654,744,True
rsi_7h,4h,2026-06,-0.02821304,0.02821304,285,True
rsi_7h,72h,2024-06,0.03986163,-0.03986163,712,False
rsi_7h,72h,2024-07,-0.02911576,0.02911576,744,True
rsi_7h,72h,2024-08,-0.00245854,0.00245854,744,True
rsi_7h,72h,2024-09,-0.02082643,0.02082643,720,True
rsi_7h,72h,2024-10,-0.05818912,0.05818912,744,True
rsi_7h,72h,2024-11,0.03705417,-0.03705417,720,False
rsi_7h,72h,2024-12,-0.02709252,0.02709252,744,True
rsi_7h,72h,2025-01,0.03819387,-0.03819387,744,False
rsi_7h,72h,2025-02,-0.01839168,0.01839168,672,True
rsi_7h,72h,2025-03,-0.01036765,0.01036765,744,True
rsi_7h,72h,2025-04,-0.00136821,0.00136821,720,True
rsi_7h,72h,2025-05,-0.03627748,0.03627748,744,True
rsi_7h,72h,2025-06,-0.04922595,0.04922595,720,True
rsi_7h,72h,2025-07,-0.00844496,0.00844496,744,True
rsi_7h,72h,2025-08,-0.03031143,0.03031143,744,True
rsi_7h,72h,2025-09,-0.00424634,0.00424634,720,True
rsi_7h,72h,2025-10,-0.01700264,0.01700264,744,True
rsi_7h,72h,2025-11,-0.00278737,0.00278737,720,True
rsi_7h,72h,2025-12,-0.03325254,0.03325254,744,True
rsi_7h,72h,2026-01,0.00748494,-0.00748494,744,False
rsi_7h,72h,2026-02,-0.01267792,0.01267792,672,True
rsi_7h,72h,2026-03,-0.01783006,0.01783006,744,True
rsi_7h,72h,2026-04,-0.02668297,0.02668297,720,True
rsi_7h,72h,2026-05,0.00027367,-0.00027367,744,False
rsi_7h,72h,2026-06,-0.00488506,0.00488506,217,False
taker_buy_delta_5h,1h,2024-06,-0.01104247,-0.01104247,714,False
taker_buy_delta_5h,1h,2024-07,0.00132078,0.00132078,744,True
taker_buy_delta_5h,1h,2024-08,-0.00162713,-0.00162713,744,False
taker_buy_delta_5h,1h,2024-09,-0.01230717,-0.01230717,720,False
taker_buy_delta_5h,1h,2024-10,-0.00993378,-0.00993378,741,False
taker_buy_delta_5h,1h,2024-11,-0.01899701,-0.01899701,720,False
taker_buy_delta_5h,1h,2024-12,-0.01868166,-0.01868166,744,False
taker_buy_delta_5h,1h,2025-01,-0.01435754,-0.01435754,744,False
taker_buy_delta_5h,1h,2025-02,-0.00308606,-0.00308606,672,True
taker_buy_delta_5h,1h,2025-03,-0.00015301,-0.00015301,744,False
taker_buy_delta_5h,1h,2025-04,-0.01023003,-0.01023003,720,False
taker_buy_delta_5h,1h,2025-05,-0.00473797,-0.00473797,744,False
taker_buy_delta_5h,1h,2025-06,-0.0010863,-0.0010863,720,False
taker_buy_delta_5h,1h,2025-07,-0.01190614,-0.01190614,744,False
taker_buy_delta_5h,1h,2025-08,-0.00334554,-0.00334554,744,False
taker_buy_delta_5h,1h,2025-09,-0.0069002,-0.0069002,720,False
taker_buy_delta_5h,1h,2025-10,-0.0131501,-0.0131501,744,False
taker_buy_delta_5h,1h,2025-11,-0.01802396,-0.01802396,720,False
taker_buy_delta_5h,1h,2025-12,-0.00744451,-0.00744451,744,False
taker_buy_delta_5h,1h,2026-01,-0.00932652,-0.00932652,744,False
taker_buy_delta_5h,1h,2026-02,-0.0033229,-0.0033229,672,False
taker_buy_delta_5h,1h,2026-03,0.00304253,0.00304253,744,True
taker_buy_delta_5h,1h,2026-04,-0.01075127,-0.01075127,720,False
taker_buy_delta_5h,1h,2026-05,0.02149253,0.02149253,1,True
taker_buy_delta_5h,24h,2024-06,-0.00186316,-0.00186316,714,False
taker_buy_delta_5h,24h,2024-07,0.00270138,0.00270138,744,True
taker_buy_delta_5h,24h,2024-08,0.0006965,0.0006965,744,False
taker_buy_delta_5h,24h,2024-09,-0.0031854,-0.0031854,720,False
taker_buy_delta_5h,24h,2024-10,0.00160147,0.00160147,742,False
taker_buy_delta_5h,24h,2024-11,-0.00384647,-0.00384647,720,False
taker_buy_delta_5h,24h,2024-12,-0.00623784,-0.00623784,744,False
taker_buy_delta_5h,24h,2025-01,0.0001314,0.0001314,744,True
taker_buy_delta_5h,24h,2025-02,0.00309995,0.00309995,672,True
taker_buy_delta_5h,24h,2025-03,-0.00359826,-0.00359826,744,False
taker_buy_delta_5h,24h,2025-04,-0.00308823,-0.00308823,720,False
taker_buy_delta_5h,24h,2025-05,0.00316025,0.00316025,744,True
taker_buy_delta_5h,24h,2025-06,0.00042797,0.00042797,720,False
taker_buy_delta_5h,24h,2025-07,-0.00383045,-0.00383045,744,True
taker_buy_delta_5h,24h,2025-08,-0.00101106,-0.00101106,744,True
taker_buy_delta_5h,24h,2025-09,0.00326249,0.00326249,720,True
taker_buy_delta_5h,24h,2025-10,-0.00217288,-0.00217288,744,False
taker_buy_delta_5h,24h,2025-11,-0.00244741,-0.00244741,720,False
taker_buy_delta_5h,24h,2025-12,-0.00396705,-0.00396705,744,False
taker_buy_delta_5h,24h,2026-01,-0.00217658,-0.00217658,744,True
taker_buy_delta_5h,24h,2026-02,0.00568168,0.00568168,672,True
taker_buy_delta_5h,24h,2026-03,-0.00327377,-0.00327377,744,False
taker_buy_delta_5h,24h,2026-04,-0.00451773,-0.00451773,720,False
taker_buy_delta_5h,24h,2026-05,0.02931364,0.02931364,1,True
taker_buy_delta_5h,4h,2024-06,-0.00805114,-0.00805114,714,False
taker_buy_delta_5h,4h,2024-07,0.00109317,0.00109317,744,True
taker_buy_delta_5h,4h,2024-08,-0.00064984,-0.00064984,744,False
taker_buy_delta_5h,4h,2024-09,-0.00660671,-0.00660671,720,False
taker_buy_delta_5h,4h,2024-10,-0.01009817,-0.01009817,742,False
taker_buy_delta_5h,4h,2024-11,-0.01532338,-0.01532338,720,False
taker_buy_delta_5h,4h,2024-12,-0.01405301,-0.01405301,744,False
taker_buy_delta_5h,4h,2025-01,-0.00240669,-0.00240669,744,True
taker_buy_delta_5h,4h,2025-02,0.00235756,0.00235756,672,False
taker_buy_delta_5h,4h,2025-03,-0.00668988,-0.00668988,744,False
taker_buy_delta_5h,4h,2025-04,-0.01303308,-0.01303308,720,False
taker_buy_delta_5h,4h,2025-05,0.00467968,0.00467968,744,True
taker_buy_delta_5h,4h,2025-06,0.00174921,0.00174921,720,True
taker_buy_delta_5h,4h,2025-07,-0.01005054,-0.01005054,744,False
taker_buy_delta_5h,4h,2025-08,-0.00579628,-0.00579628,744,False
taker_buy_delta_5h,4h,2025-09,-0.00061149,-0.00061149,720,True
taker_buy_delta_5h,4h,2025-10,-0.00578449,-0.00578449,744,False
taker_buy_delta_5h,4h,2025-11,-0.00593815,-0.00593815,720,False
taker_buy_delta_5h,4h,2025-12,-0.00863998,-0.00863998,744,False
taker_buy_delta_5h,4h,2026-01,-0.00711091,-0.00711091,744,False
taker_buy_delta_5h,4h,2026-02,0.00417654,0.00417654,672,True
taker_buy_delta_5h,4h,2026-03,0.00569254,0.00569254,744,True
taker_buy_delta_5h,4h,2026-04,-0.01121501,-0.01121501,720,False
taker_buy_delta_5h,4h,2026-05,-0.02004766,-0.02004766,1,False
taker_buy_delta_5h,72h,2024-06,-5.145e-05,-5.145e-05,714,False
taker_buy_delta_5h,72h,2024-07,0.00324003,0.00324003,744,True
taker_buy_delta_5h,72h,2024-08,0.00093593,0.00093593,744,True
taker_buy_delta_5h,72h,2024-09,-0.00138991,-0.00138991,720,True
taker_buy_delta_5h,72h,2024-10,-0.00071982,-0.00071982,742,False
taker_buy_delta_5h,72h,2024-11,-0.00212378,-0.00212378,720,True
taker_buy_delta_5h,72h,2024-12,-0.00276086,-0.00276086,744,False
taker_buy_delta_5h,72h,2025-01,0.00206456,0.00206456,744,False
taker_buy_delta_5h,72h,2025-02,0.00078469,0.00078469,672,False
taker_buy_delta_5h,72h,2025-03,-0.0026057,-0.0026057,744,True
taker_buy_delta_5h,72h,2025-04,-0.00367984,-0.00367984,720,False
taker_buy_delta_5h,72h,2025-05,0.00162242,0.00162242,744,True
taker_buy_delta_5h,72h,2025-06,-0.00203564,-0.00203564,720,False
taker_buy_delta_5h,72h,2025-07,-0.00142518,-0.00142518,744,False
taker_buy_delta_5h,72h,2025-08,0.00029773,0.00029773,744,True
taker_buy_delta_5h,72h,2025-09,0.00107764,0.00107764,720,False
taker_buy_delta_5h,72h,2025-10,-0.00196606,-0.00196606,744,False
taker_buy_delta_5h,72h,2025-11,-0.00225837,-0.00225837,720,True
taker_buy_delta_5h,72h,2025-12,-0.00048927,-0.00048927,744,False
taker_buy_delta_5h,72h,2026-01,-0.00020969,-0.00020969,744,False
taker_buy_delta_5h,72h,2026-02,0.00376294,0.00376294,672,True
taker_buy_delta_5h,72h,2026-03,-0.00121499,-0.00121499,744,True
taker_buy_delta_5h,72h,2026-04,-0.00206636,-0.00206636,720,False
taker_buy_delta_5h,72h,2026-05,0.09507667,0.09507667,1,True
taker_buy_ratio_20h,1h,2024-06,0.00087627,0.00087627,700,False
taker_buy_ratio_20h,1h,2024-07,0.00595614,0.00595614,744,True
taker_buy_ratio_20h,1h,2024-08,-0.00600642,-0.00600642,744,False
taker_buy_ratio_20h,1h,2024-09,-0.01340597,-0.01340597,720,False
taker_buy_ratio_20h,1h,2024-10,-0.0118485,-0.0118485,723,False
taker_buy_ratio_20h,1h,2024-11,-0.01213278,-0.01213278,720,False
taker_buy_ratio_20h,1h,2024-12,-0.00486669,-0.00486669,744,False
taker_buy_ratio_20h,1h,2025-01,-0.00924021,-0.00924021,744,False
taker_buy_ratio_20h,1h,2025-02,-0.00356184,-0.00356184,672,False
taker_buy_ratio_20h,1h,2025-03,-0.00799108,-0.00799108,744,False
taker_buy_ratio_20h,1h,2025-04,-0.00374528,-0.00374528,720,True
taker_buy_ratio_20h,1h,2025-05,-0.0111516,-0.0111516,744,False
taker_buy_ratio_20h,1h,2025-06,-0.01158445,-0.01158445,720,False
taker_buy_ratio_20h,1h,2025-07,-0.00926893,-0.00926893,744,False
taker_buy_ratio_20h,1h,2025-08,0.00116212,0.00116212,744,True
taker_buy_ratio_20h,1h,2025-09,-0.00274241,-0.00274241,720,False
taker_buy_ratio_20h,1h,2025-10,-0.00590119,-0.00590119,744,False
taker_buy_ratio_20h,1h,2025-11,-0.00025803,-0.00025803,720,False
taker_buy_ratio_20h,1h,2025-12,-0.00255768,-0.00255768,744,False
taker_buy_ratio_20h,1h,2026-01,-0.00112561,-0.00112561,744,True
taker_buy_ratio_20h,1h,2026-02,0.00645804,0.00645804,672,True
taker_buy_ratio_20h,1h,2026-03,-0.00477255,-0.00477255,744,False
taker_buy_ratio_20h,1h,2026-04,-0.00606148,-0.00606148,720,False
taker_buy_ratio_20h,1h,2026-05,-0.14902875,-0.14902875,1,False
taker_buy_ratio_20h,24h,2024-06,0.03290435,0.03290435,700,True
taker_buy_ratio_20h,24h,2024-07,-0.00072566,-0.00072566,744,True
taker_buy_ratio_20h,24h,2024-08,-0.02053137,-0.02053137,744,False
taker_buy_ratio_20h,24h,2024-09,-0.0025665,-0.0025665,720,False
taker_buy_ratio_20h,24h,2024-10,-0.03069455,-0.03069455,724,False
taker_buy_ratio_20h,24h,2024-11,-0.0137115,-0.0137115,720,False
taker_buy_ratio_20h,24h,2024-12,0.020181,0.020181,744,True
taker_buy_ratio_20h,24h,2025-01,-0.01412336,-0.01412336,744,False
taker_buy_ratio_20h,24h,2025-02,-0.0028948,-0.0028948,672,True
taker_buy_ratio_20h,24h,2025-03,-0.00022746,-0.00022746,744,False
taker_buy_ratio_20h,24h,2025-04,0.01534267,0.01534267,720,True
taker_buy_ratio_20h,24h,2025-05,-0.02243598,-0.02243598,744,False
taker_buy_ratio_20h,24h,2025-06,-0.01101758,-0.01101758,720,False
taker_buy_ratio_20h,24h,2025-07,-0.01862134,-0.01862134,744,False
taker_buy_ratio_20h,24h,2025-08,0.00307662,0.00307662,744,True
taker_buy_ratio_20h,24h,2025-09,-0.01643716,-0.01643716,720,False
taker_buy_ratio_20h,24h,2025-10,0.00060106,0.00060106,744,False
taker_buy_ratio_20h,24h,2025-11,0.01971096,0.01971096,720,True
taker_buy_ratio_20h,24h,2025-12,0.02092402,0.02092402,744,True
taker_buy_ratio_20h,24h,2026-01,0.00679039,0.00679039,744,True
taker_buy_ratio_20h,24h,2026-02,-0.00545696,-0.00545696,672,False
taker_buy_ratio_20h,24h,2026-03,0.00285495,0.00285495,744,False
taker_buy_ratio_20h,24h,2026-04,-0.00792773,-0.00792773,720,False
taker_buy_ratio_20h,24h,2026-05,-0.00426173,-0.00426173,1,False
taker_buy_ratio_20h,4h,2024-06,0.0043574,0.0043574,700,False
taker_buy_ratio_20h,4h,2024-07,0.00844587,0.00844587,744,True
taker_buy_ratio_20h,4h,2024-08,-0.00609886,-0.00609886,744,False
taker_buy_ratio_20h,4h,2024-09,-0.01233384,-0.01233384,720,False
taker_buy_ratio_20h,4h,2024-10,-0.01692792,-0.01692792,724,False
taker_buy_ratio_20h,4h,2024-11,-0.01052088,-0.01052088,720,False
taker_buy_ratio_20h,4h,2024-12,-0.00384927,-0.00384927,744,False
taker_buy_ratio_20h,4h,2025-01,-0.01135496,-0.01135496,744,False
taker_buy_ratio_20h,4h,2025-02,0.00035279,0.00035279,672,True
taker_buy_ratio_20h,4h,2025-03,-0.01465413,-0.01465413,744,False
taker_buy_ratio_20h,4h,2025-04,0.00304498,0.00304498,720,True
taker_buy_ratio_20h,4h,2025-05,-0.01803179,-0.01803179,744,False
taker_buy_ratio_20h,4h,2025-06,-0.0176028,-0.0176028,720,False
taker_buy_ratio_20h,4h,2025-07,-0.0073867,-0.0073867,744,False
taker_buy_ratio_20h,4h,2025-08,0.00627492,0.00627492,744,True
taker_buy_ratio_20h,4h,2025-09,-0.00107538,-0.00107538,720,False
taker_buy_ratio_20h,4h,2025-10,-0.00574614,-0.00574614,744,False
taker_buy_ratio_20h,4h,2025-11,0.0075159,0.0075159,720,True
taker_buy_ratio_20h,4h,2025-12,-0.00072647,-0.00072647,744,False
taker_buy_ratio_20h,4h,2026-01,0.0036489,0.0036489,744,True
taker_buy_ratio_20h,4h,2026-02,0.00768355,0.00768355,672,True
taker_buy_ratio_20h,4h,2026-03,-0.00704717,-0.00704717,744,False
taker_buy_ratio_20h,4h,2026-04,-0.00899243,-0.00899243,720,False
taker_buy_ratio_20h,4h,2026-05,-0.08951561,-0.08951561,1,False
taker_buy_ratio_20h,72h,2024-06,0.05720085,0.05720085,700,True
taker_buy_ratio_20h,72h,2024-07,0.00972468,0.00972468,744,True
taker_buy_ratio_20h,72h,2024-08,-0.02339479,-0.02339479,744,False
taker_buy_ratio_20h,72h,2024-09,-0.00557885,-0.00557885,720,True
taker_buy_ratio_20h,72h,2024-10,-0.02189814,-0.02189814,724,False
taker_buy_ratio_20h,72h,2024-11,0.02701842,0.02701842,720,True
taker_buy_ratio_20h,72h,2024-12,0.03759692,0.03759692,744,True
taker_buy_ratio_20h,72h,2025-01,0.00614882,0.00614882,744,True
taker_buy_ratio_20h,72h,2025-02,-0.01275543,-0.01275543,672,False
taker_buy_ratio_20h,72h,2025-03,0.02285521,0.02285521,744,True
taker_buy_ratio_20h,72h,2025-04,0.02876568,0.02876568,720,True
taker_buy_ratio_20h,72h,2025-05,-0.00227138,-0.00227138,744,True
taker_buy_ratio_20h,72h,2025-06,-0.01510944,-0.01510944,720,False
taker_buy_ratio_20h,72h,2025-07,-0.02411042,-0.02411042,744,False
taker_buy_ratio_20h,72h,2025-08,-0.01574636,-0.01574636,744,False
taker_buy_ratio_20h,72h,2025-09,-0.01910518,-0.01910518,720,False
taker_buy_ratio_20h,72h,2025-10,-0.00887887,-0.00887887,744,False
taker_buy_ratio_20h,72h,2025-11,0.02059077,0.02059077,720,True
taker_buy_ratio_20h,72h,2025-12,0.01072387,0.01072387,744,True
taker_buy_ratio_20h,72h,2026-01,0.01801356,0.01801356,744,True
taker_buy_ratio_20h,72h,2026-02,0.00902726,0.00902726,672,True
taker_buy_ratio_20h,72h,2026-03,0.02439207,0.02439207,744,True
taker_buy_ratio_20h,72h,2026-04,-0.01467825,-0.01467825,720,False
taker_buy_ratio_20h,72h,2026-05,0.09219361,0.09219361,1,True
taker_buy_zscore_20h,1h,2024-06,-0.00964784,-0.00964784,700,False
taker_buy_zscore_20h,1h,2024-07,-0.00130975,-0.00130975,744,False
taker_buy_zscore_20h,1h,2024-08,-0.00782161,-0.00782161,744,False
taker_buy_zscore_20h,1h,2024-09,-0.01944172,-0.01944172,720,False
taker_buy_zscore_20h,1h,2024-10,-0.01501355,-0.01501355,723,False
taker_buy_zscore_20h,1h,2024-11,-0.02572997,-0.02572997,720,False
taker_buy_zscore_20h,1h,2024-12,-0.02258584,-0.02258584,744,False
taker_buy_zscore_20h,1h,2025-01,-0.02053464,-0.02053464,744,False
taker_buy_zscore_20h,1h,2025-02,-0.0027228,-0.0027228,672,False
taker_buy_zscore_20h,1h,2025-03,0.00028641,0.00028641,744,False
taker_buy_zscore_20h,1h,2025-04,-0.01117867,-0.01117867,720,False
taker_buy_zscore_20h,1h,2025-05,-0.00994513,-0.00994513,744,False
taker_buy_zscore_20h,1h,2025-06,-0.00330434,-0.00330434,720,False
taker_buy_zscore_20h,1h,2025-07,-0.01180879,-0.01180879,744,False
taker_buy_zscore_20h,1h,2025-08,-0.00594291,-0.00594291,744,False
taker_buy_zscore_20h,1h,2025-09,-0.00600321,-0.00600321,720,False
taker_buy_zscore_20h,1h,2025-10,-0.01589427,-0.01589427,744,False
taker_buy_zscore_20h,1h,2025-11,-0.02124636,-0.02124636,720,False
taker_buy_zscore_20h,1h,2025-12,-0.01253224,-0.01253224,744,False
taker_buy_zscore_20h,1h,2026-01,-0.016049,-0.016049,744,False
taker_buy_zscore_20h,1h,2026-02,-0.00572884,-0.00572884,672,False
taker_buy_zscore_20h,1h,2026-03,-0.00224972,-0.00224972,744,False
taker_buy_zscore_20h,1h,2026-04,-0.01434326,-0.01434326,720,False
taker_buy_zscore_20h,1h,2026-05,-0.10439612,-0.10439612,1,False
taker_buy_zscore_20h,24h,2024-06,-0.00253723,-0.00253723,700,False
taker_buy_zscore_20h,24h,2024-07,0.00307582,0.00307582,744,True
taker_buy_zscore_20h,24h,2024-08,0.00138649,0.00138649,744,False
taker_buy_zscore_20h,24h,2024-09,-0.00654902,-0.00654902,720,False
taker_buy_zscore_20h,24h,2024-10,-0.00025332,-0.00025332,724,False
taker_buy_zscore_20h,24h,2024-11,-0.00593703,-0.00593703,720,False
taker_buy_zscore_20h,24h,2024-12,-0.00995102,-0.00995102,744,False
taker_buy_zscore_20h,24h,2025-01,-0.00270156,-0.00270156,744,True
taker_buy_zscore_20h,24h,2025-02,0.00190795,0.00190795,672,False
taker_buy_zscore_20h,24h,2025-03,-0.00222761,-0.00222761,744,False
taker_buy_zscore_20h,24h,2025-04,-0.0007223,-0.0007223,720,False
taker_buy_zscore_20h,24h,2025-05,-0.00041714,-0.00041714,744,False
taker_buy_zscore_20h,24h,2025-06,-0.00188386,-0.00188386,720,False
taker_buy_zscore_20h,24h,2025-07,-0.00290198,-0.00290198,744,False
taker_buy_zscore_20h,24h,2025-08,0.00392473,0.00392473,744,True
taker_buy_zscore_20h,24h,2025-09,0.00484395,0.00484395,720,True
taker_buy_zscore_20h,24h,2025-10,-0.00329007,-0.00329007,744,False
taker_buy_zscore_20h,24h,2025-11,-0.00476076,-0.00476076,720,False
taker_buy_zscore_20h,24h,2025-12,-0.00906281,-0.00906281,744,False
taker_buy_zscore_20h,24h,2026-01,-0.00050425,-0.00050425,744,False
taker_buy_zscore_20h,24h,2026-02,0.00761214,0.00761214,672,True
taker_buy_zscore_20h,24h,2026-03,-0.00627914,-0.00627914,744,False
taker_buy_zscore_20h,24h,2026-04,-0.00465951,-0.00465951,720,False
taker_buy_zscore_20h,24h,2026-05,0.03998956,0.03998956,1,True
taker_buy_zscore_20h,4h,2024-06,-0.0078795,-0.0078795,700,False
taker_buy_zscore_20h,4h,2024-07,-0.00246399,-0.00246399,744,True
taker_buy_zscore_20h,4h,2024-08,-0.00349297,-0.00349297,744,False
taker_buy_zscore_20h,4h,2024-09,-0.01115419,-0.01115419,720,False
taker_buy_zscore_20h,4h,2024-10,-0.01401664,-0.01401664,724,False
taker_buy_zscore_20h,4h,2024-11,-0.01819667,-0.01819667,720,False
taker_buy_zscore_20h,4h,2024-12,-0.01982619,-0.01982619,744,False
taker_buy_zscore_20h,4h,2025-01,-0.00502567,-0.00502567,744,False
taker_buy_zscore_20h,4h,2025-02,0.00518505,0.00518505,672,False
taker_buy_zscore_20h,4h,2025-03,-0.0056964,-0.0056964,744,False
taker_buy_zscore_20h,4h,2025-04,-0.01538461,-0.01538461,720,False
taker_buy_zscore_20h,4h,2025-05,0.00461493,0.00461493,744,True
taker_buy_zscore_20h,4h,2025-06,-0.00734069,-0.00734069,720,False
taker_buy_zscore_20h,4h,2025-07,-0.01367732,-0.01367732,744,False
taker_buy_zscore_20h,4h,2025-08,-0.00712867,-0.00712867,744,False
taker_buy_zscore_20h,4h,2025-09,-0.00052816,-0.00052816,720,False
taker_buy_zscore_20h,4h,2025-10,-0.00810003,-0.00810003,744,False
taker_buy_zscore_20h,4h,2025-11,-0.01360542,-0.01360542,720,False
taker_buy_zscore_20h,4h,2025-12,-0.01279359,-0.01279359,744,False
taker_buy_zscore_20h,4h,2026-01,-0.007506,-0.007506,744,False
taker_buy_zscore_20h,4h,2026-02,0.0065257,0.0065257,672,True
taker_buy_zscore_20h,4h,2026-03,-0.00235615,-0.00235615,744,True
taker_buy_zscore_20h,4h,2026-04,-0.01419931,-0.01419931,720,False
taker_buy_zscore_20h,4h,2026-05,-0.08500047,-0.08500047,1,False
taker_buy_zscore_20h,72h,2024-06,-0.0006686,-0.0006686,700,False
taker_buy_zscore_20h,72h,2024-07,0.00578813,0.00578813,744,True
taker_buy_zscore_20h,72h,2024-08,0.00535245,0.00535245,744,True
taker_buy_zscore_20h,72h,2024-09,-0.00503461,-0.00503461,720,True
taker_buy_zscore_20h,72h,2024-10,-0.00094349,-0.00094349,724,False
taker_buy_zscore_20h,72h,2024-11,-0.00389308,-0.00389308,720,False
taker_buy_zscore_20h,72h,2024-12,-0.00225907,-0.00225907,744,False
taker_buy_zscore_20h,72h,2025-01,0.00066468,0.00066468,744,False
taker_buy_zscore_20h,72h,2025-02,-0.00045359,-0.00045359,672,True
taker_buy_zscore_20h,72h,2025-03,-0.00085507,-0.00085507,744,False
taker_buy_zscore_20h,72h,2025-04,-0.00451838,-0.00451838,720,False
taker_buy_zscore_20h,72h,2025-05,-3.588e-05,-3.588e-05,744,False
taker_buy_zscore_20h,72h,2025-06,-0.00279024,-0.00279024,720,False
taker_buy_zscore_20h,72h,2025-07,-0.00196051,-0.00196051,744,False
taker_buy_zscore_20h,72h,2025-08,0.0035757,0.0035757,744,True
taker_buy_zscore_20h,72h,2025-09,0.00156204,0.00156204,720,True
taker_buy_zscore_20h,72h,2025-10,-0.00207421,-0.00207421,744,False
taker_buy_zscore_20h,72h,2025-11,-0.00187124,-0.00187124,720,False
taker_buy_zscore_20h,72h,2025-12,0.00075649,0.00075649,744,True
taker_buy_zscore_20h,72h,2026-01,0.00333784,0.00333784,744,True
taker_buy_zscore_20h,72h,2026-02,0.00490254,0.00490254,672,True
taker_buy_zscore_20h,72h,2026-03,-0.00219707,-0.00219707,744,False
taker_buy_zscore_20h,72h,2026-04,-0.00208454,-0.00208454,720,False
taker_buy_zscore_20h,72h,2026-05,0.11293607,0.11293607,1,True
tech_atr,1h,2024-06,0.01983312,0.01983312,705,True
tech_atr,1h,2024-07,0.01224569,0.01224569,744,True
tech_atr,1h,2024-08,0.00831768,0.00831768,744,True
tech_atr,1h,2024-09,0.00431725,0.00431725,720,True
tech_atr,1h,2024-10,0.01058727,0.01058727,743,True
tech_atr,1h,2024-11,0.00205535,0.00205535,720,False
tech_atr,1h,2024-12,0.0066827,0.0066827,744,True
tech_atr,1h,2025-01,0.01303107,0.01303107,744,True
tech_atr,1h,2025-02,0.00083526,0.00083526,672,False
tech_atr,1h,2025-03,0.00675197,0.00675197,744,True
tech_atr,1h,2025-04,-0.00031797,-0.00031797,720,True
tech_atr,1h,2025-05,0.01166905,0.01166905,744,True
tech_atr,1h,2025-06,0.0007565,0.0007565,720,True
tech_atr,1h,2025-07,0.00590331,0.00590331,744,True
tech_atr,1h,2025-08,0.00670143,0.00670143,744,True
tech_atr,1h,2025-09,-0.00026934,-0.00026934,720,True
tech_atr,1h,2025-10,-0.00183463,-0.00183463,744,False
tech_atr,1h,2025-11,-0.00860164,-0.00860164,720,False
tech_atr,1h,2025-12,0.00278422,0.00278422,744,True
tech_atr,1h,2026-01,-0.00157818,-0.00157818,744,False
tech_atr,1h,2026-02,0.00365537,0.00365537,672,True
tech_atr,1h,2026-03,0.00380167,0.00380167,744,True
tech_atr,1h,2026-04,-0.00071161,-0.00071161,720,False
tech_atr,1h,2026-05,0.00262128,0.00262128,744,True
tech_atr,1h,2026-06,-0.0013729,-0.0013729,288,False
tech_atr,24h,2024-06,0.05783595,0.05783595,705,True
tech_atr,24h,2024-07,0.02781655,0.02781655,744,True
tech_atr,24h,2024-08,0.02738039,0.02738039,744,True
tech_atr,24h,2024-09,-5.7e-06,-5.7e-06,720,False
tech_atr,24h,2024-10,0.02518952,0.02518952,744,True
tech_atr,24h,2024-11,-0.0007031,-0.0007031,720,False
tech_atr,24h,2024-12,0.03275765,0.03275765,744,True
tech_atr,24h,2025-01,0.05988647,0.05988647,744,True
tech_atr,24h,2025-02,0.01933562,0.01933562,672,True
tech_atr,24h,2025-03,0.02888059,0.02888059,744,True
tech_atr,24h,2025-04,-0.01884609,-0.01884609,720,False
tech_atr,24h,2025-05,0.04472852,0.04472852,744,True
tech_atr,24h,2025-06,0.009134,0.009134,720,True
tech_atr,24h,2025-07,0.01057675,0.01057675,744,True
tech_atr,24h,2025-08,0.02866881,0.02866881,744,True
tech_atr,24h,2025-09,0.01083687,0.01083687,720,True
tech_atr,24h,2025-10,0.00164229,0.00164229,744,True
tech_atr,24h,2025-11,-0.00797091,-0.00797091,720,False
tech_atr,24h,2025-12,0.01144323,0.01144323,744,True
tech_atr,24h,2026-01,-0.02039617,-0.02039617,744,False
tech_atr,24h,2026-02,0.02229506,0.02229506,672,True
tech_atr,24h,2026-03,0.00704033,0.00704033,744,True
tech_atr,24h,2026-04,-0.02382585,-0.02382585,720,False
tech_atr,24h,2026-05,0.01319316,0.01319316,744,True
tech_atr,24h,2026-06,0.01553667,0.01553667,265,True
tech_atr,4h,2024-06,0.02484649,0.02484649,705,True
tech_atr,4h,2024-07,0.0135589,0.0135589,744,True
tech_atr,4h,2024-08,0.00694061,0.00694061,744,False
tech_atr,4h,2024-09,0.00597992,0.00597992,720,True
tech_atr,4h,2024-10,0.0131065,0.0131065,744,True
tech_atr,4h,2024-11,0.000555,0.000555,720,True
tech_atr,4h,2024-12,0.01178638,0.01178638,744,True
tech_atr,4h,2025-01,0.02155739,0.02155739,744,True
tech_atr,4h,2025-02,0.00692553,0.00692553,672,True
tech_atr,4h,2025-03,0.00871398,0.00871398,744,True
tech_atr,4h,2025-04,-0.00441902,-0.00441902,720,False
tech_atr,4h,2025-05,0.01828977,0.01828977,744,True
tech_atr,4h,2025-06,0.00066205,0.00066205,720,True
tech_atr,4h,2025-07,0.00680458,0.00680458,744,True
tech_atr,4h,2025-08,0.01216997,0.01216997,744,True
tech_atr,4h,2025-09,-0.00158221,-0.00158221,720,True
tech_atr,4h,2025-10,-0.00350333,-0.00350333,744,False
tech_atr,4h,2025-11,-0.01020281,-0.01020281,720,False
tech_atr,4h,2025-12,0.00446846,0.00446846,744,True
tech_atr,4h,2026-01,-0.00789689,-0.00789689,744,False
tech_atr,4h,2026-02,0.00427231,0.00427231,672,True
tech_atr,4h,2026-03,0.00510975,0.00510975,744,False
tech_atr,4h,2026-04,-0.00593812,-0.00593812,720,False
tech_atr,4h,2026-05,0.0034525,0.0034525,744,True
tech_atr,4h,2026-06,0.00495316,0.00495316,285,False
tech_atr,72h,2024-06,0.08403584,0.08403584,705,True
tech_atr,72h,2024-07,0.0480073,0.0480073,744,True
tech_atr,72h,2024-08,0.03895863,0.03895863,744,True
tech_atr,72h,2024-09,-0.00631658,-0.00631658,720,False
tech_atr,72h,2024-10,0.02831382,0.02831382,744,True
tech_atr,72h,2024-11,-0.00111931,-0.00111931,720,False
tech_atr,72h,2024-12,0.04312985,0.04312985,744,True
tech_atr,72h,2025-01,0.11892617,0.11892617,744,True
tech_atr,72h,2025-02,0.02409812,0.02409812,672,True
tech_atr,72h,2025-03,0.05190244,0.05190244,744,True
tech_atr,72h,2025-04,-0.04858298,-0.04858298,720,False
tech_atr,72h,2025-05,0.07220091,0.07220091,744,True
tech_atr,72h,2025-06,0.02362866,0.02362866,720,True
tech_atr,72h,2025-07,0.00195476,0.00195476,744,False
tech_atr,72h,2025-08,0.04859992,0.04859992,744,True
tech_atr,72h,2025-09,0.01853762,0.01853762,720,True
tech_atr,72h,2025-10,0.03201145,0.03201145,744,True
tech_atr,72h,2025-11,-0.01058066,-0.01058066,720,False
tech_atr,72h,2025-12,0.00113447,0.00113447,744,True
tech_atr,72h,2026-01,-0.03227714,-0.03227714,744,False
tech_atr,72h,2026-02,0.04733075,0.04733075,672,True
tech_atr,72h,2026-03,-0.00784921,-0.00784921,744,False
tech_atr,72h,2026-04,-0.04568692,-0.04568692,720,False
tech_atr,72h,2026-05,0.02210961,0.02210961,744,True
tech_atr,72h,2026-06,-0.00889519,-0.00889519,217,True
tech_macd,1h,2024-06,0.00012533,0.00012533,718,True
tech_macd,1h,2024-07,-0.00851314,-0.00851314,744,False
tech_macd,1h,2024-08,-0.01714852,-0.01714852,744,False
tech_macd,1h,2024-09,-0.0117835,-0.0117835,720,False
tech_macd,1h,2024-10,-0.00988607,-0.00988607,743,False
tech_macd,1h,2024-11,-0.00597024,-0.00597024,720,False
tech_macd,1h,2024-12,-0.01539658,-0.01539658,744,False
tech_macd,1h,2025-01,-0.0118495,-0.0118495,744,False
tech_macd,1h,2025-02,0.008842,0.008842,672,True
tech_macd,1h,2025-03,-0.01080465,-0.01080465,744,False
tech_macd,1h,2025-04,-0.00317121,-0.00317121,720,False
tech_macd,1h,2025-05,-0.00742428,-0.00742428,744,False
tech_macd,1h,2025-06,-0.01978932,-0.01978932,720,False
tech_macd,1h,2025-07,-0.01674429,-0.01674429,744,False
tech_macd,1h,2025-08,-0.01273835,-0.01273835,744,False
tech_macd,1h,2025-09,-0.00770039,-0.00770039,720,False
tech_macd,1h,2025-10,-0.01089775,-0.01089775,744,False
tech_macd,1h,2025-11,-0.0065446,-0.0065446,720,False
tech_macd,1h,2025-12,-0.01763107,-0.01763107,744,False
tech_macd,1h,2026-01,-0.01569132,-0.01569132,744,False
tech_macd,1h,2026-02,-0.0156704,-0.0156704,672,False
tech_macd,1h,2026-03,-0.01481867,-0.01481867,744,False
tech_macd,1h,2026-04,-0.00858406,-0.00858406,720,False
tech_macd,1h,2026-05,-0.01219387,-0.01219387,744,False
tech_macd,1h,2026-06,-0.01058108,-0.01058108,288,False
tech_macd,24h,2024-06,-0.00218767,-0.00218767,718,False
tech_macd,24h,2024-07,-0.02565655,-0.02565655,744,False
tech_macd,24h,2024-08,-0.02358627,-0.02358627,744,False
tech_macd,24h,2024-09,-0.0057795,-0.0057795,720,False
tech_macd,24h,2024-10,-0.00787977,-0.00787977,744,False
tech_macd,24h,2024-11,-0.0272791,-0.0272791,720,False
tech_macd,24h,2024-12,-0.00779607,-0.00779607,744,True
tech_macd,24h,2025-01,0.00054732,0.00054732,744,True
tech_macd,24h,2025-02,0.04421843,0.04421843,672,True
tech_macd,24h,2025-03,0.00984604,0.00984604,744,False
tech_macd,24h,2025-04,0.0038056,0.0038056,720,True
tech_macd,24h,2025-05,-0.03444912,-0.03444912,744,False
tech_macd,24h,2025-06,-0.02772185,-0.02772185,720,False
tech_macd,24h,2025-07,-0.00684654,-0.00684654,744,False
tech_macd,24h,2025-08,0.02641772,0.02641772,744,True
tech_macd,24h,2025-09,-0.01969589,-0.01969589,720,False
tech_macd,24h,2025-10,-0.00595965,-0.00595965,744,False
tech_macd,24h,2025-11,-0.02327872,-0.02327872,720,False
tech_macd,24h,2025-12,-0.02296183,-0.02296183,744,False
tech_macd,24h,2026-01,-0.01088444,-0.01088444,744,False
tech_macd,24h,2026-02,-0.03010694,-0.03010694,672,False
tech_macd,24h,2026-03,-0.02149825,-0.02149825,744,False
tech_macd,24h,2026-04,-0.02661725,-0.02661725,720,False
tech_macd,24h,2026-05,-0.01157912,-0.01157912,744,False
tech_macd,24h,2026-06,0.05080909,0.05080909,265,True
tech_macd,4h,2024-06,-0.00450099,-0.00450099,718,False
tech_macd,4h,2024-07,-0.00868378,-0.00868378,744,False
tech_macd,4h,2024-08,-0.02235104,-0.02235104,744,False
tech_macd,4h,2024-09,-0.01100079,-0.01100079,720,False
tech_macd,4h,2024-10,-0.01197428,-0.01197428,744,False
tech_macd,4h,2024-11,-0.00877344,-0.00877344,720,False
tech_macd,4h,2024-12,-0.0145172,-0.0145172,744,False
tech_macd,4h,2025-01,-0.01318813,-0.01318813,744,False
tech_macd,4h,2025-02,0.02067079,0.02067079,672,True
tech_macd,4h,2025-03,-0.01691679,-0.01691679,744,False
tech_macd,4h,2025-04,-0.00055815,-0.00055815,720,False
tech_macd,4h,2025-05,-0.02259258,-0.02259258,744,False
tech_macd,4h,2025-06,-0.03913022,-0.03913022,720,False
tech_macd,4h,2025-07,-0.02148856,-0.02148856,744,False
tech_macd,4h,2025-08,-0.0064953,-0.0064953,744,False
tech_macd,4h,2025-09,-0.00696998,-0.00696998,720,False
tech_macd,4h,2025-10,-0.01403453,-0.01403453,744,False
tech_macd,4h,2025-11,-0.01312083,-0.01312083,720,False
tech_macd,4h,2025-12,-0.02701238,-0.02701238,744,False
tech_macd,4h,2026-01,-0.01356083,-0.01356083,744,False
tech_macd,4h,2026-02,-0.02755599,-0.02755599,672,False
tech_macd,4h,2026-03,-0.02497965,-0.02497965,744,False
tech_macd,4h,2026-04,-0.01707105,-0.01707105,720,False
tech_macd,4h,2026-05,-0.01832325,-0.01832325,744,False
tech_macd,4h,2026-06,-0.00311868,-0.00311868,285,False
tech_macd,72h,2024-06,0.01385503,0.01385503,718,True
tech_macd,72h,2024-07,-0.0338733,-0.0338733,744,False
tech_macd,72h,2024-08,-0.01117662,-0.01117662,744,False
tech_macd,72h,2024-09,-0.01247817,-0.01247817,720,False
tech_macd,72h,2024-10,-0.02075001,-0.02075001,744,False
tech_macd,72h,2024-11,0.01252399,0.01252399,720,True
tech_macd,72h,2024-12,-0.0100825,-0.0100825,744,False
tech_macd,72h,2025-01,-0.00317044,-0.00317044,744,False
tech_macd,72h,2025-02,0.01891968,0.01891968,672,True
tech_macd,72h,2025-03,-0.0148525,-0.0148525,744,False
tech_macd,72h,2025-04,-0.01597696,-0.01597696,720,False
tech_macd,72h,2025-05,-0.02154869,-0.02154869,744,False
tech_macd,72h,2025-06,-0.00523903,-0.00523903,720,False
tech_macd,72h,2025-07,0.00146393,0.00146393,744,True
tech_macd,72h,2025-08,-0.00055827,-0.00055827,744,False
tech_macd,72h,2025-09,0.00644548,0.00644548,720,True
tech_macd,72h,2025-10,-0.00589408,-0.00589408,744,False
tech_macd,72h,2025-11,-0.011424,-0.011424,720,False
tech_macd,72h,2025-12,-0.00724346,-0.00724346,744,False
tech_macd,72h,2026-01,-0.01435844,-0.01435844,744,False
tech_macd,72h,2026-02,-0.01415595,-0.01415595,672,False
tech_macd,72h,2026-03,-0.01004776,-0.01004776,744,False
tech_macd,72h,2026-04,-0.01148397,-0.01148397,720,False
tech_macd,72h,2026-05,-0.0040252,-0.0040252,744,True
tech_macd,72h,2026-06,0.04606075,0.04606075,217,True
trend_efficiency_24h,1h,2024-06,0.01288391,0.01288391,695,True
trend_efficiency_24h,1h,2024-07,0.00180344,0.00180344,744,True
trend_efficiency_24h,1h,2024-08,0.0061347,0.0061347,744,True
trend_efficiency_24h,1h,2024-09,-0.009284,-0.009284,720,False
trend_efficiency_24h,1h,2024-10,-0.0008406,-0.0008406,743,True
trend_efficiency_24h,1h,2024-11,-0.00401187,-0.00401187,720,False
trend_efficiency_24h,1h,2024-12,-0.00513557,-0.00513557,744,False
trend_efficiency_24h,1h,2025-01,0.00356237,0.00356237,744,True
trend_efficiency_24h,1h,2025-02,-0.01638566,-0.01638566,672,False
trend_efficiency_24h,1h,2025-03,-0.00332203,-0.00332203,744,False
trend_efficiency_24h,1h,2025-04,-0.00583046,-0.00583046,720,False
trend_efficiency_24h,1h,2025-05,-0.00106119,-0.00106119,744,False
trend_efficiency_24h,1h,2025-06,-0.00424477,-0.00424477,720,False
trend_efficiency_24h,1h,2025-07,0.00187589,0.00187589,744,False
trend_efficiency_24h,1h,2025-08,0.00718887,0.00718887,744,True
trend_efficiency_24h,1h,2025-09,-0.00349735,-0.00349735,720,False
trend_efficiency_24h,1h,2025-10,0.00029288,0.00029288,744,False
trend_efficiency_24h,1h,2025-11,-0.00373131,-0.00373131,720,False
trend_efficiency_24h,1h,2025-12,-0.00632275,-0.00632275,744,False
trend_efficiency_24h,1h,2026-01,0.00169285,0.00169285,744,True
trend_efficiency_24h,1h,2026-02,0.00130783,0.00130783,672,True
trend_efficiency_24h,1h,2026-03,-0.00585931,-0.00585931,744,False
trend_efficiency_24h,1h,2026-04,-0.00576556,-0.00576556,720,False
trend_efficiency_24h,1h,2026-05,-0.01091126,-0.01091126,744,False
trend_efficiency_24h,1h,2026-06,-0.0061514,-0.0061514,288,False
trend_efficiency_24h,24h,2024-06,-0.01494234,-0.01494234,695,False
trend_efficiency_24h,24h,2024-07,0.01280237,0.01280237,744,True
trend_efficiency_24h,24h,2024-08,0.01060937,0.01060937,744,True
trend_efficiency_24h,24h,2024-09,-0.00762848,-0.00762848,720,False
trend_efficiency_24h,24h,2024-10,0.02802072,0.02802072,744,True
trend_efficiency_24h,24h,2024-11,-0.01312328,-0.01312328,720,False
trend_efficiency_24h,24h,2024-12,-0.00249725,-0.00249725,744,True
trend_efficiency_24h,24h,2025-01,0.00649948,0.00649948,744,True
trend_efficiency_24h,24h,2025-02,-0.03570894,-0.03570894,672,False
trend_efficiency_24h,24h,2025-03,0.00319015,0.00319015,744,True
trend_efficiency_24h,24h,2025-04,0.01853342,0.01853342,720,True
trend_efficiency_24h,24h,2025-05,-0.00029241,-0.00029241,744,False
trend_efficiency_24h,24h,2025-06,0.01008165,0.01008165,720,True
trend_efficiency_24h,24h,2025-07,0.00643093,0.00643093,744,False
trend_efficiency_24h,24h,2025-08,0.03363159,0.03363159,744,True
trend_efficiency_24h,24h,2025-09,-0.02944483,-0.02944483,720,False
trend_efficiency_24h,24h,2025-10,-0.00403573,-0.00403573,744,False
trend_efficiency_24h,24h,2025-11,-0.0246905,-0.0246905,720,False
trend_efficiency_24h,24h,2025-12,-0.02567037,-0.02567037,744,False
trend_efficiency_24h,24h,2026-01,-0.00435589,-0.00435589,744,False
trend_efficiency_24h,24h,2026-02,0.00710443,0.00710443,672,True
trend_efficiency_24h,24h,2026-03,-0.01624765,-0.01624765,744,False
trend_efficiency_24h,24h,2026-04,-0.0038892,-0.0038892,720,False
trend_efficiency_24h,24h,2026-05,-0.0182725,-0.0182725,744,False
trend_efficiency_24h,24h,2026-06,-0.00077594,-0.00077594,265,True
trend_efficiency_24h,4h,2024-06,0.01218965,0.01218965,695,True
trend_efficiency_24h,4h,2024-07,0.00097195,0.00097195,744,True
trend_efficiency_24h,4h,2024-08,0.01295374,0.01295374,744,False
trend_efficiency_24h,4h,2024-09,-0.0111122,-0.0111122,720,False
trend_efficiency_24h,4h,2024-10,-0.00129542,-0.00129542,744,False
trend_efficiency_24h,4h,2024-11,0.0015097,0.0015097,720,False
trend_efficiency_24h,4h,2024-12,-0.00328174,-0.00328174,744,False
trend_efficiency_24h,4h,2025-01,0.01834103,0.01834103,744,True
trend_efficiency_24h,4h,2025-02,-0.02288497,-0.02288497,672,False
trend_efficiency_24h,4h,2025-03,0.00292394,0.00292394,744,True
trend_efficiency_24h,4h,2025-04,-0.00105399,-0.00105399,720,False
trend_efficiency_24h,4h,2025-05,-0.00150529,-0.00150529,744,False
trend_efficiency_24h,4h,2025-06,-0.00632443,-0.00632443,720,False
trend_efficiency_24h,4h,2025-07,0.02027847,0.02027847,744,True
trend_efficiency_24h,4h,2025-08,0.01479549,0.01479549,744,True
trend_efficiency_24h,4h,2025-09,-0.00516759,-0.00516759,720,False
trend_efficiency_24h,4h,2025-10,0.0039311,0.0039311,744,True
trend_efficiency_24h,4h,2025-11,-0.00884052,-0.00884052,720,False
trend_efficiency_24h,4h,2025-12,-0.01685206,-0.01685206,744,False
trend_efficiency_24h,4h,2026-01,-0.00080603,-0.00080603,744,False
trend_efficiency_24h,4h,2026-02,0.00019506,0.00019506,672,True
trend_efficiency_24h,4h,2026-03,-0.01466823,-0.01466823,744,False
trend_efficiency_24h,4h,2026-04,-0.00589228,-0.00589228,720,False
trend_efficiency_24h,4h,2026-05,-0.01546554,-0.01546554,744,False
trend_efficiency_24h,4h,2026-06,-0.00440265,-0.00440265,285,False
trend_efficiency_24h,72h,2024-06,-0.0037667,-0.0037667,695,False
trend_efficiency_24h,72h,2024-07,0.02720576,0.02720576,744,True
trend_efficiency_24h,72h,2024-08,-0.00712773,-0.00712773,744,False
trend_efficiency_24h,72h,2024-09,-0.0139839,-0.0139839,720,False
trend_efficiency_24h,72h,2024-10,0.03600692,0.03600692,744,True
trend_efficiency_24h,72h,2024-11,0.01810863,0.01810863,720,True
trend_efficiency_24h,72h,2024-12,-0.02370759,-0.02370759,744,False
trend_efficiency_24h,72h,2025-01,-0.00423173,-0.00423173,744,False
trend_efficiency_24h,72h,2025-02,-0.02759648,-0.02759648,672,False
trend_efficiency_24h,72h,2025-03,0.00579644,0.00579644,744,True
trend_efficiency_24h,72h,2025-04,0.03191128,0.03191128,720,True
trend_efficiency_24h,72h,2025-05,-0.00456749,-0.00456749,744,False
trend_efficiency_24h,72h,2025-06,0.00509055,0.00509055,720,True
trend_efficiency_24h,72h,2025-07,-0.00014354,-0.00014354,744,True
trend_efficiency_24h,72h,2025-08,0.00422849,0.00422849,744,False
trend_efficiency_24h,72h,2025-09,-0.03597763,-0.03597763,720,False
trend_efficiency_24h,72h,2025-10,-0.02067878,-0.02067878,744,False
trend_efficiency_24h,72h,2025-11,-0.02362142,-0.02362142,720,False
trend_efficiency_24h,72h,2025-12,-0.03309908,-0.03309908,744,False
trend_efficiency_24h,72h,2026-01,-0.00795074,-0.00795074,744,False
trend_efficiency_24h,72h,2026-02,0.00594364,0.00594364,672,True
trend_efficiency_24h,72h,2026-03,-0.00760468,-0.00760468,744,False
trend_efficiency_24h,72h,2026-04,-0.01218378,-0.01218378,720,False
trend_efficiency_24h,72h,2026-05,-0.00600446,-0.00600446,744,False
trend_efficiency_24h,72h,2026-06,0.00774938,0.00774938,217,True
vol_40h,1h,2024-06,-0.05840116,0.05840116,679,True
vol_40h,1h,2024-07,-0.0451951,0.0451951,744,True
vol_40h,1h,2024-08,-0.05176544,0.05176544,744,True
vol_40h,1h,2024-09,-0.03345273,0.03345273,720,True
vol_40h,1h,2024-10,-0.04205672,0.04205672,743,True
vol_40h,1h,2024-11,-0.03834472,0.03834472,720,True
vol_40h,1h,2024-12,-0.04119729,0.04119729,744,True
vol_40h,1h,2025-01,-0.07223479,0.07223479,744,True
vol_40h,1h,2025-02,-0.0392545,0.0392545,672,True
vol_40h,1h,2025-03,-0.03901722,0.03901722,744,True
vol_40h,1h,2025-04,-0.0245869,0.0245869,720,True
vol_40h,1h,2025-05,-0.03870878,0.03870878,744,True
vol_40h,1h,2025-06,-0.03550032,0.03550032,720,True
vol_40h,1h,2025-07,-0.03553966,0.03553966,744,True
vol_40h,1h,2025-08,-0.03645147,0.03645147,744,True
vol_40h,1h,2025-09,-0.0359315,0.0359315,720,True
vol_40h,1h,2025-10,-0.03235988,0.03235988,744,True
vol_40h,1h,2025-11,-0.04485603,0.04485603,720,True
vol_40h,1h,2025-12,-0.03060024,0.03060024,744,True
vol_40h,1h,2026-01,-0.03657632,0.03657632,744,True
vol_40h,1h,2026-02,-0.02485992,0.02485992,672,True
vol_40h,1h,2026-03,-0.02555258,0.02555258,744,True
vol_40h,1h,2026-04,-0.03136035,0.03136035,720,True
vol_40h,1h,2026-05,-0.03410927,0.03410927,744,True
vol_40h,1h,2026-06,-0.02281499,0.02281499,288,True
vol_40h,24h,2024-06,-0.14808393,0.14808393,679,True
vol_40h,24h,2024-07,-0.09996884,0.09996884,744,True
vol_40h,24h,2024-08,-0.124306,0.124306,744,True
vol_40h,24h,2024-09,-0.03661297,0.03661297,720,True
vol_40h,24h,2024-10,-0.11297102,0.11297102,744,True
vol_40h,24h,2024-11,-0.08626294,0.08626294,720,True
vol_40h,24h,2024-12,-0.10569526,0.10569526,744,True
vol_40h,24h,2025-01,-0.14980068,0.14980068,744,True
vol_40h,24h,2025-02,-0.09958657,0.09958657,672,True
vol_40h,24h,2025-03,-0.11516506,0.11516506,744,True
vol_40h,24h,2025-04,-0.04411756,0.04411756,720,True
vol_40h,24h,2025-05,-0.09145836,0.09145836,744,True
vol_40h,24h,2025-06,-0.0747963,0.0747963,720,True
vol_40h,24h,2025-07,-0.09435293,0.09435293,744,True
vol_40h,24h,2025-08,-0.1075495,0.1075495,744,True
vol_40h,24h,2025-09,-0.07825654,0.07825654,720,True
vol_40h,24h,2025-10,-0.07854394,0.07854394,744,True
vol_40h,24h,2025-11,-0.12278918,0.12278918,720,True
vol_40h,24h,2025-12,-0.0515791,0.0515791,744,True
vol_40h,24h,2026-01,-0.1066794,0.1066794,744,True
vol_40h,24h,2026-02,-0.07223795,0.07223795,672,True
vol_40h,24h,2026-03,-0.07389548,0.07389548,744,True
vol_40h,24h,2026-04,-0.06832797,0.06832797,720,True
vol_40h,24h,2026-05,-0.07584189,0.07584189,744,True
vol_40h,24h,2026-06,-0.03291425,0.03291425,265,True
vol_40h,4h,2024-06,-0.07425976,0.07425976,679,True
vol_40h,4h,2024-07,-0.0630129,0.0630129,744,True
vol_40h,4h,2024-08,-0.07016881,0.07016881,744,True
vol_40h,4h,2024-09,-0.03731091,0.03731091,720,True
vol_40h,4h,2024-10,-0.06081072,0.06081072,744,True
vol_40h,4h,2024-11,-0.05945454,0.05945454,720,True
vol_40h,4h,2024-12,-0.07103756,0.07103756,744,True
vol_40h,4h,2025-01,-0.09318625,0.09318625,744,True
vol_40h,4h,2025-02,-0.04966721,0.04966721,672,True
vol_40h,4h,2025-03,-0.06795296,0.06795296,744,True
vol_40h,4h,2025-04,-0.03644803,0.03644803,720,True
vol_40h,4h,2025-05,-0.05744068,0.05744068,744,True
vol_40h,4h,2025-06,-0.0510758,0.0510758,720,True
vol_40h,4h,2025-07,-0.05830114,0.05830114,744,True
vol_40h,4h,2025-08,-0.05957215,0.05957215,744,True
vol_40h,4h,2025-09,-0.05436689,0.05436689,720,True
vol_40h,4h,2025-10,-0.04751953,0.04751953,744,True
vol_40h,4h,2025-11,-0.07437958,0.07437958,720,True
vol_40h,4h,2025-12,-0.04482368,0.04482368,744,True
vol_40h,4h,2026-01,-0.05659126,0.05659126,744,True
vol_40h,4h,2026-02,-0.04364233,0.04364233,672,True
vol_40h,4h,2026-03,-0.04665451,0.04665451,744,True
vol_40h,4h,2026-04,-0.05090642,0.05090642,720,True
vol_40h,4h,2026-05,-0.05426286,0.05426286,744,True
vol_40h,4h,2026-06,-0.02601825,0.02601825,285,True
vol_40h,72h,2024-06,-0.19217238,0.19217238,679,True
vol_40h,72h,2024-07,-0.12583645,0.12583645,744,True
vol_40h,72h,2024-08,-0.14619412,0.14619412,744,True
vol_40h,72h,2024-09,0.01450028,-0.01450028,720,False
vol_40h,72h,2024-10,-0.13054675,0.13054675,744,True
vol_40h,72h,2024-11,-0.06294855,0.06294855,720,True
vol_40h,72h,2024-12,-0.11190309,0.11190309,744,True
vol_40h,72h,2025-01,-0.22549266,0.22549266,744,True
vol_40h,72h,2025-02,-0.08394015,0.08394015,672,True
vol_40h,72h,2025-03,-0.15775851,0.15775851,744,True
vol_40h,72h,2025-04,-0.00770867,0.00770867,720,True
vol_40h,72h,2025-05,-0.10830123,0.10830123,744,True
vol_40h,72h,2025-06,-0.11727657,0.11727657,720,True
vol_40h,72h,2025-07,-0.11026447,0.11026447,744,True
vol_40h,72h,2025-08,-0.13485575,0.13485575,744,True
vol_40h,72h,2025-09,-0.05274283,0.05274283,720,True
vol_40h,72h,2025-10,-0.08318869,0.08318869,744,True
vol_40h,72h,2025-11,-0.13462041,0.13462041,720,True
vol_40h,72h,2025-12,-0.0630451,0.0630451,744,True
vol_40h,72h,2026-01,-0.14321936,0.14321936,744,True
vol_40h,72h,2026-02,-0.07037909,0.07037909,672,True
vol_40h,72h,2026-03,-0.08350044,0.08350044,744,True
vol_40h,72h,2026-04,-0.0645557,0.0645557,720,True
vol_40h,72h,2026-05,-0.09643735,0.09643735,744,True
vol_40h,72h,2026-06,-0.05867797,0.05867797,217,True
vol_5h,1h,2024-06,-0.04390115,0.04390115,714,True
vol_5h,1h,2024-07,-0.03365581,0.03365581,744,True
vol_5h,1h,2024-08,-0.04408807,0.04408807,744,True
vol_5h,1h,2024-09,-0.02793147,0.02793147,720,True
vol_5h,1h,2024-10,-0.03480966,0.03480966,743,True
vol_5h,1h,2024-11,-0.0367543,0.0367543,720,True
vol_5h,1h,2024-12,-0.04014422,0.04014422,744,True
vol_5h,1h,2025-01,-0.06776144,0.06776144,744,True
vol_5h,1h,2025-02,-0.03714635,0.03714635,672,True
vol_5h,1h,2025-03,-0.02751135,0.02751135,744,True
vol_5h,1h,2025-04,-0.02150076,0.02150076,720,True
vol_5h,1h,2025-05,-0.03533705,0.03533705,744,True
vol_5h,1h,2025-06,-0.0296116,0.0296116,720,True
vol_5h,1h,2025-07,-0.02844534,0.02844534,744,True
vol_5h,1h,2025-08,-0.03264957,0.03264957,744,True
vol_5h,1h,2025-09,-0.03046107,0.03046107,720,True
vol_5h,1h,2025-10,-0.02991742,0.02991742,744,True
vol_5h,1h,2025-11,-0.04270019,0.04270019,720,True
vol_5h,1h,2025-12,-0.03494214,0.03494214,744,True
vol_5h,1h,2026-01,-0.03814469,0.03814469,744,True
vol_5h,1h,2026-02,-0.02441779,0.02441779,672,True
vol_5h,1h,2026-03,-0.01768512,0.01768512,744,True
vol_5h,1h,2026-04,-0.02564102,0.02564102,720,True
vol_5h,1h,2026-05,-0.02959314,0.02959314,744,True
vol_5h,1h,2026-06,-0.01902001,0.01902001,288,True
vol_5h,24h,2024-06,-0.12499351,0.12499351,714,True
vol_5h,24h,2024-07,-0.07599644,0.07599644,744,True
vol_5h,24h,2024-08,-0.10453012,0.10453012,744,True
vol_5h,24h,2024-09,-0.01135152,0.01135152,720,True
vol_5h,24h,2024-10,-0.08930779,0.08930779,744,True
vol_5h,24h,2024-11,-0.07774702,0.07774702,720,True
vol_5h,24h,2024-12,-0.08713004,0.08713004,744,True
vol_5h,24h,2025-01,-0.1234087,0.1234087,744,True
vol_5h,24h,2025-02,-0.07812126,0.07812126,672,True
vol_5h,24h,2025-03,-0.08809939,0.08809939,744,True
vol_5h,24h,2025-04,-0.03099486,0.03099486,720,True
vol_5h,24h,2025-05,-0.07153477,0.07153477,744,True
vol_5h,24h,2025-06,-0.0589141,0.0589141,720,True
vol_5h,24h,2025-07,-0.07446399,0.07446399,744,True
vol_5h,24h,2025-08,-0.07603253,0.07603253,744,True
vol_5h,24h,2025-09,-0.05787067,0.05787067,720,True
vol_5h,24h,2025-10,-0.07597407,0.07597407,744,True
vol_5h,24h,2025-11,-0.10550125,0.10550125,720,True
vol_5h,24h,2025-12,-0.03634413,0.03634413,744,True
vol_5h,24h,2026-01,-0.08205231,0.08205231,744,True
vol_5h,24h,2026-02,-0.04733352,0.04733352,672,True
vol_5h,24h,2026-03,-0.05590025,0.05590025,744,True
vol_5h,24h,2026-04,-0.06831323,0.06831323,720,True
vol_5h,24h,2026-05,-0.06098402,0.06098402,744,True
vol_5h,24h,2026-06,-0.03676826,0.03676826,265,True
vol_5h,4h,2024-06,-0.05697415,0.05697415,714,True
vol_5h,4h,2024-07,-0.04388697,0.04388697,744,True
vol_5h,4h,2024-08,-0.06138734,0.06138734,744,True
vol_5h,4h,2024-09,-0.01796384,0.01796384,720,True
vol_5h,4h,2024-10,-0.0522954,0.0522954,744,True
vol_5h,4h,2024-11,-0.0458231,0.0458231,720,True
vol_5h,4h,2024-12,-0.06158212,0.06158212,744,True
vol_5h,4h,2025-01,-0.09010282,0.09010282,744,True
vol_5h,4h,2025-02,-0.04570989,0.04570989,672,True
vol_5h,4h,2025-03,-0.04805874,0.04805874,744,True
vol_5h,4h,2025-04,-0.02866889,0.02866889,720,True
vol_5h,4h,2025-05,-0.05406612,0.05406612,744,True
vol_5h,4h,2025-06,-0.03796725,0.03796725,720,True
vol_5h,4h,2025-07,-0.04651573,0.04651573,744,True
vol_5h,4h,2025-08,-0.04768459,0.04768459,744,True
vol_5h,4h,2025-09,-0.04181596,0.04181596,720,True
vol_5h,4h,2025-10,-0.03969,0.03969,744,True
vol_5h,4h,2025-11,-0.0628058,0.0628058,720,True
vol_5h,4h,2025-12,-0.04038984,0.04038984,744,True
vol_5h,4h,2026-01,-0.05080861,0.05080861,744,True
vol_5h,4h,2026-02,-0.03435583,0.03435583,672,True
vol_5h,4h,2026-03,-0.03232685,0.03232685,744,True
vol_5h,4h,2026-04,-0.04278907,0.04278907,720,True
vol_5h,4h,2026-05,-0.04818718,0.04818718,744,True
vol_5h,4h,2026-06,-0.02980334,0.02980334,285,True
vol_5h,72h,2024-06,-0.15304453,0.15304453,714,True
vol_5h,72h,2024-07,-0.09698736,0.09698736,744,True
vol_5h,72h,2024-08,-0.11378578,0.11378578,744,True
vol_5h,72h,2024-09,0.01738537,-0.01738537,720,False
vol_5h,72h,2024-10,-0.102111,0.102111,744,True
vol_5h,72h,2024-11,-0.03992797,0.03992797,720,True
vol_5h,72h,2024-12,-0.08936449,0.08936449,744,True
vol_5h,72h,2025-01,-0.17377517,0.17377517,744,True
vol_5h,72h,2025-02,-0.06942445,0.06942445,672,True
vol_5h,72h,2025-03,-0.11737727,0.11737727,744,True
vol_5h,72h,2025-04,-0.00731972,0.00731972,720,True
vol_5h,72h,2025-05,-0.07564894,0.07564894,744,True
vol_5h,72h,2025-06,-0.09588473,0.09588473,720,True
vol_5h,72h,2025-07,-0.08693613,0.08693613,744,True
vol_5h,72h,2025-08,-0.09455755,0.09455755,744,True
vol_5h,72h,2025-09,-0.03931555,0.03931555,720,True
vol_5h,72h,2025-10,-0.07745205,0.07745205,744,True
vol_5h,72h,2025-11,-0.11595107,0.11595107,720,True
vol_5h,72h,2025-12,-0.03703387,0.03703387,744,True
vol_5h,72h,2026-01,-0.10394992,0.10394992,744,True
vol_5h,72h,2026-02,-0.05284609,0.05284609,672,True
vol_5h,72h,2026-03,-0.06508958,0.06508958,744,True
vol_5h,72h,2026-04,-0.06277796,0.06277796,720,True
vol_5h,72h,2026-05,-0.07345054,0.07345054,744,True
vol_5h,72h,2026-06,-0.072541,0.072541,217,True
vol_of_vol_20h,1h,2024-06,-0.05070128,0.05070128,695,True
vol_of_vol_20h,1h,2024-07,-0.03408978,0.03408978,744,True
vol_of_vol_20h,1h,2024-08,-0.03597024,0.03597024,744,True
vol_of_vol_20h,1h,2024-09,-0.02855562,0.02855562,720,True
vol_of_vol_20h,1h,2024-10,-0.03411103,0.03411103,743,True
vol_of_vol_20h,1h,2024-11,-0.02803574,0.02803574,720,True
vol_of_vol_20h,1h,2024-12,-0.02437282,0.02437282,744,True
vol_of_vol_20h,1h,2025-01,-0.06537032,0.06537032,744,True
vol_of_vol_20h,1h,2025-02,-0.03074175,0.03074175,672,True
vol_of_vol_20h,1h,2025-03,-0.03161012,0.03161012,744,True
vol_of_vol_20h,1h,2025-04,-0.01896774,0.01896774,720,True
vol_of_vol_20h,1h,2025-05,-0.03303477,0.03303477,744,True
vol_of_vol_20h,1h,2025-06,-0.02891977,0.02891977,720,True
vol_of_vol_20h,1h,2025-07,-0.0287147,0.0287147,744,True
vol_of_vol_20h,1h,2025-08,-0.02363086,0.02363086,744,True
vol_of_vol_20h,1h,2025-09,-0.02802307,0.02802307,720,True
vol_of_vol_20h,1h,2025-10,-0.02958465,0.02958465,744,True
vol_of_vol_20h,1h,2025-11,-0.03706207,0.03706207,720,True
vol_of_vol_20h,1h,2025-12,-0.02240675,0.02240675,744,True
vol_of_vol_20h,1h,2026-01,-0.03014557,0.03014557,744,True
vol_of_vol_20h,1h,2026-02,-0.01238812,0.01238812,672,True
vol_of_vol_20h,1h,2026-03,-0.02121035,0.02121035,744,True
vol_of_vol_20h,1h,2026-04,-0.02760194,0.02760194,720,True
vol_of_vol_20h,1h,2026-05,-0.02825756,0.02825756,744,True
vol_of_vol_20h,1h,2026-06,-0.01061587,0.01061587,288,True
vol_of_vol_20h,24h,2024-06,-0.12351922,0.12351922,695,True
vol_of_vol_20h,24h,2024-07,-0.07142115,0.07142115,744,True
vol_of_vol_20h,24h,2024-08,-0.08630043,0.08630043,744,True
vol_of_vol_20h,24h,2024-09,-0.02877175,0.02877175,720,True
vol_of_vol_20h,24h,2024-10,-0.08496658,0.08496658,744,True
vol_of_vol_20h,24h,2024-11,-0.07676451,0.07676451,720,True
vol_of_vol_20h,24h,2024-12,-0.06101519,0.06101519,744,True
vol_of_vol_20h,24h,2025-01,-0.12150905,0.12150905,744,True
vol_of_vol_20h,24h,2025-02,-0.06846614,0.06846614,672,True
vol_of_vol_20h,24h,2025-03,-0.09121177,0.09121177,744,True
vol_of_vol_20h,24h,2025-04,-0.03268868,0.03268868,720,True
vol_of_vol_20h,24h,2025-05,-0.08728715,0.08728715,744,True
vol_of_vol_20h,24h,2025-06,-0.05822948,0.05822948,720,True
vol_of_vol_20h,24h,2025-07,-0.06870581,0.06870581,744,True
vol_of_vol_20h,24h,2025-08,-0.08140383,0.08140383,744,True
vol_of_vol_20h,24h,2025-09,-0.05484196,0.05484196,720,True
vol_of_vol_20h,24h,2025-10,-0.07265812,0.07265812,744,True
vol_of_vol_20h,24h,2025-11,-0.10727781,0.10727781,720,True
vol_of_vol_20h,24h,2025-12,-0.04115067,0.04115067,744,True
vol_of_vol_20h,24h,2026-01,-0.08767834,0.08767834,744,True
vol_of_vol_20h,24h,2026-02,-0.05715743,0.05715743,672,True
vol_of_vol_20h,24h,2026-03,-0.07033228,0.07033228,744,True
vol_of_vol_20h,24h,2026-04,-0.06768368,0.06768368,720,True
vol_of_vol_20h,24h,2026-05,-0.06639536,0.06639536,744,True
vol_of_vol_20h,24h,2026-06,-0.01276089,0.01276089,265,True
vol_of_vol_20h,4h,2024-06,-0.07046306,0.07046306,695,True
vol_of_vol_20h,4h,2024-07,-0.04825865,0.04825865,744,True
vol_of_vol_20h,4h,2024-08,-0.05036048,0.05036048,744,True
vol_of_vol_20h,4h,2024-09,-0.03464992,0.03464992,720,True
vol_of_vol_20h,4h,2024-10,-0.04874232,0.04874232,744,True
vol_of_vol_20h,4h,2024-11,-0.04876196,0.04876196,720,True
vol_of_vol_20h,4h,2024-12,-0.04146355,0.04146355,744,True
vol_of_vol_20h,4h,2025-01,-0.08644983,0.08644983,744,True
vol_of_vol_20h,4h,2025-02,-0.04083806,0.04083806,672,True
vol_of_vol_20h,4h,2025-03,-0.05802196,0.05802196,744,True
vol_of_vol_20h,4h,2025-04,-0.02735946,0.02735946,720,True
vol_of_vol_20h,4h,2025-05,-0.05185774,0.05185774,744,True
vol_of_vol_20h,4h,2025-06,-0.03981181,0.03981181,720,True
vol_of_vol_20h,4h,2025-07,-0.04578291,0.04578291,744,True
vol_of_vol_20h,4h,2025-08,-0.03806932,0.03806932,744,True
vol_of_vol_20h,4h,2025-09,-0.04017815,0.04017815,720,True
vol_of_vol_20h,4h,2025-10,-0.04613814,0.04613814,744,True
vol_of_vol_20h,4h,2025-11,-0.06491633,0.06491633,720,True
vol_of_vol_20h,4h,2025-12,-0.02960933,0.02960933,744,True
vol_of_vol_20h,4h,2026-01,-0.04782996,0.04782996,744,True
vol_of_vol_20h,4h,2026-02,-0.02225671,0.02225671,672,True
vol_of_vol_20h,4h,2026-03,-0.04198162,0.04198162,744,True
vol_of_vol_20h,4h,2026-04,-0.04899702,0.04899702,720,True
vol_of_vol_20h,4h,2026-05,-0.04602325,0.04602325,744,True
vol_of_vol_20h,4h,2026-06,-0.00991204,0.00991204,285,True
vol_of_vol_20h,72h,2024-06,-0.14941619,0.14941619,695,True
vol_of_vol_20h,72h,2024-07,-0.08829985,0.08829985,744,True
vol_of_vol_20h,72h,2024-08,-0.10503365,0.10503365,744,True
vol_of_vol_20h,72h,2024-09,0.00611803,-0.00611803,720,True
vol_of_vol_20h,72h,2024-10,-0.09999845,0.09999845,744,True
vol_of_vol_20h,72h,2024-11,-0.05016422,0.05016422,720,True
vol_of_vol_20h,72h,2024-12,-0.07462832,0.07462832,744,True
vol_of_vol_20h,72h,2025-01,-0.16399083,0.16399083,744,True
vol_of_vol_20h,72h,2025-02,-0.05112374,0.05112374,672,True
vol_of_vol_20h,72h,2025-03,-0.10838961,0.10838961,744,True
vol_of_vol_20h,72h,2025-04,-0.00647231,0.00647231,720,True
vol_of_vol_20h,72h,2025-05,-0.09855539,0.09855539,744,True
vol_of_vol_20h,72h,2025-06,-0.09348192,0.09348192,720,True
vol_of_vol_20h,72h,2025-07,-0.09006311,0.09006311,744,True
vol_of_vol_20h,72h,2025-08,-0.09626552,0.09626552,744,True
vol_of_vol_20h,72h,2025-09,-0.0422489,0.0422489,720,True
vol_of_vol_20h,72h,2025-10,-0.07434578,0.07434578,744,True
vol_of_vol_20h,72h,2025-11,-0.10835777,0.10835777,720,True
vol_of_vol_20h,72h,2025-12,-0.05784017,0.05784017,744,True
vol_of_vol_20h,72h,2026-01,-0.11479023,0.11479023,744,True
vol_of_vol_20h,72h,2026-02,-0.06262959,0.06262959,672,True
vol_of_vol_20h,72h,2026-03,-0.07491112,0.07491112,744,True
vol_of_vol_20h,72h,2026-04,-0.05661295,0.05661295,720,True
vol_of_vol_20h,72h,2026-05,-0.07495255,0.07495255,744,True
vol_of_vol_20h,72h,2026-06,-0.01903492,0.01903492,217,True
vol_ratio_20_80,1h,2024-06,-0.02103448,-0.02103448,639,False
vol_ratio_20_80,1h,2024-07,-0.00758069,-0.00758069,744,False
vol_ratio_20_80,1h,2024-08,-0.01050057,-0.01050057,744,False
vol_ratio_20_80,1h,2024-09,-0.01236192,-0.01236192,720,False
vol_ratio_20_80,1h,2024-10,-0.00470716,-0.00470716,743,False
vol_ratio_20_80,1h,2024-11,-0.01620065,-0.01620065,720,False
vol_ratio_20_80,1h,2024-12,-0.01596862,-0.01596862,744,False
vol_ratio_20_80,1h,2025-01,-0.01689585,-0.01689585,744,False
vol_ratio_20_80,1h,2025-02,-0.02167557,-0.02167557,672,False
vol_ratio_20_80,1h,2025-03,-0.00700737,-0.00700737,744,False
vol_ratio_20_80,1h,2025-04,-0.00285373,-0.00285373,720,False
vol_ratio_20_80,1h,2025-05,-0.00604038,-0.00604038,744,False
vol_ratio_20_80,1h,2025-06,-0.00447085,-0.00447085,720,False
vol_ratio_20_80,1h,2025-07,-0.00609092,-0.00609092,744,False
vol_ratio_20_80,1h,2025-08,-0.00209711,-0.00209711,744,False
vol_ratio_20_80,1h,2025-09,-0.00401872,-0.00401872,720,False
vol_ratio_20_80,1h,2025-10,-0.0069545,-0.0069545,744,False
vol_ratio_20_80,1h,2025-11,-0.0072082,-0.0072082,720,False
vol_ratio_20_80,1h,2025-12,-0.00715834,-0.00715834,744,False
vol_ratio_20_80,1h,2026-01,-0.00610661,-0.00610661,744,False
vol_ratio_20_80,1h,2026-02,-0.00126327,-0.00126327,672,False
vol_ratio_20_80,1h,2026-03,0.00205913,0.00205913,744,True
vol_ratio_20_80,1h,2026-04,-0.00457848,-0.00457848,720,True
vol_ratio_20_80,1h,2026-05,-0.0005659,-0.0005659,744,False
vol_ratio_20_80,1h,2026-06,0.00982159,0.00982159,288,True
vol_ratio_20_80,24h,2024-06,-0.05767849,-0.05767849,639,False
vol_ratio_20_80,24h,2024-07,-0.00750905,-0.00750905,744,True
vol_ratio_20_80,24h,2024-08,-0.01571085,-0.01571085,744,False
vol_ratio_20_80,24h,2024-09,-0.0157797,-0.0157797,720,False
vol_ratio_20_80,24h,2024-10,0.00946965,0.00946965,744,True
vol_ratio_20_80,24h,2024-11,-0.03299887,-0.03299887,720,False
vol_ratio_20_80,24h,2024-12,-0.02355078,-0.02355078,744,False
vol_ratio_20_80,24h,2025-01,0.01067201,0.01067201,744,True
vol_ratio_20_80,24h,2025-02,-0.03883141,-0.03883141,672,False
vol_ratio_20_80,24h,2025-03,-0.01527089,-0.01527089,744,False
vol_ratio_20_80,24h,2025-04,-0.00140568,-0.00140568,720,True
vol_ratio_20_80,24h,2025-05,0.00749481,0.00749481,744,True
vol_ratio_20_80,24h,2025-06,-0.01460643,-0.01460643,720,False
vol_ratio_20_80,24h,2025-07,-0.0179227,-0.0179227,744,False
vol_ratio_20_80,24h,2025-08,0.00464956,0.00464956,744,True
vol_ratio_20_80,24h,2025-09,0.00200986,0.00200986,720,True
vol_ratio_20_80,24h,2025-10,-0.01990482,-0.01990482,744,False
vol_ratio_20_80,24h,2025-11,-0.04732327,-0.04732327,720,False
vol_ratio_20_80,24h,2025-12,0.00940167,0.00940167,744,True
vol_ratio_20_80,24h,2026-01,0.00372923,0.00372923,744,True
vol_ratio_20_80,24h,2026-02,-0.0212583,-0.0212583,672,False
vol_ratio_20_80,24h,2026-03,-0.00884405,-0.00884405,744,False
vol_ratio_20_80,24h,2026-04,-0.02985621,-0.02985621,720,False
vol_ratio_20_80,24h,2026-05,0.00759646,0.00759646,744,True
vol_ratio_20_80,24h,2026-06,0.00521834,0.00521834,265,True
vol_ratio_20_80,4h,2024-06,-0.03292393,-0.03292393,639,False
vol_ratio_20_80,4h,2024-07,-0.00956028,-0.00956028,744,False
vol_ratio_20_80,4h,2024-08,-0.02259,-0.02259,744,False
vol_ratio_20_80,4h,2024-09,-0.00848863,-0.00848863,720,False
vol_ratio_20_80,4h,2024-10,-0.00294248,-0.00294248,744,False
vol_ratio_20_80,4h,2024-11,-0.02428817,-0.02428817,720,False
vol_ratio_20_80,4h,2024-12,-0.0226507,-0.0226507,744,False
vol_ratio_20_80,4h,2025-01,-0.01928647,-0.01928647,744,False
vol_ratio_20_80,4h,2025-02,-0.03137943,-0.03137943,672,False
vol_ratio_20_80,4h,2025-03,-0.01738932,-0.01738932,744,False
vol_ratio_20_80,4h,2025-04,-0.00191954,-0.00191954,720,False
vol_ratio_20_80,4h,2025-05,-0.01127515,-0.01127515,744,False
vol_ratio_20_80,4h,2025-06,-0.00662504,-0.00662504,720,False
vol_ratio_20_80,4h,2025-07,-0.0140834,-0.0140834,744,False
vol_ratio_20_80,4h,2025-08,-0.00127528,-0.00127528,744,False
vol_ratio_20_80,4h,2025-09,-0.0040193,-0.0040193,720,False
vol_ratio_20_80,4h,2025-10,-0.01409916,-0.01409916,744,False
vol_ratio_20_80,4h,2025-11,-0.01564291,-0.01564291,720,False
vol_ratio_20_80,4h,2025-12,-0.00446374,-0.00446374,744,True
vol_ratio_20_80,4h,2026-01,-0.00422402,-0.00422402,744,False
vol_ratio_20_80,4h,2026-02,0.00231749,0.00231749,672,True
vol_ratio_20_80,4h,2026-03,-0.0016905,-0.0016905,744,False
vol_ratio_20_80,4h,2026-04,-0.01635134,-0.01635134,720,False
vol_ratio_20_80,4h,2026-05,-0.0039318,-0.0039318,744,False
vol_ratio_20_80,4h,2026-06,0.01340231,0.01340231,285,True
vol_ratio_20_80,72h,2024-06,-0.0292904,-0.0292904,639,False
vol_ratio_20_80,72h,2024-07,-0.02816206,-0.02816206,744,False
vol_ratio_20_80,72h,2024-08,-0.00588289,-0.00588289,744,False
vol_ratio_20_80,72h,2024-09,-0.03127352,-0.03127352,720,False
vol_ratio_20_80,72h,2024-10,-3.947e-05,-3.947e-05,744,False
vol_ratio_20_80,72h,2024-11,-0.01119658,-0.01119658,720,False
vol_ratio_20_80,72h,2024-12,-0.02780656,-0.02780656,744,False
vol_ratio_20_80,72h,2025-01,-0.00703266,-0.00703266,744,False
vol_ratio_20_80,72h,2025-02,-0.0340109,-0.0340109,672,False
vol_ratio_20_80,72h,2025-03,-0.01498189,-0.01498189,744,False
vol_ratio_20_80,72h,2025-04,-0.00989631,-0.00989631,720,False
vol_ratio_20_80,72h,2025-05,0.01627348,0.01627348,744,True
vol_ratio_20_80,72h,2025-06,-0.00088351,-0.00088351,720,True
vol_ratio_20_80,72h,2025-07,0.00407128,0.00407128,744,True
vol_ratio_20_80,72h,2025-08,-0.00550002,-0.00550002,744,False
vol_ratio_20_80,72h,2025-09,-0.00114785,-0.00114785,720,True
vol_ratio_20_80,72h,2025-10,-0.00598334,-0.00598334,744,False
vol_ratio_20_80,72h,2025-11,-0.03297185,-0.03297185,720,False
vol_ratio_20_80,72h,2025-12,0.00634349,0.00634349,744,True
vol_ratio_20_80,72h,2026-01,0.01446627,0.01446627,744,True
vol_ratio_20_80,72h,2026-02,-0.017916,-0.017916,672,False
vol_ratio_20_80,72h,2026-03,-0.00517643,-0.00517643,744,False
vol_ratio_20_80,72h,2026-04,-0.02464041,-0.02464041,720,False
vol_ratio_20_80,72h,2026-05,0.017545,0.017545,744,True
vol_ratio_20_80,72h,2026-06,-0.04190903,-0.04190903,217,False
vol_ratio_5_20,1h,2024-06,0.00446883,0.00446883,699,True
vol_ratio_5_20,1h,2024-07,0.00069537,0.00069537,744,True
vol_ratio_5_20,1h,2024-08,-0.00842987,-0.00842987,744,False
vol_ratio_5_20,1h,2024-09,-0.01189152,-0.01189152,720,False
vol_ratio_5_20,1h,2024-10,-0.00491948,-0.00491948,743,False
vol_ratio_5_20,1h,2024-11,-0.00895615,-0.00895615,720,False
vol_ratio_5_20,1h,2024-12,-0.01378656,-0.01378656,744,False
vol_ratio_5_20,1h,2025-01,-0.00838854,-0.00838854,744,False
vol_ratio_5_20,1h,2025-02,-0.01081662,-0.01081662,672,False
vol_ratio_5_20,1h,2025-03,0.00401089,0.00401089,744,False
vol_ratio_5_20,1h,2025-04,-0.00597943,-0.00597943,720,False
vol_ratio_5_20,1h,2025-05,-0.00575069,-0.00575069,744,False
vol_ratio_5_20,1h,2025-06,-0.00150641,-0.00150641,720,False
vol_ratio_5_20,1h,2025-07,-0.0013841,-0.0013841,744,False
vol_ratio_5_20,1h,2025-08,-0.00858521,-0.00858521,744,False
vol_ratio_5_20,1h,2025-09,-0.00366084,-0.00366084,720,False
vol_ratio_5_20,1h,2025-10,-0.00401556,-0.00401556,744,False
vol_ratio_5_20,1h,2025-11,-0.01220778,-0.01220778,720,False
vol_ratio_5_20,1h,2025-12,-0.01679277,-0.01679277,744,False
vol_ratio_5_20,1h,2026-01,-0.01292484,-0.01292484,744,False
vol_ratio_5_20,1h,2026-02,-0.01125849,-0.01125849,672,False
vol_ratio_5_20,1h,2026-03,3.227e-05,3.227e-05,744,True
vol_ratio_5_20,1h,2026-04,0.00028216,0.00028216,720,False
vol_ratio_5_20,1h,2026-05,-0.00657791,-0.00657791,744,False
vol_ratio_5_20,1h,2026-06,-0.00304138,-0.00304138,288,False
vol_ratio_5_20,24h,2024-06,-0.00581111,-0.00581111,699,True
vol_ratio_5_20,24h,2024-07,-0.00804024,-0.00804024,744,False
vol_ratio_5_20,24h,2024-08,-0.0209754,-0.0209754,744,False
vol_ratio_5_20,24h,2024-09,0.00522955,0.00522955,720,True
vol_ratio_5_20,24h,2024-10,-0.00520451,-0.00520451,744,False
vol_ratio_5_20,24h,2024-11,-0.01696927,-0.01696927,720,False
vol_ratio_5_20,24h,2024-12,-0.01498146,-0.01498146,744,False
vol_ratio_5_20,24h,2025-01,-0.00426671,-0.00426671,744,False
vol_ratio_5_20,24h,2025-02,-0.01223113,-0.01223113,672,False
vol_ratio_5_20,24h,2025-03,-0.00307797,-0.00307797,744,False
vol_ratio_5_20,24h,2025-04,-0.00720334,-0.00720334,720,False
vol_ratio_5_20,24h,2025-05,-0.00632652,-0.00632652,744,False
vol_ratio_5_20,24h,2025-06,0.00226159,0.00226159,720,False
vol_ratio_5_20,24h,2025-07,-0.00088758,-0.00088758,744,True
vol_ratio_5_20,24h,2025-08,-0.00219119,-0.00219119,744,False
vol_ratio_5_20,24h,2025-09,-0.00520698,-0.00520698,720,False
vol_ratio_5_20,24h,2025-10,-0.00329371,-0.00329371,744,False
vol_ratio_5_20,24h,2025-11,-0.00354903,-0.00354903,720,False
vol_ratio_5_20,24h,2025-12,0.00215056,0.00215056,744,True
vol_ratio_5_20,24h,2026-01,-0.00550148,-0.00550148,744,False
vol_ratio_5_20,24h,2026-02,0.00864012,0.00864012,672,True
vol_ratio_5_20,24h,2026-03,0.01011691,0.01011691,744,True
vol_ratio_5_20,24h,2026-04,-0.00133084,-0.00133084,720,True
vol_ratio_5_20,24h,2026-05,-0.00372594,-0.00372594,744,False
vol_ratio_5_20,24h,2026-06,0.00368789,0.00368789,265,True
vol_ratio_5_20,4h,2024-06,0.00678484,0.00678484,699,True
vol_ratio_5_20,4h,2024-07,0.00425321,0.00425321,744,False
vol_ratio_5_20,4h,2024-08,-0.01151033,-0.01151033,744,False
vol_ratio_5_20,4h,2024-09,0.00046011,0.00046011,720,True
vol_ratio_5_20,4h,2024-10,-0.00601199,-0.00601199,744,False
vol_ratio_5_20,4h,2024-11,-0.0028326,-0.0028326,720,False
vol_ratio_5_20,4h,2024-12,-0.00594208,-0.00594208,744,False
vol_ratio_5_20,4h,2025-01,-0.00940194,-0.00940194,744,False
vol_ratio_5_20,4h,2025-02,-0.00891221,-0.00891221,672,False
vol_ratio_5_20,4h,2025-03,0.00229697,0.00229697,744,False
vol_ratio_5_20,4h,2025-04,-0.01050546,-0.01050546,720,False
vol_ratio_5_20,4h,2025-05,-0.00928561,-0.00928561,744,False
vol_ratio_5_20,4h,2025-06,0.00152853,0.00152853,720,True
vol_ratio_5_20,4h,2025-07,-0.00304572,-0.00304572,744,False
vol_ratio_5_20,4h,2025-08,-0.00844823,-0.00844823,744,False
vol_ratio_5_20,4h,2025-09,0.00045524,0.00045524,720,True
vol_ratio_5_20,4h,2025-10,-0.00134087,-0.00134087,744,False
vol_ratio_5_20,4h,2025-11,-0.00821121,-0.00821121,720,False
vol_ratio_5_20,4h,2025-12,-0.01421722,-0.01421722,744,False
vol_ratio_5_20,4h,2026-01,-0.00755434,-0.00755434,744,False
vol_ratio_5_20,4h,2026-02,-0.01096202,-0.01096202,672,False
vol_ratio_5_20,4h,2026-03,0.00608904,0.00608904,744,True
vol_ratio_5_20,4h,2026-04,-0.00113084,-0.00113084,720,False
vol_ratio_5_20,4h,2026-05,-0.00633818,-0.00633818,744,False
vol_ratio_5_20,4h,2026-06,-0.01211768,-0.01211768,285,False
vol_ratio_5_20,72h,2024-06,-0.01093911,-0.01093911,699,False
vol_ratio_5_20,72h,2024-07,-0.00619607,-0.00619607,744,False
vol_ratio_5_20,72h,2024-08,-0.00408566,-0.00408566,744,False
vol_ratio_5_20,72h,2024-09,0.00533381,0.00533381,720,True
vol_ratio_5_20,72h,2024-10,0.00012372,0.00012372,744,True
vol_ratio_5_20,72h,2024-11,-0.00113105,-0.00113105,720,True
vol_ratio_5_20,72h,2024-12,-0.01104676,-0.01104676,744,False
vol_ratio_5_20,72h,2025-01,0.00673823,0.00673823,744,True
vol_ratio_5_20,72h,2025-02,-0.01295517,-0.01295517,672,False
vol_ratio_5_20,72h,2025-03,1.57e-06,1.57e-06,744,True
vol_ratio_5_20,72h,2025-04,-0.00265654,-0.00265654,720,False
vol_ratio_5_20,72h,2025-05,0.00987226,0.00987226,744,True
vol_ratio_5_20,72h,2025-06,-0.00702033,-0.00702033,720,False
vol_ratio_5_20,72h,2025-07,-0.0023358,-0.0023358,744,False
vol_ratio_5_20,72h,2025-08,0.00165744,0.00165744,744,False
vol_ratio_5_20,72h,2025-09,0.00227559,0.00227559,720,False
vol_ratio_5_20,72h,2025-10,0.00125002,0.00125002,744,False
vol_ratio_5_20,72h,2025-11,-0.00506921,-0.00506921,720,False
vol_ratio_5_20,72h,2025-12,0.01008871,0.01008871,744,True
vol_ratio_5_20,72h,2026-01,0.00356995,0.00356995,744,True
vol_ratio_5_20,72h,2026-02,0.00198098,0.00198098,672,True
vol_ratio_5_20,72h,2026-03,0.00402345,0.00402345,744,True
vol_ratio_5_20,72h,2026-04,0.00034671,0.00034671,720,True
vol_ratio_5_20,72h,2026-05,0.00347555,0.00347555,744,True
vol_ratio_5_20,72h,2026-06,-0.00696123,-0.00696123,217,False
vol_ret_corr_20h,1h,2024-06,-0.00816869,-0.00816869,699,False
vol_ret_corr_20h,1h,2024-07,-0.01909731,-0.01909731,744,False
vol_ret_corr_20h,1h,2024-08,-0.03132036,-0.03132036,744,False
vol_ret_corr_20h,1h,2024-09,-0.02196447,-0.02196447,720,False
vol_ret_corr_20h,1h,2024-10,-0.02278381,-0.02278381,743,False
vol_ret_corr_20h,1h,2024-11,-0.02665328,-0.02665328,720,False
vol_ret_corr_20h,1h,2024-12,-0.02588384,-0.02588384,744,False
vol_ret_corr_20h,1h,2025-01,-0.030517,-0.030517,744,False
vol_ret_corr_20h,1h,2025-02,-0.02064581,-0.02064581,672,False
vol_ret_corr_20h,1h,2025-03,-0.02077933,-0.02077933,744,False
vol_ret_corr_20h,1h,2025-04,-0.0123558,-0.0123558,720,False
vol_ret_corr_20h,1h,2025-05,-0.02641806,-0.02641806,744,False
vol_ret_corr_20h,1h,2025-06,-0.02179782,-0.02179782,720,False
vol_ret_corr_20h,1h,2025-07,-0.02059919,-0.02059919,744,False
vol_ret_corr_20h,1h,2025-08,-0.01810041,-0.01810041,744,False
vol_ret_corr_20h,1h,2025-09,-0.01918609,-0.01918609,720,False
vol_ret_corr_20h,1h,2025-10,-0.02022228,-0.02022228,744,False
vol_ret_corr_20h,1h,2025-11,-0.02449189,-0.02449189,720,False
vol_ret_corr_20h,1h,2025-12,-0.02718835,-0.02718835,744,False
vol_ret_corr_20h,1h,2026-01,-0.02951169,-0.02951169,744,False
vol_ret_corr_20h,1h,2026-02,-0.01636256,-0.01636256,672,False
vol_ret_corr_20h,1h,2026-03,-0.0107511,-0.0107511,744,False
vol_ret_corr_20h,1h,2026-04,-0.01561259,-0.01561259,720,False
vol_ret_corr_20h,1h,2026-05,-0.01861803,-0.01861803,744,False
vol_ret_corr_20h,1h,2026-06,-0.00938656,-0.00938656,288,False
vol_ret_corr_20h,24h,2024-06,0.00589566,0.00589566,699,True
vol_ret_corr_20h,24h,2024-07,-0.04255703,-0.04255703,744,False
vol_ret_corr_20h,24h,2024-08,-0.05332444,-0.05332444,744,False
vol_ret_corr_20h,24h,2024-09,-0.03005238,-0.03005238,720,False
vol_ret_corr_20h,24h,2024-10,-0.03776151,-0.03776151,744,False
vol_ret_corr_20h,24h,2024-11,-0.05428017,-0.05428017,720,False
vol_ret_corr_20h,24h,2024-12,-0.0272053,-0.0272053,744,False
vol_ret_corr_20h,24h,2025-01,-0.02812669,-0.02812669,744,False
vol_ret_corr_20h,24h,2025-02,-0.030893,-0.030893,672,False
vol_ret_corr_20h,24h,2025-03,-0.04257329,-0.04257329,744,False
vol_ret_corr_20h,24h,2025-04,-0.02764772,-0.02764772,720,False
vol_ret_corr_20h,24h,2025-05,-0.05789849,-0.05789849,744,False
vol_ret_corr_20h,24h,2025-06,-0.05350849,-0.05350849,720,False
vol_ret_corr_20h,24h,2025-07,-0.05403456,-0.05403456,744,False
vol_ret_corr_20h,24h,2025-08,-0.0418256,-0.0418256,744,False
vol_ret_corr_20h,24h,2025-09,-0.02810542,-0.02810542,720,False
vol_ret_corr_20h,24h,2025-10,-0.03975034,-0.03975034,744,False
vol_ret_corr_20h,24h,2025-11,-0.04567788,-0.04567788,720,False
vol_ret_corr_20h,24h,2025-12,-0.04966718,-0.04966718,744,False
vol_ret_corr_20h,24h,2026-01,-0.04428205,-0.04428205,744,False
vol_ret_corr_20h,24h,2026-02,-0.03984022,-0.03984022,672,False
vol_ret_corr_20h,24h,2026-03,-0.01529393,-0.01529393,744,False
vol_ret_corr_20h,24h,2026-04,-0.06095828,-0.06095828,720,False
vol_ret_corr_20h,24h,2026-05,-0.02084969,-0.02084969,744,False
vol_ret_corr_20h,24h,2026-06,0.01293109,0.01293109,265,True
vol_ret_corr_20h,4h,2024-06,-0.00784595,-0.00784595,699,False
vol_ret_corr_20h,4h,2024-07,-0.02795192,-0.02795192,744,False
vol_ret_corr_20h,4h,2024-08,-0.04043223,-0.04043223,744,False
vol_ret_corr_20h,4h,2024-09,-0.02560079,-0.02560079,720,False
vol_ret_corr_20h,4h,2024-10,-0.03128388,-0.03128388,744,False
vol_ret_corr_20h,4h,2024-11,-0.03751073,-0.03751073,720,False
vol_ret_corr_20h,4h,2024-12,-0.03519791,-0.03519791,744,False
vol_ret_corr_20h,4h,2025-01,-0.04264434,-0.04264434,744,False
vol_ret_corr_20h,4h,2025-02,-0.02541999,-0.02541999,672,False
vol_ret_corr_20h,4h,2025-03,-0.03274083,-0.03274083,744,False
vol_ret_corr_20h,4h,2025-04,-0.01249183,-0.01249183,720,False
vol_ret_corr_20h,4h,2025-05,-0.04266043,-0.04266043,744,False
vol_ret_corr_20h,4h,2025-06,-0.03507901,-0.03507901,720,False
vol_ret_corr_20h,4h,2025-07,-0.03327489,-0.03327489,744,False
vol_ret_corr_20h,4h,2025-08,-0.02209748,-0.02209748,744,False
vol_ret_corr_20h,4h,2025-09,-0.02749,-0.02749,720,False
vol_ret_corr_20h,4h,2025-10,-0.02919262,-0.02919262,744,False
vol_ret_corr_20h,4h,2025-11,-0.03773066,-0.03773066,720,False
vol_ret_corr_20h,4h,2025-12,-0.04657947,-0.04657947,744,False
vol_ret_corr_20h,4h,2026-01,-0.03739412,-0.03739412,744,False
vol_ret_corr_20h,4h,2026-02,-0.02501931,-0.02501931,672,False
vol_ret_corr_20h,4h,2026-03,-0.01851992,-0.01851992,744,False
vol_ret_corr_20h,4h,2026-04,-0.03413597,-0.03413597,720,False
vol_ret_corr_20h,4h,2026-05,-0.03077661,-0.03077661,744,False
vol_ret_corr_20h,4h,2026-06,-0.00657879,-0.00657879,285,False
vol_ret_corr_20h,72h,2024-06,-0.00557315,-0.00557315,699,False
vol_ret_corr_20h,72h,2024-07,-0.0659458,-0.0659458,744,False
vol_ret_corr_20h,72h,2024-08,-0.06438882,-0.06438882,744,False
vol_ret_corr_20h,72h,2024-09,-0.02921719,-0.02921719,720,False
vol_ret_corr_20h,72h,2024-10,-0.05659552,-0.05659552,744,False
vol_ret_corr_20h,72h,2024-11,-0.03382372,-0.03382372,720,False
vol_ret_corr_20h,72h,2024-12,-0.01076688,-0.01076688,744,True
vol_ret_corr_20h,72h,2025-01,-0.04459804,-0.04459804,744,False
vol_ret_corr_20h,72h,2025-02,-0.0493791,-0.0493791,672,False
vol_ret_corr_20h,72h,2025-03,-0.03186848,-0.03186848,744,False
vol_ret_corr_20h,72h,2025-04,-0.00859518,-0.00859518,720,False
vol_ret_corr_20h,72h,2025-05,-0.0345322,-0.0345322,744,False
vol_ret_corr_20h,72h,2025-06,-0.0440951,-0.0440951,720,False
vol_ret_corr_20h,72h,2025-07,-0.04061892,-0.04061892,744,False
vol_ret_corr_20h,72h,2025-08,-0.04968645,-0.04968645,744,False
vol_ret_corr_20h,72h,2025-09,-0.0006293,-0.0006293,720,True
vol_ret_corr_20h,72h,2025-10,-0.01938067,-0.01938067,744,False
vol_ret_corr_20h,72h,2025-11,-0.04879328,-0.04879328,720,False
vol_ret_corr_20h,72h,2025-12,-0.05601115,-0.05601115,744,False
vol_ret_corr_20h,72h,2026-01,-0.0150031,-0.0150031,744,False
vol_ret_corr_20h,72h,2026-02,-0.02413611,-0.02413611,672,False
vol_ret_corr_20h,72h,2026-03,-0.02475049,-0.02475049,744,False
vol_ret_corr_20h,72h,2026-04,-0.03757226,-0.03757226,720,False
vol_ret_corr_20h,72h,2026-05,-0.01806074,-0.01806074,744,False
vol_ret_corr_20h,72h,2026-06,-0.02999375,-0.02999375,217,False
vol_zscore_20h,1h,2024-06,0.01087007,0.01087007,700,True
vol_zscore_20h,1h,2024-07,0.00209397,0.00209397,744,True
vol_zscore_20h,1h,2024-08,-0.00965428,-0.00965428,744,False
vol_zscore_20h,1h,2024-09,-0.01684502,-0.01684502,720,False
vol_zscore_20h,1h,2024-10,-0.0101509,-0.0101509,743,False
vol_zscore_20h,1h,2024-11,-0.0138261,-0.0138261,720,False
vol_zscore_20h,1h,2024-12,-0.00967738,-0.00967738,744,False
vol_zscore_20h,1h,2025-01,-0.010719,-0.010719,744,False
vol_zscore_20h,1h,2025-02,-0.01009237,-0.01009237,672,False
vol_zscore_20h,1h,2025-03,0.00044949,0.00044949,744,True
vol_zscore_20h,1h,2025-04,-0.00996194,-0.00996194,720,False
vol_zscore_20h,1h,2025-05,-0.00601518,-0.00601518,744,False
vol_zscore_20h,1h,2025-06,-0.00473206,-0.00473206,720,False
vol_zscore_20h,1h,2025-07,-0.01382857,-0.01382857,744,False
vol_zscore_20h,1h,2025-08,-0.00552378,-0.00552378,744,False
vol_zscore_20h,1h,2025-09,-0.00028214,-0.00028214,720,True
vol_zscore_20h,1h,2025-10,-0.00656823,-0.00656823,744,False
vol_zscore_20h,1h,2025-11,-0.00811832,-0.00811832,720,False
vol_zscore_20h,1h,2025-12,-0.01314744,-0.01314744,744,False
vol_zscore_20h,1h,2026-01,-0.00520559,-0.00520559,744,False
vol_zscore_20h,1h,2026-02,-0.00235474,-0.00235474,672,False
vol_zscore_20h,1h,2026-03,0.00330103,0.00330103,744,True
vol_zscore_20h,1h,2026-04,-0.00153313,-0.00153313,720,False
vol_zscore_20h,1h,2026-05,-0.00762991,-0.00762991,744,False
vol_zscore_20h,1h,2026-06,-0.01150649,-0.01150649,288,False
vol_zscore_20h,24h,2024-06,-0.00863333,-0.00863333,700,False
vol_zscore_20h,24h,2024-07,-0.00284535,-0.00284535,744,False
vol_zscore_20h,24h,2024-08,-0.00832317,-0.00832317,744,False
vol_zscore_20h,24h,2024-09,0.00742348,0.00742348,720,True
vol_zscore_20h,24h,2024-10,0.0099234,0.0099234,744,True
vol_zscore_20h,24h,2024-11,-0.0095656,-0.0095656,720,False
vol_zscore_20h,24h,2024-12,-0.00238819,-0.00238819,744,False
vol_zscore_20h,24h,2025-01,0.00411181,0.00411181,744,True
vol_zscore_20h,24h,2025-02,-0.00713137,-0.00713137,672,False
vol_zscore_20h,24h,2025-03,-0.00180523,-0.00180523,744,False
vol_zscore_20h,24h,2025-04,0.00047934,0.00047934,720,True
vol_zscore_20h,24h,2025-05,-0.01489212,-0.01489212,744,False
vol_zscore_20h,24h,2025-06,0.00489009,0.00489009,720,True
vol_zscore_20h,24h,2025-07,0.00540156,0.00540156,744,False
vol_zscore_20h,24h,2025-08,0.01446454,0.01446454,744,True
vol_zscore_20h,24h,2025-09,0.0087461,0.0087461,720,True
vol_zscore_20h,24h,2025-10,-0.0012767,-0.0012767,744,False
vol_zscore_20h,24h,2025-11,-0.00482817,-0.00482817,720,False
vol_zscore_20h,24h,2025-12,-0.01177735,-0.01177735,744,False
vol_zscore_20h,24h,2026-01,-0.01078599,-0.01078599,744,False
vol_zscore_20h,24h,2026-02,-0.00879424,-0.00879424,672,False
vol_zscore_20h,24h,2026-03,0.01178499,0.01178499,744,True
vol_zscore_20h,24h,2026-04,-0.00587308,-0.00587308,720,False
vol_zscore_20h,24h,2026-05,-0.00686057,-0.00686057,744,False
vol_zscore_20h,24h,2026-06,0.00977762,0.00977762,265,True
vol_zscore_20h,4h,2024-06,0.01454154,0.01454154,700,True
vol_zscore_20h,4h,2024-07,-0.00622049,-0.00622049,744,False
vol_zscore_20h,4h,2024-08,-0.01793779,-0.01793779,744,False
vol_zscore_20h,4h,2024-09,-0.01354786,-0.01354786,720,False
vol_zscore_20h,4h,2024-10,-0.00121454,-0.00121454,744,False
vol_zscore_20h,4h,2024-11,-0.01044808,-0.01044808,720,False
vol_zscore_20h,4h,2024-12,-0.00677244,-0.00677244,744,True
vol_zscore_20h,4h,2025-01,-0.00998924,-0.00998924,744,False
vol_zscore_20h,4h,2025-02,-0.00929611,-0.00929611,672,False
vol_zscore_20h,4h,2025-03,-0.00383115,-0.00383115,744,False
vol_zscore_20h,4h,2025-04,-0.01101357,-0.01101357,720,False
vol_zscore_20h,4h,2025-05,-0.0056113,-0.0056113,744,False
vol_zscore_20h,4h,2025-06,-0.00486738,-0.00486738,720,False
vol_zscore_20h,4h,2025-07,-0.01366024,-0.01366024,744,False
vol_zscore_20h,4h,2025-08,-0.00060223,-0.00060223,744,True
vol_zscore_20h,4h,2025-09,0.00146295,0.00146295,720,False
vol_zscore_20h,4h,2025-10,-0.00913099,-0.00913099,744,False
vol_zscore_20h,4h,2025-11,-0.00977916,-0.00977916,720,False
vol_zscore_20h,4h,2025-12,-0.01902106,-0.01902106,744,False
vol_zscore_20h,4h,2026-01,-0.00417609,-0.00417609,744,False
vol_zscore_20h,4h,2026-02,-0.01004743,-0.01004743,672,False
vol_zscore_20h,4h,2026-03,-0.00235754,-0.00235754,744,False
vol_zscore_20h,4h,2026-04,-0.0042745,-0.0042745,720,False
vol_zscore_20h,4h,2026-05,-0.01296477,-0.01296477,744,False
vol_zscore_20h,4h,2026-06,-0.00542896,-0.00542896,285,False
vol_zscore_20h,72h,2024-06,0.0018675,0.0018675,700,False
vol_zscore_20h,72h,2024-07,0.00366199,0.00366199,744,False
vol_zscore_20h,72h,2024-08,0.00010007,0.00010007,744,True
vol_zscore_20h,72h,2024-09,0.00398081,0.00398081,720,True
vol_zscore_20h,72h,2024-10,0.00538518,0.00538518,744,True
vol_zscore_20h,72h,2024-11,0.00709811,0.00709811,720,True
vol_zscore_20h,72h,2024-12,-0.00567853,-0.00567853,744,False
vol_zscore_20h,72h,2025-01,0.00616105,0.00616105,744,True
vol_zscore_20h,72h,2025-02,-0.00334784,-0.00334784,672,False
vol_zscore_20h,72h,2025-03,-0.00626945,-0.00626945,744,False
vol_zscore_20h,72h,2025-04,-0.00127099,-0.00127099,720,False
vol_zscore_20h,72h,2025-05,0.004744,0.004744,744,True
vol_zscore_20h,72h,2025-06,0.00131969,0.00131969,720,True
vol_zscore_20h,72h,2025-07,0.00277007,0.00277007,744,True
vol_zscore_20h,72h,2025-08,0.00743477,0.00743477,744,True
vol_zscore_20h,72h,2025-09,0.00447844,0.00447844,720,True
vol_zscore_20h,72h,2025-10,-0.00387795,-0.00387795,744,False
vol_zscore_20h,72h,2025-11,-0.00439057,-0.00439057,720,False
vol_zscore_20h,72h,2025-12,-0.00958821,-0.00958821,744,False
vol_zscore_20h,72h,2026-01,-0.00163652,-0.00163652,744,True
vol_zscore_20h,72h,2026-02,-0.00333996,-0.00333996,672,False
vol_zscore_20h,72h,2026-03,0.00494209,0.00494209,744,True
vol_zscore_20h,72h,2026-04,-0.00301528,-0.00301528,720,False
vol_zscore_20h,72h,2026-05,0.00709771,0.00709771,744,True
vol_zscore_20h,72h,2026-06,-0.00259495,-0.00259495,217,True
vol_zscore_48h,1h,2024-06,0.00717645,0.00717645,672,True
vol_zscore_48h,1h,2024-07,0.00071907,0.00071907,744,True
vol_zscore_48h,1h,2024-08,-0.01529985,-0.01529985,744,False
vol_zscore_48h,1h,2024-09,-0.01377128,-0.01377128,720,False
vol_zscore_48h,1h,2024-10,-0.01110677,-0.01110677,743,False
vol_zscore_48h,1h,2024-11,-0.01666669,-0.01666669,720,False
vol_zscore_48h,1h,2024-12,-0.01241149,-0.01241149,744,False
vol_zscore_48h,1h,2025-01,-0.01103977,-0.01103977,744,False
vol_zscore_48h,1h,2025-02,-0.01344332,-0.01344332,672,False
vol_zscore_48h,1h,2025-03,-0.00395418,-0.00395418,744,False
vol_zscore_48h,1h,2025-04,-0.00751071,-0.00751071,720,False
vol_zscore_48h,1h,2025-05,-0.00590906,-0.00590906,744,False
vol_zscore_48h,1h,2025-06,-0.00123403,-0.00123403,720,True
vol_zscore_48h,1h,2025-07,-0.01229076,-0.01229076,744,False
vol_zscore_48h,1h,2025-08,-0.0066837,-0.0066837,744,False
vol_zscore_48h,1h,2025-09,0.00128844,0.00128844,720,False
vol_zscore_48h,1h,2025-10,-0.00657569,-0.00657569,744,False
vol_zscore_48h,1h,2025-11,-0.00912259,-0.00912259,720,False
vol_zscore_48h,1h,2025-12,-0.01403023,-0.01403023,744,False
vol_zscore_48h,1h,2026-01,-0.00702537,-0.00702537,744,False
vol_zscore_48h,1h,2026-02,-0.00391025,-0.00391025,672,False
vol_zscore_48h,1h,2026-03,0.00682781,0.00682781,744,True
vol_zscore_48h,1h,2026-04,-0.00566619,-0.00566619,720,False
vol_zscore_48h,1h,2026-05,-0.00655133,-0.00655133,744,False
vol_zscore_48h,1h,2026-06,-0.00378855,-0.00378855,288,False
vol_zscore_48h,24h,2024-06,-0.00815894,-0.00815894,672,False
vol_zscore_48h,24h,2024-07,0.00577236,0.00577236,744,True
vol_zscore_48h,24h,2024-08,-0.00096408,-0.00096408,744,False
vol_zscore_48h,24h,2024-09,0.01113231,0.01113231,720,True
vol_zscore_48h,24h,2024-10,-0.00122084,-0.00122084,744,False
vol_zscore_48h,24h,2024-11,-0.01595945,-0.01595945,720,False
vol_zscore_48h,24h,2024-12,-0.0091589,-0.0091589,744,False
vol_zscore_48h,24h,2025-01,0.00613869,0.00613869,744,True
vol_zscore_48h,24h,2025-02,-0.01960289,-0.01960289,672,False
vol_zscore_48h,24h,2025-03,-0.00828594,-0.00828594,744,False
vol_zscore_48h,24h,2025-04,-0.00255273,-0.00255273,720,False
vol_zscore_48h,24h,2025-05,-0.01266583,-0.01266583,744,False
vol_zscore_48h,24h,2025-06,0.00079845,0.00079845,720,False
vol_zscore_48h,24h,2025-07,0.00084707,0.00084707,744,False
vol_zscore_48h,24h,2025-08,0.00819375,0.00819375,744,True
vol_zscore_48h,24h,2025-09,0.00790069,0.00790069,720,True
vol_zscore_48h,24h,2025-10,-0.01086955,-0.01086955,744,False
vol_zscore_48h,24h,2025-11,-0.02315222,-0.02315222,720,False
vol_zscore_48h,24h,2025-12,-0.0262913,-0.0262913,744,False
vol_zscore_48h,24h,2026-01,-0.01370097,-0.01370097,744,False
vol_zscore_48h,24h,2026-02,-0.01601739,-0.01601739,672,False
vol_zscore_48h,24h,2026-03,0.01840599,0.01840599,744,True
vol_zscore_48h,24h,2026-04,-0.01677013,-0.01677013,720,False
vol_zscore_48h,24h,2026-05,-0.0015333,-0.0015333,744,False
vol_zscore_48h,24h,2026-06,0.0106948,0.0106948,265,True
vol_zscore_48h,4h,2024-06,0.01150706,0.01150706,672,True
vol_zscore_48h,4h,2024-07,-0.00587616,-0.00587616,744,False
vol_zscore_48h,4h,2024-08,-0.01959988,-0.01959988,744,False
vol_zscore_48h,4h,2024-09,-0.00420544,-0.00420544,720,True
vol_zscore_48h,4h,2024-10,-0.00390188,-0.00390188,744,True
vol_zscore_48h,4h,2024-11,-0.01616558,-0.01616558,720,False
vol_zscore_48h,4h,2024-12,-0.01300966,-0.01300966,744,False
vol_zscore_48h,4h,2025-01,-0.01001837,-0.01001837,744,False
vol_zscore_48h,4h,2025-02,-0.01461051,-0.01461051,672,False
vol_zscore_48h,4h,2025-03,-0.01315008,-0.01315008,744,False
vol_zscore_48h,4h,2025-04,-0.00670817,-0.00670817,720,False
vol_zscore_48h,4h,2025-05,-0.01194753,-0.01194753,744,False
vol_zscore_48h,4h,2025-06,-0.00066257,-0.00066257,720,False
vol_zscore_48h,4h,2025-07,-0.01191318,-0.01191318,744,False
vol_zscore_48h,4h,2025-08,-0.00383688,-0.00383688,744,False
vol_zscore_48h,4h,2025-09,0.00408956,0.00408956,720,True
vol_zscore_48h,4h,2025-10,-0.01281453,-0.01281453,744,False
vol_zscore_48h,4h,2025-11,-0.01280517,-0.01280517,720,False
vol_zscore_48h,4h,2025-12,-0.02522486,-0.02522486,744,False
vol_zscore_48h,4h,2026-01,-0.00936605,-0.00936605,744,False
vol_zscore_48h,4h,2026-02,-0.01408423,-0.01408423,672,False
vol_zscore_48h,4h,2026-03,-0.0006325,-0.0006325,744,False
vol_zscore_48h,4h,2026-04,-0.00975344,-0.00975344,720,False
vol_zscore_48h,4h,2026-05,-0.01220166,-0.01220166,744,False
vol_zscore_48h,4h,2026-06,0.00326865,0.00326865,285,True
vol_zscore_48h,72h,2024-06,0.01560269,0.01560269,672,True
vol_zscore_48h,72h,2024-07,0.00747052,0.00747052,744,True
vol_zscore_48h,72h,2024-08,-0.00172636,-0.00172636,744,True
vol_zscore_48h,72h,2024-09,-0.00105554,-0.00105554,720,False
vol_zscore_48h,72h,2024-10,-0.00072963,-0.00072963,744,False
vol_zscore_48h,72h,2024-11,0.00462578,0.00462578,720,True
vol_zscore_48h,72h,2024-12,-0.01320283,-0.01320283,744,False
vol_zscore_48h,72h,2025-01,0.00101964,0.00101964,744,False
vol_zscore_48h,72h,2025-02,-0.00494526,-0.00494526,672,False
vol_zscore_48h,72h,2025-03,-0.01614535,-0.01614535,744,False
vol_zscore_48h,72h,2025-04,0.00386479,0.00386479,720,True
vol_zscore_48h,72h,2025-05,0.00876772,0.00876772,744,True
vol_zscore_48h,72h,2025-06,0.00538923,0.00538923,720,True
vol_zscore_48h,72h,2025-07,0.00139038,0.00139038,744,True
vol_zscore_48h,72h,2025-08,0.00285415,0.00285415,744,False
vol_zscore_48h,72h,2025-09,0.0009946,0.0009946,720,True
vol_zscore_48h,72h,2025-10,-0.01252494,-0.01252494,744,False
vol_zscore_48h,72h,2025-11,-0.01337363,-0.01337363,720,False
vol_zscore_48h,72h,2025-12,-0.02189134,-0.02189134,744,False
vol_zscore_48h,72h,2026-01,0.00602853,0.00602853,744,True
vol_zscore_48h,72h,2026-02,-0.00497653,-0.00497653,672,False
vol_zscore_48h,72h,2026-03,0.00732231,0.00732231,744,True
vol_zscore_48h,72h,2026-04,-0.01219163,-0.01219163,720,False
vol_zscore_48h,72h,2026-05,0.01643027,0.01643027,744,True
vol_zscore_48h,72h,2026-06,-0.00962572,-0.00962572,217,False
volatility_20h,1h,2024-06,-0.05880784,0.05880784,699,True
volatility_20h,1h,2024-07,-0.0467096,0.0467096,744,True
volatility_20h,1h,2024-08,-0.05163734,0.05163734,744,True
volatility_20h,1h,2024-09,-0.03245163,0.03245163,720,True
volatility_20h,1h,2024-10,-0.04290573,0.04290573,743,True
volatility_20h,1h,2024-11,-0.04201596,0.04201596,720,True
volatility_20h,1h,2024-12,-0.04309344,0.04309344,744,True
volatility_20h,1h,2025-01,-0.07722396,0.07722396,744,True
volatility_20h,1h,2025-02,-0.03982712,0.03982712,672,True
volatility_20h,1h,2025-03,-0.03856005,0.03856005,744,True
volatility_20h,1h,2025-04,-0.02341558,0.02341558,720,True
volatility_20h,1h,2025-05,-0.03956291,0.03956291,744,True
volatility_20h,1h,2025-06,-0.03603466,0.03603466,720,True
volatility_20h,1h,2025-07,-0.03439225,0.03439225,744,True
volatility_20h,1h,2025-08,-0.03501606,0.03501606,744,True
volatility_20h,1h,2025-09,-0.03497381,0.03497381,720,True
volatility_20h,1h,2025-10,-0.03406291,0.03406291,744,True
volatility_20h,1h,2025-11,-0.04386162,0.04386162,720,True
volatility_20h,1h,2025-12,-0.03124932,0.03124932,744,True
volatility_20h,1h,2026-01,-0.03879468,0.03879468,744,True
volatility_20h,1h,2026-02,-0.02206108,0.02206108,672,True
volatility_20h,1h,2026-03,-0.0246413,0.0246413,744,True
volatility_20h,1h,2026-04,-0.03141669,0.03141669,720,True
volatility_20h,1h,2026-05,-0.03377488,0.03377488,744,True
volatility_20h,1h,2026-06,-0.01997073,0.01997073,288,True
volatility_20h,24h,2024-06,-0.15146528,0.15146528,699,True
volatility_20h,24h,2024-07,-0.09393554,0.09393554,744,True
volatility_20h,24h,2024-08,-0.12208547,0.12208547,744,True
volatility_20h,24h,2024-09,-0.02783628,0.02783628,720,True
volatility_20h,24h,2024-10,-0.10565556,0.10565556,744,True
volatility_20h,24h,2024-11,-0.09714861,0.09714861,720,True
volatility_20h,24h,2024-12,-0.09862166,0.09862166,744,True
volatility_20h,24h,2025-01,-0.14453781,0.14453781,744,True
volatility_20h,24h,2025-02,-0.0921139,0.0921139,672,True
volatility_20h,24h,2025-03,-0.10992942,0.10992942,744,True
volatility_20h,24h,2025-04,-0.03585703,0.03585703,720,True
volatility_20h,24h,2025-05,-0.08606475,0.08606475,744,True
volatility_20h,24h,2025-06,-0.07085228,0.07085228,720,True
volatility_20h,24h,2025-07,-0.09374741,0.09374741,744,True
volatility_20h,24h,2025-08,-0.09949357,0.09949357,744,True
volatility_20h,24h,2025-09,-0.06490309,0.06490309,720,True
volatility_20h,24h,2025-10,-0.08479426,0.08479426,744,True
volatility_20h,24h,2025-11,-0.12701974,0.12701974,720,True
volatility_20h,24h,2025-12,-0.0489057,0.0489057,744,True
volatility_20h,24h,2026-01,-0.09948918,0.09948918,744,True
volatility_20h,24h,2026-02,-0.07021181,0.07021181,672,True
volatility_20h,24h,2026-03,-0.07666511,0.07666511,744,True
volatility_20h,24h,2026-04,-0.08038247,0.08038247,720,True
volatility_20h,24h,2026-05,-0.07429487,0.07429487,744,True
volatility_20h,24h,2026-06,-0.03671083,0.03671083,265,True
volatility_20h,4h,2024-06,-0.07735623,0.07735623,699,True
volatility_20h,4h,2024-07,-0.06374563,0.06374563,744,True
volatility_20h,4h,2024-08,-0.072043,0.072043,744,True
volatility_20h,4h,2024-09,-0.03354249,0.03354249,720,True
volatility_20h,4h,2024-10,-0.06164118,0.06164118,744,True
volatility_20h,4h,2024-11,-0.06468906,0.06468906,720,True
volatility_20h,4h,2024-12,-0.07210713,0.07210713,744,True
volatility_20h,4h,2025-01,-0.10263946,0.10263946,744,True
volatility_20h,4h,2025-02,-0.05062402,0.05062402,672,True
volatility_20h,4h,2025-03,-0.06802357,0.06802357,744,True
volatility_20h,4h,2025-04,-0.03382184,0.03382184,720,True
volatility_20h,4h,2025-05,-0.05889338,0.05889338,744,True
volatility_20h,4h,2025-06,-0.05113696,0.05113696,720,True
volatility_20h,4h,2025-07,-0.0562829,0.0562829,744,True
volatility_20h,4h,2025-08,-0.05506247,0.05506247,744,True
volatility_20h,4h,2025-09,-0.04960175,0.04960175,720,True
volatility_20h,4h,2025-10,-0.05062309,0.05062309,744,True
volatility_20h,4h,2025-11,-0.07167929,0.07167929,720,True
volatility_20h,4h,2025-12,-0.04201945,0.04201945,744,True
volatility_20h,4h,2026-01,-0.05833429,0.05833429,744,True
volatility_20h,4h,2026-02,-0.03649688,0.03649688,672,True
volatility_20h,4h,2026-03,-0.04723819,0.04723819,744,True
volatility_20h,4h,2026-04,-0.05416011,0.05416011,720,True
volatility_20h,4h,2026-05,-0.05425708,0.05425708,744,True
volatility_20h,4h,2026-06,-0.02434724,0.02434724,285,True
volatility_20h,72h,2024-06,-0.18822132,0.18822132,699,True
volatility_20h,72h,2024-07,-0.1205764,0.1205764,744,True
volatility_20h,72h,2024-08,-0.13992166,0.13992166,744,True
volatility_20h,72h,2024-09,0.01203849,-0.01203849,720,False
volatility_20h,72h,2024-10,-0.12205178,0.12205178,744,True
volatility_20h,72h,2024-11,-0.06191473,0.06191473,720,True
volatility_20h,72h,2024-12,-0.10697264,0.10697264,744,True
volatility_20h,72h,2025-01,-0.21350216,0.21350216,744,True
volatility_20h,72h,2025-02,-0.08314195,0.08314195,672,True
volatility_20h,72h,2025-03,-0.15203403,0.15203403,744,True
volatility_20h,72h,2025-04,-0.00819466,0.00819466,720,True
volatility_20h,72h,2025-05,-0.10037123,0.10037123,744,True
volatility_20h,72h,2025-06,-0.11252558,0.11252558,720,True
volatility_20h,72h,2025-07,-0.10852382,0.10852382,744,True
volatility_20h,72h,2025-08,-0.12554755,0.12554755,744,True
volatility_20h,72h,2025-09,-0.04482923,0.04482923,720,True
volatility_20h,72h,2025-10,-0.0900043,0.0900043,744,True
volatility_20h,72h,2025-11,-0.13770456,0.13770456,720,True
volatility_20h,72h,2025-12,-0.05613749,0.05613749,744,True
volatility_20h,72h,2026-01,-0.13287272,0.13287272,744,True
volatility_20h,72h,2026-02,-0.06958908,0.06958908,672,True
volatility_20h,72h,2026-03,-0.07996088,0.07996088,744,True
volatility_20h,72h,2026-04,-0.07021327,0.07021327,720,True
volatility_20h,72h,2026-05,-0.09025583,0.09025583,744,True
volatility_20h,72h,2026-06,-0.06672451,0.06672451,217,True
vwap_dev_20h,1h,2024-06,-0.0013718,-0.0013718,700,False
vwap_dev_20h,1h,2024-07,-0.01779404,-0.01779404,744,False
vwap_dev_20h,1h,2024-08,-0.03054245,-0.03054245,744,False
vwap_dev_20h,1h,2024-09,-0.03252034,-0.03252034,720,False
vwap_dev_20h,1h,2024-10,-0.04171963,-0.04171963,743,False
vwap_dev_20h,1h,2024-11,-0.03269376,-0.03269376,720,False
vwap_dev_20h,1h,2024-12,-0.04648202,-0.04648202,744,False
vwap_dev_20h,1h,2025-01,-0.00734693,-0.00734693,744,False
vwap_dev_20h,1h,2025-02,-0.00796334,-0.00796334,672,True
vwap_dev_20h,1h,2025-03,-0.02027074,-0.02027074,744,False
vwap_dev_20h,1h,2025-04,-0.03236665,-0.03236665,720,False
vwap_dev_20h,1h,2025-05,-0.01804455,-0.01804455,744,False
vwap_dev_20h,1h,2025-06,-0.02913964,-0.02913964,720,False
vwap_dev_20h,1h,2025-07,-0.03617967,-0.03617967,744,False
vwap_dev_20h,1h,2025-08,-0.0293865,-0.0293865,744,False
vwap_dev_20h,1h,2025-09,-0.02581476,-0.02581476,720,False
vwap_dev_20h,1h,2025-10,-0.03311799,-0.03311799,744,False
vwap_dev_20h,1h,2025-11,-0.02888485,-0.02888485,720,False
vwap_dev_20h,1h,2025-12,-0.03465572,-0.03465572,744,False
vwap_dev_20h,1h,2026-01,-0.0305865,-0.0305865,744,False
vwap_dev_20h,1h,2026-02,-0.02181837,-0.02181837,672,False
vwap_dev_20h,1h,2026-03,-0.01971562,-0.01971562,744,False
vwap_dev_20h,1h,2026-04,-0.02161099,-0.02161099,720,False
vwap_dev_20h,1h,2026-05,-0.03019798,-0.03019798,744,False
vwap_dev_20h,1h,2026-06,-0.02849348,-0.02849348,288,False
vwap_dev_20h,24h,2024-06,0.01212639,0.01212639,700,True
vwap_dev_20h,24h,2024-07,-0.00358342,-0.00358342,744,True
vwap_dev_20h,24h,2024-08,0.00989771,0.00989771,744,True
vwap_dev_20h,24h,2024-09,-0.00439816,-0.00439816,720,False
vwap_dev_20h,24h,2024-10,-0.03585114,-0.03585114,744,False
vwap_dev_20h,24h,2024-11,-0.02226844,-0.02226844,720,False
vwap_dev_20h,24h,2024-12,-0.04066992,-0.04066992,744,False
vwap_dev_20h,24h,2025-01,0.01052436,0.01052436,744,True
vwap_dev_20h,24h,2025-02,-0.00716533,-0.00716533,672,True
vwap_dev_20h,24h,2025-03,0.00372074,0.00372074,744,True
vwap_dev_20h,24h,2025-04,-0.01728638,-0.01728638,720,False
vwap_dev_20h,24h,2025-05,-0.03930131,-0.03930131,744,False
vwap_dev_20h,24h,2025-06,-0.01588858,-0.01588858,720,False
vwap_dev_20h,24h,2025-07,-0.01390329,-0.01390329,744,False
vwap_dev_20h,24h,2025-08,0.01040661,0.01040661,744,True
vwap_dev_20h,24h,2025-09,-0.02053047,-0.02053047,720,False
vwap_dev_20h,24h,2025-10,-0.03581447,-0.03581447,744,False
vwap_dev_20h,24h,2025-11,-0.01862869,-0.01862869,720,False
vwap_dev_20h,24h,2025-12,-0.03989827,-0.03989827,744,False
vwap_dev_20h,24h,2026-01,-0.01981907,-0.01981907,744,False
vwap_dev_20h,24h,2026-02,-0.04587939,-0.04587939,672,False
vwap_dev_20h,24h,2026-03,-0.02731273,-0.02731273,744,False
vwap_dev_20h,24h,2026-04,-0.0584422,-0.0584422,720,False
vwap_dev_20h,24h,2026-05,-0.01795135,-0.01795135,744,False
vwap_dev_20h,24h,2026-06,0.03088873,0.03088873,265,True
vwap_dev_20h,4h,2024-06,-0.00173333,-0.00173333,700,True
vwap_dev_20h,4h,2024-07,-0.03162868,-0.03162868,744,False
vwap_dev_20h,4h,2024-08,-0.03727446,-0.03727446,744,False
vwap_dev_20h,4h,2024-09,-0.01091633,-0.01091633,720,False
vwap_dev_20h,4h,2024-10,-0.04135555,-0.04135555,744,False
vwap_dev_20h,4h,2024-11,-0.02418986,-0.02418986,720,False
vwap_dev_20h,4h,2024-12,-0.03681616,-0.03681616,744,False
vwap_dev_20h,4h,2025-01,-0.00788362,-0.00788362,744,False
vwap_dev_20h,4h,2025-02,-0.0032053,-0.0032053,672,False
vwap_dev_20h,4h,2025-03,-0.02687068,-0.02687068,744,False
vwap_dev_20h,4h,2025-04,-0.02951609,-0.02951609,720,False
vwap_dev_20h,4h,2025-05,-0.01458739,-0.01458739,744,False
vwap_dev_20h,4h,2025-06,-0.04527101,-0.04527101,720,False
vwap_dev_20h,4h,2025-07,-0.03307312,-0.03307312,744,False
vwap_dev_20h,4h,2025-08,-0.01846119,-0.01846119,744,False
vwap_dev_20h,4h,2025-09,-0.0248195,-0.0248195,720,False
vwap_dev_20h,4h,2025-10,-0.04136855,-0.04136855,744,False
vwap_dev_20h,4h,2025-11,-0.03131668,-0.03131668,720,False
vwap_dev_20h,4h,2025-12,-0.04551473,-0.04551473,744,False
vwap_dev_20h,4h,2026-01,-0.02255372,-0.02255372,744,False
vwap_dev_20h,4h,2026-02,-0.02732134,-0.02732134,672,False
vwap_dev_20h,4h,2026-03,-0.02879472,-0.02879472,744,False
vwap_dev_20h,4h,2026-04,-0.02938187,-0.02938187,720,False
vwap_dev_20h,4h,2026-05,-0.04083017,-0.04083017,744,False
vwap_dev_20h,4h,2026-06,-0.01758164,-0.01758164,285,False
vwap_dev_20h,72h,2024-06,0.0606338,0.0606338,700,True
vwap_dev_20h,72h,2024-07,-0.00904326,-0.00904326,744,True
vwap_dev_20h,72h,2024-08,0.03029753,0.03029753,744,True
vwap_dev_20h,72h,2024-09,-0.03190234,-0.03190234,720,False
vwap_dev_20h,72h,2024-10,-0.04717821,-0.04717821,744,False
vwap_dev_20h,72h,2024-11,0.02702597,0.02702597,720,True
vwap_dev_20h,72h,2024-12,-0.0273004,-0.0273004,744,False
vwap_dev_20h,72h,2025-01,0.03839954,0.03839954,744,True
vwap_dev_20h,72h,2025-02,-0.02420462,-0.02420462,672,False
vwap_dev_20h,72h,2025-03,0.00667943,0.00667943,744,True
vwap_dev_20h,72h,2025-04,0.00452542,0.00452542,720,False
vwap_dev_20h,72h,2025-05,-0.01502726,-0.01502726,744,False
vwap_dev_20h,72h,2025-06,-0.05893291,-0.05893291,720,False
vwap_dev_20h,72h,2025-07,-0.00418038,-0.00418038,744,True
vwap_dev_20h,72h,2025-08,-0.02267446,-0.02267446,744,False
vwap_dev_20h,72h,2025-09,0.00291871,0.00291871,720,True
vwap_dev_20h,72h,2025-10,-0.01399887,-0.01399887,744,False
vwap_dev_20h,72h,2025-11,0.01491346,0.01491346,720,True
vwap_dev_20h,72h,2025-12,-0.0219043,-0.0219043,744,False
vwap_dev_20h,72h,2026-01,0.0196237,0.0196237,744,True
vwap_dev_20h,72h,2026-02,-0.01305883,-0.01305883,672,False
vwap_dev_20h,72h,2026-03,-0.00599389,-0.00599389,744,True
vwap_dev_20h,72h,2026-04,-0.01932101,-0.01932101,720,False
vwap_dev_20h,72h,2026-05,0.01284934,0.01284934,744,True
vwap_dev_20h,72h,2026-06,0.01054893,0.01054893,217,True
williams_r_14h,1h,2024-06,-0.00202035,0.00202035,706,True
williams_r_14h,1h,2024-07,0.01348286,-0.01348286,744,False
williams_r_14h,1h,2024-08,0.02602474,-0.02602474,744,False
williams_r_14h,1h,2024-09,0.02782963,-0.02782963,720,False
williams_r_14h,1h,2024-10,0.03191238,-0.03191238,743,False
williams_r_14h,1h,2024-11,0.01501642,-0.01501642,720,False
williams_r_14h,1h,2024-12,0.04289524,-0.04289524,744,False
williams_r_14h,1h,2025-01,0.00920207,-0.00920207,744,False
williams_r_14h,1h,2025-02,-0.00025984,0.00025984,672,True
williams_r_14h,1h,2025-03,0.02045094,-0.02045094,744,False
williams_r_14h,1h,2025-04,0.02490387,-0.02490387,720,False
williams_r_14h,1h,2025-05,0.01988974,-0.01988974,744,False
williams_r_14h,1h,2025-06,0.02349494,-0.02349494,720,False
williams_r_14h,1h,2025-07,0.03732506,-0.03732506,744,False
williams_r_14h,1h,2025-08,0.02701594,-0.02701594,744,False
williams_r_14h,1h,2025-09,0.02477116,-0.02477116,720,False
williams_r_14h,1h,2025-10,0.02469523,-0.02469523,744,False
williams_r_14h,1h,2025-11,0.02129547,-0.02129547,720,False
williams_r_14h,1h,2025-12,0.03256196,-0.03256196,744,False
williams_r_14h,1h,2026-01,0.02765825,-0.02765825,744,False
williams_r_14h,1h,2026-02,0.01885553,-0.01885553,672,False
williams_r_14h,1h,2026-03,0.02277744,-0.02277744,744,False
williams_r_14h,1h,2026-04,0.02538157,-0.02538157,720,False
williams_r_14h,1h,2026-05,0.02914098,-0.02914098,744,False
williams_r_14h,1h,2026-06,0.03217826,-0.03217826,288,False
williams_r_14h,24h,2024-06,-0.01581348,0.01581348,706,True
williams_r_14h,24h,2024-07,0.01431483,-0.01431483,744,False
williams_r_14h,24h,2024-08,-0.01147771,0.01147771,744,True
williams_r_14h,24h,2024-09,-0.00649046,0.00649046,720,True
williams_r_14h,24h,2024-10,0.01916931,-0.01916931,744,False
williams_r_14h,24h,2024-11,0.00563591,-0.00563591,720,True
williams_r_14h,24h,2024-12,0.02160981,-0.02160981,744,False
williams_r_14h,24h,2025-01,-0.02143674,0.02143674,744,True
williams_r_14h,24h,2025-02,-0.01704022,0.01704022,672,True
williams_r_14h,24h,2025-03,-0.00556544,0.00556544,744,False
williams_r_14h,24h,2025-04,0.002352,-0.002352,720,False
williams_r_14h,24h,2025-05,0.03680983,-0.03680983,744,False
williams_r_14h,24h,2025-06,0.01524004,-0.01524004,720,False
williams_r_14h,24h,2025-07,-0.00144703,0.00144703,744,False
williams_r_14h,24h,2025-08,-0.02217075,0.02217075,744,True
williams_r_14h,24h,2025-09,0.00199647,-0.00199647,720,False
williams_r_14h,24h,2025-10,0.02038865,-0.02038865,744,False
williams_r_14h,24h,2025-11,-0.00216287,0.00216287,720,False
williams_r_14h,24h,2025-12,0.02963089,-0.02963089,744,False
williams_r_14h,24h,2026-01,0.00375644,-0.00375644,744,False
williams_r_14h,24h,2026-02,0.02931332,-0.02931332,672,False
williams_r_14h,24h,2026-03,0.02573754,-0.02573754,744,False
williams_r_14h,24h,2026-04,0.04304421,-0.04304421,720,False
williams_r_14h,24h,2026-05,0.00908718,-0.00908718,744,False
williams_r_14h,24h,2026-06,-0.02183621,0.02183621,265,True
williams_r_14h,4h,2024-06,-0.00257576,0.00257576,706,True
williams_r_14h,4h,2024-07,0.01920396,-0.01920396,744,False
williams_r_14h,4h,2024-08,0.03296266,-0.03296266,744,False
williams_r_14h,4h,2024-09,0.00787655,-0.00787655,720,False
williams_r_14h,4h,2024-10,0.03162378,-0.03162378,744,False
williams_r_14h,4h,2024-11,0.00650452,-0.00650452,720,False
williams_r_14h,4h,2024-12,0.03585334,-0.03585334,744,False
williams_r_14h,4h,2025-01,-0.00599186,0.00599186,744,True
williams_r_14h,4h,2025-02,-0.0066765,0.0066765,672,True
williams_r_14h,4h,2025-03,0.0275717,-0.0275717,744,False
williams_r_14h,4h,2025-04,0.01868784,-0.01868784,720,False
williams_r_14h,4h,2025-05,0.01858424,-0.01858424,744,False
williams_r_14h,4h,2025-06,0.03519153,-0.03519153,720,False
williams_r_14h,4h,2025-07,0.03520683,-0.03520683,744,False
williams_r_14h,4h,2025-08,0.01603961,-0.01603961,744,False
williams_r_14h,4h,2025-09,0.01671251,-0.01671251,720,False
williams_r_14h,4h,2025-10,0.02623261,-0.02623261,744,False
williams_r_14h,4h,2025-11,0.0128329,-0.0128329,720,False
williams_r_14h,4h,2025-12,0.0374259,-0.0374259,744,False
williams_r_14h,4h,2026-01,0.01415002,-0.01415002,744,False
williams_r_14h,4h,2026-02,0.02064925,-0.02064925,672,False
williams_r_14h,4h,2026-03,0.03060036,-0.03060036,744,False
williams_r_14h,4h,2026-04,0.0274384,-0.0274384,720,False
williams_r_14h,4h,2026-05,0.03336615,-0.03336615,744,False
williams_r_14h,4h,2026-06,0.02856244,-0.02856244,285,False
williams_r_14h,72h,2024-06,-0.04361809,0.04361809,706,True
williams_r_14h,72h,2024-07,0.01607537,-0.01607537,744,False
williams_r_14h,72h,2024-08,-0.02560906,0.02560906,744,True
williams_r_14h,72h,2024-09,0.01574678,-0.01574678,720,False
williams_r_14h,72h,2024-10,0.03162292,-0.03162292,744,False
williams_r_14h,72h,2024-11,-0.03403282,0.03403282,720,True
williams_r_14h,72h,2024-12,0.01311933,-0.01311933,744,False
williams_r_14h,72h,2025-01,-0.04629628,0.04629628,744,True
williams_r_14h,72h,2025-02,-0.01187915,0.01187915,672,True
williams_r_14h,72h,2025-03,-0.00783771,0.00783771,744,True
williams_r_14h,72h,2025-04,-0.00174176,0.00174176,720,False
williams_r_14h,72h,2025-05,0.02228096,-0.02228096,744,False
williams_r_14h,72h,2025-06,0.02630432,-0.02630432,720,False
williams_r_14h,72h,2025-07,-0.01114396,0.01114396,744,True
williams_r_14h,72h,2025-08,0.00814844,-0.00814844,744,False
williams_r_14h,72h,2025-09,-0.01019546,0.01019546,720,True
williams_r_14h,72h,2025-10,0.00160022,-0.00160022,744,False
williams_r_14h,72h,2025-11,-0.02579829,0.02579829,720,True
williams_r_14h,72h,2025-12,0.00978642,-0.00978642,744,False
williams_r_14h,72h,2026-01,-0.01897973,0.01897973,744,True
williams_r_14h,72h,2026-02,0.00725048,-0.00725048,672,False
williams_r_14h,72h,2026-03,0.01185998,-0.01185998,744,False
williams_r_14h,72h,2026-04,0.00621882,-0.00621882,720,False
williams_r_14h,72h,2026-05,-0.01558657,0.01558657,744,True
williams_r_14h,72h,2026-06,-0.00470524,0.00470524,217,True
wq101_alpha101,1h,2024-06,-0.0014683,-0.0014683,719,False
wq101_alpha101,1h,2024-07,-0.01106209,-0.01106209,744,False
wq101_alpha101,1h,2024-08,-0.01920492,-0.01920492,744,False
wq101_alpha101,1h,2024-09,-0.03500522,-0.03500522,720,False
wq101_alpha101,1h,2024-10,-0.02598832,-0.02598832,742,False
wq101_alpha101,1h,2024-11,-0.02073842,-0.02073842,720,False
wq101_alpha101,1h,2024-12,-0.03623062,-0.03623062,744,False
wq101_alpha101,1h,2025-01,-0.03490656,-0.03490656,744,False
wq101_alpha101,1h,2025-02,-0.01399979,-0.01399979,672,False
wq101_alpha101,1h,2025-03,-0.01997921,-0.01997921,744,False
wq101_alpha101,1h,2025-04,-0.03247689,-0.03247689,720,False
wq101_alpha101,1h,2025-05,-0.02832429,-0.02832429,744,False
wq101_alpha101,1h,2025-06,-0.01759312,-0.01759312,720,False
wq101_alpha101,1h,2025-07,-0.02967221,-0.02967221,744,False
wq101_alpha101,1h,2025-08,-0.0330584,-0.0330584,744,False
wq101_alpha101,1h,2025-09,-0.02536377,-0.02536377,720,False
wq101_alpha101,1h,2025-10,-0.02837807,-0.02837807,744,False
wq101_alpha101,1h,2025-11,-0.02776367,-0.02776367,720,False
wq101_alpha101,1h,2025-12,-0.02372433,-0.02372433,744,False
wq101_alpha101,1h,2026-01,-0.03543397,-0.03543397,744,False
wq101_alpha101,1h,2026-02,-0.02148121,-0.02148121,672,False
wq101_alpha101,1h,2026-03,-0.01935695,-0.01935695,744,False
wq101_alpha101,1h,2026-04,-0.02737037,-0.02737037,720,False
wq101_alpha101,1h,2026-05,-0.03490251,-0.03490251,744,False
wq101_alpha101,1h,2026-06,-0.03551974,-0.03551974,288,False
wq101_alpha101,24h,2024-06,0.0023343,0.0023343,719,True
wq101_alpha101,24h,2024-07,-0.00479418,-0.00479418,744,False
wq101_alpha101,24h,2024-08,-0.00671288,-0.00671288,744,True
wq101_alpha101,24h,2024-09,-0.00677984,-0.00677984,720,False
wq101_alpha101,24h,2024-10,-0.01624711,-0.01624711,743,False
wq101_alpha101,24h,2024-11,-0.0004434,-0.0004434,720,False
wq101_alpha101,24h,2024-12,-0.01886485,-0.01886485,744,False
wq101_alpha101,24h,2025-01,-0.00555063,-0.00555063,744,False
wq101_alpha101,24h,2025-02,0.00426002,0.00426002,672,True
wq101_alpha101,24h,2025-03,-0.00916305,-0.00916305,744,False
wq101_alpha101,24h,2025-04,-0.00610835,-0.00610835,720,False
wq101_alpha101,24h,2025-05,-0.01521302,-0.01521302,744,False
wq101_alpha101,24h,2025-06,-0.01119315,-0.01119315,720,False
wq101_alpha101,24h,2025-07,-0.00903131,-0.00903131,744,False
wq101_alpha101,24h,2025-08,-0.00138822,-0.00138822,744,True
wq101_alpha101,24h,2025-09,-0.00970499,-0.00970499,720,False
wq101_alpha101,24h,2025-10,-0.00755002,-0.00755002,744,False
wq101_alpha101,24h,2025-11,-0.00819229,-0.00819229,720,False
wq101_alpha101,24h,2025-12,-0.01357063,-0.01357063,744,False
wq101_alpha101,24h,2026-01,-0.00693089,-0.00693089,744,False
wq101_alpha101,24h,2026-02,-0.01366438,-0.01366438,672,False
wq101_alpha101,24h,2026-03,-0.01649931,-0.01649931,744,False
wq101_alpha101,24h,2026-04,-0.02084856,-0.02084856,720,False
wq101_alpha101,24h,2026-05,-0.00973316,-0.00973316,744,False
wq101_alpha101,24h,2026-06,0.00232764,0.00232764,265,True
wq101_alpha101,4h,2024-06,-0.01004595,-0.01004595,719,False
wq101_alpha101,4h,2024-07,-0.00624552,-0.00624552,744,False
wq101_alpha101,4h,2024-08,-0.02414235,-0.02414235,744,False
wq101_alpha101,4h,2024-09,-0.02254477,-0.02254477,720,False
wq101_alpha101,4h,2024-10,-0.02174157,-0.02174157,743,False
wq101_alpha101,4h,2024-11,-0.01586252,-0.01586252,720,False
wq101_alpha101,4h,2024-12,-0.03896157,-0.03896157,744,False
wq101_alpha101,4h,2025-01,-0.01609485,-0.01609485,744,False
wq101_alpha101,4h,2025-02,-0.00524165,-0.00524165,672,True
wq101_alpha101,4h,2025-03,-0.02277111,-0.02277111,744,False
wq101_alpha101,4h,2025-04,-0.01925721,-0.01925721,720,False
wq101_alpha101,4h,2025-05,-0.00565657,-0.00565657,744,False
wq101_alpha101,4h,2025-06,-0.01927172,-0.01927172,720,False
wq101_alpha101,4h,2025-07,-0.02928724,-0.02928724,744,False
wq101_alpha101,4h,2025-08,-0.03042485,-0.03042485,744,False
wq101_alpha101,4h,2025-09,-0.02109322,-0.02109322,720,False
wq101_alpha101,4h,2025-10,-0.01410015,-0.01410015,744,False
wq101_alpha101,4h,2025-11,-0.01799923,-0.01799923,720,False
wq101_alpha101,4h,2025-12,-0.02424199,-0.02424199,744,False
wq101_alpha101,4h,2026-01,-0.02120216,-0.02120216,744,False
wq101_alpha101,4h,2026-02,-0.01238941,-0.01238941,672,False
wq101_alpha101,4h,2026-03,-0.0214042,-0.0214042,744,False
wq101_alpha101,4h,2026-04,-0.02576037,-0.02576037,720,False
wq101_alpha101,4h,2026-05,-0.02487425,-0.02487425,744,False
wq101_alpha101,4h,2026-06,-0.0260101,-0.0260101,285,False
wq101_alpha101,72h,2024-06,0.01365022,0.01365022,719,True
wq101_alpha101,72h,2024-07,-0.00133837,-0.00133837,744,False
wq101_alpha101,72h,2024-08,0.00433652,0.00433652,744,True
wq101_alpha101,72h,2024-09,-0.00390008,-0.00390008,720,False
wq101_alpha101,72h,2024-10,-0.01351701,-0.01351701,743,False
wq101_alpha101,72h,2024-11,0.01196802,0.01196802,720,True
wq101_alpha101,72h,2024-12,-0.01290336,-0.01290336,744,False
wq101_alpha101,72h,2025-01,0.00934062,0.00934062,744,True
wq101_alpha101,72h,2025-02,-0.00052107,-0.00052107,672,True
wq101_alpha101,72h,2025-03,-0.00550913,-0.00550913,744,False
wq101_alpha101,72h,2025-04,-0.00448163,-0.00448163,720,False
wq101_alpha101,72h,2025-05,-0.01241601,-0.01241601,744,False
wq101_alpha101,72h,2025-06,-0.00862352,-0.00862352,720,False
wq101_alpha101,72h,2025-07,-0.00056655,-0.00056655,744,False
wq101_alpha101,72h,2025-08,-0.00667107,-0.00667107,744,False
wq101_alpha101,72h,2025-09,-0.00428685,-0.00428685,720,False
wq101_alpha101,72h,2025-10,-0.00233185,-0.00233185,744,False
wq101_alpha101,72h,2025-11,-8.746e-05,-8.746e-05,720,True
wq101_alpha101,72h,2025-12,-0.00602377,-0.00602377,744,False
wq101_alpha101,72h,2026-01,-0.0001012,-0.0001012,744,False
wq101_alpha101,72h,2026-02,-0.00740522,-0.00740522,672,False
wq101_alpha101,72h,2026-03,-0.00471957,-0.00471957,744,False
wq101_alpha101,72h,2026-04,-0.0099411,-0.0099411,720,False
wq101_alpha101,72h,2026-05,-0.0055336,-0.0055336,744,False
wq101_alpha101,72h,2026-06,0.00247819,0.00247819,217,True
wq101_alpha12,1h,2024-06,-0.00871119,-0.00871119,718,False
wq101_alpha12,1h,2024-07,0.00636545,0.00636545,744,True
wq101_alpha12,1h,2024-08,0.00981188,0.00981188,744,True
wq101_alpha12,1h,2024-09,0.00828957,0.00828957,720,True
wq101_alpha12,1h,2024-10,0.00564306,0.00564306,742,True
wq101_alpha12,1h,2024-11,0.01591347,0.01591347,720,True
wq101_alpha12,1h,2024-12,0.01191603,0.01191603,744,True
wq101_alpha12,1h,2025-01,0.01501681,0.01501681,744,True
wq101_alpha12,1h,2025-02,0.00909606,0.00909606,672,True
wq101_alpha12,1h,2025-03,-0.00073098,-0.00073098,744,False
wq101_alpha12,1h,2025-04,7.965e-05,7.965e-05,720,False
wq101_alpha12,1h,2025-05,0.00541479,0.00541479,744,True
wq101_alpha12,1h,2025-06,0.00414165,0.00414165,720,True
wq101_alpha12,1h,2025-07,0.00442577,0.00442577,744,True
wq101_alpha12,1h,2025-08,0.00941605,0.00941605,744,True
wq101_alpha12,1h,2025-09,0.00529557,0.00529557,720,True
wq101_alpha12,1h,2025-10,0.01072967,0.01072967,744,True
wq101_alpha12,1h,2025-11,0.00972823,0.00972823,720,True
wq101_alpha12,1h,2025-12,0.00822205,0.00822205,744,True
wq101_alpha12,1h,2026-01,0.01430685,0.01430685,744,True
wq101_alpha12,1h,2026-02,0.00930199,0.00930199,672,True
wq101_alpha12,1h,2026-03,0.00374493,0.00374493,744,True
wq101_alpha12,1h,2026-04,0.00368773,0.00368773,720,True
wq101_alpha12,1h,2026-05,0.00518109,0.00518109,744,True
wq101_alpha12,1h,2026-06,0.0073252,0.0073252,288,True
wq101_alpha12,24h,2024-06,-0.00219687,-0.00219687,718,False
wq101_alpha12,24h,2024-07,0.00858362,0.00858362,744,True
wq101_alpha12,24h,2024-08,0.01154091,0.01154091,744,True
wq101_alpha12,24h,2024-09,-0.00528876,-0.00528876,720,False
wq101_alpha12,24h,2024-10,0.00363926,0.00363926,743,True
wq101_alpha12,24h,2024-11,0.01225,0.01225,720,True
wq101_alpha12,24h,2024-12,0.00730513,0.00730513,744,True
wq101_alpha12,24h,2025-01,0.00637899,0.00637899,744,True
wq101_alpha12,24h,2025-02,-6.195e-05,-6.195e-05,672,False
wq101_alpha12,24h,2025-03,0.00519623,0.00519623,744,True
wq101_alpha12,24h,2025-04,-0.00079923,-0.00079923,720,True
wq101_alpha12,24h,2025-05,0.01493891,0.01493891,744,True
wq101_alpha12,24h,2025-06,0.01022264,0.01022264,720,True
wq101_alpha12,24h,2025-07,0.01230801,0.01230801,744,True
wq101_alpha12,24h,2025-08,0.00955914,0.00955914,744,True
wq101_alpha12,24h,2025-09,0.01140544,0.01140544,720,True
wq101_alpha12,24h,2025-10,0.01266254,0.01266254,744,True
wq101_alpha12,24h,2025-11,0.01444928,0.01444928,720,True
wq101_alpha12,24h,2025-12,0.01152056,0.01152056,744,True
wq101_alpha12,24h,2026-01,0.01136654,0.01136654,744,True
wq101_alpha12,24h,2026-02,0.00569643,0.00569643,672,True
wq101_alpha12,24h,2026-03,0.01133779,0.01133779,744,True
wq101_alpha12,24h,2026-04,0.00874515,0.00874515,720,True
wq101_alpha12,24h,2026-05,0.00310287,0.00310287,744,True
wq101_alpha12,24h,2026-06,0.00209052,0.00209052,265,True
wq101_alpha12,4h,2024-06,0.00058529,0.00058529,718,False
wq101_alpha12,4h,2024-07,0.00325347,0.00325347,744,False
wq101_alpha12,4h,2024-08,0.01081279,0.01081279,744,True
wq101_alpha12,4h,2024-09,0.00441322,0.00441322,720,True
wq101_alpha12,4h,2024-10,0.00723989,0.00723989,743,True
wq101_alpha12,4h,2024-11,0.0097518,0.0097518,720,True
wq101_alpha12,4h,2024-12,0.01160397,0.01160397,744,True
wq101_alpha12,4h,2025-01,0.00985594,0.00985594,744,True
wq101_alpha12,4h,2025-02,0.00594945,0.00594945,672,True
wq101_alpha12,4h,2025-03,0.00645052,0.00645052,744,True
wq101_alpha12,4h,2025-04,-0.00349398,-0.00349398,720,True
wq101_alpha12,4h,2025-05,0.0091503,0.0091503,744,True
wq101_alpha12,4h,2025-06,0.00934,0.00934,720,True
wq101_alpha12,4h,2025-07,0.00802674,0.00802674,744,True
wq101_alpha12,4h,2025-08,0.01210843,0.01210843,744,True
wq101_alpha12,4h,2025-09,0.00828458,0.00828458,720,True
wq101_alpha12,4h,2025-10,0.01419166,0.01419166,744,True
wq101_alpha12,4h,2025-11,0.01254324,0.01254324,720,True
wq101_alpha12,4h,2025-12,0.01517669,0.01517669,744,True
wq101_alpha12,4h,2026-01,0.01666646,0.01666646,744,True
wq101_alpha12,4h,2026-02,0.00311535,0.00311535,672,True
wq101_alpha12,4h,2026-03,0.00902705,0.00902705,744,True
wq101_alpha12,4h,2026-04,0.00532155,0.00532155,720,True
wq101_alpha12,4h,2026-05,0.00681106,0.00681106,744,True
wq101_alpha12,4h,2026-06,0.01192948,0.01192948,285,True
wq101_alpha12,72h,2024-06,-0.00219321,-0.00219321,718,False
wq101_alpha12,72h,2024-07,0.01170904,0.01170904,744,True
wq101_alpha12,72h,2024-08,0.01233207,0.01233207,744,True
wq101_alpha12,72h,2024-09,0.00080619,0.00080619,720,True
wq101_alpha12,72h,2024-10,0.00792048,0.00792048,743,True
wq101_alpha12,72h,2024-11,0.00629084,0.00629084,720,True
wq101_alpha12,72h,2024-12,0.00308344,0.00308344,744,False
wq101_alpha12,72h,2025-01,0.00949714,0.00949714,744,True
wq101_alpha12,72h,2025-02,0.00467967,0.00467967,672,True
wq101_alpha12,72h,2025-03,0.00794928,0.00794928,744,True
wq101_alpha12,72h,2025-04,0.00384531,0.00384531,720,True
wq101_alpha12,72h,2025-05,0.01022005,0.01022005,744,True
wq101_alpha12,72h,2025-06,0.00469211,0.00469211,720,True
wq101_alpha12,72h,2025-07,0.0092934,0.0092934,744,True
wq101_alpha12,72h,2025-08,0.01402571,0.01402571,744,True
wq101_alpha12,72h,2025-09,0.00140008,0.00140008,720,False
wq101_alpha12,72h,2025-10,0.00644729,0.00644729,744,True
wq101_alpha12,72h,2025-11,0.01184834,0.01184834,720,True
wq101_alpha12,72h,2025-12,0.00907888,0.00907888,744,True
wq101_alpha12,72h,2026-01,0.00534881,0.00534881,744,True
wq101_alpha12,72h,2026-02,0.00178607,0.00178607,672,True
wq101_alpha12,72h,2026-03,0.0099057,0.0099057,744,True
wq101_alpha12,72h,2026-04,0.00851284,0.00851284,720,True
wq101_alpha12,72h,2026-05,0.00326227,0.00326227,744,True
wq101_alpha12,72h,2026-06,-0.00109265,-0.00109265,217,True
wq101_alpha53,1h,2024-06,0.01029258,0.01029258,710,True
wq101_alpha53,1h,2024-07,0.00952827,0.00952827,744,True
wq101_alpha53,1h,2024-08,0.01299135,0.01299135,744,True
wq101_alpha53,1h,2024-09,0.02983645,0.02983645,720,True
wq101_alpha53,1h,2024-10,0.02166816,0.02166816,743,True
wq101_alpha53,1h,2024-11,0.01180073,0.01180073,720,True
wq101_alpha53,1h,2024-12,0.01316023,0.01316023,744,True
wq101_alpha53,1h,2025-01,0.02602388,0.02602388,744,True
wq101_alpha53,1h,2025-02,0.01565989,0.01565989,672,True
wq101_alpha53,1h,2025-03,0.01868799,0.01868799,744,True
wq101_alpha53,1h,2025-04,0.02111945,0.02111945,720,True
wq101_alpha53,1h,2025-05,0.02110145,0.02110145,744,True
wq101_alpha53,1h,2025-06,0.0108921,0.0108921,720,True
wq101_alpha53,1h,2025-07,0.01920122,0.01920122,744,True
wq101_alpha53,1h,2025-08,0.02657924,0.02657924,744,True
wq101_alpha53,1h,2025-09,0.02376968,0.02376968,720,True
wq101_alpha53,1h,2025-10,0.01675341,0.01675341,744,True
wq101_alpha53,1h,2025-11,0.01329126,0.01329126,720,True
wq101_alpha53,1h,2025-12,0.01367758,0.01367758,744,True
wq101_alpha53,1h,2026-01,0.01907509,0.01907509,744,True
wq101_alpha53,1h,2026-02,0.00814888,0.00814888,672,True
wq101_alpha53,1h,2026-03,0.01375851,0.01375851,744,True
wq101_alpha53,1h,2026-04,0.02360917,0.02360917,720,True
wq101_alpha53,1h,2026-05,0.02864678,0.02864678,744,True
wq101_alpha53,1h,2026-06,0.02798107,0.02798107,288,True
wq101_alpha53,24h,2024-06,0.00281447,0.00281447,710,True
wq101_alpha53,24h,2024-07,0.00573276,0.00573276,744,True
wq101_alpha53,24h,2024-08,0.01020012,0.01020012,744,True
wq101_alpha53,24h,2024-09,0.00569421,0.00569421,720,False
wq101_alpha53,24h,2024-10,0.0059754,0.0059754,744,True
wq101_alpha53,24h,2024-11,0.00288522,0.00288522,720,True
wq101_alpha53,24h,2024-12,0.00858584,0.00858584,744,True
wq101_alpha53,24h,2025-01,0.00759055,0.00759055,744,True
wq101_alpha53,24h,2025-02,-0.00074058,-0.00074058,672,False
wq101_alpha53,24h,2025-03,0.00821124,0.00821124,744,True
wq101_alpha53,24h,2025-04,0.00159203,0.00159203,720,True
wq101_alpha53,24h,2025-05,0.00197136,0.00197136,744,True
wq101_alpha53,24h,2025-06,0.00695068,0.00695068,720,True
wq101_alpha53,24h,2025-07,0.00566598,0.00566598,744,True
wq101_alpha53,24h,2025-08,0.00732406,0.00732406,744,True
wq101_alpha53,24h,2025-09,0.00516477,0.00516477,720,True
wq101_alpha53,24h,2025-10,0.00113533,0.00113533,744,True
wq101_alpha53,24h,2025-11,0.00499495,0.00499495,720,True
wq101_alpha53,24h,2025-12,0.00496987,0.00496987,744,True
wq101_alpha53,24h,2026-01,0.00392126,0.00392126,744,True
wq101_alpha53,24h,2026-02,0.00103291,0.00103291,672,False
wq101_alpha53,24h,2026-03,0.01027203,0.01027203,744,True
wq101_alpha53,24h,2026-04,0.00969945,0.00969945,720,True
wq101_alpha53,24h,2026-05,0.00675431,0.00675431,744,True
wq101_alpha53,24h,2026-06,0.00965374,0.00965374,265,True
wq101_alpha53,4h,2024-06,0.00655188,0.00655188,710,True
wq101_alpha53,4h,2024-07,0.00614947,0.00614947,744,True
wq101_alpha53,4h,2024-08,0.0239785,0.0239785,744,True
wq101_alpha53,4h,2024-09,0.0166533,0.0166533,720,True
wq101_alpha53,4h,2024-10,0.01333477,0.01333477,744,True
wq101_alpha53,4h,2024-11,0.00928412,0.00928412,720,True
wq101_alpha53,4h,2024-12,0.02508383,0.02508383,744,True
wq101_alpha53,4h,2025-01,0.01244274,0.01244274,744,True
wq101_alpha53,4h,2025-02,0.01322782,0.01322782,672,True
wq101_alpha53,4h,2025-03,0.01425676,0.01425676,744,True
wq101_alpha53,4h,2025-04,0.01554665,0.01554665,720,True
wq101_alpha53,4h,2025-05,0.00407667,0.00407667,744,False
wq101_alpha53,4h,2025-06,0.01038158,0.01038158,720,True
wq101_alpha53,4h,2025-07,0.01611218,0.01611218,744,True
wq101_alpha53,4h,2025-08,0.02445158,0.02445158,744,True
wq101_alpha53,4h,2025-09,0.018169,0.018169,720,True
wq101_alpha53,4h,2025-10,0.00717696,0.00717696,744,True
wq101_alpha53,4h,2025-11,0.00924405,0.00924405,720,True
wq101_alpha53,4h,2025-12,0.01467872,0.01467872,744,True
wq101_alpha53,4h,2026-01,0.01287166,0.01287166,744,True
wq101_alpha53,4h,2026-02,0.00280897,0.00280897,672,True
wq101_alpha53,4h,2026-03,0.01213399,0.01213399,744,True
wq101_alpha53,4h,2026-04,0.01949216,0.01949216,720,True
wq101_alpha53,4h,2026-05,0.01871019,0.01871019,744,True
wq101_alpha53,4h,2026-06,0.01755389,0.01755389,285,True
wq101_alpha53,72h,2024-06,-0.00116411,-0.00116411,710,True
wq101_alpha53,72h,2024-07,-0.00022817,-0.00022817,744,False
wq101_alpha53,72h,2024-08,0.00663399,0.00663399,744,True
wq101_alpha53,72h,2024-09,0.00488283,0.00488283,720,True
wq101_alpha53,72h,2024-10,0.00173994,0.00173994,744,True
wq101_alpha53,72h,2024-11,0.00164662,0.00164662,720,False
wq101_alpha53,72h,2024-12,0.00746359,0.00746359,744,True
wq101_alpha53,72h,2025-01,0.00243578,0.00243578,744,True
wq101_alpha53,72h,2025-02,-0.00092869,-0.00092869,672,False
wq101_alpha53,72h,2025-03,0.00538453,0.00538453,744,True
wq101_alpha53,72h,2025-04,0.0041247,0.0041247,720,True
wq101_alpha53,72h,2025-05,0.00431921,0.00431921,744,True
wq101_alpha53,72h,2025-06,0.00570707,0.00570707,720,True
wq101_alpha53,72h,2025-07,0.0039014,0.0039014,744,False
wq101_alpha53,72h,2025-08,0.00433697,0.00433697,744,True
wq101_alpha53,72h,2025-09,0.00054953,0.00054953,720,False
wq101_alpha53,72h,2025-10,0.00186202,0.00186202,744,True
wq101_alpha53,72h,2025-11,0.00319667,0.00319667,720,True
wq101_alpha53,72h,2025-12,0.00155069,0.00155069,744,True
wq101_alpha53,72h,2026-01,0.00034949,0.00034949,744,True
wq101_alpha53,72h,2026-02,-0.00058837,-0.00058837,672,True
wq101_alpha53,72h,2026-03,0.00350531,0.00350531,744,True
wq101_alpha53,72h,2026-04,0.00433057,0.00433057,720,True
wq101_alpha53,72h,2026-05,0.0034307,0.0034307,744,True
wq101_alpha53,72h,2026-06,0.00584653,0.00584653,217,True
wvma_20h,1h,2024-06,-0.0504302,0.0504302,699,True
wvma_20h,1h,2024-07,-0.03642507,0.03642507,744,True
wvma_20h,1h,2024-08,-0.03493139,0.03493139,744,True
wvma_20h,1h,2024-09,-0.02983359,0.02983359,720,True
wvma_20h,1h,2024-10,-0.03521883,0.03521883,743,True
wvma_20h,1h,2024-11,-0.03508659,0.03508659,720,True
wvma_20h,1h,2024-12,-0.02800818,0.02800818,744,True
wvma_20h,1h,2025-01,-0.05976587,0.05976587,744,True
wvma_20h,1h,2025-02,-0.03159082,0.03159082,672,True
wvma_20h,1h,2025-03,-0.02791867,0.02791867,744,True
wvma_20h,1h,2025-04,-0.01642918,0.01642918,720,True
wvma_20h,1h,2025-05,-0.03029721,0.03029721,744,True
wvma_20h,1h,2025-06,-0.02695361,0.02695361,720,True
wvma_20h,1h,2025-07,-0.02986353,0.02986353,744,True
wvma_20h,1h,2025-08,-0.02370196,0.02370196,744,True
wvma_20h,1h,2025-09,-0.02890229,0.02890229,720,True
wvma_20h,1h,2025-10,-0.02483096,0.02483096,744,True
wvma_20h,1h,2025-11,-0.03782286,0.03782286,720,True
wvma_20h,1h,2025-12,-0.02137448,0.02137448,744,True
wvma_20h,1h,2026-01,-0.02830798,0.02830798,744,True
wvma_20h,1h,2026-02,-0.01138049,0.01138049,672,True
wvma_20h,1h,2026-03,-0.0192445,0.0192445,744,True
wvma_20h,1h,2026-04,-0.02942505,0.02942505,720,True
wvma_20h,1h,2026-05,-0.02825735,0.02825735,744,True
wvma_20h,1h,2026-06,-0.01267342,0.01267342,288,True
wvma_20h,24h,2024-06,-0.12242404,0.12242404,699,True
wvma_20h,24h,2024-07,-0.07679711,0.07679711,744,True
wvma_20h,24h,2024-08,-0.08066169,0.08066169,744,True
wvma_20h,24h,2024-09,-0.02776984,0.02776984,720,True
wvma_20h,24h,2024-10,-0.0793707,0.0793707,744,True
wvma_20h,24h,2024-11,-0.09061604,0.09061604,720,True
wvma_20h,24h,2024-12,-0.06132957,0.06132957,744,True
wvma_20h,24h,2025-01,-0.1028261,0.1028261,744,True
wvma_20h,24h,2025-02,-0.06164962,0.06164962,672,True
wvma_20h,24h,2025-03,-0.07808397,0.07808397,744,True
wvma_20h,24h,2025-04,-0.02631013,0.02631013,720,True
wvma_20h,24h,2025-05,-0.06928223,0.06928223,744,True
wvma_20h,24h,2025-06,-0.04170712,0.04170712,720,True
wvma_20h,24h,2025-07,-0.07952656,0.07952656,744,True
wvma_20h,24h,2025-08,-0.06193117,0.06193117,744,True
wvma_20h,24h,2025-09,-0.05822827,0.05822827,720,True
wvma_20h,24h,2025-10,-0.06185638,0.06185638,744,True
wvma_20h,24h,2025-11,-0.11224143,0.11224143,720,True
wvma_20h,24h,2025-12,-0.02648826,0.02648826,744,True
wvma_20h,24h,2026-01,-0.07774748,0.07774748,744,True
wvma_20h,24h,2026-02,-0.04780589,0.04780589,672,True
wvma_20h,24h,2026-03,-0.06887804,0.06887804,744,True
wvma_20h,24h,2026-04,-0.07840519,0.07840519,720,True
wvma_20h,24h,2026-05,-0.06788117,0.06788117,744,True
wvma_20h,24h,2026-06,-0.02367259,0.02367259,265,True
wvma_20h,4h,2024-06,-0.07002719,0.07002719,699,True
wvma_20h,4h,2024-07,-0.05137368,0.05137368,744,True
wvma_20h,4h,2024-08,-0.05057091,0.05057091,744,True
wvma_20h,4h,2024-09,-0.03042941,0.03042941,720,True
wvma_20h,4h,2024-10,-0.04838239,0.04838239,744,True
wvma_20h,4h,2024-11,-0.0555909,0.0555909,720,True
wvma_20h,4h,2024-12,-0.0456595,0.0456595,744,True
wvma_20h,4h,2025-01,-0.07554115,0.07554115,744,True
wvma_20h,4h,2025-02,-0.03939877,0.03939877,672,True
wvma_20h,4h,2025-03,-0.04861708,0.04861708,744,True
wvma_20h,4h,2025-04,-0.02345022,0.02345022,720,True
wvma_20h,4h,2025-05,-0.0462814,0.0462814,744,True
wvma_20h,4h,2025-06,-0.03655399,0.03655399,720,True
wvma_20h,4h,2025-07,-0.04783858,0.04783858,744,True
wvma_20h,4h,2025-08,-0.03580896,0.03580896,744,True
wvma_20h,4h,2025-09,-0.04106366,0.04106366,720,True
wvma_20h,4h,2025-10,-0.03691278,0.03691278,744,True
wvma_20h,4h,2025-11,-0.06386403,0.06386403,720,True
wvma_20h,4h,2025-12,-0.02673706,0.02673706,744,True
wvma_20h,4h,2026-01,-0.04179121,0.04179121,744,True
wvma_20h,4h,2026-02,-0.01711574,0.01711574,672,True
wvma_20h,4h,2026-03,-0.03922731,0.03922731,744,True
wvma_20h,4h,2026-04,-0.05428304,0.05428304,720,True
wvma_20h,4h,2026-05,-0.04684518,0.04684518,744,True
wvma_20h,4h,2026-06,-0.01488881,0.01488881,285,True
wvma_20h,72h,2024-06,-0.13760396,0.13760396,699,True
wvma_20h,72h,2024-07,-0.07799801,0.07799801,744,True
wvma_20h,72h,2024-08,-0.09753724,0.09753724,744,True
wvma_20h,72h,2024-09,0.00700919,-0.00700919,720,False
wvma_20h,72h,2024-10,-0.09594949,0.09594949,744,True
wvma_20h,72h,2024-11,-0.05487408,0.05487408,720,True
wvma_20h,72h,2024-12,-0.08305727,0.08305727,744,True
wvma_20h,72h,2025-01,-0.16223064,0.16223064,744,True
wvma_20h,72h,2025-02,-0.04669525,0.04669525,672,True
wvma_20h,72h,2025-03,-0.10338791,0.10338791,744,True
wvma_20h,72h,2025-04,-0.00640092,0.00640092,720,False
wvma_20h,72h,2025-05,-0.08311378,0.08311378,744,True
wvma_20h,72h,2025-06,-0.07674204,0.07674204,720,True
wvma_20h,72h,2025-07,-0.09258365,0.09258365,744,True
wvma_20h,72h,2025-08,-0.09004761,0.09004761,744,True
wvma_20h,72h,2025-09,-0.04558508,0.04558508,720,True
wvma_20h,72h,2025-10,-0.06120802,0.06120802,744,True
wvma_20h,72h,2025-11,-0.10996579,0.10996579,720,True
wvma_20h,72h,2025-12,-0.04390862,0.04390862,744,True
wvma_20h,72h,2026-01,-0.1089597,0.1089597,744,True
wvma_20h,72h,2026-02,-0.05330234,0.05330234,672,True
wvma_20h,72h,2026-03,-0.05901757,0.05901757,744,True
wvma_20h,72h,2026-04,-0.07235464,0.07235464,720,True
wvma_20h,72h,2026-05,-0.07672029,0.07672029,744,True
wvma_20h,72h,2026-06,-0.04690642,0.04690642,217,True
xs_rank_ret_1h,1h,2024-06,-0.01220898,-0.01220898,718,False
xs_rank_ret_1h,1h,2024-07,-0.00916137,-0.00916137,744,False
xs_rank_ret_1h,1h,2024-08,-0.03578628,-0.03578628,744,False
xs_rank_ret_1h,1h,2024-09,-0.05473042,-0.05473042,720,False
xs_rank_ret_1h,1h,2024-10,-0.05082576,-0.05082576,742,False
xs_rank_ret_1h,1h,2024-11,-0.03810096,-0.03810096,720,False
xs_rank_ret_1h,1h,2024-12,-0.05649481,-0.05649481,744,False
xs_rank_ret_1h,1h,2025-01,-0.03427752,-0.03427752,744,False
xs_rank_ret_1h,1h,2025-02,-0.03177935,-0.03177935,672,False
xs_rank_ret_1h,1h,2025-03,-0.0257495,-0.0257495,744,False
xs_rank_ret_1h,1h,2025-04,-0.04807739,-0.04807739,720,False
xs_rank_ret_1h,1h,2025-05,-0.04182748,-0.04182748,744,False
xs_rank_ret_1h,1h,2025-06,-0.02235589,-0.02235589,720,False
xs_rank_ret_1h,1h,2025-07,-0.04061145,-0.04061145,744,False
xs_rank_ret_1h,1h,2025-08,-0.0490639,-0.0490639,744,False
xs_rank_ret_1h,1h,2025-09,-0.03313453,-0.03313453,720,False
xs_rank_ret_1h,1h,2025-10,-0.0401192,-0.0401192,744,False
xs_rank_ret_1h,1h,2025-11,-0.0433078,-0.0433078,720,False
xs_rank_ret_1h,1h,2025-12,-0.03303443,-0.03303443,744,False
xs_rank_ret_1h,1h,2026-01,-0.04161059,-0.04161059,744,False
xs_rank_ret_1h,1h,2026-02,-0.03119178,-0.03119178,672,False
xs_rank_ret_1h,1h,2026-03,-0.02365157,-0.02365157,744,False
xs_rank_ret_1h,1h,2026-04,-0.02979865,-0.02979865,720,False
xs_rank_ret_1h,1h,2026-05,-0.0426755,-0.0426755,744,False
xs_rank_ret_1h,1h,2026-06,-0.05000889,-0.05000889,288,False
xs_rank_ret_1h,24h,2024-06,0.00412159,0.00412159,718,True
xs_rank_ret_1h,24h,2024-07,-0.00477041,-0.00477041,744,False
xs_rank_ret_1h,24h,2024-08,-0.01025612,-0.01025612,744,False
xs_rank_ret_1h,24h,2024-09,-0.0107153,-0.0107153,720,False
xs_rank_ret_1h,24h,2024-10,-0.01472232,-0.01472232,743,False
xs_rank_ret_1h,24h,2024-11,-0.00892117,-0.00892117,720,False
xs_rank_ret_1h,24h,2024-12,-0.02361334,-0.02361334,744,False
xs_rank_ret_1h,24h,2025-01,0.00064329,0.00064329,744,False
xs_rank_ret_1h,24h,2025-02,-0.00327414,-0.00327414,672,False
xs_rank_ret_1h,24h,2025-03,-0.00798045,-0.00798045,744,False
xs_rank_ret_1h,24h,2025-04,-0.01327553,-0.01327553,720,False
xs_rank_ret_1h,24h,2025-05,-0.01482984,-0.01482984,744,False
xs_rank_ret_1h,24h,2025-06,-0.01006546,-0.01006546,720,False
xs_rank_ret_1h,24h,2025-07,-0.01245167,-0.01245167,744,False
xs_rank_ret_1h,24h,2025-08,-0.00664359,-0.00664359,744,False
xs_rank_ret_1h,24h,2025-09,-0.0103701,-0.0103701,720,False
xs_rank_ret_1h,24h,2025-10,-0.01505172,-0.01505172,744,False
xs_rank_ret_1h,24h,2025-11,-0.01381276,-0.01381276,720,False
xs_rank_ret_1h,24h,2025-12,-0.01757435,-0.01757435,744,False
xs_rank_ret_1h,24h,2026-01,-0.0122483,-0.0122483,744,False
xs_rank_ret_1h,24h,2026-02,-0.01967534,-0.01967534,672,False
xs_rank_ret_1h,24h,2026-03,-0.02065573,-0.02065573,744,False
xs_rank_ret_1h,24h,2026-04,-0.02522972,-0.02522972,720,False
xs_rank_ret_1h,24h,2026-05,-0.01530613,-0.01530613,744,False
xs_rank_ret_1h,24h,2026-06,-0.00659594,-0.00659594,265,False
xs_rank_ret_1h,4h,2024-06,-0.01708661,-0.01708661,718,False
xs_rank_ret_1h,4h,2024-07,-0.01358224,-0.01358224,744,False
xs_rank_ret_1h,4h,2024-08,-0.03273838,-0.03273838,744,False
xs_rank_ret_1h,4h,2024-09,-0.04035416,-0.04035416,720,False
xs_rank_ret_1h,4h,2024-10,-0.03988744,-0.03988744,743,False
xs_rank_ret_1h,4h,2024-11,-0.02456795,-0.02456795,720,False
xs_rank_ret_1h,4h,2024-12,-0.05583401,-0.05583401,744,False
xs_rank_ret_1h,4h,2025-01,-0.00476032,-0.00476032,744,False
xs_rank_ret_1h,4h,2025-02,-0.00532506,-0.00532506,672,False
xs_rank_ret_1h,4h,2025-03,-0.02559001,-0.02559001,744,False
xs_rank_ret_1h,4h,2025-04,-0.03877789,-0.03877789,720,False
xs_rank_ret_1h,4h,2025-05,-0.01197273,-0.01197273,744,False
xs_rank_ret_1h,4h,2025-06,-0.0291382,-0.0291382,720,False
xs_rank_ret_1h,4h,2025-07,-0.03505491,-0.03505491,744,False
xs_rank_ret_1h,4h,2025-08,-0.0412412,-0.0412412,744,False
xs_rank_ret_1h,4h,2025-09,-0.0277775,-0.0277775,720,False
xs_rank_ret_1h,4h,2025-10,-0.02513891,-0.02513891,744,False
xs_rank_ret_1h,4h,2025-11,-0.0296756,-0.0296756,720,False
xs_rank_ret_1h,4h,2025-12,-0.03446742,-0.03446742,744,False
xs_rank_ret_1h,4h,2026-01,-0.02953069,-0.02953069,744,False
xs_rank_ret_1h,4h,2026-02,-0.01775411,-0.01775411,672,False
xs_rank_ret_1h,4h,2026-03,-0.02700463,-0.02700463,744,False
xs_rank_ret_1h,4h,2026-04,-0.0298998,-0.0298998,720,False
xs_rank_ret_1h,4h,2026-05,-0.03207461,-0.03207461,744,False
xs_rank_ret_1h,4h,2026-06,-0.03781329,-0.03781329,285,False
xs_rank_ret_1h,72h,2024-06,0.02138313,0.02138313,718,True
xs_rank_ret_1h,72h,2024-07,0.00201274,0.00201274,744,True
xs_rank_ret_1h,72h,2024-08,0.00151988,0.00151988,744,False
xs_rank_ret_1h,72h,2024-09,-0.00712312,-0.00712312,720,False
xs_rank_ret_1h,72h,2024-10,-0.01129168,-0.01129168,743,False
xs_rank_ret_1h,72h,2024-11,0.00730475,0.00730475,720,True
xs_rank_ret_1h,72h,2024-12,-0.01476557,-0.01476557,744,False
xs_rank_ret_1h,72h,2025-01,0.01752133,0.01752133,744,True
xs_rank_ret_1h,72h,2025-02,-0.00662884,-0.00662884,672,False
xs_rank_ret_1h,72h,2025-03,-0.00431814,-0.00431814,744,True
xs_rank_ret_1h,72h,2025-04,-0.01012188,-0.01012188,720,False
xs_rank_ret_1h,72h,2025-05,-0.00872999,-0.00872999,744,False
xs_rank_ret_1h,72h,2025-06,-0.01831897,-0.01831897,720,False
xs_rank_ret_1h,72h,2025-07,-0.00751301,-0.00751301,744,False
xs_rank_ret_1h,72h,2025-08,-0.01326546,-0.01326546,744,False
xs_rank_ret_1h,72h,2025-09,-0.00353424,-0.00353424,720,False
xs_rank_ret_1h,72h,2025-10,-0.00671752,-0.00671752,744,True
xs_rank_ret_1h,72h,2025-11,-0.0022082,-0.0022082,720,False
xs_rank_ret_1h,72h,2025-12,-0.01133626,-0.01133626,744,False
xs_rank_ret_1h,72h,2026-01,-0.00251472,-0.00251472,744,False
xs_rank_ret_1h,72h,2026-02,-0.00691965,-0.00691965,672,False
xs_rank_ret_1h,72h,2026-03,-0.00844657,-0.00844657,744,False
xs_rank_ret_1h,72h,2026-04,-0.01340424,-0.01340424,720,False
xs_rank_ret_1h,72h,2026-05,-0.00424277,-0.00424277,744,False
xs_rank_ret_1h,72h,2026-06,0.00299194,0.00299194,217,True
xs_rank_vol,1h,2024-06,-0.03178164,-0.03178164,700,False
xs_rank_vol,1h,2024-07,-0.02530558,-0.02530558,744,False
xs_rank_vol,1h,2024-08,-0.02363876,-0.02363876,744,False
xs_rank_vol,1h,2024-09,-0.01688619,-0.01688619,720,False
xs_rank_vol,1h,2024-10,-0.02497006,-0.02497006,743,False
xs_rank_vol,1h,2024-11,-0.01909733,-0.01909733,720,False
xs_rank_vol,1h,2024-12,-0.01822281,-0.01822281,744,False
xs_rank_vol,1h,2025-01,-0.03780476,-0.03780476,744,False
xs_rank_vol,1h,2025-02,-0.02110054,-0.02110054,672,False
xs_rank_vol,1h,2025-03,-0.02074945,-0.02074945,744,False
xs_rank_vol,1h,2025-04,-0.01181174,-0.01181174,720,False
xs_rank_vol,1h,2025-05,-0.02273915,-0.02273915,744,False
xs_rank_vol,1h,2025-06,-0.01758345,-0.01758345,720,False
xs_rank_vol,1h,2025-07,-0.01616352,-0.01616352,744,False
xs_rank_vol,1h,2025-08,-0.02007551,-0.02007551,744,False
xs_rank_vol,1h,2025-09,-0.01503032,-0.01503032,720,False
xs_rank_vol,1h,2025-10,-0.01466776,-0.01466776,744,False
xs_rank_vol,1h,2025-11,-0.01533057,-0.01533057,720,False
xs_rank_vol,1h,2025-12,-0.01940268,-0.01940268,744,False
xs_rank_vol,1h,2026-01,-0.01555931,-0.01555931,744,False
xs_rank_vol,1h,2026-02,-0.01203955,-0.01203955,672,False
xs_rank_vol,1h,2026-03,-0.01347829,-0.01347829,744,False
xs_rank_vol,1h,2026-04,-0.01644015,-0.01644015,720,False
xs_rank_vol,1h,2026-05,-0.01427821,-0.01427821,744,False
xs_rank_vol,1h,2026-06,-0.00494279,-0.00494279,288,False
xs_rank_vol,24h,2024-06,-0.08087889,-0.08087889,700,False
xs_rank_vol,24h,2024-07,-0.06012905,-0.06012905,744,False
xs_rank_vol,24h,2024-08,-0.06697891,-0.06697891,744,False
xs_rank_vol,24h,2024-09,-0.01690104,-0.01690104,720,False
xs_rank_vol,24h,2024-10,-0.06317743,-0.06317743,744,False
xs_rank_vol,24h,2024-11,-0.03543427,-0.03543427,720,False
xs_rank_vol,24h,2024-12,-0.06703681,-0.06703681,744,False
xs_rank_vol,24h,2025-01,-0.09968992,-0.09968992,744,False
xs_rank_vol,24h,2025-02,-0.06901478,-0.06901478,672,False
xs_rank_vol,24h,2025-03,-0.05734934,-0.05734934,744,False
xs_rank_vol,24h,2025-04,-0.01112203,-0.01112203,720,False
xs_rank_vol,24h,2025-05,-0.07218898,-0.07218898,744,False
xs_rank_vol,24h,2025-06,-0.04034803,-0.04034803,720,False
xs_rank_vol,24h,2025-07,-0.03548774,-0.03548774,744,False
xs_rank_vol,24h,2025-08,-0.07812842,-0.07812842,744,False
xs_rank_vol,24h,2025-09,-0.03547675,-0.03547675,720,False
xs_rank_vol,24h,2025-10,-0.05362005,-0.05362005,744,False
xs_rank_vol,24h,2025-11,-0.06794273,-0.06794273,720,False
xs_rank_vol,24h,2025-12,-0.05471006,-0.05471006,744,False
xs_rank_vol,24h,2026-01,-0.05005129,-0.05005129,744,False
xs_rank_vol,24h,2026-02,-0.05243336,-0.05243336,672,False
xs_rank_vol,24h,2026-03,-0.05431436,-0.05431436,744,False
xs_rank_vol,24h,2026-04,-0.05190437,-0.05190437,720,False
xs_rank_vol,24h,2026-05,-0.04868542,-0.04868542,744,False
xs_rank_vol,24h,2026-06,-0.03336394,-0.03336394,265,False
xs_rank_vol,4h,2024-06,-0.03891106,-0.03891106,700,False
xs_rank_vol,4h,2024-07,-0.0328253,-0.0328253,744,False
xs_rank_vol,4h,2024-08,-0.02956316,-0.02956316,744,False
xs_rank_vol,4h,2024-09,-0.02053074,-0.02053074,720,False
xs_rank_vol,4h,2024-10,-0.03494777,-0.03494777,744,False
xs_rank_vol,4h,2024-11,-0.02560501,-0.02560501,720,False
xs_rank_vol,4h,2024-12,-0.03374586,-0.03374586,744,False
xs_rank_vol,4h,2025-01,-0.05237236,-0.05237236,744,False
xs_rank_vol,4h,2025-02,-0.03446714,-0.03446714,672,False
xs_rank_vol,4h,2025-03,-0.03310931,-0.03310931,744,False
xs_rank_vol,4h,2025-04,-0.01529041,-0.01529041,720,False
xs_rank_vol,4h,2025-05,-0.03486056,-0.03486056,744,False
xs_rank_vol,4h,2025-06,-0.02403427,-0.02403427,720,False
xs_rank_vol,4h,2025-07,-0.02292344,-0.02292344,744,False
xs_rank_vol,4h,2025-08,-0.03584512,-0.03584512,744,False
xs_rank_vol,4h,2025-09,-0.02080078,-0.02080078,720,False
xs_rank_vol,4h,2025-10,-0.02435554,-0.02435554,744,False
xs_rank_vol,4h,2025-11,-0.02976136,-0.02976136,720,False
xs_rank_vol,4h,2025-12,-0.03151895,-0.03151895,744,False
xs_rank_vol,4h,2026-01,-0.02309967,-0.02309967,744,False
xs_rank_vol,4h,2026-02,-0.02333416,-0.02333416,672,False
xs_rank_vol,4h,2026-03,-0.02784102,-0.02784102,744,False
xs_rank_vol,4h,2026-04,-0.03043561,-0.03043561,720,False
xs_rank_vol,4h,2026-05,-0.02530428,-0.02530428,744,False
xs_rank_vol,4h,2026-06,-0.01508131,-0.01508131,285,False
xs_rank_vol,72h,2024-06,-0.10465927,-0.10465927,700,False
xs_rank_vol,72h,2024-07,-0.08912861,-0.08912861,744,False
xs_rank_vol,72h,2024-08,-0.09139499,-0.09139499,744,False
xs_rank_vol,72h,2024-09,0.00055343,0.00055343,720,False
xs_rank_vol,72h,2024-10,-0.0772525,-0.0772525,744,False
xs_rank_vol,72h,2024-11,-0.03445788,-0.03445788,720,False
xs_rank_vol,72h,2024-12,-0.07213915,-0.07213915,744,False
xs_rank_vol,72h,2025-01,-0.15868892,-0.15868892,744,False
xs_rank_vol,72h,2025-02,-0.06908427,-0.06908427,672,False
xs_rank_vol,72h,2025-03,-0.07817452,-0.07817452,744,False
xs_rank_vol,72h,2025-04,0.01434562,0.01434562,720,True
xs_rank_vol,72h,2025-05,-0.09791689,-0.09791689,744,False
xs_rank_vol,72h,2025-06,-0.06600779,-0.06600779,720,False
xs_rank_vol,72h,2025-07,-0.03117554,-0.03117554,744,False
xs_rank_vol,72h,2025-08,-0.10514373,-0.10514373,744,False
xs_rank_vol,72h,2025-09,-0.02896022,-0.02896022,720,False
xs_rank_vol,72h,2025-10,-0.08555315,-0.08555315,744,False
xs_rank_vol,72h,2025-11,-0.07876343,-0.07876343,720,False
xs_rank_vol,72h,2025-12,-0.05456192,-0.05456192,744,False
xs_rank_vol,72h,2026-01,-0.07242545,-0.07242545,744,False
xs_rank_vol,72h,2026-02,-0.07333216,-0.07333216,672,False
xs_rank_vol,72h,2026-03,-0.06160057,-0.06160057,744,False
xs_rank_vol,72h,2026-04,-0.0616744,-0.0616744,720,False
xs_rank_vol,72h,2026-05,-0.07885949,-0.07885949,744,False
xs_rank_vol,72h,2026-06,-0.0257099,-0.0257099,217,False
mom_vol_adjusted_20h,1h,2024-06,-0.00226025,-0.00226025,699,False
mom_vol_adjusted_20h,1h,2024-07,-0.01410279,-0.01410279,744,False
mom_vol_adjusted_20h,1h,2024-08,-0.02826877,-0.02826877,744,False
mom_vol_adjusted_20h,1h,2024-09,-0.02020615,-0.02020615,720,False
mom_vol_adjusted_20h,1h,2024-10,-0.03509788,-0.03509788,743,False
mom_vol_adjusted_20h,1h,2024-11,-0.01778533,-0.01778533,720,False
mom_vol_adjusted_20h,1h,2024-12,-0.03774764,-0.03774764,744,False
mom_vol_adjusted_20h,1h,2025-01,-0.01550628,-0.01550628,744,False
mom_vol_adjusted_20h,1h,2025-02,-0.00885689,-0.00885689,672,False
mom_vol_adjusted_20h,1h,2025-03,-0.02037127,-0.02037127,744,False
mom_vol_adjusted_20h,1h,2025-04,-0.01490689,-0.01490689,720,False
mom_vol_adjusted_20h,1h,2025-05,-0.02542177,-0.02542177,744,False
mom_vol_adjusted_20h,1h,2025-06,-0.02666629,-0.02666629,720,False
mom_vol_adjusted_20h,1h,2025-07,-0.02364805,-0.02364805,744,False
mom_vol_adjusted_20h,1h,2025-08,-0.01315643,-0.01315643,744,False
mom_vol_adjusted_20h,1h,2025-09,-0.02072326,-0.02072326,720,False
mom_vol_adjusted_20h,1h,2025-10,-0.02459322,-0.02459322,744,False
mom_vol_adjusted_20h,1h,2025-11,-0.0219536,-0.0219536,720,False
mom_vol_adjusted_20h,1h,2025-12,-0.02996643,-0.02996643,744,False
mom_vol_adjusted_20h,1h,2026-01,-0.02613427,-0.02613427,744,False
mom_vol_adjusted_20h,1h,2026-02,-0.01775788,-0.01775788,672,False
mom_vol_adjusted_20h,1h,2026-03,-0.01661269,-0.01661269,744,False
mom_vol_adjusted_20h,1h,2026-04,-0.02362872,-0.02362872,720,False
mom_vol_adjusted_20h,1h,2026-05,-0.01841269,-0.01841269,744,False
mom_vol_adjusted_20h,1h,2026-06,-0.00455918,-0.00455918,288,False
mom_vol_adjusted_20h,24h,2024-06,0.03224841,0.03224841,699,True
mom_vol_adjusted_20h,24h,2024-07,-0.01514248,-0.01514248,744,False
mom_vol_adjusted_20h,24h,2024-08,-0.00787172,-0.00787172,744,False
mom_vol_adjusted_20h,24h,2024-09,-0.0082339,-0.0082339,720,False
mom_vol_adjusted_20h,24h,2024-10,-0.0491028,-0.0491028,744,False
mom_vol_adjusted_20h,24h,2024-11,-0.01635022,-0.01635022,720,False
mom_vol_adjusted_20h,24h,2024-12,-0.04029262,-0.04029262,744,False
mom_vol_adjusted_20h,24h,2025-01,0.0254991,0.0254991,744,True
mom_vol_adjusted_20h,24h,2025-02,0.02549239,0.02549239,672,True
mom_vol_adjusted_20h,24h,2025-03,-0.01097245,-0.01097245,744,False
mom_vol_adjusted_20h,24h,2025-04,-0.02440356,-0.02440356,720,False
mom_vol_adjusted_20h,24h,2025-05,-0.06633285,-0.06633285,744,False
mom_vol_adjusted_20h,24h,2025-06,-0.04366575,-0.04366575,720,False
mom_vol_adjusted_20h,24h,2025-07,-0.01698029,-0.01698029,744,False
mom_vol_adjusted_20h,24h,2025-08,-0.01774917,-0.01774917,744,False
mom_vol_adjusted_20h,24h,2025-09,-0.02879145,-0.02879145,720,False
mom_vol_adjusted_20h,24h,2025-10,-0.02783201,-0.02783201,744,False
mom_vol_adjusted_20h,24h,2025-11,-0.03480964,-0.03480964,720,False
mom_vol_adjusted_20h,24h,2025-12,-0.04098253,-0.04098253,744,False
mom_vol_adjusted_20h,24h,2026-01,-0.02391833,-0.02391833,744,False
mom_vol_adjusted_20h,24h,2026-02,-0.04480845,-0.04480845,672,False
mom_vol_adjusted_20h,24h,2026-03,-0.02711293,-0.02711293,744,False
mom_vol_adjusted_20h,24h,2026-04,-0.06738261,-0.06738261,720,False
mom_vol_adjusted_20h,24h,2026-05,-0.01091238,-0.01091238,744,False
mom_vol_adjusted_20h,24h,2026-06,0.03033785,0.03033785,265,True
mom_vol_adjusted_20h,4h,2024-06,-0.00310521,-0.00310521,699,False
mom_vol_adjusted_20h,4h,2024-07,-0.01758394,-0.01758394,744,False
mom_vol_adjusted_20h,4h,2024-08,-0.0392319,-0.0392319,744,False
mom_vol_adjusted_20h,4h,2024-09,-0.00738078,-0.00738078,720,False
mom_vol_adjusted_20h,4h,2024-10,-0.0448455,-0.0448455,744,False
mom_vol_adjusted_20h,4h,2024-11,-0.01663261,-0.01663261,720,False
mom_vol_adjusted_20h,4h,2024-12,-0.04427899,-0.04427899,744,False
mom_vol_adjusted_20h,4h,2025-01,-0.02014474,-0.02014474,744,False
mom_vol_adjusted_20h,4h,2025-02,-0.00472984,-0.00472984,672,False
mom_vol_adjusted_20h,4h,2025-03,-0.03133399,-0.03133399,744,False
mom_vol_adjusted_20h,4h,2025-04,-0.00775193,-0.00775193,720,False
mom_vol_adjusted_20h,4h,2025-05,-0.04257306,-0.04257306,744,False
mom_vol_adjusted_20h,4h,2025-06,-0.04262993,-0.04262993,720,False
mom_vol_adjusted_20h,4h,2025-07,-0.0216831,-0.0216831,744,False
mom_vol_adjusted_20h,4h,2025-08,-0.00507373,-0.00507373,744,False
mom_vol_adjusted_20h,4h,2025-09,-0.02020081,-0.02020081,720,False
mom_vol_adjusted_20h,4h,2025-10,-0.033067,-0.033067,744,False
mom_vol_adjusted_20h,4h,2025-11,-0.03046845,-0.03046845,720,False
mom_vol_adjusted_20h,4h,2025-12,-0.04573703,-0.04573703,744,False
mom_vol_adjusted_20h,4h,2026-01,-0.02702993,-0.02702993,744,False
mom_vol_adjusted_20h,4h,2026-02,-0.0300112,-0.0300112,672,False
mom_vol_adjusted_20h,4h,2026-03,-0.03453885,-0.03453885,744,False
mom_vol_adjusted_20h,4h,2026-04,-0.04233536,-0.04233536,720,False
mom_vol_adjusted_20h,4h,2026-05,-0.03054909,-0.03054909,744,False
mom_vol_adjusted_20h,4h,2026-06,0.00632554,0.00632554,285,True
mom_vol_adjusted_20h,72h,2024-06,0.05051597,0.05051597,699,True
mom_vol_adjusted_20h,72h,2024-07,-0.03172481,-0.03172481,744,False
mom_vol_adjusted_20h,72h,2024-08,-0.00830074,-0.00830074,744,False
mom_vol_adjusted_20h,72h,2024-09,-0.02489852,-0.02489852,720,False
mom_vol_adjusted_20h,72h,2024-10,-0.07141928,-0.07141928,744,False
mom_vol_adjusted_20h,72h,2024-11,0.038393,0.038393,720,True
mom_vol_adjusted_20h,72h,2024-12,-0.02300583,-0.02300583,744,False
mom_vol_adjusted_20h,72h,2025-01,0.04148099,0.04148099,744,True
mom_vol_adjusted_20h,72h,2025-02,-0.01887035,-0.01887035,672,False
mom_vol_adjusted_20h,72h,2025-03,-0.01011614,-0.01011614,744,False
mom_vol_adjusted_20h,72h,2025-04,0.00112161,0.00112161,720,True
mom_vol_adjusted_20h,72h,2025-05,-0.04093164,-0.04093164,744,False
mom_vol_adjusted_20h,72h,2025-06,-0.05484563,-0.05484563,720,False
mom_vol_adjusted_20h,72h,2025-07,-0.01163265,-0.01163265,744,False
mom_vol_adjusted_20h,72h,2025-08,-0.03454436,-0.03454436,744,False
mom_vol_adjusted_20h,72h,2025-09,-0.00648773,-0.00648773,720,False
mom_vol_adjusted_20h,72h,2025-10,-0.00993607,-0.00993607,744,False
mom_vol_adjusted_20h,72h,2025-11,-0.0080925,-0.0080925,720,False
mom_vol_adjusted_20h,72h,2025-12,-0.03389516,-0.03389516,744,False
mom_vol_adjusted_20h,72h,2026-01,0.00950965,0.00950965,744,True
mom_vol_adjusted_20h,72h,2026-02,-0.01605114,-0.01605114,672,False
mom_vol_adjusted_20h,72h,2026-03,-0.01430418,-0.01430418,744,False
mom_vol_adjusted_20h,72h,2026-04,-0.02921562,-0.02921562,720,False
mom_vol_adjusted_20h,72h,2026-05,-0.00319727,-0.00319727,744,False
mom_vol_adjusted_20h,72h,2026-06,-0.00662923,-0.00662923,217,False
range_breakout_vol_confirm_20h,1h,2024-06,-0.00422225,-0.00422225,326,False
range_breakout_vol_confirm_20h,1h,2024-07,-0.00857298,-0.00857298,379,False
range_breakout_vol_confirm_20h,1h,2024-08,-0.03035625,-0.03035625,330,False
range_breakout_vol_confirm_20h,1h,2024-09,-0.04823534,-0.04823534,369,False
range_breakout_vol_confirm_20h,1h,2024-10,-0.04897224,-0.04897224,344,False
range_breakout_vol_confirm_20h,1h,2024-11,-0.06149812,-0.06149812,413,False
range_breakout_vol_confirm_20h,1h,2024-12,-0.05648337,-0.05648337,341,False
range_breakout_vol_confirm_20h,1h,2025-01,-0.03354312,-0.03354312,371,False
range_breakout_vol_confirm_20h,1h,2025-02,-0.03951685,-0.03951685,288,False
range_breakout_vol_confirm_20h,1h,2025-03,0.00109273,0.00109273,401,True
range_breakout_vol_confirm_20h,1h,2025-04,-0.02117761,-0.02117761,434,False
range_breakout_vol_confirm_20h,1h,2025-05,-0.01973848,-0.01973848,399,False
range_breakout_vol_confirm_20h,1h,2025-06,-0.01307621,-0.01307621,399,False
range_breakout_vol_confirm_20h,1h,2025-07,-0.04535916,-0.04535916,454,False
range_breakout_vol_confirm_20h,1h,2025-08,-0.0429079,-0.0429079,435,False
range_breakout_vol_confirm_20h,1h,2025-09,-0.01422962,-0.01422962,458,False
range_breakout_vol_confirm_20h,1h,2025-10,-0.02240746,-0.02240746,465,False
range_breakout_vol_confirm_20h,1h,2025-11,-0.04180165,-0.04180165,469,False
range_breakout_vol_confirm_20h,1h,2025-12,-0.04818259,-0.04818259,546,False
range_breakout_vol_confirm_20h,1h,2026-01,-0.04724686,-0.04724686,580,False
range_breakout_vol_confirm_20h,1h,2026-02,-0.02545095,-0.02545095,459,False
range_breakout_vol_confirm_20h,1h,2026-03,-0.0165351,-0.0165351,652,False
range_breakout_vol_confirm_20h,1h,2026-04,-0.01416679,-0.01416679,659,False
range_breakout_vol_confirm_20h,1h,2026-05,-0.013502,-0.013502,646,False
range_breakout_vol_confirm_20h,1h,2026-06,-0.03469045,-0.03469045,231,False
range_breakout_vol_confirm_20h,24h,2024-06,-0.04973947,-0.04973947,326,False
range_breakout_vol_confirm_20h,24h,2024-07,-0.04390053,-0.04390053,379,False
range_breakout_vol_confirm_20h,24h,2024-08,-0.05899807,-0.05899807,330,False
range_breakout_vol_confirm_20h,24h,2024-09,-0.0088269,-0.0088269,369,False
range_breakout_vol_confirm_20h,24h,2024-10,-0.03729666,-0.03729666,345,False
range_breakout_vol_confirm_20h,24h,2024-11,-0.03644057,-0.03644057,413,False
range_breakout_vol_confirm_20h,24h,2024-12,-0.03452106,-0.03452106,341,False
range_breakout_vol_confirm_20h,24h,2025-01,-0.03921191,-0.03921191,371,False
range_breakout_vol_confirm_20h,24h,2025-02,-0.01265697,-0.01265697,288,False
range_breakout_vol_confirm_20h,24h,2025-03,-0.0306353,-0.0306353,401,False
range_breakout_vol_confirm_20h,24h,2025-04,-0.02085798,-0.02085798,434,False
range_breakout_vol_confirm_20h,24h,2025-05,-0.04613321,-0.04613321,399,False
range_breakout_vol_confirm_20h,24h,2025-06,-0.05093432,-0.05093432,399,False
range_breakout_vol_confirm_20h,24h,2025-07,-0.02906398,-0.02906398,454,False
range_breakout_vol_confirm_20h,24h,2025-08,-0.04504716,-0.04504716,435,False
range_breakout_vol_confirm_20h,24h,2025-09,-0.0302348,-0.0302348,458,False
range_breakout_vol_confirm_20h,24h,2025-10,-0.05366419,-0.05366419,465,False
range_breakout_vol_confirm_20h,24h,2025-11,-0.08849561,-0.08849561,469,False
range_breakout_vol_confirm_20h,24h,2025-12,-0.07772727,-0.07772727,546,False
range_breakout_vol_confirm_20h,24h,2026-01,-0.06262177,-0.06262177,580,False
range_breakout_vol_confirm_20h,24h,2026-02,-0.0548053,-0.0548053,459,False
range_breakout_vol_confirm_20h,24h,2026-03,-0.02001815,-0.02001815,652,False
range_breakout_vol_confirm_20h,24h,2026-04,-0.02093701,-0.02093701,659,False
range_breakout_vol_confirm_20h,24h,2026-05,-0.02978936,-0.02978936,646,False
range_breakout_vol_confirm_20h,24h,2026-06,-0.01243314,-0.01243314,208,False
range_breakout_vol_confirm_20h,4h,2024-06,0.00375657,0.00375657,326,True
range_breakout_vol_confirm_20h,4h,2024-07,-0.01006217,-0.01006217,379,False
range_breakout_vol_confirm_20h,4h,2024-08,-0.04878575,-0.04878575,330,False
range_breakout_vol_confirm_20h,4h,2024-09,-0.02804704,-0.02804704,369,False
range_breakout_vol_confirm_20h,4h,2024-10,-0.03519951,-0.03519951,345,False
range_breakout_vol_confirm_20h,4h,2024-11,-0.03808913,-0.03808913,413,False
range_breakout_vol_confirm_20h,4h,2024-12,-0.04105774,-0.04105774,341,False
range_breakout_vol_confirm_20h,4h,2025-01,-0.04306383,-0.04306383,371,False
range_breakout_vol_confirm_20h,4h,2025-02,-0.04032282,-0.04032282,288,False
range_breakout_vol_confirm_20h,4h,2025-03,-0.03495758,-0.03495758,401,False
range_breakout_vol_confirm_20h,4h,2025-04,-0.03019775,-0.03019775,434,False
range_breakout_vol_confirm_20h,4h,2025-05,-0.00388185,-0.00388185,399,False
range_breakout_vol_confirm_20h,4h,2025-06,-0.04375042,-0.04375042,399,False
range_breakout_vol_confirm_20h,4h,2025-07,-0.06037651,-0.06037651,454,False
range_breakout_vol_confirm_20h,4h,2025-08,-0.03587659,-0.03587659,435,False
range_breakout_vol_confirm_20h,4h,2025-09,-0.01726354,-0.01726354,458,False
range_breakout_vol_confirm_20h,4h,2025-10,-0.03526871,-0.03526871,465,False
range_breakout_vol_confirm_20h,4h,2025-11,-0.0564095,-0.0564095,469,False
range_breakout_vol_confirm_20h,4h,2025-12,-0.06662336,-0.06662336,546,False
range_breakout_vol_confirm_20h,4h,2026-01,-0.0443973,-0.0443973,580,False
range_breakout_vol_confirm_20h,4h,2026-02,-0.04849909,-0.04849909,459,False
range_breakout_vol_confirm_20h,4h,2026-03,-0.03016427,-0.03016427,652,False
range_breakout_vol_confirm_20h,4h,2026-04,-0.01989132,-0.01989132,659,False
range_breakout_vol_confirm_20h,4h,2026-05,-0.03321092,-0.03321092,646,False
range_breakout_vol_confirm_20h,4h,2026-06,-0.01746968,-0.01746968,228,False
range_breakout_vol_confirm_20h,72h,2024-06,-0.05292304,-0.05292304,326,False
range_breakout_vol_confirm_20h,72h,2024-07,-0.04598328,-0.04598328,379,False
range_breakout_vol_confirm_20h,72h,2024-08,-0.05386871,-0.05386871,330,False
range_breakout_vol_confirm_20h,72h,2024-09,-0.01325632,-0.01325632,369,False
range_breakout_vol_confirm_20h,72h,2024-10,-0.02733495,-0.02733495,345,False
range_breakout_vol_confirm_20h,72h,2024-11,-0.01132128,-0.01132128,413,False
range_breakout_vol_confirm_20h,72h,2024-12,-0.04765364,-0.04765364,341,False
range_breakout_vol_confirm_20h,72h,2025-01,-0.03255964,-0.03255964,371,False
range_breakout_vol_confirm_20h,72h,2025-02,-0.02699646,-0.02699646,288,False
range_breakout_vol_confirm_20h,72h,2025-03,-0.04502509,-0.04502509,401,False
range_breakout_vol_confirm_20h,72h,2025-04,-0.00458977,-0.00458977,434,False
range_breakout_vol_confirm_20h,72h,2025-05,-0.02579072,-0.02579072,399,False
range_breakout_vol_confirm_20h,72h,2025-06,-0.05293753,-0.05293753,399,False
range_breakout_vol_confirm_20h,72h,2025-07,-0.03415606,-0.03415606,454,False
range_breakout_vol_confirm_20h,72h,2025-08,-0.04682967,-0.04682967,435,False
range_breakout_vol_confirm_20h,72h,2025-09,-0.02340362,-0.02340362,458,False
range_breakout_vol_confirm_20h,72h,2025-10,-0.03810987,-0.03810987,465,False
range_breakout_vol_confirm_20h,72h,2025-11,-0.05903161,-0.05903161,469,False
range_breakout_vol_confirm_20h,72h,2025-12,-0.06452859,-0.06452859,546,False
range_breakout_vol_confirm_20h,72h,2026-01,-0.05987521,-0.05987521,580,False
range_breakout_vol_confirm_20h,72h,2026-02,-0.02891102,-0.02891102,459,False
range_breakout_vol_confirm_20h,72h,2026-03,-0.01452775,-0.01452775,652,False
range_breakout_vol_confirm_20h,72h,2026-04,-0.02459028,-0.02459028,659,False
range_breakout_vol_confirm_20h,72h,2026-05,-0.0153547,-0.0153547,646,False
range_breakout_vol_confirm_20h,72h,2026-06,-0.04291041,-0.04291041,166,False
rev_2h,1h,2024-06,0.00695743,0.00695743,717,True
rev_2h,1h,2024-07,0.00135854,0.00135854,744,True
rev_2h,1h,2024-08,0.03120079,0.03120079,744,True
rev_2h,1h,2024-09,0.05395776,0.05395776,720,True
rev_2h,1h,2024-10,0.05012821,0.05012821,743,True
rev_2h,1h,2024-11,0.04652379,0.04652379,720,True
rev_2h,1h,2024-12,0.06907122,0.06907122,744,True
rev_2h,1h,2025-01,0.02276645,0.02276645,744,True
rev_2h,1h,2025-02,0.01684563,0.01684563,672,True
rev_2h,1h,2025-03,0.03534211,0.03534211,744,True
rev_2h,1h,2025-04,0.04960826,0.04960826,720,True
rev_2h,1h,2025-05,0.03555441,0.03555441,744,True
rev_2h,1h,2025-06,0.02717201,0.02717201,720,True
rev_2h,1h,2025-07,0.04588667,0.04588667,744,True
rev_2h,1h,2025-08,0.0538242,0.0538242,744,True
rev_2h,1h,2025-09,0.03926549,0.03926549,720,True
rev_2h,1h,2025-10,0.03190271,0.03190271,744,True
rev_2h,1h,2025-11,0.04206063,0.04206063,720,True
rev_2h,1h,2025-12,0.04015483,0.04015483,744,True
rev_2h,1h,2026-01,0.04380411,0.04380411,744,True
rev_2h,1h,2026-02,0.02600729,0.02600729,672,True
rev_2h,1h,2026-03,0.0218452,0.0218452,744,True
rev_2h,1h,2026-04,0.03328326,0.03328326,720,True
rev_2h,1h,2026-05,0.03260566,0.03260566,744,True
rev_2h,1h,2026-06,0.05173947,0.05173947,288,True
rev_2h,24h,2024-06,-0.00380049,-0.00380049,717,False
rev_2h,24h,2024-07,0.00815218,0.00815218,744,True
rev_2h,24h,2024-08,0.01349375,0.01349375,744,True
rev_2h,24h,2024-09,0.0121353,0.0121353,720,True
rev_2h,24h,2024-10,0.016754,0.016754,744,True
rev_2h,24h,2024-11,0.01537991,0.01537991,720,True
rev_2h,24h,2024-12,0.03055816,0.03055816,744,True
rev_2h,24h,2025-01,-6.509e-05,-6.509e-05,744,False
rev_2h,24h,2025-02,0.00183026,0.00183026,672,True
rev_2h,24h,2025-03,0.00904549,0.00904549,744,True
rev_2h,24h,2025-04,0.01540481,0.01540481,720,True
rev_2h,24h,2025-05,0.01790522,0.01790522,744,True
rev_2h,24h,2025-06,0.01414338,0.01414338,720,True
rev_2h,24h,2025-07,0.01776238,0.01776238,744,True
rev_2h,24h,2025-08,0.00444023,0.00444023,744,True
rev_2h,24h,2025-09,0.01491948,0.01491948,720,True
rev_2h,24h,2025-10,0.02139953,0.02139953,744,True
rev_2h,24h,2025-11,0.01638493,0.01638493,720,True
rev_2h,24h,2025-12,0.02705367,0.02705367,744,True
rev_2h,24h,2026-01,0.01557285,0.01557285,744,True
rev_2h,24h,2026-02,0.02481732,0.02481732,672,True
rev_2h,24h,2026-03,0.0239055,0.0239055,744,True
rev_2h,24h,2026-04,0.03418851,0.03418851,720,True
rev_2h,24h,2026-05,0.01879155,0.01879155,744,True
rev_2h,24h,2026-06,0.00296217,0.00296217,265,True
rev_2h,4h,2024-06,0.0151262,0.0151262,717,True
rev_2h,4h,2024-07,0.01772878,0.01772878,744,True
rev_2h,4h,2024-08,0.03838384,0.03838384,744,True
rev_2h,4h,2024-09,0.03476192,0.03476192,720,True
rev_2h,4h,2024-10,0.04320132,0.04320132,744,True
rev_2h,4h,2024-11,0.03083994,0.03083994,720,True
rev_2h,4h,2024-12,0.06172939,0.06172939,744,True
rev_2h,4h,2025-01,-0.00039093,-0.00039093,744,False
rev_2h,4h,2025-02,0.00083042,0.00083042,672,True
rev_2h,4h,2025-03,0.03674918,0.03674918,744,True
rev_2h,4h,2025-04,0.04274933,0.04274933,720,True
rev_2h,4h,2025-05,0.01046134,0.01046134,744,True
rev_2h,4h,2025-06,0.03461824,0.03461824,720,True
rev_2h,4h,2025-07,0.04408657,0.04408657,744,True
rev_2h,4h,2025-08,0.04701588,0.04701588,744,True
rev_2h,4h,2025-09,0.03358246,0.03358246,720,True
rev_2h,4h,2025-10,0.0303715,0.0303715,744,True
rev_2h,4h,2025-11,0.03159505,0.03159505,720,True
rev_2h,4h,2025-12,0.04429611,0.04429611,744,True
rev_2h,4h,2026-01,0.03340337,0.03340337,744,True
rev_2h,4h,2026-02,0.01720104,0.01720104,672,True
rev_2h,4h,2026-03,0.02785956,0.02785956,744,True
rev_2h,4h,2026-04,0.03132111,0.03132111,720,True
rev_2h,4h,2026-05,0.03381715,0.03381715,744,True
rev_2h,4h,2026-06,0.04135551,0.04135551,285,True
rev_2h,72h,2024-06,-0.02461923,-0.02461923,717,False
rev_2h,72h,2024-07,0.00301396,0.00301396,744,True
rev_2h,72h,2024-08,-0.00014405,-0.00014405,744,False
rev_2h,72h,2024-09,0.01162291,0.01162291,720,True
rev_2h,72h,2024-10,0.01445096,0.01445096,744,True
rev_2h,72h,2024-11,-0.00857886,-0.00857886,720,False
rev_2h,72h,2024-12,0.01906445,0.01906445,744,True
rev_2h,72h,2025-01,-0.02246473,-0.02246473,744,False
rev_2h,72h,2025-02,0.00957347,0.00957347,672,True
rev_2h,72h,2025-03,0.00487726,0.00487726,744,True
rev_2h,72h,2025-04,0.0120537,0.0120537,720,True
rev_2h,72h,2025-05,0.01155858,0.01155858,744,True
rev_2h,72h,2025-06,0.02606157,0.02606157,720,True
rev_2h,72h,2025-07,0.01350601,0.01350601,744,True
rev_2h,72h,2025-08,0.0187465,0.0187465,744,True
rev_2h,72h,2025-09,0.00398252,0.00398252,720,True
rev_2h,72h,2025-10,0.00916227,0.00916227,744,True
rev_2h,72h,2025-11,0.00306185,0.00306185,720,True
rev_2h,72h,2025-12,0.01781418,0.01781418,744,True
rev_2h,72h,2026-01,0.00120025,0.00120025,744,True
rev_2h,72h,2026-02,0.00717317,0.00717317,672,True
rev_2h,72h,2026-03,0.01089358,0.01089358,744,True
rev_2h,72h,2026-04,0.01757379,0.01757379,720,True
rev_2h,72h,2026-05,0.00381268,0.00381268,744,True
rev_2h,72h,2026-06,-0.00297622,-0.00297622,217,False
volume_pressure_20h,1h,2024-06,0.00495025,0.00495025,699,True
volume_pressure_20h,1h,2024-07,-0.00934294,-0.00934294,744,False
volume_pressure_20h,1h,2024-08,-0.01042762,-0.01042762,744,False
volume_pressure_20h,1h,2024-09,-0.00919357,-0.00919357,720,False
volume_pressure_20h,1h,2024-10,-0.01738523,-0.01738523,743,False
volume_pressure_20h,1h,2024-11,-0.01614992,-0.01614992,720,False
volume_pressure_20h,1h,2024-12,-0.01659121,-0.01659121,744,False
volume_pressure_20h,1h,2025-01,-0.00357543,-0.00357543,744,False
volume_pressure_20h,1h,2025-02,-0.01304683,-0.01304683,672,False
volume_pressure_20h,1h,2025-03,-0.01017812,-0.01017812,744,False
volume_pressure_20h,1h,2025-04,-0.00842995,-0.00842995,720,False
volume_pressure_20h,1h,2025-05,-0.01006982,-0.01006982,744,False
volume_pressure_20h,1h,2025-06,-0.00959527,-0.00959527,720,False
volume_pressure_20h,1h,2025-07,-0.00968404,-0.00968404,744,False
volume_pressure_20h,1h,2025-08,-0.00740901,-0.00740901,744,False
volume_pressure_20h,1h,2025-09,-0.01404341,-0.01404341,720,False
volume_pressure_20h,1h,2025-10,-0.01436983,-0.01436983,744,False
volume_pressure_20h,1h,2025-11,-0.01342996,-0.01342996,720,False
volume_pressure_20h,1h,2025-12,-0.01746161,-0.01746161,744,False
volume_pressure_20h,1h,2026-01,-0.01580481,-0.01580481,744,False
volume_pressure_20h,1h,2026-02,-0.01108963,-0.01108963,672,False
volume_pressure_20h,1h,2026-03,-0.00985913,-0.00985913,744,False
volume_pressure_20h,1h,2026-04,-0.01437562,-0.01437562,720,False
volume_pressure_20h,1h,2026-05,-0.00924642,-0.00924642,744,False
volume_pressure_20h,1h,2026-06,-0.00926001,-0.00926001,288,False
volume_pressure_20h,24h,2024-06,0.00777457,0.00777457,699,True
volume_pressure_20h,24h,2024-07,0.01607652,0.01607652,744,True
volume_pressure_20h,24h,2024-08,0.01605942,0.01605942,744,True
volume_pressure_20h,24h,2024-09,-0.02393769,-0.02393769,720,False
volume_pressure_20h,24h,2024-10,-0.06092545,-0.06092545,744,False
volume_pressure_20h,24h,2024-11,-0.0003729,-0.0003729,720,False
volume_pressure_20h,24h,2024-12,-0.02092781,-0.02092781,744,False
volume_pressure_20h,24h,2025-01,-6.72e-05,-6.72e-05,744,False
volume_pressure_20h,24h,2025-02,-0.00505015,-0.00505015,672,False
volume_pressure_20h,24h,2025-03,-0.00784844,-0.00784844,744,False
volume_pressure_20h,24h,2025-04,-0.02426968,-0.02426968,720,False
volume_pressure_20h,24h,2025-05,-0.01870556,-0.01870556,744,False
volume_pressure_20h,24h,2025-06,-0.01483083,-0.01483083,720,False
volume_pressure_20h,24h,2025-07,-0.02334208,-0.02334208,744,False
volume_pressure_20h,24h,2025-08,-0.02067538,-0.02067538,744,False
volume_pressure_20h,24h,2025-09,-0.03300018,-0.03300018,720,False
volume_pressure_20h,24h,2025-10,-0.03011689,-0.03011689,744,False
volume_pressure_20h,24h,2025-11,-0.00982342,-0.00982342,720,False
volume_pressure_20h,24h,2025-12,-0.02732131,-0.02732131,744,False
volume_pressure_20h,24h,2026-01,-0.01496681,-0.01496681,744,False
volume_pressure_20h,24h,2026-02,-0.02925213,-0.02925213,672,False
volume_pressure_20h,24h,2026-03,-0.02636927,-0.02636927,744,False
volume_pressure_20h,24h,2026-04,-0.06044589,-0.06044589,720,False
volume_pressure_20h,24h,2026-05,0.01100825,0.01100825,744,True
volume_pressure_20h,24h,2026-06,0.00686143,0.00686143,265,True
volume_pressure_20h,4h,2024-06,0.00651008,0.00651008,699,True
volume_pressure_20h,4h,2024-07,-0.01748564,-0.01748564,744,False
volume_pressure_20h,4h,2024-08,-0.01384693,-0.01384693,744,False
volume_pressure_20h,4h,2024-09,-0.00375185,-0.00375185,720,False
volume_pressure_20h,4h,2024-10,-0.0241217,-0.0241217,744,False
volume_pressure_20h,4h,2024-11,-0.01329499,-0.01329499,720,False
volume_pressure_20h,4h,2024-12,-0.0184175,-0.0184175,744,False
volume_pressure_20h,4h,2025-01,-0.00847987,-0.00847987,744,False
volume_pressure_20h,4h,2025-02,-0.02175337,-0.02175337,672,False
volume_pressure_20h,4h,2025-03,-0.01708597,-0.01708597,744,False
volume_pressure_20h,4h,2025-04,-0.0018627,-0.0018627,720,False
volume_pressure_20h,4h,2025-05,-0.01715975,-0.01715975,744,False
volume_pressure_20h,4h,2025-06,-0.01048612,-0.01048612,720,False
volume_pressure_20h,4h,2025-07,-0.00662737,-0.00662737,744,False
volume_pressure_20h,4h,2025-08,0.00014703,0.00014703,744,True
volume_pressure_20h,4h,2025-09,-0.01506722,-0.01506722,720,False
volume_pressure_20h,4h,2025-10,-0.02242686,-0.02242686,744,False
volume_pressure_20h,4h,2025-11,-0.01817186,-0.01817186,720,False
volume_pressure_20h,4h,2025-12,-0.02516794,-0.02516794,744,False
volume_pressure_20h,4h,2026-01,-0.01507826,-0.01507826,744,False
volume_pressure_20h,4h,2026-02,-0.01484812,-0.01484812,672,False
volume_pressure_20h,4h,2026-03,-0.02573202,-0.02573202,744,False
volume_pressure_20h,4h,2026-04,-0.02875337,-0.02875337,720,False
volume_pressure_20h,4h,2026-05,-0.01672461,-0.01672461,744,False
volume_pressure_20h,4h,2026-06,-0.01182405,-0.01182405,285,False
volume_pressure_20h,72h,2024-06,0.02794734,0.02794734,699,True
volume_pressure_20h,72h,2024-07,-0.0038881,-0.0038881,744,False
volume_pressure_20h,72h,2024-08,-0.0017202,-0.0017202,744,False
volume_pressure_20h,72h,2024-09,-0.00992016,-0.00992016,720,False
volume_pressure_20h,72h,2024-10,-0.05590552,-0.05590552,744,False
volume_pressure_20h,72h,2024-11,0.02629122,0.02629122,720,True
volume_pressure_20h,72h,2024-12,-0.02515602,-0.02515602,744,False
volume_pressure_20h,72h,2025-01,0.01123057,0.01123057,744,True
volume_pressure_20h,72h,2025-02,-0.02247482,-0.02247482,672,False
volume_pressure_20h,72h,2025-03,-0.01285488,-0.01285488,744,False
volume_pressure_20h,72h,2025-04,-0.00729386,-0.00729386,720,False
volume_pressure_20h,72h,2025-05,-0.01060746,-0.01060746,744,False
volume_pressure_20h,72h,2025-06,-0.0511889,-0.0511889,720,False
volume_pressure_20h,72h,2025-07,-0.02768711,-0.02768711,744,False
volume_pressure_20h,72h,2025-08,-0.02082001,-0.02082001,744,False
volume_pressure_20h,72h,2025-09,-0.02438897,-0.02438897,720,False
volume_pressure_20h,72h,2025-10,-0.01537192,-0.01537192,744,False
volume_pressure_20h,72h,2025-11,-0.00849962,-0.00849962,720,False
volume_pressure_20h,72h,2025-12,-0.0329754,-0.0329754,744,False
volume_pressure_20h,72h,2026-01,0.01173188,0.01173188,744,True
volume_pressure_20h,72h,2026-02,-0.00688935,-0.00688935,672,False
volume_pressure_20h,72h,2026-03,-0.01969332,-0.01969332,744,False
volume_pressure_20h,72h,2026-04,-0.03225848,-0.03225848,720,False
volume_pressure_20h,72h,2026-05,0.02059958,0.02059958,744,True
volume_pressure_20h,72h,2026-06,-0.01729774,-0.01729774,217,False
xs_rank_mom_accel,1h,2024-06,-0.01400407,-0.01400407,694,False
xs_rank_mom_accel,1h,2024-07,-0.01497078,-0.01497078,744,False
xs_rank_mom_accel,1h,2024-08,-0.03126538,-0.03126538,744,False
xs_rank_mom_accel,1h,2024-09,-0.02627224,-0.02627224,720,False
xs_rank_mom_accel,1h,2024-10,-0.03821092,-0.03821092,743,False
xs_rank_mom_accel,1h,2024-11,-0.01766049,-0.01766049,720,False
xs_rank_mom_accel,1h,2024-12,-0.03683286,-0.03683286,744,False
xs_rank_mom_accel,1h,2025-01,-0.01445757,-0.01445757,744,False
xs_rank_mom_accel,1h,2025-02,-0.01985742,-0.01985742,672,False
xs_rank_mom_accel,1h,2025-03,-0.02818892,-0.02818892,744,False
xs_rank_mom_accel,1h,2025-04,-0.03045352,-0.03045352,720,False
xs_rank_mom_accel,1h,2025-05,-0.01884014,-0.01884014,744,False
xs_rank_mom_accel,1h,2025-06,-0.02961182,-0.02961182,720,False
xs_rank_mom_accel,1h,2025-07,-0.0271629,-0.0271629,744,False
xs_rank_mom_accel,1h,2025-08,-0.0333708,-0.0333708,744,False
xs_rank_mom_accel,1h,2025-09,-0.02701928,-0.02701928,720,False
xs_rank_mom_accel,1h,2025-10,-0.02138615,-0.02138615,744,False
xs_rank_mom_accel,1h,2025-11,-0.02155291,-0.02155291,720,False
xs_rank_mom_accel,1h,2025-12,-0.0267923,-0.0267923,744,False
xs_rank_mom_accel,1h,2026-01,-0.02324548,-0.02324548,744,False
xs_rank_mom_accel,1h,2026-02,-0.00996013,-0.00996013,672,False
xs_rank_mom_accel,1h,2026-03,-0.01369344,-0.01369344,744,False
xs_rank_mom_accel,1h,2026-04,-0.01477802,-0.01477802,720,False
xs_rank_mom_accel,1h,2026-05,-0.02784568,-0.02784568,744,False
xs_rank_mom_accel,1h,2026-06,-0.03648855,-0.03648855,288,False
xs_rank_mom_accel,24h,2024-06,-0.02450359,-0.02450359,694,False
xs_rank_mom_accel,24h,2024-07,-0.00753282,-0.00753282,744,False
xs_rank_mom_accel,24h,2024-08,-0.02585983,-0.02585983,744,False
xs_rank_mom_accel,24h,2024-09,0.00148397,0.00148397,720,True
xs_rank_mom_accel,24h,2024-10,-0.0018135,-0.0018135,744,False
xs_rank_mom_accel,24h,2024-11,-0.03189093,-0.03189093,720,False
xs_rank_mom_accel,24h,2024-12,-0.0240116,-0.0240116,744,False
xs_rank_mom_accel,24h,2025-01,-0.0385151,-0.0385151,744,False
xs_rank_mom_accel,24h,2025-02,-0.0333299,-0.0333299,672,False
xs_rank_mom_accel,24h,2025-03,-0.008025,-0.008025,744,False
xs_rank_mom_accel,24h,2025-04,0.00488694,0.00488694,720,True
xs_rank_mom_accel,24h,2025-05,-0.03120881,-0.03120881,744,False
xs_rank_mom_accel,24h,2025-06,0.01306601,0.01306601,720,True
xs_rank_mom_accel,24h,2025-07,-0.00167741,-0.00167741,744,False
xs_rank_mom_accel,24h,2025-08,0.01303481,0.01303481,744,True
xs_rank_mom_accel,24h,2025-09,-0.01298473,-0.01298473,720,False
xs_rank_mom_accel,24h,2025-10,-0.0271624,-0.0271624,744,False
xs_rank_mom_accel,24h,2025-11,-0.01917694,-0.01917694,720,False
xs_rank_mom_accel,24h,2025-12,-0.0297156,-0.0297156,744,False
xs_rank_mom_accel,24h,2026-01,-0.02647917,-0.02647917,744,False
xs_rank_mom_accel,24h,2026-02,-0.03658233,-0.03658233,672,False
xs_rank_mom_accel,24h,2026-03,-0.03296159,-0.03296159,744,False
xs_rank_mom_accel,24h,2026-04,-0.03662321,-0.03662321,720,False
xs_rank_mom_accel,24h,2026-05,-0.03575483,-0.03575483,744,False
xs_rank_mom_accel,24h,2026-06,-0.00351601,-0.00351601,265,False
xs_rank_mom_accel,4h,2024-06,-0.02046863,-0.02046863,694,False
xs_rank_mom_accel,4h,2024-07,-0.03031491,-0.03031491,744,False
xs_rank_mom_accel,4h,2024-08,-0.04055662,-0.04055662,744,False
xs_rank_mom_accel,4h,2024-09,-0.01419842,-0.01419842,720,False
xs_rank_mom_accel,4h,2024-10,-0.03312156,-0.03312156,744,False
xs_rank_mom_accel,4h,2024-11,-0.0136188,-0.0136188,720,False
xs_rank_mom_accel,4h,2024-12,-0.02701379,-0.02701379,744,False
xs_rank_mom_accel,4h,2025-01,-0.0185727,-0.0185727,744,False
xs_rank_mom_accel,4h,2025-02,-0.01616541,-0.01616541,672,False
xs_rank_mom_accel,4h,2025-03,-0.03977149,-0.03977149,744,False
xs_rank_mom_accel,4h,2025-04,-0.02433123,-0.02433123,720,False
xs_rank_mom_accel,4h,2025-05,-0.00918879,-0.00918879,744,False
xs_rank_mom_accel,4h,2025-06,-0.04036792,-0.04036792,720,False
xs_rank_mom_accel,4h,2025-07,-0.02150603,-0.02150603,744,False
xs_rank_mom_accel,4h,2025-08,-0.02425238,-0.02425238,744,False
xs_rank_mom_accel,4h,2025-09,-0.01684437,-0.01684437,720,False
xs_rank_mom_accel,4h,2025-10,-0.01460585,-0.01460585,744,False
xs_rank_mom_accel,4h,2025-11,-0.02553611,-0.02553611,720,False
xs_rank_mom_accel,4h,2025-12,-0.03229367,-0.03229367,744,False
xs_rank_mom_accel,4h,2026-01,-0.01750405,-0.01750405,744,False
xs_rank_mom_accel,4h,2026-02,-0.00436474,-0.00436474,672,False
xs_rank_mom_accel,4h,2026-03,-0.03069733,-0.03069733,744,False
xs_rank_mom_accel,4h,2026-04,-0.01838609,-0.01838609,720,False
xs_rank_mom_accel,4h,2026-05,-0.04317145,-0.04317145,744,False
xs_rank_mom_accel,4h,2026-06,-0.03913496,-0.03913496,285,False
xs_rank_mom_accel,72h,2024-06,-0.00502501,-0.00502501,694,False
xs_rank_mom_accel,72h,2024-07,-0.0016069,-0.0016069,744,False
xs_rank_mom_accel,72h,2024-08,-0.0063426,-0.0063426,744,False
xs_rank_mom_accel,72h,2024-09,0.00055186,0.00055186,720,True
xs_rank_mom_accel,72h,2024-10,0.00027609,0.00027609,744,True
xs_rank_mom_accel,72h,2024-11,-0.00853743,-0.00853743,720,False
xs_rank_mom_accel,72h,2024-12,-0.01725728,-0.01725728,744,False
xs_rank_mom_accel,72h,2025-01,-0.01064689,-0.01064689,744,False
xs_rank_mom_accel,72h,2025-02,-0.008642,-0.008642,672,False
xs_rank_mom_accel,72h,2025-03,-0.01244689,-0.01244689,744,False
xs_rank_mom_accel,72h,2025-04,-0.01463342,-0.01463342,720,False
xs_rank_mom_accel,72h,2025-05,-0.00655586,-0.00655586,744,False
xs_rank_mom_accel,72h,2025-06,-0.01121087,-0.01121087,720,False
xs_rank_mom_accel,72h,2025-07,-0.00534169,-0.00534169,744,False
xs_rank_mom_accel,72h,2025-08,-0.01620959,-0.01620959,744,False
xs_rank_mom_accel,72h,2025-09,-0.00692556,-0.00692556,720,False
xs_rank_mom_accel,72h,2025-10,-0.02198126,-0.02198126,744,False
xs_rank_mom_accel,72h,2025-11,-0.00982767,-0.00982767,720,False
xs_rank_mom_accel,72h,2025-12,-0.02037085,-0.02037085,744,False
xs_rank_mom_accel,72h,2026-01,-0.01844351,-0.01844351,744,False
xs_rank_mom_accel,72h,2026-02,-0.01325262,-0.01325262,672,False
xs_rank_mom_accel,72h,2026-03,-0.01560082,-0.01560082,744,False
xs_rank_mom_accel,72h,2026-04,-0.01818323,-0.01818323,720,False
xs_rank_mom_accel,72h,2026-05,-0.01429841,-0.01429841,744,False
xs_rank_mom_accel,72h,2026-06,0.00285447,0.00285447,217,True
