factor_id,horizon,month,rank_ic,rolling_ic_3m,rolling_ic_6m,long_short_return,rolling_ls_3m,rolling_ls_6m
amihud_illiquidity_20h,1h,2024-06,-0.00627,-0.00627,-0.00627,8.895e-05,8.895e-05,8.895e-05
amihud_illiquidity_20h,1h,2024-07,0.0044,-0.000935,-0.000935,8.02e-06,4.848e-05,4.848e-05
amihud_illiquidity_20h,1h,2024-08,0.008927,0.002352,0.002352,-4.431e-05,1.755e-05,1.755e-05
amihud_illiquidity_20h,1h,2024-09,0.014525,0.009284,0.005395,-0.0001117,-4.933e-05,-1.476e-05
amihud_illiquidity_20h,1h,2024-10,0.00707,0.010174,0.00573,-2.243e-05,-5.948e-05,-1.629e-05
amihud_illiquidity_20h,1h,2024-11,0.018486,0.01336,0.007856,-7.176e-05,-6.863e-05,-2.554e-05
amihud_illiquidity_20h,1h,2024-12,0.004747,0.010101,0.009692,-0.00013952,-7.79e-05,-6.362e-05
amihud_illiquidity_20h,1h,2025-01,0.00672,0.009984,0.010079,0.00010177,-3.65e-05,-4.799e-05
amihud_illiquidity_20h,1h,2025-02,0.010881,0.007449,0.010405,-0.00011596,-5.124e-05,-5.993e-05
amihud_illiquidity_20h,1h,2025-03,0.002113,0.006572,0.008336,-0.000114,-4.273e-05,-6.032e-05
amihud_illiquidity_20h,1h,2025-04,0.009114,0.00737,0.008677,-0.00020638,-0.00014545,-9.098e-05
amihud_illiquidity_20h,1h,2025-05,-0.002239,0.002996,0.005223,-0.00010241,-0.00014093,-9.608e-05
amihud_illiquidity_20h,1h,2025-06,0.003244,0.003373,0.004972,-4.278e-05,-0.00011719,-7.996e-05
amihud_illiquidity_20h,1h,2025-07,-0.000939,2.2e-05,0.003696,-0.00010739,-8.419e-05,-0.00011482
amihud_illiquidity_20h,1h,2025-08,0.004763,0.002356,0.002676,-0.00011583,-8.867e-05,-0.0001148
amihud_illiquidity_20h,1h,2025-09,-0.00033,0.001165,0.002269,0.00017606,-1.572e-05,-6.645e-05
amihud_illiquidity_20h,1h,2025-10,0.003198,0.002544,0.001283,-0.00024203,-6.06e-05,-7.24e-05
amihud_illiquidity_20h,1h,2025-11,0.009172,0.004013,0.003185,-8.707e-05,-5.101e-05,-6.984e-05
amihud_illiquidity_20h,1h,2025-12,0.004351,0.005574,0.003369,-0.00044146,-0.00025685,-0.00013629
amihud_illiquidity_20h,1h,2026-01,0.003874,0.005799,0.004171,-0.00017095,-0.00023316,-0.00014688
amihud_illiquidity_20h,1h,2026-02,-0.000209,0.002672,0.003343,-0.00019005,-0.00026749,-0.00015925
amihud_illiquidity_20h,1h,2026-03,-0.001121,0.000848,0.003211,-0.00025665,-0.00020588,-0.00023137
amihud_illiquidity_20h,1h,2026-04,0.004827,0.001166,0.003482,-0.0002175,-0.0002214,-0.00022728
amihud_illiquidity_20h,1h,2026-05,-0.003415,9.7e-05,0.001385,1.491e-05,-0.00015308,-0.00021028
amihud_illiquidity_20h,1h,2026-06,0.001602,0.001005,0.000926,8.053e-05,-4.069e-05,-0.00012328
amihud_illiquidity_20h,24h,2024-06,-0.042895,-0.042895,-0.042895,0.00214094,0.00214094,0.00214094
amihud_illiquidity_20h,24h,2024-07,0.020256,-0.01132,-0.01132,0.00050385,0.0013224,0.0013224
amihud_illiquidity_20h,24h,2024-08,0.021671,-0.000323,-0.000323,-0.00129367,0.00045037,0.00045037
amihud_illiquidity_20h,24h,2024-09,0.036071,0.025999,0.008776,-0.00179505,-0.00086162,-0.00011098
amihud_illiquidity_20h,24h,2024-10,0.008608,0.022117,0.008742,7.898e-05,-0.00100325,-7.299e-05
amihud_illiquidity_20h,24h,2024-11,0.040564,0.028414,0.014046,-0.00081451,-0.00084353,-0.00019658
amihud_illiquidity_20h,24h,2024-12,0.021565,0.023579,0.024789,-0.003103,-0.00127951,-0.00107057
amihud_illiquidity_20h,24h,2025-01,-0.010008,0.017374,0.019745,-0.00021226,-0.00137659,-0.00118992
amihud_illiquidity_20h,24h,2025-02,0.032874,0.01481,0.021612,-0.00246959,-0.00192828,-0.0013859
amihud_illiquidity_20h,24h,2025-03,-0.010258,0.004202,0.013891,-0.00159261,-0.00142482,-0.00135216
amihud_illiquidity_20h,24h,2025-04,0.030027,0.017547,0.017461,-0.00588878,-0.00331699,-0.00234679
amihud_illiquidity_20h,24h,2025-05,-0.00941,0.003453,0.009132,-0.00211261,-0.003198,-0.00256314
amihud_illiquidity_20h,24h,2025-06,-0.010745,0.003291,0.003746,-0.00010081,-0.00270073,-0.00206278
amihud_illiquidity_20h,24h,2025-07,-1.2e-05,-0.006722,0.005412,-0.00168133,-0.00129825,-0.00230762
amihud_illiquidity_20h,24h,2025-08,0.016557,0.001933,0.002693,-0.00421488,-0.00199901,-0.0025985
amihud_illiquidity_20h,24h,2025-09,-0.010735,0.001936,0.002614,0.00267929,-0.00107231,-0.00188652
amihud_illiquidity_20h,24h,2025-10,0.004195,0.003339,-0.001692,-0.00627931,-0.00260497,-0.00195161
amihud_illiquidity_20h,24h,2025-11,0.030293,0.007918,0.004925,-0.00164469,-0.00174824,-0.00187362
amihud_illiquidity_20h,24h,2025-12,0.028426,0.020971,0.011454,-0.00777903,-0.00523434,-0.00315333
amihud_illiquidity_20h,24h,2026-01,0.039694,0.032804,0.018072,-0.00520518,-0.0048763,-0.00374063
amihud_illiquidity_20h,24h,2026-02,0.003633,0.023918,0.015918,1.599e-05,-0.00432274,-0.00303549
amihud_illiquidity_20h,24h,2026-03,0.015455,0.019594,0.020283,-0.00591925,-0.00370281,-0.00446858
amihud_illiquidity_20h,24h,2026-04,0.056758,0.025282,0.029043,-0.00962298,-0.00517541,-0.00502586
amihud_illiquidity_20h,24h,2026-05,0.001491,0.024568,0.024243,-7.496e-05,-0.00520573,-0.00476423
amihud_illiquidity_20h,24h,2026-06,-0.005424,0.017608,0.018601,0.00141444,-0.00276117,-0.00323199
amihud_illiquidity_20h,4h,2024-06,-0.015884,-0.015884,-0.015884,0.00029216,0.00029216,0.00029216
amihud_illiquidity_20h,4h,2024-07,0.010331,-0.002777,-0.002777,1.588e-05,0.00015402,0.00015402
amihud_illiquidity_20h,4h,2024-08,0.012072,0.002173,0.002173,-0.00012509,6.098e-05,6.098e-05
amihud_illiquidity_20h,4h,2024-09,0.019557,0.013987,0.006519,-0.0004304,-0.00017987,-6.186e-05
amihud_illiquidity_20h,4h,2024-10,0.010223,0.013951,0.00726,-4.468e-05,-0.00020006,-5.843e-05
amihud_illiquidity_20h,4h,2024-11,0.026441,0.01874,0.010457,-0.00031025,-0.00026178,-0.0001004
amihud_illiquidity_20h,4h,2024-12,0.010832,0.015832,0.014909,-0.00057222,-0.00030905,-0.00024446
amihud_illiquidity_20h,4h,2025-01,0.003888,0.01372,0.013835,0.00027359,-0.00020296,-0.00020151
amihud_illiquidity_20h,4h,2025-02,0.016219,0.010313,0.014527,-0.0005653,-0.00028798,-0.00027488
amihud_illiquidity_20h,4h,2025-03,0.002449,0.007519,0.011675,-0.00031165,-0.00020112,-0.00025509
amihud_illiquidity_20h,4h,2025-04,0.016777,0.011815,0.012767,-0.00088771,-0.00058822,-0.00039559
amihud_illiquidity_20h,4h,2025-05,-0.004209,0.005006,0.007659,-0.00035768,-0.00051901,-0.0004035
amihud_illiquidity_20h,4h,2025-06,0.001843,0.004804,0.006161,-0.00010376,-0.00044972,-0.00032542
amihud_illiquidity_20h,4h,2025-07,-0.001778,-0.001381,0.005217,-0.00044847,-0.0003033,-0.00044576
amihud_illiquidity_20h,4h,2025-08,0.008731,0.002932,0.003969,-0.00056397,-0.00037207,-0.00044554
amihud_illiquidity_20h,4h,2025-09,-0.001713,0.001747,0.003275,0.00065483,-0.0001192,-0.00028446
amihud_illiquidity_20h,4h,2025-10,0.005496,0.004171,0.001395,-0.00113208,-0.00034707,-0.00032519
amihud_illiquidity_20h,4h,2025-11,0.014965,0.006249,0.004591,-0.00025561,-0.00024429,-0.00030818
amihud_illiquidity_20h,4h,2025-12,0.010248,0.010236,0.005991,-0.00169818,-0.00102862,-0.00057391
amihud_illiquidity_20h,4h,2026-01,0.011128,0.012113,0.008142,-0.00075807,-0.00090395,-0.00062551
amihud_illiquidity_20h,4h,2026-02,0.005782,0.009053,0.007651,-0.00060075,-0.001019,-0.00063164
amihud_illiquidity_20h,4h,2026-03,0.003231,0.006714,0.008475,-0.00100344,-0.00078742,-0.00090802
amihud_illiquidity_20h,4h,2026-04,0.018526,0.00918,0.010647,-0.00122031,-0.0009415,-0.00092273
amihud_illiquidity_20h,4h,2026-05,-0.003644,0.006038,0.007545,-2.5e-06,-0.00074208,-0.00088054
amihud_illiquidity_20h,4h,2026-06,0.001404,0.005429,0.006071,0.00026228,-0.00032018,-0.0005538
amihud_illiquidity_20h,72h,2024-06,-0.066431,-0.066431,-0.066431,0.00672238,0.00672238,0.00672238
amihud_illiquidity_20h,72h,2024-07,0.023747,-0.021342,-0.021342,0.00043173,0.00357705,0.00357705
amihud_illiquidity_20h,72h,2024-08,0.044126,0.000481,0.000481,-0.00825065,-0.00036551,-0.00036551
amihud_illiquidity_20h,72h,2024-09,0.044137,0.037337,0.011395,-0.00718121,-0.00500004,-0.00206944
amihud_illiquidity_20h,72h,2024-10,0.020868,0.036377,0.01329,0.00250158,-0.00431009,-0.00115523
amihud_illiquidity_20h,72h,2024-11,0.061743,0.04225,0.021365,0.00052538,-0.00138475,-0.00087513
amihud_illiquidity_20h,72h,2024-12,0.010111,0.030907,0.034122,-0.00941033,-0.00212779,-0.00356392
amihud_illiquidity_20h,72h,2025-01,-0.052791,0.006354,0.021366,0.00347978,-0.00180172,-0.00305591
amihud_illiquidity_20h,72h,2025-02,0.046486,0.001268,0.021759,-0.00452703,-0.00348586,-0.00243531
amihud_illiquidity_20h,72h,2025-03,-0.043343,-0.016549,0.007179,-0.00102539,-0.00069088,-0.00140933
amihud_illiquidity_20h,72h,2025-04,0.056063,0.019735,0.013045,-0.02648267,-0.01067836,-0.00624004
amihud_illiquidity_20h,72h,2025-05,-0.033638,-0.006972,-0.002852,-0.00574445,-0.01108417,-0.00728501
amihud_illiquidity_20h,72h,2025-06,-0.015501,0.002308,-0.007121,-0.00097584,-0.01106765,-0.00587927
amihud_illiquidity_20h,72h,2025-07,0.005615,-0.014508,0.002614,-0.01022123,-0.00564717,-0.00816277
amihud_illiquidity_20h,72h,2025-08,0.016406,0.002174,-0.002399,-0.01512917,-0.00877541,-0.00992979
amihud_illiquidity_20h,72h,2025-09,-0.026465,-0.001481,0.000414,-0.00136536,-0.00890525,-0.00998645
amihud_illiquidity_20h,72h,2025-10,-0.007805,-0.005954,-0.010231,-0.00967239,-0.00872231,-0.00718474
amihud_illiquidity_20h,72h,2025-11,0.046119,0.00395,0.003062,-0.01043145,-0.0071564,-0.00796591
amihud_illiquidity_20h,72h,2025-12,0.051111,0.029809,0.014164,-0.01873418,-0.01294601,-0.01092563
amihud_illiquidity_20h,72h,2026-01,0.076171,0.057801,0.025923,-0.02332929,-0.01749831,-0.01311031
amihud_illiquidity_20h,72h,2026-02,-0.002167,0.041705,0.022828,0.00066237,-0.01380037,-0.01047838
amihud_illiquidity_20h,72h,2026-03,0.037524,0.037176,0.033492,-0.01984289,-0.01416994,-0.01355797
amihud_illiquidity_20h,72h,2026-04,0.105489,0.046948,0.052375,-0.03583752,-0.01833935,-0.01791883
amihud_illiquidity_20h,72h,2026-05,0.011237,0.051417,0.046561,-0.00090625,-0.01886222,-0.01633129
amihud_illiquidity_20h,72h,2026-06,0.009778,0.042168,0.039672,-0.00321086,-0.01331821,-0.01374407
bb_zscore_20h,1h,2024-06,-0.006735,-0.006735,-0.006735,-8.032e-05,-8.032e-05,-8.032e-05
bb_zscore_20h,1h,2024-07,-0.019045,-0.01289,-0.01289,-2.679e-05,-5.355e-05,-5.355e-05
bb_zscore_20h,1h,2024-08,-0.037987,-0.021256,-0.021256,0.00028983,6.091e-05,6.091e-05
bb_zscore_20h,1h,2024-09,-0.032352,-0.029795,-0.02403,-4.338e-05,7.322e-05,3.483e-05
bb_zscore_20h,1h,2024-10,-0.039537,-0.036625,-0.027131,0.00017857,0.00014167,6.358e-05
bb_zscore_20h,1h,2024-11,-0.034223,-0.035371,-0.028313,-0.00015821,-7.67e-06,2.662e-05
bb_zscore_20h,1h,2024-12,-0.054579,-0.04278,-0.036287,0.0004799,0.00016675,0.00011999
bb_zscore_20h,1h,2025-01,-0.019206,-0.036003,-0.036314,-7.149e-05,8.34e-05,0.00011254
bb_zscore_20h,1h,2025-02,-0.010221,-0.028002,-0.031686,-0.00016335,8.169e-05,3.701e-05
bb_zscore_20h,1h,2025-03,-0.026901,-0.018776,-0.030778,0.000158,-2.561e-05,7.057e-05
bb_zscore_20h,1h,2025-04,-0.032088,-0.02307,-0.029536,0.00040861,0.00013442,0.00010891
bb_zscore_20h,1h,2025-05,-0.022048,-0.027012,-0.027507,-0.00015906,0.00013585,0.00010877
bb_zscore_20h,1h,2025-06,-0.030608,-0.028248,-0.023512,0.00016102,0.00013686,5.562e-05
bb_zscore_20h,1h,2025-07,-0.04214,-0.031599,-0.027334,-0.00012507,-4.104e-05,4.669e-05
bb_zscore_20h,1h,2025-08,-0.037321,-0.03669,-0.031851,-5.057e-05,-4.87e-06,6.549e-05
bb_zscore_20h,1h,2025-09,-0.029472,-0.036311,-0.03228,-0.00033986,-0.00017183,-1.749e-05
bb_zscore_20h,1h,2025-10,-0.032682,-0.033158,-0.032379,-0.00035662,-0.00024902,-0.00014503
bb_zscore_20h,1h,2025-11,-0.034065,-0.032073,-0.034381,-0.00013941,-0.00027863,-0.00014175
bb_zscore_20h,1h,2025-12,-0.039306,-0.035351,-0.035831,-0.00020158,-0.00023254,-0.00020219
bb_zscore_20h,1h,2026-01,-0.036057,-0.036476,-0.034817,3.219e-05,-0.00010293,-0.00017597
bb_zscore_20h,1h,2026-02,-0.027309,-0.034224,-0.033148,-0.00017718,-0.00011552,-0.00019708
bb_zscore_20h,1h,2026-03,-0.024052,-0.029139,-0.032245,-0.00024974,-0.00013158,-0.00018206
bb_zscore_20h,1h,2026-04,-0.027897,-0.026419,-0.031448,-0.00023959,-0.00022217,-0.00016255
bb_zscore_20h,1h,2026-05,-0.032702,-0.028217,-0.031221,0.00016071,-0.00010954,-0.00011253
bb_zscore_20h,1h,2026-06,-0.029391,-0.029997,-0.029568,-0.00012854,-6.914e-05,-0.00010036
bb_zscore_20h,24h,2024-06,0.014542,0.014542,0.014542,-0.00268423,-0.00268423,-0.00268423
bb_zscore_20h,24h,2024-07,-0.028055,-0.006757,-0.006757,0.00021574,-0.00123425,-0.00123425
bb_zscore_20h,24h,2024-08,-0.006912,-0.006809,-0.006809,0.00041135,-0.00068571,-0.00068571
bb_zscore_20h,24h,2024-09,-0.008909,-0.014626,-0.007334,-0.00161757,-0.00033016,-0.00091868
bb_zscore_20h,24h,2024-10,-0.044752,-0.020191,-0.014817,0.00298193,0.0005919,-0.00013856
bb_zscore_20h,24h,2024-11,-0.027049,-0.026903,-0.016856,-0.0027406,-0.00045875,-0.00057223
bb_zscore_20h,24h,2024-12,-0.037971,-0.03659,-0.025608,-9.188e-05,4.982e-05,-0.00014017
bb_zscore_20h,24h,2025-01,0.010811,-0.018069,-0.01913,-0.00533822,-0.00272357,-0.00106583
bb_zscore_20h,24h,2025-02,0.008541,-0.006206,-0.016555,-0.006607,-0.00401237,-0.00223556
bb_zscore_20h,24h,2025-03,-0.014853,0.0015,-0.017545,0.0003279,-0.00387244,-0.00191131
bb_zscore_20h,24h,2025-04,-0.020274,-0.008862,-0.013466,-0.00273582,-0.00300497,-0.00286427
bb_zscore_20h,24h,2025-05,-0.051121,-0.028749,-0.017478,0.00096608,-0.00048061,-0.00224649
bb_zscore_20h,24h,2025-06,-0.038656,-0.036684,-0.017592,0.00141061,-0.00011971,-0.00199607
bb_zscore_20h,24h,2025-07,-0.013186,-0.034321,-0.021591,-0.00079503,0.00052722,-0.00123888
bb_zscore_20h,24h,2025-08,-0.009581,-0.020474,-0.024612,-0.0041873,-0.00119057,-0.00083559
bb_zscore_20h,24h,2025-09,-0.031941,-0.018236,-0.02746,-0.00313134,-0.00270456,-0.00141213
bb_zscore_20h,24h,2025-10,-0.042567,-0.02803,-0.031175,-0.0012022,-0.00284028,-0.00115653
bb_zscore_20h,24h,2025-11,-0.034774,-0.036428,-0.028451,-0.00077863,-0.00170406,-0.00144732
bb_zscore_20h,24h,2025-12,-0.050376,-0.042573,-0.030404,0.00247932,0.00016616,-0.0012692
bb_zscore_20h,24h,2026-01,-0.024569,-0.036573,-0.032302,-0.00392499,-0.00074143,-0.00179086
bb_zscore_20h,24h,2026-02,-0.042458,-0.039134,-0.037781,1.098e-05,-0.00047823,-0.00109114
bb_zscore_20h,24h,2026-03,-0.033928,-0.033652,-0.038112,-0.00172655,-0.00188019,-0.00085701
bb_zscore_20h,24h,2026-04,-0.065773,-0.047386,-0.04198,0.00047494,-0.00041354,-0.00057749
bb_zscore_20h,24h,2026-05,-0.020467,-0.040056,-0.039595,-0.00183356,-0.00102839,-0.00075331
bb_zscore_20h,24h,2026-06,0.013314,-0.024309,-0.02898,-0.01429835,-0.00521899,-0.00354959
bb_zscore_20h,4h,2024-06,-0.005131,-0.005131,-0.005131,-0.00036948,-0.00036948,-0.00036948
bb_zscore_20h,4h,2024-07,-0.029767,-0.017449,-0.017449,0.00029761,-3.593e-05,-3.593e-05
bb_zscore_20h,4h,2024-08,-0.049102,-0.028,-0.028,0.00095988,0.000296,0.000296
bb_zscore_20h,4h,2024-09,-0.013917,-0.030929,-0.024479,-0.00069488,0.00018754,4.828e-05
bb_zscore_20h,4h,2024-10,-0.044123,-0.035714,-0.028408,0.00049372,0.00025291,0.00013737
bb_zscore_20h,4h,2024-11,-0.027083,-0.028375,-0.028187,-0.00051584,-0.000239,2.85e-05
bb_zscore_20h,4h,2024-12,-0.049284,-0.040164,-0.035546,0.00053825,0.00017204,0.00017979
bb_zscore_20h,4h,2025-01,-0.01021,-0.028859,-0.032287,-0.00078482,-0.00025414,-6.2e-07
bb_zscore_20h,4h,2025-02,-0.007022,-0.022172,-0.025273,-0.0009812,-0.00040926,-0.00032413
bb_zscore_20h,4h,2025-03,-0.039909,-0.019047,-0.029605,0.00110548,-0.00022018,-2.407e-05
bb_zscore_20h,4h,2025-04,-0.028845,-0.025259,-0.027059,0.00017679,0.00010036,-7.689e-05
bb_zscore_20h,4h,2025-05,-0.022384,-0.030379,-0.026276,-0.00093595,0.00011544,-0.00014691
bb_zscore_20h,4h,2025-06,-0.049629,-0.033619,-0.026333,0.00074809,-3.69e-06,-0.00011193
bb_zscore_20h,4h,2025-07,-0.045065,-0.039026,-0.032142,-0.00038531,-0.00019106,-4.535e-05
bb_zscore_20h,4h,2025-08,-0.029754,-0.041483,-0.035931,-0.00073491,-0.00012404,-4.3e-06
bb_zscore_20h,4h,2025-09,-0.028095,-0.034304,-0.033962,-0.00096642,-0.00069555,-0.00034962
bb_zscore_20h,4h,2025-10,-0.041538,-0.033129,-0.036077,-0.00146571,-0.00105568,-0.00062337
bb_zscore_20h,4h,2025-11,-0.041059,-0.036897,-0.03919,-0.00043616,-0.0009561,-0.00054007
bb_zscore_20h,4h,2025-12,-0.055196,-0.045931,-0.040118,6.088e-05,-0.00061366,-0.0006546
bb_zscore_20h,4h,2026-01,-0.030648,-0.042301,-0.037715,-0.00088567,-0.00042032,-0.000738
bb_zscore_20h,4h,2026-02,-0.037858,-0.041234,-0.039066,-0.00044913,-0.00042464,-0.00069037
bb_zscore_20h,4h,2026-03,-0.035256,-0.034587,-0.040259,-0.00049956,-0.00061145,-0.00061256
bb_zscore_20h,4h,2026-04,-0.039064,-0.037393,-0.039847,-0.00103785,-0.00066218,-0.00054125
bb_zscore_20h,4h,2026-05,-0.042878,-0.039066,-0.04015,4.069e-05,-0.00049891,-0.00046177
bb_zscore_20h,4h,2026-06,-0.02257,-0.034837,-0.034712,-0.00075447,-0.00058388,-0.00059767
bb_zscore_20h,72h,2024-06,0.039007,0.039007,0.039007,-0.00797408,-0.00797408,-0.00797408
bb_zscore_20h,72h,2024-07,-0.025245,0.006881,0.006881,0.00484979,-0.00156215,-0.00156215
bb_zscore_20h,72h,2024-08,0.002063,0.005275,0.005275,-0.00040475,-0.00117635,-0.00117635
bb_zscore_20h,72h,2024-09,-0.024717,-0.015966,-0.002223,-0.00058575,0.00128643,-0.0010287
bb_zscore_20h,72h,2024-10,-0.052669,-0.025108,-0.012312,0.00713471,0.00204807,0.00060398
bb_zscore_20h,72h,2024-11,0.025369,-0.017339,-0.006032,-0.01544868,-0.00296657,-0.00207146
bb_zscore_20h,72h,2024-12,-0.025461,-0.017587,-0.016777,-0.00125307,-0.00318901,-0.00095129
bb_zscore_20h,72h,2025-01,0.022069,0.007326,-0.008891,-0.00751633,-0.00807269,-0.00301231
bb_zscore_20h,72h,2025-02,-0.020181,-0.007858,-0.012598,-0.00247977,-0.00374972,-0.00335815
bb_zscore_20h,72h,2025-03,-0.011687,-0.003266,-0.010427,0.00388045,-0.00203855,-0.00261378
bb_zscore_20h,72h,2025-04,-0.009776,-0.013881,-0.003278,-0.00521453,-0.00127128,-0.00467199
bb_zscore_20h,72h,2025-05,-0.039238,-0.020234,-0.014046,0.00209063,0.00025218,-0.00174877
bb_zscore_20h,72h,2025-06,-0.049362,-0.032792,-0.018029,0.00365192,0.00017601,-0.00093127
bb_zscore_20h,72h,2025-07,-0.003676,-0.030759,-0.02232,-0.00287037,0.00095739,-0.00015695
bb_zscore_20h,72h,2025-08,-0.035616,-0.029551,-0.024892,-0.01765062,-0.00562302,-0.00268542
bb_zscore_20h,72h,2025-09,-0.008691,-0.015994,-0.024393,-0.01961749,-0.01337949,-0.00660174
bb_zscore_20h,72h,2025-10,-0.020469,-0.021592,-0.026175,-0.00667291,-0.01464701,-0.00684481
bb_zscore_20h,72h,2025-11,-0.010783,-0.013314,-0.021433,0.00421753,-0.00735762,-0.00649032
bb_zscore_20h,72h,2025-12,-0.035526,-0.022259,-0.019127,0.00468792,0.00074418,-0.00631766
bb_zscore_20h,72h,2026-01,7.5e-05,-0.015411,-0.018502,-0.00962319,-0.00023925,-0.00744313
bb_zscore_20h,72h,2026-02,-0.013773,-0.016408,-0.014861,-0.00452467,-0.00315331,-0.00525547
bb_zscore_20h,72h,2026-03,-0.016259,-0.009985,-0.016122,-0.00190985,-0.00535257,-0.00230419
bb_zscore_20h,72h,2026-04,-0.030881,-0.020304,-0.017858,-0.01234947,-0.00626133,-0.00325029
bb_zscore_20h,72h,2026-05,-0.001202,-0.016114,-0.016261,-0.0076203,-0.00729321,-0.00522326
bb_zscore_20h,72h,2026-06,-0.002228,-0.011437,-0.010711,-0.01650274,-0.0121575,-0.00875504
breakout_dist_20h,1h,2024-06,0.002247,0.002247,0.002247,0.00017436,0.00017436,0.00017436
breakout_dist_20h,1h,2024-07,-0.012525,-0.005139,-0.005139,-6.353e-05,5.542e-05,5.542e-05
breakout_dist_20h,1h,2024-08,-0.023937,-0.011405,-0.011405,-0.00019543,-2.82e-05,-2.82e-05
breakout_dist_20h,1h,2024-09,-0.023728,-0.020064,-0.014486,-6.428e-05,-0.00010775,-3.722e-05
breakout_dist_20h,1h,2024-10,-0.031338,-0.026334,-0.017856,-0.00017346,-0.00014439,-6.447e-05
breakout_dist_20h,1h,2024-11,-0.016852,-0.023973,-0.017689,0.00026299,8.42e-06,-9.89e-06
breakout_dist_20h,1h,2024-12,-0.04255,-0.030247,-0.025155,-0.00029301,-6.783e-05,-8.779e-05
breakout_dist_20h,1h,2025-01,-0.008074,-0.022492,-0.024413,0.00010212,2.403e-05,-6.018e-05
breakout_dist_20h,1h,2025-02,-0.000529,-0.017051,-0.020512,0.00031864,4.258e-05,2.55e-05
breakout_dist_20h,1h,2025-03,-0.019034,-0.009212,-0.019729,-0.00022037,6.68e-05,-5.1e-07
breakout_dist_20h,1h,2025-04,-0.02085,-0.013471,-0.017981,-0.00026242,-5.472e-05,-1.534e-05
breakout_dist_20h,1h,2025-05,-0.02018,-0.020021,-0.018536,6.568e-05,-0.00013904,-4.823e-05
breakout_dist_20h,1h,2025-06,-0.023119,-0.021383,-0.015298,-0.00018197,-0.00012624,-2.972e-05
breakout_dist_20h,1h,2025-07,-0.032397,-0.025232,-0.019352,-2.173e-05,-4.601e-05,-5.036e-05
breakout_dist_20h,1h,2025-08,-0.023144,-0.02622,-0.023121,0.00011019,-3.117e-05,-8.51e-05
breakout_dist_20h,1h,2025-09,-0.021815,-0.025785,-0.023584,0.00020303,9.716e-05,-1.454e-05
breakout_dist_20h,1h,2025-10,-0.023998,-0.022986,-0.024109,5.264e-05,0.00012195,3.797e-05
breakout_dist_20h,1h,2025-11,-0.018862,-0.021558,-0.023889,0.00032958,0.00019508,8.196e-05
breakout_dist_20h,1h,2025-12,-0.032948,-0.025269,-0.025527,4.321e-05,0.00014181,0.00011949
breakout_dist_20h,1h,2026-01,-0.025693,-0.025834,-0.02441,0.00013414,0.00016898,0.00014547
breakout_dist_20h,1h,2026-02,-0.018969,-0.02587,-0.023714,0.00037761,0.00018499,0.00019003
breakout_dist_20h,1h,2026-03,-0.019305,-0.021322,-0.023296,0.00022348,0.00024508,0.00019344
breakout_dist_20h,1h,2026-04,-0.025312,-0.021195,-0.023515,0.00021613,0.00027241,0.00022069
breakout_dist_20h,1h,2026-05,-0.026171,-0.023596,-0.024733,-0.00012007,0.00010651,0.00014575
breakout_dist_20h,1h,2026-06,-0.023226,-0.024903,-0.023113,7.298e-05,5.635e-05,0.00015071
breakout_dist_20h,24h,2024-06,0.023723,0.023723,0.023723,0.00250959,0.00250959,0.00250959
breakout_dist_20h,24h,2024-07,-0.00929,0.007216,0.007216,-0.0001625,0.00117355,0.00117355
breakout_dist_20h,24h,2024-08,0.013386,0.009273,0.009273,0.00054125,0.00096278,0.00096278
breakout_dist_20h,24h,2024-09,0.002622,0.00224,0.00761,0.00171944,0.0006994,0.00115195
breakout_dist_20h,24h,2024-10,-0.026824,-0.003605,0.000723,-0.00261172,-0.00011701,0.00039921
breakout_dist_20h,24h,2024-11,-0.010623,-0.011608,-0.001168,0.00170654,0.00027142,0.0006171
breakout_dist_20h,24h,2024-12,-0.023938,-0.020462,-0.009111,-0.00094489,-0.00061669,4.135e-05
breakout_dist_20h,24h,2025-01,0.027042,-0.002506,-0.003056,0.00688228,0.00254798,0.00121548
breakout_dist_20h,24h,2025-02,0.018735,0.00728,-0.002164,0.00485857,0.00359865,0.00193504
breakout_dist_20h,24h,2025-03,0.004852,0.016876,-0.001793,0.00068617,0.00414234,0.00176283
breakout_dist_20h,24h,2025-04,-0.006999,0.005529,0.001511,0.00149579,0.00234684,0.00244741
breakout_dist_20h,24h,2025-05,-0.039309,-0.013819,-0.003269,-0.00248222,-0.00010009,0.00174928
breakout_dist_20h,24h,2025-06,-0.021093,-0.022467,-0.002795,-0.00170504,-0.00089716,0.00162259
breakout_dist_20h,24h,2025-07,-0.000233,-0.020212,-0.007341,-0.00126175,-0.00181634,0.00026525
breakout_dist_20h,24h,2025-08,0.018102,-0.001075,-0.007447,0.00403543,0.00035621,0.00012806
breakout_dist_20h,24h,2025-09,-0.003132,0.004912,-0.008777,0.00275587,0.00184318,0.00047301
breakout_dist_20h,24h,2025-10,-0.021011,-0.002014,-0.011113,-0.00026267,0.00217621,0.00017994
breakout_dist_20h,24h,2025-11,-0.002441,-0.008861,-0.004968,0.00210891,0.00153404,0.00094512
breakout_dist_20h,24h,2025-12,-0.032993,-0.018815,-0.006951,-0.00231943,-0.00015773,0.00084273
breakout_dist_20h,24h,2026-01,-0.005091,-0.013508,-0.007761,0.0036818,0.00115709,0.00166665
breakout_dist_20h,24h,2026-02,-0.032256,-0.023447,-0.016154,0.00021327,0.00052521,0.00102962
breakout_dist_20h,24h,2026-03,-0.025458,-0.020935,-0.019875,0.00063509,0.00151005,0.00067616
breakout_dist_20h,24h,2026-04,-0.049541,-0.035752,-0.02463,0.0010425,0.00063029,0.00089369
breakout_dist_20h,24h,2026-05,-0.005491,-0.02683,-0.025138,0.00243873,0.00137211,0.00094866
breakout_dist_20h,24h,2026-06,0.033728,-0.007101,-0.014018,0.01514994,0.00621039,0.00386022
breakout_dist_20h,4h,2024-06,0.001886,0.001886,0.001886,0.00036115,0.00036115,0.00036115
breakout_dist_20h,4h,2024-07,-0.015469,-0.006792,-0.006792,-1.394e-05,0.00017361,0.00017361
breakout_dist_20h,4h,2024-08,-0.032569,-0.015384,-0.015384,-0.00073782,-0.0001302,-0.0001302
breakout_dist_20h,4h,2024-09,-0.005864,-0.017967,-0.013004,0.0004843,-8.915e-05,2.342e-05
breakout_dist_20h,4h,2024-10,-0.034497,-0.02431,-0.017303,-0.00050655,-0.00025336,-8.257e-05
breakout_dist_20h,4h,2024-11,-0.011703,-0.017355,-0.016369,0.00043678,0.00013818,3.99e-06
breakout_dist_20h,4h,2024-12,-0.04013,-0.028777,-0.023372,-0.00047068,-0.00018015,-0.00013465
breakout_dist_20h,4h,2025-01,0.003143,-0.01623,-0.02027,0.00093903,0.00030171,2.418e-05
breakout_dist_20h,4h,2025-02,0.004762,-0.010742,-0.014048,0.00118241,0.00055025,0.00034421
breakout_dist_20h,4h,2025-03,-0.0257,-0.005932,-0.017354,-0.00094008,0.00039379,0.00010682
breakout_dist_20h,4h,2025-04,-0.011539,-0.010826,-0.013528,0.00029124,0.00017786,0.00023978
breakout_dist_20h,4h,2025-05,-0.020834,-0.019357,-0.01505,0.0006506,5.9e-07,0.00027542
breakout_dist_20h,4h,2025-06,-0.035495,-0.022622,-0.014277,-0.000606,0.00011195,0.00025287
breakout_dist_20h,4h,2025-07,-0.028491,-0.028273,-0.019549,-0.00012652,-2.731e-05,7.528e-05
breakout_dist_20h,4h,2025-08,-0.010323,-0.02477,-0.022064,0.00074692,4.8e-06,2.69e-06
breakout_dist_20h,4h,2025-09,-0.015726,-0.01818,-0.020401,0.00030391,0.0003081,0.00021002
breakout_dist_20h,4h,2025-10,-0.027693,-0.017914,-0.023094,0.00119296,0.00074793,0.00036031
breakout_dist_20h,4h,2025-11,-0.012888,-0.018769,-0.021769,0.00101192,0.00083626,0.00042053
breakout_dist_20h,4h,2025-12,-0.044049,-0.02821,-0.023195,-0.00063641,0.00052282,0.00041546
breakout_dist_20h,4h,2026-01,-0.013822,-0.023586,-0.02075,0.00106953,0.00048168,0.0006148
breakout_dist_20h,4h,2026-02,-0.024083,-0.027318,-0.023044,0.001163,0.00053204,0.00068415
breakout_dist_20h,4h,2026-03,-0.028065,-0.02199,-0.0251,0.00020558,0.0008127,0.00066776
breakout_dist_20h,4h,2026-04,-0.031367,-0.027838,-0.025712,0.00078702,0.00071853,0.00060011
breakout_dist_20h,4h,2026-05,-0.034295,-0.031242,-0.02928,-0.00040893,0.00019456,0.0003633
breakout_dist_20h,4h,2026-06,-0.01273,-0.026131,-0.02406,0.00062969,0.00033593,0.00057431
breakout_dist_20h,72h,2024-06,0.051702,0.051702,0.051702,0.00904299,0.00904299,0.00904299
breakout_dist_20h,72h,2024-07,-0.018249,0.016726,0.016726,-0.00589863,0.00157218,0.00157218
breakout_dist_20h,72h,2024-08,0.0287,0.020718,0.020718,0.00403595,0.00239344,0.00239344
breakout_dist_20h,72h,2024-09,-0.020324,-0.003291,0.010457,-0.00013508,-0.00066592,0.00176131
breakout_dist_20h,72h,2024-10,-0.040806,-0.01081,0.000205,-0.00782741,-0.00130885,-0.00015644
breakout_dist_20h,72h,2024-11,0.03752,-0.00787,0.006424,0.01195758,0.0013317,0.00186257
breakout_dist_20h,72h,2024-12,-0.01377,-0.005685,-0.004488,0.00098714,0.00170577,0.00051992
breakout_dist_20h,72h,2025-01,0.053269,0.025673,0.007431,0.01373144,0.00889205,0.0037916
breakout_dist_20h,72h,2025-02,0.004107,0.014535,0.003333,0.00222214,0.00564691,0.0034893
breakout_dist_20h,72h,2025-03,0.012097,0.023158,0.008736,-0.0007454,0.00506939,0.00338758
breakout_dist_20h,72h,2025-04,0.000981,0.005729,0.015701,0.00607766,0.00251813,0.00570509
breakout_dist_20h,72h,2025-05,-0.024532,-0.003818,0.005359,-0.00276926,0.00085433,0.00325062
breakout_dist_20h,72h,2025-06,-0.031286,-0.018279,0.002439,-0.00438934,-0.00036031,0.00235454
breakout_dist_20h,72h,2025-07,0.013074,-0.014248,-0.00426,0.00089719,-0.00208714,0.0002155
breakout_dist_20h,72h,2025-08,-0.012566,-0.01026,-0.007039,0.01200445,0.00283743,0.00184588
breakout_dist_20h,72h,2025-09,0.014878,0.005129,-0.006575,0.01603016,0.00964393,0.00464181
breakout_dist_20h,72h,2025-10,-0.00162,0.000231,-0.007009,0.00358598,0.0105402,0.00422653
breakout_dist_20h,72h,2025-11,0.029545,0.014268,0.002004,0.00186093,0.00715902,0.00499823
breakout_dist_20h,72h,2025-12,-0.015501,0.004141,0.004635,0.00198087,0.00247593,0.00605993
breakout_dist_20h,72h,2026-01,0.023483,0.012509,0.00637,0.01114521,0.00499567,0.00776793
breakout_dist_20h,72h,2026-02,-0.010374,-0.000797,0.006735,0.00256314,0.00522974,0.00619438
breakout_dist_20h,72h,2026-03,-0.010348,0.00092,0.002531,-0.0009319,0.00425882,0.00336737
breakout_dist_20h,72h,2026-04,-0.008109,-0.00961,0.001449,0.01962045,0.0070839,0.00603978
breakout_dist_20h,72h,2026-05,0.01692,-0.000512,-0.000655,0.00893355,0.00920737,0.00721855
breakout_dist_20h,72h,2026-06,0.005788,0.004866,0.002893,0.0143071,0.01428703,0.00927292
breakout_dist_48h,1h,2024-06,0.006573,0.006573,0.006573,0.00017909,0.00017909,0.00017909
breakout_dist_48h,1h,2024-07,-0.008663,-0.001045,-0.001045,3.88e-05,0.00010894,0.00010894
breakout_dist_48h,1h,2024-08,-0.01967,-0.007253,-0.007253,-0.00021541,8.3e-07,8.3e-07
breakout_dist_48h,1h,2024-09,-0.019956,-0.016096,-0.010429,-1.924e-05,-6.528e-05,-4.19e-06
breakout_dist_48h,1h,2024-10,-0.030747,-0.023458,-0.014493,-0.00031145,-0.00018203,-6.564e-05
breakout_dist_48h,1h,2024-11,-0.019426,-0.023376,-0.015315,0.00020657,-4.137e-05,-2.027e-05
breakout_dist_48h,1h,2024-12,-0.036699,-0.028957,-0.022527,-0.00033418,-0.00014635,-0.00010582
breakout_dist_48h,1h,2025-01,-0.00043,-0.018852,-0.021155,0.00033918,7.052e-05,-5.575e-05
breakout_dist_48h,1h,2025-02,-0.000961,-0.012697,-0.018037,0.00024282,8.261e-05,2.062e-05
breakout_dist_48h,1h,2025-03,-0.01535,-0.00558,-0.017269,-0.00018399,0.00013267,-6.84e-06
breakout_dist_48h,1h,2025-04,-0.017256,-0.011189,-0.01502,-0.00030903,-8.34e-05,-6.44e-06
breakout_dist_48h,1h,2025-05,-0.020775,-0.017794,-0.015245,8.473e-05,-0.0001361,-2.675e-05
breakout_dist_48h,1h,2025-06,-0.023681,-0.020571,-0.013076,-0.0002329,-0.0001524,-9.86e-06
breakout_dist_48h,1h,2025-07,-0.026677,-0.023711,-0.01745,1.831e-05,-4.329e-05,-6.334e-05
breakout_dist_48h,1h,2025-08,-0.021958,-0.024105,-0.020949,0.00011714,-3.248e-05,-8.429e-05
breakout_dist_48h,1h,2025-09,-0.015559,-0.021398,-0.020984,0.00031451,0.00014999,-1.21e-06
breakout_dist_48h,1h,2025-10,-0.024699,-0.020738,-0.022225,-0.00016921,8.748e-05,2.21e-05
breakout_dist_48h,1h,2025-11,-0.015805,-0.018687,-0.021396,0.00024118,0.00012883,4.817e-05
breakout_dist_48h,1h,2025-12,-0.028484,-0.022996,-0.022197,-6.648e-05,1.83e-06,7.591e-05
breakout_dist_48h,1h,2026-01,-0.018919,-0.021069,-0.020904,0.00025153,0.00014208,0.00011478
breakout_dist_48h,1h,2026-02,-0.01541,-0.020938,-0.019813,0.00017211,0.00011905,0.00012394
breakout_dist_48h,1h,2026-03,-0.011928,-0.015419,-0.019207,0.00020141,0.00020835,0.00010509
breakout_dist_48h,1h,2026-04,-0.022064,-0.016467,-0.018768,0.00022104,0.00019819,0.00017013
breakout_dist_48h,1h,2026-05,-0.014369,-0.01612,-0.018529,0.0001484,0.00019028,0.00015467
breakout_dist_48h,1h,2026-06,-0.009302,-0.015245,-0.015332,0.00020572,0.00019172,0.00020003
breakout_dist_48h,24h,2024-06,0.035936,0.035936,0.035936,0.00519912,0.00519912,0.00519912
breakout_dist_48h,24h,2024-07,-0.033631,0.001152,0.001152,-0.00288488,0.00115712,0.00115712
breakout_dist_48h,24h,2024-08,0.025229,0.009178,0.009178,1.816e-05,0.00077747,0.00077747
breakout_dist_48h,24h,2024-09,-0.011414,-0.006605,0.00403,0.00107223,-0.00059816,0.00085116
breakout_dist_48h,24h,2024-10,-0.045958,-0.010714,-0.005968,-0.00403898,-0.00098286,-0.00012687
breakout_dist_48h,24h,2024-11,0.012712,-0.014886,-0.002854,0.00467358,0.00056894,0.0006732
breakout_dist_48h,24h,2024-12,-0.028149,-0.020465,-0.013535,-0.00032406,0.00010351,-0.00024733
breakout_dist_48h,24h,2025-01,0.043485,0.00935,-0.000682,0.01059816,0.00498256,0.00199985
breakout_dist_48h,24h,2025-02,0.018003,0.011113,-0.001887,0.00549438,0.00525616,0.00291255
breakout_dist_48h,24h,2025-03,-0.010001,0.017162,-0.001651,-0.00252609,0.00452215,0.00231283
breakout_dist_48h,24h,2025-04,-0.019725,-0.003908,0.002721,-0.00087618,0.00069737,0.00283997
breakout_dist_48h,24h,2025-05,-0.044971,-0.024899,-0.006893,-0.00382306,-0.00240844,0.00142386
breakout_dist_48h,24h,2025-06,-0.047828,-0.037508,-0.010173,-0.0035481,-0.00274911,0.00088652
breakout_dist_48h,24h,2025-07,-0.000408,-0.031069,-0.017488,-0.00095773,-0.0027763,-0.00103946
breakout_dist_48h,24h,2025-08,-0.020613,-0.022949,-0.023924,0.00135029,-0.00105185,-0.00173014
breakout_dist_48h,24h,2025-09,0.001919,-0.006367,-0.021937,0.00716601,0.00251952,-0.0001148
breakout_dist_48h,24h,2025-10,-0.033631,-0.017441,-0.024255,-0.00374173,0.00159152,-0.00059239
breakout_dist_48h,24h,2025-11,-0.006252,-0.012654,-0.017802,-0.00033178,0.00103083,-1.051e-05
breakout_dist_48h,24h,2025-12,-0.029176,-0.023019,-0.014693,-0.0024371,-0.0021702,0.00017466
breakout_dist_48h,24h,2026-01,0.005975,-0.009817,-0.013629,0.0069746,0.00140191,0.00149671
breakout_dist_48h,24h,2026-02,-0.027981,-0.01706,-0.014857,0.00283779,0.00245843,0.00174463
breakout_dist_48h,24h,2026-03,-0.014345,-0.012117,-0.017568,0.00088985,0.00356741,0.00069861
breakout_dist_48h,24h,2026-04,-0.051335,-0.03122,-0.020519,0.00328339,0.00233701,0.00186946
breakout_dist_48h,24h,2026-05,0.012215,-0.017822,-0.017441,0.00686482,0.00367935,0.00306889
breakout_dist_48h,24h,2026-06,0.025027,-0.004698,-0.008407,0.01270847,0.00761889,0.00559315
breakout_dist_48h,4h,2024-06,0.008101,0.008101,0.008101,0.00052594,0.00052594,0.00052594
breakout_dist_48h,4h,2024-07,-0.01655,-0.004225,-0.004225,-0.00028031,0.00012282,0.00012282
breakout_dist_48h,4h,2024-08,-0.028177,-0.012209,-0.012209,-0.0009186,-0.00022432,-0.00022432
breakout_dist_48h,4h,2024-09,-0.005593,-0.016774,-0.010555,0.00031799,-0.00029364,-8.874e-05
breakout_dist_48h,4h,2024-10,-0.041548,-0.025106,-0.016754,-0.00106137,-0.00055399,-0.00028327
breakout_dist_48h,4h,2024-11,-0.016631,-0.021257,-0.016733,0.00051031,-7.769e-05,-0.00015101
breakout_dist_48h,4h,2024-12,-0.037368,-0.031849,-0.024311,-0.00041587,-0.00032231,-0.00030798
breakout_dist_48h,4h,2025-01,0.006968,-0.015677,-0.020391,0.00155525,0.0005499,-2.05e-06
breakout_dist_48h,4h,2025-02,0.001847,-0.009518,-0.015387,0.00137339,0.00083759,0.00037995
breakout_dist_48h,4h,2025-03,-0.021737,-0.004308,-0.018078,-0.00097461,0.00065134,0.00016452
breakout_dist_48h,4h,2025-04,-0.016316,-0.012069,-0.013873,-0.00040092,-7.1e-07,0.00027459
breakout_dist_48h,4h,2025-05,-0.027518,-0.021857,-0.015687,0.00021132,-0.00038807,0.00022476
breakout_dist_48h,4h,2025-06,-0.042281,-0.028705,-0.016506,-0.00088175,-0.00035712,0.00014711
breakout_dist_48h,4h,2025-07,-0.025242,-0.03168,-0.021875,0.00015213,-0.00017277,-8.674e-05
breakout_dist_48h,4h,2025-08,-0.01704,-0.028188,-0.025022,0.00036176,-0.00012262,-0.00025534
breakout_dist_48h,4h,2025-09,-0.012519,-0.018267,-0.023486,0.0008552,0.00045636,4.962e-05
breakout_dist_48h,4h,2025-10,-0.032592,-0.020717,-0.026199,0.00045539,0.00055745,0.00019234
breakout_dist_48h,4h,2025-11,-0.015705,-0.020272,-0.02423,0.00043114,0.00058058,0.00022898
breakout_dist_48h,4h,2025-12,-0.040195,-0.029497,-0.023882,-0.00077519,3.711e-05,0.00024674
breakout_dist_48h,4h,2026-01,-0.010829,-0.022243,-0.02148,0.00138559,0.00034718,0.00045232
breakout_dist_48h,4h,2026-02,-0.020729,-0.023917,-0.022095,0.0005651,0.00039183,0.0004862
breakout_dist_48h,4h,2026-03,-0.017847,-0.016468,-0.022983,0.00062389,0.00085819,0.00044765
breakout_dist_48h,4h,2026-04,-0.034646,-0.024407,-0.023325,0.00072551,0.00063817,0.00049267
breakout_dist_48h,4h,2026-05,-0.017896,-0.023463,-0.02369,0.00065143,0.00066694,0.00052939
breakout_dist_48h,4h,2026-06,0.001825,-0.016906,-0.016687,0.0014293,0.00093541,0.0008968
breakout_dist_48h,72h,2024-06,0.066965,0.066965,0.066965,0.01164877,0.01164877,0.01164877
breakout_dist_48h,72h,2024-07,-0.036227,0.015369,0.015369,-0.01028528,0.00068174,0.00068174
breakout_dist_48h,72h,2024-08,0.020756,0.017165,0.017165,0.00263606,0.00133318,0.00133318
breakout_dist_48h,72h,2024-09,-0.022415,-0.012628,0.00727,0.00071577,-0.00231115,0.00117883
breakout_dist_48h,72h,2024-10,-0.064111,-0.021923,-0.007006,-0.0104161,-0.00235476,-0.00114016
breakout_dist_48h,72h,2024-11,0.05137,-0.011718,0.002723,0.0176271,0.00264226,0.00198772
breakout_dist_48h,72h,2024-12,0.00152,-0.00374,-0.008184,0.00590223,0.00437108,0.00102996
breakout_dist_48h,72h,2025-01,0.06765,0.04018,0.009128,0.01599113,0.01317349,0.00540936
breakout_dist_48h,72h,2025-02,-0.010444,0.019575,0.003928,-0.00164161,0.00675058,0.00469642
breakout_dist_48h,72h,2025-03,0.011462,0.022889,0.009574,-0.00065193,0.00456586,0.00446847
breakout_dist_48h,72h,2025-04,0.003305,0.001441,0.020811,0.00814248,0.00194965,0.00756157
breakout_dist_48h,72h,2025-05,-0.040286,-0.008506,0.005535,-0.01044585,-0.0009851,0.00288274
breakout_dist_48h,72h,2025-06,-0.042792,-0.026591,-0.001851,-0.00366271,-0.00198869,0.00128859
breakout_dist_48h,72h,2025-07,0.005034,-0.026014,-0.012287,0.00092172,-0.00439561,-0.00122298
breakout_dist_48h,72h,2025-08,-0.0204,-0.019386,-0.013946,0.02319825,0.00681909,0.00291699
breakout_dist_48h,72h,2025-09,0.025806,0.00348,-0.011555,0.02137791,0.01516596,0.00658863
breakout_dist_48h,72h,2025-10,-0.001568,0.001279,-0.012368,0.00666288,0.01707968,0.00634203
breakout_dist_48h,72h,2025-11,0.028245,0.017495,-0.000946,-0.00288418,0.00838554,0.00760231
breakout_dist_48h,72h,2025-12,-0.021129,0.001849,0.002665,0.00187496,0.00188455,0.00852526
breakout_dist_48h,72h,2026-01,0.04997,0.019029,0.010154,0.0161449,0.00504523,0.01106245
breakout_dist_48h,72h,2026-02,-0.005135,0.007902,0.012698,0.00363053,0.0072168,0.00780117
breakout_dist_48h,72h,2026-03,-0.003295,0.013847,0.007848,0.00460357,0.00812633,0.00500544
breakout_dist_48h,72h,2026-04,-0.011985,-0.006805,0.006112,0.02508456,0.01110622,0.00807572
breakout_dist_48h,72h,2026-05,0.018993,0.001238,0.00457,0.01329378,0.0143273,0.01077205
breakout_dist_48h,72h,2026-06,-0.01359,-0.002194,0.005826,0.00717468,0.01518434,0.01165534
candle_body,1h,2024-06,-0.004901,-0.004901,-0.004901,8.618e-05,8.618e-05,8.618e-05
candle_body,1h,2024-07,-0.00745,-0.006176,-0.006176,0.00021157,0.00014888,0.00014888
candle_body,1h,2024-08,-0.02417,-0.012174,-0.012174,7.369e-05,0.00012381,0.00012381
candle_body,1h,2024-09,-0.039986,-0.023869,-0.019127,-0.00022587,1.98e-05,3.639e-05
candle_body,1h,2024-10,-0.034166,-0.032774,-0.022134,-0.00010005,-8.408e-05,9.1e-06
candle_body,1h,2024-11,-0.025005,-0.033052,-0.022613,-7.77e-06,-0.00011123,6.29e-06
candle_body,1h,2024-12,-0.046613,-0.035261,-0.029565,-0.00034193,-0.00014992,-6.506e-05
candle_body,1h,2025-01,-0.040991,-0.037536,-0.035155,-0.00043656,-0.00026209,-0.00017308
candle_body,1h,2025-02,-0.014557,-0.034054,-0.033553,-0.00011299,-0.00029716,-0.0002042
candle_body,1h,2025-03,-0.020081,-0.02521,-0.030235,0.00015431,-0.00013175,-0.00014083
candle_body,1h,2025-04,-0.0416,-0.025412,-0.031474,-0.00058821,-0.0001823,-0.00022219
candle_body,1h,2025-05,-0.035525,-0.032402,-0.033228,-0.00031557,-0.00024982,-0.00027349
candle_body,1h,2025-06,-0.021164,-0.032763,-0.028986,-0.00015918,-0.00035432,-0.00024303
candle_body,1h,2025-07,-0.038387,-0.031692,-0.028552,-0.00017273,-0.00021583,-0.00019906
candle_body,1h,2025-08,-0.043402,-0.034318,-0.03336,-0.00011333,-0.00014841,-0.00019912
candle_body,1h,2025-09,-0.034651,-0.038813,-0.035788,-0.00019131,-0.00015912,-0.00025672
candle_body,1h,2025-10,-0.033686,-0.037246,-0.034469,-0.00014394,-0.00014953,-0.00018268
candle_body,1h,2025-11,-0.035805,-0.034714,-0.034516,-0.00017521,-0.00017015,-0.00015928
candle_body,1h,2025-12,-0.028986,-0.032826,-0.035819,0.00028415,-1.167e-05,-8.539e-05
candle_body,1h,2026-01,-0.040714,-0.035168,-0.036207,-0.00029796,-6.301e-05,-0.00010627
candle_body,1h,2026-02,-0.026756,-0.032152,-0.033433,-9.15e-06,-7.65e-06,-8.89e-05
candle_body,1h,2026-03,-0.023794,-0.030421,-0.031624,7.918e-05,-7.598e-05,-4.382e-05
candle_body,1h,2026-04,-0.033675,-0.028075,-0.031622,-2.081e-05,1.641e-05,-2.33e-05
candle_body,1h,2026-05,-0.044062,-0.033844,-0.032998,-0.00060684,-0.00018282,-9.524e-05
candle_body,1h,2026-06,-0.042757,-0.040165,-0.035293,-0.00019915,-0.0002756,-0.00017579
candle_body,24h,2024-06,0.003779,0.003779,0.003779,0.00069095,0.00069095,0.00069095
candle_body,24h,2024-07,-0.003319,0.00023,0.00023,0.00043466,0.0005628,0.0005628
candle_body,24h,2024-08,-0.007149,-0.00223,-0.00223,2.696e-05,0.00038419,0.00038419
candle_body,24h,2024-09,-0.006067,-0.005512,-0.003189,-0.00057465,-3.768e-05,0.00014448
candle_body,24h,2024-10,-0.012682,-0.008633,-0.005088,-0.00036546,-0.00030438,4.249e-05
candle_body,24h,2024-11,0.001349,-0.0058,-0.004015,0.00177755,0.00027915,0.00033167
candle_body,24h,2024-12,-0.021632,-0.010988,-0.00825,-0.00126793,4.805e-05,5.19e-06
candle_body,24h,2025-01,-0.003123,-0.007802,-0.008217,0.001223,0.00057754,0.00013658
candle_body,24h,2025-02,0.005579,-0.006392,-0.006096,0.00159399,0.00051635,0.00039775
candle_body,24h,2025-03,-0.009924,-0.002489,-0.006739,-0.00094931,0.00062256,0.00033531
candle_body,24h,2025-04,-0.007856,-0.004067,-0.005934,0.00095043,0.0005317,0.00055462
candle_body,24h,2025-05,-0.015813,-0.011198,-0.008795,-0.00030442,-0.0001011,0.00020763
candle_body,24h,2025-06,-0.011745,-0.011805,-0.007147,-0.00025824,0.00012926,0.00037591
candle_body,24h,2025-07,-0.009604,-0.012387,-0.008227,0.00042891,-4.458e-05,0.00024356
candle_body,24h,2025-08,-0.005542,-0.008963,-0.01008,0.00176461,0.00064509,0.000272
candle_body,24h,2025-09,-0.011982,-0.009042,-0.010424,0.00051003,0.00090118,0.00051522
candle_body,24h,2025-10,-0.014051,-0.010525,-0.011456,0.00133429,0.00120298,0.0005792
candle_body,24h,2025-11,-0.009108,-0.011714,-0.010339,0.00047973,0.00077468,0.00070989
candle_body,24h,2025-12,-0.017341,-0.0135,-0.011271,-0.00112467,0.00022978,0.00056548
candle_body,24h,2026-01,-0.008753,-0.011734,-0.011129,0.00149598,0.00028368,0.00074333
candle_body,24h,2026-02,-0.016302,-0.014132,-0.012923,-0.00037249,-3.9e-07,0.00038714
candle_body,24h,2026-03,-0.019727,-0.014927,-0.014214,-0.0005863,0.00017906,0.00020442
candle_body,24h,2026-04,-0.02554,-0.020523,-0.016128,-0.00097869,-0.00064583,-0.00018107
candle_body,24h,2026-05,-0.014611,-0.019959,-0.017046,-0.00094762,-0.00083754,-0.00041896
candle_body,24h,2026-06,-0.003425,-0.014525,-0.014726,0.00457041,0.00088137,0.00053022
candle_body,4h,2024-06,-0.009534,-0.009534,-0.009534,-0.00018193,-0.00018193,-0.00018193
candle_body,4h,2024-07,-0.006707,-0.008121,-0.008121,0.00059814,0.00020811,0.00020811
candle_body,4h,2024-08,-0.026367,-0.014203,-0.014203,-0.00025539,5.361e-05,5.361e-05
candle_body,4h,2024-09,-0.025676,-0.019583,-0.017071,-0.00030907,1.123e-05,-3.706e-05
candle_body,4h,2024-10,-0.026255,-0.026099,-0.018908,-0.00028365,-0.0002827,-8.638e-05
candle_body,4h,2024-11,-0.012795,-0.021575,-0.017889,0.00076923,5.884e-05,5.622e-05
candle_body,4h,2024-12,-0.046285,-0.028445,-0.024014,-0.00129705,-0.00027049,-0.00012963
candle_body,4h,2025-01,-0.013385,-0.024155,-0.025127,0.00039409,-4.458e-05,-0.00016364
candle_body,4h,2025-02,-0.00031,-0.019993,-0.020784,0.00080396,-3.3e-05,1.292e-05
candle_body,4h,2025-03,-0.025208,-0.012967,-0.020706,-0.00026135,0.00031223,2.087e-05
candle_body,4h,2025-04,-0.030617,-0.018711,-0.021433,-0.00083003,-9.581e-05,-7.019e-05
candle_body,4h,2025-05,-0.00771,-0.021178,-0.020586,0.00063746,-0.00015131,-9.215e-05
candle_body,4h,2025-06,-0.022295,-0.020207,-0.016587,-0.00025826,-0.00015028,8.098e-05
candle_body,4h,2025-07,-0.03436,-0.021455,-0.020083,-0.00022154,5.255e-05,-2.163e-05
candle_body,4h,2025-08,-0.035542,-0.030732,-0.025955,-0.00011002,-0.00019661,-0.00017396
candle_body,4h,2025-09,-0.024964,-0.031622,-0.025915,3.22e-05,-9.979e-05,-0.00012503
candle_body,4h,2025-10,-0.020246,-0.026917,-0.024186,0.0010144,0.00031219,0.00018237
candle_body,4h,2025-11,-0.022893,-0.022701,-0.026717,0.00058782,0.00054481,0.0001741
candle_body,4h,2025-12,-0.02766,-0.0236,-0.027611,0.00013859,0.00058027,0.00024024
candle_body,4h,2026-01,-0.024583,-0.025046,-0.025981,-3.08e-06,0.00024111,0.00027665
candle_body,4h,2026-02,-0.012803,-0.021682,-0.022192,0.00075585,0.00029712,0.00042096
candle_body,4h,2026-03,-0.023244,-0.02021,-0.021905,0.0002222,0.00032499,0.00045263
candle_body,4h,2026-04,-0.029948,-0.021999,-0.023522,-0.00014889,0.00027639,0.00025875
candle_body,4h,2026-05,-0.030753,-0.027982,-0.024832,-0.00063442,-0.00018704,5.504e-05
candle_body,4h,2026-06,-0.032602,-0.031101,-0.025656,-0.00013947,-0.00030759,8.7e-06
candle_body,72h,2024-06,0.014906,0.014906,0.014906,0.00283319,0.00283319,0.00283319
candle_body,72h,2024-07,-0.00094,0.006983,0.006983,-0.00013852,0.00134734,0.00134734
candle_body,72h,2024-08,8.5e-05,0.004683,0.004683,0.00048878,0.00106115,0.00106115
candle_body,72h,2024-09,-0.003993,-0.001616,0.002514,-0.00013596,7.143e-05,0.00076187
candle_body,72h,2024-10,-0.012723,-0.005544,-0.000533,-0.00173705,-0.00046141,0.00026209
candle_body,72h,2024-11,0.017179,0.000154,0.002419,0.00559128,0.00123942,0.00115029
candle_body,72h,2024-12,-0.013881,-0.003142,-0.002379,-0.00150438,0.00078328,0.00042736
candle_body,72h,2025-01,0.011934,0.005077,-0.000233,0.00395952,0.00268214,0.00111037
candle_body,72h,2025-02,0.001365,-0.000194,-2e-05,0.00206648,0.00150721,0.00137331
candle_body,72h,2025-03,-0.002478,0.003607,0.000233,-0.00150296,0.00150768,0.00114548
candle_body,72h,2025-04,-0.005622,-0.002245,0.001416,0.00029843,0.00028732,0.00148473
candle_body,72h,2025-05,-0.014673,-0.007591,-0.003892,-0.00208712,-0.00109722,0.000205
candle_body,72h,2025-06,-0.015484,-0.011926,-0.00416,-0.00109995,-0.00096288,0.0002724
candle_body,72h,2025-07,-0.003759,-0.011305,-0.006775,0.00089996,-0.00076237,-0.00023753
candle_body,72h,2025-08,-0.011019,-0.010087,-0.008839,0.00586001,0.00188667,0.00039473
candle_body,72h,2025-09,-0.006578,-0.007119,-0.009522,0.00401622,0.00359206,0.00131459
candle_body,72h,2025-10,-0.004478,-0.007358,-0.009332,0.00306218,0.0043128,0.00177522
candle_body,72h,2025-11,-0.000979,-0.004011,-0.007049,-0.00193737,0.00171368,0.00180017
candle_body,72h,2025-12,-0.011107,-0.005521,-0.00632,-0.00182837,-0.00023452,0.00167877
candle_body,72h,2026-01,-0.002495,-0.00486,-0.006109,0.00234678,-0.00047299,0.00191991
candle_body,72h,2026-02,-0.006532,-0.006711,-0.005361,0.00065939,0.0003926,0.00105314
candle_body,72h,2026-03,-0.00934,-0.006123,-0.005822,0.00024196,0.00108271,0.00042409
candle_body,72h,2026-04,-0.011924,-0.009266,-0.007063,0.00230173,0.00106769,0.00029735
candle_body,72h,2026-05,-0.005911,-0.009059,-0.007885,0.00090814,0.00115061,0.0007716
candle_body,72h,2026-06,0.001745,-0.005364,-0.005743,0.0074546,0.00355482,0.00231877
candle_wick_lower,1h,2024-06,-0.003756,-0.003756,-0.003756,7.65e-06,7.65e-06,7.65e-06
candle_wick_lower,1h,2024-07,-0.014176,-0.008966,-0.008966,-0.00033997,-0.00016616,-0.00016616
candle_wick_lower,1h,2024-08,-0.012388,-0.010107,-0.010107,-0.00033201,-0.00022144,-0.00022144
candle_wick_lower,1h,2024-09,-0.009671,-0.012078,-0.009998,-0.0001376,-0.00026986,-0.00020048
candle_wick_lower,1h,2024-10,-0.005384,-0.009148,-0.009075,-0.00019611,-0.00022191,-0.00019961
candle_wick_lower,1h,2024-11,0.009025,-0.00201,-0.006058,0.00039416,2.015e-05,-0.00010065
candle_wick_lower,1h,2024-12,0.009377,0.004339,-0.003869,0.00014801,0.00011535,-7.725e-05
candle_wick_lower,1h,2025-01,0.004379,0.007594,-0.000777,0.00032653,0.00028957,3.383e-05
candle_wick_lower,1h,2025-02,-0.008591,0.001722,-0.000144,-0.00016434,0.0001034,6.178e-05
candle_wick_lower,1h,2025-03,-0.011329,-0.00518,-0.000421,-0.00016926,-2.36e-06,5.65e-05
candle_wick_lower,1h,2025-04,-0.002285,-0.007402,9.6e-05,8.569e-05,-8.264e-05,0.00010347
candle_wick_lower,1h,2025-05,-0.009607,-0.00774,-0.003009,-9.6e-06,-3.106e-05,3.617e-05
candle_wick_lower,1h,2025-06,-0.005192,-0.005694,-0.005437,-5.776e-05,6.11e-06,1.88e-06
candle_wick_lower,1h,2025-07,-0.01016,-0.008319,-0.00786,-0.00032042,-0.00012926,-0.00010595
candle_wick_lower,1h,2025-08,-0.010274,-0.008542,-0.008141,-0.0003447,-0.00024096,-0.00013601
candle_wick_lower,1h,2025-09,-0.013486,-0.011307,-0.008501,-0.00011177,-0.00025896,-0.00012643
candle_wick_lower,1h,2025-10,-0.004088,-0.009283,-0.008801,-0.00022805,-0.00022817,-0.00017872
candle_wick_lower,1h,2025-11,-0.001653,-0.006409,-0.007475,-8.549e-05,-0.00014177,-0.00019136
candle_wick_lower,1h,2025-12,-0.002202,-0.002648,-0.006977,0.00017183,-4.724e-05,-0.0001531
candle_wick_lower,1h,2026-01,0.001449,-0.000802,-0.005042,-1.216e-05,2.473e-05,-0.00010172
candle_wick_lower,1h,2026-02,-0.007524,-0.002759,-0.004584,-0.00011866,1.367e-05,-6.405e-05
candle_wick_lower,1h,2026-03,-0.009732,-0.005269,-0.003958,-0.00041629,-0.00018237,-0.0001148
candle_wick_lower,1h,2026-04,-0.014318,-0.010525,-0.005663,-0.00049175,-0.00034223,-0.00015875
candle_wick_lower,1h,2026-05,-0.014512,-0.012854,-0.007807,-0.00036963,-0.00042589,-0.00020611
candle_wick_lower,1h,2026-06,-0.008334,-0.012388,-0.008829,-0.00035685,-0.00040608,-0.00029422
candle_wick_lower,24h,2024-06,0.007354,0.007354,0.007354,0.00029147,0.00029147,0.00029147
candle_wick_lower,24h,2024-07,-0.00391,0.001722,0.001722,-0.00079519,-0.00025186,-0.00025186
candle_wick_lower,24h,2024-08,0.001557,0.001667,0.001667,0.00014207,-0.00012055,-0.00012055
candle_wick_lower,24h,2024-09,-0.007474,-0.003276,-0.000619,-0.00116644,-0.00060652,-0.00038202
candle_wick_lower,24h,2024-10,0.00505,-0.000289,0.000515,-0.00056438,-0.00052958,-0.00041849
candle_wick_lower,24h,2024-11,0.011157,0.002911,0.002289,-0.00095861,-0.00089648,-0.00050851
candle_wick_lower,24h,2024-12,0.01122,0.009142,0.002933,0.00041383,-0.00036972,-0.00048812
candle_wick_lower,24h,2025-01,0.012997,0.011791,0.005751,0.00133555,0.00026359,-0.000133
candle_wick_lower,24h,2025-02,0.005995,0.010071,0.006491,0.00029404,0.00068114,-0.00010767
candle_wick_lower,24h,2025-03,-0.002913,0.00536,0.007251,-0.00060676,0.00034094,-1.439e-05
candle_wick_lower,24h,2025-04,0.002889,0.00199,0.006891,-0.00140782,-0.00057351,-0.00015496
candle_wick_lower,24h,2025-05,-0.003547,-0.00119,0.00444,-0.00031858,-0.00077772,-4.829e-05
candle_wick_lower,24h,2025-06,-0.000443,-0.000367,0.002496,-0.00044578,-0.00072406,-0.00019156
candle_wick_lower,24h,2025-07,0.003861,-4.3e-05,0.000974,0.00059594,-5.614e-05,-0.00031483
candle_wick_lower,24h,2025-08,0.001635,0.001684,0.000247,-0.00021858,-2.281e-05,-0.00040026
candle_wick_lower,24h,2025-09,0.005459,0.003651,0.001642,-0.00014777,7.653e-05,-0.00032377
candle_wick_lower,24h,2025-10,0.004164,0.003752,0.001855,-7.79e-06,-0.00012471,-9.043e-05
candle_wick_lower,24h,2025-11,0.004047,0.004557,0.00312,-0.00021914,-0.0001249,-7.385e-05
candle_wick_lower,24h,2025-12,-0.002981,0.001743,0.002697,-0.00217185,-0.00079959,-0.00036153
candle_wick_lower,24h,2026-01,0.003927,0.001664,0.002708,-0.00083865,-0.00107655,-0.00060063
candle_wick_lower,24h,2026-02,0.006134,0.00236,0.003458,0.00097351,-0.000679,-0.00040195
candle_wick_lower,24h,2026-03,0.008499,0.006187,0.003965,-7.481e-05,2.002e-05,-0.00038979
candle_wick_lower,24h,2026-04,0.008792,0.007808,0.004736,1.631e-05,0.000305,-0.00038577
candle_wick_lower,24h,2026-05,-0.002384,0.004969,0.003664,-0.00065734,-0.00023861,-0.00045881
candle_wick_lower,24h,2026-06,0.006028,0.004145,0.005166,7.339e-05,-0.00018921,-8.46e-05
candle_wick_lower,4h,2024-06,0.009385,0.009385,0.009385,0.00017963,0.00017963,0.00017963
candle_wick_lower,4h,2024-07,-0.009099,0.000143,0.000143,-0.00053153,-0.00017595,-0.00017595
candle_wick_lower,4h,2024-08,-0.005577,-0.001764,-0.001764,-0.00031612,-0.00022267,-0.00022267
candle_wick_lower,4h,2024-09,-0.012074,-0.008917,-0.004341,-0.00026877,-0.00037214,-0.0002342
candle_wick_lower,4h,2024-10,-0.000361,-0.006004,-0.003545,-5.649e-05,-0.00021379,-0.00019866
candle_wick_lower,4h,2024-11,0.013322,0.000296,-0.000734,0.00040079,2.518e-05,-9.875e-05
candle_wick_lower,4h,2024-12,0.008672,0.007211,-0.000853,0.00049888,0.00028106,-4.554e-05
candle_wick_lower,4h,2025-01,0.015081,0.012358,0.003177,0.00077466,0.00055811,0.00017216
candle_wick_lower,4h,2025-02,-0.007113,0.005547,0.002921,-0.0006598,0.00020458,0.00011488
candle_wick_lower,4h,2025-03,-0.00393,0.001346,0.004279,-0.00030038,-6.184e-05,0.00010961
candle_wick_lower,4h,2025-04,0.001156,-0.003296,0.004531,-0.00033128,-0.00043049,6.381e-05
candle_wick_lower,4h,2025-05,-0.007852,-0.003542,0.001002,-0.00050601,-0.00037922,-8.732e-05
candle_wick_lower,4h,2025-06,-0.004783,-0.003826,-0.00124,-0.00036644,-0.00040124,-0.00023154
candle_wick_lower,4h,2025-07,-0.005059,-0.005898,-0.004597,-0.00015211,-0.00034152,-0.000386
candle_wick_lower,4h,2025-08,-0.00248,-0.004107,-0.003825,-5.055e-05,-0.0001897,-0.00028446
candle_wick_lower,4h,2025-09,-0.001402,-0.00298,-0.003403,-0.00029246,-0.00016504,-0.00028314
candle_wick_lower,4h,2025-10,0.001707,-0.000725,-0.003311,-0.00079579,-0.0003796,-0.00036056
candle_wick_lower,4h,2025-11,0.000724,0.000343,-0.001882,-0.00017378,-0.00042068,-0.00030519
candle_wick_lower,4h,2025-12,-0.001821,0.000204,-0.001388,-0.00021446,-0.00039468,-0.00027986
candle_wick_lower,4h,2026-01,0.00709,0.001998,0.000636,-7.003e-05,-0.00015276,-0.00026618
candle_wick_lower,4h,2026-02,0.000235,0.001835,0.001089,-0.00027012,-0.00018487,-0.00030277
candle_wick_lower,4h,2026-03,0.000852,0.002726,0.001465,-0.0004582,-0.00026612,-0.0003304
candle_wick_lower,4h,2026-04,-0.001554,-0.000155,0.000921,-0.00057834,-0.00043555,-0.00029415
candle_wick_lower,4h,2026-05,-0.00512,-0.001941,-5.3e-05,-0.00067377,-0.0005701,-0.00037749
candle_wick_lower,4h,2026-06,0.001412,-0.001754,0.000486,1.612e-05,-0.000412,-0.00033906
candle_wick_lower,72h,2024-06,0.002787,0.002787,0.002787,-0.00017253,-0.00017253,-0.00017253
candle_wick_lower,72h,2024-07,-0.001925,0.000431,0.000431,-0.00076648,-0.00046951,-0.00046951
candle_wick_lower,72h,2024-08,0.002112,0.000991,0.000991,0.00044056,-0.00016615,-0.00016615
candle_wick_lower,72h,2024-09,-0.009416,-0.003076,-0.00161,-0.00242032,-0.00091541,-0.00072969
candle_wick_lower,72h,2024-10,0.003121,-0.001394,-0.000664,-0.00032096,-0.00076691,-0.00064795
candle_wick_lower,72h,2024-11,0.001258,-0.001679,-0.000344,-0.00382795,-0.00218974,-0.00117795
candle_wick_lower,72h,2024-12,0.009197,0.004525,0.000725,-0.00037357,-0.00150749,-0.00121145
candle_wick_lower,72h,2025-01,0.014103,0.008186,0.003396,0.00340054,-0.00026699,-0.00051695
candle_wick_lower,72h,2025-02,0.012685,0.011995,0.005158,0.00095626,0.00132774,-0.000431
candle_wick_lower,72h,2025-03,-0.005664,0.007041,0.005783,-0.00181409,0.00084757,-0.00032996
candle_wick_lower,72h,2025-04,0.004275,0.003765,0.005976,-0.00530265,-0.00205349,-0.00116024
candle_wick_lower,72h,2025-05,-0.008224,-0.003204,0.004395,-0.0027438,-0.00328685,-0.00097955
candle_wick_lower,72h,2025-06,-0.006451,-0.003467,0.001787,-0.00086909,-0.00297185,-0.00106214
candle_wick_lower,72h,2025-07,0.005961,-0.002905,0.00043,0.0021216,-0.0004971,-0.00127529
candle_wick_lower,72h,2025-08,0.006283,0.001931,-0.000637,-0.00353414,-0.00076054,-0.00202369
candle_wick_lower,72h,2025-09,-0.002657,0.003195,-0.000136,-0.00496765,-0.00212673,-0.00254929
candle_wick_lower,72h,2025-10,0.000309,0.001312,-0.000797,-0.000908,-0.0031366,-0.00181685
candle_wick_lower,72h,2025-11,0.006572,0.001408,0.001669,-0.0013439,-0.00240652,-0.00158353
candle_wick_lower,72h,2025-12,-0.000691,0.002063,0.002629,-0.0084059,-0.0035526,-0.00283966
candle_wick_lower,72h,2026-01,-9.5e-05,0.001929,0.00162,-0.0011833,-0.00364437,-0.00339048
candle_wick_lower,72h,2026-02,0.002905,0.000706,0.001057,0.00028509,-0.00310137,-0.00275394
candle_wick_lower,72h,2026-03,0.002489,0.001766,0.001915,-0.0013921,-0.00076344,-0.00215802
candle_wick_lower,72h,2026-04,0.009684,0.005026,0.003477,0.00225374,0.00038224,-0.00163106
candle_wick_lower,72h,2026-05,0.000744,0.004306,0.002506,-8.974e-05,0.0002573,-0.00142203
candle_wick_lower,72h,2026-06,0.009042,0.00649,0.004128,0.00220387,0.00145596,0.00034626
candle_wick_upper,1h,2024-06,0.013546,0.013546,0.013546,-0.00033604,-0.00033604,-0.00033604
candle_wick_upper,1h,2024-07,0.02436,0.018953,0.018953,-0.00046821,-0.00040213,-0.00040213
candle_wick_upper,1h,2024-08,0.006233,0.014713,0.014713,5.441e-05,-0.00024995,-0.00024995
candle_wick_upper,1h,2024-09,0.024151,0.018248,0.017073,-0.00040137,-0.00027172,-0.0002878
candle_wick_upper,1h,2024-10,0.002111,0.010832,0.01408,9.74e-06,-0.00011241,-0.00022829
candle_wick_upper,1h,2024-11,-0.001611,0.008217,0.011465,-6.01e-05,-0.00015058,-0.00020026
candle_wick_upper,1h,2024-12,-0.009628,-0.003043,0.007603,0.00037134,0.00010699,-8.237e-05
candle_wick_upper,1h,2025-01,-0.002296,-0.004512,0.00316,6.454e-05,0.00012526,6.43e-06
candle_wick_upper,1h,2025-02,0.001474,-0.003484,0.002367,-9.722e-05,0.00011289,-1.884e-05
candle_wick_upper,1h,2025-03,-0.006592,-0.002472,-0.002757,0.00029278,8.67e-05,9.685e-05
candle_wick_upper,1h,2025-04,0.009364,0.001415,-0.001548,-3.965e-05,5.197e-05,8.862e-05
candle_wick_upper,1h,2025-05,0.018366,0.007046,0.001781,-0.00034077,-2.921e-05,4.184e-05
candle_wick_upper,1h,2025-06,0.009957,0.012562,0.005045,-0.0002071,-0.00019584,-5.457e-05
candle_wick_upper,1h,2025-07,0.014043,0.014122,0.007769,-0.00025413,-0.00026733,-0.00010768
candle_wick_upper,1h,2025-08,0.016963,0.013654,0.01035,-0.00029726,-0.00025283,-0.00014102
candle_wick_upper,1h,2025-09,0.021049,0.017352,0.014957,-0.00035747,-0.00030295,-0.0002494
candle_wick_upper,1h,2025-10,0.012671,0.016894,0.015508,-0.00025883,-0.00030452,-0.00028593
candle_wick_upper,1h,2025-11,0.006045,0.013255,0.013455,-4.155e-05,-0.00021928,-0.00023606
candle_wick_upper,1h,2025-12,0.014097,0.010938,0.014145,-4.186e-05,-0.00011408,-0.00020852
candle_wick_upper,1h,2026-01,0.008677,0.009606,0.01325,-3.767e-05,-4.036e-05,-0.00017244
candle_wick_upper,1h,2026-02,0.010549,0.011108,0.012181,-0.00024791,-0.00010915,-0.00016421
candle_wick_upper,1h,2026-03,0.017603,0.012276,0.011607,-0.00042935,-0.00023831,-0.0001762
candle_wick_upper,1h,2026-04,0.016426,0.014859,0.012233,-0.00049932,-0.00039219,-0.00021628
candle_wick_upper,1h,2026-05,0.013445,0.015825,0.013466,-0.00020349,-0.00037739,-0.00024327
candle_wick_upper,1h,2026-06,0.008378,0.01275,0.012513,-0.00012998,-0.0002776,-0.00025795
candle_wick_upper,24h,2024-06,-0.001396,-0.001396,-0.001396,0.0001122,0.0001122,0.0001122
candle_wick_upper,24h,2024-07,0.002501,0.000553,0.000553,0.00017646,0.00014433,0.00014433
candle_wick_upper,24h,2024-08,-0.00099,3.8e-05,3.8e-05,6.7e-07,9.644e-05,9.644e-05
candle_wick_upper,24h,2024-09,0.002292,0.001268,0.000602,-0.00023981,-2.089e-05,1.238e-05
candle_wick_upper,24h,2024-10,-0.011922,-0.00354,-0.001903,0.00017681,-2.078e-05,4.527e-05
candle_wick_upper,24h,2024-11,-0.015778,-0.008469,-0.004215,0.00054236,0.00015979,0.00012811
candle_wick_upper,24h,2024-12,-0.007814,-0.011838,-0.005285,-0.00048001,7.972e-05,2.941e-05
candle_wick_upper,24h,2025-01,-0.010738,-0.011443,-0.007492,0.00177346,0.00061194,0.00029558
candle_wick_upper,24h,2025-02,-0.011863,-0.010139,-0.009304,-0.00012299,0.00039015,0.00027497
candle_wick_upper,24h,2025-03,-0.004849,-0.00915,-0.010494,0.00045325,0.00070124,0.00039048
candle_wick_upper,24h,2025-04,-0.002261,-0.006325,-0.008884,0.00110459,0.00047828,0.00054511
candle_wick_upper,24h,2025-05,-0.012585,-0.006565,-0.008352,0.00057099,0.00070961,0.00054988
candle_wick_upper,24h,2025-06,-0.007674,-0.007507,-0.008329,0.00036567,0.00068042,0.00069083
candle_wick_upper,24h,2025-07,-0.008374,-0.009544,-0.007934,-0.00198527,-0.00034954,6.437e-05
candle_wick_upper,24h,2025-08,-0.007416,-0.007821,-0.007193,-0.00115178,-0.00092379,-0.00010709
candle_wick_upper,24h,2025-09,-0.003931,-0.006574,-0.00704,-0.00228395,-0.001807,-0.00056329
candle_wick_upper,24h,2025-10,-0.003318,-0.004888,-0.007216,-0.00133284,-0.00158952,-0.00096953
candle_wick_upper,24h,2025-11,-0.004095,-0.003781,-0.005801,-0.00186095,-0.00182591,-0.00137485
candle_wick_upper,24h,2025-12,-0.005992,-0.004468,-0.005521,0.00110335,-0.00069681,-0.00125191
candle_wick_upper,24h,2026-01,-0.00285,-0.004312,-0.0046,-0.00100144,-0.00058635,-0.00108794
candle_wick_upper,24h,2026-02,-0.006598,-0.005147,-0.004464,0.00108867,0.00039686,-0.00071453
candle_wick_upper,24h,2026-03,-0.002588,-0.004012,-0.00424,-0.00054904,-0.00015394,-0.00042537
candle_wick_upper,24h,2026-04,-0.010464,-0.00655,-0.005431,0.00026777,0.00026913,-0.00015861
candle_wick_upper,24h,2026-05,-0.002452,-0.005168,-0.005157,0.0008441,0.00018761,0.00029224
candle_wick_upper,24h,2026-06,0.011391,-0.000508,-0.00226,-0.00295521,-0.00061445,-0.00038419
candle_wick_upper,4h,2024-06,0.005336,0.005336,0.005336,-0.00052729,-0.00052729,-0.00052729
candle_wick_upper,4h,2024-07,0.006134,0.005735,0.005735,-0.00011964,-0.00032346,-0.00032346
candle_wick_upper,4h,2024-08,0.002643,0.004704,0.004704,0.00014333,-0.00016787,-0.00016787
candle_wick_upper,4h,2024-09,0.010626,0.006468,0.006185,-0.00028188,-8.606e-05,-0.00019637
candle_wick_upper,4h,2024-10,-0.004593,0.002892,0.004029,0.00015532,5.59e-06,-0.00012603
candle_wick_upper,4h,2024-11,-0.008425,-0.000798,0.001953,7.031e-05,-1.875e-05,-9.331e-05
candle_wick_upper,4h,2024-12,0.003986,-0.003011,0.001728,-0.00014262,2.767e-05,-2.92e-05
candle_wick_upper,4h,2025-01,0.005838,0.000466,0.001679,-0.00049452,-0.00018894,-9.168e-05
candle_wick_upper,4h,2025-02,0.00152,0.003781,0.001492,-7.004e-05,-0.00023573,-0.00012724
candle_wick_upper,4h,2025-03,-0.005618,0.00058,-0.001215,0.00025862,-0.00010198,-3.716e-05
candle_wick_upper,4h,2025-04,0.00661,0.000837,0.000652,-0.00035803,-5.648e-05,-0.00012271
candle_wick_upper,4h,2025-05,0.011225,0.004072,0.003927,-0.0008593,-0.00031957,-0.00027765
candle_wick_upper,4h,2025-06,-0.001138,0.005566,0.003073,9.553e-05,-0.00037393,-0.00023796
candle_wick_upper,4h,2025-07,0.001095,0.003727,0.002282,-0.00076902,-0.00051093,-0.00028371
candle_wick_upper,4h,2025-08,0.006374,0.00211,0.003091,-0.00034815,-0.00034055,-0.00033006
candle_wick_upper,4h,2025-09,0.007898,0.005122,0.005344,-0.0007405,-0.00061922,-0.00049658
candle_wick_upper,4h,2025-10,0.008674,0.007649,0.005688,-0.00010312,-0.00039726,-0.00045409
candle_wick_upper,4h,2025-11,-0.000225,0.005449,0.00378,-0.00018116,-0.00034159,-0.00034107
candle_wick_upper,4h,2025-12,0.010695,0.006381,0.005752,-0.00074939,-0.00034456,-0.00048189
candle_wick_upper,4h,2026-01,0.003343,0.004604,0.006126,-0.000308,-0.00041285,-0.00040505
candle_wick_upper,4h,2026-02,-0.000189,0.004616,0.005033,0.00035112,-0.00023542,-0.00028851
candle_wick_upper,4h,2026-03,0.005525,0.002893,0.004637,-0.00052915,-0.00016201,-0.00025328
candle_wick_upper,4h,2026-04,0.007571,0.004302,0.004453,-0.00071671,-0.00029825,-0.00035555
candle_wick_upper,4h,2026-05,0.001159,0.004751,0.004684,-3.295e-05,-0.00042627,-0.00033085
candle_wick_upper,4h,2026-06,0.000406,0.003045,0.002969,0.00016791,-0.00019392,-0.00017796
candle_wick_upper,72h,2024-06,-0.006412,-0.006412,-0.006412,-1.795e-05,-1.795e-05,-1.795e-05
candle_wick_upper,72h,2024-07,0.00437,-0.001021,-0.001021,-0.0018343,-0.00092613,-0.00092613
candle_wick_upper,72h,2024-08,0.001461,-0.000194,-0.000194,-8.171e-05,-0.00064465,-0.00064465
candle_wick_upper,72h,2024-09,0.001531,0.002454,0.000237,-0.00093638,-0.0009508,-0.00071759
candle_wick_upper,72h,2024-10,-0.010061,-0.002356,-0.001822,-0.00045784,-0.00049198,-0.00066564
candle_wick_upper,72h,2024-11,-0.017677,-0.008736,-0.004465,-0.00030838,-0.00056753,-0.00060609
candle_wick_upper,72h,2024-12,-0.002787,-0.010175,-0.003861,-0.00104148,-0.00060257,-0.00077668
candle_wick_upper,72h,2025-01,-0.018127,-0.012864,-0.00761,0.00333901,0.00066305,8.554e-05
candle_wick_upper,72h,2025-02,-0.011593,-0.010836,-0.009786,-0.0012985,0.00033301,-0.00011726
candle_wick_upper,72h,2025-03,-0.008783,-0.012834,-0.011505,0.00216037,0.00140029,0.00039886
candle_wick_upper,72h,2025-04,0.004027,-0.00545,-0.009157,0.00401545,0.00162577,0.00114441
candle_wick_upper,72h,2025-05,-0.012847,-0.005868,-0.008352,0.00237066,0.00284883,0.00159092
candle_wick_upper,72h,2025-06,-0.010133,-0.006318,-0.009576,0.00090525,0.00243045,0.00191537
candle_wick_upper,72h,2025-07,-0.012942,-0.011974,-0.008712,-0.00496813,-0.00056407,0.00053085
candle_wick_upper,72h,2025-08,-0.012619,-0.011898,-0.008883,-0.00811003,-0.00405764,-0.00060441
candle_wick_upper,72h,2025-09,-0.003295,-0.009619,-0.007968,-0.01056739,-0.00788185,-0.0027257
candle_wick_upper,72h,2025-10,-0.012489,-0.009468,-0.010721,-0.00017161,-0.00628301,-0.00342354
candle_wick_upper,72h,2025-11,-0.009082,-0.008289,-0.010093,-0.00102075,-0.00391992,-0.00398878
candle_wick_upper,72h,2025-12,-0.014244,-0.011938,-0.010779,0.00730784,0.00203849,-0.00292168
candle_wick_upper,72h,2026-01,-0.011751,-0.011692,-0.01058,0.00084606,0.00237772,-0.00195265
candle_wick_upper,72h,2026-02,0.000285,-0.00857,-0.008429,-0.00178454,0.00212312,-0.0008984
candle_wick_upper,72h,2026-03,-0.003391,-0.004952,-0.008445,-0.00132545,-0.00075464,0.00064193
candle_wick_upper,72h,2026-04,-0.014898,-0.006002,-0.008847,0.00422117,0.00037039,0.00137406
candle_wick_upper,72h,2026-05,-0.005817,-0.008035,-0.008303,0.00063836,0.00117803,0.00165057
candle_wick_upper,72h,2026-06,0.017108,-0.001202,-0.003077,-0.00775657,-0.00096568,-0.00086016
downside_vol_20h,1h,2024-06,-0.054377,-0.054377,-0.054377,0.0002717,0.0002717,0.0002717
downside_vol_20h,1h,2024-07,-0.041462,-0.047919,-0.047919,0.00010902,0.00019036,0.00019036
downside_vol_20h,1h,2024-08,-0.039602,-0.045147,-0.045147,0.00022218,0.00020097,0.00020097
downside_vol_20h,1h,2024-09,-0.024398,-0.035154,-0.03996,-0.0002515,2.657e-05,8.785e-05
downside_vol_20h,1h,2024-10,-0.031398,-0.0318,-0.038248,-6.537e-05,-3.156e-05,5.721e-05
downside_vol_20h,1h,2024-11,-0.026672,-0.027489,-0.036318,-5.581e-05,-0.00012423,3.837e-05
downside_vol_20h,1h,2024-12,-0.023749,-0.027273,-0.031214,9.896e-05,-7.41e-06,9.58e-06
downside_vol_20h,1h,2025-01,-0.06638,-0.038934,-0.035367,0.00064201,0.00022839,9.841e-05
downside_vol_20h,1h,2025-02,-0.030608,-0.040246,-0.033868,0.0001715,0.00030416,8.997e-05
downside_vol_20h,1h,2025-03,-0.029319,-0.042102,-0.034688,0.0002482,0.0003539,0.00017325
downside_vol_20h,1h,2025-04,-0.01582,-0.025249,-0.032091,-0.00037244,1.575e-05,0.00012207
downside_vol_20h,1h,2025-05,-0.030967,-0.025369,-0.032807,3.374e-05,-3.017e-05,0.000137
downside_vol_20h,1h,2025-06,-0.024134,-0.02364,-0.032871,4.813e-05,-9.686e-05,0.00012852
downside_vol_20h,1h,2025-07,-0.026233,-0.027111,-0.02618,5.857e-05,4.681e-05,3.128e-05
downside_vol_20h,1h,2025-08,-0.028091,-0.026153,-0.025761,-0.00021839,-3.723e-05,-3.37e-05
downside_vol_20h,1h,2025-09,-0.02853,-0.027618,-0.025629,-0.00043625,-0.00019869,-0.00014777
downside_vol_20h,1h,2025-10,-0.02324,-0.026621,-0.026866,-0.00046711,-0.00037392,-0.00016355
downside_vol_20h,1h,2025-11,-0.031702,-0.027824,-0.026988,6.599e-05,-0.00027912,-0.00015818
downside_vol_20h,1h,2025-12,-0.017045,-0.023996,-0.025807,-0.00027492,-0.00022535,-0.00021202
downside_vol_20h,1h,2026-01,-0.022469,-0.023739,-0.02518,3.163e-05,-5.91e-05,-0.00021651
downside_vol_20h,1h,2026-02,-0.014207,-0.017907,-0.022866,-3.78e-05,-9.37e-05,-0.00018641
downside_vol_20h,1h,2026-03,-0.018468,-0.018381,-0.021189,3.259e-05,8.81e-06,-0.00010827
downside_vol_20h,1h,2026-04,-0.023696,-0.01879,-0.021264,-0.00039823,-0.00013448,-9.679e-05
downside_vol_20h,1h,2026-05,-0.024032,-0.022065,-0.019986,-0.00025597,-0.0002072,-0.00015045
downside_vol_20h,1h,2026-06,-0.017788,-0.021839,-0.02011,-0.00012501,-0.00025974,-0.00012547
downside_vol_20h,24h,2024-06,-0.143837,-0.143837,-0.143837,0.00737209,0.00737209,0.00737209
downside_vol_20h,24h,2024-07,-0.082506,-0.113172,-0.113172,0.00222725,0.00479967,0.00479967
downside_vol_20h,24h,2024-08,-0.111104,-0.112482,-0.112482,0.00386142,0.00448692,0.00448692
downside_vol_20h,24h,2024-09,-0.021394,-0.071668,-0.08971,-0.00384913,0.00074651,0.00240291
downside_vol_20h,24h,2024-10,-0.094847,-0.075782,-0.090738,0.00047945,0.00016391,0.00201822
downside_vol_20h,24h,2024-11,-0.057817,-0.058019,-0.085251,-0.00558005,-0.00298324,0.00075184
downside_vol_20h,24h,2024-12,-0.080324,-0.077663,-0.074665,0.00331026,-0.00059678,7.487e-05
downside_vol_20h,24h,2025-01,-0.145154,-0.094432,-0.085107,0.01276954,0.00349992,0.00183191
downside_vol_20h,24h,2025-02,-0.080246,-0.101908,-0.079964,-0.00036205,0.00523925,0.001128
downside_vol_20h,24h,2025-03,-0.089999,-0.105133,-0.091398,0.00468363,0.00569704,0.00255013
downside_vol_20h,24h,2025-04,-0.025277,-0.065174,-0.079803,-0.00680827,-0.0008289,0.00133551
downside_vol_20h,24h,2025-05,-0.069988,-0.061755,-0.081832,-0.00054397,-0.00088954,0.00217486
downside_vol_20h,24h,2025-06,-0.053465,-0.049577,-0.077355,0.0011104,-0.00208061,0.00180821
downside_vol_20h,24h,2025-07,-0.083407,-0.068953,-0.067064,-0.00187975,-0.00043777,-0.00063333
downside_vol_20h,24h,2025-08,-0.087352,-0.074741,-0.068248,-0.00482363,-0.00186433,-0.00137693
downside_vol_20h,24h,2025-09,-0.058973,-0.076577,-0.063077,-0.00907052,-0.00525797,-0.00366929
downside_vol_20h,24h,2025-10,-0.065157,-0.070494,-0.069724,-0.01347539,-0.00912318,-0.00478048
downside_vol_20h,24h,2025-11,-0.105023,-0.076384,-0.075563,0.00218724,-0.00678622,-0.00432527
downside_vol_20h,24h,2025-12,-0.020763,-0.063648,-0.070112,-0.00689951,-0.00606255,-0.00566026
downside_vol_20h,24h,2026-01,-0.07581,-0.067199,-0.068846,-0.00010405,-0.00160544,-0.00536431
downside_vol_20h,24h,2026-02,-0.047601,-0.048058,-0.062221,-0.0003974,-0.00246699,-0.00462661
downside_vol_20h,24h,2026-03,-0.070449,-0.06462,-0.064134,0.00091265,0.00013707,-0.00296274
downside_vol_20h,24h,2026-04,-0.051837,-0.056629,-0.061914,-0.01218843,-0.00389106,-0.00274825
downside_vol_20h,24h,2026-05,-0.067797,-0.063361,-0.055709,-0.00420202,-0.00515927,-0.00381313
downside_vol_20h,24h,2026-06,-0.044342,-0.054659,-0.059639,0.00033524,-0.00535174,-0.00260734
downside_vol_20h,4h,2024-06,-0.072334,-0.072334,-0.072334,0.00103533,0.00103533,0.00103533
downside_vol_20h,4h,2024-07,-0.055532,-0.063933,-0.063933,0.00030501,0.00067017,0.00067017
downside_vol_20h,4h,2024-08,-0.057237,-0.061701,-0.061701,0.00100629,0.00078221,0.00078221
downside_vol_20h,4h,2024-09,-0.031083,-0.04795,-0.054046,-0.00089049,0.00014027,0.00036404
downside_vol_20h,4h,2024-10,-0.049271,-0.045863,-0.053091,-2.099e-05,3.16e-05,0.00028703
downside_vol_20h,4h,2024-11,-0.042826,-0.04106,-0.05138,-0.00042384,-0.00044511,0.00016855
downside_vol_20h,4h,2024-12,-0.049948,-0.047348,-0.047649,0.00036107,-2.792e-05,5.618e-05
downside_vol_20h,4h,2025-01,-0.088382,-0.060385,-0.053124,0.00242756,0.00078826,0.00040993
downside_vol_20h,4h,2025-02,-0.041104,-0.059811,-0.050436,0.00060654,0.00113172,0.00034331
downside_vol_20h,4h,2025-03,-0.052281,-0.060589,-0.053969,0.00093054,0.00132155,0.00064681
downside_vol_20h,4h,2025-04,-0.028021,-0.040469,-0.050427,-0.00125571,9.379e-05,0.00044103
downside_vol_20h,4h,2025-05,-0.04777,-0.042691,-0.051251,0.00045049,4.177e-05,0.00058675
downside_vol_20h,4h,2025-06,-0.032229,-0.036007,-0.048298,-1.939e-05,-0.00027487,0.00052334
downside_vol_20h,4h,2025-07,-0.046317,-0.042105,-0.041287,0.00035539,0.00026216,0.00017798
downside_vol_20h,4h,2025-08,-0.048631,-0.042392,-0.042541,-0.00106392,-0.00024264,-0.00010043
downside_vol_20h,4h,2025-09,-0.043207,-0.046052,-0.041029,-0.00151884,-0.00074246,-0.00050866
downside_vol_20h,4h,2025-10,-0.035106,-0.042315,-0.04221,-0.00176473,-0.00144916,-0.0005935
downside_vol_20h,4h,2025-11,-0.054011,-0.044108,-0.04325,0.00013219,-0.00105046,-0.00064655
downside_vol_20h,4h,2025-12,-0.018211,-0.035776,-0.040914,-0.00137585,-0.0010028,-0.00087263
downside_vol_20h,4h,2026-01,-0.037619,-0.036614,-0.039464,0.00011252,-0.00037705,-0.0009131
downside_vol_20h,4h,2026-02,-0.024698,-0.026843,-0.035476,-0.00021331,-0.00049221,-0.00077134
downside_vol_20h,4h,2026-03,-0.038378,-0.033565,-0.034671,0.0002879,6.237e-05,-0.00047021
downside_vol_20h,4h,2026-04,-0.038519,-0.033865,-0.035239,-0.0018152,-0.0005802,-0.00047863
downside_vol_20h,4h,2026-05,-0.039671,-0.038856,-0.032849,-0.00102041,-0.00084924,-0.00067073
downside_vol_20h,4h,2026-06,-0.025062,-0.034417,-0.033991,-5.116e-05,-0.00096226,-0.00044994
downside_vol_20h,72h,2024-06,-0.184247,-0.184247,-0.184247,0.01947086,0.01947086,0.01947086
downside_vol_20h,72h,2024-07,-0.104826,-0.144537,-0.144537,0.00269132,0.01108109,0.01108109
downside_vol_20h,72h,2024-08,-0.124475,-0.137849,-0.137849,0.01099671,0.01105296,0.01105296
downside_vol_20h,72h,2024-09,0.033423,-0.065293,-0.095031,-0.0131081,0.00019331,0.0050127
downside_vol_20h,72h,2024-10,-0.10783,-0.066294,-0.097591,0.00142967,-0.00022724,0.00429609
downside_vol_20h,72h,2024-11,-0.05976,-0.044723,-0.091286,-0.00741543,-0.00636462,0.00234417
downside_vol_20h,72h,2024-12,-0.099256,-0.088949,-0.077121,0.00752017,0.00051147,0.00035239
downside_vol_20h,72h,2025-01,-0.220691,-0.126569,-0.096432,0.03895531,0.01302002,0.00639639
downside_vol_20h,72h,2025-02,-0.063501,-0.127816,-0.086269,-0.00953855,0.01231231,0.00297384
downside_vol_20h,72h,2025-03,-0.139153,-0.141115,-0.115032,0.01633103,0.01524926,0.00788037
downside_vol_20h,72h,2025-04,-0.01277,-0.071808,-0.099189,-0.01643629,-0.0032146,0.00490271
downside_vol_20h,72h,2025-05,-0.09671,-0.082878,-0.105347,-0.00356255,-0.0012226,0.00554485
downside_vol_20h,72h,2025-06,-0.089608,-0.066363,-0.103739,0.00196612,-0.00601091,0.00461918
downside_vol_20h,72h,2025-07,-0.096015,-0.094111,-0.08296,-0.0024095,-0.00133531,-0.00227496
downside_vol_20h,72h,2025-08,-0.106177,-0.097267,-0.090072,0.00101488,0.0001905,-0.00051605
downside_vol_20h,72h,2025-09,-0.042313,-0.081502,-0.073932,-0.03068135,-0.01069199,-0.00835145
downside_vol_20h,72h,2025-10,-0.067663,-0.072051,-0.083081,-0.04756556,-0.02574401,-0.01353966
downside_vol_20h,72h,2025-11,-0.130224,-0.080066,-0.088667,0.00606282,-0.02406136,-0.01193543
downside_vol_20h,72h,2025-12,-0.031547,-0.076478,-0.07899,-0.00696482,-0.01615585,-0.01342392
downside_vol_20h,72h,2026-01,-0.132024,-0.097932,-0.084991,0.00428649,0.00112816,-0.01230792
downside_vol_20h,72h,2026-02,-0.056522,-0.073364,-0.076715,-0.00791833,-0.00353222,-0.01379679
downside_vol_20h,72h,2026-03,-0.07054,-0.086362,-0.08142,-0.00059852,-0.00141012,-0.00878299
downside_vol_20h,72h,2026-04,-0.058189,-0.06175,-0.079841,-0.03527297,-0.01459661,-0.00673422
downside_vol_20h,72h,2026-05,-0.088044,-0.072258,-0.072811,-0.00592972,-0.01393374,-0.00873298
downside_vol_20h,72h,2026-06,-0.068807,-0.07168,-0.079021,-0.01179707,-0.01766659,-0.00953835
ema_12_26_gap,1h,2024-06,0.005992,0.005992,0.005992,0.00024608,0.00024608,0.00024608
ema_12_26_gap,1h,2024-07,-0.012694,-0.003351,-0.003351,-3.227e-05,0.0001069,0.0001069
ema_12_26_gap,1h,2024-08,-0.011441,-0.006048,-0.006048,2.439e-05,7.94e-05,7.94e-05
ema_12_26_gap,1h,2024-09,-0.018064,-0.014066,-0.009052,9.024e-05,2.745e-05,8.211e-05
ema_12_26_gap,1h,2024-10,-0.026462,-0.018656,-0.012534,-7.869e-05,1.198e-05,4.995e-05
ema_12_26_gap,1h,2024-11,-0.022049,-0.022192,-0.01412,7.407e-05,2.854e-05,5.397e-05
ema_12_26_gap,1h,2024-12,-0.023199,-0.023903,-0.018985,-3.826e-05,-1.429e-05,6.58e-06
ema_12_26_gap,1h,2025-01,-0.001376,-0.015542,-0.017099,0.00041334,0.00014972,8.085e-05
ema_12_26_gap,1h,2025-02,-0.006196,-0.010257,-0.016224,0.00030741,0.0002275,0.00012802
ema_12_26_gap,1h,2025-03,-0.014293,-0.007289,-0.015596,-0.00012923,0.00019717,9.144e-05
ema_12_26_gap,1h,2025-04,-0.013096,-0.011195,-0.013368,-8.83e-06,5.645e-05,0.00010308
ema_12_26_gap,1h,2025-05,-0.015991,-0.01446,-0.012359,6.832e-05,-2.325e-05,0.00010212
ema_12_26_gap,1h,2025-06,-0.025194,-0.018093,-0.012691,-0.00026514,-6.855e-05,6.431e-05
ema_12_26_gap,1h,2025-07,-0.019608,-0.020264,-0.01573,0.00028324,2.881e-05,4.263e-05
ema_12_26_gap,1h,2025-08,-0.014944,-0.019915,-0.017188,0.00031501,0.00011104,4.389e-05
ema_12_26_gap,1h,2025-09,-0.017085,-0.017213,-0.017653,0.00046916,0.0003558,0.00014363
ema_12_26_gap,1h,2025-10,-0.024738,-0.018923,-0.019593,0.00022539,0.00033652,0.00018266
ema_12_26_gap,1h,2025-11,-0.020964,-0.020929,-0.020422,-0.00011019,0.00019479,0.00015291
ema_12_26_gap,1h,2025-12,-0.025132,-0.023612,-0.020412,-0.0002696,-5.147e-05,0.00015217
ema_12_26_gap,1h,2026-01,-0.017375,-0.021157,-0.02004,0.0003146,-2.173e-05,0.00015739
ema_12_26_gap,1h,2026-02,-0.015505,-0.019338,-0.020133,-9.127e-05,-1.542e-05,8.968e-05
ema_12_26_gap,1h,2026-03,-0.008634,-0.013838,-0.018725,3.73e-05,8.688e-05,1.771e-05
ema_12_26_gap,1h,2026-04,-0.01609,-0.01341,-0.017284,0.00019996,4.866e-05,1.347e-05
ema_12_26_gap,1h,2026-05,-0.008682,-0.011136,-0.015237,0.00015379,0.00013035,5.746e-05
ema_12_26_gap,1h,2026-06,0.004772,-0.006667,-0.010253,0.00061436,0.0003227,0.00020479
ema_12_26_gap,24h,2024-06,0.031863,0.031863,0.031863,0.0067686,0.0067686,0.0067686
ema_12_26_gap,24h,2024-07,-0.025254,0.003304,0.003304,-0.00082154,0.00297353,0.00297353
ema_12_26_gap,24h,2024-08,0.029947,0.012185,0.012185,0.00297562,0.00297423,0.00297423
ema_12_26_gap,24h,2024-09,-0.046509,-0.013939,-0.002488,-0.00011753,0.00067885,0.00220129
ema_12_26_gap,24h,2024-10,-0.070884,-0.029148,-0.016167,-0.00518719,-0.00077637,0.00072359
ema_12_26_gap,24h,2024-11,-0.0102,-0.042531,-0.015173,0.00633367,0.00034298,0.0016586
ema_12_26_gap,24h,2024-12,-0.041629,-0.040904,-0.027421,-0.00052095,0.00020851,0.00044368
ema_12_26_gap,24h,2025-01,0.040693,-0.003712,-0.01643,0.01198237,0.0059317,0.00257766
ema_12_26_gap,24h,2025-02,-0.008123,-0.00302,-0.022775,0.00203835,0.00449992,0.00242145
ema_12_26_gap,24h,2025-03,-0.028468,0.001368,-0.019768,-0.00357516,0.00348185,0.00184518
ema_12_26_gap,24h,2025-04,-0.037596,-0.024729,-0.01422,0.00194933,0.00013751,0.0030346
ema_12_26_gap,24h,2025-05,-0.050861,-0.038975,-0.020997,-0.00242505,-0.00135029,0.00157482
ema_12_26_gap,24h,2025-06,-0.075378,-0.054612,-0.026622,-0.00465003,-0.00170858,0.00088663
ema_12_26_gap,24h,2025-07,-0.049147,-0.058462,-0.041595,0.00032465,-0.00225014,-0.00105632
ema_12_26_gap,24h,2025-08,-0.050616,-0.05838,-0.048678,0.00399907,-0.00010877,-0.00072953
ema_12_26_gap,24h,2025-09,-0.037275,-0.045679,-0.050146,0.00875213,0.00435862,0.00132502
ema_12_26_gap,24h,2025-10,-0.050287,-0.046059,-0.052261,-0.00081781,0.0039778,0.00086383
ema_12_26_gap,24h,2025-11,-0.038948,-0.04217,-0.050275,-0.00532265,0.00087056,0.00038089
ema_12_26_gap,24h,2025-12,-0.047467,-0.045567,-0.045623,-0.00551621,-0.00388556,0.00023653
ema_12_26_gap,24h,2026-01,-0.017778,-0.034731,-0.040395,0.00532071,-0.00183938,0.00106921
ema_12_26_gap,24h,2026-02,-0.035247,-0.033497,-0.037834,0.00198635,0.00059695,0.00073375
ema_12_26_gap,24h,2026-03,-0.012921,-0.021982,-0.033775,0.00174243,0.0030165,-0.00043453
ema_12_26_gap,24h,2026-04,-0.06756,-0.038576,-0.036654,0.0008473,0.00152536,-0.00015701
ema_12_26_gap,24h,2026-05,0.001259,-0.026408,-0.029952,0.00651395,0.00303456,0.00181575
ema_12_26_gap,24h,2026-06,0.023211,-0.014364,-0.018173,0.00928404,0.00554843,0.00428246
ema_12_26_gap,4h,2024-06,0.008598,0.008598,0.008598,0.00110505,0.00110505,0.00110505
ema_12_26_gap,4h,2024-07,-0.019019,-0.005211,-0.005211,-2.388e-05,0.00054059,0.00054059
ema_12_26_gap,4h,2024-08,-0.014867,-0.008429,-0.008429,0.00023942,0.0004402,0.0004402
ema_12_26_gap,4h,2024-09,-0.017475,-0.01712,-0.010691,0.00042932,0.00021495,0.00043748
ema_12_26_gap,4h,2024-10,-0.040671,-0.024338,-0.016687,-0.00028712,0.00012721,0.00029256
ema_12_26_gap,4h,2024-11,-0.024711,-0.027619,-0.018024,0.00044694,0.00019638,0.00031829
ema_12_26_gap,4h,2024-12,-0.032476,-0.032619,-0.02487,0.00015966,0.00010649,0.00016072
ema_12_26_gap,4h,2025-01,-0.007961,-0.021716,-0.023027,0.00149967,0.00070209,0.00041465
ema_12_26_gap,4h,2025-02,-0.013351,-0.017929,-0.022774,0.00091615,0.00085849,0.00052744
ema_12_26_gap,4h,2025-03,-0.02555,-0.015621,-0.02412,-0.00048363,0.00064406,0.00037528
ema_12_26_gap,4h,2025-04,-0.01807,-0.01899,-0.020353,0.00047134,0.00030129,0.00050169
ema_12_26_gap,4h,2025-05,-0.035766,-0.026462,-0.022196,0.00010411,3.061e-05,0.00044455
ema_12_26_gap,4h,2025-06,-0.045598,-0.033145,-0.024383,-0.00091547,-0.00011334,0.00026536
ema_12_26_gap,4h,2025-07,-0.028652,-0.036672,-0.027831,0.00081757,2.07e-06,0.00015168
ema_12_26_gap,4h,2025-08,-0.017176,-0.030475,-0.028469,0.00119384,0.00036531,0.00019796
ema_12_26_gap,4h,2025-09,-0.023008,-0.022945,-0.028045,0.0017925,0.00126797,0.00057732
ema_12_26_gap,4h,2025-10,-0.046424,-0.028869,-0.032771,0.00033868,0.00110834,0.00055521
ema_12_26_gap,4h,2025-11,-0.036781,-0.035404,-0.03294,-0.00062683,0.00050145,0.00043338
ema_12_26_gap,4h,2025-12,-0.042368,-0.041857,-0.032401,-0.00121003,-0.00049939,0.00038429
ema_12_26_gap,4h,2026-01,-0.023428,-0.034192,-0.031531,0.00121288,-0.00020799,0.00045017
ema_12_26_gap,4h,2026-02,-0.031982,-0.032593,-0.033998,-0.00035143,-0.00011619,0.00019263
ema_12_26_gap,4h,2026-03,-0.018258,-0.024556,-0.033207,8.971e-05,0.00031705,-9.117e-05
ema_12_26_gap,4h,2026-04,-0.038582,-0.029607,-0.0319,0.00053095,8.974e-05,-5.913e-05
ema_12_26_gap,4h,2026-05,-0.019125,-0.025322,-0.028957,0.00051843,0.0003797,0.00013175
ema_12_26_gap,4h,2026-06,0.014427,-0.014427,-0.019491,0.00259029,0.00121322,0.00076514
ema_12_26_gap,72h,2024-06,0.073357,0.073357,0.073357,0.01252073,0.01252073,0.01252073
ema_12_26_gap,72h,2024-07,-0.050853,0.011252,0.011252,-0.0099878,0.00126647,0.00126647
ema_12_26_gap,72h,2024-08,0.019682,0.014062,0.014062,0.0053379,0.00262361,0.00262361
ema_12_26_gap,72h,2024-09,-0.059988,-0.030386,-0.004451,-0.00158739,-0.0020791,0.00157086
ema_12_26_gap,72h,2024-10,-0.098656,-0.046321,-0.023292,-0.01250732,-0.00291894,-0.00124478
ema_12_26_gap,72h,2024-11,0.026594,-0.044017,-0.014977,0.02063711,0.0021808,0.0024022
ema_12_26_gap,72h,2024-12,-0.030887,-0.034317,-0.032351,-6.983e-05,0.00268665,0.00030378
ema_12_26_gap,72h,2025-01,0.050119,0.015275,-0.015523,0.0121674,0.01091156,0.00399631
ema_12_26_gap,72h,2025-02,-0.050667,-0.010479,-0.027248,-0.01064228,0.0004851,0.00133295
ema_12_26_gap,72h,2025-03,-0.003023,-0.001191,-0.017754,-0.0023495,-0.00027479,0.00120593
ema_12_26_gap,72h,2025-04,0.019992,-0.011233,0.002021,0.01766746,0.00155856,0.00623506
ema_12_26_gap,72h,2025-05,-0.044867,-0.009299,-0.009889,-0.00123726,0.00469357,0.00258933
ema_12_26_gap,72h,2025-06,-0.10384,-0.042905,-0.022048,-0.01258973,0.00128016,0.00050268
ema_12_26_gap,72h,2025-07,-0.030955,-0.059888,-0.03556,0.00478593,-0.00301369,-0.00072756
ema_12_26_gap,72h,2025-08,-0.038453,-0.057749,-0.033524,0.02774698,0.00664773,0.00567065
ema_12_26_gap,72h,2025-09,-0.011564,-0.026991,-0.034948,0.03008333,0.02087208,0.01107612
ema_12_26_gap,72h,2025-10,-0.015368,-0.021795,-0.040841,0.02551266,0.02778099,0.01238365
ema_12_26_gap,72h,2025-11,-0.009682,-0.012204,-0.034977,-0.01111906,0.01482564,0.01073668
ema_12_26_gap,72h,2025-12,-0.039269,-0.02144,-0.024215,-0.00479572,0.00319929,0.01203569
ema_12_26_gap,72h,2026-01,0.035501,-0.004483,-0.013139,0.01732813,0.00047112,0.01412605
ema_12_26_gap,72h,2026-02,-0.001704,-0.001824,-0.007014,0.00789225,0.00680822,0.01081693
ema_12_26_gap,72h,2026-03,-0.004088,0.009903,-0.005768,0.00762083,0.01094707,0.00707318
ema_12_26_gap,72h,2026-04,-0.044417,-0.016736,-0.01061,0.01626541,0.01059283,0.00553197
ema_12_26_gap,72h,2026-05,0.002949,-0.015185,-0.008505,0.01222784,0.01203803,0.00942312
ema_12_26_gap,72h,2026-06,-0.036041,-0.025836,-0.007967,-0.00611914,0.00745804,0.00920255
funding_rate_change_24h,1h,2024-06,-0.002075,-0.002075,-0.002075,0.00014889,0.00014889,0.00014889
funding_rate_change_24h,1h,2024-07,0.004229,0.001077,0.001077,-1.422e-05,6.733e-05,6.733e-05
funding_rate_change_24h,1h,2024-08,0.001652,0.001269,0.001269,5.469e-05,6.312e-05,6.312e-05
funding_rate_change_24h,1h,2024-09,0.005019,0.003634,0.002206,4.559e-05,2.869e-05,5.874e-05
funding_rate_change_24h,1h,2024-10,0.009003,0.005225,0.003566,-6.64e-06,3.121e-05,4.566e-05
funding_rate_change_24h,1h,2024-11,0.008654,0.007559,0.004414,-0.0004783,-0.00014645,-4.167e-05
funding_rate_change_24h,1h,2024-12,0.00213,0.006595,0.005115,-2.753e-05,-0.00017082,-7.107e-05
funding_rate_change_24h,1h,2025-01,0.00177,0.004185,0.004705,6.503e-05,-0.00014693,-5.786e-05
funding_rate_change_24h,1h,2025-02,0.006628,0.003509,0.005534,-5.555e-05,-6.02e-06,-7.623e-05
funding_rate_change_24h,1h,2025-03,-9.1e-05,0.002769,0.004682,7.404e-05,2.784e-05,-7.149e-05
funding_rate_change_24h,1h,2025-04,-0.000898,0.00188,0.003032,-0.00019292,-5.814e-05,-0.00010254
funding_rate_change_24h,1h,2025-05,-3.4e-05,-0.000341,0.001584,9.48e-06,-3.647e-05,-2.124e-05
funding_rate_change_24h,1h,2025-06,-0.000472,-0.000468,0.001151,4.755e-05,-4.53e-05,-8.73e-06
funding_rate_change_24h,1h,2025-07,0.003676,0.001057,0.001468,-5.81e-05,-3.6e-07,-2.925e-05
funding_rate_change_24h,1h,2025-08,0.01117,0.004791,0.002225,4.351e-05,1.099e-05,-1.274e-05
funding_rate_change_24h,1h,2025-09,0.000327,0.005058,0.002295,0.00012598,3.713e-05,-4.08e-06
funding_rate_change_24h,1h,2025-10,0.003257,0.004918,0.002987,-0.00015833,3.72e-06,1.68e-06
funding_rate_change_24h,1h,2025-11,0.001006,0.00153,0.003161,0.0001454,3.768e-05,2.433e-05
funding_rate_change_24h,1h,2025-12,0.00052,0.001594,0.003326,-4.424e-05,-1.906e-05,9.04e-06
funding_rate_change_24h,1h,2026-01,0.008451,0.003326,0.004122,-0.00018302,-2.729e-05,-1.178e-05
funding_rate_change_24h,1h,2026-02,0.006614,0.005195,0.003363,-4.775e-05,-9.167e-05,-2.699e-05
funding_rate_change_24h,1h,2026-03,-0.004136,0.003643,0.002619,6.96e-06,-7.46e-05,-4.683e-05
funding_rate_change_24h,1h,2026-04,-0.003867,-0.000463,0.001431,0.00012602,2.841e-05,5.6e-07
funding_rate_change_24h,1h,2026-05,-0.073264,-0.027089,-0.010947,0.00395278,0.00136192,0.00063513
funding_rate_change_24h,24h,2024-06,0.016017,0.016017,0.016017,-0.00141849,-0.00141849,-0.00141849
funding_rate_change_24h,24h,2024-07,0.016846,0.016432,0.016432,-0.00199796,-0.00170822,-0.00170822
funding_rate_change_24h,24h,2024-08,-0.01028,0.007528,0.007528,0.00215483,-0.00042054,-0.00042054
funding_rate_change_24h,24h,2024-09,0.028012,0.011526,0.012649,-0.00155778,-0.00046697,-0.00070485
funding_rate_change_24h,24h,2024-10,0.005625,0.007786,0.011244,-0.0002025,0.00013152,-0.00060438
funding_rate_change_24h,24h,2024-11,0.000832,0.01149,0.009509,0.00085025,-0.00030334,-0.00036194
funding_rate_change_24h,24h,2024-12,-0.022964,-0.005503,0.003012,0.00411271,0.00158682,0.00055993
funding_rate_change_24h,24h,2025-01,0.003965,-0.006056,0.000865,4.809e-05,0.00167035,0.00090093
funding_rate_change_24h,24h,2025-02,0.015726,-0.001091,0.005199,-0.00255119,0.00053654,0.0001166
funding_rate_change_24h,24h,2025-03,0.004606,0.008099,0.001298,0.00045587,-0.00068241,0.00045221
funding_rate_change_24h,24h,2025-04,-0.001498,0.006278,0.000111,0.00075753,-0.00044593,0.00061221
funding_rate_change_24h,24h,2025-05,0.006982,0.003363,0.001136,3.248e-05,0.00041529,0.00047591
funding_rate_change_24h,24h,2025-06,0.011273,0.005586,0.006842,-0.00070972,2.676e-05,-0.00032782
funding_rate_change_24h,24h,2025-07,0.011833,0.010029,0.008154,-0.00133701,-0.00067142,-0.00055867
funding_rate_change_24h,24h,2025-08,0.016997,0.013367,0.008365,0.00227056,7.461e-05,0.00024495
funding_rate_change_24h,24h,2025-09,0.011506,0.013445,0.009515,0.00017709,0.00037021,0.00019849
funding_rate_change_24h,24h,2025-10,0.012223,0.013575,0.011802,0.00166623,0.00137129,0.00034994
funding_rate_change_24h,24h,2025-11,0.013411,0.01238,0.012874,-0.00026754,0.00052526,0.00029994
funding_rate_change_24h,24h,2025-12,0.010647,0.012094,0.012769,-0.00255934,-0.00038688,-8.34e-06
funding_rate_change_24h,24h,2026-01,0.011899,0.011986,0.01278,-0.0008792,-0.00123536,6.797e-05
funding_rate_change_24h,24h,2026-02,-0.000537,0.007336,0.009858,0.001519,-0.00063985,-5.729e-05
funding_rate_change_24h,24h,2026-03,-0.004229,0.002378,0.007236,-0.00214774,-0.00050265,-0.00044476
funding_rate_change_24h,24h,2026-04,-0.00297,-0.002579,0.004703,0.0003705,-8.608e-05,-0.00066072
funding_rate_change_24h,24h,2026-05,0.08075,0.024517,0.015926,-0.00461904,-0.00213209,-0.00138597
funding_rate_change_24h,4h,2024-06,0.005088,0.005088,0.005088,-0.00012669,-0.00012669,-0.00012669
funding_rate_change_24h,4h,2024-07,0.018321,0.011705,0.011705,-0.00064761,-0.00038715,-0.00038715
funding_rate_change_24h,4h,2024-08,0.004906,0.009438,0.009438,0.00014198,-0.00021077,-0.00021077
funding_rate_change_24h,4h,2024-09,0.00969,0.010972,0.009501,1.918e-05,-0.00016215,-0.00015328
funding_rate_change_24h,4h,2024-10,0.013198,0.009265,0.010241,-0.00041378,-8.421e-05,-0.00020538
funding_rate_change_24h,4h,2024-11,0.008528,0.010472,0.009955,-0.00099067,-0.00046176,-0.00033626
funding_rate_change_24h,4h,2024-12,-0.001332,0.006798,0.008885,0.00031537,-0.00036303,-0.00026259
funding_rate_change_24h,4h,2025-01,0.004046,0.003747,0.006506,-0.00015625,-0.00027718,-0.0001807
funding_rate_change_24h,4h,2025-02,0.011581,0.004765,0.007618,-0.00038229,-7.439e-05,-0.00026807
funding_rate_change_24h,4h,2025-03,-0.000626,0.005,0.005899,0.00038005,-5.283e-05,-0.00020793
funding_rate_change_24h,4h,2025-04,-0.003313,0.002547,0.003147,-0.00027995,-9.406e-05,-0.00018562
funding_rate_change_24h,4h,2025-05,-0.002328,-0.002089,0.001338,-3.72e-05,2.097e-05,-2.671e-05
funding_rate_change_24h,4h,2025-06,0.006411,0.000257,0.002628,3.023e-05,-9.564e-05,-7.423e-05
funding_rate_change_24h,4h,2025-07,0.006783,0.003622,0.003085,-0.00077022,-0.00025906,-0.00017656
funding_rate_change_24h,4h,2025-08,0.01677,0.009988,0.00395,0.00021034,-0.00017655,-7.779e-05
funding_rate_change_24h,4h,2025-09,-0.001351,0.007401,0.003829,0.00037622,-6.122e-05,-7.843e-05
funding_rate_change_24h,4h,2025-10,0.001187,0.005535,0.004579,-0.00017468,0.00013729,-6.088e-05
funding_rate_change_24h,4h,2025-11,0.000923,0.000253,0.005121,0.00061791,0.00027315,4.83e-05
funding_rate_change_24h,4h,2025-12,0.001982,0.001364,0.004383,8.945e-05,0.00017756,5.817e-05
funding_rate_change_24h,4h,2026-01,0.020303,0.007736,0.006636,-0.00072348,-5.37e-06,6.596e-05
funding_rate_change_24h,4h,2026-02,0.010228,0.010838,0.005545,-0.0003782,-0.00033741,-3.213e-05
funding_rate_change_24h,4h,2026-03,-0.001535,0.009665,0.005515,-0.00032266,-0.00047478,-0.00014861
funding_rate_change_24h,4h,2026-04,-0.009917,-0.000408,0.003664,0.00060842,-3.081e-05,-1.809e-05
funding_rate_change_24h,4h,2026-05,-0.019887,-0.010447,0.000196,0.00449382,0.00159319,0.00062789
funding_rate_change_24h,72h,2024-06,0.01212,0.01212,0.01212,-0.00177709,-0.00177709,-0.00177709
funding_rate_change_24h,72h,2024-07,0.029967,0.021043,0.021043,-0.00637753,-0.00407731,-0.00407731
funding_rate_change_24h,72h,2024-08,0.004361,0.015482,0.015482,0.00171961,-0.002145,-0.002145
funding_rate_change_24h,72h,2024-09,0.010213,0.014847,0.014165,0.00050259,-0.00138511,-0.0014831
funding_rate_change_24h,72h,2024-10,0.000925,0.005166,0.011517,-0.00344367,-0.00040716,-0.00187522
funding_rate_change_24h,72h,2024-11,0.002188,0.004442,0.009962,-0.00043753,-0.0011262,-0.0016356
funding_rate_change_24h,72h,2024-12,-0.014015,-0.003634,0.005606,0.00562548,0.00058143,-0.00040184
funding_rate_change_24h,72h,2025-01,-0.001712,-0.004513,0.000327,-0.00135735,0.00127687,0.00043486
funding_rate_change_24h,72h,2025-02,-0.004694,-0.006807,-0.001183,0.00043784,0.00156866,0.00022123
funding_rate_change_24h,72h,2025-03,-0.002487,-0.002964,-0.003299,0.00031209,-0.00020247,0.00018948
funding_rate_change_24h,72h,2025-04,-0.020339,-0.009173,-0.006843,0.00590435,0.00221809,0.00174748
funding_rate_change_24h,72h,2025-05,0.011453,-0.003791,-0.005299,-5.91e-06,0.00207018,0.00181942
funding_rate_change_24h,72h,2025-06,0.009823,0.000312,-0.001326,-0.00042216,0.00182543,0.00081148
funding_rate_change_24h,72h,2025-07,-0.000499,0.006926,-0.001124,0.0007833,0.00011841,0.00116825
funding_rate_change_24h,72h,2025-08,-0.008062,0.00042,-0.001685,-0.00230852,-0.00064913,0.00071053
funding_rate_change_24h,72h,2025-09,0.006877,-0.000561,-0.000125,-0.00248033,-0.00133518,0.00024512
funding_rate_change_24h,72h,2025-10,-0.002835,-0.00134,0.002793,0.00609346,0.00043487,0.00027664
funding_rate_change_24h,72h,2025-11,0.001611,0.001884,0.001152,0.00992311,0.00451208,0.00193148
funding_rate_change_24h,72h,2025-12,0.009467,0.002747,0.001093,-0.00633043,0.00322871,0.00094677
funding_rate_change_24h,72h,2026-01,0.006097,0.005725,0.002192,0.00073844,0.00144371,0.00093929
funding_rate_change_24h,72h,2026-02,-0.012806,0.000919,0.001402,0.00560336,3.79e-06,0.00225794
funding_rate_change_24h,72h,2026-03,-0.001049,-0.002586,8.1e-05,-0.00334434,0.00099915,0.00211393
funding_rate_change_24h,72h,2026-04,-0.001608,-0.005154,0.000285,0.00029278,0.0008506,0.00114715
funding_rate_change_24h,72h,2026-05,-0.0244,-0.009019,-0.00405,0.01247977,0.00314274,0.00157326
funding_rate_level_20h,1h,2024-06,0.021338,0.021338,0.021338,-2.524e-05,-2.524e-05,-2.524e-05
funding_rate_level_20h,1h,2024-07,0.01575,0.018544,0.018544,-5.739e-05,-4.131e-05,-4.131e-05
funding_rate_level_20h,1h,2024-08,0.006657,0.014582,0.014582,0.00018786,3.508e-05,3.508e-05
funding_rate_level_20h,1h,2024-09,0.010184,0.010864,0.013482,-2.09e-05,3.652e-05,2.108e-05
funding_rate_level_20h,1h,2024-10,0.014203,0.010348,0.013626,-1.515e-05,5.06e-05,1.384e-05
funding_rate_level_20h,1h,2024-11,5.9e-05,0.008148,0.011365,-2.843e-05,-2.149e-05,6.79e-06
funding_rate_level_20h,1h,2024-12,0.000934,0.005065,0.007964,0.00019874,5.172e-05,4.412e-05
funding_rate_level_20h,1h,2025-01,0.011,0.003998,0.007173,7.699e-05,8.243e-05,6.652e-05
funding_rate_level_20h,1h,2025-02,0.010138,0.007357,0.007753,-9.017e-05,6.185e-05,2.018e-05
funding_rate_level_20h,1h,2025-03,0.010819,0.010653,0.007859,-1.536e-05,-9.51e-06,2.11e-05
funding_rate_level_20h,1h,2025-04,0.013769,0.011576,0.007787,-0.00012791,-7.781e-05,2.31e-06
funding_rate_level_20h,1h,2025-05,0.007234,0.010607,0.008982,-8.017e-05,-7.448e-05,-6.31e-06
funding_rate_level_20h,1h,2025-06,0.017954,0.012985,0.011819,-0.00017105,-0.00012638,-6.795e-05
funding_rate_level_20h,1h,2025-07,0.016497,0.013895,0.012735,-0.0001651,-0.00013877,-0.00010829
funding_rate_level_20h,1h,2025-08,0.012893,0.015781,0.013194,0.00014419,-6.399e-05,-6.923e-05
funding_rate_level_20h,1h,2025-09,0.014007,0.014466,0.013725,-0.00046044,-0.00016045,-0.00014341
funding_rate_level_20h,1h,2025-10,0.005105,0.010668,0.012281,-0.00059399,-0.00030341,-0.00022109
funding_rate_level_20h,1h,2025-11,0.006788,0.008633,0.012207,-8.186e-05,-0.00037876,-0.00022138
funding_rate_level_20h,1h,2025-12,0.01059,0.007494,0.01098,-0.00040579,-0.00036055,-0.0002605
funding_rate_level_20h,1h,2026-01,0.007554,0.008311,0.009489,-0.00011522,-0.00020096,-0.00025219
funding_rate_level_20h,1h,2026-02,0.01108,0.009741,0.009187,-0.00045369,-0.0003249,-0.00035183
funding_rate_level_20h,1h,2026-03,0.004043,0.007559,0.007527,-0.00035081,-0.00030657,-0.00033356
funding_rate_level_20h,1h,2026-04,0.008358,0.007827,0.008069,-0.00034867,-0.00038439,-0.00029267
funding_rate_level_20h,1h,2026-05,0.048496,0.020299,0.01502,-0.00242705,-0.00104218,-0.00068354
funding_rate_level_20h,24h,2024-06,0.062524,0.062524,0.062524,-0.00159228,-0.00159228,-0.00159228
funding_rate_level_20h,24h,2024-07,0.032397,0.04746,0.04746,1.653e-05,-0.00078787,-0.00078787
funding_rate_level_20h,24h,2024-08,0.028568,0.041163,0.041163,0.00036018,-0.00040519,-0.00040519
funding_rate_level_20h,24h,2024-09,0.015545,0.025503,0.034758,-0.00019558,6.038e-05,-0.00035279
funding_rate_level_20h,24h,2024-10,0.040106,0.028073,0.035828,0.00014802,0.00010421,-0.00025263
funding_rate_level_20h,24h,2024-11,-0.00651,0.01638,0.028772,-0.00015385,-6.714e-05,-0.00023616
funding_rate_level_20h,24h,2024-12,0.005857,0.013151,0.019327,0.00344818,0.00114745,0.00060391
funding_rate_level_20h,24h,2025-01,0.031361,0.010236,0.019154,0.00312803,0.00214079,0.0011225
funding_rate_level_20h,24h,2025-02,0.008766,0.015328,0.015854,0.00055852,0.00237824,0.00115555
funding_rate_level_20h,24h,2025-03,0.034755,0.024961,0.019056,-0.00028865,0.00113263,0.00114004
funding_rate_level_20h,24h,2025-04,0.034456,0.025992,0.018114,-0.00371927,-0.0011498,0.00049549
funding_rate_level_20h,24h,2025-05,0.034625,0.034612,0.02497,-0.00119908,-0.00173567,0.00032129
funding_rate_level_20h,24h,2025-06,0.06366,0.044247,0.034604,-0.00375288,-0.00289041,-0.00087889
funding_rate_level_20h,24h,2025-07,0.057636,0.051974,0.038983,-0.00043634,-0.0017961,-0.00147295
funding_rate_level_20h,24h,2025-08,0.045214,0.055504,0.045058,0.00159058,-0.00086621,-0.00130094
funding_rate_level_20h,24h,2025-09,0.039766,0.047539,0.045893,-0.00762584,-0.0021572,-0.00252381
funding_rate_level_20h,24h,2025-10,0.026961,0.037314,0.044644,-0.01811319,-0.00804948,-0.00492279
funding_rate_level_20h,24h,2025-11,0.026938,0.031222,0.043363,-0.00015395,-0.00863099,-0.0047486
funding_rate_level_20h,24h,2025-12,0.054648,0.036182,0.041861,-0.00791944,-0.00872886,-0.00544303
funding_rate_level_20h,24h,2026-01,0.030676,0.03742,0.037367,0.00039463,-0.00255959,-0.00530453
funding_rate_level_20h,24h,2026-02,0.051366,0.045563,0.038392,-0.00628655,-0.00460379,-0.00661739
funding_rate_level_20h,24h,2026-03,0.019594,0.033879,0.03503,-0.0053286,-0.00374017,-0.00623452
funding_rate_level_20h,24h,2026-04,0.054537,0.041832,0.039626,-0.01265188,-0.00808901,-0.0053243
funding_rate_level_20h,24h,2026-05,0.054238,0.04279,0.044176,-0.00016681,-0.0060491,-0.00532644
funding_rate_level_20h,4h,2024-06,0.034693,0.034693,0.034693,-0.00026122,-0.00026122,-0.00026122
funding_rate_level_20h,4h,2024-07,0.02184,0.028266,0.028266,-0.00025788,-0.00025955,-0.00025955
funding_rate_level_20h,4h,2024-08,0.010728,0.02242,0.02242,0.00060442,2.844e-05,2.844e-05
funding_rate_level_20h,4h,2024-09,0.017376,0.016648,0.021159,-0.00013177,7.159e-05,-1.161e-05
funding_rate_level_20h,4h,2024-10,0.022681,0.016928,0.021463,-2.483e-05,0.00014927,-1.426e-05
funding_rate_level_20h,4h,2024-11,0.002668,0.014242,0.018331,-0.00023833,-0.00013164,-5.16e-05
funding_rate_level_20h,4h,2024-12,-0.002341,0.007669,0.012159,0.00083579,0.00019088,0.00013123
funding_rate_level_20h,4h,2025-01,0.018965,0.006431,0.01168,0.00042256,0.00034001,0.00024464
funding_rate_level_20h,4h,2025-02,0.016198,0.010941,0.012591,-0.0005332,0.00024172,5.504e-05
funding_rate_level_20h,4h,2025-03,0.021469,0.018877,0.013273,-0.00015135,-8.733e-05,5.177e-05
funding_rate_level_20h,4h,2025-04,0.022164,0.019944,0.013187,-0.00036992,-0.00035149,-5.74e-06
funding_rate_level_20h,4h,2025-05,0.013048,0.018894,0.014917,-0.0003557,-0.00029232,-2.53e-05
funding_rate_level_20h,4h,2025-06,0.031882,0.022364,0.020621,-0.00068112,-0.00046891,-0.00027812
funding_rate_level_20h,4h,2025-07,0.033051,0.025993,0.022969,-0.00069191,-0.00057624,-0.00046387
funding_rate_level_20h,4h,2025-08,0.025911,0.030281,0.024587,0.00046717,-0.00030195,-0.00029714
funding_rate_level_20h,4h,2025-09,0.024663,0.027875,0.02512,-0.00162402,-0.00061625,-0.00054258
funding_rate_level_20h,4h,2025-10,0.010255,0.020276,0.023135,-0.00222882,-0.00112856,-0.0008524
funding_rate_level_20h,4h,2025-11,0.013288,0.016069,0.023175,-0.00020675,-0.0013532,-0.00082757
funding_rate_level_20h,4h,2025-12,0.022246,0.015263,0.021569,-0.00135334,-0.00126297,-0.00093961
funding_rate_level_20h,4h,2026-01,0.014818,0.016784,0.01853,-0.00023605,-0.00059871,-0.00086363
funding_rate_level_20h,4h,2026-02,0.025529,0.020864,0.018466,-0.00165145,-0.00108028,-0.00121674
funding_rate_level_20h,4h,2026-03,0.01025,0.016865,0.016064,-0.00117017,-0.00101922,-0.0011411
funding_rate_level_20h,4h,2026-04,0.02037,0.018716,0.01775,-0.00159103,-0.00147088,-0.0010348
funding_rate_level_20h,4h,2026-05,-0.047683,-0.005688,0.007588,0.00330014,0.00017965,-0.00045032
funding_rate_level_20h,72h,2024-06,0.096545,0.096545,0.096545,-0.0083511,-0.0083511,-0.0083511
funding_rate_level_20h,72h,2024-07,0.035522,0.066033,0.066033,0.00164275,-0.00335418,-0.00335418
funding_rate_level_20h,72h,2024-08,0.029616,0.053894,0.053894,-0.00053592,-0.00241476,-0.00241476
funding_rate_level_20h,72h,2024-09,0.014816,0.026651,0.044125,-0.00418401,-0.00102573,-0.00285707
funding_rate_level_20h,72h,2024-10,0.050138,0.031523,0.045327,0.0004452,-0.00142491,-0.00219662
funding_rate_level_20h,72h,2024-11,-0.011041,0.017971,0.035933,-0.00015923,-0.00129935,-0.00185705
funding_rate_level_20h,72h,2024-12,0.028872,0.022656,0.024654,0.00297138,0.00108578,3.003e-05
funding_rate_level_20h,72h,2025-01,0.063273,0.027034,0.029279,0.00432134,0.00237783,0.00047646
funding_rate_level_20h,72h,2025-02,7e-05,0.030738,0.024355,0.00509882,0.00413051,0.00141558
funding_rate_level_20h,72h,2025-03,0.034076,0.032473,0.027565,-7.475e-05,0.00311514,0.00210046
funding_rate_level_20h,72h,2025-04,0.058974,0.03104,0.029037,-0.024082,-0.00635264,-0.00198741
funding_rate_level_20h,72h,2025-05,0.035101,0.042717,0.036728,0.00383523,-0.00677384,-0.00132166
funding_rate_level_20h,72h,2025-06,0.082437,0.058838,0.045655,-0.00661287,-0.00895321,-0.00291904
funding_rate_level_20h,72h,2025-07,0.084263,0.067267,0.049154,-0.00025574,-0.00101113,-0.00368188
funding_rate_level_20h,72h,2025-08,0.053369,0.073356,0.058037,-0.00938351,-0.00541737,-0.00609561
funding_rate_level_20h,72h,2025-09,0.022822,0.053484,0.056161,-0.02651187,-0.01205037,-0.01050179
funding_rate_level_20h,72h,2025-10,0.040108,0.038766,0.053017,-0.05904406,-0.03164648,-0.0163288
funding_rate_level_20h,72h,2025-11,0.022873,0.028601,0.050979,-0.01057728,-0.0320444,-0.01873089
funding_rate_level_20h,72h,2025-12,0.060283,0.041088,0.047286,-0.01718155,-0.0289343,-0.02049234
funding_rate_level_20h,72h,2026-01,0.046861,0.043339,0.041052,-0.00750266,-0.01175383,-0.02170015
funding_rate_level_20h,72h,2026-02,0.059309,0.055484,0.042043,-0.01997789,-0.01488737,-0.02346589
funding_rate_level_20h,72h,2026-03,0.028751,0.044974,0.043031,-0.01604217,-0.01450757,-0.02172094
funding_rate_level_20h,72h,2026-04,0.089399,0.059153,0.051246,-0.0482936,-0.02810455,-0.01992919
funding_rate_level_20h,72h,2026-05,0.10301,0.07372,0.064602,-0.0535865,-0.03930742,-0.02709739
funding_rate_zscore_80h,1h,2024-06,-0.001935,-0.001935,-0.001935,0.00011844,0.00011844,0.00011844
funding_rate_zscore_80h,1h,2024-07,0.009016,0.003541,0.003541,-0.00013547,-8.52e-06,-8.52e-06
funding_rate_zscore_80h,1h,2024-08,0.005723,0.004268,0.004268,2.831e-05,3.76e-06,3.76e-06
funding_rate_zscore_80h,1h,2024-09,0.008618,0.007786,0.005356,8.771e-05,-6.48e-06,2.475e-05
funding_rate_zscore_80h,1h,2024-10,0.011329,0.008557,0.00655,-2.87e-06,3.772e-05,1.922e-05
funding_rate_zscore_80h,1h,2024-11,0.013561,0.011169,0.007719,-0.00037747,-9.754e-05,-4.689e-05
funding_rate_zscore_80h,1h,2024-12,0.003855,0.009582,0.008684,0.00013087,-8.316e-05,-4.482e-05
funding_rate_zscore_80h,1h,2025-01,0.014228,0.010548,0.009552,0.00017922,-2.246e-05,7.63e-06
funding_rate_zscore_80h,1h,2025-02,0.011138,0.009741,0.010455,-0.00020158,3.617e-05,-3.069e-05
funding_rate_zscore_80h,1h,2025-03,0.003608,0.009658,0.00962,-5.579e-05,-2.605e-05,-5.46e-05
funding_rate_zscore_80h,1h,2025-04,-0.000886,0.00462,0.007584,-3.247e-05,-9.661e-05,-5.954e-05
funding_rate_zscore_80h,1h,2025-05,0.000325,0.001016,0.005378,0.00011458,8.77e-06,2.247e-05
funding_rate_zscore_80h,1h,2025-06,0.006731,0.002057,0.005857,3.092e-05,3.768e-05,5.81e-06
funding_rate_zscore_80h,1h,2025-07,0.003922,0.003659,0.00414,-4.986e-05,3.188e-05,-3.237e-05
funding_rate_zscore_80h,1h,2025-08,0.013609,0.008087,0.004551,2.777e-05,2.94e-06,5.86e-06
funding_rate_zscore_80h,1h,2025-09,0.006551,0.008027,0.005042,2.492e-05,9.4e-07,1.931e-05
funding_rate_zscore_80h,1h,2025-10,0.004085,0.008082,0.005871,-0.0001727,-4e-05,-4.06e-06
funding_rate_zscore_80h,1h,2025-11,0.001317,0.003985,0.006036,0.0001692,7.14e-06,5.04e-06
funding_rate_zscore_80h,1h,2025-12,-0.001832,0.00119,0.004609,-0.00011084,-3.811e-05,-1.859e-05
funding_rate_zscore_80h,1h,2026-01,0.009911,0.003132,0.005607,-0.00022843,-5.669e-05,-4.835e-05
funding_rate_zscore_80h,1h,2026-02,0.00401,0.00403,0.004007,4.226e-05,-9.9e-05,-4.593e-05
funding_rate_zscore_80h,1h,2026-03,-0.003689,0.00341,0.0023,0.00012258,-2.12e-05,-2.965e-05
funding_rate_zscore_80h,1h,2026-04,-0.003826,-0.001168,0.000982,8.919e-05,8.468e-05,1.399e-05
funding_rate_zscore_80h,1h,2026-05,-0.147751,-0.051755,-0.023863,0.00454164,0.00158447,0.00074273
funding_rate_zscore_80h,24h,2024-06,0.009286,0.009286,0.009286,-0.00104809,-0.00104809,-0.00104809
funding_rate_zscore_80h,24h,2024-07,0.040822,0.025054,0.025054,-0.0045827,-0.0028154,-0.0028154
funding_rate_zscore_80h,24h,2024-08,0.009223,0.019777,0.019777,0.0010689,-0.00152063,-0.00152063
funding_rate_zscore_80h,24h,2024-09,0.043966,0.031337,0.025824,-0.00217683,-0.00189688,-0.00168468
funding_rate_zscore_80h,24h,2024-10,0.029293,0.027494,0.026518,-0.0008081,-0.00063868,-0.00150936
funding_rate_zscore_80h,24h,2024-11,0.023614,0.032291,0.026034,-0.00423253,-0.00240582,-0.00196323
funding_rate_zscore_80h,24h,2024-12,-0.008802,0.014702,0.023019,0.00438708,-0.00021785,-0.00105736
funding_rate_zscore_80h,24h,2025-01,0.04552,0.020111,0.023802,-0.00277427,-0.00087324,-0.00075596
funding_rate_zscore_80h,24h,2025-02,0.025256,0.020658,0.026475,-0.00421811,-0.00086843,-0.00163713
funding_rate_zscore_80h,24h,2025-03,0.011195,0.027324,0.021013,-0.00097714,-0.00265651,-0.00143718
funding_rate_zscore_80h,24h,2025-04,-0.015114,0.007113,0.013612,0.00380516,-0.00046336,-0.0006683
funding_rate_zscore_80h,24h,2025-05,0.013156,0.003079,0.011869,-7.378e-05,0.00091808,2.482e-05
funding_rate_zscore_80h,24h,2025-06,0.028088,0.00871,0.018017,-0.00147667,0.00075157,-0.00095247
funding_rate_zscore_80h,24h,2025-07,0.019226,0.020157,0.013635,-0.000792,-0.00078082,-0.00062209
funding_rate_zscore_80h,24h,2025-08,0.017795,0.021703,0.012391,0.00374626,0.00049253,0.00070531
funding_rate_zscore_80h,24h,2025-09,0.012945,0.016655,0.012683,-0.00069343,0.00075361,0.00075259
funding_rate_zscore_80h,24h,2025-10,-0.001357,0.009794,0.014976,0.00807842,0.00371042,0.0014648
funding_rate_zscore_80h,24h,2025-11,0.010696,0.007428,0.014566,0.00204934,0.00314478,0.00181865
funding_rate_zscore_80h,24h,2025-12,0.000487,0.003276,0.009965,-0.00101585,0.0030373,0.00189546
funding_rate_zscore_80h,24h,2026-01,0.01572,0.008968,0.009381,-0.00049687,0.00017887,0.00194464
funding_rate_zscore_80h,24h,2026-02,-0.01447,0.000579,0.004004,0.00313983,0.00054237,0.00184357
funding_rate_zscore_80h,24h,2026-03,-0.002927,-0.000559,0.001358,-0.00085897,0.00059466,0.00181598
funding_rate_zscore_80h,24h,2026-04,0.001961,-0.005145,0.001911,-0.00030413,0.00065891,0.00041889
funding_rate_zscore_80h,24h,2026-05,-0.027893,-0.00962,-0.00452,0.00308316,0.00064002,0.0005912
funding_rate_zscore_80h,4h,2024-06,-0.004135,-0.004135,-0.004135,0.00017068,0.00017068,0.00017068
funding_rate_zscore_80h,4h,2024-07,0.02864,0.012253,0.012253,-0.00118869,-0.000509,-0.000509
funding_rate_zscore_80h,4h,2024-08,0.016239,0.013581,0.013581,-0.00042933,-0.00048245,-0.00048245
funding_rate_zscore_80h,4h,2024-09,0.020136,0.021672,0.01522,2.487e-05,-0.00053105,-0.00035562
funding_rate_zscore_80h,4h,2024-10,0.018581,0.018319,0.015892,-0.00012953,-0.000178,-0.0003104
funding_rate_zscore_80h,4h,2024-11,0.018587,0.019101,0.016341,-0.00125463,-0.0004531,-0.00046777
funding_rate_zscore_80h,4h,2024-12,0.004088,0.013752,0.017712,0.00047455,-0.0003032,-0.00041713
funding_rate_zscore_80h,4h,2025-01,0.022972,0.015216,0.016767,5.331e-05,-0.00024226,-0.00021013
funding_rate_zscore_80h,4h,2025-02,0.018725,0.015262,0.017182,-0.0011429,-0.00020501,-0.00032905
funding_rate_zscore_80h,4h,2025-03,0.004153,0.015283,0.014518,-0.00010223,-0.00039727,-0.00035024
funding_rate_zscore_80h,4h,2025-04,-0.006105,0.005591,0.010403,0.00043243,-0.0002709,-0.00025658
funding_rate_zscore_80h,4h,2025-05,0.001222,-0.000243,0.007509,0.00014701,0.00015907,-2.297e-05
funding_rate_zscore_80h,4h,2025-06,0.011086,0.002068,0.008675,0.00017933,0.00025292,-7.218e-05
funding_rate_zscore_80h,4h,2025-07,0.00576,0.006023,0.005807,-0.00037636,-1.667e-05,-0.00014379
funding_rate_zscore_80h,4h,2025-08,0.02283,0.013225,0.006491,-1.679e-05,-7.127e-05,4.39e-05
funding_rate_zscore_80h,4h,2025-09,0.010225,0.012938,0.007503,-7.142e-05,-0.00015486,4.903e-05
funding_rate_zscore_80h,4h,2025-10,-0.002284,0.010257,0.00814,-5.126e-05,-4.649e-05,-3.158e-05
funding_rate_zscore_80h,4h,2025-11,0.003173,0.003705,0.008465,0.00072195,0.00019976,6.424e-05
funding_rate_zscore_80h,4h,2025-12,-0.005248,-0.001453,0.005743,-0.0002384,0.0001441,-5.38e-06
funding_rate_zscore_80h,4h,2026-01,0.020717,0.006214,0.008235,-0.00085049,-0.00012231,-8.44e-05
funding_rate_zscore_80h,4h,2026-02,0.003736,0.006401,0.005053,9.674e-05,-0.00033072,-6.548e-05
funding_rate_zscore_80h,4h,2026-03,-0.002483,0.007323,0.002935,0.00022701,-0.00017558,-1.574e-05
funding_rate_zscore_80h,4h,2026-04,-0.007683,-0.002143,0.002035,0.00016784,0.00016386,2.078e-05
funding_rate_zscore_80h,4h,2026-05,-0.198924,-0.069696,-0.031647,0.00960659,0.00333381,0.00150155
funding_rate_zscore_80h,72h,2024-06,0.013349,0.013349,0.013349,-0.00232997,-0.00232997,-0.00232997
funding_rate_zscore_80h,72h,2024-07,0.053854,0.033602,0.033602,-0.00835524,-0.00534261,-0.00534261
funding_rate_zscore_80h,72h,2024-08,0.013397,0.026867,0.026867,0.00101546,-0.00322325,-0.00322325
funding_rate_zscore_80h,72h,2024-09,0.032636,0.033295,0.028309,-0.00320394,-0.00351457,-0.00321842
funding_rate_zscore_80h,72h,2024-10,0.014267,0.0201,0.025501,-0.00287084,-0.00168644,-0.00314891
funding_rate_zscore_80h,72h,2024-11,0.047247,0.031383,0.029125,-0.0134345,-0.00650309,-0.00486317
funding_rate_zscore_80h,72h,2024-12,-0.013053,0.016154,0.024725,0.00831483,-0.0026635,-0.00308904
funding_rate_zscore_80h,72h,2025-01,0.064556,0.032917,0.026508,-0.01109219,-0.00540395,-0.0035452
funding_rate_zscore_80h,72h,2025-02,-0.00527,0.015411,0.023397,-0.00297607,-0.00191781,-0.00421045
funding_rate_zscore_80h,72h,2025-03,-0.00228,0.019002,0.017578,0.00088425,-0.00439467,-0.00352909
funding_rate_zscore_80h,72h,2025-04,-0.033358,-0.013636,0.00964,0.01009825,0.00266881,-0.00136757
funding_rate_zscore_80h,72h,2025-05,0.013033,-0.007535,0.003938,-8.9e-06,0.00365787,0.00087003
funding_rate_zscore_80h,72h,2025-06,0.016724,-0.0012,0.008901,-0.00106897,0.00300679,-0.00069394
funding_rate_zscore_80h,72h,2025-07,0.010548,0.013435,-0.0001,-0.00023717,-0.00043835,0.00111523
funding_rate_zscore_80h,72h,2025-08,-0.009644,0.005876,-0.000829,0.00489326,0.00119571,0.00242679
funding_rate_zscore_80h,72h,2025-09,0.00603,0.002311,0.000556,0.00588623,0.00351411,0.00326045
funding_rate_zscore_80h,72h,2025-10,-0.012806,-0.005473,0.003981,0.02252499,0.01110149,0.00533157
funding_rate_zscore_80h,72h,2025-11,-0.006363,-0.004379,0.000748,0.01546857,0.0146266,0.00791115
funding_rate_zscore_80h,72h,2025-12,-0.006028,-0.008399,-0.003044,-0.00055532,0.01247941,0.00799676
funding_rate_zscore_80h,72h,2026-01,0.010397,-0.000665,-0.003069,0.00261131,0.00584152,0.00847151
funding_rate_zscore_80h,72h,2026-02,-0.034524,-0.010052,-0.007216,0.00972301,0.00392633,0.00927646
funding_rate_zscore_80h,72h,2026-03,0.000748,-0.007793,-0.008096,-0.00402318,0.00277038,0.0076249
funding_rate_zscore_80h,72h,2026-04,-0.020613,-0.01813,-0.009397,0.00263392,0.00277792,0.00430972
funding_rate_zscore_80h,72h,2026-05,-0.146121,-0.055329,-0.03269,0.03124728,0.00995267,0.0069395
intraday_ret,1h,2024-06,-0.012041,-0.012041,-0.012041,-1.187e-05,-1.187e-05,-1.187e-05
intraday_ret,1h,2024-07,-0.008928,-0.010485,-0.010485,0.00037755,0.00018284,0.00018284
intraday_ret,1h,2024-08,-0.035593,-0.018854,-0.018854,-2.47e-05,0.00011366,0.00011366
intraday_ret,1h,2024-09,-0.055183,-0.033235,-0.027936,-0.00037415,-7.1e-06,-8.29e-06
intraday_ret,1h,2024-10,-0.051035,-0.04727,-0.032556,-0.00036527,-0.00025471,-7.969e-05
intraday_ret,1h,2024-11,-0.037824,-0.048014,-0.033434,-8.373e-05,-0.00027438,-8.036e-05
intraday_ret,1h,2024-12,-0.056464,-0.048441,-0.040838,-0.00049639,-0.00031513,-0.00016112
intraday_ret,1h,2025-01,-0.034182,-0.042823,-0.045047,-0.00026606,-0.00028206,-0.00026838
intraday_ret,1h,2025-02,-0.031712,-0.040786,-0.0444,-0.00032519,-0.00036255,-0.00031846
intraday_ret,1h,2025-03,-0.025619,-0.030505,-0.039473,3.63e-05,-0.00018498,-0.00025006
intraday_ret,1h,2025-04,-0.048049,-0.035127,-0.038975,-0.00064884,-0.00031258,-0.00029732
intraday_ret,1h,2025-05,-0.041792,-0.038487,-0.039637,-0.00038877,-0.00033377,-0.00034816
intraday_ret,1h,2025-06,-0.022477,-0.03744,-0.033972,-3.314e-05,-0.00035692,-0.00027095
intraday_ret,1h,2025-07,-0.040702,-0.03499,-0.035059,-1.894e-05,-0.00014695,-0.00022976
intraday_ret,1h,2025-08,-0.049667,-0.037615,-0.038051,-0.00014868,-6.692e-05,-0.00020035
intraday_ret,1h,2025-09,-0.033296,-0.041222,-0.039331,-2.55e-06,-5.672e-05,-0.00020682
intraday_ret,1h,2025-10,-0.039891,-0.040951,-0.037971,4.206e-05,-3.639e-05,-9.167e-05
intraday_ret,1h,2025-11,-0.043599,-0.038929,-0.038272,-8.581e-05,-1.543e-05,-4.118e-05
intraday_ret,1h,2025-12,-0.033172,-0.038887,-0.040054,0.00035814,0.0001048,2.404e-05
intraday_ret,1h,2026-01,-0.041538,-0.039436,-0.040194,-0.00018748,2.828e-05,-4.05e-06
intraday_ret,1h,2026-02,-0.031495,-0.035402,-0.037165,5.301e-05,7.456e-05,2.956e-05
intraday_ret,1h,2026-03,-0.023698,-0.032244,-0.035565,0.00012732,-2.38e-06,5.121e-05
intraday_ret,1h,2026-04,-0.029764,-0.028319,-0.033878,0.00039109,0.00019047,0.00010938
intraday_ret,1h,2026-05,-0.043022,-0.032161,-0.033781,-0.00055085,-1.081e-05,3.187e-05
intraday_ret,1h,2026-06,-0.05025,-0.041012,-0.036628,-0.00032426,-0.00016134,-8.186e-05
intraday_ret,24h,2024-06,0.004137,0.004137,0.004137,0.00082967,0.00082967,0.00082967
intraday_ret,24h,2024-07,-0.00445,-0.000157,-0.000157,0.0007912,0.00081043,0.00081043
intraday_ret,24h,2024-08,-0.00971,-0.003341,-0.003341,-8.38e-06,0.0005375,0.0005375
intraday_ret,24h,2024-09,-0.011021,-0.008394,-0.005261,-0.00077319,3.21e-06,0.00020982
intraday_ret,24h,2024-10,-0.015005,-0.011912,-0.00721,-0.0009202,-0.00056726,-1.618e-05
intraday_ret,24h,2024-11,-0.008855,-0.011627,-0.007484,0.00037376,-0.00043988,4.881e-05
intraday_ret,24h,2024-12,-0.023447,-0.015769,-0.012081,-0.00154162,-0.00069602,-0.0003464
intraday_ret,24h,2025-01,0.000646,-0.010552,-0.011232,0.00157637,0.00013617,-0.00021554
intraday_ret,24h,2025-02,-0.003407,-0.008736,-0.010181,0.0006237,0.00021948,-0.0001102
intraday_ret,24h,2025-03,-0.008902,-0.003888,-0.009828,-0.00044618,0.00058463,-5.57e-05
intraday_ret,24h,2025-04,-0.013227,-0.008512,-0.009532,-0.00012369,1.794e-05,7.706e-05
intraday_ret,24h,2025-05,-0.014872,-0.012334,-0.010535,0.00098033,0.00013682,0.00017815
intraday_ret,24h,2025-06,-0.010392,-0.012831,-0.008359,-0.00052447,0.00011072,0.00034768
intraday_ret,24h,2025-07,-0.012929,-0.012731,-0.010622,0.00091297,0.00045628,0.00023711
intraday_ret,24h,2025-08,-0.007005,-0.010109,-0.011221,0.00250198,0.00096349,0.00055016
intraday_ret,24h,2025-09,-0.010169,-0.010034,-0.011432,0.00205362,0.00182286,0.00096679
intraday_ret,24h,2025-10,-0.014724,-0.010633,-0.011682,0.00146318,0.00200626,0.00123127
intraday_ret,24h,2025-11,-0.013701,-0.012865,-0.011487,0.00059589,0.0013709,0.00116719
intraday_ret,24h,2025-12,-0.01782,-0.015415,-0.012725,-0.00132738,0.0002439,0.00103338
intraday_ret,24h,2026-01,-0.012177,-0.014566,-0.012599,0.00106882,0.00011244,0.00105935
intraday_ret,24h,2026-02,-0.020159,-0.016719,-0.014792,-0.00030486,-0.00018781,0.00059154
intraday_ret,24h,2026-03,-0.020877,-0.017737,-0.016576,-0.0005071,8.562e-05,0.00016476
intraday_ret,24h,2026-04,-0.02484,-0.021958,-0.018262,3.645e-05,-0.0002585,-7.303e-05
intraday_ret,24h,2026-05,-0.015528,-0.020415,-0.018567,-0.00139698,-0.00062254,-0.00040517
intraday_ret,24h,2026-06,-0.006597,-0.015655,-0.016696,0.00411968,0.00091972,0.00050267
intraday_ret,4h,2024-06,-0.016911,-0.016911,-0.016911,-0.00023866,-0.00023866,-0.00023866
intraday_ret,4h,2024-07,-0.013454,-0.015182,-0.015182,0.00047252,0.00011693,0.00011693
intraday_ret,4h,2024-08,-0.032721,-0.021029,-0.021029,-0.00035327,-3.98e-05,-3.98e-05
intraday_ret,4h,2024-09,-0.04047,-0.028882,-0.025889,-0.00076978,-0.00021684,-0.0002223
intraday_ret,4h,2024-10,-0.039659,-0.037617,-0.028643,-0.00068909,-0.00060405,-0.00031566
intraday_ret,4h,2024-11,-0.024152,-0.03476,-0.027895,0.00038434,-0.00035818,-0.00019899
intraday_ret,4h,2024-12,-0.05574,-0.039851,-0.034366,-0.00158398,-0.00062958,-0.00042321
intraday_ret,4h,2025-01,-0.004473,-0.028122,-0.032869,0.00116695,-1.09e-05,-0.00030747
intraday_ret,4h,2025-02,-0.005144,-0.021786,-0.028273,0.00098185,0.00018827,-8.495e-05
intraday_ret,4h,2025-03,-0.025852,-0.011823,-0.025837,-5.19e-05,0.00069897,3.47e-05
intraday_ret,4h,2025-04,-0.038561,-0.023186,-0.025654,-0.00094995,-6.67e-06,-8.78e-06
intraday_ret,4h,2025-05,-0.011967,-0.02546,-0.023623,0.00055439,-0.00014915,1.956e-05
intraday_ret,4h,2025-06,-0.029234,-0.026588,-0.019205,-0.00058854,-0.00032803,0.00018547
intraday_ret,4h,2025-07,-0.035553,-0.025585,-0.024386,-7.84e-05,-3.752e-05,-2.209e-05
intraday_ret,4h,2025-08,-0.041773,-0.03552,-0.03049,-0.00033378,-0.00033357,-0.00024136
intraday_ret,4h,2025-09,-0.027918,-0.035081,-0.030835,3.621e-05,-0.00012532,-0.00022668
intraday_ret,4h,2025-10,-0.024954,-0.031548,-0.028567,0.00117842,0.00029362,0.00012805
intraday_ret,4h,2025-11,-0.029872,-0.027581,-0.031551,0.00045101,0.00055521,0.00011082
intraday_ret,4h,2025-12,-0.034541,-0.029789,-0.032435,-0.00022989,0.00046651,0.00017059
intraday_ret,4h,2026-01,-0.029344,-0.031252,-0.0314,-0.00015368,2.248e-05,0.00015805
intraday_ret,4h,2026-02,-0.018061,-0.027315,-0.027448,0.00061289,7.644e-05,0.00031583
intraday_ret,4h,2026-03,-0.02685,-0.024752,-0.02727,7.39e-05,0.0001777,0.00032211
intraday_ret,4h,2026-04,-0.029885,-0.024932,-0.028092,0.00011718,0.00026799,0.00014524
intraday_ret,4h,2026-05,-0.032444,-0.029726,-0.028521,-0.00089189,-0.0002336,-7.858e-05
intraday_ret,4h,2026-06,-0.038211,-0.033513,-0.029132,-0.00033238,-0.00036903,-9.566e-05
intraday_ret,72h,2024-06,0.020981,0.020981,0.020981,0.00309202,0.00309202,0.00309202
intraday_ret,72h,2024-07,0.002133,0.011557,0.011557,8.329e-05,0.00158766,0.00158766
intraday_ret,72h,2024-08,0.001696,0.00827,0.00827,0.00139449,0.00152327,0.00152327
intraday_ret,72h,2024-09,-0.007167,-0.001112,0.004411,-0.00043333,0.00034815,0.00103412
intraday_ret,72h,2024-10,-0.011101,-0.005524,0.001308,-0.00181239,-0.00028374,0.00046482
intraday_ret,72h,2024-11,0.007773,-0.003498,0.002386,0.00360446,0.00045291,0.00098809
intraday_ret,72h,2024-12,-0.014803,-0.006044,-0.003578,-0.00129885,0.00016441,0.00025628
intraday_ret,72h,2025-01,0.017576,0.003516,-0.001004,0.00467113,0.00232558,0.00102092
intraday_ret,72h,2025-02,-0.007131,-0.001452,-0.002475,-0.00034659,0.00100856,0.00073074
intraday_ret,72h,2025-03,-0.004201,0.002082,-0.001981,-0.0017576,0.00085565,0.00051003
intraday_ret,72h,2025-04,-0.00998,-0.007104,-0.001794,-0.00068473,-0.00092964,0.00069797
intraday_ret,72h,2025-05,-0.008771,-0.00765,-0.004551,0.0018959,-0.00018214,0.00041321
intraday_ret,72h,2025-06,-0.018191,-0.012314,-0.005116,-0.00181615,-0.00020166,0.00032699
intraday_ret,72h,2025-07,-0.007539,-0.0115,-0.009302,0.00035706,0.0001456,-0.00039202
intraday_ret,72h,2025-08,-0.013544,-0.013091,-0.010371,0.01152851,0.00335647,0.00158716
intraday_ret,72h,2025-09,-0.003473,-0.008185,-0.01025,0.00762915,0.00650491,0.00315162
intraday_ret,72h,2025-10,-0.00602,-0.007679,-0.00959,0.00340296,0.00752021,0.0038329
intraday_ret,72h,2025-11,-0.002161,-0.003884,-0.008488,-0.00201585,0.00300542,0.00318095
intraday_ret,72h,2025-12,-0.011667,-0.006616,-0.007401,-0.00146607,-2.632e-05,0.00323929
intraday_ret,72h,2026-01,-0.002208,-0.005345,-0.006512,0.00200603,-0.00049196,0.00351412
intraday_ret,72h,2026-02,-0.007578,-0.007151,-0.005518,0.0008319,0.00045729,0.00173135
intraday_ret,72h,2026-03,-0.008784,-0.00619,-0.006403,0.00013483,0.00099092,0.0004823
intraday_ret,72h,2026-04,-0.012803,-0.009721,-0.007533,0.00275656,0.0012411,0.00037457
intraday_ret,72h,2026-05,-0.004548,-0.008711,-0.007931,0.00077322,0.00122154,0.00083941
intraday_ret,72h,2026-06,0.002945,-0.004802,-0.005496,0.00432109,0.00261696,0.00180394
klow_close,1h,2024-06,-0.032813,-0.032813,-0.032813,-7.503e-05,-7.503e-05,-7.503e-05
klow_close,1h,2024-07,-0.036791,-0.034802,-0.034802,-0.00023535,-0.00015519,-0.00015519
klow_close,1h,2024-08,-0.041779,-0.037128,-0.037128,-0.00040049,-0.00023696,-0.00023696
klow_close,1h,2024-09,-0.025351,-0.03464,-0.034184,-2.126e-05,-0.00021903,-0.00018303
klow_close,1h,2024-10,-0.029908,-0.032346,-0.033328,-0.00014716,-0.00018964,-0.00017586
klow_close,1h,2024-11,-0.018013,-0.024424,-0.030776,0.00024638,2.599e-05,-0.00010548
klow_close,1h,2024-12,-0.014951,-0.020957,-0.027799,5.732e-05,5.218e-05,-8.343e-05
klow_close,1h,2025-01,-0.041,-0.024654,-0.0285,-0.00013434,5.645e-05,-6.659e-05
klow_close,1h,2025-02,-0.03333,-0.02976,-0.027092,-0.00034909,-0.00014204,-5.802e-05
klow_close,1h,2025-03,-0.022231,-0.032187,-0.026572,-7.128e-05,-0.0001849,-6.636e-05
klow_close,1h,2025-04,-0.015289,-0.023617,-0.024136,0.00023858,-6.06e-05,-2.07e-06
klow_close,1h,2025-05,-0.030833,-0.022784,-0.026272,3.67e-06,5.699e-05,-4.252e-05
klow_close,1h,2025-06,-0.025116,-0.023746,-0.027966,-0.00019045,1.727e-05,-8.382e-05
klow_close,1h,2025-07,-0.034039,-0.029996,-0.026806,-0.00028499,-0.00015726,-0.00010893
klow_close,1h,2025-08,-0.026306,-0.028487,-0.025636,-9.429e-05,-0.00018991,-6.646e-05
klow_close,1h,2025-09,-0.031945,-0.030763,-0.027255,0.00024667,-4.42e-05,-1.347e-05
klow_close,1h,2025-10,-0.025757,-0.028003,-0.028999,0.00023237,0.00012825,-1.45e-05
klow_close,1h,2025-11,-0.027531,-0.028411,-0.028449,0.00016963,0.00021622,1.316e-05
klow_close,1h,2025-12,-0.026907,-0.026732,-0.028747,0.00012404,0.00017535,6.557e-05
klow_close,1h,2026-01,-0.019715,-0.024718,-0.02636,-2.148e-05,9.073e-05,0.00010949
klow_close,1h,2026-02,-0.021097,-0.022573,-0.025492,-0.00011826,-5.23e-06,0.00010549
klow_close,1h,2026-03,-0.01647,-0.019094,-0.022913,-8.178e-05,-7.384e-05,5.075e-05
klow_close,1h,2026-04,-0.028915,-0.022161,-0.023439,-1.852e-05,-7.285e-05,8.94e-06
klow_close,1h,2026-05,-0.030107,-0.025164,-0.023869,-5.61e-05,-5.213e-05,-2.868e-05
klow_close,1h,2026-06,-0.020437,-0.026486,-0.02279,-0.00021967,-9.81e-05,-8.597e-05
klow_close,24h,2024-06,-0.079684,-0.079684,-0.079684,-0.00239257,-0.00239257,-0.00239257
klow_close,24h,2024-07,-0.052459,-0.066072,-0.066072,-0.00114587,-0.00176922,-0.00176922
klow_close,24h,2024-08,-0.063329,-0.065157,-0.065157,-0.00137718,-0.00163854,-0.00163854
klow_close,24h,2024-09,-0.014822,-0.043537,-0.052574,0.00276031,7.909e-05,-0.00053883
klow_close,24h,2024-10,-0.056038,-0.04473,-0.053266,-0.00068773,0.0002318,-0.00056861
klow_close,24h,2024-11,-0.039105,-0.036655,-0.050906,0.00229157,0.00145472,-9.191e-05
klow_close,24h,2024-12,-0.044869,-0.04667,-0.045104,-0.00297718,-0.00045778,-0.00018935
klow_close,24h,2025-01,-0.079618,-0.054531,-0.04963,-0.00665667,-0.00244743,-0.00110781
klow_close,24h,2025-02,-0.054825,-0.059771,-0.048213,-0.00073326,-0.0034557,-0.00100049
klow_close,24h,2025-03,-0.052712,-0.062385,-0.054528,-0.00354618,-0.00364537,-0.00205157
klow_close,24h,2025-04,-0.015578,-0.041039,-0.047785,0.00371484,-0.0001882,-0.00131781
klow_close,24h,2025-05,-0.057645,-0.041979,-0.050875,0.00013894,0.00010253,-0.00167658
klow_close,24h,2025-06,-0.044964,-0.039396,-0.050891,-0.00246595,0.00046261,-0.00159138
klow_close,24h,2025-07,-0.045428,-0.049346,-0.045192,0.00119474,-0.00037742,-0.00028281
klow_close,24h,2025-08,-0.047221,-0.045871,-0.043925,0.00403906,0.00092262,0.00051257
klow_close,24h,2025-09,-0.038426,-0.043692,-0.041544,0.0074446,0.00422613,0.00234437
klow_close,24h,2025-10,-0.049204,-0.04495,-0.047148,0.00848005,0.00665457,0.00313857
klow_close,24h,2025-11,-0.061957,-0.049862,-0.047867,0.00160138,0.00584201,0.00338231
klow_close,24h,2025-12,-0.035844,-0.049002,-0.046347,0.00342808,0.00450317,0.00436465
klow_close,24h,2026-01,-0.052442,-0.050081,-0.047516,-0.00050002,0.00150981,0.00408219
klow_close,24h,2026-02,-0.031327,-0.039871,-0.044867,0.00054116,0.00115641,0.00349921
klow_close,24h,2026-03,-0.029064,-0.037611,-0.043306,0.00160115,0.00054743,0.0025253
klow_close,24h,2026-04,-0.040951,-0.033781,-0.041931,0.00790256,0.00334829,0.00242905
klow_close,24h,2026-05,-0.044164,-0.03806,-0.038965,0.00377685,0.00442685,0.00279163
klow_close,24h,2026-06,-0.016041,-0.033719,-0.035665,0.00241538,0.00469826,0.00262285
klow_close,4h,2024-06,-0.030824,-0.030824,-0.030824,-6.482e-05,-6.482e-05,-6.482e-05
klow_close,4h,2024-07,-0.038354,-0.034589,-0.034589,-0.00021112,-0.00013797,-0.00013797
klow_close,4h,2024-08,-0.042901,-0.03736,-0.03736,-0.00060813,-0.00029469,-0.00029469
klow_close,4h,2024-09,-0.02859,-0.036615,-0.035167,3.48e-05,-0.00026148,-0.00021232
klow_close,4h,2024-10,-0.034138,-0.03521,-0.034961,0.00012474,-0.00014953,-0.00014491
klow_close,4h,2024-11,-0.022218,-0.028315,-0.032837,0.0004626,0.00020738,-4.366e-05
klow_close,4h,2024-12,-0.037163,-0.031173,-0.033894,-0.00017566,0.00013723,-6.213e-05
klow_close,4h,2025-01,-0.04749,-0.035624,-0.035417,-0.00066384,-0.00012563,-0.00013758
klow_close,4h,2025-02,-0.044096,-0.042916,-0.035616,-0.00123065,-0.00069005,-0.00024133
klow_close,4h,2025-03,-0.031747,-0.041111,-0.036142,-0.00047292,-0.00078914,-0.00032596
klow_close,4h,2025-04,-0.016958,-0.030934,-0.033279,0.00067131,-0.00034409,-0.00023486
klow_close,4h,2025-05,-0.04124,-0.029982,-0.036449,-0.00046359,-8.84e-05,-0.00038922
klow_close,4h,2025-06,-0.031785,-0.029994,-0.035553,-0.00064956,-0.00014728,-0.00046821
klow_close,4h,2025-07,-0.037093,-0.036706,-0.03382,-0.00024238,-0.00045184,-0.00039796
klow_close,4h,2025-08,-0.031434,-0.033437,-0.03171,0.00043603,-0.00015197,-0.00012018
klow_close,4h,2025-09,-0.027411,-0.031979,-0.030987,0.00137129,0.00052165,0.00018718
klow_close,4h,2025-10,-0.027642,-0.028829,-0.032767,0.00157271,0.00112668,0.00033742
klow_close,4h,2025-11,-0.039714,-0.031589,-0.032513,0.00038891,0.00111097,0.0004795
klow_close,4h,2025-12,-0.034004,-0.033787,-0.032883,0.00021486,0.00072549,0.00062357
klow_close,4h,2026-01,-0.026555,-0.033424,-0.031127,7.935e-05,0.00022771,0.00067719
klow_close,4h,2026-02,-0.025235,-0.028598,-0.030094,5.084e-05,0.00011502,0.00061299
klow_close,4h,2026-03,-0.020767,-0.024186,-0.028986,0.00015784,9.601e-05,0.00041075
klow_close,4h,2026-04,-0.029983,-0.025329,-0.029376,0.00119907,0.00046925,0.00034848
klow_close,4h,2026-05,-0.036462,-0.029071,-0.028834,0.00027823,0.00054505,0.00033003
klow_close,4h,2026-06,-0.017204,-0.027883,-0.026034,0.00019844,0.00055858,0.00032729
klow_close,72h,2024-06,-0.107482,-0.107482,-0.107482,-0.01001457,-0.01001457,-0.01001457
klow_close,72h,2024-07,-0.070679,-0.089081,-0.089081,-0.00240327,-0.00620892,-0.00620892
klow_close,72h,2024-08,-0.0687,-0.082287,-0.082287,-0.00518791,-0.00586858,-0.00586858
klow_close,72h,2024-09,0.001617,-0.045921,-0.061311,0.00551456,-0.00069221,-0.0030228
klow_close,72h,2024-10,-0.065211,-0.044098,-0.062091,-0.00191558,-0.00052964,-0.00280135
klow_close,72h,2024-11,-0.02678,-0.030125,-0.056206,0.00790938,0.00383612,-0.00101623
klow_close,72h,2024-12,-0.048725,-0.046906,-0.046413,-0.00561171,0.00012736,-0.00028242
klow_close,72h,2025-01,-0.118932,-0.064813,-0.054455,-0.02257749,-0.00675994,-0.00364479
klow_close,72h,2025-02,-0.038857,-0.068838,-0.049482,0.00469807,-0.00783038,-0.00199713
klow_close,72h,2025-03,-0.080642,-0.079477,-0.063191,-0.01177238,-0.00988393,-0.00487828
klow_close,72h,2025-04,0.003753,-0.038582,-0.051697,0.00850238,0.00047602,-0.00314196
klow_close,72h,2025-05,-0.063181,-0.04669,-0.057764,0.00165547,-0.00053818,-0.00418428
klow_close,72h,2025-06,-0.07128,-0.04357,-0.061523,-0.00394814,0.0020699,-0.00390701
klow_close,72h,2025-07,-0.061216,-0.065226,-0.051904,0.0027667,0.00015801,0.00031702
klow_close,72h,2025-08,-0.0549,-0.062466,-0.054578,0.01203944,0.00361933,0.00154058
klow_close,72h,2025-09,-0.03926,-0.051792,-0.047681,0.02289234,0.01256616,0.00731803
klow_close,72h,2025-10,-0.057252,-0.050471,-0.057848,0.0301513,0.02169436,0.01092618
klow_close,72h,2025-11,-0.067519,-0.054677,-0.058571,0.00075141,0.01793168,0.01077551
klow_close,72h,2025-12,-0.031373,-0.052048,-0.05192,0.00238236,0.01109502,0.01183059
klow_close,72h,2026-01,-0.075941,-0.058278,-0.054374,-0.0022316,0.00030072,0.01099754
klow_close,72h,2026-02,-0.035054,-0.047456,-0.051067,0.00356129,0.00123735,0.00958452
klow_close,72h,2026-03,-0.046007,-0.052334,-0.052191,-0.00023949,0.0003634,0.00572921
klow_close,72h,2026-04,-0.03888,-0.03998,-0.049129,0.02487128,0.00939769,0.00484921
klow_close,72h,2026-05,-0.051024,-0.045303,-0.04638,0.00726133,0.01063104,0.00593419
klow_close,72h,2026-06,-0.036003,-0.041969,-0.047151,0.00981053,0.01398105,0.00717222
ksft_5h,1h,2024-06,0.001405,0.001405,0.001405,0.0001006,0.0001006,0.0001006
ksft_5h,1h,2024-07,-0.002924,-0.000759,-0.000759,-2.545e-05,3.758e-05,3.758e-05
ksft_5h,1h,2024-08,-0.008415,-0.003311,-0.003311,-0.00010102,-8.62e-06,-8.62e-06
ksft_5h,1h,2024-09,-0.002601,-0.004646,-0.003133,0.00014758,7.04e-06,3.043e-05
ksft_5h,1h,2024-10,-0.006485,-0.005834,-0.003804,5.02e-06,1.719e-05,2.535e-05
ksft_5h,1h,2024-11,-0.004994,-0.004693,-0.004002,5.637e-05,6.966e-05,3.052e-05
ksft_5h,1h,2024-12,-0.000657,-0.004045,-0.004346,0.00026556,0.00010898,5.801e-05
ksft_5h,1h,2025-01,-0.007858,-0.004503,-0.005168,2.711e-05,0.00011635,6.677e-05
ksft_5h,1h,2025-02,-0.005381,-0.004632,-0.004663,-0.00020655,2.871e-05,4.918e-05
ksft_5h,1h,2025-03,-0.008254,-0.007165,-0.005605,-7.952e-05,-8.632e-05,1.133e-05
ksft_5h,1h,2025-04,-0.007681,-0.007105,-0.005804,-0.00030511,-0.00019706,-4.036e-05
ksft_5h,1h,2025-05,-0.001962,-0.005966,-0.005299,8.482e-05,-9.994e-05,-3.561e-05
ksft_5h,1h,2025-06,0.006244,-0.001133,-0.004149,0.00029113,2.361e-05,-3.135e-05
ksft_5h,1h,2025-07,-0.010806,-0.002175,-0.00464,-1.38e-05,0.00012072,-3.817e-05
ksft_5h,1h,2025-08,-0.005408,-0.003323,-0.004644,6.776e-05,0.00011503,7.55e-06
ksft_5h,1h,2025-09,-0.001974,-0.006063,-0.003598,0.0001247,5.955e-05,4.158e-05
ksft_5h,1h,2025-10,-0.014253,-0.007211,-0.004693,7.312e-05,8.853e-05,0.00010462
ksft_5h,1h,2025-11,-0.006546,-0.007591,-0.005457,-3.952e-05,5.277e-05,8.39e-05
ksft_5h,1h,2025-12,-0.014555,-0.011785,-0.008924,-0.00024776,-7.139e-05,-5.92e-06
ksft_5h,1h,2026-01,-0.008914,-0.010005,-0.008608,1.099e-05,-9.21e-05,-1.79e-06
ksft_5h,1h,2026-02,-0.001772,-0.008414,-0.008002,0.00011218,-4.153e-05,5.62e-06
ksft_5h,1h,2026-03,-0.001891,-0.004192,-0.007989,0.00015031,9.116e-05,9.89e-06
ksft_5h,1h,2026-04,0.002566,-0.000366,-0.005185,0.00012234,0.00012828,1.809e-05
ksft_5h,1h,2026-05,-0.00629,-0.001872,-0.005143,0.00010544,0.00012603,4.225e-05
ksft_5h,1h,2026-06,-0.002836,-0.002187,-0.00319,7.139e-05,9.972e-05,9.544e-05
ksft_5h,24h,2024-06,-0.020346,-0.020346,-0.020346,-0.00101044,-0.00101044,-0.00101044
ksft_5h,24h,2024-07,-0.011861,-0.016104,-0.016104,-0.00035733,-0.00068388,-0.00068388
ksft_5h,24h,2024-08,0.00548,-0.008909,-0.008909,0.00078201,-0.00019525,-0.00019525
ksft_5h,24h,2024-09,0.008876,0.000832,-0.004463,0.00260641,0.00101036,0.00050516
ksft_5h,24h,2024-10,0.005803,0.00672,-0.00241,0.00129566,0.00156136,0.00066326
ksft_5h,24h,2024-11,-0.023988,-0.003103,-0.006006,0.00018986,0.00136398,0.00058436
ksft_5h,24h,2024-12,-0.009334,-0.009173,-0.004171,0.00020394,0.00056315,0.00078676
ksft_5h,24h,2025-01,-0.006819,-0.01338,-0.00333,-0.00025666,4.571e-05,0.00080354
ksft_5h,24h,2025-02,-0.015918,-0.01069,-0.006897,-0.00053271,-0.00019514,0.00058442
ksft_5h,24h,2025-03,-0.011513,-0.011416,-0.010295,-0.00046778,-0.00041905,7.205e-05
ksft_5h,24h,2025-04,-0.008242,-0.011891,-0.012636,0.00124852,8.268e-05,6.419e-05
ksft_5h,24h,2025-05,-0.004516,-0.00809,-0.00939,-0.00023058,0.00018339,-5.88e-06
ksft_5h,24h,2025-06,-0.007621,-0.006793,-0.009105,-0.00018127,0.00027889,-7.008e-05
ksft_5h,24h,2025-07,-0.008528,-0.006888,-0.00939,-0.00033331,-0.00024839,-8.286e-05
ksft_5h,24h,2025-08,0.001327,-0.004941,-0.006516,0.00101495,0.00016679,0.00017509
ksft_5h,24h,2025-09,0.006188,-0.000338,-0.003565,0.00337124,0.00135096,0.00081493
ksft_5h,24h,2025-10,-0.013683,-0.002056,-0.004472,-0.00249282,0.00063112,0.00019137
ksft_5h,24h,2025-11,-0.007529,-0.005008,-0.004974,0.00012322,0.00033388,0.00025034
ksft_5h,24h,2025-12,-0.027992,-0.016401,-0.008369,-0.00205255,-0.00147405,-6.155e-05
ksft_5h,24h,2026-01,-0.017691,-0.017737,-0.009897,-0.00064974,-0.00085969,-0.00011428
ksft_5h,24h,2026-02,-0.005703,-0.017129,-0.011068,-0.00046981,-0.00105737,-0.00036174
ksft_5h,24h,2026-03,0.00336,-0.006678,-0.011539,0.00172941,0.00020329,-0.00063538
ksft_5h,24h,2026-04,-0.002186,-0.001509,-0.009623,0.00085574,0.00070511,-7.729e-05
ksft_5h,24h,2026-05,-0.008594,-0.002473,-0.009801,-0.00013786,0.00081576,-0.0001208
ksft_5h,24h,2026-06,-0.000114,-0.003631,-0.005154,0.00328811,0.00133533,0.00076931
ksft_5h,4h,2024-06,-0.002784,-0.002784,-0.002784,0.00012793,0.00012793,0.00012793
ksft_5h,4h,2024-07,-0.003674,-0.003229,-0.003229,4.071e-05,8.432e-05,8.432e-05
ksft_5h,4h,2024-08,-0.00216,-0.002873,-0.002873,0.00029421,0.00015428,0.00015428
ksft_5h,4h,2024-09,0.005056,-0.000259,-0.00089,0.00059988,0.0003116,0.00026568
ksft_5h,4h,2024-10,-0.006117,-0.001074,-0.001936,0.00020791,0.00036733,0.00025413
ksft_5h,4h,2024-11,-0.00793,-0.002997,-0.002935,0.00010493,0.00030424,0.00022926
ksft_5h,4h,2024-12,-0.001233,-0.005093,-0.002676,0.00050399,0.00027228,0.00029194
ksft_5h,4h,2025-01,-0.008372,-0.005845,-0.003459,1.281e-05,0.00020724,0.00028729
ksft_5h,4h,2025-02,-0.010017,-0.006541,-0.004769,-0.00069,-5.773e-05,0.00012325
ksft_5h,4h,2025-03,0.002227,-0.005387,-0.00524,0.00048994,-6.242e-05,0.00010493
ksft_5h,4h,2025-04,-0.009556,-0.005782,-0.005813,-0.00046436,-0.00022147,-7.11e-06
ksft_5h,4h,2025-05,0.003511,-0.001273,-0.003907,0.0002495,9.169e-05,1.698e-05
ksft_5h,4h,2025-06,0.005646,-0.000133,-0.00276,0.0002639,1.635e-05,-2.303e-05
ksft_5h,4h,2025-07,-0.01449,-0.001778,-0.00378,-0.00042865,2.825e-05,-9.661e-05
ksft_5h,4h,2025-08,-0.00572,-0.004855,-0.003064,-3.5e-05,-6.658e-05,1.256e-05
ksft_5h,4h,2025-09,0.000981,-0.00641,-0.003271,0.00094045,0.00015893,8.764e-05
ksft_5h,4h,2025-10,-0.010192,-0.004977,-0.003377,0.00038906,0.0004315,0.00022988
ksft_5h,4h,2025-11,-0.007366,-0.005526,-0.00519,-0.0002324,0.0003657,0.00014956
ksft_5h,4h,2025-12,-0.024916,-0.014158,-0.010284,-0.00077314,-0.00020549,-2.328e-05
ksft_5h,4h,2026-01,-0.005153,-0.012478,-0.008728,0.00041706,-0.00019616,0.00011767
ksft_5h,4h,2026-02,0.003154,-0.008971,-0.007249,0.00040023,1.472e-05,0.00019021
ksft_5h,4h,2026-03,0.000523,-0.000492,-0.007325,0.00043851,0.0004186,0.00010655
ksft_5h,4h,2026-04,-0.000933,0.000915,-0.005782,0.00016961,0.00033612,6.998e-05
ksft_5h,4h,2026-05,-0.011117,-0.003842,-0.006407,0.00019118,0.00026643,0.00014058
ksft_5h,4h,2026-06,-0.009234,-0.007095,-0.003793,0.00010127,0.00015402,0.00028631
ksft_5h,72h,2024-06,-0.014034,-0.014034,-0.014034,-0.00094924,-0.00094924,-0.00094924
ksft_5h,72h,2024-07,-0.0205,-0.017267,-0.017267,-0.00211653,-0.00153289,-0.00153289
ksft_5h,72h,2024-08,-0.008268,-0.014267,-0.014267,-0.00148365,-0.00151647,-0.00151647
ksft_5h,72h,2024-09,-0.00207,-0.010279,-0.011218,0.00165142,-0.00064959,-0.0007245
ksft_5h,72h,2024-10,0.00691,-0.001143,-0.007592,0.00250297,0.00089025,-7.901e-05
ksft_5h,72h,2024-11,-0.013523,-0.002894,-0.008581,0.0012899,0.00181476,0.00014914
ksft_5h,72h,2024-12,-0.00797,-0.004861,-0.00757,0.00188629,0.00189305,0.00062173
ksft_5h,72h,2025-01,-0.014499,-0.011997,-0.00657,-0.00290466,9.051e-05,0.00049038
ksft_5h,72h,2025-02,-0.008127,-0.010199,-0.006546,0.00100998,-2.8e-06,0.00090598
ksft_5h,72h,2025-03,-0.008973,-0.010533,-0.007697,-0.00301376,-0.00163615,0.00012845
ksft_5h,72h,2025-04,0.004609,-0.004164,-0.00808,0.00468184,0.00089269,0.0004916
ksft_5h,72h,2025-05,-0.0021,-0.002155,-0.006177,0.00106329,0.00091046,0.00045383
ksft_5h,72h,2025-06,-0.010454,-0.002648,-0.006591,-4.334e-05,0.0019006,0.00013222
ksft_5h,72h,2025-07,-0.01452,-0.009024,-0.006594,-0.00111112,-3.039e-05,0.00043115
ksft_5h,72h,2025-08,-0.007785,-0.010919,-0.006537,-0.00071218,-0.00062221,0.00014412
ksft_5h,72h,2025-09,0.00378,-0.006175,-0.004411,0.00546382,0.00121351,0.00155705
ksft_5h,72h,2025-10,-0.013688,-0.005897,-0.007461,-0.00199282,0.00091961,0.00044461
ksft_5h,72h,2025-11,-0.004883,-0.00493,-0.007925,0.00317581,0.0022156,0.0007967
ksft_5h,72h,2025-12,-0.0218,-0.013457,-0.009816,-0.00501393,-0.00127698,-3.174e-05
ksft_5h,72h,2026-01,-0.005774,-0.010819,-0.008358,0.00156149,-9.221e-05,0.0004137
ksft_5h,72h,2026-02,-0.000524,-0.009366,-0.007148,-0.00143107,-0.00162784,0.00029388
ksft_5h,72h,2026-03,-0.00105,-0.00245,-0.007953,0.00236073,0.00083038,-0.0002233
ksft_5h,72h,2026-04,0.001029,-0.000182,-0.005501,0.00389476,0.00160814,0.00075797
ksft_5h,72h,2026-05,-0.004749,-0.00159,-0.005478,-0.00109405,0.00172048,4.632e-05
ksft_5h,72h,2026-06,-0.023844,-0.009188,-0.005819,-0.00399975,-0.00039968,0.00021535
ma_gap_10_40,1h,2024-06,0.004755,0.004755,0.004755,5.66e-05,5.66e-05,5.66e-05
ma_gap_10_40,1h,2024-07,-0.00564,-0.000443,-0.000443,9.217e-05,7.439e-05,7.439e-05
ma_gap_10_40,1h,2024-08,-0.00569,-0.002192,-0.002192,-8.421e-05,2.152e-05,2.152e-05
ma_gap_10_40,1h,2024-09,-0.01264,-0.00799,-0.004804,8.759e-05,3.185e-05,3.804e-05
ma_gap_10_40,1h,2024-10,-0.020086,-0.012805,-0.00786,-0.00012657,-4.106e-05,5.12e-06
ma_gap_10_40,1h,2024-11,-0.019491,-0.017406,-0.009799,-3.987e-05,-2.628e-05,-2.38e-06
ma_gap_10_40,1h,2024-12,-0.017845,-0.019141,-0.013565,-4.747e-05,-7.13e-05,-1.973e-05
ma_gap_10_40,1h,2025-01,-0.001625,-0.012987,-0.012896,0.0001758,2.949e-05,-5.79e-06
ma_gap_10_40,1h,2025-02,-0.002637,-0.007369,-0.012387,0.00028524,0.00013786,5.579e-05
ma_gap_10_40,1h,2025-03,-0.009296,-0.004519,-0.01183,-9.242e-05,0.00012287,2.579e-05
ma_gap_10_40,1h,2025-04,-0.008451,-0.006795,-0.009891,1.47e-05,6.917e-05,4.933e-05
ma_gap_10_40,1h,2025-05,-0.013968,-0.010572,-0.00897,-5.261e-05,-4.344e-05,4.721e-05
ma_gap_10_40,1h,2025-06,-0.018981,-0.0138,-0.00916,-0.00019307,-7.699e-05,2.294e-05
ma_gap_10_40,1h,2025-07,-0.012581,-0.015177,-0.010986,0.00032657,2.696e-05,4.807e-05
ma_gap_10_40,1h,2025-08,-0.007204,-0.012922,-0.011747,0.00034289,0.0001588,5.768e-05
ma_gap_10_40,1h,2025-09,-0.013408,-0.011064,-0.012432,0.00037352,0.00034766,0.00013533
ma_gap_10_40,1h,2025-10,-0.018879,-0.013164,-0.01417,4.674e-05,0.00025438,0.00014067
ma_gap_10_40,1h,2025-11,-0.017857,-0.016715,-0.014818,-8.042e-05,0.00011328,0.00013604
ma_gap_10_40,1h,2025-12,-0.018414,-0.018383,-0.014724,-0.00017773,-7.047e-05,0.00013859
ma_gap_10_40,1h,2026-01,-0.013631,-0.016634,-0.014899,0.00027976,7.2e-06,0.00013079
ma_gap_10_40,1h,2026-02,-0.013914,-0.01532,-0.016017,-0.00010741,-1.79e-06,5.574e-05
ma_gap_10_40,1h,2026-03,-0.003633,-0.010393,-0.014388,6.36e-06,5.957e-05,-5.45e-06
ma_gap_10_40,1h,2026-04,-0.013119,-0.010222,-0.013428,0.00016032,1.976e-05,1.348e-05
ma_gap_10_40,1h,2026-05,-0.002188,-0.006313,-0.010816,0.00011033,9.234e-05,4.527e-05
ma_gap_10_40,1h,2026-06,0.01326,-0.000682,-0.005538,0.00080331,0.00035799,0.00020878
ma_gap_10_40,24h,2024-06,0.032384,0.032384,0.032384,0.00446712,0.00446712,0.00446712
ma_gap_10_40,24h,2024-07,-0.016845,0.00777,0.00777,-0.00044448,0.00201132,0.00201132
ma_gap_10_40,24h,2024-08,0.030997,0.015512,0.015512,0.00039695,0.0014732,0.0014732
ma_gap_10_40,24h,2024-09,-0.048259,-0.011369,-0.000431,-0.00209547,-0.00071433,0.00058103
ma_gap_10_40,24h,2024-10,-0.070467,-0.029243,-0.014438,-0.00549379,-0.00239744,-0.00063393
ma_gap_10_40,24h,2024-11,-0.008291,-0.042339,-0.013414,0.00323906,-0.00145007,1.157e-05
ma_gap_10_40,24h,2024-12,-0.038931,-0.03923,-0.025299,-0.00055137,-0.00093537,-0.00082485
ma_gap_10_40,24h,2025-01,0.043669,-0.001184,-0.015214,0.01035348,0.00434706,0.00097481
ma_gap_10_40,24h,2025-02,0.00681,0.003849,-0.019245,0.00434205,0.00471472,0.00163233
ma_gap_10_40,24h,2025-03,-0.027709,0.00759,-0.01582,-0.00374364,0.00365063,0.00135763
ma_gap_10_40,24h,2025-04,-0.045909,-0.022269,-0.011727,-0.0002287,0.00012324,0.00223515
ma_gap_10_40,24h,2025-05,-0.04051,-0.038043,-0.017097,-0.00339457,-0.00245564,0.00112954
ma_gap_10_40,24h,2025-06,-0.066084,-0.050834,-0.021622,-0.00413557,-0.00258628,0.00053218
ma_gap_10_40,24h,2025-07,-0.050419,-0.052338,-0.037303,-0.00106853,-0.00286622,-0.00137149
ma_gap_10_40,24h,2025-08,-0.045557,-0.05402,-0.046031,0.00375613,-0.00048266,-0.00146915
ma_gap_10_40,24h,2025-09,-0.033832,-0.043269,-0.047052,0.00820718,0.00363159,0.00052266
ma_gap_10_40,24h,2025-10,-0.039546,-0.039645,-0.045991,-0.00147711,0.0034954,0.00031459
ma_gap_10_40,24h,2025-11,-0.035818,-0.036399,-0.045209,-0.00377874,0.00098378,0.00025056
ma_gap_10_40,24h,2025-12,-0.034314,-0.03656,-0.039915,-0.00334458,-0.00286681,0.00038239
ma_gap_10_40,24h,2026-01,-0.015599,-0.028577,-0.034111,0.00481576,-0.00076919,0.00136311
ma_gap_10_40,24h,2026-02,-0.026075,-0.025329,-0.030864,0.00238816,0.00128645,0.00113511
ma_gap_10_40,24h,2026-03,-0.005631,-0.015768,-0.026164,0.00115515,0.00278636,-4.023e-05
ma_gap_10_40,24h,2026-04,-0.061145,-0.030951,-0.029764,0.00035533,0.00129955,0.00026518
ma_gap_10_40,24h,2026-05,0.008465,-0.019437,-0.022383,0.006169,0.00255983,0.00192314
ma_gap_10_40,24h,2026-06,0.034534,-0.006049,-0.010908,0.01321712,0.00658048,0.00468342
ma_gap_10_40,4h,2024-06,0.001985,0.001985,0.001985,0.00029304,0.00029304,0.00029304
ma_gap_10_40,4h,2024-07,-0.006385,-0.0022,-0.0022,0.00018818,0.00024061,0.00024061
ma_gap_10_40,4h,2024-08,-0.009609,-0.00467,-0.00467,-3.878e-05,0.00014748,0.00014748
ma_gap_10_40,4h,2024-09,-0.01502,-0.010338,-0.007257,0.00027316,0.00014085,0.0001789
ma_gap_10_40,4h,2024-10,-0.034923,-0.019851,-0.01279,-0.00051343,-9.302e-05,4.043e-05
ma_gap_10_40,4h,2024-11,-0.024687,-0.024876,-0.014773,-0.00033273,-0.000191,-2.176e-05
ma_gap_10_40,4h,2024-12,-0.030784,-0.030131,-0.020234,0.00022032,-0.00020861,-3.388e-05
ma_gap_10_40,4h,2025-01,-0.008212,-0.021227,-0.020539,0.00074886,0.00021215,5.957e-05
ma_gap_10_40,4h,2025-02,-0.00853,-0.015842,-0.020359,0.0011864,0.00071853,0.00026376
ma_gap_10_40,4h,2025-03,-0.021052,-0.012598,-0.021365,-0.00042978,0.00050183,0.00014661
ma_gap_10_40,4h,2025-04,-0.014529,-0.014704,-0.017966,0.0005124,0.00042301,0.00031758
ma_gap_10_40,4h,2025-05,-0.037556,-0.024379,-0.02011,-0.00058483,-0.0001674,0.00027556
ma_gap_10_40,4h,2025-06,-0.031884,-0.02799,-0.020294,-0.00051463,-0.00019569,0.00015307
ma_gap_10_40,4h,2025-07,-0.021136,-0.030192,-0.022448,0.00092702,-5.748e-05,0.00018276
ma_gap_10_40,4h,2025-08,-0.007662,-0.020227,-0.022303,0.00126848,0.00056029,0.00019644
ma_gap_10_40,4h,2025-09,-0.023063,-0.017287,-0.022639,0.0011101,0.00110187,0.00045309
ma_gap_10_40,4h,2025-10,-0.038454,-0.02306,-0.026626,-1.93e-05,0.00078643,0.00036447
ma_gap_10_40,4h,2025-11,-0.030059,-0.030526,-0.025377,-0.00028145,0.00026978,0.00041504
ma_gap_10_40,4h,2025-12,-0.03144,-0.033318,-0.025302,-0.00086806,-0.0003896,0.00035613
ma_gap_10_40,4h,2026-01,-0.02238,-0.027959,-0.02551,0.00075796,-0.00013052,0.00032795
ma_gap_10_40,4h,2026-02,-0.029458,-0.027759,-0.029142,-0.00023671,-0.0001156,7.709e-05
ma_gap_10_40,4h,2026-03,-0.009858,-0.020565,-0.026941,0.00014368,0.00022164,-8.398e-05
ma_gap_10_40,4h,2026-04,-0.037505,-0.025607,-0.026783,0.00037203,9.3e-05,-1.876e-05
ma_gap_10_40,4h,2026-05,-0.011066,-0.019476,-0.023618,0.00051102,0.00034224,0.00011332
ma_gap_10_40,4h,2026-06,0.025267,-0.007768,-0.014167,0.00337119,0.00141808,0.00081986
ma_gap_10_40,72h,2024-06,0.071456,0.071456,0.071456,0.01131214,0.01131214,0.01131214
ma_gap_10_40,72h,2024-07,-0.043676,0.01389,0.01389,-0.00916698,0.00107258,0.00107258
ma_gap_10_40,72h,2024-08,0.020679,0.016153,0.016153,0.00202685,0.00139067,0.00139067
ma_gap_10_40,72h,2024-09,-0.062157,-0.028385,-0.003424,-0.00451262,-0.00388425,-8.515e-05
ma_gap_10_40,72h,2024-10,-0.092806,-0.044761,-0.021301,-0.0114467,-0.00464416,-0.00235746
ma_gap_10_40,72h,2024-11,0.019589,-0.045124,-0.014486,0.01745181,0.0004975,0.00094408
ma_gap_10_40,72h,2024-12,-0.030908,-0.034708,-0.031547,-9.638e-05,0.00196958,-0.00095734
ma_gap_10_40,72h,2025-01,0.038457,0.009046,-0.017858,0.00734311,0.00823285,0.00179435
ma_gap_10_40,72h,2025-02,-0.048448,-0.013633,-0.029379,-0.00905158,-0.00060162,-5.206e-05
ma_gap_10_40,72h,2025-03,-0.005664,-0.005218,-0.019963,-0.00173371,-0.00114739,0.00041109
ma_gap_10_40,72h,2025-04,0.016636,-0.012492,-0.001723,0.0150641,0.00142627,0.00482956
ma_gap_10_40,72h,2025-05,-0.038582,-0.009203,-0.011418,-0.00021168,0.0043729,0.00188564
ma_gap_10_40,72h,2025-06,-0.096595,-0.039513,-0.022366,-0.01080053,0.00135063,0.00010162
ma_gap_10_40,72h,2025-07,-0.030889,-0.055355,-0.033923,0.00330142,-0.00257026,-0.000572
ma_gap_10_40,72h,2025-08,-0.030959,-0.052814,-0.031009,0.02857447,0.00702512,0.00569901
ma_gap_10_40,72h,2025-09,-0.014174,-0.025341,-0.032427,0.02729854,0.01972481,0.01053772
ma_gap_10_40,72h,2025-10,-0.011275,-0.018803,-0.037079,0.02389659,0.02658987,0.0120098
ma_gap_10_40,72h,2025-11,-0.008448,-0.011299,-0.032057,-0.00906602,0.01404304,0.01053408
ma_gap_10_40,72h,2025-12,-0.03377,-0.017831,-0.021586,-0.0033151,0.00383849,0.01178165
ma_gap_10_40,72h,2026-01,0.033203,-0.003005,-0.010904,0.01549867,0.00103918,0.01381453
ma_gap_10_40,72h,2026-02,-0.0013,-0.000622,-0.005961,0.00645944,0.00621434,0.01012869
ma_gap_10_40,72h,2026-03,-0.001577,0.010109,-0.003861,0.00569972,0.00921928,0.00652888
ma_gap_10_40,72h,2026-04,-0.040674,-0.014517,-0.008761,0.01646771,0.00954229,0.00529074
ma_gap_10_40,72h,2026-05,0.005486,-0.012255,-0.006439,0.01063163,0.01093302,0.00857368
ma_gap_10_40,72h,2026-06,-0.025151,-0.020113,-0.005002,0.00013479,0.00907804,0.00914866
ma_gap_20_80,1h,2024-06,0.010757,0.010757,0.010757,0.00026874,0.00026874,0.00026874
ma_gap_20_80,1h,2024-07,-0.004672,0.003042,0.003042,-9.571e-05,8.652e-05,8.652e-05
ma_gap_20_80,1h,2024-08,0.00228,0.002788,0.002788,4.789e-05,7.364e-05,7.364e-05
ma_gap_20_80,1h,2024-09,-0.018852,-0.007081,-0.002622,-0.00018803,-7.862e-05,8.22e-06
ma_gap_20_80,1h,2024-10,-0.017856,-0.011476,-0.005669,-8.617e-05,-7.544e-05,-1.066e-05
ma_gap_20_80,1h,2024-11,-0.007512,-0.01474,-0.005976,7.028e-05,-6.797e-05,2.83e-06
ma_gap_20_80,1h,2024-12,-0.009522,-0.01163,-0.009356,9.19e-06,-2.23e-06,-4.043e-05
ma_gap_20_80,1h,2025-01,0.010407,-0.002209,-0.006842,0.00048554,0.00018834,5.645e-05
ma_gap_20_80,1h,2025-02,-0.011691,-0.003602,-0.009171,4.715e-05,0.00018063,5.633e-05
ma_gap_20_80,1h,2025-03,-0.012824,-0.004702,-0.008166,-0.00034241,6.343e-05,3.06e-05
ma_gap_20_80,1h,2025-04,-0.005367,-0.009961,-0.006085,5.703e-05,-7.941e-05,5.446e-05
ma_gap_20_80,1h,2025-05,-0.010352,-0.009514,-0.006558,-4.141e-05,-0.00010893,3.585e-05
ma_gap_20_80,1h,2025-06,-0.015574,-0.010431,-0.007567,-0.00020151,-6.196e-05,7.3e-07
ma_gap_20_80,1h,2025-07,-0.017577,-0.014501,-0.012231,-5.392e-05,-9.895e-05,-8.918e-05
ma_gap_20_80,1h,2025-08,-0.015656,-0.016269,-0.012892,0.00022052,-1.164e-05,-6.028e-05
ma_gap_20_80,1h,2025-09,-0.011491,-0.014908,-0.01267,0.00029627,0.00015429,4.616e-05
ma_gap_20_80,1h,2025-10,-0.011599,-0.012915,-0.013708,-0.00013245,0.00012811,1.458e-05
ma_gap_20_80,1h,2025-11,-0.009376,-0.010822,-0.013546,-0.00016364,6e-08,-5.79e-06
ma_gap_20_80,1h,2025-12,-0.009506,-0.01016,-0.012534,-0.00018217,-0.00015942,-2.57e-06
ma_gap_20_80,1h,2026-01,-0.003617,-0.0075,-0.010208,0.00021191,-4.463e-05,4.174e-05
ma_gap_20_80,1h,2026-02,0.000422,-0.004234,-0.007528,6.036e-05,3.003e-05,1.505e-05
ma_gap_20_80,1h,2026-03,0.001865,-0.000443,-0.005302,3.471e-05,0.00010233,-2.855e-05
ma_gap_20_80,1h,2026-04,-0.008454,-0.002056,-0.004778,3.565e-05,4.357e-05,-5.3e-07
ma_gap_20_80,1h,2026-05,0.005535,-0.000351,-0.002292,0.00031993,0.0001301,8.006e-05
ma_gap_20_80,1h,2026-06,0.007046,0.001376,0.000466,0.00027204,0.00020921,0.00015577
ma_gap_20_80,24h,2024-06,0.051072,0.051072,0.051072,0.00772105,0.00772105,0.00772105
ma_gap_20_80,24h,2024-07,-0.036449,0.007311,0.007311,-0.0046895,0.00151578,0.00151578
ma_gap_20_80,24h,2024-08,0.034619,0.016414,0.016414,0.00146622,0.00149926,0.00149926
ma_gap_20_80,24h,2024-09,-0.065892,-0.022574,-0.004163,-0.00407296,-0.00243208,0.0001062
ma_gap_20_80,24h,2024-10,-0.072447,-0.034574,-0.01782,-0.00418353,-0.00226342,-0.00075174
ma_gap_20_80,24h,2024-11,0.009977,-0.042788,-0.013187,0.00759163,-0.00022162,0.00063882
ma_gap_20_80,24h,2024-12,-0.034278,-0.03225,-0.027412,0.00025399,0.0012207,-0.00060569
ma_gap_20_80,24h,2025-01,0.034991,0.003563,-0.015505,0.00692922,0.00492495,0.00133076
ma_gap_20_80,24h,2025-02,-0.040294,-0.013194,-0.027991,-0.00433803,0.00094839,0.00036339
ma_gap_20_80,24h,2025-03,-0.028814,-0.011372,-0.021811,-0.00674753,-0.00138545,-8.237e-05
ma_gap_20_80,24h,2025-04,-0.002607,-0.023905,-0.010171,0.00475192,-0.00211121,0.00140687
ma_gap_20_80,24h,2025-05,-0.031594,-0.021005,-0.017099,-0.00019861,-0.00073141,0.00010849
ma_gap_20_80,24h,2025-06,-0.102356,-0.045519,-0.028446,-0.00669228,-0.00071299,-0.00104922
ma_gap_20_80,24h,2025-07,-0.048586,-0.060845,-0.042375,-0.0007638,-0.00255156,-0.00233139
ma_gap_20_80,24h,2025-08,-0.080355,-0.077099,-0.049052,0.00356579,-0.00129676,-0.00101409
ma_gap_20_80,24h,2025-09,-0.027159,-0.052033,-0.048776,0.00776804,0.00352334,0.00140518
ma_gap_20_80,24h,2025-10,-0.024418,-0.043977,-0.052411,0.00348498,0.0049396,0.00119402
ma_gap_20_80,24h,2025-11,-0.007139,-0.019572,-0.048336,-0.00150636,0.00324889,0.00097606
ma_gap_20_80,24h,2025-12,-0.031214,-0.020924,-0.036479,-0.00469756,-0.00090631,0.00130852
ma_gap_20_80,24h,2026-01,0.008146,-0.010069,-0.027023,0.0064392,7.843e-05,0.00250901
ma_gap_20_80,24h,2026-02,0.007969,-0.005033,-0.012303,0.00663779,0.00279314,0.00302102
ma_gap_20_80,24h,2026-03,-0.003106,0.004336,-0.008294,0.00174752,0.0049415,0.0020176
ma_gap_20_80,24h,2026-04,-0.024322,-0.006486,-0.008278,0.00332369,0.003903,0.00199071
ma_gap_20_80,24h,2026-05,0.013456,-0.004657,-0.004845,0.0092349,0.0047687,0.00378092
ma_gap_20_80,24h,2026-06,-0.014409,-0.008425,-0.002044,-0.00308367,0.00315831,0.00404991
ma_gap_20_80,4h,2024-06,0.017657,0.017657,0.017657,0.00102961,0.00102961,0.00102961
ma_gap_20_80,4h,2024-07,-0.011188,0.003234,0.003234,-0.00038503,0.00032229,0.00032229
ma_gap_20_80,4h,2024-08,0.00156,0.002676,0.002676,0.00015271,0.00026576,0.00026576
ma_gap_20_80,4h,2024-09,-0.034416,-0.014681,-0.006597,-0.00079618,-0.00034283,2.8e-07
ma_gap_20_80,4h,2024-10,-0.03146,-0.021439,-0.011569,-0.00045894,-0.00036747,-9.157e-05
ma_gap_20_80,4h,2024-11,-0.007513,-0.024463,-0.010893,0.00041152,-0.0002812,-7.72e-06
ma_gap_20_80,4h,2024-12,-0.02231,-0.020428,-0.017555,6.292e-05,5.17e-06,-0.00016883
ma_gap_20_80,4h,2025-01,0.008917,-0.006969,-0.014204,0.00172562,0.00073335,0.00018294
ma_gap_20_80,4h,2025-02,-0.027066,-0.013486,-0.018975,0.00019205,0.0006602,0.0001895
ma_gap_20_80,4h,2025-03,-0.021627,-0.013259,-0.016843,-0.00115798,0.00025323,0.0001292
ma_gap_20_80,4h,2025-04,-0.011188,-0.01996,-0.013464,0.00038964,-0.0001921,0.00027063
ma_gap_20_80,4h,2025-05,-0.023102,-0.018639,-0.016063,-0.00024186,-0.00033673,0.00016173
ma_gap_20_80,4h,2025-06,-0.033197,-0.022495,-0.017877,-0.00070849,-0.0001869,3.316e-05
ma_gap_20_80,4h,2025-07,-0.03369,-0.029996,-0.024978,-0.00035742,-0.00043592,-0.00031401
ma_gap_20_80,4h,2025-08,-0.031356,-0.032748,-0.025693,0.00084472,-7.373e-05,-0.00020523
ma_gap_20_80,4h,2025-09,-0.020901,-0.028649,-0.025572,0.00105682,0.00051471,0.0001639
ma_gap_20_80,4h,2025-10,-0.025198,-0.025819,-0.027907,-0.00041105,0.00049683,3.045e-05
ma_gap_20_80,4h,2025-11,-0.015934,-0.020678,-0.026713,-0.00054663,3.305e-05,-2.034e-05
ma_gap_20_80,4h,2025-12,-0.021656,-0.02093,-0.024789,-0.00084513,-0.00060094,-4.312e-05
ma_gap_20_80,4h,2026-01,-0.009398,-0.015663,-0.020741,0.00095745,-0.00014477,0.00017603
ma_gap_20_80,4h,2026-02,-0.006068,-0.012374,-0.016526,0.0003865,0.00016627,9.966e-05
ma_gap_20_80,4h,2026-03,0.000146,-0.005107,-0.013018,7.945e-05,0.00047447,-6.324e-05
ma_gap_20_80,4h,2026-04,-0.023724,-0.009882,-0.012772,-6.026e-05,0.00013523,-4.77e-06
ma_gap_20_80,4h,2026-05,0.003357,-0.00674,-0.009557,0.0013037,0.00044096,0.00030362
ma_gap_20_80,4h,2026-06,0.012616,-0.002584,-0.003845,0.00085685,0.0007001,0.00058728
ma_gap_20_80,72h,2024-06,0.083696,0.083696,0.083696,0.01252921,0.01252921,0.01252921
ma_gap_20_80,72h,2024-07,-0.064808,0.009444,0.009444,-0.01344296,-0.00045687,-0.00045687
ma_gap_20_80,72h,2024-08,-0.001877,0.00567,0.00567,-0.00109182,-0.00066852,-0.00066852
ma_gap_20_80,72h,2024-09,-0.056109,-0.040932,-0.009775,-0.00467857,-0.00640445,-0.00167103
ma_gap_20_80,72h,2024-10,-0.107836,-0.055274,-0.029387,-0.01244286,-0.00607108,-0.0038254
ma_gap_20_80,72h,2024-11,0.030365,-0.044527,-0.019428,0.02023991,0.00103949,0.00018549
ma_gap_20_80,72h,2024-12,-0.007948,-0.028473,-0.034702,0.00292409,0.00357371,-0.00141537
ma_gap_20_80,72h,2025-01,0.056767,0.026395,-0.01444,0.00891261,0.0106922,0.00231056
ma_gap_20_80,72h,2025-02,-0.064271,-0.005151,-0.024839,-0.01764375,-0.00193568,-0.0004481
ma_gap_20_80,72h,2025-03,0.008884,0.00046,-0.014007,0.00238035,-0.00211693,0.00072839
ma_gap_20_80,72h,2025-04,0.046092,-0.003099,0.011648,0.02062892,0.00178851,0.00624035
ma_gap_20_80,72h,2025-05,-0.057962,-0.000996,-0.003073,-0.00456707,0.0061474,0.00210586
ma_gap_20_80,72h,2025-06,-0.081432,-0.031101,-0.01532,-0.00546171,0.00353338,0.00070822
ma_gap_20_80,72h,2025-07,-0.03901,-0.059468,-0.031283,0.00218466,-0.00261471,-0.0004131
ma_gap_20_80,72h,2025-08,-0.028716,-0.04972,-0.025358,0.03097595,0.00923297,0.00769018
ma_gap_20_80,72h,2025-09,-0.004082,-0.023936,-0.027518,0.02593698,0.0196992,0.01161629
ma_gap_20_80,72h,2025-10,0.006306,-0.008831,-0.034149,0.03246286,0.02979193,0.01358861
ma_gap_20_80,72h,2025-11,0.002021,0.001415,-0.024152,-0.00639284,0.01733567,0.01328432
ma_gap_20_80,72h,2025-12,-0.016469,-0.002714,-0.013325,-0.00386498,0.00740168,0.01355044
ma_gap_20_80,72h,2026-01,0.059527,0.015026,0.003098,0.02119564,0.00364594,0.01671894
ma_gap_20_80,72h,2026-02,0.022918,0.021992,0.011703,0.01408721,0.01047262,0.01390414
ma_gap_20_80,72h,2026-03,-0.011313,0.023711,0.010498,0.00849412,0.01459232,0.010997
ma_gap_20_80,72h,2026-04,-0.051629,-0.013341,0.000842,0.01216949,0.01158361,0.00761477
ma_gap_20_80,72h,2026-05,-0.003542,-0.022161,-8.5e-05,0.01276353,0.01114238,0.0108075
ma_gap_20_80,72h,2026-06,-0.085887,-0.047019,-0.011654,-0.0303719,-0.00181296,0.00638968
ma_gap_5_20,1h,2024-06,0.002953,0.002953,0.002953,0.00014701,0.00014701,0.00014701
ma_gap_5_20,1h,2024-07,-0.016925,-0.006986,-0.006986,-7.78e-06,6.961e-05,6.961e-05
ma_gap_5_20,1h,2024-08,-0.018437,-0.010803,-0.010803,-0.00010666,1.086e-05,1.086e-05
ma_gap_5_20,1h,2024-09,-0.012951,-0.016104,-0.01134,0.00023348,3.968e-05,6.651e-05
ma_gap_5_20,1h,2024-10,-0.025057,-0.018815,-0.014083,-7.039e-05,1.881e-05,3.913e-05
ma_gap_5_20,1h,2024-11,-0.01953,-0.019179,-0.014991,1.38e-05,5.896e-05,3.491e-05
ma_gap_5_20,1h,2024-12,-0.019566,-0.021384,-0.018744,7.697e-05,6.79e-06,2.324e-05
ma_gap_5_20,1h,2025-01,-0.004868,-0.014655,-0.016735,0.00010058,6.378e-05,4.13e-05
ma_gap_5_20,1h,2025-02,-0.003424,-0.009286,-0.014233,0.00029691,0.00015815,0.00010856
ma_gap_5_20,1h,2025-03,-0.013306,-0.007199,-0.014292,-0.00022355,5.798e-05,3.239e-05
ma_gap_5_20,1h,2025-04,-0.013672,-0.010134,-0.012394,9.35e-06,2.757e-05,4.568e-05
ma_gap_5_20,1h,2025-05,-0.009943,-0.012307,-0.010796,0.00013294,-2.709e-05,6.553e-05
ma_gap_5_20,1h,2025-06,-0.028591,-0.017402,-0.012301,-0.00028825,-4.865e-05,4.66e-06
ma_gap_5_20,1h,2025-07,-0.022132,-0.020222,-0.015178,0.00032998,5.822e-05,4.29e-05
ma_gap_5_20,1h,2025-08,-0.013238,-0.02132,-0.016813,0.00027683,0.00010619,3.955e-05
ma_gap_5_20,1h,2025-09,-0.018889,-0.018086,-0.017744,0.00026205,0.00028962,0.00012048
ma_gap_5_20,1h,2025-10,-0.026072,-0.0194,-0.019811,0.00035576,0.00029821,0.00017822
ma_gap_5_20,1h,2025-11,-0.021079,-0.022014,-0.021667,6.545e-05,0.00022775,0.00016697
ma_gap_5_20,1h,2025-12,-0.02649,-0.024547,-0.021317,-0.00013468,9.551e-05,0.00019257
ma_gap_5_20,1h,2026-01,-0.016847,-0.021472,-0.020436,0.00034056,9.044e-05,0.00019433
ma_gap_5_20,1h,2026-02,-0.015465,-0.019601,-0.020807,8.747e-05,9.778e-05,0.00016277
ma_gap_5_20,1h,2026-03,-0.013945,-0.015419,-0.019983,6.385e-05,0.00016396,0.00012973
ma_gap_5_20,1h,2026-04,-0.010888,-0.013433,-0.017452,0.00042326,0.00019153,0.00014099
ma_gap_5_20,1h,2026-05,-0.017725,-0.014186,-0.016893,-6.051e-05,0.0001422,0.00011999
ma_gap_5_20,1h,2026-06,-0.005598,-0.011404,-0.013411,0.00026976,0.00021084,0.0001874
ma_gap_5_20,24h,2024-06,0.010911,0.010911,0.010911,0.001998,0.001998,0.001998
ma_gap_5_20,24h,2024-07,-0.003436,0.003738,0.003738,0.00246905,0.00223353,0.00223353
ma_gap_5_20,24h,2024-08,0.004209,0.003895,0.003895,0.00033457,0.00160054,0.00160054
ma_gap_5_20,24h,2024-09,-0.017132,-0.005453,-0.001362,0.00100166,0.00126843,0.00145082
ma_gap_5_20,24h,2024-10,-0.048011,-0.020311,-0.010692,-0.00297348,-0.00054575,0.00056596
ma_gap_5_20,24h,2024-11,-0.025865,-0.030336,-0.013221,0.00181693,-5.163e-05,0.00077445
ma_gap_5_20,24h,2024-12,-0.040237,-0.038038,-0.021745,-0.00088561,-0.00068072,0.00029385
ma_gap_5_20,24h,2025-01,0.005349,-0.020251,-0.020281,0.00449033,0.00180722,0.00063073
ma_gap_5_20,24h,2025-02,-0.010081,-0.01499,-0.022663,0.00205216,0.00188563,0.000917
ma_gap_5_20,24h,2025-03,-0.008444,-0.004392,-0.021215,-0.0009484,0.0018647,0.00059199
ma_gap_5_20,24h,2025-04,-0.027003,-0.015176,-0.017713,0.00280713,0.00130363,0.00155542
ma_gap_5_20,24h,2025-05,-0.053756,-0.029734,-0.022362,-0.00183494,7.93e-06,0.00094678
ma_gap_5_20,24h,2025-06,-0.026308,-0.035689,-0.02004,-0.0012596,-9.58e-05,0.00088445
ma_gap_5_20,24h,2025-07,-0.029069,-0.036377,-0.025777,0.00227302,-0.00027384,0.0005149
ma_gap_5_20,24h,2025-08,-0.009927,-0.021768,-0.025751,0.00616083,0.00239142,0.00119967
ma_gap_5_20,24h,2025-09,-0.035157,-0.024717,-0.030203,0.00424506,0.0042263,0.00206525
ma_gap_5_20,24h,2025-10,-0.047338,-0.030807,-0.033592,-0.00118483,0.00307369,0.00139992
ma_gap_5_20,24h,2025-11,-0.032778,-0.038424,-0.030096,0.00087478,0.00131167,0.00185154
ma_gap_5_20,24h,2025-12,-0.048562,-0.042893,-0.033805,-0.00374593,-0.00135199,0.00143716
ma_gap_5_20,24h,2026-01,-0.029049,-0.036796,-0.033802,0.00404898,0.00039261,0.00173315
ma_gap_5_20,24h,2026-02,-0.053314,-0.043642,-0.041033,-0.0018739,-0.00052362,0.00039403
ma_gap_5_20,24h,2026-03,-0.025823,-0.036062,-0.039477,0.00127634,0.00115047,-0.00010076
ma_gap_5_20,24h,2026-04,-0.06897,-0.049369,-0.043083,0.00102037,0.00014094,0.00026677
ma_gap_5_20,24h,2026-05,-0.01762,-0.037471,-0.040556,0.00319808,0.0018316,0.00065399
ma_gap_5_20,24h,2026-06,0.034373,-0.017405,-0.026734,0.01535427,0.00652424,0.00383736
ma_gap_5_20,4h,2024-06,0.006659,0.006659,0.006659,0.00074469,0.00074469,0.00074469
ma_gap_5_20,4h,2024-07,-0.025628,-0.009485,-0.009485,2.419e-05,0.00038444,0.00038444
ma_gap_5_20,4h,2024-08,-0.025133,-0.014701,-0.014701,-0.00019691,0.00019066,0.00019066
ma_gap_5_20,4h,2024-09,-0.004002,-0.018254,-0.012026,0.00098946,0.00027225,0.00039036
ma_gap_5_20,4h,2024-10,-0.032161,-0.020432,-0.016053,-0.00014496,0.00021586,0.00028329
ma_gap_5_20,4h,2024-11,-0.021002,-0.019055,-0.016878,8.734e-05,0.00031061,0.00025063
ma_gap_5_20,4h,2024-12,-0.01986,-0.024341,-0.021298,0.00075305,0.00023181,0.00025203
ma_gap_5_20,4h,2025-01,-0.018452,-0.019772,-0.020102,0.00011944,0.00031994,0.0002679
ma_gap_5_20,4h,2025-02,-0.010472,-0.016262,-0.017658,0.00070868,0.00052706,0.00041883
ma_gap_5_20,4h,2025-03,-0.023424,-0.01745,-0.020895,-0.00080504,7.69e-06,0.00011975
ma_gap_5_20,4h,2025-04,-0.014914,-0.01627,-0.018021,0.00115233,0.00035199,0.00033597
ma_gap_5_20,4h,2025-05,-0.024492,-0.020943,-0.018603,0.00073166,0.00035965,0.00044335
ma_gap_5_20,4h,2025-06,-0.047188,-0.028865,-0.023157,-0.00109331,0.00026356,0.00013563
ma_gap_5_20,4h,2025-07,-0.022741,-0.031474,-0.023872,0.00128682,0.00030839,0.00033019
ma_gap_5_20,4h,2025-08,-0.007132,-0.025687,-0.023315,0.00148663,0.00056005,0.00045985
ma_gap_5_20,4h,2025-09,-0.020543,-0.016806,-0.022835,0.00108329,0.00128558,0.00077457
ma_gap_5_20,4h,2025-10,-0.042708,-0.023461,-0.027467,0.00089098,0.00115363,0.00073101
ma_gap_5_20,4h,2025-11,-0.035478,-0.03291,-0.029298,-0.00019967,0.00059153,0.00057579
ma_gap_5_20,4h,2025-12,-0.039629,-0.039272,-0.028039,-0.0006334,1.93e-05,0.00065244
ma_gap_5_20,4h,2026-01,-0.014661,-0.029923,-0.026692,0.00178975,0.00031889,0.00073626
ma_gap_5_20,4h,2026-02,-0.033857,-0.029383,-0.031146,-0.00019266,0.00032123,0.00045638
ma_gap_5_20,4h,2026-03,-0.027566,-0.025361,-0.032317,0.00017123,0.00058944,0.00030437
ma_gap_5_20,4h,2026-04,-0.027796,-0.02974,-0.029831,0.00131255,0.00043037,0.00037463
ma_gap_5_20,4h,2026-05,-0.033359,-0.029574,-0.029478,-0.00017264,0.00043705,0.00037914
ma_gap_5_20,4h,2026-06,-0.000823,-0.020659,-0.02301,0.00133466,0.00082486,0.00070715
ma_gap_5_20,72h,2024-06,0.051542,0.051542,0.051542,0.00773215,0.00773215,0.00773215
ma_gap_5_20,72h,2024-07,-0.023476,0.014033,0.014033,-0.00503187,0.00135014,0.00135014
ma_gap_5_20,72h,2024-08,0.021215,0.016427,0.016427,0.00261134,0.00177054,0.00177054
ma_gap_5_20,72h,2024-09,-0.038378,-0.013546,0.002726,-0.00127379,-0.00123144,0.00100946
ma_gap_5_20,72h,2024-10,-0.063978,-0.027047,-0.010615,-0.0077923,-0.00215158,-0.00075089
ma_gap_5_20,72h,2024-11,0.01475,-0.029202,-0.006387,0.01487263,0.00193551,0.00185303
ma_gap_5_20,72h,2024-12,-0.027733,-0.025653,-0.0196,-0.00056159,0.00217291,0.00047074
ma_gap_5_20,72h,2025-01,0.02317,0.003396,-0.011826,0.00536363,0.00655822,0.00220332
ma_gap_5_20,72h,2025-02,-0.03436,-0.012974,-0.021088,-0.00482899,-8.98e-06,0.00096326
ma_gap_5_20,72h,2025-03,-0.003953,-0.005048,-0.015351,-0.0038504,-0.00110525,0.00053383
ma_gap_5_20,72h,2025-04,0.005272,-0.011014,-0.003809,0.01245983,0.00126015,0.00390918
ma_gap_5_20,72h,2025-05,-0.02553,-0.00807,-0.010522,0.00348634,0.00403192,0.00201147
ma_gap_5_20,72h,2025-06,-0.065573,-0.02861,-0.016829,-0.00769738,0.0027496,0.00082217
ma_gap_5_20,72h,2025-07,-0.016669,-0.035924,-0.023469,0.00449484,9.46e-05,0.00067737
ma_gap_5_20,72h,2025-08,-0.029294,-0.037179,-0.022624,0.02464666,0.00714804,0.00558998
ma_gap_5_20,72h,2025-09,-0.007105,-0.017689,-0.02315,0.02289312,0.01734487,0.01004723
ma_gap_5_20,72h,2025-10,-0.020322,-0.018907,-0.027416,0.00770842,0.01841607,0.00925533
ma_gap_5_20,72h,2025-11,-0.002417,-0.009948,-0.023563,-0.00564407,0.00831916,0.0077336
ma_gap_5_20,72h,2025-12,-0.037181,-0.019973,-0.018831,-0.00604028,-0.00132531,0.00800978
ma_gap_5_20,72h,2026-01,0.012128,-0.009157,-0.014032,0.01188472,6.679e-05,0.00924143
ma_gap_5_20,72h,2026-02,-0.020683,-0.015245,-0.012597,0.00184218,0.00256221,0.00544068
ma_gap_5_20,72h,2026-03,-0.012215,-0.006923,-0.013448,0.00158542,0.00510411,0.0018894
ma_gap_5_20,72h,2026-04,-0.035659,-0.022853,-0.016005,0.01330912,0.00557891,0.00282285
ma_gap_5_20,72h,2026-05,0.004607,-0.014422,-0.014834,0.00930352,0.00806602,0.00531411
ma_gap_5_20,72h,2026-06,0.001701,-0.009784,-0.008353,0.00958696,0.0107332,0.00791865
mom_10h,1h,2024-06,-0.000797,-0.000797,-0.000797,0.00032113,0.00032113,0.00032113
mom_10h,1h,2024-07,-0.024145,-0.012471,-0.012471,-0.00010765,0.00010674,0.00010674
mom_10h,1h,2024-08,-0.035518,-0.020154,-0.020154,-0.00025998,-1.55e-05,-1.55e-05
mom_10h,1h,2024-09,-0.028813,-0.029492,-0.022318,2.197e-05,-0.00011522,-6.13e-06
mom_10h,1h,2024-10,-0.039962,-0.034764,-0.025847,-0.00018662,-0.00014154,-4.223e-05
mom_10h,1h,2024-11,-0.03153,-0.033435,-0.026794,-4.79e-05,-7.085e-05,-4.317e-05
mom_10h,1h,2024-12,-0.037372,-0.036288,-0.03289,-0.00014833,-0.00012762,-0.00012142
mom_10h,1h,2025-01,-0.013463,-0.027455,-0.03111,0.00013951,-1.891e-05,-8.022e-05
mom_10h,1h,2025-02,-0.014341,-0.021725,-0.02758,5.48e-05,1.533e-05,-2.776e-05
mom_10h,1h,2025-03,-0.018103,-0.015302,-0.025795,-8.223e-05,3.736e-05,-4.513e-05
mom_10h,1h,2025-04,-0.029707,-0.020717,-0.024086,-0.00040531,-0.00014425,-8.158e-05
mom_10h,1h,2025-05,-0.01248,-0.020097,-0.020911,0.00030511,-6.081e-05,-2.274e-05
mom_10h,1h,2025-06,-0.033801,-0.025329,-0.020316,-0.00025498,-0.00011839,-4.052e-05
mom_10h,1h,2025-07,-0.040305,-0.028862,-0.024789,0.00015433,6.815e-05,-3.805e-05
mom_10h,1h,2025-08,-0.03021,-0.034772,-0.027434,0.00012352,7.62e-06,-2.659e-05
mom_10h,1h,2025-09,-0.024928,-0.031814,-0.028572,0.00054014,0.00027266,7.714e-05
mom_10h,1h,2025-10,-0.033834,-0.029657,-0.02926,0.00022423,0.00029596,0.00018206
mom_10h,1h,2025-11,-0.035641,-0.031468,-0.03312,8.873e-05,0.00028437,0.000146
mom_10h,1h,2025-12,-0.036708,-0.035394,-0.033604,-1.39e-05,9.969e-05,0.00018617
mom_10h,1h,2026-01,-0.032651,-0.035,-0.032329,1.738e-05,3.074e-05,0.00016335
mom_10h,1h,2026-02,-0.024394,-0.031251,-0.031359,7.881e-05,2.743e-05,0.0001559
mom_10h,1h,2026-03,-0.025458,-0.027501,-0.031448,-6.833e-05,9.29e-06,5.449e-05
mom_10h,1h,2026-04,-0.019411,-0.023088,-0.029044,0.00014491,5.18e-05,4.127e-05
mom_10h,1h,2026-05,-0.0278,-0.024223,-0.027737,-7.863e-05,-6.8e-07,1.337e-05
mom_10h,1h,2026-06,-0.024509,-0.023907,-0.025704,0.00020669,9.099e-05,5.014e-05
mom_10h,24h,2024-06,0.002633,0.002633,0.002633,0.00155112,0.00155112,0.00155112
mom_10h,24h,2024-07,-0.012014,-0.004691,-0.004691,0.00184991,0.00170052,0.00170052
mom_10h,24h,2024-08,-0.00393,-0.004437,-0.004437,1.52e-06,0.00113418,0.00113418
mom_10h,24h,2024-09,-0.00903,-0.008325,-0.005586,0.00078588,0.0008791,0.00104711
mom_10h,24h,2024-10,-0.034895,-0.015952,-0.011447,-0.00125334,-0.00015531,0.00058702
mom_10h,24h,2024-11,-0.029812,-0.024579,-0.014508,0.00047052,1.02e-06,0.0005676
mom_10h,24h,2024-12,-0.040087,-0.034931,-0.021628,-0.00146092,-0.00074791,6.559e-05
mom_10h,24h,2025-01,-0.006177,-0.025358,-0.020655,0.00282688,0.00061216,0.00022842
mom_10h,24h,2025-02,-0.013869,-0.020044,-0.022311,0.00163364,0.00099987,0.00050044
mom_10h,24h,2025-03,-0.005504,-0.008517,-0.021724,-4.87e-05,0.00147061,0.00036135
mom_10h,24h,2025-04,-0.024014,-0.014462,-0.01991,0.00245385,0.00134626,0.00097921
mom_10h,24h,2025-05,-0.050022,-0.026514,-0.023279,-8.841e-05,0.00077225,0.00088606
mom_10h,24h,2025-06,-0.025847,-0.033295,-0.020906,-0.00056074,0.00060157,0.00103609
mom_10h,24h,2025-07,-0.025775,-0.033882,-0.024172,0.00291753,0.00075613,0.0010512
mom_10h,24h,2025-08,-0.007982,-0.019868,-0.023191,0.00675651,0.00303777,0.00190501
mom_10h,24h,2025-09,-0.029297,-0.021018,-0.027156,0.00437966,0.00468457,0.00264307
mom_10h,24h,2025-10,-0.05328,-0.030186,-0.032034,-0.00140789,0.00324276,0.00199944
mom_10h,24h,2025-11,-0.033848,-0.038808,-0.029338,0.00065999,0.00121059,0.00212418
mom_10h,24h,2025-12,-0.049634,-0.045587,-0.033303,-0.00339236,-0.00138009,0.00165224
mom_10h,24h,2026-01,-0.028171,-0.037218,-0.033702,0.00419701,0.00048821,0.00186549
mom_10h,24h,2026-02,-0.053277,-0.043694,-0.041251,-0.00278763,-0.00066099,0.0002748
mom_10h,24h,2026-03,-0.032995,-0.038148,-0.041868,0.00104046,0.00081661,-0.00028174
mom_10h,24h,2026-04,-0.063976,-0.050083,-0.04365,0.00094535,-0.00026727,0.00011047
mom_10h,24h,2026-05,-0.025071,-0.040681,-0.042188,0.00153754,0.00117445,0.00025673
mom_10h,24h,2026-06,0.021516,-0.022511,-0.030329,0.01419744,0.00556011,0.00318836
mom_10h,4h,2024-06,0.004598,0.004598,0.004598,0.00080213,0.00080213,0.00080213
mom_10h,4h,2024-07,-0.040304,-0.017853,-0.017853,-0.00062253,8.98e-05,8.98e-05
mom_10h,4h,2024-08,-0.032581,-0.022762,-0.022762,-0.00029926,-3.989e-05,-3.989e-05
mom_10h,4h,2024-09,-0.013205,-0.028697,-0.020373,0.00055727,-0.00012151,0.0001094
mom_10h,4h,2024-10,-0.040679,-0.028822,-0.024434,-0.00035594,-3.264e-05,1.633e-05
mom_10h,4h,2024-11,-0.029414,-0.027766,-0.025264,-0.00022853,-9.07e-06,-2.448e-05
mom_10h,4h,2024-12,-0.026108,-0.032067,-0.030382,0.00047481,-3.655e-05,-7.903e-05
mom_10h,4h,2025-01,-0.015342,-0.023621,-0.026222,0.00032383,0.00019004,7.87e-05
mom_10h,4h,2025-02,-0.001793,-0.014414,-0.02109,0.00128237,0.00069367,0.0003423
mom_10h,4h,2025-03,-0.019516,-0.012217,-0.022142,-8.185e-05,0.00050812,0.00023578
mom_10h,4h,2025-04,-0.029506,-0.016938,-0.02028,-0.00021324,0.00032909,0.00025956
mom_10h,4h,2025-05,-0.014617,-0.021213,-0.017814,0.00127326,0.00032606,0.00050986
mom_10h,4h,2025-06,-0.056618,-0.03358,-0.022899,-0.00136097,-0.00010032,0.0002039
mom_10h,4h,2025-07,-0.043148,-0.038128,-0.027533,0.00079452,0.0002356,0.00028235
mom_10h,4h,2025-08,-0.02508,-0.041615,-0.031414,0.00096432,0.00013262,0.00022934
mom_10h,4h,2025-09,-0.025664,-0.031297,-0.032439,0.0013265,0.00102845,0.00046406
mom_10h,4h,2025-10,-0.049381,-0.033375,-0.035751,0.00085564,0.00104882,0.00064221
mom_10h,4h,2025-11,-0.045587,-0.040211,-0.040913,-0.00028194,0.0006334,0.00038301
mom_10h,4h,2025-12,-0.048792,-0.04792,-0.039609,-0.000344,7.657e-05,0.00055251
mom_10h,4h,2026-01,-0.023427,-0.039269,-0.036322,0.0014281,0.00026739,0.0006581
mom_10h,4h,2026-02,-0.035464,-0.035894,-0.038053,0.00027344,0.00045251,0.00054296
mom_10h,4h,2026-03,-0.037183,-0.032024,-0.039972,-0.0001809,0.00050688,0.00029172
mom_10h,4h,2026-04,-0.028879,-0.033842,-0.036555,0.00105055,0.00038103,0.00032421
mom_10h,4h,2026-05,-0.039021,-0.035028,-0.035461,8.391e-05,0.00031785,0.00038518
mom_10h,4h,2026-06,-0.023819,-0.030573,-0.031299,0.0004884,0.00054095,0.00052392
mom_10h,72h,2024-06,0.040555,0.040555,0.040555,0.00730232,0.00730232,0.00730232
mom_10h,72h,2024-07,-0.023609,0.008473,0.008473,-0.00363917,0.00183157,0.00183157
mom_10h,72h,2024-08,0.014691,0.010546,0.010546,0.00145751,0.00170689,0.00170689
mom_10h,72h,2024-09,-0.028881,-0.0126,0.000689,-0.00124282,-0.00114149,0.00096946
mom_10h,72h,2024-10,-0.047314,-0.020501,-0.008912,-0.00548156,-0.00175562,-0.00032074
mom_10h,72h,2024-11,0.009621,-0.022191,-0.005823,0.00995692,0.00107751,0.0013922
mom_10h,72h,2024-12,-0.025087,-0.020927,-0.016763,-0.00165734,0.00093934,-0.00010108
mom_10h,72h,2025-01,0.017792,0.000775,-0.009863,0.00554259,0.00461406,0.00142922
mom_10h,72h,2025-02,-0.029728,-0.012341,-0.017266,-0.00288784,0.00033247,0.00070499
mom_10h,72h,2025-03,-0.005044,-0.00566,-0.013293,-0.00404951,-0.00046492,0.00023721
mom_10h,72h,2025-04,-0.001647,-0.01214,-0.005682,0.00990286,0.0009885,0.00280128
mom_10h,72h,2025-05,-0.022221,-0.009637,-0.010989,0.00494888,0.00360074,0.00196661
mom_10h,72h,2025-06,-0.057178,-0.027015,-0.016338,-0.00592573,0.00297534,0.00125521
mom_10h,72h,2025-07,-0.019477,-0.032958,-0.022549,0.0034568,0.00082665,0.00090758
mom_10h,72h,2025-08,-0.0313,-0.035985,-0.022811,0.02359262,0.00704123,0.00532099
mom_10h,72h,2025-09,-0.003739,-0.018172,-0.022594,0.02031159,0.015787,0.00938117
mom_10h,72h,2025-10,-0.021984,-0.019008,-0.025983,0.00666,0.01685474,0.00884069
mom_10h,72h,2025-11,-0.005658,-0.010461,-0.023223,-0.00486615,0.00736848,0.00720486
mom_10h,72h,2025-12,-0.035478,-0.02104,-0.019606,-0.0041394,-0.00078185,0.00750258
mom_10h,72h,2026-01,0.004832,-0.012102,-0.015555,0.00987474,0.00028973,0.00857223
mom_10h,72h,2026-02,-0.019828,-0.016825,-0.013643,0.00217257,0.00263597,0.00500222
mom_10h,72h,2026-03,-0.016107,-0.010368,-0.015704,-0.00012245,0.00397495,0.00159655
mom_10h,72h,2026-04,-0.032783,-0.022906,-0.017504,0.01102796,0.00435936,0.00232455
mom_10h,72h,2026-05,0.002228,-0.015554,-0.016189,0.00710668,0.00600406,0.00432002
mom_10h,72h,2026-06,0.00621,-0.008115,-0.009241,0.01064332,0.00959265,0.0067838
mom_120h,1h,2024-06,0.015027,0.015027,0.015027,0.00022714,0.00022714,0.00022714
mom_120h,1h,2024-07,-0.004966,0.005031,0.005031,7.13e-05,0.00014922,0.00014922
mom_120h,1h,2024-08,-0.011946,-0.000628,-0.000628,-6.468e-05,7.792e-05,7.792e-05
mom_120h,1h,2024-09,-0.021768,-0.012894,-0.005913,-9.51e-05,-2.949e-05,3.466e-05
mom_120h,1h,2024-10,-0.029134,-0.02095,-0.010558,-0.00010008,-8.662e-05,7.72e-06
mom_120h,1h,2024-11,-0.012784,-0.021229,-0.010929,0.00022381,9.54e-06,4.373e-05
mom_120h,1h,2024-12,-0.019984,-0.020634,-0.016764,3.043e-05,5.139e-05,1.095e-05
mom_120h,1h,2025-01,0.008643,-0.008042,-0.014496,0.00034098,0.00019841,5.589e-05
mom_120h,1h,2025-02,-0.009926,-0.007089,-0.014159,-5.353e-05,0.00010596,5.775e-05
mom_120h,1h,2025-03,-0.011372,-0.004218,-0.012426,1.518e-05,0.00010088,7.613e-05
mom_120h,1h,2025-04,-0.007282,-0.009527,-0.008784,7.836e-05,1.334e-05,0.00010587
mom_120h,1h,2025-05,-0.014631,-0.011095,-0.009092,8.567e-05,5.974e-05,8.285e-05
mom_120h,1h,2025-06,-0.018134,-0.013349,-0.008784,-0.00021672,-1.756e-05,4.166e-05
mom_120h,1h,2025-07,-0.023052,-0.018606,-0.014066,-0.00011433,-8.179e-05,-3.423e-05
mom_120h,1h,2025-08,-0.019619,-0.020268,-0.015682,0.000199,-4.402e-05,7.86e-06
mom_120h,1h,2025-09,-0.019026,-0.020566,-0.016957,0.00014359,7.609e-05,2.926e-05
mom_120h,1h,2025-10,-0.009305,-0.015983,-0.017295,0.00015104,0.00016454,4.137e-05
mom_120h,1h,2025-11,-0.015254,-0.014529,-0.017398,-4.415e-05,8.349e-05,1.974e-05
mom_120h,1h,2025-12,-0.012207,-0.012256,-0.016411,5.696e-05,5.462e-05,6.535e-05
mom_120h,1h,2026-01,-0.008929,-0.01213,-0.014057,0.00040344,0.00013875,0.00015165
mom_120h,1h,2026-02,-0.002573,-0.007903,-0.011216,8.6e-05,0.00018213,0.00013281
mom_120h,1h,2026-03,-0.006829,-0.00611,-0.009183,0.0001266,0.00020535,0.00012998
mom_120h,1h,2026-04,-0.015236,-0.008212,-0.010171,7.719e-05,9.66e-05,0.00011767
mom_120h,1h,2026-05,-0.008806,-0.01029,-0.009097,0.00022116,0.00014165,0.00016189
mom_120h,1h,2026-06,-0.015048,-0.01303,-0.00957,-0.00018822,3.671e-05,0.00012103
mom_120h,24h,2024-06,0.03955,0.03955,0.03955,0.00274207,0.00274207,0.00274207
mom_120h,24h,2024-07,-0.039236,0.000157,0.000157,-0.00108302,0.00082953,0.00082953
mom_120h,24h,2024-08,-0.019806,-0.006497,-0.006497,-0.00215934,-0.00016676,-0.00016676
mom_120h,24h,2024-09,-0.040299,-0.033113,-0.014947,0.00142677,-0.0006052,0.00023162
mom_120h,24h,2024-10,-0.073029,-0.044378,-0.026564,-0.00314952,-0.00129403,-0.00044461
mom_120h,24h,2024-11,0.001482,-0.037282,-0.021889,0.0060889,0.00145538,0.00064431
mom_120h,24h,2024-12,-0.018645,-0.030064,-0.031589,0.00249931,0.0018129,0.00060385
mom_120h,24h,2025-01,0.034301,0.005712,-0.019333,0.00545792,0.00468204,0.00169401
mom_120h,24h,2025-02,-0.022744,-0.002363,-0.019822,-0.00346233,0.0014983,0.00147684
mom_120h,24h,2025-03,-0.021821,-0.003421,-0.016743,-0.00134171,0.00021796,0.00101543
mom_120h,24h,2025-04,0.016703,-0.009287,-0.001788,0.00739943,0.00086513,0.00277359
mom_120h,24h,2025-05,-0.066884,-0.024001,-0.013182,-0.0031943,0.00095447,0.00122639
mom_120h,24h,2025-06,-0.035037,-0.028406,-0.015914,-0.00142025,0.00092829,0.00057313
mom_120h,24h,2025-07,-0.054181,-0.052034,-0.030661,-0.00045435,-0.00168963,-0.00041225
mom_120h,24h,2025-08,-0.057465,-0.048894,-0.036447,0.00597628,0.00136723,0.00116085
mom_120h,24h,2025-09,-0.045599,-0.052415,-0.04041,0.00269485,0.00273893,0.00183361
mom_120h,24h,2025-10,-0.026494,-0.043186,-0.04761,0.00253857,0.00373657,0.00102347
mom_120h,24h,2025-11,-0.015453,-0.029182,-0.039038,-0.00145377,0.00125988,0.00131356
mom_120h,24h,2025-12,0.001037,-0.013637,-0.033026,0.00204004,0.00104161,0.00189027
mom_120h,24h,2026-01,0.005033,-0.003128,-0.023157,0.00912321,0.00323649,0.00348653
mom_120h,24h,2026-02,0.006912,0.004328,-0.012427,0.0057414,0.00563488,0.00344738
mom_120h,24h,2026-03,-0.026537,-0.004864,-0.00925,0.00262575,0.00583012,0.00343587
mom_120h,24h,2026-04,-0.057836,-0.02582,-0.014474,0.00093446,0.00310054,0.00316852
mom_120h,24h,2026-05,-0.017112,-0.033828,-0.01475,0.00445399,0.0026714,0.00415314
mom_120h,24h,2026-06,-0.044193,-0.039714,-0.022289,-0.0086756,-0.00109572,0.0023672
mom_120h,4h,2024-06,0.018396,0.018396,0.018396,0.00083074,0.00083074,0.00083074
mom_120h,4h,2024-07,-0.013356,0.00252,0.00252,9.323e-05,0.00046198,0.00046198
mom_120h,4h,2024-08,-0.02355,-0.00617,-0.00617,-0.00050292,0.00014035,0.00014035
mom_120h,4h,2024-09,-0.032467,-0.023124,-0.012744,-8.96e-05,-0.00016643,8.286e-05
mom_120h,4h,2024-10,-0.046384,-0.034134,-0.019472,-0.00041588,-0.00033613,-1.689e-05
mom_120h,4h,2024-11,-0.013212,-0.030688,-0.018429,0.00099083,0.00016178,0.00015107
mom_120h,4h,2024-12,-0.023368,-0.027655,-0.02539,0.00046848,0.00034781,9.069e-05
mom_120h,4h,2025-01,0.004799,-0.010594,-0.022364,0.00097195,0.00081042,0.00023714
mom_120h,4h,2025-02,-0.022678,-0.013749,-0.022218,-0.00023495,0.00040183,0.00028181
mom_120h,4h,2025-03,-0.020326,-0.012735,-0.020195,-9.176e-05,0.00021508,0.00028145
mom_120h,4h,2025-04,-0.003961,-0.015655,-0.013124,0.00074271,0.00013867,0.00047454
mom_120h,4h,2025-05,-0.027869,-0.017386,-0.015567,0.00032621,0.00032572,0.00036377
mom_120h,4h,2025-06,-0.032131,-0.02132,-0.017028,-0.00077524,9.789e-05,0.00015649
mom_120h,4h,2025-07,-0.03532,-0.031773,-0.023714,-0.00030559,-0.00025154,-5.644e-05
mom_120h,4h,2025-08,-0.029101,-0.032184,-0.024785,0.00091376,-5.569e-05,0.00013502
mom_120h,4h,2025-09,-0.026956,-0.030459,-0.02589,0.00063156,0.00041324,0.00025557
mom_120h,4h,2025-10,-0.018129,-0.024729,-0.028251,0.00066404,0.00073645,0.00024246
mom_120h,4h,2025-11,-0.021345,-0.022143,-0.027164,-0.00014264,0.00038432,0.00016431
mom_120h,4h,2025-12,-0.020484,-0.019986,-0.025223,-5.751e-05,0.00015463,0.00028394
mom_120h,4h,2026-01,-0.009151,-0.016993,-0.020861,0.00162573,0.00047519,0.00060582
mom_120h,4h,2026-02,-0.00464,-0.011425,-0.016784,0.00056832,0.00071218,0.00054825
mom_120h,4h,2026-03,-0.013331,-0.009041,-0.014513,0.00038054,0.0008582,0.00050641
mom_120h,4h,2026-04,-0.029589,-0.015853,-0.016423,0.00029051,0.00041312,0.00044416
mom_120h,4h,2026-05,-0.015541,-0.019487,-0.015456,0.00093418,0.00053508,0.00062363
mom_120h,4h,2026-06,-0.019399,-0.02151,-0.015275,-0.00090121,0.00010783,0.00048301
mom_120h,72h,2024-06,0.076549,0.076549,0.076549,0.00479965,0.00479965,0.00479965
mom_120h,72h,2024-07,-0.068629,0.00396,0.00396,-0.00854696,-0.00187365,-0.00187365
mom_120h,72h,2024-08,-0.079506,-0.023862,-0.023862,-0.01191705,-0.00522145,-0.00522145
mom_120h,72h,2024-09,-0.03841,-0.062181,-0.027499,0.00388824,-0.00552526,-0.00294403
mom_120h,72h,2024-10,-0.059285,-0.059067,-0.033856,-0.00200034,-0.00334305,-0.00275529
mom_120h,72h,2024-11,0.029127,-0.022856,-0.023359,0.02094769,0.00761186,0.00119521
mom_120h,72h,2024-12,-0.025585,-0.018581,-0.040381,0.00285588,0.00726774,0.00087124
mom_120h,72h,2025-01,0.085143,0.029562,-0.014753,0.01542225,0.01307527,0.00486611
mom_120h,72h,2025-02,-0.020732,0.012942,-0.004957,-0.00605277,0.00407512,0.00584349
mom_120h,72h,2025-03,-0.021954,0.014152,-0.002214,-0.00422902,0.00171349,0.00449061
mom_120h,72h,2025-04,0.037253,-0.001811,0.013875,0.01095982,0.00022601,0.00665064
mom_120h,72h,2025-05,-0.100166,-0.028289,-0.007673,-0.01881599,-0.0040284,2.336e-05
mom_120h,72h,2025-06,0.011318,-0.017198,-0.001523,0.00590454,-0.00065054,0.00053147
mom_120h,72h,2025-07,-0.057724,-0.048857,-0.025334,-0.00509559,-0.00600235,-0.00288817
mom_120h,72h,2025-08,-0.060379,-0.035595,-0.031942,0.0229008,0.00790325,0.00193743
mom_120h,72h,2025-09,-0.015272,-0.044458,-0.030828,0.02452731,0.01411084,0.00673015
mom_120h,72h,2025-10,0.016959,-0.019564,-0.03421,0.03751827,0.02831546,0.01115656
mom_120h,72h,2025-11,-0.003574,-0.000629,-0.018112,-0.00653252,0.01850435,0.0132038
mom_120h,72h,2025-12,0.033953,0.01578,-0.014339,0.00790721,0.01296432,0.01353758
mom_120h,72h,2026-01,0.040262,0.023547,0.001992,0.02682374,0.00939948,0.01885747
mom_120h,72h,2026-02,0.029086,0.034434,0.016902,0.01468415,0.0164717,0.01748803
mom_120h,72h,2026-03,-0.034634,0.011571,0.013675,0.00729891,0.01626893,0.01461663
mom_120h,72h,2026-04,-0.077495,-0.027681,-0.002067,0.00674269,0.00957525,0.00948736
mom_120h,72h,2026-05,-0.031271,-0.0478,-0.006683,0.00727713,0.00710624,0.01178897
mom_120h,72h,2026-06,-0.071918,-0.060228,-0.024328,-0.02735903,-0.0044464,0.00591126
mom_20h,1h,2024-06,-0.003391,-0.003391,-0.003391,0.00011842,0.00011842,0.00011842
mom_20h,1h,2024-07,-0.016801,-0.010096,-0.010096,-4.327e-05,3.757e-05,3.757e-05
mom_20h,1h,2024-08,-0.025872,-0.015355,-0.015355,-0.00014699,-2.395e-05,-2.395e-05
mom_20h,1h,2024-09,-0.027978,-0.02355,-0.018511,0.00013783,-1.748e-05,1.65e-05
mom_20h,1h,2024-10,-0.03239,-0.028747,-0.021286,-0.00014744,-5.22e-05,-1.629e-05
mom_20h,1h,2024-11,-0.027288,-0.029219,-0.022287,0.00021876,6.972e-05,2.288e-05
mom_20h,1h,2024-12,-0.037701,-0.03246,-0.028005,-0.00018684,-3.851e-05,-2.799e-05
mom_20h,1h,2025-01,-0.018297,-0.027762,-0.028254,3.784e-05,2.325e-05,-1.447e-05
mom_20h,1h,2025-02,-0.017329,-0.024443,-0.026831,-6.073e-05,-6.991e-05,-1e-07
mom_20h,1h,2025-03,-0.020348,-0.018658,-0.025559,-0.00015422,-5.904e-05,-4.877e-05
mom_20h,1h,2025-04,-0.020125,-0.019268,-0.023515,3.005e-05,-6.163e-05,-1.919e-05
mom_20h,1h,2025-05,-0.022147,-0.020873,-0.022658,5.097e-05,-2.44e-05,-4.715e-05
mom_20h,1h,2025-06,-0.025076,-0.022449,-0.020554,-3.838e-05,1.421e-05,-2.241e-05
mom_20h,1h,2025-07,-0.024097,-0.023773,-0.02152,0.00038334,0.00013198,3.517e-05
mom_20h,1h,2025-08,-0.017531,-0.022235,-0.021554,0.00034916,0.00023137,0.00010349
mom_20h,1h,2025-09,-0.020716,-0.020781,-0.021615,0.00052587,0.00041946,0.00021683
mom_20h,1h,2025-10,-0.028787,-0.022345,-0.023059,0.00046876,0.00044793,0.00028995
mom_20h,1h,2025-11,-0.026234,-0.025245,-0.02374,0.00014245,0.00037903,0.0003052
mom_20h,1h,2025-12,-0.033618,-0.029546,-0.025164,-3.17e-06,0.00020268,0.00031107
mom_20h,1h,2026-01,-0.027934,-0.029262,-0.025803,0.0001442,9.449e-05,0.00027121
mom_20h,1h,2026-02,-0.021287,-0.027613,-0.026429,0.00012164,8.756e-05,0.00023329
mom_20h,1h,2026-03,-0.015271,-0.021498,-0.025522,0.00014915,0.00013833,0.0001705
mom_20h,1h,2026-04,-0.02125,-0.01927,-0.024266,0.00032739,0.00019939,0.00014694
mom_20h,1h,2026-05,-0.020322,-0.018948,-0.02328,-0.00015403,0.0001075,9.753e-05
mom_20h,1h,2026-06,-0.004354,-0.015309,-0.018403,0.00075704,0.00031013,0.00022423
mom_20h,24h,2024-06,0.01657,0.01657,0.01657,0.00318083,0.00318083,0.00318083
mom_20h,24h,2024-07,-0.006895,0.004837,0.004837,0.00217428,0.00267755,0.00267755
mom_20h,24h,2024-08,0.004045,0.004573,0.004573,0.00012908,0.00182806,0.00182806
mom_20h,24h,2024-09,-0.033362,-0.012071,-0.004911,-0.00075169,0.00051722,0.00118312
mom_20h,24h,2024-10,-0.059313,-0.029543,-0.015791,-0.00401319,-0.00154527,0.00014386
mom_20h,24h,2024-11,-0.030735,-0.041137,-0.018282,0.00090383,-0.00128702,0.00027052
mom_20h,24h,2024-12,-0.045447,-0.045165,-0.028618,-0.00059846,-0.00123594,-0.00035936
mom_20h,24h,2025-01,0.013178,-0.021001,-0.025272,0.0061545,0.00215329,0.00030401
mom_20h,24h,2025-02,-0.00167,-0.011313,-0.026225,0.00369198,0.00308267,0.00089783
mom_20h,24h,2025-03,-0.018939,-0.002477,-0.023821,-0.00124843,0.00286602,0.00081504
mom_20h,24h,2025-04,-0.036764,-0.019124,-0.020063,0.00134409,0.00126255,0.00170792
mom_20h,24h,2025-05,-0.053016,-0.036239,-0.023776,-0.00269265,-0.00086566,0.00110851
mom_20h,24h,2025-06,-0.036302,-0.042027,-0.022252,-0.00161241,-0.00098699,0.00093951
mom_20h,24h,2025-07,-0.039096,-0.042805,-0.030965,0.00229598,-0.00066969,0.00029643
mom_20h,24h,2025-08,-0.026692,-0.03403,-0.035135,0.005409,0.00203086,0.0005826
mom_20h,24h,2025-09,-0.036742,-0.034177,-0.038102,0.00755353,0.00508617,0.00204959
mom_20h,24h,2025-10,-0.045953,-0.036462,-0.039634,-0.00049384,0.00415623,0.00174327
mom_20h,24h,2025-11,-0.041005,-0.041233,-0.037632,-0.00086472,0.00206499,0.00204792
mom_20h,24h,2025-12,-0.05395,-0.046969,-0.040573,-0.00406352,-0.00180736,0.00163941
mom_20h,24h,2026-01,-0.034092,-0.043016,-0.039739,0.00295054,-0.00065923,0.0017485
mom_20h,24h,2026-02,-0.0518,-0.046614,-0.043924,-0.00160479,-0.00090592,0.00057953
mom_20h,24h,2026-03,-0.026367,-0.03742,-0.042194,0.00081265,0.00071947,-0.00054395
mom_20h,24h,2026-04,-0.077731,-0.051966,-0.047491,0.00029235,-0.0001666,-0.00041292
mom_20h,24h,2026-05,-0.014957,-0.039685,-0.04315,0.00393442,0.00167981,0.00038694
mom_20h,24h,2026-06,0.037125,-0.018521,-0.02797,0.0181947,0.00747382,0.00409665
mom_20h,4h,2024-06,-0.008764,-0.008764,-0.008764,0.00048484,0.00048484,0.00048484
mom_20h,4h,2024-07,-0.025812,-0.017288,-0.017288,-0.00011476,0.00018504,0.00018504
mom_20h,4h,2024-08,-0.033138,-0.022571,-0.022571,-0.00024077,4.31e-05,4.31e-05
mom_20h,4h,2024-09,-0.016226,-0.025059,-0.020985,0.00061662,8.703e-05,0.00018648
mom_20h,4h,2024-10,-0.040993,-0.030119,-0.024987,-0.00014576,7.67e-05,0.00012003
mom_20h,4h,2024-11,-0.028481,-0.028567,-0.025569,0.00034553,0.00027213,0.00015762
mom_20h,4h,2024-12,-0.041851,-0.037108,-0.031084,0.000119,0.00010626,9.664e-05
mom_20h,4h,2025-01,-0.030851,-0.033728,-0.031923,0.00010281,0.00018911,0.00013291
mom_20h,4h,2025-02,-0.024146,-0.032283,-0.030425,0.00047166,0.00023116,0.00025164
mom_20h,4h,2025-03,-0.034564,-0.029854,-0.033481,-0.0007664,-6.398e-05,2.114e-05
mom_20h,4h,2025-04,-0.013514,-0.024075,-0.028901,0.00120538,0.00030355,0.00024633
mom_20h,4h,2025-05,-0.037025,-0.028368,-0.030325,0.00040299,0.00028066,0.00025591
mom_20h,4h,2025-06,-0.035585,-0.028708,-0.029281,-0.00027291,0.00044515,0.00019059
mom_20h,4h,2025-07,-0.026213,-0.032941,-0.028508,0.00170902,0.00061303,0.00045829
mom_20h,4h,2025-08,-0.011381,-0.024393,-0.02638,0.00161682,0.00101764,0.00064915
mom_20h,4h,2025-09,-0.017685,-0.018426,-0.023567,0.00189598,0.00174061,0.00109288
mom_20h,4h,2025-10,-0.042585,-0.023884,-0.028412,0.00174336,0.00175205,0.00118254
mom_20h,4h,2025-11,-0.037242,-0.032504,-0.028448,0.00052,0.00138645,0.00120204
mom_20h,4h,2025-12,-0.050023,-0.043283,-0.030855,-0.00075181,0.00050385,0.00112223
mom_20h,4h,2026-01,-0.031718,-0.039661,-0.031772,0.00110344,0.00029054,0.0010213
mom_20h,4h,2026-02,-0.036791,-0.039511,-0.036007,4.65e-05,0.00013271,0.00075958
mom_20h,4h,2026-03,-0.032066,-0.033525,-0.038404,5.656e-05,0.00040217,0.00045301
mom_20h,4h,2026-04,-0.04056,-0.036472,-0.038067,0.00138618,0.00049641,0.00039348
mom_20h,4h,2026-05,-0.035905,-0.036177,-0.037844,-0.00046108,0.00032722,0.00022997
mom_20h,4h,2026-06,0.007245,-0.023073,-0.028299,0.00304718,0.00132409,0.00086313
mom_20h,72h,2024-06,0.056105,0.056105,0.056105,0.00940318,0.00940318,0.00940318
mom_20h,72h,2024-07,-0.029576,0.013264,0.013264,-0.00568338,0.0018599,0.0018599
mom_20h,72h,2024-08,0.014812,0.01378,0.01378,0.00127684,0.00166555,0.00166555
mom_20h,72h,2024-09,-0.049899,-0.021554,-0.00214,-0.00372986,-0.00271213,0.00031669
mom_20h,72h,2024-10,-0.080085,-0.038391,-0.017729,-0.01030095,-0.00425132,-0.00180683
mom_20h,72h,2024-11,0.01328,-0.038901,-0.012561,0.01563985,0.00053635,0.00110095
mom_20h,72h,2024-12,-0.037931,-0.034912,-0.028233,-0.00079033,0.00151619,-0.00059797
mom_20h,72h,2025-01,0.024072,-0.000193,-0.019292,0.00590938,0.00691963,0.00133416
mom_20h,72h,2025-02,-0.039376,-0.017745,-0.028323,-0.00600271,-0.00029455,0.0001209
mom_20h,72h,2025-03,-0.00668,-0.007328,-0.02112,-0.00293622,-0.00100985,0.00025317
mom_20h,72h,2025-04,0.005472,-0.013528,-0.006861,0.01242258,0.00116122,0.00404043
mom_20h,72h,2025-05,-0.032319,-0.011176,-0.01446,0.00158675,0.00369104,0.00169824
mom_20h,72h,2025-06,-0.082384,-0.03641,-0.021869,-0.00967354,0.00144526,0.00021771
mom_20h,72h,2025-07,-0.027077,-0.04726,-0.030394,0.00570227,-0.00079484,0.00018319
mom_20h,72h,2025-08,-0.036919,-0.048793,-0.029985,0.02470676,0.00691183,0.00530143
mom_20h,72h,2025-09,-0.01346,-0.025819,-0.031114,0.02662767,0.01901223,0.01022875
mom_20h,72h,2025-10,-0.022976,-0.024452,-0.035856,0.01649809,0.02261084,0.010908
mom_20h,72h,2025-11,-0.010342,-0.015593,-0.032193,-0.00748715,0.01187954,0.00939568
mom_20h,72h,2025-12,-0.043457,-0.025592,-0.025705,-0.00614018,0.00095692,0.00998458
mom_20h,72h,2026-01,0.011659,-0.014047,-0.019249,0.01299616,-0.00021039,0.01120023
mom_20h,72h,2026-02,-0.019662,-0.017153,-0.016373,0.00282274,0.00322624,0.00755289
mom_20h,72h,2026-03,-0.009282,-0.005762,-0.015677,0.00286019,0.00622636,0.00359164
mom_20h,72h,2026-04,-0.042899,-0.023948,-0.018997,0.01585258,0.0071785,0.00348406
mom_20h,72h,2026-05,-6.5e-05,-0.017415,-0.017284,0.00874969,0.00915415,0.0061902
mom_20h,72h,2026-06,-0.00737,-0.016778,-0.01127,0.0099777,0.01152666,0.00887651
mom_40h,1h,2024-06,0.004281,0.004281,0.004281,0.00014346,0.00014346,0.00014346
mom_40h,1h,2024-07,-0.010526,-0.003122,-0.003122,9.154e-05,0.0001175,0.0001175
mom_40h,1h,2024-08,-0.015169,-0.007138,-0.007138,-3.652e-05,6.616e-05,6.616e-05
mom_40h,1h,2024-09,-0.030243,-0.018646,-0.012914,-0.00010949,-1.816e-05,2.225e-05
mom_40h,1h,2024-10,-0.032787,-0.026066,-0.016889,-0.00025925,-0.00013509,-3.405e-05
mom_40h,1h,2024-11,-0.023836,-0.028955,-0.018046,6.945e-05,-9.976e-05,-1.68e-05
mom_40h,1h,2024-12,-0.027198,-0.02794,-0.023293,-5.613e-05,-8.198e-05,-5.007e-05
mom_40h,1h,2025-01,0.000378,-0.016885,-0.021476,0.00047643,0.00016325,1.408e-05
mom_40h,1h,2025-02,-0.002834,-0.009885,-0.01942,0.00042193,0.00028074,9.049e-05
mom_40h,1h,2025-03,-0.016716,-0.006391,-0.017165,-7.636e-05,0.000274,9.601e-05
mom_40h,1h,2025-04,-0.022335,-0.013961,-0.015423,-0.00020288,4.756e-05,0.00010541
mom_40h,1h,2025-05,-0.016146,-0.018399,-0.014142,-4.337e-05,-0.00010754,8.66e-05
mom_40h,1h,2025-06,-0.024748,-0.021076,-0.013733,-0.00023158,-0.00015928,5.736e-05
mom_40h,1h,2025-07,-0.027336,-0.022744,-0.018353,9.961e-05,-5.845e-05,-5.44e-06
mom_40h,1h,2025-08,-0.025014,-0.025699,-0.022049,0.00018218,1.674e-05,-4.54e-05
mom_40h,1h,2025-09,-0.022144,-0.024831,-0.022954,0.00040295,0.00022825,3.449e-05
mom_40h,1h,2025-10,-0.023179,-0.023446,-0.023095,0.00017286,0.00025266,9.711e-05
mom_40h,1h,2025-11,-0.025532,-0.023618,-0.024659,-0.00014704,0.00014292,7.983e-05
mom_40h,1h,2025-12,-0.026304,-0.025005,-0.024918,-0.00019917,-5.778e-05,8.523e-05
mom_40h,1h,2026-01,-0.01821,-0.023349,-0.023397,0.00024605,-3.339e-05,0.00010964
mom_40h,1h,2026-02,-0.01322,-0.019245,-0.021432,1.676e-05,2.121e-05,8.207e-05
mom_40h,1h,2026-03,-0.004515,-0.011982,-0.018493,0.00011893,0.00012725,3.473e-05
mom_40h,1h,2026-04,-0.019351,-0.012362,-0.017856,8.13e-05,7.233e-05,1.947e-05
mom_40h,1h,2026-05,-0.007459,-0.010442,-0.014843,0.0002083,0.00013618,7.869e-05
mom_40h,1h,2026-06,0.001961,-0.008283,-0.010132,0.00059212,0.00029391,0.00021058
mom_40h,24h,2024-06,0.038696,0.038696,0.038696,0.00593442,0.00593442,0.00593442
mom_40h,24h,2024-07,-0.036175,0.001261,0.001261,-0.00221087,0.00186177,0.00186177
mom_40h,24h,2024-08,0.029141,0.010554,0.010554,0.00037152,0.00136502,0.00136502
mom_40h,24h,2024-09,-0.056353,-0.021129,-0.006173,-0.00225412,-0.00136449,0.00046024
mom_40h,24h,2024-10,-0.064701,-0.030638,-0.017878,-0.00401679,-0.00196646,-0.00043517
mom_40h,24h,2024-11,0.005516,-0.038512,-0.013979,0.00724274,0.00032394,0.00084448
mom_40h,24h,2024-12,-0.039417,-0.032867,-0.026998,-0.00022191,0.00100135,-0.00018157
mom_40h,24h,2025-01,0.043606,0.003235,-0.013701,0.01037678,0.0057992,0.00191637
mom_40h,24h,2025-02,-0.01524,-0.003684,-0.021098,0.00142274,0.0038592,0.00209157
mom_40h,24h,2025-03,-0.029162,-0.000266,-0.016566,-0.00393145,0.00262269,0.00181202
mom_40h,24h,2025-04,-0.039327,-0.02791,-0.012337,0.00130125,-0.00040249,0.00269836
mom_40h,24h,2025-05,-0.046256,-0.038248,-0.020966,-0.00134376,-0.00132465,0.00126727
mom_40h,24h,2025-06,-0.093131,-0.059571,-0.029918,-0.00559698,-0.00187983,0.00037143
mom_40h,24h,2025-07,-0.056539,-0.065309,-0.046609,-0.00082947,-0.00259007,-0.00149628
mom_40h,24h,2025-08,-0.068238,-0.072636,-0.055442,0.0030488,-0.00112588,-0.00122527
mom_40h,24h,2025-09,-0.039177,-0.054652,-0.057111,0.00909642,0.00377192,0.00094604
mom_40h,24h,2025-10,-0.048991,-0.052136,-0.058722,-0.00080885,0.00377879,0.00059436
mom_40h,24h,2025-11,-0.040398,-0.042855,-0.057746,-0.00445092,0.00127888,7.65e-05
mom_40h,24h,2025-12,-0.043606,-0.044332,-0.049492,-0.00336556,-0.00287511,0.0004484
mom_40h,24h,2026-01,-0.01671,-0.033571,-0.042853,0.00574098,-0.00069183,0.00154348
mom_40h,24h,2026-02,-0.023324,-0.02788,-0.035368,0.00404928,0.00214157,0.00171022
mom_40h,24h,2026-03,-0.011486,-0.017173,-0.030753,0.00194765,0.00391264,0.00051876
mom_40h,24h,2026-04,-0.049113,-0.027974,-0.030773,0.00159134,0.00252942,0.00091879
mom_40h,24h,2026-05,0.006654,-0.017982,-0.022931,0.00809011,0.00387637,0.00300897
mom_40h,24h,2026-06,0.014563,-0.009299,-0.013236,0.00786593,0.00584913,0.00488088
mom_40h,4h,2024-06,0.010863,0.010863,0.010863,0.00078711,0.00078711,0.00078711
mom_40h,4h,2024-07,-0.020181,-0.004659,-0.004659,0.00020541,0.00049626,0.00049626
mom_40h,4h,2024-08,-0.020269,-0.009862,-0.009862,-0.00030437,0.00022938,0.00022938
mom_40h,4h,2024-09,-0.031222,-0.023891,-0.015202,-0.00019722,-9.873e-05,0.00012273
mom_40h,4h,2024-10,-0.047021,-0.032838,-0.021566,-0.00097552,-0.00049237,-9.692e-05
mom_40h,4h,2024-11,-0.023645,-0.033963,-0.021912,0.00025224,-0.00030683,-3.873e-05
mom_40h,4h,2024-12,-0.031236,-0.033967,-0.028929,0.0003288,-0.00013149,-0.00011511
mom_40h,4h,2025-01,0.003777,-0.017034,-0.024936,0.00174291,0.00077465,0.00014114
mom_40h,4h,2025-02,-0.002687,-0.010049,-0.022006,0.00178065,0.00128412,0.00048864
mom_40h,4h,2025-03,-0.026888,-0.008599,-0.021283,-0.0005806,0.00098099,0.00042475
mom_40h,4h,2025-04,-0.031413,-0.020329,-0.018682,-0.00016579,0.00034475,0.0005597
mom_40h,4h,2025-05,-0.023803,-0.027368,-0.018708,0.00023207,-0.00017144,0.00055634
mom_40h,4h,2025-06,-0.045442,-0.033553,-0.021076,-0.00103516,-0.00032296,0.00032901
mom_40h,4h,2025-07,-0.039893,-0.036379,-0.028354,0.00012755,-0.00022518,5.979e-05
mom_40h,4h,2025-08,-0.032788,-0.039374,-0.033371,0.00054253,-0.00012169,-0.00014657
mom_40h,4h,2025-09,-0.031155,-0.034612,-0.034082,0.00130358,0.00065789,0.00016746
mom_40h,4h,2025-10,-0.035484,-0.033142,-0.034761,0.00085621,0.00090077,0.0003378
mom_40h,4h,2025-11,-0.04022,-0.035619,-0.037497,-0.00100535,0.00038481,0.00013156
mom_40h,4h,2025-12,-0.042429,-0.039377,-0.036995,-0.00131624,-0.00048846,8.471e-05
mom_40h,4h,2026-01,-0.024816,-0.035821,-0.034482,0.00105243,-0.00042305,0.00023886
mom_40h,4h,2026-02,-0.021613,-0.029619,-0.032619,4.538e-05,-7.281e-05,0.000156
mom_40h,4h,2026-03,-0.010392,-0.01894,-0.029159,0.00031243,0.00047008,-9.19e-06
mom_40h,4h,2026-04,-0.040744,-0.02425,-0.030036,0.0001827,0.00018017,-0.00012144
mom_40h,4h,2026-05,-0.013918,-0.021685,-0.025652,0.00104717,0.0005141,0.00022064
mom_40h,4h,2026-06,0.011806,-0.014286,-0.016613,0.00258111,0.00127033,0.0008702
mom_40h,72h,2024-06,0.069138,0.069138,0.069138,0.01188115,0.01188115,0.01188115
mom_40h,72h,2024-07,-0.060647,0.004245,0.004245,-0.01147586,0.00020265,0.00020265
mom_40h,72h,2024-08,0.014441,0.007644,0.007644,0.00072907,0.00037812,0.00037812
mom_40h,72h,2024-09,-0.064201,-0.036802,-0.010317,-0.00533831,-0.0053617,-0.00105099
mom_40h,72h,2024-10,-0.099514,-0.049758,-0.028156,-0.01165223,-0.00542049,-0.00317124
mom_40h,72h,2024-11,0.022256,-0.047153,-0.019754,0.01864621,0.00055189,0.00046501
mom_40h,72h,2024-12,-0.024253,-0.033837,-0.03532,0.00086454,0.00261951,-0.0013711
mom_40h,72h,2025-01,0.037965,0.011989,-0.018884,0.0081951,0.00923528,0.0019074
mom_40h,72h,2025-02,-0.057616,-0.014635,-0.030894,-0.01300307,-0.00131448,-0.00038129
mom_40h,72h,2025-03,-0.008967,-0.009539,-0.021688,-0.0014457,-0.00208456,0.00026748
mom_40h,72h,2025-04,0.020971,-0.015204,-0.001607,0.01758567,0.00104563,0.00514046
mom_40h,72h,2025-05,-0.050791,-0.012929,-0.013782,-0.00015034,0.00532988,0.0020077
mom_40h,72h,2025-06,-0.115721,-0.048514,-0.029026,-0.01118134,0.00208466,5e-08
mom_40h,72h,2025-07,-0.044633,-0.070382,-0.042793,0.00373878,-0.00253097,-0.00074267
mom_40h,72h,2025-08,-0.042744,-0.0677,-0.040314,0.02901887,0.0071921,0.00626099
mom_40h,72h,2025-09,-0.015764,-0.034381,-0.041447,0.02870754,0.0204884,0.01128653
mom_40h,72h,2025-10,-0.014308,-0.024272,-0.047327,0.0256511,0.0277925,0.01263077
mom_40h,72h,2025-11,-0.01444,-0.014837,-0.041268,-0.00860549,0.01525105,0.01122158
mom_40h,72h,2025-12,-0.039531,-0.022759,-0.02857,-0.00463153,0.00413803,0.01231321
mom_40h,72h,2026-01,0.03799,-0.005327,-0.0148,0.01912804,0.00196367,0.01487809
mom_40h,72h,2026-02,0.002541,0.000333,-0.007252,0.00838216,0.00762622,0.01143864
mom_40h,72h,2026-03,-0.008525,0.010669,-0.006045,0.00881501,0.0121084,0.00812321
mom_40h,72h,2026-04,-0.047969,-0.017984,-0.011656,0.01545475,0.01088397,0.00642382
mom_40h,72h,2026-05,0.000594,-0.018633,-0.00915,0.01312896,0.01246624,0.01004623
mom_40h,72h,2026-06,-0.046485,-0.031287,-0.010309,-0.00967606,0.00630255,0.00920548
mom_5h,1h,2024-06,-0.010233,-0.010233,-0.010233,0.00014695,0.00014695,0.00014695
mom_5h,1h,2024-07,-0.0189,-0.014567,-0.014567,8.81e-05,0.00011752,0.00011752
mom_5h,1h,2024-08,-0.038062,-0.022399,-0.022399,-0.00019731,1.258e-05,1.258e-05
mom_5h,1h,2024-09,-0.039741,-0.032235,-0.026734,-0.00011112,-7.344e-05,-1.835e-05
mom_5h,1h,2024-10,-0.045763,-0.041189,-0.03054,-0.00030189,-0.00020344,-7.505e-05
mom_5h,1h,2024-11,-0.038606,-0.04137,-0.031884,7.012e-05,-0.0001143,-5.086e-05
mom_5h,1h,2024-12,-0.054418,-0.046262,-0.039248,-0.00042972,-0.0002205,-0.00014697
mom_5h,1h,2025-01,-0.009727,-0.03425,-0.037719,0.00027777,-2.728e-05,-0.00011536
mom_5h,1h,2025-02,-0.013813,-0.025986,-0.033678,0.00040864,8.556e-05,-1.437e-05
mom_5h,1h,2025-03,-0.031074,-0.018205,-0.032233,-0.00020451,0.00016063,-2.993e-05
mom_5h,1h,2025-04,-0.040984,-0.028624,-0.031437,-0.00062879,-0.00014155,-8.441e-05
mom_5h,1h,2025-05,-0.02134,-0.031133,-0.028559,0.00021321,-0.0002067,-6.057e-05
mom_5h,1h,2025-06,-0.029817,-0.030714,-0.024459,-0.00015888,-0.00019149,-1.543e-05
mom_5h,1h,2025-07,-0.042846,-0.031334,-0.029979,4.063e-05,3.165e-05,-5.495e-05
mom_5h,1h,2025-08,-0.046369,-0.039678,-0.035405,-8.576e-05,-6.8e-05,-0.00013735
mom_5h,1h,2025-09,-0.035048,-0.041421,-0.036068,0.00011783,2.423e-05,-8.363e-05
mom_5h,1h,2025-10,-0.035232,-0.038883,-0.035109,0.00017744,6.984e-05,5.074e-05
mom_5h,1h,2025-11,-0.033727,-0.034669,-0.037173,0.0001528,0.00014936,4.068e-05
mom_5h,1h,2025-12,-0.041289,-0.036749,-0.039085,-0.00013284,6.58e-05,4.502e-05
mom_5h,1h,2026-01,-0.037924,-0.037647,-0.038265,-0.00012946,-3.65e-05,1.667e-05
mom_5h,1h,2026-02,-0.021553,-0.033589,-0.034129,0.00039998,4.589e-05,9.763e-05
mom_5h,1h,2026-03,-0.021703,-0.02706,-0.031905,0.00030614,0.00019222,0.00012901
mom_5h,1h,2026-04,-0.026948,-0.023401,-0.030524,0.00010507,0.0002704,0.00011695
mom_5h,1h,2026-05,-0.03505,-0.027901,-0.030745,-0.0002703,4.697e-05,4.643e-05
mom_5h,1h,2026-06,-0.038685,-0.033561,-0.030311,-6.29e-05,-7.604e-05,5.809e-05
mom_5h,24h,2024-06,0.006642,0.006642,0.006642,0.00234513,0.00234513,0.00234513
mom_5h,24h,2024-07,-0.017609,-0.005483,-0.005483,0.0010957,0.00172041,0.00172041
mom_5h,24h,2024-08,-0.016487,-0.009151,-0.009151,-0.00069216,0.00091622,0.00091622
mom_5h,24h,2024-09,-0.00633,-0.013475,-0.008446,0.00063742,0.00034699,0.00084652
mom_5h,24h,2024-10,-0.023816,-0.015544,-0.01152,-0.00068441,-0.00024638,0.00054034
mom_5h,24h,2024-11,-0.023699,-0.017948,-0.01355,-0.00055321,-0.00020007,0.00035808
mom_5h,24h,2024-12,-0.03324,-0.026918,-0.020197,-0.00108081,-0.00077281,-0.00021291
mom_5h,24h,2025-01,-0.007461,-0.021467,-0.018505,0.00150126,-4.425e-05,-0.00014532
mom_5h,24h,2025-02,-0.011845,-0.017515,-0.017732,0.00165707,0.00069251,0.00024622
mom_5h,24h,2025-03,-0.006068,-0.008458,-0.017688,0.00015545,0.00110459,0.00016589
mom_5h,24h,2025-04,-0.016511,-0.011474,-0.016471,0.00255073,0.00145442,0.00070508
mom_5h,24h,2025-05,-0.03082,-0.017799,-0.017657,0.00178059,0.00149559,0.00109405
mom_5h,24h,2025-06,-0.018308,-0.021879,-0.015169,0.00022382,0.00151838,0.00131149
mom_5h,24h,2025-07,-0.021298,-0.023475,-0.017475,0.00208468,0.00136303,0.00140872
mom_5h,24h,2025-08,-0.004605,-0.014737,-0.016268,0.00612924,0.00281258,0.00215409
mom_5h,24h,2025-09,-0.017966,-0.014623,-0.018251,0.00361889,0.00394427,0.00273133
mom_5h,24h,2025-10,-0.035891,-0.019487,-0.021481,-0.00084046,0.00296922,0.00216613
mom_5h,24h,2025-11,-0.023794,-0.025884,-0.02031,0.00102033,0.00126625,0.00203942
mom_5h,24h,2025-12,-0.036439,-0.032042,-0.023332,-0.00143126,-0.00041713,0.00176357
mom_5h,24h,2026-01,-0.020841,-0.027025,-0.023256,0.00316837,0.00091915,0.00194419
mom_5h,24h,2026-02,-0.040927,-0.032736,-0.02931,-0.00105174,0.00022846,0.00074736
mom_5h,24h,2026-03,-0.033444,-0.031737,-0.031889,0.00012113,0.00074592,0.0001644
mom_5h,24h,2026-04,-0.049678,-0.04135,-0.034187,0.00094125,3.55e-06,0.00046135
mom_5h,24h,2026-05,-0.023871,-0.035664,-0.0342,0.00015887,0.00040708,0.00031777
mom_5h,24h,2026-06,0.005356,-0.022731,-0.027234,0.00987789,0.00365934,0.00220263
mom_5h,4h,2024-06,-0.002538,-0.002538,-0.002538,0.00068856,0.00068856,0.00068856
mom_5h,4h,2024-07,-0.031288,-0.016913,-0.016913,-0.00013877,0.00027489,0.00027489
mom_5h,4h,2024-08,-0.050481,-0.028102,-0.028102,-0.00101442,-0.00015488,-0.00015488
mom_5h,4h,2024-09,-0.02367,-0.035146,-0.026994,0.00013931,-0.00033796,-8.133e-05
mom_5h,4h,2024-10,-0.043381,-0.039177,-0.030272,-0.00068947,-0.00052153,-0.00020296
mom_5h,4h,2024-11,-0.027315,-0.031456,-0.029779,0.00025562,-9.818e-05,-0.00012653
mom_5h,4h,2024-12,-0.043375,-0.038024,-0.036585,-0.00045442,-0.00029609,-0.00031703
mom_5h,4h,2025-01,-0.004178,-0.024956,-0.032067,0.00067643,0.00015921,-0.00018116
mom_5h,4h,2025-02,-0.004122,-0.017225,-0.02434,0.00135515,0.00052572,0.00021377
mom_5h,4h,2025-03,-0.032039,-0.013446,-0.025735,-0.00048493,0.00051555,0.00010973
mom_5h,4h,2025-04,-0.042848,-0.026337,-0.025646,-0.00118478,-0.00010485,2.718e-05
mom_5h,4h,2025-05,-0.010933,-0.028607,-0.022916,0.00105386,-0.00020528,0.00016022
mom_5h,4h,2025-06,-0.041218,-0.031666,-0.022556,-0.00066612,-0.00026568,0.00012493
mom_5h,4h,2025-07,-0.04481,-0.03232,-0.029328,0.00077109,0.00038628,0.00014071
mom_5h,4h,2025-08,-0.04219,-0.042739,-0.035673,-5.994e-05,1.501e-05,-9.514e-05
mom_5h,4h,2025-09,-0.028279,-0.038426,-0.035046,0.00028064,0.0003306,3.246e-05
mom_5h,4h,2025-10,-0.037593,-0.036021,-0.03417,0.00135285,0.00052452,0.0004554
mom_5h,4h,2025-11,-0.033957,-0.033276,-0.038008,0.00103417,0.00088922,0.00045212
mom_5h,4h,2025-12,-0.047869,-0.039806,-0.039116,-0.00082405,0.00052099,0.00042579
mom_5h,4h,2026-01,-0.031678,-0.037835,-0.036928,0.00022595,0.00014536,0.00033494
mom_5h,4h,2026-02,-0.020366,-0.033304,-0.03329,0.00103825,0.00014672,0.00051797
mom_5h,4h,2026-03,-0.035865,-0.029303,-0.034555,0.00013258,0.00046559,0.00049329
mom_5h,4h,2026-04,-0.033566,-0.029932,-0.033883,0.00015334,0.00044139,0.00029337
mom_5h,4h,2026-05,-0.046707,-0.038713,-0.036008,-0.00061309,-0.00010906,1.883e-05
mom_5h,4h,2026-06,-0.040924,-0.040399,-0.034851,9.103e-05,-0.00012291,0.00017134
mom_5h,72h,2024-06,0.033142,0.033142,0.033142,0.00692326,0.00692326,0.00692326
mom_5h,72h,2024-07,-0.017866,0.007638,0.007638,-0.00292406,0.0019996,0.0019996
mom_5h,72h,2024-08,0.00198,0.005752,0.005752,0.00061463,0.00153794,0.00153794
mom_5h,72h,2024-09,-0.019417,-0.011767,-0.00054,-0.00041383,-0.00090775,0.00105
mom_5h,72h,2024-10,-0.026381,-0.014606,-0.005708,-0.00344602,-0.00108174,0.0001508
mom_5h,72h,2024-11,0.010682,-0.011705,-0.002977,0.00604326,0.0007278,0.00113287
mom_5h,72h,2024-12,-0.023125,-0.012941,-0.012354,-0.00157108,0.00034205,-0.00028285
mom_5h,72h,2025-01,0.017824,0.001794,-0.006406,0.00518866,0.00322028,0.00106927
mom_5h,72h,2025-02,-0.022245,-0.009182,-0.010444,-0.00216499,0.0004842,0.000606
mom_5h,72h,2025-03,-0.006256,-0.003559,-0.00825,-0.00283144,6.408e-05,0.00020307
mom_5h,72h,2025-04,-0.00836,-0.012287,-0.005247,0.00439456,-0.00020062,0.00150983
mom_5h,72h,2025-05,-0.014023,-0.009546,-0.009364,0.00553511,0.00236608,0.00142514
mom_5h,72h,2025-06,-0.042119,-0.021501,-0.01253,-0.00288157,0.00234937,0.00120672
mom_5h,72h,2025-07,-0.019324,-0.025155,-0.018721,0.00144447,0.001366,0.00058269
mom_5h,72h,2025-08,-0.028727,-0.030057,-0.019801,0.02046681,0.00634324,0.00435466
mom_5h,72h,2025-09,-0.000546,-0.016199,-0.01885,0.01632688,0.01274605,0.00754771
mom_5h,72h,2025-10,-0.014014,-0.014429,-0.019792,0.0037528,0.0135155,0.00744075
mom_5h,72h,2025-11,-0.004925,-0.006495,-0.018276,-0.00355699,0.00550756,0.0059254
mom_5h,72h,2025-12,-0.024776,-0.014572,-0.015385,-0.0037345,-0.00117956,0.00578324
mom_5h,72h,2026-01,0.002871,-0.008943,-0.011686,0.00745017,5.289e-05,0.00678419
mom_5h,72h,2026-02,-0.012009,-0.011305,-0.0089,0.00230405,0.00200657,0.00375707
mom_5h,72h,2026-03,-0.016325,-0.008488,-0.01153,-0.00087633,0.0029593,0.00088987
mom_5h,72h,2026-04,-0.024664,-0.017666,-0.013305,0.00836527,0.00326433,0.00165861
mom_5h,72h,2026-05,-0.001203,-0.014064,-0.012684,0.005659,0.00438265,0.00319461
mom_5h,72h,2026-06,0.005066,-0.006934,-0.007711,0.00569878,0.00657435,0.00476682
mom_72h,1h,2024-06,0.008726,0.008726,0.008726,0.00026988,0.00026988,0.00026988
mom_72h,1h,2024-07,-0.008932,-0.000103,-0.000103,-6.234e-05,0.00010377,0.00010377
mom_72h,1h,2024-08,-0.009065,-0.00309,-0.00309,-6.278e-05,4.825e-05,4.825e-05
mom_72h,1h,2024-09,-0.026444,-0.014814,-0.008929,-0.00017218,-9.91e-05,-6.85e-06
mom_72h,1h,2024-10,-0.029762,-0.021757,-0.013096,-0.00011356,-0.00011617,-2.82e-05
mom_72h,1h,2024-11,-0.020438,-0.025548,-0.014319,6.424e-05,-7.383e-05,-1.279e-05
mom_72h,1h,2024-12,-0.023193,-0.024464,-0.019639,-5.879e-05,-3.604e-05,-6.757e-05
mom_72h,1h,2025-01,0.000517,-0.014371,-0.018064,0.00031169,0.00010571,-5.23e-06
mom_72h,1h,2025-02,-0.019975,-0.014217,-0.019883,-0.00013145,4.048e-05,-1.667e-05
mom_72h,1h,2025-03,-0.020447,-0.013302,-0.018883,-0.00034753,-5.576e-05,-4.59e-05
mom_72h,1h,2025-04,-0.012826,-0.017749,-0.01606,4.05e-06,-0.00015831,-2.63e-05
mom_72h,1h,2025-05,-0.01545,-0.016241,-0.015229,-5.473e-05,-0.00013274,-4.613e-05
mom_72h,1h,2025-06,-0.025523,-0.017933,-0.015617,-0.00031681,-0.0001225,-8.913e-05
mom_72h,1h,2025-07,-0.028404,-0.023126,-0.020438,1e-05,-0.00012051,-0.00013941
mom_72h,1h,2025-08,-0.027461,-0.027129,-0.021685,0.00011675,-6.335e-05,-9.805e-05
mom_72h,1h,2025-09,-0.018178,-0.024681,-0.021307,0.00040178,0.00017618,2.684e-05
mom_72h,1h,2025-10,-0.022776,-0.022805,-0.022965,9.916e-05,0.0002059,4.269e-05
mom_72h,1h,2025-11,-0.014566,-0.018507,-0.022818,1.314e-05,0.00017136,5.4e-05
mom_72h,1h,2025-12,-0.020258,-0.0192,-0.021941,-0.00025464,-4.745e-05,6.437e-05
mom_72h,1h,2026-01,-0.011921,-0.015582,-0.019193,0.00027251,1.034e-05,0.00010812
mom_72h,1h,2026-02,-0.005088,-0.012423,-0.015465,0.00014238,5.342e-05,0.00011239
mom_72h,1h,2026-03,-0.006505,-0.007838,-0.013519,8.151e-05,0.00016547,5.901e-05
mom_72h,1h,2026-04,-0.015147,-0.008914,-0.012248,9.676e-05,0.00010688,5.861e-05
mom_72h,1h,2026-05,-0.00687,-0.009507,-0.010965,0.00022865,0.00013564,9.453e-05
mom_72h,1h,2026-06,-0.007789,-0.009935,-0.008887,0.000232,0.0001858,0.00017564
mom_72h,24h,2024-06,0.039473,0.039473,0.039473,0.00557371,0.00557371,0.00557371
mom_72h,24h,2024-07,-0.043223,-0.001875,-0.001875,-0.00383094,0.00087138,0.00087138
mom_72h,24h,2024-08,0.004414,0.000222,0.000222,-0.00142347,0.00010643,0.00010643
mom_72h,24h,2024-09,-0.073519,-0.037442,-0.018213,-0.00410361,-0.00311934,-0.00094608
mom_72h,24h,2024-10,-0.091876,-0.05366,-0.032946,-0.00522725,-0.00358478,-0.00180231
mom_72h,24h,2024-11,-0.018259,-0.061218,-0.030498,0.00443232,-0.00163285,-0.00076321
mom_72h,24h,2024-12,-0.043748,-0.051294,-0.044368,-0.00027404,-0.00035632,-0.00173783
mom_72h,24h,2025-01,0.009961,-0.017349,-0.035504,0.00363942,0.00259923,-0.00049277
mom_72h,24h,2025-02,-0.053588,-0.029125,-0.045171,-0.0052863,-0.00064031,-0.00113658
mom_72h,24h,2025-03,-0.023692,-0.02244,-0.036867,-0.00337061,-0.0016725,-0.00101441
mom_72h,24h,2025-04,0.014219,-0.02102,-0.019185,0.00910274,0.00014861,0.00137392
mom_72h,24h,2025-05,-0.040628,-0.0167,-0.022913,0.00146694,0.00239969,0.00087969
mom_72h,24h,2025-06,-0.102519,-0.042976,-0.032708,-0.00699031,0.00119312,-0.00023969
mom_72h,24h,2025-07,-0.048717,-0.063954,-0.042487,-0.0005104,-0.00201126,-0.00093132
mom_72h,24h,2025-08,-0.065478,-0.072238,-0.044469,0.00490634,-0.00086479,0.00076745
mom_72h,24h,2025-09,-0.036113,-0.050103,-0.046539,0.00736735,0.0039211,0.00255711
mom_72h,24h,2025-10,-0.035115,-0.045569,-0.054762,0.00551037,0.00592802,0.00195838
mom_72h,24h,2025-11,-0.009805,-0.027011,-0.049624,0.0003282,0.00440197,0.00176859
mom_72h,24h,2025-12,-0.04309,-0.029337,-0.03972,-0.00415208,0.00056216,0.00224163
mom_72h,24h,2026-01,0.003504,-0.016463,-0.031016,0.00715841,0.00111151,0.00351977
mom_72h,24h,2026-02,-0.010145,-0.016577,-0.021794,0.00367736,0.0022279,0.00331494
mom_72h,24h,2026-03,-0.014814,-0.007151,-0.018244,0.00363825,0.00482467,0.00269342
mom_72h,24h,2026-04,-0.046633,-0.023864,-0.020164,0.00262462,0.00331341,0.00221246
mom_72h,24h,2026-05,-0.007301,-0.022916,-0.019746,0.00661053,0.00429113,0.00325951
mom_72h,24h,2026-06,-0.027222,-0.027052,-0.017102,-0.00111175,0.0027078,0.00376624
mom_72h,4h,2024-06,0.012649,0.012649,0.012649,0.00099757,0.00099757,0.00099757
mom_72h,4h,2024-07,-0.024917,-0.006134,-0.006134,-0.00074314,0.00012721,0.00012721
mom_72h,4h,2024-08,-0.016163,-0.009477,-0.009477,-0.00052656,-9.071e-05,-9.071e-05
mom_72h,4h,2024-09,-0.039722,-0.026934,-0.017038,-0.00078499,-0.0006849,-0.00026428
mom_72h,4h,2024-10,-0.044038,-0.033308,-0.022438,-0.00069399,-0.00066851,-0.00035022
mom_72h,4h,2024-11,-0.020171,-0.034644,-0.02206,0.00023312,-0.00041529,-0.000253
mom_72h,4h,2024-12,-0.032694,-0.032301,-0.029618,0.00018618,-9.156e-05,-0.00038823
mom_72h,4h,2025-01,-0.006419,-0.019761,-0.026535,0.00098201,0.0004671,-0.00010071
mom_72h,4h,2025-02,-0.036676,-0.025263,-0.029953,-0.00042635,0.00024728,-8.4e-05
mom_72h,4h,2025-03,-0.031084,-0.024726,-0.028514,-0.00130762,-0.00025065,-0.00017111
mom_72h,4h,2025-04,-0.013023,-0.026928,-0.023345,0.00066051,-0.00035782,5.464e-05
mom_72h,4h,2025-05,-0.025489,-0.023199,-0.024231,0.00022999,-0.00013904,5.412e-05
mom_72h,4h,2025-06,-0.04697,-0.028494,-0.02661,-0.00118422,-9.791e-05,-0.00017428
mom_72h,4h,2025-07,-0.042237,-0.038232,-0.03258,-0.00021219,-0.00038881,-0.00037331
mom_72h,4h,2025-08,-0.044609,-0.044605,-0.033902,0.00049067,-0.00030191,-0.00022048
mom_72h,4h,2025-09,-0.026738,-0.037861,-0.033178,0.00123022,0.0005029,0.0002025
mom_72h,4h,2025-10,-0.036529,-0.035959,-0.037095,0.00040845,0.00070978,0.00016049
mom_72h,4h,2025-11,-0.017519,-0.026929,-0.035767,-6.357e-05,0.00052503,0.00011156
mom_72h,4h,2025-12,-0.034739,-0.029596,-0.033729,-0.00124909,-0.0003014,0.00010075
mom_72h,4h,2026-01,-0.015048,-0.022435,-0.029197,0.00113705,-5.854e-05,0.00032562
mom_72h,4h,2026-02,-0.009154,-0.019647,-0.023288,0.00057503,0.00015433,0.00033968
mom_72h,4h,2026-03,-0.013823,-0.012675,-0.021135,0.00039775,0.00070328,0.00020094
mom_72h,4h,2026-04,-0.029203,-0.017393,-0.019914,0.00056762,0.00051347,0.00022746
mom_72h,4h,2026-05,-0.013402,-0.018809,-0.019228,0.00088817,0.00061785,0.00038609
mom_72h,4h,2026-06,-0.003867,-0.01549,-0.014083,0.00072757,0.00072779,0.00071553
mom_72h,72h,2024-06,0.079608,0.079608,0.079608,0.01043843,0.01043843,0.01043843
mom_72h,72h,2024-07,-0.068257,0.005675,0.005675,-0.01248244,-0.001022,-0.001022
mom_72h,72h,2024-08,-0.026237,-0.004962,-0.004962,-0.00399136,-0.00201179,-0.00201179
mom_72h,72h,2024-09,-0.050151,-0.048215,-0.016259,-0.00237686,-0.00628355,-0.00210306
mom_72h,72h,2024-10,-0.112767,-0.063052,-0.035561,-0.01179615,-0.00605479,-0.00404168
mom_72h,72h,2024-11,0.018204,-0.048238,-0.0266,0.01700028,0.00094242,-0.00053468
mom_72h,72h,2024-12,-0.016378,-0.03698,-0.042597,0.00244141,0.00254851,-0.00186752
mom_72h,72h,2025-01,0.062001,0.021276,-0.020888,0.00881972,0.00942047,0.00168284
mom_72h,72h,2025-02,-0.062718,-0.005698,-0.026968,-0.01564748,-0.00146212,-0.00025985
mom_72h,72h,2025-03,0.010277,0.003187,-0.016897,0.00159809,-0.00174322,0.00040265
mom_72h,72h,2025-04,0.049472,-0.000989,0.010143,0.02360389,0.00318483,0.00630265
mom_72h,72h,2025-05,-0.067578,-0.00261,-0.004154,-0.00621421,0.00632926,0.00243357
mom_72h,72h,2025-06,-0.078346,-0.032151,-0.014482,-0.00577545,0.00387141,0.00106409
mom_72h,72h,2025-07,-0.04776,-0.064561,-0.032775,-0.00088899,-0.00429288,-0.00055402
mom_72h,72h,2025-08,-0.040942,-0.055683,-0.029146,0.02998909,0.00777488,0.00705207
mom_72h,72h,2025-09,-0.010939,-0.033214,-0.032682,0.0233209,0.01747367,0.01067254
mom_72h,72h,2025-10,-0.001942,-0.017941,-0.041251,0.03051636,0.02794212,0.01182462
mom_72h,72h,2025-11,-0.000551,-0.004477,-0.03008,-0.00791804,0.01530641,0.01154065
mom_72h,72h,2025-12,-0.01294,-0.005144,-0.019179,-3.636e-05,0.00752065,0.01249716
mom_72h,72h,2026-01,0.054845,0.013784,-0.002078,0.02593053,0.00599204,0.01696708
mom_72h,72h,2026-02,0.022267,0.021391,0.008457,0.01442003,0.01343807,0.01437224
mom_72h,72h,2026-03,-0.023778,0.017778,0.006317,0.00864898,0.01633318,0.01192692
mom_72h,72h,2026-04,-0.065888,-0.022466,-0.004341,0.00885893,0.01064265,0.00831735
mom_72h,72h,2026-05,-0.010499,-0.033388,-0.005999,0.01183133,0.00977975,0.01160891
mom_72h,72h,2026-06,-0.093451,-0.056613,-0.019417,-0.0299688,-0.00309285,0.00662017
mom_accel_20h,1h,2024-06,-0.014004,-0.014004,-0.014004,-3.661e-05,-3.661e-05,-3.661e-05
mom_accel_20h,1h,2024-07,-0.014971,-0.014487,-0.014487,3.344e-05,-1.58e-06,-1.58e-06
mom_accel_20h,1h,2024-08,-0.031265,-0.02008,-0.02008,-0.00012941,-4.419e-05,-4.419e-05
mom_accel_20h,1h,2024-09,-0.026272,-0.024169,-0.021628,6.029e-05,-1.189e-05,-1.807e-05
mom_accel_20h,1h,2024-10,-0.038211,-0.031916,-0.024945,-0.00027913,-0.00011608,-7.028e-05
mom_accel_20h,1h,2024-11,-0.01766,-0.027381,-0.023731,0.00021134,-2.5e-06,-2.335e-05
mom_accel_20h,1h,2024-12,-0.036833,-0.030901,-0.027535,-0.00018389,-8.389e-05,-4.789e-05
mom_accel_20h,1h,2025-01,-0.014458,-0.022984,-0.02745,9.437e-05,4.061e-05,-3.774e-05
mom_accel_20h,1h,2025-02,-0.019857,-0.023716,-0.025549,-9.867e-05,-6.273e-05,-3.261e-05
mom_accel_20h,1h,2025-03,-0.028189,-0.020835,-0.025868,-0.00030837,-0.00010422,-9.406e-05
mom_accel_20h,1h,2025-04,-0.030454,-0.026167,-0.024575,-0.00031776,-0.0002416,-0.0001005
mom_accel_20h,1h,2025-05,-0.01884,-0.025828,-0.024772,0.00031226,-0.00010462,-8.368e-05
mom_accel_20h,1h,2025-06,-0.029612,-0.026302,-0.023568,-0.00025906,-8.819e-05,-9.62e-05
mom_accel_20h,1h,2025-07,-0.027163,-0.025205,-0.025686,0.00022331,9.217e-05,-7.472e-05
mom_accel_20h,1h,2025-08,-0.033371,-0.030049,-0.027938,-0.00014165,-5.913e-05,-8.188e-05
mom_accel_20h,1h,2025-09,-0.027019,-0.029184,-0.027743,-0.00011089,-9.74e-06,-4.896e-05
mom_accel_20h,1h,2025-10,-0.021386,-0.027259,-0.026232,0.00041041,5.262e-05,7.24e-05
mom_accel_20h,1h,2025-11,-0.021553,-0.023319,-0.026684,5.576e-05,0.00011843,2.965e-05
mom_accel_20h,1h,2025-12,-0.026792,-0.023244,-0.026214,-6.081e-05,0.00013512,6.269e-05
mom_accel_20h,1h,2026-01,-0.023245,-0.023864,-0.025561,-1.12e-05,-5.42e-06,2.36e-05
mom_accel_20h,1h,2026-02,-0.00996,-0.019999,-0.021659,0.00043527,0.00012109,0.00011976
mom_accel_20h,1h,2026-03,-0.013693,-0.015633,-0.019438,0.00018435,0.00020281,0.00016896
mom_accel_20h,1h,2026-04,-0.014778,-0.012811,-0.018337,0.00032716,0.00031559,0.00015509
mom_accel_20h,1h,2026-05,-0.027846,-0.018772,-0.019386,-0.00019744,0.00010469,0.00011289
mom_accel_20h,1h,2026-06,-0.036489,-0.026371,-0.021002,-0.00020046,-2.358e-05,8.961e-05
mom_accel_20h,24h,2024-06,-0.024504,-0.024504,-0.024504,-0.00214237,-0.00214237,-0.00214237
mom_accel_20h,24h,2024-07,-0.007533,-0.016018,-0.016018,0.00129962,-0.00042138,-0.00042138
mom_accel_20h,24h,2024-08,-0.02586,-0.019299,-0.019299,-0.00105756,-0.00063344,-0.00063344
mom_accel_20h,24h,2024-09,0.001484,-0.010636,-0.014103,0.00026165,0.0001679,-0.00040967
mom_accel_20h,24h,2024-10,-0.001814,-0.00873,-0.011645,0.00158761,0.0002639,-1.021e-05
mom_accel_20h,24h,2024-11,-0.031891,-0.01074,-0.015019,-0.00197304,-4.126e-05,-0.00033735
mom_accel_20h,24h,2024-12,-0.024012,-0.019239,-0.014937,-0.00103323,-0.00047289,-0.00015249
mom_accel_20h,24h,2025-01,-0.038515,-0.031473,-0.020101,-0.00290557,-0.00197061,-0.00085336
mom_accel_20h,24h,2025-02,-0.03333,-0.031952,-0.021346,-0.00222607,-0.00205496,-0.00104811
mom_accel_20h,24h,2025-03,-0.008025,-0.026623,-0.022931,0.00138701,-0.00124821,-0.00086055
mom_accel_20h,24h,2025-04,0.004887,-0.012156,-0.021814,0.00302973,0.00073022,-0.00062019
mom_accel_20h,24h,2025-05,-0.031209,-0.011449,-0.021701,0.00156481,0.00199385,-3.055e-05
mom_accel_20h,24h,2025-06,0.013066,-0.004419,-0.015521,0.00231949,0.00230468,0.00052823
mom_accel_20h,24h,2025-07,-0.001677,-0.006607,-0.009381,0.00420255,0.00269562,0.00171292
mom_accel_20h,24h,2025-08,0.013035,0.008141,-0.001654,0.00504233,0.00385479,0.00292432
mom_accel_20h,24h,2025-09,-0.012985,-0.000542,-0.002481,-0.00056767,0.0028924,0.00259854
mom_accel_20h,24h,2025-10,-0.027162,-0.009037,-0.007822,-0.00014206,0.0014442,0.00206991
mom_accel_20h,24h,2025-11,-0.019177,-0.019775,-0.005817,0.00243579,0.00057535,0.00221507
mom_accel_20h,24h,2025-12,-0.029716,-0.025352,-0.012947,-5.138e-05,0.00074745,0.00181993
mom_accel_20h,24h,2026-01,-0.026479,-0.025124,-0.017081,-0.00049066,0.00063125,0.00103772
mom_accel_20h,24h,2026-02,-0.036582,-0.030926,-0.02535,-0.00256102,-0.00103435,-0.0002295
mom_accel_20h,24h,2026-03,-0.032962,-0.032008,-0.02868,0.00039999,-0.0008839,-6.822e-05
mom_accel_20h,24h,2026-04,-0.036623,-0.035389,-0.030256,0.00066139,-0.00049988,6.569e-05
mom_accel_20h,24h,2026-05,-0.035755,-0.035113,-0.033019,-0.00265319,-0.0005306,-0.00078248
mom_accel_20h,24h,2026-06,-0.003516,-0.025298,-0.028653,0.00574247,0.00125022,0.00018316
mom_accel_20h,4h,2024-06,-0.020469,-0.020469,-0.020469,-0.00020219,-0.00020219,-0.00020219
mom_accel_20h,4h,2024-07,-0.030315,-0.025392,-0.025392,-0.00039311,-0.00029765,-0.00029765
mom_accel_20h,4h,2024-08,-0.040557,-0.030447,-0.030447,-0.00067437,-0.00042322,-0.00042322
mom_accel_20h,4h,2024-09,-0.014198,-0.028357,-0.026385,0.00041073,-0.00021892,-0.00021474
mom_accel_20h,4h,2024-10,-0.033122,-0.029292,-0.027732,-0.0001944,-0.00015268,-0.00021067
mom_accel_20h,4h,2024-11,-0.013619,-0.020313,-0.02538,0.00076099,0.00032577,-4.873e-05
mom_accel_20h,4h,2024-12,-0.027014,-0.024585,-0.026471,-6.855e-05,0.00016601,-2.645e-05
mom_accel_20h,4h,2025-01,-0.018573,-0.019735,-0.024514,-0.00012387,0.00018952,1.842e-05
mom_accel_20h,4h,2025-02,-0.016165,-0.020584,-0.020448,-0.0002458,-0.00014607,8.985e-05
mom_accel_20h,4h,2025-03,-0.039771,-0.024837,-0.024711,-0.00130707,-0.00055891,-0.00019645
mom_accel_20h,4h,2025-04,-0.024331,-0.026756,-0.023246,-0.00023395,-0.00059561,-0.00020304
mom_accel_20h,4h,2025-05,-0.009189,-0.024431,-0.022507,0.00146829,-2.424e-05,-8.516e-05
mom_accel_20h,4h,2025-06,-0.040368,-0.024629,-0.024733,-0.00084547,0.00012962,-0.00021464
mom_accel_20h,4h,2025-07,-0.021506,-0.023688,-0.025222,0.00134774,0.00065685,3.062e-05
mom_accel_20h,4h,2025-08,-0.024252,-0.028709,-0.02657,-5.251e-05,0.00014992,6.284e-05
mom_accel_20h,4h,2025-09,-0.016844,-0.020868,-0.022748,0.00011714,0.00047079,0.00030021
mom_accel_20h,4h,2025-10,-0.014606,-0.018568,-0.021128,0.00289653,0.00098705,0.00082195
mom_accel_20h,4h,2025-11,-0.025536,-0.018995,-0.023852,0.00024915,0.00108761,0.00061876
mom_accel_20h,4h,2025-12,-0.032294,-0.024145,-0.022506,-0.00029957,0.0009487,0.00070975
mom_accel_20h,4h,2026-01,-0.017504,-0.025111,-0.021839,0.00033886,9.615e-05,0.0005416
mom_accel_20h,4h,2026-02,-0.004365,-0.018054,-0.018525,0.00137071,0.00047,0.0007788
mom_accel_20h,4h,2026-03,-0.030697,-0.017522,-0.020834,-0.00011649,0.00053103,0.00073987
mom_accel_20h,4h,2026-04,-0.018386,-0.017816,-0.021464,0.00062,0.00062474,0.00036044
mom_accel_20h,4h,2026-05,-0.043171,-0.030752,-0.024403,-0.00094002,-0.0001455,0.00016225
mom_accel_20h,4h,2026-06,-0.039135,-0.033564,-0.025543,-0.00016021,-0.00016008,0.00018548
mom_accel_20h,72h,2024-06,-0.005025,-0.005025,-0.005025,-5.488e-05,-5.488e-05,-5.488e-05
mom_accel_20h,72h,2024-07,-0.001607,-0.003316,-0.003316,0.00084776,0.00039644,0.00039644
mom_accel_20h,72h,2024-08,-0.006343,-0.004325,-0.004325,-0.00083408,-1.373e-05,-1.373e-05
mom_accel_20h,72h,2024-09,0.000552,-0.002466,-0.003106,0.00112109,0.00037826,0.00026997
mom_accel_20h,72h,2024-10,0.000276,-0.001838,-0.002429,0.0010297,0.0004389,0.00042192
mom_accel_20h,72h,2024-11,-0.008537,-0.00257,-0.003447,-0.00194052,7.009e-05,2.818e-05
mom_accel_20h,72h,2024-12,-0.017257,-0.008506,-0.005486,0.00030817,-0.00020088,8.869e-05
mom_accel_20h,72h,2025-01,-0.010647,-0.012147,-0.006993,-0.00101169,-0.00088135,-0.00022122
mom_accel_20h,72h,2025-02,-0.008642,-0.012182,-0.007376,0.00309407,0.00079685,0.00043347
mom_accel_20h,72h,2025-03,-0.012447,-0.010579,-0.009542,-0.00309254,-0.00033672,-0.0002688
mom_accel_20h,72h,2025-04,-0.014633,-0.011907,-0.012027,0.00037086,0.00012413,-0.00037861
mom_accel_20h,72h,2025-05,-0.006556,-0.011212,-0.011697,0.00476279,0.00068037,0.00073861
mom_accel_20h,72h,2025-06,-0.011211,-0.0108,-0.010689,0.0005158,0.00188315,0.00077322
mom_accel_20h,72h,2025-07,-0.005342,-0.007703,-0.009805,0.00382104,0.00303321,0.00157867
mom_accel_20h,72h,2025-08,-0.01621,-0.010921,-0.011066,0.011339,0.00522528,0.00295283
mom_accel_20h,72h,2025-09,-0.006926,-0.009492,-0.010146,0.00560114,0.00692039,0.00440177
mom_accel_20h,72h,2025-10,-0.021981,-0.015039,-0.011371,-0.00335437,0.00452859,0.0037809
mom_accel_20h,72h,2025-11,-0.009828,-0.012911,-0.011916,-0.00183497,0.00013727,0.00268127
mom_accel_20h,72h,2025-12,-0.020371,-0.017393,-0.013443,-0.00060081,-0.00193005,0.00249517
mom_accel_20h,72h,2026-01,-0.018444,-0.016214,-0.015626,0.00230654,-4.308e-05,0.00224275
mom_accel_20h,72h,2026-02,-0.013253,-0.017356,-0.015134,0.00133682,0.00101418,0.00057573
mom_accel_20h,72h,2026-03,-0.015601,-0.015766,-0.016579,-0.00014255,0.00116694,-0.00038156
mom_accel_20h,72h,2026-04,-0.018183,-0.015679,-0.015946,0.00051156,0.00056861,0.00026277
mom_accel_20h,72h,2026-05,-0.014298,-0.016027,-0.016692,-0.00027619,3.094e-05,0.00052256
mom_accel_20h,72h,2026-06,0.002854,-0.009876,-0.012821,0.00409144,0.00144227,0.0013046
price_pos_120h,1h,2024-06,0.011291,0.011291,0.011291,0.00027862,0.00027862,0.00027862
price_pos_120h,1h,2024-07,-0.006887,0.002202,0.002202,-0.00010872,8.495e-05,8.495e-05
price_pos_120h,1h,2024-08,-0.014268,-0.003288,-0.003288,-0.00013975,1.005e-05,1.005e-05
price_pos_120h,1h,2024-09,-0.015069,-0.012075,-0.006233,5.575e-05,-6.424e-05,2.147e-05
price_pos_120h,1h,2024-10,-0.030819,-0.020052,-0.01115,-0.0001899,-9.13e-05,-2.08e-05
price_pos_120h,1h,2024-11,-0.010567,-0.018818,-0.011053,0.00038555,8.38e-05,4.692e-05
price_pos_120h,1h,2024-12,-0.026709,-0.022699,-0.017387,-0.00012869,2.232e-05,-2.096e-05
price_pos_120h,1h,2025-01,0.005333,-0.010648,-0.01535,0.00037387,0.00021024,5.947e-05
price_pos_120h,1h,2025-02,-0.000981,-0.007453,-0.013135,0.00011782,0.000121,0.0001024
price_pos_120h,1h,2025-03,-0.012246,-0.002631,-0.012665,3.145e-05,0.00017438,9.835e-05
price_pos_120h,1h,2025-04,-0.009756,-0.007661,-0.009155,-0.00010782,1.382e-05,0.00011203
price_pos_120h,1h,2025-05,-0.019794,-0.013932,-0.010692,-8.33e-05,-5.322e-05,3.389e-05
price_pos_120h,1h,2025-06,-0.024559,-0.018036,-0.010334,-0.00030717,-0.0001661,4.14e-06
price_pos_120h,1h,2025-07,-0.015454,-0.019936,-0.013798,0.00018002,-7.015e-05,-2.817e-05
price_pos_120h,1h,2025-08,-0.01933,-0.019781,-0.016857,0.00019945,2.41e-05,-1.456e-05
price_pos_120h,1h,2025-09,-0.01353,-0.016105,-0.01707,0.00017581,0.00018509,9.5e-06
price_pos_120h,1h,2025-10,-0.014452,-0.015771,-0.017853,-0.00012821,8.235e-05,6.1e-06
price_pos_120h,1h,2025-11,-0.011653,-0.013211,-0.016496,0.00016665,7.142e-05,4.776e-05
price_pos_120h,1h,2025-12,-0.021285,-0.015797,-0.015951,-5.807e-05,-6.54e-06,8.928e-05
price_pos_120h,1h,2026-01,-0.01161,-0.014849,-0.01531,0.00042432,0.00017763,0.00012999
price_pos_120h,1h,2026-02,-0.006264,-0.013053,-0.013132,0.00023585,0.0002007,0.00013606
price_pos_120h,1h,2026-03,-0.008288,-0.008721,-0.012259,0.00014463,0.00026827,0.00013086
price_pos_120h,1h,2026-04,-0.012014,-0.008855,-0.011852,0.00032992,0.0002368,0.00020722
price_pos_120h,1h,2026-05,-0.009164,-0.009822,-0.011437,0.00018287,0.00021914,0.00020992
price_pos_120h,1h,2026-06,-0.01193,-0.011036,-0.009878,2.224e-05,0.00017834,0.0002233
price_pos_120h,24h,2024-06,0.046904,0.046904,0.046904,0.00560129,0.00560129,0.00560129
price_pos_120h,24h,2024-07,-0.032664,0.00712,0.00712,-0.00337023,0.00111553,0.00111553
price_pos_120h,24h,2024-08,0.011078,0.008439,0.008439,-0.00021396,0.00067237,0.00067237
price_pos_120h,24h,2024-09,-0.014563,-0.01205,0.002689,0.00091431,-0.00088996,0.00073285
price_pos_120h,24h,2024-10,-0.056164,-0.019883,-0.009082,-0.00375926,-0.00101964,-0.00016557
price_pos_120h,24h,2024-11,0.030511,-0.013405,-0.002483,0.00661713,0.00125739,0.00096488
price_pos_120h,24h,2024-12,-0.002457,-0.00937,-0.01071,0.00354567,0.00213451,0.00062228
price_pos_120h,24h,2025-01,0.043602,0.023885,0.002001,0.00849442,0.00621907,0.00259972
price_pos_120h,24h,2025-02,0.007488,0.016211,0.001403,0.00134253,0.00446087,0.00285913
price_pos_120h,24h,2025-03,-0.007296,0.014598,0.002614,-0.0008065,0.00301015,0.00257233
price_pos_120h,24h,2025-04,0.010962,0.003718,0.013802,0.0011393,0.00055844,0.00338876
price_pos_120h,24h,2025-05,-0.061875,-0.019403,-0.001596,-0.00746228,-0.00237649,0.00104219
price_pos_120h,24h,2025-06,-0.05586,-0.035591,-0.010496,-0.0033713,-0.00323143,-0.00011064
price_pos_120h,24h,2025-07,0.009319,-0.036139,-0.01621,0.00218182,-0.00288392,-0.00116274
price_pos_120h,24h,2025-08,-0.030655,-0.025732,-0.022567,0.00423425,0.00101492,-0.00068079
price_pos_120h,24h,2025-09,0.002807,-0.006176,-0.020884,0.00424019,0.00355209,0.00016033
price_pos_120h,24h,2025-10,-0.024496,-0.017448,-0.026793,-0.00507168,0.00113425,-0.00087483
price_pos_120h,24h,2025-11,0.004791,-0.005633,-0.015682,0.00392346,0.00103066,0.00102279
price_pos_120h,24h,2025-12,-0.02186,-0.013855,-0.010016,-0.00074191,-0.00063004,0.00146102
price_pos_120h,24h,2026-01,0.025111,0.002681,-0.007384,0.00897181,0.00405112,0.00259269
price_pos_120h,24h,2026-02,-0.015716,-0.004155,-0.004894,0.00210832,0.00344607,0.00223836
price_pos_120h,24h,2026-03,-0.018652,-0.003086,-0.00847,0.00172794,0.00426936,0.00181966
price_pos_120h,24h,2026-04,-0.029067,-0.021145,-0.009232,0.00769209,0.00384278,0.00394695
price_pos_120h,24h,2026-05,0.00903,-0.012896,-0.008526,0.00650553,0.00530852,0.0043773
price_pos_120h,24h,2026-06,-0.002077,-0.007371,-0.005228,0.00266968,0.00562243,0.0049459
price_pos_120h,4h,2024-06,0.016,0.016,0.016,0.00114235,0.00114235,0.00114235
price_pos_120h,4h,2024-07,-0.014439,0.00078,0.00078,-0.00060303,0.00026966,0.00026966
price_pos_120h,4h,2024-08,-0.021205,-0.006548,-0.006548,-0.00060337,-2.135e-05,-2.135e-05
price_pos_120h,4h,2024-09,-0.008514,-0.014719,-0.00704,0.00029575,-0.00030355,5.793e-05
price_pos_120h,4h,2024-10,-0.04601,-0.025243,-0.014834,-0.00086364,-0.00039042,-0.00012639
price_pos_120h,4h,2024-11,-0.001504,-0.018676,-0.012612,0.00100073,0.00014428,6.147e-05
price_pos_120h,4h,2024-12,-0.028694,-0.025403,-0.020061,-7.503e-05,2.069e-05,-0.00014143
price_pos_120h,4h,2025-01,0.011607,-0.006197,-0.01572,0.00138991,0.00077187,0.00019073
price_pos_120h,4h,2025-02,0.000386,-0.005567,-0.012122,0.00086789,0.00072759,0.00043593
price_pos_120h,4h,2025-03,-0.017499,-0.001836,-0.013619,-6.933e-05,0.00072949,0.00037509
price_pos_120h,4h,2025-04,-0.005065,-0.007393,-0.006795,-1.501e-05,0.00026118,0.00051653
price_pos_120h,4h,2025-05,-0.031567,-0.018044,-0.011806,-0.00036207,-0.0001488,0.00028939
price_pos_120h,4h,2025-06,-0.043682,-0.026772,-0.014304,-0.00126812,-0.0005484,9.054e-05
price_pos_120h,4h,2025-07,-0.014558,-0.029936,-0.018664,0.0006006,-0.0003432,-4.101e-05
price_pos_120h,4h,2025-08,-0.022625,-0.026955,-0.022499,0.00059706,-2.349e-05,-8.614e-05
price_pos_120h,4h,2025-09,-0.012763,-0.016649,-0.02171,0.00051929,0.00057232,1.196e-05
price_pos_120h,4h,2025-10,-0.020116,-0.018501,-0.024219,0.00012868,0.00041501,3.591e-05
price_pos_120h,4h,2025-11,-0.010775,-0.014552,-0.020753,0.00079926,0.00048241,0.00022946
price_pos_120h,4h,2025-12,-0.032088,-0.020993,-0.018821,-0.00045393,0.000158,0.00036516
price_pos_120h,4h,2026-01,-0.003145,-0.015336,-0.016919,0.00204513,0.00079682,0.00060591
price_pos_120h,4h,2026-02,-0.008502,-0.014578,-0.014565,0.00064671,0.00074597,0.00061419
price_pos_120h,4h,2026-03,-0.015541,-0.009063,-0.015028,0.00035518,0.00101567,0.00058684
price_pos_120h,4h,2026-04,-0.020528,-0.014857,-0.015097,0.0014911,0.000831,0.00081391
price_pos_120h,4h,2026-05,-0.011598,-0.015889,-0.015234,0.00094625,0.00093084,0.00083841
price_pos_120h,4h,2026-06,-0.006897,-0.013007,-0.011035,0.00039411,0.00094382,0.00097975
price_pos_120h,72h,2024-06,0.084363,0.084363,0.084363,0.00929316,0.00929316,0.00929316
price_pos_120h,72h,2024-07,-0.045283,0.01954,0.01954,-0.01141257,-0.00105971,-0.00105971
price_pos_120h,72h,2024-08,-0.027172,0.00397,0.00397,-0.00285659,-0.00165867,-0.00165867
price_pos_120h,72h,2024-09,-0.021444,-0.0313,-0.002384,0.00020583,-0.00468778,-0.00119254
price_pos_120h,72h,2024-10,-0.049053,-0.032557,-0.011718,-0.00541228,-0.00268768,-0.00203649
price_pos_120h,72h,2024-11,0.074791,0.001431,0.0027,0.02582714,0.00687356,0.00260745
price_pos_120h,72h,2024-12,0.020096,0.015278,-0.008011,0.00976718,0.01006068,0.00268645
price_pos_120h,72h,2025-01,0.095319,0.063402,0.015423,0.01930154,0.01829862,0.00780547
price_pos_120h,72h,2025-02,-0.011771,0.034548,0.01799,-0.00654864,0.00750669,0.00719013
price_pos_120h,72h,2025-03,0.002535,0.028695,0.021986,0.0005863,0.0044464,0.00725354
price_pos_120h,72h,2025-04,0.026237,0.005667,0.034535,0.00508112,-0.00029374,0.00900244
price_pos_120h,72h,2025-05,-0.076528,-0.015918,0.009315,-0.02257194,-0.00563484,0.00093593
price_pos_120h,72h,2025-06,-0.035476,-0.028589,5.3e-05,0.00124571,-0.00541504,-0.00048432
price_pos_120h,72h,2025-07,0.019306,-0.030899,-0.012616,0.00443713,-0.0056297,-0.00296172
price_pos_120h,72h,2025-08,-0.020578,-0.012249,-0.014084,0.03103497,0.01223927,0.00330222
price_pos_120h,72h,2025-09,0.008491,0.002406,-0.013091,0.01756299,0.01767836,0.00613166
price_pos_120h,72h,2025-10,-0.003775,-0.005287,-0.018093,-0.00070993,0.01596268,0.00516649
price_pos_120h,72h,2025-11,0.023357,0.009358,-0.001446,-0.00164844,0.00506821,0.00865374
price_pos_120h,72h,2025-12,0.004796,0.008126,0.005266,-0.00281828,-0.00172555,0.00797641
price_pos_120h,72h,2026-01,0.064105,0.030753,0.012733,0.01910544,0.00487957,0.01042112
price_pos_120h,72h,2026-02,0.0046,0.0245,0.016929,0.00560899,0.00729872,0.00618346
price_pos_120h,72h,2026-03,-0.013386,0.01844,0.013283,0.00812531,0.01094658,0.00461051
price_pos_120h,72h,2026-04,-0.026124,-0.011636,0.009558,0.0221314,0.01195523,0.0084174
price_pos_120h,72h,2026-05,0.016997,-0.007504,0.008498,0.01520771,0.01515481,0.01122676
price_pos_120h,72h,2026-06,-0.050648,-0.019925,-0.000743,-0.01480193,0.00751239,0.00922949
price_pos_24h,1h,2024-06,0.003192,0.003192,0.003192,0.00022431,0.00022431,0.00022431
price_pos_24h,1h,2024-07,-0.009734,-0.003271,-0.003271,5.63e-05,0.0001403,0.0001403
price_pos_24h,1h,2024-08,-0.023331,-0.009957,-0.009957,-0.00017033,3.676e-05,3.676e-05
price_pos_24h,1h,2024-09,-0.02327,-0.018778,-0.013285,-9.264e-05,-6.889e-05,4.41e-06
price_pos_24h,1h,2024-10,-0.029582,-0.025394,-0.016545,-0.00016142,-0.00014146,-2.876e-05
price_pos_24h,1h,2024-11,-0.018544,-0.023798,-0.016878,0.00023125,-7.6e-06,1.458e-05
price_pos_24h,1h,2024-12,-0.041444,-0.029856,-0.024317,-0.00031218,-8.078e-05,-7.484e-05
price_pos_24h,1h,2025-01,-0.009078,-0.023022,-0.024208,0.00012835,1.581e-05,-6.283e-05
price_pos_24h,1h,2025-02,-0.002122,-0.017548,-0.020673,0.00035978,5.865e-05,2.552e-05
price_pos_24h,1h,2025-03,-0.019588,-0.010263,-0.02006,-0.00023874,8.313e-05,1.17e-06
price_pos_24h,1h,2025-04,-0.019753,-0.013821,-0.018421,-0.00018605,-2.167e-05,-2.93e-06
price_pos_24h,1h,2025-05,-0.021382,-0.020241,-0.018894,8.813e-05,-0.00011222,-2.679e-05
price_pos_24h,1h,2025-06,-0.023242,-0.021459,-0.015861,-0.00014382,-8.058e-05,1.27e-06
price_pos_24h,1h,2025-07,-0.031703,-0.025442,-0.019632,1.167e-05,-1.467e-05,-1.817e-05
price_pos_24h,1h,2025-08,-0.022558,-0.025834,-0.023038,0.00014736,5.07e-06,-5.357e-05
price_pos_24h,1h,2025-09,-0.021379,-0.025213,-0.023336,0.00019026,0.00011643,1.793e-05
price_pos_24h,1h,2025-10,-0.024686,-0.022874,-0.024158,3.605e-05,0.00012456,5.494e-05
price_pos_24h,1h,2025-11,-0.018492,-0.021519,-0.023676,0.00038521,0.00020384,0.00010446
price_pos_24h,1h,2025-12,-0.033547,-0.025575,-0.025394,3.899e-05,0.00015342,0.00013492
price_pos_24h,1h,2026-01,-0.024925,-0.025655,-0.024264,0.00016122,0.00019514,0.00015985
price_pos_24h,1h,2026-02,-0.018165,-0.025546,-0.023532,0.00036623,0.00018881,0.00019633
price_pos_24h,1h,2026-03,-0.019078,-0.020723,-0.023149,0.00016423,0.00023056,0.00019199
price_pos_24h,1h,2026-04,-0.025778,-0.021007,-0.023331,0.00024668,0.00025905,0.00022709
price_pos_24h,1h,2026-05,-0.024409,-0.023088,-0.024317,-6.56e-05,0.0001151,0.00015196
price_pos_24h,1h,2026-06,-0.016976,-0.022388,-0.021555,0.00031025,0.00016378,0.00019717
price_pos_24h,24h,2024-06,0.027361,0.027361,0.027361,0.00311141,0.00311141,0.00311141
price_pos_24h,24h,2024-07,-0.009875,0.008743,0.008743,-0.000609,0.00125121,0.00125121
price_pos_24h,24h,2024-08,0.014042,0.010509,0.010509,0.00032544,0.00094262,0.00094262
price_pos_24h,24h,2024-09,-0.000869,0.001099,0.007665,0.00156707,0.00042784,0.00109873
price_pos_24h,24h,2024-10,-0.028699,-0.005175,0.000392,-0.00289161,-0.00033303,0.00030066
price_pos_24h,24h,2024-11,-0.011148,-0.013572,-0.001531,0.0017608,0.00014542,0.00054402
price_pos_24h,24h,2024-12,-0.025045,-0.021631,-0.010266,-0.00088804,-0.00067295,-0.00012256
price_pos_24h,24h,2025-01,0.030572,-0.001874,-0.003525,0.00724008,0.00270428,0.00118562
price_pos_24h,24h,2025-02,0.015739,0.007089,-0.003242,0.00493552,0.00376252,0.00195397
price_pos_24h,24h,2025-03,0.000271,0.015527,-0.003052,-0.00037849,0.00393237,0.00162971
price_pos_24h,24h,2025-04,-0.013595,0.000805,-0.000534,-0.0016095,0.00098251,0.00184339
price_pos_24h,24h,2025-05,-0.04223,-0.018518,-0.005715,-0.00279286,-0.00159362,0.00108445
price_pos_24h,24h,2025-06,-0.030222,-0.028682,-0.006578,-0.00214113,-0.00218116,0.0008756
price_pos_24h,24h,2025-07,0.000793,-0.023886,-0.011541,-5.268e-05,-0.00166222,-0.00033986
price_pos_24h,24h,2025-08,0.010105,-0.006441,-0.01248,0.00315935,0.00032185,-0.00063588
price_pos_24h,24h,2025-09,-0.001951,0.002982,-0.01285,0.00359625,0.00223431,2.657e-05
price_pos_24h,24h,2025-10,-0.023475,-0.005107,-0.014497,-0.0010332,0.00190747,0.00012262
price_pos_24h,24h,2025-11,-0.007996,-0.011141,-0.008791,0.00095293,0.00117199,0.00074692
price_pos_24h,24h,2025-12,-0.035113,-0.022195,-0.009606,-0.00400006,-0.00136011,0.0004371
price_pos_24h,24h,2026-01,-0.004803,-0.015971,-0.010539,0.00433359,0.00042882,0.00116814
price_pos_24h,24h,2026-02,-0.032831,-0.024249,-0.017695,0.00057507,0.00030287,0.00073743
price_pos_24h,24h,2026-03,-0.023424,-0.020353,-0.021274,0.00120204,0.0020369,0.0003384
price_pos_24h,24h,2026-04,-0.051843,-0.036033,-0.026002,0.00132131,0.00103281,0.00073081
price_pos_24h,24h,2026-05,-0.001348,-0.025538,-0.024894,0.00363773,0.00205369,0.00117828
price_pos_24h,24h,2026-06,0.037297,-0.005298,-0.012825,0.01636562,0.00710822,0.00457256
price_pos_24h,4h,2024-06,0.002679,0.002679,0.002679,0.00040943,0.00040943,0.00040943
price_pos_24h,4h,2024-07,-0.012274,-0.004797,-0.004797,2.534e-05,0.00021739,0.00021739
price_pos_24h,4h,2024-08,-0.033284,-0.014293,-0.014293,-0.0007819,-0.00011571,-0.00011571
price_pos_24h,4h,2024-09,-0.005343,-0.016967,-0.012055,0.00047471,-9.395e-05,3.19e-05
price_pos_24h,4h,2024-10,-0.032995,-0.023874,-0.016243,-0.0005545,-0.00028723,-8.538e-05
price_pos_24h,4h,2024-11,-0.014701,-0.01768,-0.015986,0.00040686,0.00010902,-3.34e-06
price_pos_24h,4h,2024-12,-0.039264,-0.028987,-0.022977,-0.00046517,-0.00020427,-0.00014911
price_pos_24h,4h,2025-01,0.000988,-0.017659,-0.020767,0.00088574,0.00027581,-5.71e-06
price_pos_24h,4h,2025-02,0.001578,-0.012233,-0.014956,0.00112705,0.00051587,0.00031245
price_pos_24h,4h,2025-03,-0.024764,-0.007399,-0.018193,-0.00089527,0.00037251,8.412e-05
price_pos_24h,4h,2025-04,-0.011516,-0.011567,-0.014613,0.00031123,0.000181,0.00022841
price_pos_24h,4h,2025-05,-0.022988,-0.019756,-0.015994,0.00053233,-1.724e-05,0.00024932
price_pos_24h,4h,2025-06,-0.036687,-0.02373,-0.015565,-0.00060066,8.097e-05,0.00022674
price_pos_24h,4h,2025-07,-0.025925,-0.028533,-0.02005,0.0002082,4.662e-05,0.00011381
price_pos_24h,4h,2025-08,-0.010005,-0.024206,-0.021981,0.00084513,0.00015089,6.683e-05
price_pos_24h,4h,2025-09,-0.015667,-0.017199,-0.020465,0.00055773,0.00053702,0.00030899
price_pos_24h,4h,2025-10,-0.030542,-0.018738,-0.023636,0.00074038,0.00071441,0.00038052
price_pos_24h,4h,2025-11,-0.013272,-0.019827,-0.022016,0.00089806,0.00073206,0.00044147
price_pos_24h,4h,2025-12,-0.044221,-0.029345,-0.023272,-0.00041344,0.00040833,0.00047268
price_pos_24h,4h,2026-01,-0.015261,-0.024251,-0.021495,0.00120426,0.00056296,0.00063869
price_pos_24h,4h,2026-02,-0.023089,-0.027524,-0.023675,0.0010215,0.00060411,0.00066808
price_pos_24h,4h,2026-03,-0.029363,-0.022571,-0.025958,0.00036582,0.00086386,0.0006361
price_pos_24h,4h,2026-04,-0.034871,-0.029108,-0.02668,0.00078687,0.00072473,0.00064384
price_pos_24h,4h,2026-05,-0.031676,-0.03197,-0.029747,-0.00025751,0.00029839,0.00045125
price_pos_24h,4h,2026-06,-0.003458,-0.023335,-0.022953,0.00140956,0.00064631,0.00075508
price_pos_24h,72h,2024-06,0.055644,0.055644,0.055644,0.00915148,0.00915148,0.00915148
price_pos_24h,72h,2024-07,-0.021143,0.017251,0.017251,-0.00715723,0.00099713,0.00099713
price_pos_24h,72h,2024-08,0.028087,0.020863,0.020863,0.00409058,0.00202828,0.00202828
price_pos_24h,72h,2024-09,-0.022364,-0.00514,0.010056,-0.00051548,-0.00119404,0.00139234
price_pos_24h,72h,2024-10,-0.044167,-0.012815,-0.000789,-0.00806522,-0.00149671,-0.00049917
price_pos_24h,72h,2024-11,0.040152,-0.008793,0.006035,0.01344086,0.00162005,0.00182417
price_pos_24h,72h,2024-12,-0.012125,-0.00538,-0.00526,0.00214042,0.00250535,0.00065566
price_pos_24h,72h,2025-01,0.054442,0.027489,0.007337,0.01391735,0.00983288,0.00416809
price_pos_24h,72h,2025-02,-0.004186,0.01271,0.001958,0.00150375,0.00585384,0.00373695
price_pos_24h,72h,2025-03,0.00515,0.018468,0.006544,-0.00238804,0.00434435,0.00342485
price_pos_24h,72h,2025-04,-0.00187,-0.000302,0.013594,-0.00349537,-0.00145989,0.0041865
price_pos_24h,72h,2025-05,-0.030333,-0.009018,0.001846,-0.00360154,-0.00316165,0.0013461
price_pos_24h,72h,2025-06,-0.039488,-0.023897,-0.002714,-0.00483978,-0.0039789,0.00018273
price_pos_24h,72h,2025-07,0.016491,-0.017777,-0.009039,0.00639155,-0.00068326,-0.00107157
price_pos_24h,72h,2025-08,-0.017121,-0.013373,-0.011195,0.01405489,0.00520222,0.00102028
price_pos_24h,72h,2025-09,0.016853,0.005407,-0.009245,0.01824295,0.01289646,0.00445878
price_pos_24h,72h,2025-10,-0.006905,-0.002391,-0.010084,0.00238453,0.01156079,0.00543877
price_pos_24h,72h,2025-11,0.024898,0.011615,-0.000879,0.00120153,0.00727634,0.00623928
price_pos_24h,72h,2025-12,-0.022323,-0.001444,0.001982,-0.01212475,-0.00284623,0.00502512
price_pos_24h,72h,2026-01,0.026777,0.009784,0.003696,0.0126719,0.00058289,0.00607184
price_pos_24h,72h,2026-02,-0.010047,-0.001864,0.004875,0.00318728,0.00124481,0.00426057
price_pos_24h,72h,2026-03,-0.009231,0.0025,0.000528,-0.00014707,0.00523737,0.00119557
price_pos_24h,72h,2026-04,-0.008258,-0.009178,0.000303,0.02080175,0.00794732,0.00426511
price_pos_24h,72h,2026-05,0.0175,4e-06,-0.00093,0.00962395,0.01009288,0.00566884
price_pos_24h,72h,2026-06,0.006062,0.005101,0.003801,0.01339494,0.01460688,0.00992213
price_pos_72h,1h,2024-06,0.009826,0.009826,0.009826,0.0002895,0.0002895,0.0002895
price_pos_72h,1h,2024-07,-0.01012,-0.000147,-0.000147,-0.00010912,9.019e-05,9.019e-05
price_pos_72h,1h,2024-08,-0.01649,-0.005595,-0.005595,-0.00018472,-1.45e-06,-1.45e-06
price_pos_72h,1h,2024-09,-0.018435,-0.015015,-0.008805,2.067e-05,-9.106e-05,4.08e-06
price_pos_72h,1h,2024-10,-0.030201,-0.021709,-0.013084,-0.0002282,-0.00013075,-4.237e-05
price_pos_72h,1h,2024-11,-0.013017,-0.020551,-0.013073,0.00035516,4.921e-05,2.388e-05
price_pos_72h,1h,2024-12,-0.031446,-0.024888,-0.019952,-0.00026576,-4.627e-05,-6.866e-05
price_pos_72h,1h,2025-01,0.002245,-0.014072,-0.017891,0.00043925,0.00017622,2.273e-05
price_pos_72h,1h,2025-02,-0.00329,-0.01083,-0.015691,0.00033008,0.00016786,0.00010853
price_pos_72h,1h,2025-03,-0.014614,-0.00522,-0.015054,-0.00013584,0.00021116,8.245e-05
price_pos_72h,1h,2025-04,-0.013932,-0.010612,-0.012342,-0.00025434,-2.003e-05,7.809e-05
price_pos_72h,1h,2025-05,-0.021021,-0.016522,-0.013676,1.843e-05,-0.00012392,2.197e-05
price_pos_72h,1h,2025-06,-0.024129,-0.019694,-0.012457,-0.00026564,-0.00016718,2.199e-05
price_pos_72h,1h,2025-07,-0.022031,-0.022393,-0.016503,0.00011787,-4.311e-05,-3.157e-05
price_pos_72h,1h,2025-08,-0.022817,-0.022992,-0.019757,4.791e-05,-3.329e-05,-7.86e-05
price_pos_72h,1h,2025-09,-0.014052,-0.019633,-0.019664,0.00027418,0.00014665,-1.026e-05
price_pos_72h,1h,2025-10,-0.023413,-0.020094,-0.021244,-8.601e-05,7.869e-05,1.779e-05
price_pos_72h,1h,2025-11,-0.016103,-0.017856,-0.020424,0.00013935,0.00010917,3.794e-05
price_pos_72h,1h,2025-12,-0.02601,-0.021842,-0.020738,-0.00013728,-2.798e-05,5.934e-05
price_pos_72h,1h,2026-01,-0.013777,-0.01863,-0.019362,0.00035727,0.00011978,9.924e-05
price_pos_72h,1h,2026-02,-0.011523,-0.017103,-0.01748,0.00029354,0.00017118,0.00014018
price_pos_72h,1h,2026-03,-0.011173,-0.012157,-0.017,0.00016837,0.00027306,0.00012254
price_pos_72h,1h,2026-04,-0.017886,-0.013527,-0.016079,0.00033526,0.00026572,0.00019275
price_pos_72h,1h,2026-05,-0.011498,-0.013519,-0.015311,0.00020368,0.00023577,0.00020347
price_pos_72h,1h,2026-06,-0.009736,-0.01304,-0.012599,0.00013402,0.00022432,0.00024869
price_pos_72h,24h,2024-06,0.040911,0.040911,0.040911,0.00600058,0.00600058,0.00600058
price_pos_72h,24h,2024-07,-0.039123,0.000894,0.000894,-0.00395141,0.00102459,0.00102459
price_pos_72h,24h,2024-08,0.024123,0.008637,0.008637,0.00060197,0.00088371,0.00088371
price_pos_72h,24h,2024-09,-0.017022,-0.010674,0.002222,4.667e-05,-0.00110092,0.00067445
price_pos_72h,24h,2024-10,-0.05693,-0.01661,-0.009608,-0.00454762,-0.00129966,-0.00036996
price_pos_72h,24h,2024-11,0.020566,-0.017795,-0.004579,0.0053488,0.00028262,0.00058317
price_pos_72h,24h,2024-12,-0.028936,-0.021766,-0.01622,-0.00015058,0.00021687,-0.00044203
price_pos_72h,24h,2025-01,0.042645,0.011425,-0.002592,0.01054175,0.00524666,0.0019735
price_pos_72h,24h,2025-02,0.003043,0.005584,-0.006106,0.00408155,0.00482424,0.00255343
price_pos_72h,24h,2025-03,-0.012815,0.010958,-0.005404,-0.00291449,0.00390294,0.0020599
price_pos_72h,24h,2025-04,-0.00711,-0.005628,0.002899,-0.00123765,-2.353e-05,0.00261156
price_pos_72h,24h,2025-05,-0.051089,-0.023671,-0.009044,-0.00458315,-0.00291176,0.00095624
price_pos_72h,24h,2025-06,-0.053103,-0.037101,-0.013072,-0.00375538,-0.00319206,0.00035544
price_pos_72h,24h,2025-07,0.004345,-0.033282,-0.019455,0.00239252,-0.001982,-0.00100277
price_pos_72h,24h,2025-08,-0.036198,-0.028318,-0.025995,0.00067149,-0.00023046,-0.00157111
price_pos_72h,24h,2025-09,0.0066,-0.008418,-0.022759,0.00746459,0.00350953,0.00015874
price_pos_72h,24h,2025-10,-0.029402,-0.019667,-0.026474,-0.00253413,0.00186732,-5.734e-05
price_pos_72h,24h,2025-11,0.000478,-0.007441,-0.01788,0.00227738,0.00240261,0.00108608
price_pos_72h,24h,2025-12,-0.034258,-0.02106,-0.014739,-0.00376539,-0.00134071,0.00108441
price_pos_72h,24h,2026-01,0.01802,-0.005253,-0.01246,0.00832279,0.00227826,0.00207279
price_pos_72h,24h,2026-02,-0.016897,-0.011045,-0.009243,0.00342594,0.00266111,0.00253186
price_pos_72h,24h,2026-03,-0.014481,-0.004453,-0.012757,0.00186171,0.00453681,0.00159805
price_pos_72h,24h,2026-04,-0.037404,-0.022928,-0.01409,0.00569943,0.00366236,0.00297031
price_pos_72h,24h,2026-05,0.008984,-0.0143,-0.012673,0.00636155,0.0046409,0.00365101
price_pos_72h,24h,2026-06,0.003454,-0.008322,-0.006387,0.00765595,0.00657231,0.00555456
price_pos_72h,4h,2024-06,0.013045,0.013045,0.013045,0.00086498,0.00086498,0.00086498
price_pos_72h,4h,2024-07,-0.01998,-0.003468,-0.003468,-0.00056579,0.00014959,0.00014959
price_pos_72h,4h,2024-08,-0.022995,-0.009977,-0.009977,-0.00080347,-0.00016809,-0.00016809
price_pos_72h,4h,2024-09,-0.008084,-0.01702,-0.009503,0.00029431,-0.00035832,-5.249e-05
price_pos_72h,4h,2024-10,-0.041284,-0.024121,-0.01586,-0.0008117,-0.00044029,-0.00020433
price_pos_72h,4h,2024-11,-0.00289,-0.017419,-0.013698,0.00103934,0.00017398,2.94e-06
price_pos_72h,4h,2024-12,-0.035831,-0.026669,-0.021844,-0.00050209,-9.148e-05,-0.0002249
price_pos_72h,4h,2025-01,0.01054,-0.009394,-0.016757,0.00190952,0.00081559,0.00018765
price_pos_72h,4h,2025-02,-0.001414,-0.008902,-0.01316,0.00138431,0.00093058,0.00055228
price_pos_72h,4h,2025-03,-0.021499,-0.004124,-0.015396,-0.00075956,0.00084476,0.00037664
price_pos_72h,4h,2025-04,-0.013356,-0.01209,-0.010742,-0.00030566,0.00010636,0.00046098
price_pos_72h,4h,2025-05,-0.029112,-0.021323,-0.015112,4.732e-05,-0.0003393,0.00029564
price_pos_72h,4h,2025-06,-0.041378,-0.027949,-0.016036,-0.00088452,-0.00038095,0.0002319
price_pos_72h,4h,2025-07,-0.02076,-0.030417,-0.021253,0.00062084,-7.212e-05,1.712e-05
price_pos_72h,4h,2025-08,-0.024062,-0.028733,-0.025028,9.255e-05,-5.704e-05,-0.00019817
price_pos_72h,4h,2025-09,-0.013757,-0.019526,-0.023738,0.00103282,0.00058207,0.00010056
price_pos_72h,4h,2025-10,-0.031795,-0.023205,-0.026811,0.00044566,0.00052368,0.00022578
price_pos_72h,4h,2025-11,-0.014678,-0.020077,-0.024405,0.000404,0.00062749,0.00028523
price_pos_72h,4h,2025-12,-0.038776,-0.028416,-0.023971,-0.00103183,-6.072e-05,0.00026067
price_pos_72h,4h,2026-01,-0.004733,-0.019396,-0.0213,0.00165556,0.00034258,0.00043313
price_pos_72h,4h,2026-02,-0.015413,-0.019641,-0.019859,0.00089262,0.00050545,0.00056647
price_pos_72h,4h,2026-03,-0.018242,-0.012796,-0.020606,0.00047801,0.00100873,0.000474
price_pos_72h,4h,2026-04,-0.029451,-0.021035,-0.020215,0.00114551,0.00083871,0.00059064
price_pos_72h,4h,2026-05,-0.014922,-0.020872,-0.020256,0.00080121,0.00080824,0.00065685
price_pos_72h,4h,2026-06,-0.002001,-0.015458,-0.014127,0.00081428,0.00092033,0.00096453
price_pos_72h,72h,2024-06,0.081358,0.081358,0.081358,0.01196201,0.01196201,0.01196201
price_pos_72h,72h,2024-07,-0.048509,0.016425,0.016425,-0.0123661,-0.00020204,-0.00020204
price_pos_72h,72h,2024-08,0.003115,0.011988,0.011988,0.00123923,0.00027838,0.00027838
price_pos_72h,72h,2024-09,-0.019968,-0.021787,0.003999,0.00018753,-0.00364645,0.00025567
price_pos_72h,72h,2024-10,-0.06663,-0.027828,-0.010127,-0.00959843,-0.00272389,-0.00171515
price_pos_72h,72h,2024-11,0.059808,-0.00893,0.001529,0.01955322,0.00338077,0.00182958
price_pos_72h,72h,2024-12,0.015177,0.002785,-0.009501,0.00889169,0.00628216,0.00131786
price_pos_72h,72h,2025-01,0.076533,0.050506,0.011339,0.01571657,0.01472049,0.0059983
price_pos_72h,72h,2025-02,-0.018897,0.024271,0.007671,-0.0036308,0.00699249,0.00518663
price_pos_72h,72h,2025-03,0.010618,0.022751,0.012768,0.00014799,0.00407792,0.00518004
price_pos_72h,72h,2025-04,0.011995,0.001239,0.025872,0.00045337,-0.00100981,0.00685534
price_pos_72h,72h,2025-05,-0.05787,-0.011753,0.006259,-0.01405667,-0.0044851,0.00125369
price_pos_72h,72h,2025-06,-0.04395,-0.029942,-0.003595,-0.00196511,-0.00518947,-0.00055578
price_pos_72h,72h,2025-07,0.013161,-0.029553,-0.014157,0.00716812,-0.00295122,-0.00198052
price_pos_72h,72h,2025-08,-0.019533,-0.016774,-0.014263,0.0281653,0.01112277,0.00331883
price_pos_72h,72h,2025-09,0.024126,0.005918,-0.012012,0.02038602,0.01857315,0.00669184
price_pos_72h,72h,2025-10,-0.004447,4.9e-05,-0.014752,0.00451189,0.01768774,0.00736826
price_pos_72h,72h,2025-11,0.026368,0.015349,-0.000712,-0.00040139,0.00816551,0.00964414
price_pos_72h,72h,2025-12,-0.021437,0.000161,0.00304,-0.00943899,-0.00177616,0.00839849
price_pos_72h,72h,2026-01,0.064283,0.023071,0.01156,0.01728879,0.0024828,0.01008527
price_pos_72h,72h,2026-02,-0.000417,0.014143,0.014746,0.0045319,0.00412723,0.00614637
price_pos_72h,72h,2026-03,-0.007692,0.018725,0.009443,0.00492721,0.00891597,0.0035699
price_pos_72h,72h,2026-04,-0.014225,-0.007445,0.007813,0.02563086,0.01169666,0.00708973
price_pos_72h,72h,2026-05,0.019406,-0.000837,0.006653,0.01338331,0.01464713,0.00938718
price_pos_72h,72h,2026-06,-0.039484,-0.011434,0.003645,-0.00486574,0.01138281,0.01014939
price_volume_corr_20h,1h,2024-06,-0.00811,-0.00811,-0.00811,0.00024648,0.00024648,0.00024648
price_volume_corr_20h,1h,2024-07,-0.019959,-0.014034,-0.014034,-3.956e-05,0.00010346,0.00010346
price_volume_corr_20h,1h,2024-08,-0.032513,-0.020194,-0.020194,-0.00010222,3.49e-05,3.49e-05
price_volume_corr_20h,1h,2024-09,-0.022461,-0.024978,-0.020761,2.377e-05,-3.934e-05,3.212e-05
price_volume_corr_20h,1h,2024-10,-0.023246,-0.026073,-0.021258,1.67e-05,-2.058e-05,2.903e-05
price_volume_corr_20h,1h,2024-11,-0.027224,-0.02431,-0.022252,0.00012373,5.473e-05,4.482e-05
price_volume_corr_20h,1h,2024-12,-0.027657,-0.026043,-0.02551,-6.317e-05,2.575e-05,-6.79e-06
price_volume_corr_20h,1h,2025-01,-0.030766,-0.028549,-0.027311,-8.101e-05,-6.82e-06,-1.37e-05
price_volume_corr_20h,1h,2025-02,-0.020413,-0.026279,-0.025294,0.00018423,1.335e-05,3.404e-05
price_volume_corr_20h,1h,2025-03,-0.020578,-0.023919,-0.024981,-0.00015751,-1.81e-05,3.83e-06
price_volume_corr_20h,1h,2025-04,-0.013425,-0.018138,-0.023344,0.0001067,4.447e-05,1.883e-05
price_volume_corr_20h,1h,2025-05,-0.026624,-0.020209,-0.023244,-0.00016271,-7.117e-05,-2.891e-05
price_volume_corr_20h,1h,2025-06,-0.024386,-0.021478,-0.022699,-3.319e-05,-2.973e-05,-2.392e-05
price_volume_corr_20h,1h,2025-07,-0.021162,-0.024057,-0.021098,0.0001077,-2.94e-05,7.54e-06
price_volume_corr_20h,1h,2025-08,-0.019282,-0.02161,-0.020909,6.326e-05,4.592e-05,-1.262e-05
price_volume_corr_20h,1h,2025-09,-0.020951,-0.020465,-0.020972,0.00044372,0.00020489,8.758e-05
price_volume_corr_20h,1h,2025-10,-0.02214,-0.020791,-0.022424,5.302e-05,0.00018667,7.863e-05
price_volume_corr_20h,1h,2025-11,-0.028023,-0.023705,-0.022657,-2.663e-05,0.0001567,0.00010131
price_volume_corr_20h,1h,2025-12,-0.027325,-0.025829,-0.023147,2.99e-05,1.876e-05,0.00011183
price_volume_corr_20h,1h,2026-01,-0.028753,-0.028034,-0.024412,-0.00017865,-5.846e-05,6.41e-05
price_volume_corr_20h,1h,2026-02,-0.014712,-0.023597,-0.023651,5.539e-05,-3.112e-05,6.279e-05
price_volume_corr_20h,1h,2026-03,-0.010635,-0.018033,-0.021931,0.00025298,4.324e-05,3.1e-05
price_volume_corr_20h,1h,2026-04,-0.016421,-0.013923,-0.020978,0.00011492,0.0001411,4.132e-05
price_volume_corr_20h,1h,2026-05,-0.018773,-0.015276,-0.019437,4.5e-07,0.00012278,4.583e-05
price_volume_corr_20h,1h,2026-06,-0.00768,-0.014291,-0.016162,0.00045245,0.00018927,0.00011626
price_volume_corr_20h,24h,2024-06,0.00019,0.00019,0.00019,0.00334902,0.00334902,0.00334902
price_volume_corr_20h,24h,2024-07,-0.030734,-0.015272,-0.015272,0.00033559,0.0018423,0.0018423
price_volume_corr_20h,24h,2024-08,-0.053844,-0.02813,-0.02813,-0.00213199,0.00051754,0.00051754
price_volume_corr_20h,24h,2024-09,-0.033773,-0.039451,-0.02954,0.00121697,-0.00019314,0.0006924
price_volume_corr_20h,24h,2024-10,-0.03768,-0.041766,-0.031168,-0.00070196,-0.00053899,0.00041353
price_volume_corr_20h,24h,2024-11,-0.055873,-0.042442,-0.035286,0.00319317,0.00123606,0.0008768
price_volume_corr_20h,24h,2024-12,-0.031804,-0.041786,-0.040618,0.00113437,0.00120853,0.00050769
price_volume_corr_20h,24h,2025-01,-0.028891,-0.038856,-0.040311,0.00354639,0.00262464,0.00104283
price_volume_corr_20h,24h,2025-02,-0.033437,-0.031378,-0.03691,0.00437773,0.0030195,0.00212778
price_volume_corr_20h,24h,2025-03,-0.052976,-0.038435,-0.04011,-0.00352644,0.00146589,0.00133721
price_volume_corr_20h,24h,2025-04,-0.029117,-0.03851,-0.038683,0.00306918,0.00130682,0.00196573
price_volume_corr_20h,24h,2025-05,-0.066719,-0.049604,-0.040491,-0.00426818,-0.00157515,0.00072217
price_volume_corr_20h,24h,2025-06,-0.055343,-0.050393,-0.044414,-0.00165044,-0.00094981,0.00025804
price_volume_corr_20h,24h,2025-07,-0.055956,-0.059339,-0.048925,-0.00075394,-0.00222419,-0.00045868
price_volume_corr_20h,24h,2025-08,-0.044389,-0.051896,-0.05075,0.00025975,-0.00071488,-0.00114501
price_volume_corr_20h,24h,2025-09,-0.034826,-0.045057,-0.047725,0.00792613,0.00247731,0.00076375
price_volume_corr_20h,24h,2025-10,-0.042389,-0.040534,-0.049937,0.00037377,0.00285322,0.00031452
price_volume_corr_20h,24h,2025-11,-0.059696,-0.045637,-0.048766,-0.0019048,0.0021317,0.00070841
price_volume_corr_20h,24h,2025-12,-0.04813,-0.050072,-0.047564,-0.0025754,-0.00136881,0.00055425
price_volume_corr_20h,24h,2026-01,-0.043666,-0.050497,-0.045516,7.032e-05,-0.00146996,0.00069163
price_volume_corr_20h,24h,2026-02,-0.037657,-0.043151,-0.044394,0.00090838,-0.00053223,0.00079973
price_volume_corr_20h,24h,2026-03,-0.022673,-0.034665,-0.042368,0.00215083,0.00104318,-0.00016282
price_volume_corr_20h,24h,2026-04,-0.065284,-0.041871,-0.046184,-0.00133073,0.00057616,-0.0004469
price_volume_corr_20h,24h,2026-05,-0.019076,-0.035678,-0.039414,0.0037514,0.00152383,0.0004958
price_volume_corr_20h,24h,2026-06,0.014562,-0.023266,-0.028966,0.01464976,0.00569014,0.00336666
price_volume_corr_20h,4h,2024-06,-0.008776,-0.008776,-0.008776,0.00084803,0.00084803,0.00084803
price_volume_corr_20h,4h,2024-07,-0.025827,-0.017302,-0.017302,-0.00021259,0.00031772,0.00031772
price_volume_corr_20h,4h,2024-08,-0.043037,-0.02588,-0.02588,-0.00036097,9.149e-05,9.149e-05
price_volume_corr_20h,4h,2024-09,-0.027557,-0.03214,-0.026299,0.00016808,-0.00013516,0.00011064
price_volume_corr_20h,4h,2024-10,-0.032446,-0.034347,-0.027529,-6.73e-06,-6.654e-05,8.716e-05
price_volume_corr_20h,4h,2024-11,-0.038199,-0.032734,-0.029307,0.0006835,0.00028162,0.00018655
price_volume_corr_20h,4h,2024-12,-0.039133,-0.036593,-0.034367,0.00014177,0.00027285,6.884e-05
price_volume_corr_20h,4h,2025-01,-0.043257,-0.040196,-0.037271,-0.00026953,0.00018525,5.935e-05
price_volume_corr_20h,4h,2025-02,-0.0261,-0.036163,-0.034449,0.00082703,0.00023309,0.00025735
price_volume_corr_20h,4h,2025-03,-0.034649,-0.034668,-0.035631,-0.00064862,-3.037e-05,0.00012124
price_volume_corr_20h,4h,2025-04,-0.014758,-0.025169,-0.032683,0.00083629,0.00033823,0.00026174
price_volume_corr_20h,4h,2025-05,-0.043608,-0.031005,-0.033584,-0.00049613,-0.00010282,6.513e-05
price_volume_corr_20h,4h,2025-06,-0.039821,-0.032729,-0.033699,-0.00047179,-4.388e-05,-3.713e-05
price_volume_corr_20h,4h,2025-07,-0.0331,-0.038843,-0.032006,4.472e-05,-0.00030773,1.525e-05
price_volume_corr_20h,4h,2025-08,-0.023566,-0.032162,-0.031584,0.0002732,-5.129e-05,-7.706e-05
price_volume_corr_20h,4h,2025-09,-0.030737,-0.029134,-0.030932,0.00149501,0.00060431,0.00028022
price_volume_corr_20h,4h,2025-10,-0.033852,-0.029385,-0.034114,0.0003978,0.000722,0.00020714
price_volume_corr_20h,4h,2025-11,-0.044258,-0.036283,-0.034222,-0.0003867,0.00050204,0.00022537
price_volume_corr_20h,4h,2025-12,-0.042634,-0.040248,-0.034691,-0.00034203,-0.00011031,0.000247
price_volume_corr_20h,4h,2026-01,-0.036698,-0.041197,-0.035291,-0.00032361,-0.00035078,0.00018561
price_volume_corr_20h,4h,2026-02,-0.024205,-0.034512,-0.035397,0.00064276,-7.63e-06,0.00024721
price_volume_corr_20h,4h,2026-03,-0.021123,-0.027342,-0.033795,0.0008048,0.00037465,0.00013217
price_volume_corr_20h,4h,2026-04,-0.037053,-0.02746,-0.034329,0.00028427,0.00057728,0.00011325
price_volume_corr_20h,4h,2026-05,-0.029802,-0.029326,-0.031919,3.244e-05,0.00037384,0.00018311
price_volume_corr_20h,4h,2026-06,-0.003123,-0.023326,-0.025334,0.00197131,0.00076267,0.00056866
price_volume_corr_20h,72h,2024-06,-0.011778,-0.011778,-0.011778,0.00043571,0.00043571,0.00043571
price_volume_corr_20h,72h,2024-07,-0.059132,-0.035455,-0.035455,-0.00398337,-0.00177383,-0.00177383
price_volume_corr_20h,72h,2024-08,-0.064128,-0.045012,-0.045012,-0.00832232,-0.00395666,-0.00395666
price_volume_corr_20h,72h,2024-09,-0.024643,-0.049301,-0.03992,0.00330688,-0.0029996,-0.00214077
price_volume_corr_20h,72h,2024-10,-0.054262,-0.047677,-0.042788,-0.00532358,-0.00344634,-0.00277734
price_volume_corr_20h,72h,2024-11,-0.028185,-0.035696,-0.040354,0.01372225,0.00390185,-2.74e-05
price_volume_corr_20h,72h,2024-12,-0.007802,-0.030083,-0.039692,0.00527663,0.00455843,0.00077942
price_volume_corr_20h,72h,2025-01,-0.045091,-0.027026,-0.037352,-0.0042879,0.00490366,0.00072866
price_volume_corr_20h,72h,2025-02,-0.05958,-0.037491,-0.036594,-0.0002976,0.00023038,0.00206611
price_volume_corr_20h,72h,2025-03,-0.044355,-0.049675,-0.039879,-0.00324926,-0.00261159,0.00097342
price_volume_corr_20h,72h,2025-04,-0.013444,-0.039126,-0.033076,0.00648717,0.0009801,0.00294188
price_volume_corr_20h,72h,2025-05,-0.04293,-0.033576,-0.035533,-0.00347745,-7.985e-05,7.526e-05
price_volume_corr_20h,72h,2025-06,-0.055613,-0.037329,-0.043502,-0.00085958,0.00071671,-0.00094744
price_volume_corr_20h,72h,2025-07,-0.031783,-0.043442,-0.041284,0.00860259,0.00142185,0.00120098
price_volume_corr_20h,72h,2025-08,-0.046891,-0.044762,-0.039169,0.01631998,0.008021,0.00397058
price_volume_corr_20h,72h,2025-09,-0.004871,-0.027848,-0.032589,0.01666272,0.01386176,0.00728924
price_volume_corr_20h,72h,2025-10,-0.019666,-0.023809,-0.033626,0.01088157,0.01462142,0.00802164
price_volume_corr_20h,72h,2025-11,-0.058336,-0.027624,-0.036193,-0.0094791,0.00602173,0.00702136
price_volume_corr_20h,72h,2025-12,-0.046836,-0.041612,-0.03473,-0.00309176,-0.0005631,0.00664933
price_volume_corr_20h,72h,2026-01,-0.019317,-0.041496,-0.032653,0.00657582,-0.00199835,0.00631154
price_volume_corr_20h,72h,2026-02,-0.019903,-0.028685,-0.028155,0.00201882,0.00183429,0.00392801
price_volume_corr_20h,72h,2026-03,-0.027764,-0.022328,-0.03197,0.0043096,0.00430141,0.00186916
price_volume_corr_20h,72h,2026-04,-0.052119,-0.033262,-0.037379,0.00697012,0.00443285,0.00121725
price_volume_corr_20h,72h,2026-05,-0.021338,-0.03374,-0.031213,0.00663267,0.0059708,0.00390255
price_volume_corr_20h,72h,2026-06,-0.025922,-0.033127,-0.027727,0.00451413,0.00603897,0.00517019
q158_high_low_range,1h,2024-06,-0.044154,-0.044154,-0.044154,4.721e-05,4.721e-05,4.721e-05
q158_high_low_range,1h,2024-07,-0.038383,-0.041268,-0.041268,-7.47e-06,1.987e-05,1.987e-05
q158_high_low_range,1h,2024-08,-0.045645,-0.042727,-0.042727,-8.647e-05,-1.558e-05,-1.558e-05
q158_high_low_range,1h,2024-09,-0.033778,-0.039268,-0.04049,0.00026609,5.738e-05,5.484e-05
q158_high_low_range,1h,2024-10,-0.042971,-0.040798,-0.040986,4.026e-05,7.329e-05,5.192e-05
q158_high_low_range,1h,2024-11,-0.041812,-0.03952,-0.041124,5.161e-05,0.00011932,5.187e-05
q158_high_low_range,1h,2024-12,-0.043768,-0.04285,-0.041059,-0.00012836,-1.216e-05,2.261e-05
q158_high_low_range,1h,2025-01,-0.071401,-0.052327,-0.046562,-0.00065268,-0.00024314,-8.493e-05
q158_high_low_range,1h,2025-02,-0.043318,-0.052829,-0.046175,-0.00037333,-0.00038479,-0.00013274
q158_high_low_range,1h,2025-03,-0.03047,-0.048396,-0.045623,-8.474e-05,-0.00037025,-0.00019121
q158_high_low_range,1h,2025-04,-0.024092,-0.032627,-0.042477,0.00045388,-1.4e-06,-0.00012227
q158_high_low_range,1h,2025-05,-0.037722,-0.030761,-0.041795,3.335e-05,0.00013416,-0.00012531
q158_high_low_range,1h,2025-06,-0.035505,-0.03244,-0.040418,-0.00014586,0.00011379,-0.00012823
q158_high_low_range,1h,2025-07,-0.035438,-0.036222,-0.034424,7.809e-05,-1.147e-05,-6.43e-06
q158_high_low_range,1h,2025-08,-0.032952,-0.034632,-0.032697,0.00036982,0.00010068,0.00011742
q158_high_low_range,1h,2025-09,-0.032636,-0.033675,-0.033058,0.00062318,0.00035703,0.00023541
q158_high_low_range,1h,2025-10,-0.037654,-0.034414,-0.035318,0.00044369,0.0004789,0.00023371
q158_high_low_range,1h,2025-11,-0.045131,-0.038474,-0.036553,5.943e-05,0.00037543,0.00023806
q158_high_low_range,1h,2025-12,-0.0403,-0.041028,-0.037352,0.00011288,0.00020533,0.00028118
q158_high_low_range,1h,2026-01,-0.036632,-0.040688,-0.037551,-1.624e-05,5.202e-05,0.00026546
q158_high_low_range,1h,2026-02,-0.025536,-0.034156,-0.036315,3.632e-05,4.432e-05,0.00020988
q158_high_low_range,1h,2026-03,-0.016619,-0.026262,-0.033645,0.00031352,0.0001112,0.00015827
q158_high_low_range,1h,2026-04,-0.027587,-0.023247,-0.031967,0.00060004,0.00031663,0.00018433
q158_high_low_range,1h,2026-05,-0.031996,-0.025401,-0.029778,0.00036278,0.00042545,0.00023488
q158_high_low_range,1h,2026-06,-0.022608,-0.027397,-0.02683,0.00037185,0.00044489,0.00027805
q158_high_low_range,24h,2024-06,-0.127324,-0.127324,-0.127324,-0.00302223,-0.00302223,-0.00302223
q158_high_low_range,24h,2024-07,-0.084304,-0.105814,-0.105814,-0.00141584,-0.00221903,-0.00221903
q158_high_low_range,24h,2024-08,-0.108823,-0.106817,-0.106817,-0.0022503,-0.00222946,-0.00222946
q158_high_low_range,24h,2024-09,-0.013572,-0.0689,-0.083506,0.00617376,0.00083587,-0.00012865
q158_high_low_range,24h,2024-10,-0.100707,-0.074367,-0.086946,-0.00075714,0.00105544,-0.00025435
q158_high_low_range,24h,2024-11,-0.081457,-0.065246,-0.086031,0.00319421,0.00287028,0.00032041
q158_high_low_range,24h,2024-12,-0.097509,-0.093225,-0.081062,-0.00260682,-5.658e-05,0.00038964
q158_high_low_range,24h,2025-01,-0.145241,-0.108069,-0.091218,-0.01245584,-0.00395615,-0.00145035
q158_high_low_range,24h,2025-02,-0.092991,-0.111914,-0.08858,-0.00136859,-0.00547708,-0.0013034
q158_high_low_range,24h,2025-03,-0.095109,-0.111114,-0.102169,-0.00569191,-0.00650545,-0.00328101
q158_high_low_range,24h,2025-04,-0.033945,-0.074015,-0.091042,0.00756055,0.00016668,-0.00189473
q158_high_low_range,24h,2025-05,-0.086133,-0.071729,-0.091821,0.00086495,0.0009112,-0.00228294
q158_high_low_range,24h,2025-06,-0.072861,-0.064313,-0.087713,-0.00329181,0.00171123,-0.00239711
q158_high_low_range,24h,2025-07,-0.076329,-0.078441,-0.076228,0.00216757,-8.643e-05,4.013e-05
q158_high_low_range,24h,2025-08,-0.080829,-0.076673,-0.074201,0.00634081,0.00173886,0.00132503
q158_high_low_range,24h,2025-09,-0.059675,-0.072278,-0.068295,0.01076498,0.00642445,0.00406784
q158_high_low_range,24h,2025-10,-0.084508,-0.075004,-0.076723,0.01253154,0.00987911,0.00489634
q158_high_low_range,24h,2025-11,-0.106994,-0.083726,-0.080199,0.00165116,0.00831589,0.00502737
q158_high_low_range,24h,2025-12,-0.055562,-0.082355,-0.077316,0.00527597,0.00648622,0.00645534
q158_high_low_range,24h,2026-01,-0.089332,-0.083963,-0.079483,-0.00044839,0.00215958,0.00601934
q158_high_low_range,24h,2026-02,-0.057015,-0.067303,-0.075514,5.784e-05,0.00162847,0.00497218
q158_high_low_range,24h,2026-03,-0.059629,-0.068659,-0.075507,0.00240297,0.00067081,0.00357852
q158_high_low_range,24h,2026-04,-0.071228,-0.062624,-0.073293,0.0113245,0.0045951,0.00337734
q158_high_low_range,24h,2026-05,-0.068707,-0.066521,-0.066912,0.00529624,0.00634124,0.00398485
q158_high_low_range,24h,2026-06,-0.031661,-0.057199,-0.062929,0.0052717,0.00729748,0.00398414
q158_high_low_range,4h,2024-06,-0.055626,-0.055626,-0.055626,2.833e-05,2.833e-05,2.833e-05
q158_high_low_range,4h,2024-07,-0.049879,-0.052753,-0.052753,1.062e-05,1.947e-05,1.947e-05
q158_high_low_range,4h,2024-08,-0.060761,-0.055422,-0.055422,-0.0006705,-0.00021052,-0.00021052
q158_high_low_range,4h,2024-09,-0.032418,-0.047686,-0.049671,0.00118445,0.00017486,0.00013823
q158_high_low_range,4h,2024-10,-0.057826,-0.050335,-0.051302,2.804e-05,0.00018066,0.00011619
q158_high_low_range,4h,2024-11,-0.057533,-0.049259,-0.052341,0.00055845,0.00059031,0.0001899
q158_high_low_range,4h,2024-12,-0.076313,-0.063891,-0.055788,-0.00056532,7.06e-06,9.096e-05
q158_high_low_range,4h,2025-01,-0.096588,-0.076811,-0.063573,-0.00240388,-0.00080358,-0.00031146
q158_high_low_range,4h,2025-02,-0.053,-0.075301,-0.06228,-0.00078661,-0.00125194,-0.00033081
q158_high_low_range,4h,2025-03,-0.056088,-0.068559,-0.066225,-0.00090782,-0.0013661,-0.00067952
q158_high_low_range,4h,2025-04,-0.03413,-0.04774,-0.062275,0.00147086,-7.452e-05,-0.00043905
q158_high_low_range,4h,2025-05,-0.054146,-0.048121,-0.061711,9.653e-05,0.00021986,-0.00051604
q158_high_low_range,4h,2025-06,-0.049136,-0.045804,-0.057181,-0.00054372,0.00034122,-0.00051244
q158_high_low_range,4h,2025-07,-0.051465,-0.051582,-0.049661,0.00015829,-9.63e-05,-8.541e-05
q158_high_low_range,4h,2025-08,-0.047238,-0.04928,-0.048701,0.00131743,0.00031067,0.00026526
q158_high_low_range,4h,2025-09,-0.045195,-0.047966,-0.046885,0.00203242,0.00116938,0.0007553
q158_high_low_range,4h,2025-10,-0.049133,-0.047189,-0.049385,0.00280329,0.00205105,0.00097737
q158_high_low_range,4h,2025-11,-0.068,-0.054109,-0.051694,0.00038306,0.00173959,0.00102513
q158_high_low_range,4h,2025-12,-0.053966,-0.057033,-0.0525,0.0004552,0.00121385,0.00119162
q158_high_low_range,4h,2026-01,-0.054476,-0.058814,-0.053001,-0.00012514,0.00023771,0.00114438
q158_high_low_range,4h,2026-02,-0.041143,-0.049862,-0.051986,0.00032197,0.00021734,0.00097847
q158_high_low_range,4h,2026-03,-0.037329,-0.044316,-0.050675,0.00059022,0.00026235,0.0007381
q158_high_low_range,4h,2026-04,-0.04377,-0.040747,-0.049781,0.0020371,0.0009831,0.0006104
q158_high_low_range,4h,2026-05,-0.051762,-0.044287,-0.047074,0.00110735,0.00124489,0.00073112
q158_high_low_range,4h,2026-06,-0.028792,-0.041441,-0.042879,0.00095704,0.00136716,0.00081476
q158_high_low_range,72h,2024-06,-0.166618,-0.166618,-0.166618,-0.01363189,-0.01363189,-0.01363189
q158_high_low_range,72h,2024-07,-0.115784,-0.141201,-0.141201,-0.00415532,-0.00889361,-0.00889361
q158_high_low_range,72h,2024-08,-0.115455,-0.132619,-0.132619,-0.00723125,-0.00833949,-0.00833949
q158_high_low_range,72h,2024-09,0.015518,-0.071907,-0.095585,0.01319028,0.00060124,-0.00295704
q158_high_low_range,72h,2024-10,-0.111921,-0.070619,-0.098852,-0.00294351,0.00100517,-0.00295434
q158_high_low_range,72h,2024-11,-0.048752,-0.048385,-0.090502,0.01448122,0.00824266,-4.841e-05
q158_high_low_range,72h,2024-12,-0.101556,-0.08741,-0.079658,-0.00474165,0.00226535,0.0014333
q158_high_low_range,72h,2025-01,-0.20432,-0.118209,-0.094414,-0.03976213,-0.01000752,-0.00450117
q158_high_low_range,72h,2025-02,-0.080312,-0.128729,-0.088557,0.0062165,-0.01276243,-0.00225988
q158_high_low_range,72h,2025-03,-0.139891,-0.141508,-0.114459,-0.01873794,-0.01742786,-0.00758125
q158_high_low_range,72h,2025-04,-0.004854,-0.075019,-0.096614,0.01728095,0.0015865,-0.00421051
q158_high_low_range,72h,2025-05,-0.089614,-0.07812,-0.103425,0.0065193,0.00168744,-0.00553749
q158_high_low_range,72h,2025-06,-0.111443,-0.068637,-0.105072,-0.00573217,0.00602269,-0.00570258
q158_high_low_range,72h,2025-07,-0.098266,-0.099774,-0.087397,0.00444508,0.00174407,0.00166529
q158_high_low_range,72h,2025-08,-0.101177,-0.103629,-0.090874,0.01977095,0.00616129,0.00392436
q158_high_low_range,72h,2025-09,-0.046067,-0.081837,-0.075237,0.03759314,0.02060306,0.01331288
q158_high_low_range,72h,2025-10,-0.090363,-0.079202,-0.089488,0.04279512,0.0333864,0.01756524
q158_high_low_range,72h,2025-11,-0.119721,-0.085384,-0.094506,0.00252758,0.02763861,0.01689995
q158_high_low_range,72h,2025-12,-0.053191,-0.087758,-0.084797,0.00618918,0.01717063,0.01888684
q158_high_low_range,72h,2026-01,-0.116396,-0.096436,-0.087819,-0.00235748,0.00211976,0.01775308
q158_high_low_range,72h,2026-02,-0.059182,-0.076256,-0.08082,0.00623159,0.00335443,0.01549652
q158_high_low_range,72h,2026-03,-0.074112,-0.08323,-0.085494,0.00216507,0.00201306,0.00959184
q158_high_low_range,72h,2026-04,-0.064197,-0.06583,-0.081133,0.03634284,0.01491317,0.00851646
q158_high_low_range,72h,2026-05,-0.081726,-0.073345,-0.074801,0.00970132,0.01606974,0.00971209
q158_high_low_range,72h,2026-06,-0.064378,-0.0701,-0.076665,0.01141033,0.0191515,0.01058228
qvol_ma_ratio_20_80,1h,2024-06,-0.016263,-0.016263,-0.016263,-0.00025196,-0.00025196,-0.00025196
qvol_ma_ratio_20_80,1h,2024-07,-0.002159,-0.009211,-0.009211,0.00012692,-6.252e-05,-6.252e-05
qvol_ma_ratio_20_80,1h,2024-08,-0.010053,-0.009492,-0.009492,-8.29e-05,-6.931e-05,-6.931e-05
qvol_ma_ratio_20_80,1h,2024-09,-0.003906,-0.005373,-0.008095,4.845e-05,3.082e-05,-3.987e-05
qvol_ma_ratio_20_80,1h,2024-10,-0.005185,-0.006381,-0.007513,7.442e-05,1.332e-05,-1.701e-05
qvol_ma_ratio_20_80,1h,2024-11,-0.013607,-0.007566,-0.008529,4.382e-05,5.556e-05,-6.87e-06
qvol_ma_ratio_20_80,1h,2024-12,-0.011885,-0.010226,-0.007799,-8.558e-05,1.089e-05,2.085e-05
qvol_ma_ratio_20_80,1h,2025-01,-0.0044,-0.009964,-0.008173,4.213e-05,1.2e-07,6.72e-06
qvol_ma_ratio_20_80,1h,2025-02,-0.020308,-0.012197,-0.009882,-0.0003692,-0.00013755,-4.099e-05
qvol_ma_ratio_20_80,1h,2025-03,-0.008657,-0.011122,-0.010674,-0.0001434,-0.00015682,-7.297e-05
qvol_ma_ratio_20_80,1h,2025-04,0.000245,-0.009573,-0.009769,9.081e-05,-0.0001406,-7.024e-05
qvol_ma_ratio_20_80,1h,2025-05,-0.001882,-0.003432,-0.007814,-4.516e-05,-3.258e-05,-8.507e-05
qvol_ma_ratio_20_80,1h,2025-06,-0.003008,-0.001549,-0.006335,-6.06e-05,-4.98e-06,-8.09e-05
qvol_ma_ratio_20_80,1h,2025-07,-0.001274,-0.002055,-0.005814,0.00016488,1.971e-05,-6.045e-05
qvol_ma_ratio_20_80,1h,2025-08,0.003282,-0.000333,-0.001882,0.00039241,0.00016556,6.649e-05
qvol_ma_ratio_20_80,1h,2025-09,0.000236,0.000748,-0.0004,0.00023893,0.00026541,0.00013021
qvol_ma_ratio_20_80,1h,2025-10,-0.003052,0.000156,-0.00095,2.312e-05,0.00021815,0.00011893
qvol_ma_ratio_20_80,1h,2025-11,-0.008391,-0.003736,-0.002034,-0.00023112,1.031e-05,8.794e-05
qvol_ma_ratio_20_80,1h,2025-12,-0.006463,-0.005969,-0.00261,-0.00023869,-0.0001489,5.825e-05
qvol_ma_ratio_20_80,1h,2026-01,-0.001674,-0.00551,-0.002677,8.98e-05,-0.00012667,4.574e-05
qvol_ma_ratio_20_80,1h,2026-02,-0.000797,-0.002978,-0.003357,3.845e-05,-3.681e-05,-1.325e-05
qvol_ma_ratio_20_80,1h,2026-03,0.0075,0.001676,-0.002146,0.00022573,0.00011799,-1.545e-05
qvol_ma_ratio_20_80,1h,2026-04,-0.001634,0.001689,-0.00191,0.00021958,0.00016125,1.729e-05
qvol_ma_ratio_20_80,1h,2026-05,0.003994,0.003286,0.000154,0.00024438,0.0002299,9.654e-05
qvol_ma_ratio_20_80,1h,2026-06,0.010484,0.004281,0.002979,0.00054998,0.00033798,0.00022799
qvol_ma_ratio_20_80,24h,2024-06,-0.023076,-0.023076,-0.023076,-0.00289923,-0.00289923,-0.00289923
qvol_ma_ratio_20_80,24h,2024-07,0.005921,-0.008578,-0.008578,0.00158093,-0.00065915,-0.00065915
qvol_ma_ratio_20_80,24h,2024-08,0.007373,-0.003261,-0.003261,-0.00048687,-0.00060172,-0.00060172
qvol_ma_ratio_20_80,24h,2024-09,-0.005817,0.002492,-0.0039,-0.00058173,0.00017078,-0.00059672
qvol_ma_ratio_20_80,24h,2024-10,-0.003373,-0.000606,-0.003795,-0.00027031,-0.0004463,-0.00053144
qvol_ma_ratio_20_80,24h,2024-11,-0.007919,-0.005703,-0.004482,0.00266342,0.00060379,1.03e-06
qvol_ma_ratio_20_80,24h,2024-12,-0.023305,-0.011532,-0.00452,-0.00097424,0.00047296,0.00032187
qvol_ma_ratio_20_80,24h,2025-01,0.024058,-0.002389,-0.001497,0.00155773,0.0010823,0.000318
qvol_ma_ratio_20_80,24h,2025-02,-0.053851,-0.017699,-0.011701,-0.0058199,-0.00174547,-0.00057084
qvol_ma_ratio_20_80,24h,2025-03,-0.02843,-0.019408,-0.01547,-0.00717176,-0.00381131,-0.00166918
qvol_ma_ratio_20_80,24h,2025-04,-0.006745,-0.029675,-0.016032,0.00219688,-0.00359826,-0.00125798
qvol_ma_ratio_20_80,24h,2025-05,0.015871,-0.006434,-0.012067,0.00051682,-0.00148602,-0.00161575
qvol_ma_ratio_20_80,24h,2025-06,-0.007057,0.00069,-0.009359,-0.00192318,0.00026351,-0.0017739
qvol_ma_ratio_20_80,24h,2025-07,-0.001223,0.00253,-0.013573,0.00274032,0.00044465,-0.0015768
qvol_ma_ratio_20_80,24h,2025-08,0.000394,-0.002629,-0.004532,0.0078132,0.00287678,0.00069538
qvol_ma_ratio_20_80,24h,2025-09,-0.008681,-0.00317,-0.00124,0.00422651,0.00492668,0.00259509
qvol_ma_ratio_20_80,24h,2025-10,-0.022004,-0.010097,-0.003783,-0.00940943,0.00087676,0.00066071
qvol_ma_ratio_20_80,24h,2025-11,-0.039105,-0.023263,-0.012946,4.972e-05,-0.00171107,0.00058286
qvol_ma_ratio_20_80,24h,2025-12,-0.023326,-0.028145,-0.015657,-0.00013685,-0.00316552,0.00088058
qvol_ma_ratio_20_80,24h,2026-01,-0.001852,-0.021427,-0.015762,0.00238976,0.00076754,0.00082215
qvol_ma_ratio_20_80,24h,2026-02,-0.01039,-0.011856,-0.017559,0.00045464,0.00090252,-0.00040428
qvol_ma_ratio_20_80,24h,2026-03,0.004723,-0.002506,-0.015325,0.0012105,0.00135163,-0.00090694
qvol_ma_ratio_20_80,24h,2026-04,-0.022708,-0.009458,-0.015443,0.00398298,0.00188271,0.00132512
qvol_ma_ratio_20_80,24h,2026-05,0.028805,0.003607,-0.004125,0.00879853,0.004664,0.00278326
qvol_ma_ratio_20_80,24h,2026-06,-0.000651,0.001815,-0.000345,-0.00253573,0.00341526,0.00238345
qvol_ma_ratio_20_80,4h,2024-06,-0.025472,-0.025472,-0.025472,-0.0010991,-0.0010991,-0.0010991
qvol_ma_ratio_20_80,4h,2024-07,-0.004299,-0.014886,-0.014886,0.00044957,-0.00032476,-0.00032476
qvol_ma_ratio_20_80,4h,2024-08,-0.011972,-0.013915,-0.013915,-0.00025361,-0.00030105,-0.00030105
qvol_ma_ratio_20_80,4h,2024-09,0.0061,-0.00339,-0.008911,0.00018863,0.0001282,-0.00017863
qvol_ma_ratio_20_80,4h,2024-10,-0.002894,-0.002922,-0.007708,0.0002439,5.964e-05,-9.412e-05
qvol_ma_ratio_20_80,4h,2024-11,-0.018247,-0.005014,-0.009464,9.69e-05,0.00017648,-6.228e-05
qvol_ma_ratio_20_80,4h,2024-12,-0.020425,-0.013855,-0.008623,-0.00029978,1.367e-05,7.094e-05
qvol_ma_ratio_20_80,4h,2025-01,0.003642,-0.011676,-0.007299,0.00025564,1.759e-05,3.861e-05
qvol_ma_ratio_20_80,4h,2025-02,-0.035055,-0.017279,-0.011146,-0.00149063,-0.00051159,-0.00016756
qvol_ma_ratio_20_80,4h,2025-03,-0.017788,-0.0164,-0.015128,-0.00107664,-0.00077054,-0.00037844
qvol_ma_ratio_20_80,4h,2025-04,0.000145,-0.017566,-0.014621,0.00046955,-0.00069924,-0.00034083
qvol_ma_ratio_20_80,4h,2025-05,-0.004139,-0.007261,-0.01227,-4.876e-05,-0.00021862,-0.0003651
qvol_ma_ratio_20_80,4h,2025-06,-0.00549,-0.003161,-0.009781,-0.0004467,-8.64e-06,-0.00038959
qvol_ma_ratio_20_80,4h,2025-07,-0.001666,-0.003765,-0.010665,0.00060294,3.583e-05,-0.00033171
qvol_ma_ratio_20_80,4h,2025-08,0.009877,0.000907,-0.003177,0.00160318,0.00058647,0.00018393
qvol_ma_ratio_20_80,4h,2025-09,0.000692,0.002968,-9.7e-05,0.00091935,0.00104182,0.00051659
qvol_ma_ratio_20_80,4h,2025-10,-0.009565,0.000335,-0.001715,-0.00049603,0.0006755,0.00035566
qvol_ma_ratio_20_80,4h,2025-11,-0.01699,-0.008621,-0.003857,-0.00080659,-0.00012776,0.00022936
qvol_ma_ratio_20_80,4h,2025-12,-0.013894,-0.013483,-0.005258,-0.0009911,-0.00076457,0.00013863
qvol_ma_ratio_20_80,4h,2026-01,-0.005511,-0.012132,-0.005898,0.00041575,-0.00046065,0.00010743
qvol_ma_ratio_20_80,4h,2026-02,-0.003313,-0.007573,-0.008097,0.00014914,-0.00014207,-0.00013491
qvol_ma_ratio_20_80,4h,2026-03,0.008459,-0.000122,-0.006802,0.00074944,0.00043811,-0.00016323
qvol_ma_ratio_20_80,4h,2026-04,-0.012941,-0.002599,-0.007365,0.00066262,0.0005204,2.988e-05
qvol_ma_ratio_20_80,4h,2026-05,0.005958,0.000492,-0.00354,0.00107274,0.00082827,0.0003431
qvol_ma_ratio_20_80,4h,2026-06,0.01496,0.002659,0.001269,0.00180072,0.00117869,0.0008084
qvol_ma_ratio_20_80,72h,2024-06,0.02894,0.02894,0.02894,0.0039947,0.0039947,0.0039947
qvol_ma_ratio_20_80,72h,2024-07,-0.011952,0.008494,0.008494,-0.00308789,0.00045341,0.00045341
qvol_ma_ratio_20_80,72h,2024-08,-0.002009,0.004993,0.004993,-0.00138515,-0.00015945,-0.00015945
qvol_ma_ratio_20_80,72h,2024-09,-0.015809,-0.009923,-0.000207,-0.00354966,-0.00267423,-0.001007
qvol_ma_ratio_20_80,72h,2024-10,-0.016244,-0.011354,-0.003415,-0.00177042,-0.00223508,-0.00115968
qvol_ma_ratio_20_80,72h,2024-11,0.015552,-0.0055,-0.000253,0.00464133,-0.00022625,-0.00019285
qvol_ma_ratio_20_80,72h,2024-12,-0.01643,-0.005707,-0.007815,-0.00397429,-0.00036779,-0.00152101
qvol_ma_ratio_20_80,72h,2025-01,0.001936,0.000353,-0.0055,-0.00819373,-0.0025089,-0.00237199
qvol_ma_ratio_20_80,72h,2025-02,-0.040961,-0.018485,-0.011992,-0.00414099,-0.00543634,-0.00283129
qvol_ma_ratio_20_80,72h,2025-03,-0.005928,-0.014984,-0.010346,-0.00631474,-0.00621649,-0.00329214
qvol_ma_ratio_20_80,72h,2025-04,4.9e-05,-0.015613,-0.00763,0.00569609,-0.00158655,-0.00204772
qvol_ma_ratio_20_80,72h,2025-05,0.012417,0.002179,-0.008153,0.0049109,0.00143075,-0.00200279
qvol_ma_ratio_20_80,72h,2025-06,-0.003869,0.002865,-0.006059,-0.00079271,0.00327143,-0.00147253
qvol_ma_ratio_20_80,72h,2025-07,0.011341,0.006629,-0.004492,0.0049444,0.00302086,0.00071716
qvol_ma_ratio_20_80,72h,2025-08,0.003645,0.003706,0.002942,0.0189275,0.00769306,0.00456191
qvol_ma_ratio_20_80,72h,2025-09,-0.019576,-0.00153,0.000668,0.01102608,0.01163266,0.00745204
qvol_ma_ratio_20_80,72h,2025-10,-0.031417,-0.015783,-0.004577,-0.02214428,0.0026031,0.00281198
qvol_ma_ratio_20_80,72h,2025-11,-0.024199,-0.025064,-0.010679,0.00361288,-0.00250177,0.00259565
qvol_ma_ratio_20_80,72h,2025-12,-0.023302,-0.026306,-0.013918,-0.00400909,-0.0075135,0.00205958
qvol_ma_ratio_20_80,72h,2026-01,0.014944,-0.010852,-0.013318,0.00240929,0.00067103,0.00163706
qvol_ma_ratio_20_80,72h,2026-02,0.008706,0.000116,-0.012474,-0.00015796,-0.00058592,-0.00154385
qvol_ma_ratio_20_80,72h,2026-03,0.003902,0.009184,-0.008561,0.00524536,0.0024989,-0.0025073
qvol_ma_ratio_20_80,72h,2026-04,-0.028883,-0.005425,-0.008139,0.01409687,0.00639476,0.00353289
qvol_ma_ratio_20_80,72h,2026-05,0.03379,0.002936,0.001526,0.01496339,0.01143521,0.00542464
qvol_ma_ratio_20_80,72h,2026-06,-0.031542,-0.008878,0.000153,-0.00825173,0.00693618,0.00471754
qvol_ma_ratio_5_20,1h,2024-06,0.015986,0.015986,0.015986,0.00036878,0.00036878,0.00036878
qvol_ma_ratio_5_20,1h,2024-07,-0.003997,0.005995,0.005995,6.779e-05,0.00021828,0.00021828
qvol_ma_ratio_5_20,1h,2024-08,-0.010991,0.000333,0.000333,-0.00011906,0.00010584,0.00010584
qvol_ma_ratio_5_20,1h,2024-09,-0.012002,-0.008997,-0.002751,5.901e-05,2.58e-06,9.413e-05
qvol_ma_ratio_5_20,1h,2024-10,-0.003462,-0.008818,-0.002893,0.00017653,3.883e-05,0.00011061
qvol_ma_ratio_5_20,1h,2024-11,-0.009661,-0.008375,-0.004021,0.00029182,0.00017579,0.00014081
qvol_ma_ratio_5_20,1h,2024-12,-0.011446,-0.00819,-0.008593,0.00010634,0.00019156,9.707e-05
qvol_ma_ratio_5_20,1h,2025-01,-0.008869,-0.009992,-0.009405,-0.0001726,7.519e-05,5.701e-05
qvol_ma_ratio_5_20,1h,2025-02,-0.012768,-0.011028,-0.009701,-0.00018694,-8.44e-05,4.569e-05
qvol_ma_ratio_5_20,1h,2025-03,-0.000726,-0.007454,-0.007822,8.65e-05,-9.101e-05,5.028e-05
qvol_ma_ratio_5_20,1h,2025-04,-0.012591,-0.008695,-0.009343,-0.00032924,-0.00014323,-3.402e-05
qvol_ma_ratio_5_20,1h,2025-05,-0.005334,-0.006217,-0.008622,0.00011453,-4.274e-05,-6.357e-05
qvol_ma_ratio_5_20,1h,2025-06,-0.006339,-0.008088,-0.007771,-3.586e-05,-8.352e-05,-8.727e-05
qvol_ma_ratio_5_20,1h,2025-07,-0.006698,-0.006124,-0.007409,5.821e-05,4.563e-05,-4.88e-05
qvol_ma_ratio_5_20,1h,2025-08,-0.000901,-0.004646,-0.005431,0.00010009,4.081e-05,-9.6e-07
qvol_ma_ratio_5_20,1h,2025-09,0.004299,-0.0011,-0.004594,0.00019912,0.00011914,1.781e-05
qvol_ma_ratio_5_20,1h,2025-10,-0.006238,-0.000947,-0.003535,0.00036364,0.00022095,0.00013329
qvol_ma_ratio_5_20,1h,2025-11,-0.007834,-0.003258,-0.003952,-1.661e-05,0.00018205,0.00011143
qvol_ma_ratio_5_20,1h,2025-12,-0.012494,-0.008855,-0.004978,-0.00016978,5.908e-05,8.911e-05
qvol_ma_ratio_5_20,1h,2026-01,-0.007428,-0.009252,-0.005099,-2.12e-06,-6.284e-05,7.906e-05
qvol_ma_ratio_5_20,1h,2026-02,-0.007047,-0.00899,-0.006124,4.3e-05,-4.297e-05,6.954e-05
qvol_ma_ratio_5_20,1h,2026-03,0.003371,-0.003702,-0.006278,0.00034486,0.00012858,9.383e-05
qvol_ma_ratio_5_20,1h,2026-04,0.002358,-0.000439,-0.004846,0.00048074,0.00028953,0.00011335
qvol_ma_ratio_5_20,1h,2026-05,-0.009848,-0.001373,-0.005182,6.38e-06,0.00027733,0.00011718
qvol_ma_ratio_5_20,1h,2026-06,-0.001321,-0.002937,-0.003319,-6.597e-05,0.00014038,0.00013448
qvol_ma_ratio_5_20,24h,2024-06,-0.026993,-0.026993,-0.026993,-0.00296844,-0.00296844,-0.00296844
qvol_ma_ratio_5_20,24h,2024-07,-0.009626,-0.018309,-0.018309,-9.146e-05,-0.00152995,-0.00152995
qvol_ma_ratio_5_20,24h,2024-08,-0.021715,-0.019445,-0.019445,-0.00036507,-0.00114166,-0.00114166
qvol_ma_ratio_5_20,24h,2024-09,0.013629,-0.005904,-0.011176,0.0011299,0.00022446,-0.00057377
qvol_ma_ratio_5_20,24h,2024-10,0.003087,-0.001666,-0.008324,0.00036986,0.00037823,-0.00038504
qvol_ma_ratio_5_20,24h,2024-11,-0.018112,-0.000465,-0.009955,0.00175979,0.00108652,-2.757e-05
qvol_ma_ratio_5_20,24h,2024-12,-0.010561,-0.008529,-0.007216,-3.056e-05,0.0006997,0.00046208
qvol_ma_ratio_5_20,24h,2025-01,-0.008589,-0.012421,-0.007044,-0.00055249,0.00039225,0.00038524
qvol_ma_ratio_5_20,24h,2025-02,-0.030362,-0.016504,-0.008485,-0.00501506,-0.00186604,-0.00038976
qvol_ma_ratio_5_20,24h,2025-03,-0.004593,-0.014515,-0.011522,-0.00077085,-0.0021128,-0.00070655
qvol_ma_ratio_5_20,24h,2025-04,-0.004245,-0.013067,-0.012744,0.00127955,-0.00150212,-0.00055494
qvol_ma_ratio_5_20,24h,2025-05,-0.018234,-0.009024,-0.012764,-0.00079919,-9.683e-05,-0.00098143
qvol_ma_ratio_5_20,24h,2025-06,-0.010476,-0.010985,-0.01275,-0.00036175,3.954e-05,-0.00103663
qvol_ma_ratio_5_20,24h,2025-07,0.013288,-0.00514,-0.009104,0.00087423,-9.557e-05,-0.00079884
qvol_ma_ratio_5_20,24h,2025-08,0.021315,0.008042,-0.000491,0.00474719,0.00175322,0.0008282
qvol_ma_ratio_5_20,24h,2025-09,0.008712,0.014438,0.001727,-0.00057558,0.00168195,0.00086074
qvol_ma_ratio_5_20,24h,2025-10,0.000178,0.010068,0.002464,0.00162322,0.00193161,0.00091802
qvol_ma_ratio_5_20,24h,2025-11,-0.007049,0.000614,0.004328,-0.00227048,-0.00040761,0.0006728
qvol_ma_ratio_5_20,24h,2025-12,-0.016118,-0.007663,0.003388,-0.00321182,-0.00128636,0.00019779
qvol_ma_ratio_5_20,24h,2026-01,-0.008242,-0.01047,-0.000201,0.00069363,-0.00159622,0.00016769
qvol_ma_ratio_5_20,24h,2026-02,-0.00861,-0.01099,-0.005188,-0.00261726,-0.00171182,-0.00105972
qvol_ma_ratio_5_20,24h,2026-03,0.01787,0.000339,-0.003662,0.00225285,0.00010974,-0.00058831
qvol_ma_ratio_5_20,24h,2026-04,-0.001409,0.002617,-0.003926,0.00421721,0.00128427,-0.00015598
qvol_ma_ratio_5_20,24h,2026-05,-0.005511,0.00365,-0.00367,9.932e-05,0.00218979,0.00023899
qvol_ma_ratio_5_20,24h,2026-06,0.017741,0.003607,0.001973,0.00566993,0.00332882,0.00171928
qvol_ma_ratio_5_20,4h,2024-06,0.030359,0.030359,0.030359,0.00145408,0.00145408,0.00145408
qvol_ma_ratio_5_20,4h,2024-07,-0.007878,0.01124,0.01124,0.00034004,0.00089706,0.00089706
qvol_ma_ratio_5_20,4h,2024-08,-0.02286,-0.000126,-0.000126,-0.00055356,0.00041352,0.00041352
qvol_ma_ratio_5_20,4h,2024-09,0.000613,-0.010042,5.9e-05,0.00031506,3.385e-05,0.0003889
qvol_ma_ratio_5_20,4h,2024-10,0.004432,-0.005938,0.000933,0.00052756,9.635e-05,0.00041664
qvol_ma_ratio_5_20,4h,2024-11,-0.007263,-0.000739,-0.000433,0.00105394,0.00063219,0.00052285
qvol_ma_ratio_5_20,4h,2024-12,0.001508,-0.000441,-0.005241,0.00053937,0.00070696,0.0003704
qvol_ma_ratio_5_20,4h,2025-01,-0.008296,-0.004684,-0.005311,-0.00056891,0.00034147,0.00021891
qvol_ma_ratio_5_20,4h,2025-02,-0.010736,-0.005841,-0.00329,-0.00063489,-0.00022148,0.00020536
qvol_ma_ratio_5_20,4h,2025-03,-0.009085,-0.009372,-0.004907,-0.00014432,-0.00044937,0.00012879
qvol_ma_ratio_5_20,4h,2025-04,-0.017866,-0.012563,-0.008623,-0.00101985,-0.00059969,-0.00012911
qvol_ma_ratio_5_20,4h,2025-05,-0.007985,-0.011646,-0.008743,0.00041244,-0.00025058,-0.00023603
qvol_ma_ratio_5_20,4h,2025-06,-0.004943,-0.010265,-0.009819,-0.00010484,-0.00023742,-0.0003434
qvol_ma_ratio_5_20,4h,2025-07,-0.004813,-0.005914,-0.009238,0.00059952,0.00030237,-0.00014866
qvol_ma_ratio_5_20,4h,2025-08,0.006241,-0.001172,-0.006409,0.00037108,0.00028859,1.9e-05
qvol_ma_ratio_5_20,4h,2025-09,0.009347,0.003592,-0.003337,0.0002194,0.00039667,7.962e-05
qvol_ma_ratio_5_20,4h,2025-10,-0.008823,0.002255,-0.001829,0.00144698,0.00067915,0.00049076
qvol_ma_ratio_5_20,4h,2025-11,-0.003233,-0.000903,-0.001037,5.147e-05,0.00057262,0.0004306
qvol_ma_ratio_5_20,4h,2025-12,-0.016236,-0.009431,-0.00292,-0.00067748,0.00027366,0.00033516
qvol_ma_ratio_5_20,4h,2026-01,-0.0047,-0.008056,-0.002901,6.248e-05,-0.00018784,0.00024566
qvol_ma_ratio_5_20,4h,2026-02,-0.017231,-0.012722,-0.006813,0.00014015,-0.00015828,0.00020717
qvol_ma_ratio_5_20,4h,2026-03,0.006033,-0.005299,-0.007365,0.00095628,0.0003863,0.00032998
qvol_ma_ratio_5_20,4h,2026-04,0.000287,-0.003637,-0.005847,0.00097251,0.00068965,0.0002509
qvol_ma_ratio_5_20,4h,2026-05,-0.015999,-0.003226,-0.007974,-0.00025555,0.00055775,0.00019973
qvol_ma_ratio_5_20,4h,2026-06,-0.002348,-0.00602,-0.00566,0.00035064,0.00035587,0.00037109
qvol_ma_ratio_5_20,72h,2024-06,-0.012154,-0.012154,-0.012154,-0.00196949,-0.00196949,-0.00196949
qvol_ma_ratio_5_20,72h,2024-07,-0.0082,-0.010177,-0.010177,-0.000684,-0.00132675,-0.00132675
qvol_ma_ratio_5_20,72h,2024-08,-0.012626,-0.010993,-0.010993,-0.00074872,-0.00113407,-0.00113407
qvol_ma_ratio_5_20,72h,2024-09,0.007694,-0.004377,-0.006321,0.00174856,0.00010528,-0.00041341
qvol_ma_ratio_5_20,72h,2024-10,0.003001,-0.000644,-0.004457,0.00099676,0.00066553,-0.00013138
qvol_ma_ratio_5_20,72h,2024-11,0.003987,0.004894,-0.00305,0.00430952,0.00235161,0.00060877
qvol_ma_ratio_5_20,72h,2024-12,-0.015302,-0.002771,-0.003574,-0.00096665,0.00144654,0.00077591
qvol_ma_ratio_5_20,72h,2025-01,0.002087,-0.003076,-0.00186,-0.00258261,0.00025342,0.00045948
qvol_ma_ratio_5_20,72h,2025-02,-0.024202,-0.012472,-0.003789,-0.00364117,-0.00239681,-2.26e-05
qvol_ma_ratio_5_20,72h,2025-03,-0.012525,-0.011547,-0.007159,-0.00519827,-0.00380735,-0.0011804
qvol_ma_ratio_5_20,72h,2025-04,-0.005104,-0.013943,-0.00851,0.00257257,-0.00208896,-0.00091777
qvol_ma_ratio_5_20,72h,2025-05,0.011011,-0.002206,-0.007339,0.00516168,0.00084533,-0.00077574
qvol_ma_ratio_5_20,72h,2025-06,-0.00408,0.000609,-0.005469,-0.0006048,0.00237648,-0.00071543
qvol_ma_ratio_5_20,72h,2025-07,0.005358,0.004096,-0.004924,0.00353707,0.00269798,0.00030451
qvol_ma_ratio_5_20,72h,2025-08,0.00806,0.003113,0.000453,0.01946743,0.00746657,0.00415595
qvol_ma_ratio_5_20,72h,2025-09,0.007693,0.007037,0.003823,0.00066304,0.00788918,0.00513283
qvol_ma_ratio_5_20,72h,2025-10,-0.005427,0.003442,0.003769,-0.00493326,0.00506574,0.00388186
qvol_ma_ratio_5_20,72h,2025-11,-0.010847,-0.002861,0.000126,-0.00048727,-0.00158583,0.00294037
qvol_ma_ratio_5_20,72h,2025-12,-0.009573,-0.008616,-0.00079,-0.00643788,-0.0039528,0.00196819
qvol_ma_ratio_5_20,72h,2026-01,-0.000369,-0.00693,-0.001744,0.00284123,-0.00136131,0.00185222
qvol_ma_ratio_5_20,72h,2026-02,0.001411,-0.002844,-0.002852,-0.00102503,-0.00154056,-0.00156319
qvol_ma_ratio_5_20,72h,2026-03,0.005019,0.00202,-0.003298,0.00017254,0.00066291,-0.00164494
qvol_ma_ratio_5_20,72h,2026-04,-0.001552,0.001626,-0.002652,0.00699518,0.00204756,0.00034313
qvol_ma_ratio_5_20,72h,2026-05,0.014295,0.005921,0.001538,0.0044539,0.00387387,0.00116666
qvol_ma_ratio_5_20,72h,2026-06,0.002125,0.004956,0.003488,-0.00217975,0.00308978,0.00187634
qvol_zscore_20h,1h,2024-06,0.010704,0.010704,0.010704,0.00024406,0.00024406,0.00024406
qvol_zscore_20h,1h,2024-07,0.00188,0.006292,0.006292,0.0001367,0.00019038,0.00019038
qvol_zscore_20h,1h,2024-08,-0.009952,0.000877,0.000877,8.128e-05,0.00015401,0.00015401
qvol_zscore_20h,1h,2024-09,-0.017382,-0.008485,-0.003687,-4.794e-05,5.668e-05,0.00010352
qvol_zscore_20h,1h,2024-10,-0.011426,-0.01292,-0.005235,1.602e-05,1.645e-05,8.602e-05
qvol_zscore_20h,1h,2024-11,-0.014747,-0.014518,-0.00682,0.00011244,2.684e-05,9.043e-05
qvol_zscore_20h,1h,2024-12,-0.011494,-0.012556,-0.01052,0.0001648,9.775e-05,7.722e-05
qvol_zscore_20h,1h,2025-01,-0.010385,-0.012209,-0.012564,-0.00017936,3.263e-05,2.454e-05
qvol_zscore_20h,1h,2025-02,-0.010216,-0.010698,-0.012608,-0.00024473,-8.643e-05,-2.98e-05
qvol_zscore_20h,1h,2025-03,-0.000166,-0.006922,-0.009739,0.00020571,-7.279e-05,1.248e-05
qvol_zscore_20h,1h,2025-04,-0.010744,-0.007042,-0.009625,-3.343e-05,-2.415e-05,4.24e-06
qvol_zscore_20h,1h,2025-05,-0.006668,-0.005859,-0.008279,8.404e-05,8.544e-05,-5e-07
qvol_zscore_20h,1h,2025-06,-0.005603,-0.007671,-0.007297,-4.801e-05,8.7e-07,-3.596e-05
qvol_zscore_20h,1h,2025-07,-0.014409,-0.008893,-0.007967,-4.239e-05,-2.12e-06,-1.314e-05
qvol_zscore_20h,1h,2025-08,-0.005967,-0.008659,-0.007259,0.00017254,2.738e-05,5.641e-05
qvol_zscore_20h,1h,2025-09,-0.000572,-0.006982,-0.007327,0.00022851,0.00011955,6.021e-05
qvol_zscore_20h,1h,2025-10,-0.007325,-0.004621,-0.006757,0.00017556,0.0001922,9.504e-05
qvol_zscore_20h,1h,2025-11,-0.008997,-0.005631,-0.007145,0.00019748,0.00020052,0.00011395
qvol_zscore_20h,1h,2025-12,-0.013566,-0.009962,-0.008472,-0.0002743,3.291e-05,7.623e-05
qvol_zscore_20h,1h,2026-01,-0.005739,-0.009434,-0.007027,9.102e-05,4.73e-06,9.847e-05
qvol_zscore_20h,1h,2026-02,-0.002894,-0.007399,-0.006515,0.00016416,-6.37e-06,9.707e-05
qvol_zscore_20h,1h,2026-03,0.003167,-0.001822,-0.005892,0.00039952,0.00021823,0.00012557
qvol_zscore_20h,1h,2026-04,-0.001638,-0.000455,-0.004944,0.00050452,0.00035607,0.0001804
qvol_zscore_20h,1h,2026-05,-0.007899,-0.002123,-0.004761,-5.393e-05,0.00028337,0.0001385
qvol_zscore_20h,1h,2026-06,-0.011632,-0.007056,-0.004439,-0.00013156,0.00010634,0.00016229
qvol_zscore_20h,24h,2024-06,-0.008087,-0.008087,-0.008087,-0.00175543,-0.00175543,-0.00175543
qvol_zscore_20h,24h,2024-07,-0.003021,-0.005554,-0.005554,-5.944e-05,-0.00090744,-0.00090744
qvol_zscore_20h,24h,2024-08,-0.008409,-0.006506,-0.006506,0.00059997,-0.00040497,-0.00040497
qvol_zscore_20h,24h,2024-09,0.007178,-0.001417,-0.003085,0.00085158,0.00046404,-9.083e-05
qvol_zscore_20h,24h,2024-10,0.00866,0.002476,-0.000736,0.00047129,0.00064095,2.159e-05
qvol_zscore_20h,24h,2024-11,-0.011369,0.00149,-0.002508,0.00029115,0.00053801,6.652e-05
qvol_zscore_20h,24h,2024-12,-0.004483,-0.002397,-0.001907,0.00065603,0.00047282,0.00046843
qvol_zscore_20h,24h,2025-01,0.005062,-0.003597,-0.00056,0.00029464,0.00041394,0.00052744
qvol_zscore_20h,24h,2025-02,-0.008112,-0.002511,-0.000511,-0.00167124,-0.00024019,0.00014891
qvol_zscore_20h,24h,2025-03,-0.002104,-0.001718,-0.002058,0.00012238,-0.00041807,2.738e-05
qvol_zscore_20h,24h,2025-04,-0.000455,-0.003557,-0.003577,0.00162828,2.647e-05,0.00022021
qvol_zscore_20h,24h,2025-05,-0.016846,-0.006469,-0.00449,-0.00061623,0.00037814,6.898e-05
qvol_zscore_20h,24h,2025-06,0.004247,-0.004352,-0.003035,0.0005802,0.00053075,5.634e-05
qvol_zscore_20h,24h,2025-07,0.004912,-0.002562,-0.00306,0.00034147,0.00010181,6.414e-05
qvol_zscore_20h,24h,2025-08,0.01444,0.007866,0.000699,0.0036871,0.00153626,0.0009572
qvol_zscore_20h,24h,2025-09,0.008164,0.009172,0.00241,0.00063867,0.00155575,0.00104325
qvol_zscore_20h,24h,2025-10,-0.002441,0.006721,0.002079,-8.8e-05,0.00141259,0.0007572
qvol_zscore_20h,24h,2025-11,-0.005386,0.000112,0.003989,-0.00027816,9.084e-05,0.00081355
qvol_zscore_20h,24h,2025-12,-0.012996,-0.006941,0.001115,-0.00225545,-0.00087387,0.00034094
qvol_zscore_20h,24h,2026-01,-0.01172,-0.010034,-0.001657,0.00023834,-0.00076509,0.00032375
qvol_zscore_20h,24h,2026-02,-0.011116,-0.011944,-0.005916,-0.00104935,-0.00102215,-0.00046566
qvol_zscore_20h,24h,2026-03,0.011371,-0.003822,-0.005381,0.00273937,0.00064279,-0.00011554
qvol_zscore_20h,24h,2026-04,-0.007977,-0.002574,-0.006304,0.00333763,0.00167588,0.0004554
qvol_zscore_20h,24h,2026-05,-0.007604,-0.001403,-0.006674,0.00060808,0.00222836,0.0006031
qvol_zscore_20h,24h,2026-06,0.012623,-0.000986,-0.002404,0.00364705,0.00253092,0.00158685
qvol_zscore_20h,4h,2024-06,0.014109,0.014109,0.014109,0.00069298,0.00069298,0.00069298
qvol_zscore_20h,4h,2024-07,-0.007153,0.003478,0.003478,5.989e-05,0.00037644,0.00037644
qvol_zscore_20h,4h,2024-08,-0.018525,-0.003856,-0.003856,-0.00044334,0.00010318,0.00010318
qvol_zscore_20h,4h,2024-09,-0.013562,-0.01308,-0.006283,-1.772e-05,-0.00013372,7.295e-05
qvol_zscore_20h,4h,2024-10,-0.002856,-0.011647,-0.005597,0.00024998,-7.036e-05,0.00010836
qvol_zscore_20h,4h,2024-11,-0.012034,-0.009484,-0.00667,0.00047676,0.00023634,0.00016976
qvol_zscore_20h,4h,2024-12,-0.008269,-0.00772,-0.0104,0.00032771,0.00035148,0.00010888
qvol_zscore_20h,4h,2025-01,-0.010407,-0.010237,-0.010942,-0.00018505,0.00020647,6.806e-05
qvol_zscore_20h,4h,2025-02,-0.009956,-0.009544,-0.009514,-0.00054138,-0.00013291,5.172e-05
qvol_zscore_20h,4h,2025-03,-0.004432,-0.008265,-0.007992,0.00042525,-0.00010039,0.00012554
qvol_zscore_20h,4h,2025-04,-0.01143,-0.008606,-0.009421,-0.00022732,-0.00011448,4.599e-05
qvol_zscore_20h,4h,2025-05,-0.006109,-0.007324,-0.008434,0.00054782,0.00024858,5.784e-05
qvol_zscore_20h,4h,2025-06,-0.006066,-0.007868,-0.008067,-0.00018648,4.467e-05,-2.786e-05
qvol_zscore_20h,4h,2025-07,-0.014519,-0.008898,-0.008752,-0.00015015,7.04e-05,-2.204e-05
qvol_zscore_20h,4h,2025-08,-0.000992,-0.007192,-0.007258,0.00012968,-6.898e-05,8.98e-05
qvol_zscore_20h,4h,2025-09,0.000608,-0.004967,-0.006418,0.00033591,0.00010515,7.491e-05
qvol_zscore_20h,4h,2025-10,-0.010723,-0.003702,-0.0063,0.00110297,0.00052285,0.00029662
qvol_zscore_20h,4h,2025-11,-0.011465,-0.007193,-0.007193,-2.819e-05,0.00047023,0.00020062
qvol_zscore_20h,4h,2025-12,-0.019867,-0.014018,-0.009493,-0.00086076,7.134e-05,8.824e-05
qvol_zscore_20h,4h,2026-01,-0.005008,-0.012113,-0.007908,0.00049084,-0.0001327,0.00019507
qvol_zscore_20h,4h,2026-02,-0.011065,-0.01198,-0.009587,0.00070392,0.00011133,0.00029078
qvol_zscore_20h,4h,2026-03,-0.00299,-0.006354,-0.010186,0.00066969,0.00062148,0.00034641
qvol_zscore_20h,4h,2026-04,-0.004662,-0.006239,-0.009176,0.00108174,0.00081845,0.00034287
qvol_zscore_20h,4h,2026-05,-0.014113,-0.007255,-0.009618,-0.00013906,0.00053746,0.0003244
qvol_zscore_20h,4h,2026-06,-0.005443,-0.008073,-0.007214,-0.00028913,0.00021785,0.00041967
qvol_zscore_20h,72h,2024-06,0.004407,0.004407,0.004407,-0.00050512,-0.00050512,-0.00050512
qvol_zscore_20h,72h,2024-07,0.002164,0.003285,0.003285,-0.000657,-0.00058106,-0.00058106
qvol_zscore_20h,72h,2024-08,0.000252,0.002274,0.002274,0.00025363,-0.00030283,-0.00030283
qvol_zscore_20h,72h,2024-09,0.002576,0.001664,0.00235,0.00112683,0.00024115,5.459e-05
qvol_zscore_20h,72h,2024-10,0.003187,0.002005,0.002517,8.857e-05,0.00048968,6.138e-05
qvol_zscore_20h,72h,2024-11,0.008957,0.004907,0.003591,0.00208641,0.0011006,0.00039889
qvol_zscore_20h,72h,2024-12,-0.00789,0.001418,0.001541,-0.00084176,0.00044441,0.00034278
qvol_zscore_20h,72h,2025-01,0.008577,0.003215,0.00261,-0.00056591,0.00022625,0.00035796
qvol_zscore_20h,72h,2025-02,-0.007337,-0.002217,0.001345,-0.00045157,-0.00061975,0.00024043
qvol_zscore_20h,72h,2025-03,-0.006664,-0.001808,-0.000195,-0.00323896,-0.00141881,-0.0004872
qvol_zscore_20h,72h,2025-04,-0.000963,-0.004988,-0.000887,0.00368133,-3.07e-06,0.00011159
qvol_zscore_20h,72h,2025-05,0.003751,-0.001292,-0.001754,0.00282269,0.00108835,0.0002343
qvol_zscore_20h,72h,2025-06,-0.001087,0.000567,-0.000621,-0.00065128,0.00195091,0.00026605
qvol_zscore_20h,72h,2025-07,0.00209,0.001585,-0.001702,0.00213981,0.00143707,0.000717
qvol_zscore_20h,72h,2025-08,0.006403,0.002469,0.000588,0.01794989,0.00647947,0.00378391
qvol_zscore_20h,72h,2025-09,0.004853,0.004449,0.002508,0.00261615,0.00756862,0.00475977
qvol_zscore_20h,72h,2025-10,-0.004409,0.002282,0.001934,-0.00613471,0.00481044,0.00312376
qvol_zscore_20h,72h,2025-11,-0.00461,-0.001389,0.00054,0.00265988,-0.00028623,0.00309662
qvol_zscore_20h,72h,2025-12,-0.01079,-0.006603,-0.001077,-0.0055476,-0.00300748,0.00228057
qvol_zscore_20h,72h,2026-01,-0.00135,-0.005583,-0.00165,0.00237198,-0.00017191,0.00231927
qvol_zscore_20h,72h,2026-02,-0.004021,-0.005387,-0.003388,-0.0010759,-0.00141717,-0.0008517
qvol_zscore_20h,72h,2026-03,0.004919,-0.000151,-0.003377,0.00039591,0.000564,-0.00122174
qvol_zscore_20h,72h,2026-04,-0.003972,-0.001025,-0.003304,0.00787381,0.00239794,0.00111301
qvol_zscore_20h,72h,2026-05,0.006831,0.002593,-0.001397,0.00416151,0.00414374,0.00136328
qvol_zscore_20h,72h,2026-06,-0.00244,0.000139,-6e-06,-0.00064824,0.00379569,0.00217985
qvol_zscore_48h,1h,2024-06,0.007368,0.007368,0.007368,5.776e-05,5.776e-05,5.776e-05
qvol_zscore_48h,1h,2024-07,7.8e-05,0.003723,0.003723,0.00012959,9.368e-05,9.368e-05
qvol_zscore_48h,1h,2024-08,-0.016165,-0.002906,-0.002906,2.143e-05,6.959e-05,6.959e-05
qvol_zscore_48h,1h,2024-09,-0.014529,-0.010205,-0.005812,6.99e-05,7.364e-05,6.967e-05
qvol_zscore_48h,1h,2024-10,-0.012447,-0.01438,-0.007139,1.919e-05,3.684e-05,5.957e-05
qvol_zscore_48h,1h,2024-11,-0.017975,-0.014984,-0.008945,0.00019739,9.549e-05,8.254e-05
qvol_zscore_48h,1h,2024-12,-0.013796,-0.014739,-0.012472,0.00023299,0.00014986,0.00011175
qvol_zscore_48h,1h,2025-01,-0.01018,-0.013983,-0.014182,-0.00010022,0.00011005,7.345e-05
qvol_zscore_48h,1h,2025-02,-0.01255,-0.012175,-0.013579,-0.00034711,-7.145e-05,1.202e-05
qvol_zscore_48h,1h,2025-03,-0.003725,-0.008818,-0.011779,9.159e-05,-0.00011858,1.564e-05
qvol_zscore_48h,1h,2025-04,-0.007967,-0.008081,-0.011032,5.182e-05,-6.79e-05,2.108e-05
qvol_zscore_48h,1h,2025-05,-0.006791,-0.006161,-0.009168,4.252e-05,6.198e-05,-4.73e-06
qvol_zscore_48h,1h,2025-06,-0.002349,-0.005702,-0.00726,-9.063e-05,1.24e-06,-5.867e-05
qvol_zscore_48h,1h,2025-07,-0.012601,-0.007247,-0.007664,4.919e-05,3.6e-07,-3.377e-05
qvol_zscore_48h,1h,2025-08,-0.007428,-0.007459,-0.00681,0.00015766,3.874e-05,5.036e-05
qvol_zscore_48h,1h,2025-09,0.001243,-0.006262,-0.005982,0.00037357,0.00019347,9.735e-05
qvol_zscore_48h,1h,2025-10,-0.007399,-0.004528,-0.005887,0.00021873,0.00024999,0.00012517
qvol_zscore_48h,1h,2025-11,-0.010321,-0.005492,-0.006476,0.00010475,0.00023235,0.00013554
qvol_zscore_48h,1h,2025-12,-0.014713,-0.010811,-0.008537,-0.00028887,1.154e-05,0.00010251
qvol_zscore_48h,1h,2026-01,-0.007435,-0.010823,-0.007676,6.317e-05,-4.032e-05,0.00010483
qvol_zscore_48h,1h,2026-02,-0.004508,-0.008885,-0.007189,9.217e-05,-4.451e-05,9.392e-05
qvol_zscore_48h,1h,2026-03,0.007201,-0.001581,-0.006196,0.0005404,0.00023191,0.00012173
qvol_zscore_48h,1h,2026-04,-0.006115,-0.001141,-0.005982,0.00042231,0.00035163,0.00015566
qvol_zscore_48h,1h,2026-05,-0.006747,-0.001887,-0.005386,5.382e-05,0.00033884,0.00014717
qvol_zscore_48h,1h,2026-06,-0.002521,-0.005128,-0.003354,0.00016891,0.00021501,0.00022346
qvol_zscore_48h,24h,2024-06,-0.005125,-0.005125,-0.005125,-0.00220022,-0.00220022,-0.00220022
qvol_zscore_48h,24h,2024-07,0.003421,-0.000852,-0.000852,0.00069946,-0.00075038,-0.00075038
qvol_zscore_48h,24h,2024-08,-0.000663,-0.000789,-0.000789,0.00011415,-0.0004622,-0.0004622
qvol_zscore_48h,24h,2024-09,0.008941,0.0039,0.001643,0.00086231,0.00055864,-0.00013108
qvol_zscore_48h,24h,2024-10,-0.003721,0.001519,0.000571,-0.00029977,0.00022556,-0.00016481
qvol_zscore_48h,24h,2024-11,-0.016483,-0.003754,-0.002272,0.00071758,0.00042671,-1.775e-05
qvol_zscore_48h,24h,2024-12,-0.012641,-0.010948,-0.003524,0.00015679,0.00019153,0.00037509
qvol_zscore_48h,24h,2025-01,0.011693,-0.00581,-0.002146,0.00141428,0.00076288,0.00049422
qvol_zscore_48h,24h,2025-02,-0.020002,-0.006983,-0.005369,-0.00287138,-0.00043344,-3.37e-06
qvol_zscore_48h,24h,2025-03,-0.009519,-0.005942,-0.008445,-0.00162415,-0.00102708,-0.00041778
qvol_zscore_48h,24h,2025-04,-0.004238,-0.011253,-0.008532,0.00339214,-0.0003678,0.00019754
qvol_zscore_48h,24h,2025-05,-0.015491,-0.009749,-0.008366,-0.001114,0.000218,-0.00010772
qvol_zscore_48h,24h,2025-06,-0.002284,-0.007338,-0.00664,-0.00058632,0.00056394,-0.00023157
qvol_zscore_48h,24h,2025-07,-0.000975,-0.00625,-0.008752,0.00011105,-0.00052976,-0.00044878
qvol_zscore_48h,24h,2025-08,0.006253,0.000998,-0.004376,0.00530926,0.00161133,0.00091466
qvol_zscore_48h,24h,2025-09,0.007073,0.004117,-0.00161,0.00354269,0.00298767,0.0017758
qvol_zscore_48h,24h,2025-10,-0.013501,-5.8e-05,-0.003154,-0.0028558,0.00199872,0.00073448
qvol_zscore_48h,24h,2025-11,-0.025222,-0.01055,-0.004776,-0.00138511,-0.00023274,0.00068929
qvol_zscore_48h,24h,2025-12,-0.028522,-0.022415,-0.009149,-0.0043306,-0.00285717,6.525e-05
qvol_zscore_48h,24h,2026-01,-0.012874,-0.022206,-0.011132,0.00097933,-0.00157879,0.00020996
qvol_zscore_48h,24h,2026-02,-0.017796,-0.019731,-0.01514,-0.00229326,-0.00188151,-0.00105713
qvol_zscore_48h,24h,2026-03,0.018377,-0.004098,-0.013256,0.00401281,0.00089963,-0.00097877
qvol_zscore_48h,24h,2026-04,-0.019688,-0.006369,-0.014287,0.00418966,0.00196974,0.00019547
qvol_zscore_48h,24h,2026-05,-0.00186,-0.001057,-0.010394,0.00267982,0.00362743,0.00087296
qvol_zscore_48h,24h,2026-06,0.015527,-0.002007,-0.003052,0.00434374,0.00373774,0.00231868
qvol_zscore_48h,4h,2024-06,0.011703,0.011703,0.011703,0.00025674,0.00025674,0.00025674
qvol_zscore_48h,4h,2024-07,-0.007274,0.002214,0.002214,-2.875e-05,0.00011399,0.00011399
qvol_zscore_48h,4h,2024-08,-0.021347,-0.005639,-0.005639,-0.00043392,-6.864e-05,-6.864e-05
qvol_zscore_48h,4h,2024-09,-0.004643,-0.011088,-0.00539,0.00031448,-4.94e-05,2.714e-05
qvol_zscore_48h,4h,2024-10,-0.006505,-0.010832,-0.005613,0.00019334,2.463e-05,6.038e-05
qvol_zscore_48h,4h,2024-11,-0.018119,-0.009756,-0.007698,0.00063578,0.0003812,0.00015628
qvol_zscore_48h,4h,2024-12,-0.015057,-0.013227,-0.012158,0.00029243,0.00037385,0.00016223
qvol_zscore_48h,4h,2025-01,-0.009923,-0.014366,-0.012599,-0.00020163,0.00024219,0.00013341
qvol_zscore_48h,4h,2025-02,-0.014767,-0.013249,-0.011503,-0.00066056,-0.00018992,9.564e-05
qvol_zscore_48h,4h,2025-03,-0.013207,-0.012633,-0.01293,-0.00017765,-0.00034661,1.362e-05
qvol_zscore_48h,4h,2025-04,-0.007178,-0.011717,-0.013042,0.00030854,-0.00017656,3.282e-05
qvol_zscore_48h,4h,2025-05,-0.013182,-0.011189,-0.012219,1.925e-05,5.005e-05,-6.994e-05
qvol_zscore_48h,4h,2025-06,-0.00247,-0.00761,-0.010121,-0.00023332,3.149e-05,-0.00015756
qvol_zscore_48h,4h,2025-07,-0.012777,-0.009477,-0.010597,0.00016815,-1.531e-05,-9.593e-05
qvol_zscore_48h,4h,2025-08,-0.00431,-0.006519,-0.008854,0.0004372,0.00012401,8.703e-05
qvol_zscore_48h,4h,2025-09,0.003196,-0.00463,-0.00612,0.00081289,0.00047275,0.00025212
qvol_zscore_48h,4h,2025-10,-0.014375,-0.005163,-0.00732,0.00075933,0.00066981,0.00032725
qvol_zscore_48h,4h,2025-11,-0.014962,-0.008713,-0.007616,-0.00012484,0.00048246,0.00030323
qvol_zscore_48h,4h,2025-12,-0.02664,-0.018659,-0.011644,-0.00131677,-0.00022743,0.00012266
qvol_zscore_48h,4h,2026-01,-0.009682,-0.017094,-0.011129,0.00050354,-0.00031269,0.00017856
qvol_zscore_48h,4h,2026-02,-0.015129,-0.01715,-0.012932,0.0002498,-0.00018781,0.00014732
qvol_zscore_48h,4h,2026-03,-0.000271,-0.008361,-0.01351,0.00104289,0.00059874,0.00018566
qvol_zscore_48h,4h,2026-04,-0.010934,-0.008778,-0.012936,0.00115524,0.00081598,0.00025164
qvol_zscore_48h,4h,2026-05,-0.012892,-0.008032,-0.012591,7.737e-05,0.0007585,0.00028535
qvol_zscore_48h,4h,2026-06,0.006029,-0.005932,-0.007146,0.00117552,0.00080271,0.00070073
qvol_zscore_48h,72h,2024-06,0.021506,0.021506,0.021506,0.00158955,0.00158955,0.00158955
qvol_zscore_48h,72h,2024-07,0.003223,0.012365,0.012365,-0.001094,0.00024777,0.00024777
qvol_zscore_48h,72h,2024-08,-0.001406,0.007774,0.007774,-0.00126233,-0.00025559,-0.00025559
qvol_zscore_48h,72h,2024-09,-0.00461,-0.000931,0.004678,0.00014202,-0.0007381,-0.00015619
qvol_zscore_48h,72h,2024-10,-0.0057,-0.003905,0.002603,-0.00088534,-0.00066855,-0.00030202
qvol_zscore_48h,72h,2024-11,0.007633,-0.000892,0.003441,0.00437184,0.00120951,0.00047696
qvol_zscore_48h,72h,2024-12,-0.01619,-0.004752,-0.002841,-0.00114729,0.00077974,2.082e-05
qvol_zscore_48h,72h,2025-01,0.005269,-0.001096,-0.002501,-0.0023738,0.00028358,-0.00019248
qvol_zscore_48h,72h,2025-02,-0.011695,-0.007539,-0.004215,-0.00155096,-0.00169068,-0.00024059
qvol_zscore_48h,72h,2025-03,-0.016273,-0.007566,-0.006159,-0.00655087,-0.00349188,-0.00135607
qvol_zscore_48h,72h,2025-04,0.005118,-0.007617,-0.004356,0.00807848,-7.78e-06,0.0001379
qvol_zscore_48h,72h,2025-05,0.004304,-0.002284,-0.004911,0.00449552,0.00200771,0.00015851
qvol_zscore_48h,72h,2025-06,-0.000971,0.002817,-0.002375,-0.00084716,0.00390895,0.00020854
qvol_zscore_48h,72h,2025-07,0.000286,0.001207,-0.003205,0.00274038,0.00212958,0.0010609
qvol_zscore_48h,72h,2025-08,0.000584,-3.3e-05,-0.001158,0.02097662,0.00762328,0.0048155
qvol_zscore_48h,72h,2025-09,0.001062,0.000644,0.001731,0.00747553,0.01039751,0.00715323
qvol_zscore_48h,72h,2025-10,-0.013746,-0.004033,-0.001413,-0.0122616,0.00539685,0.00376322
qvol_zscore_48h,72h,2025-11,-0.013312,-0.008665,-0.004349,0.00427626,-0.00016994,0.00372667
qvol_zscore_48h,72h,2025-12,-0.024649,-0.017235,-0.008296,-0.01016628,-0.00605054,0.00217349
qvol_zscore_48h,72h,2026-01,0.008565,-0.009798,-0.006916,0.00500698,-0.00029435,0.00255125
qvol_zscore_48h,72h,2026-02,-0.004931,-0.007005,-0.007835,-0.00130634,-0.00215521,-0.00116257
qvol_zscore_48h,72h,2026-03,0.006873,0.003502,-0.006867,0.00318155,0.00229406,-0.00187824
qvol_zscore_48h,72h,2026-04,-0.014386,-0.004148,-0.006973,0.01388675,0.00525399,0.00247982
qvol_zscore_48h,72h,2026-05,0.015704,0.00273,-0.002137,0.0086541,0.00857413,0.00320946
qvol_zscore_48h,72h,2026-06,-0.011471,-0.003385,5.9e-05,-0.00215153,0.00679644,0.00454525
range_1h,1h,2024-06,-0.044154,-0.044154,-0.044154,4.721e-05,4.721e-05,4.721e-05
range_1h,1h,2024-07,-0.038383,-0.041268,-0.041268,-7.47e-06,1.987e-05,1.987e-05
range_1h,1h,2024-08,-0.045645,-0.042727,-0.042727,-8.647e-05,-1.558e-05,-1.558e-05
range_1h,1h,2024-09,-0.033778,-0.039268,-0.04049,0.00026609,5.738e-05,5.484e-05
range_1h,1h,2024-10,-0.042971,-0.040798,-0.040986,4.026e-05,7.329e-05,5.192e-05
range_1h,1h,2024-11,-0.041812,-0.03952,-0.041124,5.161e-05,0.00011932,5.187e-05
range_1h,1h,2024-12,-0.043768,-0.04285,-0.041059,-0.00012836,-1.216e-05,2.261e-05
range_1h,1h,2025-01,-0.071401,-0.052327,-0.046562,-0.00065268,-0.00024314,-8.493e-05
range_1h,1h,2025-02,-0.043318,-0.052829,-0.046175,-0.00037333,-0.00038479,-0.00013274
range_1h,1h,2025-03,-0.03047,-0.048396,-0.045623,-8.474e-05,-0.00037025,-0.00019121
range_1h,1h,2025-04,-0.024092,-0.032627,-0.042477,0.00045388,-1.4e-06,-0.00012227
range_1h,1h,2025-05,-0.037722,-0.030761,-0.041795,3.335e-05,0.00013416,-0.00012531
range_1h,1h,2025-06,-0.035505,-0.03244,-0.040418,-0.00014586,0.00011379,-0.00012823
range_1h,1h,2025-07,-0.035438,-0.036222,-0.034424,7.809e-05,-1.147e-05,-6.43e-06
range_1h,1h,2025-08,-0.032952,-0.034632,-0.032697,0.00036982,0.00010068,0.00011742
range_1h,1h,2025-09,-0.032636,-0.033675,-0.033058,0.00062318,0.00035703,0.00023541
range_1h,1h,2025-10,-0.037654,-0.034414,-0.035318,0.00044369,0.0004789,0.00023371
range_1h,1h,2025-11,-0.045131,-0.038474,-0.036553,5.943e-05,0.00037543,0.00023806
range_1h,1h,2025-12,-0.0403,-0.041028,-0.037352,0.00011288,0.00020533,0.00028118
range_1h,1h,2026-01,-0.036632,-0.040688,-0.037551,-1.624e-05,5.202e-05,0.00026546
range_1h,1h,2026-02,-0.025536,-0.034156,-0.036315,3.632e-05,4.432e-05,0.00020988
range_1h,1h,2026-03,-0.016619,-0.026262,-0.033645,0.00031352,0.0001112,0.00015827
range_1h,1h,2026-04,-0.027587,-0.023247,-0.031967,0.00060004,0.00031663,0.00018433
range_1h,1h,2026-05,-0.031996,-0.025401,-0.029778,0.00036278,0.00042545,0.00023488
range_1h,1h,2026-06,-0.022608,-0.027397,-0.02683,0.00037185,0.00044489,0.00027805
range_1h,24h,2024-06,-0.127324,-0.127324,-0.127324,-0.00302223,-0.00302223,-0.00302223
range_1h,24h,2024-07,-0.084304,-0.105814,-0.105814,-0.00141584,-0.00221903,-0.00221903
range_1h,24h,2024-08,-0.108823,-0.106817,-0.106817,-0.0022503,-0.00222946,-0.00222946
range_1h,24h,2024-09,-0.013572,-0.0689,-0.083506,0.00617376,0.00083587,-0.00012865
range_1h,24h,2024-10,-0.100707,-0.074367,-0.086946,-0.00075714,0.00105544,-0.00025435
range_1h,24h,2024-11,-0.081457,-0.065246,-0.086031,0.00319421,0.00287028,0.00032041
range_1h,24h,2024-12,-0.097509,-0.093225,-0.081062,-0.00260682,-5.658e-05,0.00038964
range_1h,24h,2025-01,-0.145241,-0.108069,-0.091218,-0.01245584,-0.00395615,-0.00145035
range_1h,24h,2025-02,-0.092991,-0.111914,-0.08858,-0.00136859,-0.00547708,-0.0013034
range_1h,24h,2025-03,-0.095109,-0.111114,-0.102169,-0.00569191,-0.00650545,-0.00328101
range_1h,24h,2025-04,-0.033945,-0.074015,-0.091042,0.00756055,0.00016668,-0.00189473
range_1h,24h,2025-05,-0.086133,-0.071729,-0.091821,0.00086495,0.0009112,-0.00228294
range_1h,24h,2025-06,-0.072861,-0.064313,-0.087713,-0.00329181,0.00171123,-0.00239711
range_1h,24h,2025-07,-0.076329,-0.078441,-0.076228,0.00216757,-8.643e-05,4.013e-05
range_1h,24h,2025-08,-0.080829,-0.076673,-0.074201,0.00634081,0.00173886,0.00132503
range_1h,24h,2025-09,-0.059675,-0.072278,-0.068295,0.01076498,0.00642445,0.00406784
range_1h,24h,2025-10,-0.084508,-0.075004,-0.076723,0.01253154,0.00987911,0.00489634
range_1h,24h,2025-11,-0.106994,-0.083726,-0.080199,0.00165116,0.00831589,0.00502737
range_1h,24h,2025-12,-0.055562,-0.082355,-0.077316,0.00527597,0.00648622,0.00645534
range_1h,24h,2026-01,-0.089332,-0.083963,-0.079483,-0.00044839,0.00215958,0.00601934
range_1h,24h,2026-02,-0.057015,-0.067303,-0.075514,5.784e-05,0.00162847,0.00497218
range_1h,24h,2026-03,-0.059629,-0.068659,-0.075507,0.00240297,0.00067081,0.00357852
range_1h,24h,2026-04,-0.071228,-0.062624,-0.073293,0.0113245,0.0045951,0.00337734
range_1h,24h,2026-05,-0.068707,-0.066521,-0.066912,0.00529624,0.00634124,0.00398485
range_1h,24h,2026-06,-0.031661,-0.057199,-0.062929,0.0052717,0.00729748,0.00398414
range_1h,4h,2024-06,-0.055626,-0.055626,-0.055626,2.833e-05,2.833e-05,2.833e-05
range_1h,4h,2024-07,-0.049879,-0.052753,-0.052753,1.062e-05,1.947e-05,1.947e-05
range_1h,4h,2024-08,-0.060761,-0.055422,-0.055422,-0.0006705,-0.00021052,-0.00021052
range_1h,4h,2024-09,-0.032418,-0.047686,-0.049671,0.00118445,0.00017486,0.00013823
range_1h,4h,2024-10,-0.057826,-0.050335,-0.051302,2.804e-05,0.00018066,0.00011619
range_1h,4h,2024-11,-0.057533,-0.049259,-0.052341,0.00055845,0.00059031,0.0001899
range_1h,4h,2024-12,-0.076313,-0.063891,-0.055788,-0.00056532,7.06e-06,9.096e-05
range_1h,4h,2025-01,-0.096588,-0.076811,-0.063573,-0.00240388,-0.00080358,-0.00031146
range_1h,4h,2025-02,-0.053,-0.075301,-0.06228,-0.00078661,-0.00125194,-0.00033081
range_1h,4h,2025-03,-0.056088,-0.068559,-0.066225,-0.00090782,-0.0013661,-0.00067952
range_1h,4h,2025-04,-0.03413,-0.04774,-0.062275,0.00147086,-7.452e-05,-0.00043905
range_1h,4h,2025-05,-0.054146,-0.048121,-0.061711,9.653e-05,0.00021986,-0.00051604
range_1h,4h,2025-06,-0.049136,-0.045804,-0.057181,-0.00054372,0.00034122,-0.00051244
range_1h,4h,2025-07,-0.051465,-0.051582,-0.049661,0.00015829,-9.63e-05,-8.541e-05
range_1h,4h,2025-08,-0.047238,-0.04928,-0.048701,0.00131743,0.00031067,0.00026526
range_1h,4h,2025-09,-0.045195,-0.047966,-0.046885,0.00203242,0.00116938,0.0007553
range_1h,4h,2025-10,-0.049133,-0.047189,-0.049385,0.00280329,0.00205105,0.00097737
range_1h,4h,2025-11,-0.068,-0.054109,-0.051694,0.00038306,0.00173959,0.00102513
range_1h,4h,2025-12,-0.053966,-0.057033,-0.0525,0.0004552,0.00121385,0.00119162
range_1h,4h,2026-01,-0.054476,-0.058814,-0.053001,-0.00012514,0.00023771,0.00114438
range_1h,4h,2026-02,-0.041143,-0.049862,-0.051986,0.00032197,0.00021734,0.00097847
range_1h,4h,2026-03,-0.037329,-0.044316,-0.050675,0.00059022,0.00026235,0.0007381
range_1h,4h,2026-04,-0.04377,-0.040747,-0.049781,0.0020371,0.0009831,0.0006104
range_1h,4h,2026-05,-0.051762,-0.044287,-0.047074,0.00110735,0.00124489,0.00073112
range_1h,4h,2026-06,-0.028792,-0.041441,-0.042879,0.00095704,0.00136716,0.00081476
range_1h,72h,2024-06,-0.166618,-0.166618,-0.166618,-0.01363189,-0.01363189,-0.01363189
range_1h,72h,2024-07,-0.115784,-0.141201,-0.141201,-0.00415532,-0.00889361,-0.00889361
range_1h,72h,2024-08,-0.115455,-0.132619,-0.132619,-0.00723125,-0.00833949,-0.00833949
range_1h,72h,2024-09,0.015518,-0.071907,-0.095585,0.01319028,0.00060124,-0.00295704
range_1h,72h,2024-10,-0.111921,-0.070619,-0.098852,-0.00294351,0.00100517,-0.00295434
range_1h,72h,2024-11,-0.048752,-0.048385,-0.090502,0.01448122,0.00824266,-4.841e-05
range_1h,72h,2024-12,-0.101556,-0.08741,-0.079658,-0.00474165,0.00226535,0.0014333
range_1h,72h,2025-01,-0.20432,-0.118209,-0.094414,-0.03976213,-0.01000752,-0.00450117
range_1h,72h,2025-02,-0.080312,-0.128729,-0.088557,0.0062165,-0.01276243,-0.00225988
range_1h,72h,2025-03,-0.139891,-0.141508,-0.114459,-0.01873794,-0.01742786,-0.00758125
range_1h,72h,2025-04,-0.004854,-0.075019,-0.096614,0.01728095,0.0015865,-0.00421051
range_1h,72h,2025-05,-0.089614,-0.07812,-0.103425,0.0065193,0.00168744,-0.00553749
range_1h,72h,2025-06,-0.111443,-0.068637,-0.105072,-0.00573217,0.00602269,-0.00570258
range_1h,72h,2025-07,-0.098266,-0.099774,-0.087397,0.00444508,0.00174407,0.00166529
range_1h,72h,2025-08,-0.101177,-0.103629,-0.090874,0.01977095,0.00616129,0.00392436
range_1h,72h,2025-09,-0.046067,-0.081837,-0.075237,0.03759314,0.02060306,0.01331288
range_1h,72h,2025-10,-0.090363,-0.079202,-0.089488,0.04279512,0.0333864,0.01756524
range_1h,72h,2025-11,-0.119721,-0.085384,-0.094506,0.00252758,0.02763861,0.01689995
range_1h,72h,2025-12,-0.053191,-0.087758,-0.084797,0.00618918,0.01717063,0.01888684
range_1h,72h,2026-01,-0.116396,-0.096436,-0.087819,-0.00235748,0.00211976,0.01775308
range_1h,72h,2026-02,-0.059182,-0.076256,-0.08082,0.00623159,0.00335443,0.01549652
range_1h,72h,2026-03,-0.074112,-0.08323,-0.085494,0.00216507,0.00201306,0.00959184
range_1h,72h,2026-04,-0.064197,-0.06583,-0.081133,0.03634284,0.01491317,0.00851646
range_1h,72h,2026-05,-0.081726,-0.073345,-0.074801,0.00970132,0.01606974,0.00971209
range_1h,72h,2026-06,-0.064378,-0.0701,-0.076665,0.01141033,0.0191515,0.01058228
range_24h,1h,2024-06,-0.048587,-0.048587,-0.048587,-0.00020196,-0.00020196,-0.00020196
range_24h,1h,2024-07,-0.040791,-0.044689,-0.044689,-0.00018502,-0.00019349,-0.00019349
range_24h,1h,2024-08,-0.0443,-0.04456,-0.04456,-0.000168,-0.00018499,-0.00018499
range_24h,1h,2024-09,-0.025948,-0.037013,-0.039907,0.00021945,-4.452e-05,-8.388e-05
range_24h,1h,2024-10,-0.03821,-0.036153,-0.039567,1.258e-05,2.134e-05,-6.459e-05
range_24h,1h,2024-11,-0.035329,-0.033162,-0.038861,7.683e-05,0.00010295,-4.102e-05
range_24h,1h,2024-12,-0.033761,-0.035767,-0.03639,-9.959e-05,-3.39e-06,-2.396e-05
range_24h,1h,2025-01,-0.066385,-0.045159,-0.040656,-0.00043155,-0.00015144,-6.505e-05
range_24h,1h,2025-02,-0.037525,-0.04589,-0.039526,-0.0003185,-0.00028321,-9.013e-05
range_24h,1h,2025-03,-0.031112,-0.045007,-0.040387,-4.856e-05,-0.0002662,-0.0001348
range_24h,1h,2025-04,-0.020359,-0.029665,-0.037412,0.00035998,-2.36e-06,-7.69e-05
range_24h,1h,2025-05,-0.032454,-0.027975,-0.036933,0.00010782,0.00013975,-7.173e-05
range_24h,1h,2025-06,-0.031108,-0.027974,-0.036491,-0.0001635,0.00010143,-8.238e-05
range_24h,1h,2025-07,-0.027734,-0.030432,-0.030049,0.0001341,2.614e-05,1.189e-05
range_24h,1h,2025-08,-0.023209,-0.02735,-0.027663,0.00042245,0.00013102,0.00013538
range_24h,1h,2025-09,-0.030713,-0.027219,-0.027596,0.00053493,0.00036383,0.00023263
range_24h,1h,2025-10,-0.027102,-0.027008,-0.02872,0.00054591,0.0005011,0.00026362
range_24h,1h,2025-11,-0.039313,-0.032376,-0.029863,-5.116e-05,0.00034323,0.00023712
range_24h,1h,2025-12,-0.027669,-0.031361,-0.02929,0.00029061,0.00026179,0.00031281
range_24h,1h,2026-01,-0.031559,-0.032847,-0.029928,2.132e-05,8.692e-05,0.00029401
range_24h,1h,2026-02,-0.017708,-0.025645,-0.029011,2.321e-05,0.00011171,0.00022747
range_24h,1h,2026-03,-0.02503,-0.024766,-0.028064,3.416e-05,2.623e-05,0.00014401
range_24h,1h,2026-04,-0.029556,-0.024098,-0.028473,0.00049397,0.00018378,0.00013535
range_24h,1h,2026-05,-0.033394,-0.029326,-0.027486,0.0002912,0.00027311,0.00019241
range_24h,1h,2026-06,-0.017252,-0.026734,-0.02575,0.00035599,0.00038039,0.00020331
range_24h,24h,2024-06,-0.145835,-0.145835,-0.145835,-0.00761926,-0.00761926,-0.00761926
range_24h,24h,2024-07,-0.084587,-0.115211,-0.115211,-0.00282259,-0.00522092,-0.00522092
range_24h,24h,2024-08,-0.100803,-0.110408,-0.110408,-0.00318932,-0.00454372,-0.00454372
range_24h,24h,2024-09,-0.019131,-0.068174,-0.087589,0.00455633,-0.00048519,-0.00226871
range_24h,24h,2024-10,-0.083325,-0.067753,-0.086736,0.00075264,0.00070655,-0.00166444
range_24h,24h,2024-11,-0.082458,-0.061638,-0.086023,0.00304739,0.00278545,-0.00087913
range_24h,24h,2024-12,-0.088401,-0.084728,-0.076451,-0.00090794,0.00096403,0.00023942
range_24h,24h,2025-01,-0.13792,-0.102926,-0.08534,-0.01208829,-0.00331628,-0.00130486
range_24h,24h,2025-02,-0.092245,-0.106188,-0.083913,-0.00046425,-0.00448683,-0.00085069
range_24h,24h,2025-03,-0.080382,-0.103516,-0.094122,-0.0023995,-0.00498401,-0.00200999
range_24h,24h,2025-04,-0.014121,-0.062249,-0.082588,0.00800747,0.00171457,-0.00080085
range_24h,24h,2025-05,-0.067962,-0.054155,-0.080172,0.00364568,0.00308455,-0.00070114
range_24h,24h,2025-06,-0.060324,-0.047469,-0.075492,-0.00244747,0.00306856,-0.00095773
range_24h,24h,2025-07,-0.083598,-0.070628,-0.066439,0.00315378,0.00145066,0.00158262
range_24h,24h,2025-08,-0.075874,-0.073265,-0.06371,0.00765869,0.00278833,0.00293644
range_24h,24h,2025-09,-0.070438,-0.076637,-0.062053,0.01135542,0.0073893,0.00522893
range_24h,24h,2025-10,-0.077806,-0.074706,-0.072667,0.01321884,0.01074432,0.00609749
range_24h,24h,2025-11,-0.117075,-0.08844,-0.080853,5.905e-05,0.0082111,0.00549972
range_24h,24h,2025-12,-0.050893,-0.081925,-0.079281,0.00550124,0.00625971,0.0068245
range_24h,24h,2026-01,-0.088026,-0.085332,-0.080019,0.00223452,0.00259827,0.00667129
range_24h,24h,2026-02,-0.05675,-0.065223,-0.076832,3.816e-05,0.00259131,0.00540121
range_24h,24h,2026-03,-0.081268,-0.075348,-0.078637,0.00075616,0.00100961,0.00363466
range_24h,24h,2026-04,-0.070403,-0.069474,-0.077403,0.01377067,0.004855,0.00372663
range_24h,24h,2026-05,-0.073113,-0.074928,-0.070076,0.00551353,0.00668012,0.00463571
range_24h,24h,2026-06,-0.036782,-0.060099,-0.067724,0.00443314,0.00790578,0.0044577
range_24h,4h,2024-06,-0.066578,-0.066578,-0.066578,-0.00101939,-0.00101939,-0.00101939
range_24h,4h,2024-07,-0.054919,-0.060749,-0.060749,-0.00076505,-0.00089222,-0.00089222
range_24h,4h,2024-08,-0.056056,-0.059184,-0.059184,-0.00077609,-0.00085351,-0.00085351
range_24h,4h,2024-09,-0.02582,-0.045598,-0.050843,0.00086568,-0.00022515,-0.00042371
range_24h,4h,2024-10,-0.054265,-0.04538,-0.051528,2.05e-06,3.055e-05,-0.00033856
range_24h,4h,2024-11,-0.049658,-0.043248,-0.051216,0.00074516,0.00053763,-0.00015794
range_24h,4h,2024-12,-0.058052,-0.053992,-0.049795,-0.00023171,0.00017183,-2.666e-05
range_24h,4h,2025-01,-0.08523,-0.064314,-0.054847,-0.00142865,-0.00030507,-0.00013726
range_24h,4h,2025-02,-0.050801,-0.064694,-0.053971,-0.00107231,-0.00091089,-0.00018663
range_24h,4h,2025-03,-0.050517,-0.062183,-0.058087,-0.00034699,-0.00094932,-0.00038874
range_24h,4h,2025-04,-0.026554,-0.042624,-0.053469,0.00127198,-4.911e-05,-0.00017709
range_24h,4h,2025-05,-0.046846,-0.041306,-0.053,0.00028676,0.00040392,-0.00025349
range_24h,4h,2025-06,-0.045263,-0.039554,-0.050869,-0.00063431,0.00030814,-0.00032059
range_24h,4h,2025-07,-0.042095,-0.044734,-0.043679,0.00054304,6.516e-05,8.03e-06
range_24h,4h,2025-08,-0.034584,-0.040647,-0.040976,0.0015129,0.00047388,0.0004389
range_24h,4h,2025-09,-0.046497,-0.041058,-0.040306,0.00204019,0.00136538,0.00083676
range_24h,4h,2025-10,-0.03922,-0.0401,-0.042417,0.00225017,0.00193442,0.00099979
range_24h,4h,2025-11,-0.066909,-0.050875,-0.045761,0.0001035,0.00146462,0.00096925
range_24h,4h,2025-12,-0.041732,-0.049287,-0.045173,0.0009078,0.00108716,0.00122627
range_24h,4h,2026-01,-0.050654,-0.053098,-0.046599,0.00018483,0.00039871,0.00116657
range_24h,4h,2026-02,-0.034576,-0.042321,-0.046598,0.00024701,0.00044655,0.00095558
range_24h,4h,2026-03,-0.051333,-0.045521,-0.047404,-1.541e-05,0.00013881,0.00061298
range_24h,4h,2026-04,-0.051111,-0.045673,-0.049386,0.00183243,0.00068801,0.00054336
range_24h,4h,2026-05,-0.051244,-0.051229,-0.046775,0.00117057,0.00099586,0.0007212
range_24h,4h,2026-06,-0.021374,-0.041243,-0.043382,0.00092421,0.00130907,0.00072394
range_24h,72h,2024-06,-0.187835,-0.187835,-0.187835,-0.01927058,-0.01927058,-0.01927058
range_24h,72h,2024-07,-0.107565,-0.1477,-0.1477,-0.00283507,-0.01105282,-0.01105282
range_24h,72h,2024-08,-0.130862,-0.142087,-0.142087,-0.01189875,-0.0113348,-0.0113348
range_24h,72h,2024-09,0.007906,-0.07684,-0.104589,0.00899578,-0.00191268,-0.00625215
range_24h,72h,2024-10,-0.101364,-0.074773,-0.103944,-0.00020475,-0.00103591,-0.00504267
range_24h,72h,2024-11,-0.047939,-0.047132,-0.09461,0.00955617,0.00611573,-0.00260953
range_24h,72h,2024-12,-0.099108,-0.082804,-0.079822,-0.00414732,0.0017347,-8.899e-05
range_24h,72h,2025-01,-0.217783,-0.12161,-0.098192,-0.04035717,-0.01164944,-0.00634267
range_24h,72h,2025-02,-0.081545,-0.132812,-0.089972,0.00770095,-0.01226785,-0.00307606
range_24h,72h,2025-03,-0.12259,-0.140639,-0.111721,-0.01496324,-0.01587315,-0.00706923
range_24h,72h,2025-04,0.011254,-0.064294,-0.092952,0.02354479,0.0054275,-0.00311097
range_24h,72h,2025-05,-0.087382,-0.06624,-0.099526,0.00737082,0.00531746,-0.00347519
range_24h,72h,2025-06,-0.093588,-0.056572,-0.098606,-0.00219957,0.00957201,-0.00315057
range_24h,72h,2025-07,-0.101739,-0.094236,-0.079265,0.00214031,0.00243719,0.00393234
range_24h,72h,2025-08,-0.122266,-0.105864,-0.086052,0.01490368,0.00494814,0.0051328
range_24h,72h,2025-09,-0.058806,-0.09427,-0.075421,0.04250588,0.01984996,0.01471099
range_24h,72h,2025-10,-0.088194,-0.089755,-0.091996,0.04259498,0.03333485,0.01788602
range_24h,72h,2025-11,-0.133084,-0.093361,-0.099613,0.00168255,0.0289278,0.01693797
range_24h,72h,2025-12,-0.066707,-0.095995,-0.095133,0.00450108,0.01625954,0.01805475
range_24h,72h,2026-01,-0.128005,-0.109265,-0.09951,-0.00060377,0.00185995,0.0175974
range_24h,72h,2026-02,-0.066067,-0.086926,-0.090144,0.00544657,0.00311463,0.01602122
range_24h,72h,2026-03,-0.081929,-0.092,-0.093998,0.00245791,0.00243357,0.00934655
range_24h,72h,2026-04,-0.06754,-0.071845,-0.090555,0.04095485,0.01628644,0.0090732
range_24h,72h,2026-05,-0.088861,-0.079444,-0.083185,0.01020369,0.01787215,0.01049339
range_24h,72h,2026-06,-0.058646,-0.071683,-0.081841,0.01778068,0.02297974,0.01270666
range_4h,1h,2024-06,-0.04702,-0.04702,-0.04702,-2.751e-05,-2.751e-05,-2.751e-05
range_4h,1h,2024-07,-0.03863,-0.042825,-0.042825,6.264e-05,1.756e-05,1.756e-05
range_4h,1h,2024-08,-0.045903,-0.043851,-0.043851,-4.944e-05,-4.77e-06,-4.77e-06
range_4h,1h,2024-09,-0.034004,-0.039512,-0.041389,0.00020138,7.153e-05,4.677e-05
range_4h,1h,2024-10,-0.0382,-0.039369,-0.040751,5.405e-05,6.866e-05,4.822e-05
range_4h,1h,2024-11,-0.041384,-0.037863,-0.040857,0.00016757,0.000141,6.811e-05
range_4h,1h,2024-12,-0.044004,-0.041196,-0.040354,-0.00016482,1.893e-05,4.523e-05
range_4h,1h,2025-01,-0.077485,-0.054291,-0.04683,-0.00072863,-0.00024196,-8.665e-05
range_4h,1h,2025-02,-0.038453,-0.053314,-0.045589,-0.00010015,-0.0003312,-9.51e-05
range_4h,1h,2025-03,-0.032234,-0.049391,-0.045294,-0.00017225,-0.00033368,-0.00015737
range_4h,1h,2025-04,-0.025635,-0.032107,-0.043199,0.00031828,1.529e-05,-0.00011333
range_4h,1h,2025-05,-0.038068,-0.031979,-0.042647,-8.93e-06,4.57e-05,-0.00014275
range_4h,1h,2025-06,-0.0309,-0.031534,-0.040463,-5.138e-05,8.599e-05,-0.00012384
range_4h,1h,2025-07,-0.033304,-0.034091,-0.033099,5.755e-05,-9.2e-07,7.19e-06
range_4h,1h,2025-08,-0.03282,-0.032341,-0.03216,0.00036159,0.00012259,8.414e-05
range_4h,1h,2025-09,-0.03171,-0.032611,-0.032073,0.00054878,0.00032264,0.00020432
range_4h,1h,2025-10,-0.032227,-0.032252,-0.033171,0.00063223,0.0005142,0.00025664
range_4h,1h,2025-11,-0.041529,-0.035155,-0.033748,0.00012051,0.00043384,0.00027821
range_4h,1h,2025-12,-0.037365,-0.03704,-0.034826,0.00015858,0.00030377,0.00031321
range_4h,1h,2026-01,-0.036273,-0.038389,-0.035321,-5.18e-05,7.576e-05,0.00029498
range_4h,1h,2026-02,-0.020279,-0.031305,-0.03323,7.896e-05,6.191e-05,0.00024788
range_4h,1h,2026-03,-0.01853,-0.025027,-0.031034,0.00015523,6.08e-05,0.00018228
range_4h,1h,2026-04,-0.02799,-0.022266,-0.030328,0.00041413,0.00021611,0.00014594
range_4h,1h,2026-05,-0.033985,-0.026835,-0.02907,0.00027356,0.00028097,0.00017144
range_4h,1h,2026-06,-0.02658,-0.029518,-0.027273,0.00024772,0.0003118,0.0001863
range_4h,24h,2024-06,-0.132833,-0.132833,-0.132833,-0.0039959,-0.0039959,-0.0039959
range_4h,24h,2024-07,-0.091062,-0.111947,-0.111947,-0.00171143,-0.00285367,-0.00285367
range_4h,24h,2024-08,-0.112523,-0.112139,-0.112139,-0.00276635,-0.00282456,-0.00282456
range_4h,24h,2024-09,-0.0122,-0.071928,-0.087154,0.00565021,0.00039081,-0.00070587
range_4h,24h,2024-10,-0.096921,-0.073881,-0.089108,-0.00023265,0.00088374,-0.00061122
range_4h,24h,2024-11,-0.084107,-0.06441,-0.088274,0.00337585,0.00293114,5.329e-05
range_4h,24h,2024-12,-0.094358,-0.091795,-0.081862,-0.00123687,0.00063544,0.00051313
range_4h,24h,2025-01,-0.146903,-0.108456,-0.091169,-0.01193741,-0.00326614,-0.0011912
range_4h,24h,2025-02,-0.09549,-0.11225,-0.08833,-0.00175588,-0.00497672,-0.00102279
range_4h,24h,2025-03,-0.100566,-0.114319,-0.103057,-0.0063019,-0.00666506,-0.00301481
range_4h,24h,2025-04,-0.033949,-0.076668,-0.092562,0.00738123,-0.00022552,-0.00174583
range_4h,24h,2025-05,-0.084069,-0.072862,-0.092556,0.00118155,0.00075363,-0.00211155
range_4h,24h,2025-06,-0.067942,-0.061987,-0.088153,-0.0028809,0.00189396,-0.00238555
range_4h,24h,2025-07,-0.077264,-0.076425,-0.076547,0.00301427,0.00043831,0.00010639
range_4h,24h,2025-08,-0.079366,-0.074857,-0.073859,0.00703941,0.00239093,0.00157228
range_4h,24h,2025-09,-0.060038,-0.072223,-0.067105,0.01108737,0.00704702,0.00447049
range_4h,24h,2025-10,-0.079816,-0.073073,-0.074749,0.01264553,0.01025744,0.00534787
range_4h,24h,2025-11,-0.11157,-0.083808,-0.079333,0.00089783,0.00821024,0.00530059
range_4h,24h,2025-12,-0.048832,-0.080073,-0.076148,0.00621418,0.00658585,0.00681643
range_4h,24h,2026-01,-0.089384,-0.083262,-0.078168,0.0007108,0.0026076,0.00643252
range_4h,24h,2026-02,-0.053911,-0.064043,-0.073925,0.00077691,0.0025673,0.00538877
range_4h,24h,2026-03,-0.066419,-0.069905,-0.074989,0.00126248,0.00091673,0.00375129
range_4h,24h,2026-04,-0.073745,-0.064692,-0.073977,0.011363,0.00446746,0.00353753
range_4h,24h,2026-05,-0.068782,-0.069649,-0.066846,0.00593099,0.00618549,0.00437639
range_4h,24h,2026-06,-0.033006,-0.058511,-0.064208,0.00637336,0.00788912,0.00440292
range_4h,4h,2024-06,-0.056652,-0.056652,-0.056652,-0.00032171,-0.00032171,-0.00032171
range_4h,4h,2024-07,-0.052967,-0.05481,-0.05481,-3.35e-05,-0.00017761,-0.00017761
range_4h,4h,2024-08,-0.064665,-0.058095,-0.058095,-0.00064821,-0.00033447,-0.00033447
range_4h,4h,2024-09,-0.028514,-0.048715,-0.050699,0.00116081,0.0001597,3.935e-05
range_4h,4h,2024-10,-0.05459,-0.049256,-0.051478,0.00017543,0.00022934,6.656e-05
range_4h,4h,2024-11,-0.054024,-0.045709,-0.051902,0.00070334,0.00067986,0.00017269
range_4h,4h,2024-12,-0.069057,-0.059224,-0.053969,-0.00052201,0.00011892,0.00013931
range_4h,4h,2025-01,-0.099589,-0.074223,-0.06174,-0.00233902,-0.00071923,-0.00024494
range_4h,4h,2025-02,-0.048753,-0.072466,-0.059088,-0.00052786,-0.00112963,-0.00022488
range_4h,4h,2025-03,-0.05919,-0.069177,-0.0642,-0.00115799,-0.00134162,-0.00061135
range_4h,4h,2025-04,-0.040635,-0.049526,-0.061875,0.00101741,-0.00022281,-0.00047102
range_4h,4h,2025-05,-0.058767,-0.052864,-0.062665,-0.00019924,-0.00011327,-0.00062145
range_4h,4h,2025-06,-0.043994,-0.047799,-0.058488,-0.0006171,6.702e-05,-0.0006373
range_4h,4h,2025-07,-0.050549,-0.051103,-0.050315,0.00029308,-0.00017442,-0.00019862
range_4h,4h,2025-08,-0.047102,-0.047215,-0.05004,0.00144312,0.00037303,0.00012988
range_4h,4h,2025-09,-0.042686,-0.046779,-0.047289,0.00188799,0.00120806,0.00063754
range_4h,4h,2025-10,-0.047798,-0.045862,-0.048483,0.00270066,0.00201059,0.00091808
range_4h,4h,2025-11,-0.064503,-0.051662,-0.049439,0.00060146,0.00173004,0.00105153
range_4h,4h,2025-12,-0.045977,-0.052759,-0.049769,0.0009046,0.00140224,0.00130515
range_4h,4h,2026-01,-0.054788,-0.05509,-0.050476,2.4e-06,0.00050282,0.00125671
range_4h,4h,2026-02,-0.037318,-0.046028,-0.048845,0.00045162,0.00045287,0.00109145
range_4h,4h,2026-03,-0.039243,-0.043783,-0.048271,0.00023834,0.00023079,0.00081651
range_4h,4h,2026-04,-0.047789,-0.04145,-0.04827,0.00159713,0.00076236,0.00063259
range_4h,4h,2026-05,-0.056127,-0.04772,-0.046874,0.00103986,0.00095844,0.00070566
range_4h,4h,2026-06,-0.034677,-0.046198,-0.04499,0.00086443,0.00116714,0.00069896
range_4h,72h,2024-06,-0.171824,-0.171824,-0.171824,-0.01491884,-0.01491884,-0.01491884
range_4h,72h,2024-07,-0.121988,-0.146906,-0.146906,-0.00545528,-0.01018706,-0.01018706
range_4h,72h,2024-08,-0.123174,-0.138995,-0.138995,-0.00957599,-0.00998337,-0.00998337
range_4h,72h,2024-09,0.01664,-0.076174,-0.100087,0.01265404,-0.00079241,-0.00432402
range_4h,72h,2024-10,-0.108563,-0.071699,-0.101782,-0.00232308,0.00025166,-0.00392383
range_4h,72h,2024-11,-0.050808,-0.047577,-0.093286,0.01434593,0.00822563,-0.00087887
range_4h,72h,2024-12,-0.095287,-0.084886,-0.08053,-0.00282377,0.00306636,0.00113698
range_4h,72h,2025-01,-0.210385,-0.118827,-0.095263,-0.03966787,-0.0093819,-0.00456512
range_4h,72h,2025-02,-0.085073,-0.130249,-0.088913,0.00674122,-0.01191681,-0.00184559
range_4h,72h,2025-03,-0.140279,-0.145246,-0.115066,-0.01853699,-0.01715455,-0.00704409
range_4h,72h,2025-04,-0.006153,-0.077168,-0.097998,0.01799753,0.00206725,-0.00365732
range_4h,72h,2025-05,-0.089823,-0.078752,-0.1045,0.00666992,0.00204349,-0.00493666
range_4h,72h,2025-06,-0.107289,-0.067755,-0.1065,-0.00518935,0.0064927,-0.00533092
range_4h,72h,2025-07,-0.10073,-0.099281,-0.088225,0.00422947,0.00190335,0.0019853
range_4h,72h,2025-08,-0.104985,-0.104335,-0.091543,0.01869985,0.00591332,0.0039784
range_4h,72h,2025-09,-0.047013,-0.084243,-0.075999,0.0398104,0.02091324,0.01370297
range_4h,72h,2025-10,-0.088818,-0.080272,-0.089776,0.04265308,0.03372111,0.01781223
range_4h,72h,2025-11,-0.125252,-0.087027,-0.095681,0.00250602,0.02832317,0.01711825
range_4h,72h,2025-12,-0.051729,-0.0886,-0.086421,0.00693438,0.01736449,0.01913887
range_4h,72h,2026-01,-0.117032,-0.098004,-0.089138,-0.00070509,0.00291177,0.01831644
range_4h,72h,2026-02,-0.058245,-0.075669,-0.081348,0.00753055,0.00458661,0.01645489
range_4h,72h,2026-03,-0.077219,-0.084165,-0.086383,0.002622,0.00314915,0.01025682
range_4h,72h,2026-04,-0.066115,-0.067193,-0.082599,0.03816816,0.0161069,0.00950934
range_4h,72h,2026-05,-0.082343,-0.075226,-0.075447,0.01084222,0.01721079,0.0108987
range_4h,72h,2026-06,-0.069119,-0.072526,-0.078345,0.01198766,0.02033268,0.01174092
realized_kurt_20h,1h,2024-06,-0.000768,-0.000768,-0.000768,-3.311e-05,-3.311e-05,-3.311e-05
realized_kurt_20h,1h,2024-07,-0.004978,-0.002873,-0.002873,-0.00014043,-8.677e-05,-8.677e-05
realized_kurt_20h,1h,2024-08,-6.7e-05,-0.001938,-0.001938,-0.00010527,-9.294e-05,-9.294e-05
realized_kurt_20h,1h,2024-09,-0.008975,-0.004674,-0.003697,-0.00010104,-0.00011558,-9.496e-05
realized_kurt_20h,1h,2024-10,-0.000308,-0.003117,-0.003019,0.00010458,-3.391e-05,-5.505e-05
realized_kurt_20h,1h,2024-11,-0.003239,-0.004174,-0.003056,-8.9e-07,8.8e-07,-4.603e-05
realized_kurt_20h,1h,2024-12,0.005498,0.00065,-0.002012,0.0001737,9.246e-05,-1.156e-05
realized_kurt_20h,1h,2025-01,-0.004272,-0.000671,-0.001894,-6.134e-05,3.716e-05,1.62e-06
realized_kurt_20h,1h,2025-02,-0.009171,-0.002648,-0.003411,-0.00039952,-9.572e-05,-4.742e-05
realized_kurt_20h,1h,2025-03,-0.010777,-0.008073,-0.003712,-0.00019967,-0.00022018,-6.386e-05
realized_kurt_20h,1h,2025-04,-0.003901,-0.007949,-0.00431,-9.532e-05,-0.0002315,-9.717e-05
realized_kurt_20h,1h,2025-05,-0.005867,-0.006848,-0.004748,2.356e-05,-9.048e-05,-9.31e-05
realized_kurt_20h,1h,2025-06,-0.007032,-0.0056,-0.006836,-7.971e-05,-5.049e-05,-0.00013533
realized_kurt_20h,1h,2025-07,-0.005009,-0.005969,-0.006959,0.00024831,6.405e-05,-8.372e-05
realized_kurt_20h,1h,2025-08,-0.00171,-0.004584,-0.005716,-8.54e-06,5.335e-05,-1.856e-05
realized_kurt_20h,1h,2025-09,-0.002533,-0.003084,-0.004342,0.00010129,0.00011369,3.16e-05
realized_kurt_20h,1h,2025-10,-0.001884,-0.002042,-0.004006,8.58e-05,5.952e-05,6.179e-05
realized_kurt_20h,1h,2025-11,-0.006,-0.003472,-0.004028,-8.762e-05,3.316e-05,4.326e-05
realized_kurt_20h,1h,2025-12,-0.004272,-0.004052,-0.003568,-6.91e-05,-2.364e-05,4.502e-05
realized_kurt_20h,1h,2026-01,-0.006006,-0.005426,-0.003734,-4.316e-05,-6.663e-05,-3.56e-06
realized_kurt_20h,1h,2026-02,0.003916,-0.002121,-0.002796,9.41e-05,-6.05e-06,1.355e-05
realized_kurt_20h,1h,2026-03,-0.003278,-0.001789,-0.002921,-9.729e-05,-1.545e-05,-1.955e-05
realized_kurt_20h,1h,2026-04,-0.008029,-0.002464,-0.003945,1.104e-05,2.62e-06,-3.2e-05
realized_kurt_20h,1h,2026-05,-0.004356,-0.005221,-0.003671,9.217e-05,1.97e-06,-2.04e-06
realized_kurt_20h,1h,2026-06,-0.000794,-0.004393,-0.003091,5.777e-05,5.366e-05,1.91e-05
realized_kurt_20h,24h,2024-06,0.002942,0.002942,0.002942,-0.00082334,-0.00082334,-0.00082334
realized_kurt_20h,24h,2024-07,-0.006937,-0.001998,-0.001998,-0.00242802,-0.00162568,-0.00162568
realized_kurt_20h,24h,2024-08,0.017021,0.004342,0.004342,-6.28e-05,-0.00110472,-0.00110472
realized_kurt_20h,24h,2024-09,-0.028473,-0.00613,-0.003862,-0.00215917,-0.00155,-0.00136833
realized_kurt_20h,24h,2024-10,0.001824,-0.003209,-0.002725,0.00272587,0.00016797,-0.00054949
realized_kurt_20h,24h,2024-11,-0.02448,-0.017043,-0.006351,-0.00321855,-0.00088395,-0.00099434
realized_kurt_20h,24h,2024-12,0.017519,-0.001713,-0.003921,0.00033908,-5.12e-05,-0.0008006
realized_kurt_20h,24h,2025-01,-0.021148,-0.00937,-0.006289,-0.00244748,-0.00177565,-0.00080384
realized_kurt_20h,24h,2025-02,0.001522,-0.000702,-0.008873,0.0010937,-0.00033823,-0.00061109
realized_kurt_20h,24h,2025-03,-0.031321,-0.016982,-0.009347,-0.00170227,-0.00101868,-0.00053494
realized_kurt_20h,24h,2025-04,-0.009825,-0.013208,-0.011289,-0.00331955,-0.00130937,-0.00154251
realized_kurt_20h,24h,2025-05,-0.038289,-0.026478,-0.01359,-0.00409913,-0.00304032,-0.00168927
realized_kurt_20h,24h,2025-06,-0.009414,-0.019176,-0.018079,-0.00046884,-0.00262917,-0.00182393
realized_kurt_20h,24h,2025-07,-0.009789,-0.019164,-0.016186,0.00437071,-6.575e-05,-0.00068756
realized_kurt_20h,24h,2025-08,-0.007312,-0.008838,-0.017658,-0.00029941,0.00120082,-0.00091975
realized_kurt_20h,24h,2025-09,-0.014727,-0.010609,-0.014892,0.0033851,0.00248547,-7.185e-05
realized_kurt_20h,24h,2025-10,-0.016483,-0.012841,-0.016002,-0.00478268,-0.00056566,-0.00031571
realized_kurt_20h,24h,2025-11,-0.026611,-0.019274,-0.014056,0.00222184,0.00027475,0.00073779
realized_kurt_20h,24h,2025-12,-0.013715,-0.018936,-0.014773,-0.00051769,-0.00102618,0.00072965
realized_kurt_20h,24h,2026-01,-0.022649,-0.020992,-0.016916,9.139e-05,0.00059851,1.642e-05
realized_kurt_20h,24h,2026-02,-0.009377,-0.015247,-0.01726,-0.00066074,-0.00036235,-4.38e-05
realized_kurt_20h,24h,2026-03,-0.010882,-0.014303,-0.016619,0.00146159,0.00029741,-0.00036438
realized_kurt_20h,24h,2026-04,-0.022354,-0.014204,-0.017598,0.00411171,0.00163752,0.00111802
realized_kurt_20h,24h,2026-05,-0.014449,-0.015895,-0.015571,-4.517e-05,0.00184271,0.00074018
realized_kurt_20h,24h,2026-06,0.027703,-0.003033,-0.008668,0.00673404,0.00360019,0.0019488
realized_kurt_20h,4h,2024-06,-0.004598,-0.004598,-0.004598,-0.00030733,-0.00030733,-0.00030733
realized_kurt_20h,4h,2024-07,-0.012217,-0.008407,-0.008407,-0.00066564,-0.00048648,-0.00048648
realized_kurt_20h,4h,2024-08,-0.004615,-0.007143,-0.007143,-0.00063065,-0.00053454,-0.00053454
realized_kurt_20h,4h,2024-09,-0.020669,-0.0125,-0.010525,-0.00053495,-0.00061041,-0.00053464
realized_kurt_20h,4h,2024-10,0.000927,-0.008119,-0.008234,0.00042362,-0.00024733,-0.00034299
realized_kurt_20h,4h,2024-11,-0.005179,-0.008307,-0.007725,1.73e-06,-3.653e-05,-0.00028554
realized_kurt_20h,4h,2024-12,0.016334,0.004028,-0.004236,0.00055568,0.00032701,-0.0001417
realized_kurt_20h,4h,2025-01,-0.007423,0.001244,-0.003437,-0.00036633,6.369e-05,-9.182e-05
realized_kurt_20h,4h,2025-02,-0.012812,-0.0013,-0.004804,-0.00070932,-0.00017332,-0.00010493
realized_kurt_20h,4h,2025-03,-0.022771,-0.014335,-0.005154,-0.00059739,-0.00055768,-0.00011534
realized_kurt_20h,4h,2025-04,-0.001027,-0.012203,-0.00548,-0.00043478,-0.0005805,-0.0002584
realized_kurt_20h,4h,2025-05,-0.012936,-0.012245,-0.006772,-0.00037153,-0.0004679,-0.00032061
realized_kurt_20h,4h,2025-06,-0.009219,-0.007727,-0.011031,-0.00039676,-0.00040102,-0.00047935
realized_kurt_20h,4h,2025-07,-0.00798,-0.010045,-0.011124,0.00091757,4.976e-05,-0.00026537
realized_kurt_20h,4h,2025-08,0.000521,-0.005559,-0.008902,-0.00018402,0.00011226,-0.00017782
realized_kurt_20h,4h,2025-09,-0.002424,-0.003294,-0.005511,0.00075124,0.00049493,4.695e-05
realized_kurt_20h,4h,2025-10,-0.006234,-0.002712,-0.006378,9.033e-05,0.00021918,0.00013447
realized_kurt_20h,4h,2025-11,-0.014378,-0.007679,-0.006619,8.942e-05,0.00031033,0.0002113
realized_kurt_20h,4h,2025-12,-0.006861,-0.009158,-0.006226,-6.843e-05,3.711e-05,0.00026602
realized_kurt_20h,4h,2026-01,-0.00781,-0.009683,-0.006198,0.00024828,8.976e-05,0.00015447
realized_kurt_20h,4h,2026-02,0.009075,-0.001865,-0.004772,0.00067173,0.00028386,0.0002971
realized_kurt_20h,4h,2026-03,-0.008099,-0.002278,-0.005718,-0.00017688,0.00024771,0.00014241
realized_kurt_20h,4h,2026-04,-0.018219,-0.005748,-0.007715,-0.000359,4.528e-05,6.752e-05
realized_kurt_20h,4h,2026-05,-0.007764,-0.011361,-0.006613,0.00019516,-0.00011357,8.514e-05
realized_kurt_20h,4h,2026-06,0.006364,-0.00654,-0.004409,0.00070798,0.00018138,0.00021454
realized_kurt_20h,72h,2024-06,0.015657,0.015657,0.015657,0.00370559,0.00370559,0.00370559
realized_kurt_20h,72h,2024-07,0.019116,0.017386,0.017386,0.00018863,0.00194711,0.00194711
realized_kurt_20h,72h,2024-08,0.017922,0.017565,0.017565,0.00265,0.00218141,0.00218141
realized_kurt_20h,72h,2024-09,-0.015254,0.007261,0.00936,-0.00249453,0.0001147,0.00101242
realized_kurt_20h,72h,2024-10,-0.010235,-0.002522,0.005441,0.00022022,0.00012523,0.00085398
realized_kurt_20h,72h,2024-11,-0.040061,-0.02185,-0.002142,-0.01215914,-0.00481115,-0.00131487
realized_kurt_20h,72h,2024-12,0.000959,-0.016445,-0.004592,-0.00193686,-0.00462526,-0.00225528
realized_kurt_20h,72h,2025-01,0.000238,-0.012954,-0.007738,0.00410969,-0.00332877,-0.00160177
realized_kurt_20h,72h,2025-02,0.005447,0.002215,-0.009818,0.00056472,0.00091252,-0.00194932
realized_kurt_20h,72h,2025-03,-0.008996,-0.001104,-0.008775,-0.00358845,0.00036199,-0.00213164
realized_kurt_20h,72h,2025-04,-0.005847,-0.003132,-0.008043,-0.00630816,-0.00311063,-0.0032197
realized_kurt_20h,72h,2025-05,-0.026631,-0.013824,-0.005805,-0.00804,-0.00597887,-0.00253318
realized_kurt_20h,72h,2025-06,-0.019815,-0.017431,-0.009267,-0.00119867,-0.00518228,-0.00241015
realized_kurt_20h,72h,2025-07,-0.020585,-0.022343,-0.012738,0.00477588,-0.0014876,-0.00229911
realized_kurt_20h,72h,2025-08,-0.01569,-0.018697,-0.016261,-0.01060517,-0.00234265,-0.00416076
realized_kurt_20h,72h,2025-09,-0.018655,-0.01831,-0.01787,0.00413098,-0.0005661,-0.00287419
realized_kurt_20h,72h,2025-10,-0.014367,-0.016238,-0.019291,-0.00627927,-0.00425115,-0.00286938
realized_kurt_20h,72h,2025-11,-0.007062,-0.013362,-0.016029,0.00019314,-0.00065172,-0.00149719
realized_kurt_20h,72h,2025-12,-0.035606,-0.019012,-0.018661,-0.01679875,-0.00762829,-0.0040972
realized_kurt_20h,72h,2026-01,-0.018895,-0.020521,-0.018379,0.00409175,-0.00417129,-0.00421122
realized_kurt_20h,72h,2026-02,-0.009545,-0.021349,-0.017355,0.00274491,-0.0033207,-0.00198621
realized_kurt_20h,72h,2026-03,-0.013427,-0.013956,-0.016484,0.00288176,0.00323947,-0.00219441
realized_kurt_20h,72h,2026-04,-0.03019,-0.017721,-0.019121,0.00639368,0.00400678,-8.225e-05
realized_kurt_20h,72h,2026-05,-0.007767,-0.017128,-0.019238,-0.00221383,0.00235387,-0.00048341
realized_kurt_20h,72h,2026-06,0.031194,-0.002255,-0.008105,0.00876237,0.00431407,0.00377677
realized_skew_20h,1h,2024-06,-0.006358,-0.006358,-0.006358,0.00012755,0.00012755,0.00012755
realized_skew_20h,1h,2024-07,-0.008779,-0.007568,-0.007568,5.31e-06,6.643e-05,6.643e-05
realized_skew_20h,1h,2024-08,-0.018431,-0.011189,-0.011189,-2.878e-05,3.469e-05,3.469e-05
realized_skew_20h,1h,2024-09,-0.00591,-0.01104,-0.009869,0.00019352,5.668e-05,7.44e-05
realized_skew_20h,1h,2024-10,-0.008491,-0.010944,-0.009594,2.202e-05,6.225e-05,6.392e-05
realized_skew_20h,1h,2024-11,-0.021316,-0.011906,-0.011547,-8.572e-05,4.327e-05,3.898e-05
realized_skew_20h,1h,2024-12,-0.014882,-0.014896,-0.012968,2.721e-05,-1.216e-05,2.226e-05
realized_skew_20h,1h,2025-01,-0.022688,-0.019628,-0.015286,-0.00010197,-5.349e-05,4.38e-06
realized_skew_20h,1h,2025-02,-0.018896,-0.018822,-0.015364,2.72e-06,-2.401e-05,9.63e-06
realized_skew_20h,1h,2025-03,-0.01241,-0.017998,-0.016447,4.161e-05,-1.921e-05,-1.569e-05
realized_skew_20h,1h,2025-04,-0.007056,-0.012787,-0.016208,-1.019e-05,1.138e-05,-2.106e-05
realized_skew_20h,1h,2025-05,-0.013192,-0.010886,-0.014854,2.436e-05,1.859e-05,-2.71e-06
realized_skew_20h,1h,2025-06,-0.006637,-0.008962,-0.01348,0.00012589,4.669e-05,1.374e-05
realized_skew_20h,1h,2025-07,-0.007388,-0.009073,-0.01093,0.00015291,0.00010105,5.622e-05
realized_skew_20h,1h,2025-08,-0.008392,-0.007473,-0.009179,-1.253e-05,8.876e-05,5.367e-05
realized_skew_20h,1h,2025-09,-0.002967,-0.006249,-0.007605,0.00045174,0.00019737,0.00012203
realized_skew_20h,1h,2025-10,-0.011344,-0.007568,-0.00832,2.768e-05,0.00015563,0.00012834
realized_skew_20h,1h,2025-11,-0.015236,-0.009849,-0.008661,0.00015052,0.00020998,0.00014937
realized_skew_20h,1h,2025-12,-0.021419,-0.016,-0.011124,-1.053e-05,5.589e-05,0.00012663
realized_skew_20h,1h,2026-01,-0.026495,-0.02105,-0.014309,-0.00013301,2.33e-06,7.898e-05
realized_skew_20h,1h,2026-02,-0.009256,-0.019057,-0.014453,7.106e-05,-2.416e-05,9.291e-05
realized_skew_20h,1h,2026-03,-0.00322,-0.01299,-0.014495,0.00035542,9.782e-05,7.686e-05
realized_skew_20h,1h,2026-04,-0.00515,-0.005875,-0.013463,0.00020961,0.00021203,0.00010718
realized_skew_20h,1h,2026-05,-0.011304,-0.006558,-0.012807,-1.309e-05,0.00018398,7.991e-05
realized_skew_20h,1h,2026-06,-0.001197,-0.005884,-0.009437,0.0003482,0.00018157,0.0001397
realized_skew_20h,24h,2024-06,-0.026339,-0.026339,-0.026339,-0.00010673,-0.00010673,-0.00010673
realized_skew_20h,24h,2024-07,-0.031401,-0.02887,-0.02887,-0.00140419,-0.00075546,-0.00075546
realized_skew_20h,24h,2024-08,-0.029544,-0.029095,-0.029095,-0.00153083,-0.00101392,-0.00101392
realized_skew_20h,24h,2024-09,-0.014541,-0.025162,-0.025456,0.00012789,-0.00093571,-0.00072847
realized_skew_20h,24h,2024-10,-0.003263,-0.015783,-0.021018,0.00062396,-0.00025966,-0.00045798
realized_skew_20h,24h,2024-11,-0.065336,-0.027714,-0.028404,-0.00058762,5.474e-05,-0.00047959
realized_skew_20h,24h,2024-12,-0.01505,-0.027883,-0.026523,-0.00033782,-0.00010049,-0.0005181
realized_skew_20h,24h,2025-01,-0.026217,-0.035534,-0.025659,-0.00015573,-0.00036039,-0.00031002
realized_skew_20h,24h,2025-02,-0.044127,-0.028465,-0.028089,0.00100485,0.00017043,0.00011259
realized_skew_20h,24h,2025-03,-0.045167,-0.038503,-0.033193,-0.00139964,-0.00018351,-0.000142
realized_skew_20h,24h,2025-04,-0.000367,-0.029887,-0.032711,0.00490763,0.00150428,0.00057194
realized_skew_20h,24h,2025-05,-0.033702,-0.026412,-0.027438,-0.0007806,0.00090913,0.00053978
realized_skew_20h,24h,2025-06,-0.017907,-0.017326,-0.027915,-0.0012082,0.00097294,0.00039472
realized_skew_20h,24h,2025-07,-0.009681,-0.02043,-0.025159,-0.00017465,-0.00072115,0.00039156
realized_skew_20h,24h,2025-08,-0.023422,-0.017003,-0.021708,-0.00235628,-0.00124638,-0.00016862
realized_skew_20h,24h,2025-09,-0.002272,-0.011791,-0.014558,0.00621757,0.00122888,0.00110091
realized_skew_20h,24h,2025-10,-0.027137,-0.01761,-0.01902,-0.00528597,-0.00047489,-0.00059802
realized_skew_20h,24h,2025-11,-0.042878,-0.024095,-0.020549,0.00242876,0.00112012,-6.313e-05
realized_skew_20h,24h,2025-12,-0.061672,-0.043895,-0.027843,-0.0044585,-0.00243857,-0.00060485
realized_skew_20h,24h,2026-01,-0.048841,-0.05113,-0.03437,0.00022152,-0.00060274,-0.00053882
realized_skew_20h,24h,2026-02,-0.029508,-0.046673,-0.035384,-0.00025684,-0.00149794,-0.00018891
realized_skew_20h,24h,2026-03,0.001468,-0.025627,-0.034761,0.0035449,0.00116986,-0.00063435
realized_skew_20h,24h,2026-04,-0.031385,-0.019808,-0.035469,0.00091569,0.00140125,0.00039925
realized_skew_20h,24h,2026-05,-0.017128,-0.015682,-0.031177,-0.0010731,0.00112916,-0.00018439
realized_skew_20h,24h,2026-06,-0.006134,-0.018216,-0.021921,0.00714729,0.00232996,0.00174991
realized_skew_20h,4h,2024-06,-0.012912,-0.012912,-0.012912,9.117e-05,9.117e-05,9.117e-05
realized_skew_20h,4h,2024-07,-0.014278,-0.013595,-0.013595,-0.00013066,-1.975e-05,-1.975e-05
realized_skew_20h,4h,2024-08,-0.022254,-0.016482,-0.016482,-0.00025159,-9.703e-05,-9.703e-05
realized_skew_20h,4h,2024-09,0.000258,-0.012091,-0.012297,0.00066528,9.434e-05,9.355e-05
realized_skew_20h,4h,2024-10,-0.008408,-0.010135,-0.011519,0.00013898,0.00018422,0.00010264
realized_skew_20h,4h,2024-11,-0.029838,-0.012663,-0.014572,-0.00013598,0.00022276,6.287e-05
realized_skew_20h,4h,2024-12,-0.022784,-0.020344,-0.016217,-0.00023637,-7.779e-05,8.28e-06
realized_skew_20h,4h,2025-01,-0.032999,-0.028541,-0.019338,-0.00063934,-0.00033723,-7.65e-05
realized_skew_20h,4h,2025-02,-0.021941,-0.025908,-0.019286,0.00032077,-0.00018498,1.889e-05
realized_skew_20h,4h,2025-03,-0.019844,-0.024928,-0.022636,-6.719e-05,-0.00012859,-0.00010319
realized_skew_20h,4h,2025-04,-0.005329,-0.015705,-0.022123,0.00072579,0.00032646,-5.39e-06
realized_skew_20h,4h,2025-05,-0.017759,-0.01431,-0.020109,0.00023239,0.000297,5.601e-05
realized_skew_20h,4h,2025-06,-0.007247,-0.010111,-0.01752,1.731e-05,0.00032516,9.829e-05
realized_skew_20h,4h,2025-07,-0.010094,-0.0117,-0.013702,0.00028552,0.00017841,0.00025243
realized_skew_20h,4h,2025-08,-0.010471,-0.009271,-0.01179,-0.00041595,-3.771e-05,0.00012964
realized_skew_20h,4h,2025-09,-0.003462,-0.008009,-0.00906,0.00124573,0.00037177,0.00034847
realized_skew_20h,4h,2025-10,-0.018892,-0.010942,-0.011321,0.00061613,0.00048197,0.00033019
realized_skew_20h,4h,2025-11,-0.028731,-0.017029,-0.01315,9.865e-05,0.0006535,0.0003079
realized_skew_20h,4h,2025-12,-0.042871,-0.030165,-0.019087,-0.00087122,-5.215e-05,0.00015981
realized_skew_20h,4h,2026-01,-0.036639,-0.03608,-0.023511,-0.00042664,-0.00039974,4.112e-05
realized_skew_20h,4h,2026-02,-0.010495,-0.030002,-0.023515,0.00057045,-0.00024247,0.00020552
realized_skew_20h,4h,2026-03,-9.2e-05,-0.015742,-0.022953,0.00151536,0.00055306,0.00025046
realized_skew_20h,4h,2026-04,-0.010026,-0.006871,-0.021476,0.00051017,0.00086533,0.0002328
realized_skew_20h,4h,2026-05,-0.021851,-0.010656,-0.020329,-0.00044452,0.000527,0.00014227
realized_skew_20h,4h,2026-06,0.002459,-0.009806,-0.012774,0.00125328,0.00043964,0.00049635
realized_skew_20h,72h,2024-06,-0.023077,-0.023077,-0.023077,-0.00065389,-0.00065389,-0.00065389
realized_skew_20h,72h,2024-07,-0.031002,-0.02704,-0.02704,-0.00241524,-0.00153456,-0.00153456
realized_skew_20h,72h,2024-08,-0.034908,-0.029662,-0.029662,-0.00606291,-0.00304401,-0.00304401
realized_skew_20h,72h,2024-09,-0.021508,-0.02914,-0.027624,0.00066746,-0.00260356,-0.00211615
realized_skew_20h,72h,2024-10,-0.025673,-0.027363,-0.027234,-0.00168376,-0.00235974,-0.00202967
realized_skew_20h,72h,2024-11,-0.02951,-0.025564,-0.027613,0.00425886,0.00108085,-0.00098158
realized_skew_20h,72h,2024-12,0.005498,-0.016562,-0.022851,0.00810823,0.00356111,0.00047877
realized_skew_20h,72h,2025-01,-0.025619,-0.016544,-0.021953,-0.00274769,0.00320647,0.00042336
realized_skew_20h,72h,2025-02,-0.04863,-0.022917,-0.02424,-0.00179356,0.00118899,0.00113492
realized_skew_20h,72h,2025-03,-0.029043,-0.034431,-0.025496,-0.00410145,-0.0028809,0.0003401
realized_skew_20h,72h,2025-04,0.016367,-0.020435,-0.018489,0.01037795,0.00149431,0.00235039
realized_skew_20h,72h,2025-05,-0.013894,-0.008856,-0.015887,-0.000364,0.00197083,0.00157991
realized_skew_20h,72h,2025-06,-0.040074,-0.012534,-0.023482,-0.00324676,0.00225573,-0.00031258
realized_skew_20h,72h,2025-07,-0.024393,-0.02612,-0.023278,-0.00013539,-0.00124872,0.0001228
realized_skew_20h,72h,2025-08,-0.033892,-0.032787,-0.020821,-0.0119767,-0.00511962,-0.00157439
realized_skew_20h,72h,2025-09,-0.002341,-0.020209,-0.016371,0.01647363,0.00145385,0.00185479
realized_skew_20h,72h,2025-10,-0.034536,-0.02359,-0.024855,-0.0156809,-0.00372799,-0.00248835
realized_skew_20h,72h,2025-11,-0.028196,-0.021691,-0.027239,0.00040868,0.00040047,-0.00235957
realized_skew_20h,72h,2025-12,-0.053722,-0.038818,-0.029513,-0.00642297,-0.00723173,-0.00288894
realized_skew_20h,72h,2026-01,-0.009569,-0.030495,-0.027043,0.00932197,0.00110256,-0.00131271
realized_skew_20h,72h,2026-02,-0.038016,-0.033769,-0.02773,-0.00718533,-0.00142878,-0.00051415
realized_skew_20h,72h,2026-03,-0.023865,-0.023817,-0.031317,0.00468943,0.00227536,-0.00247819
realized_skew_20h,72h,2026-04,-0.009831,-0.023904,-0.0272,0.01393956,0.00381455,0.00245856
realized_skew_20h,72h,2026-05,-0.015682,-0.01646,-0.025114,-0.00106236,0.00585554,0.00221338
realized_skew_20h,72h,2026-06,-0.04496,-0.023491,-0.023654,-0.01343801,-0.00018694,0.00104421
rev_10h,1h,2024-06,0.000797,0.000797,0.000797,-0.00032111,-0.00032111,-0.00032111
rev_10h,1h,2024-07,0.024145,0.012471,0.012471,0.00015003,-8.554e-05,-8.554e-05
rev_10h,1h,2024-08,0.035518,0.020154,0.020154,0.00028326,3.739e-05,3.739e-05
rev_10h,1h,2024-09,0.028813,0.029492,0.022318,-2.763e-05,0.00013522,2.114e-05
rev_10h,1h,2024-10,0.039962,0.034764,0.025847,0.00018116,0.0001456,5.314e-05
rev_10h,1h,2024-11,0.03153,0.033435,0.026794,5.131e-05,6.828e-05,5.284e-05
rev_10h,1h,2024-12,0.037372,0.036288,0.03289,0.00014085,0.00012444,0.00012983
rev_10h,1h,2025-01,0.013463,0.027455,0.03111,-0.00014817,1.466e-05,8.013e-05
rev_10h,1h,2025-02,0.014341,0.021725,0.02758,-6.851e-05,-2.528e-05,2.15e-05
rev_10h,1h,2025-03,0.018103,0.015302,0.025795,6.134e-05,-5.178e-05,3.633e-05
rev_10h,1h,2025-04,0.029707,0.020717,0.024086,0.00039968,0.00013084,7.275e-05
rev_10h,1h,2025-05,0.01248,0.020097,0.020911,-0.00029413,5.563e-05,1.518e-05
rev_10h,1h,2025-06,0.033801,0.025329,0.020316,0.00025028,0.00011861,3.342e-05
rev_10h,1h,2025-07,0.040305,0.028862,0.024789,-0.00014228,-6.204e-05,3.44e-05
rev_10h,1h,2025-08,0.03021,0.034772,0.027434,-0.00012047,-4.16e-06,2.574e-05
rev_10h,1h,2025-09,0.024928,0.031814,0.028572,-0.00051592,-0.00025956,-7.047e-05
rev_10h,1h,2025-10,0.033834,0.029657,0.02926,-0.00020866,-0.00028168,-0.00017186
rev_10h,1h,2025-11,0.035641,0.031468,0.03312,-7.607e-05,-0.00026688,-0.00013552
rev_10h,1h,2025-12,0.036708,0.035394,0.033604,2.023e-05,-8.817e-05,-0.00017386
rev_10h,1h,2026-01,0.032651,0.035,0.032329,-1.661e-05,-2.415e-05,-0.00015292
rev_10h,1h,2026-02,0.024394,0.031251,0.031359,-9.056e-05,-2.898e-05,-0.00014793
rev_10h,1h,2026-03,0.025458,0.027501,0.031448,6.82e-05,-1.299e-05,-5.058e-05
rev_10h,1h,2026-04,0.019411,0.023088,0.029044,-0.00013226,-5.154e-05,-3.785e-05
rev_10h,1h,2026-05,0.0278,0.024223,0.027737,8.709e-05,7.68e-06,-1.065e-05
rev_10h,1h,2026-06,0.024509,0.023907,0.025704,-0.00020686,-8.401e-05,-4.85e-05
rev_10h,24h,2024-06,-0.002633,-0.002633,-0.002633,-0.00163705,-0.00163705,-0.00163705
rev_10h,24h,2024-07,0.012014,0.004691,0.004691,-0.00188198,-0.00175951,-0.00175951
rev_10h,24h,2024-08,0.00393,0.004437,0.004437,-0.00011179,-0.00121027,-0.00121027
rev_10h,24h,2024-09,0.00903,0.008325,0.005586,-0.00087157,-0.00095511,-0.0011256
rev_10h,24h,2024-10,0.034895,0.015952,0.011447,0.00121502,7.722e-05,-0.00065747
rev_10h,24h,2024-11,0.029812,0.024579,0.014508,-0.00048775,-4.81e-05,-0.00062919
rev_10h,24h,2024-12,0.040087,0.034931,0.021628,0.00159666,0.00077464,-9.023e-05
rev_10h,24h,2025-01,0.006177,0.025358,0.020655,-0.00310411,-0.00066507,-0.00029392
rev_10h,24h,2025-02,0.013869,0.020044,0.022311,-0.0015757,-0.00102772,-0.00053791
rev_10h,24h,2025-03,0.005504,0.008517,0.021724,-0.00015898,-0.00161293,-0.00041914
rev_10h,24h,2025-04,0.024014,0.014462,0.01991,-0.00233878,-0.00135782,-0.00101144
rev_10h,24h,2025-05,0.050022,0.026514,0.023279,9.172e-05,-0.00080201,-0.00091486
rev_10h,24h,2025-06,0.025847,0.033295,0.020906,0.00050826,-0.0005796,-0.00109627
rev_10h,24h,2025-07,0.025775,0.033882,0.024172,-0.00286635,-0.00075546,-0.00105664
rev_10h,24h,2025-08,0.007982,0.019868,0.023191,-0.00668409,-0.00301406,-0.00190804
rev_10h,24h,2025-09,0.029297,0.021018,0.027156,-0.0041664,-0.00457228,-0.00257594
rev_10h,24h,2025-10,0.05328,0.030186,0.032034,0.00175743,-0.00303102,-0.00189324
rev_10h,24h,2025-11,0.033848,0.038808,0.029338,-0.00060245,-0.00100381,-0.00200893
rev_10h,24h,2025-12,0.049634,0.045587,0.033303,0.00349092,0.00154863,-0.00151182
rev_10h,24h,2026-01,0.028171,0.037218,0.033702,-0.00407021,-0.00039391,-0.00171247
rev_10h,24h,2026-02,0.053277,0.043694,0.041251,0.00275354,0.00072475,-0.00013953
rev_10h,24h,2026-03,0.032995,0.038148,0.041868,-0.0010541,-0.00079026,0.00037919
rev_10h,24h,2026-04,0.063976,0.050083,0.04365,-0.00080173,0.00029924,-4.734e-05
rev_10h,24h,2026-05,0.025071,0.040681,0.042188,-0.00155965,-0.00113849,-0.00020687
rev_10h,24h,2026-06,-0.021516,0.022511,0.030329,-0.0140389,-0.00546676,-0.00312851
rev_10h,4h,2024-06,-0.004598,-0.004598,-0.004598,-0.00079739,-0.00079739,-0.00079739
rev_10h,4h,2024-07,0.040304,0.017853,0.017853,0.00067737,-6.001e-05,-6.001e-05
rev_10h,4h,2024-08,0.032581,0.022762,0.022762,0.00027949,5.316e-05,5.316e-05
rev_10h,4h,2024-09,0.013205,0.028697,0.020373,-0.00057237,0.00012816,-0.00010323
rev_10h,4h,2024-10,0.040679,0.028822,0.024434,0.00033614,1.442e-05,-1.535e-05
rev_10h,4h,2024-11,0.029414,0.027766,0.025264,0.00021868,-5.85e-06,2.365e-05
rev_10h,4h,2024-12,0.026108,0.032067,0.030382,-0.00047874,2.536e-05,7.676e-05
rev_10h,4h,2025-01,0.015342,0.023621,0.026222,-0.00036589,-0.00020865,-9.712e-05
rev_10h,4h,2025-02,0.001793,0.014414,0.02109,-0.00126399,-0.00070287,-0.00035436
rev_10h,4h,2025-03,0.019516,0.012217,0.022142,5.134e-05,-0.00052618,-0.00025041
rev_10h,4h,2025-04,0.029506,0.016938,0.02028,0.00023107,-0.00032719,-0.00026792
rev_10h,4h,2025-05,0.014617,0.021213,0.017814,-0.00129652,-0.00033804,-0.00052046
rev_10h,4h,2025-06,0.056618,0.03358,0.022899,0.00134524,9.326e-05,-0.00021646
rev_10h,4h,2025-07,0.043148,0.038128,0.027533,-0.00078566,-0.00024565,-0.00028642
rev_10h,4h,2025-08,0.02508,0.041615,0.031414,-0.00094755,-0.00012932,-0.00023368
rev_10h,4h,2025-09,0.025664,0.031297,0.032439,-0.00126057,-0.00099793,-0.00045233
rev_10h,4h,2025-10,0.049381,0.033375,0.035751,-0.00080704,-0.00100505,-0.00062535
rev_10h,4h,2025-11,0.045587,0.040211,0.040913,0.00031635,-0.00058375,-0.00035654
rev_10h,4h,2025-12,0.048792,0.04792,0.039609,0.00036874,-4.065e-05,-0.00051929
rev_10h,4h,2026-01,0.023427,0.039269,0.036322,-0.00140119,-0.0002387,-0.00062188
rev_10h,4h,2026-02,0.035464,0.035894,0.038053,-0.00028217,-0.00043821,-0.00051098
rev_10h,4h,2026-03,0.037183,0.032024,0.039972,0.00019962,-0.00049458,-0.00026762
rev_10h,4h,2026-04,0.028879,0.033842,0.036555,-0.00102123,-0.00036793,-0.00030331
rev_10h,4h,2026-05,0.039021,0.035028,0.035461,-0.00011267,-0.00031143,-0.00037482
rev_10h,4h,2026-06,0.023819,0.030573,0.031299,-0.00044508,-0.00052633,-0.00051045
rev_10h,72h,2024-06,-0.040555,-0.040555,-0.040555,-0.00756568,-0.00756568,-0.00756568
rev_10h,72h,2024-07,0.023609,-0.008473,-0.008473,0.00390047,-0.0018326,-0.0018326
rev_10h,72h,2024-08,-0.014691,-0.010546,-0.010546,-0.00180514,-0.00182345,-0.00182345
rev_10h,72h,2024-09,0.028881,0.0126,-0.000689,0.00090759,0.00100097,-0.00114069
rev_10h,72h,2024-10,0.047314,0.020501,0.008912,0.00529927,0.00146724,0.0001473
rev_10h,72h,2024-11,-0.009621,0.022191,0.005823,-0.00997223,-0.00125512,-0.00153929
rev_10h,72h,2024-12,0.025087,0.020927,0.016763,0.00174425,-0.00097624,1.237e-05
rev_10h,72h,2025-01,-0.017792,-0.000775,0.009863,-0.00642508,-0.00488435,-0.00170856
rev_10h,72h,2025-02,0.029728,0.012341,0.017266,0.00316954,-0.00050376,-0.00087944
rev_10h,72h,2025-03,0.005044,0.00566,0.013293,0.00404068,0.00026171,-0.00035726
rev_10h,72h,2025-04,0.001647,0.01214,0.005682,-0.00977837,-0.00085605,-0.0028702
rev_10h,72h,2025-05,0.022221,0.009637,0.010989,-0.00512362,-0.00362044,-0.0020621
rev_10h,72h,2025-06,0.057178,0.027015,0.016338,0.00590792,-0.00299802,-0.00136816
rev_10h,72h,2025-07,0.019477,0.032958,0.022549,-0.00351155,-0.00090908,-0.00088257
rev_10h,72h,2025-08,0.0313,0.035985,0.022811,-0.0236134,-0.00707234,-0.00534639
rev_10h,72h,2025-09,0.003739,0.018172,0.022594,-0.01981772,-0.01564756,-0.00932279
rev_10h,72h,2025-10,0.021984,0.019008,0.025983,-0.00557745,-0.01633619,-0.00862264
rev_10h,72h,2025-11,0.005658,0.010461,0.023223,0.00494317,-0.00681733,-0.00694484
rev_10h,72h,2025-12,0.035478,0.02104,0.019606,0.00425913,0.00120828,-0.00721964
rev_10h,72h,2026-01,-0.004832,0.012102,0.015555,-0.00981869,-0.00020546,-0.00827083
rev_10h,72h,2026-02,0.019828,0.016825,0.013643,-0.00204442,-0.00253466,-0.004676
rev_10h,72h,2026-03,0.016107,0.010368,0.015704,0.00026834,-0.00386492,-0.00132832
rev_10h,72h,2026-04,0.032783,0.022906,0.017504,-0.01068798,-0.00415469,-0.00218007
rev_10h,72h,2026-05,-0.002228,0.015554,0.016189,-0.00695361,-0.00579108,-0.00416287
rev_10h,72h,2026-06,-0.00621,0.008115,0.009241,-0.01042138,-0.00935432,-0.00660962
rev_1h,1h,2024-06,0.012209,0.012209,0.012209,-5.267e-05,-5.267e-05,-5.267e-05
rev_1h,1h,2024-07,0.009161,0.010685,0.010685,-0.00035658,-0.00020463,-0.00020463
rev_1h,1h,2024-08,0.035786,0.019052,0.019052,2.556e-05,-0.0001279,-0.0001279
rev_1h,1h,2024-09,0.05473,0.033226,0.027972,0.00040472,2.457e-05,5.26e-06
rev_1h,1h,2024-10,0.050826,0.047114,0.032543,0.00033233,0.0002542,7.067e-05
rev_1h,1h,2024-11,0.038101,0.047886,0.033469,4.315e-05,0.00026007,6.609e-05
rev_1h,1h,2024-12,0.056495,0.048474,0.04085,0.00053171,0.0003024,0.00016348
rev_1h,1h,2025-01,0.034278,0.042958,0.045036,0.00024547,0.00027344,0.00026382
rev_1h,1h,2025-02,0.031779,0.040851,0.044368,0.00035554,0.00037757,0.00031882
rev_1h,1h,2025-03,0.02575,0.030602,0.039538,-1.163e-05,0.00019646,0.00024943
rev_1h,1h,2025-04,0.048077,0.035202,0.03908,0.00065953,0.00033448,0.00030396
rev_1h,1h,2025-05,0.041827,0.038551,0.039701,0.00041589,0.0003546,0.00036608
rev_1h,1h,2025-06,0.022356,0.03742,0.034011,6.097e-05,0.0003788,0.00028763
rev_1h,1h,2025-07,0.040611,0.034932,0.035067,5.036e-05,0.00017574,0.00025511
rev_1h,1h,2025-08,0.049064,0.037344,0.037948,0.00014108,8.414e-05,0.00021937
rev_1h,1h,2025-09,0.033135,0.040937,0.039178,3.07e-06,6.484e-05,0.00022182
rev_1h,1h,2025-10,0.040119,0.040773,0.037852,-5.82e-06,4.611e-05,0.00011092
rev_1h,1h,2025-11,0.043308,0.038854,0.038099,6.256e-05,1.994e-05,5.204e-05
rev_1h,1h,2025-12,0.033034,0.03882,0.039879,-0.00036704,-0.00010343,-1.93e-05
rev_1h,1h,2026-01,0.041611,0.039318,0.040045,0.00018893,-3.852e-05,3.8e-06
rev_1h,1h,2026-02,0.031192,0.035279,0.037066,-4.835e-05,-7.549e-05,-2.778e-05
rev_1h,1h,2026-03,0.023652,0.032151,0.035486,-0.00016016,-6.53e-06,-5.498e-05
rev_1h,1h,2026-04,0.029799,0.028214,0.033766,-0.00038257,-0.00019703,-0.00011777
rev_1h,1h,2026-05,0.042675,0.032042,0.03366,0.00055402,3.76e-06,-3.586e-05
rev_1h,1h,2026-06,0.050009,0.040828,0.036489,0.00031571,0.00016239,7.793e-05
rev_1h,24h,2024-06,-0.004122,-0.004122,-0.004122,-0.00084612,-0.00084612,-0.00084612
rev_1h,24h,2024-07,0.00477,0.000324,0.000324,-0.00077922,-0.00081267,-0.00081267
rev_1h,24h,2024-08,0.010256,0.003635,0.003635,0.00032363,-0.0004339,-0.0004339
rev_1h,24h,2024-09,0.010715,0.008581,0.005405,0.00073866,9.436e-05,-0.00014076
rev_1h,24h,2024-10,0.014722,0.011898,0.007269,0.00090857,0.00065695,6.91e-05
rev_1h,24h,2024-11,0.008921,0.011453,0.007544,-0.00048323,0.000388,-2.295e-05
rev_1h,24h,2024-12,0.023613,0.015752,0.012166,0.00180128,0.00074221,0.00041828
rev_1h,24h,2025-01,-0.000643,0.01063,0.011264,-0.00170188,-0.00012794,0.00026451
rev_1h,24h,2025-02,0.003274,0.008748,0.0101,-0.00072149,-0.00020736,9.032e-05
rev_1h,24h,2025-03,0.00798,0.003537,0.009645,0.00028796,-0.0007118,1.52e-05
rev_1h,24h,2025-04,0.013276,0.008177,0.009404,0.00031142,-4.07e-05,-8.432e-05
rev_1h,24h,2025-05,0.01483,0.012029,0.010388,-0.00077346,-5.803e-05,-0.0001327
rev_1h,24h,2025-06,0.010065,0.012724,0.00813,0.00055754,3.183e-05,-0.00033999
rev_1h,24h,2025-07,0.012452,0.012449,0.010313,-0.00085805,-0.00035799,-0.00019935
rev_1h,24h,2025-08,0.006644,0.00972,0.010874,-0.0027487,-0.0010164,-0.00053722
rev_1h,24h,2025-09,0.01037,0.009822,0.011273,-0.00177116,-0.00179264,-0.0008804
rev_1h,24h,2025-10,0.015052,0.010688,0.011569,-0.00111894,-0.0018796,-0.00111879
rev_1h,24h,2025-11,0.013813,0.013078,0.011399,-0.00045878,-0.00111629,-0.00106635
rev_1h,24h,2025-12,0.017574,0.01548,0.012651,0.00136241,-7.177e-05,-0.0009322
rev_1h,24h,2026-01,0.012248,0.014545,0.012617,-0.00103336,-4.324e-05,-0.00096142
rev_1h,24h,2026-02,0.019675,0.016499,0.014789,0.00040009,0.00024305,-0.00043662
rev_1h,24h,2026-03,0.020656,0.017526,0.016503,0.00048736,-4.864e-05,-6.02e-05
rev_1h,24h,2026-04,0.02523,0.021854,0.018199,8.885e-05,0.00032543,0.0001411
rev_1h,24h,2026-05,0.015306,0.020397,0.018448,0.00143502,0.00067041,0.00045673
rev_1h,24h,2026-06,0.006596,0.015711,0.016619,-0.00386911,-0.00078175,-0.00041519
rev_1h,4h,2024-06,0.017087,0.017087,0.017087,0.00019053,0.00019053,0.00019053
rev_1h,4h,2024-07,0.013582,0.015334,0.015334,-0.00048315,-0.00014631,-0.00014631
rev_1h,4h,2024-08,0.032738,0.021136,0.021136,0.00039623,3.454e-05,3.454e-05
rev_1h,4h,2024-09,0.040354,0.028892,0.02594,0.00085813,0.00025707,0.00024043
rev_1h,4h,2024-10,0.039887,0.03766,0.02873,0.0006786,0.00064432,0.00032807
rev_1h,4h,2024-11,0.024568,0.034937,0.028036,-0.00039885,0.00037929,0.00020692
rev_1h,4h,2024-12,0.055834,0.040096,0.034494,0.00166346,0.00064774,0.0004524
rev_1h,4h,2025-01,0.00476,0.028387,0.033024,-0.00123135,1.109e-05,0.0003277
rev_1h,4h,2025-02,0.005325,0.021973,0.028455,-0.00097091,-0.0001796,9.985e-05
rev_1h,4h,2025-03,0.02559,0.011892,0.025994,2.842e-05,-0.00072461,-3.844e-05
rev_1h,4h,2025-04,0.038778,0.023231,0.025809,0.00092639,-5.37e-06,2.86e-06
rev_1h,4h,2025-05,0.011973,0.025447,0.02371,-0.00047987,0.00015831,-1.064e-05
rev_1h,4h,2025-06,0.029138,0.02663,0.019261,0.000607,0.00035117,-0.00018672
rev_1h,4h,2025-07,0.035055,0.025389,0.02431,0.00010483,7.732e-05,3.598e-05
rev_1h,4h,2025-08,0.041241,0.035145,0.030296,0.00033141,0.00034775,0.00025303
rev_1h,4h,2025-09,0.027778,0.034691,0.03066,-4.257e-05,0.00013122,0.0002412
rev_1h,4h,2025-10,0.025139,0.031386,0.028387,-0.00112825,-0.0002798,-0.00010124
rev_1h,4h,2025-11,0.029676,0.027531,0.031338,-0.0005095,-0.00056011,-0.00010618
rev_1h,4h,2025-12,0.034467,0.029761,0.032226,0.00021741,-0.00047345,-0.00017111
rev_1h,4h,2026-01,0.029531,0.031225,0.031305,0.00019169,-3.347e-05,-0.00015663
rev_1h,4h,2026-02,0.017754,0.027251,0.027391,-0.00060995,-6.695e-05,-0.00031353
rev_1h,4h,2026-03,0.027005,0.024763,0.027262,-0.0001081,-0.00017545,-0.00032445
rev_1h,4h,2026-04,0.0299,0.024886,0.028055,1.336e-05,-0.0002349,-0.00013418
rev_1h,4h,2026-05,0.032075,0.02966,0.028455,0.00087288,0.00025938,9.622e-05
rev_1h,4h,2026-06,0.037813,0.033263,0.029013,0.00036644,0.00041756,0.00012105
rev_1h,72h,2024-06,-0.021383,-0.021383,-0.021383,-0.00329913,-0.00329913,-0.00329913
rev_1h,72h,2024-07,-0.002013,-0.011698,-0.011698,-0.00047688,-0.001888,-0.001888
rev_1h,72h,2024-08,-0.00152,-0.008305,-0.008305,-0.00100697,-0.00159433,-0.00159433
rev_1h,72h,2024-09,0.007123,0.001197,-0.004448,0.00022969,-0.00041805,-0.00113832
rev_1h,72h,2024-10,0.011292,0.005632,-0.0013,0.00169376,0.00030549,-0.00057191
rev_1h,72h,2024-11,-0.007305,0.003703,-0.002301,-0.00402115,-0.00069923,-0.00114678
rev_1h,72h,2024-12,0.014766,0.006251,0.003724,0.00163321,-0.00023139,-0.00032472
rev_1h,72h,2025-01,-0.017521,-0.003354,0.001139,-0.00538179,-0.00258991,-0.00114221
rev_1h,72h,2025-02,0.006629,0.001291,0.002497,0.00020722,-0.00118045,-0.00093984
rev_1h,72h,2025-03,0.004318,-0.002191,0.00203,0.0015087,-0.00122196,-0.00072667
rev_1h,72h,2025-04,0.010122,0.007023,0.001835,0.00102408,0.00091333,-0.00083829
rev_1h,72h,2025-05,0.00873,0.007723,0.004507,-0.0017638,0.00025633,-0.00046206
rev_1h,72h,2025-06,0.018319,0.01239,0.005099,0.00198957,0.00041662,-0.00040267
rev_1h,72h,2025-07,0.007513,0.011521,0.009272,-0.00012215,3.454e-05,0.00047394
rev_1h,72h,2025-08,0.013265,0.013032,0.010378,-0.01182285,-0.00331848,-0.00153107
rev_1h,72h,2025-09,0.003534,0.008104,0.010247,-0.00721494,-0.00638665,-0.00298502
rev_1h,72h,2025-10,0.006718,0.007839,0.00968,-0.00261827,-0.00721869,-0.00359207
rev_1h,72h,2025-11,0.002208,0.004153,0.008593,0.00269928,-0.00237798,-0.00284823
rev_1h,72h,2025-12,0.011336,0.006754,0.007429,0.00159882,0.00055994,-0.00291335
rev_1h,72h,2026-01,0.002515,0.005353,0.006596,-0.00182991,0.00082273,-0.00319798
rev_1h,72h,2026-02,0.00692,0.006924,0.005538,-0.00073895,-0.00032335,-0.00135066
rev_1h,72h,2026-03,0.008447,0.00596,0.006357,4e-07,-0.00085615,-0.0001481
rev_1h,72h,2026-04,0.013404,0.00959,0.007472,-0.00249566,-0.00107807,-0.00012767
rev_1h,72h,2026-05,0.004243,0.008698,0.007811,-0.0005805,-0.00102525,-0.0006743
rev_1h,72h,2026-06,-0.002992,0.004885,0.005423,-0.00446576,-0.00251397,-0.00168506
rev_24h,1h,2024-06,0.003807,0.003807,0.003807,-5.439e-05,-5.439e-05,-5.439e-05
rev_24h,1h,2024-07,0.01471,0.009259,0.009259,-7.817e-05,-6.628e-05,-6.628e-05
rev_24h,1h,2024-08,0.023189,0.013902,0.013902,0.00010388,-9.56e-06,-9.56e-06
rev_24h,1h,2024-09,0.026588,0.021496,0.017074,-9.372e-05,-2.267e-05,-3.06e-05
rev_24h,1h,2024-10,0.028168,0.025982,0.019293,1.932e-05,9.83e-06,-2.062e-05
rev_24h,1h,2024-11,0.031834,0.028863,0.021383,5.06e-05,-7.93e-06,-8.75e-06
rev_24h,1h,2024-12,0.036682,0.032228,0.026862,0.00012834,6.609e-05,2.171e-05
rev_24h,1h,2025-01,0.017549,0.028688,0.027335,-8.616e-05,3.093e-05,2.038e-05
rev_24h,1h,2025-02,0.01438,0.02287,0.025867,-6.54e-05,-7.74e-06,-7.84e-06
rev_24h,1h,2025-03,0.01818,0.016703,0.024465,3.937e-05,-3.74e-05,1.435e-05
rev_24h,1h,2025-04,0.01903,0.017197,0.022942,-7.594e-05,-3.399e-05,-1.53e-06
rev_24h,1h,2025-05,0.022516,0.019909,0.021389,-7.202e-05,-3.62e-05,-2.197e-05
rev_24h,1h,2025-06,0.022247,0.021265,0.018984,5.403e-05,-3.131e-05,-3.435e-05
rev_24h,1h,2025-07,0.025025,0.023263,0.02023,-0.00036959,-0.00012919,-8.159e-05
rev_24h,1h,2025-08,0.016482,0.021251,0.02058,-0.00042494,-0.00024683,-0.00014152
rev_24h,1h,2025-09,0.019819,0.020442,0.020853,-0.00041083,-0.00040179,-0.00021655
rev_24h,1h,2025-10,0.030178,0.02216,0.022711,-0.00022066,-0.00035214,-0.00024067
rev_24h,1h,2025-11,0.026114,0.02537,0.023311,-8.814e-05,-0.00023988,-0.00024336
rev_24h,1h,2025-12,0.032167,0.029486,0.024964,0.00013992,-5.629e-05,-0.00022904
rev_24h,1h,2026-01,0.029851,0.029377,0.025768,-7.035e-05,-6.19e-06,-0.00017917
rev_24h,1h,2026-02,0.023936,0.028651,0.027011,2.704e-05,3.22e-05,-0.00010384
rev_24h,1h,2026-03,0.019515,0.024434,0.02696,4.094e-05,-7.9e-07,-2.854e-05
rev_24h,1h,2026-04,0.02358,0.022343,0.02586,-0.00015589,-2.93e-05,-1.775e-05
rev_24h,1h,2026-05,0.017964,0.020353,0.024502,6.103e-05,-1.797e-05,7.12e-06
rev_24h,1h,2026-06,0.004755,0.015433,0.019933,-0.00060581,-0.00023356,-0.00011717
rev_24h,24h,2024-06,-0.02517,-0.02517,-0.02517,-0.00357701,-0.00357701,-0.00357701
rev_24h,24h,2024-07,0.010395,-0.007387,-0.007387,-0.00189469,-0.00273585,-0.00273585
rev_24h,24h,2024-08,-0.009655,-0.008143,-0.008143,-2.649e-05,-0.00183273,-0.00183273
rev_24h,24h,2024-09,0.040353,0.013698,0.003981,0.0011842,-0.00024566,-0.0010785
rev_24h,24h,2024-10,0.064589,0.031762,0.016102,0.00423362,0.00179711,-1.607e-05
rev_24h,24h,2024-11,0.028056,0.044333,0.018095,-0.00221354,0.00106809,-0.00038232
rev_24h,24h,2024-12,0.043318,0.045321,0.029509,0.00059215,0.00087074,0.00031254
rev_24h,24h,2025-01,-0.027807,0.014522,0.023142,-0.0083071,-0.0033095,-0.00075619
rev_24h,24h,2025-02,-0.007346,0.002721,0.023527,-0.00471713,-0.00414403,-0.00153797
rev_24h,24h,2025-03,0.022935,-0.004073,0.020624,0.00174062,-0.0037612,-0.00144523
rev_24h,24h,2025-04,0.046757,0.020782,0.017652,-0.00098507,-0.00132053,-0.00231501
rev_24h,24h,2025-05,0.046538,0.038743,0.020732,0.00236732,0.00104096,-0.00155153
rev_24h,24h,2025-06,0.05225,0.048515,0.022221,0.00300479,0.00146235,-0.00114943
rev_24h,24h,2025-07,0.044772,0.047853,0.034318,-0.00020343,0.00172289,0.00020118
rev_24h,24h,2025-08,0.03905,0.045357,0.04205,-0.00432053,-0.00050639,0.00026728
rev_24h,24h,2025-09,0.040229,0.04135,0.044933,-0.00746713,-0.00399703,-0.00126734
rev_24h,24h,2025-10,0.049555,0.042945,0.045399,0.00348482,-0.00276761,-0.00052236
rev_24h,24h,2025-11,0.042613,0.044132,0.044745,0.0025706,-0.00047057,-0.00048848
rev_24h,24h,2025-12,0.052064,0.048077,0.044714,0.00411403,0.00338982,-0.00030361
rev_24h,24h,2026-01,0.028459,0.041045,0.041995,-0.00354935,0.00104509,-0.00086126
rev_24h,24h,2026-02,0.045635,0.042053,0.043093,0.00048388,0.00034952,-6.052e-05
rev_24h,24h,2026-03,0.017628,0.030574,0.039326,-0.00128681,-0.00145076,0.00096953
rev_24h,24h,2026-04,0.07573,0.046331,0.043688,-0.00019868,-0.00033387,0.00035561
rev_24h,24h,2026-05,0.005971,0.03311,0.037581,-0.00503038,-0.00217196,-0.00091122
rev_24h,24h,2026-06,-0.036679,0.015007,0.022791,-0.01565239,-0.00696048,-0.00420562
rev_24h,4h,2024-06,0.00315,0.00315,0.00315,-0.00017098,-0.00017098,-0.00017098
rev_24h,4h,2024-07,0.020548,0.011849,0.011849,-3.529e-05,-0.00010313,-0.00010313
rev_24h,4h,2024-08,0.027286,0.016995,0.016995,0.00011007,-3.207e-05,-3.207e-05
rev_24h,4h,2024-09,0.018547,0.022127,0.017383,-0.00052575,-0.00015032,-0.00015549
rev_24h,4h,2024-10,0.039688,0.028507,0.021844,5.71e-05,-0.00011953,-0.00011297
rev_24h,4h,2024-11,0.036092,0.031442,0.024219,9.465e-05,-0.00012467,-7.837e-05
rev_24h,4h,2024-12,0.042375,0.039385,0.030756,6.016e-05,7.064e-05,-3.984e-05
rev_24h,4h,2025-01,0.023381,0.033949,0.031228,-0.00040098,-8.206e-05,-0.00010079
rev_24h,4h,2025-02,0.019057,0.028271,0.029857,-0.00082708,-0.0003893,-0.00025698
rev_24h,4h,2025-03,0.023321,0.02192,0.030652,7.864e-05,-0.00038314,-0.00015625
rev_24h,4h,2025-04,0.017039,0.019806,0.026878,-0.00079692,-0.00051512,-0.00029859
rev_24h,4h,2025-05,0.038312,0.026224,0.027247,2.625e-05,-0.00023068,-0.00030999
rev_24h,4h,2025-06,0.029839,0.028397,0.025158,0.0002163,-0.00018479,-0.00028397
rev_24h,4h,2025-07,0.029878,0.032676,0.026241,-0.00131655,-0.000358,-0.00043656
rev_24h,4h,2025-08,0.014196,0.024638,0.025431,-0.00145862,-0.00085296,-0.00054182
rev_24h,4h,2025-09,0.022205,0.022093,0.025245,-0.00136912,-0.00138143,-0.00078311
rev_24h,4h,2025-10,0.053059,0.02982,0.031248,-0.00011489,-0.00098088,-0.00066944
rev_24h,4h,2025-11,0.039249,0.038171,0.031404,-4.057e-05,-0.00050819,-0.00068058
rev_24h,4h,2025-12,0.0521,0.048136,0.035114,0.00122767,0.0003574,-0.00051201
rev_24h,4h,2026-01,0.037004,0.042784,0.036302,-0.00057237,0.00020491,-0.00038798
rev_24h,4h,2026-02,0.042538,0.043881,0.041026,0.00040143,0.00035224,-7.798e-05
rev_24h,4h,2026-03,0.031128,0.03689,0.042513,-9.89e-06,-6.028e-05,0.00014856
rev_24h,4h,2026-04,0.046254,0.039973,0.041379,-0.00067781,-9.542e-05,5.474e-05
rev_24h,4h,2026-05,0.026943,0.034775,0.039328,-0.00011027,-0.00026599,4.313e-05
rev_24h,4h,2026-06,-0.008811,0.021462,0.029176,-0.00289639,-0.00122816,-0.00064422
rev_24h,72h,2024-06,-0.06192,-0.06192,-0.06192,-0.01027819,-0.01027819,-0.01027819
rev_24h,72h,2024-07,0.034106,-0.013907,-0.013907,0.00710347,-0.00158736,-0.00158736
rev_24h,72h,2024-08,-0.014391,-0.014068,-0.014068,-0.00125885,-0.00147786,-0.00147786
rev_24h,72h,2024-09,0.058578,0.026098,0.004093,0.00436164,0.00340209,-1.798e-05
rev_24h,72h,2024-10,0.086777,0.043655,0.02063,0.01040812,0.00450364,0.00206724
rev_24h,72h,2024-11,-0.012423,0.044311,0.015121,-0.01655757,-0.00059594,-0.0010369
rev_24h,72h,2024-12,0.037345,0.037233,0.031665,0.00096023,-0.00172974,0.00083617
rev_24h,72h,2025-01,-0.029169,-0.001416,0.021119,-0.00743872,-0.00767869,-0.00158753
rev_24h,72h,2025-02,0.04339,0.017189,0.03075,0.00805082,0.00052411,-3.591e-05
rev_24h,72h,2025-03,0.006816,0.007012,0.022123,0.00233727,0.00098312,-0.00037331
rev_24h,72h,2025-04,-0.006,0.014736,0.00666,-0.01311099,-0.00090763,-0.00429316
rev_24h,72h,2025-05,0.036532,0.012449,0.014819,-0.00143063,-0.00406812,-0.001772
rev_24h,72h,2025-06,0.091591,0.040708,0.02386,0.00999367,-0.00151598,-0.00026643
rev_24h,72h,2025-07,0.030978,0.053034,0.033885,-0.00399653,0.00152217,0.00030727
rev_24h,72h,2025-08,0.039914,0.054161,0.033305,-0.02578238,-0.00659508,-0.0053316
rev_24h,72h,2025-09,0.017952,0.029615,0.035161,-0.02779175,-0.01919022,-0.0103531
rev_24h,72h,2025-10,0.022365,0.026744,0.039889,-0.01440435,-0.02265949,-0.01056866
rev_24h,72h,2025-11,0.01134,0.017219,0.03569,0.00786527,-0.01144361,-0.00901934
rev_24h,72h,2025-12,0.041855,0.025186,0.027401,0.00553225,-0.00033561,-0.00976291
rev_24h,72h,2026-01,-0.017606,0.011863,0.019303,-0.01382119,-0.00014122,-0.01140036
rev_24h,72h,2026-02,0.015632,0.013293,0.015256,-0.0032315,-0.00384015,-0.00764188
rev_24h,72h,2026-03,0.007439,0.001821,0.013504,-0.00384454,-0.00696574,-0.00365068
rev_24h,72h,2026-04,0.044409,0.022493,0.017178,-0.01493378,-0.00733661,-0.00373892
rev_24h,72h,2026-05,-0.00288,0.016323,0.014808,-0.01006025,-0.00961286,-0.0067265
rev_24h,72h,2026-06,0.012152,0.017893,0.009857,-0.00444564,-0.00981322,-0.00838948
rev_3h,1h,2024-06,0.010556,0.010556,0.010556,-2.068e-05,-2.068e-05,-2.068e-05
rev_3h,1h,2024-07,0.006147,0.008352,0.008352,-0.000379,-0.00019984,-0.00019984
rev_3h,1h,2024-08,0.042511,0.019738,0.019738,0.00017075,-7.631e-05,-7.631e-05
rev_3h,1h,2024-09,0.05355,0.034069,0.028191,0.00025307,1.494e-05,6.03e-06
rev_3h,1h,2024-10,0.05366,0.049907,0.033285,0.00031144,0.00024509,6.712e-05
rev_3h,1h,2024-11,0.047349,0.05152,0.035629,5.767e-05,0.00020739,6.554e-05
rev_3h,1h,2024-12,0.067722,0.056244,0.045157,0.00087787,0.00041566,0.0002153
rev_3h,1h,2025-01,0.011389,0.042154,0.04603,-0.00037406,0.00018716,0.00021612
rev_3h,1h,2025-02,0.014663,0.031258,0.041389,-0.00029694,6.896e-05,0.00013818
rev_3h,1h,2025-03,0.027785,0.017946,0.037095,0.00013876,-0.00017741,0.00011912
rev_3h,1h,2025-04,0.045543,0.02933,0.035742,0.00060057,0.00014746,0.00016731
rev_3h,1h,2025-05,0.019132,0.03082,0.031039,-0.00018932,0.00018334,0.00012615
rev_3h,1h,2025-06,0.025623,0.030099,0.024023,0.00015931,0.00019019,6.39e-06
rev_3h,1h,2025-07,0.044352,0.029702,0.029516,-4.376e-05,-2.459e-05,6.144e-05
rev_3h,1h,2025-08,0.048506,0.039494,0.035157,0.00017126,9.56e-05,0.00013947
rev_3h,1h,2025-09,0.035146,0.042668,0.036384,-0.00023781,-3.677e-05,7.671e-05
rev_3h,1h,2025-10,0.034868,0.039507,0.034605,-0.00020671,-9.109e-05,-5.784e-05
rev_3h,1h,2025-11,0.035354,0.035123,0.037308,-0.00014241,-0.00019564,-5.002e-05
rev_3h,1h,2025-12,0.042897,0.037706,0.040187,1.776e-05,-0.00011045,-7.361e-05
rev_3h,1h,2026-01,0.044968,0.041073,0.04029,0.00032114,6.55e-05,-1.279e-05
rev_3h,1h,2026-02,0.018994,0.035619,0.035371,-0.00047132,-4.414e-05,-0.00011989
rev_3h,1h,2026-03,0.021748,0.02857,0.033138,-0.00022888,-0.00012635,-0.0001184
rev_3h,1h,2026-04,0.028119,0.022954,0.032013,-0.00015921,-0.00028647,-0.00011049
rev_3h,1h,2026-05,0.037362,0.029077,0.032348,0.00027947,-3.621e-05,-4.017e-05
rev_3h,1h,2026-06,0.044677,0.036719,0.032645,0.00010459,7.495e-05,-2.57e-05
rev_3h,24h,2024-06,-0.004791,-0.004791,-0.004791,-0.0018558,-0.0018558,-0.0018558
rev_3h,24h,2024-07,0.012181,0.003695,0.003695,-0.00144802,-0.00165191,-0.00165191
rev_3h,24h,2024-08,0.015452,0.007614,0.007614,0.00072778,-0.00085868,-0.00085868
rev_3h,24h,2024-09,0.009723,0.012452,0.008141,0.00014535,-0.00019163,-0.00060767
rev_3h,24h,2024-10,0.018107,0.014427,0.010134,0.000583,0.00048538,-0.00036954
rev_3h,24h,2024-11,0.017954,0.015261,0.011438,-0.00063957,2.959e-05,-0.00041454
rev_3h,24h,2024-12,0.031928,0.022663,0.017557,0.00236622,0.00076988,0.00028913
rev_3h,24h,2025-01,0.003415,0.017766,0.016096,-0.00153607,6.353e-05,0.00027445
rev_3h,24h,2025-02,0.006277,0.013873,0.014567,-0.00129781,-0.00015589,-6.315e-05
rev_3h,24h,2025-03,0.006887,0.005526,0.014095,-0.00014022,-0.00099137,-0.00011074
rev_3h,24h,2025-04,0.014539,0.009234,0.0135,-0.00181299,-0.00108367,-0.00051007
rev_3h,24h,2025-05,0.020576,0.014001,0.013937,-0.00220784,-0.00138702,-0.00077145
rev_3h,24h,2025-06,0.014741,0.016619,0.011072,-0.00013451,-0.00138511,-0.00118824
rev_3h,24h,2025-07,0.018151,0.017823,0.013528,-0.00164917,-0.00133051,-0.00120709
rev_3h,24h,2025-08,0.002036,0.011643,0.012822,-0.00492459,-0.00223609,-0.00181155
rev_3h,24h,2025-09,0.013449,0.011212,0.013915,-0.00270141,-0.00309172,-0.00223842
rev_3h,24h,2025-10,0.027166,0.014217,0.01602,0.00073356,-0.00229748,-0.00181399
rev_3h,24h,2025-11,0.01795,0.019522,0.015582,-0.00070588,-0.00089124,-0.00156367
rev_3h,24h,2025-12,0.032875,0.025997,0.018604,0.0017837,0.00060379,-0.00124397
rev_3h,24h,2026-01,0.018379,0.023068,0.018642,-0.00196487,-0.00029568,-0.00129658
rev_3h,24h,2026-02,0.031643,0.027632,0.023577,0.00051642,0.00011175,-0.00038975
rev_3h,24h,2026-03,0.028436,0.026153,0.026075,-0.00023447,-0.00056097,2.141e-05
rev_3h,24h,2026-04,0.040779,0.033619,0.028344,-0.0006363,-0.00011812,-0.0002069
rev_3h,24h,2026-05,0.02052,0.029912,0.028772,0.0003452,-0.00017519,-3.172e-05
rev_3h,24h,2026-06,0.001561,0.020953,0.023553,-0.00740964,-0.00256691,-0.00156394
rev_3h,4h,2024-06,0.013976,0.013976,0.013976,-4.249e-05,-4.249e-05,-4.249e-05
rev_3h,4h,2024-07,0.026464,0.02022,0.02022,1.774e-05,-1.238e-05,-1.238e-05
rev_3h,4h,2024-08,0.046965,0.029135,0.029135,0.00090876,0.00029467,0.00029467
rev_3h,4h,2024-09,0.029381,0.03427,0.029196,0.00016608,0.00036419,0.00026252
rev_3h,4h,2024-10,0.045245,0.04053,0.032406,0.00054426,0.0005397,0.00031887
rev_3h,4h,2024-11,0.031478,0.035368,0.032252,-0.00023131,0.00015968,0.00022717
rev_3h,4h,2024-12,0.054294,0.043672,0.038971,0.00147794,0.00059696,0.00048058
rev_3h,4h,2025-01,-0.003364,0.027469,0.034,-0.00145412,-6.916e-05,0.00023527
rev_3h,4h,2025-02,4.6e-05,0.016992,0.02618,-0.00158146,-0.00051921,-0.00017977
rev_3h,4h,2025-03,0.035294,0.010659,0.027166,0.00048806,-0.00084917,-0.0001261
rev_3h,4h,2025-04,0.044446,0.026596,0.027033,0.00104894,-1.482e-05,-4.199e-05
rev_3h,4h,2025-05,0.006601,0.028781,0.022886,-0.00126193,9.169e-05,-0.00021376
rev_3h,4h,2025-06,0.036214,0.029087,0.019873,0.00051275,9.992e-05,-0.00037463
rev_3h,4h,2025-07,0.047064,0.02996,0.028278,-0.00013348,-0.00029422,-0.00015452
rev_3h,4h,2025-08,0.04559,0.042956,0.035868,0.00053556,0.00030494,0.00019832
rev_3h,4h,2025-09,0.028839,0.040498,0.034792,-0.00025983,4.742e-05,7.367e-05
rev_3h,4h,2025-10,0.033944,0.036124,0.033042,-0.00097337,-0.00023255,-0.00026338
rev_3h,4h,2025-11,0.029192,0.030659,0.036807,-0.00082718,-0.00068679,-0.00019092
rev_3h,4h,2025-12,0.049058,0.037398,0.038948,0.00069632,-0.00036808,-0.00016033
rev_3h,4h,2026-01,0.033415,0.037222,0.036673,0.00010651,-8.12e-06,-0.00012033
rev_3h,4h,2026-02,0.017868,0.033447,0.032053,-0.00133256,-0.00017658,-0.00043169
rev_3h,4h,2026-03,0.032894,0.028059,0.032729,-0.00016299,-0.00046301,-0.00041554
rev_3h,4h,2026-04,0.030365,0.027042,0.032132,-0.000429,-0.00064152,-0.00032482
rev_3h,4h,2026-05,0.037836,0.033698,0.033573,0.00027818,-0.0001046,-0.00014059
rev_3h,4h,2026-06,0.045148,0.037783,0.032921,0.0003396,6.293e-05,-0.00020004
rev_3h,72h,2024-06,-0.027367,-0.027367,-0.027367,-0.00544116,-0.00544116,-0.00544116
rev_3h,72h,2024-07,0.009399,-0.008984,-0.008984,0.0014168,-0.00201218,-0.00201218
rev_3h,72h,2024-08,0.00051,-0.00582,-0.00582,-0.00018178,-0.00140205,-0.00140205
rev_3h,72h,2024-09,0.013448,0.007785,-0.001003,0.0007045,0.00064651,-0.00087541
rev_3h,72h,2024-10,0.018108,0.010689,0.002819,0.00240048,0.0009744,-0.00022023
rev_3h,72h,2024-11,-0.011327,0.006743,0.000462,-0.00584009,-0.0009117,-0.00115687
rev_3h,72h,2024-12,0.020644,0.009142,0.008463,0.00235807,-0.00036051,0.000143
rev_3h,72h,2025-01,-0.020559,-0.003747,0.003471,-0.0061022,-0.00319474,-0.00111017
rev_3h,72h,2025-02,0.015549,0.005211,0.005977,0.00241036,-0.00044459,-0.00067815
rev_3h,72h,2025-03,0.004084,-0.000309,0.004416,0.00241348,-0.00042612,-0.00039332
rev_3h,72h,2025-04,0.010817,0.01015,0.003201,-0.00137084,0.001151,-0.00102187
rev_3h,72h,2025-05,0.010642,0.008514,0.006863,-0.00464547,-0.00120094,-0.00082277
rev_3h,72h,2025-06,0.032818,0.018092,0.008892,0.00154202,-0.00149143,-0.00095877
rev_3h,72h,2025-07,0.016149,0.01987,0.01501,-0.00035472,-0.00115272,-8.6e-07
rev_3h,72h,2025-08,0.021022,0.02333,0.015922,-0.01791461,-0.00557577,-0.00338836
rev_3h,72h,2025-09,0.001257,0.012809,0.015451,-0.01140088,-0.00989007,-0.00569075
rev_3h,72h,2025-10,0.011957,0.011412,0.015641,0.00018325,-0.00971075,-0.00543174
rev_3h,72h,2025-11,0.002803,0.005339,0.014334,0.00342436,-0.00259776,-0.00408676
rev_3h,72h,2025-12,0.020829,0.011863,0.012336,0.00324321,0.00228361,-0.00380323
rev_3h,72h,2026-01,-0.001093,0.007513,0.009462,-0.00587144,0.00026538,-0.00472268
rev_3h,72h,2026-02,0.008776,0.009504,0.007421,-0.00311899,-0.00191574,-0.00225675
rev_3h,72h,2026-03,0.013486,0.007056,0.00946,1.689e-05,-0.00299118,-0.00035379
rev_3h,72h,2026-04,0.021328,0.01453,0.011021,-0.00370234,-0.00226815,-0.00100139
rev_3h,72h,2026-05,0.001688,0.012167,0.010836,-0.0032573,-0.00231425,-0.002115
rev_3h,72h,2026-06,-0.002788,0.006743,0.006899,-0.00682002,-0.00459322,-0.0037922
rev_72h,1h,2024-06,-0.008726,-0.008726,-0.008726,-0.00027822,-0.00027822,-0.00027822
rev_72h,1h,2024-07,0.008932,0.000103,0.000103,7.732e-05,-0.00010045,-0.00010045
rev_72h,1h,2024-08,0.009065,0.00309,0.00309,5.612e-05,-4.826e-05,-4.826e-05
rev_72h,1h,2024-09,0.026444,0.014814,0.008929,0.00019515,0.00010953,1.259e-05
rev_72h,1h,2024-10,0.029762,0.021757,0.013096,0.00012666,0.00012598,3.541e-05
rev_72h,1h,2024-11,0.020438,0.025548,0.014319,-7.396e-05,8.262e-05,1.718e-05
rev_72h,1h,2024-12,0.023193,0.024464,0.019639,5.468e-05,3.579e-05,7.266e-05
rev_72h,1h,2025-01,-0.000517,0.014371,0.018064,-0.00034419,-0.00012116,2.41e-06
rev_72h,1h,2025-02,0.019975,0.014217,0.019883,0.00013608,-5.114e-05,1.574e-05
rev_72h,1h,2025-03,0.020447,0.013302,0.018883,0.00036795,5.328e-05,4.454e-05
rev_72h,1h,2025-04,0.012826,0.017749,0.01606,-1.058e-05,0.00016448,2.166e-05
rev_72h,1h,2025-05,0.01545,0.016241,0.015229,5.675e-05,0.00013804,4.345e-05
rev_72h,1h,2025-06,0.025523,0.017933,0.015617,0.00031881,0.00012166,8.747e-05
rev_72h,1h,2025-07,0.028404,0.023126,0.020438,1.467e-05,0.00013008,0.00014728
rev_72h,1h,2025-08,0.027461,0.027129,0.021685,-0.00011708,7.213e-05,0.00010509
rev_72h,1h,2025-09,0.018178,0.024681,0.021307,-0.00038497,-0.00016246,-2.04e-05
rev_72h,1h,2025-10,0.022776,0.022805,0.022965,-7.773e-05,-0.00019326,-3.159e-05
rev_72h,1h,2025-11,0.014566,0.018507,0.022818,-4.556e-05,-0.00016942,-4.864e-05
rev_72h,1h,2025-12,0.020258,0.0192,0.021941,0.0002497,4.214e-05,-6.016e-05
rev_72h,1h,2026-01,0.011921,0.015582,0.019193,-0.00028193,-2.593e-05,-0.0001096
rev_72h,1h,2026-02,0.005088,0.012423,0.015465,-0.00013452,-5.558e-05,-0.0001125
rev_72h,1h,2026-03,0.006505,0.007838,0.013519,-8.528e-05,-0.00016724,-6.255e-05
rev_72h,1h,2026-04,0.015147,0.008914,0.012248,-9.391e-05,-0.00010457,-6.525e-05
rev_72h,1h,2026-05,0.00687,0.009507,0.010965,-0.00022525,-0.00013481,-9.52e-05
rev_72h,1h,2026-06,0.007789,0.009935,0.008887,-0.00021499,-0.00017805,-0.00017265
rev_72h,24h,2024-06,-0.039473,-0.039473,-0.039473,-0.00573329,-0.00573329,-0.00573329
rev_72h,24h,2024-07,0.043223,0.001875,0.001875,0.00372931,-0.00100199,-0.00100199
rev_72h,24h,2024-08,-0.004414,-0.000222,-0.000222,0.00136458,-0.00021313,-0.00021313
rev_72h,24h,2024-09,0.073519,0.037442,0.018213,0.0041336,0.00307583,0.00087355
rev_72h,24h,2024-10,0.091876,0.05366,0.032946,0.00520096,0.00356638,0.00173903
rev_72h,24h,2024-11,0.018259,0.061218,0.030498,-0.0043494,0.00166172,0.00072429
rev_72h,24h,2024-12,0.043748,0.051294,0.044368,0.0002544,0.00036865,0.00172224
rev_72h,24h,2025-01,-0.009961,0.017349,0.035504,-0.00385081,-0.0026486,0.00045889
rev_72h,24h,2025-02,0.053588,0.029125,0.045171,0.00545693,0.00062017,0.00114095
rev_72h,24h,2025-03,0.023692,0.02244,0.036867,0.003227,0.00161104,0.00098985
rev_72h,24h,2025-04,-0.014219,0.02102,0.019185,-0.00894312,-8.64e-05,-0.0013675
rev_72h,24h,2025-05,0.040628,0.0167,0.022913,-0.00137857,-0.0023649,-0.00087236
rev_72h,24h,2025-06,0.102519,0.042976,0.032708,0.00698559,-0.00111203,0.0002495
rev_72h,24h,2025-07,0.048717,0.063954,0.042487,0.00046796,0.00202499,0.0009693
rev_72h,24h,2025-08,0.065478,0.072238,0.044469,-0.00480111,0.00088415,-0.00074038
rev_72h,24h,2025-09,0.036113,0.050103,0.046539,-0.00723465,-0.00385593,-0.00248398
rev_72h,24h,2025-10,0.035115,0.045569,0.054762,-0.00520914,-0.0057483,-0.00186165
rev_72h,24h,2025-11,0.009805,0.027011,0.049624,-0.00030953,-0.00425111,-0.00168348
rev_72h,24h,2025-12,0.04309,0.029337,0.03972,0.00429713,-0.00040718,-0.00213156
rev_72h,24h,2026-01,-0.003504,0.016463,0.031016,-0.00708291,-0.00103177,-0.00339004
rev_72h,24h,2026-02,0.010145,0.016577,0.021794,-0.00359065,-0.00212548,-0.00318829
rev_72h,24h,2026-03,0.014814,0.007151,0.018244,-0.0036182,-0.00476392,-0.00258555
rev_72h,24h,2026-04,0.046633,0.023864,0.020164,-0.00249077,-0.00323321,-0.00213249
rev_72h,24h,2026-05,0.007301,0.022916,0.019746,-0.00654194,-0.00421697,-0.00317122
rev_72h,24h,2026-06,0.027222,0.027052,0.017102,0.00132356,-0.00256972,-0.00366682
rev_72h,4h,2024-06,-0.012649,-0.012649,-0.012649,-0.00100654,-0.00100654,-0.00100654
rev_72h,4h,2024-07,0.024917,0.006134,0.006134,0.00073919,-0.00013367,-0.00013367
rev_72h,4h,2024-08,0.016163,0.009477,0.009477,0.00049117,7.461e-05,7.461e-05
rev_72h,4h,2024-09,0.039722,0.026934,0.017038,0.00079126,0.00067387,0.00025377
rev_72h,4h,2024-10,0.044038,0.033308,0.022438,0.00069752,0.00065998,0.00034252
rev_72h,4h,2024-11,0.020171,0.034644,0.02206,-0.00022847,0.0004201,0.00024735
rev_72h,4h,2024-12,0.032694,0.032301,0.029618,-0.00019558,9.116e-05,0.00038251
rev_72h,4h,2025-01,0.006419,0.019761,0.026535,-0.00106782,-0.00049729,8.135e-05
rev_72h,4h,2025-02,0.036676,0.025263,0.029953,0.00048068,-0.00026091,7.96e-05
rev_72h,4h,2025-03,0.031084,0.024726,0.028514,0.00131829,0.00024372,0.00016744
rev_72h,4h,2025-04,0.013023,0.026928,0.023345,-0.00067693,0.00037401,-6.164e-05
rev_72h,4h,2025-05,0.025489,0.023199,0.024231,-0.00022827,0.0001377,-6.161e-05
rev_72h,4h,2025-06,0.04697,0.028494,0.02661,0.00118897,9.459e-05,0.00016915
rev_72h,4h,2025-07,0.042237,0.038232,0.03258,0.00022341,0.0003947,0.00038436
rev_72h,4h,2025-08,0.044609,0.044605,0.033902,-0.00046404,0.00031611,0.0002269
rev_72h,4h,2025-09,0.026738,0.037861,0.033178,-0.00119946,-0.00048003,-0.00019272
rev_72h,4h,2025-10,0.036529,0.035959,0.037095,-0.0003544,-0.00067263,-0.00013897
rev_72h,4h,2025-11,0.017519,0.026929,0.035767,1.829e-05,-0.00051186,-9.787e-05
rev_72h,4h,2025-12,0.034739,0.029596,0.033729,0.00124957,0.00030449,-8.777e-05
rev_72h,4h,2026-01,0.015048,0.022435,0.029197,-0.00110438,5.449e-05,-0.00030907
rev_72h,4h,2026-02,0.009154,0.019647,0.023288,-0.0005395,-0.00013144,-0.00032165
rev_72h,4h,2026-03,0.013823,0.012675,0.021135,-0.0004224,-0.00068876,-0.00019214
rev_72h,4h,2026-04,0.029203,0.017393,0.019914,-0.00060712,-0.00052301,-0.00023426
rev_72h,4h,2026-05,0.013402,0.018809,0.019228,-0.00086438,-0.0006313,-0.00038137
rev_72h,4h,2026-06,0.003867,0.01549,0.014083,-0.00069284,-0.00072145,-0.0007051
rev_72h,72h,2024-06,-0.079608,-0.079608,-0.079608,-0.01080831,-0.01080831,-0.01080831
rev_72h,72h,2024-07,0.068257,-0.005675,-0.005675,0.01253939,0.00086554,0.00086554
rev_72h,72h,2024-08,0.026237,0.004962,0.004962,0.00396477,0.00189862,0.00189862
rev_72h,72h,2024-09,0.050151,0.048215,0.016259,0.00260988,0.00637135,0.00207643
rev_72h,72h,2024-10,0.112767,0.063052,0.035561,0.01180289,0.00612585,0.00402172
rev_72h,72h,2024-11,-0.018204,0.048238,0.0266,-0.01695514,-0.00084746,0.00052558
rev_72h,72h,2024-12,0.016378,0.03698,0.042597,-0.00230717,-0.00248647,0.00194244
rev_72h,72h,2025-01,-0.062001,-0.021276,0.020888,-0.00933158,-0.0095313,-0.00170272
rev_72h,72h,2025-02,0.062718,0.005698,0.026968,0.01654449,0.00163525,0.00039389
rev_72h,72h,2025-03,-0.010277,-0.003187,0.016897,-0.00182586,0.00179568,-0.0003454
rev_72h,72h,2025-04,-0.049472,0.000989,-0.010143,-0.02353954,-0.0029403,-0.0062358
rev_72h,72h,2025-05,0.067578,0.00261,0.004154,0.00606574,-0.00643322,-0.00239899
rev_72h,72h,2025-06,0.078346,0.032151,0.014482,0.00576147,-0.00390411,-0.00105421
rev_72h,72h,2025-07,0.04776,0.064561,0.032775,0.00077393,0.00420038,0.00063004
rev_72h,72h,2025-08,0.040942,0.055683,0.029146,-0.02963863,-0.00770108,-0.00706715
rev_72h,72h,2025-09,0.010939,0.033214,0.032682,-0.02264384,-0.01716951,-0.01053681
rev_72h,72h,2025-10,0.001942,0.017941,0.041251,-0.02945544,-0.02724597,-0.01152279
rev_72h,72h,2025-11,0.000551,0.004477,0.03008,0.00800359,-0.01469856,-0.01119982
rev_72h,72h,2025-12,0.01294,0.005144,0.019179,0.00017153,-0.00709344,-0.01213148
rev_72h,72h,2026-01,-0.054845,-0.013784,0.002078,-0.02565867,-0.00582785,-0.01653691
rev_72h,72h,2026-02,-0.022267,-0.021391,-0.008457,-0.01408948,-0.01319221,-0.01394538
rev_72h,72h,2026-03,0.023778,-0.017778,-0.006317,-0.00849622,-0.01608146,-0.01158745
rev_72h,72h,2026-04,0.065888,0.022466,0.004341,-0.00867138,-0.01041903,-0.00812344
rev_72h,72h,2026-05,0.010499,0.033388,0.005999,-0.01177483,-0.00964748,-0.01141984
rev_72h,72h,2026-06,0.093451,0.056613,0.019417,0.03027426,0.00327602,-0.00640272
reversal_5h,1h,2024-06,0.010233,0.010233,0.010233,-0.0001239,-0.0001239,-0.0001239
reversal_5h,1h,2024-07,0.0189,0.014567,0.014567,-6.179e-05,-9.285e-05,-9.285e-05
reversal_5h,1h,2024-08,0.038062,0.022399,0.022399,0.00020549,6.6e-06,6.6e-06
reversal_5h,1h,2024-09,0.039741,0.032235,0.026734,8.805e-05,7.725e-05,2.696e-05
reversal_5h,1h,2024-10,0.045763,0.041189,0.03054,0.00029525,0.00019626,8.062e-05
reversal_5h,1h,2024-11,0.038606,0.04137,0.031884,-7.073e-05,0.00010419,5.54e-05
reversal_5h,1h,2024-12,0.054418,0.046262,0.039248,0.00041999,0.00021484,0.00014604
reversal_5h,1h,2025-01,0.009727,0.03425,0.037719,-0.00028925,2e-05,0.00010813
reversal_5h,1h,2025-02,0.013813,0.025986,0.033678,-0.00037552,-8.159e-05,1.13e-05
reversal_5h,1h,2025-03,0.031074,0.018205,0.032233,0.00019616,-0.0001562,2.932e-05
reversal_5h,1h,2025-04,0.040984,0.028624,0.031437,0.00064572,0.00015545,8.773e-05
reversal_5h,1h,2025-05,0.02134,0.031133,0.028559,-0.00018768,0.00021807,6.824e-05
reversal_5h,1h,2025-06,0.029817,0.030714,0.024459,0.00015716,0.00020507,2.443e-05
reversal_5h,1h,2025-07,0.042846,0.031334,0.029979,-3.615e-05,-2.222e-05,6.661e-05
reversal_5h,1h,2025-08,0.046369,0.039678,0.035405,9.292e-05,7.131e-05,0.00014469
reversal_5h,1h,2025-09,0.035048,0.041421,0.036068,-9.345e-05,-1.223e-05,9.642e-05
reversal_5h,1h,2025-10,0.035232,0.038883,0.035109,-0.00015523,-5.192e-05,-3.707e-05
reversal_5h,1h,2025-11,0.033727,0.034669,0.037173,-0.00014557,-0.00013142,-3.005e-05
reversal_5h,1h,2025-12,0.041289,0.036749,0.039085,0.00013644,-5.479e-05,-3.351e-05
reversal_5h,1h,2026-01,0.037924,0.037647,0.038265,0.00013701,4.263e-05,-4.65e-06
reversal_5h,1h,2026-02,0.021553,0.033589,0.034129,-0.00039739,-4.131e-05,-8.636e-05
reversal_5h,1h,2026-03,0.021703,0.02706,0.031905,-0.00029779,-0.00018606,-0.00012042
reversal_5h,1h,2026-04,0.026948,0.023401,0.030524,-9.6e-05,-0.00026373,-0.00011055
reversal_5h,1h,2026-05,0.03505,0.027901,0.030745,0.00027542,-3.946e-05,-4.039e-05
reversal_5h,1h,2026-06,0.038685,0.033561,0.030311,9.032e-05,8.991e-05,-4.807e-05
reversal_5h,24h,2024-06,-0.006642,-0.006642,-0.006642,-0.00218077,-0.00218077,-0.00218077
reversal_5h,24h,2024-07,0.017609,0.005483,0.005483,-0.00095846,-0.00156961,-0.00156961
reversal_5h,24h,2024-08,0.016487,0.009151,0.009151,0.00069776,-0.00081382,-0.00081382
reversal_5h,24h,2024-09,0.00633,0.013475,0.008446,-0.00082565,-0.00036212,-0.00081678
reversal_5h,24h,2024-10,0.023816,0.015544,0.01152,0.00066456,0.00017889,-0.00052051
reversal_5h,24h,2024-11,0.023699,0.017948,0.01355,0.00055081,0.00012991,-0.00034196
reversal_5h,24h,2024-12,0.03324,0.026918,0.020197,0.0011612,0.00079219,0.00021504
reversal_5h,24h,2025-01,0.007461,0.021467,0.018505,-0.00175001,-1.267e-05,8.311e-05
reversal_5h,24h,2025-02,0.011845,0.017515,0.017732,-0.0016264,-0.0007384,-0.00030425
reversal_5h,24h,2025-03,0.006068,0.008458,0.017688,-0.00033365,-0.00123669,-0.00022225
reversal_5h,24h,2025-04,0.016511,0.011474,0.016471,-0.00245577,-0.00147194,-0.0007423
reversal_5h,24h,2025-05,0.03082,0.017799,0.017657,-0.00171001,-0.00149981,-0.00111911
reversal_5h,24h,2025-06,0.018308,0.021879,0.015169,-0.00027321,-0.00147966,-0.00135817
reversal_5h,24h,2025-07,0.021298,0.023475,0.017475,-0.0020479,-0.00134371,-0.00140782
reversal_5h,24h,2025-08,0.004605,0.014737,0.016268,-0.00600305,-0.00277472,-0.00213727
reversal_5h,24h,2025-09,0.017966,0.014623,0.018251,-0.00341461,-0.00382185,-0.00265076
reversal_5h,24h,2025-10,0.035891,0.019487,0.021481,0.00121644,-0.00273374,-0.00203872
reversal_5h,24h,2025-11,0.023794,0.025884,0.02031,-0.00091726,-0.00103848,-0.0019066
reversal_5h,24h,2025-12,0.036439,0.032042,0.023332,0.00146354,0.00058757,-0.00161714
reversal_5h,24h,2026-01,0.020841,0.027025,0.023256,-0.00316002,-0.00087125,-0.00180249
reversal_5h,24h,2026-02,0.040927,0.032736,0.02931,0.00110645,-0.00019668,-0.00061758
reversal_5h,24h,2026-03,0.033444,0.031737,0.031889,-6.943e-05,-0.00070767,-6.005e-05
reversal_5h,24h,2026-04,0.049678,0.04135,0.034187,-0.00081775,7.309e-05,-0.00039908
reversal_5h,24h,2026-05,0.023871,0.035664,0.0342,-0.00010541,-0.00033086,-0.00026377
reversal_5h,24h,2026-06,-0.005356,0.022731,0.027234,-0.00974616,-0.00355644,-0.00213205
reversal_5h,4h,2024-06,0.002538,0.002538,0.002538,-0.00064229,-0.00064229,-0.00064229
reversal_5h,4h,2024-07,0.031288,0.016913,0.016913,0.00016246,-0.00023991,-0.00023991
reversal_5h,4h,2024-08,0.050481,0.028102,0.028102,0.00099998,0.00017338,0.00017338
reversal_5h,4h,2024-09,0.02367,0.035146,0.026994,-0.00017161,0.00033028,8.713e-05
reversal_5h,4h,2024-10,0.043381,0.039177,0.030272,0.00064762,0.000492,0.00019923
reversal_5h,4h,2024-11,0.027315,0.031456,0.029779,-0.00025169,7.477e-05,0.00012408
reversal_5h,4h,2024-12,0.043375,0.038024,0.036585,0.00049143,0.00029579,0.00031303
reversal_5h,4h,2025-01,0.004178,0.024956,0.032067,-0.00071009,-0.00015678,0.00016761
reversal_5h,4h,2025-02,0.004122,0.017225,0.02434,-0.00132999,-0.00051622,-0.00022072
reversal_5h,4h,2025-03,0.032039,0.013446,0.025735,0.00045214,-0.00052931,-0.00011676
reversal_5h,4h,2025-04,0.042848,0.026337,0.025646,0.00118976,0.00010397,-2.641e-05
reversal_5h,4h,2025-05,0.010933,0.028607,0.022916,-0.0010004,0.00021383,-0.00015119
reversal_5h,4h,2025-06,0.041218,0.031666,0.022556,0.00065724,0.0002822,-0.00012356
reversal_5h,4h,2025-07,0.04481,0.03232,0.029328,-0.00075574,-0.0003663,-0.00013117
reversal_5h,4h,2025-08,0.04219,0.042739,0.035673,7.747e-05,-7.01e-06,0.00010341
reversal_5h,4h,2025-09,0.028279,0.038426,0.035046,-0.00025257,-0.00031028,-1.404e-05
reversal_5h,4h,2025-10,0.037593,0.036021,0.03417,-0.00127922,-0.00048477,-0.00042554
reversal_5h,4h,2025-11,0.033957,0.033276,0.038008,-0.00098594,-0.00083924,-0.00042313
reversal_5h,4h,2025-12,0.047869,0.039806,0.039116,0.00084074,-0.00047481,-0.00039254
reversal_5h,4h,2026-01,0.031678,0.037835,0.036928,-0.00022409,-0.0001231,-0.00030393
reversal_5h,4h,2026-02,0.020366,0.033304,0.03329,-0.0010316,-0.00013832,-0.00048878
reversal_5h,4h,2026-03,0.035865,0.029303,0.034555,-0.00014257,-0.00046609,-0.00047045
reversal_5h,4h,2026-04,0.033566,0.029932,0.033883,-9.261e-05,-0.00042226,-0.00027268
reversal_5h,4h,2026-05,0.046707,0.038713,0.036008,0.0006207,0.00012851,-4.9e-06
reversal_5h,4h,2026-06,0.040924,0.040399,0.034851,-4.708e-05,0.00016034,-0.00015287
reversal_5h,72h,2024-06,-0.033142,-0.033142,-0.033142,-0.00692602,-0.00692602,-0.00692602
reversal_5h,72h,2024-07,0.017866,-0.007638,-0.007638,0.00305691,-0.00193455,-0.00193455
reversal_5h,72h,2024-08,-0.00198,-0.005752,-0.005752,-0.00068232,-0.00151714,-0.00151714
reversal_5h,72h,2024-09,0.019417,0.011767,0.00054,0.00031733,0.00089731,-0.00105852
reversal_5h,72h,2024-10,0.026381,0.014606,0.005708,0.00327939,0.00097147,-0.00019094
reversal_5h,72h,2024-11,-0.010682,0.011705,0.002977,-0.00603157,-0.00081162,-0.00116438
reversal_5h,72h,2024-12,0.023125,0.012941,0.012354,0.00175635,-0.00033194,0.00028268
reversal_5h,72h,2025-01,-0.017824,-0.001794,0.006406,-0.005934,-0.00340307,-0.0012158
reversal_5h,72h,2025-02,0.022245,0.009182,0.010444,0.00229504,-0.00062754,-0.00071958
reversal_5h,72h,2025-03,0.006256,0.003559,0.00825,0.00266593,-0.00032434,-0.00032814
reversal_5h,72h,2025-04,0.00836,0.012287,0.005247,-0.0040296,0.00031046,-0.00154631
reversal_5h,72h,2025-05,0.014023,0.009546,0.009364,-0.00560156,-0.00232174,-0.00147464
reversal_5h,72h,2025-06,0.042119,0.021501,0.01253,0.00286365,-0.00225584,-0.00129009
reversal_5h,72h,2025-07,0.019324,0.025155,0.018721,-0.00148219,-0.0014067,-0.00054812
reversal_5h,72h,2025-08,0.028727,0.030057,0.019801,-0.02037567,-0.0063314,-0.00432657
reversal_5h,72h,2025-09,0.000546,0.016199,0.01885,-0.01552444,-0.01246077,-0.0073583
reversal_5h,72h,2025-10,0.014014,0.014429,0.019792,-0.00249741,-0.01279917,-0.00710294
reversal_5h,72h,2025-11,0.004925,0.006495,0.018276,0.00372889,-0.00476432,-0.00554786
reversal_5h,72h,2025-12,0.024776,0.014572,0.015385,0.00366568,0.00163239,-0.00541419
reversal_5h,72h,2026-01,-0.002871,0.008943,0.011686,-0.00739313,4.8e-07,-0.00639935
reversal_5h,72h,2026-02,0.012009,0.011305,0.0089,-0.00201737,-0.00191494,-0.00333963
reversal_5h,72h,2026-03,0.016325,0.008488,0.01153,0.00098358,-0.00280897,-0.00058829
reversal_5h,72h,2026-04,0.024664,0.017666,0.013305,-0.00791012,-0.0029813,-0.00149041
reversal_5h,72h,2026-05,0.001203,0.014064,0.012684,-0.00552424,-0.00415026,-0.0030326
reversal_5h,72h,2026-06,-0.005066,0.006934,0.007711,-0.00555906,-0.00633114,-0.00457006
rsi_14h,1h,2024-06,-0.002095,-0.002095,-0.002095,-0.00020383,-0.00020383,-0.00020383
rsi_14h,1h,2024-07,-0.016404,-0.009249,-0.009249,-7.075e-05,-0.00013729,-0.00013729
rsi_14h,1h,2024-08,-0.034893,-0.017797,-0.017797,0.0001853,-2.976e-05,-2.976e-05
rsi_14h,1h,2024-09,-0.027515,-0.026271,-0.020227,-3.414e-05,2.68e-05,-3.086e-05
rsi_14h,1h,2024-10,-0.040086,-0.034164,-0.024198,0.00023302,0.00012806,2.192e-05
rsi_14h,1h,2024-11,-0.027926,-0.031842,-0.02482,-0.00035236,-5.116e-05,-4.046e-05
rsi_14h,1h,2024-12,-0.049365,-0.039126,-0.032698,0.00031898,6.655e-05,4.667e-05
rsi_14h,1h,2025-01,-0.01583,-0.031041,-0.032603,-0.00025432,-9.59e-05,1.608e-05
rsi_14h,1h,2025-02,-0.007671,-0.024289,-0.028066,-0.00046877,-0.0001347,-9.293e-05
rsi_14h,1h,2025-03,-0.02635,-0.016617,-0.027871,0.00022002,-0.00016769,-5.057e-05
rsi_14h,1h,2025-04,-0.027469,-0.020497,-0.025769,0.00024886,4e-08,-4.793e-05
rsi_14h,1h,2025-05,-0.027559,-0.027126,-0.025708,-3.412e-05,0.00014492,5.11e-06
rsi_14h,1h,2025-06,-0.034217,-0.029749,-0.023183,0.00022847,0.00014774,-9.98e-06
rsi_14h,1h,2025-07,-0.036826,-0.032867,-0.026682,-0.00020587,-3.84e-06,-1.9e-06
rsi_14h,1h,2025-08,-0.030317,-0.033787,-0.030456,-0.000176,-5.113e-05,4.689e-05
rsi_14h,1h,2025-09,-0.028592,-0.031912,-0.03083,-0.00042952,-0.00027046,-6.136e-05
rsi_14h,1h,2025-10,-0.035287,-0.031399,-0.032133,-0.00017246,-0.00025933,-0.00013158
rsi_14h,1h,2025-11,-0.030847,-0.031576,-0.032681,-0.00022906,-0.00027701,-0.00016407
rsi_14h,1h,2025-12,-0.038291,-0.034809,-0.03336,-1.197e-05,-0.00013783,-0.00020415
rsi_14h,1h,2026-01,-0.034399,-0.034513,-0.032956,-0.00015031,-0.00013045,-0.00019489
rsi_14h,1h,2026-02,-0.024392,-0.032361,-0.031968,-0.00016818,-0.00011015,-0.00019358
rsi_14h,1h,2026-03,-0.020356,-0.026382,-0.030595,-0.00023496,-0.00018448,-0.00016116
rsi_14h,1h,2026-04,-0.028044,-0.024264,-0.029388,-0.00018021,-0.00019445,-0.00016245
rsi_14h,1h,2026-05,-0.02669,-0.02503,-0.028695,3.505e-05,-0.00012671,-0.00011843
rsi_14h,1h,2026-06,-0.019956,-0.024896,-0.025639,-0.00021056,-0.00011857,-0.00015153
rsi_14h,24h,2024-06,0.023369,0.023369,0.023369,-0.00576673,-0.00576673,-0.00576673
rsi_14h,24h,2024-07,-0.036516,-0.006573,-0.006573,0.00132108,-0.00222283,-0.00222283
rsi_14h,24h,2024-08,-0.010796,-0.007981,-0.007981,0.00029769,-0.00138265,-0.00138265
rsi_14h,24h,2024-09,-0.018717,-0.02201,-0.010665,-0.00023874,0.00046001,-0.00109668
rsi_14h,24h,2024-10,-0.061598,-0.03037,-0.020852,0.00461618,0.00155838,4.59e-05
rsi_14h,24h,2024-11,-0.01618,-0.032165,-0.020073,-0.00530427,-0.00030894,-0.0008458
rsi_14h,24h,2024-12,-0.04632,-0.041366,-0.031688,0.00051998,-5.604e-05,0.00020199
rsi_14h,24h,2025-01,0.023813,-0.012896,-0.021633,-0.00952841,-0.0047709,-0.00160626
rsi_14h,24h,2025-02,0.012105,-0.003467,-0.017816,-0.00974012,-0.00624952,-0.00327923
rsi_14h,24h,2025-03,-0.01947,0.005482,-0.017942,0.00143053,-0.005946,-0.00300102
rsi_14h,24h,2025-04,-0.02567,-0.011012,-0.011954,-0.00331287,-0.00387415,-0.00432253
rsi_14h,24h,2025-05,-0.074721,-0.039953,-0.02171,0.00408878,0.00073548,-0.00275702
rsi_14h,24h,2025-06,-0.056932,-0.052441,-0.023479,0.00317942,0.00131844,-0.00231378
rsi_14h,24h,2025-07,-0.018381,-0.050011,-0.030512,-0.00077711,0.0021637,-0.00085523
rsi_14h,24h,2025-08,-0.030068,-0.035127,-0.03754,-0.00427426,-0.00062398,5.575e-05
rsi_14h,24h,2025-09,-0.031368,-0.026606,-0.039523,-0.0074405,-0.00416396,-0.00142276
rsi_14h,24h,2025-10,-0.046735,-0.036057,-0.043034,-0.00088597,-0.00420024,-0.00101827
rsi_14h,24h,2025-11,-0.035942,-0.038015,-0.036571,0.00107661,-0.00241662,-0.0015203
rsi_14h,24h,2025-12,-0.051854,-0.044844,-0.035725,0.00389696,0.00136253,-0.00140071
rsi_14h,24h,2026-01,-0.022319,-0.036705,-0.036381,-0.00518418,-7.02e-05,-0.00213522
rsi_14h,24h,2026-02,-0.049574,-0.041249,-0.039632,0.00044502,-0.00028073,-0.00134868
rsi_14h,24h,2026-03,-0.0279,-0.033264,-0.039054,-0.0023372,-0.00235879,-0.00049813
rsi_14h,24h,2026-04,-0.068355,-0.048609,-0.042657,-0.00101931,-0.0009705,-0.00052035
rsi_14h,24h,2026-05,-0.013262,-0.036505,-0.038877,-0.00460155,-0.00265269,-0.00146671
rsi_14h,24h,2026-06,0.017553,-0.021355,-0.027309,-0.01279982,-0.00614023,-0.00424951
rsi_14h,4h,2024-06,-0.002234,-0.002234,-0.002234,-0.00081094,-0.00081094,-0.00081094
rsi_14h,4h,2024-07,-0.026695,-0.014465,-0.014465,0.0001076,-0.00035167,-0.00035167
rsi_14h,4h,2024-08,-0.046369,-0.0251,-0.0251,0.0007497,1.545e-05,1.545e-05
rsi_14h,4h,2024-09,-0.014687,-0.02925,-0.022496,-0.00046637,0.00013031,-0.000105
rsi_14h,4h,2024-10,-0.051737,-0.037598,-0.028344,0.00083042,0.00037125,8.208e-05
rsi_14h,4h,2024-11,-0.02277,-0.029731,-0.027415,-0.00112599,-0.00025398,-0.00011926
rsi_14h,4h,2024-12,-0.050453,-0.041653,-0.035452,0.00038166,2.87e-05,7.95e-05
rsi_14h,4h,2025-01,-0.011094,-0.028105,-0.032851,-0.00126562,-0.00066998,-0.00014937
rsi_14h,4h,2025-02,-0.001349,-0.020965,-0.025348,-0.00205045,-0.00097814,-0.00061606
rsi_14h,4h,2025-03,-0.036947,-0.016463,-0.029058,0.00114013,-0.00072531,-0.00034831
rsi_14h,4h,2025-04,-0.026002,-0.021433,-0.024769,-0.00021925,-0.00037652,-0.00052325
rsi_14h,4h,2025-05,-0.038293,-0.033747,-0.027356,-0.00044884,0.00015735,-0.00041039
rsi_14h,4h,2025-06,-0.056596,-0.040297,-0.02838,0.0010099,0.00011394,-0.00030569
rsi_14h,4h,2025-07,-0.041504,-0.045464,-0.033448,-0.00057373,-4.22e-06,-0.00019037
rsi_14h,4h,2025-08,-0.026656,-0.041586,-0.037666,-0.00103711,-0.00020031,-2.148e-05
rsi_14h,4h,2025-09,-0.031264,-0.033142,-0.036719,-0.0014713,-0.00102738,-0.00045672
rsi_14h,4h,2025-10,-0.046907,-0.034942,-0.040203,-0.00097919,-0.00116253,-0.00058338
rsi_14h,4h,2025-11,-0.038623,-0.038931,-0.040258,-0.00061434,-0.00102161,-0.00061096
rsi_14h,4h,2025-12,-0.055001,-0.046844,-0.039993,0.00059089,-0.00033421,-0.0006808
rsi_14h,4h,2026-01,-0.032161,-0.041928,-0.038435,-0.00125179,-0.00042508,-0.00079381
rsi_14h,4h,2026-02,-0.036665,-0.041275,-0.040103,-0.00020208,-0.00028766,-0.00065464
rsi_14h,4h,2026-03,-0.032811,-0.033879,-0.040361,-0.00052858,-0.00066082,-0.00049751
rsi_14h,4h,2026-04,-0.044144,-0.037873,-0.039901,-0.00071963,-0.00048343,-0.00045425
rsi_14h,4h,2026-05,-0.037862,-0.038272,-0.039774,-0.00033629,-0.00052817,-0.00040791
rsi_14h,4h,2026-06,-0.012646,-0.031551,-0.032715,-0.00132346,-0.00079313,-0.00072697
rsi_14h,72h,2024-06,0.048508,0.048508,0.048508,-0.01027937,-0.01027937,-0.01027937
rsi_14h,72h,2024-07,-0.042328,0.00309,0.00309,0.00902664,-0.00062636,-0.00062636
rsi_14h,72h,2024-08,-0.009966,-0.001262,-0.001262,-0.00037112,-0.00054128,-0.00054128
rsi_14h,72h,2024-09,-0.033173,-0.028489,-0.00924,0.00132324,0.00332625,-7.515e-05
rsi_14h,72h,2024-10,-0.080054,-0.041064,-0.023402,0.01012364,0.00369192,0.00196461
rsi_14h,72h,2024-11,0.040665,-0.024187,-0.012725,-0.02162634,-0.00339315,-0.00196722
rsi_14h,72h,2024-12,-0.024653,-0.021347,-0.024918,-0.00282448,-0.00477573,-0.00072474
rsi_14h,72h,2025-01,0.047392,0.021135,-0.009965,-0.01381952,-0.01275678,-0.00453243
rsi_14h,72h,2025-02,-0.030558,-0.002606,-0.013397,-0.00148984,-0.00604461,-0.00471888
rsi_14h,72h,2025-03,-0.01031,0.002175,-0.009586,0.00322978,-0.00402653,-0.00440113
rsi_14h,72h,2025-04,0.004025,-0.012281,0.004427,-0.01397125,-0.0040771,-0.00841694
rsi_14h,72h,2025-05,-0.051281,-0.019189,-0.010898,0.00409542,-0.00221535,-0.00412998
rsi_14h,72h,2025-06,-0.067946,-0.038401,-0.018113,0.00772704,-0.00071626,-0.0023714
rsi_14h,72h,2025-07,-0.013717,-0.044315,-0.028298,-0.00273996,0.0030275,-0.0005248
rsi_14h,72h,2025-08,-0.039099,-0.040254,-0.029721,-0.02438894,-0.00646729,-0.00434132
rsi_14h,72h,2025-09,-0.006874,-0.019897,-0.029149,-0.02667905,-0.01793598,-0.00932612
rsi_14h,72h,2025-10,-0.016139,-0.020704,-0.03251,-0.01425915,-0.02177571,-0.00937411
rsi_14h,72h,2025-11,-0.004053,-0.009022,-0.024638,0.00584958,-0.01169621,-0.00908175
rsi_14h,72h,2025-12,-0.042898,-0.02103,-0.020463,0.00585521,-0.00085145,-0.00939372
rsi_14h,72h,2026-01,0.018391,-0.00952,-0.015112,-0.01446972,-0.00092164,-0.01134868
rsi_14h,72h,2026-02,-0.013178,-0.012562,-0.010792,-0.00513264,-0.00458238,-0.00813929
rsi_14h,72h,2026-03,-0.015697,-0.003495,-0.012262,-0.0051659,-0.00825609,-0.00455377
rsi_14h,72h,2026-04,-0.031903,-0.020259,-0.01489,-0.01705982,-0.00911945,-0.00502055
rsi_14h,72h,2026-05,-0.001917,-0.016505,-0.014534,-0.01055433,-0.01092668,-0.00775453
rsi_14h,72h,2026-06,-0.020011,-0.017943,-0.010719,-0.00656003,-0.01139139,-0.00982374
rsi_28h,1h,2024-06,-0.00084,-0.00084,-0.00084,-0.0003127,-0.0003127,-0.0003127
rsi_28h,1h,2024-07,-0.018813,-0.009827,-0.009827,4.739e-05,-0.00013265,-0.00013265
rsi_28h,1h,2024-08,-0.030709,-0.016788,-0.016788,0.00014646,-3.962e-05,-3.962e-05
rsi_28h,1h,2024-09,-0.027468,-0.025664,-0.019458,-3.717e-05,5.223e-05,-3.9e-05
rsi_28h,1h,2024-10,-0.041297,-0.033158,-0.023826,0.00023568,0.00011499,1.593e-05
rsi_28h,1h,2024-11,-0.025139,-0.031301,-0.024045,-0.00031068,-3.739e-05,-3.85e-05
rsi_28h,1h,2024-12,-0.042654,-0.036363,-0.031014,0.00019036,3.845e-05,4.534e-05
rsi_28h,1h,2025-01,-0.011706,-0.0265,-0.029829,-0.0003464,-0.00015557,-2.029e-05
rsi_28h,1h,2025-02,-0.009509,-0.02129,-0.026296,-0.00040169,-0.00018591,-0.00011165
rsi_28h,1h,2025-03,-0.024737,-0.015317,-0.02584,0.00018623,-0.00018729,-7.442e-05
rsi_28h,1h,2025-04,-0.021119,-0.018455,-0.022477,0.00019468,-6.93e-06,-8.125e-05
rsi_28h,1h,2025-05,-0.028747,-0.024868,-0.023079,8.359e-05,0.00015483,-1.554e-05
rsi_28h,1h,2025-06,-0.034929,-0.028265,-0.021791,0.00029006,0.00018944,1.08e-06
rsi_28h,1h,2025-07,-0.030179,-0.031285,-0.02487,-0.00025536,3.943e-05,1.625e-05
rsi_28h,1h,2025-08,-0.028984,-0.031364,-0.028116,-0.00021541,-6.024e-05,4.73e-05
rsi_28h,1h,2025-09,-0.027793,-0.028985,-0.028625,-0.00045678,-0.00030918,-5.987e-05
rsi_28h,1h,2025-10,-0.032671,-0.029816,-0.030551,-9.712e-05,-0.00025644,-0.0001085
rsi_28h,1h,2025-11,-0.02783,-0.029431,-0.030398,-0.00016966,-0.00024119,-0.00015071
rsi_28h,1h,2025-12,-0.034236,-0.031579,-0.030282,5.9e-05,-6.926e-05,-0.00018922
rsi_28h,1h,2026-01,-0.028304,-0.030123,-0.02997,-0.0002446,-0.00011842,-0.00018743
rsi_28h,1h,2026-02,-0.020996,-0.027845,-0.028638,-1.406e-05,-6.655e-05,-0.00015387
rsi_28h,1h,2026-03,-0.015749,-0.021683,-0.026631,-0.00017994,-0.0001462,-0.00010773
rsi_28h,1h,2026-04,-0.024583,-0.020442,-0.025283,-0.00012488,-0.00010629,-0.00011236
rsi_28h,1h,2026-05,-0.019772,-0.020034,-0.02394,-0.00016108,-0.0001553,-0.00011093
rsi_28h,1h,2026-06,-0.01486,-0.019738,-0.02071,-0.00027624,-0.0001874,-0.0001668
rsi_28h,24h,2024-06,0.023571,0.023571,0.023571,-0.00670259,-0.00670259,-0.00670259
rsi_28h,24h,2024-07,-0.051018,-0.013724,-0.013724,0.00296344,-0.00186957,-0.00186957
rsi_28h,24h,2024-08,-0.016785,-0.014744,-0.014744,0.00063417,-0.00103499,-0.00103499
rsi_28h,24h,2024-09,-0.036195,-0.034666,-0.020107,-0.00026783,0.00110993,-0.0008432
rsi_28h,24h,2024-10,-0.076282,-0.043087,-0.031342,0.00522538,0.00186391,0.00037051
rsi_28h,24h,2024-11,-0.011758,-0.041412,-0.028078,-0.00572806,-0.00025684,-0.00064592
rsi_28h,24h,2024-12,-0.04074,-0.042927,-0.038796,-0.00204587,-0.00084952,0.0001302
rsi_28h,24h,2025-01,0.031301,-0.007066,-0.025076,-0.01104181,-0.00627191,-0.002204
rsi_28h,24h,2025-02,0.005086,-0.001451,-0.021431,-0.00753146,-0.00687305,-0.00356494
rsi_28h,24h,2025-03,-0.027262,0.003042,-0.019942,0.00215782,-0.00547182,-0.00316067
rsi_28h,24h,2025-04,-0.020391,-0.014189,-0.010627,-0.00420581,-0.00319315,-0.00473253
rsi_28h,24h,2025-05,-0.080946,-0.042866,-0.022159,0.00487762,0.00094321,-0.00296492
rsi_28h,24h,2025-06,-0.075462,-0.058933,-0.027946,0.00496853,0.00188011,-0.00179585
rsi_28h,24h,2025-07,-0.020961,-0.059123,-0.036656,-0.00090526,0.0029803,-0.00010643
rsi_28h,24h,2025-08,-0.052415,-0.049613,-0.04624,-0.00408536,-7.36e-06,0.00046792
rsi_28h,24h,2025-09,-0.036234,-0.036537,-0.047735,-0.00916823,-0.00471962,-0.00141975
rsi_28h,24h,2025-10,-0.052209,-0.046953,-0.053038,-0.00127114,-0.00484158,-0.00093064
rsi_28h,24h,2025-11,-0.034568,-0.041003,-0.045308,0.00146695,-0.00299081,-0.00149908
rsi_28h,24h,2025-12,-0.052297,-0.046358,-0.041447,0.00370374,0.00129985,-0.00170988
rsi_28h,24h,2026-01,-0.014191,-0.033685,-0.040319,-0.00654335,-0.00045755,-0.00264956
rsi_28h,24h,2026-02,-0.042213,-0.036234,-0.038619,-0.00131956,-0.00138639,-0.0021886
rsi_28h,24h,2026-03,-0.027094,-0.027833,-0.037095,-0.00277695,-0.00354662,-0.00112338
rsi_28h,24h,2026-04,-0.063625,-0.044311,-0.038998,-0.00168368,-0.00192673,-0.00119214
rsi_28h,24h,2026-05,-0.009522,-0.033414,-0.034824,-0.00632636,-0.00359566,-0.00249103
rsi_28h,24h,2026-06,0.005034,-0.022705,-0.025269,-0.00927534,-0.00576179,-0.00465421
rsi_28h,4h,2024-06,-0.00074,-0.00074,-0.00074,-0.0011186,-0.0011186,-0.0011186
rsi_28h,4h,2024-07,-0.03154,-0.01614,-0.01614,0.00042634,-0.00034613,-0.00034613
rsi_28h,4h,2024-08,-0.042802,-0.025027,-0.025027,0.00066719,-8.36e-06,-8.36e-06
rsi_28h,4h,2024-09,-0.021152,-0.031831,-0.024058,-0.000514,0.00019318,-0.00013477
rsi_28h,4h,2024-10,-0.056922,-0.040292,-0.030631,0.00108296,0.00041205,0.00010878
rsi_28h,4h,2024-11,-0.020949,-0.033008,-0.029017,-0.00118072,-0.00020392,-0.00010614
rsi_28h,4h,2024-12,-0.045988,-0.041286,-0.036559,5.177e-05,-1.533e-05,8.892e-05
rsi_28h,4h,2025-01,-0.008819,-0.025252,-0.032772,-0.00145518,-0.00086138,-0.00022466
rsi_28h,4h,2025-02,-0.006943,-0.020583,-0.026795,-0.00202379,-0.0011424,-0.00067316
rsi_28h,4h,2025-03,-0.036344,-0.017369,-0.029327,0.00085055,-0.00087614,-0.00044573
rsi_28h,4h,2025-04,-0.02145,-0.021579,-0.023415,-0.00033193,-0.00050172,-0.00068155
rsi_28h,4h,2025-05,-0.045675,-0.03449,-0.027536,0.00014478,0.00022113,-0.00046063
rsi_28h,4h,2025-06,-0.05968,-0.042268,-0.029818,0.00122927,0.00034737,-0.00026438
rsi_28h,4h,2025-07,-0.035797,-0.047051,-0.034315,-0.00057363,0.00026681,-0.00011746
rsi_28h,4h,2025-08,-0.031773,-0.042417,-0.038453,-0.00086961,-7.132e-05,7.491e-05
rsi_28h,4h,2025-09,-0.033471,-0.033681,-0.037974,-0.00144177,-0.00096167,-0.00030715
rsi_28h,4h,2025-10,-0.046617,-0.037287,-0.042169,-0.00070944,-0.00100694,-0.00037007
rsi_28h,4h,2025-11,-0.038907,-0.039665,-0.041041,-0.0001332,-0.00076147,-0.0004164
rsi_28h,4h,2025-12,-0.052359,-0.045961,-0.039821,0.00079254,-1.67e-05,-0.00048919
rsi_28h,4h,2026-01,-0.027911,-0.039726,-0.038506,-0.0012413,-0.00019399,-0.00060046
rsi_28h,4h,2026-02,-0.032945,-0.037739,-0.038702,-2.133e-05,-0.0001567,-0.00045908
rsi_28h,4h,2026-03,-0.0266,-0.029152,-0.037557,-0.00039969,-0.00055411,-0.0002854
rsi_28h,4h,2026-04,-0.041964,-0.033837,-0.036781,-0.00057629,-0.00033244,-0.00026321
rsi_28h,4h,2026-05,-0.029633,-0.032732,-0.035235,-0.00073934,-0.00057177,-0.00036424
rsi_28h,4h,2026-06,-0.007591,-0.026396,-0.027774,-0.00162371,-0.00097978,-0.00076694
rsi_28h,72h,2024-06,0.052323,0.052323,0.052323,-0.01040368,-0.01040368,-0.01040368
rsi_28h,72h,2024-07,-0.059308,-0.003492,-0.003492,0.01119419,0.00039525,0.00039525
rsi_28h,72h,2024-08,-0.032857,-0.01328,-0.01328,0.00252495,0.00110515,0.00110515
rsi_28h,72h,2024-09,-0.045393,-0.045852,-0.021309,0.00225109,0.00532341,0.00139164
rsi_28h,72h,2024-10,-0.086156,-0.054802,-0.034278,0.01008641,0.00495415,0.00313059
rsi_28h,72h,2024-11,0.043601,-0.029316,-0.021298,-0.02192212,-0.00319487,-0.00104486
rsi_28h,72h,2024-12,-0.011224,-0.017926,-0.031889,-0.00816934,-0.00666835,-0.00067247
rsi_28h,72h,2025-01,0.064718,0.032365,-0.011218,-0.01689379,-0.01566175,-0.0053538
rsi_28h,72h,2025-02,-0.041273,0.004074,-0.012621,0.00275381,-0.00743644,-0.00531566
rsi_28h,72h,2025-03,-0.008421,0.005008,-0.006459,0.00154244,-0.00419918,-0.00543377
rsi_28h,72h,2025-04,0.014888,-0.011602,0.010381,-0.01723899,-0.00431425,-0.009988
rsi_28h,72h,2025-05,-0.067863,-0.020465,-0.008196,0.00996967,-0.00190896,-0.0046727
rsi_28h,72h,2025-06,-0.079253,-0.044076,-0.019534,0.01007895,0.00093654,-0.00163132
rsi_28h,72h,2025-07,-0.017103,-0.05474,-0.033171,-0.00348292,0.0055219,0.00060383
rsi_28h,72h,2025-08,-0.041481,-0.045946,-0.033206,-0.02822663,-0.0072102,-0.00455958
rsi_28h,72h,2025-09,-0.015374,-0.024652,-0.034364,-0.03065448,-0.02078801,-0.00992573
rsi_28h,72h,2025-10,-0.009663,-0.022173,-0.038456,-0.02263395,-0.02717169,-0.01082489
rsi_28h,72h,2025-11,-0.003476,-0.009504,-0.027725,0.00889778,-0.01479688,-0.01100354
rsi_28h,72h,2025-12,-0.041466,-0.018202,-0.021427,0.00474064,-0.00299851,-0.01189326
rsi_28h,72h,2026-01,0.033059,-0.003961,-0.013067,-0.01889361,-0.00175173,-0.01446171
rsi_28h,72h,2026-02,-0.005362,-0.00459,-0.007047,-0.00870699,-0.00761999,-0.01120844
rsi_28h,72h,2026-03,-0.018989,0.002903,-0.007649,-0.00909923,-0.01223328,-0.00761589
rsi_28h,72h,2026-04,-0.039031,-0.021127,-0.012544,-0.01934206,-0.01238276,-0.00706725
rsi_28h,72h,2026-05,-0.007157,-0.021726,-0.013158,-0.01227589,-0.01357239,-0.01059619
rsi_28h,72h,2026-06,-0.041526,-0.029238,-0.013168,-0.00013616,-0.0105847,-0.01140899
rsi_7h,1h,2024-06,-0.003205,-0.003205,-0.003205,-0.00024223,-0.00024223,-0.00024223
rsi_7h,1h,2024-07,-0.014837,-0.009021,-0.009021,-0.00015486,-0.00019855,-0.00019855
rsi_7h,1h,2024-08,-0.038498,-0.018847,-0.018847,0.00026506,-4.401e-05,-4.401e-05
rsi_7h,1h,2024-09,-0.030857,-0.028064,-0.021849,-6.589e-05,1.477e-05,-4.948e-05
rsi_7h,1h,2024-10,-0.040528,-0.036627,-0.025585,0.00018087,0.00012668,-3.41e-06
rsi_7h,1h,2024-11,-0.02957,-0.033652,-0.026249,-0.00023509,-4.004e-05,-4.202e-05
rsi_7h,1h,2024-12,-0.05455,-0.041549,-0.034807,0.00050223,0.00014934,8.205e-05
rsi_7h,1h,2025-01,-0.016747,-0.033622,-0.035125,-0.00013444,4.423e-05,8.546e-05
rsi_7h,1h,2025-02,-0.007744,-0.026347,-0.029999,-0.0003436,8.06e-06,-1.599e-05
rsi_7h,1h,2025-03,-0.027985,-0.017492,-0.029521,0.00020642,-9.054e-05,2.94e-05
rsi_7h,1h,2025-04,-0.033521,-0.023083,-0.028353,0.00047173,0.00011152,7.787e-05
rsi_7h,1h,2025-05,-0.024845,-0.028784,-0.027565,-8.74e-05,0.00019692,0.00010249
rsi_7h,1h,2025-06,-0.033114,-0.030493,-0.023993,0.00021791,0.00020075,5.51e-05
rsi_7h,1h,2025-07,-0.042906,-0.033622,-0.028352,-0.00012392,2.2e-06,5.686e-05
rsi_7h,1h,2025-08,-0.036658,-0.03756,-0.033172,-0.00014807,-1.803e-05,8.944e-05
rsi_7h,1h,2025-09,-0.031725,-0.037097,-0.033795,-0.00032293,-0.00019831,1.22e-06
rsi_7h,1h,2025-10,-0.035813,-0.034732,-0.034177,-0.00029678,-0.00025593,-0.00012687
rsi_7h,1h,2025-11,-0.033191,-0.033577,-0.035568,-0.00022003,-0.00027991,-0.00014897
rsi_7h,1h,2025-12,-0.039842,-0.036282,-0.036689,-6.559e-05,-0.00019413,-0.00019622
rsi_7h,1h,2026-01,-0.038333,-0.037122,-0.035927,5.541e-05,-7.674e-05,-0.00016633
rsi_7h,1h,2026-02,-0.02262,-0.033599,-0.033588,-0.00025944,-8.987e-05,-0.00018489
rsi_7h,1h,2026-03,-0.024737,-0.028563,-0.032423,-0.0002222,-0.00014208,-0.00016811
rsi_7h,1h,2026-04,-0.031289,-0.026215,-0.031669,-0.00016879,-0.00021681,-0.00014677
rsi_7h,1h,2026-05,-0.033786,-0.029937,-0.031768,7.568e-05,-0.0001051,-9.749e-05
rsi_7h,1h,2026-06,-0.032424,-0.032499,-0.030531,6.275e-05,-1.012e-05,-7.61e-05
rsi_7h,24h,2024-06,0.018461,0.018461,0.018461,-0.00430783,-0.00430783,-0.00430783
rsi_7h,24h,2024-07,-0.023635,-0.002587,-0.002587,-0.00011521,-0.00221152,-0.00221152
rsi_7h,24h,2024-08,-0.011634,-0.005603,-0.005603,0.00053822,-0.00129494,-0.00129494
rsi_7h,24h,2024-09,-0.002156,-0.012475,-0.004741,-0.0014294,-0.00033546,-0.00132856
rsi_7h,24h,2024-10,-0.042645,-0.018812,-0.012322,0.00285102,0.00065328,-0.00049264
rsi_7h,24h,2024-11,-0.015875,-0.020225,-0.012914,-0.00368398,-0.00075412,-0.00102453
rsi_7h,24h,2024-12,-0.041603,-0.033374,-0.022925,0.00092628,3.111e-05,-0.00015218
rsi_7h,24h,2025-01,0.013968,-0.014503,-0.016657,-0.00684094,-0.00319955,-0.00127313
rsi_7h,24h,2025-02,0.01166,-0.005325,-0.012775,-0.00808983,-0.00466816,-0.00271114
rsi_7h,24h,2025-03,-0.011764,0.004622,-0.014376,0.00063369,-0.00476569,-0.00236729
rsi_7h,24h,2025-04,-0.017191,-0.005765,-0.010134,-0.00332358,-0.00359324,-0.00339639
rsi_7h,24h,2025-05,-0.059865,-0.029607,-0.017466,0.00257965,-3.675e-05,-0.00235246
rsi_7h,24h,2025-06,-0.037684,-0.038247,-0.016813,0.00134867,0.00020158,-0.00228206
rsi_7h,24h,2025-07,-0.012777,-0.036775,-0.02127,-0.00205422,0.0006247,-0.00148427
rsi_7h,24h,2025-08,-0.008353,-0.019605,-0.024606,-0.00494127,-0.00188227,-0.00095951
rsi_7h,24h,2025-09,-0.026531,-0.015887,-0.027067,-0.00513686,-0.00404412,-0.00192127
rsi_7h,24h,2025-10,-0.037547,-0.024144,-0.03046,-0.00073778,-0.0036053,-0.0014903
rsi_7h,24h,2025-11,-0.02844,-0.030839,-0.025222,-0.00155114,-0.00247526,-0.00217877
rsi_7h,24h,2025-12,-0.045085,-0.037024,-0.026455,0.00305188,0.00025432,-0.0018949
rsi_7h,24h,2026-01,-0.021356,-0.031627,-0.027885,-0.00410185,-0.00086704,-0.00223617
rsi_7h,24h,2026-02,-0.045311,-0.03725,-0.034045,0.00139726,0.00011576,-0.00117975
rsi_7h,24h,2026-03,-0.032059,-0.032909,-0.034966,-0.00144694,-0.00138384,-0.00056476
rsi_7h,24h,2026-04,-0.063016,-0.046796,-0.039211,-0.00089881,-0.00031616,-0.0005916
rsi_7h,24h,2026-05,-0.01855,-0.037875,-0.037563,-0.0018033,-0.00138302,-0.00063363
rsi_7h,24h,2026-06,0.016097,-0.021823,-0.027366,-0.01420112,-0.00563441,-0.00350913
rsi_7h,4h,2024-06,-0.003392,-0.003392,-0.003392,-0.00071029,-0.00071029,-0.00071029
rsi_7h,4h,2024-07,-0.02505,-0.014221,-0.014221,-7.915e-05,-0.00039472,-0.00039472
rsi_7h,4h,2024-08,-0.049257,-0.0259,-0.0259,0.00079066,4.1e-07,4.1e-07
rsi_7h,4h,2024-09,-0.013313,-0.029207,-0.022753,-0.00058835,4.105e-05,-0.00014678
rsi_7h,4h,2024-10,-0.04734,-0.036636,-0.02767,0.00060373,0.00026868,3.32e-06
rsi_7h,4h,2024-11,-0.02008,-0.026911,-0.026405,-0.00071524,-0.00023329,-0.00011644
rsi_7h,4h,2024-12,-0.050635,-0.039352,-0.034279,0.00056438,0.00015096,9.601e-05
rsi_7h,4h,2025-01,-0.007218,-0.025978,-0.031307,-0.00118342,-0.00044476,-8.804e-05
rsi_7h,4h,2025-02,-0.000151,-0.019334,-0.023123,-0.00169676,-0.00077193,-0.00050261
rsi_7h,4h,2025-03,-0.037878,-0.015082,-0.027217,0.00110583,-0.00059145,-0.00022025
rsi_7h,4h,2025-04,-0.029295,-0.022441,-0.024209,0.00029474,-9.873e-05,-0.00027175
rsi_7h,4h,2025-05,-0.025968,-0.031047,-0.025191,-0.00082009,0.00019349,-0.00028922
rsi_7h,4h,2025-06,-0.051088,-0.03545,-0.025266,0.00083138,0.00010201,-0.00024472
rsi_7h,4h,2025-07,-0.046843,-0.0413,-0.03187,-0.00055659,-0.00018177,-0.00014025
rsi_7h,4h,2025-08,-0.03039,-0.042774,-0.03691,-0.00064168,-0.0001223,3.56e-05
rsi_7h,4h,2025-09,-0.030737,-0.03599,-0.03572,-0.00094591,-0.00071473,-0.00030636
rsi_7h,4h,2025-10,-0.042677,-0.034601,-0.037951,-0.00139663,-0.00099474,-0.00058825
rsi_7h,4h,2025-11,-0.034981,-0.036132,-0.039453,-0.00084669,-0.00106308,-0.00059269
rsi_7h,4h,2025-12,-0.051863,-0.043174,-0.039582,0.00033284,-0.00063683,-0.00067578
rsi_7h,4h,2026-01,-0.031882,-0.039575,-0.037088,-0.00089959,-0.00047115,-0.00073294
rsi_7h,4h,2026-02,-0.031347,-0.038364,-0.037248,-0.00062465,-0.00039713,-0.0007301
rsi_7h,4h,2026-03,-0.037772,-0.033667,-0.03842,-0.00028738,-0.00060387,-0.00062035
rsi_7h,4h,2026-04,-0.041435,-0.036851,-0.038213,-0.00063416,-0.0005154,-0.00049327
rsi_7h,4h,2026-05,-0.042837,-0.040681,-0.039523,0.00010666,-0.00027163,-0.00033438
rsi_7h,4h,2026-06,-0.028213,-0.037495,-0.035581,-0.00045636,-0.00032795,-0.00046591
rsi_7h,72h,2024-06,0.039862,0.039862,0.039862,-0.00937784,-0.00937784,-0.00937784
rsi_7h,72h,2024-07,-0.029116,0.005373,0.005373,0.00596897,-0.00170444,-0.00170444
rsi_7h,72h,2024-08,-0.002459,0.002762,0.002762,-0.00088025,-0.00142971,-0.00142971
rsi_7h,72h,2024-09,-0.020826,-0.017467,-0.003135,-0.00043731,0.00155047,-0.00118161
rsi_7h,72h,2024-10,-0.058189,-0.027158,-0.014146,0.00844557,0.002376,0.00074383
rsi_7h,72h,2024-11,0.037054,-0.013987,-0.005612,-0.01712476,-0.00303883,-0.00223427
rsi_7h,72h,2024-12,-0.027093,-0.016076,-0.016771,-0.00038625,-0.00302181,-0.00073567
rsi_7h,72h,2025-01,0.038194,0.016052,-0.005553,-0.01259311,-0.01003471,-0.00382935
rsi_7h,72h,2025-02,-0.018392,-0.00243,-0.008209,-0.00235439,-0.00511125,-0.00407504
rsi_7h,72h,2025-03,-0.010368,0.003145,-0.006465,0.00419997,-0.00358251,-0.00330216
rsi_7h,72h,2025-04,-0.001368,-0.010043,0.003005,-0.00956554,-0.00257332,-0.00630401
rsi_7h,72h,2025-05,-0.036277,-0.016004,-0.009217,0.00191468,-0.0011503,-0.00313077
rsi_7h,72h,2025-06,-0.049226,-0.028957,-0.012906,0.00433475,-0.00110537,-0.00234394
rsi_7h,72h,2025-07,-0.008445,-0.031316,-0.020679,-0.00494918,0.00043342,-0.00106995
rsi_7h,72h,2025-08,-0.030311,-0.029327,-0.022666,-0.02009594,-0.00690346,-0.00402688
rsi_7h,72h,2025-09,-0.004246,-0.014334,-0.021646,-0.02033862,-0.01512791,-0.00811664
rsi_7h,72h,2025-10,-0.017003,-0.017187,-0.024251,-0.00700987,-0.01581481,-0.0076907
rsi_7h,72h,2025-11,-0.002787,-0.008012,-0.01867,0.00353569,-0.0079376,-0.00742053
rsi_7h,72h,2025-12,-0.033253,-0.017681,-0.016008,0.00531307,0.00061296,-0.00725748
rsi_7h,72h,2026-01,0.007485,-0.009518,-0.013353,-0.01085438,-0.00066854,-0.00824167
rsi_7h,72h,2026-02,-0.012678,-0.012815,-0.010414,-0.00356466,-0.00303532,-0.00548646
rsi_7h,72h,2026-03,-0.01783,-0.007674,-0.012678,-0.00137502,-0.00526469,-0.00232586
rsi_7h,72h,2026-04,-0.026683,-0.019064,-0.014291,-0.01569298,-0.00687755,-0.00377305
rsi_7h,72h,2026-05,0.000274,-0.014746,-0.013781,-0.00776854,-0.00827885,-0.00565708
rsi_7h,72h,2026-06,-0.004885,-0.010431,-0.009053,-0.01212743,-0.01186298,-0.00856384
taker_buy_delta_5h,1h,2024-06,-0.011042,-0.011042,-0.011042,-0.00015306,-0.00015306,-0.00015306
taker_buy_delta_5h,1h,2024-07,0.001321,-0.004861,-0.004861,3.998e-05,-5.654e-05,-5.654e-05
taker_buy_delta_5h,1h,2024-08,-0.001627,-0.003783,-0.003783,0.00016609,1.767e-05,1.767e-05
taker_buy_delta_5h,1h,2024-09,-0.012307,-0.004205,-0.005914,-6.393e-05,4.738e-05,-2.73e-06
taker_buy_delta_5h,1h,2024-10,-0.009934,-0.007956,-0.006718,-9.45e-06,3.09e-05,-4.07e-06
taker_buy_delta_5h,1h,2024-11,-0.018997,-0.013746,-0.008764,-0.00037754,-0.00015031,-6.632e-05
taker_buy_delta_5h,1h,2024-12,-0.018682,-0.015871,-0.010038,-0.00013197,-0.00017299,-6.28e-05
taker_buy_delta_5h,1h,2025-01,-0.014358,-0.017345,-0.012651,-0.00015992,-0.00022314,-9.612e-05
taker_buy_delta_5h,1h,2025-02,-0.003086,-0.012042,-0.012894,0.00014726,-4.821e-05,-9.926e-05
taker_buy_delta_5h,1h,2025-03,-0.000153,-0.005866,-0.010868,0.00019539,6.091e-05,-5.604e-05
taker_buy_delta_5h,1h,2025-04,-0.01023,-0.00449,-0.010918,3.385e-05,0.0001255,-4.882e-05
taker_buy_delta_5h,1h,2025-05,-0.004738,-0.00504,-0.008541,7.296e-05,0.00010073,2.626e-05
taker_buy_delta_5h,1h,2025-06,-0.001086,-0.005351,-0.005608,4.558e-05,5.08e-05,5.585e-05
taker_buy_delta_5h,1h,2025-07,-0.011906,-0.00591,-0.0052,-3.991e-05,2.621e-05,7.585e-05
taker_buy_delta_5h,1h,2025-08,-0.003346,-0.005446,-0.005243,6.621e-05,2.396e-05,6.235e-05
taker_buy_delta_5h,1h,2025-09,-0.0069,-0.007384,-0.006368,1.999e-05,1.543e-05,3.311e-05
taker_buy_delta_5h,1h,2025-10,-0.01315,-0.007799,-0.006854,-0.0002601,-5.797e-05,-1.588e-05
taker_buy_delta_5h,1h,2025-11,-0.018024,-0.012691,-0.009069,-0.00038333,-0.00020781,-9.193e-05
taker_buy_delta_5h,1h,2025-12,-0.007445,-0.012873,-0.010128,1.88e-06,-0.00021385,-9.921e-05
taker_buy_delta_5h,1h,2026-01,-0.009327,-0.011598,-0.009698,-9.33e-05,-0.00015825,-0.00010811
taker_buy_delta_5h,1h,2026-02,-0.003323,-0.006698,-0.009695,8.749e-05,-1.31e-06,-0.00010456
taker_buy_delta_5h,1h,2026-03,0.003043,-0.003202,-0.008038,0.00029281,9.567e-05,-5.909e-05
taker_buy_delta_5h,1h,2026-04,-0.010751,-0.003677,-0.007638,-4.871e-05,0.00011053,-2.386e-05
taker_buy_delta_5h,1h,2026-05,0.021493,0.004595,-0.001052,-0.00038273,-4.621e-05,-2.376e-05
taker_buy_delta_5h,24h,2024-06,-0.001863,-0.001863,-0.001863,-0.00033115,-0.00033115,-0.00033115
taker_buy_delta_5h,24h,2024-07,0.002701,0.000419,0.000419,1.317e-05,-0.00015899,-0.00015899
taker_buy_delta_5h,24h,2024-08,0.000696,0.000512,0.000512,8.72e-05,-7.693e-05,-7.693e-05
taker_buy_delta_5h,24h,2024-09,-0.003185,7.1e-05,-0.000413,-3.756e-05,2.094e-05,-6.708e-05
taker_buy_delta_5h,24h,2024-10,0.001601,-0.000296,-1e-05,0.0003597,0.00013645,1.827e-05
taker_buy_delta_5h,24h,2024-11,-0.003846,-0.00181,-0.000649,6.21e-06,0.00010945,1.626e-05
taker_buy_delta_5h,24h,2024-12,-0.006238,-0.002828,-0.001378,-0.00030521,2.023e-05,2.059e-05
taker_buy_delta_5h,24h,2025-01,0.000131,-0.003318,-0.001807,-0.00044874,-0.00024925,-5.64e-05
taker_buy_delta_5h,24h,2025-02,0.0031,-0.001002,-0.001406,0.00129403,0.00018003,0.00014474
taker_buy_delta_5h,24h,2025-03,-0.003598,-0.000122,-0.001475,-0.00028047,0.00018827,0.00010425
taker_buy_delta_5h,24h,2025-04,-0.003088,-0.001196,-0.002257,0.00042106,0.00047821,0.00011448
taker_buy_delta_5h,24h,2025-05,0.00316,-0.001175,-0.001089,0.00048876,0.00020978,0.0001949
taker_buy_delta_5h,24h,2025-06,0.000428,0.000167,2.2e-05,-9.64e-06,0.00030006,0.00024417
taker_buy_delta_5h,24h,2025-07,-0.00383,-8.1e-05,-0.000638,-0.00026212,7.233e-05,0.00027527
taker_buy_delta_5h,24h,2025-08,-0.001011,-0.001471,-0.001323,0.00050932,7.919e-05,0.00014448
taker_buy_delta_5h,24h,2025-09,0.003262,-0.000526,-0.00018,0.00013164,0.00012628,0.00021317
taker_buy_delta_5h,24h,2025-10,-0.002173,2.6e-05,-2.7e-05,-0.00033985,0.00010037,8.635e-05
taker_buy_delta_5h,24h,2025-11,-0.002447,-0.000453,-0.000962,0.0002185,3.43e-06,4.131e-05
taker_buy_delta_5h,24h,2025-12,-0.003967,-0.002862,-0.001694,-0.00054054,-0.00022063,-4.718e-05
taker_buy_delta_5h,24h,2026-01,-0.002177,-0.002864,-0.001419,0.00020132,-4.024e-05,3.006e-05
taker_buy_delta_5h,24h,2026-02,0.005682,-0.000154,-0.000303,0.00117713,0.0002793,0.00014137
taker_buy_delta_5h,24h,2026-03,-0.003274,7.7e-05,-0.001393,-0.00043807,0.00031346,4.642e-05
taker_buy_delta_5h,24h,2026-04,-0.004518,-0.000703,-0.001783,-6.352e-05,0.00022518,9.247e-05
taker_buy_delta_5h,24h,2026-05,0.029314,0.007174,0.00351,0.03147864,0.01032568,0.00530249
taker_buy_delta_5h,4h,2024-06,-0.008051,-0.008051,-0.008051,-0.00034433,-0.00034433,-0.00034433
taker_buy_delta_5h,4h,2024-07,0.001093,-0.003479,-0.003479,0.00020902,-6.766e-05,-6.766e-05
taker_buy_delta_5h,4h,2024-08,-0.00065,-0.002536,-0.002536,0.00026185,4.218e-05,4.218e-05
taker_buy_delta_5h,4h,2024-09,-0.006607,-0.002054,-0.003554,2.666e-05,0.00016584,3.83e-05
taker_buy_delta_5h,4h,2024-10,-0.010098,-0.005785,-0.004863,-1.647e-05,9.068e-05,2.735e-05
taker_buy_delta_5h,4h,2024-11,-0.015323,-0.010676,-0.006606,-0.00031009,-9.997e-05,-2.889e-05
taker_buy_delta_5h,4h,2024-12,-0.014053,-0.013158,-0.007606,-0.00019142,-0.00017266,-3.41e-06
taker_buy_delta_5h,4h,2025-01,-0.002407,-0.010594,-0.00819,0.00022713,-9.146e-05,-3.9e-07
taker_buy_delta_5h,4h,2025-02,0.002358,-0.004701,-0.007688,0.0004932,0.0001763,3.817e-05
taker_buy_delta_5h,4h,2025-03,-0.00669,-0.002246,-0.007702,-2.2e-07,0.00024004,3.369e-05
taker_buy_delta_5h,4h,2025-04,-0.013033,-0.005788,-0.008191,-0.00025103,8.065e-05,-5.41e-06
taker_buy_delta_5h,4h,2025-05,0.00468,-0.005014,-0.004858,0.00042691,5.855e-05,0.00011743
taker_buy_delta_5h,4h,2025-06,0.001749,-0.002201,-0.002224,0.00010594,9.394e-05,0.00016699
taker_buy_delta_5h,4h,2025-07,-0.010051,-0.001207,-0.003498,0.00010539,0.00021275,0.0001467
taker_buy_delta_5h,4h,2025-08,-0.005796,-0.004699,-0.004857,-0.00010922,3.404e-05,4.63e-05
taker_buy_delta_5h,4h,2025-09,-0.000611,-0.005486,-0.003844,0.0004076,0.00013459,0.00011427
taker_buy_delta_5h,4h,2025-10,-0.005784,-0.004064,-0.002636,-0.00025551,1.429e-05,0.00011352
taker_buy_delta_5h,4h,2025-11,-0.005938,-0.004111,-0.004405,-0.00017293,-6.95e-06,1.354e-05
taker_buy_delta_5h,4h,2025-12,-0.00864,-0.006788,-0.006137,4.274e-05,-0.00012857,3.01e-06
taker_buy_delta_5h,4h,2026-01,-0.007111,-0.00723,-0.005647,-0.00014283,-9.101e-05,-3.836e-05
taker_buy_delta_5h,4h,2026-02,0.004177,-0.003858,-0.003985,0.00029176,6.389e-05,2.847e-05
taker_buy_delta_5h,4h,2026-03,0.005693,0.000919,-0.002934,0.00055632,0.00023508,5.326e-05
taker_buy_delta_5h,4h,2026-04,-0.011215,-0.000449,-0.003839,-0.00026838,0.00019323,5.111e-05
taker_buy_delta_5h,4h,2026-05,-0.020048,-0.008523,-0.006191,-0.00737311,-0.00236172,-0.00114892
taker_buy_delta_5h,72h,2024-06,-5.1e-05,-5.1e-05,-5.1e-05,0.00048045,0.00048045,0.00048045
taker_buy_delta_5h,72h,2024-07,0.00324,0.001594,0.001594,0.00082333,0.00065189,0.00065189
taker_buy_delta_5h,72h,2024-08,0.000936,0.001375,0.001375,0.00033766,0.00054715,0.00054715
taker_buy_delta_5h,72h,2024-09,-0.00139,0.000929,0.000684,-0.00024389,0.0003057,0.00034939
taker_buy_delta_5h,72h,2024-10,-0.00072,-0.000391,0.000403,-0.00038736,-9.786e-05,0.00020204
taker_buy_delta_5h,72h,2024-11,-0.002124,-0.001411,-1.8e-05,-0.00071466,-0.00044864,4.926e-05
taker_buy_delta_5h,72h,2024-12,-0.002761,-0.001868,-0.00047,3.63e-06,-0.00036613,-3.021e-05
taker_buy_delta_5h,72h,2025-01,0.002065,-0.00094,-0.000666,0.00023438,-0.00015888,-0.00012837
taker_buy_delta_5h,72h,2025-02,0.000785,2.9e-05,-0.000691,0.00035425,0.00019742,-0.00012561
taker_buy_delta_5h,72h,2025-03,-0.002606,8.1e-05,-0.000893,0.00060452,0.00039772,1.579e-05
taker_buy_delta_5h,72h,2025-04,-0.00368,-0.001834,-0.001387,0.00027221,0.00041033,0.00012572
taker_buy_delta_5h,72h,2025-05,0.001622,-0.001554,-0.000762,0.00057506,0.00048393,0.00034067
taker_buy_delta_5h,72h,2025-06,-0.002036,-0.001364,-0.000642,-0.00031337,0.00017797,0.00028784
taker_buy_delta_5h,72h,2025-07,-0.001425,-0.000613,-0.001223,-0.00033834,-2.555e-05,0.00019239
taker_buy_delta_5h,72h,2025-08,0.000298,-0.001054,-0.001304,0.00270925,0.00068585,0.00058489
taker_buy_delta_5h,72h,2025-09,0.001078,-1.7e-05,-0.00069,0.0012038,0.00119157,0.00068477
taker_buy_delta_5h,72h,2025-10,-0.001966,-0.000197,-0.000405,-0.00034838,0.00118822,0.00058134
taker_buy_delta_5h,72h,2025-11,-0.002258,-0.001049,-0.001052,0.00035501,0.00040348,0.00054466
taker_buy_delta_5h,72h,2025-12,-0.000489,-0.001571,-0.000794,-0.00043417,-0.00014251,0.00052453
taker_buy_delta_5h,72h,2026-01,-0.00021,-0.000986,-0.000591,0.00118114,0.00036733,0.00077777
taker_buy_delta_5h,72h,2026-02,0.003763,0.001021,-1.4e-05,0.00172744,0.0008248,0.00061414
taker_buy_delta_5h,72h,2026-03,-0.001215,0.000779,-0.000396,-0.00036612,0.00084749,0.00035249
taker_buy_delta_5h,72h,2026-04,-0.002066,0.000161,-0.000413,0.00044321,0.00060151,0.00048442
taker_buy_delta_5h,72h,2026-05,0.095077,0.030598,0.01581,0.068669,0.02291536,0.01187008
taker_buy_ratio_20h,1h,2024-06,0.000876,0.000876,0.000876,0.00013352,0.00013352,0.00013352
taker_buy_ratio_20h,1h,2024-07,0.005956,0.003416,0.003416,0.0001743,0.00015391,0.00015391
taker_buy_ratio_20h,1h,2024-08,-0.006006,0.000275,0.000275,3.32e-05,0.00011367,0.00011367
taker_buy_ratio_20h,1h,2024-09,-0.013406,-0.004485,-0.003145,-6.883e-05,4.622e-05,6.805e-05
taker_buy_ratio_20h,1h,2024-10,-0.011848,-0.01042,-0.004886,-3.914e-05,-2.492e-05,4.661e-05
taker_buy_ratio_20h,1h,2024-11,-0.012133,-0.012462,-0.006094,0.00011193,1.32e-06,5.75e-05
taker_buy_ratio_20h,1h,2024-12,-0.004867,-0.009616,-0.007051,4.006e-05,3.762e-05,4.192e-05
taker_buy_ratio_20h,1h,2025-01,-0.00924,-0.008747,-0.009583,5.608e-05,6.936e-05,2.222e-05
taker_buy_ratio_20h,1h,2025-02,-0.003562,-0.00589,-0.009176,0.0001481,8.141e-05,4.137e-05
taker_buy_ratio_20h,1h,2025-03,-0.007991,-0.006931,-0.008274,-0.00010979,3.146e-05,3.454e-05
taker_buy_ratio_20h,1h,2025-04,-0.003745,-0.005099,-0.006923,0.00028169,0.00010667,8.801e-05
taker_buy_ratio_20h,1h,2025-05,-0.011152,-0.007629,-0.006759,-5.714e-05,3.825e-05,5.983e-05
taker_buy_ratio_20h,1h,2025-06,-0.011584,-0.008827,-0.007879,1.406e-05,7.954e-05,5.55e-05
taker_buy_ratio_20h,1h,2025-07,-0.009269,-0.010668,-0.007884,0.00011425,2.372e-05,6.52e-05
taker_buy_ratio_20h,1h,2025-08,0.001162,-0.006564,-0.007097,0.00020324,0.00011052,7.439e-05
taker_buy_ratio_20h,1h,2025-09,-0.002742,-0.003616,-0.006222,-1.249e-05,0.00010167,9.06e-05
taker_buy_ratio_20h,1h,2025-10,-0.005901,-0.002494,-0.006581,-0.00011418,2.552e-05,2.462e-05
taker_buy_ratio_20h,1h,2025-11,-0.000258,-0.002967,-0.004765,8.56e-05,-1.369e-05,4.841e-05
taker_buy_ratio_20h,1h,2025-12,-0.002558,-0.002906,-0.003261,-7.428e-05,-3.429e-05,3.369e-05
taker_buy_ratio_20h,1h,2026-01,-0.001126,-0.001314,-0.001904,0.00022096,7.743e-05,5.147e-05
taker_buy_ratio_20h,1h,2026-02,0.006458,0.000925,-0.001021,0.00025666,0.00013445,6.038e-05
taker_buy_ratio_20h,1h,2026-03,-0.004773,0.000187,-0.00136,2.6e-05,0.00016787,6.679e-05
taker_buy_ratio_20h,1h,2026-04,-0.006061,-0.001459,-0.001386,7.041e-05,0.00011769,9.756e-05
taker_buy_ratio_20h,1h,2026-05,-0.149029,-0.053288,-0.026181,-0.00207037,-0.00065799,-0.00026177
taker_buy_ratio_20h,24h,2024-06,0.032904,0.032904,0.032904,0.00400482,0.00400482,0.00400482
taker_buy_ratio_20h,24h,2024-07,-0.000726,0.016089,0.016089,0.00215945,0.00308213,0.00308213
taker_buy_ratio_20h,24h,2024-08,-0.020531,0.003882,0.003882,2.66e-06,0.00205564,0.00205564
taker_buy_ratio_20h,24h,2024-09,-0.002567,-0.007941,0.00227,0.00096317,0.00104176,0.00178252
taker_buy_ratio_20h,24h,2024-10,-0.030695,-0.017931,-0.004323,-0.00380481,-0.00094633,0.00066506
taker_buy_ratio_20h,24h,2024-11,-0.013711,-0.015658,-0.005888,0.00296534,4.123e-05,0.00104844
taker_buy_ratio_20h,24h,2024-12,0.020181,-0.008075,-0.008008,0.00310789,0.00075614,0.00089895
taker_buy_ratio_20h,24h,2025-01,-0.014123,-0.002551,-0.010241,0.00034932,0.00214085,0.00059726
taker_buy_ratio_20h,24h,2025-02,-0.002895,0.001054,-0.007302,0.00514899,0.00286873,0.00145498
taker_buy_ratio_20h,24h,2025-03,-0.000227,-0.005749,-0.006912,0.00209726,0.00253186,0.001644
taker_buy_ratio_20h,24h,2025-04,0.015343,0.004073,0.000761,0.00680332,0.00468319,0.00341202
taker_buy_ratio_20h,24h,2025-05,-0.022436,-0.00244,-0.000693,-0.00264604,0.00208485,0.00247679
taker_buy_ratio_20h,24h,2025-06,-0.011018,-0.006037,-0.005893,0.00021122,0.00145617,0.00199401
taker_buy_ratio_20h,24h,2025-07,-0.018621,-0.017358,-0.006642,-0.00023363,-0.00088948,0.00189685
taker_buy_ratio_20h,24h,2025-08,0.003077,-0.008854,-0.005647,0.00322657,0.00106805,0.00157645
taker_buy_ratio_20h,24h,2025-09,-0.016437,-0.010661,-0.008349,0.00145053,0.00148116,0.00146866
taker_buy_ratio_20h,24h,2025-10,0.000601,-0.004253,-0.010806,-0.00314429,0.00051094,-0.00018927
taker_buy_ratio_20h,24h,2025-11,0.019711,0.001292,-0.003781,0.00569422,0.00133349,0.00120077
taker_buy_ratio_20h,24h,2025-12,0.020924,0.013745,0.001542,0.00290808,0.00181934,0.00165025
taker_buy_ratio_20h,24h,2026-01,0.00679,0.015808,0.005778,0.00436558,0.00432263,0.00241678
taker_buy_ratio_20h,24h,2026-02,-0.005457,0.007419,0.004355,-0.00125539,0.00200609,0.00166979
taker_buy_ratio_20h,24h,2026-03,0.002855,0.001396,0.007571,0.00268743,0.00193254,0.00187594
taker_buy_ratio_20h,24h,2026-04,-0.007928,-0.00351,0.006149,0.00014298,0.00052501,0.00242382
taker_buy_ratio_20h,24h,2026-05,-0.004262,-0.003112,0.002154,0.04666747,0.01649929,0.00925269
taker_buy_ratio_20h,4h,2024-06,0.004357,0.004357,0.004357,0.0004826,0.0004826,0.0004826
taker_buy_ratio_20h,4h,2024-07,0.008446,0.006402,0.006402,0.00074136,0.00061198,0.00061198
taker_buy_ratio_20h,4h,2024-08,-0.006099,0.002235,0.002235,0.00027188,0.00049861,0.00049861
taker_buy_ratio_20h,4h,2024-09,-0.012334,-0.003329,-0.001407,-6.659e-05,0.00031555,0.00035731
taker_buy_ratio_20h,4h,2024-10,-0.016928,-0.011787,-0.004511,-0.00017119,1.137e-05,0.00025161
taker_buy_ratio_20h,4h,2024-11,-0.010521,-0.013261,-0.005513,0.00065443,0.00013888,0.00031875
taker_buy_ratio_20h,4h,2024-12,-0.003849,-0.010433,-0.006881,0.00034118,0.00027481,0.00029518
taker_buy_ratio_20h,4h,2025-01,-0.011355,-0.008575,-0.010181,0.00020532,0.00040031,0.00020584
taker_buy_ratio_20h,4h,2025-02,0.000353,-0.00495,-0.009106,0.00070699,0.00041783,0.00027836
taker_buy_ratio_20h,4h,2025-03,-0.014654,-0.008552,-0.009492,-0.00037105,0.00018042,0.00022761
taker_buy_ratio_20h,4h,2025-04,0.003045,-0.003752,-0.006164,0.00130161,0.00054585,0.00047308
taker_buy_ratio_20h,4h,2025-05,-0.018032,-0.00988,-0.007415,-0.00031856,0.000204,0.00031091
taker_buy_ratio_20h,4h,2025-06,-0.017603,-0.010863,-0.009708,-2.783e-05,0.00031841,0.00024941
taker_buy_ratio_20h,4h,2025-07,-0.007387,-0.01434,-0.009046,0.00024277,-3.454e-05,0.00025565
taker_buy_ratio_20h,4h,2025-08,0.006275,-0.006238,-0.008059,0.00087652,0.00036382,0.00028391
taker_buy_ratio_20h,4h,2025-09,-0.001075,-0.000729,-0.005796,-7.25e-05,0.00034893,0.00033367
taker_buy_ratio_20h,4h,2025-10,-0.005746,-0.000182,-0.007261,-0.00032494,0.00015969,6.258e-05
taker_buy_ratio_20h,4h,2025-11,0.007516,0.000231,-0.003003,0.00079527,0.00013261,0.00024821
taker_buy_ratio_20h,4h,2025-12,-0.000726,0.000348,-0.000191,8.47e-06,0.0001596,0.00025426
taker_buy_ratio_20h,4h,2026-01,0.003649,0.003479,0.001649,0.00084337,0.00054904,0.00035436
taker_buy_ratio_20h,4h,2026-02,0.007684,0.003535,0.001883,0.00080321,0.00055168,0.00034215
taker_buy_ratio_20h,4h,2026-03,-0.007047,0.001428,0.000888,-4.998e-05,0.0005322,0.0003459
taker_buy_ratio_20h,4h,2026-04,-0.008992,-0.002785,0.000347,7.831e-05,0.00027718,0.00041311
taker_buy_ratio_20h,4h,2026-05,-0.089516,-0.035185,-0.015825,-0.00112321,-0.00036496,9.336e-05
taker_buy_ratio_20h,72h,2024-06,0.057201,0.057201,0.057201,0.00720748,0.00720748,0.00720748
taker_buy_ratio_20h,72h,2024-07,0.009725,0.033463,0.033463,0.0021799,0.00469369,0.00469369
taker_buy_ratio_20h,72h,2024-08,-0.023395,0.01451,0.01451,-0.00191703,0.00249012,0.00249012
taker_buy_ratio_20h,72h,2024-09,-0.005579,-0.006416,0.009488,0.00267496,0.00097928,0.00253633
taker_buy_ratio_20h,72h,2024-10,-0.021898,-0.016957,0.003211,-0.00526537,-0.00150248,0.00097599
taker_buy_ratio_20h,72h,2024-11,0.027018,-0.000153,0.007179,0.0142321,0.00388056,0.00318534
taker_buy_ratio_20h,72h,2024-12,0.037597,0.014239,0.003911,0.00876051,0.00590908,0.00344418
taker_buy_ratio_20h,72h,2025-01,0.006149,0.023588,0.003315,0.00488901,0.00929387,0.0038957
taker_buy_ratio_20h,72h,2025-02,-0.012755,0.01033,0.005089,0.00830575,0.00731842,0.00559949
taker_buy_ratio_20h,72h,2025-03,0.022855,0.005416,0.009828,0.009893,0.00769592,0.0068025
taker_buy_ratio_20h,72h,2025-04,0.028766,0.012955,0.018272,0.01250101,0.01023325,0.00976356
taker_buy_ratio_20h,72h,2025-05,-0.002271,0.01645,0.01339,-0.00932756,0.00435548,0.00583695
taker_buy_ratio_20h,72h,2025-06,-0.015109,0.003795,0.004606,-0.00107658,0.00069896,0.00419744
taker_buy_ratio_20h,72h,2025-07,-0.02411,-0.01383,-0.000438,-0.00240048,-0.00426821,0.00298252
taker_buy_ratio_20h,72h,2025-08,-0.015746,-0.018322,-0.000936,0.00952921,0.00201738,0.00318643
taker_buy_ratio_20h,72h,2025-09,-0.019105,-0.019654,-0.00793,-0.00054617,0.00219419,0.00144657
taker_buy_ratio_20h,72h,2025-10,-0.008879,-0.014577,-0.014204,-0.00996704,-0.000328,-0.0022981
taker_buy_ratio_20h,72h,2025-11,0.020591,-0.002464,-0.010393,0.01426062,0.00124914,0.00163326
taker_buy_ratio_20h,72h,2025-12,0.010724,0.007479,-0.006088,0.00305777,0.00245045,0.00232232
taker_buy_ratio_20h,72h,2026-01,0.018014,0.016443,0.000933,0.0083466,0.008555,0.0041135
taker_buy_ratio_20h,72h,2026-02,0.009027,0.012588,0.005062,0.00374316,0.00504918,0.00314916
taker_buy_ratio_20h,72h,2026-03,0.024392,0.017144,0.012311,0.01170963,0.00793313,0.00519179
taker_buy_ratio_20h,72h,2026-04,-0.014678,0.006247,0.011345,-0.00269723,0.00425185,0.00640342
taker_buy_ratio_20h,72h,2026-05,0.092194,0.033969,0.023279,0.09423926,0.03441722,0.0197332
taker_buy_zscore_20h,1h,2024-06,-0.009648,-0.009648,-0.009648,-2.807e-05,-2.807e-05,-2.807e-05
taker_buy_zscore_20h,1h,2024-07,-0.00131,-0.005479,-0.005479,0.00013342,5.268e-05,5.268e-05
taker_buy_zscore_20h,1h,2024-08,-0.007822,-0.00626,-0.00626,9.461e-05,6.665e-05,6.665e-05
taker_buy_zscore_20h,1h,2024-09,-0.019442,-0.009524,-0.009555,-0.0001471,2.698e-05,1.322e-05
taker_buy_zscore_20h,1h,2024-10,-0.015014,-0.014092,-0.010647,-2.516e-05,-2.588e-05,5.54e-06
taker_buy_zscore_20h,1h,2024-11,-0.02573,-0.020062,-0.013161,-0.00019016,-0.00012081,-2.708e-05
taker_buy_zscore_20h,1h,2024-12,-0.022586,-0.02111,-0.015317,-0.00013792,-0.00011775,-4.538e-05
taker_buy_zscore_20h,1h,2025-01,-0.020535,-0.02295,-0.018521,-0.00032088,-0.00021632,-0.0001211
taker_buy_zscore_20h,1h,2025-02,-0.002723,-0.015281,-0.017671,-1.076e-05,-0.00015652,-0.00013866
taker_buy_zscore_20h,1h,2025-03,0.000286,-0.007657,-0.014383,0.00030845,-7.73e-06,-6.274e-05
taker_buy_zscore_20h,1h,2025-04,-0.011179,-0.004538,-0.013744,-0.0001275,5.673e-05,-7.98e-05
taker_buy_zscore_20h,1h,2025-05,-0.009945,-0.006946,-0.011113,7.385e-05,8.493e-05,-3.579e-05
taker_buy_zscore_20h,1h,2025-06,-0.003304,-0.008143,-0.0079,0.00014035,2.89e-05,1.058e-05
taker_buy_zscore_20h,1h,2025-07,-0.011809,-0.008353,-0.006446,-8.002e-05,4.473e-05,5.073e-05
taker_buy_zscore_20h,1h,2025-08,-0.005943,-0.007019,-0.006982,5.693e-05,3.909e-05,6.201e-05
taker_buy_zscore_20h,1h,2025-09,-0.006003,-0.007918,-0.008031,7.966e-05,1.886e-05,2.388e-05
taker_buy_zscore_20h,1h,2025-10,-0.015894,-0.00928,-0.008816,4.474e-05,6.044e-05,5.259e-05
taker_buy_zscore_20h,1h,2025-11,-0.021246,-0.014381,-0.0107,-0.00048416,-0.00011992,-4.042e-05
taker_buy_zscore_20h,1h,2025-12,-0.012532,-0.016558,-0.012238,0.0001383,-0.00010037,-4.076e-05
taker_buy_zscore_20h,1h,2026-01,-0.016049,-0.016609,-0.012945,-0.0002727,-0.00020619,-7.287e-05
taker_buy_zscore_20h,1h,2026-02,-0.005729,-0.011437,-0.012909,6.46e-05,-2.327e-05,-7.159e-05
taker_buy_zscore_20h,1h,2026-03,-0.00225,-0.008009,-0.012283,9.706e-05,-3.701e-05,-6.869e-05
taker_buy_zscore_20h,1h,2026-04,-0.014343,-0.007441,-0.012025,-7.345e-05,2.94e-05,-8.839e-05
taker_buy_zscore_20h,1h,2026-05,-0.104396,-0.04033,-0.025883,-0.00314611,-0.00104083,-0.00053205
taker_buy_zscore_20h,24h,2024-06,-0.002537,-0.002537,-0.002537,0.0001215,0.0001215,0.0001215
taker_buy_zscore_20h,24h,2024-07,0.003076,0.000269,0.000269,0.00049661,0.00030905,0.00030905
taker_buy_zscore_20h,24h,2024-08,0.001386,0.000642,0.000642,0.00052103,0.00037971,0.00037971
taker_buy_zscore_20h,24h,2024-09,-0.006549,-0.000696,-0.001156,-0.00054193,0.00015857,0.0001493
taker_buy_zscore_20h,24h,2024-10,-0.000253,-0.001805,-0.000975,0.00046936,0.00014949,0.00021331
taker_buy_zscore_20h,24h,2024-11,-0.005937,-0.004246,-0.001802,0.00068388,0.00020377,0.00029174
taker_buy_zscore_20h,24h,2024-12,-0.009951,-0.00538,-0.003038,-0.00106398,2.975e-05,9.416e-05
taker_buy_zscore_20h,24h,2025-01,-0.002702,-0.006197,-0.004001,-4.642e-05,-0.00014217,3.66e-06
taker_buy_zscore_20h,24h,2025-02,0.001908,-0.003582,-0.003914,0.00047491,-0.00021183,-4.03e-06
taker_buy_zscore_20h,24h,2025-03,-0.002228,-0.001007,-0.003194,-0.00073805,-0.00010319,-3.672e-05
taker_buy_zscore_20h,24h,2025-04,-0.000722,-0.000347,-0.003272,0.00071811,0.00015166,4.74e-06
taker_buy_zscore_20h,24h,2025-05,-0.000417,-0.001122,-0.002352,0.00079726,0.00025911,2.364e-05
taker_buy_zscore_20h,24h,2025-06,-0.001884,-0.001008,-0.001007,-5.577e-05,0.00048653,0.00019167
taker_buy_zscore_20h,24h,2025-07,-0.002902,-0.001734,-0.001041,5.1e-05,0.00026416,0.00020791
taker_buy_zscore_20h,24h,2025-08,0.003925,-0.000287,-0.000705,-0.00039902,-0.0001346,6.226e-05
taker_buy_zscore_20h,24h,2025-09,0.004844,0.001956,0.000474,0.00035616,2.71e-06,0.00024462
taker_buy_zscore_20h,24h,2025-10,-0.00329,0.001826,4.6e-05,0.00030503,8.739e-05,0.00017578
taker_buy_zscore_20h,24h,2025-11,-0.004761,-0.001069,-0.000678,-0.00137679,-0.00023853,-0.00018656
taker_buy_zscore_20h,24h,2025-12,-0.009063,-0.005705,-0.001874,-0.00077386,-0.00061521,-0.00030625
taker_buy_zscore_20h,24h,2026-01,-0.000504,-0.004776,-0.001475,-0.000231,-0.00079388,-0.00035325
taker_buy_zscore_20h,24h,2026-02,0.007612,-0.000652,-0.00086,0.00164434,0.00021316,-1.269e-05
taker_buy_zscore_20h,24h,2026-03,-0.006279,0.000276,-0.002714,-0.00028648,0.00037562,-0.00011979
taker_buy_zscore_20h,24h,2026-04,-0.00466,-0.001109,-0.002942,-9.048e-05,0.00042246,-0.00018571
taker_buy_zscore_20h,24h,2026-05,0.03999,0.009684,0.004516,-0.01146401,-0.00394699,-0.00186692
taker_buy_zscore_20h,4h,2024-06,-0.007879,-0.007879,-0.007879,-8.112e-05,-8.112e-05,-8.112e-05
taker_buy_zscore_20h,4h,2024-07,-0.002464,-0.005172,-0.005172,0.00022492,7.19e-05,7.19e-05
taker_buy_zscore_20h,4h,2024-08,-0.003493,-0.004612,-0.004612,0.00023078,0.00012486,0.00012486
taker_buy_zscore_20h,4h,2024-09,-0.011154,-0.005704,-0.006248,-0.00041795,1.258e-05,-1.084e-05
taker_buy_zscore_20h,4h,2024-10,-0.014017,-0.009555,-0.007801,3.125e-05,-5.197e-05,-2.42e-06
taker_buy_zscore_20h,4h,2024-11,-0.018197,-0.014456,-0.009534,0.00012274,-8.799e-05,1.844e-05
taker_buy_zscore_20h,4h,2024-12,-0.019826,-0.017347,-0.011525,-0.00051183,-0.00011928,-5.335e-05
taker_buy_zscore_20h,4h,2025-01,-0.005026,-0.01435,-0.011952,-6.086e-05,-0.00014998,-0.00010098
taker_buy_zscore_20h,4h,2025-02,0.005185,-0.006556,-0.010506,0.00060891,1.207e-05,-3.796e-05
taker_buy_zscore_20h,4h,2025-03,-0.005696,-0.001846,-0.009596,-3.423e-05,0.00017127,2.6e-05
taker_buy_zscore_20h,4h,2025-04,-0.015385,-0.005299,-0.009824,-0.00040393,5.692e-05,-4.653e-05
taker_buy_zscore_20h,4h,2025-05,0.004615,-0.005489,-0.006022,0.00040162,-1.218e-05,-5e-08
taker_buy_zscore_20h,4h,2025-06,-0.007341,-0.006037,-0.003941,-8.13e-06,-3.48e-06,8.39e-05
taker_buy_zscore_20h,4h,2025-07,-0.013677,-0.005468,-0.005383,-0.00023607,5.247e-05,5.47e-05
taker_buy_zscore_20h,4h,2025-08,-0.007129,-0.009382,-0.007435,3.439e-05,-6.994e-05,-4.106e-05
taker_buy_zscore_20h,4h,2025-09,-0.000528,-0.007111,-0.006574,0.00055971,0.00011934,5.793e-05
taker_buy_zscore_20h,4h,2025-10,-0.0081,-0.005252,-0.00536,0.00019285,0.00026232,0.00015739
taker_buy_zscore_20h,4h,2025-11,-0.013605,-0.007411,-0.008397,-0.00081806,-2.183e-05,-4.588e-05
taker_buy_zscore_20h,4h,2025-12,-0.012794,-0.0115,-0.009306,1.52e-06,-0.0002079,-4.428e-05
taker_buy_zscore_20h,4h,2026-01,-0.007506,-0.011302,-0.008277,-0.00022012,-0.00034555,-4.162e-05
taker_buy_zscore_20h,4h,2026-02,0.006526,-0.004591,-0.006001,0.00028677,2.272e-05,4.4e-07
taker_buy_zscore_20h,4h,2026-03,-0.002356,-0.001112,-0.006306,0.00034685,0.00013783,-3.503e-05
taker_buy_zscore_20h,4h,2026-04,-0.014199,-0.003343,-0.007322,-0.00037913,8.483e-05,-0.00013036
taker_buy_zscore_20h,4h,2026-05,-0.085,-0.033852,-0.019222,-0.0120229,-0.00401839,-0.00199783
taker_buy_zscore_20h,72h,2024-06,-0.000669,-0.000669,-0.000669,0.00101311,0.00101311,0.00101311
taker_buy_zscore_20h,72h,2024-07,0.005788,0.00256,0.00256,0.00156826,0.00129068,0.00129068
taker_buy_zscore_20h,72h,2024-08,0.005352,0.003491,0.003491,0.0009919,0.00119109,0.00119109
taker_buy_zscore_20h,72h,2024-09,-0.005035,0.002035,0.001359,-0.00076694,0.00059774,0.00070158
taker_buy_zscore_20h,72h,2024-10,-0.000943,-0.000209,0.000899,-0.00023139,-2.14e-06,0.00051499
taker_buy_zscore_20h,72h,2024-11,-0.003893,-0.00329,0.0001,0.00071179,-9.551e-05,0.00054779
taker_buy_zscore_20h,72h,2024-12,-0.002259,-0.002365,-0.000165,-0.00075495,-9.152e-05,0.00025311
taker_buy_zscore_20h,72h,2025-01,0.000665,-0.001829,-0.001019,0.0005418,0.00016621,8.203e-05
taker_buy_zscore_20h,72h,2025-02,-0.000454,-0.000683,-0.001987,-0.0003309,-0.00018135,-0.00013843
taker_buy_zscore_20h,72h,2025-03,-0.000855,-0.000215,-0.00129,-0.00052842,-0.00010584,-9.868e-05
taker_buy_zscore_20h,72h,2025-04,-0.004518,-0.001942,-0.001886,0.00068424,-5.836e-05,5.393e-05
taker_buy_zscore_20h,72h,2025-05,-3.6e-05,-0.001803,-0.001243,0.0009128,0.00035621,8.743e-05
taker_buy_zscore_20h,72h,2025-06,-0.00279,-0.002448,-0.001331,0.00015844,0.00058516,0.00023966
taker_buy_zscore_20h,72h,2025-07,-0.001961,-0.001596,-0.001769,0.00051892,0.00053005,0.00023585
taker_buy_zscore_20h,72h,2025-08,0.003576,-0.000392,-0.001097,0.00127529,0.00065088,0.00050354
taker_buy_zscore_20h,72h,2025-09,0.001562,0.001059,-0.000695,0.00114561,0.00097994,0.00078255
taker_buy_zscore_20h,72h,2025-10,-0.002074,0.001021,-0.000287,-0.00030539,0.00070517,0.00061761
taker_buy_zscore_20h,72h,2025-11,-0.001871,-0.000794,-0.000593,-0.00052398,0.00010541,0.00037815
taker_buy_zscore_20h,72h,2025-12,0.000756,-0.001063,-2e-06,0.0006109,-7.282e-05,0.00045356
taker_buy_zscore_20h,72h,2026-01,0.003338,0.000741,0.000881,0.00060196,0.00022963,0.0004674
taker_buy_zscore_20h,72h,2026-02,0.004903,0.002999,0.001102,0.0016072,0.00094002,0.00052272
taker_buy_zscore_20h,72h,2026-03,-0.002197,0.002014,0.000476,0.00065956,0.00095624,0.00044171
taker_buy_zscore_20h,72h,2026-04,-0.002085,0.000207,0.000474,-0.00070427,0.00052083,0.00037523
taker_buy_zscore_20h,72h,2026-05,0.112936,0.036218,0.019609,0.00017816,4.448e-05,0.00049225
tech_atr,1h,2024-06,0.019833,0.019833,0.019833,0.00013788,0.00013788,0.00013788
tech_atr,1h,2024-07,0.012246,0.016039,0.016039,-2.188e-05,5.8e-05,5.8e-05
tech_atr,1h,2024-08,0.008318,0.013465,0.013465,6.469e-05,6.023e-05,6.023e-05
tech_atr,1h,2024-09,0.004317,0.008294,0.011178,-0.00012432,-2.717e-05,1.409e-05
tech_atr,1h,2024-10,0.010587,0.007741,0.01106,-6.768e-05,-4.244e-05,-2.26e-06
tech_atr,1h,2024-11,0.002055,0.005653,0.009559,-0.00013316,-0.00010839,-2.408e-05
tech_atr,1h,2024-12,0.006683,0.006442,0.007368,0.00015431,-1.551e-05,-2.134e-05
tech_atr,1h,2025-01,0.013031,0.007256,0.007499,0.00013893,5.336e-05,5.46e-06
tech_atr,1h,2025-02,0.000835,0.00685,0.006251,1.733e-05,0.00010352,-2.43e-06
tech_atr,1h,2025-03,0.006752,0.006873,0.006657,7.48e-05,7.702e-05,3.075e-05
tech_atr,1h,2025-04,-0.000318,0.002423,0.00484,-0.00023813,-4.867e-05,2.35e-06
tech_atr,1h,2025-05,0.011669,0.006034,0.006442,-4.513e-05,-6.949e-05,1.702e-05
tech_atr,1h,2025-06,0.000757,0.004036,0.005454,-8.783e-05,-0.0001237,-2.334e-05
tech_atr,1h,2025-07,0.005903,0.00611,0.004266,-7.442e-05,-6.913e-05,-5.89e-05
tech_atr,1h,2025-08,0.006701,0.004454,0.005244,0.00018226,6.67e-06,-3.141e-05
tech_atr,1h,2025-09,-0.000269,0.004112,0.004074,0.00020154,0.00010313,-1.029e-05
tech_atr,1h,2025-10,-0.001835,0.001532,0.003821,0.00011344,0.00016575,4.831e-05
tech_atr,1h,2025-11,-0.008602,-0.003569,0.000443,-2.7e-07,0.0001049,5.579e-05
tech_atr,1h,2025-12,0.002784,-0.002551,0.000781,-0.00013848,-8.44e-06,4.734e-05
tech_atr,1h,2026-01,-0.001578,-0.002465,-0.000466,-0.00010657,-8.177e-05,4.199e-05
tech_atr,1h,2026-02,0.003655,0.00162,-0.000974,-8.243e-05,-0.00010916,-2.13e-06
tech_atr,1h,2026-03,0.003802,0.00196,-0.000296,-8.998e-05,-9.299e-05,-5.072e-05
tech_atr,1h,2026-04,-0.000712,0.002248,-0.000108,3.436e-05,-4.602e-05,-6.389e-05
tech_atr,1h,2026-05,0.002621,0.001904,0.001762,0.00021071,5.17e-05,-2.873e-05
tech_atr,1h,2026-06,-0.001373,0.000179,0.001069,9.931e-05,0.00011479,1.09e-05
tech_atr,24h,2024-06,0.057836,0.057836,0.057836,0.00403094,0.00403094,0.00403094
tech_atr,24h,2024-07,0.027817,0.042826,0.042826,-0.00090759,0.00156168,0.00156168
tech_atr,24h,2024-08,0.02738,0.037678,0.037678,0.00191264,0.00167866,0.00167866
tech_atr,24h,2024-09,-6e-06,0.018397,0.028257,-0.00307133,-0.00068876,0.00049117
tech_atr,24h,2024-10,0.02519,0.017521,0.027643,-0.0014015,-0.0008534,0.00011263
tech_atr,24h,2024-11,-0.000703,0.00816,0.022919,-0.00182401,-0.00209895,-0.00021014
tech_atr,24h,2024-12,0.032758,0.019081,0.018739,0.00381828,0.00019759,-0.00024559
tech_atr,24h,2025-01,0.059886,0.030647,0.024084,0.00338058,0.00179162,0.00046911
tech_atr,24h,2025-02,0.019336,0.037327,0.022743,0.00163323,0.00294403,0.00042254
tech_atr,24h,2025-03,0.028881,0.036034,0.027558,0.00193223,0.00231535,0.00125647
tech_atr,24h,2025-04,-0.018846,0.00979,0.020219,-0.00725019,-0.00122824,0.00028169
tech_atr,24h,2025-05,0.044729,0.018254,0.02779,-0.00169619,-0.00233805,0.00030299
tech_atr,24h,2025-06,0.009134,0.011672,0.023853,-0.00154642,-0.0034976,-0.00059113
tech_atr,24h,2025-07,0.010577,0.02148,0.015635,-0.00230767,-0.00185009,-0.00153917
tech_atr,24h,2025-08,0.028669,0.016127,0.01719,0.00443647,0.00019413,-0.00107196
tech_atr,24h,2025-09,0.010837,0.016694,0.014183,0.00666999,0.00293293,-0.00028234
tech_atr,24h,2025-10,0.001642,0.013716,0.017598,0.00086589,0.00399078,0.00107035
tech_atr,24h,2025-11,-0.007971,0.001503,0.008815,-7.486e-05,0.00248701,0.00134057
tech_atr,24h,2025-12,0.011443,0.001705,0.0092,-0.00211169,-0.00044022,0.00124635
tech_atr,24h,2026-01,-0.020396,-0.005641,0.004037,-0.00242428,-0.00153694,0.00122692
tech_atr,24h,2026-02,0.022295,0.004447,0.002975,0.00080982,-0.00124205,0.00062248
tech_atr,24h,2026-03,0.00704,0.00298,0.002342,-0.0024959,-0.00137012,-0.00090517
tech_atr,24h,2026-04,-0.023826,0.001837,-0.001902,0.00073822,-0.00031595,-0.00092645
tech_atr,24h,2026-05,0.013193,-0.001197,0.001625,0.00481791,0.00102008,-0.00011099
tech_atr,24h,2026-06,0.015537,0.001635,0.002307,0.00015393,0.00190335,0.00026662
tech_atr,4h,2024-06,0.024846,0.024846,0.024846,0.00059438,0.00059438,0.00059438
tech_atr,4h,2024-07,0.013559,0.019203,0.019203,-0.00012019,0.0002371,0.0002371
tech_atr,4h,2024-08,0.006941,0.015115,0.015115,0.00028766,0.00025395,0.00025395
tech_atr,4h,2024-09,0.00598,0.008826,0.012831,-0.0006181,-0.00015021,3.594e-05
tech_atr,4h,2024-10,0.013107,0.008676,0.012886,-0.00026219,-0.00019754,-2.369e-05
tech_atr,4h,2024-11,0.000555,0.006547,0.010831,-0.00043797,-0.00043942,-9.273e-05
tech_atr,4h,2024-12,0.011786,0.008483,0.008655,0.00061291,-2.908e-05,-8.965e-05
tech_atr,4h,2025-01,0.021557,0.0113,0.009988,0.00056872,0.00024789,2.517e-05
tech_atr,4h,2025-02,0.006926,0.013423,0.009985,0.00013677,0.00043947,2e-08
tech_atr,4h,2025-03,0.008714,0.012399,0.010441,0.00030401,0.0003365,0.00015371
tech_atr,4h,2025-04,-0.004419,0.00374,0.00752,-0.00090475,-0.00015466,4.662e-05
tech_atr,4h,2025-05,0.01829,0.007528,0.010476,-0.00011156,-0.00023743,0.00010102
tech_atr,4h,2025-06,0.000662,0.004844,0.008622,-0.00026519,-0.00042717,-4.533e-05
tech_atr,4h,2025-07,0.006805,0.008585,0.006163,-0.00034546,-0.00024074,-0.0001977
tech_atr,4h,2025-08,0.01217,0.006546,0.007037,0.00065867,1.601e-05,-0.00011071
tech_atr,4h,2025-09,-0.001582,0.005797,0.005321,0.00084541,0.00038621,-2.048e-05
tech_atr,4h,2025-10,-0.003503,0.002361,0.005473,0.00015886,0.00055431,0.00015679
tech_atr,4h,2025-11,-0.010203,-0.005096,0.000725,3.036e-05,0.00034488,0.00018044
tech_atr,4h,2025-12,0.004468,-0.003079,0.001359,-0.00031796,-4.291e-05,0.00017165
tech_atr,4h,2026-01,-0.007897,-0.004544,-0.001091,-0.0003547,-0.0002141,0.00017011
tech_atr,4h,2026-02,0.004272,0.000281,-0.002407,-0.00022561,-0.00029942,2.273e-05
tech_atr,4h,2026-03,0.00511,0.000495,-0.001292,-0.00038966,-0.00032332,-0.00018312
tech_atr,4h,2026-04,-0.005938,0.001148,-0.001698,5.32e-05,-0.00018736,-0.00020073
tech_atr,4h,2026-05,0.003452,0.000875,0.000578,0.00082354,0.00016236,-6.853e-05
tech_atr,4h,2026-06,0.004953,0.000823,0.000659,0.00019596,0.00035757,1.712e-05
tech_atr,72h,2024-06,0.084036,0.084036,0.084036,0.01385299,0.01385299,0.01385299
tech_atr,72h,2024-07,0.048007,0.066022,0.066022,-0.0018562,0.0059984,0.0059984
tech_atr,72h,2024-08,0.038959,0.057001,0.057001,0.00761448,0.00653709,0.00653709
tech_atr,72h,2024-09,-0.006317,0.026883,0.041171,-0.00609541,-0.00011238,0.00337897
tech_atr,72h,2024-10,0.028314,0.020319,0.0386,-0.00544382,-0.00130825,0.00161441
tech_atr,72h,2024-11,-0.001119,0.006959,0.03198,-0.00227927,-0.00460617,0.00096546
tech_atr,72h,2024-12,0.04313,0.023441,0.025162,0.00815787,0.00014493,1.627e-05
tech_atr,72h,2025-01,0.118926,0.053646,0.036982,0.01145914,0.00577925,0.0022355
tech_atr,72h,2025-02,0.024098,0.062051,0.034505,0.00868578,0.00943426,0.00241405
tech_atr,72h,2025-03,0.051902,0.064976,0.044209,0.00363062,0.00792518,0.00403505
tech_atr,72h,2025-04,-0.048583,0.009139,0.031392,-0.02861895,-0.00543418,0.00017253
tech_atr,72h,2025-05,0.072201,0.025173,0.043612,-0.0041817,-0.00972334,-0.00014454
tech_atr,72h,2025-06,0.023629,0.015749,0.040362,-0.00498441,-0.01259502,-0.00233492
tech_atr,72h,2025-07,0.001955,0.032595,0.020867,-0.00589476,-0.00502029,-0.00522724
tech_atr,72h,2025-08,0.0486,0.024728,0.024951,0.00860855,-0.00075687,-0.00524011
tech_atr,72h,2025-09,0.018538,0.023031,0.01939,0.02969051,0.01080143,-0.00089679
tech_atr,72h,2025-10,0.032011,0.03305,0.032822,0.00894881,0.01574929,0.0053645
tech_atr,72h,2025-11,-0.010581,0.013323,0.019025,-0.00122544,0.01247129,0.00585721
tech_atr,72h,2025-12,0.001134,0.007522,0.015276,-0.00973846,-0.0006717,0.00506487
tech_atr,72h,2026-01,-0.032277,-0.013908,0.009571,-0.00488343,-0.00528244,0.00523342
tech_atr,72h,2026-02,0.047331,0.005396,0.009359,0.00632574,-0.00276538,0.00485295
tech_atr,72h,2026-03,-0.007849,0.002401,0.004962,-0.00932125,-0.00262631,-0.00164901
tech_atr,72h,2026-04,-0.045687,-0.002068,-0.007988,0.00346167,0.00015539,-0.00256353
tech_atr,72h,2026-05,0.02211,-0.010476,-0.00254,0.01107332,0.00173791,-0.00051374
tech_atr,72h,2026-06,-0.008895,-0.010824,-0.004211,0.00281236,0.00578245,0.00157807
tech_macd,1h,2024-06,0.000125,0.000125,0.000125,-8.852e-05,-8.852e-05,-8.852e-05
tech_macd,1h,2024-07,-0.008513,-0.004194,-0.004194,2.091e-05,-3.38e-05,-3.38e-05
tech_macd,1h,2024-08,-0.017149,-0.008512,-0.008512,-0.00030761,-0.00012507,-0.00012507
tech_macd,1h,2024-09,-0.011784,-0.012482,-0.00933,-5.063e-05,-0.00011244,-0.00010646
tech_macd,1h,2024-10,-0.009886,-0.012939,-0.009441,5.533e-05,-0.00010097,-7.41e-05
tech_macd,1h,2024-11,-0.00597,-0.009213,-0.008863,8.225e-05,2.898e-05,-4.805e-05
tech_macd,1h,2024-12,-0.015397,-0.010418,-0.01145,1.817e-05,5.192e-05,-3.026e-05
tech_macd,1h,2025-01,-0.01185,-0.011072,-0.012006,-2.51e-06,3.264e-05,-3.417e-05
tech_macd,1h,2025-02,0.008842,-0.006135,-0.007674,0.00050453,0.0001734,0.00010119
tech_macd,1h,2025-03,-0.010805,-0.004604,-0.007511,-8.345e-05,0.00013952,9.572e-05
tech_macd,1h,2025-04,-0.003171,-0.001711,-0.006392,-8.832e-05,0.00011092,7.178e-05
tech_macd,1h,2025-05,-0.007424,-0.007133,-0.006634,2.737e-05,-4.813e-05,6.263e-05
tech_macd,1h,2025-06,-0.019789,-0.010128,-0.007366,-0.00026559,-0.00010885,1.534e-05
tech_macd,1h,2025-07,-0.016744,-0.014653,-0.008182,-3.79e-06,-8.067e-05,1.512e-05
tech_macd,1h,2025-08,-0.012738,-0.016424,-0.011779,4.94e-05,-7.333e-05,-6.073e-05
tech_macd,1h,2025-09,-0.0077,-0.012394,-0.011261,0.00026793,0.00010451,-2.17e-06
tech_macd,1h,2025-10,-0.010898,-0.010445,-0.012549,5.764e-05,0.00012499,2.216e-05
tech_macd,1h,2025-11,-0.006545,-0.008381,-0.012402,0.00029683,0.00020747,6.707e-05
tech_macd,1h,2025-12,-0.017631,-0.011691,-0.012043,9.567e-05,0.00015005,0.00012728
tech_macd,1h,2026-01,-0.015691,-0.013289,-0.011867,-5.17e-06,0.00012911,0.00012705
tech_macd,1h,2026-02,-0.01567,-0.016331,-0.012356,6.752e-05,5.267e-05,0.00013007
tech_macd,1h,2026-03,-0.014819,-0.015393,-0.013542,3.756e-05,3.33e-05,9.167e-05
tech_macd,1h,2026-04,-0.008584,-0.013024,-0.013157,0.00012202,7.57e-05,0.00010241
tech_macd,1h,2026-05,-0.012194,-0.011866,-0.014098,-0.00012589,1.123e-05,3.195e-05
tech_macd,1h,2026-06,-0.010581,-0.010453,-0.012923,4.073e-05,1.229e-05,2.28e-05
tech_macd,24h,2024-06,-0.002188,-0.002188,-0.002188,-0.0008161,-0.0008161,-0.0008161
tech_macd,24h,2024-07,-0.025657,-0.013922,-0.013922,-0.00203964,-0.00142787,-0.00142787
tech_macd,24h,2024-08,-0.023586,-0.017143,-0.017143,-0.00159998,-0.00148524,-0.00148524
tech_macd,24h,2024-09,-0.005779,-0.018341,-0.014302,-0.00134193,-0.00166052,-0.00144941
tech_macd,24h,2024-10,-0.00788,-0.012415,-0.013018,0.00084059,-0.00070044,-0.00099141
tech_macd,24h,2024-11,-0.027279,-0.013646,-0.015395,0.00132196,0.00027354,-0.00060585
tech_macd,24h,2024-12,-0.007796,-0.014318,-0.01633,0.00052347,0.00089534,-0.00038259
tech_macd,24h,2025-01,0.000547,-0.011509,-0.011962,0.00230931,0.00138491,0.00034224
tech_macd,24h,2025-02,0.044218,0.012323,-0.000661,0.00783905,0.00355728,0.00191541
tech_macd,24h,2025-03,0.009846,0.018204,0.001943,0.00058082,0.00357639,0.00223587
tech_macd,24h,2025-04,0.003806,0.01929,0.00389,0.00344381,0.00395456,0.00266974
tech_macd,24h,2025-05,-0.034449,-0.006932,0.002695,-0.00229901,0.00057521,0.00206624
tech_macd,24h,2025-06,-0.027722,-0.019455,-0.000626,-0.00139725,-8.415e-05,0.00174612
tech_macd,24h,2025-07,-0.006847,-0.023006,-0.001858,0.00080792,-0.00096278,0.00149589
tech_macd,24h,2025-08,0.026418,-0.002717,-0.004825,0.00630986,0.00190684,0.00124102
tech_macd,24h,2025-09,-0.019696,-4.2e-05,-0.009748,0.0033012,0.00347299,0.00169442
tech_macd,24h,2025-10,-0.00596,0.000254,-0.011376,0.00096574,0.0035256,0.00128141
tech_macd,24h,2025-11,-0.023279,-0.016311,-0.009514,0.00143361,0.00190018,0.00190351
tech_macd,24h,2025-12,-0.022962,-0.0174,-0.008721,-0.00056112,0.00061274,0.00204287
tech_macd,24h,2026-01,-0.010884,-0.019042,-0.009394,0.00077671,0.00054973,0.00203767
tech_macd,24h,2026-02,-0.030107,-0.021318,-0.018815,-0.00228711,-0.00069051,0.00060484
tech_macd,24h,2026-03,-0.021498,-0.02083,-0.019115,0.00064553,-0.00028829,0.00016223
tech_macd,24h,2026-04,-0.026617,-0.026074,-0.022558,0.00183539,6.46e-05,0.00030717
tech_macd,24h,2026-05,-0.011579,-0.019898,-0.020608,-0.00131014,0.00039026,-0.00015012
tech_macd,24h,2026-06,0.050809,0.004204,-0.008313,0.01820294,0.00624273,0.00297722
tech_macd,4h,2024-06,-0.004501,-0.004501,-0.004501,-0.00030701,-0.00030701,-0.00030701
tech_macd,4h,2024-07,-0.008684,-0.006592,-0.006592,-1.999e-05,-0.0001635,-0.0001635
tech_macd,4h,2024-08,-0.022351,-0.011845,-0.011845,-0.00091933,-0.00041544,-0.00041544
tech_macd,4h,2024-09,-0.011001,-0.014012,-0.011634,-7.511e-05,-0.00033814,-0.00033036
tech_macd,4h,2024-10,-0.011974,-0.015109,-0.011702,0.00026615,-0.00024276,-0.00021106
tech_macd,4h,2024-11,-0.008773,-0.010583,-0.011214,-2.283e-05,5.607e-05,-0.00017969
tech_macd,4h,2024-12,-0.014517,-0.011755,-0.012883,0.00039815,0.00021382,-6.216e-05
tech_macd,4h,2025-01,-0.013188,-0.01216,-0.013634,0.00017177,0.00018236,-3.02e-05
tech_macd,4h,2025-02,0.020671,-0.002345,-0.006464,0.00170116,0.00075703,0.00040655
tech_macd,4h,2025-03,-0.016917,-0.003145,-0.00745,-0.0005319,0.00044701,0.00033042
tech_macd,4h,2025-04,-0.000558,0.001065,-0.005547,0.00024578,0.00047168,0.00032702
tech_macd,4h,2025-05,-0.022593,-0.013356,-0.00785,0.00012643,-5.323e-05,0.0003519
tech_macd,4h,2025-06,-0.03913,-0.02076,-0.011953,-0.00120986,-0.00027922,8.39e-05
tech_macd,4h,2025-07,-0.021489,-0.027737,-0.013336,-3.696e-05,-0.00037346,4.911e-05
tech_macd,4h,2025-08,-0.006495,-0.022371,-0.017864,0.00034031,-0.00030217,-0.0001777
tech_macd,4h,2025-09,-0.00697,-0.011651,-0.016206,0.00057104,0.00029146,6.12e-06
tech_macd,4h,2025-10,-0.014035,-0.009167,-0.018452,0.00081572,0.00057569,0.00010111
tech_macd,4h,2025-11,-0.013121,-0.011375,-0.016873,0.0006819,0.00068955,0.00019369
tech_macd,4h,2025-12,-0.027012,-0.018056,-0.014854,-0.00024903,0.0004162,0.00035383
tech_macd,4h,2026-01,-0.013561,-0.017898,-0.013532,0.00035227,0.00026171,0.0004187
tech_macd,4h,2026-02,-0.027556,-0.02271,-0.017042,-8.637e-05,5.62e-06,0.00034759
tech_macd,4h,2026-03,-0.02498,-0.022032,-0.020044,-8.453e-05,6.046e-05,0.00023833
tech_macd,4h,2026-04,-0.017071,-0.023202,-0.02055,0.00052983,0.00011964,0.00019068
tech_macd,4h,2026-05,-0.018323,-0.020125,-0.021417,-0.00036507,2.674e-05,1.618e-05
tech_macd,4h,2026-06,-0.003119,-0.012838,-0.017435,0.00071768,0.00029415,0.0001773
tech_macd,72h,2024-06,0.013855,0.013855,0.013855,0.00284152,0.00284152,0.00284152
tech_macd,72h,2024-07,-0.033873,-0.010009,-0.010009,-0.0065716,-0.00186504,-0.00186504
tech_macd,72h,2024-08,-0.011177,-0.010398,-0.010398,-0.00027466,-0.00133491,-0.00133491
tech_macd,72h,2024-09,-0.012478,-0.019176,-0.010918,-0.00122593,-0.00269073,-0.00130767
tech_macd,72h,2024-10,-0.02075,-0.014802,-0.012885,-0.00476569,-0.00208876,-0.00199927
tech_macd,72h,2024-11,0.012524,-0.006901,-0.00865,0.00627659,9.499e-05,-0.00061996
tech_macd,72h,2024-12,-0.010082,-0.006103,-0.012639,-0.00018023,0.00044356,-0.00112359
tech_macd,72h,2025-01,-0.00317,-0.000243,-0.007522,0.00036071,0.00215236,3.18e-05
tech_macd,72h,2025-02,0.01892,0.001889,-0.002506,0.0088058,0.00299543,0.00154521
tech_macd,72h,2025-03,-0.014852,0.000299,-0.002902,-0.00509345,0.00135769,0.00090062
tech_macd,72h,2025-04,-0.015977,-0.00397,-0.002106,0.00112497,0.00161244,0.0018824
tech_macd,72h,2025-05,-0.021549,-0.017459,-0.007785,-0.00133663,-0.00176837,0.00061353
tech_macd,72h,2025-06,-0.005239,-0.014255,-0.006978,-0.00040578,-0.00020581,0.00057594
tech_macd,72h,2025-07,0.001464,-0.008441,-0.006206,0.00169662,-1.526e-05,0.00079859
tech_macd,72h,2025-08,-0.000558,-0.001444,-0.009452,0.0054444,0.00224508,0.00023836
tech_macd,72h,2025-09,0.006445,0.00245,-0.005902,0.01707733,0.00807278,0.00393349
tech_macd,72h,2025-10,-0.005894,-2e-06,-0.004222,0.00112758,0.0078831,0.00393392
tech_macd,72h,2025-11,-0.011424,-0.003624,-0.002534,3.618e-05,0.00608036,0.00416272
tech_macd,72h,2025-12,-0.007243,-0.008187,-0.002868,-0.00387289,-0.00090304,0.00358487
tech_macd,72h,2026-01,-0.014358,-0.011009,-0.005505,0.00267566,-0.00038702,0.00374804
tech_macd,72h,2026-02,-0.014156,-0.011919,-0.007772,0.00026687,-0.00031012,0.00288512
tech_macd,72h,2026-03,-0.010048,-0.012854,-0.010521,-0.00084002,0.00070084,-0.0001011
tech_macd,72h,2026-04,-0.011484,-0.011896,-0.011452,0.01004926,0.0031587,0.00138584
tech_macd,72h,2026-05,-0.004025,-0.008519,-0.010219,0.00309763,0.00410229,0.00189609
tech_macd,72h,2026-06,0.046061,0.010184,-0.001335,0.02353786,0.01222825,0.00646454
trend_efficiency_24h,1h,2024-06,0.012884,0.012884,0.012884,0.00016667,0.00016667,0.00016667
trend_efficiency_24h,1h,2024-07,0.001803,0.007344,0.007344,-2.389e-05,7.139e-05,7.139e-05
trend_efficiency_24h,1h,2024-08,0.006135,0.006941,0.006941,7.464e-05,7.247e-05,7.247e-05
trend_efficiency_24h,1h,2024-09,-0.009284,-0.000449,0.002885,-0.00014993,-3.306e-05,1.687e-05
trend_efficiency_24h,1h,2024-10,-0.000841,-0.00133,0.002139,-0.00010599,-6.043e-05,-7.7e-06
trend_efficiency_24h,1h,2024-11,-0.004012,-0.004712,0.001114,0.0002161,-1.327e-05,2.96e-05
trend_efficiency_24h,1h,2024-12,-0.005136,-0.003329,-0.001889,-8.291e-05,9.07e-06,-1.2e-05
trend_efficiency_24h,1h,2025-01,0.003562,-0.001862,-0.001596,0.00019744,0.00011021,2.489e-05
trend_efficiency_24h,1h,2025-02,-0.016386,-0.005986,-0.005349,-0.00078903,-0.00022483,-0.00011905
trend_efficiency_24h,1h,2025-03,-0.003322,-0.005382,-0.004356,0.00013011,-0.00015383,-7.238e-05
trend_efficiency_24h,1h,2025-04,-0.00583,-0.008513,-0.005187,-3.838e-05,-0.00023243,-6.111e-05
trend_efficiency_24h,1h,2025-05,-0.001061,-0.003405,-0.004695,0.00012236,7.136e-05,-7.673e-05
trend_efficiency_24h,1h,2025-06,-0.004245,-0.003712,-0.004547,-0.00016519,-2.707e-05,-9.045e-05
trend_efficiency_24h,1h,2025-07,0.001876,-0.001143,-0.004828,0.00031766,9.161e-05,-7.041e-05
trend_efficiency_24h,1h,2025-08,0.007189,0.001607,-0.000899,0.0001739,0.00010879,9.008e-05
trend_efficiency_24h,1h,2025-09,-0.003497,0.001856,-0.000928,6.501e-05,0.00018552,7.923e-05
trend_efficiency_24h,1h,2025-10,0.000293,0.001328,9.2e-05,0.00014529,0.00012807,0.00010984
trend_efficiency_24h,1h,2025-11,-0.003731,-0.002312,-0.000353,-9.399e-05,3.877e-05,7.378e-05
trend_efficiency_24h,1h,2025-12,-0.006323,-0.003254,-0.000699,-0.00031628,-8.833e-05,4.86e-05
trend_efficiency_24h,1h,2026-01,0.001693,-0.002787,-0.000729,8.91e-05,-0.00010706,1.051e-05
trend_efficiency_24h,1h,2026-02,0.001308,-0.001107,-0.00171,-0.00012191,-0.00011636,-3.88e-05
trend_efficiency_24h,1h,2026-03,-0.005859,-0.000953,-0.002103,-2.851e-05,-2.044e-05,-5.438e-05
trend_efficiency_24h,1h,2026-04,-0.005766,-0.003439,-0.003113,0.00022161,2.373e-05,-4.166e-05
trend_efficiency_24h,1h,2026-05,-0.010911,-0.007512,-0.00431,0.00017281,0.00012197,2.8e-06
trend_efficiency_24h,1h,2026-06,-0.006151,-0.007609,-0.004281,0.00036494,0.00025312,0.00011634
trend_efficiency_24h,24h,2024-06,-0.014942,-0.014942,-0.014942,-0.0030105,-0.0030105,-0.0030105
trend_efficiency_24h,24h,2024-07,0.012802,-0.00107,-0.00107,0.00137306,-0.00081872,-0.00081872
trend_efficiency_24h,24h,2024-08,0.010609,0.002823,0.002823,0.00173689,3.315e-05,3.315e-05
trend_efficiency_24h,24h,2024-09,-0.007628,0.005261,0.00021,0.00019848,0.00110281,7.448e-05
trend_efficiency_24h,24h,2024-10,0.028021,0.010334,0.005772,0.00277615,0.00157051,0.00061482
trend_efficiency_24h,24h,2024-11,-0.013123,0.002423,0.002623,0.0012895,0.00142138,0.00072726
trend_efficiency_24h,24h,2024-12,-0.002497,0.004133,0.004697,-0.00047636,0.00119643,0.00114962
trend_efficiency_24h,24h,2025-01,0.006499,-0.00304,0.003647,-0.00036431,0.00014961,0.00086006
trend_efficiency_24h,24h,2025-02,-0.035709,-0.010569,-0.004073,-0.00676432,-0.002535,-0.00055681
trend_efficiency_24h,24h,2025-03,0.00319,-0.008673,-0.00227,0.00079778,-0.00211028,-0.00045693
trend_efficiency_24h,24h,2025-04,0.018533,-0.004662,-0.003851,0.00379427,-0.00072409,-0.00028724
trend_efficiency_24h,24h,2025-05,-0.000292,0.007144,-0.001713,0.00212924,0.00224043,-0.00014728
trend_efficiency_24h,24h,2025-06,0.010082,0.009441,0.000384,0.00106222,0.00232858,0.00010915
trend_efficiency_24h,24h,2025-07,0.006431,0.005407,0.000372,0.00213152,0.00177433,0.00052512
trend_efficiency_24h,24h,2025-08,0.033632,0.016715,0.011929,0.00858085,0.00392486,0.00308265
trend_efficiency_24h,24h,2025-09,-0.029445,0.003539,0.00649,0.00057077,0.00376105,0.00304481
trend_efficiency_24h,24h,2025-10,-0.004036,5e-05,0.002729,0.00068714,0.00327959,0.00252696
trend_efficiency_24h,24h,2025-11,-0.024691,-0.01939,-0.001338,-0.00161397,-0.00011869,0.00190309
trend_efficiency_24h,24h,2025-12,-0.02567,-0.018132,-0.007296,-0.00259732,-0.00117472,0.00129316
trend_efficiency_24h,24h,2026-01,-0.004356,-0.018239,-0.009094,0.00306825,-0.00038101,0.00144929
trend_efficiency_24h,24h,2026-02,0.007104,-0.007641,-0.013515,-0.00159998,-0.00037635,-0.00024752
trend_efficiency_24h,24h,2026-03,-0.016248,-0.0045,-0.011316,-0.00028603,0.00039408,-0.00039032
trend_efficiency_24h,24h,2026-04,-0.003889,-0.004344,-0.011292,0.00774611,0.00195337,0.00078618
trend_efficiency_24h,24h,2026-05,-0.018273,-0.012803,-0.010222,0.00211151,0.00319053,0.00140709
trend_efficiency_24h,24h,2026-06,-0.000776,-0.007646,-0.006073,0.00343739,0.00443167,0.00241288
trend_efficiency_24h,4h,2024-06,0.01219,0.01219,0.01219,0.00023488,0.00023488,0.00023488
trend_efficiency_24h,4h,2024-07,0.000972,0.006581,0.006581,-0.00024106,-3.09e-06,-3.09e-06
trend_efficiency_24h,4h,2024-08,0.012954,0.008705,0.008705,0.0002634,8.574e-05,8.574e-05
trend_efficiency_24h,4h,2024-09,-0.011112,0.000938,0.003751,-0.00046141,-0.00014636,-5.105e-05
trend_efficiency_24h,4h,2024-10,-0.001295,0.000182,0.002742,-0.00024647,-0.00014816,-9.013e-05
trend_efficiency_24h,4h,2024-11,0.00151,-0.003633,0.002536,0.00085289,4.834e-05,6.704e-05
trend_efficiency_24h,4h,2024-12,-0.003282,-0.001022,-4.2e-05,-2.694e-05,0.00019316,2.34e-05
trend_efficiency_24h,4h,2025-01,0.018341,0.005523,0.002853,0.0009268,0.00058425,0.00021805
trend_efficiency_24h,4h,2025-02,-0.022885,-0.002609,-0.003121,-0.00248366,-0.00052793,-0.0002398
trend_efficiency_24h,4h,2025-03,0.002924,-0.00054,-0.000781,0.0006282,-0.00030955,-5.82e-05
trend_efficiency_24h,4h,2025-04,-0.001054,-0.007005,-0.000741,0.00040824,-0.00048241,5.092e-05
trend_efficiency_24h,4h,2025-05,-0.001505,0.000122,-0.001244,0.0004274,0.00048795,-1.999e-05
trend_efficiency_24h,4h,2025-06,-0.006324,-0.002961,-0.001751,-0.00036632,0.00015644,-7.656e-05
trend_efficiency_24h,4h,2025-07,0.020278,0.00415,-0.001428,0.00125139,0.00043749,-2.246e-05
trend_efficiency_24h,4h,2025-08,0.014795,0.009583,0.004852,0.00072277,0.00053595,0.00051195
trend_efficiency_24h,4h,2025-09,-0.005168,0.009969,0.003504,0.00053989,0.00083802,0.00049723
trend_efficiency_24h,4h,2025-10,0.003931,0.00452,0.004335,0.00049052,0.00058439,0.00051094
trend_efficiency_24h,4h,2025-11,-0.008841,-0.003359,0.003112,-0.0002431,0.00026244,0.00039919
trend_efficiency_24h,4h,2025-12,-0.016852,-0.007254,0.001357,-0.00112038,-0.00029099,0.00027351
trend_efficiency_24h,4h,2026-01,-0.000806,-0.008833,-0.002157,0.00042911,-0.00031146,0.00013647
trend_efficiency_24h,4h,2026-02,0.000195,-0.005821,-0.00459,-9.047e-05,-0.00026058,9.3e-07
trend_efficiency_24h,4h,2026-03,-0.014668,-0.005093,-0.006173,-2.324e-05,0.00010513,-9.293e-05
trend_efficiency_24h,4h,2026-04,-0.005892,-0.006788,-0.007811,0.00127499,0.00038709,3.782e-05
trend_efficiency_24h,4h,2026-05,-0.015466,-0.012009,-0.008915,0.00071124,0.00065433,0.00019688
trend_efficiency_24h,4h,2026-06,-0.004403,-0.008587,-0.00684,0.00145661,0.00114761,0.00062637
trend_efficiency_24h,72h,2024-06,-0.003767,-0.003767,-0.003767,-0.00159347,-0.00159347,-0.00159347
trend_efficiency_24h,72h,2024-07,0.027206,0.01172,0.01172,0.00416255,0.00128454,0.00128454
trend_efficiency_24h,72h,2024-08,-0.007128,0.005437,0.005437,0.00102609,0.00119839,0.00119839
trend_efficiency_24h,72h,2024-09,-0.013984,0.002031,0.000582,-0.00127635,0.0013041,0.00057971
trend_efficiency_24h,72h,2024-10,0.036007,0.004965,0.007667,0.00792262,0.00255745,0.00204829
trend_efficiency_24h,72h,2024-11,0.018109,0.013377,0.009407,0.00425298,0.00363308,0.00241574
trend_efficiency_24h,72h,2024-12,-0.023708,0.010136,0.006084,-0.00670223,0.00182446,0.00156428
trend_efficiency_24h,72h,2025-01,-0.004232,-0.003277,0.000844,-0.00111438,-0.00118788,0.00068479
trend_efficiency_24h,72h,2025-02,-0.027596,-0.018512,-0.002567,-0.00382363,-0.00388008,-0.0001235
trend_efficiency_24h,72h,2025-03,0.005796,-0.008677,0.000729,-0.00052701,-0.00182167,1.39e-06
trend_efficiency_24h,72h,2025-04,0.031911,0.00337,4.7e-05,0.01058727,0.00207888,0.0004455
trend_efficiency_24h,72h,2025-05,-0.004567,0.011047,-0.003733,-0.00067086,0.0031298,-0.00037514
trend_efficiency_24h,72h,2025-06,0.005091,0.010811,0.001067,0.003534,0.00448347,0.0013309
trend_efficiency_24h,72h,2025-07,-0.000144,0.000127,0.001748,0.00132342,0.00139552,0.0017372
trend_efficiency_24h,72h,2025-08,0.004228,0.003059,0.007053,0.01716645,0.00734129,0.00523555
trend_efficiency_24h,72h,2025-09,-0.035978,-0.010631,9e-05,0.00521251,0.00790079,0.00619213
trend_efficiency_24h,72h,2025-10,-0.020679,-0.017476,-0.008675,-0.01168256,0.00356547,0.00248049
trend_efficiency_24h,72h,2025-11,-0.023621,-0.026759,-0.01185,0.00368308,-0.00092899,0.00320615
trend_efficiency_24h,72h,2025-12,-0.033099,-0.0258,-0.018215,-0.00523724,-0.00441224,0.00174428
trend_efficiency_24h,72h,2026-01,-0.007951,-0.021557,-0.019517,0.00322435,0.00055673,0.0020611
trend_efficiency_24h,72h,2026-02,0.005944,-0.011702,-0.019231,-0.00040744,-0.00080678,-0.00086788
trend_efficiency_24h,72h,2026-03,-0.007605,-0.003204,-0.014502,0.0039411,0.00225267,-0.00107978
trend_efficiency_24h,72h,2026-04,-0.012184,-0.004615,-0.013086,0.01556899,0.00636755,0.00346214
trend_efficiency_24h,72h,2026-05,-0.006004,-0.008598,-0.01015,0.00671178,0.00874062,0.00396692
trend_efficiency_24h,72h,2026-06,0.007749,-0.00348,-0.003342,0.00715901,0.00981326,0.00603297
vol_40h,1h,2024-06,-0.058401,-0.058401,-0.058401,0.0002403,0.0002403,0.0002403
vol_40h,1h,2024-07,-0.045195,-0.051798,-0.051798,-8.31e-06,0.000116,0.000116
vol_40h,1h,2024-08,-0.051765,-0.051787,-0.051787,0.00022721,0.00015307,0.00015307
vol_40h,1h,2024-09,-0.033453,-0.043471,-0.047204,-0.00014384,2.502e-05,7.884e-05
vol_40h,1h,2024-10,-0.042057,-0.042425,-0.046174,-2.933e-05,1.801e-05,5.721e-05
vol_40h,1h,2024-11,-0.038345,-0.037951,-0.044869,3.952e-05,-4.455e-05,5.426e-05
vol_40h,1h,2024-12,-0.041197,-0.040533,-0.042002,0.00013163,4.727e-05,3.615e-05
vol_40h,1h,2025-01,-0.072235,-0.050592,-0.046509,0.00046858,0.00021324,0.00011563
vol_40h,1h,2025-02,-0.039254,-0.050896,-0.044423,5.661e-05,0.00021894,8.719e-05
vol_40h,1h,2025-03,-0.039017,-0.050169,-0.045351,0.00021336,0.00024618,0.00014673
vol_40h,1h,2025-04,-0.024587,-0.034286,-0.042439,-0.00031802,-1.602e-05,9.861e-05
vol_40h,1h,2025-05,-0.038709,-0.034104,-0.0425,8.2e-07,-3.461e-05,9.216e-05
vol_40h,1h,2025-06,-0.0355,-0.032932,-0.04155,0.00015323,-5.466e-05,9.576e-05
vol_40h,1h,2025-07,-0.03554,-0.036583,-0.035435,5.223e-05,6.876e-05,2.637e-05
vol_40h,1h,2025-08,-0.036451,-0.03583,-0.034967,-0.0002252,-6.58e-06,-2.06e-05
vol_40h,1h,2025-09,-0.035931,-0.035974,-0.034453,-0.00044168,-0.00020488,-0.00012977
vol_40h,1h,2025-10,-0.03236,-0.034914,-0.035749,-0.00068504,-0.00045064,-0.00019094
vol_40h,1h,2025-11,-0.044856,-0.037716,-0.036773,5.427e-05,-0.00035748,-0.00018203
vol_40h,1h,2025-12,-0.0306,-0.035939,-0.035956,-0.00030047,-0.00031041,-0.00025765
vol_40h,1h,2026-01,-0.036576,-0.037344,-0.036129,6.218e-05,-6.134e-05,-0.00025599
vol_40h,1h,2026-02,-0.02486,-0.030679,-0.034197,2.792e-05,-7.012e-05,-0.0002138
vol_40h,1h,2026-03,-0.025553,-0.028996,-0.032467,-3.464e-05,1.849e-05,-0.00014596
vol_40h,1h,2026-04,-0.03136,-0.027258,-0.032301,-0.00046808,-0.00015827,-0.0001098
vol_40h,1h,2026-05,-0.034109,-0.030341,-0.03051,-0.00026619,-0.0002563,-0.00016321
vol_40h,1h,2026-06,-0.022815,-0.029428,-0.029212,-0.00044168,-0.00039198,-0.00018675
vol_40h,24h,2024-06,-0.148084,-0.148084,-0.148084,0.00606801,0.00606801,0.00606801
vol_40h,24h,2024-07,-0.099969,-0.124026,-0.124026,0.0014607,0.00376436,0.00376436
vol_40h,24h,2024-08,-0.124306,-0.12412,-0.12412,0.00516883,0.00423251,0.00423251
vol_40h,24h,2024-09,-0.036613,-0.086963,-0.102243,-0.00390275,0.00090893,0.0021987
vol_40h,24h,2024-10,-0.112971,-0.091297,-0.104389,0.00128824,0.00085144,0.00201661
vol_40h,24h,2024-11,-0.086263,-0.078616,-0.101368,-0.00090773,-0.00117408,0.00152922
vol_40h,24h,2024-12,-0.105695,-0.101643,-0.094303,0.00221341,0.00086464,0.00088678
vol_40h,24h,2025-01,-0.149801,-0.11392,-0.102608,0.01125313,0.00418627,0.00251885
vol_40h,24h,2025-02,-0.099587,-0.118361,-0.098488,-0.0009209,0.00418188,0.0015039
vol_40h,24h,2025-03,-0.115165,-0.121517,-0.11158,0.00525025,0.00519416,0.0030294
vol_40h,24h,2025-04,-0.044118,-0.08629,-0.100105,-0.00585227,-0.00050764,0.00183932
vol_40h,24h,2025-05,-0.091458,-0.08358,-0.100971,-0.0007658,-0.00045594,0.00186297
vol_40h,24h,2025-06,-0.074796,-0.070124,-0.095821,0.00267994,-0.00131271,0.00194072
vol_40h,24h,2025-07,-0.094353,-0.086869,-0.086579,-0.00156023,0.00011797,-0.00019483
vol_40h,24h,2025-08,-0.10755,-0.092233,-0.087907,-0.0053398,-0.0014067,-0.00093132
vol_40h,24h,2025-09,-0.078257,-0.093386,-0.081755,-0.01153491,-0.00614498,-0.00372885
vol_40h,24h,2025-10,-0.078544,-0.088117,-0.087493,-0.01544544,-0.01077338,-0.00532771
vol_40h,24h,2025-11,-0.122789,-0.093197,-0.092715,0.00034865,-0.00887723,-0.00514196
vol_40h,24h,2025-12,-0.051579,-0.084304,-0.088845,-0.00515502,-0.0067506,-0.00644779
vol_40h,24h,2026-01,-0.106679,-0.093683,-0.0909,-0.00027375,-0.00169337,-0.00623338
vol_40h,24h,2026-02,-0.072238,-0.076832,-0.085014,-0.00042734,-0.00195204,-0.00541464
vol_40h,24h,2026-03,-0.073895,-0.084271,-0.084288,-0.00206038,-0.00092049,-0.00383555
vol_40h,24h,2026-04,-0.068328,-0.071487,-0.082585,-0.013279,-0.00525557,-0.00347447
vol_40h,24h,2026-05,-0.075842,-0.072688,-0.07476,-0.00453316,-0.00662418,-0.00428811
vol_40h,24h,2026-06,-0.032914,-0.059028,-0.071649,-0.00740154,-0.00840457,-0.00466253
vol_40h,4h,2024-06,-0.07426,-0.07426,-0.07426,0.00093176,0.00093176,0.00093176
vol_40h,4h,2024-07,-0.063013,-0.068636,-0.068636,5.29e-06,0.00046853,0.00046853
vol_40h,4h,2024-08,-0.070169,-0.069147,-0.069147,0.00111398,0.00068368,0.00068368
vol_40h,4h,2024-09,-0.037311,-0.056831,-0.061188,-0.00071591,0.00013445,0.00033378
vol_40h,4h,2024-10,-0.060811,-0.056097,-0.061113,8.09e-05,0.00015966,0.0002832
vol_40h,4h,2024-11,-0.059455,-0.052525,-0.060836,-0.00012256,-0.00025252,0.00021558
vol_40h,4h,2024-12,-0.071038,-0.063768,-0.060299,0.00059795,0.00018543,0.00015994
vol_40h,4h,2025-01,-0.093186,-0.074559,-0.065328,0.00180147,0.00075895,0.0004593
vol_40h,4h,2025-02,-0.049667,-0.071297,-0.061911,0.00019785,0.00086576,0.00030662
vol_40h,4h,2025-03,-0.067953,-0.070269,-0.067018,0.00104515,0.00101482,0.00060013
vol_40h,4h,2025-04,-0.036448,-0.051356,-0.062958,-0.00111408,4.297e-05,0.00040096
vol_40h,4h,2025-05,-0.057441,-0.053947,-0.062622,8.783e-05,6.3e-06,0.00043603
vol_40h,4h,2025-06,-0.051076,-0.048322,-0.059295,0.00061367,-0.00013753,0.00043865
vol_40h,4h,2025-07,-0.058301,-0.055606,-0.053481,0.00027706,0.00032619,0.00018458
vol_40h,4h,2025-08,-0.059572,-0.056316,-0.055132,-0.00102222,-4.383e-05,-1.876e-05
vol_40h,4h,2025-09,-0.054367,-0.057413,-0.052867,-0.00179246,-0.00084587,-0.0004917
vol_40h,4h,2025-10,-0.04752,-0.05382,-0.054713,-0.00287881,-0.00189783,-0.00078582
vol_40h,4h,2025-11,-0.07438,-0.058755,-0.057536,6.612e-05,-0.00153505,-0.00078944
vol_40h,4h,2025-12,-0.044824,-0.055574,-0.056494,-0.00091888,-0.00124386,-0.00104486
vol_40h,4h,2026-01,-0.056591,-0.058598,-0.056209,0.00011677,-0.00024533,-0.00107158
vol_40h,4h,2026-02,-0.043642,-0.048352,-0.053554,-3.804e-05,-0.00028005,-0.00090755
vol_40h,4h,2026-03,-0.046655,-0.048963,-0.052268,-0.00018939,-3.689e-05,-0.00064037
vol_40h,4h,2026-04,-0.050906,-0.047068,-0.052833,-0.00190829,-0.00071191,-0.00047862
vol_40h,4h,2026-05,-0.054263,-0.050608,-0.04948,-0.00097558,-0.00102442,-0.00065224
vol_40h,4h,2026-06,-0.026018,-0.043729,-0.046346,-0.00140856,-0.00143081,-0.00073385
vol_40h,72h,2024-06,-0.192172,-0.192172,-0.192172,0.01742043,0.01742043,0.01742043
vol_40h,72h,2024-07,-0.125836,-0.159004,-0.159004,0.00117377,0.0092971,0.0092971
vol_40h,72h,2024-08,-0.146194,-0.154734,-0.154734,0.01471789,0.01110403,0.01110403
vol_40h,72h,2024-09,0.0145,-0.085843,-0.112426,-0.01286156,0.00101003,0.00511263
vol_40h,72h,2024-10,-0.130547,-0.087414,-0.11605,0.00379865,0.00188499,0.00484984
vol_40h,72h,2024-11,-0.062949,-0.059665,-0.1072,-0.00410197,-0.00438829,0.00335787
vol_40h,72h,2024-12,-0.111903,-0.101799,-0.093821,0.0014392,0.00037863,0.00069433
vol_40h,72h,2025-01,-0.225493,-0.133448,-0.110431,0.03892865,0.01208863,0.00698681
vol_40h,72h,2025-02,-0.08394,-0.140445,-0.100055,-0.00751133,0.01095217,0.00328194
vol_40h,72h,2025-03,-0.157759,-0.15573,-0.128765,0.01640084,0.01593939,0.00815901
vol_40h,72h,2025-04,-0.007709,-0.083136,-0.108292,-0.02020804,-0.00377284,0.00415789
vol_40h,72h,2025-05,-0.108301,-0.091256,-0.115851,-0.00458934,-0.00279885,0.00407666
vol_40h,72h,2025-06,-0.117277,-0.077762,-0.116746,0.00500084,-0.00659885,0.00467027
vol_40h,72h,2025-07,-0.110264,-0.111947,-0.097542,-0.00193013,-0.00050621,-0.00213953
vol_40h,72h,2025-08,-0.134856,-0.120799,-0.106028,-0.00635768,-0.00109566,-0.00194725
vol_40h,72h,2025-09,-0.052743,-0.099288,-0.088525,-0.04122518,-0.01650433,-0.01155159
vol_40h,72h,2025-10,-0.083189,-0.090262,-0.101105,-0.04937379,-0.03231888,-0.01641255
vol_40h,72h,2025-11,-0.13462,-0.090184,-0.105491,0.00205151,-0.02951582,-0.01530574
vol_40h,72h,2025-12,-0.063045,-0.093618,-0.096453,-0.00383221,-0.0170515,-0.01677791
vol_40h,72h,2026-01,-0.143219,-0.113628,-0.101945,0.00122068,-0.00018667,-0.01625278
vol_40h,72h,2026-02,-0.070379,-0.092215,-0.091199,-0.00890443,-0.00383865,-0.01667724
vol_40h,72h,2026-03,-0.0835,-0.099033,-0.096326,-0.00394758,-0.00387711,-0.0104643
vol_40h,72h,2026-04,-0.064556,-0.072812,-0.09322,-0.04315365,-0.01866855,-0.00942761
vol_40h,72h,2026-05,-0.096437,-0.081498,-0.086856,-0.00744661,-0.01818261,-0.01101063
vol_40h,72h,2026-06,-0.058678,-0.073224,-0.086128,-0.02359165,-0.02473064,-0.01430387
vol_5h,1h,2024-06,-0.043901,-0.043901,-0.043901,0.00016005,0.00016005,0.00016005
vol_5h,1h,2024-07,-0.033656,-0.038778,-0.038778,-3.803e-05,6.101e-05,6.101e-05
vol_5h,1h,2024-08,-0.044088,-0.040548,-0.040548,0.00017025,9.742e-05,9.742e-05
vol_5h,1h,2024-09,-0.027931,-0.035225,-0.037394,-0.00021715,-2.831e-05,1.878e-05
vol_5h,1h,2024-10,-0.03481,-0.03561,-0.036877,-4.579e-05,-3.09e-05,5.87e-06
vol_5h,1h,2024-11,-0.036754,-0.033165,-0.036857,7.27e-06,-8.522e-05,6.1e-06
vol_5h,1h,2024-12,-0.040144,-0.037236,-0.036231,0.00032227,9.458e-05,3.314e-05
vol_5h,1h,2025-01,-0.067761,-0.04822,-0.041915,0.00067769,0.00033574,0.00015242
vol_5h,1h,2025-02,-0.037146,-0.048351,-0.040758,0.0001954,0.00039845,0.00015662
vol_5h,1h,2025-03,-0.027511,-0.04414,-0.040688,0.00018359,0.00035223,0.00022341
vol_5h,1h,2025-04,-0.021501,-0.028719,-0.03847,-0.00025112,4.262e-05,0.00018918
vol_5h,1h,2025-05,-0.035337,-0.028116,-0.038234,5.196e-05,-5.19e-06,0.00019663
vol_5h,1h,2025-06,-0.029612,-0.028816,-0.036478,0.00014811,-1.702e-05,0.0001676
vol_5h,1h,2025-07,-0.028445,-0.031131,-0.029925,-7.99e-05,4.006e-05,4.134e-05
vol_5h,1h,2025-08,-0.03265,-0.030236,-0.029176,-0.00023478,-5.552e-05,-3.036e-05
vol_5h,1h,2025-09,-0.030461,-0.030519,-0.029668,-0.00053015,-0.00028161,-0.00014931
vol_5h,1h,2025-10,-0.029917,-0.031009,-0.03107,-0.00049211,-0.00041901,-0.00018948
vol_5h,1h,2025-11,-0.0427,-0.03436,-0.032298,1.709e-05,-0.00033506,-0.00019529
vol_5h,1h,2025-12,-0.034942,-0.035853,-0.033186,-4.404e-05,-0.00017302,-0.00022731
vol_5h,1h,2026-01,-0.038145,-0.038596,-0.034803,0.00014534,3.946e-05,-0.00018978
vol_5h,1h,2026-02,-0.024418,-0.032502,-0.033431,0.00014836,8.322e-05,-0.00012592
vol_5h,1h,2026-03,-0.017685,-0.026749,-0.031301,-0.00017107,4.088e-05,-6.607e-05
vol_5h,1h,2026-04,-0.025641,-0.022581,-0.030588,-0.00044937,-0.00015736,-5.895e-05
vol_5h,1h,2026-05,-0.029593,-0.024306,-0.028404,-0.00016827,-0.0002629,-8.984e-05
vol_5h,1h,2026-06,-0.01902,-0.024751,-0.02575,-0.00016368,-0.00026044,-0.00010978
vol_5h,24h,2024-06,-0.124994,-0.124994,-0.124994,0.00433649,0.00433649,0.00433649
vol_5h,24h,2024-07,-0.075996,-0.100495,-0.100495,0.0004728,0.00240464,0.00240464
vol_5h,24h,2024-08,-0.10453,-0.10184,-0.10184,0.00350252,0.0027706,0.0027706
vol_5h,24h,2024-09,-0.011352,-0.063959,-0.079218,-0.00552942,-0.00051803,0.0006956
vol_5h,24h,2024-10,-0.089308,-0.068396,-0.081236,0.00073972,-0.00042906,0.00070442
vol_5h,24h,2024-11,-0.077747,-0.059469,-0.080654,-0.00231838,-0.00236936,0.00020062
vol_5h,24h,2024-12,-0.08713,-0.084728,-0.074344,0.00419883,0.00087339,0.00017768
vol_5h,24h,2025-01,-0.123409,-0.096095,-0.082246,0.00939436,0.00375827,0.0016646
vol_5h,24h,2025-02,-0.078121,-0.09622,-0.077844,0.00085015,0.00481445,0.00122254
vol_5h,24h,2025-03,-0.088099,-0.096543,-0.090636,0.00554577,0.00526343,0.00306841
vol_5h,24h,2025-04,-0.030995,-0.065739,-0.080917,-0.00628384,3.736e-05,0.00189782
vol_5h,24h,2025-05,-0.071535,-0.063543,-0.079882,-0.00157707,-0.00077171,0.00202137
vol_5h,24h,2025-06,-0.058914,-0.053815,-0.075179,0.00200755,-0.00195112,0.00165615
vol_5h,24h,2025-07,-0.074464,-0.068304,-0.067021,-0.00199745,-0.00052232,-0.00024248
vol_5h,24h,2025-08,-0.076033,-0.069804,-0.066673,-0.00533191,-0.00177394,-0.00127282
vol_5h,24h,2025-09,-0.057871,-0.069456,-0.061635,-0.00991948,-0.00574961,-0.00385037
vol_5h,24h,2025-10,-0.075974,-0.069959,-0.069132,-0.00907032,-0.00810724,-0.00431478
vol_5h,24h,2025-11,-0.105501,-0.079782,-0.074793,-0.00064216,-0.00654399,-0.00415896
vol_5h,24h,2025-12,-0.036344,-0.072606,-0.071031,-0.00578984,-0.00516744,-0.00545853
vol_5h,24h,2026-01,-0.082052,-0.074633,-0.072296,0.00035698,-0.00202501,-0.00506612
vol_5h,24h,2026-02,-0.047334,-0.055243,-0.067513,-0.00037215,-0.001935,-0.0042395
vol_5h,24h,2026-03,-0.0559,-0.061762,-0.067184,-0.00092558,-0.00031358,-0.00274051
vol_5h,24h,2026-04,-0.068313,-0.057182,-0.065907,-0.0101864,-0.00382804,-0.00292652
vol_5h,24h,2026-05,-0.060984,-0.061733,-0.058488,-0.00575179,-0.00562126,-0.00377813
vol_5h,24h,2026-06,-0.036768,-0.055355,-0.058559,-0.00347021,-0.00646947,-0.00339153
vol_5h,4h,2024-06,-0.056974,-0.056974,-0.056974,0.00063106,0.00063106,0.00063106
vol_5h,4h,2024-07,-0.043887,-0.050431,-0.050431,-8.426e-05,0.0002734,0.0002734
vol_5h,4h,2024-08,-0.061387,-0.054083,-0.054083,0.00082873,0.00045851,0.00045851
vol_5h,4h,2024-09,-0.017964,-0.041079,-0.045053,-0.00129089,-0.00018214,2.116e-05
vol_5h,4h,2024-10,-0.052295,-0.043882,-0.046502,0.00024179,-7.346e-05,6.529e-05
vol_5h,4h,2024-11,-0.045823,-0.038694,-0.046388,-0.000843,-0.0006307,-8.61e-05
vol_5h,4h,2024-12,-0.061582,-0.053234,-0.047156,0.00079729,6.536e-05,-5.839e-05
vol_5h,4h,2025-01,-0.090103,-0.065836,-0.054859,0.00205615,0.00067015,0.00029834
vol_5h,4h,2025-02,-0.04571,-0.065798,-0.052246,0.00051944,0.00112429,0.0002468
vol_5h,4h,2025-03,-0.048059,-0.06129,-0.057262,0.0010096,0.00119506,0.00063021
vol_5h,4h,2025-04,-0.028669,-0.040813,-0.053324,-0.00104905,0.00016,0.00041507
vol_5h,4h,2025-05,-0.054066,-0.043598,-0.054698,0.00019772,5.276e-05,0.00058853
vol_5h,4h,2025-06,-0.037967,-0.040234,-0.050762,0.00038691,-0.00015481,0.00052013
vol_5h,4h,2025-07,-0.046516,-0.046183,-0.043498,-0.00037877,6.862e-05,0.00011431
vol_5h,4h,2025-08,-0.047685,-0.044056,-0.043827,-0.00097333,-0.00032173,-0.00013449
vol_5h,4h,2025-09,-0.041816,-0.045339,-0.042786,-0.00211516,-0.00115575,-0.00065528
vol_5h,4h,2025-10,-0.03969,-0.043064,-0.044623,-0.00249509,-0.00186119,-0.00089629
vol_5h,4h,2025-11,-0.062806,-0.048104,-0.04608,-0.00022055,-0.00161027,-0.000966
vol_5h,4h,2025-12,-0.04039,-0.047629,-0.046484,-0.00070995,-0.00114186,-0.00114881
vol_5h,4h,2026-01,-0.050809,-0.051335,-0.047199,0.00014147,-0.00026301,-0.0010621
vol_5h,4h,2026-02,-0.034356,-0.041851,-0.044978,-0.00018385,-0.00025078,-0.00093052
vol_5h,4h,2026-03,-0.032327,-0.039164,-0.043396,-0.00051051,-0.0001843,-0.00066308
vol_5h,4h,2026-04,-0.042789,-0.036491,-0.043913,-0.00137086,-0.00068841,-0.00047571
vol_5h,4h,2026-05,-0.048187,-0.041101,-0.041476,-0.00101593,-0.00096577,-0.00060827
vol_5h,4h,2026-06,-0.029803,-0.04026,-0.039712,-0.00044175,-0.00094285,-0.00056357
vol_5h,72h,2024-06,-0.153045,-0.153045,-0.153045,0.01386907,0.01386907,0.01386907
vol_5h,72h,2024-07,-0.096987,-0.125016,-0.125016,0.00289921,0.00838414,0.00838414
vol_5h,72h,2024-08,-0.113786,-0.121273,-0.121273,0.0098163,0.00886153,0.00886153
vol_5h,72h,2024-09,0.017385,-0.064463,-0.086608,-0.01255726,5.275e-05,0.00350683
vol_5h,72h,2024-10,-0.102111,-0.06617,-0.089709,0.00299912,8.605e-05,0.00340529
vol_5h,72h,2024-11,-0.039928,-0.041551,-0.081412,-0.01222766,-0.00726193,0.0007998
vol_5h,72h,2024-12,-0.089364,-0.077134,-0.070799,0.00670262,-0.00084197,-0.00039461
vol_5h,72h,2025-01,-0.173775,-0.101023,-0.083597,0.03206877,0.00884791,0.00446698
vol_5h,72h,2025-02,-0.069424,-0.110855,-0.076203,-0.00621093,0.01085349,0.00179578
vol_5h,72h,2025-03,-0.117377,-0.120192,-0.098663,0.0147868,0.01354821,0.00635312
vol_5h,72h,2025-04,-0.00732,-0.064707,-0.082865,-0.01551214,-0.00231209,0.00326791
vol_5h,72h,2025-05,-0.075649,-0.066782,-0.088818,-0.00930943,-0.00334492,0.00375428
vol_5h,72h,2025-06,-0.095885,-0.059618,-0.089905,0.00319184,-0.00720991,0.00316915
vol_5h,72h,2025-07,-0.086936,-0.086157,-0.075432,-0.00430235,-0.00347331,-0.0028927
vol_5h,72h,2025-08,-0.094558,-0.092459,-0.079621,-0.01270598,-0.0046055,-0.00397521
vol_5h,72h,2025-09,-0.039316,-0.073603,-0.06661,-0.03323396,-0.01674743,-0.01197867
vol_5h,72h,2025-10,-0.077452,-0.070442,-0.078299,-0.03766248,-0.02786747,-0.01567039
vol_5h,72h,2025-11,-0.115951,-0.077573,-0.085016,0.00014109,-0.02358512,-0.01409531
vol_5h,72h,2025-12,-0.037034,-0.076812,-0.075208,-0.00582511,-0.01444883,-0.01559813
vol_5h,72h,2026-01,-0.10395,-0.085645,-0.078043,0.00064899,-0.00167834,-0.01477291
vol_5h,72h,2026-02,-0.052846,-0.06461,-0.071091,-0.00659078,-0.0039223,-0.01375371
vol_5h,72h,2026-03,-0.06509,-0.073962,-0.075387,-0.00214643,-0.00269607,-0.00857245
vol_5h,72h,2026-04,-0.062778,-0.060238,-0.072941,-0.03386128,-0.0141995,-0.00793892
vol_5h,72h,2026-05,-0.073451,-0.067106,-0.065858,-0.00923285,-0.01508019,-0.00950124
vol_5h,72h,2026-06,-0.072541,-0.06959,-0.071776,-0.00362299,-0.01557237,-0.00913422
vol_of_vol_20h,1h,2024-06,-0.050701,-0.050701,-0.050701,0.00022278,0.00022278,0.00022278
vol_of_vol_20h,1h,2024-07,-0.03409,-0.042396,-0.042396,0.00011209,0.00016744,0.00016744
vol_of_vol_20h,1h,2024-08,-0.03597,-0.040254,-0.040254,0.00011406,0.00014964,0.00014964
vol_of_vol_20h,1h,2024-09,-0.028556,-0.032872,-0.037329,-0.00015345,2.423e-05,7.387e-05
vol_of_vol_20h,1h,2024-10,-0.034111,-0.032879,-0.036686,-6.8e-06,-1.54e-05,5.774e-05
vol_of_vol_20h,1h,2024-11,-0.028036,-0.030234,-0.035244,-2.694e-05,-6.24e-05,4.362e-05
vol_of_vol_20h,1h,2024-12,-0.024373,-0.02884,-0.030856,3.351e-05,-8e-08,1.208e-05
vol_of_vol_20h,1h,2025-01,-0.06537,-0.03926,-0.036069,0.00063543,0.000214,9.93e-05
vol_of_vol_20h,1h,2025-02,-0.030742,-0.040162,-0.035198,-1.018e-05,0.00021959,7.86e-05
vol_of_vol_20h,1h,2025-03,-0.03161,-0.042574,-0.035707,0.00021712,0.00028079,0.00014036
vol_of_vol_20h,1h,2025-04,-0.018968,-0.027107,-0.033183,-0.00023096,-8.01e-06,0.000103
vol_of_vol_20h,1h,2025-05,-0.033035,-0.027871,-0.034016,0.00019248,5.955e-05,0.00013957
vol_of_vol_20h,1h,2025-06,-0.02892,-0.026974,-0.034774,0.00016638,4.263e-05,0.00016171
vol_of_vol_20h,1h,2025-07,-0.028715,-0.030223,-0.028665,-2.89e-05,0.00010999,5.099e-05
vol_of_vol_20h,1h,2025-08,-0.023631,-0.027088,-0.02748,-0.00026054,-4.102e-05,9.26e-06
vol_of_vol_20h,1h,2025-09,-0.028023,-0.02679,-0.026882,-0.0004537,-0.00024771,-0.00010254
vol_of_vol_20h,1h,2025-10,-0.029585,-0.02708,-0.028651,-0.00046697,-0.00039374,-0.00014187
vol_of_vol_20h,1h,2025-11,-0.037062,-0.031557,-0.029323,0.00010646,-0.0002714,-0.00015621
vol_of_vol_20h,1h,2025-12,-0.022407,-0.029684,-0.028237,-0.00024534,-0.00020195,-0.00022483
vol_of_vol_20h,1h,2026-01,-0.030146,-0.029871,-0.028475,0.00010398,-1.163e-05,-0.00020268
vol_of_vol_20h,1h,2026-02,-0.012388,-0.021647,-0.026602,-0.00011829,-8.655e-05,-0.00017898
vol_of_vol_20h,1h,2026-03,-0.02121,-0.021248,-0.025466,-1.772e-05,-1.068e-05,-0.00010631
vol_of_vol_20h,1h,2026-04,-0.027602,-0.0204,-0.025136,-0.0004141,-0.00018337,-9.75e-05
vol_of_vol_20h,1h,2026-05,-0.028258,-0.02569,-0.023668,-0.00028504,-0.00023895,-0.00016275
vol_of_vol_20h,1h,2026-06,-0.010616,-0.022158,-0.021703,-0.00045233,-0.00038382,-0.00019725
vol_of_vol_20h,24h,2024-06,-0.123519,-0.123519,-0.123519,0.0056671,0.0056671,0.0056671
vol_of_vol_20h,24h,2024-07,-0.071421,-0.09747,-0.09747,0.00219382,0.00393046,0.00393046
vol_of_vol_20h,24h,2024-08,-0.0863,-0.093747,-0.093747,0.00212196,0.00332763,0.00332763
vol_of_vol_20h,24h,2024-09,-0.028772,-0.062164,-0.077503,-0.00323144,0.00036145,0.00168786
vol_of_vol_20h,24h,2024-10,-0.084967,-0.06668,-0.078996,0.00062013,-0.00016312,0.00147431
vol_of_vol_20h,24h,2024-11,-0.076765,-0.063501,-0.078624,-0.00249145,-0.00170092,0.00081335
vol_of_vol_20h,24h,2024-12,-0.061015,-0.074249,-0.068207,0.00177817,-3.105e-05,0.0001652
vol_of_vol_20h,24h,2025-01,-0.121509,-0.08643,-0.076555,0.00987204,0.00305292,0.0014449
vol_of_vol_20h,24h,2025-02,-0.068466,-0.083663,-0.073582,-0.00233269,0.00310584,0.00070246
vol_of_vol_20h,24h,2025-03,-0.091212,-0.093729,-0.083989,0.00474438,0.00409458,0.00203176
vol_of_vol_20h,24h,2025-04,-0.032689,-0.064122,-0.075276,-0.00458853,-0.00072561,0.00116365
vol_of_vol_20h,24h,2025-05,-0.087287,-0.070396,-0.07703,0.00211699,0.00075761,0.00193173
vol_of_vol_20h,24h,2025-06,-0.058229,-0.059402,-0.076565,0.00177528,-0.00023209,0.00193124
vol_of_vol_20h,24h,2025-07,-0.068706,-0.071407,-0.067765,-0.00503707,-0.0003816,-0.00055361
vol_of_vol_20h,24h,2025-08,-0.081404,-0.069446,-0.069921,-0.00526033,-0.00284071,-0.00104155
vol_of_vol_20h,24h,2025-09,-0.054842,-0.068317,-0.063859,-0.01070829,-0.0070019,-0.00361699
vol_of_vol_20h,24h,2025-10,-0.072658,-0.069635,-0.070521,-0.00976502,-0.00857788,-0.00447974
vol_of_vol_20h,24h,2025-11,-0.107278,-0.078259,-0.073853,0.00049709,-0.00665874,-0.00474972
vol_of_vol_20h,24h,2025-12,-0.041151,-0.073696,-0.071006,-0.0020977,-0.00378854,-0.00539522
vol_of_vol_20h,24h,2026-01,-0.087678,-0.078702,-0.074168,2.234e-05,-0.00052609,-0.00455199
vol_of_vol_20h,24h,2026-02,-0.057157,-0.061995,-0.070127,-7.541e-05,-0.00071692,-0.00368783
vol_of_vol_20h,24h,2026-03,-0.070332,-0.071723,-0.072709,0.00018936,4.543e-05,-0.00187156
vol_of_vol_20h,24h,2026-04,-0.067684,-0.065058,-0.07188,-0.01072455,-0.00353687,-0.00203148
vol_of_vol_20h,24h,2026-05,-0.066395,-0.068137,-0.065066,-0.00526613,-0.00526711,-0.00299202
vol_of_vol_20h,24h,2026-06,-0.012761,-0.048947,-0.060335,-0.00845287,-0.00814785,-0.00405121
vol_of_vol_20h,4h,2024-06,-0.070463,-0.070463,-0.070463,0.00084921,0.00084921,0.00084921
vol_of_vol_20h,4h,2024-07,-0.048259,-0.059361,-0.059361,0.00040583,0.00062752,0.00062752
vol_of_vol_20h,4h,2024-08,-0.05036,-0.056361,-0.056361,0.00056329,0.00060611,0.00060611
vol_of_vol_20h,4h,2024-09,-0.03465,-0.044423,-0.050933,-0.0008491,4.001e-05,0.00024231
vol_of_vol_20h,4h,2024-10,-0.048742,-0.044584,-0.050495,-2.969e-05,-0.00010517,0.00018791
vol_of_vol_20h,4h,2024-11,-0.048762,-0.044051,-0.050206,-1.317e-05,-0.00029732,0.0001544
vol_of_vol_20h,4h,2024-12,-0.041464,-0.046323,-0.045373,0.00017725,4.48e-05,4.24e-05
vol_of_vol_20h,4h,2025-01,-0.08645,-0.058892,-0.051738,0.00224894,0.00080434,0.00034959
vol_of_vol_20h,4h,2025-02,-0.040838,-0.05625,-0.050151,3.259e-05,0.00081959,0.00026114
vol_of_vol_20h,4h,2025-03,-0.058022,-0.06177,-0.054046,0.00097916,0.0010869,0.00056585
vol_of_vol_20h,4h,2025-04,-0.027359,-0.042073,-0.050482,-0.00075122,8.684e-05,0.00044559
vol_of_vol_20h,4h,2025-05,-0.051858,-0.045746,-0.050998,0.00078774,0.00033856,0.00057908
vol_of_vol_20h,4h,2025-06,-0.039812,-0.039676,-0.050723,0.00052226,0.00018626,0.00063658
vol_of_vol_20h,4h,2025-07,-0.045783,-0.045817,-0.043945,-0.0002163,0.00036457,0.00022571
vol_of_vol_20h,4h,2025-08,-0.038069,-0.041221,-0.043484,-0.00099878,-0.00023094,5.381e-05
vol_of_vol_20h,4h,2025-09,-0.040178,-0.041343,-0.04051,-0.00176634,-0.00099381,-0.00040377
vol_of_vol_20h,4h,2025-10,-0.046138,-0.041462,-0.04364,-0.00125007,-0.0013384,-0.00048691
vol_of_vol_20h,4h,2025-11,-0.064916,-0.050411,-0.045816,0.00036101,-0.00088513,-0.00055804
vol_of_vol_20h,4h,2025-12,-0.029609,-0.046888,-0.044116,-0.00099025,-0.00062644,-0.00081012
vol_of_vol_20h,4h,2026-01,-0.04783,-0.047452,-0.044457,0.00026095,-0.00012276,-0.00073058
vol_of_vol_20h,4h,2026-02,-0.022257,-0.033232,-0.041821,-0.00066041,-0.00046324,-0.00067418
vol_of_vol_20h,4h,2026-03,-0.041982,-0.037356,-0.042122,-4.795e-05,-0.00014914,-0.00038779
vol_of_vol_20h,4h,2026-04,-0.048997,-0.037745,-0.042598,-0.0016345,-0.00078095,-0.00045186
vol_of_vol_20h,4h,2026-05,-0.046023,-0.045667,-0.03945,-0.00114637,-0.00094294,-0.00070309
vol_of_vol_20h,4h,2026-06,-0.009912,-0.034977,-0.036167,-0.00172878,-0.00150322,-0.00082618
vol_of_vol_20h,72h,2024-06,-0.149416,-0.149416,-0.149416,0.01345074,0.01345074,0.01345074
vol_of_vol_20h,72h,2024-07,-0.0883,-0.118858,-0.118858,0.00160734,0.00752904,0.00752904
vol_of_vol_20h,72h,2024-08,-0.105034,-0.11425,-0.11425,0.00635265,0.00713691,0.00713691
vol_of_vol_20h,72h,2024-09,0.006118,-0.062405,-0.084158,-0.00823373,-9.125e-05,0.00329425
vol_of_vol_20h,72h,2024-10,-0.099998,-0.066305,-0.087326,0.00448863,0.00086918,0.00353313
vol_of_vol_20h,72h,2024-11,-0.050164,-0.048015,-0.081132,-0.00471059,-0.00281856,0.00215917
vol_of_vol_20h,72h,2024-12,-0.074628,-0.07493,-0.068668,0.00239111,0.00072305,0.0003159
vol_of_vol_20h,72h,2025-01,-0.163991,-0.096261,-0.081283,0.02756587,0.00841546,0.00464232
vol_of_vol_20h,72h,2025-02,-0.051124,-0.096581,-0.072298,-0.01028313,0.00655795,0.00186969
vol_of_vol_20h,72h,2025-03,-0.10839,-0.107835,-0.091383,0.01287745,0.0100534,0.00538822
vol_of_vol_20h,72h,2025-04,-0.006472,-0.055329,-0.075795,-0.01248237,-0.00329602,0.00255972
vol_of_vol_20h,72h,2025-05,-0.098555,-0.071139,-0.08386,0.00106143,0.0004855,0.00352173
vol_of_vol_20h,72h,2025-06,-0.093482,-0.06617,-0.087002,0.00355373,-0.0026224,0.0037155
vol_of_vol_20h,72h,2025-07,-0.090063,-0.094033,-0.074681,-0.00545189,-0.00027891,-0.00178746
vol_of_vol_20h,72h,2025-08,-0.096266,-0.09327,-0.082205,-0.00682501,-0.00290772,-0.00121111
vol_of_vol_20h,72h,2025-09,-0.042249,-0.076193,-0.071181,-0.03905636,-0.01711109,-0.00986674
vol_of_vol_20h,72h,2025-10,-0.074346,-0.070953,-0.082493,-0.04306349,-0.02964829,-0.0149636
vol_of_vol_20h,72h,2025-11,-0.108358,-0.074984,-0.084127,-0.00214762,-0.02808916,-0.01549844
vol_of_vol_20h,72h,2025-12,-0.05784,-0.080181,-0.078187,0.00094976,-0.01475378,-0.01593244
vol_of_vol_20h,72h,2026-01,-0.11479,-0.093663,-0.082308,0.00039619,-0.00026722,-0.01495776
vol_of_vol_20h,72h,2026-02,-0.06263,-0.07842,-0.076702,-0.00491881,-0.00119095,-0.01464005
vol_of_vol_20h,72h,2026-03,-0.074911,-0.08411,-0.082146,-0.00163896,-0.00205386,-0.00840382
vol_of_vol_20h,72h,2026-04,-0.056613,-0.064718,-0.07919,-0.04300415,-0.01652064,-0.00839393
vol_of_vol_20h,72h,2026-05,-0.074953,-0.068826,-0.073623,-0.00896991,-0.01787101,-0.00953098
vol_of_vol_20h,72h,2026-06,-0.019035,-0.0502,-0.067155,-0.02129194,-0.024422,-0.01323793
vol_ratio_20_80,1h,2024-06,-0.021034,-0.021034,-0.021034,-0.00021796,-0.00021796,-0.00021796
vol_ratio_20_80,1h,2024-07,-0.007581,-0.014308,-0.014308,2.303e-05,-9.747e-05,-9.747e-05
vol_ratio_20_80,1h,2024-08,-0.010501,-0.013039,-0.013039,-6.474e-05,-8.656e-05,-8.656e-05
vol_ratio_20_80,1h,2024-09,-0.012362,-0.010148,-0.012869,-5.213e-05,-3.128e-05,-7.795e-05
vol_ratio_20_80,1h,2024-10,-0.004707,-0.00919,-0.011237,8.781e-05,-9.69e-06,-4.48e-05
vol_ratio_20_80,1h,2024-11,-0.016201,-0.01109,-0.012064,-0.00013776,-3.403e-05,-6.029e-05
vol_ratio_20_80,1h,2024-12,-0.015969,-0.012292,-0.01122,-0.00023774,-9.59e-05,-6.359e-05
vol_ratio_20_80,1h,2025-01,-0.016896,-0.016355,-0.012772,-0.0001476,-0.00017437,-9.203e-05
vol_ratio_20_80,1h,2025-02,-0.021676,-0.01818,-0.014635,-0.00052997,-0.0003051,-0.00016956
vol_ratio_20_80,1h,2025-03,-0.007007,-0.015193,-0.013743,5.865e-05,-0.00020631,-0.0001511
vol_ratio_20_80,1h,2025-04,-0.002854,-0.010512,-0.013434,6.8e-06,-0.00015484,-0.0001646
vol_ratio_20_80,1h,2025-05,-0.00604,-0.0053,-0.01174,-6.6e-07,2.16e-05,-0.00014175
vol_ratio_20_80,1h,2025-06,-0.004471,-0.004455,-0.009824,-0.00015282,-4.889e-05,-0.0001276
vol_ratio_20_80,1h,2025-07,-0.006091,-0.005534,-0.008023,6.07e-05,-3.093e-05,-9.288e-05
vol_ratio_20_80,1h,2025-08,-0.002097,-0.00422,-0.00476,0.00018512,3.1e-05,2.63e-05
vol_ratio_20_80,1h,2025-09,-0.004019,-0.004069,-0.004262,0.0001958,0.00014721,4.916e-05
vol_ratio_20_80,1h,2025-10,-0.006954,-0.004357,-0.004945,5.99e-05,0.00014694,5.801e-05
vol_ratio_20_80,1h,2025-11,-0.007208,-0.00606,-0.00514,-0.00010032,5.179e-05,4.14e-05
vol_ratio_20_80,1h,2025-12,-0.007158,-0.007107,-0.005588,2.3e-06,-1.271e-05,6.725e-05
vol_ratio_20_80,1h,2026-01,-0.006107,-0.006824,-0.005591,2.038e-05,-2.588e-05,6.053e-05
vol_ratio_20_80,1h,2026-02,-0.001263,-0.004843,-0.005452,6.728e-05,2.999e-05,4.089e-05
vol_ratio_20_80,1h,2026-03,0.002059,-0.00177,-0.004439,0.00025135,0.000113,5.015e-05
vol_ratio_20_80,1h,2026-04,-0.004578,-0.001261,-0.004043,0.00014642,0.00015502,6.457e-05
vol_ratio_20_80,1h,2026-05,-0.000566,-0.001028,-0.002936,0.00029106,0.00022961,0.0001298
vol_ratio_20_80,1h,2026-06,0.009822,0.001559,-0.000106,0.00030106,0.00024618,0.00017959
vol_ratio_20_80,24h,2024-06,-0.057678,-0.057678,-0.057678,-0.00478568,-0.00478568,-0.00478568
vol_ratio_20_80,24h,2024-07,-0.007509,-0.032594,-0.032594,-4.935e-05,-0.00241751,-0.00241751
vol_ratio_20_80,24h,2024-08,-0.015711,-0.026966,-0.026966,-0.00191788,-0.00225097,-0.00225097
vol_ratio_20_80,24h,2024-09,-0.01578,-0.013,-0.02417,-0.00115797,-0.00104173,-0.00197772
vol_ratio_20_80,24h,2024-10,0.00947,-0.00734,-0.017442,0.00142802,-0.00054928,-0.00129657
vol_ratio_20_80,24h,2024-11,-0.032999,-0.013103,-0.020035,-0.0018259,-0.00051862,-0.00138479
vol_ratio_20_80,24h,2024-12,-0.023551,-0.015693,-0.014347,-0.00403768,-0.00147852,-0.00126013
vol_ratio_20_80,24h,2025-01,0.010672,-0.015293,-0.011316,0.00373728,-0.00070877,-0.00062902
vol_ratio_20_80,24h,2025-02,-0.038831,-0.017237,-0.01517,-0.00588205,-0.00206082,-0.00128972
vol_ratio_20_80,24h,2025-03,-0.015271,-0.014477,-0.015085,-0.0014717,-0.00120549,-0.00134201
vol_ratio_20_80,24h,2025-04,-0.001406,-0.018503,-0.016898,0.00168954,-0.00188807,-0.00129842
vol_ratio_20_80,24h,2025-05,0.007495,-0.003061,-0.010149,-0.00072221,-0.00016812,-0.00111447
vol_ratio_20_80,24h,2025-06,-0.014606,-0.002839,-0.008658,-0.00205477,-0.00036248,-0.00078399
vol_ratio_20_80,24h,2025-07,-0.017923,-0.008345,-0.013424,0.00084099,-0.00064533,-0.0012667
vol_ratio_20_80,24h,2025-08,0.00465,-0.009293,-0.006177,0.00743889,0.00207504,0.00095346
vol_ratio_20_80,24h,2025-09,0.00201,-0.003754,-0.003297,0.006291,0.00485696,0.00224724
vol_ratio_20_80,24h,2025-10,-0.019905,-0.004415,-0.00638,-0.00848692,0.00174766,0.00055116
vol_ratio_20_80,24h,2025-11,-0.047323,-0.021739,-0.015516,-0.0017754,-0.00132377,0.00037563
vol_ratio_20_80,24h,2025-12,0.009402,-0.019275,-0.011515,0.00365265,-0.00220322,0.00132687
vol_ratio_20_80,24h,2026-01,0.003729,-0.011397,-0.007906,0.00224796,0.00137507,0.00156136
vol_ratio_20_80,24h,2026-02,-0.021258,-0.002709,-0.012224,-0.001946,0.0013182,-2.79e-06
vol_ratio_20_80,24h,2026-03,-0.008844,-0.008791,-0.014033,0.00038705,0.00022967,-0.00098678
vol_ratio_20_80,24h,2026-04,-0.029856,-0.019986,-0.015692,0.0024361,0.00029238,0.00083373
vol_ratio_20_80,24h,2026-05,0.007596,-0.010368,-0.006539,0.00528415,0.00270243,0.00201032
vol_ratio_20_80,24h,2026-06,0.005218,-0.00568,-0.007236,-0.00384852,0.00129058,0.00076012
vol_ratio_20_80,4h,2024-06,-0.032924,-0.032924,-0.032924,-0.0007486,-0.0007486,-0.0007486
vol_ratio_20_80,4h,2024-07,-0.00956,-0.021242,-0.021242,0.00010307,-0.00032276,-0.00032276
vol_ratio_20_80,4h,2024-08,-0.02259,-0.021691,-0.021691,-0.00073381,-0.00045978,-0.00045978
vol_ratio_20_80,4h,2024-09,-0.008489,-0.013546,-0.018391,-0.00014858,-0.00025977,-0.00038198
vol_ratio_20_80,4h,2024-10,-0.002942,-0.01134,-0.015301,0.00042856,-0.00015128,-0.00021987
vol_ratio_20_80,4h,2024-11,-0.024288,-0.011906,-0.016799,-0.00062387,-0.00011463,-0.00028721
vol_ratio_20_80,4h,2024-12,-0.022651,-0.016627,-0.015087,-0.000736,-0.00031044,-0.0002851
vol_ratio_20_80,4h,2025-01,-0.019286,-0.022075,-0.016708,-0.00023127,-0.00053038,-0.00034083
vol_ratio_20_80,4h,2025-02,-0.031379,-0.024439,-0.018173,-0.00165321,-0.00087349,-0.00049406
vol_ratio_20_80,4h,2025-03,-0.017389,-0.022685,-0.019656,-9.292e-05,-0.00065913,-0.00048479
vol_ratio_20_80,4h,2025-04,-0.00192,-0.016896,-0.019486,0.00010234,-0.00054793,-0.00053916
vol_ratio_20_80,4h,2025-05,-0.011275,-0.010195,-0.017317,-0.0001818,-5.746e-05,-0.00046548
vol_ratio_20_80,4h,2025-06,-0.006625,-0.006607,-0.014646,-0.0003757,-0.00015172,-0.00040543
vol_ratio_20_80,4h,2025-07,-0.014083,-0.010661,-0.013779,0.00019004,-0.00012249,-0.00033521
vol_ratio_20_80,4h,2025-08,-0.001275,-0.007328,-0.008761,0.00110636,0.0003069,0.00012472
vol_ratio_20_80,4h,2025-09,-0.004019,-0.006459,-0.006533,0.00105911,0.00078517,0.00031673
vol_ratio_20_80,4h,2025-10,-0.014099,-0.006465,-0.008563,-0.00034792,0.00060585,0.00024168
vol_ratio_20_80,4h,2025-11,-0.015643,-0.011254,-0.009291,-0.00061519,3.2e-05,0.00016945
vol_ratio_20_80,4h,2025-12,-0.004464,-0.011402,-0.008931,0.00043562,-0.00017583,0.00030467
vol_ratio_20_80,4h,2026-01,-0.004224,-0.00811,-0.007287,0.00055314,0.00012452,0.00036519
vol_ratio_20_80,4h,2026-02,0.002317,-0.002123,-0.006689,0.00069057,0.00055978,0.00029589
vol_ratio_20_80,4h,2026-03,-0.00169,-0.001199,-0.0063,0.00041624,0.00055332,0.00018874
vol_ratio_20_80,4h,2026-04,-0.016351,-0.005241,-0.006676,0.00028107,0.00046263,0.00029358
vol_ratio_20_80,4h,2026-05,-0.003932,-0.007325,-0.004724,0.00121534,0.00063755,0.00059866
vol_ratio_20_80,4h,2026-06,0.013402,-0.002294,-0.001746,0.0010608,0.0008524,0.00070286
vol_ratio_20_80,72h,2024-06,-0.02929,-0.02929,-0.02929,-0.00327145,-0.00327145,-0.00327145
vol_ratio_20_80,72h,2024-07,-0.028162,-0.028726,-0.028726,-0.00640163,-0.00483654,-0.00483654
vol_ratio_20_80,72h,2024-08,-0.005883,-0.021112,-0.021112,-0.0003191,-0.00333073,-0.00333073
vol_ratio_20_80,72h,2024-09,-0.031274,-0.021773,-0.023652,-0.00440233,-0.00370769,-0.00359863
vol_ratio_20_80,72h,2024-10,-3.9e-05,-0.012399,-0.01893,0.00147874,-0.0010809,-0.00258315
vol_ratio_20_80,72h,2024-11,-0.011197,-0.01417,-0.017641,-0.00241493,-0.00177951,-0.00255512
vol_ratio_20_80,72h,2024-12,-0.027807,-0.013014,-0.017394,-0.00714981,-0.00269533,-0.00320151
vol_ratio_20_80,72h,2025-01,-0.007033,-0.015345,-0.013872,-0.00669553,-0.00542009,-0.00325049
vol_ratio_20_80,72h,2025-02,-0.034011,-0.02295,-0.01856,-0.01183144,-0.00855893,-0.00516922
vol_ratio_20_80,72h,2025-03,-0.014982,-0.018675,-0.015845,-0.00059689,-0.00637462,-0.00453498
vol_ratio_20_80,72h,2025-04,-0.009896,-0.01963,-0.017487,0.00319889,-0.00307648,-0.00424829
vol_ratio_20_80,72h,2025-05,0.016273,-0.002868,-0.012909,0.00893303,0.00384501,-0.00235696
vol_ratio_20_80,72h,2025-06,-0.000884,0.001831,-0.008422,-1.97e-06,0.00404332,-0.00116565
vol_ratio_20_80,72h,2025-07,0.004071,0.006487,-0.006571,0.00615431,0.00502846,0.00097599
vol_ratio_20_80,72h,2025-08,-0.0055,-0.000771,-0.001819,0.01058557,0.0055793,0.00471216
vol_ratio_20_80,72h,2025-09,-0.001148,-0.000859,0.000486,0.00897322,0.00857103,0.00630718
vol_ratio_20_80,72h,2025-10,-0.005983,-0.00421,0.001138,-0.0063776,0.00439373,0.00471109
vol_ratio_20_80,72h,2025-11,-0.032972,-0.013368,-0.007069,-0.00076193,0.00061123,0.00309527
vol_ratio_20_80,72h,2025-12,0.006343,-0.010871,-0.005865,0.00218178,-0.00165258,0.00345922
vol_ratio_20_80,72h,2026-01,0.014466,-0.004054,-0.004132,0.00631346,0.00257777,0.00348575
vol_ratio_20_80,72h,2026-02,-0.017916,0.000965,-0.006202,-0.00313985,0.00178513,0.00119818
vol_ratio_20_80,72h,2026-03,-0.005176,-0.002875,-0.006873,-0.00028762,0.000962,-0.00034529
vol_ratio_20_80,72h,2026-04,-0.02464,-0.015911,-0.009982,0.00698683,0.00118645,0.00188211
vol_ratio_20_80,72h,2026-05,0.017545,-0.004091,-0.001563,0.00862763,0.00510895,0.00344704
vol_ratio_20_80,72h,2026-06,-0.041909,-0.016335,-0.009605,-0.02003703,-0.00147419,-0.0002561
vol_ratio_5_20,1h,2024-06,0.004469,0.004469,0.004469,4.925e-05,4.925e-05,4.925e-05
vol_ratio_5_20,1h,2024-07,0.000695,0.002582,0.002582,0.00012019,8.472e-05,8.472e-05
vol_ratio_5_20,1h,2024-08,-0.00843,-0.001089,-0.001089,-2.9e-06,5.551e-05,5.551e-05
vol_ratio_5_20,1h,2024-09,-0.011892,-0.006542,-0.003789,-0.00014021,-7.64e-06,6.58e-06
vol_ratio_5_20,1h,2024-10,-0.004919,-0.008414,-0.004015,-3.998e-05,-6.103e-05,-2.73e-06
vol_ratio_5_20,1h,2024-11,-0.008956,-0.008589,-0.004839,-2.771e-05,-6.93e-05,-6.89e-06
vol_ratio_5_20,1h,2024-12,-0.013787,-0.009221,-0.007881,-9.217e-05,-5.329e-05,-3.046e-05
vol_ratio_5_20,1h,2025-01,-0.008389,-0.010377,-0.009395,-0.00026206,-0.00012731,-9.417e-05
vol_ratio_5_20,1h,2025-02,-0.010817,-0.010997,-0.009793,-0.00030492,-0.00021972,-0.00014451
vol_ratio_5_20,1h,2025-03,0.004011,-0.005065,-0.007143,0.0003384,-7.619e-05,-6.474e-05
vol_ratio_5_20,1h,2025-04,-0.005979,-0.004262,-0.007319,-0.00011487,-2.713e-05,-7.722e-05
vol_ratio_5_20,1h,2025-05,-0.005751,-0.002573,-0.006785,-8.922e-05,4.477e-05,-8.747e-05
vol_ratio_5_20,1h,2025-06,-0.001506,-0.004412,-0.004738,-7.87e-06,-7.065e-05,-7.342e-05
vol_ratio_5_20,1h,2025-07,-0.001384,-0.00288,-0.003571,-5.711e-05,-5.14e-05,-3.926e-05
vol_ratio_5_20,1h,2025-08,-0.008585,-0.003825,-0.003199,0.00016274,3.259e-05,3.868e-05
vol_ratio_5_20,1h,2025-09,-0.003661,-0.004543,-0.004478,0.00012636,7.733e-05,3.34e-06
vol_ratio_5_20,1h,2025-10,-0.004016,-0.005421,-0.00415,0.00038992,0.00022634,8.747e-05
vol_ratio_5_20,1h,2025-11,-0.012208,-0.006628,-0.005227,-2.989e-05,0.00016213,9.736e-05
vol_ratio_5_20,1h,2025-12,-0.016793,-0.011005,-0.007774,-0.00041109,-1.702e-05,3.016e-05
vol_ratio_5_20,1h,2026-01,-0.012925,-0.013975,-0.009698,-0.00028375,-0.00024158,-7.62e-06
vol_ratio_5_20,1h,2026-02,-0.011258,-0.013659,-0.010143,-0.00016336,-0.00028607,-6.197e-05
vol_ratio_5_20,1h,2026-03,3.2e-05,-0.00805,-0.009528,0.0002272,-7.33e-05,-4.516e-05
vol_ratio_5_20,1h,2026-04,0.000282,-0.003648,-0.008812,0.00012624,6.336e-05,-8.911e-05
vol_ratio_5_20,1h,2026-05,-0.006578,-0.002088,-0.007873,-2.577e-05,0.00010922,-8.842e-05
vol_ratio_5_20,1h,2026-06,-0.003041,-0.003112,-0.005581,0.00021987,0.00010678,1.674e-05
vol_ratio_5_20,24h,2024-06,-0.005811,-0.005811,-0.005811,-0.00052763,-0.00052763,-0.00052763
vol_ratio_5_20,24h,2024-07,-0.00804,-0.006926,-0.006926,0.00106813,0.00027025,0.00027025
vol_ratio_5_20,24h,2024-08,-0.020975,-0.011609,-0.011609,-0.00152861,-0.00032937,-0.00032937
vol_ratio_5_20,24h,2024-09,0.00523,-0.007929,-0.007399,0.00049336,1.096e-05,-0.00012369
vol_ratio_5_20,24h,2024-10,-0.005205,-0.006983,-0.00696,-0.00042832,-0.00048786,-0.00018461
vol_ratio_5_20,24h,2024-11,-0.016969,-0.005648,-0.008628,-0.00173249,-0.00055582,-0.00044259
vol_ratio_5_20,24h,2024-12,-0.014981,-0.012385,-0.010157,-0.00177468,-0.00131183,-0.00065043
vol_ratio_5_20,24h,2025-01,-0.004267,-0.012072,-0.009528,6.067e-05,-0.00114883,-0.00081834
vol_ratio_5_20,24h,2025-02,-0.012231,-0.010493,-0.008071,-0.00324304,-0.00165235,-0.00110408
vol_ratio_5_20,24h,2025-03,-0.003078,-0.006525,-0.009455,-0.00034552,-0.00117596,-0.0012439
vol_ratio_5_20,24h,2025-04,-0.007203,-0.007504,-0.009788,1.7e-05,-0.00119052,-0.00116968
vol_ratio_5_20,24h,2025-05,-0.006327,-0.005536,-0.008015,-0.00055834,-0.00029562,-0.00097399
vol_ratio_5_20,24h,2025-06,0.002262,-0.003756,-0.005141,0.00091053,0.00012306,-0.00052645
vol_ratio_5_20,24h,2025-07,-0.000888,-0.001651,-0.004577,-0.00130532,-0.00031771,-0.00075412
vol_ratio_5_20,24h,2025-08,-0.002191,-0.000272,-0.002904,0.00200298,0.00053606,0.00012022
vol_ratio_5_20,24h,2025-09,-0.005207,-0.002762,-0.003259,-0.00189734,-0.00039989,-0.00013841
vol_ratio_5_20,24h,2025-10,-0.003294,-0.003564,-0.002607,0.00103325,0.00037963,3.096e-05
vol_ratio_5_20,24h,2025-11,-0.003549,-0.004017,-0.002144,-0.00205334,-0.00097248,-0.00021821
vol_ratio_5_20,24h,2025-12,0.002151,-0.001564,-0.002163,0.00047493,-0.00018172,-0.00029081
vol_ratio_5_20,24h,2026-01,-0.005501,-0.0023,-0.002932,0.00104606,-0.00017745,0.00010109
vol_ratio_5_20,24h,2026-02,0.00864,0.001763,-0.001127,0.00045988,0.00066029,-0.00015609
vol_ratio_5_20,24h,2026-03,0.010117,0.004419,0.001427,0.00146119,0.00098904,0.00040366
vol_ratio_5_20,24h,2026-04,-0.001331,0.005809,0.001754,0.00071901,0.00088003,0.00035129
vol_ratio_5_20,24h,2026-05,-0.003726,0.001687,0.001725,0.00068396,0.00095472,0.00080751
vol_ratio_5_20,24h,2026-06,0.003688,-0.000456,0.001981,0.00254637,0.00131645,0.00115274
vol_ratio_5_20,4h,2024-06,0.006785,0.006785,0.006785,0.00034958,0.00034958,0.00034958
vol_ratio_5_20,4h,2024-07,0.004253,0.005519,0.005519,0.00040047,0.00037502,0.00037502
vol_ratio_5_20,4h,2024-08,-0.01151,-0.000157,-0.000157,-0.00019909,0.00018365,0.00018365
vol_ratio_5_20,4h,2024-09,0.00046,-0.002266,-3e-06,4.08e-05,8.073e-05,0.00014794
vol_ratio_5_20,4h,2024-10,-0.006012,-0.005687,-0.001205,-0.00015836,-0.00010555,8.668e-05
vol_ratio_5_20,4h,2024-11,-0.002833,-0.002795,-0.001476,0.00047929,0.00012058,0.00015212
vol_ratio_5_20,4h,2024-12,-0.005942,-0.004929,-0.003597,-1.9e-05,0.00010064,9.069e-05
vol_ratio_5_20,4h,2025-01,-0.009402,-0.006059,-0.005873,-0.00022545,7.828e-05,-1.364e-05
vol_ratio_5_20,4h,2025-02,-0.008912,-0.008085,-0.00544,-0.00044405,-0.0002295,-5.446e-05
vol_ratio_5_20,4h,2025-03,0.002297,-0.005339,-0.005134,0.00043072,-7.959e-05,1.052e-05
vol_ratio_5_20,4h,2025-04,-0.010505,-0.005707,-0.005883,-0.00061763,-0.00021032,-6.602e-05
vol_ratio_5_20,4h,2025-05,-0.009286,-0.005831,-0.006958,-0.00022715,-0.00013802,-0.00018376
vol_ratio_5_20,4h,2025-06,0.001529,-0.006088,-0.005713,0.00011697,-0.0002426,-0.0001611
vol_ratio_5_20,4h,2025-07,-0.003046,-0.003601,-0.004654,3.768e-05,-2.417e-05,-0.00011724
vol_ratio_5_20,4h,2025-08,-0.008448,-0.003322,-0.004577,0.00032598,0.00016021,1.11e-05
vol_ratio_5_20,4h,2025-09,0.000455,-0.00368,-0.004884,0.00046238,0.00027535,1.637e-05
vol_ratio_5_20,4h,2025-10,-0.001341,-0.003111,-0.003356,0.00213616,0.00097484,0.00047534
vol_ratio_5_20,4h,2025-11,-0.008211,-0.003032,-0.003177,-1.463e-05,0.0008613,0.00051076
vol_ratio_5_20,4h,2025-12,-0.014217,-0.007923,-0.005801,-0.00054244,0.00052636,0.00040086
vol_ratio_5_20,4h,2026-01,-0.007554,-0.009994,-0.006553,-0.00020771,-0.00025493,0.00035996
vol_ratio_5_20,4h,2026-02,-0.010962,-0.010911,-0.006972,3.026e-05,-0.00023996,0.00031067
vol_ratio_5_20,4h,2026-03,0.006089,-0.004142,-0.006033,0.00084863,0.00022373,0.00037505
vol_ratio_5_20,4h,2026-04,-0.001131,-0.002001,-0.005998,-0.00014795,0.00024365,-5.64e-06
vol_ratio_5_20,4h,2026-05,-0.006338,-0.00046,-0.005686,-5.71e-06,0.00023166,-4.15e-06
vol_ratio_5_20,4h,2026-06,-0.012118,-0.006529,-0.005336,7.738e-05,-2.543e-05,9.915e-05
vol_ratio_5_20,72h,2024-06,-0.010939,-0.010939,-0.010939,-0.00218051,-0.00218051,-0.00218051
vol_ratio_5_20,72h,2024-07,-0.006196,-0.008568,-0.008568,0.00013851,-0.001021,-0.001021
vol_ratio_5_20,72h,2024-08,-0.004086,-0.007074,-0.007074,-0.00141957,-0.00115386,-0.00115386
vol_ratio_5_20,72h,2024-09,0.005334,-0.001649,-0.003972,0.00093071,-0.00011678,-0.00063271
vol_ratio_5_20,72h,2024-10,0.000124,0.000457,-0.003153,-0.00015077,-0.00021321,-0.00053633
vol_ratio_5_20,72h,2024-11,-0.001131,0.001442,-0.002816,-0.0003308,0.00014971,-0.00050207
vol_ratio_5_20,72h,2024-12,-0.011047,-0.004018,-0.002834,-0.00284892,-0.00111016,-0.00061347
vol_ratio_5_20,72h,2025-01,0.006738,-0.001813,-0.000678,0.00064963,-0.00084336,-0.00052829
vol_ratio_5_20,72h,2025-02,-0.012955,-0.005755,-0.002156,-0.00364273,-0.00194734,-0.00089881
vol_ratio_5_20,72h,2025-03,2e-06,-0.002072,-0.003045,-0.00090222,-0.00129844,-0.0012043
vol_ratio_5_20,72h,2025-04,-0.002657,-0.005203,-0.003508,0.00036258,-0.00139412,-0.00111874
vol_ratio_5_20,72h,2025-05,0.009872,0.002406,-0.001674,0.00419887,0.00121974,-0.0003638
vol_ratio_5_20,72h,2025-06,-0.00702,6.5e-05,-0.001003,-0.00018719,0.00145809,7.982e-05
vol_ratio_5_20,72h,2025-07,-0.002336,0.000172,-0.002516,-0.00131818,0.00089783,-0.00024814
vol_ratio_5_20,72h,2025-08,0.001657,-0.002566,-8e-05,0.01304027,0.00384497,0.00253236
vol_ratio_5_20,72h,2025-09,0.002276,0.000532,0.000299,-0.00277254,0.00298318,0.00222063
vol_ratio_5_20,72h,2025-10,0.00125,0.001728,0.00095,0.0045827,0.00495014,0.00292399
vol_ratio_5_20,72h,2025-11,-0.005069,-0.000515,-0.00154,-8.208e-05,0.00057603,0.0022105
vol_ratio_5_20,72h,2025-12,0.010089,0.00209,0.001311,0.00267681,0.00239248,0.00268783
vol_ratio_5_20,72h,2026-01,0.00357,0.002863,0.002295,0.002799,0.00179791,0.00337403
vol_ratio_5_20,72h,2026-02,0.001981,0.005213,0.002349,0.00039388,0.00195656,0.00126629
vol_ratio_5_20,72h,2026-03,0.004023,0.003191,0.002641,-0.00021191,0.00099366,0.00169307
vol_ratio_5_20,72h,2026-04,0.000347,0.002117,0.00249,-0.00099327,-0.00027043,0.00076374
vol_ratio_5_20,72h,2026-05,0.003476,0.002615,0.003914,0.0013223,3.904e-05,0.0009978
vol_ratio_5_20,72h,2026-06,-0.006961,-0.001046,0.001073,-0.0055317,-0.00173422,-0.00037028
vol_ret_corr_20h,1h,2024-06,-0.008169,-0.008169,-0.008169,0.00025076,0.00025076,0.00025076
vol_ret_corr_20h,1h,2024-07,-0.019097,-0.013633,-0.013633,-6.716e-05,9.18e-05,9.18e-05
vol_ret_corr_20h,1h,2024-08,-0.03132,-0.019529,-0.019529,-0.00017011,4.5e-06,4.5e-06
vol_ret_corr_20h,1h,2024-09,-0.021964,-0.024127,-0.020138,5.986e-05,-5.914e-05,1.834e-05
vol_ret_corr_20h,1h,2024-10,-0.022784,-0.025356,-0.020667,-6.644e-05,-5.89e-05,1.38e-06
vol_ret_corr_20h,1h,2024-11,-0.026653,-0.023801,-0.021665,0.00013694,4.345e-05,2.398e-05
vol_ret_corr_20h,1h,2024-12,-0.025884,-0.025107,-0.024617,-4.285e-05,9.22e-06,-2.496e-05
vol_ret_corr_20h,1h,2025-01,-0.030517,-0.027685,-0.02652,-6.898e-05,8.37e-06,-2.526e-05
vol_ret_corr_20h,1h,2025-02,-0.020646,-0.025682,-0.024741,0.00017087,1.968e-05,3.157e-05
vol_ret_corr_20h,1h,2025-03,-0.020779,-0.023981,-0.024544,-9.632e-05,1.86e-06,5.54e-06
vol_ret_corr_20h,1h,2025-04,-0.012356,-0.017927,-0.022806,9.141e-05,5.532e-05,3.184e-05
vol_ret_corr_20h,1h,2025-05,-0.026418,-0.019851,-0.022767,-0.00019105,-6.532e-05,-2.282e-05
vol_ret_corr_20h,1h,2025-06,-0.021798,-0.020191,-0.022086,-1.06e-05,-3.675e-05,-1.745e-05
vol_ret_corr_20h,1h,2025-07,-0.020599,-0.022938,-0.020433,0.00020323,5.3e-07,2.792e-05
vol_ret_corr_20h,1h,2025-08,-0.0181,-0.020166,-0.020008,1.422e-05,6.895e-05,1.81e-06
vol_ret_corr_20h,1h,2025-09,-0.019186,-0.019295,-0.019743,0.00038894,0.00020213,8.269e-05
vol_ret_corr_20h,1h,2025-10,-0.020222,-0.01917,-0.021054,5.648e-05,0.00015321,7.687e-05
vol_ret_corr_20h,1h,2025-11,-0.024492,-0.0213,-0.020733,8.306e-05,0.00017616,0.00012256
vol_ret_corr_20h,1h,2025-12,-0.027188,-0.023968,-0.021631,-8.695e-05,1.753e-05,0.00010983
vol_ret_corr_20h,1h,2026-01,-0.029512,-0.027064,-0.023117,-0.0001559,-5.326e-05,4.998e-05
vol_ret_corr_20h,1h,2026-02,-0.016363,-0.024354,-0.022827,4.677e-05,-6.536e-05,5.54e-05
vol_ret_corr_20h,1h,2026-03,-0.010751,-0.018875,-0.021421,0.00026839,5.309e-05,3.531e-05
vol_ret_corr_20h,1h,2026-04,-0.015613,-0.014242,-0.020653,0.00011357,0.00014291,4.482e-05
vol_ret_corr_20h,1h,2026-05,-0.018618,-0.014994,-0.019674,-2.788e-05,0.00011803,2.633e-05
vol_ret_corr_20h,1h,2026-06,-0.009387,-0.014539,-0.016707,0.00046484,0.00018351,0.0001183
vol_ret_corr_20h,24h,2024-06,0.005896,0.005896,0.005896,0.00442343,0.00442343,0.00442343
vol_ret_corr_20h,24h,2024-07,-0.042557,-0.018331,-0.018331,-0.00100985,0.00170679,0.00170679
vol_ret_corr_20h,24h,2024-08,-0.053324,-0.029995,-0.029995,-0.0021373,0.00042543,0.00042543
vol_ret_corr_20h,24h,2024-09,-0.030052,-0.041978,-0.03001,0.00106082,-0.00069544,0.00058427
vol_ret_corr_20h,24h,2024-10,-0.037762,-0.040379,-0.03156,-0.0015796,-0.00088536,0.0001515
vol_ret_corr_20h,24h,2024-11,-0.05428,-0.040698,-0.035347,0.00338482,0.00095535,0.00069039
vol_ret_corr_20h,24h,2024-12,-0.027205,-0.039749,-0.040863,0.00087494,0.00089339,9.897e-05
vol_ret_corr_20h,24h,2025-01,-0.028127,-0.036537,-0.038458,0.00257737,0.00227904,0.00069684
vol_ret_corr_20h,24h,2025-02,-0.030893,-0.028742,-0.03472,0.0053818,0.0029447,0.00195002
vol_ret_corr_20h,24h,2025-03,-0.042573,-0.033864,-0.036807,-0.00194064,0.00200618,0.00144978
vol_ret_corr_20h,24h,2025-04,-0.027648,-0.033705,-0.035121,0.00429353,0.00257823,0.00242864
vol_ret_corr_20h,24h,2025-05,-0.057898,-0.042707,-0.035724,-0.00300191,-0.00021634,0.00136418
vol_ret_corr_20h,24h,2025-06,-0.053508,-0.046352,-0.040108,-0.00182265,-0.00017701,0.00091458
vol_ret_corr_20h,24h,2025-07,-0.054035,-0.055147,-0.044426,-0.00083264,-0.00188573,0.00034625
vol_ret_corr_20h,24h,2025-08,-0.041826,-0.04979,-0.046248,-0.00084102,-0.00116544,-0.00069089
vol_ret_corr_20h,24h,2025-09,-0.028105,-0.041322,-0.043837,0.00846527,0.00226387,0.00104343
vol_ret_corr_20h,24h,2025-10,-0.03975,-0.03656,-0.045854,0.00063086,0.0027517,0.00043298
vol_ret_corr_20h,24h,2025-11,-0.045678,-0.037845,-0.043817,0.00202177,0.00370597,0.00127027
vol_ret_corr_20h,24h,2025-12,-0.049667,-0.045032,-0.043177,-0.00368804,-0.00034514,0.00095937
vol_ret_corr_20h,24h,2026-01,-0.044282,-0.046542,-0.041551,4.538e-05,-0.0005403,0.0011057
vol_ret_corr_20h,24h,2026-02,-0.03984,-0.044596,-0.041221,-0.00051285,-0.00138517,0.0011604
vol_ret_corr_20h,24h,2026-03,-0.015294,-0.033139,-0.039085,0.00318479,0.00090577,0.00028032
vol_ret_corr_20h,24h,2026-04,-0.060958,-0.038697,-0.04262,-0.00014573,0.00084207,0.00015089
vol_ret_corr_20h,24h,2026-05,-0.02085,-0.032367,-0.038482,0.00241858,0.00181921,0.00021702
vol_ret_corr_20h,24h,2026-06,0.012931,-0.022959,-0.028049,0.01176207,0.00467831,0.00279204
vol_ret_corr_20h,4h,2024-06,-0.007846,-0.007846,-0.007846,0.00090792,0.00090792,0.00090792
vol_ret_corr_20h,4h,2024-07,-0.027952,-0.017899,-0.017899,-0.00029232,0.0003078,0.0003078
vol_ret_corr_20h,4h,2024-08,-0.040432,-0.02541,-0.02541,-0.00044578,5.661e-05,5.661e-05
vol_ret_corr_20h,4h,2024-09,-0.025601,-0.031328,-0.025458,0.00030016,-0.00014598,0.00011749
vol_ret_corr_20h,4h,2024-10,-0.031284,-0.032439,-0.026623,-0.00014379,-9.647e-05,6.524e-05
vol_ret_corr_20h,4h,2024-11,-0.037511,-0.031465,-0.028438,0.00066349,0.00027329,0.00016495
vol_ret_corr_20h,4h,2024-12,-0.035198,-0.034664,-0.032996,0.00028592,0.00026854,6.128e-05
vol_ret_corr_20h,4h,2025-01,-0.042644,-0.038451,-0.035445,-0.000201,0.00024947,7.65e-05
vol_ret_corr_20h,4h,2025-02,-0.02542,-0.034421,-0.032943,0.0005713,0.00021874,0.00024601
vol_ret_corr_20h,4h,2025-03,-0.032741,-0.033602,-0.034133,-0.00042862,-1.944e-05,0.00012455
vol_ret_corr_20h,4h,2025-04,-0.012492,-0.023551,-0.031001,0.00109137,0.00041135,0.00033041
vol_ret_corr_20h,4h,2025-05,-0.04266,-0.029298,-0.031859,-0.00063795,8.27e-06,0.0001135
vol_ret_corr_20h,4h,2025-06,-0.035079,-0.030077,-0.031839,-0.00040802,1.513e-05,-2.15e-06
vol_ret_corr_20h,4h,2025-07,-0.033275,-0.037005,-0.030278,0.00045793,-0.00019601,0.00010767
vol_ret_corr_20h,4h,2025-08,-0.022097,-0.03015,-0.029724,6.39e-06,1.877e-05,1.352e-05
vol_ret_corr_20h,4h,2025-09,-0.02749,-0.027621,-0.028849,0.00135251,0.00060561,0.00031037
vol_ret_corr_20h,4h,2025-10,-0.029193,-0.02626,-0.031632,0.00062677,0.00066189,0.00023294
vol_ret_corr_20h,4h,2025-11,-0.037731,-0.031471,-0.030811,1.814e-05,0.00066581,0.00034229
vol_ret_corr_20h,4h,2025-12,-0.046579,-0.037834,-0.032728,-0.00096054,-0.00010521,0.0002502
vol_ret_corr_20h,4h,2026-01,-0.037394,-0.040568,-0.033414,-0.00045117,-0.00046452,9.868e-05
vol_ret_corr_20h,4h,2026-02,-0.025019,-0.036331,-0.033901,0.00022574,-0.00039532,0.00013524
vol_ret_corr_20h,4h,2026-03,-0.01852,-0.026978,-0.032406,0.00091259,0.00022905,6.192e-05
vol_ret_corr_20h,4h,2026-04,-0.034136,-0.025892,-0.03323,0.00026902,0.00046912,2.3e-06
vol_ret_corr_20h,4h,2026-05,-0.030777,-0.027811,-0.032071,-0.00011422,0.0003558,-1.976e-05
vol_ret_corr_20h,4h,2026-06,-0.006579,-0.02383,-0.025404,0.00141698,0.00052393,0.00037649
vol_ret_corr_20h,72h,2024-06,-0.005573,-0.005573,-0.005573,0.00182371,0.00182371,0.00182371
vol_ret_corr_20h,72h,2024-07,-0.065946,-0.035759,-0.035759,-0.00605027,-0.00211328,-0.00211328
vol_ret_corr_20h,72h,2024-08,-0.064389,-0.045303,-0.045303,-0.01044188,-0.00488948,-0.00488948
vol_ret_corr_20h,72h,2024-09,-0.029217,-0.053184,-0.041281,0.00213308,-0.00478636,-0.00313384
vol_ret_corr_20h,72h,2024-10,-0.056596,-0.050067,-0.044344,-0.00575429,-0.0046877,-0.00365793
vol_ret_corr_20h,72h,2024-11,-0.033824,-0.039879,-0.042591,0.01014091,0.00217323,-0.00135812
vol_ret_corr_20h,72h,2024-12,-0.010767,-0.033729,-0.043456,0.00434926,0.00291196,-0.0009372
vol_ret_corr_20h,72h,2025-01,-0.044598,-0.02973,-0.039898,-0.00531578,0.00305813,-0.00081478
vol_ret_corr_20h,72h,2025-02,-0.049379,-0.034915,-0.037397,0.00288293,0.0006388,0.00140602
vol_ret_corr_20h,72h,2025-03,-0.031868,-0.041949,-0.037839,-0.00252892,-0.00165392,0.00062902
vol_ret_corr_20h,72h,2025-04,-0.008595,-0.029948,-0.029839,0.00869206,0.00301536,0.00303674
vol_ret_corr_20h,72h,2025-05,-0.034532,-0.024999,-0.029957,-0.00204977,0.00137112,0.00100496
vol_ret_corr_20h,72h,2025-06,-0.044095,-0.029074,-0.035511,0.00163548,0.00275926,0.00055267
vol_ret_corr_20h,72h,2025-07,-0.040619,-0.039749,-0.034848,0.00606447,0.00188339,0.00244938
vol_ret_corr_20h,72h,2025-08,-0.049686,-0.0448,-0.034899,0.01050963,0.00606986,0.00372049
vol_ret_corr_20h,72h,2025-09,-0.000629,-0.030312,-0.029693,0.01931078,0.01196163,0.00736044
vol_ret_corr_20h,72h,2025-10,-0.019381,-0.023232,-0.03149,0.00615435,0.01199159,0.00693749
vol_ret_corr_20h,72h,2025-11,-0.048793,-0.022934,-0.033867,-0.0054859,0.00665974,0.0063648
vol_ret_corr_20h,72h,2025-12,-0.056011,-0.041395,-0.035853,-0.00799857,-0.00244337,0.00475913
vol_ret_corr_20h,72h,2026-01,-0.015003,-0.039936,-0.031584,0.00864428,-0.0016134,0.0051891
vol_ret_corr_20h,72h,2026-02,-0.024136,-0.031717,-0.027326,-0.00285997,-0.00073809,0.00296083
vol_ret_corr_20h,72h,2026-03,-0.02475,-0.021297,-0.031346,0.00515255,0.00364562,0.00060112
vol_ret_corr_20h,72h,2026-04,-0.037572,-0.02882,-0.034378,0.0070441,0.00311223,0.00074942
vol_ret_corr_20h,72h,2026-05,-0.018061,-0.026794,-0.029256,0.00683826,0.00634497,0.00280344
vol_ret_corr_20h,72h,2026-06,-0.029994,-0.028542,-0.024919,0.00013745,0.00467327,0.00415945
vol_zscore_20h,1h,2024-06,0.01087,0.01087,0.01087,0.00026498,0.00026498,0.00026498
vol_zscore_20h,1h,2024-07,0.002094,0.006482,0.006482,0.00017285,0.00021892,0.00021892
vol_zscore_20h,1h,2024-08,-0.009654,0.001103,0.001103,8.611e-05,0.00017465,0.00017465
vol_zscore_20h,1h,2024-09,-0.016845,-0.008135,-0.003384,-3.141e-05,7.585e-05,0.00012313
vol_zscore_20h,1h,2024-10,-0.010151,-0.012217,-0.004737,4.717e-05,3.396e-05,0.00010794
vol_zscore_20h,1h,2024-11,-0.013826,-0.013607,-0.006252,0.00011829,4.468e-05,0.00010966
vol_zscore_20h,1h,2024-12,-0.009677,-0.011218,-0.009677,0.00018319,0.00011622,9.603e-05
vol_zscore_20h,1h,2025-01,-0.010719,-0.011407,-0.011812,-0.00031225,-3.59e-06,1.518e-05
vol_zscore_20h,1h,2025-02,-0.010092,-0.010163,-0.011885,-0.00023574,-0.0001216,-3.846e-05
vol_zscore_20h,1h,2025-03,0.000449,-0.006787,-0.009003,0.00020851,-0.00011316,1.53e-06
vol_zscore_20h,1h,2025-04,-0.009962,-0.006535,-0.008971,-3.895e-05,-2.206e-05,-1.282e-05
vol_zscore_20h,1h,2025-05,-0.006015,-0.005176,-0.007669,8.299e-05,8.418e-05,-1.871e-05
vol_zscore_20h,1h,2025-06,-0.004732,-0.006903,-0.006845,-8.394e-05,-1.33e-05,-6.323e-05
vol_zscore_20h,1h,2025-07,-0.013829,-0.008192,-0.007363,-9.096e-05,-3.064e-05,-2.635e-05
vol_zscore_20h,1h,2025-08,-0.005524,-0.008028,-0.006602,0.00014864,-8.75e-06,3.771e-05
vol_zscore_20h,1h,2025-09,-0.000282,-0.006545,-0.006724,0.00014194,6.654e-05,2.662e-05
vol_zscore_20h,1h,2025-10,-0.006568,-0.004125,-0.006158,0.00017066,0.00015375,6.156e-05
vol_zscore_20h,1h,2025-11,-0.008118,-0.00499,-0.006509,0.00016218,0.00015826,7.475e-05
vol_zscore_20h,1h,2025-12,-0.013147,-0.009278,-0.007911,-0.00030453,9.44e-06,3.799e-05
vol_zscore_20h,1h,2026-01,-0.005206,-0.008824,-0.006474,0.00014529,9.8e-07,7.736e-05
vol_zscore_20h,1h,2026-02,-0.002355,-0.006903,-0.005946,0.0001597,1.5e-07,7.921e-05
vol_zscore_20h,1h,2026-03,0.003301,-0.00142,-0.005349,0.00038748,0.00023082,0.00012013
vol_zscore_20h,1h,2026-04,-0.001533,-0.000196,-0.00451,0.00038579,0.00031099,0.00015599
vol_zscore_20h,1h,2026-05,-0.00763,-0.001954,-0.004428,-7.599e-05,0.00023243,0.00011629
vol_zscore_20h,1h,2026-06,-0.011506,-0.00689,-0.004155,6.392e-05,0.00012457,0.0001777
vol_zscore_20h,24h,2024-06,-0.008633,-0.008633,-0.008633,-0.00181261,-0.00181261,-0.00181261
vol_zscore_20h,24h,2024-07,-0.002845,-0.005739,-0.005739,-4.19e-05,-0.00092726,-0.00092726
vol_zscore_20h,24h,2024-08,-0.008323,-0.006601,-0.006601,0.00044938,-0.00046838,-0.00046838
vol_zscore_20h,24h,2024-09,0.007423,-0.001248,-0.003095,0.0007821,0.00039653,-0.00015576
vol_zscore_20h,24h,2024-10,0.009923,0.003008,-0.000491,0.00050259,0.00057802,-2.409e-05
vol_zscore_20h,24h,2024-11,-0.009566,0.002594,-0.002003,0.00041017,0.00056495,4.829e-05
vol_zscore_20h,24h,2024-12,-0.002388,-0.000677,-0.000963,0.00068129,0.00053135,0.00046394
vol_zscore_20h,24h,2025-01,0.004112,-0.002614,0.000197,-7.731e-05,0.00033805,0.00045804
vol_zscore_20h,24h,2025-02,-0.007131,-0.001803,0.000396,-0.00163248,-0.00034283,0.00011106
vol_zscore_20h,24h,2025-03,-0.001805,-0.001608,-0.001143,-0.00015765,-0.00062248,-4.556e-05
vol_zscore_20h,24h,2025-04,0.000479,-0.002819,-0.002717,0.00155964,-7.683e-05,0.00013061
vol_zscore_20h,24h,2025-05,-0.014892,-0.005406,-0.003604,-0.00044038,0.00032054,-1.115e-05
vol_zscore_20h,24h,2025-06,0.00489,-0.003174,-0.002391,0.00057026,0.00056317,-2.965e-05
vol_zscore_20h,24h,2025-07,0.005402,-0.001533,-0.002176,0.00023694,0.00012227,2.272e-05
vol_zscore_20h,24h,2025-08,0.014465,0.008252,0.001423,0.00318002,0.00132907,0.0008248
vol_zscore_20h,24h,2025-09,0.008746,0.009537,0.003182,0.00016843,0.00119513,0.00087915
vol_zscore_20h,24h,2025-10,-0.001277,0.007311,0.002889,-2.96e-05,0.00110628,0.00061428
vol_zscore_20h,24h,2025-11,-0.004828,0.00088,0.004566,-0.00091159,-0.00025759,0.00053574
vol_zscore_20h,24h,2025-12,-0.011777,-0.005961,0.001788,-0.00192046,-0.00095388,0.00012062
vol_zscore_20h,24h,2026-01,-0.010786,-0.009131,-0.00091,0.00026346,-0.0008562,0.00012504
vol_zscore_20h,24h,2026-02,-0.008794,-0.010453,-0.004786,-0.00047554,-0.00071085,-0.00048422
vol_zscore_20h,24h,2026-03,0.011785,-0.002598,-0.00428,0.00274849,0.00084547,-5.421e-05
vol_zscore_20h,24h,2026-04,-0.005873,-0.000961,-0.005046,0.002968,0.00174698,0.00044539
vol_zscore_20h,24h,2026-05,-0.006861,-0.000316,-0.005384,0.00068208,0.00213286,0.00071101
vol_zscore_20h,24h,2026-06,0.009778,-0.000985,-0.001792,0.00253592,0.002062,0.00145374
vol_zscore_20h,4h,2024-06,0.014542,0.014542,0.014542,0.00073441,0.00073441,0.00073441
vol_zscore_20h,4h,2024-07,-0.00622,0.004161,0.004161,0.00012571,0.00043006,0.00043006
vol_zscore_20h,4h,2024-08,-0.017938,-0.003206,-0.003206,-0.00046498,0.00013171,0.00013171
vol_zscore_20h,4h,2024-09,-0.013548,-0.012569,-0.005791,-6.515e-05,-0.00013481,8.25e-05
vol_zscore_20h,4h,2024-10,-0.001215,-0.0109,-0.004876,0.00029767,-7.749e-05,0.00012553
vol_zscore_20h,4h,2024-11,-0.010448,-0.008403,-0.005805,0.00054019,0.00025757,0.00019464
vol_zscore_20h,4h,2024-12,-0.006772,-0.006145,-0.009357,0.00031861,0.00038549,0.00012534
vol_zscore_20h,4h,2025-01,-0.009989,-0.00907,-0.009985,-0.0003672,0.00016387,4.319e-05
vol_zscore_20h,4h,2025-02,-0.009296,-0.008686,-0.008545,-0.00038646,-0.00014502,5.628e-05
vol_zscore_20h,4h,2025-03,-0.003831,-0.007705,-0.006925,0.00038432,-0.00012311,0.00013119
vol_zscore_20h,4h,2025-04,-0.011014,-0.008047,-0.008558,-0.00036878,-0.00012364,2.011e-05
vol_zscore_20h,4h,2025-05,-0.005611,-0.006819,-0.007752,0.00053373,0.00018309,1.904e-05
vol_zscore_20h,4h,2025-06,-0.004867,-0.007164,-0.007435,-0.00023575,-2.36e-05,-7.336e-05
vol_zscore_20h,4h,2025-07,-0.01366,-0.008046,-0.008047,-0.00032493,-8.98e-06,-6.631e-05
vol_zscore_20h,4h,2025-08,-0.000602,-0.006377,-0.006598,0.00010967,-0.00015034,1.638e-05
vol_zscore_20h,4h,2025-09,0.001463,-0.004267,-0.005715,0.00028326,2.267e-05,-4.7e-07
vol_zscore_20h,4h,2025-10,-0.009131,-0.002757,-0.005402,0.00119316,0.0005287,0.00025986
vol_zscore_20h,4h,2025-11,-0.009779,-0.005816,-0.006096,-0.00020738,0.00042301,0.00013634
vol_zscore_20h,4h,2025-12,-0.019021,-0.012644,-0.008455,-0.00080797,5.927e-05,4.097e-05
vol_zscore_20h,4h,2026-01,-0.004176,-0.010992,-0.006874,0.00053886,-0.00015883,0.00018493
vol_zscore_20h,4h,2026-02,-0.010047,-0.011082,-0.008449,0.00067912,0.00013667,0.00027984
vol_zscore_20h,4h,2026-03,-0.002358,-0.005527,-0.009085,0.00064346,0.00062048,0.00033987
vol_zscore_20h,4h,2026-04,-0.004274,-0.00556,-0.008276,0.00083838,0.00072032,0.00028074
vol_zscore_20h,4h,2026-05,-0.012965,-0.006532,-0.008807,-0.00010029,0.00046052,0.00029859
vol_zscore_20h,4h,2026-06,-0.005429,-0.007556,-0.006542,-2.122e-05,0.00023896,0.00042972
vol_zscore_20h,72h,2024-06,0.001868,0.001868,0.001868,-0.00087709,-0.00087709,-0.00087709
vol_zscore_20h,72h,2024-07,0.003662,0.002765,0.002765,-2.577e-05,-0.00045143,-0.00045143
vol_zscore_20h,72h,2024-08,0.0001,0.001877,0.001877,1.85e-06,-0.00030034,-0.00030034
vol_zscore_20h,72h,2024-09,0.003981,0.002581,0.002403,0.00151836,0.00049815,0.00015434
vol_zscore_20h,72h,2024-10,0.005385,0.003155,0.002999,0.00035461,0.00062494,0.00019439
vol_zscore_20h,72h,2024-11,0.007098,0.005488,0.003682,0.00111441,0.00099579,0.00034773
vol_zscore_20h,72h,2024-12,-0.005679,0.002268,0.002425,-0.00022025,0.00041626,0.0004572
vol_zscore_20h,72h,2025-01,0.006161,0.002527,0.002841,-0.00125149,-0.00011911,0.00025291
vol_zscore_20h,72h,2025-02,-0.003348,-0.000955,0.002266,0.00068634,-0.0002618,0.000367
vol_zscore_20h,72h,2025-03,-0.006269,-0.001152,0.000558,-0.00325449,-0.00127321,-0.00042848
vol_zscore_20h,72h,2025-04,-0.001271,-0.003629,-0.000551,0.00352184,0.0003179,9.939e-05
vol_zscore_20h,72h,2025-05,0.004744,-0.000932,-0.000944,0.0025166,0.00092798,0.00033309
vol_zscore_20h,72h,2025-06,0.00132,0.001598,0.000223,-0.00059249,0.00181532,0.00027105
vol_zscore_20h,72h,2025-07,0.00277,0.002945,-0.000342,0.00195489,0.001293,0.00080545
vol_zscore_20h,72h,2025-08,0.007435,0.003842,0.001455,0.01733303,0.00623181,0.0035799
vol_zscore_20h,72h,2025-09,0.004478,0.004894,0.003246,0.00128535,0.00685776,0.00433654
vol_zscore_20h,72h,2025-10,-0.003878,0.002678,0.002812,-0.00787242,0.00358199,0.00243749
vol_zscore_20h,72h,2025-11,-0.004391,-0.001263,0.001289,0.0031838,-0.00113442,0.00254869
vol_zscore_20h,72h,2025-12,-0.009588,-0.005952,-0.000529,-0.00462981,-0.00310614,0.00187581
vol_zscore_20h,72h,2026-01,-0.001637,-0.005205,-0.001263,0.00209764,0.00021721,0.0018996
vol_zscore_20h,72h,2026-02,-0.00334,-0.004855,-0.003059,-0.00066692,-0.00106636,-0.00110039
vol_zscore_20h,72h,2026-03,0.004942,-1.1e-05,-0.002982,0.00043829,0.000623,-0.00124157
vol_zscore_20h,72h,2026-04,-0.003015,-0.000471,-0.002838,0.00677534,0.00218224,0.00119972
vol_zscore_20h,72h,2026-05,0.007098,0.003008,-0.000923,0.00424689,0.00382017,0.00137691
vol_zscore_20h,72h,2026-06,-0.002595,0.000496,0.000242,-0.00255058,0.00282388,0.00172344
vol_zscore_48h,1h,2024-06,0.007176,0.007176,0.007176,9.744e-05,9.744e-05,9.744e-05
vol_zscore_48h,1h,2024-07,0.000719,0.003948,0.003948,0.00011837,0.0001079,0.0001079
vol_zscore_48h,1h,2024-08,-0.0153,-0.002468,-0.002468,-3.49e-06,7.077e-05,7.077e-05
vol_zscore_48h,1h,2024-09,-0.013771,-0.009451,-0.005294,7.962e-05,6.483e-05,7.298e-05
vol_zscore_48h,1h,2024-10,-0.011107,-0.013393,-0.006456,7.519e-05,5.044e-05,7.343e-05
vol_zscore_48h,1h,2024-11,-0.016667,-0.013848,-0.008158,0.00011246,8.909e-05,7.993e-05
vol_zscore_48h,1h,2024-12,-0.012411,-0.013395,-0.011423,0.00026054,0.0001494,0.00010712
vol_zscore_48h,1h,2025-01,-0.01104,-0.013373,-0.013383,-0.00014312,7.663e-05,6.353e-05
vol_zscore_48h,1h,2025-02,-0.013443,-0.012298,-0.013073,-0.00031849,-6.702e-05,1.103e-05
vol_zscore_48h,1h,2025-03,-0.003954,-0.009479,-0.011437,8.518e-05,-0.00012548,1.196e-05
vol_zscore_48h,1h,2025-04,-0.007511,-0.008303,-0.010838,3.93e-06,-7.646e-05,8e-08
vol_zscore_48h,1h,2025-05,-0.005909,-0.005791,-0.009045,-1.264e-05,2.549e-05,-2.077e-05
vol_zscore_48h,1h,2025-06,-0.001234,-0.004885,-0.007182,-6.047e-05,-2.306e-05,-7.427e-05
vol_zscore_48h,1h,2025-07,-0.012291,-0.006478,-0.00739,-1.131e-05,-2.814e-05,-5.23e-05
vol_zscore_48h,1h,2025-08,-0.006684,-0.006736,-0.006264,0.00010568,1.13e-05,1.839e-05
vol_zscore_48h,1h,2025-09,0.001288,-0.005895,-0.00539,0.00026788,0.00012075,4.885e-05
vol_zscore_48h,1h,2025-10,-0.006576,-0.00399,-0.005234,0.00019334,0.00018897,8.041e-05
vol_zscore_48h,1h,2025-11,-0.009123,-0.004803,-0.00577,8.992e-05,0.00018371,9.751e-05
vol_zscore_48h,1h,2025-12,-0.01403,-0.00991,-0.007902,-0.00031284,-9.86e-06,5.544e-05
vol_zscore_48h,1h,2026-01,-0.007025,-0.010059,-0.007025,3.126e-05,-6.389e-05,6.254e-05
vol_zscore_48h,1h,2026-02,-0.00391,-0.008322,-0.006563,9.002e-05,-6.385e-05,5.993e-05
vol_zscore_48h,1h,2026-03,0.006828,-0.001369,-0.005639,0.00051155,0.00021094,0.00010054
vol_zscore_48h,1h,2026-04,-0.005666,-0.000916,-0.005488,0.00041447,0.00033868,0.0001374
vol_zscore_48h,1h,2026-05,-0.006551,-0.001797,-0.005059,0.0001015,0.00034251,0.00013933
vol_zscore_48h,1h,2026-06,-0.003789,-0.005335,-0.003352,7.347e-05,0.00019648,0.00020371
vol_zscore_48h,24h,2024-06,-0.008159,-0.008159,-0.008159,-0.00244322,-0.00244322,-0.00244322
vol_zscore_48h,24h,2024-07,0.005772,-0.001193,-0.001193,0.00099882,-0.0007222,-0.0007222
vol_zscore_48h,24h,2024-08,-0.000964,-0.001117,-0.001117,0.0004682,-0.0003254,-0.0003254
vol_zscore_48h,24h,2024-09,0.011132,0.005314,0.001945,0.00108651,0.00085118,2.758e-05
vol_zscore_48h,24h,2024-10,-0.001221,0.002982,0.001312,-5.789e-05,0.00049894,1.048e-05
vol_zscore_48h,24h,2024-11,-0.015959,-0.002016,-0.001566,0.00047093,0.00049985,8.723e-05
vol_zscore_48h,24h,2024-12,-0.009159,-0.00878,-0.001733,0.00027061,0.00022788,0.00053953
vol_zscore_48h,24h,2025-01,0.006139,-0.006327,-0.001672,0.00035325,0.00036493,0.00043193
vol_zscore_48h,24h,2025-02,-0.019603,-0.007541,-0.004779,-0.00285092,-0.00074235,-0.00012125
vol_zscore_48h,24h,2025-03,-0.008286,-0.00725,-0.008015,-0.00126655,-0.00125474,-0.00051343
vol_zscore_48h,24h,2025-04,-0.002553,-0.010147,-0.008237,0.00330467,-0.00027093,4.7e-05
vol_zscore_48h,24h,2025-05,-0.012666,-0.007835,-0.007688,-0.00099034,0.00034926,-0.00019655
vol_zscore_48h,24h,2025-06,0.000798,-0.004807,-0.006028,-0.00025383,0.00068683,-0.00028395
vol_zscore_48h,24h,2025-07,0.000847,-0.003673,-0.00691,0.00056959,-0.00022486,-0.0002479
vol_zscore_48h,24h,2025-08,0.008194,0.00328,-0.002278,0.00463539,0.00165038,0.00099982
vol_zscore_48h,24h,2025-09,0.007901,0.005647,0.00042,0.0027023,0.00263576,0.0016613
vol_zscore_48h,24h,2025-10,-0.01087,0.001742,-0.000966,-0.00311165,0.00140868,0.00059191
vol_zscore_48h,24h,2025-11,-0.023152,-0.008707,-0.002714,-0.00092094,-0.00044343,0.00060348
vol_zscore_48h,24h,2025-12,-0.026291,-0.020104,-0.007229,-0.00398138,-0.00267132,-1.778e-05
vol_zscore_48h,24h,2026-01,-0.013701,-0.021048,-0.009653,0.0006502,-0.00141737,-4.35e-06
vol_zscore_48h,24h,2026-02,-0.016017,-0.01867,-0.013688,-0.00168773,-0.00167297,-0.0010582
vol_zscore_48h,24h,2026-03,0.018406,-0.003771,-0.011938,0.00425499,0.00107249,-0.00079942
vol_zscore_48h,24h,2026-04,-0.01677,-0.004794,-0.012921,0.00517188,0.00257971,0.00058117
vol_zscore_48h,24h,2026-05,-0.001533,3.4e-05,-0.009318,0.00244705,0.00395797,0.0011425
vol_zscore_48h,24h,2026-06,0.010695,-0.002536,-0.003154,0.0026799,0.00343294,0.00225272
vol_zscore_48h,4h,2024-06,0.011507,0.011507,0.011507,0.00031416,0.00031416,0.00031416
vol_zscore_48h,4h,2024-07,-0.005876,0.002815,0.002815,6.8e-06,0.00016048,0.00016048
vol_zscore_48h,4h,2024-08,-0.0196,-0.004656,-0.004656,-0.00040076,-2.66e-05,-2.66e-05
vol_zscore_48h,4h,2024-09,-0.004205,-0.009894,-0.004544,0.0003461,-1.595e-05,6.658e-05
vol_zscore_48h,4h,2024-10,-0.003902,-0.009236,-0.004415,0.0002914,7.891e-05,0.00011154
vol_zscore_48h,4h,2024-11,-0.016166,-0.008091,-0.006374,0.00062638,0.00042129,0.00019735
vol_zscore_48h,4h,2024-12,-0.01301,-0.011026,-0.01046,0.00029066,0.00040281,0.00019343
vol_zscore_48h,4h,2025-01,-0.010018,-0.013065,-0.01115,-0.00026103,0.00021867,0.00014879
vol_zscore_48h,4h,2025-02,-0.014611,-0.012546,-0.010319,-0.00069786,-0.00022274,9.928e-05
vol_zscore_48h,4h,2025-03,-0.01315,-0.012593,-0.011809,-0.00016602,-0.00037497,1.392e-05
vol_zscore_48h,4h,2025-04,-0.006708,-0.01149,-0.012277,0.00023179,-0.0002107,3.99e-06
vol_zscore_48h,4h,2025-05,-0.011948,-0.010602,-0.011574,3.141e-05,3.239e-05,-9.518e-05
vol_zscore_48h,4h,2025-06,-0.000663,-0.006439,-0.009516,-0.00017449,2.957e-05,-0.0001727
vol_zscore_48h,4h,2025-07,-0.011913,-0.008174,-0.009832,2.748e-05,-3.853e-05,-0.00012462
vol_zscore_48h,4h,2025-08,-0.003837,-0.005471,-0.008036,0.00019469,1.589e-05,2.414e-05
vol_zscore_48h,4h,2025-09,0.00409,-0.003887,-0.005163,0.00067357,0.00029858,0.00016407
vol_zscore_48h,4h,2025-10,-0.012815,-0.004187,-0.006181,0.00082478,0.00056435,0.00026291
vol_zscore_48h,4h,2025-11,-0.012805,-0.007177,-0.006324,-0.00017831,0.00044001,0.00022795
vol_zscore_48h,4h,2025-12,-0.025225,-0.016948,-0.010418,-0.00128089,-0.00021147,4.355e-05
vol_zscore_48h,4h,2026-01,-0.009366,-0.015799,-0.009993,0.000447,-0.0003374,0.00011347
vol_zscore_48h,4h,2026-02,-0.014084,-0.016225,-0.011701,0.00030623,-0.00017589,0.00013206
vol_zscore_48h,4h,2026-03,-0.000633,-0.008028,-0.012488,0.00098517,0.00057947,0.000184
vol_zscore_48h,4h,2026-04,-0.009753,-0.008157,-0.011978,0.00114619,0.00081253,0.00023757
vol_zscore_48h,4h,2026-05,-0.012202,-0.007529,-0.011877,0.00011242,0.00074793,0.00028602
vol_zscore_48h,4h,2026-06,0.003269,-0.006229,-0.007128,0.00076136,0.00067332,0.00062639
vol_zscore_48h,72h,2024-06,0.015603,0.015603,0.015603,0.00104648,0.00104648,0.00104648
vol_zscore_48h,72h,2024-07,0.007471,0.011537,0.011537,9.66e-05,0.00057154,0.00057154
vol_zscore_48h,72h,2024-08,-0.001726,0.007116,0.007116,-0.00101387,4.307e-05,4.307e-05
vol_zscore_48h,72h,2024-09,-0.001056,0.001563,0.005073,0.00076903,-4.941e-05,0.00022456
vol_zscore_48h,72h,2024-10,-0.00073,-0.001171,0.003912,-0.00017908,-0.00014131,0.00014383
vol_zscore_48h,72h,2024-11,0.004626,0.000947,0.004031,0.00242911,0.00100635,0.00052471
vol_zscore_48h,72h,2024-12,-0.013203,-0.003102,-0.00077,-0.00068161,0.00052281,0.0002367
vol_zscore_48h,72h,2025-01,0.00102,-0.002519,-0.001845,-0.00374012,-0.00066421,-0.00040276
vol_zscore_48h,72h,2025-02,-0.004945,-0.005709,-0.002381,0.00088277,-0.00117965,-8.665e-05
vol_zscore_48h,72h,2025-03,-0.016145,-0.00669,-0.004896,-0.00619017,-0.00301584,-0.00124652
vol_zscore_48h,72h,2025-04,0.003865,-0.005742,-0.004131,0.00717977,0.00062412,-2.004e-05
vol_zscore_48h,72h,2025-05,0.008768,-0.001171,-0.00344,0.00495752,0.00198237,0.00040136
vol_zscore_48h,72h,2025-06,0.005389,0.006007,-0.000342,0.00021424,0.00411718,0.00055067
vol_zscore_48h,72h,2025-07,0.00139,0.005182,-0.00028,0.00308149,0.00275108,0.0016876
vol_zscore_48h,72h,2025-08,0.002854,0.003211,0.00102,0.01952342,0.00760638,0.00479438
vol_zscore_48h,72h,2025-09,0.000995,0.001746,0.003877,0.00590457,0.00950316,0.00681017
vol_zscore_48h,72h,2025-10,-0.012525,-0.002892,0.001145,-0.01462237,0.00360187,0.00317648
vol_zscore_48h,72h,2025-11,-0.013374,-0.008301,-0.002545,0.00683321,-0.0006282,0.00348909
vol_zscore_48h,72h,2025-12,-0.021891,-0.01593,-0.007092,-0.00913717,-0.00564211,0.00193052
vol_zscore_48h,72h,2026-01,0.006029,-0.009745,-0.006319,0.00403311,0.00057638,0.00208913
vol_zscore_48h,72h,2026-02,-0.004977,-0.006946,-0.007624,-0.00117804,-0.00209403,-0.00136112
vol_zscore_48h,72h,2026-03,0.007322,0.002791,-0.006569,0.00295666,0.00193724,-0.00185243
vol_zscore_48h,72h,2026-04,-0.012192,-0.003282,-0.006514,0.0133445,0.00504104,0.00280871
vol_zscore_48h,72h,2026-05,0.01643,0.003854,-0.001546,0.00800499,0.00810205,0.00300401
vol_zscore_48h,72h,2026-06,-0.009626,-0.001796,0.000498,-0.00408225,0.00575575,0.0038465
volatility_20h,1h,2024-06,-0.058808,-0.058808,-0.058808,0.00018958,0.00018958,0.00018958
volatility_20h,1h,2024-07,-0.04671,-0.052759,-0.052759,7.806e-05,0.00013382,0.00013382
volatility_20h,1h,2024-08,-0.051637,-0.052385,-0.052385,0.00025871,0.00017545,0.00017545
volatility_20h,1h,2024-09,-0.032452,-0.0436,-0.047402,-0.00025552,2.708e-05,6.771e-05
volatility_20h,1h,2024-10,-0.042906,-0.042332,-0.046502,-1.359e-05,-3.47e-06,5.145e-05
volatility_20h,1h,2024-11,-0.042016,-0.039124,-0.045755,2.286e-05,-8.208e-05,4.668e-05
volatility_20h,1h,2024-12,-0.043093,-0.042672,-0.043136,0.00019182,6.703e-05,4.706e-05
volatility_20h,1h,2025-01,-0.077224,-0.054111,-0.048221,0.0006029,0.00027253,0.00013453
volatility_20h,1h,2025-02,-0.039827,-0.053382,-0.046253,0.00013115,0.00030862,0.00011327
volatility_20h,1h,2025-03,-0.03856,-0.05187,-0.047271,0.00027313,0.00033573,0.00020138
volatility_20h,1h,2025-04,-0.023416,-0.033934,-0.044023,-0.00035165,1.754e-05,0.00014503
volatility_20h,1h,2025-05,-0.039563,-0.033846,-0.043614,-4.753e-05,-4.202e-05,0.0001333
volatility_20h,1h,2025-06,-0.036035,-0.033004,-0.042437,0.00015843,-8.025e-05,0.00012774
volatility_20h,1h,2025-07,-0.034392,-0.036663,-0.035299,-5.867e-05,1.741e-05,1.748e-05
volatility_20h,1h,2025-08,-0.035016,-0.035148,-0.034497,-0.00031072,-7.032e-05,-5.617e-05
volatility_20h,1h,2025-09,-0.034974,-0.034794,-0.033899,-0.00051456,-0.00029465,-0.00018745
volatility_20h,1h,2025-10,-0.034063,-0.034684,-0.035674,-0.0005729,-0.00046606,-0.00022432
volatility_20h,1h,2025-11,-0.043862,-0.037633,-0.03639,1.977e-05,-0.0003559,-0.00021311
volatility_20h,1h,2025-12,-0.031249,-0.036391,-0.035593,-0.0002837,-0.00027894,-0.0002868
volatility_20h,1h,2026-01,-0.038795,-0.037969,-0.036326,6.65e-05,-6.581e-05,-0.00026594
volatility_20h,1h,2026-02,-0.022061,-0.030702,-0.034167,-1.255e-05,-7.658e-05,-0.00021624
volatility_20h,1h,2026-03,-0.024641,-0.028499,-0.032445,-8.509e-05,-1.038e-05,-0.00014466
volatility_20h,1h,2026-04,-0.031417,-0.02604,-0.032004,-0.0004738,-0.00019048,-0.00012815
volatility_20h,1h,2026-05,-0.033775,-0.029944,-0.030323,-0.00025347,-0.00027079,-0.00017369
volatility_20h,1h,2026-06,-0.019971,-0.028387,-0.028443,-0.00043167,-0.00038631,-0.00019835
volatility_20h,24h,2024-06,-0.151465,-0.151465,-0.151465,0.00579931,0.00579931,0.00579931
volatility_20h,24h,2024-07,-0.093936,-0.1227,-0.1227,0.00099735,0.00339833,0.00339833
volatility_20h,24h,2024-08,-0.122085,-0.122495,-0.122495,0.00426833,0.00368833,0.00368833
volatility_20h,24h,2024-09,-0.027836,-0.081286,-0.098831,-0.00514706,3.954e-05,0.00147948
volatility_20h,24h,2024-10,-0.105656,-0.085192,-0.100196,0.00051988,-0.00011962,0.00128756
volatility_20h,24h,2024-11,-0.097149,-0.07688,-0.099688,-0.00218768,-0.00227162,0.00070836
volatility_20h,24h,2024-12,-0.098622,-0.100475,-0.090881,0.00193865,9.028e-05,6.491e-05
volatility_20h,24h,2025-01,-0.144538,-0.113436,-0.099314,0.01051471,0.00342189,0.00165114
volatility_20h,24h,2025-02,-0.092114,-0.111758,-0.094319,-0.0012165,0.00374562,0.000737
volatility_20h,24h,2025-03,-0.109929,-0.115527,-0.108001,0.00473224,0.00467682,0.00238355
volatility_20h,24h,2025-04,-0.035857,-0.0793,-0.096368,-0.00681051,-0.00109826,0.00116182
volatility_20h,24h,2025-05,-0.086065,-0.077284,-0.094521,-0.00037941,-0.00081923,0.0014632
volatility_20h,24h,2025-06,-0.070852,-0.064258,-0.089893,0.00255822,-0.0015439,0.00156646
volatility_20h,24h,2025-07,-0.093747,-0.083555,-0.081427,-0.00176339,0.00013847,-0.00047989
volatility_20h,24h,2025-08,-0.099494,-0.088031,-0.082657,-0.00558539,-0.00159685,-0.00120804
volatility_20h,24h,2025-09,-0.064903,-0.086048,-0.075153,-0.01138054,-0.00624311,-0.0038935
volatility_20h,24h,2025-10,-0.084794,-0.083064,-0.083309,-0.01256102,-0.00984232,-0.00485192
volatility_20h,24h,2025-11,-0.12702,-0.092239,-0.090135,0.00039121,-0.00785012,-0.00472349
volatility_20h,24h,2025-12,-0.048906,-0.086907,-0.086477,-0.00532252,-0.00583078,-0.00603694
volatility_20h,24h,2026-01,-0.099489,-0.091805,-0.087434,-0.0009361,-0.0019558,-0.00589906
volatility_20h,24h,2026-02,-0.070212,-0.072869,-0.082554,0.00091899,-0.00177988,-0.004815
volatility_20h,24h,2026-03,-0.076665,-0.082122,-0.084514,-0.00121563,-0.00041091,-0.00312084
volatility_20h,24h,2026-04,-0.080382,-0.075753,-0.083779,-0.01224141,-0.00417935,-0.00306758
volatility_20h,24h,2026-05,-0.074295,-0.077114,-0.074992,-0.00582783,-0.00642829,-0.00410408
volatility_20h,24h,2026-06,-0.036711,-0.063796,-0.072959,-0.00626772,-0.00811232,-0.00426162
volatility_20h,4h,2024-06,-0.077356,-0.077356,-0.077356,0.00079663,0.00079663,0.00079663
volatility_20h,4h,2024-07,-0.063746,-0.070551,-0.070551,0.00024523,0.00052093,0.00052093
volatility_20h,4h,2024-08,-0.072043,-0.071048,-0.071048,0.00106507,0.00070231,0.00070231
volatility_20h,4h,2024-09,-0.033542,-0.056444,-0.061672,-0.00128611,8.06e-06,0.0002052
volatility_20h,4h,2024-10,-0.061641,-0.055742,-0.061666,-4.767e-05,-8.957e-05,0.00015463
volatility_20h,4h,2024-11,-0.064689,-0.053291,-0.06217,8.543e-05,-0.00041612,0.0001431
volatility_20h,4h,2024-12,-0.072107,-0.066146,-0.061295,0.00065095,0.00022957,0.00011882
volatility_20h,4h,2025-01,-0.102639,-0.079812,-0.067777,0.0021234,0.00095326,0.00043184
volatility_20h,4h,2025-02,-0.050624,-0.075124,-0.064207,0.00036545,0.0010466,0.00031524
volatility_20h,4h,2025-03,-0.068024,-0.073762,-0.069954,0.00106069,0.00118318,0.00070638
volatility_20h,4h,2025-04,-0.033822,-0.050823,-0.065318,-0.00132677,3.312e-05,0.00049319
volatility_20h,4h,2025-05,-0.058893,-0.05358,-0.064352,0.00013334,-4.425e-05,0.00050118
volatility_20h,4h,2025-06,-0.051137,-0.047951,-0.060857,0.00052493,-0.00022283,0.00048017
volatility_20h,4h,2025-07,-0.056283,-0.055438,-0.05313,-0.00014654,0.00017058,0.00010185
volatility_20h,4h,2025-08,-0.055062,-0.054161,-0.05387,-0.00126133,-0.00029431,-0.00016928
volatility_20h,4h,2025-09,-0.049602,-0.053649,-0.0508,-0.00192173,-0.00110987,-0.00066635
volatility_20h,4h,2025-10,-0.050623,-0.051762,-0.0536,-0.00212933,-0.0017708,-0.00080011
volatility_20h,4h,2025-11,-0.071679,-0.057301,-0.055731,-2.143e-05,-0.0013575,-0.00082591
volatility_20h,4h,2025-12,-0.042019,-0.054774,-0.054211,-0.001107,-0.00108592,-0.00109789
volatility_20h,4h,2026-01,-0.058334,-0.057344,-0.054553,0.00010618,-0.00034075,-0.00105577
volatility_20h,4h,2026-02,-0.036497,-0.045617,-0.051459,-0.00026908,-0.0004233,-0.0008904
volatility_20h,4h,2026-03,-0.047238,-0.047356,-0.051065,-0.00021008,-0.00012433,-0.00060512
volatility_20h,4h,2026-04,-0.05416,-0.045965,-0.051655,-0.00182816,-0.00076911,-0.00055493
volatility_20h,4h,2026-05,-0.054257,-0.051885,-0.048751,-0.00107623,-0.00103816,-0.00073073
volatility_20h,4h,2026-06,-0.024347,-0.044255,-0.045806,-0.00130203,-0.00140214,-0.00076323
volatility_20h,72h,2024-06,-0.188221,-0.188221,-0.188221,0.01648595,0.01648595,0.01648595
volatility_20h,72h,2024-07,-0.120576,-0.154399,-0.154399,0.00253192,0.00950893,0.00950893
volatility_20h,72h,2024-08,-0.139922,-0.149573,-0.149573,0.01267993,0.01056593,0.01056593
volatility_20h,72h,2024-09,0.012038,-0.08282,-0.10917,-0.01303054,0.0007271,0.00466681
volatility_20h,72h,2024-10,-0.122052,-0.083312,-0.111747,0.00310964,0.00091968,0.00435538
volatility_20h,72h,2024-11,-0.061915,-0.057309,-0.103441,-0.00919265,-0.00637118,0.00209737
volatility_20h,72h,2024-12,-0.106973,-0.09698,-0.0899,0.00197698,-0.00136868,-0.00032079
volatility_20h,72h,2025-01,-0.213502,-0.127463,-0.105387,0.03562413,0.00946949,0.00519458
volatility_20h,72h,2025-02,-0.083142,-0.134539,-0.095924,-0.00782535,0.00992525,0.00177703
volatility_20h,72h,2025-03,-0.152034,-0.149559,-0.12327,0.01684549,0.01488142,0.00675637
volatility_20h,72h,2025-04,-0.008195,-0.081124,-0.104293,-0.01880809,-0.00326265,0.00310342
volatility_20h,72h,2025-05,-0.100371,-0.086867,-0.110703,-0.0048609,-0.0022745,0.00382538
volatility_20h,72h,2025-06,-0.112526,-0.073697,-0.111628,0.0043581,-0.00643696,0.00422223
volatility_20h,72h,2025-07,-0.108524,-0.10714,-0.094132,-0.00255189,-0.00101823,-0.00214044
volatility_20h,72h,2025-08,-0.125548,-0.115532,-0.101199,-0.00839733,-0.00219704,-0.00223577
volatility_20h,72h,2025-09,-0.044829,-0.092967,-0.083332,-0.04171579,-0.017555,-0.01199598
volatility_20h,72h,2025-10,-0.090004,-0.086794,-0.096967,-0.04640034,-0.03217115,-0.01659469
volatility_20h,72h,2025-11,-0.137705,-0.090846,-0.103189,0.00244782,-0.0285561,-0.01537657
volatility_20h,72h,2025-12,-0.056137,-0.094615,-0.093791,-0.00462392,-0.01619215,-0.01687357
volatility_20h,72h,2026-01,-0.132873,-0.108905,-0.097849,0.00018413,-0.00066399,-0.01641757
volatility_20h,72h,2026-02,-0.069589,-0.0862,-0.088523,-0.00727538,-0.00390506,-0.01623058
volatility_20h,72h,2026-03,-0.079961,-0.094141,-0.094378,-0.0032421,-0.00344445,-0.0098183
volatility_20h,72h,2026-04,-0.070213,-0.073254,-0.09108,-0.04274217,-0.01775322,-0.0092086
volatility_20h,72h,2026-05,-0.090256,-0.080143,-0.083172,-0.01006636,-0.01868354,-0.0112943
volatility_20h,72h,2026-06,-0.066725,-0.075731,-0.084936,-0.01985577,-0.02422143,-0.01383294
vwap_dev_20h,1h,2024-06,-0.001372,-0.001372,-0.001372,8.362e-05,8.362e-05,8.362e-05
vwap_dev_20h,1h,2024-07,-0.017794,-0.009583,-0.009583,-0.00010737,-1.187e-05,-1.187e-05
vwap_dev_20h,1h,2024-08,-0.030542,-0.016569,-0.016569,-0.00016484,-6.286e-05,-6.286e-05
vwap_dev_20h,1h,2024-09,-0.03252,-0.026952,-0.020557,5.909e-05,-7.104e-05,-3.237e-05
vwap_dev_20h,1h,2024-10,-0.04172,-0.034927,-0.02479,-0.00028325,-0.00012967,-8.255e-05
vwap_dev_20h,1h,2024-11,-0.032694,-0.035645,-0.026107,0.00012637,-3.26e-05,-4.773e-05
vwap_dev_20h,1h,2024-12,-0.046482,-0.040298,-0.033625,-0.00026272,-0.00013987,-0.00010545
vwap_dev_20h,1h,2025-01,-0.007347,-0.028841,-0.031884,0.00024503,3.623e-05,-4.672e-05
vwap_dev_20h,1h,2025-02,-0.007963,-0.020597,-0.028121,0.00023666,7.299e-05,2.02e-05
vwap_dev_20h,1h,2025-03,-0.020271,-0.01186,-0.026079,-0.00020491,9.226e-05,-2.38e-05
vwap_dev_20h,1h,2025-04,-0.032367,-0.0202,-0.024521,-0.00034267,-0.00010364,-3.371e-05
vwap_dev_20h,1h,2025-05,-0.018045,-0.023561,-0.022079,0.00029863,-8.298e-05,-5e-06
vwap_dev_20h,1h,2025-06,-0.02914,-0.026517,-0.019189,-0.00020231,-8.212e-05,5.07e-06
vwap_dev_20h,1h,2025-07,-0.03618,-0.027788,-0.023994,0.00029601,0.00013078,1.357e-05
vwap_dev_20h,1h,2025-08,-0.029386,-0.031569,-0.027565,0.00014112,7.827e-05,-2.36e-06
vwap_dev_20h,1h,2025-09,-0.025815,-0.03046,-0.028489,0.00026829,0.00023514,7.651e-05
vwap_dev_20h,1h,2025-10,-0.033118,-0.02944,-0.028614,0.00017456,0.00019466,0.00016272
vwap_dev_20h,1h,2025-11,-0.028885,-0.029273,-0.030421,0.00016744,0.00020343,0.00014085
vwap_dev_20h,1h,2025-12,-0.034656,-0.03222,-0.03134,-6.563e-05,9.212e-05,0.00016363
vwap_dev_20h,1h,2026-01,-0.030586,-0.031376,-0.030408,7.497e-05,5.893e-05,0.00012679
vwap_dev_20h,1h,2026-02,-0.021818,-0.02902,-0.029146,0.00037768,0.00012901,0.00016622
vwap_dev_20h,1h,2026-03,-0.019716,-0.02404,-0.02813,0.00022687,0.00022651,0.00015931
vwap_dev_20h,1h,2026-04,-0.021611,-0.021048,-0.026212,0.00030113,0.00030189,0.00018041
vwap_dev_20h,1h,2026-05,-0.030198,-0.023842,-0.026431,-0.00012269,0.0001351,0.00013205
vwap_dev_20h,1h,2026-06,-0.028493,-0.026767,-0.025404,0.00014156,0.00010667,0.00016659
vwap_dev_20h,24h,2024-06,0.012126,0.012126,0.012126,0.00147953,0.00147953,0.00147953
vwap_dev_20h,24h,2024-07,-0.003583,0.004271,0.004271,0.00185273,0.00166613,0.00166613
vwap_dev_20h,24h,2024-08,0.009898,0.006147,0.006147,0.00100079,0.00144435,0.00144435
vwap_dev_20h,24h,2024-09,-0.004398,0.000639,0.003511,0.00136086,0.00140479,0.00142348
vwap_dev_20h,24h,2024-10,-0.035851,-0.010117,-0.004362,-0.00244998,-2.944e-05,0.00064879
vwap_dev_20h,24h,2024-11,-0.022268,-0.020839,-0.007346,0.00051303,-0.00019203,0.00062616
vwap_dev_20h,24h,2024-12,-0.04067,-0.03293,-0.016146,-0.00191565,-0.0012842,6.03e-05
vwap_dev_20h,24h,2025-01,0.010524,-0.017471,-0.013794,0.00462911,0.0010755,0.00052303
vwap_dev_20h,24h,2025-02,-0.007165,-0.012437,-0.016638,0.00025348,0.00098898,0.00039847
vwap_dev_20h,24h,2025-03,0.003721,0.00236,-0.015285,-0.00013674,0.00158195,0.00014887
vwap_dev_20h,24h,2025-04,-0.017286,-0.00691,-0.012191,0.00182969,0.00064881,0.00086215
vwap_dev_20h,24h,2025-05,-0.039301,-0.017622,-0.01503,0.00033893,0.00067729,0.00083314
vwap_dev_20h,24h,2025-06,-0.015889,-0.024159,-0.010899,-0.0006087,0.00051997,0.00105096
vwap_dev_20h,24h,2025-07,-0.013903,-0.023031,-0.014971,0.00251786,0.00074936,0.00069909
vwap_dev_20h,24h,2025-08,0.010407,-0.006462,-0.012042,0.00653719,0.00281545,0.00174637
vwap_dev_20h,24h,2025-09,-0.02053,-0.008009,-0.016084,0.00323175,0.0040956,0.00230779
vwap_dev_20h,24h,2025-10,-0.035814,-0.015313,-0.019172,0.00021225,0.00332706,0.00203821
vwap_dev_20h,24h,2025-11,-0.018629,-0.024991,-0.015726,0.00126549,0.00156983,0.00219264
vwap_dev_20h,24h,2025-12,-0.039898,-0.031447,-0.019728,-0.00343481,-0.00065236,0.00172162
vwap_dev_20h,24h,2026-01,-0.019819,-0.026115,-0.020714,0.0038182,0.00054963,0.00193834
vwap_dev_20h,24h,2026-02,-0.045879,-0.035199,-0.030095,-0.00178904,-0.00046855,0.00055064
vwap_dev_20h,24h,2026-03,-0.027313,-0.031004,-0.031225,0.00131572,0.00111496,0.0002313
vwap_dev_20h,24h,2026-04,-0.058442,-0.043878,-0.034997,0.00218518,0.00057062,0.00056012
vwap_dev_20h,24h,2026-05,-0.017951,-0.034569,-0.034884,0.00184121,0.0017807,0.00065608
vwap_dev_20h,24h,2026-06,0.030889,-0.015168,-0.023086,0.01579146,0.00660595,0.00386046
vwap_dev_20h,4h,2024-06,-0.001733,-0.001733,-0.001733,0.00040255,0.00040255,0.00040255
vwap_dev_20h,4h,2024-07,-0.031629,-0.016681,-0.016681,-0.00040636,-1.9e-06,-1.9e-06
vwap_dev_20h,4h,2024-08,-0.037274,-0.023545,-0.023545,-0.00043815,-0.00014732,-0.00014732
vwap_dev_20h,4h,2024-09,-0.010916,-0.026606,-0.020388,0.00081295,-1.052e-05,9.275e-05
vwap_dev_20h,4h,2024-10,-0.041356,-0.029849,-0.024582,-0.00060519,-7.68e-05,-4.684e-05
vwap_dev_20h,4h,2024-11,-0.02419,-0.025487,-0.024516,0.00041768,0.00020848,3.058e-05
vwap_dev_20h,4h,2024-12,-0.036816,-0.034121,-0.030364,-6.727e-05,-8.493e-05,-4.772e-05
vwap_dev_20h,4h,2025-01,-0.007884,-0.022963,-0.026406,0.00076031,0.00037024,0.00014672
vwap_dev_20h,4h,2025-02,-0.003205,-0.015968,-0.020728,0.0008664,0.00051981,0.00036415
vwap_dev_20h,4h,2025-03,-0.026871,-0.012653,-0.023387,-0.00072775,0.00029965,0.00010736
vwap_dev_20h,4h,2025-04,-0.029516,-0.019864,-0.021414,4.41e-05,6.092e-05,0.00021558
vwap_dev_20h,4h,2025-05,-0.014587,-0.023658,-0.019813,0.00135895,0.0002251,0.00037246
vwap_dev_20h,4h,2025-06,-0.045271,-0.029791,-0.021222,-0.00095746,0.00014853,0.00022409
vwap_dev_20h,4h,2025-07,-0.033073,-0.030977,-0.025421,0.00122138,0.00054096,0.00030094
vwap_dev_20h,4h,2025-08,-0.018461,-0.032268,-0.027963,0.00085948,0.00037447,0.00029978
vwap_dev_20h,4h,2025-09,-0.02482,-0.025451,-0.027621,0.00060364,0.00089483,0.00052168
vwap_dev_20h,4h,2025-10,-0.041369,-0.028216,-0.029597,0.00117071,0.00087794,0.00070945
vwap_dev_20h,4h,2025-11,-0.031317,-0.032502,-0.032385,0.00035562,0.00070999,0.00054223
vwap_dev_20h,4h,2025-12,-0.045515,-0.0394,-0.032426,-0.0006692,0.00028571,0.00059027
vwap_dev_20h,4h,2026-01,-0.022554,-0.033128,-0.030672,0.00108046,0.00025563,0.00056679
vwap_dev_20h,4h,2026-02,-0.027321,-0.031797,-0.032149,0.00087076,0.00042734,0.00056866
vwap_dev_20h,4h,2026-03,-0.028795,-0.026223,-0.032812,0.0007937,0.00091497,0.00060034
vwap_dev_20h,4h,2026-04,-0.029382,-0.028499,-0.030814,0.00148001,0.00104816,0.00065189
vwap_dev_20h,4h,2026-05,-0.04083,-0.033002,-0.032399,-0.00031591,0.0006526,0.00053997
vwap_dev_20h,4h,2026-06,-0.017582,-0.029265,-0.027744,0.0010038,0.00072263,0.0008188
vwap_dev_20h,72h,2024-06,0.060634,0.060634,0.060634,0.00955194,0.00955194,0.00955194
vwap_dev_20h,72h,2024-07,-0.009043,0.025795,0.025795,-0.00446707,0.00254244,0.00254244
vwap_dev_20h,72h,2024-08,0.030298,0.027296,0.027296,0.00357474,0.00288654,0.00288654
vwap_dev_20h,72h,2024-09,-0.031902,-0.003549,0.012496,-0.0008983,-0.00059688,0.00194033
vwap_dev_20h,72h,2024-10,-0.047178,-0.016261,0.000562,-0.00621666,-0.00118007,0.00030893
vwap_dev_20h,72h,2024-11,0.027026,-0.017352,0.004972,0.01267498,0.00185334,0.00236994
vwap_dev_20h,72h,2024-12,-0.0273,-0.015818,-0.009683,-0.00187762,0.0015269,0.00046501
vwap_dev_20h,72h,2025-01,0.0384,0.012708,-0.001776,0.00968779,0.00682838,0.00282416
vwap_dev_20h,72h,2025-02,-0.024205,-0.004368,-0.01086,-0.00543345,0.00079224,0.00132279
vwap_dev_20h,72h,2025-03,0.006679,0.006958,-0.00443,-0.00350682,0.00024917,0.00088804
vwap_dev_20h,72h,2025-04,0.004525,-0.004333,0.004188,0.00459504,-0.00144841,0.00268999
vwap_dev_20h,72h,2025-05,-0.015027,-0.001274,-0.002821,0.00533022,0.00213948,0.00146586
vwap_dev_20h,72h,2025-06,-0.058933,-0.023145,-0.008093,-0.00727357,0.0008839,0.00056653
vwap_dev_20h,72h,2025-07,-0.00418,-0.026047,-0.01519,0.00411076,0.00072247,-0.00036297
vwap_dev_20h,72h,2025-08,-0.022674,-0.028596,-0.014935,0.02512409,0.00732043,0.00472995
vwap_dev_20h,72h,2025-09,0.002919,-0.007979,-0.015562,0.02041108,0.01654864,0.00871627
vwap_dev_20h,72h,2025-10,-0.013999,-0.011252,-0.018649,0.00495475,0.01682997,0.00877622
vwap_dev_20h,72h,2025-11,0.014913,0.001278,-0.013659,-0.00184606,0.00783992,0.00758017
vwap_dev_20h,72h,2025-12,-0.021904,-0.006997,-0.007488,-0.00568117,-0.00085749,0.00784558
vwap_dev_20h,72h,2026-01,0.019624,0.004211,-0.00352,0.0114172,0.00129666,0.00906332
vwap_dev_20h,72h,2026-02,-0.013059,-0.005113,-0.001918,0.00264773,0.00279459,0.00531726
vwap_dev_20h,72h,2026-03,-0.005994,0.00019,-0.003403,0.00011513,0.00472669,0.0019346
vwap_dev_20h,72h,2026-04,-0.019321,-0.012791,-0.00429,0.01443405,0.0057323,0.00351448
vwap_dev_20h,72h,2026-05,0.012849,-0.004155,-0.004634,0.00832608,0.00762509,0.00520984
vwap_dev_20h,72h,2026-06,0.010549,0.001359,0.000775,0.01132906,0.01136306,0.00804487
williams_r_14h,1h,2024-06,-0.00202,-0.00202,-0.00202,0.00018795,0.00018795,0.00018795
williams_r_14h,1h,2024-07,0.013483,0.005731,0.005731,1.09e-06,9.452e-05,9.452e-05
williams_r_14h,1h,2024-08,0.026025,0.012496,0.012496,-0.00016638,7.55e-06,7.55e-06
williams_r_14h,1h,2024-09,0.02783,0.022446,0.016329,-0.00012177,-9.569e-05,-2.478e-05
williams_r_14h,1h,2024-10,0.031912,0.028589,0.019446,-0.00021431,-0.00016749,-6.268e-05
williams_r_14h,1h,2024-11,0.015016,0.024919,0.018708,0.00023359,-3.416e-05,-1.331e-05
williams_r_14h,1h,2024-12,0.042895,0.029941,0.026194,-0.00033243,-0.00010438,-0.00010004
williams_r_14h,1h,2025-01,0.009202,0.022371,0.02548,9.471e-05,-1.38e-06,-8.443e-05
williams_r_14h,1h,2025-02,-0.00026,0.017279,0.021099,0.00030843,2.357e-05,-5.3e-06
williams_r_14h,1h,2025-03,0.020451,0.009798,0.01987,-0.00014863,8.484e-05,-9.77e-06
williams_r_14h,1h,2025-04,0.024904,0.015032,0.018701,-0.00042235,-8.752e-05,-4.445e-05
williams_r_14h,1h,2025-05,0.01989,0.021748,0.019514,2.513e-05,-0.00018195,-7.919e-05
williams_r_14h,1h,2025-06,0.023495,0.022763,0.01628,-0.00021875,-0.00020532,-6.024e-05
williams_r_14h,1h,2025-07,0.037325,0.026903,0.020967,-0.00013102,-0.00010821,-9.786e-05
williams_r_14h,1h,2025-08,0.027016,0.029279,0.025513,0.00014075,-6.967e-05,-0.00012581
williams_r_14h,1h,2025-09,0.024771,0.029704,0.026233,0.0001388,4.951e-05,-7.791e-05
williams_r_14h,1h,2025-10,0.024695,0.025494,0.026199,-5.297e-05,7.553e-05,-1.634e-05
williams_r_14h,1h,2025-11,0.021295,0.023587,0.026433,0.00030404,0.00012996,3.014e-05
williams_r_14h,1h,2025-12,0.032562,0.026184,0.027944,0.00015345,0.00013484,9.218e-05
williams_r_14h,1h,2026-01,0.027658,0.027172,0.026333,-1.097e-05,0.00014884,0.00011218
williams_r_14h,1h,2026-02,0.018856,0.026359,0.024973,0.00029766,0.00014671,0.00013833
williams_r_14h,1h,2026-03,0.022777,0.023097,0.024641,0.00012875,0.00013848,0.00013666
williams_r_14h,1h,2026-04,0.025382,0.022338,0.024755,0.00028324,0.00023655,0.00019269
williams_r_14h,1h,2026-05,0.029141,0.025767,0.026063,-0.00017737,7.821e-05,0.00011246
williams_r_14h,1h,2026-06,0.032178,0.0289,0.025999,-0.00021521,-3.645e-05,5.102e-05
williams_r_14h,24h,2024-06,-0.015813,-0.015813,-0.015813,0.00187524,0.00187524,0.00187524
williams_r_14h,24h,2024-07,0.014315,-0.000749,-0.000749,-0.00047353,0.00070086,0.00070086
williams_r_14h,24h,2024-08,-0.011478,-0.004325,-0.004325,0.00083188,0.00074453,0.00074453
williams_r_14h,24h,2024-09,-0.00649,-0.001218,-0.004867,0.0009765,0.00044495,0.00080252
williams_r_14h,24h,2024-10,0.019169,0.0004,-6e-05,-0.00189305,-2.822e-05,0.00026341
williams_r_14h,24h,2024-11,0.005636,0.006105,0.00089,0.00245037,0.00051127,0.0006279
williams_r_14h,24h,2024-12,0.02161,0.015472,0.007127,-0.00058029,-7.66e-06,0.00021865
williams_r_14h,24h,2025-01,-0.021437,0.001936,0.001168,0.00548284,0.00245097,0.00121137
williams_r_14h,24h,2025-02,-0.01704,-0.005622,0.000241,0.00421643,0.00303966,0.00177547
williams_r_14h,24h,2025-03,-0.005565,-0.014681,0.000395,0.0005439,0.00341439,0.00170337
williams_r_14h,24h,2025-04,0.002352,-0.006751,-0.002407,0.00212168,0.002294,0.00237249
williams_r_14h,24h,2025-05,0.03681,0.011199,0.002788,-0.00213371,0.00017729,0.00160847
williams_r_14h,24h,2025-06,0.01524,0.018134,0.001727,-0.00106672,-0.00035958,0.0015274
williams_r_14h,24h,2025-07,-0.001447,0.016868,0.005058,-0.00066155,-0.00128733,0.00050334
williams_r_14h,24h,2025-08,-0.022171,-0.002793,0.004203,0.00495823,0.00107665,0.00062697
williams_r_14h,24h,2025-09,0.001996,-0.007207,0.005463,0.00159202,0.0019629,0.00080166
williams_r_14h,24h,2025-10,0.020389,7.1e-05,0.00847,-0.0004916,0.00201955,0.00036611
williams_r_14h,24h,2025-11,-0.002163,0.006741,0.001974,0.00318194,0.00142745,0.00125205
williams_r_14h,24h,2025-12,0.029631,0.015952,0.004373,-0.00106649,0.00054128,0.00125209
williams_r_14h,24h,2026-01,0.003756,0.010408,0.00524,0.00410496,0.00207347,0.00204651
williams_r_14h,24h,2026-02,0.029313,0.0209,0.01382,-0.00017387,0.00095487,0.00119116
williams_r_14h,24h,2026-03,0.025738,0.019602,0.017777,0.00105408,0.00166172,0.0011015
williams_r_14h,24h,2026-04,0.043044,0.032698,0.021553,0.0016995,0.0008599,0.00146669
williams_r_14h,24h,2026-05,0.009087,0.025956,0.023428,0.00122387,0.00132582,0.00114034
williams_r_14h,24h,2026-06,-0.021836,0.010098,0.01485,0.01098375,0.00463571,0.00314871
williams_r_14h,4h,2024-06,-0.002576,-0.002576,-0.002576,0.0002175,0.0002175,0.0002175
williams_r_14h,4h,2024-07,0.019204,0.008314,0.008314,-8.293e-05,6.729e-05,6.729e-05
williams_r_14h,4h,2024-08,0.032963,0.01653,0.01653,-0.00054182,-0.00013575,-0.00013575
williams_r_14h,4h,2024-09,0.007877,0.020014,0.014367,0.00029228,-0.00011082,-2.874e-05
williams_r_14h,4h,2024-10,0.031624,0.024154,0.017818,-0.00052498,-0.00025817,-0.00012799
williams_r_14h,4h,2024-11,0.006505,0.015335,0.015933,0.00039886,5.539e-05,-4.018e-05
williams_r_14h,4h,2024-12,0.035853,0.024661,0.022337,-0.0002572,-0.00012777,-0.0001193
williams_r_14h,4h,2025-01,-0.005992,0.012122,0.018138,0.00106043,0.0004007,7.126e-05
williams_r_14h,4h,2025-02,-0.006677,0.007728,0.011532,0.00127576,0.000693,0.00037419
williams_r_14h,4h,2025-03,0.027572,0.004968,0.014814,-0.00085742,0.00049292,0.00018258
williams_r_14h,4h,2025-04,0.018688,0.013194,0.012658,-0.00035875,1.986e-05,0.00021028
williams_r_14h,4h,2025-05,0.018584,0.021615,0.014671,0.00042783,-0.00026278,0.00021511
williams_r_14h,4h,2025-06,0.035192,0.024155,0.014561,-0.00075896,-0.00022996,0.00013148
williams_r_14h,4h,2025-07,0.035207,0.029661,0.021428,-0.00027216,-0.0002011,-9.062e-05
williams_r_14h,4h,2025-08,0.01604,0.028813,0.025214,0.00077149,-8.654e-05,-0.00017466
williams_r_14h,4h,2025-09,0.016713,0.022653,0.023404,9.086e-05,0.00019673,-1.662e-05
williams_r_14h,4h,2025-10,0.026233,0.019662,0.024661,0.00076659,0.00054298,0.00017094
williams_r_14h,4h,2025-11,0.012833,0.018593,0.023703,0.00106968,0.00064238,0.00027792
williams_r_14h,4h,2025-12,0.037426,0.025497,0.024075,1.689e-05,0.00061772,0.00040722
williams_r_14h,4h,2026-01,0.01415,0.02147,0.020566,0.00084861,0.00064506,0.00059402
williams_r_14h,4h,2026-02,0.020649,0.024075,0.021334,0.00096962,0.00061171,0.00062704
williams_r_14h,4h,2026-03,0.0306,0.0218,0.023649,0.00019243,0.00067022,0.00064397
williams_r_14h,4h,2026-04,0.027438,0.026229,0.023849,0.00093886,0.0007003,0.00067268
williams_r_14h,4h,2026-05,0.033366,0.030468,0.027272,-0.00012428,0.00033567,0.00047369
williams_r_14h,4h,2026-06,0.028562,0.029789,0.025794,-0.00063765,5.898e-05,0.0003646
williams_r_14h,72h,2024-06,-0.043618,-0.043618,-0.043618,0.00792281,0.00792281,0.00792281
williams_r_14h,72h,2024-07,0.016075,-0.013771,-0.013771,-0.00538145,0.00127068,0.00127068
williams_r_14h,72h,2024-08,-0.025609,-0.017717,-0.017717,0.00470621,0.00241586,0.00241586
williams_r_14h,72h,2024-09,0.015747,0.002071,-0.009351,-0.00107206,-0.00058243,0.00154388
williams_r_14h,72h,2024-10,0.031623,0.007254,-0.001156,-0.00694767,-0.00110451,-0.00015443
williams_r_14h,72h,2024-11,-0.034033,0.004446,-0.006636,0.01071711,0.00089913,0.00165749
williams_r_14h,72h,2024-12,0.013119,0.00357,0.00282,-0.00049293,0.00109217,0.00025487
williams_r_14h,72h,2025-01,-0.046296,-0.022403,-0.007575,0.01277534,0.00766651,0.003281
williams_r_14h,72h,2025-02,-0.011879,-0.015019,-0.005287,0.00327498,0.0051858,0.00304246
williams_r_14h,72h,2025-03,-0.007838,-0.022004,-0.009217,-0.00151522,0.00484503,0.0029686
williams_r_14h,72h,2025-04,-0.001742,-0.007153,-0.014778,0.00500106,0.00225361,0.00496006
williams_r_14h,72h,2025-05,0.022281,0.004234,-0.005392,-0.00201386,0.00049066,0.00283823
williams_r_14h,72h,2025-06,0.026304,0.015615,-0.003195,-0.00344672,-0.00015317,0.00234593
williams_r_14h,72h,2025-07,-0.011144,0.01248,0.002664,-0.00041693,-0.00195917,0.00014722
williams_r_14h,72h,2025-08,0.008148,0.00777,0.006002,0.0126584,0.00293158,0.00171112
williams_r_14h,72h,2025-09,-0.010195,-0.004397,0.005609,0.01147764,0.00790637,0.0038766
williams_r_14h,72h,2025-10,0.0016,-0.000149,0.006166,0.00267149,0.00893584,0.00348834
williams_r_14h,72h,2025-11,-0.025798,-0.011465,-0.001847,0.00194683,0.00536532,0.00414845
williams_r_14h,72h,2025-12,0.009786,-0.004804,-0.0046,0.00382384,0.00281405,0.00536021
williams_r_14h,72h,2026-01,-0.01898,-0.011664,-0.005906,0.01012157,0.00529741,0.00711663
williams_r_14h,72h,2026-02,0.00725,-0.000648,-0.006056,0.00239158,0.00544566,0.00540549
williams_r_14h,72h,2026-03,0.01186,4.4e-05,-0.00238,-0.00159009,0.00364102,0.00322754
williams_r_14h,72h,2026-04,0.006219,0.008443,-0.00161,0.01722555,0.00600901,0.00565321
williams_r_14h,72h,2026-05,-0.015587,0.000831,9.2e-05,0.00753497,0.00772348,0.00658457
williams_r_14h,72h,2026-06,-0.004705,-0.004691,-0.002324,0.00935158,0.0113707,0.00750586
wq101_alpha101,1h,2024-06,-0.001468,-0.001468,-0.001468,0.00013636,0.00013636,0.00013636
wq101_alpha101,1h,2024-07,-0.011062,-0.006265,-0.006265,7.864e-05,0.0001075,0.0001075
wq101_alpha101,1h,2024-08,-0.019205,-0.010578,-0.010578,8.613e-05,0.00010038,0.00010038
wq101_alpha101,1h,2024-09,-0.035005,-0.021757,-0.016685,-0.00026575,-3.366e-05,8.85e-06
wq101_alpha101,1h,2024-10,-0.025988,-0.026733,-0.018546,-0.00019672,-0.00012545,-3.227e-05
wq101_alpha101,1h,2024-11,-0.020738,-0.027244,-0.018911,8.349e-05,-0.00012633,-1.297e-05
wq101_alpha101,1h,2024-12,-0.036231,-0.027652,-0.024705,-0.00030939,-0.00014087,-8.727e-05
wq101_alpha101,1h,2025-01,-0.034907,-0.030625,-0.028679,-0.00054146,-0.00025579,-0.00019062
wq101_alpha101,1h,2025-02,-0.014,-0.028379,-0.027811,-0.00016315,-0.000338,-0.00023216
wq101_alpha101,1h,2025-03,-0.019979,-0.022962,-0.025307,0.00011959,-0.00019501,-0.00016794
wq101_alpha101,1h,2025-04,-0.032477,-0.022152,-0.026389,-0.0004564,-0.00016665,-0.00021122
wq101_alpha101,1h,2025-05,-0.028324,-0.026927,-0.027653,-0.00021276,-0.00018319,-0.00026059
wq101_alpha101,1h,2025-06,-0.017593,-0.026131,-0.024547,-0.00010617,-0.00025844,-0.00022672
wq101_alpha101,1h,2025-07,-0.029672,-0.025197,-0.023674,-9.63e-05,-0.00013841,-0.00015253
wq101_alpha101,1h,2025-08,-0.033058,-0.026775,-0.026851,-6.325e-05,-8.857e-05,-0.00013588
wq101_alpha101,1h,2025-09,-0.025364,-0.029365,-0.027748,-8.801e-05,-8.252e-05,-0.00017048
wq101_alpha101,1h,2025-10,-0.028378,-0.028933,-0.027065,4.198e-05,-3.643e-05,-8.742e-05
wq101_alpha101,1h,2025-11,-0.027764,-0.027169,-0.026972,4.09e-05,-1.71e-06,-4.514e-05
wq101_alpha101,1h,2025-12,-0.023724,-0.026622,-0.027993,0.00034484,0.00014257,3.003e-05
wq101_alpha101,1h,2026-01,-0.035434,-0.028974,-0.028954,-0.00033139,1.812e-05,-9.16e-06
wq101_alpha101,1h,2026-02,-0.021481,-0.02688,-0.027024,0.00017653,6.333e-05,3.081e-05
wq101_alpha101,1h,2026-03,-0.019357,-0.025424,-0.026023,6.299e-05,-3.062e-05,5.598e-05
wq101_alpha101,1h,2026-04,-0.02737,-0.022736,-0.025855,0.00018672,0.00014208,8.01e-05
wq101_alpha101,1h,2026-05,-0.034903,-0.02721,-0.027045,-0.00055586,-0.00010205,-1.936e-05
wq101_alpha101,1h,2026-06,-0.03552,-0.032598,-0.029011,-0.00017941,-0.00018285,-0.00010674
wq101_alpha101,24h,2024-06,0.002334,0.002334,0.002334,0.00043356,0.00043356,0.00043356
wq101_alpha101,24h,2024-07,-0.004794,-0.00123,-0.00123,0.0002106,0.00032208,0.00032208
wq101_alpha101,24h,2024-08,-0.006713,-0.003058,-0.003058,-0.00016664,0.00015917,0.00015917
wq101_alpha101,24h,2024-09,-0.00678,-0.006096,-0.003988,-0.00096685,-0.00030763,-0.00012233
wq101_alpha101,24h,2024-10,-0.016247,-0.009913,-0.00644,-0.00080322,-0.00064557,-0.00025851
wq101_alpha101,24h,2024-11,-0.000443,-0.007823,-0.005441,0.00110955,-0.00022017,-3.05e-05
wq101_alpha101,24h,2024-12,-0.018865,-0.011852,-0.008974,-0.00114658,-0.00028008,-0.00029386
wq101_alpha101,24h,2025-01,-0.005551,-0.008286,-0.0091,4.35e-05,2.16e-06,-0.00032171
wq101_alpha101,24h,2025-02,0.00426,-0.006718,-0.007271,0.00150594,0.00013429,-4.294e-05
wq101_alpha101,24h,2025-03,-0.009163,-0.003485,-0.007668,-0.00058992,0.00031984,1.988e-05
wq101_alpha101,24h,2025-04,-0.006108,-0.00367,-0.005978,0.00057886,0.00049829,0.00025023
wq101_alpha101,24h,2025-05,-0.015213,-0.010161,-0.00844,-0.0002759,-9.565e-05,1.932e-05
wq101_alpha101,24h,2025-06,-0.011193,-0.010838,-0.007161,-0.00058553,-9.419e-05,0.00011283
wq101_alpha101,24h,2025-07,-0.009031,-0.011812,-0.007741,0.00060654,-8.496e-05,0.00020667
wq101_alpha101,24h,2025-08,-0.001388,-0.007204,-0.008683,0.00246594,0.00082898,0.00036666
wq101_alpha101,24h,2025-09,-0.009705,-0.006708,-0.008773,0.00128399,0.00145216,0.00067898
wq101_alpha101,24h,2025-10,-0.00755,-0.006214,-0.009013,0.00225982,0.00200325,0.00095914
wq101_alpha101,24h,2025-11,-0.008192,-0.008482,-0.007843,0.00070445,0.00141609,0.00112253
wq101_alpha101,24h,2025-12,-0.013571,-0.009771,-0.00824,-0.00128402,0.00056008,0.00100612
wq101_alpha101,24h,2026-01,-0.006931,-0.009565,-0.00789,0.00118495,0.00020179,0.00110252
wq101_alpha101,24h,2026-02,-0.013664,-0.011389,-0.009936,-8.752e-05,-6.22e-05,0.00067694
wq101_alpha101,24h,2026-03,-0.016499,-0.012365,-0.011068,-3.342e-05,0.00035467,0.00045738
wq101_alpha101,24h,2026-04,-0.020849,-0.017004,-0.013284,3.468e-05,-2.875e-05,8.652e-05
wq101_alpha101,24h,2026-05,-0.009733,-0.015694,-0.013541,-0.00068484,-0.00022786,-0.00014503
wq101_alpha101,24h,2026-06,0.002328,-0.009418,-0.010891,0.00436515,0.00123833,0.0007965
wq101_alpha101,4h,2024-06,-0.010046,-0.010046,-0.010046,-0.00015504,-0.00015504,-0.00015504
wq101_alpha101,4h,2024-07,-0.006246,-0.008146,-0.008146,0.00050946,0.00017721,0.00017721
wq101_alpha101,4h,2024-08,-0.024142,-0.013478,-0.013478,-0.00039821,-1.46e-05,-1.46e-05
wq101_alpha101,4h,2024-09,-0.022545,-0.017644,-0.015745,-0.00044948,-0.00011274,-0.00012332
wq101_alpha101,4h,2024-10,-0.021742,-0.02281,-0.016944,-0.00021315,-0.00035361,-0.00014128
wq101_alpha101,4h,2024-11,-0.015863,-0.02005,-0.016764,0.00027717,-0.00012849,-7.154e-05
wq101_alpha101,4h,2024-12,-0.038962,-0.025522,-0.021583,-0.00106576,-0.00033391,-0.00022333
wq101_alpha101,4h,2025-01,-0.016095,-0.02364,-0.023225,2.74e-05,-0.00025373,-0.00030367
wq101_alpha101,4h,2025-02,-0.005242,-0.020099,-0.020074,0.00039656,-0.00021393,-0.00017121
wq101_alpha101,4h,2025-03,-0.022771,-0.014703,-0.020112,-0.00024558,5.946e-05,-0.00013723
wq101_alpha101,4h,2025-04,-0.019257,-0.015757,-0.019698,-0.00040928,-8.61e-05,-0.00016992
wq101_alpha101,4h,2025-05,-0.005657,-0.015895,-0.017997,0.00062121,-1.122e-05,-0.00011258
wq101_alpha101,4h,2025-06,-0.019272,-0.014729,-0.014716,-0.00026034,-1.614e-05,2.166e-05
wq101_alpha101,4h,2025-07,-0.029287,-0.018072,-0.016914,-0.00018976,5.704e-05,-1.453e-05
wq101_alpha101,4h,2025-08,-0.030425,-0.026328,-0.021111,-2.063e-05,-0.00015691,-8.406e-05
wq101_alpha101,4h,2025-09,-0.021093,-0.026935,-0.020832,0.0002345,8.04e-06,-4.05e-06
wq101_alpha101,4h,2025-10,-0.0141,-0.021873,-0.019972,0.00122384,0.00047924,0.00026814
wq101_alpha101,4h,2025-11,-0.017999,-0.017731,-0.022029,0.00081423,0.00075752,0.00030031
wq101_alpha101,4h,2025-12,-0.024242,-0.01878,-0.022858,6.867e-05,0.00070225,0.00035514
wq101_alpha101,4h,2026-01,-0.021202,-0.021148,-0.02151,-0.0001082,0.00025823,0.00036873
wq101_alpha101,4h,2026-02,-0.012389,-0.019278,-0.018504,0.00091983,0.00029343,0.00052548
wq101_alpha101,4h,2026-03,-0.021404,-0.018332,-0.018556,0.00010663,0.00030609,0.00050417
wq101_alpha101,4h,2026-04,-0.02576,-0.019851,-0.0205,0.00015318,0.00039321,0.00032572
wq101_alpha101,4h,2026-05,-0.024874,-0.024013,-0.021645,-0.00058172,-0.0001073,9.306e-05
wq101_alpha101,4h,2026-06,-0.02601,-0.025548,-0.02194,-0.00023336,-0.00022063,4.273e-05
wq101_alpha101,72h,2024-06,0.01365,0.01365,0.01365,0.00226866,0.00226866,0.00226866
wq101_alpha101,72h,2024-07,-0.001338,0.006156,0.006156,-0.00035518,0.00095674,0.00095674
wq101_alpha101,72h,2024-08,0.004337,0.005549,0.005549,0.00142185,0.00111178,0.00111178
wq101_alpha101,72h,2024-09,-0.0039,-0.000301,0.003187,-0.00034682,0.00023995,0.00074713
wq101_alpha101,72h,2024-10,-0.013517,-0.00436,-0.000154,-0.0024407,-0.00045522,0.00010956
wq101_alpha101,72h,2024-11,0.011968,-0.001816,0.001867,0.00348081,0.0002311,0.00067144
wq101_alpha101,72h,2024-12,-0.012903,-0.004817,-0.002559,-0.00201399,-0.00032463,-4.234e-05
wq101_alpha101,72h,2025-01,0.009341,0.002802,-0.000779,0.00231473,0.00126052,0.00040265
wq101_alpha101,72h,2025-02,-0.000521,-0.001361,-0.001589,0.00097175,0.00042416,0.00032763
wq101_alpha101,72h,2025-03,-0.005509,0.001103,-0.001857,-0.00112291,0.00072119,0.00019828
wq101_alpha101,72h,2025-04,-0.004482,-0.003504,-0.000351,-0.00024678,-0.00013265,0.00056394
wq101_alpha101,72h,2025-05,-0.012416,-0.007469,-0.004415,-0.00049199,-0.00062056,-9.82e-05
wq101_alpha101,72h,2025-06,-0.008624,-0.008507,-0.003702,-0.00057643,-0.0004384,0.00014139
wq101_alpha101,72h,2025-07,-0.000567,-0.007202,-0.005353,0.00145843,0.00013,-1.32e-06
wq101_alpha101,72h,2025-08,-0.006671,-0.005287,-0.006378,0.00776252,0.00288151,0.00113047
wq101_alpha101,72h,2025-09,-0.004287,-0.003841,-0.006174,0.00571751,0.00497949,0.00227054
wq101_alpha101,72h,2025-10,-0.002332,-0.00443,-0.005816,0.00533829,0.00627277,0.00320139
wq101_alpha101,72h,2025-11,-8.7e-05,-0.002235,-0.003761,-0.00114546,0.00330345,0.00309248
wq101_alpha101,72h,2025-12,-0.006024,-0.002814,-0.003328,-0.00172317,0.00082322,0.00290135
wq101_alpha101,72h,2026-01,-0.000101,-0.002071,-0.00325,0.00172864,-0.00038,0.00294639
wq101_alpha101,72h,2026-02,-0.007405,-0.00451,-0.003373,0.00075864,0.0002547,0.00177907
wq101_alpha101,72h,2026-03,-0.00472,-0.004075,-0.003445,0.00102853,0.00117194,0.00099758
wq101_alpha101,72h,2026-04,-0.009941,-0.007355,-0.004713,0.00366169,0.00181629,0.00071815
wq101_alpha101,72h,2026-05,-0.005534,-0.006731,-0.005621,0.00080354,0.00183125,0.00104298
wq101_alpha101,72h,2026-06,0.002478,-0.004332,-0.004204,0.00540632,0.00329052,0.00223123
wq101_alpha12,1h,2024-06,-0.008711,-0.008711,-0.008711,3.8e-07,3.8e-07,3.8e-07
wq101_alpha12,1h,2024-07,0.006365,-0.001173,-0.001173,0.00012796,6.417e-05,6.417e-05
wq101_alpha12,1h,2024-08,0.009812,0.002489,0.002489,0.00014564,9.133e-05,9.133e-05
wq101_alpha12,1h,2024-09,0.00829,0.008156,0.003939,0.00013105,0.00013488,0.00010126
wq101_alpha12,1h,2024-10,0.005643,0.007915,0.00428,-7.322e-05,6.782e-05,6.636e-05
wq101_alpha12,1h,2024-11,0.015913,0.009949,0.006219,0.00017015,7.599e-05,8.366e-05
wq101_alpha12,1h,2024-12,0.011916,0.011158,0.009657,0.00027,0.00012231,0.0001286
wq101_alpha12,1h,2025-01,0.015017,0.014282,0.011098,0.00021963,0.00021993,0.00014388
wq101_alpha12,1h,2025-02,0.009096,0.01201,0.010979,-9.8e-07,0.00016288,0.00011944
wq101_alpha12,1h,2025-03,-0.000731,0.007794,0.009476,-0.00023217,-4.51e-06,5.89e-05
wq101_alpha12,1h,2025-04,8e-05,0.002815,0.008549,-4.084e-05,-9.133e-05,6.43e-05
wq101_alpha12,1h,2025-05,0.005415,0.001588,0.006799,0.00012895,-4.802e-05,5.743e-05
wq101_alpha12,1h,2025-06,0.004142,0.003212,0.005503,9.5e-07,2.969e-05,1.259e-05
wq101_alpha12,1h,2025-07,0.004426,0.004661,0.003738,-0.00012988,1e-08,-4.566e-05
wq101_alpha12,1h,2025-08,0.009416,0.005994,0.003791,6.93e-05,-1.988e-05,-3.395e-05
wq101_alpha12,1h,2025-09,0.005296,0.006379,0.004796,-4.527e-05,-3.528e-05,-2.8e-06
wq101_alpha12,1h,2025-10,0.01073,0.00848,0.006571,0.00015973,6.125e-05,3.063e-05
wq101_alpha12,1h,2025-11,0.009728,0.008584,0.007289,-0.00010015,4.77e-06,-7.55e-06
wq101_alpha12,1h,2025-12,0.008222,0.00956,0.00797,-0.00013296,-2.446e-05,-2.987e-05
wq101_alpha12,1h,2026-01,0.014307,0.010752,0.009616,0.00022492,-2.73e-06,2.926e-05
wq101_alpha12,1h,2026-02,0.009302,0.01061,0.009597,0.00011934,7.043e-05,3.76e-05
wq101_alpha12,1h,2026-03,0.003745,0.009118,0.009339,6.31e-06,0.00011686,4.62e-05
wq101_alpha12,1h,2026-04,0.003688,0.005578,0.008165,-0.00039563,-8.999e-05,-4.636e-05
wq101_alpha12,1h,2026-05,0.005181,0.004205,0.007407,-7.72e-06,-0.00013235,-3.096e-05
wq101_alpha12,1h,2026-06,0.007325,0.005398,0.007258,-0.00031556,-0.00023964,-6.139e-05
wq101_alpha12,24h,2024-06,-0.002197,-0.002197,-0.002197,-0.00064434,-0.00064434,-0.00064434
wq101_alpha12,24h,2024-07,0.008584,0.003193,0.003193,0.00044752,-9.841e-05,-9.841e-05
wq101_alpha12,24h,2024-08,0.011541,0.005976,0.005976,0.00056962,0.00012427,0.00012427
wq101_alpha12,24h,2024-09,-0.005289,0.004945,0.00316,-0.00103684,-6.57e-06,-0.00016601
wq101_alpha12,24h,2024-10,0.003639,0.003297,0.003256,-0.00016624,-0.00021115,-0.00016606
wq101_alpha12,24h,2024-11,0.01225,0.003534,0.004755,0.00036396,-0.00027971,-7.772e-05
wq101_alpha12,24h,2024-12,0.007305,0.007731,0.006338,-0.00061559,-0.00013929,-7.293e-05
wq101_alpha12,24h,2025-01,0.006379,0.008645,0.005971,-0.00027648,-0.00017604,-0.00019359
wq101_alpha12,24h,2025-02,-6.2e-05,0.004541,0.004037,-0.00191153,-0.00093453,-0.00060712
wq101_alpha12,24h,2025-03,0.005196,0.003838,0.005785,-0.00036659,-0.00085153,-0.00049541
wq101_alpha12,24h,2025-04,-0.000799,0.001445,0.005045,-0.0005756,-0.00095124,-0.00056364
wq101_alpha12,24h,2025-05,0.014939,0.006445,0.005493,0.0006981,-8.136e-05,-0.00050795
wq101_alpha12,24h,2025-06,0.010223,0.008121,0.005979,0.00047051,0.00019767,-0.00032693
wq101_alpha12,24h,2025-07,0.012308,0.01249,0.006967,-3.732e-05,0.0003771,-0.00028707
wq101_alpha12,24h,2025-08,0.009559,0.010697,0.008571,-0.0009529,-0.00017324,-0.0001273
wq101_alpha12,24h,2025-09,0.011405,0.011091,0.009606,-0.00133636,-0.00077553,-0.00028893
wq101_alpha12,24h,2025-10,0.012663,0.011209,0.011849,5.392e-05,-0.00074511,-0.00018401
wq101_alpha12,24h,2025-11,0.014449,0.012839,0.011768,-0.00030961,-0.00053068,-0.00035196
wq101_alpha12,24h,2025-12,0.011521,0.012877,0.011984,0.0001446,-3.703e-05,-0.00040628
wq101_alpha12,24h,2026-01,0.011367,0.012445,0.011827,0.00078838,0.00020779,-0.00026866
wq101_alpha12,24h,2026-02,0.005696,0.009528,0.011183,-0.00091271,6.76e-06,-0.00026196
wq101_alpha12,24h,2026-03,0.011338,0.009467,0.011172,-7.091e-05,-6.508e-05,-5.105e-05
wq101_alpha12,24h,2026-04,0.008745,0.008593,0.010519,-0.0008241,-0.00060257,-0.00019739
wq101_alpha12,24h,2026-05,0.003103,0.007729,0.008628,-0.00129116,-0.00072872,-0.00036098
wq101_alpha12,24h,2026-06,0.002091,0.004646,0.007057,2.065e-05,-0.0006982,-0.00038164
wq101_alpha12,4h,2024-06,0.000585,0.000585,0.000585,8.551e-05,8.551e-05,8.551e-05
wq101_alpha12,4h,2024-07,0.003253,0.001919,0.001919,5.267e-05,6.909e-05,6.909e-05
wq101_alpha12,4h,2024-08,0.010813,0.004884,0.004884,0.00019761,0.00011193,0.00011193
wq101_alpha12,4h,2024-09,0.004413,0.00616,0.004766,-0.00031609,-2.194e-05,4.92e-06
wq101_alpha12,4h,2024-10,0.00724,0.007489,0.005261,2.258e-05,-3.197e-05,8.46e-06
wq101_alpha12,4h,2024-11,0.009752,0.007135,0.006009,0.00023587,-1.921e-05,4.636e-05
wq101_alpha12,4h,2024-12,0.011604,0.009532,0.007846,7.458e-05,0.00011101,4.454e-05
wq101_alpha12,4h,2025-01,0.009856,0.010404,0.008946,-0.00014712,5.444e-05,1.124e-05
wq101_alpha12,4h,2025-02,0.005949,0.009136,0.008136,-0.00035114,-0.00014123,-8.022e-05
wq101_alpha12,4h,2025-03,0.006451,0.007419,0.008475,-0.00041005,-0.00030277,-9.588e-05
wq101_alpha12,4h,2025-04,-0.003494,0.002969,0.006686,-0.00032282,-0.00036134,-0.00015345
wq101_alpha12,4h,2025-05,0.00915,0.004036,0.006586,0.00010991,-0.00020765,-0.00017444
wq101_alpha12,4h,2025-06,0.00934,0.004999,0.006209,7.265e-05,-4.675e-05,-0.00017476
wq101_alpha12,4h,2025-07,0.008027,0.008839,0.005904,-0.00021077,-9.4e-06,-0.00018537
wq101_alpha12,4h,2025-08,0.012108,0.009825,0.00693,-0.00025901,-0.00013238,-0.00017002
wq101_alpha12,4h,2025-09,0.008285,0.009473,0.007236,-0.00074119,-0.00040366,-0.0002252
wq101_alpha12,4h,2025-10,0.014192,0.011528,0.010184,0.00016201,-0.0002794,-0.0001444
wq101_alpha12,4h,2025-11,0.012543,0.011673,0.010749,0.00012213,-0.00015235,-0.00014236
wq101_alpha12,4h,2025-12,0.015177,0.013971,0.011722,3.429e-05,0.00010614,-0.00014876
wq101_alpha12,4h,2026-01,0.016666,0.014795,0.013162,0.00041947,0.00019196,-4.372e-05
wq101_alpha12,4h,2026-02,0.003115,0.011653,0.011663,-0.00048622,-1.082e-05,-8.158e-05
wq101_alpha12,4h,2026-03,0.009027,0.009603,0.011787,2.046e-05,-1.543e-05,4.536e-05
wq101_alpha12,4h,2026-04,0.005322,0.005821,0.010308,-0.00077037,-0.00041204,-0.00011004
wq101_alpha12,4h,2026-05,0.006811,0.007053,0.009353,-8.065e-05,-0.00027685,-0.00014384
wq101_alpha12,4h,2026-06,0.011929,0.008021,0.008812,0.00012687,-0.00024138,-0.00012841
wq101_alpha12,72h,2024-06,-0.002193,-0.002193,-0.002193,-0.00028032,-0.00028032,-0.00028032
wq101_alpha12,72h,2024-07,0.011709,0.004758,0.004758,0.00057385,0.00014676,0.00014676
wq101_alpha12,72h,2024-08,0.012332,0.007283,0.007283,0.00081182,0.00036845,0.00036845
wq101_alpha12,72h,2024-09,0.000806,0.008282,0.005664,-0.00110287,9.427e-05,6.2e-07
wq101_alpha12,72h,2024-10,0.00792,0.00702,0.006115,0.00117381,0.00029425,0.00023526
wq101_alpha12,72h,2024-11,0.006291,0.005006,0.006144,0.00108111,0.00038402,0.00037623
wq101_alpha12,72h,2024-12,0.003083,0.005765,0.007024,-0.00219755,1.912e-05,5.669e-05
wq101_alpha12,72h,2025-01,0.009497,0.00629,0.006655,0.00016026,-0.00031873,-1.224e-05
wq101_alpha12,72h,2025-02,0.00468,0.005753,0.00538,-0.00251088,-0.00151606,-0.00056602
wq101_alpha12,72h,2025-03,0.007949,0.007375,0.00657,0.0004789,-0.00062391,-0.00030239
wq101_alpha12,72h,2025-04,0.003845,0.005491,0.005891,0.00011919,-0.0006376,-0.00047816
wq101_alpha12,72h,2025-05,0.01022,0.007338,0.006546,0.00070265,0.00043358,-0.00054124
wq101_alpha12,72h,2025-06,0.004692,0.006252,0.006814,-0.00017657,0.00021509,-0.00020441
wq101_alpha12,72h,2025-07,0.009293,0.008069,0.00678,-0.002223,-0.00056564,-0.00060162
wq101_alpha12,72h,2025-08,0.014026,0.009337,0.008338,-0.00067401,-0.00102453,-0.00029547
wq101_alpha12,72h,2025-09,0.0014,0.00824,0.007246,-0.00740868,-0.00343523,-0.00161007
wq101_alpha12,72h,2025-10,0.006447,0.007291,0.00768,-0.00266196,-0.00358155,-0.0020736
wq101_alpha12,72h,2025-11,0.011848,0.006565,0.007951,0.00109097,-0.00299322,-0.00200887
wq101_alpha12,72h,2025-12,0.009079,0.009125,0.008682,-0.00044877,-0.00067325,-0.00205424
wq101_alpha12,72h,2026-01,0.005349,0.008759,0.008025,-0.00154678,-0.00030153,-0.00194154
wq101_alpha12,72h,2026-02,0.001786,0.005405,0.005985,-0.00197903,-0.00132486,-0.00215904
wq101_alpha12,72h,2026-03,0.009906,0.00568,0.007403,0.00059318,-0.00097754,-0.0008254
wq101_alpha12,72h,2026-04,0.008513,0.006735,0.007747,-0.00142611,-0.00093732,-0.00061942
wq101_alpha12,72h,2026-05,0.003262,0.007227,0.006316,-0.00119911,-0.00067735,-0.0010011
wq101_alpha12,72h,2026-06,-0.001093,0.003561,0.004621,-0.00442957,-0.0023516,-0.00166457
wq101_alpha53,1h,2024-06,0.010293,0.010293,0.010293,1.111e-05,1.111e-05,1.111e-05
wq101_alpha53,1h,2024-07,0.009528,0.00991,0.00991,-4.381e-05,-1.635e-05,-1.635e-05
wq101_alpha53,1h,2024-08,0.012991,0.010937,0.010937,-9.405e-05,-4.225e-05,-4.225e-05
wq101_alpha53,1h,2024-09,0.029836,0.017452,0.015662,0.0002269,2.968e-05,2.504e-05
wq101_alpha53,1h,2024-10,0.021668,0.021499,0.016863,0.00034877,0.00016054,8.978e-05
wq101_alpha53,1h,2024-11,0.011801,0.021102,0.01602,-0.00027602,9.988e-05,2.882e-05
wq101_alpha53,1h,2024-12,0.01316,0.015543,0.016498,6.722e-05,4.666e-05,3.817e-05
wq101_alpha53,1h,2025-01,0.026024,0.016995,0.019247,0.00021282,1.34e-06,8.094e-05
wq101_alpha53,1h,2025-02,0.01566,0.018281,0.019692,0.00016749,0.00014918,0.00012453
wq101_alpha53,1h,2025-03,0.018688,0.020124,0.017833,5.244e-05,0.00014425,9.545e-05
wq101_alpha53,1h,2025-04,0.021119,0.018489,0.017742,0.00019769,0.00013921,7.027e-05
wq101_alpha53,1h,2025-05,0.021101,0.020303,0.019292,0.00021881,0.00015631,0.00015275
wq101_alpha53,1h,2025-06,0.010892,0.017704,0.018914,3.209e-05,0.00014953,0.00014689
wq101_alpha53,1h,2025-07,0.019201,0.017065,0.017777,4.38e-05,9.823e-05,0.00011872
wq101_alpha53,1h,2025-08,0.026579,0.018891,0.019597,0.00021098,9.562e-05,0.00012597
wq101_alpha53,1h,2025-09,0.02377,0.023183,0.020444,6.472e-05,0.0001065,0.00012802
wq101_alpha53,1h,2025-10,0.016753,0.022367,0.019716,9.178e-05,0.00012249,0.00011036
wq101_alpha53,1h,2025-11,0.013291,0.017938,0.018414,-9.325e-05,2.108e-05,5.835e-05
wq101_alpha53,1h,2025-12,0.013678,0.014574,0.018879,-0.00040602,-0.00013583,-1.467e-05
wq101_alpha53,1h,2026-01,0.019075,0.015348,0.018858,0.00020422,-9.835e-05,1.207e-05
wq101_alpha53,1h,2026-02,0.008149,0.013634,0.015786,-0.00019813,-0.00013331,-5.611e-05
wq101_alpha53,1h,2026-03,0.013759,0.013661,0.014117,-9.406e-05,-2.932e-05,-8.258e-05
wq101_alpha53,1h,2026-04,0.023609,0.015172,0.01526,0.00014511,-4.903e-05,-7.369e-05
wq101_alpha53,1h,2026-05,0.028647,0.022005,0.017819,0.00023049,9.385e-05,-1.973e-05
wq101_alpha53,1h,2026-06,0.027981,0.026746,0.020203,0.00043131,0.00026897,0.00011982
wq101_alpha53,24h,2024-06,0.002814,0.002814,0.002814,0.00011883,0.00011883,0.00011883
wq101_alpha53,24h,2024-07,0.005733,0.004274,0.004274,0.00020645,0.00016264,0.00016264
wq101_alpha53,24h,2024-08,0.0102,0.006249,0.006249,0.00088956,0.00040495,0.00040495
wq101_alpha53,24h,2024-09,0.005694,0.007209,0.00611,0.00048755,0.00052785,0.0004256
wq101_alpha53,24h,2024-10,0.005975,0.00729,0.006083,8.044e-05,0.00048585,0.00035657
wq101_alpha53,24h,2024-11,0.002885,0.004852,0.00555,2.699e-05,0.00019833,0.00030164
wq101_alpha53,24h,2024-12,0.008586,0.005815,0.006512,0.00077806,0.00029516,0.00041151
wq101_alpha53,24h,2025-01,0.007591,0.006354,0.006822,0.00060921,0.00047142,0.00047863
wq101_alpha53,24h,2025-02,-0.000741,0.005145,0.004998,-0.00040105,0.00032874,0.00026353
wq101_alpha53,24h,2025-03,0.008211,0.00502,0.005418,0.00044111,0.00021642,0.00025579
wq101_alpha53,24h,2025-04,0.001592,0.003021,0.004687,-0.00037882,-0.00011292,0.00017925
wq101_alpha53,24h,2025-05,0.001971,0.003925,0.004535,0.00034707,0.00013645,0.0002326
wq101_alpha53,24h,2025-06,0.006951,0.003505,0.004263,0.00030423,9.083e-05,0.00015363
wq101_alpha53,24h,2025-07,0.005666,0.004863,0.003942,-0.00036059,9.69e-05,-8.01e-06
wq101_alpha53,24h,2025-08,0.007324,0.006647,0.005286,0.00021862,5.409e-05,9.527e-05
wq101_alpha53,24h,2025-09,0.005165,0.006052,0.004778,-9.6e-07,-4.764e-05,2.159e-05
wq101_alpha53,24h,2025-10,0.001135,0.004541,0.004702,-0.00109468,-0.00029234,-9.772e-05
wq101_alpha53,24h,2025-11,0.004995,0.003765,0.005206,0.00086273,-7.764e-05,-1.177e-05
wq101_alpha53,24h,2025-12,0.00497,0.0037,0.004876,-8.511e-05,-0.00010569,-7.667e-05
wq101_alpha53,24h,2026-01,0.003921,0.004629,0.004585,0.00068395,0.00048719,9.742e-05
wq101_alpha53,24h,2026-02,0.001033,0.003308,0.003537,-0.0013039,-0.00023502,-0.00015633
wq101_alpha53,24h,2026-03,0.010272,0.005075,0.004388,0.00024534,-0.00012487,-0.00011528
wq101_alpha53,24h,2026-04,0.009699,0.007001,0.005815,0.00040106,-0.00021917,0.00013401
wq101_alpha53,24h,2026-05,0.006754,0.008909,0.006108,3.907e-05,0.00022849,-3.26e-06
wq101_alpha53,24h,2026-06,0.009654,0.008703,0.006889,0.00085241,0.00043085,0.00015299
wq101_alpha53,4h,2024-06,0.006552,0.006552,0.006552,0.00014326,0.00014326,0.00014326
wq101_alpha53,4h,2024-07,0.006149,0.006351,0.006351,-0.00039835,-0.00012755,-0.00012755
wq101_alpha53,4h,2024-08,0.023978,0.012227,0.012227,0.00034819,3.103e-05,3.103e-05
wq101_alpha53,4h,2024-09,0.016653,0.015594,0.013333,0.00016875,3.953e-05,6.546e-05
wq101_alpha53,4h,2024-10,0.013335,0.017989,0.013334,0.00030501,0.00027398,0.00011337
wq101_alpha53,4h,2024-11,0.009284,0.013091,0.012659,-0.00053126,-1.917e-05,5.93e-06
wq101_alpha53,4h,2024-12,0.025084,0.015901,0.015747,0.0008846,0.00021945,0.00012949
wq101_alpha53,4h,2025-01,0.012443,0.015604,0.016796,0.0001912,0.00018151,0.00022775
wq101_alpha53,4h,2025-02,0.013228,0.016918,0.015004,0.00026169,0.00044583,0.00021333
wq101_alpha53,4h,2025-03,0.014257,0.013309,0.014605,-2.888e-05,0.00014134,0.00018039
wq101_alpha53,4h,2025-04,0.015547,0.014344,0.014974,0.00048697,0.00023993,0.00021072
wq101_alpha53,4h,2025-05,0.004077,0.011293,0.014106,-1.378e-05,0.0001481,0.00029697
wq101_alpha53,4h,2025-06,0.010382,0.010002,0.011655,0.00011344,0.00019554,0.00016844
wq101_alpha53,4h,2025-07,0.016112,0.01019,0.012267,9.075e-05,6.347e-05,0.0001517
wq101_alpha53,4h,2025-08,0.024452,0.016982,0.014138,0.00036743,0.00019054,0.00016932
wq101_alpha53,4h,2025-09,0.018169,0.019578,0.01479,0.00012699,0.00019506,0.0001953
wq101_alpha53,4h,2025-10,0.007177,0.016599,0.013395,-0.00037613,3.943e-05,5.145e-05
wq101_alpha53,4h,2025-11,0.009244,0.01153,0.014256,-0.00043552,-0.00022822,-1.884e-05
wq101_alpha53,4h,2025-12,0.014679,0.010367,0.014972,1.033e-05,-0.00026711,-3.602e-05
wq101_alpha53,4h,2026-01,0.012872,0.012265,0.014432,0.00039389,-1.043e-05,1.45e-05
wq101_alpha53,4h,2026-02,0.002809,0.01012,0.010825,-0.00037156,1.089e-05,-0.00010867
wq101_alpha53,4h,2026-03,0.012134,0.009272,0.009819,-2.039e-05,6.5e-07,-0.00013323
wq101_alpha53,4h,2026-04,0.019492,0.011478,0.011872,0.00033443,-1.917e-05,-1.48e-05
wq101_alpha53,4h,2026-05,0.01871,0.016779,0.013449,0.00023832,0.00018412,9.75e-05
wq101_alpha53,4h,2026-06,0.017554,0.018585,0.013928,0.00025147,0.00027474,0.00013769
wq101_alpha53,72h,2024-06,-0.001164,-0.001164,-0.001164,0.00043148,0.00043148,0.00043148
wq101_alpha53,72h,2024-07,-0.000228,-0.000696,-0.000696,-0.00064213,-0.00010532,-0.00010532
wq101_alpha53,72h,2024-08,0.006634,0.001747,0.001747,0.00080972,0.00019969,0.00019969
wq101_alpha53,72h,2024-09,0.004883,0.003763,0.002531,0.00061337,0.00026032,0.00030311
wq101_alpha53,72h,2024-10,0.00174,0.004419,0.002373,-9.731e-05,0.00044193,0.00022303
wq101_alpha53,72h,2024-11,0.001647,0.002756,0.002252,-0.00036363,5.081e-05,0.00012525
wq101_alpha53,72h,2024-12,0.007464,0.003617,0.00369,0.00159818,0.00037908,0.0003197
wq101_alpha53,72h,2025-01,0.002436,0.003849,0.004134,0.00049243,0.00057566,0.00050879
wq101_alpha53,72h,2025-02,-0.000929,0.00299,0.002873,-0.00037911,0.0005705,0.00031066
wq101_alpha53,72h,2025-03,0.005385,0.002297,0.002957,0.00061386,0.00024239,0.00031074
wq101_alpha53,72h,2025-04,0.004125,0.00286,0.003354,0.00068343,0.00030606,0.00044086
wq101_alpha53,72h,2025-05,0.004319,0.004609,0.0038,0.00035695,0.00055141,0.00056096
wq101_alpha53,72h,2025-06,0.005707,0.004717,0.003507,0.00017763,0.000406,0.0003242
wq101_alpha53,72h,2025-07,0.003901,0.004643,0.003751,-0.00032414,7.015e-05,0.0001881
wq101_alpha53,72h,2025-08,0.004337,0.004648,0.004629,-0.00016613,-0.00010421,0.0002236
wq101_alpha53,72h,2025-09,0.00055,0.002929,0.003823,-0.00169501,-0.00072843,-0.00016121
wq101_alpha53,72h,2025-10,0.001862,0.00225,0.003446,-0.00043014,-0.00076376,-0.00034681
wq101_alpha53,72h,2025-11,0.003197,0.001869,0.003259,0.00166748,-0.00015256,-0.00012838
wq101_alpha53,72h,2025-12,0.001551,0.002203,0.002566,-0.00047042,0.00025564,-0.00023639
wq101_alpha53,72h,2026-01,0.000349,0.001699,0.001974,0.00037207,0.00052304,-0.00012036
wq101_alpha53,72h,2026-02,-0.000588,0.000437,0.001153,-0.00034286,-0.00014707,-0.00014981
wq101_alpha53,72h,2026-03,0.003505,0.001089,0.001646,-0.00012996,-3.358e-05,0.00011103
wq101_alpha53,72h,2026-04,0.004331,0.002416,0.002057,0.00121988,0.00024902,0.00038603
wq101_alpha53,72h,2026-05,0.003431,0.003756,0.002096,-3.672e-05,0.00035107,0.000102
wq101_alpha53,72h,2026-06,0.005847,0.004536,0.002812,0.0018707,0.00101795,0.00049219
wvma_20h,1h,2024-06,-0.05043,-0.05043,-0.05043,0.00028597,0.00028597,0.00028597
wvma_20h,1h,2024-07,-0.036425,-0.043428,-0.043428,0.00012736,0.00020666,0.00020666
wvma_20h,1h,2024-08,-0.034931,-0.040596,-0.040596,0.0001602,0.00019118,0.00019118
wvma_20h,1h,2024-09,-0.029834,-0.03373,-0.037905,-0.00017747,3.67e-05,9.901e-05
wvma_20h,1h,2024-10,-0.035219,-0.033328,-0.037368,4.27e-06,-4.33e-06,8.007e-05
wvma_20h,1h,2024-11,-0.035087,-0.03338,-0.036988,-3.642e-05,-6.987e-05,6.065e-05
wvma_20h,1h,2024-12,-0.028008,-0.032771,-0.033251,0.00015776,4.187e-05,3.928e-05
wvma_20h,1h,2025-01,-0.059766,-0.040954,-0.037141,0.00049123,0.00020419,9.993e-05
wvma_20h,1h,2025-02,-0.031591,-0.039788,-0.036584,0.00022066,0.00028988,0.00011001
wvma_20h,1h,2025-03,-0.027919,-0.039758,-0.036265,0.00019987,0.00030392,0.0001729
wvma_20h,1h,2025-04,-0.016429,-0.025313,-0.033133,-0.00037927,1.375e-05,0.00010897
wvma_20h,1h,2025-05,-0.030297,-0.024882,-0.032335,-5.07e-05,-7.67e-05,0.00010659
wvma_20h,1h,2025-06,-0.026954,-0.02456,-0.032159,0.00010296,-0.000109,9.746e-05
wvma_20h,1h,2025-07,-0.029864,-0.029038,-0.027176,-3.76e-06,1.617e-05,1.496e-05
wvma_20h,1h,2025-08,-0.023702,-0.02684,-0.025861,-0.00033296,-7.792e-05,-7.731e-05
wvma_20h,1h,2025-09,-0.028902,-0.027489,-0.026025,-0.00049331,-0.00027668,-0.00019284
wvma_20h,1h,2025-10,-0.024831,-0.025812,-0.027425,-0.0004969,-0.00044106,-0.00021244
wvma_20h,1h,2025-11,-0.037823,-0.030519,-0.028679,5.609e-05,-0.00031137,-0.00019465
wvma_20h,1h,2025-12,-0.021374,-0.028009,-0.027749,-0.00022259,-0.00022113,-0.00024891
wvma_20h,1h,2026-01,-0.028308,-0.029168,-0.02749,0.00012327,-1.441e-05,-0.00022773
wvma_20h,1h,2026-02,-0.01138,-0.020354,-0.025437,-8.835e-05,-6.256e-05,-0.00018697
wvma_20h,1h,2026-03,-0.019245,-0.019644,-0.023827,-7.094e-05,-1.201e-05,-0.00011657
wvma_20h,1h,2026-04,-0.029425,-0.020017,-0.024593,-0.00037797,-0.00017909,-9.675e-05
wvma_20h,1h,2026-05,-0.028257,-0.025642,-0.022998,-0.0002559,-0.00023494,-0.00014875
wvma_20h,1h,2026-06,-0.012673,-0.023452,-0.021548,-0.00050225,-0.00037871,-0.00019536
wvma_20h,24h,2024-06,-0.122424,-0.122424,-0.122424,0.00595665,0.00595665,0.00595665
wvma_20h,24h,2024-07,-0.076797,-0.099611,-0.099611,0.00285049,0.00440357,0.00440357
wvma_20h,24h,2024-08,-0.080662,-0.093294,-0.093294,0.00291484,0.00390733,0.00390733
wvma_20h,24h,2024-09,-0.02777,-0.061743,-0.076913,-0.00353523,0.00074337,0.00204669
wvma_20h,24h,2024-10,-0.079371,-0.062601,-0.077405,0.00036844,-8.398e-05,0.00171104
wvma_20h,24h,2024-11,-0.090616,-0.065919,-0.079607,-0.0006431,-0.00126996,0.00131868
wvma_20h,24h,2024-12,-0.06133,-0.077105,-0.069424,0.00292632,0.00088389,0.00081363
wvma_20h,24h,2025-01,-0.102826,-0.084924,-0.073762,0.00760643,0.00329655,0.00160628
wvma_20h,24h,2025-02,-0.06165,-0.075268,-0.070594,-0.00130848,0.00307476,0.0009024
wvma_20h,24h,2025-03,-0.078084,-0.080853,-0.078979,0.00267478,0.00299091,0.0019374
wvma_20h,24h,2025-04,-0.02631,-0.055348,-0.070136,-0.00808559,-0.00223976,0.00052839
wvma_20h,24h,2025-05,-0.069282,-0.057892,-0.06658,-0.00203678,-0.00248253,0.00029611
wvma_20h,24h,2025-06,-0.041707,-0.045766,-0.06331,0.00092157,-0.00306693,-3.801e-05
wvma_20h,24h,2025-07,-0.079527,-0.063505,-0.059427,-0.00187737,-0.00099753,-0.00161865
wvma_20h,24h,2025-08,-0.061931,-0.061055,-0.059474,-0.00666481,-0.0025402,-0.00251137
wvma_20h,24h,2025-09,-0.058228,-0.066562,-0.056164,-0.01122396,-0.00658871,-0.00482782
wvma_20h,24h,2025-10,-0.061856,-0.060672,-0.062089,-0.01124965,-0.00971281,-0.00535517
wvma_20h,24h,2025-11,-0.112241,-0.077442,-0.069248,-0.00051145,-0.00766169,-0.00510094
wvma_20h,24h,2025-12,-0.026488,-0.066862,-0.066712,-0.00483313,-0.00553141,-0.00606006
wvma_20h,24h,2026-01,-0.077747,-0.072159,-0.066415,-0.00087741,-0.002074,-0.0058934
wvma_20h,24h,2026-02,-0.047806,-0.050681,-0.064061,0.00028579,-0.00180825,-0.00473497
wvma_20h,24h,2026-03,-0.068878,-0.06481,-0.065836,-0.00028651,-0.00029271,-0.00291206
wvma_20h,24h,2026-04,-0.078405,-0.06503,-0.068594,-0.00974089,-0.0032472,-0.0026606
wvma_20h,24h,2026-05,-0.067881,-0.071721,-0.061201,-0.00599554,-0.00534098,-0.00357462
wvma_20h,24h,2026-06,-0.023673,-0.056653,-0.060732,-0.0050236,-0.00692001,-0.00360636
wvma_20h,4h,2024-06,-0.070027,-0.070027,-0.070027,0.00113588,0.00113588,0.00113588
wvma_20h,4h,2024-07,-0.051374,-0.0607,-0.0607,0.00032423,0.00073005,0.00073005
wvma_20h,4h,2024-08,-0.050571,-0.057324,-0.057324,0.00090671,0.00078894,0.00078894
wvma_20h,4h,2024-09,-0.030429,-0.044125,-0.0506,-0.00093318,9.925e-05,0.00035841
wvma_20h,4h,2024-10,-0.048382,-0.043128,-0.050157,-4.077e-05,-2.241e-05,0.00027857
wvma_20h,4h,2024-11,-0.055591,-0.044801,-0.051062,-0.00019248,-0.00038881,0.00020006
wvma_20h,4h,2024-12,-0.045659,-0.049878,-0.047001,0.00056165,0.00010947,0.00010436
wvma_20h,4h,2025-01,-0.075541,-0.058931,-0.051029,0.00154342,0.00063753,0.00030756
wvma_20h,4h,2025-02,-0.039399,-0.053533,-0.049167,0.00064188,0.00091565,0.00026342
wvma_20h,4h,2025-03,-0.048617,-0.054519,-0.052198,0.00083659,0.0010073,0.00055838
wvma_20h,4h,2025-04,-0.02345,-0.037155,-0.048043,-0.00121685,8.721e-05,0.00036237
wvma_20h,4h,2025-05,-0.046281,-0.03945,-0.046491,-0.00011582,-0.00016536,0.00037515
wvma_20h,4h,2025-06,-0.036554,-0.035429,-0.044974,0.00037156,-0.00032037,0.00034346
wvma_20h,4h,2025-07,-0.047839,-0.043558,-0.040357,-0.0002153,1.348e-05,5.034e-05
wvma_20h,4h,2025-08,-0.035809,-0.040067,-0.039758,-0.00145221,-0.00043198,-0.00029867
wvma_20h,4h,2025-09,-0.041064,-0.04157,-0.038499,-0.00185365,-0.00117372,-0.00074705
wvma_20h,4h,2025-10,-0.036913,-0.037928,-0.040743,-0.00190501,-0.00173696,-0.00086174
wvma_20h,4h,2025-11,-0.063864,-0.04728,-0.043674,-1.135e-05,-0.00125667,-0.00084433
wvma_20h,4h,2025-12,-0.026737,-0.042505,-0.042038,-0.00083662,-0.00091766,-0.00104569
wvma_20h,4h,2026-01,-0.041791,-0.044131,-0.04103,0.00020204,-0.00021531,-0.00097613
wvma_20h,4h,2026-02,-0.017116,-0.028548,-0.037914,-0.0006619,-0.00043216,-0.00084441
wvma_20h,4h,2026-03,-0.039227,-0.032711,-0.037608,-0.00020875,-0.00022287,-0.00057027
wvma_20h,4h,2026-04,-0.054283,-0.036875,-0.040503,-0.00128853,-0.00071973,-0.00046752
wvma_20h,4h,2026-05,-0.046845,-0.046785,-0.037667,-0.00110881,-0.0008687,-0.00065043
wvma_20h,4h,2026-06,-0.014889,-0.038672,-0.035692,-0.00160579,-0.00133438,-0.00077862
wvma_20h,72h,2024-06,-0.137604,-0.137604,-0.137604,0.01377748,0.01377748,0.01377748
wvma_20h,72h,2024-07,-0.077998,-0.107801,-0.107801,0.00128589,0.00753168,0.00753168
wvma_20h,72h,2024-08,-0.097537,-0.10438,-0.10438,0.00820673,0.0077567,0.0077567
wvma_20h,72h,2024-09,0.007009,-0.056175,-0.076533,-0.00831136,0.00039375,0.00373969
wvma_20h,72h,2024-10,-0.095949,-0.062159,-0.080416,0.00371858,0.00120465,0.00373546
wvma_20h,72h,2024-11,-0.054874,-0.047938,-0.076159,-0.00548524,-0.00335934,0.00219868
wvma_20h,72h,2024-12,-0.083057,-0.07796,-0.067068,0.00630869,0.00151401,0.00095388
wvma_20h,72h,2025-01,-0.162231,-0.100054,-0.081107,0.02575856,0.00886067,0.00503266
wvma_20h,72h,2025-02,-0.046695,-0.097328,-0.072633,-0.01164845,0.00680627,0.00172346
wvma_20h,72h,2025-03,-0.103388,-0.104105,-0.091032,0.01051912,0.00820974,0.00486188
wvma_20h,72h,2025-04,-0.006401,-0.052161,-0.076108,-0.01862821,-0.00658585,0.00113741
wvma_20h,72h,2025-05,-0.083114,-0.064301,-0.080814,-0.00601259,-0.00470723,0.00104952
wvma_20h,72h,2025-06,-0.076742,-0.055419,-0.079762,0.00049016,-0.00805021,7.977e-05
wvma_20h,72h,2025-07,-0.092584,-0.084146,-0.068154,-0.00192979,-0.00248407,-0.00453496
wvma_20h,72h,2025-08,-0.090048,-0.086458,-0.075379,-0.00683529,-0.00275831,-0.00373277
wvma_20h,72h,2025-09,-0.045585,-0.076072,-0.065746,-0.03327607,-0.01401372,-0.01103196
wvma_20h,72h,2025-10,-0.061208,-0.065614,-0.07488,-0.04136938,-0.02716025,-0.01482216
wvma_20h,72h,2025-11,-0.109966,-0.072253,-0.079355,-8.452e-05,-0.02490999,-0.01383415
wvma_20h,72h,2025-12,-0.043909,-0.071694,-0.073883,-0.00628665,-0.01591352,-0.01496362
wvma_20h,72h,2026-01,-0.10896,-0.087611,-0.076612,0.00126852,-0.00170088,-0.01443057
wvma_20h,72h,2026-02,-0.053302,-0.068724,-0.070488,-0.00316465,-0.00272759,-0.01381879
wvma_20h,72h,2026-03,-0.059018,-0.07376,-0.072727,-0.00480214,-0.00223276,-0.00907314
wvma_20h,72h,2026-04,-0.072355,-0.061558,-0.074585,-0.03651937,-0.01482872,-0.0082648
wvma_20h,72h,2026-05,-0.07672,-0.069364,-0.069044,-0.00875515,-0.01669222,-0.00970991
wvma_20h,72h,2026-06,-0.046906,-0.065327,-0.069543,-0.01890687,-0.0213938,-0.01181328
xs_rank_ret_1h,1h,2024-06,-0.012209,-0.012209,-0.012209,2.629e-05,2.629e-05,2.629e-05
xs_rank_ret_1h,1h,2024-07,-0.009161,-0.010685,-0.010685,0.00034936,0.00018782,0.00018782
xs_rank_ret_1h,1h,2024-08,-0.035786,-0.019052,-0.019052,-2.052e-05,0.00011838,0.00011838
xs_rank_ret_1h,1h,2024-09,-0.05473,-0.033226,-0.027972,-0.00040171,-2.429e-05,-1.165e-05
xs_rank_ret_1h,1h,2024-10,-0.050826,-0.047114,-0.032543,-0.00034134,-0.00025452,-7.758e-05
xs_rank_ret_1h,1h,2024-11,-0.038101,-0.047886,-0.033469,-3.506e-05,-0.00025937,-7.05e-05
xs_rank_ret_1h,1h,2024-12,-0.056495,-0.048474,-0.04085,-0.00051968,-0.00029869,-0.00016149
xs_rank_ret_1h,1h,2025-01,-0.034278,-0.042958,-0.045036,-0.00029434,-0.00028303,-0.00026878
xs_rank_ret_1h,1h,2025-02,-0.031779,-0.040851,-0.044368,-0.00035465,-0.00038956,-0.00032446
xs_rank_ret_1h,1h,2025-03,-0.02575,-0.030602,-0.039538,1.962e-05,-0.00020979,-0.00025424
xs_rank_ret_1h,1h,2025-04,-0.048077,-0.035202,-0.03908,-0.00063004,-0.00032169,-0.00030236
xs_rank_ret_1h,1h,2025-05,-0.041827,-0.038551,-0.039701,-0.0003963,-0.00033557,-0.00036257
xs_rank_ret_1h,1h,2025-06,-0.022356,-0.03742,-0.034011,-6.571e-05,-0.00036402,-0.0002869
xs_rank_ret_1h,1h,2025-07,-0.040611,-0.034932,-0.035067,-5.845e-05,-0.00017349,-0.00024759
xs_rank_ret_1h,1h,2025-08,-0.049064,-0.037344,-0.037948,-0.00013727,-8.714e-05,-0.00021136
xs_rank_ret_1h,1h,2025-09,-0.033135,-0.040937,-0.039178,9.34e-06,-6.213e-05,-0.00021307
xs_rank_ret_1h,1h,2025-10,-0.040119,-0.040773,-0.037852,5.91e-06,-4.067e-05,-0.00010708
xs_rank_ret_1h,1h,2025-11,-0.043308,-0.038854,-0.038099,-6.144e-05,-1.54e-05,-5.127e-05
xs_rank_ret_1h,1h,2025-12,-0.033034,-0.03882,-0.039879,0.00036823,0.00010423,2.105e-05
xs_rank_ret_1h,1h,2026-01,-0.041611,-0.039318,-0.040045,-0.00020355,3.441e-05,-3.13e-06
xs_rank_ret_1h,1h,2026-02,-0.031192,-0.035279,-0.037066,2.266e-05,6.245e-05,2.353e-05
xs_rank_ret_1h,1h,2026-03,-0.023652,-0.032151,-0.035486,0.0001572,-7.9e-06,4.817e-05
xs_rank_ret_1h,1h,2026-04,-0.029799,-0.028214,-0.033766,0.00037976,0.00018654,0.00011048
xs_rank_ret_1h,1h,2026-05,-0.042675,-0.032042,-0.03366,-0.00054966,-4.23e-06,2.911e-05
xs_rank_ret_1h,1h,2026-06,-0.050009,-0.040828,-0.036489,-0.00032229,-0.00016406,-8.598e-05
xs_rank_ret_1h,24h,2024-06,0.004122,0.004122,0.004122,0.00089591,0.00089591,0.00089591
xs_rank_ret_1h,24h,2024-07,-0.00477,-0.000324,-0.000324,0.00075144,0.00082368,0.00082368
xs_rank_ret_1h,24h,2024-08,-0.010256,-0.003635,-0.003635,-0.00016926,0.0004927,0.0004927
xs_rank_ret_1h,24h,2024-09,-0.010715,-0.008581,-0.005405,-0.00081067,-7.616e-05,0.00016686
xs_rank_ret_1h,24h,2024-10,-0.014722,-0.011898,-0.007269,-0.00094232,-0.00064075,-5.498e-05
xs_rank_ret_1h,24h,2024-11,-0.008921,-0.011453,-0.007544,0.00046566,-0.00042911,3.179e-05
xs_rank_ret_1h,24h,2024-12,-0.023613,-0.015752,-0.012166,-0.00166048,-0.00071238,-0.00039427
xs_rank_ret_1h,24h,2025-01,0.000643,-0.01063,-0.011264,0.00141357,7.292e-05,-0.00028392
xs_rank_ret_1h,24h,2025-02,-0.003274,-0.008748,-0.0101,0.00079019,0.00018109,-0.00012401
xs_rank_ret_1h,24h,2025-03,-0.00798,-0.003537,-0.009645,-0.00026244,0.00064711,-3.264e-05
xs_rank_ret_1h,24h,2025-04,-0.013276,-0.008177,-0.009404,-0.00013182,0.00013198,0.00010245
xs_rank_ret_1h,24h,2025-05,-0.01483,-0.012029,-0.010388,0.00082447,0.0001434,0.00016225
xs_rank_ret_1h,24h,2025-06,-0.010065,-0.012724,-0.00813,-0.00055901,4.455e-05,0.00034583
xs_rank_ret_1h,24h,2025-07,-0.012452,-0.012449,-0.010313,0.00089467,0.00038671,0.00025934
xs_rank_ret_1h,24h,2025-08,-0.006644,-0.00972,-0.010874,0.00271038,0.00101535,0.00057938
xs_rank_ret_1h,24h,2025-09,-0.01037,-0.009822,-0.011273,0.00186982,0.00182496,0.00093475
xs_rank_ret_1h,24h,2025-10,-0.015052,-0.010688,-0.011569,0.00146211,0.0020141,0.00120041
xs_rank_ret_1h,24h,2025-11,-0.013813,-0.013078,-0.011399,0.00062438,0.00131877,0.00116706
xs_rank_ret_1h,24h,2025-12,-0.017574,-0.01548,-0.012651,-0.0012623,0.00027473,0.00104984
xs_rank_ret_1h,24h,2026-01,-0.012248,-0.014545,-0.012617,0.00109517,0.00015242,0.00108326
xs_rank_ret_1h,24h,2026-02,-0.019675,-0.016499,-0.014789,-0.00042075,-0.00019596,0.0005614
xs_rank_ret_1h,24h,2026-03,-0.020656,-0.017526,-0.016503,-0.000494,6.014e-05,0.00016743
xs_rank_ret_1h,24h,2026-04,-0.02523,-0.021854,-0.018199,8.596e-05,-0.00027626,-6.192e-05
xs_rank_ret_1h,24h,2026-05,-0.015306,-0.020397,-0.018448,-0.00142303,-0.00061036,-0.00040316
xs_rank_ret_1h,24h,2026-06,-0.006596,-0.015711,-0.016619,0.00401427,0.0008924,0.00047627
xs_rank_ret_1h,4h,2024-06,-0.017087,-0.017087,-0.017087,-0.00018223,-0.00018223,-0.00018223
xs_rank_ret_1h,4h,2024-07,-0.013582,-0.015334,-0.015334,0.00047409,0.00014593,0.00014593
xs_rank_ret_1h,4h,2024-08,-0.032738,-0.021136,-0.021136,-0.0004021,-3.675e-05,-3.675e-05
xs_rank_ret_1h,4h,2024-09,-0.040354,-0.028892,-0.02594,-0.00082384,-0.00025062,-0.00023352
xs_rank_ret_1h,4h,2024-10,-0.039887,-0.03766,-0.02873,-0.00067708,-0.00063434,-0.00032223
xs_rank_ret_1h,4h,2024-11,-0.024568,-0.034937,-0.028036,0.00037578,-0.00037505,-0.0002059
xs_rank_ret_1h,4h,2024-12,-0.055834,-0.040096,-0.034494,-0.00160287,-0.00063472,-0.00044267
xs_rank_ret_1h,4h,2025-01,-0.00476,-0.028387,-0.033024,0.00110958,-3.917e-05,-0.00033676
xs_rank_ret_1h,4h,2025-02,-0.005325,-0.021973,-0.028455,0.00100576,0.00017082,-0.00010211
xs_rank_ret_1h,4h,2025-03,-0.02559,-0.011892,-0.025994,-2.537e-05,0.00069666,3.097e-05
xs_rank_ret_1h,4h,2025-04,-0.038778,-0.023231,-0.025809,-0.00087493,3.515e-05,-2.01e-06
xs_rank_ret_1h,4h,2025-05,-0.011973,-0.025447,-0.02371,0.00050864,-0.00013055,2.014e-05
xs_rank_ret_1h,4h,2025-06,-0.029138,-0.02663,-0.019261,-0.00061349,-0.00032659,0.00018503
xs_rank_ret_1h,4h,2025-07,-0.035055,-0.025389,-0.02431,-0.00012973,-7.819e-05,-2.152e-05
xs_rank_ret_1h,4h,2025-08,-0.041241,-0.035145,-0.030296,-0.00032437,-0.00035586,-0.00024321
xs_rank_ret_1h,4h,2025-09,-0.027778,-0.034691,-0.03066,6.316e-05,-0.00013031,-0.00022845
xs_rank_ret_1h,4h,2025-10,-0.025139,-0.031386,-0.028387,0.0011626,0.00030046,0.00011114
xs_rank_ret_1h,4h,2025-11,-0.029676,-0.027531,-0.031338,0.00049365,0.00057314,0.00010864
xs_rank_ret_1h,4h,2025-12,-0.034467,-0.029761,-0.032226,-0.00023943,0.00047227,0.00017098
xs_rank_ret_1h,4h,2026-01,-0.029531,-0.031225,-0.031305,-0.0001839,2.344e-05,0.00016195
xs_rank_ret_1h,4h,2026-02,-0.017754,-0.027251,-0.027391,0.00057785,5.151e-05,0.00031232
xs_rank_ret_1h,4h,2026-03,-0.027005,-0.024763,-0.027262,9.267e-05,0.00016221,0.00031724
xs_rank_ret_1h,4h,2026-04,-0.0299,-0.024886,-0.028055,1.87e-05,0.00022974,0.00012659
xs_rank_ret_1h,4h,2026-05,-0.032075,-0.02966,-0.028455,-0.0008661,-0.00025158,-0.00010003
xs_rank_ret_1h,4h,2026-06,-0.037813,-0.033263,-0.029013,-0.00029965,-0.00038235,-0.00011007
xs_rank_ret_1h,72h,2024-06,0.021383,0.021383,0.021383,0.00319706,0.00319706,0.00319706
xs_rank_ret_1h,72h,2024-07,0.002013,0.011698,0.011698,0.0002084,0.00170273,0.00170273
xs_rank_ret_1h,72h,2024-08,0.00152,0.008305,0.008305,0.00109847,0.00150131,0.00150131
xs_rank_ret_1h,72h,2024-09,-0.007123,-0.001197,0.004448,-0.00025464,0.00035074,0.00106232
xs_rank_ret_1h,72h,2024-10,-0.011292,-0.005632,0.0013,-0.00181438,-0.00032352,0.00048698
xs_rank_ret_1h,72h,2024-11,0.007305,-0.003703,0.002301,0.0040232,0.00065139,0.00107635
xs_rank_ret_1h,72h,2024-12,-0.014766,-0.006251,-0.003724,-0.00148544,0.00024113,0.00029594
xs_rank_ret_1h,72h,2025-01,0.017521,0.003354,-0.001139,0.00466154,0.00239977,0.00103812
xs_rank_ret_1h,72h,2025-02,-0.006629,-0.001291,-0.002497,-0.00010831,0.0010226,0.00083699
xs_rank_ret_1h,72h,2025-03,-0.004318,0.002191,-0.00203,-0.00164597,0.00096909,0.00060511
xs_rank_ret_1h,72h,2025-04,-0.010122,-0.007023,-0.001835,-0.00064695,-0.00080041,0.00079968
xs_rank_ret_1h,72h,2025-05,-0.00873,-0.007723,-0.004507,0.00184666,-0.00014875,0.00043692
xs_rank_ret_1h,72h,2025-06,-0.018319,-0.01239,-0.005099,-0.0018574,-0.00021923,0.00037493
xs_rank_ret_1h,72h,2025-07,-0.007513,-0.011521,-0.009272,0.00024969,7.965e-05,-0.00036038
xs_rank_ret_1h,72h,2025-08,-0.013265,-0.013032,-0.010378,0.01172708,0.00337312,0.00161219
xs_rank_ret_1h,72h,2025-09,-0.003534,-0.008104,-0.010247,0.00739686,0.00645788,0.00311932
xs_rank_ret_1h,72h,2025-10,-0.006718,-0.007839,-0.00968,0.00352748,0.00755047,0.00381506
xs_rank_ret_1h,72h,2025-11,-0.002208,-0.004153,-0.008593,-0.00250299,0.00280712,0.00309012
xs_rank_ret_1h,72h,2025-12,-0.011336,-0.006754,-0.007429,-0.00143878,-0.0001381,0.00315989
xs_rank_ret_1h,72h,2026-01,-0.002515,-0.005353,-0.006596,0.00203934,-0.00063414,0.00345816
xs_rank_ret_1h,72h,2026-02,-0.00692,-0.006924,-0.005538,0.00076225,0.00045427,0.00163069
xs_rank_ret_1h,72h,2026-03,-0.008447,-0.00596,-0.006357,0.00011733,0.00097297,0.00041744
xs_rank_ret_1h,72h,2026-04,-0.013404,-0.00959,-0.007472,0.00292443,0.001268,0.00031693
xs_rank_ret_1h,72h,2026-05,-0.004243,-0.008698,-0.007811,0.00066197,0.00123458,0.00084442
xs_rank_ret_1h,72h,2026-06,0.002992,-0.004885,-0.005423,0.00425234,0.00261291,0.00179294
xs_rank_vol,1h,2024-06,-0.031782,-0.031782,-0.031782,-8.251e-05,-8.251e-05,-8.251e-05
xs_rank_vol,1h,2024-07,-0.025306,-0.028544,-0.028544,-6.604e-05,-7.428e-05,-7.428e-05
xs_rank_vol,1h,2024-08,-0.023639,-0.026909,-0.026909,-3.679e-05,-6.178e-05,-6.178e-05
xs_rank_vol,1h,2024-09,-0.016886,-0.021944,-0.024403,0.00012271,6.63e-06,-1.566e-05
xs_rank_vol,1h,2024-10,-0.02497,-0.021832,-0.024516,-1.88e-05,2.237e-05,-1.629e-05
xs_rank_vol,1h,2024-11,-0.019097,-0.020318,-0.023613,0.00027508,0.00012633,3.227e-05
xs_rank_vol,1h,2024-12,-0.018223,-0.020763,-0.021353,-0.00015973,3.218e-05,1.94e-05
xs_rank_vol,1h,2025-01,-0.037805,-0.025042,-0.023437,-0.00029456,-5.974e-05,-1.868e-05
xs_rank_vol,1h,2025-02,-0.021101,-0.025709,-0.023014,-2.474e-05,-0.00015968,-1.667e-05
xs_rank_vol,1h,2025-03,-0.020749,-0.026552,-0.023657,-0.00023925,-0.00018618,-7.7e-05
xs_rank_vol,1h,2025-04,-0.011812,-0.017887,-0.021464,0.00017959,-2.813e-05,-4.394e-05
xs_rank_vol,1h,2025-05,-0.022739,-0.018433,-0.022071,5.712e-05,-8.5e-07,-8.026e-05
xs_rank_vol,1h,2025-06,-0.017583,-0.017378,-0.021965,-9.081e-05,4.863e-05,-6.877e-05
xs_rank_vol,1h,2025-07,-0.016164,-0.018829,-0.018358,9.244e-05,1.958e-05,-4.27e-06
xs_rank_vol,1h,2025-08,-0.020076,-0.017941,-0.018187,7.625e-05,2.596e-05,1.256e-05
xs_rank_vol,1h,2025-09,-0.01503,-0.01709,-0.017234,0.00028795,0.00015221,0.00010042
xs_rank_vol,1h,2025-10,-0.014668,-0.016591,-0.01771,-2.656e-05,0.00011255,6.606e-05
xs_rank_vol,1h,2025-11,-0.015331,-0.01501,-0.016475,-0.00010395,5.248e-05,3.922e-05
xs_rank_vol,1h,2025-12,-0.019403,-0.016467,-0.016778,1.76e-06,-4.292e-05,5.465e-05
xs_rank_vol,1h,2026-01,-0.015559,-0.016764,-0.016678,1.662e-05,-2.852e-05,4.201e-05
xs_rank_vol,1h,2026-02,-0.01204,-0.015667,-0.015338,-0.00011377,-3.18e-05,1.034e-05
xs_rank_vol,1h,2026-03,-0.013478,-0.013692,-0.01508,-4.531e-05,-4.749e-05,-4.52e-05
xs_rank_vol,1h,2026-04,-0.01644,-0.013986,-0.015375,0.0002627,3.454e-05,3.01e-06
xs_rank_vol,1h,2026-05,-0.014278,-0.014732,-0.0152,5.59e-05,9.11e-05,2.965e-05
xs_rank_vol,1h,2026-06,-0.004943,-0.011887,-0.01279,-0.00018484,4.459e-05,-1.45e-06
xs_rank_vol,24h,2024-06,-0.080879,-0.080879,-0.080879,-0.00275074,-0.00275074,-0.00275074
xs_rank_vol,24h,2024-07,-0.060129,-0.070504,-0.070504,-0.00072308,-0.00173691,-0.00173691
xs_rank_vol,24h,2024-08,-0.066979,-0.069329,-0.069329,-0.00197577,-0.00181653,-0.00181653
xs_rank_vol,24h,2024-09,-0.016901,-0.048003,-0.056222,0.00259169,-3.572e-05,-0.00071448
xs_rank_vol,24h,2024-10,-0.063177,-0.049019,-0.057613,-0.00040339,7.084e-05,-0.00065226
xs_rank_vol,24h,2024-11,-0.035434,-0.038504,-0.053917,0.00620701,0.00279844,0.00049095
xs_rank_vol,24h,2024-12,-0.067037,-0.055216,-0.05161,-0.00519523,0.0002028,8.354e-05
xs_rank_vol,24h,2025-01,-0.09969,-0.067387,-0.058203,-0.00739676,-0.00212833,-0.00102874
xs_rank_vol,24h,2025-02,-0.069015,-0.078581,-0.058542,-0.0008611,-0.00448436,-0.00084296
xs_rank_vol,24h,2025-03,-0.057349,-0.075351,-0.065284,-0.00539963,-0.0045525,-0.00217485
xs_rank_vol,24h,2025-04,-0.011122,-0.045829,-0.056608,0.00245582,-0.0012683,-0.00169831
xs_rank_vol,24h,2025-05,-0.072189,-0.046887,-0.062734,-0.00068625,-0.00121002,-0.00284719
xs_rank_vol,24h,2025-06,-0.040348,-0.04122,-0.058286,-0.00107146,0.0002327,-0.0021599
xs_rank_vol,24h,2025-07,-0.035488,-0.049342,-0.047585,0.00426906,0.00083712,-0.00021559
xs_rank_vol,24h,2025-08,-0.078128,-0.051321,-0.049104,0.00029435,0.00116398,-2.302e-05
xs_rank_vol,24h,2025-09,-0.035477,-0.049698,-0.045459,0.00577761,0.00344701,0.00183985
xs_rank_vol,24h,2025-10,-0.05362,-0.055742,-0.052542,-0.00364733,0.00080821,0.00082266
xs_rank_vol,24h,2025-11,-0.067943,-0.052347,-0.051834,-0.00314885,-0.00033952,0.00041223
xs_rank_vol,24h,2025-12,-0.05471,-0.058758,-0.054228,-0.00022616,-0.00234078,0.00055311
xs_rank_vol,24h,2026-01,-0.050051,-0.057568,-0.056655,6.503e-05,-0.00110333,-0.00014756
xs_rank_vol,24h,2026-02,-0.052433,-0.052398,-0.052372,-0.00334338,-0.00116817,-0.00075385
xs_rank_vol,24h,2026-03,-0.054314,-0.052266,-0.055512,-0.00157815,-0.00161883,-0.00197981
xs_rank_vol,24h,2026-04,-0.051904,-0.052884,-0.055226,0.00536847,0.00014898,-0.00047717
xs_rank_vol,24h,2026-05,-0.048685,-0.051635,-0.052016,0.00072358,0.00150463,0.00016823
xs_rank_vol,24h,2026-06,-0.033364,-0.044651,-0.048459,-0.00450146,0.0005302,-0.00054432
xs_rank_vol,4h,2024-06,-0.038911,-0.038911,-0.038911,-0.00036626,-0.00036626,-0.00036626
xs_rank_vol,4h,2024-07,-0.032825,-0.035868,-0.035868,-0.00022003,-0.00029314,-0.00029314
xs_rank_vol,4h,2024-08,-0.029563,-0.033767,-0.033767,-0.00023092,-0.0002724,-0.0002724
xs_rank_vol,4h,2024-09,-0.020531,-0.02764,-0.030458,0.00056569,3.825e-05,-6.288e-05
xs_rank_vol,4h,2024-10,-0.034948,-0.028347,-0.031356,-9.441e-05,8.012e-05,-6.919e-05
xs_rank_vol,4h,2024-11,-0.025605,-0.027028,-0.030397,0.00107356,0.00051495,0.00012127
xs_rank_vol,4h,2024-12,-0.033746,-0.031433,-0.029536,-0.00056209,0.00013902,8.863e-05
xs_rank_vol,4h,2025-01,-0.052372,-0.037241,-0.032794,-0.00108456,-0.00019103,-5.545e-05
xs_rank_vol,4h,2025-02,-0.034467,-0.040195,-0.033611,-0.00018189,-0.00060951,-4.728e-05
xs_rank_vol,4h,2025-03,-0.033109,-0.039983,-0.035708,-0.00096789,-0.00074478,-0.00030288
xs_rank_vol,4h,2025-04,-0.01529,-0.027622,-0.032432,0.00056943,-0.00019345,-0.00019224
xs_rank_vol,4h,2025-05,-0.034861,-0.027753,-0.033974,9.561e-05,-0.00010095,-0.00035523
xs_rank_vol,4h,2025-06,-0.024034,-0.024728,-0.032356,-0.00026306,0.00013399,-0.00030539
xs_rank_vol,4h,2025-07,-0.022923,-0.027273,-0.027448,0.00052481,0.00011912,-3.717e-05
xs_rank_vol,4h,2025-08,-0.035845,-0.027601,-0.027677,0.00029516,0.00018564,4.234e-05
xs_rank_vol,4h,2025-09,-0.020801,-0.026523,-0.025626,0.00103589,0.00061862,0.00037631
xs_rank_vol,4h,2025-10,-0.024356,-0.027,-0.027137,-0.00011886,0.00040406,0.00026159
xs_rank_vol,4h,2025-11,-0.029761,-0.024973,-0.026287,-0.00036628,0.00018358,0.00018461
xs_rank_vol,4h,2025-12,-0.031519,-0.028545,-0.027534,0.00011171,-0.00012448,0.00024707
xs_rank_vol,4h,2026-01,-0.0231,-0.028127,-0.027564,9.153e-05,-5.435e-05,0.00017486
xs_rank_vol,4h,2026-02,-0.023334,-0.025984,-0.025478,-0.00046724,-8.8e-05,4.779e-05
xs_rank_vol,4h,2026-03,-0.027841,-0.024758,-0.026652,-0.00018516,-0.00018696,-0.00015572
xs_rank_vol,4h,2026-04,-0.030436,-0.027204,-0.027665,0.00097679,0.00010813,2.689e-05
xs_rank_vol,4h,2026-05,-0.025304,-0.02786,-0.026922,0.00029859,0.00036341,0.0001377
xs_rank_vol,4h,2026-06,-0.015081,-0.023607,-0.024183,-0.00096071,0.00010489,-4.103e-05
xs_rank_vol,72h,2024-06,-0.104659,-0.104659,-0.104659,-0.0101694,-0.0101694,-0.0101694
xs_rank_vol,72h,2024-07,-0.089129,-0.096894,-0.096894,-0.00064041,-0.0054049,-0.0054049
xs_rank_vol,72h,2024-08,-0.091395,-0.095061,-0.095061,-0.0095617,-0.0067905,-0.0067905
xs_rank_vol,72h,2024-09,0.000553,-0.05999,-0.071157,0.00516572,-0.0016788,-0.00380145
xs_rank_vol,72h,2024-10,-0.077253,-0.056031,-0.072376,0.00129258,-0.00103447,-0.00278264
xs_rank_vol,72h,2024-11,-0.034458,-0.037052,-0.066057,0.01921921,0.00855917,0.00088433
xs_rank_vol,72h,2024-12,-0.072139,-0.061283,-0.060637,-0.01190186,0.00286998,0.00059559
xs_rank_vol,72h,2025-01,-0.158689,-0.088429,-0.07223,-0.02167736,-0.00478667,-0.00291057
xs_rank_vol,72h,2025-02,-0.069084,-0.099971,-0.068512,0.00081184,-0.01092246,-0.00118164
xs_rank_vol,72h,2025-03,-0.078175,-0.101983,-0.081633,-0.01391202,-0.01159251,-0.00436127
xs_rank_vol,72h,2025-04,0.014346,-0.044304,-0.066367,0.00493422,-0.00272199,-0.00375433
xs_rank_vol,72h,2025-05,-0.097917,-0.053915,-0.076943,-0.0022088,-0.00372887,-0.00732566
xs_rank_vol,72h,2025-06,-0.066008,-0.04986,-0.075921,0.00053329,0.00108624,-0.00525314
xs_rank_vol,72h,2025-07,-0.031176,-0.065033,-0.054669,0.0083924,0.00223896,-0.00024151
xs_rank_vol,72h,2025-08,-0.105144,-0.067442,-0.060679,-0.00266429,0.00208713,-0.00082087
xs_rank_vol,72h,2025-09,-0.02896,-0.055093,-0.052476,0.00599157,0.00390656,0.0024964
xs_rank_vol,72h,2025-10,-0.085553,-0.073219,-0.069126,0.00222012,0.00184913,0.00204405
xs_rank_vol,72h,2025-11,-0.078763,-0.064426,-0.065934,-0.00975066,-0.00051299,0.00078707
xs_rank_vol,72h,2025-12,-0.054562,-0.072959,-0.064026,-0.00577331,-0.00443462,-0.00026403
xs_rank_vol,72h,2026-01,-0.072425,-0.068584,-0.070901,-0.00688843,-0.0074708,-0.00281083
xs_rank_vol,72h,2026-02,-0.073332,-0.066773,-0.065599,-0.00572773,-0.00612982,-0.00332141
xs_rank_vol,72h,2026-03,-0.061601,-0.069119,-0.071039,-0.00781787,-0.00681134,-0.00562298
xs_rank_vol,72h,2026-04,-0.061674,-0.065536,-0.06706,0.00896347,-0.00152738,-0.00449909
xs_rank_vol,72h,2026-05,-0.078859,-0.067378,-0.067076,-0.00273548,-0.00052996,-0.00332989
xs_rank_vol,72h,2026-06,-0.02571,-0.055415,-0.062267,-0.00306341,0.00105486,-0.00287824
clv_20h,1h,2024-06,0.00956,0.00956,0.00956,4.01e-06,4.01e-06,4.01e-06
clv_20h,1h,2024-07,-0.003202,0.003179,0.003179,-2.934e-05,-1.266e-05,-1.266e-05
clv_20h,1h,2024-08,-0.006796,-0.000146,-0.000146,-8.994e-05,-3.842e-05,-3.842e-05
clv_20h,1h,2024-09,-0.01001,-0.006669,-0.002612,-0.00015298,-9.075e-05,-6.706e-05
clv_20h,1h,2024-10,-0.010372,-0.009059,-0.004164,-0.00022444,-0.00015579,-9.854e-05
clv_20h,1h,2024-11,0.014784,-0.001866,-0.001006,0.00020476,-5.755e-05,-4.799e-05
clv_20h,1h,2024-12,-0.008408,-0.001332,-0.004001,-0.00013718,-5.229e-05,-7.152e-05
clv_20h,1h,2025-01,0.018151,0.008176,-0.000442,0.0002281,9.856e-05,-2.861e-05
clv_20h,1h,2025-02,0.010664,0.006802,0.002468,0.00013708,7.6e-05,9.22e-06
clv_20h,1h,2025-03,-0.006287,0.007509,0.003088,-0.00031135,1.794e-05,-1.717e-05
clv_20h,1h,2025-04,-0.004397,-7e-06,0.004084,-0.00016476,-0.00011301,-7.22e-06
clv_20h,1h,2025-05,-0.01085,-0.007178,-0.000188,-0.00022676,-0.00023429,-7.915e-05
clv_20h,1h,2025-06,-0.006297,-0.007181,0.000164,-0.00011631,-0.00016928,-7.567e-05
clv_20h,1h,2025-07,-0.007565,-0.008237,-0.004122,-7.726e-05,-0.00014011,-0.00012656
clv_20h,1h,2025-08,-0.00252,-0.005461,-0.006319,0.00017773,-5.28e-06,-0.00011979
clv_20h,1h,2025-09,-0.006785,-0.005623,-0.006402,-0.00016293,-2.082e-05,-9.505e-05
clv_20h,1h,2025-10,-0.00822,-0.005842,-0.007039,0.00012236,4.572e-05,-4.72e-05
clv_20h,1h,2025-11,-0.001482,-0.005496,-0.005478,-0.00017029,-7.029e-05,-3.778e-05
clv_20h,1h,2025-12,-0.013111,-0.007604,-0.006614,-0.00019267,-8.02e-05,-5.051e-05
clv_20h,1h,2026-01,-0.003629,-0.006074,-0.005958,0.00014148,-7.383e-05,-1.405e-05
clv_20h,1h,2026-02,-0.003298,-0.006679,-0.006087,0.00027406,7.429e-05,2e-06
clv_20h,1h,2026-03,-0.006014,-0.004314,-0.005959,-0.0002009,7.155e-05,-4.33e-06
clv_20h,1h,2026-04,-0.007471,-0.005594,-0.005834,5.222e-05,4.179e-05,-1.602e-05
clv_20h,1h,2026-05,-0.007827,-0.007104,-0.006892,-0.00022489,-0.00012452,-2.512e-05
clv_20h,1h,2026-06,-0.002958,-0.006085,-0.0052,0.00018069,2.67e-06,3.711e-05
clv_20h,24h,2024-06,0.04593,0.04593,0.04593,0.00273256,0.00273256,0.00273256
clv_20h,24h,2024-07,-2.4e-05,0.022953,0.022953,0.00051562,0.00162409,0.00162409
clv_20h,24h,2024-08,0.024888,0.023598,0.023598,0.00104573,0.0014313,0.0014313
clv_20h,24h,2024-09,-0.008356,0.005503,0.015609,-0.00124844,0.0001043,0.00076137
clv_20h,24h,2024-10,0.003589,0.006707,0.013205,-0.00414936,-0.00145069,-0.00022078
clv_20h,24h,2024-11,0.061211,0.018815,0.021206,0.0042971,-0.0003669,0.0005322
clv_20h,24h,2024-12,0.004545,0.023115,0.014309,-0.00165115,-0.00050114,-0.00019842
clv_20h,24h,2025-01,0.071883,0.04588,0.026293,0.00937744,0.0040078,0.00127855
clv_20h,24h,2025-02,0.061614,0.046014,0.032414,0.0067881,0.00483813,0.00223562
clv_20h,24h,2025-03,0.015871,0.049789,0.036452,0.00139701,0.00585418,0.00267652
clv_20h,24h,2025-04,-0.002055,0.025143,0.035511,0.00076521,0.00298344,0.00349562
clv_20h,24h,2025-05,-0.015761,-0.000648,0.022683,-0.00164125,0.00017366,0.00250589
clv_20h,24h,2025-06,-0.008067,-0.008628,0.020581,0.00030366,-0.00019079,0.00283169
clv_20h,24h,2025-07,0.018651,-0.001725,0.011709,0.00088547,-0.00015071,0.00141637
clv_20h,24h,2025-08,0.029878,0.013487,0.006419,0.00451562,0.00190158,0.00103762
clv_20h,24h,2025-09,0.000475,0.016335,0.003853,-0.00056363,0.00161249,0.00071085
clv_20h,24h,2025-10,0.007438,0.012597,0.005436,0.00216221,0.00203807,0.00094368
clv_20h,24h,2025-11,0.010424,0.006112,0.0098,-0.00266915,-0.00035686,0.00077236
clv_20h,24h,2025-12,-0.007267,0.003532,0.009933,-0.00566945,-0.0020588,-0.00022316
clv_20h,24h,2026-01,0.001216,0.001458,0.007027,0.00031288,-0.00267524,-0.00031859
clv_20h,24h,2026-02,-0.013325,-0.006459,-0.000173,-0.00012134,-0.00182597,-0.00109141
clv_20h,24h,2026-03,-0.009518,-0.007209,-0.001838,-0.00173032,-0.00051293,-0.00128586
clv_20h,24h,2026-04,-0.013805,-0.012216,-0.005379,0.00296642,0.00037159,-0.00115183
clv_20h,24h,2026-05,0.003132,-0.00673,-0.006594,0.00221926,0.00115179,-0.00033709
clv_20h,24h,2026-06,0.019847,0.003058,-0.002075,0.00949868,0.00489479,0.00219093
clv_20h,4h,2024-06,0.01493,0.01493,0.01493,0.00018241,0.00018241,0.00018241
clv_20h,4h,2024-07,-0.003458,0.005736,0.005736,-6.563e-05,5.839e-05,5.839e-05
clv_20h,4h,2024-08,-0.011679,-6.9e-05,-6.9e-05,-0.00029432,-5.918e-05,-5.918e-05
clv_20h,4h,2024-09,-0.00247,-0.005869,-0.000669,-0.00034937,-0.00023644,-0.00013173
clv_20h,4h,2024-10,-0.009695,-0.007948,-0.002475,-0.0004763,-0.00037333,-0.00020064
clv_20h,4h,2024-11,0.033187,0.007007,0.003469,0.00059956,-7.537e-05,-6.728e-05
clv_20h,4h,2024-12,-0.002414,0.007026,0.000578,-0.0002147,-3.048e-05,-0.00013346
clv_20h,4h,2025-01,0.023075,0.017949,0.005001,0.0006864,0.00035709,-8.12e-06
clv_20h,4h,2025-02,0.017335,0.012666,0.009836,0.00076831,0.00041334,0.00016898
clv_20h,4h,2025-03,-0.009076,0.010445,0.008735,-0.00082433,0.00021013,8.982e-05
clv_20h,4h,2025-04,0.002458,0.003572,0.010761,0.00018062,4.153e-05,0.00019931
clv_20h,4h,2025-05,-0.014263,-0.00696,0.002853,-0.00049224,-0.00037865,1.734e-05
clv_20h,4h,2025-06,-0.009284,-0.00703,0.001708,-0.00020295,-0.00017152,1.93e-05
clv_20h,4h,2025-07,-0.001236,-0.008261,-0.002344,0.0001895,-0.00016856,-6.351e-05
clv_20h,4h,2025-08,0.013069,0.00085,-0.003055,0.00109586,0.0003608,-8.92e-06
clv_20h,4h,2025-09,0.003979,0.005271,-0.00088,-8.777e-05,0.0003992,0.00011384
clv_20h,4h,2025-10,-0.005742,0.003769,-0.002246,0.00062937,0.00054582,0.00018863
clv_20h,4h,2025-11,0.002926,0.000388,0.000619,-0.00030081,8.026e-05,0.00022053
clv_20h,4h,2025-12,-0.018676,-0.007164,-0.000947,-0.0009407,-0.00020405,9.757e-05
clv_20h,4h,2026-01,0.003012,-0.004246,-0.000239,0.00069394,-0.00018252,0.00018165
clv_20h,4h,2026-02,-0.006301,-0.007322,-0.003467,0.00089282,0.00021535,0.00014781
clv_20h,4h,2026-03,-0.012262,-0.005184,-0.006174,-0.00050648,0.00036009,7.802e-05
clv_20h,4h,2026-04,-0.011052,-0.009872,-0.007059,0.00043774,0.00027469,4.609e-05
clv_20h,4h,2026-05,-0.012566,-0.01196,-0.009641,-0.00045537,-0.0001747,2.032e-05
clv_20h,4h,2026-06,0.002964,-0.006885,-0.006034,0.00135583,0.00044607,0.00040308
clv_20h,72h,2024-06,0.052538,0.052538,0.052538,0.0067293,0.0067293,0.0067293
clv_20h,72h,2024-07,-0.009644,0.021447,0.021447,-0.00506791,0.00083069,0.00083069
clv_20h,72h,2024-08,0.033485,0.02546,0.02546,0.00417504,0.00194548,0.00194548
clv_20h,72h,2024-09,-0.01799,0.00195,0.014597,-0.00575158,-0.00221482,2.121e-05
clv_20h,72h,2024-10,-0.016991,-0.000499,0.00828,-0.00855371,-0.00337675,-0.00169377
clv_20h,72h,2024-11,0.084345,0.016455,0.020957,0.01212711,-0.00072606,0.00060971
clv_20h,72h,2024-12,0.00177,0.023042,0.012496,-0.00724046,-0.00122235,-0.00171859
clv_20h,72h,2025-01,0.097959,0.061358,0.03043,0.02065591,0.00851419,0.00256872
clv_20h,72h,2025-02,0.021514,0.040415,0.028435,0.00017914,0.00453153,0.00190273
clv_20h,72h,2025-03,0.027728,0.049067,0.036054,0.00165207,0.00749571,0.00313668
clv_20h,72h,2025-04,-0.004076,0.015055,0.038207,0.00029419,0.00070847,0.00461133
clv_20h,72h,2025-05,-0.01813,0.001841,0.021128,-0.00328055,-0.00044476,0.00204338
clv_20h,72h,2025-06,-0.024006,-0.015404,0.016832,-0.00142441,-0.00147026,0.00301272
clv_20h,72h,2025-07,0.03976,-0.000792,0.007132,-0.00116131,-0.00195542,-0.00062348
clv_20h,72h,2025-08,0.027358,0.014371,0.008106,0.00438294,0.00059907,7.716e-05
clv_20h,72h,2025-09,0.002461,0.023193,0.003895,-0.01389149,-0.00355662,-0.00251344
clv_20h,72h,2025-10,0.02984,0.019886,0.009547,0.01571177,0.00206774,5.616e-05
clv_20h,72h,2025-11,0.03249,0.021597,0.017984,-0.00685984,-0.00167985,-0.00054039
clv_20h,72h,2025-12,0.008018,0.023449,0.023321,-0.00541345,0.00114616,-0.00120523
clv_20h,72h,2026-01,0.036798,0.025768,0.022827,0.00831376,-0.00131984,0.00037395
clv_20h,72h,2026-02,-0.002019,0.014265,0.017931,0.00060841,0.00116957,-0.00025514
clv_20h,72h,2026-03,-0.003758,0.01034,0.016895,-0.00554675,0.00112514,0.00113565
clv_20h,72h,2026-04,0.015208,0.003144,0.014456,0.02243358,0.00583175,0.00225595
clv_20h,72h,2026-05,0.018927,0.010126,0.012195,0.00898281,0.00862321,0.00489639
clv_20h,72h,2026-06,-0.01175,0.007462,0.008901,0.00981536,0.01374392,0.00743453
a101_volume_cap_alpha_min_56_84,1h,2024-06,0.021347,0.021347,0.021347,-1.312e-05,-1.312e-05,-1.312e-05
a101_volume_cap_alpha_min_56_84,1h,2024-07,0.0214,0.021374,0.021374,9.344e-05,4.016e-05,4.016e-05
a101_volume_cap_alpha_min_56_84,1h,2024-08,0.021326,0.021358,0.021358,0.00018176,8.736e-05,8.736e-05
a101_volume_cap_alpha_min_56_84,1h,2024-09,0.015999,0.019575,0.020018,-6.685e-05,6.945e-05,4.881e-05
a101_volume_cap_alpha_min_56_84,1h,2024-10,0.021313,0.019546,0.020277,-5.56e-05,1.977e-05,2.793e-05
a101_volume_cap_alpha_min_56_84,1h,2024-11,0.013869,0.01706,0.019209,-8.033e-05,-6.759e-05,9.88e-06
a101_volume_cap_alpha_min_56_84,1h,2024-12,0.014003,0.016395,0.017985,0.00019982,2.13e-05,4.537e-05
a101_volume_cap_alpha_min_56_84,1h,2025-01,0.029574,0.019149,0.019347,0.00021865,0.00011271,6.624e-05
a101_volume_cap_alpha_min_56_84,1h,2025-02,0.0144,0.019326,0.018193,0.00016166,0.00019338,6.289e-05
a101_volume_cap_alpha_min_56_84,1h,2025-03,0.016796,0.020257,0.018326,0.00018591,0.00018874,0.00010502
a101_volume_cap_alpha_min_56_84,1h,2025-04,0.008096,0.013098,0.016123,-7.514e-05,9.081e-05,0.00010176
a101_volume_cap_alpha_min_56_84,1h,2025-05,0.018671,0.014521,0.016923,0.00012356,7.811e-05,0.00013574
a101_volume_cap_alpha_min_56_84,1h,2025-06,0.015154,0.013974,0.017115,0.00010539,5.127e-05,0.00012001
a101_volume_cap_alpha_min_56_84,1h,2025-07,0.018147,0.017324,0.015211,0.00013656,0.00012184,0.00010632
a101_volume_cap_alpha_min_56_84,1h,2025-08,0.022328,0.018543,0.016532,0.0002179,0.00015328,0.0001157
a101_volume_cap_alpha_min_56_84,1h,2025-09,0.012768,0.017748,0.015861,1.592e-05,0.00012346,8.737e-05
a101_volume_cap_alpha_min_56_84,1h,2025-10,0.012116,0.015737,0.016531,-0.00021135,7.49e-06,6.466e-05
a101_volume_cap_alpha_min_56_84,1h,2025-11,0.010927,0.011937,0.01524,0.00015152,-1.464e-05,6.932e-05
a101_volume_cap_alpha_min_56_84,1h,2025-12,0.014349,0.012464,0.015106,2.784e-05,-1.066e-05,5.64e-05
a101_volume_cap_alpha_min_56_84,1h,2026-01,0.011335,0.012204,0.01397,0.00011302,9.746e-05,5.248e-05
a101_volume_cap_alpha_min_56_84,1h,2026-02,0.011387,0.012357,0.012147,0.0001288,8.989e-05,3.762e-05
a101_volume_cap_alpha_min_56_84,1h,2026-03,0.009646,0.01079,0.011627,0.00016025,0.00013402,6.168e-05
a101_volume_cap_alpha_min_56_84,1h,2026-04,0.011466,0.010833,0.011519,0.00014674,0.00014526,0.00012136
a101_volume_cap_alpha_min_56_84,1h,2026-05,0.012506,0.011206,0.011782,0.00015874,0.00015524,0.00012257
a101_volume_cap_alpha_min_56_84,1h,2026-06,0.010909,0.011627,0.011208,0.0002454,0.00018363,0.00015882
a101_volume_cap_alpha_min_56_84,24h,2024-06,0.017891,0.017891,0.017891,-0.00219609,-0.00219609,-0.00219609
a101_volume_cap_alpha_min_56_84,24h,2024-07,0.071144,0.044517,0.044517,0.00179004,-0.00020303,-0.00020303
a101_volume_cap_alpha_min_56_84,24h,2024-08,0.070885,0.053307,0.053307,0.00355873,0.00105089,0.00105089
a101_volume_cap_alpha_min_56_84,24h,2024-09,0.02302,0.055016,0.045735,-0.0014679,0.00129362,0.00042119
a101_volume_cap_alpha_min_56_84,24h,2024-10,0.055526,0.04981,0.047693,-0.00219023,-3.313e-05,-0.00010109
a101_volume_cap_alpha_min_56_84,24h,2024-11,0.032359,0.036968,0.045138,-0.00347844,-0.00237886,-0.00066398
a101_volume_cap_alpha_min_56_84,24h,2024-12,0.055248,0.047711,0.051364,0.00341795,-0.00075024,0.00027169
a101_volume_cap_alpha_min_56_84,24h,2025-01,0.078652,0.05542,0.052615,0.00388373,0.00127441,0.00062064
a101_volume_cap_alpha_min_56_84,24h,2025-02,0.058252,0.06405,0.050509,0.00286079,0.00338749,0.00050432
a101_volume_cap_alpha_min_56_84,24h,2025-03,0.047083,0.061329,0.05452,0.00337446,0.00337299,0.00131138
a101_volume_cap_alpha_min_56_84,24h,2025-04,-0.006762,0.032858,0.044139,-0.0025844,0.00121695,0.00124568
a101_volume_cap_alpha_min_56_84,24h,2025-05,0.075056,0.038459,0.051255,0.00309524,0.0012951,0.00234129
a101_volume_cap_alpha_min_56_84,24h,2025-06,0.045009,0.037768,0.049548,0.00293296,0.00114793,0.00226046
a101_volume_cap_alpha_min_56_84,24h,2025-07,0.044652,0.054906,0.043882,0.00019303,0.00207374,0.00164535
a101_volume_cap_alpha_min_56_84,24h,2025-08,0.083115,0.057592,0.048026,0.00448584,0.00253728,0.00191619
a101_volume_cap_alpha_min_56_84,24h,2025-09,0.039044,0.055604,0.046686,0.00093962,0.00187283,0.00151038
a101_volume_cap_alpha_min_56_84,24h,2025-10,0.029178,0.050446,0.052676,-0.00591261,-0.00016238,0.00095568
a101_volume_cap_alpha_min_56_84,24h,2025-11,0.065032,0.044418,0.051005,0.00081594,-0.00138568,0.0005758
a101_volume_cap_alpha_min_56_84,24h,2025-12,0.038947,0.044386,0.049995,-0.00083463,-0.0019771,-5.213e-05
a101_volume_cap_alpha_min_56_84,24h,2026-01,0.030281,0.044754,0.0476,0.00112891,0.00037007,0.00010385
a101_volume_cap_alpha_min_56_84,24h,2026-02,0.048592,0.039273,0.041846,0.0009179,0.00040406,-0.00049081
a101_volume_cap_alpha_min_56_84,24h,2026-03,0.030313,0.036395,0.040391,0.00178775,0.00127819,-0.00034946
a101_volume_cap_alpha_min_56_84,24h,2026-04,0.035478,0.038127,0.04144,0.00276688,0.00182418,0.00109713
a101_volume_cap_alpha_min_56_84,24h,2026-05,0.04521,0.037,0.038137,0.00190154,0.00215206,0.00127806
a101_volume_cap_alpha_min_56_84,24h,2026-06,0.023703,0.034797,0.035596,0.00369793,0.00278878,0.00203349
a101_volume_cap_alpha_min_56_84,4h,2024-06,0.018553,0.018553,0.018553,-0.00011379,-0.00011379,-0.00011379
a101_volume_cap_alpha_min_56_84,4h,2024-07,0.028063,0.023308,0.023308,0.00040272,0.00014447,0.00014447
a101_volume_cap_alpha_min_56_84,4h,2024-08,0.030306,0.025641,0.025641,0.00074338,0.0003441,0.0003441
a101_volume_cap_alpha_min_56_84,4h,2024-09,0.02304,0.027136,0.02499,-0.00037212,0.00025799,0.00016505
a101_volume_cap_alpha_min_56_84,4h,2024-10,0.029382,0.027576,0.025869,-0.0002114,5.329e-05,8.976e-05
a101_volume_cap_alpha_min_56_84,4h,2024-11,0.019876,0.024099,0.02487,-0.00038705,-0.00032352,1.029e-05
a101_volume_cap_alpha_min_56_84,4h,2024-12,0.026273,0.025177,0.026156,0.00070555,3.57e-05,0.00014685
a101_volume_cap_alpha_min_56_84,4h,2025-01,0.040698,0.028949,0.028262,0.00072372,0.00034741,0.00020035
a101_volume_cap_alpha_min_56_84,4h,2025-02,0.026658,0.03121,0.027654,0.00066771,0.00069899,0.00018773
a101_volume_cap_alpha_min_56_84,4h,2025-03,0.027637,0.031665,0.028421,0.00069666,0.00069603,0.00036586
a101_volume_cap_alpha_min_56_84,4h,2025-04,0.008218,0.020838,0.024893,-0.00024953,0.00037161,0.00035951
a101_volume_cap_alpha_min_56_84,4h,2025-05,0.032242,0.022699,0.026955,0.00061272,0.00035328,0.00052614
a101_volume_cap_alpha_min_56_84,4h,2025-06,0.022708,0.021056,0.02636,0.00049837,0.00028719,0.00049161
a101_volume_cap_alpha_min_56_84,4h,2025-07,0.027673,0.027541,0.02419,0.00032172,0.0004776,0.00042461
a101_volume_cap_alpha_min_56_84,4h,2025-08,0.042025,0.030802,0.026751,0.00093401,0.0005847,0.00046899
a101_volume_cap_alpha_min_56_84,4h,2025-09,0.020008,0.029902,0.025479,0.00011781,0.00045785,0.00037252
a101_volume_cap_alpha_min_56_84,4h,2025-10,0.01981,0.027281,0.027411,-0.0008374,7.147e-05,0.00027454
a101_volume_cap_alpha_min_56_84,4h,2025-11,0.025145,0.021655,0.026228,0.00057612,-4.782e-05,0.00026844
a101_volume_cap_alpha_min_56_84,4h,2025-12,0.022451,0.022469,0.026185,0.00024236,-6.31e-06,0.00022577
a101_volume_cap_alpha_min_56_84,4h,2026-01,0.015596,0.021064,0.024173,0.00047335,0.00043061,0.00025104
a101_volume_cap_alpha_min_56_84,4h,2026-02,0.022619,0.020222,0.020938,0.00051395,0.00040989,0.00018103
a101_volume_cap_alpha_min_56_84,4h,2026-03,0.018335,0.01885,0.020659,0.00058175,0.00052302,0.00025835
a101_volume_cap_alpha_min_56_84,4h,2026-04,0.022271,0.021075,0.02107,0.0003687,0.00048813,0.00045937
a101_volume_cap_alpha_min_56_84,4h,2026-05,0.022141,0.020916,0.020569,0.00056117,0.00050387,0.00045688
a101_volume_cap_alpha_min_56_84,4h,2026-06,0.02331,0.022574,0.020712,0.00109054,0.00067347,0.00059824
a101_volume_cap_alpha_min_56_84,72h,2024-06,-0.006099,-0.006099,-0.006099,-0.00464823,-0.00464823,-0.00464823
a101_volume_cap_alpha_min_56_84,72h,2024-07,0.107207,0.050554,0.050554,0.00146286,-0.00159268,-0.00159268
a101_volume_cap_alpha_min_56_84,72h,2024-08,0.084608,0.061905,0.061905,0.00933002,0.00204822,0.00204822
a101_volume_cap_alpha_min_56_84,72h,2024-09,0.015221,0.069012,0.050234,-0.0014618,0.00311036,0.00117071
a101_volume_cap_alpha_min_56_84,72h,2024-10,0.061197,0.053675,0.052427,-0.00847407,-0.00020195,-0.00075824
a101_volume_cap_alpha_min_56_84,72h,2024-11,0.040959,0.039126,0.050516,-0.00711728,-0.00568438,-0.00181808
a101_volume_cap_alpha_min_56_84,72h,2024-12,0.070116,0.057424,0.063218,0.0103696,-0.00174058,0.00068489
a101_volume_cap_alpha_min_56_84,72h,2025-01,0.11468,0.075252,0.064464,0.01167794,0.00497675,0.0023874
a101_volume_cap_alpha_min_56_84,72h,2025-02,0.064251,0.083016,0.061071,0.00768492,0.00991082,0.00211322
a101_volume_cap_alpha_min_56_84,72h,2025-03,0.044104,0.074345,0.065885,0.00614557,0.00850281,0.00338111
a101_volume_cap_alpha_min_56_84,72h,2025-04,-0.042673,0.021894,0.048573,-0.01110261,0.00090929,0.00294302
a101_volume_cap_alpha_min_56_84,72h,2025-05,0.101864,0.034432,0.058724,0.00372153,-0.00041184,0.00474949
a101_volume_cap_alpha_min_56_84,72h,2025-06,0.071288,0.043493,0.058919,0.00828081,0.00029991,0.00440136
a101_volume_cap_alpha_min_56_84,72h,2025-07,0.04805,0.073734,0.047814,0.00352598,0.00517611,0.0030427
a101_volume_cap_alpha_min_56_84,72h,2025-08,0.120171,0.079836,0.057134,-0.00400321,0.00260119,0.00109468
a101_volume_cap_alpha_min_56_84,72h,2025-09,0.041454,0.069891,0.056692,0.0078625,0.00246176,0.00138083
a101_volume_cap_alpha_min_56_84,72h,2025-10,0.045862,0.069162,0.071448,-0.00825293,-0.00146455,0.00185578
a101_volume_cap_alpha_min_56_84,72h,2025-11,0.073657,0.053658,0.066747,0.00088545,0.00016501,0.0013831
a101_volume_cap_alpha_min_56_84,72h,2025-12,0.05737,0.058963,0.064427,0.00242486,-0.00164754,0.00040711
a101_volume_cap_alpha_min_56_84,72h,2026-01,0.041836,0.057621,0.063392,0.00369456,0.00233496,0.0004352
a101_volume_cap_alpha_min_56_84,72h,2026-02,0.06131,0.053505,0.053581,-0.00119093,0.00164283,0.00090392
a101_volume_cap_alpha_min_56_84,72h,2026-03,0.028466,0.04387,0.051417,0.00105271,0.00118545,-0.00023105
a101_volume_cap_alpha_min_56_84,72h,2026-04,0.037217,0.042331,0.049976,0.01123008,0.00369729,0.00301612
a101_volume_cap_alpha_min_56_84,72h,2026-05,0.060428,0.042037,0.047771,0.00390616,0.00539632,0.00351957
a101_volume_cap_alpha_min_56_84,72h,2026-06,0.037217,0.044954,0.044412,0.00925881,0.00813168,0.00465856
a101_volume_cap_alpha_min_80_80,1h,2024-06,0.014232,0.014232,0.014232,-4.742e-05,-4.742e-05,-4.742e-05
a101_volume_cap_alpha_min_80_80,1h,2024-07,0.019801,0.017017,0.017017,9.425e-05,2.341e-05,2.341e-05
a101_volume_cap_alpha_min_80_80,1h,2024-08,0.018838,0.017624,0.017624,0.00012611,5.765e-05,5.765e-05
a101_volume_cap_alpha_min_80_80,1h,2024-09,0.016548,0.018396,0.017355,-2.25e-05,6.595e-05,3.761e-05
a101_volume_cap_alpha_min_80_80,1h,2024-10,0.023152,0.019512,0.018514,-1.955e-05,2.802e-05,2.618e-05
a101_volume_cap_alpha_min_80_80,1h,2024-11,0.014066,0.017922,0.017773,-5.174e-05,-3.126e-05,1.319e-05
a101_volume_cap_alpha_min_80_80,1h,2024-12,0.011631,0.016283,0.017339,0.00011736,1.536e-05,4.066e-05
a101_volume_cap_alpha_min_80_80,1h,2025-01,0.030038,0.018579,0.019045,0.00017881,8.148e-05,5.475e-05
a101_volume_cap_alpha_min_80_80,1h,2025-02,0.01761,0.01976,0.018841,0.00018293,0.0001597,6.422e-05
a101_volume_cap_alpha_min_80_80,1h,2025-03,0.01738,0.021676,0.01898,0.00010421,0.00015532,8.534e-05
a101_volume_cap_alpha_min_80_80,1h,2025-04,0.011353,0.015448,0.017013,-0.00010031,6.228e-05,7.188e-05
a101_volume_cap_alpha_min_80_80,1h,2025-05,0.019128,0.015954,0.017857,0.00014635,5.008e-05,0.00010489
a101_volume_cap_alpha_min_80_80,1h,2025-06,0.011322,0.013934,0.017805,7.565e-05,4.056e-05,9.794e-05
a101_volume_cap_alpha_min_80_80,1h,2025-07,0.017876,0.016109,0.015778,0.00010642,0.00010947,8.588e-05
a101_volume_cap_alpha_min_80_80,1h,2025-08,0.019937,0.016378,0.016166,8.352e-05,8.853e-05,6.931e-05
a101_volume_cap_alpha_min_80_80,1h,2025-09,0.01483,0.017548,0.015741,-4.615e-05,4.793e-05,4.425e-05
a101_volume_cap_alpha_min_80_80,1h,2025-10,0.013107,0.015958,0.016033,-0.00012263,-2.842e-05,4.053e-05
a101_volume_cap_alpha_min_80_80,1h,2025-11,0.015591,0.01451,0.015444,-2.8e-06,-5.719e-05,1.567e-05
a101_volume_cap_alpha_min_80_80,1h,2025-12,0.012704,0.013801,0.015674,4.36e-05,-2.728e-05,1.033e-05
a101_volume_cap_alpha_min_80_80,1h,2026-01,0.012241,0.013512,0.014735,0.00018958,7.679e-05,2.419e-05
a101_volume_cap_alpha_min_80_80,1h,2026-02,0.011841,0.012262,0.013386,0.00015292,0.0001287,3.575e-05
a101_volume_cap_alpha_min_80_80,1h,2026-03,0.010022,0.011368,0.012584,9.701e-05,0.0001465,5.961e-05
a101_volume_cap_alpha_min_80_80,1h,2026-04,0.010834,0.010899,0.012206,-1.975e-05,7.673e-05,7.676e-05
a101_volume_cap_alpha_min_80_80,1h,2026-05,0.013403,0.011419,0.011841,8.955e-05,5.56e-05,9.215e-05
a101_volume_cap_alpha_min_80_80,1h,2026-06,0.014652,0.012963,0.012165,0.0003362,0.00013533,0.00014092
a101_volume_cap_alpha_min_80_80,24h,2024-06,0.01379,0.01379,0.01379,-0.00334967,-0.00334967,-0.00334967
a101_volume_cap_alpha_min_80_80,24h,2024-07,0.066389,0.04009,0.04009,0.00190991,-0.00071988,-0.00071988
a101_volume_cap_alpha_min_80_80,24h,2024-08,0.065854,0.048678,0.048678,0.00267166,0.00041063,0.00041063
a101_volume_cap_alpha_min_80_80,24h,2024-09,0.031742,0.054662,0.044444,3.091e-05,0.00153749,0.0003157
a101_volume_cap_alpha_min_80_80,24h,2024-10,0.063012,0.053536,0.048157,-0.00061449,0.00069603,0.00012966
a101_volume_cap_alpha_min_80_80,24h,2024-11,0.03047,0.041741,0.04521,-0.00336404,-0.00131587,-0.00045262
a101_volume_cap_alpha_min_80_80,24h,2024-12,0.047771,0.047084,0.050873,0.00143808,-0.00084682,0.00034534
a101_volume_cap_alpha_min_80_80,24h,2025-01,0.08957,0.055937,0.054736,0.00493139,0.00100181,0.00084892
a101_volume_cap_alpha_min_80_80,24h,2025-02,0.061362,0.066234,0.053988,0.00310937,0.00315961,0.00092187
a101_volume_cap_alpha_min_80_80,24h,2025-03,0.050621,0.067184,0.057134,0.00210331,0.00338136,0.00126727
a101_volume_cap_alpha_min_80_80,24h,2025-04,0.004859,0.038947,0.047442,-0.00196451,0.00108272,0.00104227
a101_volume_cap_alpha_min_80_80,24h,2025-05,0.069775,0.041751,0.053993,0.0036134,0.00125073,0.00220517
a101_volume_cap_alpha_min_80_80,24h,2025-06,0.038847,0.037827,0.052506,0.00170591,0.00111827,0.00224981
a101_volume_cap_alpha_min_80_80,24h,2025-07,0.055851,0.054824,0.046886,0.00215072,0.00249001,0.00178637
a101_volume_cap_alpha_min_80_80,24h,2025-08,0.076582,0.057093,0.049422,0.00041013,0.00142225,0.00133649
a101_volume_cap_alpha_min_80_80,24h,2025-09,0.047677,0.060037,0.048932,0.00065993,0.00107359,0.00109593
a101_volume_cap_alpha_min_80_80,24h,2025-10,0.037987,0.054082,0.054453,-0.00463948,-0.00118981,0.0006501
a101_volume_cap_alpha_min_80_80,24h,2025-11,0.057156,0.047607,0.05235,-0.00352444,-0.00250133,-0.00053954
a101_volume_cap_alpha_min_80_80,24h,2025-12,0.038979,0.044707,0.052372,-0.00080562,-0.00298985,-0.00095813
a101_volume_cap_alpha_min_80_80,24h,2026-01,0.034395,0.04351,0.048796,0.00445349,4.114e-05,-0.00057433
a101_volume_cap_alpha_min_80_80,24h,2026-02,0.045329,0.039568,0.043587,0.00169107,0.00177965,-0.00036084
a101_volume_cap_alpha_min_80_80,24h,2026-03,0.031181,0.036968,0.040838,0.00134669,0.00249708,-0.00024638
a101_volume_cap_alpha_min_80_80,24h,2026-04,0.03536,0.03729,0.0404,0.00012578,0.00105451,0.00054783
a101_volume_cap_alpha_min_80_80,24h,2026-05,0.049495,0.038679,0.039123,0.00096613,0.00081287,0.00129626
a101_volume_cap_alpha_min_80_80,24h,2026-06,0.043461,0.042772,0.03987,0.01008235,0.00372475,0.00311092
a101_volume_cap_alpha_min_80_80,4h,2024-06,0.014991,0.014991,0.014991,-0.00025458,-0.00025458,-0.00025458
a101_volume_cap_alpha_min_80_80,4h,2024-07,0.024491,0.019741,0.019741,0.00035048,4.795e-05,4.795e-05
a101_volume_cap_alpha_min_80_80,4h,2024-08,0.030103,0.023195,0.023195,0.00048006,0.00019199,0.00019199
a101_volume_cap_alpha_min_80_80,4h,2024-09,0.026777,0.027123,0.02409,-4.52e-06,0.00027534,0.00014286
a101_volume_cap_alpha_min_80_80,4h,2024-10,0.035629,0.030836,0.026398,6.428e-05,0.00017994,0.00012714
a101_volume_cap_alpha_min_80_80,4h,2024-11,0.019477,0.027294,0.025245,-0.00029087,-7.704e-05,5.747e-05
a101_volume_cap_alpha_min_80_80,4h,2024-12,0.022592,0.025899,0.026511,0.00031283,2.875e-05,0.00015204
a101_volume_cap_alpha_min_80_80,4h,2025-01,0.047368,0.029813,0.030324,0.00074385,0.00025527,0.0002176
a101_volume_cap_alpha_min_80_80,4h,2025-02,0.030395,0.033452,0.030373,0.00078234,0.00061301,0.00026799
a101_volume_cap_alpha_min_80_80,4h,2025-03,0.028072,0.035278,0.030589,0.0003259,0.00061736,0.00032305
a101_volume_cap_alpha_min_80_80,4h,2025-04,0.013427,0.023965,0.026889,-0.00027025,0.00027933,0.0002673
a101_volume_cap_alpha_min_80_80,4h,2025-05,0.032967,0.024822,0.029137,0.00058421,0.00021329,0.00041315
a101_volume_cap_alpha_min_80_80,4h,2025-06,0.017513,0.021303,0.02829,0.00030309,0.00020568,0.00041152
a101_volume_cap_alpha_min_80_80,4h,2025-07,0.028559,0.026346,0.025156,0.00033547,0.00040759,0.00034346
a101_volume_cap_alpha_min_80_80,4h,2025-08,0.03755,0.027874,0.026348,0.00028866,0.00030907,0.00026118
a101_volume_cap_alpha_min_80_80,4h,2025-09,0.021959,0.029356,0.025329,-0.00020108,0.00014102,0.00017335
a101_volume_cap_alpha_min_80_80,4h,2025-10,0.02009,0.026533,0.02644,-0.0006265,-0.00017964,0.00011398
a101_volume_cap_alpha_min_80_80,4h,2025-11,0.028935,0.023661,0.025768,-0.00019228,-0.00033995,-1.544e-05
a101_volume_cap_alpha_min_80_80,4h,2025-12,0.021806,0.02361,0.026483,0.00023645,-0.00019411,-2.655e-05
a101_volume_cap_alpha_min_80_80,4h,2026-01,0.018746,0.023162,0.024848,0.00088391,0.00030936,6.486e-05
a101_volume_cap_alpha_min_80_80,4h,2026-02,0.02201,0.020854,0.022258,0.00052546,0.00054861,0.00010433
a101_volume_cap_alpha_min_80_80,4h,2026-03,0.018215,0.019657,0.021634,0.0004509,0.00062009,0.00021299
a101_volume_cap_alpha_min_80_80,4h,2026-04,0.021521,0.020582,0.021872,-0.00013048,0.00028196,0.00029566
a101_volume_cap_alpha_min_80_80,4h,2026-05,0.024084,0.021274,0.021064,0.00021999,0.00018014,0.00036437
a101_volume_cap_alpha_min_80_80,4h,2026-06,0.028256,0.024621,0.022139,0.00161213,0.00056721,0.00059365
a101_volume_cap_alpha_min_80_80,72h,2024-06,0.002865,0.002865,0.002865,-0.00489015,-0.00489015,-0.00489015
a101_volume_cap_alpha_min_80_80,72h,2024-07,0.102985,0.052925,0.052925,0.0017085,-0.00159083,-0.00159083
a101_volume_cap_alpha_min_80_80,72h,2024-08,0.06834,0.058064,0.058064,0.01126467,0.00269434,0.00269434
a101_volume_cap_alpha_min_80_80,72h,2024-09,0.015972,0.062432,0.047541,-0.00043208,0.00418036,0.00191274
a101_volume_cap_alpha_min_80_80,72h,2024-10,0.062888,0.049067,0.05061,-0.00459264,0.00207998,0.00061166
a101_volume_cap_alpha_min_80_80,72h,2024-11,0.023481,0.034113,0.046089,-0.01208822,-0.00570431,-0.00150499
a101_volume_cap_alpha_min_80_80,72h,2024-12,0.065325,0.050565,0.056499,0.00685549,-0.00327512,0.00045262
a101_volume_cap_alpha_min_80_80,72h,2025-01,0.113387,0.067397,0.058232,0.01047641,0.00174789,0.00191394
a101_volume_cap_alpha_min_80_80,72h,2025-02,0.071121,0.083278,0.058696,0.0050136,0.0074485,0.00087209
a101_volume_cap_alpha_min_80_80,72h,2025-03,0.061996,0.082168,0.066366,0.00826378,0.00791793,0.0023214
a101_volume_cap_alpha_min_80_80,72h,2025-04,-0.023917,0.0364,0.051899,-0.0064712,0.00226873,0.00200831
a101_volume_cap_alpha_min_80_80,72h,2025-05,0.099913,0.045997,0.064637,0.00175267,0.00118175,0.00431513
a101_volume_cap_alpha_min_80_80,72h,2025-06,0.065457,0.047151,0.064659,0.00568598,0.00032248,0.00412021
a101_volume_cap_alpha_min_80_80,72h,2025-07,0.049331,0.071567,0.053983,0.00564847,0.00436237,0.00331555
a101_volume_cap_alpha_min_80_80,72h,2025-08,0.103965,0.072918,0.059457,-0.01696637,-0.00187731,-0.00034778
a101_volume_cap_alpha_min_80_80,72h,2025-09,0.058317,0.070538,0.058844,0.00561719,-0.00190024,-0.00078888
a101_volume_cap_alpha_min_80_80,72h,2025-10,0.043763,0.068682,0.070124,-0.01503766,-0.00879561,-0.00221662
a101_volume_cap_alpha_min_80_80,72h,2025-11,0.069579,0.05722,0.065069,-0.00588912,-0.0051032,-0.00349025
a101_volume_cap_alpha_min_80_80,72h,2025-12,0.064867,0.059403,0.06497,0.00374972,-0.00572569,-0.00381296
a101_volume_cap_alpha_min_80_80,72h,2026-01,0.052226,0.062224,0.065453,0.01140983,0.00309014,-0.00285274
a101_volume_cap_alpha_min_80_80,72h,2026-02,0.048146,0.055079,0.05615,0.00072939,0.00529631,9.656e-05
a101_volume_cap_alpha_min_80_80,72h,2026-03,0.028777,0.043049,0.051226,-0.00076934,0.00378996,-0.00096786
a101_volume_cap_alpha_min_80_80,72h,2026-04,0.040501,0.039141,0.050682,0.00375939,0.00123981,0.00216498
a101_volume_cap_alpha_min_80_80,72h,2026-05,0.067695,0.045658,0.050368,0.00517245,0.00272083,0.00400857
a101_volume_cap_alpha_min_80_80,72h,2026-06,0.056229,0.054808,0.048929,0.02337434,0.01076873,0.00727934
a101_vol_xs_z_product_112h,1h,2024-06,0.024684,0.024684,0.024684,0.00010896,0.00010896,0.00010896
a101_vol_xs_z_product_112h,1h,2024-07,0.020505,0.022594,0.022594,0.00010114,0.00010505,0.00010505
a101_vol_xs_z_product_112h,1h,2024-08,0.017579,0.020923,0.020923,-1.173e-05,6.612e-05,6.612e-05
a101_vol_xs_z_product_112h,1h,2024-09,0.011178,0.016421,0.018487,-0.00012346,-1.135e-05,1.873e-05
a101_vol_xs_z_product_112h,1h,2024-10,0.0191,0.015953,0.018609,-4.22e-06,-4.647e-05,1.414e-05
a101_vol_xs_z_product_112h,1h,2024-11,0.008889,0.013056,0.016989,-0.00042582,-0.0001845,-5.919e-05
a101_vol_xs_z_product_112h,1h,2024-12,0.012479,0.013489,0.014955,0.00012308,-0.00010232,-5.684e-05
a101_vol_xs_z_product_112h,1h,2025-01,0.034557,0.018642,0.017297,0.00037397,2.374e-05,-1.136e-05
a101_vol_xs_z_product_112h,1h,2025-02,0.018612,0.021883,0.017469,-3.241e-05,0.00015488,-1.481e-05
a101_vol_xs_z_product_112h,1h,2025-03,0.019458,0.024209,0.018849,6.984e-05,0.00013713,1.741e-05
a101_vol_xs_z_product_112h,1h,2025-04,0.011214,0.016428,0.017535,-0.00029453,-8.57e-05,-3.098e-05
a101_vol_xs_z_product_112h,1h,2025-05,0.022092,0.017588,0.019735,0.00014254,-2.738e-05,6.375e-05
a101_vol_xs_z_product_112h,1h,2025-06,0.017119,0.016809,0.020509,3.422e-05,-3.926e-05,4.894e-05
a101_vol_xs_z_product_112h,1h,2025-07,0.012046,0.017086,0.016757,-0.00015835,6.14e-06,-3.978e-05
a101_vol_xs_z_product_112h,1h,2025-08,0.017909,0.015691,0.01664,4.77e-06,-3.979e-05,-3.358e-05
a101_vol_xs_z_product_112h,1h,2025-09,0.014792,0.014916,0.015862,-0.00038006,-0.00017788,-0.00010857
a101_vol_xs_z_product_112h,1h,2025-10,0.01577,0.016157,0.016622,-3.124e-05,-0.00013551,-6.469e-05
a101_vol_xs_z_product_112h,1h,2025-11,0.016203,0.015589,0.01564,6.103e-05,-0.00011676,-7.827e-05
a101_vol_xs_z_product_112h,1h,2025-12,0.016936,0.016303,0.015609,-3.443e-05,-1.55e-06,-8.971e-05
a101_vol_xs_z_product_112h,1h,2026-01,0.016805,0.016648,0.016403,2.89e-05,1.85e-05,-5.85e-05
a101_vol_xs_z_product_112h,1h,2026-02,0.012403,0.015381,0.015485,4.389e-05,1.279e-05,-5.198e-05
a101_vol_xs_z_product_112h,1h,2026-03,0.015709,0.014972,0.015638,0.00013316,6.865e-05,3.355e-05
a101_vol_xs_z_product_112h,1h,2026-04,0.014996,0.014369,0.015509,-0.00017524,6e-07,9.55e-06
a101_vol_xs_z_product_112h,1h,2026-05,0.016149,0.015618,0.0155,6.46e-05,7.51e-06,1.015e-05
a101_vol_xs_z_product_112h,1h,2026-06,0.01071,0.013952,0.014462,0.00010449,-2.05e-06,3.33e-05
a101_vol_xs_z_product_112h,24h,2024-06,0.064657,0.064657,0.064657,0.00282974,0.00282974,0.00282974
a101_vol_xs_z_product_112h,24h,2024-07,0.056191,0.060424,0.060424,0.00131028,0.00207001,0.00207001
a101_vol_xs_z_product_112h,24h,2024-08,0.051194,0.057348,0.057348,0.00092594,0.00168865,0.00168865
a101_vol_xs_z_product_112h,24h,2024-09,-0.001349,0.035345,0.042673,-0.00388004,-0.00054794,0.00029648
a101_vol_xs_z_product_112h,24h,2024-10,0.039138,0.029661,0.041966,-0.00101703,-0.00132371,3.378e-05
a101_vol_xs_z_product_112h,24h,2024-11,0.004142,0.013977,0.035662,-0.01111817,-0.00533841,-0.00182488
a101_vol_xs_z_product_112h,24h,2024-12,0.039886,0.027722,0.031534,0.00236172,-0.00325783,-0.00190288
a101_vol_xs_z_product_112h,24h,2025-01,0.089869,0.044632,0.037147,0.00920534,0.00014963,-0.00058704
a101_vol_xs_z_product_112h,24h,2025-02,0.053741,0.061165,0.037571,-0.0005997,0.00365579,-0.00084131
a101_vol_xs_z_product_112h,24h,2025-03,0.053805,0.065805,0.046764,0.00347851,0.00402805,0.00038511
a101_vol_xs_z_product_112h,24h,2025-04,0.009501,0.039016,0.041824,-0.00713329,-0.00141816,-0.00063427
a101_vol_xs_z_product_112h,24h,2025-05,0.081325,0.04821,0.054688,0.00532565,0.00055696,0.00210637
a101_vol_xs_z_product_112h,24h,2025-06,0.035834,0.04222,0.054013,0.00039525,-0.0004708,0.00177863
a101_vol_xs_z_product_112h,24h,2025-07,0.024788,0.047316,0.043166,-0.00524526,0.00015855,-0.00062981
a101_vol_xs_z_product_112h,24h,2025-08,0.067418,0.04268,0.045445,0.00098987,-0.00128671,-0.00036488
a101_vol_xs_z_product_112h,24h,2025-09,0.031851,0.041352,0.041786,-0.00779737,-0.00401759,-0.00224419
a101_vol_xs_z_product_112h,24h,2025-10,0.050322,0.049864,0.04859,-0.00125788,-0.00268846,-0.00126496
a101_vol_xs_z_product_112h,24h,2025-11,0.062966,0.04838,0.04553,0.00124731,-0.00260265,-0.00194468
a101_vol_xs_z_product_112h,24h,2025-12,0.045559,0.052949,0.047151,0.00048511,0.00015818,-0.0019297
a101_vol_xs_z_product_112h,24h,2026-01,0.054857,0.054461,0.052162,0.00178388,0.0011721,-0.00075818
a101_vol_xs_z_product_112h,24h,2026-02,0.043598,0.048005,0.048192,-0.00144798,0.00027367,-0.00116449
a101_vol_xs_z_product_112h,24h,2026-03,0.053483,0.050646,0.051797,0.00165092,0.00066227,0.00041023
a101_vol_xs_z_product_112h,24h,2026-04,0.03993,0.04567,0.050065,-0.00550561,-0.00176756,-0.00029773
a101_vol_xs_z_product_112h,24h,2026-05,0.050436,0.047949,0.047977,0.00154481,-0.00076996,-0.00024815
a101_vol_xs_z_product_112h,24h,2026-06,0.038065,0.04281,0.046728,0.00126614,-0.00089822,-0.00011797
a101_vol_xs_z_product_112h,4h,2024-06,0.030287,0.030287,0.030287,0.00036708,0.00036708,0.00036708
a101_vol_xs_z_product_112h,4h,2024-07,0.027855,0.029071,0.029071,0.00046944,0.00041826,0.00041826
a101_vol_xs_z_product_112h,4h,2024-08,0.021815,0.026652,0.026652,2.865e-05,0.00028839,0.00028839
a101_vol_xs_z_product_112h,4h,2024-09,0.011216,0.020295,0.022793,-0.00054555,-1.582e-05,7.99e-05
a101_vol_xs_z_product_112h,4h,2024-10,0.025552,0.019528,0.023345,-0.00011805,-0.00021165,4.031e-05
a101_vol_xs_z_product_112h,4h,2024-11,0.009349,0.015372,0.021012,-0.00161864,-0.00076075,-0.00023618
a101_vol_xs_z_product_112h,4h,2024-12,0.022021,0.018974,0.019635,0.00046661,-0.00042336,-0.00021959
a101_vol_xs_z_product_112h,4h,2025-01,0.051349,0.027573,0.02355,0.00148693,0.00011163,-5.001e-05
a101_vol_xs_z_product_112h,4h,2025-02,0.027423,0.033598,0.024485,-7.646e-05,0.00062569,-6.753e-05
a101_vol_xs_z_product_112h,4h,2025-03,0.028954,0.035909,0.027441,0.00034984,0.00058677,8.171e-05
a101_vol_xs_z_product_112h,4h,2025-04,0.016214,0.024197,0.025885,-0.0011944,-0.00030701,-9.769e-05
a101_vol_xs_z_product_112h,4h,2025-05,0.033748,0.026305,0.029952,0.00071164,-4.431e-05,0.00029069
a101_vol_xs_z_product_112h,4h,2025-06,0.024667,0.024877,0.030393,0.00010302,-0.00012658,0.0002301
a101_vol_xs_z_product_112h,4h,2025-07,0.016722,0.025046,0.024621,-0.00073916,2.517e-05,-0.00014092
a101_vol_xs_z_product_112h,4h,2025-08,0.032312,0.024567,0.025436,-1.829e-05,-0.00021814,-0.00013122
a101_vol_xs_z_product_112h,4h,2025-09,0.020783,0.023272,0.024074,-0.00161173,-0.00078973,-0.00045815
a101_vol_xs_z_product_112h,4h,2025-10,0.025758,0.026284,0.025665,-0.00034777,-0.00065926,-0.00031705
a101_vol_xs_z_product_112h,4h,2025-11,0.031963,0.026168,0.025367,0.00028557,-0.00055798,-0.00038806
a101_vol_xs_z_product_112h,4h,2025-12,0.027227,0.028316,0.025794,-1.682e-05,-2.634e-05,-0.00040803
a101_vol_xs_z_product_112h,4h,2026-01,0.027545,0.028912,0.027598,0.00016997,0.00014624,-0.00025651
a101_vol_xs_z_product_112h,4h,2026-02,0.020038,0.024937,0.025552,7.34e-06,5.35e-05,-0.00025224
a101_vol_xs_z_product_112h,4h,2026-03,0.029073,0.025552,0.026934,0.00050237,0.00022656,0.00010011
a101_vol_xs_z_product_112h,4h,2026-04,0.023834,0.024315,0.026613,-0.00058821,-2.617e-05,6.004e-05
a101_vol_xs_z_product_112h,4h,2026-05,0.02543,0.026112,0.025524,9.343e-05,2.53e-06,2.801e-05
a101_vol_xs_z_product_112h,4h,2026-06,0.02238,0.023881,0.024717,0.00042844,-2.211e-05,0.00010222
a101_vol_xs_z_product_112h,72h,2024-06,0.094358,0.094358,0.094358,0.01152752,0.01152752,0.01152752
a101_vol_xs_z_product_112h,72h,2024-07,0.079846,0.087102,0.087102,0.00413375,0.00783063,0.00783063
a101_vol_xs_z_product_112h,72h,2024-08,0.083419,0.085874,0.085874,0.00888757,0.00818295,0.00818295
a101_vol_xs_z_product_112h,72h,2024-09,-0.036702,0.042188,0.05523,-0.01155276,0.00048952,0.00324902
a101_vol_xs_z_product_112h,72h,2024-10,0.029307,0.025341,0.050046,-0.00321848,-0.00196122,0.00195552
a101_vol_xs_z_product_112h,72h,2024-11,-0.013771,-0.007056,0.039409,-0.03071807,-0.0151631,-0.00349008
a101_vol_xs_z_product_112h,72h,2024-12,0.032498,0.016011,0.029099,0.00489437,-0.00968073,-0.0045956
a101_vol_xs_z_product_112h,72h,2025-01,0.137435,0.052054,0.038698,0.02635395,0.00017675,-0.00089224
a101_vol_xs_z_product_112h,72h,2025-02,0.054436,0.07479,0.033867,-0.00487852,0.00878993,-0.00318659
a101_vol_xs_z_product_112h,72h,2025-03,0.07464,0.088837,0.052424,0.01097981,0.01081841,0.00056884
a101_vol_xs_z_product_112h,72h,2025-04,-0.010731,0.039448,0.045751,-0.01448036,-0.00279302,-0.00130814
a101_vol_xs_z_product_112h,72h,2025-05,0.112881,0.05893,0.06686,0.01487126,0.00379024,0.00629009
a101_vol_xs_z_product_112h,72h,2025-06,0.056485,0.052879,0.070858,-0.00047421,-2.777e-05,0.00539532
a101_vol_xs_z_product_112h,72h,2025-07,0.020984,0.06345,0.051449,-0.01317973,0.00040577,-0.00119362
a101_vol_xs_z_product_112h,72h,2025-08,0.085678,0.054382,0.056656,0.00426832,-0.00312854,0.00033085
a101_vol_xs_z_product_112h,72h,2025-09,0.019923,0.042195,0.047537,-0.01539221,-0.00810121,-0.00406449
a101_vol_xs_z_product_112h,72h,2025-10,0.072838,0.05948,0.061465,-0.00984363,-0.00698917,-0.0032917
a101_vol_xs_z_product_112h,72h,2025-11,0.080911,0.057891,0.056137,0.00858668,-0.00554972,-0.00433913
a101_vol_xs_z_product_112h,72h,2025-12,0.044671,0.06614,0.054167,0.00350823,0.00075043,-0.00367539
a101_vol_xs_z_product_112h,72h,2026-01,0.072519,0.066034,0.062757,0.00764598,0.0065803,-0.00020444
a101_vol_xs_z_product_112h,72h,2026-02,0.059866,0.059019,0.058455,-0.0044055,0.00224957,-0.00165008
a101_vol_xs_z_product_112h,72h,2026-03,0.065271,0.065885,0.066013,0.00756821,0.0036029,0.00217666
a101_vol_xs_z_product_112h,72h,2026-04,0.055481,0.060206,0.06312,-0.00644645,-0.00109458,0.00274286
a101_vol_xs_z_product_112h,72h,2026-05,0.086095,0.068949,0.063984,0.00855891,0.00322689,0.00273823
a101_vol_xs_z_product_112h,72h,2026-06,0.041837,0.061138,0.063512,0.00051686,0.00087644,0.00223967
a101_volume_high_alpha_min_84_84,1h,2024-06,0.022034,0.022034,0.022034,-5.565e-05,-5.565e-05,-5.565e-05
a101_volume_high_alpha_min_84_84,1h,2024-07,0.022341,0.022187,0.022187,-8.88e-06,-3.226e-05,-3.226e-05
a101_volume_high_alpha_min_84_84,1h,2024-08,0.022259,0.022211,0.022211,5.874e-05,-1.93e-06,-1.93e-06
a101_volume_high_alpha_min_84_84,1h,2024-09,0.017838,0.020813,0.021118,-3.211e-05,5.92e-06,-9.47e-06
a101_volume_high_alpha_min_84_84,1h,2024-10,0.022157,0.020751,0.021326,-4.724e-05,-6.87e-06,-1.703e-05
a101_volume_high_alpha_min_84_84,1h,2024-11,0.013991,0.017995,0.020103,-0.00018518,-8.818e-05,-4.505e-05
a101_volume_high_alpha_min_84_84,1h,2024-12,0.017202,0.017783,0.019298,8.34e-05,-4.967e-05,-2.188e-05
a101_volume_high_alpha_min_84_84,1h,2025-01,0.026715,0.019302,0.020027,0.0001813,2.651e-05,9.82e-06
a101_volume_high_alpha_min_84_84,1h,2025-02,0.015196,0.019704,0.01885,2.884e-05,9.785e-05,4.83e-06
a101_volume_high_alpha_min_84_84,1h,2025-03,0.018305,0.020072,0.018928,0.00028626,0.00016547,5.79e-05
a101_volume_high_alpha_min_84_84,1h,2025-04,0.013974,0.015825,0.017564,1.572e-05,0.00011027,6.839e-05
a101_volume_high_alpha_min_84_84,1h,2025-05,0.021004,0.017761,0.018733,4.912e-05,0.00011703,0.00010744
a101_volume_high_alpha_min_84_84,1h,2025-06,0.014706,0.016561,0.018317,9.312e-05,5.265e-05,0.00010906
a101_volume_high_alpha_min_84_84,1h,2025-07,0.017074,0.017595,0.01671,3.714e-05,5.979e-05,8.503e-05
a101_volume_high_alpha_min_84_84,1h,2025-08,0.020521,0.017434,0.017597,3.587e-05,5.538e-05,8.62e-05
a101_volume_high_alpha_min_84_84,1h,2025-09,0.013279,0.016958,0.01676,-9.648e-05,-7.82e-06,2.242e-05
a101_volume_high_alpha_min_84_84,1h,2025-10,0.011579,0.015126,0.016361,-0.00010221,-5.427e-05,2.76e-06
a101_volume_high_alpha_min_84_84,1h,2025-11,0.014971,0.013276,0.015355,0.000185,-4.56e-06,2.541e-05
a101_volume_high_alpha_min_84_84,1h,2025-12,0.016901,0.014483,0.015721,-8.58e-05,-1e-06,-4.41e-06
a101_volume_high_alpha_min_84_84,1h,2026-01,0.010717,0.014196,0.014661,-6.786e-05,1.045e-05,-2.191e-05
a101_volume_high_alpha_min_84_84,1h,2026-02,0.011511,0.013043,0.01316,6.608e-05,-2.919e-05,-1.688e-05
a101_volume_high_alpha_min_84_84,1h,2026-03,0.011873,0.011367,0.012925,7.069e-05,2.297e-05,1.098e-05
a101_volume_high_alpha_min_84_84,1h,2026-04,0.011064,0.011483,0.012839,-3.595e-05,3.361e-05,2.203e-05
a101_volume_high_alpha_min_84_84,1h,2026-05,0.013679,0.012205,0.012624,0.00010471,4.648e-05,8.64e-06
a101_volume_high_alpha_min_84_84,1h,2026-06,0.011157,0.011967,0.011667,9.318e-05,5.398e-05,3.848e-05
a101_volume_high_alpha_min_84_84,24h,2024-06,0.053121,0.053121,0.053121,-0.00177906,-0.00177906,-0.00177906
a101_volume_high_alpha_min_84_84,24h,2024-07,0.0559,0.054511,0.054511,-0.00043105,-0.00110505,-0.00110505
a101_volume_high_alpha_min_84_84,24h,2024-08,0.067865,0.058962,0.058962,0.00183704,-0.00012436,-0.00012436
a101_volume_high_alpha_min_84_84,24h,2024-09,0.023808,0.049191,0.050174,-0.00041651,0.00032983,-0.00019739
a101_volume_high_alpha_min_84_84,24h,2024-10,0.054753,0.048809,0.05109,-0.00115562,8.83e-05,-0.00038904
a101_volume_high_alpha_min_84_84,24h,2024-11,0.028878,0.035813,0.047388,-0.0049312,-0.00216778,-0.00114607
a101_volume_high_alpha_min_84_84,24h,2024-12,0.074459,0.052697,0.050944,0.00206995,-0.00133896,-0.00050456
a101_volume_high_alpha_min_84_84,24h,2025-01,0.07351,0.058949,0.053879,0.00331745,0.00015207,0.00012019
a101_volume_high_alpha_min_84_84,24h,2025-02,0.03591,0.061293,0.048553,0.00026264,0.00188335,-0.00014221
a101_volume_high_alpha_min_84_84,24h,2025-03,0.064894,0.058104,0.055401,0.00662729,0.00340246,0.00103175
a101_volume_high_alpha_min_84_84,24h,2025-04,0.014614,0.038473,0.048711,-0.00042866,0.00215376,0.00115291
a101_volume_high_alpha_min_84_84,24h,2025-05,0.075576,0.051695,0.056494,0.0021857,0.00279478,0.00233906
a101_volume_high_alpha_min_84_84,24h,2025-06,0.035962,0.042051,0.050078,0.00195041,0.00123582,0.00231914
a101_volume_high_alpha_min_84_84,24h,2025-07,0.045727,0.052422,0.045447,-0.00025274,0.00129446,0.00172411
a101_volume_high_alpha_min_84_84,24h,2025-08,0.083698,0.055129,0.053412,0.00035454,0.00068407,0.00173942
a101_volume_high_alpha_min_84_84,24h,2025-09,0.034843,0.054756,0.048403,0.00035429,0.00015203,0.00069392
a101_volume_high_alpha_min_84_84,24h,2025-10,0.029693,0.049411,0.050917,-0.00175425,-0.00034847,0.00047299
a101_volume_high_alpha_min_84_84,24h,2025-11,0.061715,0.042084,0.048606,0.00213624,0.00024543,0.00046475
a101_volume_high_alpha_min_84_84,24h,2025-12,0.045441,0.045616,0.050186,0.00056728,0.00031642,0.00023423
a101_volume_high_alpha_min_84_84,24h,2026-01,0.026947,0.044701,0.047056,-0.00195167,0.00025062,-4.893e-05
a101_volume_high_alpha_min_84_84,24h,2026-02,0.030872,0.03442,0.038252,0.00047151,-0.00030429,-2.943e-05
a101_volume_high_alpha_min_84_84,24h,2026-03,0.045999,0.034606,0.040111,0.00121581,-8.812e-05,0.00011415
a101_volume_high_alpha_min_84_84,24h,2026-04,0.030376,0.035749,0.040225,0.00238441,0.00135724,0.00080393
a101_volume_high_alpha_min_84_84,24h,2026-05,0.048658,0.041678,0.038049,0.00191501,0.00183841,0.00076706
a101_volume_high_alpha_min_84_84,24h,2026-06,0.034927,0.037987,0.036296,0.00262377,0.00230773,0.00110981
a101_volume_high_alpha_min_84_84,4h,2024-06,0.026112,0.026112,0.026112,-0.00016099,-0.00016099,-0.00016099
a101_volume_high_alpha_min_84_84,4h,2024-07,0.028689,0.027401,0.027401,1.169e-05,-7.465e-05,-7.465e-05
a101_volume_high_alpha_min_84_84,4h,2024-08,0.02977,0.02819,0.02819,0.00024738,3.269e-05,3.269e-05
a101_volume_high_alpha_min_84_84,4h,2024-09,0.021926,0.026795,0.026624,-0.00019672,2.078e-05,-2.466e-05
a101_volume_high_alpha_min_84_84,4h,2024-10,0.031598,0.027765,0.027619,-0.00019198,-4.711e-05,-5.812e-05
a101_volume_high_alpha_min_84_84,4h,2024-11,0.018327,0.02395,0.02607,-0.00081085,-0.00039985,-0.00018358
a101_volume_high_alpha_min_84_84,4h,2024-12,0.032663,0.027529,0.027162,0.00025326,-0.00024986,-0.00011454
a101_volume_high_alpha_min_84_84,4h,2025-01,0.041542,0.030844,0.029304,0.00061852,2.031e-05,-1.34e-05
a101_volume_high_alpha_min_84_84,4h,2025-02,0.023241,0.032482,0.028216,7.093e-05,0.00031424,-4.281e-05
a101_volume_high_alpha_min_84_84,4h,2025-03,0.031748,0.032177,0.029853,0.00109664,0.00059536,0.00017275
a101_volume_high_alpha_min_84_84,4h,2025-04,0.019671,0.024886,0.027865,0.0002217,0.00046309,0.0002417
a101_volume_high_alpha_min_84_84,4h,2025-05,0.034123,0.028514,0.030498,0.00024659,0.00052164,0.00041794
a101_volume_high_alpha_min_84_84,4h,2025-06,0.018983,0.024259,0.028218,0.00038835,0.00028555,0.00044046
a101_volume_high_alpha_min_84_84,4h,2025-07,0.026664,0.02659,0.025738,4.385e-05,0.00022626,0.00034468
a101_volume_high_alpha_min_84_84,4h,2025-08,0.037898,0.027848,0.028181,0.00011724,0.00018315,0.00035239
a101_volume_high_alpha_min_84_84,4h,2025-09,0.018859,0.027807,0.026033,-0.00031792,-5.228e-05,0.00011663
a101_volume_high_alpha_min_84_84,4h,2025-10,0.017701,0.024819,0.025705,-0.00049149,-0.00023072,-2.23e-06
a101_volume_high_alpha_min_84_84,4h,2025-11,0.028849,0.021803,0.024826,0.00071085,-3.285e-05,7.515e-05
a101_volume_high_alpha_min_84_84,4h,2025-12,0.028265,0.024938,0.026373,-6.969e-05,4.989e-05,-1.19e-06
a101_volume_high_alpha_min_84_84,4h,2026-01,0.015006,0.02404,0.02443,-0.00020574,0.00014514,-4.279e-05
a101_volume_high_alpha_min_84_84,4h,2026-02,0.019971,0.021081,0.021442,8.871e-05,-6.224e-05,-4.755e-05
a101_volume_high_alpha_min_84_84,4h,2026-03,0.022762,0.019246,0.022092,0.00026214,4.837e-05,4.913e-05
a101_volume_high_alpha_min_84_84,4h,2026-04,0.019816,0.02085,0.022445,-3.119e-05,0.00010655,0.00012585
a101_volume_high_alpha_min_84_84,4h,2026-05,0.024245,0.022274,0.021677,0.00035133,0.00019409,6.593e-05
a101_volume_high_alpha_min_84_84,4h,2026-06,0.022652,0.022237,0.020742,0.00045894,0.00025969,0.00015403
a101_volume_high_alpha_min_84_84,72h,2024-06,0.072041,0.072041,0.072041,0.00356746,0.00356746,0.00356746
a101_volume_high_alpha_min_84_84,72h,2024-07,0.075119,0.07358,0.07358,-0.00088181,0.00134283,0.00134283
a101_volume_high_alpha_min_84_84,72h,2024-08,0.083778,0.076979,0.076979,0.0083677,0.00368445,0.00368445
a101_volume_high_alpha_min_84_84,72h,2024-09,0.015809,0.058235,0.061687,0.00119469,0.00289353,0.00306201
a101_volume_high_alpha_min_84_84,72h,2024-10,0.067393,0.05566,0.062828,-0.00380406,0.00191944,0.0016888
a101_volume_high_alpha_min_84_84,72h,2024-11,0.026239,0.036481,0.05673,-0.01558573,-0.00606503,-0.00119029
a101_volume_high_alpha_min_84_84,72h,2024-12,0.083795,0.059143,0.058689,0.00819938,-0.00373014,-0.00041831
a101_volume_high_alpha_min_84_84,72h,2025-01,0.091814,0.067283,0.061471,0.00333417,-0.00135073,0.00028436
a101_volume_high_alpha_min_84_84,72h,2025-02,0.059051,0.07822,0.05735,0.00632525,0.00595293,-5.605e-05
a101_volume_high_alpha_min_84_84,72h,2025-03,0.064234,0.0717,0.065421,0.00870266,0.00612069,0.00119528
a101_volume_high_alpha_min_84_84,72h,2025-04,-0.007893,0.038464,0.052873,-0.00706333,0.00265486,0.00065207
a101_volume_high_alpha_min_84_84,72h,2025-05,0.109797,0.055379,0.0668,0.0053694,0.00233624,0.00414459
a101_volume_high_alpha_min_84_84,72h,2025-06,0.06649,0.056131,0.063915,0.00400715,0.00077107,0.00344588
a101_volume_high_alpha_min_84_84,72h,2025-07,0.042107,0.072798,0.055631,0.00138408,0.00358688,0.00312087
a101_volume_high_alpha_min_84_84,72h,2025-08,0.101743,0.070114,0.062746,-0.00239383,0.00099913,0.00166769
a101_volume_high_alpha_min_84_84,72h,2025-09,0.037624,0.060492,0.058311,0.00623069,0.00174031,0.00125569
a101_volume_high_alpha_min_84_84,72h,2025-10,0.046046,0.061805,0.067301,-0.00742071,-0.00119462,0.00119613
a101_volume_high_alpha_min_84_84,72h,2025-11,0.083752,0.055807,0.06296,0.00804499,0.00228499,0.00164206
a101_volume_high_alpha_min_84_84,72h,2025-12,0.054552,0.06145,0.060971,0.00343206,0.00135211,0.00154621
a101_volume_high_alpha_min_84_84,72h,2026-01,0.034775,0.057693,0.059749,-3.845e-05,0.00381287,0.00130912
a101_volume_high_alpha_min_84_84,72h,2026-02,0.041364,0.043564,0.049686,-0.00235632,0.00034576,0.00131538
a101_volume_high_alpha_min_84_84,72h,2026-03,0.047134,0.041091,0.051271,0.00111275,-0.00042734,0.00046239
a101_volume_high_alpha_min_84_84,72h,2026-04,0.037746,0.042082,0.049887,0.01125049,0.00333564,0.00357425
a101_volume_high_alpha_min_84_84,72h,2026-05,0.073324,0.052735,0.048149,0.00770613,0.00668979,0.00351778
a101_volume_high_alpha_min_84_84,72h,2026-06,0.036273,0.049115,0.045103,0.00642033,0.00845898,0.00401582
a101_volume_low_alpha_min_84_120,1h,2024-06,0.026283,0.026283,0.026283,9.608e-05,9.608e-05,9.608e-05
a101_volume_low_alpha_min_84_120,1h,2024-07,0.020727,0.023505,0.023505,-6.832e-05,1.388e-05,1.388e-05
a101_volume_low_alpha_min_84_120,1h,2024-08,0.023427,0.023479,0.023479,0.00014656,5.811e-05,5.811e-05
a101_volume_low_alpha_min_84_120,1h,2024-09,0.021171,0.021775,0.022902,3.574e-05,3.799e-05,5.252e-05
a101_volume_low_alpha_min_84_120,1h,2024-10,0.0205,0.021699,0.022422,-3.246e-05,4.995e-05,3.552e-05
a101_volume_low_alpha_min_84_120,1h,2024-11,0.012394,0.018022,0.02075,-0.00013534,-4.402e-05,7.04e-06
a101_volume_low_alpha_min_84_120,1h,2024-12,0.015893,0.016263,0.019019,-9.46e-06,-5.909e-05,-1.055e-05
a101_volume_low_alpha_min_84_120,1h,2025-01,0.02795,0.018746,0.020223,2.743e-05,-3.912e-05,5.41e-06
a101_volume_low_alpha_min_84_120,1h,2025-02,0.014827,0.019557,0.018789,7.87e-05,3.222e-05,-5.9e-06
a101_volume_low_alpha_min_84_120,1h,2025-03,0.022128,0.021635,0.018949,0.00025043,0.00011885,2.988e-05
a101_volume_low_alpha_min_84_120,1h,2025-04,0.017575,0.018176,0.018461,-6.183e-05,8.91e-05,2.499e-05
a101_volume_low_alpha_min_84_120,1h,2025-05,0.021849,0.020517,0.020037,-5.73e-06,6.096e-05,4.659e-05
a101_volume_low_alpha_min_84_120,1h,2025-06,0.014734,0.018053,0.019844,2.372e-05,-1.461e-05,5.212e-05
a101_volume_low_alpha_min_84_120,1h,2025-07,0.014749,0.017111,0.017643,2.666e-05,1.488e-05,5.199e-05
a101_volume_low_alpha_min_84_120,1h,2025-08,0.017028,0.015503,0.01801,-4.865e-05,5.8e-07,3.077e-05
a101_volume_low_alpha_min_84_120,1h,2025-09,0.018959,0.016912,0.017482,-0.00017104,-6.434e-05,-3.948e-05
a101_volume_low_alpha_min_84_120,1h,2025-10,0.014904,0.016964,0.017037,-8.806e-05,-0.00010258,-4.385e-05
a101_volume_low_alpha_min_84_120,1h,2025-11,0.025254,0.019706,0.017605,0.00020802,-1.703e-05,-8.22e-06
a101_volume_low_alpha_min_84_120,1h,2025-12,0.021533,0.020564,0.018738,3.14e-05,5.045e-05,-6.95e-06
a101_volume_low_alpha_min_84_120,1h,2026-01,0.016315,0.021034,0.018999,-5.643e-05,6.1e-05,-2.079e-05
a101_volume_low_alpha_min_84_120,1h,2026-02,0.013472,0.017107,0.018406,7.342e-05,1.613e-05,-4.5e-07
a101_volume_low_alpha_min_84_120,1h,2026-03,0.011759,0.013849,0.017206,-8.458e-05,-2.253e-05,1.396e-05
a101_volume_low_alpha_min_84_120,1h,2026-04,0.014678,0.013303,0.017169,-2.092e-05,-1.069e-05,2.515e-05
a101_volume_low_alpha_min_84_120,1h,2026-05,0.017826,0.014754,0.015931,0.00016271,1.907e-05,1.76e-05
a101_volume_low_alpha_min_84_120,1h,2026-06,0.01725,0.016585,0.015217,0.00013939,9.373e-05,3.56e-05
a101_volume_low_alpha_min_84_120,24h,2024-06,0.084405,0.084405,0.084405,0.00640387,0.00640387,0.00640387
a101_volume_low_alpha_min_84_120,24h,2024-07,0.047427,0.065916,0.065916,-0.00208697,0.00215845,0.00215845
a101_volume_low_alpha_min_84_120,24h,2024-08,0.070364,0.067399,0.067399,0.00238182,0.00223291,0.00223291
a101_volume_low_alpha_min_84_120,24h,2024-09,0.033087,0.050293,0.058821,0.00025479,0.00018321,0.00173838
a101_volume_low_alpha_min_84_120,24h,2024-10,0.058314,0.053921,0.058719,-0.00031248,0.00077471,0.00132821
a101_volume_low_alpha_min_84_120,24h,2024-11,0.020023,0.037141,0.05227,-0.00544564,-0.00183444,0.00019923
a101_volume_low_alpha_min_84_120,24h,2024-12,0.059572,0.04597,0.048131,0.00053228,-0.00174195,-0.00077937
a101_volume_low_alpha_min_84_120,24h,2025-01,0.06467,0.048089,0.051005,-1.928e-05,-0.00164421,-0.00043475
a101_volume_low_alpha_min_84_120,24h,2025-02,0.041873,0.055372,0.046256,0.0032521,0.00125503,-0.0002897
a101_volume_low_alpha_min_84_120,24h,2025-03,0.068236,0.05826,0.052115,0.00530649,0.00284644,0.00055224
a101_volume_low_alpha_min_84_120,24h,2025-04,0.032245,0.047451,0.04777,-0.0020515,0.00216903,0.00026241
a101_volume_low_alpha_min_84_120,24h,2025-05,0.078786,0.059756,0.057564,0.00147444,0.00157648,0.00141576
a101_volume_low_alpha_min_84_120,24h,2025-06,0.043486,0.051506,0.054883,0.00068237,3.51e-05,0.00144077
a101_volume_low_alpha_min_84_120,24h,2025-07,0.043584,0.055285,0.051368,0.00039237,0.00084973,0.00150938
a101_volume_low_alpha_min_84_120,24h,2025-08,0.063876,0.050315,0.055035,-0.00191744,-0.0002809,0.00064779
a101_volume_low_alpha_min_84_120,24h,2025-09,0.056482,0.054647,0.053076,-0.00266532,-0.0013968,-0.00068085
a101_volume_low_alpha_min_84_120,24h,2025-10,0.035708,0.052022,0.053653,-0.0021785,-0.00225375,-0.00070201
a101_volume_low_alpha_min_84_120,24h,2025-11,0.088469,0.060219,0.055267,0.00331859,-0.00050841,-0.00039466
a101_volume_low_alpha_min_84_120,24h,2025-12,0.0568,0.060325,0.057486,0.00030598,0.00048202,-0.00045739
a101_volume_low_alpha_min_84_120,24h,2026-01,0.044057,0.063108,0.057565,-0.00209454,0.00051001,-0.00087187
a101_volume_low_alpha_min_84_120,24h,2026-02,0.0365,0.045785,0.053002,0.00163151,-5.235e-05,-0.00028038
a101_volume_low_alpha_min_84_120,24h,2026-03,0.041498,0.040685,0.050505,-0.00122679,-0.00056327,-4.062e-05
a101_volume_low_alpha_min_84_120,24h,2026-04,0.041342,0.03978,0.051444,0.00262441,0.00100971,0.00075986
a101_volume_low_alpha_min_84_120,24h,2026-05,0.063961,0.048934,0.047359,0.00317475,0.00152412,0.00073589
a101_volume_low_alpha_min_84_120,24h,2026-06,0.04029,0.048531,0.044608,0.00683997,0.00421304,0.00182489
a101_volume_low_alpha_min_84_120,4h,2024-06,0.037996,0.037996,0.037996,0.00058933,0.00058933,0.00058933
a101_volume_low_alpha_min_84_120,4h,2024-07,0.026411,0.032203,0.032203,-0.00030642,0.00014145,0.00014145
a101_volume_low_alpha_min_84_120,4h,2024-08,0.034387,0.032931,0.032931,0.00051695,0.00026662,0.00026662
a101_volume_low_alpha_min_84_120,4h,2024-09,0.027166,0.029322,0.03149,-9.4e-07,6.986e-05,0.00019973
a101_volume_low_alpha_min_84_120,4h,2024-10,0.032785,0.031446,0.031749,-6.649e-05,0.00014984,0.00014649
a101_volume_low_alpha_min_84_120,4h,2024-11,0.013639,0.02453,0.028731,-0.00069311,-0.00025351,6.55e-06
a101_volume_low_alpha_min_84_120,4h,2024-12,0.031308,0.025911,0.027616,-7.499e-05,-0.0002782,-0.00010417
a101_volume_low_alpha_min_84_120,4h,2025-01,0.039541,0.028163,0.029805,6.803e-05,-0.00023336,-4.176e-05
a101_volume_low_alpha_min_84_120,4h,2025-02,0.024084,0.031645,0.028087,0.00037316,0.00012207,-6.572e-05
a101_volume_low_alpha_min_84_120,4h,2025-03,0.037152,0.033593,0.029752,0.00089259,0.00044459,8.32e-05
a101_volume_low_alpha_min_84_120,4h,2025-04,0.02723,0.029489,0.028826,-0.00014304,0.00037424,7.044e-05
a101_volume_low_alpha_min_84_120,4h,2025-05,0.036397,0.033593,0.032619,4.531e-05,0.00026495,0.00019351
a101_volume_low_alpha_min_84_120,4h,2025-06,0.019877,0.027835,0.030714,1.613e-05,-2.72e-05,0.0002087
a101_volume_low_alpha_min_84_120,4h,2025-07,0.023405,0.02656,0.028024,8.556e-05,4.9e-05,0.00021162
a101_volume_low_alpha_min_84_120,4h,2025-08,0.033306,0.025529,0.029561,-0.00023102,-4.311e-05,0.00011092
a101_volume_low_alpha_min_84_120,4h,2025-09,0.03229,0.029667,0.028751,-0.00056802,-0.00023783,-0.00013251
a101_volume_low_alpha_min_84_120,4h,2025-10,0.022742,0.029446,0.028003,-0.00035042,-0.00038315,-0.00016708
a101_volume_low_alpha_min_84_120,4h,2025-11,0.045283,0.033438,0.029484,0.00061423,-0.0001014,-7.226e-05
a101_volume_low_alpha_min_84_120,4h,2025-12,0.035592,0.034539,0.032103,0.0001854,0.00014974,-4.404e-05
a101_volume_low_alpha_min_84_120,4h,2026-01,0.025628,0.035501,0.032473,-0.00017492,0.00020824,-8.746e-05
a101_volume_low_alpha_min_84_120,4h,2026-02,0.022423,0.027881,0.03066,0.00014593,5.214e-05,-2.463e-05
a101_volume_low_alpha_min_84_120,4h,2026-03,0.021131,0.023061,0.0288,-0.00033466,-0.00012122,1.426e-05
a101_volume_low_alpha_min_84_120,4h,2026-04,0.025716,0.02309,0.029295,0.00010919,-2.651e-05,9.086e-05
a101_volume_low_alpha_min_84_120,4h,2026-05,0.031752,0.0262,0.02704,0.00058555,0.00012003,8.608e-05
a101_volume_low_alpha_min_84_120,4h,2026-06,0.02547,0.027646,0.025353,0.00095277,0.00054917,0.00021398
a101_volume_low_alpha_min_84_120,72h,2024-06,0.11899,0.11899,0.11899,0.01679416,0.01679416,0.01679416
a101_volume_low_alpha_min_84_120,72h,2024-07,0.084043,0.101516,0.101516,-0.00165681,0.00756867,0.00756867
a101_volume_low_alpha_min_84_120,72h,2024-08,0.066446,0.089826,0.089826,0.00550457,0.00688064,0.00688064
a101_volume_low_alpha_min_84_120,72h,2024-09,0.025983,0.058824,0.073865,-0.00045403,0.00113124,0.00504697
a101_volume_low_alpha_min_84_120,72h,2024-10,0.064396,0.052275,0.071971,-0.00444005,0.0002035,0.00314957
a101_volume_low_alpha_min_84_120,72h,2024-11,0.01297,0.03445,0.062138,-0.01889593,-0.00793,-0.00052468
a101_volume_low_alpha_min_84_120,72h,2024-12,0.062996,0.046787,0.052806,0.00390393,-0.00647735,-0.00267305
a101_volume_low_alpha_min_84_120,72h,2025-01,0.076755,0.050907,0.051591,-6.812e-05,-0.00502004,-0.00240827
a101_volume_low_alpha_min_84_120,72h,2025-02,0.051097,0.063616,0.049033,0.01037403,0.00473661,-0.0015967
a101_volume_low_alpha_min_84_120,72h,2025-03,0.060255,0.062702,0.054745,0.00562672,0.00531088,-0.00058324
a101_volume_low_alpha_min_84_120,72h,2025-04,0.010038,0.040463,0.045685,-0.01100805,0.00166423,-0.0016779
a101_volume_low_alpha_min_84_120,72h,2025-05,0.123516,0.064603,0.064109,0.01188465,0.00216777,0.00345219
a101_volume_low_alpha_min_84_120,72h,2025-06,0.081475,0.071676,0.067189,0.0059066,0.00226107,0.00378597
a101_volume_low_alpha_min_84_120,72h,2025-07,0.046202,0.083731,0.062097,0.00637894,0.00805673,0.00486048
a101_volume_low_alpha_min_84_120,72h,2025-08,0.07915,0.068942,0.066773,-0.00749412,0.00159714,0.00188246
a101_volume_low_alpha_min_84_120,72h,2025-09,0.063714,0.063022,0.067349,-0.00302171,-0.00137896,0.00044105
a101_volume_low_alpha_min_84_120,72h,2025-10,0.032233,0.058366,0.071048,-0.01536832,-0.00862805,-0.00028566
a101_volume_low_alpha_min_84_120,72h,2025-11,0.107159,0.067702,0.068322,0.00757942,-0.00360354,-0.0010032
a101_volume_low_alpha_min_84_120,72h,2025-12,0.058648,0.066013,0.064518,0.00335263,-0.00147876,-0.00142886
a101_volume_low_alpha_min_84_120,72h,2026-01,0.058,0.074602,0.066484,-0.00509447,0.00194586,-0.0033411
a101_volume_low_alpha_min_84_120,72h,2026-02,0.044844,0.053831,0.060766,-0.00217423,-0.00130536,-0.00245445
a101_volume_low_alpha_min_84_120,72h,2026-03,0.054599,0.052481,0.059247,6.096e-05,-0.00240258,-0.00194067
a101_volume_low_alpha_min_84_120,72h,2026-04,0.045898,0.048447,0.061525,0.01009716,0.0026613,0.00230358
a101_volume_low_alpha_min_84_120,72h,2026-05,0.08707,0.062522,0.058177,0.00966649,0.0066082,0.00265142
a101_volume_low_alpha_min_84_120,72h,2026-06,0.04327,0.058746,0.055613,0.01769301,0.01248555,0.00504149
a101_volume_xs_z_mean_neg_112h,1h,2024-06,0.031952,0.031952,0.031952,0.00017001,0.00017001,0.00017001
a101_volume_xs_z_mean_neg_112h,1h,2024-07,0.024517,0.028234,0.028234,4.584e-05,0.00010793,0.00010793
a101_volume_xs_z_mean_neg_112h,1h,2024-08,0.02279,0.026419,0.026419,-2.93e-06,7.097e-05,7.097e-05
a101_volume_xs_z_mean_neg_112h,1h,2024-09,0.016207,0.021171,0.023866,-0.00010019,-1.909e-05,2.818e-05
a101_volume_xs_z_mean_neg_112h,1h,2024-10,0.02478,0.021259,0.024049,-3.799e-05,-4.704e-05,1.495e-05
a101_volume_xs_z_mean_neg_112h,1h,2024-11,0.017586,0.019524,0.022972,-0.00031175,-0.00014998,-3.95e-05
a101_volume_xs_z_mean_neg_112h,1h,2024-12,0.01618,0.019515,0.020343,0.00012928,-7.349e-05,-4.629e-05
a101_volume_xs_z_mean_neg_112h,1h,2025-01,0.039351,0.024372,0.022815,0.00033015,4.923e-05,1.09e-06
a101_volume_xs_z_mean_neg_112h,1h,2025-02,0.019636,0.025055,0.02229,1.16e-06,0.00015353,1.78e-06
a101_volume_xs_z_mean_neg_112h,1h,2025-03,0.019231,0.026073,0.022794,0.00021575,0.00018235,5.443e-05
a101_volume_xs_z_mean_neg_112h,1h,2025-04,0.012656,0.017174,0.020773,-0.00023795,-7.01e-06,2.111e-05
a101_volume_xs_z_mean_neg_112h,1h,2025-05,0.023334,0.018407,0.021731,2.462e-05,8.1e-07,7.717e-05
a101_volume_xs_z_mean_neg_112h,1h,2025-06,0.017091,0.017693,0.021883,3.15e-05,-6.061e-05,6.087e-05
a101_volume_xs_z_mean_neg_112h,1h,2025-07,0.015495,0.01864,0.017907,-4.087e-05,5.08e-06,-9.7e-07
a101_volume_xs_z_mean_neg_112h,1h,2025-08,0.020381,0.017655,0.018031,-2.334e-05,-1.09e-05,-5.05e-06
a101_volume_xs_z_mean_neg_112h,1h,2025-09,0.015731,0.017202,0.017448,-0.0002738,-0.00011267,-8.664e-05
a101_volume_xs_z_mean_neg_112h,1h,2025-10,0.015138,0.017083,0.017861,4.179e-05,-8.512e-05,-4.002e-05
a101_volume_xs_z_mean_neg_112h,1h,2025-11,0.01453,0.015133,0.016394,7.075e-05,-5.375e-05,-3.233e-05
a101_volume_xs_z_mean_neg_112h,1h,2025-12,0.018663,0.01611,0.016656,-4.311e-05,2.314e-05,-4.476e-05
a101_volume_xs_z_mean_neg_112h,1h,2026-01,0.015926,0.016373,0.016728,8.6e-07,9.5e-06,-3.781e-05
a101_volume_xs_z_mean_neg_112h,1h,2026-02,0.012263,0.015617,0.015375,0.00014409,3.395e-05,-9.9e-06
a101_volume_xs_z_mean_neg_112h,1h,2026-03,0.014838,0.014342,0.015226,8.728e-05,7.741e-05,5.028e-05
a101_volume_xs_z_mean_neg_112h,1h,2026-04,0.015706,0.014269,0.015321,-0.00023725,-1.96e-06,3.77e-06
a101_volume_xs_z_mean_neg_112h,1h,2026-05,0.016108,0.01555,0.015584,9.08e-06,-4.696e-05,-6.51e-06
a101_volume_xs_z_mean_neg_112h,1h,2026-06,0.006015,0.012609,0.013476,3.65e-05,-6.389e-05,6.76e-06
a101_volume_xs_z_mean_neg_112h,24h,2024-06,0.086491,0.086491,0.086491,0.00493588,0.00493588,0.00493588
a101_volume_xs_z_mean_neg_112h,24h,2024-07,0.059547,0.073019,0.073019,0.00044988,0.00269288,0.00269288
a101_volume_xs_z_mean_neg_112h,24h,2024-08,0.066653,0.070897,0.070897,0.00040765,0.00193114,0.00193114
a101_volume_xs_z_mean_neg_112h,24h,2024-09,0.018564,0.048255,0.057814,-0.00286311,-0.00066853,0.00073257
a101_volume_xs_z_mean_neg_112h,24h,2024-10,0.061187,0.048802,0.058489,-0.00059287,-0.00101611,0.00046749
a101_volume_xs_z_mean_neg_112h,24h,2024-11,0.034453,0.038068,0.054483,-0.00887729,-0.00411109,-0.00108998
a101_volume_xs_z_mean_neg_112h,24h,2024-12,0.063298,0.05298,0.050617,0.00423634,-0.00174461,-0.00120657
a101_volume_xs_z_mean_neg_112h,24h,2025-01,0.110063,0.069271,0.059036,0.00863995,0.001333,0.00015845
a101_volume_xs_z_mean_neg_112h,24h,2025-02,0.065487,0.079616,0.058842,0.00079761,0.00455797,0.00022344
a101_volume_xs_z_mean_neg_112h,24h,2025-03,0.052976,0.076175,0.064577,0.00557479,0.00500412,0.00162976
a101_volume_xs_z_mean_neg_112h,24h,2025-04,0.010826,0.043096,0.056184,-0.00405146,0.00077365,0.00105332
a101_volume_xs_z_mean_neg_112h,24h,2025-05,0.075496,0.046433,0.063024,0.00055183,0.00069172,0.00262484
a101_volume_xs_z_mean_neg_112h,24h,2025-06,0.039235,0.041853,0.059014,0.00084713,-0.00088417,0.00205997
a101_volume_xs_z_mean_neg_112h,24h,2025-07,0.036733,0.050488,0.046792,-0.00321106,-0.00060403,8.481e-05
a101_volume_xs_z_mean_neg_112h,24h,2025-08,0.076574,0.050847,0.04864,0.00070902,-0.00055164,7.004e-05
a101_volume_xs_z_mean_neg_112h,24h,2025-09,0.035515,0.049607,0.04573,-0.00370719,-0.00206974,-0.00147695
a101_volume_xs_z_mean_neg_112h,24h,2025-10,0.050834,0.054308,0.052398,-0.00110175,-0.00136664,-0.00098534
a101_volume_xs_z_mean_neg_112h,24h,2025-11,0.061844,0.049398,0.050123,0.00155419,-0.00108492,-0.00081828
a101_volume_xs_z_mean_neg_112h,24h,2025-12,0.049122,0.053933,0.05177,-0.00047233,-6.63e-06,-0.00103819
a101_volume_xs_z_mean_neg_112h,24h,2026-01,0.047889,0.052952,0.05363,0.00059484,0.0005589,-0.00040387
a101_volume_xs_z_mean_neg_112h,24h,2026-02,0.05028,0.049097,0.049247,0.00200387,0.00070879,-0.00018806
a101_volume_xs_z_mean_neg_112h,24h,2026-03,0.055033,0.051068,0.0525,0.00218496,0.00159456,0.00079396
a101_volume_xs_z_mean_neg_112h,24h,2026-04,0.043428,0.04958,0.051266,-0.00517935,-0.00033017,0.00011436
a101_volume_xs_z_mean_neg_112h,24h,2026-05,0.05518,0.051213,0.050155,0.0007176,-0.00075893,-2.507e-05
a101_volume_xs_z_mean_neg_112h,24h,2026-06,0.02791,0.042172,0.04662,0.00032395,-0.00137927,0.00010765
a101_volume_xs_z_mean_neg_112h,4h,2024-06,0.038652,0.038652,0.038652,0.00069561,0.00069561,0.00069561
a101_volume_xs_z_mean_neg_112h,4h,2024-07,0.031253,0.034952,0.034952,0.00015211,0.00042386,0.00042386
a101_volume_xs_z_mean_neg_112h,4h,2024-08,0.028266,0.032724,0.032724,3.67e-05,0.00029481,0.00029481
a101_volume_xs_z_mean_neg_112h,4h,2024-09,0.020892,0.026804,0.029766,-0.00032193,-4.437e-05,0.00014062
a101_volume_xs_z_mean_neg_112h,4h,2024-10,0.035256,0.028138,0.030864,-0.00017826,-0.0001545,7.685e-05
a101_volume_xs_z_mean_neg_112h,4h,2024-11,0.023935,0.026694,0.029709,-0.00114905,-0.00054975,-0.00012747
a101_volume_xs_z_mean_neg_112h,4h,2024-12,0.031828,0.03034,0.028572,0.00064506,-0.00022742,-0.00013589
a101_volume_xs_z_mean_neg_112h,4h,2025-01,0.057359,0.037707,0.032923,0.00136768,0.0002879,6.67e-05
a101_volume_xs_z_mean_neg_112h,4h,2025-02,0.031705,0.040297,0.033496,4.741e-05,0.00068672,6.849e-05
a101_volume_xs_z_mean_neg_112h,4h,2025-03,0.029505,0.039523,0.034931,0.00087089,0.00076199,0.00026729
a101_volume_xs_z_mean_neg_112h,4h,2025-04,0.016708,0.025973,0.03184,-0.00080264,3.855e-05,0.00016323
a101_volume_xs_z_mean_neg_112h,4h,2025-05,0.035863,0.027359,0.033828,0.00012937,6.587e-05,0.0003763
a101_volume_xs_z_mean_neg_112h,4h,2025-06,0.023589,0.025387,0.032455,0.0001337,-0.00017986,0.00029107
a101_volume_xs_z_mean_neg_112h,4h,2025-07,0.021896,0.027116,0.026544,-0.00029678,-1.124e-05,1.366e-05
a101_volume_xs_z_mean_neg_112h,4h,2025-08,0.036259,0.027248,0.027304,-5.437e-05,-7.248e-05,-3.3e-06
a101_volume_xs_z_mean_neg_112h,4h,2025-09,0.021511,0.026556,0.025971,-0.0010351,-0.00046208,-0.00032097
a101_volume_xs_z_mean_neg_112h,4h,2025-10,0.02406,0.027277,0.027196,4.661e-05,-0.00034762,-0.00017943
a101_volume_xs_z_mean_neg_112h,4h,2025-11,0.028393,0.024655,0.025951,0.00020681,-0.00026056,-0.00016652
a101_volume_xs_z_mean_neg_112h,4h,2025-12,0.028945,0.027133,0.026844,-0.00010785,4.852e-05,-0.00020678
a101_volume_xs_z_mean_neg_112h,4h,2026-01,0.022913,0.02675,0.027013,1.096e-05,3.664e-05,-0.00015549
a101_volume_xs_z_mean_neg_112h,4h,2026-02,0.022475,0.024778,0.024716,0.00054491,0.00014934,-5.561e-05
a101_volume_xs_z_mean_neg_112h,4h,2026-03,0.029209,0.024866,0.025999,0.00039708,0.00031765,0.00018309
a101_volume_xs_z_mean_neg_112h,4h,2026-04,0.026088,0.025924,0.026337,-0.00096373,-7.25e-06,1.47e-05
a101_volume_xs_z_mean_neg_112h,4h,2026-05,0.027104,0.027467,0.026122,4.364e-05,-0.00017434,-1.25e-05
a101_volume_xs_z_mean_neg_112h,4h,2026-06,0.0157,0.022964,0.023915,0.00032993,-0.00019672,6.046e-05
a101_volume_xs_z_mean_neg_112h,72h,2024-06,0.11234,0.11234,0.11234,0.01499788,0.01499788,0.01499788
a101_volume_xs_z_mean_neg_112h,72h,2024-07,0.088459,0.1004,0.1004,0.00087572,0.0079368,0.0079368
a101_volume_xs_z_mean_neg_112h,72h,2024-08,0.089127,0.096642,0.096642,0.00506899,0.00698086,0.00698086
a101_volume_xs_z_mean_neg_112h,72h,2024-09,0.00094,0.059508,0.072716,-0.00673273,-0.00026267,0.00355247
a101_volume_xs_z_mean_neg_112h,72h,2024-10,0.073396,0.054488,0.072852,-0.00145086,-0.0010382,0.0025518
a101_volume_xs_z_mean_neg_112h,72h,2024-11,0.03509,0.036475,0.066559,-0.02385573,-0.01067977,-0.00184945
a101_volume_xs_z_mean_neg_112h,72h,2024-12,0.06598,0.058155,0.058832,0.00897634,-0.00544342,-0.00285304
a101_volume_xs_z_mean_neg_112h,72h,2025-01,0.167808,0.089626,0.072057,0.02590924,0.00367662,0.00131921
a101_volume_xs_z_mean_neg_112h,72h,2025-02,0.068404,0.100731,0.068603,-0.0008326,0.01135099,0.00033561
a101_volume_xs_z_mean_neg_112h,72h,2025-03,0.072393,0.102869,0.080512,0.01590814,0.01366159,0.00410909
a101_volume_xs_z_mean_neg_112h,72h,2025-04,-0.01055,0.043416,0.066521,-0.00743779,0.00254592,0.00311127
a101_volume_xs_z_mean_neg_112h,72h,2025-05,0.101545,0.054463,0.077597,0.00308514,0.00385183,0.00760141
a101_volume_xs_z_mean_neg_112h,72h,2025-06,0.068258,0.053085,0.077977,0.00010387,-0.00141626,0.00612267
a101_volume_xs_z_mean_neg_112h,72h,2025-07,0.037995,0.069266,0.056341,-0.00744277,-0.00141792,0.000564
a101_volume_xs_z_mean_neg_112h,72h,2025-08,0.103536,0.06993,0.062196,0.00390262,-0.00114543,0.0013532
a101_volume_xs_z_mean_neg_112h,72h,2025-09,0.026521,0.056017,0.054551,-0.00651265,-0.00335093,-0.0023836
a101_volume_xs_z_mean_neg_112h,72h,2025-10,0.082277,0.070778,0.070022,-0.01633709,-0.00631571,-0.00386681
a101_volume_xs_z_mean_neg_112h,72h,2025-11,0.074815,0.061204,0.065567,0.00911512,-0.00457821,-0.00286182
a101_volume_xs_z_mean_neg_112h,72h,2025-12,0.049947,0.069013,0.062515,0.00394991,-0.00109069,-0.00222081
a101_volume_xs_z_mean_neg_112h,72h,2026-01,0.073153,0.065972,0.068375,0.00671626,0.00659376,0.00013903
a101_volume_xs_z_mean_neg_112h,72h,2026-02,0.074304,0.065801,0.063503,0.00546353,0.00537657,0.00039918
a101_volume_xs_z_mean_neg_112h,72h,2026-03,0.062065,0.069841,0.069427,0.00934602,0.00717527,0.00304229
a101_volume_xs_z_mean_neg_112h,72h,2026-04,0.049401,0.061923,0.063948,-0.00460035,0.00340307,0.00499841
a101_volume_xs_z_mean_neg_112h,72h,2026-05,0.088432,0.066633,0.066217,0.00721361,0.00398643,0.0046815
a101_volume_xs_z_mean_neg_112h,72h,2026-06,0.020137,0.052657,0.061249,-0.00835674,-0.00191449,0.00263039
q158_klen_open,1h,2024-06,-0.044193,-0.044193,-0.044193,5.377e-05,5.377e-05,5.377e-05
q158_klen_open,1h,2024-07,-0.038357,-0.041275,-0.041275,-8.94e-06,2.242e-05,2.242e-05
q158_klen_open,1h,2024-08,-0.045713,-0.042754,-0.042754,-7.497e-05,-1.005e-05,-1.005e-05
q158_klen_open,1h,2024-09,-0.034137,-0.039402,-0.0406,0.00026205,5.938e-05,5.798e-05
q158_klen_open,1h,2024-10,-0.043354,-0.041068,-0.041151,3.861e-05,7.523e-05,5.41e-05
q158_klen_open,1h,2024-11,-0.041933,-0.039808,-0.041281,6.903e-05,0.00012323,5.659e-05
q158_klen_open,1h,2024-12,-0.044304,-0.043197,-0.0413,-0.00012184,-4.73e-06,2.732e-05
q158_klen_open,1h,2025-01,-0.071802,-0.05268,-0.046874,-0.00065842,-0.00023708,-8.092e-05
q158_klen_open,1h,2025-02,-0.043525,-0.05321,-0.046509,-0.00036426,-0.00038151,-0.00012914
q158_klen_open,1h,2025-03,-0.030769,-0.048698,-0.045948,-8.088e-05,-0.00036785,-0.00018629
q158_klen_open,1h,2025-04,-0.024556,-0.03295,-0.042815,0.00042023,-8.3e-06,-0.00012269
q158_klen_open,1h,2025-05,-0.038207,-0.031177,-0.042194,5.169e-05,0.00013035,-0.00012558
q158_klen_open,1h,2025-06,-0.035721,-0.032828,-0.040763,-0.00014972,0.0001074,-0.00013023
q158_klen_open,1h,2025-07,-0.035829,-0.036585,-0.034768,8.933e-05,-2.9e-06,-5.6e-06
q158_klen_open,1h,2025-08,-0.033392,-0.03498,-0.033079,0.00036527,0.00010163,0.00011599
q158_klen_open,1h,2025-09,-0.032853,-0.034025,-0.033426,0.00061237,0.00035566,0.00023153
q158_klen_open,1h,2025-10,-0.03809,-0.034778,-0.035682,0.00044001,0.00047255,0.00023483
q158_klen_open,1h,2025-11,-0.045533,-0.038825,-0.036903,6.615e-05,0.00037284,0.00023724
q158_klen_open,1h,2025-12,-0.040536,-0.041386,-0.037705,0.00012046,0.00020887,0.00028227
q158_klen_open,1h,2026-01,-0.036953,-0.041007,-0.037893,-9.66e-06,5.898e-05,0.00026577
q158_klen_open,1h,2026-02,-0.025882,-0.034457,-0.036641,5.428e-05,5.503e-05,0.00021393
q158_klen_open,1h,2026-03,-0.016814,-0.02655,-0.033968,0.00030056,0.00011506,0.00016197
q158_klen_open,1h,2026-04,-0.027825,-0.023507,-0.032257,0.00060133,0.00031872,0.00018885
q158_klen_open,1h,2026-05,-0.03234,-0.02566,-0.030058,0.00035649,0.00041946,0.00023724
q158_klen_open,1h,2026-06,-0.023078,-0.027748,-0.027149,0.00037879,0.00044554,0.0002803
q158_klen_open,24h,2024-06,-0.127318,-0.127318,-0.127318,-0.00309484,-0.00309484,-0.00309484
q158_klen_open,24h,2024-07,-0.084254,-0.105786,-0.105786,-0.00132072,-0.00220778,-0.00220778
q158_klen_open,24h,2024-08,-0.108852,-0.106808,-0.106808,-0.00228861,-0.00223472,-0.00223472
q158_klen_open,24h,2024-09,-0.013528,-0.068878,-0.083488,0.00626652,0.00088573,-0.00010941
q158_klen_open,24h,2024-10,-0.100879,-0.07442,-0.086966,-0.00069211,0.00109527,-0.00022595
q158_klen_open,24h,2024-11,-0.081312,-0.06524,-0.086024,0.00334825,0.00297422,0.00036975
q158_klen_open,24h,2024-12,-0.097793,-0.093328,-0.081103,-0.00269236,-1.207e-05,0.00043683
q158_klen_open,24h,2025-01,-0.145365,-0.108157,-0.091288,-0.01242749,-0.00392387,-0.0014143
q158_klen_open,24h,2025-02,-0.093027,-0.112062,-0.088651,-0.0013839,-0.00550125,-0.00126351
q158_klen_open,24h,2025-03,-0.095209,-0.1112,-0.102264,-0.00563408,-0.00648182,-0.00324695
q158_klen_open,24h,2025-04,-0.034082,-0.074106,-0.091131,0.00745108,0.00014437,-0.00188975
q158_klen_open,24h,2025-05,-0.086283,-0.071858,-0.09196,0.00100683,0.00094128,-0.00227999
q158_klen_open,24h,2025-06,-0.072976,-0.064447,-0.087824,-0.00327777,0.00172671,-0.00237755
q158_klen_open,24h,2025-07,-0.076468,-0.078576,-0.076341,0.00210332,-5.587e-05,4.425e-05
q158_klen_open,24h,2025-08,-0.080862,-0.076769,-0.074313,0.00625164,0.0016924,0.00131684
q158_klen_open,24h,2025-09,-0.059724,-0.072351,-0.068399,0.01087569,0.00641022,0.00406846
q158_klen_open,24h,2025-10,-0.084837,-0.075141,-0.076858,0.01286991,0.00999908,0.0049716
q158_klen_open,24h,2025-11,-0.107046,-0.083869,-0.080319,0.00164078,0.00846213,0.00507726
q158_klen_open,24h,2025-12,-0.05582,-0.082568,-0.07746,0.00526979,0.00659349,0.00650186
q158_klen_open,24h,2026-01,-0.089436,-0.084101,-0.079621,-0.00027042,0.00221338,0.00610623
q158_klen_open,24h,2026-02,-0.057129,-0.067462,-0.075665,4.856e-05,0.00168264,0.00507238
q158_klen_open,24h,2026-03,-0.059834,-0.0688,-0.075684,0.00244578,0.00074131,0.0036674
q158_klen_open,24h,2026-04,-0.071458,-0.062807,-0.073454,0.0112325,0.00457561,0.0033945
q158_klen_open,24h,2026-05,-0.068883,-0.066725,-0.067093,0.00519572,0.00629133,0.00398699
q158_klen_open,24h,2026-06,-0.031658,-0.057333,-0.063066,0.00537751,0.00726858,0.00400494
q158_klen_open,4h,2024-06,-0.055693,-0.055693,-0.055693,2.196e-05,2.196e-05,2.196e-05
q158_klen_open,4h,2024-07,-0.049915,-0.052804,-0.052804,2.965e-05,2.581e-05,2.581e-05
q158_klen_open,4h,2024-08,-0.060937,-0.055515,-0.055515,-0.00063576,-0.00019472,-0.00019472
q158_klen_open,4h,2024-09,-0.03252,-0.047791,-0.049766,0.0011947,0.0001962,0.00015264
q158_klen_open,4h,2024-10,-0.058058,-0.050505,-0.051425,5.462e-05,0.00020452,0.00013303
q158_klen_open,4h,2024-11,-0.057589,-0.049389,-0.052452,0.00067605,0.00064179,0.00022354
q158_klen_open,4h,2024-12,-0.077053,-0.064234,-0.056012,-0.00064466,2.867e-05,0.00011243
q158_klen_open,4h,2025-01,-0.096661,-0.077101,-0.063803,-0.00235461,-0.00077441,-0.00028494
q158_klen_open,4h,2025-02,-0.053141,-0.075618,-0.062504,-0.00074271,-0.00124733,-0.00030277
q158_klen_open,4h,2025-03,-0.056385,-0.068729,-0.066481,-0.00085476,-0.00131736,-0.00064435
q158_klen_open,4h,2025-04,-0.034414,-0.04798,-0.06254,0.00142936,-5.604e-05,-0.00041522
q158_klen_open,4h,2025-05,-0.05432,-0.048373,-0.061996,0.00013527,0.00023662,-0.00050535
q158_klen_open,4h,2025-06,-0.049398,-0.046044,-0.057386,-0.00056059,0.00033468,-0.00049134
q158_klen_open,4h,2025-07,-0.051786,-0.051835,-0.049907,0.0001387,-9.554e-05,-7.579e-05
q158_klen_open,4h,2025-08,-0.047522,-0.049569,-0.048971,0.00130894,0.00029568,0.00026615
q158_klen_open,4h,2025-09,-0.04536,-0.048223,-0.047133,0.00203701,0.00116155,0.00074812
q158_klen_open,4h,2025-10,-0.049429,-0.047437,-0.049636,0.00278994,0.0020453,0.00097488
q158_klen_open,4h,2025-11,-0.068173,-0.054321,-0.051945,0.00039399,0.00174031,0.001018
q158_klen_open,4h,2025-12,-0.054273,-0.057292,-0.052757,0.00044752,0.00121048,0.00118602
q158_klen_open,4h,2026-01,-0.054698,-0.059048,-0.053242,-6.704e-05,0.00025816,0.00115173
q158_klen_open,4h,2026-02,-0.041264,-0.050078,-0.052199,0.00035218,0.00024422,0.00099227
q158_klen_open,4h,2026-03,-0.037544,-0.044502,-0.050897,0.00056884,0.00028466,0.00074757
q158_klen_open,4h,2026-04,-0.04401,-0.040939,-0.049994,0.00202885,0.00098329,0.00062072
q158_klen_open,4h,2026-05,-0.052049,-0.044534,-0.047306,0.00109436,0.00123068,0.00073745
q158_klen_open,4h,2026-06,-0.029232,-0.041764,-0.043133,0.00096084,0.00136135,0.00082301
q158_klen_open,72h,2024-06,-0.166421,-0.166421,-0.166421,-0.01368626,-0.01368626,-0.01368626
q158_klen_open,72h,2024-07,-0.115729,-0.141075,-0.141075,-0.00410774,-0.008897,-0.008897
q158_klen_open,72h,2024-08,-0.115366,-0.132505,-0.132505,-0.00723413,-0.00834271,-0.00834271
q158_klen_open,72h,2024-09,0.015635,-0.07182,-0.09547,0.01330564,0.00065459,-0.00293062
q158_klen_open,72h,2024-10,-0.112142,-0.070624,-0.098804,-0.00292408,0.00104914,-0.00292931
q158_klen_open,72h,2024-11,-0.048431,-0.048312,-0.090409,0.01484041,0.00840732,3.231e-05
q158_klen_open,72h,2024-12,-0.101709,-0.087427,-0.079623,-0.00472802,0.0023961,0.00152535
q158_klen_open,72h,2025-01,-0.204157,-0.118099,-0.094361,-0.0398426,-0.00991007,-0.00443046
q158_klen_open,72h,2025-02,-0.080383,-0.12875,-0.088531,0.00616197,-0.01280288,-0.00219778
q158_klen_open,72h,2025-03,-0.139917,-0.141486,-0.114456,-0.01870492,-0.01746185,-0.00753287
q158_klen_open,72h,2025-04,-0.004974,-0.075091,-0.096595,0.01699428,0.00148378,-0.00421315
q158_klen_open,72h,2025-05,-0.08973,-0.078207,-0.103478,0.0067352,0.00167485,-0.00556401
q158_klen_open,72h,2025-06,-0.11155,-0.068752,-0.105119,-0.00574913,0.00599345,-0.0057342
q158_klen_open,72h,2025-07,-0.098313,-0.099865,-0.087478,0.00419517,0.00172708,0.00160543
q158_klen_open,72h,2025-08,-0.101251,-0.103705,-0.090956,0.01980609,0.00608404,0.00387945
q158_klen_open,72h,2025-09,-0.046071,-0.081878,-0.075315,0.03771933,0.02057353,0.01328349
q158_klen_open,72h,2025-10,-0.090649,-0.079323,-0.089594,0.04289054,0.03347199,0.01759953
q158_klen_open,72h,2025-11,-0.119635,-0.085452,-0.094578,0.00235344,0.02765444,0.01686924
q158_klen_open,72h,2025-12,-0.053271,-0.087852,-0.084865,0.00624876,0.01716425,0.01886889
q158_klen_open,72h,2026-01,-0.116403,-0.096436,-0.08788,-0.00232404,0.00209272,0.01778235
q158_klen_open,72h,2026-02,-0.05924,-0.076305,-0.080878,0.00601567,0.00331346,0.01548395
q158_klen_open,72h,2026-03,-0.0742,-0.083281,-0.085566,0.00230257,0.00199807,0.00958116
q158_klen_open,72h,2026-04,-0.064251,-0.065897,-0.081167,0.03626732,0.01486185,0.00847729
q158_klen_open,72h,2026-05,-0.081736,-0.073396,-0.07485,0.00965664,0.01607551,0.00969449
q158_klen_open,72h,2026-06,-0.064331,-0.070106,-0.076693,0.01156385,0.0191626,0.01058034
q158_klow_open,1h,2024-06,-0.033026,-0.033026,-0.033026,-8.934e-05,-8.934e-05,-8.934e-05
q158_klow_open,1h,2024-07,-0.036797,-0.034911,-0.034911,-0.0002174,-0.00015337,-0.00015337
q158_klow_open,1h,2024-08,-0.042053,-0.037292,-0.037292,-0.00040479,-0.00023718,-0.00023718
q158_klow_open,1h,2024-09,-0.025854,-0.034901,-0.034433,-3.107e-05,-0.00021775,-0.00018565
q158_klow_open,1h,2024-10,-0.030273,-0.032727,-0.033601,-0.00015404,-0.00019663,-0.00017933
q158_klow_open,1h,2024-11,-0.018647,-0.024925,-0.031108,0.00022005,1.165e-05,-0.00011276
q158_klow_open,1h,2024-12,-0.015692,-0.021537,-0.028219,5.374e-05,3.992e-05,-8.892e-05
q158_klow_open,1h,2025-01,-0.041345,-0.025228,-0.028977,-0.00014996,4.128e-05,-7.768e-05
q158_klow_open,1h,2025-02,-0.033688,-0.030242,-0.027583,-0.00034217,-0.00014613,-6.724e-05
q158_klow_open,1h,2025-03,-0.022542,-0.032525,-0.027031,-5.791e-05,-0.00018335,-7.172e-05
q158_klow_open,1h,2025-04,-0.015725,-0.023985,-0.024606,0.00025448,-4.853e-05,-3.63e-06
q158_klow_open,1h,2025-05,-0.031387,-0.023218,-0.02673,-8.98e-06,6.253e-05,-4.18e-05
q158_klow_open,1h,2025-06,-0.025341,-0.024151,-0.028338,-0.00019943,1.536e-05,-8.4e-05
q158_klow_open,1h,2025-07,-0.034398,-0.030375,-0.02718,-0.000285,-0.00016447,-0.0001065
q158_klow_open,1h,2025-08,-0.026723,-0.028821,-0.026019,-8.839e-05,-0.00019094,-6.42e-05
q158_klow_open,1h,2025-09,-0.032121,-0.031081,-0.027616,0.00019761,-5.859e-05,-2.162e-05
q158_klow_open,1h,2025-10,-0.026433,-0.028426,-0.0294,0.00019284,0.00010069,-3.189e-05
q158_klow_open,1h,2025-11,-0.028056,-0.02887,-0.028845,0.00018478,0.00019174,4e-07
q158_klow_open,1h,2025-12,-0.027247,-0.027245,-0.029163,0.00011808,0.00016523,5.332e-05
q158_klow_open,1h,2026-01,-0.020056,-0.02512,-0.026773,-1.502e-05,9.595e-05,9.832e-05
q158_klow_open,1h,2026-02,-0.021459,-0.022921,-0.025895,-0.00011651,-4.48e-06,9.363e-05
q158_klow_open,1h,2026-03,-0.016665,-0.019393,-0.023319,-8.686e-05,-7.28e-05,4.622e-05
q158_klow_open,1h,2026-04,-0.029209,-0.022444,-0.023782,7.61e-06,-6.525e-05,1.535e-05
q158_klow_open,1h,2026-05,-0.030551,-0.025475,-0.024198,-2.827e-05,-3.584e-05,-2.016e-05
q158_klow_open,1h,2026-06,-0.020953,-0.026905,-0.023149,-0.0001674,-6.269e-05,-6.774e-05
q158_klow_open,24h,2024-06,-0.079839,-0.079839,-0.079839,-0.00242585,-0.00242585,-0.00242585
q158_klow_open,24h,2024-07,-0.052613,-0.066226,-0.066226,-0.00124069,-0.00183327,-0.00183327
q158_klow_open,24h,2024-08,-0.063557,-0.065336,-0.065336,-0.00131616,-0.0016609,-0.0016609
q158_klow_open,24h,2024-09,-0.015118,-0.043762,-0.052782,0.00266628,3.648e-05,-0.0005791
q158_klow_open,24h,2024-10,-0.05609,-0.044922,-0.053443,-0.00067335,0.00022559,-0.00059795
q158_klow_open,24h,2024-11,-0.039415,-0.036874,-0.051105,0.00230531,0.00143275,-0.00011408
q158_klow_open,24h,2024-12,-0.045194,-0.0469,-0.045331,-0.00289179,-0.00041994,-0.00019173
q158_klow_open,24h,2025-01,-0.079657,-0.054755,-0.049839,-0.006773,-0.00245316,-0.00111378
q158_klow_open,24h,2025-02,-0.054945,-0.059932,-0.048403,-0.00075473,-0.00347317,-0.00102021
q158_klow_open,24h,2025-03,-0.052809,-0.06247,-0.054685,-0.00368351,-0.00373708,-0.00207851
q158_klow_open,24h,2025-04,-0.015729,-0.041161,-0.047958,0.00372293,-0.00023844,-0.0013458
q158_klow_open,24h,2025-05,-0.057889,-0.042142,-0.051037,8.122e-05,4.021e-05,-0.00171648
q158_klow_open,24h,2025-06,-0.045126,-0.039581,-0.051026,-0.00244804,0.00045204,-0.00164252
q158_klow_open,24h,2025-07,-0.045624,-0.049546,-0.045354,0.00130105,-0.00035526,-0.00029685
q158_klow_open,24h,2025-08,-0.047349,-0.046033,-0.044088,0.00404919,0.0009674,0.00050381
q158_klow_open,24h,2025-09,-0.038661,-0.043878,-0.04173,0.00746393,0.00427139,0.00236171
q158_klow_open,24h,2025-10,-0.049696,-0.045236,-0.047391,0.00838954,0.00663422,0.00313948
q158_klow_open,24h,2025-11,-0.062347,-0.050235,-0.048134,0.00155566,0.00580304,0.00338522
q158_klow_open,24h,2025-12,-0.036204,-0.049416,-0.046647,0.00337328,0.00443949,0.00435544
q158_klow_open,24h,2026-01,-0.052717,-0.050423,-0.047829,-0.00047937,0.00148319,0.00405871
q158_klow_open,24h,2026-02,-0.031671,-0.040197,-0.045216,0.00048045,0.00112479,0.00346391
q158_klow_open,24h,2026-03,-0.029267,-0.037885,-0.04365,0.00154574,0.00051561,0.00247755
q158_klow_open,24h,2026-04,-0.04128,-0.034073,-0.042248,0.00796714,0.00333111,0.00240715
q158_klow_open,24h,2026-05,-0.04447,-0.038339,-0.039268,0.00375122,0.00442137,0.00277308
q158_klow_open,24h,2026-06,-0.016344,-0.034031,-0.035958,0.00238803,0.00470213,0.00260887
q158_klow_open,4h,2024-06,-0.031104,-0.031104,-0.031104,-8.996e-05,-8.996e-05,-8.996e-05
q158_klow_open,4h,2024-07,-0.038588,-0.034846,-0.034846,-0.00020519,-0.00014757,-0.00014757
q158_klow_open,4h,2024-08,-0.043252,-0.037648,-0.037648,-0.00061697,-0.00030404,-0.00030404
q158_klow_open,4h,2024-09,-0.028986,-0.036942,-0.035482,2.825e-05,-0.00026464,-0.00022097
q158_klow_open,4h,2024-10,-0.034438,-0.035558,-0.035273,0.00014109,-0.00014921,-0.00014856
q158_klow_open,4h,2024-11,-0.022805,-0.028743,-0.033195,0.0003869,0.00018541,-5.931e-05
q158_klow_open,4h,2024-12,-0.037809,-0.031684,-0.034313,-0.00017155,0.00011881,-7.291e-05
q158_klow_open,4h,2025-01,-0.047611,-0.036075,-0.035817,-0.00069273,-0.00015913,-0.00015417
q158_klow_open,4h,2025-02,-0.044108,-0.043176,-0.035959,-0.00112639,-0.00066356,-0.00023907
q158_klow_open,4h,2025-03,-0.0321,-0.041273,-0.036479,-0.00049179,-0.0007703,-0.00032574
q158_klow_open,4h,2025-04,-0.017416,-0.031208,-0.033642,0.00066816,-0.00031667,-0.0002379
q158_klow_open,4h,2025-05,-0.041437,-0.030318,-0.036747,-0.00047811,-0.00010058,-0.00038207
q158_klow_open,4h,2025-06,-0.032075,-0.030309,-0.035791,-0.00066317,-0.00015771,-0.000464
q158_klow_open,4h,2025-07,-0.037413,-0.036975,-0.034092,-0.0002192,-0.00045349,-0.00038508
q158_klow_open,4h,2025-08,-0.031749,-0.033746,-0.032032,0.00044488,-0.00014583,-0.00012321
q158_klow_open,4h,2025-09,-0.027606,-0.032256,-0.031283,0.00133214,0.00051927,0.00018078
q158_klow_open,4h,2025-10,-0.028169,-0.029175,-0.033075,0.00156752,0.00111485,0.00033068
q158_klow_open,4h,2025-11,-0.040225,-0.032,-0.032873,0.00035614,0.00108527,0.00046972
q158_klow_open,4h,2025-12,-0.034522,-0.034305,-0.033281,0.00022609,0.00071658,0.00061793
q158_klow_open,4h,2026-01,-0.026937,-0.033895,-0.031535,0.00011367,0.00023197,0.00067341
q158_klow_open,4h,2026-02,-0.025512,-0.02899,-0.030495,6.43e-05,0.00013469,0.00060998
q158_klow_open,4h,2026-03,-0.020999,-0.024483,-0.029394,0.00015588,0.00011128,0.00041393
q158_klow_open,4h,2026-04,-0.030297,-0.025603,-0.029749,0.00121932,0.00047983,0.0003559
q158_klow_open,4h,2026-05,-0.036765,-0.029354,-0.029172,0.00030058,0.00055859,0.00034664
q158_klow_open,4h,2026-06,-0.017744,-0.028269,-0.026376,0.00026425,0.00059472,0.000353
q158_klow_open,72h,2024-06,-0.107507,-0.107507,-0.107507,-0.01002433,-0.01002433,-0.01002433
q158_klow_open,72h,2024-07,-0.070851,-0.089179,-0.089179,-0.00268781,-0.00635607,-0.00635607
q158_klow_open,72h,2024-08,-0.068829,-0.082396,-0.082396,-0.00515403,-0.00595539,-0.00595539
q158_klow_open,72h,2024-09,0.001363,-0.046106,-0.061456,0.0054582,-0.00079455,-0.00310199
q158_klow_open,72h,2024-10,-0.065386,-0.044284,-0.062242,-0.00184873,-0.00051485,-0.00285134
q158_klow_open,72h,2024-11,-0.026697,-0.03024,-0.056318,0.00828401,0.00396449,-0.00099545
q158_klow_open,72h,2024-12,-0.048897,-0.046993,-0.046549,-0.00544128,0.00033133,-0.00023161
q158_klow_open,72h,2025-01,-0.118714,-0.064769,-0.054527,-0.02269842,-0.00661856,-0.00356671
q158_klow_open,72h,2025-02,-0.038941,-0.068851,-0.049545,0.00455237,-0.00786244,-0.00194897
q158_klow_open,72h,2025-03,-0.080823,-0.079493,-0.063243,-0.01193307,-0.01002637,-0.00484752
q158_klow_open,72h,2025-04,0.003683,-0.038694,-0.051732,0.00858671,0.000402,-0.00310828
q158_klow_open,72h,2025-05,-0.063321,-0.046821,-0.057836,0.0017061,-0.00054675,-0.0042046
q158_klow_open,72h,2025-06,-0.071457,-0.043699,-0.061596,-0.00386662,0.00214206,-0.00394216
q158_klow_open,72h,2025-07,-0.061409,-0.065396,-0.052045,0.00273793,0.00019247,0.00029724
q158_klow_open,72h,2025-08,-0.05508,-0.062649,-0.054735,0.01192674,0.00359935,0.0015263
q158_klow_open,72h,2025-09,-0.039445,-0.051978,-0.047838,0.02308394,0.01258287,0.00736247
q158_klow_open,72h,2025-10,-0.057679,-0.050734,-0.058065,0.03024617,0.02175228,0.01097238
q158_klow_open,72h,2025-11,-0.067842,-0.054988,-0.058819,0.00022731,0.01785247,0.01072591
q158_klow_open,72h,2025-12,-0.031652,-0.052391,-0.052184,0.00242279,0.01096542,0.01177415
q158_klow_open,72h,2026-01,-0.076071,-0.058521,-0.054628,-0.00224601,0.0001347,0.01094349
q158_klow_open,72h,2026-02,-0.035267,-0.047663,-0.051326,0.0035749,0.00125056,0.00955152
q158_klow_open,72h,2026-03,-0.046098,-0.052479,-0.052435,-0.00035268,0.0003254,0.00564541
q158_klow_open,72h,2026-04,-0.039148,-0.040171,-0.049346,0.02482142,0.00934788,0.00474129
q158_klow_open,72h,2026-05,-0.051232,-0.045493,-0.046578,0.00742042,0.01062972,0.00594014
q158_klow_open,72h,2026-06,-0.036195,-0.042192,-0.047335,0.00975213,0.01399799,0.0071617
q158_ksft_open,1h,2024-06,-0.018549,-0.018549,-0.018549,1.869e-05,1.869e-05,1.869e-05
q158_ksft_open,1h,2024-07,-0.025177,-0.021863,-0.021863,-8.27e-06,5.21e-06,5.21e-06
q158_ksft_open,1h,2024-08,-0.038844,-0.027523,-0.027523,-0.000126,-3.853e-05,-3.853e-05
q158_ksft_open,1h,2024-09,-0.06239,-0.042137,-0.03624,-0.00050582,-0.00021336,-0.00015535
q158_ksft_open,1h,2024-10,-0.046427,-0.04922,-0.038277,-0.00035934,-0.00033039,-0.00019615
q158_ksft_open,1h,2024-11,-0.028396,-0.045737,-0.03663,0.00018511,-0.00022668,-0.0001326
q158_ksft_open,1h,2024-12,-0.041983,-0.038935,-0.040536,-0.00018866,-0.00012096,-0.00016716
q158_ksft_open,1h,2025-01,-0.031029,-0.033803,-0.041511,-4.616e-05,-1.657e-05,-0.00017348
q158_ksft_open,1h,2025-02,-0.033693,-0.035568,-0.040653,-0.00046559,-0.00023347,-0.00023008
q158_ksft_open,1h,2025-03,-0.021727,-0.028816,-0.033876,0.00026598,-8.192e-05,-0.00010144
q158_ksft_open,1h,2025-04,-0.045193,-0.033538,-0.03367,-0.00045853,-0.00021938,-0.00011797
q158_ksft_open,1h,2025-05,-0.047534,-0.038151,-0.03686,-0.00040882,-0.00020046,-0.00021696
q158_ksft_open,1h,2025-06,-0.026601,-0.039776,-0.034296,-0.00014004,-0.0003358,-0.00020886
q158_ksft_open,1h,2025-07,-0.045501,-0.039878,-0.036708,-0.00023202,-0.00026029,-0.00023984
q158_ksft_open,1h,2025-08,-0.056472,-0.042858,-0.040505,-0.00026853,-0.00021353,-0.00020699
q158_ksft_open,1h,2025-09,-0.045296,-0.04909,-0.044433,-0.00028303,-0.00026119,-0.00029849
q158_ksft_open,1h,2025-10,-0.041446,-0.047738,-0.043808,-5.829e-05,-0.00020328,-0.00023179
q158_ksft_open,1h,2025-11,-0.040739,-0.042494,-0.042676,-0.00015142,-0.00016425,-0.00018889
q158_ksft_open,1h,2025-12,-0.039389,-0.040524,-0.044807,0.00011516,-3.152e-05,-0.00014636
q158_ksft_open,1h,2026-01,-0.041394,-0.040507,-0.044123,-0.00024893,-9.506e-05,-0.00014917
q158_ksft_open,1h,2026-02,-0.032432,-0.037738,-0.040116,3.377e-05,-3.333e-05,-9.879e-05
q158_ksft_open,1h,2026-03,-0.031093,-0.034973,-0.037749,-3.463e-05,-8.326e-05,-5.739e-05
q158_ksft_open,1h,2026-04,-0.039626,-0.034384,-0.037445,-0.00016148,-5.411e-05,-7.459e-05
q158_ksft_open,1h,2026-05,-0.046778,-0.039166,-0.038452,-0.00064384,-0.00027998,-0.00015666
q158_ksft_open,1h,2026-06,-0.048967,-0.045124,-0.040048,-0.00054237,-0.00044923,-0.00026625
q158_ksft_open,24h,2024-06,0.004043,0.004043,0.004043,0.0004873,0.0004873,0.0004873
q158_ksft_open,24h,2024-07,-0.008573,-0.002265,-0.002265,0.00023686,0.00036208,0.00036208
q158_ksft_open,24h,2024-08,-0.002559,-0.002363,-0.002363,0.00022573,0.00031663,0.00031663
q158_ksft_open,24h,2024-09,-0.012968,-0.008033,-0.005014,-0.00081841,-0.00011861,3.287e-05
q158_ksft_open,24h,2024-10,-0.007634,-0.00772,-0.005538,-0.00130148,-0.00063139,-0.000234
q158_ksft_open,24h,2024-11,0.001152,-0.006483,-0.004423,0.00077305,-0.00044895,-6.616e-05
q158_ksft_open,24h,2024-12,-0.011463,-0.005981,-0.007007,-0.00125611,-0.00059485,-0.00035673
q158_ksft_open,24h,2025-01,0.01002,-9.7e-05,-0.003909,0.00251613,0.00067769,2.315e-05
q158_ksft_open,24h,2025-02,0.003522,0.000693,-0.002895,0.00017303,0.00047768,1.437e-05
q158_ksft_open,24h,2025-03,-0.002363,0.003727,-0.001127,0.00027387,0.00098768,0.00019642
q158_ksft_open,24h,2025-04,-0.007654,-0.002165,-0.001131,0.00137157,0.00060616,0.00064192
q158_ksft_open,24h,2025-05,-0.011324,-0.007114,-0.00321,0.00105518,0.00090021,0.00068894
q158_ksft_open,24h,2025-06,-0.004649,-0.007876,-0.002075,-8.17e-06,0.00080619,0.00089693
q158_ksft_open,24h,2025-07,-0.004309,-0.006761,-0.004463,0.00078484,0.00061062,0.00060839
q158_ksft_open,24h,2025-08,-0.001901,-0.00362,-0.005367,0.00229865,0.00102511,0.00096266
q158_ksft_open,24h,2025-09,-0.006336,-0.004182,-0.006029,0.00084901,0.00131083,0.00105851
q158_ksft_open,24h,2025-10,-0.009213,-0.005817,-0.006289,0.00142672,0.00152479,0.00106771
q158_ksft_open,24h,2025-11,-0.006653,-0.007401,-0.00551,-0.00072156,0.00051806,0.00077158
q158_ksft_open,24h,2025-12,-0.015233,-0.010367,-0.007274,-0.0026642,-0.00065301,0.00032891
q158_ksft_open,24h,2026-01,-0.00839,-0.010092,-0.007954,-0.00028313,-0.00122296,0.00015092
q158_ksft_open,24h,2026-02,-0.01057,-0.011398,-0.009399,0.00068781,-0.00075317,-0.00011756
q158_ksft_open,24h,2026-03,-0.014326,-0.011095,-0.010731,-0.00064915,-8.149e-05,-0.00036725
q158_ksft_open,24h,2026-04,-0.015562,-0.013486,-0.011789,-0.00031844,-9.326e-05,-0.00065811
q158_ksft_open,24h,2026-05,-0.013286,-0.014392,-0.012895,-0.00100554,-0.00065771,-0.00070544
q158_ksft_open,24h,2026-06,-0.009974,-0.012941,-0.012018,0.00239932,0.00035845,0.00013848
q158_ksft_open,4h,2024-06,-0.014523,-0.014523,-0.014523,-0.00013368,-0.00013368,-0.00013368
q158_ksft_open,4h,2024-07,-0.014724,-0.014623,-0.014623,0.00029972,8.302e-05,8.302e-05
q158_ksft_open,4h,2024-08,-0.030668,-0.019971,-0.019971,-0.0004661,-0.00010002,-0.00010002
q158_ksft_open,4h,2024-09,-0.037726,-0.027706,-0.02441,-0.00065812,-0.00027483,-0.00023954
q158_ksft_open,4h,2024-10,-0.03007,-0.032822,-0.025542,-0.00052505,-0.00054976,-0.00029665
q158_ksft_open,4h,2024-11,-0.009827,-0.025875,-0.022923,0.0008335,-0.00011656,-0.00010829
q158_ksft_open,4h,2024-12,-0.048079,-0.029325,-0.028516,-0.00129418,-0.00032858,-0.0003017
q158_ksft_open,4h,2025-01,-0.002603,-0.02017,-0.026496,0.00100757,0.0001823,-0.00018373
q158_ksft_open,4h,2025-02,-0.009649,-0.02011,-0.022992,0.00042654,4.664e-05,-3.496e-05
q158_ksft_open,4h,2025-03,-0.016003,-0.009418,-0.019372,0.00054077,0.00065829,0.00016486
q158_ksft_open,4h,2025-04,-0.036443,-0.020698,-0.020434,-0.00098279,-5.16e-06,8.857e-05
q158_ksft_open,4h,2025-05,-0.018263,-0.02357,-0.02184,-7.95e-05,-0.00017384,-6.36e-05
q158_ksft_open,4h,2025-06,-0.024316,-0.026341,-0.017879,-0.00031535,-0.00045921,9.954e-05
q158_ksft_open,4h,2025-07,-0.034344,-0.025641,-0.02317,-0.00029059,-0.00022848,-0.00011682
q158_ksft_open,4h,2025-08,-0.040845,-0.033168,-0.028369,-6.595e-05,-0.00022396,-0.0001989
q158_ksft_open,4h,2025-09,-0.026458,-0.033882,-0.030111,-0.00017451,-0.00017702,-0.00031812
q158_ksft_open,4h,2025-10,-0.022572,-0.029958,-0.0278,0.00085666,0.0002054,-1.154e-05
q158_ksft_open,4h,2025-11,-0.021289,-0.023439,-0.028304,0.00022314,0.00030176,3.89e-05
q158_ksft_open,4h,2025-12,-0.033452,-0.025771,-0.029826,-0.00059013,0.00016322,-6.9e-06
q158_ksft_open,4h,2026-01,-0.023107,-0.025949,-0.027954,-0.00034433,-0.00023711,-1.585e-05
q158_ksft_open,4h,2026-02,-0.013308,-0.023289,-0.023364,0.0007578,-5.889e-05,0.00012144
q158_ksft_open,4h,2026-03,-0.022615,-0.019677,-0.022724,-0.0001016,0.00010396,0.00013359
q158_ksft_open,4h,2026-04,-0.028537,-0.021487,-0.023718,-0.00033257,0.00010788,-6.462e-05
q158_ksft_open,4h,2026-05,-0.029996,-0.027049,-0.025169,-0.00091601,-0.00045006,-0.00025447
q158_ksft_open,4h,2026-06,-0.032342,-0.030291,-0.024984,-0.00049103,-0.00057987,-0.00023796
q158_ksft_open,72h,2024-06,0.015584,0.015584,0.015584,0.00210308,0.00210308,0.00210308
q158_ksft_open,72h,2024-07,-0.000815,0.007385,0.007385,-0.00039477,0.00085415,0.00085415
q158_ksft_open,72h,2024-08,0.003914,0.006228,0.006228,0.00205804,0.00125545,0.00125545
q158_ksft_open,72h,2024-09,-0.00794,-0.001614,0.002686,-0.00182648,-5.44e-05,0.00048497
q158_ksft_open,72h,2024-10,-0.001765,-0.001931,0.001796,-0.00211082,-0.00062642,-3.419e-05
q158_ksft_open,72h,2024-11,0.010541,0.000279,0.003253,0.00152922,-0.00080269,0.00022638
q158_ksft_open,72h,2024-12,-0.005636,0.001047,-0.000283,-0.00218175,-0.00092112,-0.00048776
q158_ksft_open,72h,2025-01,0.026073,0.010326,0.004198,0.00667262,0.0020067,0.00069014
q158_ksft_open,72h,2025-02,0.002363,0.0076,0.003939,-0.00170352,0.00092912,6.321e-05
q158_ksft_open,72h,2025-03,0.003268,0.010568,0.005807,0.00027884,0.00174931,0.0004141
q158_ksft_open,72h,2025-04,-0.006868,-0.000412,0.004957,0.00088994,-0.00017825,0.00091422
q158_ksft_open,72h,2025-05,-0.004409,-0.002669,0.002465,0.00267943,0.00128274,0.00110593
q158_ksft_open,72h,2025-06,-0.016117,-0.009131,0.000718,-0.00170737,0.00062067,0.00118499
q158_ksft_open,72h,2025-07,-0.000113,-0.006879,-0.003646,0.0005845,0.00051885,0.0001703
q158_ksft_open,72h,2025-08,-0.003956,-0.006729,-0.004699,0.00614389,0.00167367,0.0014782
q158_ksft_open,72h,2025-09,-0.005421,-0.003163,-0.006147,0.00226769,0.00299869,0.00180968
q158_ksft_open,72h,2025-10,-0.000242,-0.003206,-0.005043,0.00398713,0.0041329,0.00232588
q158_ksft_open,72h,2025-11,0.005932,8.9e-05,-0.00332,-0.00390358,0.00078375,0.00122871
q158_ksft_open,72h,2025-12,-0.004599,0.000363,-0.0014,-0.00323757,-0.00105134,0.00097368
q158_ksft_open,72h,2026-01,0.003521,0.001618,-0.000794,0.00246751,-0.00155788,0.00128751
q158_ksft_open,72h,2026-02,-0.003755,-0.001611,-0.000761,0.00013795,-0.0002107,0.00028652
q158_ksft_open,72h,2026-03,-0.005874,-0.002036,-0.000836,-0.00259946,2e-06,-0.00052467
q158_ksft_open,72h,2026-04,-0.002693,-0.004107,-0.001245,0.00354502,0.00036117,-0.00059835
q158_ksft_open,72h,2026-05,-3.6e-05,-0.002868,-0.002239,0.00132693,0.0007575,0.0002734
q158_ksft_open,72h,2026-06,-0.007039,-0.003256,-0.002646,0.00105623,0.00197606,0.00098903
q158_ksft_range,1h,2024-06,-0.012246,-0.012246,-0.012246,2.379e-05,2.379e-05,2.379e-05
q158_ksft_range,1h,2024-07,-0.023688,-0.017967,-0.017967,-0.0001609,-6.856e-05,-6.856e-05
q158_ksft_range,1h,2024-08,-0.028872,-0.021602,-0.021602,-0.00012396,-8.702e-05,-8.702e-05
q158_ksft_range,1h,2024-09,-0.04958,-0.034047,-0.028596,-0.00046766,-0.00025084,-0.00018218
q158_ksft_range,1h,2024-10,-0.031389,-0.036614,-0.029155,-0.00023265,-0.00027476,-0.00019228
q158_ksft_range,1h,2024-11,-0.018473,-0.033147,-0.027375,0.00013381,-0.00018883,-0.00013793
q158_ksft_range,1h,2024-12,-0.030252,-0.026705,-0.030376,-0.00010415,-6.766e-05,-0.00015925
q158_ksft_range,1h,2025-01,-0.032418,-0.027048,-0.031831,-0.00022429,-6.488e-05,-0.00016982
q158_ksft_range,1h,2025-02,-0.018259,-0.026976,-0.030062,-0.00028913,-0.00020586,-0.00019735
q158_ksft_range,1h,2025-03,-0.019415,-0.023364,-0.025034,0.00025783,-8.52e-05,-7.643e-05
q158_ksft_range,1h,2025-04,-0.039849,-0.025841,-0.026444,-0.00057136,-0.00020089,-0.00013288
q158_ksft_range,1h,2025-05,-0.042452,-0.033905,-0.030441,-0.00043146,-0.00024833,-0.00022709
q158_ksft_range,1h,2025-06,-0.025173,-0.035825,-0.029594,-0.00033468,-0.00044583,-0.00026551
q158_ksft_range,1h,2025-07,-0.041674,-0.036433,-0.031137,-0.00043244,-0.00039953,-0.00030021
q158_ksft_range,1h,2025-08,-0.048155,-0.038334,-0.03612,-0.00034002,-0.00036905,-0.00030869
q158_ksft_range,1h,2025-09,-0.041913,-0.043914,-0.039869,-0.00053929,-0.00043725,-0.00044154
q158_ksft_range,1h,2025-10,-0.035726,-0.041931,-0.039182,-0.0002303,-0.00036987,-0.0003847
q158_ksft_range,1h,2025-11,-0.035322,-0.037654,-0.037994,-0.00028551,-0.0003517,-0.00036037
q158_ksft_range,1h,2025-12,-0.032607,-0.034552,-0.039233,0.00028999,-7.527e-05,-0.00025626
q158_ksft_range,1h,2026-01,-0.037697,-0.035209,-0.03857,-0.00029895,-9.816e-05,-0.00023401
q158_ksft_range,1h,2026-02,-0.030268,-0.033524,-0.035589,-7.48e-05,-2.792e-05,-0.00018981
q158_ksft_range,1h,2026-03,-0.030453,-0.032806,-0.033679,-0.00026736,-0.0002137,-0.00014449
q158_ksft_range,1h,2026-04,-0.04203,-0.034251,-0.03473,-0.00026858,-0.00020358,-0.00015087
q158_ksft_range,1h,2026-05,-0.048668,-0.040384,-0.036954,-0.00070895,-0.00041496,-0.00022144
q158_ksft_range,1h,2026-06,-0.042075,-0.044258,-0.038532,-0.00035488,-0.00044414,-0.00032892
q158_ksft_range,24h,2024-06,0.00823,0.00823,0.00823,0.00054384,0.00054384,0.00054384
q158_ksft_range,24h,2024-07,-0.005258,0.001486,0.001486,0.00010543,0.00032463,0.00032463
q158_ksft_range,24h,2024-08,-0.003979,-0.000335,-0.000335,8.957e-05,0.00024628,0.00024628
q158_ksft_range,24h,2024-09,-0.009513,-0.00625,-0.00263,-0.00093513,-0.00024671,-4.907e-05
q158_ksft_range,24h,2024-10,-0.004011,-0.005834,-0.002906,-0.00014154,-0.00032903,-6.757e-05
q158_ksft_range,24h,2024-11,0.011139,-0.000795,-0.000565,0.00094896,-4.257e-05,0.00010185
q158_ksft_range,24h,2024-12,-0.00865,-0.000507,-0.003379,-0.00067916,4.275e-05,-0.00010198
q158_ksft_range,24h,2025-01,0.007324,0.003271,-0.001282,0.00210757,0.00079246,0.00023171
q158_ksft_range,24h,2025-02,0.011196,0.00329,0.001248,0.00237908,0.00126916,0.0006133
q158_ksft_range,24h,2025-03,-0.006745,0.003925,0.001709,-0.00014456,0.00144736,0.00074506
q158_ksft_range,24h,2025-04,-0.005466,-0.000338,0.001466,0.00048225,0.00090559,0.00084902
q158_ksft_range,24h,2025-05,-0.010787,-0.007666,-0.002188,-0.00018959,4.937e-05,0.00065927
q158_ksft_range,24h,2025-06,-0.005997,-0.007417,-0.001746,-0.00055288,-8.674e-05,0.00068031
q158_ksft_range,24h,2025-07,-0.002046,-0.006277,-0.003307,0.00032605,-0.00013881,0.00038339
q158_ksft_range,24h,2025-08,-0.000129,-0.002724,-0.005195,0.00079375,0.00018897,0.00011917
q158_ksft_range,24h,2025-09,-0.006343,-0.002839,-0.005128,-0.0004434,0.00022547,6.936e-05
q158_ksft_range,24h,2025-10,-0.007045,-0.004506,-0.005391,0.00079715,0.0003825,0.00012185
q158_ksft_range,24h,2025-11,-0.003903,-0.005764,-0.004244,-0.0003378,5.32e-06,9.715e-05
q158_ksft_range,24h,2025-12,-0.01344,-0.008129,-0.005484,-0.00173118,-0.00042394,-9.924e-05
q158_ksft_range,24h,2026-01,-0.00507,-0.007471,-0.005988,-0.00035432,-0.00080777,-0.00021263
q158_ksft_range,24h,2026-02,-0.009675,-0.009395,-0.007579,0.00059605,-0.00049648,-0.00024558
q158_ksft_range,24h,2026-03,-0.013296,-0.009347,-0.008738,-7.873e-05,5.433e-05,-0.0001848
q158_ksft_range,24h,2026-04,-0.015501,-0.012824,-0.010148,-0.0005432,-8.63e-06,-0.0004082
q158_ksft_range,24h,2026-05,-0.012875,-0.013891,-0.011643,-0.00052917,-0.0003837,-0.00044009
q158_ksft_range,24h,2026-06,-0.00605,-0.011476,-0.010411,0.00239146,0.0004397,0.00024702
q158_ksft_range,4h,2024-06,-0.007245,-0.007245,-0.007245,-0.00022017,-0.00022017,-0.00022017
q158_ksft_range,4h,2024-07,-0.011225,-0.009235,-0.009235,0.00027619,2.801e-05,2.801e-05
q158_ksft_range,4h,2024-08,-0.025742,-0.014737,-0.014737,-0.00035171,-9.856e-05,-9.856e-05
q158_ksft_range,4h,2024-09,-0.03126,-0.022742,-0.018868,-0.0004989,-0.00019147,-0.00019865
q158_ksft_range,4h,2024-10,-0.019287,-0.02543,-0.018952,-0.00022474,-0.00035845,-0.00020387
q158_ksft_range,4h,2024-11,-0.003574,-0.01804,-0.016389,0.00041254,-0.0001037,-0.00010113
q158_ksft_range,4h,2024-12,-0.035243,-0.019368,-0.021055,-0.00086048,-0.00022423,-0.00020785
q158_ksft_range,4h,2025-01,-0.005797,-0.014871,-0.02015,0.00038023,-2.257e-05,-0.00019051
q158_ksft_range,4h,2025-02,-0.006896,-0.015979,-0.01701,0.00026464,-7.187e-05,-8.778e-05
q158_ksft_range,4h,2025-03,-0.020491,-0.011062,-0.015215,-8.826e-05,0.00018554,-1.934e-05
q158_ksft_range,4h,2025-04,-0.030105,-0.019164,-0.017018,-0.00122318,-0.00034893,-0.00018575
q158_ksft_range,4h,2025-05,-0.016329,-0.022308,-0.019144,-0.00032903,-0.00054682,-0.00030935
q158_ksft_range,4h,2025-06,-0.021061,-0.022498,-0.01678,-0.00056863,-0.00070695,-0.0002607
q158_ksft_range,4h,2025-07,-0.030338,-0.022576,-0.02087,-0.0007603,-0.00055265,-0.00045079
q158_ksft_range,4h,2025-08,-0.035056,-0.028818,-0.025563,-0.0002533,-0.00052741,-0.00053712
q158_ksft_range,4h,2025-09,-0.025469,-0.030288,-0.026393,-0.00057958,-0.00053106,-0.000619
q158_ksft_range,4h,2025-10,-0.019458,-0.026661,-0.024619,0.00074585,-2.901e-05,-0.00029083
q158_ksft_range,4h,2025-11,-0.019302,-0.02141,-0.025114,0.00036313,0.00017647,-0.00017547
q158_ksft_range,4h,2025-12,-0.029681,-0.022814,-0.026551,-0.00031814,0.00026361,-0.00013372
q158_ksft_range,4h,2026-01,-0.018761,-0.022581,-0.024621,-0.00016956,-4.152e-05,-3.527e-05
q158_ksft_range,4h,2026-02,-0.011638,-0.020027,-0.020718,0.00073376,8.202e-05,0.00012924
q158_ksft_range,4h,2026-03,-0.020815,-0.017072,-0.019943,-0.00010859,0.00015187,0.00020774
q158_ksft_range,4h,2026-04,-0.031037,-0.021163,-0.021872,-0.00063282,-2.55e-06,-2.204e-05
q158_ksft_range,4h,2026-05,-0.028438,-0.026763,-0.023395,-0.00058194,-0.00044112,-0.00017955
q158_ksft_range,4h,2026-06,-0.025405,-0.028293,-0.022682,0.00015769,-0.00035236,-0.00010024
q158_ksft_range,72h,2024-06,0.016212,0.016212,0.016212,0.00213395,0.00213395,0.00213395
q158_ksft_range,72h,2024-07,-0.002645,0.006783,0.006783,-0.00099286,0.00057054,0.00057054
q158_ksft_range,72h,2024-08,0.00164,0.005069,0.005069,0.0012799,0.000807,0.000807
q158_ksft_range,72h,2024-09,-0.008559,-0.003188,0.001662,-0.00155719,-0.00042338,0.00021595
q158_ksft_range,72h,2024-10,-0.002644,-0.003188,0.000801,-0.00113026,-0.00046918,-5.329e-05
q158_ksft_range,72h,2024-11,0.020529,0.003109,0.004089,0.00178125,-0.00030207,0.00025247
q158_ksft_range,72h,2024-12,-0.006794,0.003697,0.000254,-0.0019538,-0.00043427,-0.00042883
q158_ksft_range,72h,2025-01,0.0223,0.012012,0.004412,0.00521081,0.00167942,0.00060512
q158_ksft_range,72h,2025-02,0.011469,0.008991,0.00605,0.00269314,0.00198338,0.00084066
q158_ksft_range,72h,2025-03,-0.00032,0.011149,0.007423,-0.00057605,0.00244263,0.00100418
q158_ksft_range,72h,2025-04,-0.007034,0.001371,0.006691,-0.000692,0.00047503,0.00107723
q158_ksft_range,72h,2025-05,-0.010863,-0.006073,0.001459,-0.0014955,-0.00092118,0.0005311
q158_ksft_range,72h,2025-06,-0.01028,-0.009392,0.000878,-0.00082695,-0.00100482,0.00071891
q158_ksft_range,72h,2025-07,0.004801,-0.005447,-0.002038,-6.482e-05,-0.00079576,-0.00016036
q158_ksft_range,72h,2025-08,-0.001038,-0.002172,-0.004122,-0.0008893,-0.00059369,-0.00075744
q158_ksft_range,72h,2025-09,-0.005471,-0.000569,-0.004981,-0.00138781,-0.00078064,-0.00089273
q158_ksft_range,72h,2025-10,0.001661,-0.001616,-0.003532,0.00392022,0.0005477,-0.00012403
q158_ksft_range,72h,2025-11,0.005116,0.000435,-0.000869,-0.00266696,-4.485e-05,-0.00031927
q158_ksft_range,72h,2025-12,-0.004188,0.000863,0.000147,-0.00183227,-0.000193,-0.00048682
q158_ksft_range,72h,2026-01,0.002551,0.001159,-0.000228,0.00121669,-0.00109418,-0.00027324
q158_ksft_range,72h,2026-02,-0.004497,-0.002045,-0.000805,0.00032804,-9.585e-05,-7.035e-05
q158_ksft_range,72h,2026-03,-0.006334,-0.00276,-0.000949,-0.00155995,-5.07e-06,-9.904e-05
q158_ksft_range,72h,2026-04,-0.001364,-0.004065,-0.001453,0.00367615,0.00081475,-0.00013972
q158_ksft_range,72h,2026-05,-0.002663,-0.003454,-0.002749,0.00089874,0.00100498,0.00045457
q158_ksft_range,72h,2026-06,-0.001934,-0.001987,-0.002374,0.00308383,0.00255291,0.00127392
q158_kup_open,1h,2024-06,-0.010818,-0.010818,-0.010818,-0.00030592,-0.00030592,-0.00030592
q158_kup_open,1h,2024-07,0.003553,-0.003632,-0.003632,-0.00037549,-0.00034071,-0.00034071
q158_kup_open,1h,2024-08,-0.019878,-0.009048,-0.009048,5.092e-05,-0.00021016,-0.00021016
q158_kup_open,1h,2024-09,0.004713,-0.003871,-0.005607,-0.00053583,-0.0002868,-0.00029158
q158_kup_open,1h,2024-10,-0.022941,-0.012702,-0.009074,3.671e-05,-0.0001494,-0.00022592
q158_kup_open,1h,2024-11,-0.022006,-0.013411,-0.01123,-0.00019988,-0.000233,-0.00022158
q158_kup_open,1h,2024-12,-0.030009,-0.024986,-0.014428,0.00033826,5.836e-05,-0.00011422
q158_kup_open,1h,2025-01,-0.036797,-0.029604,-0.021153,0.00038084,0.00017307,1.184e-05
q158_kup_open,1h,2025-02,-0.020841,-0.029216,-0.021314,2.46e-05,0.0002479,7.45e-06
q158_kup_open,1h,2025-03,-0.020229,-0.025956,-0.025471,0.00011136,0.00017227,0.00011532
q158_kup_open,1h,2025-04,-0.008044,-0.016372,-0.022988,-0.00032684,-6.363e-05,5.472e-05
q158_kup_open,1h,2025-05,-0.006475,-0.011583,-0.020399,-0.00035892,-0.00019147,2.822e-05
q158_kup_open,1h,2025-06,-0.010896,-0.008472,-0.017214,-0.00012325,-0.00026967,-4.87e-05
q158_kup_open,1h,2025-07,-0.009734,-0.009035,-0.012703,-0.00031055,-0.00026424,-0.00016393
q158_kup_open,1h,2025-08,-0.002283,-0.007637,-0.00961,-0.00051447,-0.00031609,-0.00025378
q158_kup_open,1h,2025-09,-5.5e-05,-0.004024,-0.006248,-0.00071904,-0.00051469,-0.00039218
q158_kup_open,1h,2025-10,-0.010506,-0.004281,-0.006658,-0.00046757,-0.00056703,-0.00041563
q158_kup_open,1h,2025-11,-0.020807,-0.010456,-0.009047,-0.00010498,-0.00043053,-0.00037331
q158_kup_open,1h,2025-12,-0.012542,-0.014618,-0.009321,-0.00018655,-0.00025303,-0.00038386
q158_kup_open,1h,2026-01,-0.014629,-0.015993,-0.010137,-0.00014208,-0.00014454,-0.00035578
q158_kup_open,1h,2026-02,-0.005033,-0.010734,-0.010595,-0.00016997,-0.0001662,-0.00029836
q158_kup_open,1h,2026-03,0.004766,-0.004965,-0.009792,-0.00051937,-0.00027714,-0.00026509
q158_kup_open,1h,2026-04,-0.004067,-0.001445,-0.008719,-0.00091458,-0.00053464,-0.00033959
q158_kup_open,1h,2026-05,-0.008329,-0.002543,-0.006639,-0.00052528,-0.00065308,-0.00040964
q158_kup_open,1h,2026-06,-0.006167,-0.006187,-0.005576,-0.00043281,-0.00062422,-0.00045068
q158_kup_open,24h,2024-06,-0.071456,-0.071456,-0.071456,0.0013282,0.0013282,0.0013282
q158_kup_open,24h,2024-07,-0.040299,-0.055877,-0.055877,0.00054892,0.00093856,0.00093856
q158_kup_open,24h,2024-08,-0.062351,-0.058035,-0.058035,0.00104307,0.0009734,0.0009734
q158_kup_open,24h,2024-09,-0.004274,-0.035641,-0.044595,-0.004019,-0.000809,-0.0002747
q158_kup_open,24h,2024-10,-0.062081,-0.042902,-0.048092,3.461e-05,-0.00098044,-0.00021284
q158_kup_open,24h,2024-11,-0.050753,-0.039036,-0.048536,-0.0026871,-0.00222383,-0.00062522
q158_kup_open,24h,2024-12,-0.057697,-0.056844,-0.046243,0.00148701,-0.00038849,-0.00059875
q158_kup_open,24h,2025-01,-0.085352,-0.064601,-0.053751,0.00789207,0.00223066,0.00062511
q158_kup_open,24h,2025-02,-0.061391,-0.068146,-0.053591,0.0006522,0.00334376,0.00055996
q158_kup_open,24h,2025-03,-0.056588,-0.067777,-0.06231,0.00367708,0.00407378,0.00184264
q158_kup_open,24h,2025-04,-0.023329,-0.047102,-0.055852,-0.00302457,0.0004349,0.00133278
q158_kup_open,24h,2025-05,-0.057311,-0.045743,-0.056944,-0.00067478,-7.42e-06,0.00166817
q158_kup_open,24h,2025-06,-0.047369,-0.04267,-0.055223,0.00209591,-0.00053448,0.00176965
q158_kup_open,24h,2025-07,-0.048632,-0.051104,-0.049103,-0.00242015,-0.00033301,5.095e-05
q158_kup_open,24h,2025-08,-0.046801,-0.047601,-0.046672,-0.00490969,-0.00174464,-0.00087603
q158_kup_open,24h,2025-09,-0.037845,-0.044426,-0.043548,-0.0093339,-0.00555458,-0.00304453
q158_kup_open,24h,2025-10,-0.051618,-0.045421,-0.048263,-0.00963773,-0.00796044,-0.00414672
q158_kup_open,24h,2025-11,-0.062045,-0.050503,-0.049052,-0.00260701,-0.00719288,-0.00446876
q158_kup_open,24h,2025-12,-0.040196,-0.051287,-0.047856,-0.00308435,-0.0051097,-0.00533214
q158_kup_open,24h,2026-01,-0.053474,-0.051905,-0.048663,-0.00069079,-0.00212738,-0.00504391
q158_kup_open,24h,2026-02,-0.037157,-0.043609,-0.047056,0.00092973,-0.00094847,-0.00407068
q158_kup_open,24h,2026-03,-0.034935,-0.041855,-0.046571,-0.00198042,-0.00058049,-0.0028451
q158_kup_open,24h,2026-04,-0.053114,-0.041735,-0.04682,-0.00777543,-0.00294204,-0.00253471
q158_kup_open,24h,2026-05,-0.044294,-0.044114,-0.043861,-0.00300976,-0.0042552,-0.00260184
q158_kup_open,24h,2026-06,-0.003553,-0.033654,-0.037754,-0.00620564,-0.00566361,-0.00312205
q158_kup_open,4h,2024-06,-0.02218,-0.02218,-0.02218,-0.00029213,-0.00029213,-0.00029213
q158_kup_open,4h,2024-07,-0.019546,-0.020863,-0.020863,-0.0001598,-0.00022597,-0.00022597
q158_kup_open,4h,2024-08,-0.035335,-0.025687,-0.025687,0.0005752,4.109e-05,4.109e-05
q158_kup_open,4h,2024-09,-0.008902,-0.021261,-0.021491,-0.00104283,-0.00020914,-0.00022989
q158_kup_open,4h,2024-10,-0.036835,-0.027024,-0.02456,0.00020148,-8.872e-05,-0.00014362
q158_kup_open,4h,2024-11,-0.033827,-0.026522,-0.026104,-0.00036001,-0.00040045,-0.00017968
q158_kup_open,4h,2024-12,-0.034667,-0.03511,-0.028185,0.00026225,3.457e-05,-8.729e-05
q158_kup_open,4h,2025-01,-0.042732,-0.037076,-0.03205,0.00078626,0.0002295,7.039e-05
q158_kup_open,4h,2025-02,-0.02351,-0.033637,-0.030079,6.135e-05,0.00036995,-1.525e-05
q158_kup_open,4h,2025-03,-0.033367,-0.033203,-0.034157,0.0006397,0.00049577,0.00026517
q158_kup_open,4h,2025-04,-0.017416,-0.024765,-0.03092,-0.00118624,-0.00016173,3.388e-05
q158_kup_open,4h,2025-05,-0.018427,-0.02307,-0.028353,-0.0007618,-0.00043611,-3.308e-05
q158_kup_open,4h,2025-06,-0.028549,-0.021464,-0.027334,0.00031626,-0.00054393,-2.408e-05
q158_kup_open,4h,2025-07,-0.028567,-0.025181,-0.024973,-0.00068552,-0.00037702,-0.00026938
q158_kup_open,4h,2025-08,-0.020225,-0.02578,-0.024425,-0.00090976,-0.00042634,-0.00043123
q158_kup_open,4h,2025-09,-0.019545,-0.022779,-0.022121,-0.00196097,-0.00118542,-0.00086467
q158_kup_open,4h,2025-10,-0.021725,-0.020498,-0.02284,-0.00162006,-0.00149693,-0.00093697
q158_kup_open,4h,2025-11,-0.037735,-0.026335,-0.026058,-0.00042037,-0.0013338,-0.00088007
q158_kup_open,4h,2025-12,-0.025714,-0.028391,-0.025585,-0.00070379,-0.00091474,-0.00105008
q158_kup_open,4h,2026-01,-0.030867,-0.031439,-0.025969,-0.00046036,-0.00052817,-0.00101255
q158_kup_open,4h,2026-02,-0.022305,-0.026295,-0.026315,0.00023051,-0.00031121,-0.00082251
q158_kup_open,4h,2026-03,-0.01732,-0.023497,-0.025944,-0.00070864,-0.00031283,-0.00061379
q158_kup_open,4h,2026-04,-0.021598,-0.020408,-0.025923,-0.00222188,-0.0009,-0.00071409
q158_kup_open,4h,2026-05,-0.030487,-0.023135,-0.024715,-0.00078612,-0.00123888,-0.00077505
q158_kup_open,4h,2026-06,-0.01677,-0.022952,-0.023225,-0.0004124,-0.00114013,-0.00072648
q158_kup_open,72h,2024-06,-0.095725,-0.095725,-0.095725,0.0074729,0.0074729,0.0074729
q158_kup_open,72h,2024-07,-0.056651,-0.076188,-0.076188,0.00115699,0.00431495,0.00431495
q158_kup_open,72h,2024-08,-0.061376,-0.071251,-0.071251,0.00342221,0.00401737,0.00401737
q158_kup_open,72h,2024-09,0.010836,-0.03573,-0.050729,-0.00815645,-0.00119242,0.00097391
q158_kup_open,72h,2024-10,-0.070965,-0.040502,-0.054776,0.00084869,-0.00129518,0.00094887
q158_kup_open,72h,2024-11,-0.034622,-0.031584,-0.051417,-0.00985812,-0.00572196,-0.0008523
q158_kup_open,72h,2024-12,-0.055713,-0.053767,-0.044748,0.00185574,-0.00238456,-0.00178849
q158_kup_open,72h,2025-01,-0.125968,-0.072101,-0.056301,0.02555633,0.00585132,0.00227807
q158_kup_open,72h,2025-02,-0.049661,-0.077114,-0.054349,-0.00555552,0.00728552,0.00078178
q158_kup_open,72h,2025-03,-0.082077,-0.085902,-0.069834,0.01205978,0.01068686,0.00415115
q158_kup_open,72h,2025-04,-0.003554,-0.045097,-0.058599,-0.00706231,-0.00018602,0.00283265
q158_kup_open,72h,2025-05,-0.059821,-0.048484,-0.062799,-0.00385358,0.0003813,0.00383341
q158_kup_open,72h,2025-06,-0.067744,-0.043706,-0.064804,0.00281882,-0.00269902,0.00399392
q158_kup_open,72h,2025-07,-0.065094,-0.06422,-0.054658,-0.00625778,-0.00243085,-0.00130843
q158_kup_open,72h,2025-08,-0.062233,-0.065024,-0.056754,-0.01837811,-0.00727236,-0.00344553
q158_kup_open,72h,2025-09,-0.033371,-0.053566,-0.048636,-0.03272327,-0.01911972,-0.01090937
q158_kup_open,72h,2025-10,-0.062314,-0.052639,-0.058429,-0.03011697,-0.02707278,-0.01475182
q158_kup_open,72h,2025-11,-0.07174,-0.055808,-0.060416,-0.00358793,-0.02214272,-0.01470754
q158_kup_open,72h,2025-12,-0.044201,-0.059419,-0.056492,-0.00099709,-0.01156733,-0.01534353
q158_kup_open,72h,2026-01,-0.076127,-0.064023,-0.058331,0.0018036,-0.00092714,-0.01399996
q158_kup_open,72h,2026-02,-0.034188,-0.051505,-0.053657,-0.0049706,-0.00138803,-0.01176538
q158_kup_open,72h,2026-03,-0.046924,-0.052413,-0.055916,-0.00199006,-0.00171902,-0.00664318
q158_kup_open,72h,2026-04,-0.054198,-0.045103,-0.054563,-0.0198068,-0.00892249,-0.00492481
q158_kup_open,72h,2026-05,-0.056708,-0.05261,-0.052058,-0.005868,-0.00922162,-0.00530482
q158_kup_open,72h,2026-06,-0.02133,-0.044079,-0.048246,-0.01374491,-0.0131399,-0.00742946
q158_rsv_20h,1h,2024-06,0.002248,0.002248,0.002248,0.00017415,0.00017415,0.00017415
q158_rsv_20h,1h,2024-07,-0.012524,-0.005138,-0.005138,-6.479e-05,5.468e-05,5.468e-05
q158_rsv_20h,1h,2024-08,-0.023944,-0.011407,-0.011407,-0.00019492,-2.852e-05,-2.852e-05
q158_rsv_20h,1h,2024-09,-0.023732,-0.020067,-0.014488,-6.828e-05,-0.00010933,-3.846e-05
q158_rsv_20h,1h,2024-10,-0.031326,-0.026334,-0.017856,-0.0001717,-0.00014497,-6.511e-05
q158_rsv_20h,1h,2024-11,-0.016873,-0.023977,-0.017692,0.00026382,7.95e-06,-1.029e-05
q158_rsv_20h,1h,2024-12,-0.042501,-0.030233,-0.02515,-0.00029055,-6.614e-05,-8.774e-05
q158_rsv_20h,1h,2025-01,-0.008056,-0.022477,-0.024405,0.00010269,2.532e-05,-5.982e-05
q158_rsv_20h,1h,2025-02,-0.001642,-0.0174,-0.020688,0.00029161,3.458e-05,2.127e-05
q158_rsv_20h,1h,2025-03,-0.020492,-0.010063,-0.020148,-0.00024421,5.003e-05,-8.06e-06
q158_rsv_20h,1h,2025-04,-0.021687,-0.014607,-0.018542,-0.00027306,-7.522e-05,-2.495e-05
q158_rsv_20h,1h,2025-05,-0.020556,-0.020912,-0.019156,8.91e-05,-0.00014272,-5.407e-05
q158_rsv_20h,1h,2025-06,-0.024721,-0.022321,-0.016192,-0.00019733,-0.0001271,-3.853e-05
q158_rsv_20h,1h,2025-07,-0.032208,-0.025829,-0.020218,2.747e-05,-2.692e-05,-5.107e-05
q158_rsv_20h,1h,2025-08,-0.023499,-0.02681,-0.023861,0.00010302,-2.228e-05,-8.25e-05
q158_rsv_20h,1h,2025-09,-0.022333,-0.026013,-0.024167,0.00019444,0.00010831,-9.39e-06
q158_rsv_20h,1h,2025-10,-0.024669,-0.0235,-0.024665,6.104e-05,0.0001195,4.629e-05
q158_rsv_20h,1h,2025-11,-0.019714,-0.022239,-0.024524,0.00031548,0.00019032,8.402e-05
q158_rsv_20h,1h,2025-12,-0.033454,-0.025946,-0.02598,3.143e-05,0.00013598,0.00012215
q158_rsv_20h,1h,2026-01,-0.025706,-0.026291,-0.024896,0.00013431,0.00016041,0.00013995
q158_rsv_20h,1h,2026-02,-0.018966,-0.026042,-0.02414,0.0003784,0.00018138,0.00018585
q158_rsv_20h,1h,2026-03,-0.019326,-0.021333,-0.023639,0.00022527,0.00024599,0.00019099
q158_rsv_20h,1h,2026-04,-0.025336,-0.021209,-0.02375,0.00022109,0.00027492,0.00021766
q158_rsv_20h,1h,2026-05,-0.026185,-0.023616,-0.024829,-0.00011509,0.00011042,0.0001459
q158_rsv_20h,1h,2026-06,-0.023249,-0.024923,-0.023128,7.833e-05,6.144e-05,0.00015372
q158_rsv_20h,24h,2024-06,0.023737,0.023737,0.023737,0.0025192,0.0025192,0.0025192
q158_rsv_20h,24h,2024-07,-0.009275,0.007231,0.007231,-0.00016112,0.00117904,0.00117904
q158_rsv_20h,24h,2024-08,0.01339,0.009284,0.009284,0.00053203,0.00096337,0.00096337
q158_rsv_20h,24h,2024-09,0.002638,0.002251,0.007623,0.00173634,0.00070242,0.00115661
q158_rsv_20h,24h,2024-10,-0.026814,-0.003595,0.000735,-0.00260477,-0.00011213,0.00040434
q158_rsv_20h,24h,2024-11,-0.01063,-0.011602,-0.001159,0.00170848,0.00028002,0.00062169
q158_rsv_20h,24h,2024-12,-0.023934,-0.020459,-0.009104,-0.00094722,-0.0006145,4.396e-05
q158_rsv_20h,24h,2025-01,0.027082,-0.002494,-0.003045,0.0068891,0.00255012,0.00121899
q158_rsv_20h,24h,2025-02,0.014343,0.00583,-0.002886,0.00411672,0.00335287,0.00181644
q158_rsv_20h,24h,2025-03,0.000888,0.014104,-0.003178,0.00015949,0.00372177,0.00155363
q158_rsv_20h,24h,2025-04,-0.009303,0.001976,-0.000259,-0.00055907,0.00123905,0.00189458
q158_rsv_20h,24h,2025-05,-0.041189,-0.016535,-0.005352,-0.00249555,-0.00096504,0.00119391
q158_rsv_20h,24h,2025-06,-0.025827,-0.02544,-0.005668,-0.00206679,-0.00170714,0.00100732
q158_rsv_20h,24h,2025-07,0.001946,-0.02169,-0.009857,0.00026276,-0.00143319,-9.707e-05
q158_rsv_20h,24h,2025-08,0.017031,-0.002283,-0.009409,0.00406416,0.00075338,-0.00010583
q158_rsv_20h,24h,2025-09,-0.002426,0.005517,-0.009961,0.00293132,0.00241941,0.00035614
q158_rsv_20h,24h,2025-10,-0.022691,-0.002695,-0.012193,-0.00052725,0.00215608,0.00036144
q158_rsv_20h,24h,2025-11,-0.007187,-0.010768,-0.006526,0.00176443,0.0013895,0.00107144
q158_rsv_20h,24h,2025-12,-0.035189,-0.021689,-0.008086,-0.00422899,-0.00099727,0.00071107
q158_rsv_20h,24h,2026-01,-0.005074,-0.015817,-0.009256,0.00367855,0.00040466,0.00128037
q158_rsv_20h,24h,2026-02,-0.032256,-0.024173,-0.017471,0.0002295,-0.00010698,0.00064126
q158_rsv_20h,24h,2026-03,-0.025503,-0.020944,-0.021317,0.00064125,0.00151643,0.00025958
q158_rsv_20h,24h,2026-04,-0.049579,-0.035779,-0.025798,0.00103392,0.00063489,0.00051978
q158_rsv_20h,24h,2026-05,-0.005509,-0.026864,-0.025518,0.00243869,0.00137129,0.00063215
q158_rsv_20h,24h,2026-06,0.033747,-0.007114,-0.014029,0.01516447,0.00621236,0.0038644
q158_rsv_20h,4h,2024-06,0.00189,0.00189,0.00189,0.00036192,0.00036192,0.00036192
q158_rsv_20h,4h,2024-07,-0.015467,-0.006789,-0.006789,-1.522e-05,0.00017335,0.00017335
q158_rsv_20h,4h,2024-08,-0.03256,-0.015379,-0.015379,-0.00073784,-0.00013038,-0.00013038
q158_rsv_20h,4h,2024-09,-0.005876,-0.017968,-0.013003,0.00049054,-8.751e-05,2.485e-05
q158_rsv_20h,4h,2024-10,-0.034502,-0.024313,-0.017303,-0.0005046,-0.00025063,-8.104e-05
q158_rsv_20h,4h,2024-11,-0.011721,-0.017366,-0.016373,0.00043654,0.00014083,5.22e-06
q158_rsv_20h,4h,2024-12,-0.040132,-0.028785,-0.023376,-0.00047279,-0.00018028,-0.0001339
q158_rsv_20h,4h,2025-01,0.003132,-0.01624,-0.020276,0.00093905,0.00030093,2.515e-05
q158_rsv_20h,4h,2025-02,0.003686,-0.011105,-0.014235,0.00109938,0.00052188,0.00033135
q158_rsv_20h,4h,2025-03,-0.028586,-0.007256,-0.01802,-0.00105474,0.0003279,7.381e-05
q158_rsv_20h,4h,2025-04,-0.012534,-0.012478,-0.014359,0.00028131,0.00010865,0.00020479
q158_rsv_20h,4h,2025-05,-0.021504,-0.020875,-0.01599,0.00068697,-2.882e-05,0.00024653
q158_rsv_20h,4h,2025-06,-0.037089,-0.023709,-0.015483,-0.00062365,0.00011488,0.00022139
q158_rsv_20h,4h,2025-07,-0.028637,-0.029077,-0.020778,4.21e-06,2.251e-05,6.558e-05
q158_rsv_20h,4h,2025-08,-0.010633,-0.025453,-0.023164,0.00076465,4.84e-05,9.79e-06
q158_rsv_20h,4h,2025-09,-0.016323,-0.018531,-0.02112,0.00035415,0.00037434,0.00024461
q158_rsv_20h,4h,2025-10,-0.028028,-0.018328,-0.023703,0.00114045,0.00075308,0.0003878
q158_rsv_20h,4h,2025-11,-0.014084,-0.019478,-0.022466,0.00098053,0.00082504,0.00043672
q158_rsv_20h,4h,2025-12,-0.044913,-0.029008,-0.02377,-0.00065677,0.00048807,0.0004312
q158_rsv_20h,4h,2026-01,-0.013828,-0.024275,-0.021302,0.00106846,0.00046407,0.00060858
q158_rsv_20h,4h,2026-02,-0.024078,-0.027606,-0.023542,0.00116594,0.00052588,0.00067546
q158_rsv_20h,4h,2026-03,-0.028102,-0.022003,-0.025506,0.00021441,0.00081627,0.00065217
q158_rsv_20h,4h,2026-04,-0.031382,-0.027854,-0.026064,0.00078621,0.00072219,0.00059313
q158_rsv_20h,4h,2026-05,-0.034305,-0.031263,-0.029435,-0.00039912,0.0002005,0.00036319
q158_rsv_20h,4h,2026-06,-0.012776,-0.026154,-0.024079,0.00063556,0.00034088,0.00057858
q158_rsv_20h,72h,2024-06,0.051701,0.051701,0.051701,0.0090545,0.0090545,0.0090545
q158_rsv_20h,72h,2024-07,-0.018233,0.016734,0.016734,-0.00590139,0.00157655,0.00157655
q158_rsv_20h,72h,2024-08,0.028694,0.02072,0.02072,0.00403138,0.00239483,0.00239483
q158_rsv_20h,72h,2024-09,-0.020327,-0.003289,0.010459,-0.00011557,-0.00066186,0.00176723
q158_rsv_20h,72h,2024-10,-0.040799,-0.010811,0.000207,-0.0078141,-0.00129943,-0.00014904
q158_rsv_20h,72h,2024-11,0.037509,-0.007873,0.006424,0.01193189,0.00133407,0.00186445
q158_rsv_20h,72h,2024-12,-0.013768,-0.005686,-0.004488,0.00098001,0.00169927,0.0005187
q158_rsv_20h,72h,2025-01,0.053314,0.025685,0.007437,0.01372087,0.00887759,0.00378908
q158_rsv_20h,72h,2025-02,-0.001945,0.012533,0.00233,0.00114735,0.00528274,0.00330841
q158_rsv_20h,72h,2025-03,0.002944,0.018104,0.006209,-0.00284172,0.00400883,0.00285405
q158_rsv_20h,72h,2025-04,-0.001447,-0.000149,0.012768,-0.00325936,-0.00165124,0.00361317
q158_rsv_20h,72h,2025-05,-0.028147,-0.008883,0.001825,-0.00240728,-0.00283612,0.00122331
q158_rsv_20h,72h,2025-06,-0.038627,-0.02274,-0.002318,-0.00516176,-0.00360947,0.00019968
q158_rsv_20h,72h,2025-07,0.017839,-0.016312,-0.008231,0.00651469,-0.00035145,-0.00100135
q158_rsv_20h,72h,2025-08,-0.014749,-0.011846,-0.010365,0.0122238,0.00452558,0.00084473
q158_rsv_20h,72h,2025-09,0.015807,0.006299,-0.008221,0.01675702,0.01183184,0.00411118
q158_rsv_20h,72h,2025-10,-0.007435,-0.002126,-0.009219,0.00260538,0.01052873,0.00508864
q158_rsv_20h,72h,2025-11,0.023145,0.010506,-0.00067,0.00121806,0.00686015,0.00569286
q158_rsv_20h,72h,2025-12,-0.020911,-0.001734,0.002283,-0.01243899,-0.00287185,0.00447999
q158_rsv_20h,72h,2026-01,0.023474,0.008569,0.003222,0.01113438,-2.885e-05,0.00524994
q158_rsv_20h,72h,2026-02,-0.010356,-0.002598,0.003954,0.00260722,0.0004342,0.00364718
q158_rsv_20h,72h,2026-03,-0.010414,0.000902,-0.000416,-0.00091489,0.00427557,0.00070186
q158_rsv_20h,72h,2026-04,-0.008168,-0.009646,-0.000538,0.01961475,0.00710236,0.00353675
q158_rsv_20h,72h,2026-05,0.01694,-0.000547,-0.001572,0.00892965,0.00920984,0.00482202
q158_rsv_20h,72h,2026-06,0.005789,0.004854,0.002878,0.01433053,0.01429164,0.00928361
q158_cntn_20h,1h,2024-06,-0.003729,-0.003729,-0.003729,8.683e-05,8.683e-05,8.683e-05
q158_cntn_20h,1h,2024-07,0.003868,7e-05,7e-05,-2.534e-05,3.074e-05,3.074e-05
q158_cntn_20h,1h,2024-08,0.011569,0.003903,0.003903,-8.061e-05,-6.37e-06,-6.37e-06
q158_cntn_20h,1h,2024-09,0.008646,0.008028,0.005089,-0.00015945,-8.847e-05,-4.464e-05
q158_cntn_20h,1h,2024-10,0.018757,0.012991,0.007822,-0.00025805,-0.00016604,-8.732e-05
q158_cntn_20h,1h,2024-11,-0.001296,0.008702,0.006303,0.00027049,-4.9e-05,-2.769e-05
q158_cntn_20h,1h,2024-12,0.022158,0.013206,0.010617,-0.00020652,-6.469e-05,-7.658e-05
q158_cntn_20h,1h,2025-01,-0.000318,0.006848,0.009919,2.831e-05,3.076e-05,-6.764e-05
q158_cntn_20h,1h,2025-02,-0.002363,0.006492,0.007597,0.00020704,9.61e-06,-1.97e-05
q158_cntn_20h,1h,2025-03,0.005896,0.001072,0.007139,-0.00029406,-1.957e-05,-4.213e-05
q158_cntn_20h,1h,2025-04,0.004739,0.002757,0.004803,-4.833e-05,-4.512e-05,-7.18e-06
q158_cntn_20h,1h,2025-05,0.011801,0.007479,0.006985,-0.00014773,-0.00016337,-7.688e-05
q158_cntn_20h,1h,2025-06,0.004828,0.007123,0.004097,-4.269e-05,-7.958e-05,-4.958e-05
q158_cntn_20h,1h,2025-07,0.012536,0.009722,0.00624,9.089e-05,-3.318e-05,-3.915e-05
q158_cntn_20h,1h,2025-08,0.001683,0.006349,0.006914,0.00041023,0.00015281,-5.28e-06
q158_cntn_20h,1h,2025-09,0.015195,0.009805,0.008464,-4.833e-05,0.00015093,3.567e-05
q158_cntn_20h,1h,2025-10,0.010793,0.009224,0.009473,0.00031427,0.00022539,9.611e-05
q158_cntn_20h,1h,2025-11,0.006619,0.010869,0.008609,0.00023987,0.0001686,0.00016071
q158_cntn_20h,1h,2025-12,0.010293,0.009235,0.00952,0.00012952,0.00022789,0.00018941
q158_cntn_20h,1h,2026-01,0.007011,0.007974,0.008599,0.00030114,0.00022351,0.00022445
q158_cntn_20h,1h,2026-02,0.011915,0.009739,0.010304,9.32e-06,0.00014666,0.00015763
q158_cntn_20h,1h,2026-03,0.012147,0.010358,0.009796,-0.00022024,3.007e-05,0.00012898
q158_cntn_20h,1h,2026-04,0.012927,0.012329,0.010152,-3.798e-05,-8.297e-05,7.027e-05
q158_cntn_20h,1h,2026-05,0.006498,0.010524,0.010132,-0.00023502,-0.00016441,-8.88e-06
q158_cntn_20h,1h,2026-06,0.00225,0.007225,0.008791,0.00035207,2.636e-05,2.822e-05
q158_cntn_20h,24h,2024-06,-0.037721,-0.037721,-0.037721,0.00287811,0.00287811,0.00287811
q158_cntn_20h,24h,2024-07,-0.013995,-0.025858,-0.025858,0.00134811,0.00211311,0.00211311
q158_cntn_20h,24h,2024-08,-0.016527,-0.022748,-0.022748,0.00134639,0.00185754,0.00185754
q158_cntn_20h,24h,2024-09,0.006695,-0.007942,-0.015387,-0.00112079,0.00052457,0.00111296
q158_cntn_20h,24h,2024-10,0.037829,0.009332,-0.004744,-0.00438652,-0.00138697,1.306e-05
q158_cntn_20h,24h,2024-11,-0.043338,0.000395,-0.011176,0.00648459,0.00032576,0.00109165
q158_cntn_20h,24h,2024-12,0.016369,0.00362,-0.002161,-0.00035518,0.00058096,0.00055277
q158_cntn_20h,24h,2025-01,-0.013794,-0.013588,-0.002128,0.00386388,0.0033311,0.00097206
q158_cntn_20h,24h,2025-02,-0.028368,-0.008598,-0.004101,0.00670879,0.00340583,0.00186579
q158_cntn_20h,24h,2025-03,-0.023665,-0.021942,-0.009161,0.00223955,0.00427074,0.00242585
q158_cntn_20h,24h,2025-04,0.011956,-0.013359,-0.013473,0.00040444,0.00311759,0.00322434
q158_cntn_20h,24h,2025-05,0.032816,0.007036,-0.000781,-0.00482412,-0.00072671,0.00133956
q158_cntn_20h,24h,2025-06,0.00111,0.015294,-0.003324,0.00193858,-0.00082703,0.00172185
q158_cntn_20h,24h,2025-07,0.010093,0.014673,0.000657,0.00050777,-0.00079259,0.0011625
q158_cntn_20h,24h,2025-08,-0.016622,-0.001806,0.002615,0.00617494,0.00287376,0.00107353
q158_cntn_20h,24h,2025-09,0.02209,0.005187,0.01024,0.00314521,0.00327597,0.00122447
q158_cntn_20h,24h,2025-10,0.006549,0.004006,0.009339,0.00276546,0.00402854,0.00161797
q158_cntn_20h,24h,2025-11,-0.004441,0.008066,0.00313,0.00283953,0.00291673,0.00289525
q158_cntn_20h,24h,2025-12,0.000232,0.00078,0.002983,0.00070532,0.00210344,0.00268971
q158_cntn_20h,24h,2026-01,0.000173,-0.001345,0.00133,0.0028637,0.00213618,0.00308236
q158_cntn_20h,24h,2026-02,0.027788,0.009398,0.008732,-0.00140937,0.00071988,0.00181831
q158_cntn_20h,24h,2026-03,0.032794,0.020252,0.010516,-0.00253367,-0.00035978,0.00087183
q158_cntn_20h,24h,2026-04,0.044421,0.035001,0.016828,-0.002955,-0.00229935,-8.158e-05
q158_cntn_20h,24h,2026-05,-0.001721,0.025165,0.017282,0.00077438,-0.00157143,-0.00042577
q158_cntn_20h,24h,2026-06,-0.027442,0.005086,0.012669,0.00988473,0.00256804,0.00110413
q158_cntn_20h,4h,2024-06,-0.004798,-0.004798,-0.004798,0.00018816,0.00018816,0.00018816
q158_cntn_20h,4h,2024-07,0.00528,0.000241,0.000241,-0.0002688,-4.032e-05,-4.032e-05
q158_cntn_20h,4h,2024-08,0.015838,0.00544,0.00544,-0.00029138,-0.00012401,-0.00012401
q158_cntn_20h,4h,2024-09,0.004696,0.008605,0.005254,-0.00028992,-0.00028337,-0.00016548
q158_cntn_20h,4h,2024-10,0.023637,0.014724,0.008931,-0.00061455,-0.00039862,-0.0002553
q158_cntn_20h,4h,2024-11,-0.014243,0.004697,0.005068,0.00108485,6.013e-05,-3.194e-05
q158_cntn_20h,4h,2024-12,0.026836,0.012077,0.010341,-0.00018369,9.554e-05,-9.391e-05
q158_cntn_20h,4h,2025-01,0.002192,0.004928,0.009826,0.00025054,0.0003839,-7.36e-06
q158_cntn_20h,4h,2025-02,-0.003667,0.008454,0.006575,0.00086385,0.00031023,0.00018518
q158_cntn_20h,4h,2025-03,0.007039,0.001854,0.006966,-0.00084154,9.095e-05,9.324e-05
q158_cntn_20h,4h,2025-04,0.000317,0.001229,0.003079,8.028e-05,3.42e-05,0.00020905
q158_cntn_20h,4h,2025-05,0.021596,0.009651,0.009052,-0.00043976,-0.00040034,-4.505e-05
q158_cntn_20h,4h,2025-06,0.007991,0.009968,0.005911,-6.859e-05,-0.00014269,-2.587e-05
q158_cntn_20h,4h,2025-07,0.011234,0.013607,0.007418,0.00057311,2.159e-05,2.789e-05
q158_cntn_20h,4h,2025-08,-0.009799,0.003142,0.006396,0.00186715,0.00079056,0.00019511
q158_cntn_20h,4h,2025-09,0.016136,0.005857,0.007913,0.00016942,0.00086989,0.0003636
q158_cntn_20h,4h,2025-10,0.012776,0.006371,0.009989,0.00136992,0.0011355,0.00057854
q158_cntn_20h,4h,2025-11,0.002476,0.010463,0.006802,0.00127613,0.00093849,0.00086452
q158_cntn_20h,4h,2025-12,0.012208,0.009153,0.007505,0.00047645,0.00104083,0.00095536
q158_cntn_20h,4h,2026-01,0.005895,0.006859,0.006615,0.00120114,0.00098457,0.00106003
q158_cntn_20h,4h,2026-02,0.023093,0.013732,0.012097,1.403e-05,0.00056387,0.00075118
q158_cntn_20h,4h,2026-03,0.031865,0.020284,0.014719,-0.00093292,9.408e-05,0.00056746
q158_cntn_20h,4h,2026-04,0.027534,0.027497,0.017178,-0.00032958,-0.00041616,0.00028421
q158_cntn_20h,4h,2026-05,0.012428,0.023942,0.018837,-0.00054684,-0.00060311,-1.962e-05
q158_cntn_20h,4h,2026-06,-0.006489,0.011157,0.015721,0.00175465,0.00029274,0.00019341
q158_cntn_20h,72h,2024-06,-0.04688,-0.04688,-0.04688,0.00620198,0.00620198,0.00620198
q158_cntn_20h,72h,2024-07,-0.002868,-0.024874,-0.024874,-0.00436161,0.00092019,0.00092019
q158_cntn_20h,72h,2024-08,-0.021851,-0.023866,-0.023866,0.00395233,0.0019309,0.0019309
q158_cntn_20h,72h,2024-09,-0.008206,-0.010975,-0.019951,-0.00126533,-0.0005582,0.00113184
q158_cntn_20h,72h,2024-10,0.041765,0.003903,-0.007608,-0.00847578,-0.00192959,-0.00078968
q158_cntn_20h,72h,2024-11,-0.055748,-0.007396,-0.015631,0.01455354,0.00160414,0.00176752
q158_cntn_20h,72h,2024-12,0.02369,0.003236,-0.00387,-0.00358644,0.00083044,0.00013612
q158_cntn_20h,72h,2025-01,-0.039126,-0.023728,-0.009913,0.01106204,0.00734305,0.00270673
q158_cntn_20h,72h,2025-02,-0.000847,-0.005428,-0.006412,0.00318097,0.00355219,0.00257817
q158_cntn_20h,72h,2025-03,-0.010952,-0.016975,-0.00687,0.00170825,0.00531709,0.00307376
q158_cntn_20h,72h,2025-04,0.005726,-0.002024,-0.012876,0.00839253,0.00442725,0.00588515
q158_cntn_20h,72h,2025-05,0.025469,0.006748,0.00066,-0.00770559,0.0007984,0.00217529
q158_cntn_20h,72h,2025-06,0.004537,0.01191,-0.002532,0.0022597,0.00098221,0.00314965
q158_cntn_20h,72h,2025-07,0.000244,0.010083,0.004029,0.00315123,-0.00076489,0.00183118
q158_cntn_20h,72h,2025-08,-0.002399,0.000794,0.003771,0.02754674,0.01098589,0.00589214
q158_cntn_20h,72h,2025-09,0.017368,0.005071,0.008491,0.00538247,0.01202681,0.00650451
q158_cntn_20h,72h,2025-10,-0.00845,0.002173,0.006128,0.01426826,0.01573249,0.0074838
q158_cntn_20h,72h,2025-11,-0.000632,0.002762,0.001778,-0.00408258,0.00518938,0.00808764
q158_cntn_20h,72h,2025-12,-0.003687,-0.004256,0.000407,0.00623295,0.00547288,0.00874985
q158_cntn_20h,72h,2026-01,-0.01342,-0.005913,-0.00187,0.00597244,0.0027076,0.00922005
q158_cntn_20h,72h,2026-02,0.013476,-0.00121,0.000776,0.00083267,0.00434602,0.0047677
q158_cntn_20h,72h,2026-03,0.015034,0.00503,0.000387,-0.0003765,0.00214287,0.00380787
q158_cntn_20h,72h,2026-04,0.028753,0.019088,0.006587,0.00590598,0.00212072,0.00241416
q158_cntn_20h,72h,2026-05,-0.00252,0.013755,0.006273,0.00513475,0.00355474,0.00395038
q158_cntn_20h,72h,2026-06,-0.004688,0.007182,0.006106,0.00766896,0.00623656,0.00418972
q158_cntp_20h,1h,2024-06,0.001748,0.001748,0.001748,5.517e-05,5.517e-05,5.517e-05
q158_cntp_20h,1h,2024-07,-0.006526,-0.002389,-0.002389,2.03e-06,2.86e-05,2.86e-05
q158_cntp_20h,1h,2024-08,-0.011903,-0.005561,-0.005561,-7.653e-05,-6.44e-06,-6.44e-06
q158_cntp_20h,1h,2024-09,-0.011016,-0.009815,-0.006924,-0.00011593,-6.348e-05,-3.382e-05
q158_cntp_20h,1h,2024-10,-0.021298,-0.014739,-0.009799,-0.00022648,-0.00013965,-7.235e-05
q158_cntp_20h,1h,2024-11,-0.001627,-0.011314,-0.008437,0.00023003,-3.746e-05,-2.195e-05
q158_cntp_20h,1h,2024-12,-0.022859,-0.015261,-0.012538,-0.00023889,-7.845e-05,-7.096e-05
q158_cntp_20h,1h,2025-01,0.000501,-0.007995,-0.011367,1.064e-05,5.9e-07,-6.953e-05
q158_cntp_20h,1h,2025-02,0.002343,-0.006672,-0.008993,0.00017919,-1.635e-05,-2.691e-05
q158_cntp_20h,1h,2025-03,-0.007746,-0.001634,-0.008448,-0.00024083,-1.7e-05,-4.772e-05
q158_cntp_20h,1h,2025-04,-0.00673,-0.004044,-0.00602,1.634e-05,-1.51e-05,-7.25e-06
q158_cntp_20h,1h,2025-05,-0.013614,-0.009363,-0.008018,-6.561e-05,-9.67e-05,-5.653e-05
q158_cntp_20h,1h,2025-06,-0.007173,-0.009172,-0.005403,-3.811e-05,-2.913e-05,-2.306e-05
q158_cntp_20h,1h,2025-07,-0.012439,-0.011075,-0.00756,0.00013082,9.03e-06,-3.03e-06
q158_cntp_20h,1h,2025-08,-0.0053,-0.008304,-0.008834,0.00039871,0.00016381,3.355e-05
q158_cntp_20h,1h,2025-09,-0.018683,-0.012141,-0.010657,-5.143e-05,0.00015937,6.512e-05
q158_cntp_20h,1h,2025-10,-0.013596,-0.012526,-0.011801,0.00034286,0.00023005,0.00011954
q158_cntp_20h,1h,2025-11,-0.009733,-0.014004,-0.011154,0.00023603,0.00017582,0.00016981
q158_cntp_20h,1h,2025-12,-0.012065,-0.011798,-0.011969,0.00019815,0.00025901,0.00020919
q158_cntp_20h,1h,2026-01,-0.00847,-0.010089,-0.011308,0.00036715,0.00026711,0.00024858
q158_cntp_20h,1h,2026-02,-0.012826,-0.01112,-0.012562,-3.447e-05,0.00017694,0.00017638
q158_cntp_20h,1h,2026-03,-0.014612,-0.011969,-0.011884,-0.00011784,7.161e-05,0.00016531
q158_cntp_20h,1h,2026-04,-0.015812,-0.014417,-0.012253,-2.356e-05,-5.862e-05,0.00010424
q158_cntp_20h,1h,2026-05,-0.008848,-0.01309,-0.012105,-0.00011411,-8.517e-05,4.589e-05
q158_cntp_20h,1h,2026-06,-0.004131,-0.009597,-0.010783,0.00038135,8.123e-05,7.642e-05
q158_cntp_20h,24h,2024-06,0.033153,0.033153,0.033153,0.00291931,0.00291931,0.00291931
q158_cntp_20h,24h,2024-07,0.005769,0.019461,0.019461,0.00143458,0.00217695,0.00217695
q158_cntp_20h,24h,2024-08,0.013851,0.017591,0.017591,0.00101686,0.00179025,0.00179025
q158_cntp_20h,24h,2024-09,-0.002318,0.005767,0.012614,-0.00082934,0.0005407,0.00113535
q158_cntp_20h,24h,2024-10,-0.043409,-0.010625,0.001409,-0.00447209,-0.00142819,1.386e-05
q158_cntp_20h,24h,2024-11,0.03803,-0.002566,0.007513,0.00634904,0.0003492,0.00106973
q158_cntp_20h,24h,2024-12,-0.019245,-0.008208,-0.00122,-0.00052974,0.00044907,0.00049489
q158_cntp_20h,24h,2025-01,0.02098,0.013255,0.001315,0.00472868,0.00351599,0.0010439
q158_cntp_20h,24h,2025-02,0.022217,0.007984,0.002709,0.00569082,0.00329659,0.0018229
q158_cntp_20h,24h,2025-03,0.014596,0.019264,0.005528,0.00092363,0.00378104,0.00211506
q158_cntp_20h,24h,2025-04,-0.012899,0.007971,0.010613,-0.00153858,0.00169196,0.00260398
q158_cntp_20h,24h,2025-05,-0.032036,-0.010113,-0.001064,-0.00395644,-0.0015238,0.0008864
q158_cntp_20h,24h,2025-06,-0.004786,-0.016573,0.001345,0.0013518,-0.00138107,0.00119998
q158_cntp_20h,24h,2025-07,-0.009057,-0.015293,-0.003661,0.00143486,-0.00038993,0.00065101
q158_cntp_20h,24h,2025-08,0.004235,-0.003202,-0.006658,0.00595865,0.0029151,0.00069565
q158_cntp_20h,24h,2025-09,-0.025154,-0.009992,-0.013283,0.00369215,0.00369522,0.00115707
q158_cntp_20h,24h,2025-10,-0.008455,-0.009791,-0.012542,0.00235798,0.00400293,0.0018065
q158_cntp_20h,24h,2025-11,-0.003661,-0.012424,-0.007813,0.00290011,0.00298341,0.00294926
q158_cntp_20h,24h,2025-12,-0.003158,-0.005092,-0.007542,-0.00074844,0.00150322,0.00259922
q158_cntp_20h,24h,2026-01,0.001446,-0.001791,-0.005791,0.00390294,0.0020182,0.00301057
q158_cntp_20h,24h,2026-02,-0.027764,-0.009825,-0.011124,-0.00128267,0.00062394,0.00180368
q158_cntp_20h,24h,2026-03,-0.03056,-0.018959,-0.012026,-0.00163927,0.000327,0.00091511
q158_cntp_20h,24h,2026-04,-0.048505,-0.03561,-0.0187,-0.00157816,-0.00150003,0.00025909
q158_cntp_20h,24h,2026-05,0.001829,-0.025745,-0.017785,0.00237872,-0.00027957,0.00017219
q158_cntp_20h,24h,2026-06,0.027873,-0.006268,-0.012614,0.01029904,0.00369987,0.00201343
q158_cntp_20h,4h,2024-06,0.003785,0.003785,0.003785,0.00027942,0.00027942,0.00027942
q158_cntp_20h,4h,2024-07,-0.010339,-0.003277,-0.003277,-0.00034342,-3.2e-05,-3.2e-05
q158_cntp_20h,4h,2024-08,-0.016486,-0.00768,-0.00768,-0.00031673,-0.00012691,-0.00012691
q158_cntp_20h,4h,2024-09,-0.00608,-0.010968,-0.00728,-0.00017219,-0.00027745,-0.00013823
q158_cntp_20h,4h,2024-10,-0.026458,-0.016341,-0.011115,-0.0005832,-0.00035737,-0.00022722
q158_cntp_20h,4h,2024-11,0.010298,-0.007413,-0.007546,0.00096201,6.887e-05,-2.902e-05
q158_cntp_20h,4h,2024-12,-0.028476,-0.014878,-0.012923,-0.00025161,4.24e-05,-0.00011752
q158_cntp_20h,4h,2025-01,-0.00012,-0.006099,-0.01122,0.00029941,0.0003366,-1.038e-05
q158_cntp_20h,4h,2025-02,0.004291,-0.008102,-0.007757,0.00073898,0.00026226,0.00016557
q158_cntp_20h,4h,2025-03,-0.011849,-0.002559,-0.008719,-0.00077696,8.714e-05,6.477e-05
q158_cntp_20h,4h,2025-04,-0.003409,-0.003656,-0.004877,0.00018384,4.862e-05,0.00019261
q158_cntp_20h,4h,2025-05,-0.023536,-0.012931,-0.010517,-0.0001298,-0.00024097,1.064e-05
q158_cntp_20h,4h,2025-06,-0.01145,-0.012799,-0.007679,-6.139e-05,-2.45e-06,4.235e-05
q158_cntp_20h,4h,2025-07,-0.010724,-0.015237,-0.009446,0.0007071,0.00017197,0.00011029
q158_cntp_20h,4h,2025-08,0.00374,-0.006145,-0.009538,0.00178422,0.00080998,0.0002845
q158_cntp_20h,4h,2025-09,-0.020861,-0.009282,-0.01104,0.00033866,0.00094333,0.00047044
q158_cntp_20h,4h,2025-10,-0.015061,-0.010727,-0.012982,0.00153312,0.00121867,0.00069532
q158_cntp_20h,4h,2025-11,-0.007577,-0.0145,-0.010322,0.00106006,0.00097728,0.00089363
q158_cntp_20h,4h,2025-12,-0.012957,-0.011865,-0.010573,0.00051936,0.00103751,0.00099042
q158_cntp_20h,4h,2026-01,-0.005879,-0.008804,-0.009766,0.00145638,0.00101193,0.0011153
q158_cntp_20h,4h,2026-02,-0.024992,-0.014609,-0.014554,7.011e-05,0.00068195,0.00082962
q158_cntp_20h,4h,2026-03,-0.032943,-0.021271,-0.016568,-0.00075176,0.00025824,0.00064788
q158_cntp_20h,4h,2026-04,-0.030269,-0.029401,-0.019103,-0.00013189,-0.00027118,0.00037038
q158_cntp_20h,4h,2026-05,-0.014603,-0.025938,-0.020274,-0.00014932,-0.00034432,0.00016881
q158_cntp_20h,4h,2026-06,0.004038,-0.013611,-0.017441,0.00208793,0.00060224,0.00043024
q158_cntp_20h,72h,2024-06,0.049817,0.049817,0.049817,0.0069229,0.0069229,0.0069229
q158_cntp_20h,72h,2024-07,-0.006754,0.021531,0.021531,-0.00497873,0.00097209,0.00097209
q158_cntp_20h,72h,2024-08,0.008944,0.017336,0.017336,0.0015118,0.00115199,0.00115199
q158_cntp_20h,72h,2024-09,0.011052,0.004414,0.015765,-0.00089464,-0.00145386,0.00064033
q158_cntp_20h,72h,2024-10,-0.044732,-0.008245,0.003665,-0.00839568,-0.00259284,-0.00116687
q158_cntp_20h,72h,2024-11,0.050997,0.005772,0.011554,0.0140442,0.00158463,0.00136831
q158_cntp_20h,72h,2024-12,-0.025424,-0.006387,-0.000986,-0.00370843,0.0006467,-0.00040358
q158_cntp_20h,72h,2025-01,0.044507,0.02336,0.007557,0.012302,0.00754592,0.00247654
q158_cntp_20h,72h,2025-02,-0.009281,0.003267,0.00452,0.00182699,0.00347352,0.00252907
q158_cntp_20h,72h,2025-03,-0.00274,0.010829,0.002221,-0.00014262,0.00466212,0.00265441
q158_cntp_20h,72h,2025-04,-0.005078,-0.0057,0.00883,-0.00269281,-0.00033615,0.00360489
q158_cntp_20h,72h,2025-05,-0.026909,-0.011576,-0.004154,-0.0052919,-0.00270911,0.00038221
q158_cntp_20h,72h,2025-06,-0.014867,-0.015618,-0.002395,-0.00057483,-0.00285318,0.00090447
q158_cntp_20h,72h,2025-07,-0.000734,-0.01417,-0.009935,0.0073673,0.00050019,8.202e-05
q158_cntp_20h,72h,2025-08,-0.010768,-0.00879,-0.010183,0.02576771,0.01085339,0.00407214
q158_cntp_20h,72h,2025-09,-0.01431,-0.008604,-0.012111,0.00763507,0.01359003,0.00536842
q158_cntp_20h,72h,2025-10,0.008053,-0.005675,-0.009922,0.01741839,0.01694039,0.00872029
q158_cntp_20h,72h,2025-11,-0.006239,-0.004165,-0.006477,-0.00384519,0.00706942,0.00896141
q158_cntp_20h,72h,2025-12,-0.005808,-0.001331,-0.004968,-0.00836729,0.0017353,0.00766266
q158_cntp_20h,72h,2026-01,0.010532,-0.000505,-0.00309,0.00860493,-0.00120252,0.00786894
q158_cntp_20h,72h,2026-02,-0.011766,-0.002347,-0.003256,0.00233681,0.00085815,0.00396379
q158_cntp_20h,72h,2026-03,-0.010851,-0.004028,-0.00268,0.00114714,0.00402963,0.00288247
q158_cntp_20h,72h,2026-04,-0.033785,-0.018801,-0.009653,0.00977462,0.00441952,0.0016085
q158_cntp_20h,72h,2026-05,0.002908,-0.013909,-0.008128,0.00926131,0.00672769,0.00379292
q158_cntp_20h,72h,2026-06,0.00618,-0.008233,-0.00613,0.01014272,0.00972622,0.00687792
q158_qtld_20h,1h,2024-06,0.017783,0.017783,0.017783,-0.00013058,-0.00013058,-0.00013058
q158_qtld_20h,1h,2024-07,0.030262,0.024022,0.024022,-7e-06,-6.879e-05,-6.879e-05
q158_qtld_20h,1h,2024-08,0.047156,0.031734,0.031734,0.00020287,2.176e-05,2.176e-05
q158_qtld_20h,1h,2024-09,0.038863,0.03876,0.033516,-0.00013032,2.185e-05,-1.626e-05
q158_qtld_20h,1h,2024-10,0.056754,0.047591,0.038164,0.00031711,0.00012989,5.042e-05
q158_qtld_20h,1h,2024-11,0.045851,0.047156,0.039445,-0.00011873,2.269e-05,2.222e-05
q158_qtld_20h,1h,2024-12,0.056027,0.052877,0.045819,0.00027614,0.00015817,9.001e-05
q158_qtld_20h,1h,2025-01,0.028602,0.043493,0.045542,-0.000109,1.614e-05,7.301e-05
q158_qtld_20h,1h,2025-02,0.020941,0.03519,0.041173,-0.00023663,-2.316e-05,-2.4e-07
q158_qtld_20h,1h,2025-03,0.034326,0.027956,0.040417,0.00022849,-3.905e-05,5.956e-05
q158_qtld_20h,1h,2025-04,0.038785,0.031351,0.037422,0.000292,9.462e-05,5.538e-05
q158_qtld_20h,1h,2025-05,0.030552,0.034554,0.034872,-0.00020137,0.00010637,4.161e-05
q158_qtld_20h,1h,2025-06,0.042577,0.037305,0.032631,0.00018096,9.053e-05,2.574e-05
q158_qtld_20h,1h,2025-07,0.045023,0.039384,0.035367,-0.0002249,-8.177e-05,6.43e-06
q158_qtld_20h,1h,2025-08,0.043039,0.043547,0.03905,-0.00016479,-6.958e-05,1.84e-05
q158_qtld_20h,1h,2025-09,0.040458,0.04284,0.040072,-0.00039587,-0.00026185,-8.566e-05
q158_qtld_20h,1h,2025-10,0.042453,0.041983,0.040684,-0.00028841,-0.00028302,-0.0001824
q158_qtld_20h,1h,2025-11,0.044789,0.042567,0.043057,-0.00024768,-0.00031065,-0.00019012
q158_qtld_20h,1h,2025-12,0.047904,0.045048,0.043944,4.629e-05,-0.00016327,-0.00021256
q158_qtld_20h,1h,2026-01,0.042925,0.045206,0.043595,-1.489e-05,-7.209e-05,-0.00017756
q158_qtld_20h,1h,2026-02,0.031696,0.040842,0.041704,-9.138e-05,-1.999e-05,-0.00016532
q158_qtld_20h,1h,2026-03,0.029188,0.034603,0.039826,-0.00020098,-0.00010242,-0.00013284
q158_qtld_20h,1h,2026-04,0.032844,0.031243,0.038224,-0.00026214,-0.00018483,-0.00012846
q158_qtld_20h,1h,2026-05,0.040166,0.034066,0.037454,7.865e-05,-0.00012816,-7.407e-05
q158_qtld_20h,1h,2026-06,0.032513,0.035175,0.034889,-0.0003416,-0.00017503,-0.00013872
q158_qtld_20h,24h,2024-06,0.033731,0.033731,0.033731,0.00034286,0.00034286,0.00034286
q158_qtld_20h,24h,2024-07,0.02745,0.030591,0.030591,-0.00116654,-0.00041184,-0.00041184
q158_qtld_20h,24h,2024-08,0.031753,0.030978,0.030978,0.00138523,0.00018718,0.00018718
q158_qtld_20h,24h,2024-09,0.020188,0.026464,0.028281,-0.00187449,-0.00055193,-0.00032823
q158_qtld_20h,24h,2024-10,0.067721,0.039887,0.036169,0.00288642,0.00079905,0.0003147
q158_qtld_20h,24h,2024-11,0.047369,0.045093,0.038035,-0.0019615,-0.00031652,-6.467e-05
q158_qtld_20h,24h,2024-12,0.060489,0.058526,0.042495,0.00135109,0.00075867,0.00010337
q158_qtld_20h,24h,2025-01,0.035492,0.047783,0.043835,-0.00118492,-0.00059844,0.0001003
q158_qtld_20h,24h,2025-02,0.032985,0.042988,0.044041,-0.00126758,-0.00036714,-0.00034183
q158_qtld_20h,24h,2025-03,0.030002,0.032826,0.045676,0.0016251,-0.0002758,0.00024143
q158_qtld_20h,24h,2025-04,0.032758,0.031915,0.039849,-0.00436327,-0.00133525,-0.00096685
q158_qtld_20h,24h,2025-05,0.063287,0.042016,0.042502,-0.0006249,-0.00112102,-0.00074408
q158_qtld_20h,24h,2025-06,0.044092,0.046712,0.039769,0.00145916,-0.00117634,-0.00072607
q158_qtld_20h,24h,2025-07,0.046711,0.051363,0.041639,-0.00323467,-0.00080014,-0.00106769
q158_qtld_20h,24h,2025-08,0.02925,0.040018,0.041017,-0.00650626,-0.00276059,-0.00194081
q158_qtld_20h,24h,2025-09,0.048337,0.041433,0.044072,-0.00703347,-0.00559147,-0.0033839
q158_qtld_20h,24h,2025-10,0.067083,0.048223,0.049793,-0.00039592,-0.00464522,-0.00272268
q158_qtld_20h,24h,2025-11,0.069465,0.061628,0.050823,0.00060825,-0.00227371,-0.00251715
q158_qtld_20h,24h,2025-12,0.060111,0.065553,0.053493,0.0010366,0.00041631,-0.00258758
q158_qtld_20h,24h,2026-01,0.049657,0.059744,0.053984,-0.00356148,-0.00063888,-0.00264205
q158_qtld_20h,24h,2026-02,0.065869,0.058545,0.060087,0.00127153,-0.00041778,-0.00134575
q158_qtld_20h,24h,2026-03,0.048915,0.054814,0.060183,-0.00133825,-0.0012094,-0.00039655
q158_qtld_20h,24h,2026-04,0.087187,0.067324,0.063534,-0.00261177,-0.00089283,-0.00076585
q158_qtld_20h,24h,2026-05,0.041049,0.059051,0.058798,-0.00339354,-0.00244785,-0.00143282
q158_qtld_20h,24h,2026-06,-0.007111,0.040375,0.047594,-0.01357554,-0.00652695,-0.00386818
q158_qtld_20h,4h,2024-06,0.022433,0.022433,0.022433,-0.00023143,-0.00023143,-0.00023143
q158_qtld_20h,4h,2024-07,0.049102,0.035768,0.035768,0.00053492,0.00015175,0.00015175
q158_qtld_20h,4h,2024-08,0.058002,0.043179,0.043179,0.00076484,0.00035611,0.00035611
q158_qtld_20h,4h,2024-09,0.021508,0.042871,0.037761,-0.00089557,0.00013473,4.319e-05
q158_qtld_20h,4h,2024-10,0.064469,0.047993,0.043103,0.00074412,0.00020446,0.00018338
q158_qtld_20h,4h,2024-11,0.042395,0.042791,0.042985,-0.00036842,-0.00017329,9.141e-05
q158_qtld_20h,4h,2024-12,0.054761,0.053875,0.048373,0.00033591,0.0002372,0.00018597
q158_qtld_20h,4h,2025-01,0.036128,0.044428,0.04621,-0.00016509,-6.587e-05,6.93e-05
q158_qtld_20h,4h,2025-02,0.018746,0.036545,0.039668,-0.00098537,-0.00027152,-0.0002224
q158_qtld_20h,4h,2025-03,0.047389,0.034087,0.043981,0.00091875,-7.724e-05,7.998e-05
q158_qtld_20h,4h,2025-04,0.038878,0.035004,0.039716,-0.00042066,-0.00016243,-0.00011415
q158_qtld_20h,4h,2025-05,0.033653,0.039973,0.038259,-0.00097982,-0.00016058,-0.00021605
q158_qtld_20h,4h,2025-06,0.060015,0.044182,0.039135,0.00081559,-0.00019496,-0.0001361
q158_qtld_20h,4h,2025-07,0.051863,0.04851,0.041757,-0.00103538,-0.00039987,-0.00028115
q158_qtld_20h,4h,2025-08,0.037465,0.049781,0.044877,-0.00109509,-0.00043829,-0.00029943
q158_qtld_20h,4h,2025-09,0.042351,0.043893,0.044037,-0.00165041,-0.00126029,-0.00072763
q158_qtld_20h,4h,2025-10,0.055033,0.04495,0.04673,-0.00117377,-0.00130642,-0.00085315
q158_qtld_20h,4h,2025-11,0.059949,0.052444,0.051113,-0.00050686,-0.00111035,-0.00077432
q158_qtld_20h,4h,2025-12,0.063281,0.059421,0.051657,0.00036555,-0.00043836,-0.00084933
q158_qtld_20h,4h,2026-01,0.04275,0.055327,0.050138,-0.00091071,-0.00035067,-0.00082855
q158_qtld_20h,4h,2026-02,0.043302,0.049778,0.051111,-0.0003874,-0.00031085,-0.0007106
q158_qtld_20h,4h,2026-03,0.047115,0.044389,0.051905,-0.00027937,-0.00052583,-0.00048209
q158_qtld_20h,4h,2026-04,0.050576,0.046998,0.051162,-0.00122226,-0.00062968,-0.00049017
q158_qtld_20h,4h,2026-05,0.056171,0.051287,0.050533,-2.071e-05,-0.00050745,-0.00040915
q158_qtld_20h,4h,2026-06,0.029456,0.045401,0.044895,-0.00128769,-0.00084355,-0.00068469
q158_qtld_20h,72h,2024-06,0.001863,0.001863,0.001863,-0.00321442,-0.00321442,-0.00321442
q158_qtld_20h,72h,2024-07,0.048643,0.025253,0.025253,0.00546099,0.00112328,0.00112328
q158_qtld_20h,72h,2024-08,0.014688,0.021731,0.021731,0.00080138,0.00101598,0.00101598
q158_qtld_20h,72h,2024-09,0.029208,0.030846,0.0236,-0.00222246,0.00134664,0.00020637
q158_qtld_20h,72h,2024-10,0.080608,0.041501,0.035002,0.00782419,0.00213437,0.00172994
q158_qtld_20h,72h,2024-11,-0.008689,0.033709,0.02772,-0.01805734,-0.00415187,-0.00156794
q158_qtld_20h,72h,2024-12,0.048715,0.040211,0.035529,0.00152934,-0.00290127,-0.00077732
q158_qtld_20h,72h,2025-01,0.030837,0.023621,0.032561,0.00312235,-0.00446855,-0.00116709
q158_qtld_20h,72h,2025-02,0.054323,0.044625,0.039167,0.00448852,0.00304674,-0.00055257
q158_qtld_20h,72h,2025-03,0.032699,0.039287,0.039749,0.00632442,0.0046451,0.00087191
q158_qtld_20h,72h,2025-04,0.005865,0.030963,0.027292,-0.01301906,-0.00073537,-0.00260196
q158_qtld_20h,72h,2025-05,0.046005,0.02819,0.036408,-0.00401695,-0.00357053,-0.0002619
q158_qtld_20h,72h,2025-06,0.083431,0.045101,0.042194,0.00640879,-0.00354241,0.00055134
q158_qtld_20h,72h,2025-07,0.041433,0.056956,0.043959,-0.0039443,-0.00051749,-0.00062643
q158_qtld_20h,72h,2025-08,0.062724,0.062529,0.04536,-0.02374371,-0.00709307,-0.0053318
q158_qtld_20h,72h,2025-09,0.020978,0.041712,0.043406,-0.02975376,-0.01914726,-0.01134483
q158_qtld_20h,72h,2025-10,0.044567,0.042757,0.049857,-0.01693311,-0.02347686,-0.01199717
q158_qtld_20h,72h,2025-11,0.0427,0.036082,0.049306,0.00762362,-0.01302108,-0.01005708
q158_qtld_20h,72h,2025-12,0.052508,0.046592,0.044152,0.00629163,-0.00100595,-0.01007661
q158_qtld_20h,72h,2026-01,0.022171,0.039126,0.040942,-0.00925429,0.00155365,-0.0109616
q158_qtld_20h,72h,2026-02,0.031403,0.035361,0.035721,-0.00396743,-0.00231003,-0.00766556
q158_qtld_20h,72h,2026-03,0.034129,0.029234,0.037913,-0.00072979,-0.0046505,-0.00282823
q158_qtld_20h,72h,2026-04,0.053913,0.039815,0.039471,-0.0175767,-0.00742464,-0.00293549
q158_qtld_20h,72h,2026-05,0.019215,0.035752,0.035557,-0.01062824,-0.00964491,-0.00597747
q158_qtld_20h,72h,2026-06,0.021195,0.031441,0.030338,-0.01118836,-0.0131311,-0.0088908
q158_qtlu_20h,1h,2024-06,-0.009679,-0.009679,-0.009679,-0.00021624,-0.00021624,-0.00021624
q158_qtlu_20h,1h,2024-07,0.008929,-0.000375,-0.000375,-8.219e-05,-0.00014922,-0.00014922
q158_qtlu_20h,1h,2024-08,0.022519,0.007256,0.007256,8.306e-05,-7.179e-05,-7.179e-05
q158_qtlu_20h,1h,2024-09,0.031757,0.021068,0.013382,-1.392e-05,-4.35e-06,-5.732e-05
q158_qtlu_20h,1h,2024-10,0.031834,0.028703,0.017072,7.795e-05,4.903e-05,-3.027e-05
q158_qtlu_20h,1h,2024-11,0.031065,0.031552,0.019404,2.601e-05,3.001e-05,-2.089e-05
q158_qtlu_20h,1h,2024-12,0.041089,0.034663,0.027866,0.00027134,0.0001251,6.037e-05
q158_qtlu_20h,1h,2025-01,-0.001697,0.023486,0.026095,-0.00031921,-7.29e-06,2.087e-05
q158_qtlu_20h,1h,2025-02,0.003197,0.014197,0.022874,-0.00034589,-0.00013125,-5.062e-05
q158_qtlu_20h,1h,2025-03,0.019925,0.007142,0.020902,0.00013872,-0.00017546,-2.518e-05
q158_qtlu_20h,1h,2025-04,0.031503,0.018208,0.020847,0.00050126,9.803e-05,4.537e-05
q158_qtlu_20h,1h,2025-05,0.014007,0.021812,0.018004,-0.00013984,0.00016671,1.773e-05
q158_qtlu_20h,1h,2025-06,0.025629,0.023713,0.015427,0.00021658,0.00019267,8.6e-06
q158_qtlu_20h,1h,2025-07,0.034684,0.024774,0.021491,-6.153e-05,5.07e-06,5.155e-05
q158_qtlu_20h,1h,2025-08,0.0299,0.030071,0.025941,-7.63e-05,2.625e-05,9.648e-05
q158_qtlu_20h,1h,2025-09,0.022233,0.028939,0.026326,-0.00024009,-0.00012597,3.335e-05
q158_qtlu_20h,1h,2025-10,0.03062,0.027585,0.026179,-0.00021555,-0.00017731,-8.612e-05
q158_qtlu_20h,1h,2025-11,0.02409,0.025648,0.027859,-0.0001737,-0.00020978,-9.176e-05
q158_qtlu_20h,1h,2025-12,0.033299,0.029336,0.029138,0.00012658,-8.756e-05,-0.00010676
q158_qtlu_20h,1h,2026-01,0.02785,0.028413,0.027999,5.639e-05,3.09e-06,-8.711e-05
q158_qtlu_20h,1h,2026-02,0.018805,0.026651,0.026149,-0.00030572,-4.092e-05,-0.00012535
q158_qtlu_20h,1h,2026-03,0.016155,0.020936,0.025136,-0.00020371,-0.00015101,-0.00011929
q158_qtlu_20h,1h,2026-04,0.016517,0.017159,0.022786,-0.00037712,-0.00029552,-0.00014621
q158_qtlu_20h,1h,2026-05,0.026027,0.019567,0.023109,0.00021893,-0.00012063,-8.077e-05
q158_qtlu_20h,1h,2026-06,0.024661,0.022402,0.021669,-9.133e-05,-8.317e-05,-0.00011709
q158_qtlu_20h,24h,2024-06,-0.047201,-0.047201,-0.047201,-0.00393691,-0.00393691,-0.00393691
q158_qtlu_20h,24h,2024-07,-0.004435,-0.025818,-0.025818,-0.00216351,-0.00305021,-0.00305021
q158_qtlu_20h,24h,2024-08,-0.021097,-0.024245,-0.024245,-0.00109872,-0.00239971,-0.00239971
q158_qtlu_20h,24h,2024-09,0.008738,-0.005598,-0.015999,-0.00021692,-0.00115972,-0.00185402
q158_qtlu_20h,24h,2024-10,0.024884,0.004175,-0.007823,0.00281922,0.00050119,-0.00091937
q158_qtlu_20h,24h,2024-11,0.013395,0.015672,-0.004286,0.00108162,0.00122797,-0.00058587
q158_qtlu_20h,24h,2024-12,0.025539,0.021273,0.007837,0.00095165,0.0016175,0.00022889
q158_qtlu_20h,24h,2025-01,-0.03572,0.001071,0.002623,-0.00744977,-0.0018055,-0.00065215
q158_qtlu_20h,24h,2025-02,-0.012715,-0.007632,0.00402,-0.00372394,-0.00340735,-0.00108969
q158_qtlu_20h,24h,2025-03,-0.007817,-0.018751,0.001261,-0.00064595,-0.00393989,-0.00116119
q158_qtlu_20h,24h,2025-04,0.025163,0.001544,0.001307,-0.00046369,-0.00161119,-0.00170835
q158_qtlu_20h,24h,2025-05,0.03485,0.017399,0.004883,0.00156839,0.00015292,-0.00162722
q158_qtlu_20h,24h,2025-06,0.011883,0.023966,0.002607,-0.00037671,0.00024266,-0.00184861
q158_qtlu_20h,24h,2025-07,0.006711,0.017815,0.009679,-0.00236464,-0.00039099,-0.00100109
q158_qtlu_20h,24h,2025-08,-0.006762,0.003944,0.010671,-0.00519503,-0.00264546,-0.00124627
q158_qtlu_20h,24h,2025-09,0.018794,0.006248,0.015107,-0.0003944,-0.00265136,-0.00120435
q158_qtlu_20h,24h,2025-10,0.026047,0.012693,0.015254,0.00092619,-0.00155441,-0.0009727
q158_qtlu_20h,24h,2025-11,4.5e-05,0.014962,0.009453,-0.00215313,-0.00054045,-0.00159295
q158_qtlu_20h,24h,2025-12,0.04203,0.022707,0.014478,0.00466495,0.001146,-0.00075268
q158_qtlu_20h,24h,2026-01,0.012,0.018025,0.015359,-0.0025965,-2.823e-05,-0.00079132
q158_qtlu_20h,24h,2026-02,0.036529,0.030186,0.022574,0.00221474,0.00142773,0.00044364
q158_qtlu_20h,24h,2026-03,0.016738,0.021756,0.022232,-0.00116561,-0.00051579,0.00031511
q158_qtlu_20h,24h,2026-04,0.053533,0.0356,0.026812,0.00124166,0.0007636,0.00036769
q158_qtlu_20h,24h,2026-05,0.007126,0.025799,0.027993,-0.00013007,-1.801e-05,0.00070486
q158_qtlu_20h,24h,2026-06,-0.035008,0.00855,0.015153,-0.01607801,-0.00498881,-0.0027523
q158_qtlu_20h,4h,2024-06,-0.016376,-0.016376,-0.016376,-0.00080957,-0.00080957,-0.00080957
q158_qtlu_20h,4h,2024-07,0.017431,0.000528,0.000528,0.00011915,-0.00034521,-0.00034521
q158_qtlu_20h,4h,2024-08,0.026433,0.009163,0.009163,0.00023187,-0.00015285,-0.00015285
q158_qtlu_20h,4h,2024-09,0.014862,0.019575,0.010587,-0.00047248,-4.049e-05,-0.00023276
q158_qtlu_20h,4h,2024-10,0.028629,0.023308,0.014196,0.00028374,1.438e-05,-0.00012946
q158_qtlu_20h,4h,2024-11,0.023273,0.022255,0.015709,-9.89e-06,-6.621e-05,-0.00010953
q158_qtlu_20h,4h,2024-12,0.031331,0.027745,0.02366,-7.675e-05,6.57e-05,1.261e-05
q158_qtlu_20h,4h,2025-01,-0.008562,0.015348,0.019328,-0.00128599,-0.00045754,-0.00022158
q158_qtlu_20h,4h,2025-02,-0.002281,0.006829,0.014542,-0.00130994,-0.00089089,-0.00047855
q158_qtlu_20h,4h,2025-03,0.025684,0.004947,0.016346,0.00082172,-0.0005914,-0.00026285
q158_qtlu_20h,4h,2025-04,0.03095,0.018118,0.016733,0.00064878,5.352e-05,-0.00020201
q158_qtlu_20h,4h,2025-05,0.01275,0.023128,0.014979,-0.00091396,0.00018551,-0.00035269
q158_qtlu_20h,4h,2025-06,0.041419,0.028373,0.01666,0.00091825,0.00021769,-0.00018686
q158_qtlu_20h,4h,2025-07,0.031982,0.028717,0.023417,-0.00084351,-0.00027974,-0.00011311
q158_qtlu_20h,4h,2025-08,0.020798,0.0314,0.027264,-0.00067072,-0.00019866,-6.57e-06
q158_qtlu_20h,4h,2025-09,0.019316,0.024032,0.026203,-0.00011665,-0.00054363,-0.00016297
q158_qtlu_20h,4h,2025-10,0.040423,0.026846,0.027781,-0.00114919,-0.00064552,-0.00046263
q158_qtlu_20h,4h,2025-11,0.02632,0.028686,0.030043,-0.00031028,-0.00052537,-0.00036202
q158_qtlu_20h,4h,2025-12,0.045098,0.03728,0.030656,0.0009022,-0.00018576,-0.00036469
q158_qtlu_20h,4h,2026-01,0.019356,0.030258,0.028552,-0.00066131,-2.313e-05,-0.00033432
q158_qtlu_20h,4h,2026-02,0.027805,0.030753,0.02972,-0.00045468,-7.126e-05,-0.00029832
q158_qtlu_20h,4h,2026-03,0.022877,0.023346,0.030313,-0.00030615,-0.00047405,-0.0003299
q158_qtlu_20h,4h,2026-04,0.02334,0.024674,0.027466,-0.00118903,-0.00064995,-0.00033654
q158_qtlu_20h,4h,2026-05,0.033146,0.026455,0.028604,0.00063882,-0.00028545,-0.00017836
q158_qtlu_20h,4h,2026-06,0.015041,0.023843,0.023594,-0.00090576,-0.00048532,-0.00047969
q158_qtlu_20h,72h,2024-06,-0.090864,-0.090864,-0.090864,-0.01202173,-0.01202173,-0.01202173
q158_qtlu_20h,72h,2024-07,-0.005697,-0.048281,-0.048281,0.00327692,-0.0043724,-0.0043724
q158_qtlu_20h,72h,2024-08,-0.038681,-0.045081,-0.045081,-0.0044615,-0.0044021,-0.0044021
q158_qtlu_20h,72h,2024-09,0.031057,-0.00444,-0.026046,0.00362297,0.0008128,-0.00239583
q158_qtlu_20h,72h,2024-10,0.028648,0.007008,-0.015107,0.00700763,0.00205637,-0.00051514
q158_qtlu_20h,72h,2024-11,-0.021439,0.012756,-0.016163,-0.00828996,0.00078021,-0.00181095
q158_qtlu_20h,72h,2024-12,0.0077,0.00497,0.000265,-0.00130175,-0.00086136,-2.428e-05
q158_qtlu_20h,72h,2025-01,-0.078958,-0.030899,-0.011945,-0.01838688,-0.0093262,-0.00363492
q158_qtlu_20h,72h,2025-02,0.007433,-0.021275,-0.00426,0.00314547,-0.00551439,-0.00236709
q158_qtlu_20h,72h,2025-03,-0.020166,-0.030564,-0.012797,0.00130198,-0.00464648,-0.00275392
q158_qtlu_20h,72h,2025-04,0.003708,-0.003009,-0.016954,-0.00499075,-0.0001811,-0.00475365
q158_qtlu_20h,72h,2025-05,0.003451,-0.004336,-0.012805,-0.00317743,-0.00228873,-0.00390156
q158_qtlu_20h,72h,2025-06,0.035053,0.01407,-0.008247,0.00470179,-0.00115546,-0.00290097
q158_qtlu_20h,72h,2025-07,-0.007519,0.010328,0.00366,-0.00532118,-0.00126561,-0.00072335
q158_qtlu_20h,72h,2025-08,0.005037,0.010857,0.003261,-0.02387044,-0.00816328,-0.005226
q158_qtlu_20h,72h,2025-09,-0.00795,-0.003477,0.005297,-0.01317971,-0.01412378,-0.00763962
q158_qtlu_20h,72h,2025-10,-0.005874,-0.002929,0.0037,0.00166615,-0.01179467,-0.00653014
q158_qtlu_20h,72h,2025-11,-0.032774,-0.015533,-0.002338,0.0031853,-0.00277609,-0.00546968
q158_qtlu_20h,72h,2025-12,0.019593,-0.006352,-0.004915,0.00567217,0.00350787,-0.00530795
q158_qtlu_20h,72h,2026-01,-0.036996,-0.016726,-0.009827,-0.01190182,-0.00101478,-0.00640473
q158_qtlu_20h,72h,2026-02,0.00481,-0.004198,-0.009865,-0.00072036,-0.00231667,-0.00254638
q158_qtlu_20h,72h,2026-03,-0.004551,-0.012246,-0.009299,-0.00057465,-0.00439894,-0.00044553
q158_qtlu_20h,72h,2026-04,0.01778,0.006013,-0.005356,-0.00646803,-0.00258768,-0.00180123
q158_qtlu_20h,72h,2026-05,-0.021077,-0.002616,-0.003407,-0.00548085,-0.00417451,-0.00324559
q158_qtlu_20h,72h,2026-06,-0.025556,-0.009617,-0.010931,-0.0125777,-0.00817553,-0.00628723
q158_rank_close_20h,1h,2024-06,-0.00461,-0.00461,-0.00461,0.00011324,0.00011324,0.00011324
q158_rank_close_20h,1h,2024-07,-0.01487,-0.00974,-0.00974,0.00010432,0.00010878,0.00010878
q158_rank_close_20h,1h,2024-08,-0.031497,-0.016992,-0.016992,-0.00019321,8.12e-06,8.12e-06
q158_rank_close_20h,1h,2024-09,-0.028898,-0.025088,-0.019969,-3.753e-05,-4.214e-05,-3.3e-06
q158_rank_close_20h,1h,2024-10,-0.035634,-0.03201,-0.023102,-0.00015627,-0.000129,-3.389e-05
q158_rank_close_20h,1h,2024-11,-0.030684,-0.031739,-0.024366,6.77e-06,-6.234e-05,-2.711e-05
q158_rank_close_20h,1h,2024-12,-0.047193,-0.037837,-0.031463,-0.00033531,-0.0001616,-0.00010187
q158_rank_close_20h,1h,2025-01,-0.016788,-0.031555,-0.031782,9.548e-05,-7.769e-05,-0.00010335
q158_rank_close_20h,1h,2025-02,-0.006994,-0.023658,-0.027699,0.0002241,-5.24e-06,-3.379e-05
q158_rank_close_20h,1h,2025-03,-0.022397,-0.015393,-0.026615,-0.00014486,5.824e-05,-5.168e-05
q158_rank_close_20h,1h,2025-04,-0.031596,-0.020329,-0.025942,-0.00043486,-0.00011854,-9.811e-05
q158_rank_close_20h,1h,2025-05,-0.021707,-0.025233,-0.024446,0.00020193,-0.00012593,-6.559e-05
q158_rank_close_20h,1h,2025-06,-0.02996,-0.027754,-0.021574,-0.00019468,-0.00014254,-4.215e-05
q158_rank_close_20h,1h,2025-07,-0.039879,-0.030515,-0.025422,-1.707e-05,-3.27e-06,-6.091e-05
q158_rank_close_20h,1h,2025-08,-0.035532,-0.035124,-0.030178,0.00014365,-2.27e-05,-7.432e-05
q158_rank_close_20h,1h,2025-09,-0.028793,-0.034735,-0.031245,0.00023606,0.00012088,-1.083e-05
q158_rank_close_20h,1h,2025-10,-0.030217,-0.031514,-0.031015,0.00036015,0.00024662,0.00012167
q158_rank_close_20h,1h,2025-11,-0.032966,-0.030659,-0.032891,0.00010638,0.0002342,0.00010575
q158_rank_close_20h,1h,2025-12,-0.038534,-0.033906,-0.03432,3.405e-05,0.00016686,0.00014387
q158_rank_close_20h,1h,2026-01,-0.034422,-0.035307,-0.033411,2.854e-05,5.632e-05,0.00015147
q158_rank_close_20h,1h,2026-02,-0.025423,-0.032793,-0.031726,0.00020061,8.773e-05,0.00016097
q158_rank_close_20h,1h,2026-03,-0.023377,-0.02774,-0.030823,0.00018569,0.00013828,0.00015257
q158_rank_close_20h,1h,2026-04,-0.02769,-0.025497,-0.030402,0.00019172,0.00019267,0.0001245
q158_rank_close_20h,1h,2026-05,-0.033829,-0.028299,-0.030546,-0.00014751,7.663e-05,8.218e-05
q158_rank_close_20h,1h,2026-06,-0.030964,-0.030828,-0.029284,5.3e-05,3.24e-05,8.534e-05
q158_rank_close_20h,24h,2024-06,0.013386,0.013386,0.013386,0.00207889,0.00207889,0.00207889
q158_rank_close_20h,24h,2024-07,-0.018845,-0.00273,-0.00273,4.573e-05,0.00106231,0.00106231
q158_rank_close_20h,24h,2024-08,-0.005322,-0.003594,-0.003594,-0.00037011,0.00058484,0.00058484
q158_rank_close_20h,24h,2024-09,-0.001813,-0.00866,-0.003149,0.00198823,0.00055462,0.00093569
q158_rank_close_20h,24h,2024-10,-0.044304,-0.017146,-0.01138,-0.00328864,-0.00055684,9.082e-05
q158_rank_close_20h,24h,2024-11,-0.018895,-0.021671,-0.012632,0.00221005,0.00030321,0.00044403
q158_rank_close_20h,24h,2024-12,-0.038524,-0.033908,-0.021284,2.075e-05,-0.00035261,0.000101
q158_rank_close_20h,24h,2025-01,0.009215,-0.016068,-0.016607,0.00519972,0.00247684,0.00096
q158_rank_close_20h,24h,2025-02,0.007983,-0.007109,-0.01439,0.00547092,0.0035638,0.00193351
q158_rank_close_20h,24h,2025-03,-0.010578,0.002207,-0.015851,-0.0002063,0.00348811,0.00156775
q158_rank_close_20h,24h,2025-04,-0.022754,-0.00845,-0.012259,0.00219923,0.00248795,0.0024824
q158_rank_close_20h,24h,2025-05,-0.049199,-0.02751,-0.01731,-0.00105308,0.00031328,0.00193854
q158_rank_close_20h,24h,2025-06,-0.025569,-0.032508,-0.01515,-0.00041307,0.00024436,0.00186624
q158_rank_close_20h,24h,2025-07,-0.015302,-0.030024,-0.019237,0.00142342,-1.424e-05,0.00123685
q158_rank_close_20h,24h,2025-08,-0.007878,-0.01625,-0.02188,0.00387622,0.00162886,0.00097107
q158_rank_close_20h,24h,2025-09,-0.029694,-0.017625,-0.025066,0.00345084,0.00291683,0.00158059
q158_rank_close_20h,24h,2025-10,-0.035485,-0.024352,-0.027188,0.00182867,0.00305191,0.00151883
q158_rank_close_20h,24h,2025-11,-0.031746,-0.032308,-0.024279,0.00088432,0.00205461,0.00184173
q158_rank_close_20h,24h,2025-12,-0.046023,-0.037751,-0.027688,-0.00242444,9.618e-05,0.0015065
q158_rank_close_20h,24h,2026-01,-0.023585,-0.033785,-0.029068,0.00375346,0.00073778,0.00189484
q158_rank_close_20h,24h,2026-02,-0.038904,-0.036171,-0.034239,-0.00054216,0.00026229,0.00115845
q158_rank_close_20h,24h,2026-03,-0.035952,-0.032814,-0.035282,0.00111006,0.00144045,0.00076832
q158_rank_close_20h,24h,2026-04,-0.06531,-0.046722,-0.040253,-0.00019601,0.00012396,0.00043087
q158_rank_close_20h,24h,2026-05,-0.019996,-0.040419,-0.038295,0.00205451,0.00098952,0.0006259
q158_rank_close_20h,24h,2026-06,0.012836,-0.024157,-0.028485,0.0137972,0.00521857,0.00332951
q158_rank_close_20h,4h,2024-06,-0.004504,-0.004504,-0.004504,0.00032851,0.00032851,0.00032851
q158_rank_close_20h,4h,2024-07,-0.023546,-0.014025,-0.014025,-6.867e-05,0.00012992,0.00012992
q158_rank_close_20h,4h,2024-08,-0.0477,-0.02525,-0.02525,-0.00096146,-0.00023387,-0.00023387
q158_rank_close_20h,4h,2024-09,-0.013009,-0.028085,-0.02219,0.0006174,-0.00013758,-2.105e-05
q158_rank_close_20h,4h,2024-10,-0.041798,-0.034169,-0.026111,-0.00058547,-0.00030984,-0.00013394
q158_rank_close_20h,4h,2024-11,-0.027396,-0.027401,-0.026325,0.0002737,0.00010188,-6.6e-05
q158_rank_close_20h,4h,2024-12,-0.044845,-0.038013,-0.033049,-0.00036111,-0.00022429,-0.00018093
q158_rank_close_20h,4h,2025-01,-0.005309,-0.02585,-0.030009,0.00086419,0.00025893,-2.546e-05
q158_rank_close_20h,4h,2025-02,-0.005129,-0.018428,-0.022914,0.00101396,0.00050568,0.00030378
q158_rank_close_20h,4h,2025-03,-0.034385,-0.014941,-0.026477,-0.00102693,0.00028374,2.972e-05
q158_rank_close_20h,4h,2025-04,-0.029198,-0.022904,-0.024377,-0.0003115,-0.00010816,7.538e-05
q158_rank_close_20h,4h,2025-05,-0.022312,-0.028632,-0.02353,0.00104393,-9.817e-05,0.00020376
q158_rank_close_20h,4h,2025-06,-0.045567,-0.032359,-0.02365,-0.00067095,2.049e-05,0.00015212
q158_rank_close_20h,4h,2025-07,-0.042372,-0.03675,-0.029827,9.095e-05,0.00015464,2.324e-05
q158_rank_close_20h,4h,2025-08,-0.02935,-0.039096,-0.033864,0.00062147,1.382e-05,-4.217e-05
q158_rank_close_20h,4h,2025-09,-0.029047,-0.03359,-0.032974,0.00064451,0.00045231,0.0002364
q158_rank_close_20h,4h,2025-10,-0.036687,-0.031695,-0.034222,0.00165307,0.00097302,0.00056383
q158_rank_close_20h,4h,2025-11,-0.03817,-0.034635,-0.036866,0.00064175,0.00097978,0.0004968
q158_rank_close_20h,4h,2025-12,-0.052627,-0.042495,-0.038042,-0.00030264,0.00066406,0.00055818
q158_rank_close_20h,4h,2026-01,-0.028265,-0.039688,-0.035691,0.00089232,0.00041048,0.00069175
q158_rank_close_20h,4h,2026-02,-0.03393,-0.038274,-0.036455,0.0004859,0.00035853,0.00066915
q158_rank_close_20h,4h,2026-03,-0.036916,-0.033037,-0.037766,0.000182,0.00052007,0.00059207
q158_rank_close_20h,4h,2026-04,-0.04029,-0.037045,-0.038367,0.00062788,0.00043193,0.0004212
q158_rank_close_20h,4h,2026-05,-0.044003,-0.040403,-0.039339,-0.00010981,0.00023336,0.00029594
q158_rank_close_20h,4h,2026-06,-0.02751,-0.037268,-0.035152,0.00050776,0.00034194,0.00043101
q158_rank_close_20h,72h,2024-06,0.040857,0.040857,0.040857,0.00725718,0.00725718,0.00725718
q158_rank_close_20h,72h,2024-07,-0.02103,0.009914,0.009914,-0.00465662,0.00130028,0.00130028
q158_rank_close_20h,72h,2024-08,0.010278,0.010035,0.010035,0.00090733,0.0011693,0.0011693
q158_rank_close_20h,72h,2024-09,-0.019921,-0.010224,0.002546,0.00123271,-0.00083886,0.00118515
q158_rank_close_20h,72h,2024-10,-0.050288,-0.019977,-0.008021,-0.00784246,-0.00190081,-0.00062037
q158_rank_close_20h,72h,2024-11,0.026854,-0.014452,-0.002208,0.01311685,0.00216903,0.00166916
q158_rank_close_20h,72h,2024-12,-0.024814,-0.016083,-0.013153,0.00090842,0.00206094,0.00061104
q158_rank_close_20h,72h,2025-01,0.028553,0.010197,-0.00489,0.00906153,0.0076956,0.0028974
q158_rank_close_20h,72h,2025-02,-0.016386,-0.004216,-0.009334,0.00215735,0.00404243,0.00310573
q158_rank_close_20h,72h,2025-03,-0.006521,0.001882,-0.0071,-0.00262374,0.00286505,0.00246299
q158_rank_close_20h,72h,2025-04,-0.012266,-0.011725,-0.000764,0.00560373,0.00171245,0.00470402
q158_rank_close_20h,72h,2025-05,-0.036531,-0.018439,-0.011328,-0.00263755,0.00011415,0.00207829
q158_rank_close_20h,72h,2025-06,-0.041751,-0.030183,-0.01415,-0.00294284,7.78e-06,0.00143641
q158_rank_close_20h,72h,2025-07,-0.00639,-0.028224,-0.019974,0.00222254,-0.00111928,0.00029658
q158_rank_close_20h,72h,2025-08,-0.031706,-0.026616,-0.022527,0.01579706,0.00502559,0.00256987
q158_rank_close_20h,72h,2025-09,-0.002198,-0.013431,-0.021807,0.01797311,0.01199757,0.00600267
q158_rank_close_20h,72h,2025-10,-0.012732,-0.015545,-0.021885,0.00858513,0.01411843,0.00649958
q158_rank_close_20h,72h,2025-11,-0.008142,-0.007691,-0.017153,-0.00431747,0.00741359,0.00621959
q158_rank_close_20h,72h,2025-12,-0.028895,-0.01659,-0.01501,-0.0037752,0.00016415,0.00608086
q158_rank_close_20h,72h,2026-01,0.002502,-0.011512,-0.013528,0.00908374,0.00033036,0.00722439
q158_rank_close_20h,72h,2026-02,-0.012797,-0.013063,-0.010377,0.003793,0.00303385,0.00522372
q158_rank_close_20h,72h,2026-03,-0.017977,-0.009424,-0.013007,0.00108378,0.00465351,0.00240883
q158_rank_close_20h,72h,2026-04,-0.030975,-0.020583,-0.016047,0.01401687,0.00629788,0.00331412
q158_rank_close_20h,72h,2026-05,-0.001538,-0.01683,-0.014947,0.0071268,0.00740915,0.0052215
q158_rank_close_20h,72h,2026-06,-0.000415,-0.010976,-0.0102,0.01588358,0.01234242,0.00849796
q158_sumd_20h,1h,2024-06,-0.001526,-0.001526,-0.001526,9.766e-05,9.766e-05,9.766e-05
q158_sumd_20h,1h,2024-07,-0.013612,-0.007569,-0.007569,1.799e-05,5.782e-05,5.782e-05
q158_sumd_20h,1h,2024-08,-0.029281,-0.014807,-0.014807,-0.00020319,-2.918e-05,-2.918e-05
q158_sumd_20h,1h,2024-09,-0.019364,-0.020753,-0.015946,0.00013081,-1.813e-05,1.082e-05
q158_sumd_20h,1h,2024-10,-0.033845,-0.027497,-0.019526,-0.00022405,-9.881e-05,-3.616e-05
q158_sumd_20h,1h,2024-11,-0.019175,-0.024128,-0.019467,0.00026067,5.581e-05,1.331e-05
q158_sumd_20h,1h,2024-12,-0.036738,-0.029919,-0.025336,-0.00022055,-6.131e-05,-3.972e-05
q158_sumd_20h,1h,2025-01,-0.016095,-0.024003,-0.02575,3.745e-05,2.586e-05,-3.648e-05
q158_sumd_20h,1h,2025-02,-0.009929,-0.020921,-0.022524,0.00020808,8.33e-06,3.207e-05
q158_sumd_20h,1h,2025-03,-0.021621,-0.015882,-0.022901,-0.0002698,-8.09e-06,-3.47e-05
q158_sumd_20h,1h,2025-04,-0.016437,-0.015996,-0.019999,-2.181e-05,-2.784e-05,-9.9e-07
q158_sumd_20h,1h,2025-05,-0.024655,-0.020904,-0.020912,3.741e-05,-8.473e-05,-3.82e-05
q158_sumd_20h,1h,2025-06,-0.025438,-0.022177,-0.019029,-2.263e-05,-2.34e-06,-5.22e-06
q158_sumd_20h,1h,2025-07,-0.022825,-0.024306,-0.020151,0.00033776,0.00011751,4.483e-05
q158_sumd_20h,1h,2025-08,-0.013771,-0.020678,-0.020791,0.00040025,0.00023846,7.686e-05
q158_sumd_20h,1h,2025-09,-0.019935,-0.018844,-0.02051,0.00055562,0.00043121,0.00021443
q158_sumd_20h,1h,2025-10,-0.025531,-0.019746,-0.022026,0.00030364,0.00041984,0.00026867
q158_sumd_20h,1h,2025-11,-0.022661,-0.022709,-0.021694,0.00028956,0.00038294,0.0003107
q158_sumd_20h,1h,2025-12,-0.030353,-0.026182,-0.022513,-3.044e-05,0.00018759,0.0003094
q158_sumd_20h,1h,2026-01,-0.0268,-0.026605,-0.023175,0.00020314,0.00015409,0.00028696
q158_sumd_20h,1h,2026-02,-0.017791,-0.024981,-0.023845,0.00020503,0.00012591,0.00025443
q158_sumd_20h,1h,2026-03,-0.016027,-0.020206,-0.023194,0.0001164,0.00017486,0.00018122
q158_sumd_20h,1h,2026-04,-0.023678,-0.019166,-0.022885,4.258e-05,0.00012134,0.00013771
q158_sumd_20h,1h,2026-05,-0.018862,-0.019523,-0.022252,-0.00011685,1.404e-05,6.998e-05
q158_sumd_20h,1h,2026-06,-0.004454,-0.015665,-0.017936,0.00060121,0.00017565,0.00017525
q158_sumd_20h,24h,2024-06,0.029839,0.029839,0.029839,0.0050152,0.0050152,0.0050152
q158_sumd_20h,24h,2024-07,-0.015591,0.007124,0.007124,0.0007742,0.0028947,0.0028947
q158_sumd_20h,24h,2024-08,-0.010666,0.001194,0.001194,-0.00101166,0.00159258,0.00159258
q158_sumd_20h,24h,2024-09,-0.00831,-0.011522,-0.001182,0.00151083,0.00042446,0.00157214
q158_sumd_20h,24h,2024-10,-0.048039,-0.022338,-0.010553,-0.00365542,-0.00105208,0.00052663
q158_sumd_20h,24h,2024-11,-0.020317,-0.025555,-0.012181,0.00302556,0.00029366,0.00094312
q158_sumd_20h,24h,2024-12,-0.039098,-0.035818,-0.02367,0.00039405,-7.86e-05,0.00017293
q158_sumd_20h,24h,2025-01,0.025208,-0.011402,-0.01687,0.00786371,0.00376111,0.00135451
q158_sumd_20h,24h,2025-02,0.020465,0.002192,-0.011682,0.0093001,0.00585262,0.00307314
q158_sumd_20h,24h,2025-03,-0.01351,0.010721,-0.012548,0.00010935,0.00575772,0.00283956
q158_sumd_20h,24h,2025-04,-0.026529,-0.006525,-0.008963,0.00214669,0.00385205,0.00380658
q158_sumd_20h,24h,2025-05,-0.065114,-0.035051,-0.01643,-0.00524571,-0.00099656,0.00242803
q158_sumd_20h,24h,2025-06,-0.04036,-0.044001,-0.01664,-0.00235982,-0.00181961,0.00196905
q158_sumd_20h,24h,2025-07,-0.01683,-0.040768,-0.023646,0.00122372,-0.00212727,0.00086239
q158_sumd_20h,24h,2025-08,-0.01779,-0.024993,-0.030022,0.00429117,0.00105169,2.757e-05
q158_sumd_20h,24h,2025-09,-0.029216,-0.021279,-0.03264,0.00744398,0.00431962,0.00125001
q158_sumd_20h,24h,2025-10,-0.031192,-0.026066,-0.033417,0.00155864,0.00443126,0.001152
q158_sumd_20h,24h,2025-11,-0.03545,-0.031953,-0.028473,-0.00011707,0.00296185,0.00200677
q158_sumd_20h,24h,2025-12,-0.043031,-0.036558,-0.028918,-0.00439174,-0.00098339,0.00166812
q158_sumd_20h,24h,2026-01,-0.026533,-0.035005,-0.030535,0.00306144,-0.00048246,0.0019744
q158_sumd_20h,24h,2026-02,-0.044677,-0.03808,-0.035017,-0.00130826,-0.00087952,0.00104116
q158_sumd_20h,24h,2026-03,-0.026076,-0.032428,-0.034493,0.00145954,0.00107091,4.376e-05
q158_sumd_20h,24h,2026-04,-0.066499,-0.045751,-0.040378,2.198e-05,5.775e-05,-0.00021235
q158_sumd_20h,24h,2026-05,-0.010587,-0.034387,-0.036234,0.00395007,0.00181053,0.00046551
q158_sumd_20h,24h,2026-06,0.029502,-0.015861,-0.024145,0.01736677,0.00711294,0.00409192
q158_sumd_20h,4h,2024-06,-0.002729,-0.002729,-0.002729,0.00051916,0.00051916,0.00051916
q158_sumd_20h,4h,2024-07,-0.017459,-0.010094,-0.010094,0.00019576,0.00035746,0.00035746
q158_sumd_20h,4h,2024-08,-0.040923,-0.02037,-0.02037,-0.00071397,3.2e-07,3.2e-07
q158_sumd_20h,4h,2024-09,-0.006777,-0.02172,-0.016972,0.00064473,4.217e-05,0.00016142
q158_sumd_20h,4h,2024-10,-0.04297,-0.030223,-0.022172,-0.00044285,-0.0001707,4.057e-05
q158_sumd_20h,4h,2024-11,-0.018252,-0.022667,-0.021518,0.00061864,0.00027351,0.00013691
q158_sumd_20h,4h,2024-12,-0.042794,-0.034672,-0.028196,-0.00019332,-5.84e-06,1.817e-05
q158_sumd_20h,4h,2025-01,-0.021885,-0.027644,-0.028934,0.00040614,0.00027715,5.323e-05
q158_sumd_20h,4h,2025-02,-0.00612,-0.023599,-0.023133,0.00134052,0.00051778,0.00039564
q158_sumd_20h,4h,2025-03,-0.033549,-0.020518,-0.027595,-0.00113494,0.00020391,9.903e-05
q158_sumd_20h,4h,2025-04,-0.009673,-0.016447,-0.022045,0.00096725,0.00039094,0.00033405
q158_sumd_20h,4h,2025-05,-0.040706,-0.027976,-0.025788,0.00017384,2.05e-06,0.00025991
q158_sumd_20h,4h,2025-06,-0.040848,-0.030409,-0.025463,-0.0004179,0.00024106,0.00022248
q158_sumd_20h,4h,2025-07,-0.020845,-0.034133,-0.02529,0.00108418,0.00028004,0.00033549
q158_sumd_20h,4h,2025-08,-0.005847,-0.022513,-0.025245,0.00172382,0.0007967,0.00039937
q158_sumd_20h,4h,2025-09,-0.018944,-0.015212,-0.02281,0.00183506,0.00154769,0.00089437
q158_sumd_20h,4h,2025-10,-0.034479,-0.019757,-0.026945,0.00122474,0.00159454,0.00093729
q158_sumd_20h,4h,2025-11,-0.031544,-0.028322,-0.025418,0.00064973,0.00123651,0.00101661
q158_sumd_20h,4h,2025-12,-0.047065,-0.037696,-0.026454,-0.00083479,0.00034656,0.00094712
q158_sumd_20h,4h,2026-01,-0.028235,-0.035614,-0.027685,0.00096077,0.00025857,0.00092655
q158_sumd_20h,4h,2026-02,-0.029957,-0.035085,-0.031704,0.00050542,0.00021047,0.00072349
q158_sumd_20h,4h,2026-03,-0.033292,-0.030495,-0.034095,3.986e-05,0.00050202,0.00042429
q158_sumd_20h,4h,2026-04,-0.042201,-0.03515,-0.035382,0.00050683,0.0003507,0.00030464
q158_sumd_20h,4h,2026-05,-0.030936,-0.035477,-0.035281,-0.00033891,6.926e-05,0.00013986
q158_sumd_20h,4h,2026-06,0.005993,-0.022381,-0.026438,0.00260631,0.00092474,0.00071338
q158_sumd_20h,72h,2024-06,0.047628,0.047628,0.047628,0.01019887,0.01019887,0.01019887
q158_sumd_20h,72h,2024-07,-0.029449,0.009089,0.009089,-0.00628903,0.00195492,0.00195492
q158_sumd_20h,72h,2024-08,-0.009128,0.003017,0.003017,-0.00159576,0.00077136,0.00077136
q158_sumd_20h,72h,2024-09,-0.026557,-0.021712,-0.004377,0.00015037,-0.00257814,0.00061611
q158_sumd_20h,72h,2024-10,-0.07237,-0.036018,-0.017975,-0.01001,-0.00381846,-0.00150911
q158_sumd_20h,72h,2024-11,0.03567,-0.021086,-0.009034,0.01791646,0.00268561,0.00172848
q158_sumd_20h,72h,2024-12,-0.024479,-0.020393,-0.021052,0.00223701,0.00338116,0.00040151
q158_sumd_20h,72h,2025-01,0.041167,0.017453,-0.009283,0.01239484,0.01084944,0.00351549
q158_sumd_20h,72h,2025-02,-0.021305,-0.001539,-0.011312,0.00248749,0.00570645,0.00419603
q158_sumd_20h,72h,2025-03,-0.007865,0.003999,-0.008197,-0.00294654,0.0039786,0.00367988
q158_sumd_20h,72h,2025-04,0.000121,-0.009683,0.003885,0.01060981,0.00338359,0.00711651
q158_sumd_20h,72h,2025-05,-0.038651,-0.015465,-0.008502,-0.00364812,0.00133838,0.00352242
q158_sumd_20h,72h,2025-06,-0.054176,-0.030902,-0.013452,-0.00561554,0.00044872,0.00221366
q158_sumd_20h,72h,2025-07,-0.012605,-0.035144,-0.022413,0.00369011,-0.00185785,0.00076287
q158_sumd_20h,72h,2025-08,-0.03287,-0.033217,-0.024341,0.02149066,0.00652174,0.00393006
q158_sumd_20h,72h,2025-09,-0.007716,-0.01773,-0.024316,0.02516552,0.0167821,0.00861541
q158_sumd_20h,72h,2025-10,-0.015067,-0.018551,-0.026847,0.01050799,0.01905472,0.00859844
q158_sumd_20h,72h,2025-11,-0.007137,-0.009973,-0.021595,-0.00478584,0.01029589,0.00840882
q158_sumd_20h,72h,2025-12,-0.036319,-0.019507,-0.018619,-0.00694865,-0.00040883,0.00818663
q158_sumd_20h,72h,2026-01,0.008499,-0.011652,-0.015101,0.01090152,-0.00027766,0.00938853
q158_sumd_20h,72h,2026-02,-0.016624,-0.014815,-0.012394,0.00293547,0.00229611,0.006296
q158_sumd_20h,72h,2026-03,-0.014805,-0.007643,-0.013575,0.00309048,0.00564249,0.00261683
q158_sumd_20h,72h,2026-04,-0.028662,-0.02003,-0.015841,0.01665065,0.00755887,0.0036406
q158_sumd_20h,72h,2026-05,-0.002098,-0.015188,-0.015001,0.00908116,0.00960743,0.00595177
q158_sumd_20h,72h,2026-06,-0.007394,-0.012718,-0.010181,0.01476448,0.01349876,0.00957063
q158_beta_20h,1h,2024-06,0.003923,0.003923,0.003923,0.00017435,0.00017435,0.00017435
q158_beta_20h,1h,2024-07,-0.01102,-0.003548,-0.003548,6.65e-05,0.00012043,0.00012043
q158_beta_20h,1h,2024-08,-0.011996,-0.006364,-0.006364,-6.318e-05,5.922e-05,5.922e-05
q158_beta_20h,1h,2024-09,-0.010892,-0.011303,-0.007496,0.0002088,7.071e-05,9.662e-05
q158_beta_20h,1h,2024-10,-0.022347,-0.015078,-0.010466,-6.235e-05,2.776e-05,6.482e-05
q158_beta_20h,1h,2024-11,-0.016543,-0.016594,-0.011479,0.00010189,8.278e-05,7.1e-05
q158_beta_20h,1h,2024-12,-0.020452,-0.019781,-0.015542,6.005e-05,3.32e-05,5.195e-05
q158_beta_20h,1h,2025-01,-0.006796,-0.014597,-0.014838,0.00015504,0.00010566,6.671e-05
q158_beta_20h,1h,2025-02,-0.004242,-0.010497,-0.013545,0.00018826,0.00013445,0.00010862
q158_beta_20h,1h,2025-03,-0.013685,-0.008241,-0.014011,-0.00016182,6.049e-05,4.685e-05
q158_beta_20h,1h,2025-04,-0.010034,-0.00932,-0.011959,0.00018381,7.008e-05,8.787e-05
q158_beta_20h,1h,2025-05,-0.011601,-0.011773,-0.011135,0.00019034,7.078e-05,0.00010261
q158_beta_20h,1h,2025-06,-0.024693,-0.015442,-0.011842,-0.00024411,4.335e-05,5.192e-05
q158_beta_20h,1h,2025-07,-0.014702,-0.016999,-0.013159,0.00039811,0.00011478,9.243e-05
q158_beta_20h,1h,2025-08,-0.006528,-0.015308,-0.01354,0.00045371,0.00020257,0.00013667
q158_beta_20h,1h,2025-09,-0.015125,-0.012118,-0.01378,0.00026701,0.00037294,0.00020814
q158_beta_20h,1h,2025-10,-0.02266,-0.014771,-0.015885,0.00037616,0.00036563,0.0002402
q158_beta_20h,1h,2025-11,-0.019026,-0.018937,-0.017122,1.365e-05,0.00021894,0.00021075
q158_beta_20h,1h,2025-12,-0.022329,-0.021339,-0.016729,-5.111e-05,0.0001129,0.00024292
q158_beta_20h,1h,2026-01,-0.014438,-0.018598,-0.016685,0.00033648,9.967e-05,0.00023265
q158_beta_20h,1h,2026-02,-0.014869,-0.017212,-0.018075,-5.92e-06,9.315e-05,0.00015605
q158_beta_20h,1h,2026-03,-0.009039,-0.012782,-0.01706,0.00015797,0.00016284,0.00013787
q158_beta_20h,1h,2026-04,-0.011472,-0.011793,-0.015196,0.00036946,0.00017384,0.00013675
q158_beta_20h,1h,2026-05,-0.011302,-0.010604,-0.013908,-4.371e-05,0.00016124,0.0001272
q158_beta_20h,1h,2026-06,0.000919,-0.007285,-0.010034,0.00042433,0.00025003,0.00020644
q158_beta_20h,24h,2024-06,0.013005,0.013005,0.013005,0.00256152,0.00256152,0.00256152
q158_beta_20h,24h,2024-07,0.003383,0.008194,0.008194,0.00343068,0.0029961,0.0029961
q158_beta_20h,24h,2024-08,0.00767,0.008019,0.008019,0.00023402,0.00207541,0.00207541
q158_beta_20h,24h,2024-09,-0.023552,-0.004166,0.000127,0.0001447,0.0012698,0.00159273
q158_beta_20h,24h,2024-10,-0.053277,-0.023053,-0.010554,-0.00374341,-0.00112156,0.0005255
q158_beta_20h,24h,2024-11,-0.025004,-0.033944,-0.012963,0.00240241,-0.00039877,0.00083832
q158_beta_20h,24h,2024-12,-0.039522,-0.039268,-0.021717,-0.00086039,-0.0007338,0.000268
q158_beta_20h,24h,2025-01,0.00912,-0.018469,-0.020761,0.0051633,0.00223511,0.00055677
q158_beta_20h,24h,2025-02,-0.006321,-0.012241,-0.023093,0.00258668,0.00229653,0.00094888
q158_beta_20h,24h,2025-03,-0.014822,-0.004008,-0.021638,-0.00135699,0.002131,0.0006986
q158_beta_20h,24h,2025-04,-0.030542,-0.017229,-0.017849,0.00177983,0.00100317,0.00161914
q158_beta_20h,24h,2025-05,-0.053852,-0.033072,-0.022657,-0.00238951,-0.00065556,0.00082049
q158_beta_20h,24h,2025-06,-0.026792,-0.037062,-0.020535,-0.00168399,-0.00076456,0.00068322
q158_beta_20h,24h,2025-07,-0.032256,-0.037633,-0.027431,0.00151661,-0.0008523,7.544e-05
q158_beta_20h,24h,2025-08,-0.015311,-0.024787,-0.028929,0.00563181,0.00182148,0.00058296
q158_beta_20h,24h,2025-09,-0.035694,-0.027754,-0.032408,0.00526,0.00413614,0.00168579
q158_beta_20h,24h,2025-10,-0.041339,-0.030781,-0.034207,-0.00148099,0.00313694,0.00114232
q158_beta_20h,24h,2025-11,-0.033724,-0.036919,-0.030853,-0.0002335,0.00118184,0.00150166
q158_beta_20h,24h,2025-12,-0.046284,-0.040449,-0.034101,-0.00411472,-0.00194307,0.00109654
q158_beta_20h,24h,2026-01,-0.030996,-0.037001,-0.033891,0.00271295,-0.00054509,0.00129593
q158_beta_20h,24h,2026-02,-0.049585,-0.042288,-0.039604,-0.00185111,-0.00108429,4.877e-05
q158_beta_20h,24h,2026-03,-0.02192,-0.034167,-0.037308,0.0010851,0.00064898,-0.00064704
q158_beta_20h,24h,2026-04,-0.069936,-0.047147,-0.042074,0.00059919,-5.561e-05,-0.00030035
q158_beta_20h,24h,2026-05,-0.011911,-0.034589,-0.038439,0.00387009,0.00185146,0.00038358
q158_beta_20h,24h,2026-06,0.040751,-0.013699,-0.023933,0.01716478,0.00721135,0.00393017
q158_beta_20h,4h,2024-06,0.002253,0.002253,0.002253,0.00062863,0.00062863,0.00062863
q158_beta_20h,4h,2024-07,-0.015385,-0.006566,-0.006566,0.00025101,0.00043982,0.00043982
q158_beta_20h,4h,2024-08,-0.019894,-0.011009,-0.011009,-8.831e-05,0.00026378,0.00026378
q158_beta_20h,4h,2024-09,-0.007353,-0.01421,-0.010095,0.00077688,0.00031319,0.00039205
q158_beta_20h,4h,2024-10,-0.030932,-0.019393,-0.014262,-7.901e-05,0.00020319,0.00029784
q158_beta_20h,4h,2024-11,-0.016953,-0.018413,-0.014711,0.00040081,0.00036623,0.000315
q158_beta_20h,4h,2024-12,-0.02599,-0.024625,-0.019418,0.00032716,0.00021632,0.00026476
q158_beta_20h,4h,2025-01,-0.023124,-0.022022,-0.020708,0.00010551,0.00027783,0.00024051
q158_beta_20h,4h,2025-02,-0.016228,-0.02178,-0.020097,0.0003501,0.00026092,0.00031357
q158_beta_20h,4h,2025-03,-0.028617,-0.022656,-0.023641,-0.00097855,-0.00017431,2.1e-05
q158_beta_20h,4h,2025-04,-0.008394,-0.017746,-0.019884,0.00142271,0.00026475,0.00027129
q158_beta_20h,4h,2025-05,-0.032647,-0.023219,-0.0225,0.00047729,0.00030715,0.00028404
q158_beta_20h,4h,2025-06,-0.035003,-0.025348,-0.024002,-0.00074313,0.00038562,0.00010566
q158_beta_20h,4h,2025-07,-0.01381,-0.027153,-0.02245,0.00151388,0.00041601,0.00034038
q158_beta_20h,4h,2025-08,-0.00183,-0.016881,-0.02005,0.00169113,0.00082063,0.00056389
q158_beta_20h,4h,2025-09,-0.017774,-0.011138,-0.018243,0.00102422,0.00140974,0.00089768
q158_beta_20h,4h,2025-10,-0.037894,-0.019166,-0.02316,0.00089712,0.00120416,0.00081008
q158_beta_20h,4h,2025-11,-0.030924,-0.028864,-0.022872,4.622e-05,0.00065585,0.00073824
q158_beta_20h,4h,2025-12,-0.03672,-0.035179,-0.023159,-0.00058168,0.00012055,0.00076515
q158_beta_20h,4h,2026-01,-0.016692,-0.028112,-0.023639,0.00131491,0.00025982,0.00073199
q158_beta_20h,4h,2026-02,-0.032808,-0.02874,-0.028802,-0.00033314,0.00013336,0.00039461
q158_beta_20h,4h,2026-03,-0.019591,-0.02303,-0.029105,0.00041696,0.00046624,0.0002934
q158_beta_20h,4h,2026-04,-0.029407,-0.027268,-0.02769,0.00125595,0.00044659,0.0003532
q158_beta_20h,4h,2026-05,-0.026167,-0.025055,-0.026897,-0.00017151,0.00050047,0.00031692
q158_beta_20h,4h,2026-06,0.014128,-0.013815,-0.018423,0.00230354,0.00112933,0.00079779
q158_beta_20h,72h,2024-06,0.053392,0.053392,0.053392,0.00837462,0.00837462,0.00837462
q158_beta_20h,72h,2024-07,-0.023425,0.014983,0.014983,-0.00447889,0.00194786,0.00194786
q158_beta_20h,72h,2024-08,0.020941,0.016969,0.016969,0.00214156,0.00201243,0.00201243
q158_beta_20h,72h,2024-09,-0.041239,-0.014574,0.002417,-0.00234124,-0.00155952,0.00092401
q158_beta_20h,72h,2024-10,-0.071381,-0.03056,-0.012342,-0.0090412,-0.00308029,-0.00106903
q158_beta_20h,72h,2024-11,0.01275,-0.03329,-0.00816,0.01569876,0.00143877,0.0017256
q158_beta_20h,72h,2024-12,-0.032683,-0.030438,-0.022506,-0.00094181,0.00190525,0.00017286
q158_beta_20h,72h,2025-01,0.023151,0.001073,-0.014744,0.0056476,0.00680152,0.00186061
q158_beta_20h,72h,2025-02,-0.036554,-0.015362,-0.024326,-0.00540202,-0.00023208,0.00060335
q158_beta_20h,72h,2025-03,-0.004811,-0.006071,-0.018255,-0.00392893,-0.00122778,0.00033873
q158_beta_20h,72h,2025-04,0.0082,-0.011055,-0.004991,0.01279387,0.00115431,0.00397791
q158_beta_20h,72h,2025-05,-0.027527,-0.008046,-0.011704,0.00252359,0.00379618,0.00178205
q158_beta_20h,72h,2025-06,-0.069161,-0.029496,-0.017784,-0.0079019,0.00247185,0.00062203
q158_beta_20h,72h,2025-07,-0.018946,-0.038545,-0.0248,0.00504273,-0.00011186,0.00052122
q158_beta_20h,72h,2025-08,-0.027536,-0.038548,-0.023297,0.02464929,0.00726337,0.00552978
q158_beta_20h,72h,2025-09,-0.010767,-0.019083,-0.02429,0.0226456,0.01744587,0.00995886
q158_beta_20h,72h,2025-10,-0.01974,-0.019348,-0.028946,0.00998271,0.01909253,0.00949034
q158_beta_20h,72h,2025-11,-0.005452,-0.011986,-0.025267,-0.00739287,0.00841181,0.00783759
q158_beta_20h,72h,2025-12,-0.036885,-0.020692,-0.019888,-0.00729299,-0.00156772,0.00793908
q158_beta_20h,72h,2026-01,0.011313,-0.010341,-0.014844,0.01156403,-0.00104061,0.00902596
q158_beta_20h,72h,2026-02,-0.019493,-0.015022,-0.013504,0.00195944,0.00207683,0.00524432
q158_beta_20h,72h,2026-03,-0.009215,-0.005798,-0.013245,0.00273047,0.00541798,0.00192513
q158_beta_20h,72h,2026-04,-0.038181,-0.022296,-0.016319,0.01369507,0.00612833,0.00254386
q158_beta_20h,72h,2026-05,0.00232,-0.015025,-0.015023,0.00792523,0.00811692,0.00509687
q158_beta_20h,72h,2026-06,-0.002133,-0.012664,-0.009231,0.01062447,0.01074826,0.00808312
q158_imax_20h,1h,2024-06,-0.004313,-0.004313,-0.004313,-0.00021872,-0.00021872,-0.00021872
q158_imax_20h,1h,2024-07,0.003389,-0.000462,-0.000462,-3.967e-05,-0.00012919,-0.00012919
q158_imax_20h,1h,2024-08,0.010517,0.003197,0.003197,0.00013105,-4.245e-05,-4.245e-05
q158_imax_20h,1h,2024-09,0.007739,0.007215,0.004333,-0.00010928,-5.97e-06,-5.915e-05
q158_imax_20h,1h,2024-10,0.017857,0.012038,0.007038,7.679e-05,3.285e-05,-3.197e-05
q158_imax_20h,1h,2024-11,0.010651,0.012082,0.00764,-7.009e-05,-3.419e-05,-3.832e-05
q158_imax_20h,1h,2024-12,0.024967,0.017825,0.01252,0.00010497,3.722e-05,1.563e-05
q158_imax_20h,1h,2025-01,0.006825,0.014148,0.013093,2.69e-06,1.252e-05,2.269e-05
q158_imax_20h,1h,2025-02,0.002698,0.011497,0.011789,-0.0001134,-1.91e-06,-1.805e-05
q158_imax_20h,1h,2025-03,0.006496,0.00534,0.011582,0.00016937,1.955e-05,2.839e-05
q158_imax_20h,1h,2025-04,0.009711,0.006302,0.010225,9.04e-05,4.879e-05,3.066e-05
q158_imax_20h,1h,2025-05,0.013414,0.009874,0.010685,9.881e-05,0.00011953,5.881e-05
q158_imax_20h,1h,2025-06,0.009662,0.010929,0.008134,0.00010581,9.834e-05,5.895e-05
q158_imax_20h,1h,2025-07,0.008319,0.010465,0.008383,-0.00011504,2.986e-05,3.933e-05
q158_imax_20h,1h,2025-08,0.001219,0.0064,0.008137,-0.00029275,-0.00010066,9.43e-06
q158_imax_20h,1h,2025-09,0.005835,0.005124,0.008027,-0.00031375,-0.00024051,-7.109e-05
q158_imax_20h,1h,2025-10,0.006171,0.004408,0.007437,-0.00042766,-0.00034472,-0.00015743
q158_imax_20h,1h,2025-11,0.009395,0.007134,0.006767,-1.072e-05,-0.00025071,-0.00017568
q158_imax_20h,1h,2025-12,0.018361,0.011309,0.008217,2.59e-06,-0.00014526,-0.00019289
q158_imax_20h,1h,2026-01,0.007532,0.011763,0.008085,-0.00032528,-0.00011114,-0.00022793
q158_imax_20h,1h,2026-02,0.007627,0.011173,0.009154,-0.00031999,-0.00021423,-0.00023247
q158_imax_20h,1h,2026-03,0.004177,0.006446,0.008877,-3.7e-05,-0.00022742,-0.00018634
q158_imax_20h,1h,2026-04,0.011044,0.007616,0.009689,-0.00024254,-0.00019984,-0.00015549
q158_imax_20h,1h,2026-05,0.016749,0.010657,0.010915,0.00019869,-2.695e-05,-0.00012059
q158_imax_20h,1h,2026-06,0.003592,0.010462,0.008454,-0.00044814,-0.000164,-0.00019571
q158_imax_20h,24h,2024-06,-0.021367,-0.021367,-0.021367,-0.00314198,-0.00314198,-0.00314198
q158_imax_20h,24h,2024-07,-0.000651,-0.011009,-0.011009,-0.00081658,-0.00197928,-0.00197928
q158_imax_20h,24h,2024-08,0.000242,-0.007259,-0.007259,-0.00011749,-0.00135868,-0.00135868
q158_imax_20h,24h,2024-09,-0.00715,-0.00252,-0.007232,-0.00054688,-0.00049365,-0.00115573
q158_imax_20h,24h,2024-10,0.02611,0.006401,-0.000563,0.00266711,0.00066758,-0.00039116
q158_imax_20h,24h,2024-11,0.010816,0.009926,0.001333,-0.00091141,0.00040294,-0.00047787
q158_imax_20h,24h,2024-12,0.018123,0.01835,0.007915,-0.00116437,0.00019711,-0.00014827
q158_imax_20h,24h,2025-01,-0.002774,0.008722,0.007561,-0.00262361,-0.00156646,-0.00044944
q158_imax_20h,24h,2025-02,-0.01083,0.001506,0.005716,-0.00310685,-0.00229828,-0.00094767
q158_imax_20h,24h,2025-03,7.7e-05,-0.004509,0.00692,-0.00070778,-0.00214608,-0.00097449
q158_imax_20h,24h,2025-04,0.014549,0.001266,0.004994,-0.0009537,-0.00158944,-0.00157795
q158_imax_20h,24h,2025-05,0.034527,0.016385,0.008946,0.00359355,0.00064402,-0.00082713
q158_imax_20h,24h,2025-06,0.012707,0.020595,0.008043,0.00097815,0.001206,-0.00047004
q158_imax_20h,24h,2025-07,-0.006546,0.013563,0.007414,0.00013344,0.00156838,-1.053e-05
q158_imax_20h,24h,2025-08,-0.008928,-0.000922,0.007731,-0.0030413,-0.00064324,3.9e-07
q158_imax_20h,24h,2025-09,0.007875,-0.002533,0.009031,-0.0044958,-0.00246789,-0.00063094
q158_imax_20h,24h,2025-10,0.015405,0.004784,0.009174,-0.00173816,-0.00309175,-0.00076169
q158_imax_20h,24h,2025-11,0.015325,0.012868,0.005973,0.0006704,-0.00185452,-0.00124888
q158_imax_20h,24h,2025-12,0.024769,0.0185,0.007983,0.00273729,0.00055651,-0.00095569
q158_imax_20h,24h,2026-01,0.014766,0.018287,0.011536,-0.00259905,0.00026955,-0.0014111
q158_imax_20h,24h,2026-02,0.019697,0.019744,0.016306,-0.00018376,-1.517e-05,-0.00093485
q158_imax_20h,24h,2026-03,0.019068,0.017844,0.018172,-0.00044765,-0.00107682,-0.00026016
q158_imax_20h,24h,2026-04,0.041904,0.02689,0.022588,-0.00098442,-0.00053861,-0.00013453
q158_imax_20h,24h,2026-05,0.0084,0.023124,0.021434,-0.00170255,-0.00104487,-0.00053002
q158_imax_20h,24h,2026-06,-0.029708,0.006866,0.012355,-0.01564792,-0.00611163,-0.00359422
q158_imax_20h,4h,2024-06,-0.010427,-0.010427,-0.010427,-0.00070679,-0.00070679,-0.00070679
q158_imax_20h,4h,2024-07,0.007876,-0.001275,-0.001275,-0.000162,-0.0004344,-0.0004344
q158_imax_20h,4h,2024-08,0.015543,0.004331,0.004331,0.00034932,-0.00017316,-0.00017316
q158_imax_20h,4h,2024-09,-0.001513,0.007302,0.00287,-0.00037074,-6.114e-05,-0.00022255
q158_imax_20h,4h,2024-10,0.024483,0.012837,0.007192,0.00034637,0.00010832,-0.00010877
q158_imax_20h,4h,2024-11,0.012385,0.011785,0.008058,-0.0002094,-7.792e-05,-0.00012554
q158_imax_20h,4h,2024-12,0.037549,0.024806,0.016054,0.00035189,0.00016295,5.091e-05
q158_imax_20h,4h,2025-01,0.010058,0.019998,0.016418,-5.011e-05,3.079e-05,6.955e-05
q158_imax_20h,4h,2025-02,0.001428,0.016345,0.014065,-0.00074893,-0.00014905,-0.00011349
q158_imax_20h,4h,2025-03,0.01778,0.009756,0.017281,0.00082801,9.66e-06,8.631e-05
q158_imax_20h,4h,2025-04,0.008028,0.009079,0.014538,-0.00050687,-0.0001426,-5.59e-05
q158_imax_20h,4h,2025-05,0.025073,0.01696,0.016653,0.0001886,0.00016991,1.043e-05
q158_imax_20h,4h,2025-06,0.014039,0.015714,0.012735,0.00025611,-2.072e-05,-5.53e-06
q158_imax_20h,4h,2025-07,0.001141,0.013418,0.011248,-0.00069832,-8.454e-05,-0.00011357
q158_imax_20h,4h,2025-08,-0.007874,0.002436,0.009698,-0.00099875,-0.00048032,-0.0001552
q158_imax_20h,4h,2025-09,0.006098,-0.000212,0.007751,-0.0006045,-0.00076719,-0.00039396
q158_imax_20h,4h,2025-10,0.017803,0.005342,0.00938,-0.00129995,-0.00096773,-0.00052614
q158_imax_20h,4h,2025-11,0.018859,0.014253,0.008344,0.00035226,-0.0005174,-0.00049886
q158_imax_20h,4h,2025-12,0.027127,0.021263,0.010526,0.0005635,-0.00012806,-0.00044763
q158_imax_20h,4h,2026-01,0.00547,0.017152,0.011247,-0.00128281,-0.00012235,-0.00054504
q158_imax_20h,4h,2026-02,0.015684,0.016094,0.015174,-0.00105474,-0.00059135,-0.00055437
q158_imax_20h,4h,2026-03,0.018782,0.013312,0.017287,-3.258e-05,-0.00079004,-0.00045905
q158_imax_20h,4h,2026-04,0.025447,0.019971,0.018561,-0.00076215,-0.00061649,-0.00036942
q158_imax_20h,4h,2026-05,0.029006,0.024411,0.020253,0.00081473,6.67e-06,-0.00029234
q158_imax_20h,4h,2026-06,-0.009252,0.015067,0.014189,-0.00213752,-0.00069498,-0.00074251
q158_imax_20h,72h,2024-06,-0.037594,-0.037594,-0.037594,-0.00686747,-0.00686747,-0.00686747
q158_imax_20h,72h,2024-07,0.011885,-0.012854,-0.012854,0.00253321,-0.00216713,-0.00216713
q158_imax_20h,72h,2024-08,-0.004397,-0.010035,-0.010035,-0.00147827,-0.00193751,-0.00193751
q158_imax_20h,72h,2024-09,-0.006542,0.000315,-0.009162,-0.0006831,0.00012395,-0.00162391
q158_imax_20h,72h,2024-10,0.029713,0.006258,-0.001387,0.0064045,0.00141438,-1.823e-05
q158_imax_20h,72h,2024-11,-0.034079,-0.003636,-0.006836,-0.01061191,-0.00163017,-0.00178384
q158_imax_20h,72h,2024-12,0.009665,0.001767,0.001041,-0.00177771,-0.00199504,-0.00093555
q158_imax_20h,72h,2025-01,-0.017599,-0.014004,-0.003873,-0.00478465,-0.00572476,-0.00215519
q158_imax_20h,72h,2025-02,-0.002495,-0.003476,-0.003556,-0.00137239,-0.00264492,-0.00213754
q158_imax_20h,72h,2025-03,7.4e-05,-0.006673,-0.002453,0.00101317,-0.00171462,-0.00185483
q158_imax_20h,72h,2025-04,0.006882,0.001487,-0.006258,-0.00699625,-0.00245182,-0.00408829
q158_imax_20h,72h,2025-05,0.011749,0.006235,0.001379,0.00112927,-0.00161794,-0.00213143
q158_imax_20h,72h,2025-06,0.030163,0.016265,0.004796,0.00333757,-0.00084314,-0.00127888
q158_imax_20h,72h,2025-07,-0.000361,0.01385,0.007669,-0.00014386,0.00144099,-0.00050541
q158_imax_20h,72h,2025-08,0.011655,0.013819,0.010027,-0.01502901,-0.0039451,-0.00278152
q158_imax_20h,72h,2025-09,-0.006966,0.001442,0.008853,-0.01660603,-0.01059297,-0.00571805
q158_imax_20h,72h,2025-10,0.007391,0.004026,0.008938,-0.00156036,-0.01106513,-0.00481207
q158_imax_20h,72h,2025-11,0.006841,0.002422,0.00812,0.00113375,-0.00567755,-0.00481132
q158_imax_20h,72h,2025-12,0.012189,0.008807,0.005125,-0.00448952,-0.00163871,-0.00611584
q158_imax_20h,72h,2026-01,-0.00401,0.005007,0.004517,-0.0069597,-0.00343849,-0.00725181
q158_imax_20h,72h,2026-02,0.005255,0.004478,0.00345,-0.00415696,-0.00520206,-0.0054398
q158_imax_20h,72h,2026-03,0.014729,0.005325,0.007066,1.628e-05,-0.00370013,-0.00266942
q158_imax_20h,72h,2026-04,0.011593,0.010525,0.007766,-0.01250834,-0.00554967,-0.00449408
q158_imax_20h,72h,2026-05,-0.003859,0.007487,0.005983,-0.00702871,-0.00650692,-0.00585449
q158_imax_20h,72h,2026-06,0.008834,0.005523,0.005424,-0.01204514,-0.0105274,-0.00711376
q158_imin_20h,1h,2024-06,-0.003154,-0.003154,-0.003154,-5.626e-05,-5.626e-05,-5.626e-05
q158_imin_20h,1h,2024-07,-0.011148,-0.007151,-0.007151,-0.00025986,-0.00015806,-0.00015806
q158_imin_20h,1h,2024-08,-0.010905,-0.008403,-0.008403,-0.0002503,-0.00018881,-0.00018881
q158_imin_20h,1h,2024-09,-0.007201,-0.009752,-0.008102,8.329e-05,-0.00014229,-0.00012078
q158_imin_20h,1h,2024-10,-0.018038,-0.012048,-0.010089,-0.00016936,-0.00011212,-0.0001305
q158_imin_20h,1h,2024-11,-0.005635,-0.010292,-0.009347,0.00017205,2.866e-05,-8.007e-05
q158_imin_20h,1h,2024-12,-0.013887,-0.01252,-0.011136,-4.41e-06,-5.7e-07,-7.143e-05
q158_imin_20h,1h,2025-01,0.000896,-0.006209,-0.009129,0.00011591,9.452e-05,-8.8e-06
q158_imin_20h,1h,2025-02,0.001604,-0.003796,-0.007044,0.00013863,8.338e-05,5.602e-05
q158_imin_20h,1h,2025-03,-0.008411,-0.00197,-0.007245,-0.00024611,2.81e-06,1.12e-06
q158_imin_20h,1h,2025-04,5.3e-05,-0.002251,-0.00423,0.00022032,3.761e-05,6.607e-05
q158_imin_20h,1h,2025-05,-0.006851,-0.00507,-0.004433,0.00011139,2.853e-05,5.596e-05
q158_imin_20h,1h,2025-06,-0.013075,-0.006624,-0.004297,5.027e-05,0.00012733,6.507e-05
q158_imin_20h,1h,2025-07,-0.003208,-0.007711,-0.004981,0.000331,0.00016422,0.00010092
q158_imin_20h,1h,2025-08,-0.003485,-0.006589,-0.00583,0.00038299,0.00025475,0.00014164
q158_imin_20h,1h,2025-09,-0.007497,-0.00473,-0.005677,0.00015224,0.00028874,0.00020803
q158_imin_20h,1h,2025-10,-0.009585,-0.006856,-0.007284,0.00032119,0.00028547,0.00022485
q158_imin_20h,1h,2025-11,-0.015422,-0.010834,-0.008712,1.381e-05,0.00016241,0.00020858
q158_imin_20h,1h,2025-12,-0.012695,-0.012567,-0.008649,7.537e-05,0.00013679,0.00021277
q158_imin_20h,1h,2026-01,-0.011666,-0.013261,-0.010058,0.00028216,0.00012378,0.00020463
q158_imin_20h,1h,2026-02,-0.011482,-0.011947,-0.011391,6.802e-05,0.00014185,0.00015213
q158_imin_20h,1h,2026-03,-0.010302,-0.01115,-0.011858,-1.381e-05,0.00011212,0.00012446
q158_imin_20h,1h,2026-04,-0.008375,-0.010053,-0.011657,3.466e-05,2.962e-05,7.67e-05
q158_imin_20h,1h,2026-05,-0.004058,-0.007578,-0.009763,5.378e-05,2.488e-05,8.336e-05
q158_imin_20h,1h,2026-06,0.005197,-0.002412,-0.006781,0.000418,0.00016881,0.00014047
q158_imin_20h,24h,2024-06,0.0094,0.0094,0.0094,0.00049963,0.00049963,0.00049963
q158_imin_20h,24h,2024-07,-0.015896,-0.003248,-0.003248,-0.00064445,-7.241e-05,-7.241e-05
q158_imin_20h,24h,2024-08,0.006622,4.2e-05,4.2e-05,0.0001833,1.283e-05,1.283e-05
q158_imin_20h,24h,2024-09,-0.003755,-0.004343,-0.000907,0.00147616,0.00033834,0.00037866
q158_imin_20h,24h,2024-10,-0.035189,-0.010774,-0.007764,-0.00272017,-0.00035357,-0.00024111
q158_imin_20h,24h,2024-11,-0.011106,-0.016683,-0.008321,0.0017801,0.0001787,9.576e-05
q158_imin_20h,24h,2024-12,-0.008024,-0.018106,-0.011225,0.00164985,0.00023659,0.00028746
q158_imin_20h,24h,2025-01,0.022127,0.000999,-0.004887,0.00535288,0.00292761,0.00128702
q158_imin_20h,24h,2025-02,0.009801,0.007968,-0.004358,0.00391762,0.00364012,0.00190941
q158_imin_20h,24h,2025-03,-0.010226,0.007234,-0.005436,0.0009801,0.00341687,0.00182673
q158_imin_20h,24h,2025-04,-0.011107,-0.003844,-0.001423,0.0013422,0.00207997,0.00250379
q158_imin_20h,24h,2025-05,-0.020832,-0.014055,-0.003044,-0.00067011,0.00055073,0.00209542
q158_imin_20h,24h,2025-06,-0.007045,-0.012995,-0.00288,-0.00066888,1.07e-06,0.00170897
q158_imin_20h,24h,2025-07,-0.020179,-0.016019,-0.009931,0.00088997,-0.00014967,0.00096515
q158_imin_20h,24h,2025-08,-0.021464,-0.016229,-0.015142,0.00162715,0.00061608,0.00058341
q158_imin_20h,24h,2025-09,-0.016557,-0.0194,-0.016197,0.00337,0.00196237,0.00098172
q158_imin_20h,24h,2025-10,-0.016454,-0.018158,-0.017088,0.00506557,0.00335424,0.00160228
q158_imin_20h,24h,2025-11,-0.037783,-0.023598,-0.019914,-0.00159527,0.0022801,0.00144809
q158_imin_20h,24h,2025-12,-0.024385,-0.026207,-0.022804,-0.00149974,0.00065685,0.00130961
q158_imin_20h,24h,2026-01,-0.024853,-0.029007,-0.023583,0.00160589,-0.00049637,0.00142893
q158_imin_20h,24h,2026-02,-0.030332,-0.026523,-0.025061,0.00083435,0.0003135,0.0012968
q158_imin_20h,24h,2026-03,-0.025708,-0.026964,-0.026586,-0.00029191,0.00071611,0.00068648
q158_imin_20h,24h,2026-04,-0.041372,-0.032471,-0.030739,0.00065848,0.00040031,-4.803e-05
q158_imin_20h,24h,2026-05,-0.007697,-0.024926,-0.025725,0.00227133,0.0008793,0.0005964
q158_imin_20h,24h,2026-06,0.023019,-0.008684,-0.017824,0.00974141,0.00422374,0.00246992
q158_imin_20h,4h,2024-06,-0.005111,-0.005111,-0.005111,-0.0003015,-0.0003015,-0.0003015
q158_imin_20h,4h,2024-07,-0.014072,-0.009592,-0.009592,-0.00050915,-0.00040532,-0.00040532
q158_imin_20h,4h,2024-08,-0.019904,-0.013029,-0.013029,-0.00062576,-0.0004788,-0.0004788
q158_imin_20h,4h,2024-09,-0.000656,-0.011544,-0.009936,0.00043248,-0.00023414,-0.00025098
q158_imin_20h,4h,2024-10,-0.025545,-0.015368,-0.013058,-0.00061328,-0.00026885,-0.00032344
q158_imin_20h,4h,2024-11,-0.001653,-0.009284,-0.011157,0.00057018,0.00012979,-0.00017451
q158_imin_20h,4h,2024-12,-0.01286,-0.013352,-0.012448,0.00031291,8.994e-05,-7.21e-05
q158_imin_20h,4h,2025-01,-0.000463,-0.004992,-0.01018,0.00019375,0.00035895,4.505e-05
q158_imin_20h,4h,2025-02,-0.003391,-0.005571,-0.007428,0.00017407,0.00022691,0.00017835
q158_imin_20h,4h,2025-03,-0.015814,-0.006556,-0.009954,-0.00071517,-0.00011578,-1.292e-05
q158_imin_20h,4h,2025-04,0.009308,-0.003299,-0.004145,0.00135745,0.00027212,0.00031553
q158_imin_20h,4h,2025-05,-0.014877,-0.007128,-0.00635,0.00039641,0.00034623,0.00028657
q158_imin_20h,4h,2025-06,-0.014939,-0.006836,-0.006696,0.00019253,0.0006488,0.00026651
q158_imin_20h,4h,2025-07,-0.006849,-0.012221,-0.00776,0.00107198,0.00055364,0.00041288
q158_imin_20h,4h,2025-08,-0.000841,-0.007543,-0.007335,0.0014165,0.00089367,0.00061995
q158_imin_20h,4h,2025-09,-0.006374,-0.004688,-0.005762,0.00105555,0.00118134,0.00091507
q158_imin_20h,4h,2025-10,-0.017085,-0.0081,-0.010161,0.00089197,0.00112134,0.00083749
q158_imin_20h,4h,2025-11,-0.026505,-0.016655,-0.012099,-0.00015029,0.00059908,0.00074637
q158_imin_20h,4h,2025-12,-0.020112,-0.021234,-0.012961,0.00027666,0.00033945,0.00076039
q158_imin_20h,4h,2026-01,-0.013907,-0.020175,-0.014137,0.00092293,0.00034977,0.00073555
q158_imin_20h,4h,2026-02,-0.014563,-0.016194,-0.016425,4.223e-05,0.00041394,0.00050651
q158_imin_20h,4h,2026-03,-0.022157,-0.016876,-0.019055,1.743e-05,0.00032753,0.00033349
q158_imin_20h,4h,2026-04,-0.021794,-0.019505,-0.01984,0.0005592,0.00020629,0.00027803
q158_imin_20h,4h,2026-05,-0.01421,-0.019387,-0.017791,0.00020619,0.00026094,0.00033744
q158_imin_20h,4h,2026-06,0.020208,-0.005266,-0.011071,0.00243916,0.00106818,0.00069786
q158_imin_20h,72h,2024-06,0.030066,0.030066,0.030066,0.00315612,0.00315612,0.00315612
q158_imin_20h,72h,2024-07,-0.009508,0.010279,0.010279,-0.00200503,0.00057555,0.00057555
q158_imin_20h,72h,2024-08,0.018202,0.01292,0.01292,0.00280173,0.00131761,0.00131761
q158_imin_20h,72h,2024-09,-0.006523,0.000724,0.008059,0.00079295,0.00052988,0.00118644
q158_imin_20h,72h,2024-10,-0.051179,-0.013167,-0.003788,-0.00638007,-0.00092846,-0.00032686
q158_imin_20h,72h,2024-11,0.015234,-0.014156,-0.000618,0.00814753,0.00085347,0.00108554
q158_imin_20h,72h,2024-12,-0.00247,-0.012805,-0.006041,0.00131588,0.00102778,0.00077883
q158_imin_20h,72h,2025-01,0.024453,0.012405,-0.000381,0.0087881,0.00608384,0.00257769
q158_imin_20h,72h,2025-02,-0.023115,-0.000377,-0.007267,0.000734,0.00361266,0.00223307
q158_imin_20h,72h,2025-03,-0.003963,-0.000875,-0.00684,0.00011137,0.00321116,0.00211947
q158_imin_20h,72h,2025-04,-0.004543,-0.01054,0.000932,5.47e-05,0.00030002,0.00319193
q158_imin_20h,72h,2025-05,-0.035591,-0.014699,-0.007538,-0.00613148,-0.00198847,0.00081209
q158_imin_20h,72h,2025-06,-0.022397,-0.020844,-0.010859,-0.00292064,-0.00299914,0.00010601
q158_imin_20h,72h,2025-07,-0.002719,-0.020236,-0.015388,0.00272635,-0.00210859,-0.00090428
q158_imin_20h,72h,2025-08,-0.029043,-0.018053,-0.016376,0.01120812,0.00367128,0.0008414
q158_imin_20h,72h,2025-09,-0.005995,-0.012585,-0.016715,0.01237032,0.00876826,0.00288456
q158_imin_20h,72h,2025-10,0.005102,-0.009979,-0.015107,0.01594514,0.01317453,0.00553297
q158_imin_20h,72h,2025-11,-0.018825,-0.006573,-0.012313,-0.00813931,0.00672538,0.00519833
q158_imin_20h,72h,2025-12,-0.027351,-0.013691,-0.013138,-0.01212173,-0.00143863,0.00366482
q158_imin_20h,72h,2026-01,-0.005547,-0.017241,-0.01361,0.00546289,-0.00493272,0.00412091
q158_imin_20h,72h,2026-02,-0.010592,-0.014497,-0.010535,0.00463187,-0.00067566,0.00302486
q158_imin_20h,72h,2026-03,-0.014681,-0.010273,-0.011982,0.00150197,0.00386558,0.00121347
q158_imin_20h,72h,2026-04,-0.017826,-0.014367,-0.015804,0.01570621,0.00728002,0.00117365
q158_imin_20h,72h,2026-05,-0.003787,-0.012098,-0.013297,0.00457745,0.00726188,0.00329311
q158_imin_20h,72h,2026-06,0.005642,-0.005324,-0.007799,0.01080565,0.0103631,0.00711434
q158_imxd_20h,1h,2024-06,-0.001547,-0.001547,-0.001547,-0.00016054,-0.00016054,-0.00016054
q158_imxd_20h,1h,2024-07,0.009433,0.003943,0.003943,8.258e-05,-3.898e-05,-3.898e-05
q158_imxd_20h,1h,2024-08,0.012913,0.006933,0.006933,0.00014864,2.356e-05,2.356e-05
q158_imxd_20h,1h,2024-09,0.010172,0.01084,0.007743,-0.00015487,2.545e-05,-2.105e-05
q158_imxd_20h,1h,2024-10,0.022996,0.015361,0.010794,0.00011292,3.556e-05,5.75e-06
q158_imxd_20h,1h,2024-11,0.009904,0.014358,0.010645,-0.00022971,-9.055e-05,-3.35e-05
q158_imxd_20h,1h,2024-12,0.027305,0.020068,0.015454,0.00026406,4.909e-05,3.727e-05
q158_imxd_20h,1h,2025-01,0.00273,0.013313,0.014337,-3.792e-05,-1.19e-06,1.719e-05
q158_imxd_20h,1h,2025-02,-0.00015,0.009962,0.01216,-0.00021278,4.45e-06,-4.305e-05
q158_imxd_20h,1h,2025-03,0.009411,0.003997,0.012033,0.00022523,-8.49e-06,2.03e-05
q158_imxd_20h,1h,2025-04,0.007937,0.005733,0.009523,-0.00011012,-3.256e-05,-1.687e-05
q158_imxd_20h,1h,2025-05,0.011798,0.009715,0.009838,-0.00011459,1.7e-07,2.31e-06
q158_imxd_20h,1h,2025-06,0.01679,0.012175,0.008086,2.549e-05,-6.641e-05,-3.745e-05
q158_imxd_20h,1h,2025-07,0.007321,0.01197,0.008851,-0.00023003,-0.00010638,-6.947e-05
q158_imxd_20h,1h,2025-08,0.001575,0.008562,0.009139,-0.00043979,-0.00021478,-0.0001073
q158_imxd_20h,1h,2025-09,0.008852,0.005916,0.009045,-0.00033478,-0.00033487,-0.00020064
q158_imxd_20h,1h,2025-10,0.011991,0.007473,0.009721,-0.00031639,-0.00036365,-0.00023501
q158_imxd_20h,1h,2025-11,0.013212,0.011352,0.009957,-0.00016263,-0.00027127,-0.00024302
q158_imxd_20h,1h,2025-12,0.018888,0.014697,0.010306,-9.779e-05,-0.00019227,-0.00026357
q158_imxd_20h,1h,2026-01,0.011415,0.014505,0.010989,-0.00025899,-0.00017314,-0.00026839
q158_imxd_20h,1h,2026-02,0.012577,0.014293,0.012822,-0.00013289,-0.00016322,-0.00021724
q158_imxd_20h,1h,2026-03,0.009682,0.011225,0.012961,4.032e-05,-0.00011719,-0.00015473
q158_imxd_20h,1h,2026-04,0.011482,0.011247,0.012876,-0.00010849,-6.702e-05,-0.00012008
q158_imxd_20h,1h,2026-05,0.013044,0.011403,0.012848,0.00012511,1.898e-05,-7.212e-05
q158_imxd_20h,1h,2026-06,0.002058,0.008861,0.010043,-0.00053669,-0.00017336,-0.00014527
q158_imxd_20h,24h,2024-06,-0.022158,-0.022158,-0.022158,-0.00280545,-0.00280545,-0.00280545
q158_imxd_20h,24h,2024-07,0.005295,-0.008432,-0.008432,-0.00071203,-0.00175874,-0.00175874
q158_imxd_20h,24h,2024-08,0.004086,-0.004259,-0.004259,0.00051853,-0.00099965,-0.00099965
q158_imxd_20h,24h,2024-09,-0.003079,0.0021,-0.003964,-0.00102593,-0.00040648,-0.00100622
q158_imxd_20h,24h,2024-10,0.038871,0.013293,0.004603,0.00335483,0.00094914,-0.00013401
q158_imxd_20h,24h,2024-11,0.007983,0.014592,0.005166,-0.00374826,-0.00047312,-0.00073638
q158_imxd_20h,24h,2024-12,0.017702,0.021519,0.01181,-0.00137005,-0.00058783,-0.00049715
q158_imxd_20h,24h,2025-01,-0.016135,0.003183,0.008238,-0.00483325,-0.00331719,-0.00118402
q158_imxd_20h,24h,2025-02,-0.007933,-0.002122,0.006235,-0.00465226,-0.00361852,-0.00204582
q158_imxd_20h,24h,2025-03,0.005151,-0.006306,0.007606,3.45e-05,-0.00315034,-0.00186908
q158_imxd_20h,24h,2025-04,0.020929,0.006049,0.004616,-0.0014908,-0.00203619,-0.00267669
q158_imxd_20h,24h,2025-05,0.037176,0.021085,0.009481,0.00236667,0.00030346,-0.00165753
q158_imxd_20h,24h,2025-06,0.013621,0.023908,0.008801,0.00073762,0.00053783,-0.00130625
q158_imxd_20h,24h,2025-07,0.010474,0.020423,0.013236,-0.00020395,0.00096678,-0.0005347
q158_imxd_20h,24h,2025-08,0.006447,0.01018,0.015633,-0.00323132,-0.00089922,-0.00029788
q158_imxd_20h,24h,2025-09,0.014241,0.010387,0.017148,-0.00364953,-0.0023616,-0.00091188
q158_imxd_20h,24h,2025-10,0.019155,0.013281,0.016852,-0.00263228,-0.00317104,-0.00110213
q158_imxd_20h,24h,2025-11,0.02936,0.020918,0.015549,0.00035563,-0.00197539,-0.0014373
q158_imxd_20h,24h,2025-12,0.02745,0.025322,0.017854,0.00283041,0.00018459,-0.00108851
q158_imxd_20h,24h,2026-01,0.018927,0.025246,0.019263,-0.00236682,0.00027307,-0.00144898
q158_imxd_20h,24h,2026-02,0.033362,0.02658,0.023749,0.0002494,0.00023766,-0.00086886
q158_imxd_20h,24h,2026-03,0.028136,0.026809,0.026065,-0.00017316,-0.00076353,-0.00028947
q158_imxd_20h,24h,2026-04,0.048944,0.036814,0.03103,-0.00098561,-0.00030312,-1.503e-05
q158_imxd_20h,24h,2026-05,0.008645,0.028575,0.027577,-0.00251811,-0.00122563,-0.00049398
q158_imxd_20h,24h,2026-06,-0.029296,0.009431,0.01812,-0.01549237,-0.00633203,-0.00354778
q158_imxd_20h,4h,2024-06,-0.005017,-0.005017,-0.005017,-0.00060913,-0.00060913,-0.00060913
q158_imxd_20h,4h,2024-07,0.01407,0.004526,0.004526,0.00021639,-0.00019637,-0.00019637
q158_imxd_20h,4h,2024-08,0.023969,0.011007,0.011007,0.00053057,4.594e-05,4.594e-05
q158_imxd_20h,4h,2024-09,0.000477,0.012838,0.008375,-0.00059614,5.027e-05,-0.00011458
q158_imxd_20h,4h,2024-10,0.03149,0.018645,0.012998,0.00038145,0.00010529,-1.537e-05
q158_imxd_20h,4h,2024-11,0.007005,0.012991,0.011999,-0.00078849,-0.00033439,-0.00014423
q158_imxd_20h,4h,2024-12,0.034079,0.024191,0.018515,0.00045146,1.481e-05,3.254e-05
q158_imxd_20h,4h,2025-01,0.0053,0.015461,0.017053,-0.00016981,-0.00016895,-3.183e-05
q158_imxd_20h,4h,2025-02,0.00627,0.015216,0.014103,-0.0005074,-7.525e-05,-0.00020482
q158_imxd_20h,4h,2025-03,0.020012,0.010527,0.017359,0.00093868,8.716e-05,5.098e-05
q158_imxd_20h,4h,2025-04,0.00497,0.010417,0.012939,-0.00118106,-0.00024993,-0.00020944
q158_imxd_20h,4h,2025-05,0.026209,0.017063,0.01614,-0.00033087,-0.00019108,-0.00013317
q158_imxd_20h,4h,2025-06,0.02364,0.018273,0.0144,0.00019596,-0.00043866,-0.00017575
q158_imxd_20h,4h,2025-07,0.004324,0.018058,0.014237,-0.00093521,-0.00035671,-0.00030332
q158_imxd_20h,4h,2025-08,-0.004401,0.007855,0.012459,-0.00165339,-0.00079755,-0.00049431
q158_imxd_20h,4h,2025-09,0.008001,0.002641,0.010457,-0.00107671,-0.00122177,-0.00083021
q158_imxd_20h,4h,2025-10,0.026069,0.00989,0.013974,-0.00094887,-0.00122632,-0.00079152
q158_imxd_20h,4h,2025-11,0.024854,0.019641,0.013748,-0.0001434,-0.00072299,-0.00076027
q158_imxd_20h,4h,2025-12,0.027334,0.026085,0.014363,5.056e-05,-0.00034724,-0.0007845
q158_imxd_20h,4h,2026-01,0.011234,0.02114,0.015515,-0.0011714,-0.00042141,-0.00082387
q158_imxd_20h,4h,2026-02,0.020482,0.019683,0.019662,-0.00049882,-0.00053989,-0.00063144
q158_imxd_20h,4h,2026-03,0.025557,0.019091,0.022588,0.00021912,-0.0004837,-0.00041547
q158_imxd_20h,4h,2026-04,0.028489,0.024843,0.022992,-0.00046124,-0.00024698,-0.0003342
q158_imxd_20h,4h,2026-05,0.025636,0.026561,0.023122,0.00018307,-1.968e-05,-0.00027979
q158_imxd_20h,4h,2026-06,-0.016091,0.012678,0.015884,-0.00276261,-0.00101359,-0.00074865
q158_imxd_20h,72h,2024-06,-0.043095,-0.043095,-0.043095,-0.00777252,-0.00777252,-0.00777252
q158_imxd_20h,72h,2024-07,0.016054,-0.01352,-0.01352,0.00382644,-0.00197304,-0.00197304
q158_imxd_20h,72h,2024-08,-0.008557,-0.011866,-0.011866,-0.00243472,-0.00212693,-0.00212693
q158_imxd_20h,72h,2024-09,0.000589,0.002695,-0.008752,-0.00065957,0.00024405,-0.00176009
q158_imxd_20h,72h,2024-10,0.044152,0.012061,0.001829,0.00754722,0.00148431,0.00010137
q158_imxd_20h,72h,2024-11,-0.034954,0.003262,-0.004302,-0.01417549,-0.00242928,-0.00227811
q158_imxd_20h,72h,2024-12,0.011267,0.006822,0.004759,-0.00109607,-0.00257478,-0.00116537
q158_imxd_20h,72h,2025-01,-0.028031,-0.017239,-0.002589,-0.00757612,-0.00761589,-0.00306579
q158_imxd_20h,72h,2025-02,0.018735,0.000657,0.00196,-0.00034035,-0.00300418,-0.00271673
q158_imxd_20h,72h,2025-03,-0.000798,-0.003365,0.001728,0.00150389,-0.00213753,-0.00235615
q158_imxd_20h,72h,2025-04,0.006518,0.008152,-0.004544,-0.00663024,-0.00182223,-0.00471906
q158_imxd_20h,72h,2025-05,0.028085,0.011268,0.005963,0.00240562,-0.00090691,-0.00195554
q158_imxd_20h,72h,2025-06,0.030941,0.021848,0.009242,0.00346025,-0.00025479,-0.00119616
q158_imxd_20h,72h,2025-07,0.002293,0.02044,0.014296,-0.0037363,0.00070986,-0.00055619
q158_imxd_20h,72h,2025-08,0.027006,0.02008,0.015674,-0.01569189,-0.00532265,-0.00311478
q158_imxd_20h,72h,2025-09,-0.001943,0.009119,0.015483,-0.01508505,-0.01150441,-0.0058796
q158_imxd_20h,72h,2025-10,0.00182,0.008961,0.0147,-0.01083666,-0.0138712,-0.00658067
q158_imxd_20h,72h,2025-11,0.012966,0.004281,0.01218,0.00345207,-0.00748988,-0.00640626
q158_imxd_20h,72h,2025-12,0.020058,0.011615,0.010367,0.00269135,-0.00156441,-0.00653441
q158_imxd_20h,72h,2026-01,-0.004431,0.009531,0.009246,-0.00770805,-0.00052154,-0.00719637
q158_imxd_20h,72h,2026-02,0.009367,0.008331,0.006306,-0.00427759,-0.0030981,-0.00529399
q158_imxd_20h,72h,2026-03,0.01912,0.008019,0.009817,-0.00128118,-0.00442227,-0.00299334
q158_imxd_20h,72h,2026-04,0.018017,0.015501,0.012516,-0.01543113,-0.00699663,-0.00375909
q158_imxd_20h,72h,2026-05,-0.001604,0.011844,0.010088,-0.00732755,-0.00801329,-0.00555569
q158_imxd_20h,72h,2026-06,0.004344,0.006919,0.007469,-0.01591489,-0.01289119,-0.00865673
q158_resi_20h,1h,2024-06,-0.010784,-0.010784,-0.010784,8.515e-05,8.515e-05,8.515e-05
q158_resi_20h,1h,2024-07,-0.015706,-0.013245,-0.013245,0.00025457,0.00016986,0.00016986
q158_resi_20h,1h,2024-08,-0.037432,-0.021308,-0.021308,-0.00015428,6.181e-05,6.181e-05
q158_resi_20h,1h,2024-09,-0.044432,-0.032524,-0.027089,-0.00017447,-2.473e-05,2.74e-06
q158_resi_20h,1h,2024-10,-0.041527,-0.041131,-0.029976,-0.00024375,-0.00019083,-4.656e-05
q158_resi_20h,1h,2024-11,-0.041567,-0.042509,-0.031908,-0.00013721,-0.00018514,-6.166e-05
q158_resi_20h,1h,2024-12,-0.053043,-0.045379,-0.038951,-0.00053667,-0.00030588,-0.0001653
q158_resi_20h,1h,2025-01,-0.014117,-0.036242,-0.038686,0.00012159,-0.0001841,-0.00018747
q158_resi_20h,1h,2025-02,-0.009825,-0.025661,-0.034085,0.00033165,-2.781e-05,-0.00010648
q158_resi_20h,1h,2025-03,-0.019095,-0.014346,-0.029862,0.00022399,0.00022574,-4.007e-05
q158_resi_20h,1h,2025-04,-0.043109,-0.024009,-0.030126,-0.0008555,-9.995e-05,-0.00014203
q158_resi_20h,1h,2025-05,-0.015238,-0.025814,-0.025738,0.00027059,-0.00012031,-7.406e-05
q158_resi_20h,1h,2025-06,-0.021898,-0.026748,-0.020547,-4.282e-05,-0.00020924,8.25e-06
q158_resi_20h,1h,2025-07,-0.042435,-0.026524,-0.025267,-0.00015985,2.264e-05,-3.866e-05
q158_resi_20h,1h,2025-08,-0.045881,-0.036738,-0.031276,-0.00015454,-0.00011907,-0.00011969
q158_resi_20h,1h,2025-09,-0.027923,-0.038746,-0.032747,0.00017793,-4.549e-05,-0.00012736
q158_resi_20h,1h,2025-10,-0.023769,-0.032524,-0.029524,0.0004223,0.00014856,8.56e-05
q158_resi_20h,1h,2025-11,-0.032465,-0.028052,-0.032395,3.726e-05,0.0002125,4.671e-05
q158_resi_20h,1h,2025-12,-0.034229,-0.030154,-0.03445,5.427e-05,0.00017128,6.29e-05
q158_resi_20h,1h,2026-01,-0.034591,-0.033762,-0.033143,-0.00029374,-6.74e-05,4.058e-05
q158_resi_20h,1h,2026-02,-0.01707,-0.02863,-0.028341,0.00039098,5.05e-05,0.0001315
q158_resi_20h,1h,2026-03,-0.024318,-0.025326,-0.02774,6.617e-05,5.447e-05,0.00011287
q158_resi_20h,1h,2026-04,-0.027435,-0.022941,-0.028351,-0.00017684,9.344e-05,1.302e-05
q158_resi_20h,1h,2026-05,-0.033354,-0.028369,-0.028499,-0.00017944,-9.67e-05,-2.31e-05
q158_resi_20h,1h,2026-06,-0.051601,-0.037463,-0.031395,-0.00049671,-0.00028433,-0.00011493
q158_resi_20h,24h,2024-06,-0.014239,-0.014239,-0.014239,-0.00101604,-0.00101604,-0.00101604
q158_resi_20h,24h,2024-07,-0.020082,-0.01716,-0.01716,-0.00036313,-0.00068958,-0.00068958
q158_resi_20h,24h,2024-08,-0.023473,-0.019265,-0.019265,-0.00064777,-0.00067565,-0.00067565
q158_resi_20h,24h,2024-09,0.004907,-0.012883,-0.013222,0.00078177,-7.638e-05,-0.00031129
q158_resi_20h,24h,2024-10,0.001707,-0.005619,-0.010236,0.00165061,0.00059487,8.109e-05
q158_resi_20h,24h,2024-11,-0.015303,-0.002896,-0.01108,-0.00173868,0.00023123,-0.00022221
q158_resi_20h,24h,2024-12,-0.016758,-0.010118,-0.0115,0.00022764,4.652e-05,-1.493e-05
q158_resi_20h,24h,2025-01,-0.021715,-0.017925,-0.011772,-0.0023102,-0.00127375,-0.00033944
q158_resi_20h,24h,2025-02,-0.015825,-0.018099,-0.010498,-0.0003845,-0.00082235,-0.00029556
q158_resi_20h,24h,2025-03,-0.008783,-0.015441,-0.012779,0.00068831,-0.0006688,-0.00031114
q158_resi_20h,24h,2025-04,9.4e-05,-0.008171,-0.013048,0.00228925,0.00086435,-0.0002047
q158_resi_20h,24h,2025-05,-0.008555,-0.005748,-0.011924,0.00430233,0.00242663,0.00080214
q158_resi_20h,24h,2025-06,-0.008441,-0.005634,-0.010537,0.00054069,0.00237742,0.00085431
q158_resi_20h,24h,2025-07,-0.00657,-0.007856,-0.008013,0.00129063,0.00204455,0.00145445
q158_resi_20h,24h,2025-08,0.001337,-0.004558,-0.005153,0.00543712,0.00242281,0.00242472
q158_resi_20h,24h,2025-09,-0.006006,-0.003746,-0.00469,0.00031512,0.00234762,0.00236252
q158_resi_20h,24h,2025-10,-0.028366,-0.011012,-0.009434,0.00075261,0.00216828,0.00210642
q158_resi_20h,24h,2025-11,-0.012535,-0.015636,-0.010097,0.0028763,0.00131468,0.00186874
q158_resi_20h,24h,2025-12,-0.024211,-0.021704,-0.012725,0.00044697,0.00135863,0.00185312
q158_resi_20h,24h,2026-01,-0.008145,-0.014964,-0.012988,0.00139851,0.00157393,0.00187111
q158_resi_20h,24h,2026-02,-0.020483,-0.017613,-0.016624,-0.00019003,0.00055182,0.00093325
q158_resi_20h,24h,2026-03,-0.030947,-0.019858,-0.020781,-0.0002044,0.00033469,0.00084666
q158_resi_20h,24h,2026-04,-0.021468,-0.024299,-0.019632,0.0004897,3.176e-05,0.00080284
q158_resi_20h,24h,2026-05,-0.023471,-0.025295,-0.021454,-0.00168902,-0.00046791,4.196e-05
q158_resi_20h,24h,2026-06,-0.023042,-0.02266,-0.021259,-0.00014326,-0.00044753,-5.642e-05
q158_resi_20h,4h,2024-06,-0.006612,-0.006612,-0.006612,0.00014551,0.00014551,0.00014551
q158_resi_20h,4h,2024-07,-0.031602,-0.019107,-0.019107,-0.00022547,-3.998e-05,-3.998e-05
q158_resi_20h,4h,2024-08,-0.035867,-0.024694,-0.024694,-0.000635,-0.00023832,-0.00023832
q158_resi_20h,4h,2024-09,-0.021246,-0.029571,-0.023832,0.00010523,-0.00025175,-0.00015243
q158_resi_20h,4h,2024-10,-0.026858,-0.02799,-0.024437,-0.00026179,-0.00026385,-0.0001743
q158_resi_20h,4h,2024-11,-0.026125,-0.024743,-0.024718,-0.0001081,-8.822e-05,-0.00016327
q158_resi_20h,4h,2024-12,-0.035331,-0.029438,-0.029505,-0.0004733,-0.00028106,-0.0002664
q158_resi_20h,4h,2025-01,0.004126,-0.01911,-0.02355,0.00089249,0.0001037,-8.008e-05
q158_resi_20h,4h,2025-02,0.010574,-0.006877,-0.01581,0.00171678,0.00071199,0.00031189
q158_resi_20h,4h,2025-03,-0.016222,-0.000507,-0.014973,0.00049031,0.00103319,0.00037607
q158_resi_20h,4h,2025-04,-0.045851,-0.017166,-0.018138,-0.00233403,-4.231e-05,3.069e-05
q158_resi_20h,4h,2025-05,0.013891,-0.016061,-0.011469,0.00175749,-2.874e-05,0.00034162
q158_resi_20h,4h,2025-06,-0.038954,-0.023638,-0.012073,-0.00098875,-0.00052176,0.00025571
q158_resi_20h,4h,2025-07,-0.04532,-0.023461,-0.020314,-0.00062617,4.752e-05,2.61e-06
q158_resi_20h,4h,2025-08,-0.043238,-0.042504,-0.029282,-0.00047538,-0.00069677,-0.00036276
q158_resi_20h,4h,2025-09,-0.020174,-0.036244,-0.029941,0.00037418,-0.00024246,-0.00038211
q158_resi_20h,4h,2025-10,-0.023781,-0.029064,-0.026263,0.00115551,0.00035144,0.00019948
q158_resi_20h,4h,2025-11,-0.034999,-0.026318,-0.034411,0.00026931,0.00059967,-4.855e-05
q158_resi_20h,4h,2025-12,-0.036562,-0.031781,-0.034012,-7.841e-05,0.0004488,0.00010317
q158_resi_20h,4h,2026-01,-0.023485,-0.031682,-0.030373,-0.00026131,-2.347e-05,0.00016398
q158_resi_20h,4h,2026-02,-0.013267,-0.024438,-0.025378,0.00101687,0.00022572,0.00041269
q158_resi_20h,4h,2026-03,-0.035213,-0.023988,-0.027885,-0.00038776,0.0001226,0.0002857
q158_resi_20h,4h,2026-04,-0.022381,-0.02362,-0.027651,-0.00075181,-4.09e-05,-3.219e-05
q158_resi_20h,4h,2026-05,-0.032202,-0.029932,-0.027185,-7.622e-05,-0.00040526,-8.977e-05
q158_resi_20h,4h,2026-06,-0.05538,-0.036655,-0.030321,-0.00138976,-0.00073926,-0.00030833
q158_resi_20h,72h,2024-06,-0.001274,-0.001274,-0.001274,0.00081762,0.00081762,0.00081762
q158_resi_20h,72h,2024-07,-0.001764,-0.001519,-0.001519,0.00085037,0.000834,0.000834
q158_resi_20h,72h,2024-08,-0.007803,-0.003614,-0.003614,-0.00043861,0.00040979,0.00040979
q158_resi_20h,72h,2024-09,0.002754,-0.002271,-0.002022,0.00119778,0.00053651,0.00060679
q158_resi_20h,72h,2024-10,0.01076,0.001904,0.000534,0.00217628,0.00097848,0.00092069
q158_resi_20h,72h,2024-11,-0.002682,0.003611,-2e-06,-0.00270723,0.00022228,0.00031604
q158_resi_20h,72h,2024-12,-0.013196,-0.001706,-0.001989,-0.00047903,-0.00033666,9.993e-05
q158_resi_20h,72h,2025-01,-0.007551,-0.00781,-0.002953,-0.00037255,-0.00118627,-0.00010389
q158_resi_20h,72h,2025-02,-0.006106,-0.008951,-0.00267,0.00202944,0.00039262,0.00030745
q158_resi_20h,72h,2025-03,-0.013068,-0.008908,-0.005307,-0.00238151,-0.00024154,-0.0002891
q158_resi_20h,72h,2025-04,-0.014356,-0.011176,-0.009493,-0.00194202,-0.0007647,-0.00097548
q158_resi_20h,72h,2025-05,-0.008078,-0.011834,-0.010392,0.00507045,0.00024897,0.0003208
q158_resi_20h,72h,2025-06,-0.010054,-0.010829,-0.009869,0.00089781,0.00134208,0.00055027
q158_resi_20h,72h,2025-07,-0.011102,-0.009744,-0.01046,0.00095107,0.00230644,0.00077087
q158_resi_20h,72h,2025-08,-0.017474,-0.012877,-0.012355,0.01189589,0.00458159,0.00241528
q158_resi_20h,72h,2025-09,-0.0068,-0.011792,-0.011311,0.00446918,0.00577205,0.00355706
q158_resi_20h,72h,2025-10,-0.013886,-0.01272,-0.011232,-0.00105383,0.00510375,0.0037051
q158_resi_20h,72h,2025-11,-0.007897,-0.009528,-0.011202,0.00251979,0.00197838,0.00327999
q158_resi_20h,72h,2025-12,-0.011344,-0.011042,-0.011417,0.00021765,0.0005612,0.00316663
q158_resi_20h,72h,2026-01,-0.005653,-0.008298,-0.010509,0.00147236,0.00140327,0.00325351
q158_resi_20h,72h,2026-02,-0.008433,-0.008477,-0.009002,0.00041534,0.00070178,0.00134008
q158_resi_20h,72h,2026-03,-0.018108,-0.010731,-0.010887,-0.00321646,-0.00044292,5.914e-05
q158_resi_20h,72h,2026-04,-0.01101,-0.012517,-0.010408,-3.438e-05,-0.00094517,0.00022905
q158_resi_20h,72h,2026-05,-0.00624,-0.011786,-0.010131,0.00110673,-0.0007147,-6.46e-06
q158_resi_20h,72h,2026-06,0.004252,-0.004333,-0.007532,0.00288287,0.00131841,0.00043774
q158_rsqr_20h,1h,2024-06,0.018033,0.018033,0.018033,0.00030575,0.00030575,0.00030575
q158_rsqr_20h,1h,2024-07,0.000878,0.009456,0.009456,-0.00018339,6.118e-05,6.118e-05
q158_rsqr_20h,1h,2024-08,-0.001527,0.005795,0.005795,1.047e-05,4.428e-05,4.428e-05
q158_rsqr_20h,1h,2024-09,0.002233,0.000528,0.004904,-3.059e-05,-6.784e-05,2.556e-05
q158_rsqr_20h,1h,2024-10,-0.001631,-0.000308,0.003597,-0.00022208,-8.073e-05,-2.397e-05
q158_rsqr_20h,1h,2024-11,-0.0015,-0.0003,0.002748,0.00016428,-2.946e-05,7.41e-06
q158_rsqr_20h,1h,2024-12,0.001985,-0.000382,7.3e-05,2.407e-05,-1.124e-05,-3.954e-05
q158_rsqr_20h,1h,2025-01,-0.004346,-0.001287,-0.000798,-7.275e-05,3.853e-05,-2.11e-05
q158_rsqr_20h,1h,2025-02,-0.009935,-0.004099,-0.002199,-0.00033842,-0.00012903,-7.925e-05
q158_rsqr_20h,1h,2025-03,-0.001225,-0.005169,-0.002775,7.177e-05,-0.00011313,-6.219e-05
q158_rsqr_20h,1h,2025-04,-0.001532,-0.00423,-0.002759,-4.969e-05,-0.00010545,-3.346e-05
q158_rsqr_20h,1h,2025-05,0.008093,0.001779,-0.00116,0.00038517,0.00013575,3.36e-06
q158_rsqr_20h,1h,2025-06,0.004555,0.003705,-0.000732,0.00011883,0.00015144,1.915e-05
q158_rsqr_20h,1h,2025-07,0.011396,0.008015,0.001892,0.00030848,0.00027083,8.269e-05
q158_rsqr_20h,1h,2025-08,0.01319,0.009713,0.005746,0.00033713,0.00025481,0.00019528
q158_rsqr_20h,1h,2025-09,0.003778,0.009455,0.00658,8.751e-05,0.00024437,0.0001979
q158_rsqr_20h,1h,2025-10,0.0062,0.007723,0.007869,0.00011692,0.00018052,0.00022567
q158_rsqr_20h,1h,2025-11,-0.001761,0.002739,0.006226,-0.00023504,-1.02e-05,0.0001223
q158_rsqr_20h,1h,2025-12,0.000271,0.00157,0.005512,-6.217e-05,-6.01e-05,9.214e-05
q158_rsqr_20h,1h,2026-01,0.007458,0.001989,0.004856,9.591e-05,-6.71e-05,5.671e-05
q158_rsqr_20h,1h,2026-02,0.003261,0.003664,0.003201,-6.328e-05,-9.85e-06,-1.003e-05
q158_rsqr_20h,1h,2026-03,-0.005382,0.001779,0.001675,-0.00020701,-5.813e-05,-5.911e-05
q158_rsqr_20h,1h,2026-04,0.004151,0.000677,0.001333,0.0003644,3.137e-05,-1.787e-05
q158_rsqr_20h,1h,2026-05,-0.003681,-0.001637,0.001013,2.159e-05,5.966e-05,2.491e-05
q158_rsqr_20h,1h,2026-06,-0.002069,-0.000533,0.000623,0.00012513,0.00017037,5.612e-05
q158_rsqr_20h,24h,2024-06,0.000824,0.000824,0.000824,-0.00148812,-0.00148812,-0.00148812
q158_rsqr_20h,24h,2024-07,0.009868,0.005346,0.005346,-0.00013093,-0.00080952,-0.00080952
q158_rsqr_20h,24h,2024-08,0.013336,0.008009,0.008009,0.00142626,-6.426e-05,-6.426e-05
q158_rsqr_20h,24h,2024-09,0.004699,0.009301,0.007182,-0.00045134,0.00028133,-0.00016103
q158_rsqr_20h,24h,2024-10,0.015449,0.011161,0.008835,0.00070464,0.00055985,1.21e-05
q158_rsqr_20h,24h,2024-11,-0.002861,0.005762,0.006886,0.00057471,0.000276,0.00010587
q158_rsqr_20h,24h,2024-12,-0.001289,0.003766,0.006534,-0.00061703,0.00022077,0.00025105
q158_rsqr_20h,24h,2025-01,-0.004224,-0.002791,0.004185,-0.00199511,-0.00067914,-5.964e-05
q158_rsqr_20h,24h,2025-02,-0.013267,-0.00626,-0.000249,-0.00328435,-0.0019655,-0.00084475
q158_rsqr_20h,24h,2025-03,0.018318,0.000276,0.002021,0.00247311,-0.00093545,-0.00035734
q158_rsqr_20h,24h,2025-04,0.041483,0.015511,0.00636,0.00412382,0.00110419,0.00021253
q158_rsqr_20h,24h,2025-05,0.008629,0.02281,0.008275,0.00280933,0.00313542,0.00058496
q158_rsqr_20h,24h,2025-06,0.013353,0.021155,0.010715,0.00207435,0.0030025,0.00103353
q158_rsqr_20h,24h,2025-07,0.018854,0.013612,0.014562,0.00393164,0.00293844,0.00202132
q158_rsqr_20h,24h,2025-08,0.029097,0.020435,0.021622,0.00668367,0.00422989,0.00368265
q158_rsqr_20h,24h,2025-09,-0.011603,0.012116,0.016636,0.00044971,0.00368834,0.00334542
q158_rsqr_20h,24h,2025-10,-0.000812,0.005561,0.009587,-0.00161421,0.00183972,0.00238908
q158_rsqr_20h,24h,2025-11,-0.012887,-0.008434,0.006,-0.00023255,-0.00046568,0.0018821
q158_rsqr_20h,24h,2025-12,-0.029727,-0.014475,-0.00118,-0.00380805,-0.00188494,0.0009017
q158_rsqr_20h,24h,2026-01,0.010086,-0.010843,-0.002641,0.00286169,-0.00039297,0.00072338
q158_rsqr_20h,24h,2026-02,0.010767,-0.002958,-0.005696,-0.00069866,-0.00054834,-0.00050701
q158_rsqr_20h,24h,2026-03,-0.01272,0.002711,-0.005882,-0.00160461,0.00018614,-0.0008494
q158_rsqr_20h,24h,2026-04,0.009635,0.00256,-0.004141,0.00618235,0.00129303,0.00045003
q158_rsqr_20h,24h,2026-05,-0.009013,-0.004033,-0.003495,-0.00013083,0.0014823,0.00046698
q158_rsqr_20h,24h,2026-06,-0.009339,-0.002905,-9.7e-05,-0.00042881,0.00187424,0.00103019
q158_rsqr_20h,4h,2024-06,0.023413,0.023413,0.023413,0.00078081,0.00078081,0.00078081
q158_rsqr_20h,4h,2024-07,0.003536,0.013474,0.013474,-0.00058376,9.852e-05,9.852e-05
q158_rsqr_20h,4h,2024-08,0.003541,0.010163,0.010163,-4.041e-05,5.221e-05,5.221e-05
q158_rsqr_20h,4h,2024-09,0.004064,0.003713,0.008638,-0.00039917,-0.00034111,-6.063e-05
q158_rsqr_20h,4h,2024-10,-0.012531,-0.001642,0.004404,-0.00106849,-0.00050269,-0.0002622
q158_rsqr_20h,4h,2024-11,-0.003774,-0.00408,0.003041,0.00029649,-0.00039039,-0.00016909
q158_rsqr_20h,4h,2024-12,-0.002458,-0.006254,-0.00127,-0.00013907,-0.00030369,-0.0003224
q158_rsqr_20h,4h,2025-01,-0.001411,-0.002548,-0.002095,-0.00012218,1.175e-05,-0.00024547
q158_rsqr_20h,4h,2025-02,-0.012101,-0.005323,-0.004702,-0.00138521,-0.00054882,-0.0004696
q158_rsqr_20h,4h,2025-03,0.001684,-0.003943,-0.005098,0.00085877,-0.00021621,-0.00025995
q158_rsqr_20h,4h,2025-04,0.006941,-0.001159,-0.001853,0.00017919,-0.00011575,-5.2e-05
q158_rsqr_20h,4h,2025-05,0.017473,0.0087,0.001688,0.00137265,0.00080354,0.00012736
q158_rsqr_20h,4h,2025-06,0.006023,0.010146,0.003102,0.0004152,0.00065568,0.00021974
q158_rsqr_20h,4h,2025-07,0.027667,0.017055,0.007948,0.00123139,0.00100641,0.00044533
q158_rsqr_20h,4h,2025-08,0.026599,0.020096,0.014398,0.00144866,0.00103175,0.00091764
q158_rsqr_20h,4h,2025-09,0.00132,0.018529,0.014337,9e-08,0.00089338,0.00077453
q158_rsqr_20h,4h,2025-10,0.011087,0.013002,0.015028,0.0004625,0.00063708,0.00082175
q158_rsqr_20h,4h,2025-11,-0.007084,0.001774,0.010935,-0.0007091,-8.217e-05,0.00047479
q158_rsqr_20h,4h,2025-12,-0.003584,0.00014,0.009334,-0.0004714,-0.00023933,0.00032702
q158_rsqr_20h,4h,2026-01,0.011974,0.000435,0.006719,0.00064477,-0.00017858,0.00022925
q158_rsqr_20h,4h,2026-02,-0.000327,0.002688,0.002231,-0.0006462,-0.00015761,-0.00011989
q158_rsqr_20h,4h,2026-03,-0.011831,-6.1e-05,3.9e-05,-0.00068483,-0.00022875,-0.00023404
q158_rsqr_20h,4h,2026-04,0.006491,-0.001889,-0.000727,0.0010408,-9.674e-05,-0.00013766
q158_rsqr_20h,4h,2026-05,-0.00276,-0.0027,-6e-06,0.00015285,0.00016961,6e-06
q158_rsqr_20h,4h,2026-06,-0.002998,0.000244,9.1e-05,0.00099625,0.00072997,0.00025061
q158_rsqr_20h,72h,2024-06,-0.006545,-0.006545,-0.006545,-0.0018001,-0.0018001,-0.0018001
q158_rsqr_20h,72h,2024-07,0.035158,0.014307,0.014307,0.00455094,0.00137542,0.00137542
q158_rsqr_20h,72h,2024-08,-0.004058,0.008185,0.008185,0.00145997,0.0014036,0.0014036
q158_rsqr_20h,72h,2024-09,-0.003138,0.009321,0.005354,-0.000905,0.00170197,0.00082645
q158_rsqr_20h,72h,2024-10,0.023813,0.005539,0.009046,0.00488702,0.001814,0.00163857
q158_rsqr_20h,72h,2024-11,0.012496,0.011057,0.009621,0.00035405,0.00144536,0.00142448
q158_rsqr_20h,72h,2024-12,-0.020717,0.005198,0.007259,-0.00670348,-0.00048747,0.00060725
q158_rsqr_20h,72h,2025-01,-0.004131,-0.004117,0.000711,-0.00125221,-0.00253388,-0.00035994
q158_rsqr_20h,72h,2025-02,-0.025704,-0.016851,-0.002897,-0.00435477,-0.00410349,-0.00132907
q158_rsqr_20h,72h,2025-03,-0.003763,-0.011199,-0.003001,5.956e-05,-0.00184914,-0.00116831
q158_rsqr_20h,72h,2025-04,0.036055,0.002196,-0.000961,0.00355296,-0.00024742,-0.00139065
q158_rsqr_20h,72h,2025-05,0.004504,0.012265,-0.002293,0.00225033,0.00195428,-0.0010746
q158_rsqr_20h,72h,2025-06,0.006911,0.015823,0.002312,0.00474321,0.0035155,0.00083318
q158_rsqr_20h,72h,2025-07,0.020944,0.010786,0.006491,0.00605805,0.00435053,0.00205156
q158_rsqr_20h,72h,2025-08,0.009551,0.012468,0.012367,0.01302087,0.00794071,0.0049475
q158_rsqr_20h,72h,2025-09,-0.024807,0.001896,0.008859,0.00018173,0.00642022,0.00496786
q158_rsqr_20h,72h,2025-10,-0.014411,-0.009889,0.000448,-0.01780905,-0.00153548,0.00140752
q158_rsqr_20h,72h,2025-11,-0.018213,-0.019144,-0.003338,0.00261668,-0.00500355,0.00146858
q158_rsqr_20h,72h,2025-12,-0.018246,-0.016957,-0.007531,-0.00860664,-0.007933,-0.00075639
q158_rsqr_20h,72h,2026-01,0.003934,-0.010841,-0.010365,0.00345921,-0.00084358,-0.00118953
q158_rsqr_20h,72h,2026-02,0.000227,-0.004695,-0.011919,-0.002038,-0.00239514,-0.00369934
q158_rsqr_20h,72h,2026-03,-0.003973,6.3e-05,-0.008447,0.00207856,0.00116659,-0.00338321
q158_rsqr_20h,72h,2026-04,0.001375,-0.00079,-0.005816,0.01234709,0.00412922,0.00164282
q158_rsqr_20h,72h,2026-05,0.000319,-0.00076,-0.002727,0.0036188,0.00601482,0.00180984
q158_rsqr_20h,72h,2026-06,0.009168,0.00362,0.001842,0.00321248,0.00639279,0.00377969
q158_cntd_20h,1h,2024-06,0.00257,0.00257,0.00257,0.00011412,0.00011412,0.00011412
q158_cntd_20h,1h,2024-07,-0.005225,-0.001328,-0.001328,-3.465e-05,3.973e-05,3.973e-05
q158_cntd_20h,1h,2024-08,-0.011666,-0.004774,-0.004774,-7.325e-05,2.07e-06,2.07e-06
q158_cntd_20h,1h,2024-09,-0.010122,-0.009005,-0.006111,-0.00013147,-7.979e-05,-3.131e-05
q158_cntd_20h,1h,2024-10,-0.020323,-0.014037,-0.008953,-0.00022263,-0.00014245,-6.958e-05
q158_cntd_20h,1h,2024-11,-0.0001,-0.010182,-0.007478,0.00023547,-3.954e-05,-1.874e-05
q158_cntd_20h,1h,2024-12,-0.022537,-0.01432,-0.011662,-0.00022998,-7.238e-05,-7.609e-05
q158_cntd_20h,1h,2025-01,0.000463,-0.007392,-0.010714,1.708e-05,7.52e-06,-6.746e-05
q158_cntd_20h,1h,2025-02,0.002153,-0.006641,-0.008411,0.00023603,7.71e-06,-1.592e-05
q158_cntd_20h,1h,2025-03,-0.007069,-0.001484,-0.007902,-0.00032293,-2.327e-05,-4.783e-05
q158_cntd_20h,1h,2025-04,-0.006385,-0.003767,-0.005579,2.113e-05,-2.192e-05,-7.2e-06
q158_cntd_20h,1h,2025-05,-0.012824,-0.008759,-0.0077,-0.00010698,-0.00013626,-6.428e-05
q158_cntd_20h,1h,2025-06,-0.005969,-0.008393,-0.004939,-5.55e-05,-4.712e-05,-3.519e-05
q158_cntd_20h,1h,2025-07,-0.01246,-0.010418,-0.007092,0.00010554,-1.898e-05,-2.045e-05
q158_cntd_20h,1h,2025-08,-0.003828,-0.007419,-0.008089,0.00040903,0.00015302,8.38e-06
q158_cntd_20h,1h,2025-09,-0.017387,-0.011225,-0.009809,-5.612e-05,0.00015282,5.285e-05
q158_cntd_20h,1h,2025-10,-0.01304,-0.011418,-0.010918,0.00031892,0.00022394,0.00010248
q158_cntd_20h,1h,2025-11,-0.008975,-0.013134,-0.010277,0.00024441,0.00016907,0.00016105
q158_cntd_20h,1h,2025-12,-0.011807,-0.011274,-0.01125,0.00013581,0.00023305,0.00019293
q158_cntd_20h,1h,2026-01,-0.008038,-0.009607,-0.010512,0.00030023,0.00022682,0.00022538
q158_cntd_20h,1h,2026-02,-0.013396,-0.01108,-0.012107,-4.301e-05,0.00013101,0.00015004
q158_cntd_20h,1h,2026-03,-0.014056,-0.01183,-0.011552,-0.00012567,4.385e-05,0.00013845
q158_cntd_20h,1h,2026-04,-0.015257,-0.014236,-0.011922,-4.35e-06,-5.768e-05,8.457e-05
q158_cntd_20h,1h,2026-05,-0.008002,-0.012438,-0.011759,-0.0002004,-0.00011014,1.043e-05
q158_cntd_20h,1h,2026-06,-0.003283,-0.008847,-0.010339,0.00039324,6.283e-05,5.334e-05
q158_cntd_20h,24h,2024-06,0.035405,0.035405,0.035405,0.00289701,0.00289701,0.00289701
q158_cntd_20h,24h,2024-07,0.009808,0.022606,0.022606,0.00138625,0.00214163,0.00214163
q158_cntd_20h,24h,2024-08,0.015137,0.020117,0.020117,0.00130533,0.00186286,0.00186286
q158_cntd_20h,24h,2024-09,-0.005159,0.006595,0.013798,-0.00105691,0.00054489,0.00113292
q158_cntd_20h,24h,2024-10,-0.041716,-0.010579,0.002695,-0.0046965,-0.00148269,-3.296e-05
q158_cntd_20h,24h,2024-11,0.041076,-0.001933,0.009092,0.00652272,0.00025644,0.00105965
q158_cntd_20h,24h,2024-12,-0.017912,-0.006184,0.000206,-0.00052985,0.00043212,0.00048851
q158_cntd_20h,24h,2025-01,0.017479,0.013547,0.001484,0.00449383,0.00349557,0.00100644
q158_cntd_20h,24h,2025-02,0.024751,0.008106,0.003086,0.00624422,0.00340273,0.00182958
q158_cntd_20h,24h,2025-03,0.019579,0.020603,0.007209,0.00161064,0.00411623,0.00227418
q158_cntd_20h,24h,2025-04,-0.012137,0.010731,0.012139,-0.00042898,0.00247529,0.00298543
q158_cntd_20h,24h,2025-05,-0.032502,-0.008353,-0.000124,-0.00419686,-0.00100507,0.00119883
q158_cntd_20h,24h,2025-06,-0.000448,-0.015029,0.002787,0.00168353,-0.00098077,0.00156773
q158_cntd_20h,24h,2025-07,-0.009834,-0.014261,-0.001765,0.00136248,-0.00038362,0.00104584
q158_cntd_20h,24h,2025-08,0.009694,-0.000196,-0.004275,0.00618894,0.00307832,0.00103663
q158_cntd_20h,24h,2025-09,-0.024837,-0.008326,-0.011677,0.00333296,0.00362813,0.00132368
q158_cntd_20h,24h,2025-10,-0.008381,-0.007841,-0.011051,0.00263359,0.00405183,0.00183411
q158_cntd_20h,24h,2025-11,0.000523,-0.010898,-0.005547,0.00286166,0.00294274,0.00301053
q158_cntd_20h,24h,2025-12,-0.001955,-0.003271,-0.005798,-8.868e-05,0.00180219,0.00271516
q158_cntd_20h,24h,2026-01,0.000292,-0.00038,-0.004111,0.00366612,0.00214637,0.0030991
q158_cntd_20h,24h,2026-02,-0.029572,-0.010411,-0.010655,-0.00150145,0.000692,0.00181737
q158_cntd_20h,24h,2026-03,-0.033353,-0.020878,-0.012074,-0.0021353,9.79e-06,0.00090599
q158_cntd_20h,24h,2026-04,-0.047988,-0.036971,-0.018675,-0.00215189,-0.00192955,0.00010841
q158_cntd_20h,24h,2026-05,0.00196,-0.02646,-0.018436,0.00184497,-0.00081407,-6.104e-05
q158_cntd_20h,24h,2026-06,0.028304,-0.005908,-0.013393,0.01038336,0.00335881,0.0016843
q158_cntd_20h,4h,2024-06,0.004192,0.004192,0.004192,0.00027818,0.00027818,0.00027818
q158_cntd_20h,4h,2024-07,-0.008181,-0.001995,-0.001995,-0.00029484,-8.33e-06,-8.33e-06
q158_cntd_20h,4h,2024-08,-0.016065,-0.006685,-0.006685,-0.00037232,-0.00012966,-0.00012966
q158_cntd_20h,4h,2024-09,-0.005495,-0.009914,-0.006387,-0.00022008,-0.00029575,-0.00015227
q158_cntd_20h,4h,2024-10,-0.025578,-0.015712,-0.010225,-0.0006086,-0.00040033,-0.00024353
q158_cntd_20h,4h,2024-11,0.012405,-0.006223,-0.006454,0.00097696,4.943e-05,-4.012e-05
q158_cntd_20h,4h,2024-12,-0.027631,-0.013601,-0.011758,-0.00023774,4.354e-05,-0.0001261
q158_cntd_20h,4h,2025-01,-0.001205,-0.005477,-0.010595,0.00024461,0.00032794,-3.62e-05
q158_cntd_20h,4h,2025-02,0.00375,-0.008362,-0.007292,0.00075747,0.00025478,0.0001521
q158_cntd_20h,4h,2025-03,-0.009804,-0.00242,-0.008011,-0.0008613,4.693e-05,4.523e-05
q158_cntd_20h,4h,2025-04,-0.00222,-0.002758,-0.004118,0.00016018,1.878e-05,0.00017336
q158_cntd_20h,4h,2025-05,-0.02277,-0.011598,-0.00998,-0.0002426,-0.00031457,-2.99e-05
q158_cntd_20h,4h,2025-06,-0.009391,-0.01146,-0.00694,-8.715e-05,-5.652e-05,-4.8e-06
q158_cntd_20h,4h,2025-07,-0.010272,-0.014144,-0.008451,0.00068484,0.00011836,6.857e-05
q158_cntd_20h,4h,2025-08,0.006859,-0.004268,-0.007933,0.00191894,0.00083888,0.00026215
q158_cntd_20h,4h,2025-09,-0.018835,-0.007416,-0.009438,0.00026221,0.00095533,0.0004494
q158_cntd_20h,4h,2025-10,-0.015178,-0.009051,-0.011598,0.00144044,0.0012072,0.00066278
q158_cntd_20h,4h,2025-11,-0.005791,-0.013268,-0.008768,0.00114943,0.00095069,0.00089479
q158_cntd_20h,4h,2025-12,-0.013313,-0.011427,-0.009422,0.00051111,0.00103366,0.00099449
q158_cntd_20h,4h,2026-01,-0.005996,-0.008367,-0.008709,0.00132955,0.0009967,0.00110195
q158_cntd_20h,4h,2026-02,-0.025339,-0.014883,-0.014076,5.928e-05,0.00063331,0.000792
q158_cntd_20h,4h,2026-03,-0.033631,-0.021656,-0.016542,-0.00065127,0.00024585,0.00063976
q158_cntd_20h,4h,2026-04,-0.030022,-0.029664,-0.019016,-0.00018236,-0.00025812,0.00036929
q158_cntd_20h,4h,2026-05,-0.014083,-0.025912,-0.020398,-0.00033115,-0.00038826,0.00012253
q158_cntd_20h,4h,2026-06,0.005607,-0.012833,-0.017244,0.00193718,0.00047456,0.0003602
q158_cntd_20h,72h,2024-06,0.048347,0.048347,0.048347,0.00685938,0.00685938,0.00685938
q158_cntd_20h,72h,2024-07,-0.00156,0.023394,0.023394,-0.00454769,0.00115584,0.00115584
q158_cntd_20h,72h,2024-08,0.015394,0.020727,0.020727,0.00299697,0.00176955,0.00176955
q158_cntd_20h,72h,2024-09,0.010071,0.007968,0.018063,-0.00120248,-0.00091773,0.00102655
q158_cntd_20h,72h,2024-10,-0.044232,-0.006256,0.005604,-0.00883612,-0.00234721,-0.00094599
q158_cntd_20h,72h,2024-11,0.053056,0.006298,0.013513,0.0146412,0.0015342,0.00165188
q158_cntd_20h,72h,2024-12,-0.024839,-0.005338,0.001315,-0.00368567,0.00070647,-0.00010563
q158_cntd_20h,72h,2025-01,0.041605,0.023274,0.008509,0.01196123,0.00763892,0.00264586
q158_cntd_20h,72h,2025-02,-0.004472,0.004098,0.005198,0.00213884,0.00347147,0.00250283
q158_cntd_20h,72h,2025-03,0.005661,0.014265,0.004463,0.00128303,0.0051277,0.00291709
q158_cntd_20h,72h,2025-04,-0.004085,-0.000965,0.011154,0.00377755,0.00239981,0.00501936
q158_cntd_20h,72h,2025-05,-0.027157,-0.008527,-0.002215,-0.00656376,-0.00050106,0.0014852
q158_cntd_20h,72h,2025-06,-0.010638,-0.01396,0.000152,0.00069446,-0.00069725,0.00221522
q158_cntd_20h,72h,2025-07,-0.001328,-0.013041,-0.007003,0.00576198,-3.577e-05,0.00118202
q158_cntd_20h,72h,2025-08,-0.004804,-0.00559,-0.007059,0.02774245,0.01139963,0.00544928
q158_cntd_20h,72h,2025-09,-0.016555,-0.007562,-0.010761,0.00632526,0.01327656,0.00628966
q158_cntd_20h,72h,2025-10,0.007967,-0.004464,-0.008753,0.01580689,0.01662487,0.00829455
q158_cntd_20h,72h,2025-11,-0.002353,-0.003647,-0.004619,-0.00454107,0.00586369,0.00863166
q158_cntd_20h,72h,2025-12,-0.001193,0.001474,-0.003044,-0.0011227,0.00338104,0.0083288
q158_cntd_20h,72h,2026-01,0.011801,0.002752,-0.000856,0.00791932,0.00075185,0.00868836
q158_cntd_20h,72h,2026-02,-0.013331,-0.000908,-0.002277,0.00110389,0.0026335,0.0042486
q158_cntd_20h,72h,2026-03,-0.013607,-0.005045,-0.001786,4.828e-05,0.00302383,0.00320244
q158_cntd_20h,72h,2026-04,-0.032074,-0.019671,-0.008459,0.008025,0.00305906,0.00190545
q158_cntd_20h,72h,2026-05,0.002642,-0.014346,-0.007627,0.00724634,0.00510654,0.00387002
q158_cntd_20h,72h,2026-06,0.005591,-0.007947,-0.006496,0.00873561,0.00800232,0.00551307
q158_cord_20h,1h,2024-06,-0.008685,-0.008685,-0.008685,0.00019118,0.00019118,0.00019118
q158_cord_20h,1h,2024-07,-0.020894,-0.01479,-0.01479,-4.976e-05,7.071e-05,7.071e-05
q158_cord_20h,1h,2024-08,-0.033548,-0.021042,-0.021042,-0.00014141,0.0,0.0
q158_cord_20h,1h,2024-09,-0.022249,-0.025564,-0.021344,1.197e-05,-5.973e-05,3e-06
q158_cord_20h,1h,2024-10,-0.024181,-0.026659,-0.021911,5.767e-05,-2.392e-05,1.393e-05
q158_cord_20h,1h,2024-11,-0.027903,-0.024778,-0.02291,7.031e-05,4.665e-05,2.333e-05
q158_cord_20h,1h,2024-12,-0.027559,-0.026548,-0.026056,4.55e-06,4.418e-05,-7.78e-06
q158_cord_20h,1h,2025-01,-0.029536,-0.028333,-0.027496,-4.791e-05,8.98e-06,-7.47e-06
q158_cord_20h,1h,2025-02,-0.020729,-0.025941,-0.02536,0.00022325,5.996e-05,5.331e-05
q158_cord_20h,1h,2025-03,-0.020967,-0.023744,-0.025146,-0.00015579,6.52e-06,2.535e-05
q158_cord_20h,1h,2025-04,-0.013504,-0.0184,-0.023366,6.813e-05,4.52e-05,2.709e-05
q158_cord_20h,1h,2025-05,-0.027165,-0.020545,-0.023243,-0.00010759,-6.508e-05,-2.56e-06
q158_cord_20h,1h,2025-06,-0.023934,-0.021534,-0.022639,9.69e-06,-9.92e-06,-1.7e-06
q158_cord_20h,1h,2025-07,-0.021775,-0.024291,-0.021346,7.929e-05,-6.2e-06,1.95e-05
q158_cord_20h,1h,2025-08,-0.021189,-0.022299,-0.021422,1.974e-05,3.624e-05,-1.442e-05
q158_cord_20h,1h,2025-09,-0.020728,-0.021231,-0.021382,0.00045659,0.00018521,8.764e-05
q158_cord_20h,1h,2025-10,-0.021745,-0.021221,-0.022756,4.945e-05,0.00017526,8.453e-05
q158_cord_20h,1h,2025-11,-0.026678,-0.023051,-0.022675,-2.795e-05,0.00015936,9.78e-05
q158_cord_20h,1h,2025-12,-0.027905,-0.025443,-0.023337,-4.837e-05,-8.96e-06,8.812e-05
q158_cord_20h,1h,2026-01,-0.028866,-0.027816,-0.024519,-0.00018799,-8.81e-05,4.358e-05
q158_cord_20h,1h,2026-02,-0.014489,-0.023753,-0.023402,0.00011722,-3.971e-05,5.983e-05
q158_cord_20h,1h,2026-03,-0.011582,-0.018312,-0.021877,0.00025797,6.24e-05,2.672e-05
q158_cord_20h,1h,2026-04,-0.016356,-0.014142,-0.020979,9.611e-05,0.0001571,3.45e-05
q158_cord_20h,1h,2026-05,-0.019007,-0.015648,-0.019701,-7.3e-06,0.00011559,3.794e-05
q158_cord_20h,1h,2026-06,-0.008674,-0.014679,-0.016496,0.00044711,0.00017864,0.00012052
q158_cord_20h,24h,2024-06,0.00274,0.00274,0.00274,0.00308806,0.00308806,0.00308806
q158_cord_20h,24h,2024-07,-0.033455,-0.015357,-0.015357,0.00023943,0.00166375,0.00166375
q158_cord_20h,24h,2024-08,-0.052074,-0.027596,-0.027596,-0.00199177,0.00044524,0.00044524
q158_cord_20h,24h,2024-09,-0.035271,-0.040266,-0.029515,0.00130077,-0.00015052,0.00065912
q158_cord_20h,24h,2024-10,-0.038232,-0.041859,-0.031258,-0.00075532,-0.00048211,0.00037623
q158_cord_20h,24h,2024-11,-0.05615,-0.043218,-0.035407,0.00312639,0.00122395,0.00083459
q158_cord_20h,24h,2024-12,-0.029326,-0.041236,-0.040751,0.00104414,0.0011384,0.00049394
q158_cord_20h,24h,2025-01,-0.023054,-0.036177,-0.039018,0.00432963,0.00283339,0.00117564
q158_cord_20h,24h,2025-02,-0.030117,-0.027499,-0.035358,0.00555188,0.00364188,0.00243291
q158_cord_20h,24h,2025-03,-0.048086,-0.033752,-0.037494,-0.00293164,0.00231662,0.00172751
q158_cord_20h,24h,2025-04,-0.029659,-0.035954,-0.036065,0.00351994,0.00204673,0.00244006
q158_cord_20h,24h,2025-05,-0.067045,-0.048263,-0.037881,-0.00459165,-0.00133445,0.00115372
q158_cord_20h,24h,2025-06,-0.054562,-0.050422,-0.042087,-0.00190408,-0.00099193,0.00066235
q158_cord_20h,24h,2025-07,-0.057583,-0.05973,-0.047842,-0.00081645,-0.00243739,-0.00019533
q158_cord_20h,24h,2025-08,-0.04808,-0.053408,-0.050836,-0.00057925,-0.00109993,-0.00121719
q158_cord_20h,24h,2025-09,-0.033655,-0.046439,-0.048431,0.00777725,0.00212718,0.00056763
q158_cord_20h,24h,2025-10,-0.041657,-0.041131,-0.05043,0.00041268,0.00253689,4.975e-05
q158_cord_20h,24h,2025-11,-0.056791,-0.044034,-0.048721,-0.0015969,0.00219768,0.00054888
q158_cord_20h,24h,2025-12,-0.049468,-0.049305,-0.047872,-0.00311648,-0.00143357,0.00034681
q158_cord_20h,24h,2026-01,-0.04482,-0.05036,-0.045745,-0.00030933,-0.00167424,0.00043133
q158_cord_20h,24h,2026-02,-0.038069,-0.044119,-0.044077,0.00096189,-0.00082131,0.00068819
q158_cord_20h,24h,2026-03,-0.022594,-0.035161,-0.042233,0.00233257,0.00099504,-0.00021926
q158_cord_20h,24h,2026-04,-0.065448,-0.042037,-0.046198,-0.00122209,0.00069079,-0.00049172
q158_cord_20h,24h,2026-05,-0.019428,-0.035823,-0.039971,0.00335266,0.00148771,0.0003332
q158_cord_20h,24h,2026-06,0.016736,-0.022713,-0.028937,0.01396945,0.00536667,0.00318086
q158_cord_20h,4h,2024-06,-0.009773,-0.009773,-0.009773,0.00072052,0.00072052,0.00072052
q158_cord_20h,4h,2024-07,-0.028261,-0.019017,-0.019017,-0.00027471,0.0002229,0.0002229
q158_cord_20h,4h,2024-08,-0.043943,-0.027325,-0.027325,-0.00031351,4.41e-05,4.41e-05
q158_cord_20h,4h,2024-09,-0.027338,-0.03318,-0.027329,0.00015201,-0.0001454,7.108e-05
q158_cord_20h,4h,2024-10,-0.033963,-0.035081,-0.028656,-4.905e-05,-7.018e-05,4.705e-05
q158_cord_20h,4h,2024-11,-0.038797,-0.033366,-0.030346,0.00057124,0.00022473,0.00013442
q158_cord_20h,4h,2024-12,-0.037951,-0.036904,-0.035042,0.00024479,0.00025566,5.513e-05
q158_cord_20h,4h,2025-01,-0.040725,-0.039158,-0.037119,-4.516e-05,0.00025696,9.339e-05
q158_cord_20h,4h,2025-02,-0.026325,-0.035,-0.034183,0.00079359,0.00033107,0.0002779
q158_cord_20h,4h,2025-03,-0.03387,-0.03364,-0.035272,-0.00057159,5.895e-05,0.0001573
q158_cord_20h,4h,2025-04,-0.014404,-0.024866,-0.032012,0.00098556,0.00040252,0.00032974
q158_cord_20h,4h,2025-05,-0.044696,-0.03099,-0.032995,-0.00044107,-9.03e-06,0.00016102
q158_cord_20h,4h,2025-06,-0.038426,-0.032508,-0.033074,-0.00046948,2.5e-05,4.198e-05
q158_cord_20h,4h,2025-07,-0.03382,-0.03898,-0.031923,0.00012525,-0.00026177,7.038e-05
q158_cord_20h,4h,2025-08,-0.026232,-0.032826,-0.031908,0.00021058,-4.455e-05,-2.679e-05
q158_cord_20h,4h,2025-09,-0.030332,-0.030128,-0.031318,0.00146311,0.00059965,0.00031233
q158_cord_20h,4h,2025-10,-0.033201,-0.029922,-0.034451,0.00041759,0.00069709,0.00021766
q158_cord_20h,4h,2025-11,-0.04181,-0.035114,-0.03397,-0.00038834,0.00049745,0.00022645
q158_cord_20h,4h,2025-12,-0.043428,-0.03948,-0.034804,-0.0005909,-0.00018722,0.00020622
q158_cord_20h,4h,2026-01,-0.036222,-0.040487,-0.035204,-0.00038795,-0.00045573,0.00012068
q158_cord_20h,4h,2026-02,-0.023504,-0.034385,-0.034749,0.00052642,-0.00015081,0.00017332
q158_cord_20h,4h,2026-03,-0.021503,-0.027076,-0.033278,0.00079279,0.00031042,6.16e-05
q158_cord_20h,4h,2026-04,-0.037058,-0.027355,-0.033921,0.00015842,0.00049254,1.841e-05
q158_cord_20h,4h,2026-05,-0.030596,-0.029719,-0.032052,-4.197e-05,0.00030308,7.613e-05
q158_cord_20h,4h,2026-06,-0.004347,-0.024,-0.025538,0.00176956,0.00062867,0.00046955
q158_cord_20h,72h,2024-06,-0.007087,-0.007087,-0.007087,0.00039644,0.00039644,0.00039644
q158_cord_20h,72h,2024-07,-0.060734,-0.033911,-0.033911,-0.00374055,-0.00167205,-0.00167205
q158_cord_20h,72h,2024-08,-0.064761,-0.044194,-0.044194,-0.00909999,-0.00414803,-0.00414803
q158_cord_20h,72h,2024-09,-0.029014,-0.051503,-0.040399,0.00285919,-0.00332712,-0.00239623
q158_cord_20h,72h,2024-10,-0.055487,-0.049754,-0.043417,-0.00504231,-0.00376104,-0.00292544
q158_cord_20h,72h,2024-11,-0.029197,-0.037899,-0.041047,0.0124875,0.00343479,-0.00035662
q158_cord_20h,72h,2024-12,-0.00904,-0.031241,-0.041372,0.00451256,0.00398592,0.0003294
q158_cord_20h,72h,2025-01,-0.038519,-0.025585,-0.03767,-0.00316828,0.00461059,0.00042478
q158_cord_20h,72h,2025-02,-0.056346,-0.034635,-0.036267,0.00024592,0.00053007,0.00198243
q158_cord_20h,72h,2025-03,-0.038008,-0.044291,-0.037766,-0.00223255,-0.0017183,0.00113381
q158_cord_20h,72h,2025-04,-0.013036,-0.035797,-0.030691,0.00739226,0.00180188,0.00320624
q158_cord_20h,72h,2025-05,-0.041086,-0.03071,-0.032673,-0.00406428,0.00036514,0.00044761
q158_cord_20h,72h,2025-06,-0.054788,-0.036303,-0.040297,-0.00088794,0.00081335,-0.00045248
q158_cord_20h,72h,2025-07,-0.035355,-0.043743,-0.03977,0.00896826,0.00133868,0.00157028
q158_cord_20h,72h,2025-08,-0.050269,-0.046804,-0.038757,0.01290669,0.00699567,0.00368041
q158_cord_20h,72h,2025-09,-0.00344,-0.029688,-0.032996,0.01741724,0.0130974,0.00695537
q158_cord_20h,72h,2025-10,-0.018176,-0.023962,-0.033852,0.00995545,0.01342646,0.00738257
q158_cord_20h,72h,2025-11,-0.056396,-0.026004,-0.036404,-0.00993033,0.00581412,0.00640489
q158_cord_20h,72h,2025-12,-0.049794,-0.041456,-0.035572,-0.00452814,-0.00150101,0.00579819
q158_cord_20h,72h,2026-01,-0.017796,-0.041329,-0.032645,0.00762694,-0.00227718,0.00557464
q158_cord_20h,72h,2026-02,-0.019657,-0.029082,-0.027543,0.00208729,0.0017287,0.00377141
q158_cord_20h,72h,2026-03,-0.028124,-0.021859,-0.031657,0.00440398,0.00470607,0.00160253
q158_cord_20h,72h,2026-04,-0.04823,-0.032004,-0.036666,0.00684113,0.00444413,0.00108348
q158_cord_20h,72h,2026-05,-0.019111,-0.031822,-0.030452,0.00712808,0.0061244,0.00392655
q158_cord_20h,72h,2026-06,-0.022849,-0.030063,-0.025961,0.00232863,0.00543261,0.00506934
q158_corr_20h,1h,2024-06,-0.012449,-0.012449,-0.012449,0.00024517,0.00024517,0.00024517
q158_corr_20h,1h,2024-07,-0.021454,-0.016951,-0.016951,-5.865e-05,9.326e-05,9.326e-05
q158_corr_20h,1h,2024-08,-0.024287,-0.019397,-0.019397,-0.00011264,2.463e-05,2.463e-05
q158_corr_20h,1h,2024-09,-0.022454,-0.022732,-0.020161,9.401e-05,-2.576e-05,4.197e-05
q158_corr_20h,1h,2024-10,-0.023579,-0.02344,-0.020845,1.05e-05,-2.71e-06,3.568e-05
q158_corr_20h,1h,2024-11,-0.018882,-0.021638,-0.020517,0.00037652,0.00016034,9.249e-05
q158_corr_20h,1h,2024-12,-0.026249,-0.022903,-0.022817,-5.311e-05,0.0001113,4.277e-05
q158_corr_20h,1h,2025-01,-0.027437,-0.024189,-0.023815,-6.01e-06,0.0001058,5.155e-05
q158_corr_20h,1h,2025-02,-0.015702,-0.023129,-0.022384,0.00030254,8.114e-05,0.00012074
q158_corr_20h,1h,2025-03,-0.022714,-0.021951,-0.022427,-8.081e-05,7.191e-05,9.161e-05
q158_corr_20h,1h,2025-04,-0.019247,-0.019221,-0.021705,-9.717e-05,4.152e-05,7.366e-05
q158_corr_20h,1h,2025-05,-0.023404,-0.021788,-0.022459,-2.698e-05,-6.832e-05,6.41e-06
q158_corr_20h,1h,2025-06,-0.024026,-0.022226,-0.022088,-0.0002652,-0.00012978,-2.894e-05
q158_corr_20h,1h,2025-07,-0.015487,-0.020972,-0.020097,0.00013691,-5.176e-05,-5.12e-06
q158_corr_20h,1h,2025-08,-0.020613,-0.020042,-0.020915,0.00011878,-3.17e-06,-3.574e-05
q158_corr_20h,1h,2025-09,-0.018985,-0.018361,-0.020294,0.00037049,0.00020873,3.947e-05
q158_corr_20h,1h,2025-10,-0.019831,-0.019809,-0.020391,0.0001728,0.00022069,8.447e-05
q158_corr_20h,1h,2025-11,-0.03024,-0.023018,-0.02153,-0.00025316,9.671e-05,4.677e-05
q158_corr_20h,1h,2025-12,-0.025567,-0.025213,-0.021787,-0.00018146,-8.727e-05,6.073e-05
q158_corr_20h,1h,2026-01,-0.023383,-0.026397,-0.023103,1.011e-05,-0.0001415,3.959e-05
q158_corr_20h,1h,2026-02,-0.015886,-0.021612,-0.022315,-8.944e-05,-8.693e-05,4.89e-06
q158_corr_20h,1h,2026-03,-0.011344,-0.016871,-0.021042,0.00016936,3.001e-05,-2.863e-05
q158_corr_20h,1h,2026-04,-0.012312,-0.013181,-0.019789,0.00030197,0.0001273,-7.1e-06
q158_corr_20h,1h,2026-05,-0.015086,-0.012914,-0.017263,-6.879e-05,0.00013418,2.362e-05
q158_corr_20h,1h,2026-06,-0.006349,-0.011249,-0.01406,0.00036349,0.00019889,0.00011445
q158_corr_20h,24h,2024-06,-0.019447,-0.019447,-0.019447,0.00258897,0.00258897,0.00258897
q158_corr_20h,24h,2024-07,-0.041941,-0.030694,-0.030694,0.00123144,0.0019102,0.0019102
q158_corr_20h,24h,2024-08,-0.054477,-0.038621,-0.038621,-0.00126733,0.00085103,0.00085103
q158_corr_20h,24h,2024-09,-0.047129,-0.047849,-0.040748,-0.00011811,-5.133e-05,0.00060874
q158_corr_20h,24h,2024-10,-0.049203,-0.050269,-0.042439,-0.00086198,-0.00074914,0.0003146
q158_corr_20h,24h,2024-11,-0.039673,-0.045335,-0.041978,0.00436958,0.00112983,0.00099043
q158_corr_20h,24h,2024-12,-0.025662,-0.038179,-0.043014,0.00390238,0.00246999,0.00120933
q158_corr_20h,24h,2025-01,-0.047779,-0.037705,-0.043987,-0.00137392,0.00229935,0.0007751
q158_corr_20h,24h,2025-02,-0.023202,-0.032214,-0.038775,0.00615437,0.00289428,0.00201205
q158_corr_20h,24h,2025-03,-0.06356,-0.044847,-0.041513,-0.00231567,0.00082159,0.00164579
q158_corr_20h,24h,2025-04,-0.032171,-0.039644,-0.038674,0.00397046,0.00260305,0.0024512
q158_corr_20h,24h,2025-05,-0.076909,-0.057547,-0.04488,-0.00489312,-0.00107944,0.00090742
q158_corr_20h,24h,2025-06,-0.055737,-0.054939,-0.049893,-0.00395171,-0.00162479,-0.0004016
q158_corr_20h,24h,2025-07,-0.032284,-0.054977,-0.047311,0.00139572,-0.00248304,6.001e-05
q158_corr_20h,24h,2025-08,-0.06063,-0.04955,-0.053548,0.0021816,-0.0001248,-0.00060212
q158_corr_20h,24h,2025-09,-0.044996,-0.04597,-0.050454,0.00654702,0.00337478,0.000875
q158_corr_20h,24h,2025-10,-0.045099,-0.050241,-0.052609,8.23e-05,0.00293697,0.00022697
q158_corr_20h,24h,2025-11,-0.06898,-0.053025,-0.051288,-0.00346668,0.00105421,0.00046471
q158_corr_20h,24h,2025-12,-0.055194,-0.056424,-0.051197,-0.00516229,-0.00284889,0.00026294
q158_corr_20h,24h,2026-01,-0.04298,-0.055718,-0.05298,0.00031822,-0.00277025,8.336e-05
q158_corr_20h,24h,2026-02,-0.035409,-0.044528,-0.048776,0.00223254,-0.00087051,9.185e-05
q158_corr_20h,24h,2026-03,-0.025782,-0.034724,-0.045574,0.00208455,0.0015451,-0.00065189
q158_corr_20h,24h,2026-04,-0.052492,-0.037894,-0.046806,0.00318781,0.00250163,-0.00013431
q158_corr_20h,24h,2026-05,-0.032186,-0.03682,-0.040674,0.00194352,0.00240529,0.00076739
q158_corr_20h,24h,2026-06,0.000266,-0.028137,-0.031431,0.00761927,0.0042502,0.00289765
q158_corr_20h,4h,2024-06,-0.010168,-0.010168,-0.010168,0.00097059,0.00097059,0.00097059
q158_corr_20h,4h,2024-07,-0.030168,-0.020168,-0.020168,-0.00018268,0.00039395,0.00039395
q158_corr_20h,4h,2024-08,-0.033902,-0.024746,-0.024746,-0.00050007,9.595e-05,9.595e-05
q158_corr_20h,4h,2024-09,-0.026185,-0.030085,-0.025106,0.00024622,-0.00014551,0.00013351
q158_corr_20h,4h,2024-10,-0.036798,-0.032295,-0.027444,-5.194e-05,-0.00010193,9.642e-05
q158_corr_20h,4h,2024-11,-0.01949,-0.027491,-0.026118,0.00132456,0.00050628,0.00030111
q158_corr_20h,4h,2024-12,-0.032814,-0.0297,-0.029893,0.00054028,0.0006043,0.00022939
q158_corr_20h,4h,2025-01,-0.036279,-0.029528,-0.030911,-0.00025838,0.00053549,0.00021678
q158_corr_20h,4h,2025-02,-0.018649,-0.029247,-0.028369,0.00103749,0.0004398,0.00047304
q158_corr_20h,4h,2025-03,-0.03498,-0.029969,-0.029835,-0.00026527,0.00017128,0.00038779
q158_corr_20h,4h,2025-04,-0.030758,-0.028129,-0.028828,-0.00027459,0.00016588,0.00035068
q158_corr_20h,4h,2025-05,-0.044888,-0.036875,-0.033061,-0.00048952,-0.00034313,4.834e-05
q158_corr_20h,4h,2025-06,-0.041316,-0.038987,-0.034478,-0.00122769,-0.00066393,-0.00024633
q158_corr_20h,4h,2025-07,-0.023525,-0.036576,-0.032353,0.00040636,-0.00043695,-0.00013554
q158_corr_20h,4h,2025-08,-0.032422,-0.032421,-0.034648,0.00032276,-0.00016619,-0.00025466
q158_corr_20h,4h,2025-09,-0.030629,-0.028859,-0.033923,0.00095278,0.00056063,-5.165e-05
q158_corr_20h,4h,2025-10,-0.034497,-0.032516,-0.034546,0.00012034,0.00046529,1.417e-05
q158_corr_20h,4h,2025-11,-0.059445,-0.041524,-0.036972,-0.00137452,-0.00010047,-0.00013333
q158_corr_20h,4h,2025-12,-0.044982,-0.046308,-0.037583,-0.00112658,-0.00079359,-0.00011648
q158_corr_20h,4h,2026-01,-0.032939,-0.045789,-0.039152,4.155e-05,-0.00081985,-0.00017728
q158_corr_20h,4h,2026-02,-0.030802,-0.036241,-0.038882,-9.195e-05,-0.00039233,-0.0002464
q158_corr_20h,4h,2026-03,-0.02129,-0.028343,-0.037326,0.00052601,0.00015854,-0.00031752
q158_corr_20h,4h,2026-04,-0.027605,-0.026565,-0.036177,0.00111435,0.00051614,-0.00015186
q158_corr_20h,4h,2026-05,-0.02593,-0.024942,-0.030591,6.155e-05,0.0005673,8.749e-05
q158_corr_20h,4h,2026-06,-0.009136,-0.02089,-0.024617,0.00122206,0.00079932,0.00047893
q158_corr_20h,72h,2024-06,-0.039553,-0.039553,-0.039553,-0.00246883,-0.00246883,-0.00246883
q158_corr_20h,72h,2024-07,-0.049591,-0.044572,-0.044572,-0.00075775,-0.00161329,-0.00161329
q158_corr_20h,72h,2024-08,-0.061055,-0.050066,-0.050066,-0.00754388,-0.00359015,-0.00359015
q158_corr_20h,72h,2024-09,-0.025156,-0.045267,-0.043839,0.00106805,-0.00241119,-0.0024256
q158_corr_20h,72h,2024-10,-0.052633,-0.046281,-0.045598,-0.00314145,-0.00320576,-0.00256877
q158_corr_20h,72h,2024-11,-0.007388,-0.028392,-0.039229,0.0171857,0.00503743,0.00072364
q158_corr_20h,72h,2024-12,-0.023963,-0.027995,-0.036631,0.00575281,0.00659902,0.00209391
q158_corr_20h,72h,2025-01,-0.06287,-0.031407,-0.038844,-0.0118289,0.0037032,0.00024872
q158_corr_20h,72h,2025-02,-0.054375,-0.047069,-0.037731,2.263e-05,-0.00201782,0.00150981
q158_corr_20h,72h,2025-03,-0.05796,-0.058402,-0.043198,-0.00340608,-0.00507078,0.00076412
q158_corr_20h,72h,2025-04,-0.019547,-0.043961,-0.037684,0.01161144,0.00274266,0.00322293
q158_corr_20h,72h,2025-05,-0.064817,-0.047441,-0.047255,-0.00394403,0.00142044,-0.00029869
q158_corr_20h,72h,2025-06,-0.058704,-0.047689,-0.053045,-0.00145296,0.00207148,-0.00149965
q158_corr_20h,72h,2025-07,-0.039491,-0.054337,-0.049149,0.00478684,-0.00020338,0.00126964
q158_corr_20h,72h,2025-08,-0.042366,-0.046854,-0.047147,0.01994695,0.00776028,0.00459036
q158_corr_20h,72h,2025-09,-0.032664,-0.038174,-0.042931,0.01420084,0.01297821,0.00752485
q158_corr_20h,72h,2025-10,-0.026204,-0.033745,-0.044041,0.0124903,0.01554603,0.00767132
q158_corr_20h,72h,2025-11,-0.070504,-0.043124,-0.044989,-0.01502488,0.00388875,0.00582452
q158_corr_20h,72h,2025-12,-0.055283,-0.050664,-0.044419,-0.00760756,-0.00338071,0.00479875
q158_corr_20h,72h,2026-01,-0.026146,-0.050645,-0.042195,0.00457528,-0.00601905,0.00476349
q158_corr_20h,72h,2026-02,-0.028482,-0.036637,-0.039881,0.00214462,-0.00029589,0.00179643
q158_corr_20h,72h,2026-03,-0.027587,-0.027405,-0.039034,0.00618435,0.00430142,0.00046035
q158_corr_20h,72h,2026-04,-0.051128,-0.035732,-0.043188,0.01000221,0.00611039,4.567e-05
q158_corr_20h,72h,2026-05,-0.032095,-0.036937,-0.036787,0.00542128,0.00720261,0.00345336
q158_corr_20h,72h,2026-06,-0.02133,-0.034851,-0.031128,0.00519435,0.00687261,0.00558701
q158_ma_20h,1h,2024-06,0.002397,0.002397,0.002397,-0.00019266,-0.00019266,-0.00019266
q158_ma_20h,1h,2024-07,0.02157,0.011984,0.011984,1.56e-05,-8.853e-05,-8.853e-05
q158_ma_20h,1h,2024-08,0.034647,0.019538,0.019538,0.00012312,-1.798e-05,-1.798e-05
q158_ma_20h,1h,2024-09,0.033733,0.029983,0.023087,-0.00012504,4.56e-06,-4.474e-05
q158_ma_20h,1h,2024-10,0.043737,0.037372,0.027217,0.00018629,6.146e-05,1.46e-06
q158_ma_20h,1h,2024-11,0.037024,0.038165,0.028851,-4.55e-05,5.25e-06,-6.36e-06
q158_ma_20h,1h,2024-12,0.046424,0.042395,0.036189,0.00015505,9.861e-05,5.159e-05
q158_ma_20h,1h,2025-01,0.013829,0.032426,0.034899,-0.00024586,-4.544e-05,8.01e-06
q158_ma_20h,1h,2025-02,0.012246,0.024166,0.031165,-0.00029416,-0.00012832,-6.154e-05
q158_ma_20h,1h,2025-03,0.026199,0.017425,0.02991,0.00026581,-9.14e-05,3.61e-06
q158_ma_20h,1h,2025-04,0.034993,0.024479,0.028452,0.00034184,0.0001045,2.953e-05
q158_ma_20h,1h,2025-05,0.022258,0.027817,0.025991,-0.00011155,0.00016537,1.852e-05
q158_ma_20h,1h,2025-06,0.033402,0.030218,0.023821,0.00018854,0.00013961,2.41e-05
q158_ma_20h,1h,2025-07,0.039619,0.03176,0.028119,-0.00028272,-6.858e-05,1.796e-05
q158_ma_20h,1h,2025-08,0.034964,0.035995,0.031906,-0.00012272,-7.23e-05,4.653e-05
q158_ma_20h,1h,2025-09,0.032371,0.035651,0.032934,-0.00027947,-0.0002283,-4.435e-05
q158_ma_20h,1h,2025-10,0.040011,0.035782,0.033771,-0.00019707,-0.00019975,-0.00013417
q158_ma_20h,1h,2025-11,0.035839,0.036074,0.036034,-0.00023312,-0.00023655,-0.00015443
q158_ma_20h,1h,2025-12,0.040298,0.038716,0.037184,6.788e-05,-0.00012077,-0.00017454
q158_ma_20h,1h,2026-01,0.035974,0.03737,0.036576,-3.81e-06,-5.635e-05,-0.00012805
q158_ma_20h,1h,2026-02,0.02596,0.034077,0.035075,-0.00021481,-5.025e-05,-0.0001434
q158_ma_20h,1h,2026-03,0.022448,0.028127,0.033422,-0.00023576,-0.00015146,-0.00013611
q158_ma_20h,1h,2026-04,0.023851,0.024086,0.030728,-0.00017534,-0.00020864,-0.00013249
q158_ma_20h,1h,2026-05,0.033253,0.026517,0.030297,0.00010827,-0.00010094,-7.56e-05
q158_ma_20h,1h,2026-06,0.027417,0.028174,0.028151,-0.00016555,-7.754e-05,-0.0001145
q158_ma_20h,24h,2024-06,-0.008807,-0.008807,-0.008807,-0.00178136,-0.00178136,-0.00178136
q158_ma_20h,24h,2024-07,0.011705,0.001449,0.001449,-0.0018569,-0.00181913,-0.00181913
q158_ma_20h,24h,2024-08,0.002886,0.001928,0.001928,-0.00021926,-0.00128584,-0.00128584
q158_ma_20h,24h,2024-09,0.018385,0.010992,0.006042,-0.00118994,-0.0010887,-0.00126187
q158_ma_20h,24h,2024-10,0.04899,0.023421,0.014632,0.00304113,0.00054398,-0.00040127
q158_ma_20h,24h,2024-11,0.031768,0.033048,0.017488,-0.00079594,0.00035175,-0.00046704
q158_ma_20h,24h,2024-12,0.045668,0.042142,0.026567,0.00151867,0.00125462,8.296e-05
q158_ma_20h,24h,2025-01,-0.001766,0.025223,0.024322,-0.00474073,-0.00133933,-0.00039768
q158_ma_20h,24h,2025-02,0.014256,0.019386,0.026217,-0.00176321,-0.00166176,-0.000655
q158_ma_20h,24h,2025-03,0.0129,0.008463,0.025303,0.00079904,-0.00190163,-0.00032351
q158_ma_20h,24h,2025-04,0.031283,0.01948,0.022351,-0.00300758,-0.00132392,-0.00133163
q158_ma_20h,24h,2025-05,0.05507,0.033084,0.026235,0.00148065,-0.00024263,-0.00095219
q158_ma_20h,24h,2025-06,0.029446,0.0386,0.023531,0.00097579,-0.00018371,-0.00104267
q158_ma_20h,24h,2025-07,0.029651,0.038056,0.028768,-0.00292173,-0.0001551,-0.00073951
q158_ma_20h,24h,2025-08,0.011316,0.023471,0.028278,-0.00600755,-0.00265116,-0.0014469
q158_ma_20h,24h,2025-09,0.037595,0.026187,0.032394,-0.00417568,-0.00436832,-0.00227602
q158_ma_20h,24h,2025-10,0.052804,0.033905,0.03598,0.00102131,-0.00305397,-0.00160454
q158_ma_20h,24h,2025-11,0.03623,0.04221,0.032841,-0.00113162,-0.00142866,-0.00203991
q158_ma_20h,24h,2025-12,0.056264,0.048433,0.03731,0.00385992,0.00124987,-0.00155923
q158_ma_20h,24h,2026-01,0.03349,0.041995,0.03795,-0.00344092,-0.00023754,-0.00164576
q158_ma_20h,24h,2026-02,0.057365,0.04904,0.045625,0.00183814,0.00075238,-0.00033814
q158_ma_20h,24h,2026-03,0.032272,0.041043,0.044738,-0.00196706,-0.00118995,2.996e-05
q158_ma_20h,24h,2026-04,0.074063,0.054567,0.048281,-0.00066936,-0.00026609,-0.00025182
q158_ma_20h,24h,2026-05,0.02539,0.043908,0.046474,-0.00236749,-0.00166797,-0.00045779
q158_ma_20h,24h,2026-06,-0.024436,0.025006,0.033024,-0.01514619,-0.00606101,-0.00362548
q158_ma_20h,4h,2024-06,0.00178,0.00178,0.00178,-0.00062896,-0.00062896,-0.00062896
q158_ma_20h,4h,2024-07,0.035612,0.018696,0.018696,0.00029174,-0.00016861,-0.00016861
q158_ma_20h,4h,2024-08,0.042851,0.026748,0.026748,0.0003712,1.133e-05,1.133e-05
q158_ma_20h,4h,2024-09,0.017954,0.032139,0.024549,-0.00079345,-4.35e-05,-0.00018987
q158_ma_20h,4h,2024-10,0.046189,0.035665,0.028877,0.00053585,3.787e-05,-4.472e-05
q158_ma_20h,4h,2024-11,0.032288,0.032144,0.029446,-0.00033384,-0.00019715,-9.291e-05
q158_ma_20h,4h,2024-12,0.038231,0.038903,0.035521,-0.0002983,-3.21e-05,-3.78e-05
q158_ma_20h,4h,2025-01,0.017608,0.029376,0.03252,-0.00063647,-0.00042287,-0.0001925
q158_ma_20h,4h,2025-02,0.010467,0.022102,0.027123,-0.00103602,-0.00065693,-0.00042704
q158_ma_20h,4h,2025-03,0.035759,0.021278,0.03009,0.00084282,-0.00027656,-0.00015433
q158_ma_20h,4h,2025-04,0.034446,0.026891,0.028133,-0.00022045,-0.00013788,-0.00028038
q158_ma_20h,4h,2025-05,0.026294,0.032167,0.027134,-0.00072668,-3.477e-05,-0.00034585
q158_ma_20h,4h,2025-06,0.052355,0.037699,0.029488,0.00097322,8.7e-06,-0.00013393
q158_ma_20h,4h,2025-07,0.041765,0.040138,0.033515,-0.0012663,-0.00033992,-0.0002389
q158_ma_20h,4h,2025-08,0.027453,0.040524,0.036345,-0.00094501,-0.0004127,-0.00022373
q158_ma_20h,4h,2025-09,0.033683,0.0343,0.035999,-0.0008734,-0.00102824,-0.00050977
q158_ma_20h,4h,2025-10,0.053308,0.038148,0.039143,-0.0010802,-0.0009662,-0.00065306
q158_ma_20h,4h,2025-11,0.044865,0.043952,0.042238,-0.00030618,-0.00075326,-0.00058298
q158_ma_20h,4h,2025-12,0.055534,0.051235,0.042768,0.0007645,-0.00020729,-0.00061776
q158_ma_20h,4h,2026-01,0.031758,0.044052,0.0411,-0.0010033,-0.00018166,-0.00057393
q158_ma_20h,4h,2026-02,0.037936,0.041743,0.042847,-0.00046497,-0.00023459,-0.00049392
q158_ma_20h,4h,2026-03,0.034879,0.034858,0.043046,-0.00055634,-0.00067487,-0.00044108
q158_ma_20h,4h,2026-04,0.03656,0.036458,0.040255,-0.00132159,-0.00078097,-0.00048131
q158_ma_20h,4h,2026-05,0.047157,0.039532,0.040637,0.0003289,-0.00051634,-0.00037547
q158_ma_20h,4h,2026-06,0.022021,0.035246,0.035052,-0.00075857,-0.00058375,-0.00062931
q158_ma_20h,72h,2024-06,-0.051206,-0.051206,-0.051206,-0.00803717,-0.00803717,-0.00803717
q158_ma_20h,72h,2024-07,0.022447,-0.014379,-0.014379,0.00496898,-0.0015341,-0.0015341
q158_ma_20h,72h,2024-08,-0.017427,-0.015395,-0.015395,-0.0025097,-0.0018593,-0.0018593
q158_ma_20h,72h,2024-09,0.038004,0.014341,-0.002046,0.00071943,0.00105957,-0.00121462
q158_ma_20h,72h,2024-10,0.061822,0.027466,0.010728,0.00788031,0.00203001,0.00060437
q158_ma_20h,72h,2024-11,-0.015888,0.027979,0.006292,-0.014071,-0.00182375,-0.00184153
q158_ma_20h,72h,2024-12,0.031624,0.025853,0.020097,0.00088837,-0.00176744,-0.00035394
q158_ma_20h,72h,2025-01,-0.026347,-0.003537,0.011965,-0.00764523,-0.00694262,-0.0024563
q158_ma_20h,72h,2025-02,0.036289,0.013855,0.020917,0.00555561,-0.00040042,-0.00111209
q158_ma_20h,72h,2025-03,0.007104,0.005682,0.015767,0.00461747,0.00084262,-0.00046241
q158_ma_20h,72h,2025-04,0.000957,0.014783,0.005623,-0.01120661,-0.00034451,-0.00364357
q158_ma_20h,72h,2025-05,0.026578,0.011546,0.012701,-0.00356402,-0.00338439,-0.0018924
q158_ma_20h,72h,2025-06,0.068685,0.032073,0.018878,0.00721882,-0.00251727,-0.00083733
q158_ma_20h,72h,2025-07,0.019136,0.038133,0.026458,-0.00492372,-0.00042297,-0.00038374
q158_ma_20h,72h,2025-08,0.035439,0.041087,0.026317,-0.02436825,-0.00735772,-0.00537105
q158_ma_20h,72h,2025-09,0.008495,0.021024,0.026548,-0.02283028,-0.01737408,-0.00994568
q158_ma_20h,72h,2025-10,0.025425,0.02312,0.030626,-0.00614268,-0.0177804,-0.00910169
q158_ma_20h,72h,2025-11,0.003452,0.012457,0.026772,0.00542644,-0.00784884,-0.00760328
q158_ma_20h,72h,2025-12,0.040892,0.023256,0.02214,0.00621503,0.00183293,-0.00777058
q158_ma_20h,72h,2026-01,-0.0098,0.011515,0.017317,-0.01152615,3.844e-05,-0.00887098
q158_ma_20h,72h,2026-02,0.020933,0.017342,0.0149,-0.00205136,-0.00245416,-0.0051515
q158_ma_20h,72h,2026-03,0.013767,0.0083,0.015778,-0.00233721,-0.00530491,-0.00173599
q158_ma_20h,72h,2026-04,0.037342,0.024014,0.017764,-0.01247148,-0.00562002,-0.00279079
q158_ma_20h,72h,2026-05,-0.00232,0.016263,0.016802,-0.00846099,-0.00775656,-0.00510536
q158_ma_20h,72h,2026-06,-0.00069,0.011444,0.009872,-0.00897758,-0.00997002,-0.00763746
q158_max_20h,1h,2024-06,-0.033908,-0.033908,-0.033908,-0.00022016,-0.00022016,-0.00022016
q158_max_20h,1h,2024-07,-0.01407,-0.023989,-0.023989,-7.157e-05,-0.00014587,-0.00014587
q158_max_20h,1h,2024-08,-0.011511,-0.019829,-0.019829,2.163e-05,-9.003e-05,-9.003e-05
q158_max_20h,1h,2024-09,0.0027,-0.007627,-0.014197,0.00013611,2.872e-05,-3.35e-05
q158_max_20h,1h,2024-10,-0.001367,-0.003392,-0.011631,9.796e-05,8.523e-05,-7.21e-06
q158_max_20h,1h,2024-11,-0.004927,-0.001198,-0.010514,-7.951e-05,5.152e-05,-1.926e-05
q158_max_20h,1h,2024-12,0.01079,0.001499,-0.003064,-3.665e-05,-6.07e-06,1.133e-05
q158_max_20h,1h,2025-01,-0.035375,-0.009837,-0.006615,-0.00044362,-0.00018659,-5.068e-05
q158_max_20h,1h,2025-02,-0.025608,-0.016731,-0.008965,-0.00043276,-0.00030434,-0.00012641
q158_max_20h,1h,2025-03,-0.006892,-0.022625,-0.010563,-0.00010699,-0.00032779,-0.00016693
q158_max_20h,1h,2025-04,0.00336,-0.009713,-0.009775,0.00034867,-6.369e-05,-0.00012514
q158_max_20h,1h,2025-05,-0.008063,-0.003865,-0.010298,8.897e-05,0.00011022,-9.706e-05
q158_max_20h,1h,2025-06,-0.002766,-0.00249,-0.012557,-3.015e-05,0.00013583,-9.598e-05
q158_max_20h,1h,2025-07,0.008596,-0.000744,-0.005229,0.00020859,8.914e-05,1.272e-05
q158_max_20h,1h,2025-08,0.002876,0.002902,-0.000481,8.054e-05,8.633e-05,9.827e-05
q158_max_20h,1h,2025-09,-0.00317,0.002767,0.000139,0.00050585,0.00026499,0.00020041
q158_max_20h,1h,2025-10,0.001764,0.00049,-0.000127,0.00023754,0.00027464,0.00018189
q158_max_20h,1h,2025-11,-0.011079,-0.004162,-0.00063,-0.00024861,0.00016493,0.00012563
q158_max_20h,1h,2025-12,0.003436,-0.00196,0.000404,-6.685e-05,-2.597e-05,0.00011951
q158_max_20h,1h,2026-01,-0.002245,-0.003296,-0.001403,-0.00011679,-0.00014408,6.528e-05
q158_max_20h,1h,2026-02,-0.001345,-5.1e-05,-0.002107,-0.00039792,-0.00019385,-1.446e-05
q158_max_20h,1h,2026-03,-0.002534,-0.002041,-0.002,-0.00016195,-0.00022555,-0.00012576
q158_max_20h,1h,2026-04,-0.001731,-0.00187,-0.002583,0.00027518,-9.49e-05,-0.00011949
q158_max_20h,1h,2026-05,-0.000801,-0.001689,-0.00087,0.00030826,0.0001405,-2.668e-05
q158_max_20h,1h,2026-06,0.01332,0.003596,0.000777,0.00029448,0.00029264,3.354e-05
q158_max_20h,24h,2024-06,-0.112484,-0.112484,-0.112484,-0.00633778,-0.00633778,-0.00633778
q158_max_20h,24h,2024-07,-0.046344,-0.079414,-0.079414,-0.00198978,-0.00416378,-0.00416378
q158_max_20h,24h,2024-08,-0.079992,-0.079607,-0.079607,-0.00320268,-0.00384341,-0.00384341
q158_max_20h,24h,2024-09,-0.01816,-0.048165,-0.064245,0.00193703,-0.00108514,-0.0023983
q158_max_20h,24h,2024-10,-0.038502,-0.045551,-0.059096,0.00199844,0.00024426,-0.00151895
q158_max_20h,24h,2024-11,-0.036529,-0.031064,-0.055335,0.00218093,0.0020388,-0.00090231
q158_max_20h,24h,2024-12,-0.029595,-0.034875,-0.04152,-0.00036224,0.00127238,9.362e-05
q158_max_20h,24h,2025-01,-0.097681,-0.054602,-0.050076,-0.01152117,-0.00323416,-0.00149495
q158_max_20h,24h,2025-02,-0.071474,-0.06625,-0.048657,-0.00283822,-0.00490721,-0.00143421
q158_max_20h,24h,2025-03,-0.058835,-0.075997,-0.055436,-0.00294225,-0.00576721,-0.00224742
q158_max_20h,24h,2025-04,-0.008552,-0.046287,-0.050444,0.00444254,-0.00044598,-0.00184007
q158_max_20h,24h,2025-05,-0.020181,-0.029189,-0.04772,0.00350314,0.00166781,-0.0016197
q158_max_20h,24h,2025-06,-0.027324,-0.018686,-0.047341,-0.00124348,0.00223407,-0.00176657
q158_max_20h,24h,2025-07,-0.050903,-0.032803,-0.039545,0.0033274,0.00186235,0.00070819
q158_max_20h,24h,2025-08,-0.062232,-0.04682,-0.038005,0.00229654,0.00146015,0.00156398
q158_max_20h,24h,2025-09,-0.037096,-0.050077,-0.034381,0.00938695,0.00500363,0.00361885
q158_max_20h,24h,2025-10,-0.034683,-0.04467,-0.038736,0.00800186,0.00656178,0.00421207
q158_max_20h,24h,2025-11,-0.072516,-0.048098,-0.047459,-0.00045459,0.00564474,0.00355245
q158_max_20h,24h,2025-12,-0.008936,-0.038712,-0.044394,0.0050786,0.00420862,0.00460613
q158_max_20h,24h,2026-01,-0.05361,-0.045021,-0.044845,-0.00143826,0.00106192,0.00381185
q158_max_20h,24h,2026-02,-0.011467,-0.024671,-0.036385,0.00075005,0.00146346,0.0035541
q158_max_20h,24h,2026-03,-0.035093,-0.03339,-0.036051,-0.00039708,-0.00036176,0.00192343
q158_max_20h,24h,2026-04,-0.01152,-0.01936,-0.03219,0.00921548,0.00318948,0.0021257
q158_max_20h,24h,2026-05,-0.037598,-0.02807,-0.026371,0.00334627,0.00405489,0.00275918
q158_max_20h,24h,2026-06,-0.045698,-0.031605,-0.032498,-0.00848391,0.00135928,0.00049876
q158_max_20h,4h,2024-06,-0.047946,-0.047946,-0.047946,-0.00092278,-0.00092278,-0.00092278
q158_max_20h,4h,2024-07,-0.019343,-0.033645,-0.033645,-0.00020582,-0.0005643,-0.0005643
q158_max_20h,4h,2024-08,-0.019168,-0.028819,-0.028819,-0.00010428,-0.00041096,-0.00041096
q158_max_20h,4h,2024-09,-0.011585,-0.016699,-0.024511,0.00022064,-2.982e-05,-0.00025306
q158_max_20h,4h,2024-10,-0.012418,-0.014391,-0.022092,0.00022332,0.00011323,-0.00015778
q158_max_20h,4h,2024-11,-0.016172,-0.013392,-0.021106,0.00028386,0.00024261,-8.418e-05
q158_max_20h,4h,2024-12,-0.007393,-0.011995,-0.014347,-0.00040621,3.366e-05,1.92e-06
q158_max_20h,4h,2025-01,-0.052154,-0.02524,-0.019815,-0.00191862,-0.00068032,-0.00028355
q158_max_20h,4h,2025-02,-0.038667,-0.032738,-0.023065,-0.00155039,-0.00129174,-0.00052457
q158_max_20h,4h,2025-03,-0.016317,-0.035712,-0.023854,-0.00021939,-0.00122947,-0.00059791
q158_max_20h,4h,2025-04,-0.006343,-0.020442,-0.022841,0.00075193,-0.00033928,-0.0005098
q158_max_20h,4h,2025-05,-0.01771,-0.013456,-0.023097,-0.00019705,0.00011183,-0.00058995
q158_max_20h,4h,2025-06,-0.000817,-0.00829,-0.022001,-4.9e-05,0.00016863,-0.00053042
q158_max_20h,4h,2025-07,-0.004358,-0.007628,-0.014035,0.00069982,0.00015126,-9.401e-05
q158_max_20h,4h,2025-08,-0.01259,-0.005922,-0.009689,0.0005143,0.00038837,0.0002501
q158_max_20h,4h,2025-09,-0.017471,-0.011473,-0.009881,0.00187609,0.00103007,0.00059935
q158_max_20h,4h,2025-10,-0.002231,-0.010764,-0.009196,0.00039259,0.00092766,0.00053946
q158_max_20h,4h,2025-11,-0.029445,-0.016382,-0.011152,-0.0002651,0.00066786,0.00052812
q158_max_20h,4h,2025-12,0.003187,-0.009496,-0.010485,0.00079896,0.00030882,0.00066944
q158_max_20h,4h,2026-01,-0.021221,-0.015826,-0.013295,-0.00071003,-5.872e-05,0.00043447
q158_max_20h,4h,2026-02,-0.004344,-0.007459,-0.011921,-0.00074946,-0.00022018,0.00022384
q158_max_20h,4h,2026-03,-0.010978,-0.012181,-0.010839,-0.00028417,-0.00058122,-0.0001362
q158_max_20h,4h,2026-04,-0.012123,-0.009148,-0.012487,0.00099767,-1.199e-05,-3.535e-05
q158_max_20h,4h,2026-05,-0.004153,-0.009085,-0.008272,0.00121524,0.00064291,0.00021137
q158_max_20h,4h,2026-06,-0.002814,-0.006364,-0.009272,-0.00016809,0.00068161,5.019e-05
q158_max_20h,72h,2024-06,-0.160674,-0.160674,-0.160674,-0.01816141,-0.01816141,-0.01816141
q158_max_20h,72h,2024-07,-0.056836,-0.108755,-0.108755,0.00197374,-0.00809384,-0.00809384
q158_max_20h,72h,2024-08,-0.108945,-0.108818,-0.108818,-0.01218788,-0.00945852,-0.00945852
q158_max_20h,72h,2024-09,0.019283,-0.048833,-0.076793,0.00693322,-0.00109364,-0.00536058
q158_max_20h,72h,2024-10,-0.047572,-0.045745,-0.070949,0.00450076,-0.0002513,-0.00338831
q158_max_20h,72h,2024-11,-0.052574,-0.026954,-0.067886,-0.00130358,0.0033768,-0.00304086
q158_max_20h,72h,2024-12,-0.042328,-0.047491,-0.048162,-0.00286067,0.00011217,-0.00049073
q158_max_20h,72h,2025-01,-0.16321,-0.086037,-0.065891,-0.03337345,-0.01251257,-0.00638193
q158_max_20h,72h,2025-02,-0.051039,-0.085526,-0.05624,0.00496051,-0.01042454,-0.00352387
q158_max_20h,72h,2025-03,-0.083011,-0.099086,-0.073289,-0.00936934,-0.01259409,-0.00624096
q158_max_20h,72h,2025-04,-0.002118,-0.045389,-0.065713,0.01089718,0.00216278,-0.00517489
q158_max_20h,72h,2025-05,-0.044719,-0.043283,-0.064404,0.00565381,0.00239388,-0.00401533
q158_max_20h,72h,2025-06,-0.038226,-0.028355,-0.063721,0.00058831,0.0057131,-0.0034405
q158_max_20h,72h,2025-07,-0.072365,-0.05177,-0.04858,0.00055393,0.00226535,0.00221407
q158_max_20h,72h,2025-08,-0.06962,-0.06007,-0.051677,-0.00138408,-8.061e-05,0.00115663
q158_max_20h,72h,2025-09,-0.042255,-0.061413,-0.044884,0.02363669,0.00760218,0.00665764
q158_max_20h,72h,2025-10,-0.057535,-0.05647,-0.05412,0.02700972,0.01642078,0.00934306
q158_max_20h,72h,2025-11,-0.106067,-0.068619,-0.064345,0.00090069,0.01718237,0.00855088
q158_max_20h,72h,2025-12,-0.033173,-0.065591,-0.063502,0.00277213,0.01022751,0.00891485
q158_max_20h,72h,2026-01,-0.104255,-0.081165,-0.068817,-0.01003053,-0.00211924,0.00715077
q158_max_20h,72h,2026-02,-0.035366,-0.057598,-0.063108,0.00232204,-0.00164545,0.00776846
q158_max_20h,72h,2026-03,-0.050405,-0.063342,-0.064467,0.00016725,-0.00251375,0.00385688
q158_max_20h,72h,2026-04,-0.0392,-0.041657,-0.061411,0.01936792,0.00728574,0.00258325
q158_max_20h,72h,2026-05,-0.068374,-0.052659,-0.055129,0.00111786,0.00688434,0.00261945
q158_max_20h,72h,2026-06,-0.053977,-0.05385,-0.058596,-0.00698716,0.00449954,0.0009929
q158_min_20h,1h,2024-06,0.037368,0.037368,0.037368,9.125e-05,9.125e-05,9.125e-05
q158_min_20h,1h,2024-07,0.041933,0.039651,0.039651,0.00010321,9.723e-05,9.723e-05
q158_min_20h,1h,2024-08,0.055649,0.044983,0.044983,0.00029603,0.0001635,0.0001635
q158_min_20h,1h,2024-09,0.038061,0.045215,0.043253,-0.00020423,6.5e-05,7.156e-05
q158_min_20h,1h,2024-10,0.05719,0.0503,0.04604,0.00027034,0.00012071,0.00011132
q158_min_20h,1h,2024-11,0.045674,0.046975,0.045979,-0.00021064,-4.818e-05,5.766e-05
q158_min_20h,1h,2024-12,0.063944,0.055603,0.050409,0.00047707,0.00017892,0.00012196
q158_min_20h,1h,2025-01,0.058208,0.055942,0.053121,0.00022144,0.00016262,0.00014167
q158_min_20h,1h,2025-02,0.038372,0.053508,0.050242,0.0001243,0.00027427,0.00011305
q158_min_20h,1h,2025-03,0.040599,0.045726,0.050665,0.00030862,0.00021812,0.00019852
q158_min_20h,1h,2025-04,0.034046,0.037672,0.046807,-0.00014314,9.659e-05,0.00012961
q158_min_20h,1h,2025-05,0.044566,0.039737,0.046623,-0.00013334,1.071e-05,0.00014249
q158_min_20h,1h,2025-06,0.043566,0.040726,0.043226,0.00017949,-3.233e-05,9.289e-05
q158_min_20h,1h,2025-07,0.048664,0.045599,0.041635,-9.65e-05,-1.678e-05,3.991e-05
q158_min_20h,1h,2025-08,0.040516,0.044249,0.041993,-0.00036581,-9.427e-05,-4.178e-05
q158_min_20h,1h,2025-09,0.043549,0.044243,0.042484,-0.0005278,-0.00033004,-0.00018118
q158_min_20h,1h,2025-10,0.042645,0.042237,0.043918,-0.00042604,-0.00043988,-0.00022833
q158_min_20h,1h,2025-11,0.049395,0.045196,0.044722,-0.00028849,-0.00041411,-0.00025419
q158_min_20h,1h,2025-12,0.050602,0.047547,0.045895,-0.0001284,-0.00028098,-0.00030551
q158_min_20h,1h,2026-01,0.04555,0.048516,0.045376,-6.682e-05,-0.00016124,-0.00030056
q158_min_20h,1h,2026-02,0.032151,0.042768,0.043982,-0.00022861,-0.00014128,-0.00027769
q158_min_20h,1h,2026-03,0.033472,0.037058,0.042303,-0.00015943,-0.00015162,-0.0002163
q158_min_20h,1h,2026-04,0.041418,0.03568,0.042098,-0.00030722,-0.00023175,-0.0001965
q158_min_20h,1h,2026-05,0.043701,0.039531,0.041149,-8.45e-06,-0.00015837,-0.00014982
q158_min_20h,1h,2026-06,0.030966,0.038695,0.037876,-0.00031755,-0.00021107,-0.00018135
q158_min_20h,24h,2024-06,0.099186,0.099186,0.099186,0.00432802,0.00432802,0.00432802
q158_min_20h,24h,2024-07,0.069585,0.084386,0.084386,0.00137771,0.00285287,0.00285287
q158_min_20h,24h,2024-08,0.061792,0.076854,0.076854,0.00199736,0.0025677,0.0025677
q158_min_20h,24h,2024-09,0.015447,0.048942,0.061503,-0.00421989,-0.00028161,0.0008708
q158_min_20h,24h,2024-10,0.082586,0.053275,0.065719,0.00134991,-0.00029087,0.00096662
q158_min_20h,24h,2024-11,0.075403,0.057812,0.067333,-0.00204016,-0.00163671,0.00046549
q158_min_20h,24h,2024-12,0.075793,0.077927,0.063434,0.00178596,0.00036524,4.182e-05
q158_min_20h,24h,2025-01,0.082925,0.07804,0.065658,0.00392651,0.0012241,0.00046662
q158_min_20h,24h,2025-02,0.059138,0.072618,0.065215,-0.00191593,0.00126551,-0.0001856
q158_min_20h,24h,2025-03,0.057793,0.066619,0.072273,0.00222241,0.001411,0.00088812
q158_min_20h,24h,2025-04,0.021702,0.046211,0.062126,-0.00695266,-0.00221539,-0.00049564
q158_min_20h,24h,2025-05,0.079382,0.052959,0.062789,-0.00192517,-0.00221847,-0.00047648
q158_min_20h,24h,2025-06,0.070895,0.057326,0.061972,0.00354126,-0.00177886,-0.00018393
q158_min_20h,24h,2025-07,0.074339,0.074872,0.060541,-0.00313475,-0.00050622,-0.00136081
q158_min_20h,24h,2025-08,0.041299,0.062178,0.057568,-0.00863436,-0.00274262,-0.00248055
q158_min_20h,24h,2025-09,0.053002,0.056213,0.05677,-0.01000375,-0.00725762,-0.00451824
q158_min_20h,24h,2025-10,0.082211,0.058837,0.066855,-0.00658444,-0.00840752,-0.00445687
q158_min_20h,24h,2025-11,0.09473,0.076647,0.069413,-0.00113422,-0.00590747,-0.00432504
q158_min_20h,24h,2025-12,0.060166,0.079035,0.067624,-0.00201471,-0.00324446,-0.00525104
q158_min_20h,24h,2026-01,0.07053,0.075142,0.06699,-0.00281132,-0.00198675,-0.00519713
q158_min_20h,24h,2026-02,0.071024,0.06724,0.071944,-2.663e-05,-0.00161755,-0.00376251
q158_min_20h,24h,2026-03,0.073179,0.071577,0.075306,-0.00133915,-0.00139237,-0.00231841
q158_min_20h,24h,2026-04,0.099508,0.081237,0.078189,-0.00685463,-0.00274014,-0.00236344
q158_min_20h,24h,2026-05,0.055982,0.076223,0.071731,-0.00635302,-0.00484893,-0.00323324
q158_min_20h,24h,2026-06,0.001033,0.052175,0.061876,-0.01233765,-0.0085151,-0.00495373
q158_min_20h,4h,2024-06,0.054978,0.054978,0.054978,0.00093158,0.00093158,0.00093158
q158_min_20h,4h,2024-07,0.060203,0.057591,0.057591,0.0004605,0.00069604,0.00069604
q158_min_20h,4h,2024-08,0.066982,0.060721,0.060721,0.00105548,0.00081585,0.00081585
q158_min_20h,4h,2024-09,0.019828,0.049004,0.050498,-0.00126134,8.488e-05,0.00029655
q158_min_20h,4h,2024-10,0.069882,0.052231,0.054375,0.00058359,0.00012591,0.00035396
q158_min_20h,4h,2024-11,0.05049,0.046733,0.053727,-0.00069303,-0.00045693,0.00017946
q158_min_20h,4h,2024-12,0.075454,0.065275,0.05714,0.0008829,0.00025782,0.00017135
q158_min_20h,4h,2025-01,0.067011,0.064318,0.058274,0.00077361,0.00032116,0.00022354
q158_min_20h,4h,2025-02,0.038442,0.060302,0.053518,-4.5e-07,0.00055202,4.755e-05
q158_min_20h,4h,2025-03,0.062463,0.055972,0.060624,0.00144616,0.00073977,0.0004988
q158_min_20h,4h,2025-04,0.030748,0.043884,0.054101,-0.00122189,7.461e-05,0.00019788
q158_min_20h,4h,2025-05,0.055291,0.049501,0.054901,-0.00075201,-0.00017591,0.00018805
q158_min_20h,4h,2025-06,0.063882,0.049974,0.052973,0.00081467,-0.00038641,0.00017668
q158_min_20h,4h,2025-07,0.061009,0.060061,0.051972,-0.00071028,-0.00021587,-7.063e-05
q158_min_20h,4h,2025-08,0.039731,0.054874,0.052187,-0.00175268,-0.00054943,-0.00036267
q158_min_20h,4h,2025-09,0.047187,0.049309,0.049641,-0.00220646,-0.00155647,-0.00097144
q158_min_20h,4h,2025-10,0.053626,0.046848,0.053454,-0.00214251,-0.00203388,-0.00112488
q158_min_20h,4h,2025-11,0.06347,0.054761,0.054818,-0.00100345,-0.00178414,-0.00116678
q158_min_20h,4h,2025-12,0.064403,0.0605,0.054904,-2.103e-05,-0.00105566,-0.00130607
q158_min_20h,4h,2026-01,0.049578,0.059151,0.052999,-0.0007597,-0.00059473,-0.0013143
q158_min_20h,4h,2026-02,0.042932,0.052304,0.053533,-0.00079124,-0.00052399,-0.00115407
q158_min_20h,4h,2026-03,0.055712,0.049407,0.054954,-0.00022104,-0.00059066,-0.00082316
q158_min_20h,4h,2026-04,0.062649,0.053764,0.056457,-0.00123486,-0.00074905,-0.00067189
q158_min_20h,4h,2026-05,0.062932,0.060431,0.056368,-0.00063443,-0.00069678,-0.00061038
q158_min_20h,4h,2026-06,0.029436,0.051672,0.05054,-0.00134554,-0.00107161,-0.00083114
q158_min_20h,72h,2024-06,0.100153,0.100153,0.100153,0.00786533,0.00786533,0.00786533
q158_min_20h,72h,2024-07,0.093434,0.096793,0.096793,0.00766695,0.00776614,0.00776614
q158_min_20h,72h,2024-08,0.065612,0.086399,0.086399,0.0045935,0.00670859,0.00670859
q158_min_20h,72h,2024-09,0.011979,0.057008,0.067794,-0.00718768,0.00169092,0.00323452
q158_min_20h,72h,2024-10,0.106192,0.061261,0.075474,0.00610352,0.00116978,0.00380832
q158_min_20h,72h,2024-11,0.010152,0.042774,0.064587,-0.01608879,-0.00572432,0.00049214
q158_min_20h,72h,2024-12,0.073277,0.063207,0.060108,0.00291019,-0.00235836,-0.00033372
q158_min_20h,72h,2025-01,0.118297,0.067242,0.064252,0.01946287,0.00209476,0.00163227
q158_min_20h,72h,2025-02,0.057892,0.083155,0.062965,-0.00540181,0.00565708,-3.362e-05
q158_min_20h,72h,2025-03,0.080221,0.08547,0.074338,0.01025968,0.00810691,0.00287428
q158_min_20h,72h,2025-04,-0.007367,0.043582,0.055412,-0.01615772,-0.00376662,-0.00083593
q158_min_20h,72h,2025-05,0.083704,0.052186,0.067671,-0.00757288,-0.00449031,0.00058339
q158_min_20h,72h,2025-06,0.105663,0.060667,0.073068,0.00705128,-0.00555977,0.00127357
q158_min_20h,72h,2025-07,0.072888,0.087418,0.0655,-0.00544741,-0.00198967,-0.00287814
q158_min_20h,72h,2025-08,0.091464,0.090005,0.071096,-0.02265457,-0.0070169,-0.0057536
q158_min_20h,72h,2025-09,0.03381,0.066054,0.063361,-0.03830537,-0.02213578,-0.01384778
q158_min_20h,72h,2025-10,0.071257,0.065511,0.076465,-0.03361494,-0.03152496,-0.01675731
q158_min_20h,72h,2025-11,0.078624,0.06123,0.075618,-0.00208784,-0.02466938,-0.01584314
q158_min_20h,72h,2025-12,0.062716,0.070866,0.06846,0.00133961,-0.01145439,-0.01679509
q158_min_20h,72h,2026-01,0.074272,0.071871,0.068691,-0.00523436,-0.0019942,-0.01675958
q158_min_20h,72h,2026-02,0.056867,0.064618,0.062924,-0.00483969,-0.00291148,-0.01379043
q158_min_20h,72h,2026-03,0.062772,0.064637,0.067751,-0.00072174,-0.0035986,-0.00752649
q158_min_20h,72h,2026-04,0.062204,0.060614,0.066242,-0.03316483,-0.01290875,-0.00745147
q158_min_20h,72h,2026-05,0.055406,0.060128,0.062373,-0.01291299,-0.01559985,-0.00925567
q158_min_20h,72h,2026-06,0.038154,0.051922,0.058279,-0.01730698,-0.02112827,-0.01236343
q158_roc_20h,1h,2024-06,0.003391,0.003391,0.003391,-0.0001359,-0.0001359,-0.0001359
q158_roc_20h,1h,2024-07,0.016801,0.010096,0.010096,1.751e-05,-5.919e-05,-5.919e-05
q158_roc_20h,1h,2024-08,0.025872,0.015355,0.015355,0.00012174,1.12e-06,1.12e-06
q158_roc_20h,1h,2024-09,0.027979,0.023551,0.018511,-0.00013379,1.82e-06,-3.261e-05
q158_roc_20h,1h,2024-10,0.032389,0.028746,0.021286,0.00013127,3.974e-05,1.7e-07
q158_roc_20h,1h,2024-11,0.027287,0.029218,0.022287,-0.00022153,-7.468e-05,-3.678e-05
q158_roc_20h,1h,2024-12,0.037701,0.032459,0.028005,0.00018958,3.311e-05,1.746e-05
q158_roc_20h,1h,2025-01,0.018298,0.027762,0.028254,-5.267e-05,-2.821e-05,5.77e-06
q158_roc_20h,1h,2025-02,0.01733,0.024443,0.026831,0.00010435,8.042e-05,2.87e-06
q158_roc_20h,1h,2025-03,0.020348,0.018659,0.025559,0.00013066,6.078e-05,4.694e-05
q158_roc_20h,1h,2025-04,0.020126,0.019268,0.023515,-2.123e-05,7.126e-05,2.153e-05
q158_roc_20h,1h,2025-05,0.022146,0.020873,0.022658,-6.458e-05,1.495e-05,4.769e-05
q158_roc_20h,1h,2025-06,0.025076,0.022449,0.020554,3.005e-05,-1.859e-05,2.11e-05
q158_roc_20h,1h,2025-07,0.024097,0.023773,0.02152,-0.00040085,-0.00014513,-3.693e-05
q158_roc_20h,1h,2025-08,0.017531,0.022235,0.021554,-0.00034921,-0.00024,-0.00011253
q158_roc_20h,1h,2025-09,0.020716,0.020781,0.021615,-0.00050916,-0.00041974,-0.00021916
q158_roc_20h,1h,2025-10,0.028787,0.022345,0.023059,-0.00047041,-0.00044293,-0.00029403
q158_roc_20h,1h,2025-11,0.026234,0.025246,0.02374,-0.0001341,-0.00037122,-0.00030561
q158_roc_20h,1h,2025-12,0.033618,0.029546,0.025164,-1.489e-05,-0.00020647,-0.0003131
q158_roc_20h,1h,2026-01,0.027934,0.029262,0.025803,-0.00012751,-9.217e-05,-0.00026755
q158_roc_20h,1h,2026-02,0.021287,0.027613,0.026429,-0.0001325,-9.163e-05,-0.00023143
q158_roc_20h,1h,2026-03,0.015271,0.021498,0.025522,-0.00015423,-0.00013808,-0.00017227
q158_roc_20h,1h,2026-04,0.02125,0.01927,0.024266,-0.00034598,-0.0002109,-0.00015153
q158_roc_20h,1h,2026-05,0.020322,0.018948,0.02328,0.00015443,-0.00011526,-0.00010345
q158_roc_20h,1h,2026-06,0.004354,0.015309,0.018403,-0.00074364,-0.00031173,-0.0002249
q158_roc_20h,24h,2024-06,-0.01657,-0.01657,-0.01657,-0.00331251,-0.00331251,-0.00331251
q158_roc_20h,24h,2024-07,0.006895,-0.004838,-0.004838,-0.0023287,-0.0028206,-0.0028206
q158_roc_20h,24h,2024-08,-0.004044,-0.004573,-0.004573,2.164e-05,-0.00187319,-0.00187319
q158_roc_20h,24h,2024-09,0.033362,0.012071,0.004911,0.00071177,-0.00053176,-0.00122695
q158_roc_20h,24h,2024-10,0.059313,0.029544,0.015791,0.00390778,0.00154706,-0.0002
q158_roc_20h,24h,2024-11,0.030735,0.041137,0.018282,-0.00090124,0.00123944,-0.00031688
q158_roc_20h,24h,2024-12,0.045447,0.045165,0.028618,0.00078253,0.00126302,0.00036563
q158_roc_20h,24h,2025-01,-0.013178,0.021001,0.025272,-0.00637195,-0.00216355,-0.00030825
q158_roc_20h,24h,2025-02,0.001671,0.011313,0.026225,-0.00359927,-0.0030629,-0.00091173
q158_roc_20h,24h,2025-03,0.018939,0.002477,0.023821,0.00121661,-0.0029182,-0.00082759
q158_roc_20h,24h,2025-04,0.036763,0.019124,0.020063,-0.00132142,-0.00123469,-0.00169912
q158_roc_20h,24h,2025-05,0.053015,0.036239,0.023776,0.00259105,0.00082875,-0.00111707
q158_roc_20h,24h,2025-06,0.036302,0.042027,0.022252,0.00156047,0.00094337,-0.00098742
q158_roc_20h,24h,2025-07,0.039096,0.042805,0.030964,-0.0024023,0.00058307,-0.00032581
q158_roc_20h,24h,2025-08,0.026692,0.03403,0.035135,-0.00530931,-0.00205038,-0.00061082
q158_roc_20h,24h,2025-09,0.036741,0.034176,0.038102,-0.00737145,-0.00502769,-0.00204216
q158_roc_20h,24h,2025-10,0.045953,0.036462,0.039633,0.00086931,-0.00393715,-0.00167704
q158_roc_20h,24h,2025-11,0.041005,0.041233,0.037631,0.00098195,-0.00184006,-0.00194522
q158_roc_20h,24h,2025-12,0.053951,0.046969,0.040573,0.0040496,0.00196695,-0.00153037
q158_roc_20h,24h,2026-01,0.034092,0.043016,0.039739,-0.00285488,0.00072556,-0.0016058
q158_roc_20h,24h,2026-02,0.0518,0.046614,0.043924,0.0016853,0.00096001,-0.00044003
q158_roc_20h,24h,2026-03,0.026366,0.03742,0.042194,-0.00084283,-0.0006708,0.00064808
q158_roc_20h,24h,2026-04,0.077732,0.051966,0.047491,-0.00026046,0.000194,0.00045978
q158_roc_20h,24h,2026-05,0.014957,0.039685,0.04315,-0.00386138,-0.00165489,-0.00034744
q158_roc_20h,24h,2026-06,-0.037125,0.018522,0.027971,-0.01759694,-0.00723959,-0.0039552
q158_roc_20h,4h,2024-06,0.008764,0.008764,0.008764,-0.0004861,-0.0004861,-0.0004861
q158_roc_20h,4h,2024-07,0.025812,0.017288,0.017288,0.00013033,-0.00017788,-0.00017788
q158_roc_20h,4h,2024-08,0.033138,0.022572,0.022572,0.00019039,-5.513e-05,-5.513e-05
q158_roc_20h,4h,2024-09,0.016226,0.025059,0.020985,-0.00063414,-0.00010447,-0.00019988
q158_roc_20h,4h,2024-10,0.040993,0.030119,0.024987,0.0001117,-0.00011068,-0.00013756
q158_roc_20h,4h,2024-11,0.028481,0.028567,0.025569,-0.00037876,-0.0003004,-0.00017776
q158_roc_20h,4h,2024-12,0.041851,0.037108,0.031084,-9.036e-05,-0.00011914,-0.00011181
q158_roc_20h,4h,2025-01,0.030852,0.033728,0.031923,-0.00013404,-0.00020105,-0.00015587
q158_roc_20h,4h,2025-02,0.024147,0.032283,0.030425,-0.00037637,-0.00020026,-0.00025033
q158_roc_20h,4h,2025-03,0.034564,0.029854,0.033481,0.00074212,7.724e-05,-2.095e-05
q158_roc_20h,4h,2025-04,0.013514,0.024075,0.028901,-0.00119979,-0.00027801,-0.00023953
q158_roc_20h,4h,2025-05,0.037025,0.028368,0.030325,-0.00041905,-0.00029224,-0.00024625
q158_roc_20h,4h,2025-06,0.035585,0.028708,0.029281,0.00025802,-0.00045361,-0.00018819
q158_roc_20h,4h,2025-07,0.026213,0.032941,0.028508,-0.00174774,-0.00063626,-0.00045714
q158_roc_20h,4h,2025-08,0.011381,0.024393,0.02638,-0.00158535,-0.00102502,-0.00065863
q158_roc_20h,4h,2025-09,0.017685,0.018426,0.023567,-0.00187636,-0.00173648,-0.00109505
q158_roc_20h,4h,2025-10,0.042585,0.023884,0.028412,-0.0016347,-0.0016988,-0.00116753
q158_roc_20h,4h,2025-11,0.037242,0.032504,0.028448,-0.000496,-0.00133569,-0.00118035
q158_roc_20h,4h,2025-12,0.050023,0.043283,0.030855,0.00073488,-0.00046527,-0.00110088
q158_roc_20h,4h,2026-01,0.031718,0.039661,0.031772,-0.00106981,-0.00027698,-0.00098789
q158_roc_20h,4h,2026-02,0.036792,0.039511,0.036007,-4.14e-05,-0.00012544,-0.00073056
q158_roc_20h,4h,2026-03,0.032066,0.033525,0.038404,-7.59e-05,-0.0003957,-0.00043049
q158_roc_20h,4h,2026-04,0.04056,0.036472,0.038067,-0.00144792,-0.00052174,-0.00039936
q158_roc_20h,4h,2026-05,0.035905,0.036177,0.037844,0.00048622,-0.00034587,-0.00023565
q158_roc_20h,4h,2026-06,-0.007244,0.023074,0.028299,-0.00301052,-0.00132407,-0.00085989
q158_roc_20h,72h,2024-06,-0.056105,-0.056105,-0.056105,-0.00961241,-0.00961241,-0.00961241
q158_roc_20h,72h,2024-07,0.029576,-0.013264,-0.013264,0.00547434,-0.00206903,-0.00206903
q158_roc_20h,72h,2024-08,-0.014811,-0.01378,-0.01378,-0.00139866,-0.00184558,-0.00184558
q158_roc_20h,72h,2024-09,0.049898,0.021555,0.00214,0.00365412,0.0025766,-0.00047065
q158_roc_20h,72h,2024-10,0.080084,0.038391,0.017729,0.01013336,0.00412961,0.00165015
q158_roc_20h,72h,2024-11,-0.013279,0.038901,0.012561,-0.01568419,-0.00063224,-0.00123891
q158_roc_20h,72h,2024-12,0.037931,0.034912,0.028233,0.0010868,-0.00148801,0.00054429
q158_roc_20h,72h,2025-01,-0.024072,0.000193,0.019292,-0.00655681,-0.0070514,-0.0014609
q158_roc_20h,72h,2025-02,0.039377,0.017745,0.028323,0.00636397,0.00029799,-0.00016713
q158_roc_20h,72h,2025-03,0.00668,0.007328,0.02112,0.00283015,0.0008791,-0.00030445
q158_roc_20h,72h,2025-04,-0.005473,0.013528,0.006861,-0.01234677,-0.00105088,-0.00405114
q158_roc_20h,72h,2025-05,0.032319,0.011176,0.01446,-0.00186197,-0.00379286,-0.00174744
q158_roc_20h,72h,2025-06,0.082383,0.03641,0.021869,0.00960002,-0.00153624,-0.00032857
q158_roc_20h,72h,2025-07,0.027078,0.04726,0.030394,-0.00575593,0.00066071,-0.00019509
q158_roc_20h,72h,2025-08,0.036919,0.048793,0.029985,-0.02454966,-0.00690186,-0.00534736
q158_roc_20h,72h,2025-09,0.01346,0.025819,0.031114,-0.02637361,-0.01889307,-0.01021465
q158_roc_20h,72h,2025-10,0.022976,0.024452,0.035856,-0.01550754,-0.0221436,-0.01074145
q158_roc_20h,72h,2025-11,0.010343,0.015593,0.032193,0.00784251,-0.01134621,-0.00912404
q158_roc_20h,72h,2025-12,0.043457,0.025592,0.025706,0.00615258,-0.00050415,-0.00969861
q158_roc_20h,72h,2026-01,-0.011659,0.014047,0.019249,-0.01267598,0.0004397,-0.01085195
q158_roc_20h,72h,2026-02,0.019662,0.017154,0.016373,-0.00265575,-0.00305972,-0.00720296
q158_roc_20h,72h,2026-03,0.009282,0.005762,0.015677,-0.00294181,-0.00609118,-0.00329766
q158_roc_20h,72h,2026-04,0.042899,0.023948,0.018997,-0.01543977,-0.00701244,-0.00328637
q158_roc_20h,72h,2026-05,6.5e-05,0.017416,0.017285,-0.00857891,-0.00898683,-0.00602327
q158_roc_20h,72h,2026-06,0.007371,0.016778,0.01127,-0.0090527,-0.01102379,-0.00855749
q158_std_20h,1h,2024-06,-0.038589,-0.038589,-0.038589,6.15e-05,6.15e-05,6.15e-05
q158_std_20h,1h,2024-07,-0.037932,-0.038261,-0.038261,0.00019424,0.00012787,0.00012787
q158_std_20h,1h,2024-08,-0.040666,-0.039062,-0.039062,0.00020699,0.00015424,0.00015424
q158_std_20h,1h,2024-09,-0.019633,-0.032744,-0.034205,-0.0001909,7.011e-05,6.796e-05
q158_std_20h,1h,2024-10,-0.035656,-0.031985,-0.034495,7.139e-05,2.916e-05,6.864e-05
q158_std_20h,1h,2024-11,-0.033427,-0.029572,-0.034317,-0.00012167,-8.039e-05,3.693e-05
q158_std_20h,1h,2024-12,-0.031104,-0.033396,-0.03307,0.00017192,4.055e-05,5.533e-05
q158_std_20h,1h,2025-01,-0.064755,-0.043095,-0.03754,0.00059383,0.00021469,0.00012193
q158_std_20h,1h,2025-02,-0.034391,-0.043417,-0.036494,0.00034055,0.00036877,0.00014419
q158_std_20h,1h,2025-03,-0.030065,-0.04307,-0.038233,0.00017371,0.00036936,0.00020496
q158_std_20h,1h,2025-04,-0.019099,-0.027852,-0.035473,-0.00032809,6.206e-05,0.00013837
q158_std_20h,1h,2025-05,-0.028085,-0.02575,-0.034583,-0.00017793,-0.00011077,0.000129
q158_std_20h,1h,2025-06,-0.025608,-0.024264,-0.033667,6.134e-05,-0.00014823,0.00011057
q158_std_20h,1h,2025-07,-0.021053,-0.024915,-0.026383,-0.00017077,-9.579e-05,-1.686e-05
q158_std_20h,1h,2025-08,-0.019065,-0.021909,-0.023829,-0.00041731,-0.00017558,-0.00014318
q158_std_20h,1h,2025-09,-0.027123,-0.022414,-0.023339,-0.00052451,-0.00037086,-0.00025954
q158_std_20h,1h,2025-10,-0.019598,-0.021929,-0.023422,-0.000553,-0.00049827,-0.00029703
q158_std_20h,1h,2025-11,-0.031289,-0.026003,-0.023956,-8.33e-05,-0.00038694,-0.00028126
q158_std_20h,1h,2025-12,-0.023986,-0.024957,-0.023686,-0.00023472,-0.00029034,-0.0003306
q158_std_20h,1h,2026-01,-0.026273,-0.027183,-0.024556,9.99e-06,-0.00010268,-0.00030047
q158_std_20h,1h,2026-02,-0.01438,-0.021547,-0.023775,4.185e-05,-6.096e-05,-0.00022395
q158_std_20h,1h,2026-03,-0.024332,-0.021662,-0.02331,5.944e-05,3.709e-05,-0.00012662
q158_std_20h,1h,2026-04,-0.027096,-0.021936,-0.024559,-0.00048483,-0.00012785,-0.00011526
q158_std_20h,1h,2026-05,-0.030465,-0.027298,-0.024422,-0.00028301,-0.00023613,-0.00014855
q158_std_20h,1h,2026-06,-0.014844,-0.024135,-0.022898,-0.0004136,-0.00039381,-0.00017836
q158_std_20h,24h,2024-06,-0.131513,-0.131513,-0.131513,0.00670978,0.00670978,0.00670978
q158_std_20h,24h,2024-07,-0.073848,-0.102681,-0.102681,0.00270201,0.00470589,0.00470589
q158_std_20h,24h,2024-08,-0.087895,-0.097752,-0.097752,0.00312674,0.00417951,0.00417951
q158_std_20h,24h,2024-09,-0.013329,-0.058357,-0.076646,-0.00430849,0.00050675,0.00205751
q158_std_20h,24h,2024-10,-0.071601,-0.057608,-0.075637,-0.00053072,-0.00057082,0.00153986
q158_std_20h,24h,2024-11,-0.065191,-0.05004,-0.073896,-0.00525388,-0.00336436,0.00040757
q158_std_20h,24h,2024-12,-0.072489,-0.069761,-0.064059,0.0007472,-0.00167913,-0.00058619
q158_std_20h,24h,2025-01,-0.128393,-0.088691,-0.07315,0.01201411,0.00250248,0.00096583
q158_std_20h,24h,2025-02,-0.085786,-0.095556,-0.072798,0.00233896,0.00503342,0.00083453
q158_std_20h,24h,2025-03,-0.066086,-0.093422,-0.081591,0.00253072,0.00562793,0.0019744
q158_std_20h,24h,2025-04,-0.006749,-0.052874,-0.070782,-0.0080343,-0.00105487,0.0007238
q158_std_20h,24h,2025-05,-0.060556,-0.044464,-0.07001,-0.00320342,-0.00290233,0.00106554
q158_std_20h,24h,2025-06,-0.057573,-0.041626,-0.067524,0.00209887,-0.00304628,0.00129082
q158_std_20h,24h,2025-07,-0.06175,-0.05996,-0.056417,-0.00433438,-0.00181298,-0.00143392
q158_std_20h,24h,2025-08,-0.054984,-0.058102,-0.051283,-0.00868871,-0.00364141,-0.00327187
q158_std_20h,24h,2025-09,-0.060696,-0.059143,-0.050385,-0.01083402,-0.00795237,-0.00549933
q158_std_20h,24h,2025-10,-0.069187,-0.061622,-0.060791,-0.00939375,-0.00963883,-0.0057259
q158_std_20h,24h,2025-11,-0.115047,-0.081643,-0.069873,0.00170846,-0.0061731,-0.00490726
q158_std_20h,24h,2025-12,-0.044558,-0.076264,-0.067704,-0.00355085,-0.00374538,-0.00584887
q158_std_20h,24h,2026-01,-0.069423,-0.076343,-0.068982,-0.0027961,-0.00154616,-0.0055925
q158_std_20h,24h,2026-02,-0.049108,-0.054363,-0.068003,0.00072962,-0.00187244,-0.00402277
q158_std_20h,24h,2026-03,-0.075448,-0.06466,-0.070462,0.00029861,-0.00058929,-0.00216733
q158_std_20h,24h,2026-04,-0.061858,-0.062138,-0.06924,-0.01330027,-0.00409068,-0.00281842
q158_std_20h,24h,2026-05,-0.066567,-0.067958,-0.06116,-0.00515666,-0.00605277,-0.00396261
q158_std_20h,24h,2026-06,-0.040622,-0.056349,-0.060504,-0.00266931,-0.00704208,-0.00381569
q158_std_20h,4h,2024-06,-0.051917,-0.051917,-0.051917,0.00046094,0.00046094,0.00046094
q158_std_20h,4h,2024-07,-0.050656,-0.051286,-0.051286,0.00065869,0.00055981,0.00055981
q158_std_20h,4h,2024-08,-0.053829,-0.052134,-0.052134,0.00086548,0.0006617,0.0006617
q158_std_20h,4h,2024-09,-0.016142,-0.040209,-0.043136,-0.00087528,0.0002163,0.00027746
q158_std_20h,4h,2024-10,-0.053292,-0.041088,-0.045167,0.00037877,0.00012299,0.00029772
q158_std_20h,4h,2024-11,-0.044802,-0.038079,-0.045106,-0.00056843,-0.00035498,0.00015336
q158_std_20h,4h,2024-12,-0.048216,-0.04877,-0.04449,0.0005713,0.00012721,0.00017175
q158_std_20h,4h,2025-01,-0.088588,-0.060535,-0.050812,0.00213131,0.00071139,0.00041719
q158_std_20h,4h,2025-02,-0.045175,-0.06066,-0.049369,0.00130784,0.00133682,0.00049092
q158_std_20h,4h,2025-03,-0.046481,-0.060081,-0.054426,0.00065459,0.00136458,0.0007459
q158_std_20h,4h,2025-04,-0.02408,-0.038578,-0.049557,-0.00126515,0.00023243,0.00047191
q158_std_20h,4h,2025-05,-0.040312,-0.036958,-0.048809,-0.00060053,-0.0004037,0.00046656
q158_std_20h,4h,2025-06,-0.03549,-0.033294,-0.046688,0.00029539,-0.00052343,0.00042058
q158_std_20h,4h,2025-07,-0.030204,-0.035335,-0.036957,-0.00076836,-0.00035783,-6.27e-05
q158_std_20h,4h,2025-08,-0.025136,-0.030277,-0.033617,-0.00156965,-0.00068087,-0.00054228
q158_std_20h,4h,2025-09,-0.040768,-0.032036,-0.032665,-0.00200152,-0.00144651,-0.00098497
q158_std_20h,4h,2025-10,-0.027408,-0.031104,-0.03322,-0.00200752,-0.00185956,-0.0011087
q158_std_20h,4h,2025-11,-0.056055,-0.04141,-0.035843,-4.307e-05,-0.0013507,-0.00101579
q158_std_20h,4h,2025-12,-0.034843,-0.039435,-0.035736,-0.00074451,-0.0009317,-0.0011891
q158_std_20h,4h,2026-01,-0.041045,-0.043981,-0.037542,-7.216e-05,-0.00028658,-0.00107307
q158_std_20h,4h,2026-02,-0.029562,-0.03515,-0.03828,-0.00020508,-0.00034058,-0.00084564
q158_std_20h,4h,2026-03,-0.048173,-0.039593,-0.039514,0.00016095,-3.876e-05,-0.00048523
q158_std_20h,4h,2026-04,-0.046658,-0.041464,-0.042722,-0.00179808,-0.00061407,-0.00045032
q158_std_20h,4h,2026-05,-0.047662,-0.047497,-0.041324,-0.00114332,-0.00092682,-0.0006337
q158_std_20h,4h,2026-06,-0.016668,-0.036996,-0.038294,-0.00142207,-0.00145449,-0.00074663
q158_std_20h,72h,2024-06,-0.162664,-0.162664,-0.162664,0.01720436,0.01720436,0.01720436
q158_std_20h,72h,2024-07,-0.091412,-0.127038,-0.127038,0.00233723,0.00977079,0.00977079
q158_std_20h,72h,2024-08,-0.10933,-0.121135,-0.121135,0.01019075,0.00991078,0.00991078
q158_std_20h,72h,2024-09,0.010784,-0.063319,-0.088156,-0.00981133,0.00090555,0.00498025
q158_std_20h,72h,2024-10,-0.0852,-0.061249,-0.087564,-0.00057152,-6.403e-05,0.0038699
q158_std_20h,72h,2024-11,-0.028547,-0.034321,-0.077728,-0.01447512,-0.00828599,0.00081239
q158_std_20h,72h,2024-12,-0.091467,-0.068405,-0.065862,0.00628145,-0.00292173,-0.00100809
q158_std_20h,72h,2025-01,-0.19762,-0.105878,-0.083563,0.03657258,0.00945964,0.0046978
q158_std_20h,72h,2025-02,-0.081539,-0.123542,-0.078932,-0.00343723,0.01313893,0.00242647
q158_std_20h,72h,2025-03,-0.105324,-0.128161,-0.098283,0.01303294,0.01538943,0.00623385
q158_std_20h,72h,2025-04,0.008722,-0.059381,-0.082629,-0.02150987,-0.00397139,0.00274413
q158_std_20h,72h,2025-05,-0.075873,-0.057492,-0.090517,-0.00613009,-0.00486901,0.00413496
q158_std_20h,72h,2025-06,-0.08873,-0.05196,-0.090061,0.00209014,-0.00851661,0.00343641
q158_std_20h,72h,2025-07,-0.081868,-0.082157,-0.070769,-0.00314016,-0.00239337,-0.00318238
q158_std_20h,72h,2025-08,-0.098137,-0.089578,-0.073535,-0.01183201,-0.00429401,-0.00458151
q158_std_20h,72h,2025-09,-0.055072,-0.078359,-0.065159,-0.03844927,-0.01780715,-0.01316188
q158_std_20h,72h,2025-10,-0.089258,-0.080822,-0.081489,-0.03310524,-0.02779551,-0.01509444
q158_std_20h,72h,2025-11,-0.130763,-0.091698,-0.090638,0.00090009,-0.02355147,-0.01392274
q158_std_20h,72h,2025-12,-0.057416,-0.092479,-0.085419,-0.00069638,-0.01096718,-0.01438716
q158_std_20h,72h,2026-01,-0.106635,-0.098271,-0.089547,-0.00160713,-0.00046781,-0.01413166
q158_std_20h,72h,2026-02,-0.052692,-0.072248,-0.081973,-0.00460531,-0.00230294,-0.01292721
q158_std_20h,72h,2026-03,-0.07482,-0.078049,-0.085264,-0.001655,-0.00262248,-0.00679483
q158_std_20h,72h,2026-04,-0.062448,-0.06332,-0.080796,-0.037886,-0.01471544,-0.00759162
q158_std_20h,72h,2026-05,-0.077067,-0.071445,-0.071846,-0.01024513,-0.01659538,-0.00944916
q158_std_20h,72h,2026-06,-0.071722,-0.070412,-0.074231,-0.00757551,-0.01856888,-0.01059568
