factor_i,factor_j,family_i,family_j,same_family,spearman_corr,abs_spearman_corr,pearson_corr,n_pairwise_obs,redundancy_level,recommendation,pair_type
q158_ma_10h,reversal_5h,alpha158_rolling_price,momentum,False,0.930227,0.930227,0.93321,214,HIGH_REDUNDANCY,REDUNDANT_WITH_EXISTING. High correlation with existing library factor.,intake_vs_baseline
q158_ma_10h,mom_5h,alpha158_rolling_price,momentum,False,-0.930227,0.930227,-0.93321,214,HIGH_REDUNDANCY,REDUNDANT_WITH_EXISTING. High correlation with existing library factor.,intake_vs_baseline
q158_ma_10h,q158_open_close_4h,alpha158_rolling_price,alpha158_price,False,0.890696,0.890696,0.910901,662630,HIGH_REDUNDANCY,REDUNDANT_WITH_EXISTING. High correlation with existing library factor.,intake_vs_baseline
q158_std_10h,vol_5h,alpha158_rolling_price,volatility,False,0.861668,0.861668,0.841433,214,HIGH_REDUNDANCY,REDUNDANT_WITH_EXISTING. High correlation with existing library factor.,intake_vs_baseline
q158_ma_10h,q158_rank_close_20h,alpha158_rolling_price,alpha158_rolling,False,-0.855654,0.855654,-0.539154,661884,HIGH_REDUNDANCY,REDUNDANT_WITH_EXISTING. High correlation with existing library factor.,intake_vs_baseline
q158_ma_10h,bb_zscore_20h,alpha158_rolling_price,technical,False,-0.85378,0.85378,-0.581733,660113,HIGH_REDUNDANCY,REDUNDANT_WITH_EXISTING. High correlation with existing library factor.,intake_vs_baseline
q158_ma_10h,q158_high_close_4h,alpha158_rolling_price,alpha158_price,False,0.850117,0.850117,0.868827,662630,HIGH_REDUNDANCY,REDUNDANT_WITH_EXISTING. High correlation with existing library factor.,intake_vs_baseline
q158_ma_10h,q158_low_close_4h,alpha158_rolling_price,alpha158_price,False,0.845636,0.845636,0.847094,662630,MODERATE_REDUNDANCY,Monitor. May provide diversification if combined carefully.,intake_vs_baseline
q158_min_10h,q158_min_5h,alpha158_rolling_price,alpha158_rolling_price,True,0.843747,0.843747,0.85297,662630,MODERATE_REDUNDANCY,Monitor. May provide diversification if combined carefully.,intake_vs_baseline
q158_ma_10h,vwap_dev_20h,alpha158_rolling_price,alpha158_ohlcv,False,-0.843203,0.843203,-0.74307,660113,MODERATE_REDUNDANCY,Monitor. May provide diversification if combined carefully.,intake_vs_baseline
q158_max_10h,q158_max_5h,alpha158_rolling_price,alpha158_rolling_price,True,0.840276,0.840276,0.684124,662630,MODERATE_REDUNDANCY,Monitor. May provide diversification if combined carefully.,intake_vs_baseline
q158_max_10h,q158_max_20h,alpha158_rolling_price,alpha158_rolling_price,True,0.839545,0.839545,0.694423,661884,MODERATE_REDUNDANCY,Monitor. May provide diversification if combined carefully.,intake_vs_baseline
q158_min_10h,q158_min_20h,alpha158_rolling_price,alpha158_rolling_price,True,0.839514,0.839514,0.846631,661884,MODERATE_REDUNDANCY,Monitor. May provide diversification if combined carefully.,intake_vs_baseline
q158_ma_10h,q158_close_close_4h,alpha158_rolling_price,alpha158_price,False,0.838572,0.838572,0.856999,662630,MODERATE_REDUNDANCY,Monitor. May provide diversification if combined carefully.,intake_vs_baseline
q158_ma_10h,q158_ma_20h,alpha158_rolling_price,alpha158_rolling_price,True,0.825847,0.825847,0.844111,661884,MODERATE_REDUNDANCY,Monitor. May provide diversification if combined carefully.,intake_vs_baseline
q158_ma_10h,q158_qtld_20h,alpha158_rolling_price,alpha158_rolling,False,0.81593,0.81593,0.747934,661884,MODERATE_REDUNDANCY,Monitor. May provide diversification if combined carefully.,intake_vs_baseline
q158_ma_10h,q158_ma_5h,alpha158_rolling_price,alpha158_rolling_price,True,0.812821,0.812821,0.817502,662630,MODERATE_REDUNDANCY,Monitor. May provide diversification if combined carefully.,intake_vs_baseline
q158_ma_10h,q158_qtlu_20h,alpha158_rolling_price,alpha158_rolling,False,0.811895,0.811895,0.693172,661884,MODERATE_REDUNDANCY,Monitor. May provide diversification if combined carefully.,intake_vs_baseline
q158_min_10h,q158_klen_open,alpha158_rolling_price,alpha158_kbar,False,-0.796719,0.796719,-0.62863,428,MODERATE_REDUNDANCY,Monitor. May provide diversification if combined carefully.,intake_vs_baseline
q158_min_10h,q158_high_low_range,alpha158_rolling_price,alpha158,False,-0.795789,0.795789,-0.586472,428,MODERATE_REDUNDANCY,Monitor. May provide diversification if combined carefully.,intake_vs_baseline
q158_min_10h,range_1h,alpha158_rolling_price,range_position,False,-0.795789,0.795789,-0.586472,428,MODERATE_REDUNDANCY,Monitor. May provide diversification if combined carefully.,intake_vs_baseline
q158_ma_10h,breakout_dist_20h,alpha158_rolling_price,breakout,False,-0.77756,0.77756,-0.505789,661884,MODERATE_REDUNDANCY,Monitor. May provide diversification if combined carefully.,intake_vs_baseline
q158_ma_10h,q158_rsv_20h,alpha158_rolling_price,alpha158_rolling,False,-0.776873,0.776873,-0.505821,661884,MODERATE_REDUNDANCY,Monitor. May provide diversification if combined carefully.,intake_vs_baseline
q158_std_10h,q158_std_20h,alpha158_rolling_price,alpha158_rolling_price,True,0.762284,0.762284,0.676484,661884,MODERATE_REDUNDANCY,Monitor. May provide diversification if combined carefully.,intake_vs_baseline
q158_min_10h,reversal_5h,alpha158_rolling_price,momentum,False,0.756707,0.756707,0.678649,214,MODERATE_REDUNDANCY,Monitor. May provide diversification if combined carefully.,intake_vs_baseline
q158_min_10h,mom_5h,alpha158_rolling_price,momentum,False,-0.756707,0.756707,-0.678649,214,MODERATE_REDUNDANCY,Monitor. May provide diversification if combined carefully.,intake_vs_baseline
q158_ma_10h,rsi_14h,alpha158_rolling_price,technical,False,-0.750526,0.750526,-0.560665,662364,MODERATE_REDUNDANCY,Monitor. May provide diversification if combined carefully.,intake_vs_baseline
q158_std_10h,q158_std_5h,alpha158_rolling_price,alpha158_rolling_price,True,0.750489,0.750489,0.697544,662630,MODERATE_REDUNDANCY,Monitor. May provide diversification if combined carefully.,intake_vs_baseline
q158_ma_10h,tech_macd,alpha158_rolling_price,technical,False,-0.734815,0.734815,-0.01861,428,MODERATE_REDUNDANCY,Monitor. May provide diversification if combined carefully.,intake_vs_baseline
q158_min_10h,q158_kup_open,alpha158_rolling_price,alpha158_kbar,False,-0.733049,0.733049,-0.635791,428,MODERATE_REDUNDANCY,Monitor. May provide diversification if combined carefully.,intake_vs_baseline
q158_min_10h,q158_high_close_0h,alpha158_rolling_price,alpha158_price,False,-0.72501,0.72501,-0.40321,428,MODERATE_REDUNDANCY,Monitor. May provide diversification if combined carefully.,intake_vs_baseline
q158_ma_10h,q158_resi_20h,alpha158_rolling_price,alpha158_rolling_regression,False,-0.721702,0.721702,-0.676795,661884,MODERATE_REDUNDANCY,Monitor. May provide diversification if combined carefully.,intake_vs_baseline
q158_min_10h,vol_5h,alpha158_rolling_price,volatility,False,-0.720498,0.720498,-0.744148,214,MODERATE_REDUNDANCY,Monitor. May provide diversification if combined carefully.,intake_vs_baseline
q158_max_10h,q158_qtlu_20h,alpha158_rolling_price,alpha158_rolling,False,0.696803,0.696803,0.330628,661884,LOW_REDUNDANCY,Low redundancy. Independent signal sources.,intake_vs_baseline
q158_max_10h,q158_high_close_4h,alpha158_rolling_price,alpha158_price,False,0.696302,0.696302,0.310199,662630,LOW_REDUNDANCY,Low redundancy. Independent signal sources.,intake_vs_baseline
q158_std_10h,q158_klen_open,alpha158_rolling_price,alpha158_kbar,False,0.690275,0.690275,0.755996,428,LOW_REDUNDANCY,Low redundancy. Independent signal sources.,intake_vs_baseline
q158_min_10h,q158_qtld_20h,alpha158_rolling_price,alpha158_rolling,False,0.689866,0.689866,0.608919,661884,LOW_REDUNDANCY,Low redundancy. Independent signal sources.,intake_vs_baseline
q158_std_10h,range_1h,alpha158_rolling_price,range_position,False,0.689765,0.689765,0.768856,428,LOW_REDUNDANCY,Low redundancy. Independent signal sources.,intake_vs_baseline
q158_std_10h,q158_high_low_range,alpha158_rolling_price,alpha158,False,0.689765,0.689765,0.768856,428,LOW_REDUNDANCY,Low redundancy. Independent signal sources.,intake_vs_baseline
q158_ma_10h,q158_max_10h,alpha158_rolling_price,alpha158_rolling_price,True,0.688646,0.688646,0.306727,662844,LOW_REDUNDANCY,Low redundancy. Independent signal sources.,intake_vs_intake
q158_min_10h,q158_low_close_4h,alpha158_rolling_price,alpha158_price,False,0.687832,0.687832,0.504173,662630,LOW_REDUNDANCY,Low redundancy. Independent signal sources.,intake_vs_baseline
q158_max_10h,vol_5h,alpha158_rolling_price,volatility,False,0.676908,0.676908,0.607609,214,LOW_REDUNDANCY,Low redundancy. Independent signal sources.,intake_vs_baseline
q158_ma_10h,q158_min_10h,alpha158_rolling_price,alpha158_rolling_price,True,0.669026,0.669026,0.384962,662844,LOW_REDUNDANCY,Low redundancy. Independent signal sources.,intake_vs_intake
q158_min_10h,tech_macd,alpha158_rolling_price,technical,False,-0.653062,0.653062,-0.048039,428,LOW_REDUNDANCY,Low redundancy. Independent signal sources.,intake_vs_baseline
q158_max_10h,vwap_dev_20h,alpha158_rolling_price,alpha158_ohlcv,False,-0.640523,0.640523,-0.205651,660113,LOW_REDUNDANCY,Low redundancy. Independent signal sources.,intake_vs_baseline
q158_max_10h,breakout_dist_20h,alpha158_rolling_price,breakout,False,-0.639611,0.639611,-0.134962,661884,LOW_REDUNDANCY,Low redundancy. Independent signal sources.,intake_vs_baseline
q158_min_10h,q158_rank_close_20h,alpha158_rolling_price,alpha158_rolling,False,-0.632217,0.632217,-0.408626,661884,LOW_REDUNDANCY,Low redundancy. Independent signal sources.,intake_vs_baseline
q158_std_10h,mom_5h,alpha158_rolling_price,momentum,False,0.624519,0.624519,0.285479,214,LOW_REDUNDANCY,Low redundancy. Independent signal sources.,intake_vs_baseline
q158_std_10h,reversal_5h,alpha158_rolling_price,momentum,False,-0.624519,0.624519,-0.285479,214,LOW_REDUNDANCY,Low redundancy. Independent signal sources.,intake_vs_baseline
q158_min_10h,bb_zscore_20h,alpha158_rolling_price,technical,False,-0.623776,0.623776,-0.422667,660113,LOW_REDUNDANCY,Low redundancy. Independent signal sources.,intake_vs_baseline
q158_max_10h,q158_rsv_20h,alpha158_rolling_price,alpha158_rolling,False,-0.623619,0.623619,-0.132643,661884,LOW_REDUNDANCY,Low redundancy. Independent signal sources.,intake_vs_baseline
q158_ma_10h,q158_kup_open,alpha158_rolling_price,alpha158_kbar,False,-0.622517,0.622517,-0.45052,428,LOW_REDUNDANCY,Low redundancy. Independent signal sources.,intake_vs_baseline
q158_max_10h,q158_rank_close_20h,alpha158_rolling_price,alpha158_rolling,False,-0.62052,0.62052,-0.118441,661884,LOW_REDUNDANCY,Low redundancy. Independent signal sources.,intake_vs_baseline
q158_max_10h,bb_zscore_20h,alpha158_rolling_price,technical,False,-0.619419,0.619419,-0.121309,660113,LOW_REDUNDANCY,Low redundancy. Independent signal sources.,intake_vs_baseline
q158_std_10h,q158_high_close_0h,alpha158_rolling_price,alpha158_price,False,0.616074,0.616074,0.63492,428,LOW_REDUNDANCY,Low redundancy. Independent signal sources.,intake_vs_baseline
q158_min_10h,q158_rsv_20h,alpha158_rolling_price,alpha158_rolling,False,-0.611883,0.611883,-0.412167,661884,LOW_REDUNDANCY,Low redundancy. Independent signal sources.,intake_vs_baseline
q158_ma_10h,q158_max_20h,alpha158_rolling_price,alpha158_rolling_price,True,0.601534,0.601534,0.251067,661884,LOW_REDUNDANCY,Low redundancy. Independent signal sources.,intake_vs_baseline
q158_max_10h,q158_open_close_4h,alpha158_rolling_price,alpha158_price,False,0.601199,0.601199,0.263731,662630,LOW_REDUNDANCY,Low redundancy. Independent signal sources.,intake_vs_baseline
q158_std_10h,vol_of_vol_20h,alpha158_rolling_price,realized_skew_kurtosis,False,0.598408,0.598408,0.442878,661405,LOW_REDUNDANCY,Low redundancy. Independent signal sources.,intake_vs_baseline
q158_min_10h,q158_open_close_4h,alpha158_rolling_price,alpha158_price,False,0.59615,0.59615,0.369926,662630,LOW_REDUNDANCY,Low redundancy. Independent signal sources.,intake_vs_baseline
q158_min_10h,breakout_dist_20h,alpha158_rolling_price,breakout,False,-0.595883,0.595883,-0.403876,661884,LOW_REDUNDANCY,Low redundancy. Independent signal sources.,intake_vs_baseline
q158_ma_10h,q158_max_5h,alpha158_rolling_price,alpha158_rolling_price,True,0.593369,0.593369,0.259388,662630,LOW_REDUNDANCY,Low redundancy. Independent signal sources.,intake_vs_baseline
q158_ma_10h,q158_min_20h,alpha158_rolling_price,alpha158_rolling_price,True,0.592991,0.592991,0.33549,661884,LOW_REDUNDANCY,Low redundancy. Independent signal sources.,intake_vs_baseline
q158_max_10h,q158_ma_20h,alpha158_rolling_price,alpha158_rolling_price,True,0.591526,0.591526,0.303847,661884,LOW_REDUNDANCY,Low redundancy. Independent signal sources.,intake_vs_baseline
q158_max_10h,q158_ma_5h,alpha158_rolling_price,alpha158_rolling_price,True,0.581276,0.581276,0.207332,662630,LOW_REDUNDANCY,Low redundancy. Independent signal sources.,intake_vs_baseline
q158_std_10h,q158_max_10h,alpha158_rolling_price,alpha158_rolling_price,True,0.579794,0.579794,0.393488,662844,LOW_REDUNDANCY,Low redundancy. Independent signal sources.,intake_vs_intake
q158_min_10h,q158_ma_5h,alpha158_rolling_price,alpha158_rolling_price,True,0.577823,0.577823,0.354114,662630,LOW_REDUNDANCY,Low redundancy. Independent signal sources.,intake_vs_baseline
q158_max_10h,q158_close_close_4h,alpha158_rolling_price,alpha158_price,False,0.576704,0.576704,0.227253,662630,LOW_REDUNDANCY,Low redundancy. Independent signal sources.,intake_vs_baseline
q158_ma_10h,ma_gap_5_20,alpha158_rolling_price,trend_ma,False,-0.576231,0.576231,-0.571376,661884,LOW_REDUNDANCY,Low redundancy. Independent signal sources.,intake_vs_baseline
q158_min_10h,q158_close_close_4h,alpha158_rolling_price,alpha158_price,False,0.570239,0.570239,0.351913,662630,LOW_REDUNDANCY,Low redundancy. Independent signal sources.,intake_vs_baseline
q158_min_10h,vwap_dev_20h,alpha158_rolling_price,alpha158_ohlcv,False,-0.567508,0.567508,-0.479551,660113,LOW_REDUNDANCY,Low redundancy. Independent signal sources.,intake_vs_baseline
q158_ma_10h,q158_min_5h,alpha158_rolling_price,alpha158_rolling_price,True,0.567262,0.567262,0.338448,662630,LOW_REDUNDANCY,Low redundancy. Independent signal sources.,intake_vs_baseline
q158_ma_10h,q158_high_close_0h,alpha158_rolling_price,alpha158_price,False,-0.566558,0.566558,0.159287,428,LOW_REDUNDANCY,Low redundancy. Independent signal sources.,intake_vs_baseline
q158_min_10h,q158_ma_20h,alpha158_rolling_price,alpha158_rolling_price,True,0.563509,0.563509,0.305765,661884,LOW_REDUNDANCY,Low redundancy. Independent signal sources.,intake_vs_baseline
q158_ma_10h,q158_klen_open,alpha158_rolling_price,alpha158_kbar,False,-0.55415,0.55415,0.090334,428,LOW_REDUNDANCY,Low redundancy. Independent signal sources.,intake_vs_baseline
q158_ma_10h,range_1h,alpha158_rolling_price,range_position,False,-0.553774,0.553774,0.144218,428,LOW_REDUNDANCY,Low redundancy. Independent signal sources.,intake_vs_baseline
q158_ma_10h,q158_high_low_range,alpha158_rolling_price,alpha158,False,-0.553774,0.553774,0.144218,428,LOW_REDUNDANCY,Low redundancy. Independent signal sources.,intake_vs_baseline
q158_std_10h,q158_kup_open,alpha158_rolling_price,alpha158_kbar,False,0.540681,0.540681,0.270926,428,LOW_REDUNDANCY,Low redundancy. Independent signal sources.,intake_vs_baseline
q158_min_10h,q158_ksft_open,alpha158_rolling_price,alpha158_kbar,False,0.538287,0.538287,0.102149,428,LOW_REDUNDANCY,Low redundancy. Independent signal sources.,intake_vs_baseline
q158_max_10h,q158_std_20h,alpha158_rolling_price,alpha158_rolling_price,True,0.537076,0.537076,0.314245,661884,LOW_REDUNDANCY,Low redundancy. Independent signal sources.,intake_vs_baseline
q158_max_10h,rsi_14h,alpha158_rolling_price,technical,False,-0.535318,0.535318,-0.11672,662364,LOW_REDUNDANCY,Low redundancy. Independent signal sources.,intake_vs_baseline
q158_min_10h,rsi_14h,alpha158_rolling_price,technical,False,-0.529806,0.529806,-0.395212,662364,LOW_REDUNDANCY,Low redundancy. Independent signal sources.,intake_vs_baseline
q158_std_10h,klow_close,alpha158_rolling_price,alpha158_ohlcv,False,0.518566,0.518566,0.583875,428,LOW_REDUNDANCY,Low redundancy. Independent signal sources.,intake_vs_baseline
q158_std_10h,q158_max_5h,alpha158_rolling_price,alpha158_rolling_price,True,0.518015,0.518015,0.307577,662630,LOW_REDUNDANCY,Low redundancy. Independent signal sources.,intake_vs_baseline
q158_min_10h,q158_resi_20h,alpha158_rolling_price,alpha158_rolling_regression,False,-0.516948,0.516948,-0.294597,661884,LOW_REDUNDANCY,Low redundancy. Independent signal sources.,intake_vs_baseline
q158_std_10h,q158_klow_open,alpha158_rolling_price,alpha158_kbar,False,0.515993,0.515993,0.572422,428,LOW_REDUNDANCY,Low redundancy. Independent signal sources.,intake_vs_baseline
q158_max_10h,q158_resi_20h,alpha158_rolling_price,alpha158_rolling_regression,False,-0.503846,0.503846,-0.157849,661884,LOW_REDUNDANCY,Low redundancy. Independent signal sources.,intake_vs_baseline
q158_std_10h,q158_min_10h,alpha158_rolling_price,alpha158_rolling_price,True,-0.502111,0.502111,-0.491464,662844,LOW_REDUNDANCY,Low redundancy. Independent signal sources.,intake_vs_intake
q158_ma_10h,q158_ksft_open,alpha158_rolling_price,alpha158_kbar,False,0.49566,0.49566,-0.09307,428,LOW_REDUNDANCY,Low redundancy. Independent signal sources.,intake_vs_baseline
q158_ma_10h,vol_5h,alpha158_rolling_price,volatility,False,-0.495038,0.495038,-0.110515,214,LOW_REDUNDANCY,Low redundancy. Independent signal sources.,intake_vs_baseline
q158_std_10h,q158_max_20h,alpha158_rolling_price,alpha158_rolling_price,True,0.480259,0.480259,0.316117,661884,LOW_REDUNDANCY,Low redundancy. Independent signal sources.,intake_vs_baseline
q158_std_10h,q158_min_5h,alpha158_rolling_price,alpha158_rolling_price,True,-0.474525,0.474525,-0.455519,662630,LOW_REDUNDANCY,Low redundancy. Independent signal sources.,intake_vs_baseline
q158_ma_10h,rev_24h,alpha158_rolling_price,reversal,False,0.469878,0.469878,0.445989,661405,LOW_REDUNDANCY,Low redundancy. Independent signal sources.,intake_vs_baseline
q158_max_10h,q158_low_close_4h,alpha158_rolling_price,alpha158_price,False,0.469455,0.469455,0.172429,662630,LOW_REDUNDANCY,Low redundancy. Independent signal sources.,intake_vs_baseline
q158_min_10h,q158_high_close_4h,alpha158_rolling_price,alpha158_price,False,0.468612,0.468612,0.20585,662630,LOW_REDUNDANCY,Low redundancy. Independent signal sources.,intake_vs_baseline
q158_max_10h,q158_qtld_20h,alpha158_rolling_price,alpha158_rolling,False,0.451042,0.451042,0.10684,661884,LOW_REDUNDANCY,Low redundancy. Independent signal sources.,intake_vs_baseline
q158_std_10h,q158_low_close_0h,alpha158_rolling_price,alpha158_price,False,-0.449695,0.449695,-0.573881,428,LOW_REDUNDANCY,Low redundancy. Independent signal sources.,intake_vs_baseline
q158_max_10h,q158_std_5h,alpha158_rolling_price,alpha158_rolling_price,True,0.448098,0.448098,0.286678,662630,LOW_REDUNDANCY,Low redundancy. Independent signal sources.,intake_vs_baseline
q158_ma_10h,candle_wick_lower,alpha158_rolling_price,intraday_candle,False,0.445938,0.445938,0.291168,428,LOW_REDUNDANCY,Low redundancy. Independent signal sources.,intake_vs_baseline
q158_ma_10h,q158_klow_range,alpha158_rolling_price,alpha158_kbar,False,0.445849,0.445849,0.291182,428,LOW_REDUNDANCY,Low redundancy. Independent signal sources.,intake_vs_baseline
q158_min_10h,ema_12_26_gap,alpha158_rolling_price,technical_indicators,False,-0.444208,0.444208,-0.262629,428,LOW_REDUNDANCY,Low redundancy. Independent signal sources.,intake_vs_baseline
q158_ma_10h,price_pos_72h,alpha158_rolling_price,price_position,False,-0.44195,0.44195,-0.374447,2771,LOW_REDUNDANCY,Low redundancy. Independent signal sources.,intake_vs_baseline
q158_max_10h,vol_of_vol_20h,alpha158_rolling_price,realized_skew_kurtosis,False,0.441439,0.441439,0.197608,661405,LOW_REDUNDANCY,Low redundancy. Independent signal sources.,intake_vs_baseline
q158_min_10h,q158_std_20h,alpha158_rolling_price,alpha158_rolling_price,True,-0.44016,0.44016,-0.366166,661884,LOW_REDUNDANCY,Low redundancy. Independent signal sources.,intake_vs_baseline
q158_min_10h,q158_qtlu_20h,alpha158_rolling_price,alpha158_rolling,False,0.430409,0.430409,0.065639,661884,LOW_REDUNDANCY,Low redundancy. Independent signal sources.,intake_vs_baseline
q158_max_10h,klow_close,alpha158_rolling_price,alpha158_ohlcv,False,0.430049,0.430049,0.526231,428,LOW_REDUNDANCY,Low redundancy. Independent signal sources.,intake_vs_baseline
q158_max_10h,q158_klow_open,alpha158_rolling_price,alpha158_kbar,False,0.429163,0.429163,0.513136,428,LOW_REDUNDANCY,Low redundancy. Independent signal sources.,intake_vs_baseline
q158_ma_10h,ema_12_26_gap,alpha158_rolling_price,technical_indicators,False,-0.423585,0.423585,-0.388798,428,LOW_REDUNDANCY,Low redundancy. Independent signal sources.,intake_vs_baseline
q158_max_10h,taker_buy_delta_5h,alpha158_rolling_price,taker_imbalance,False,-0.417623,0.417623,-0.095369,335,LOW_REDUNDANCY,Low redundancy. Independent signal sources.,intake_vs_baseline
q158_ma_10h,up_down_vol_ratio_20h,alpha158_rolling_price,alpha158_ohlcv,False,-0.416383,0.416383,-0.33754,660113,LOW_REDUNDANCY,Low redundancy. Independent signal sources.,intake_vs_baseline
q158_max_10h,ma_gap_5_20,alpha158_rolling_price,trend_ma,False,-0.414002,0.414002,-0.130564,661884,LOW_REDUNDANCY,Low redundancy. Independent signal sources.,intake_vs_baseline
q158_min_10h,vol_of_vol_20h,alpha158_rolling_price,realized_skew_kurtosis,False,-0.410435,0.410435,-0.43965,661405,LOW_REDUNDANCY,Low redundancy. Independent signal sources.,intake_vs_baseline
q158_std_10h,q158_ksft_open,alpha158_rolling_price,alpha158_kbar,False,-0.409274,0.409274,-0.292245,428,LOW_REDUNDANCY,Low redundancy. Independent signal sources.,intake_vs_baseline
q158_std_10h,q158_min_20h,alpha158_rolling_price,alpha158_rolling_price,True,-0.408333,0.408333,-0.415182,661884,LOW_REDUNDANCY,Low redundancy. Independent signal sources.,intake_vs_baseline
q158_ma_10h,q158_imxd_20h,alpha158_rolling_price,alpha158_rolling_position,False,0.403382,0.403382,0.2893,661884,LOW_REDUNDANCY,Low redundancy. Independent signal sources.,intake_vs_baseline
q158_ma_10h,range_breakout_vol_confirm_20h,alpha158_rolling_price,breakout,False,-0.400581,0.400581,-0.375807,21594,LOW_REDUNDANCY,Low redundancy. Independent signal sources.,intake_vs_baseline
q158_ma_10h,q158_beta_20h,alpha158_rolling_price,alpha158_rolling_regression,False,-0.400173,0.400173,-0.441297,661884,LOW_REDUNDANCY,Low redundancy. Independent signal sources.,intake_vs_baseline
q158_min_10h,q158_std_5h,alpha158_rolling_price,alpha158_rolling_price,True,-0.396782,0.396782,-0.524069,662630,LOW_REDUNDANCY,Low redundancy. Independent signal sources.,intake_vs_baseline
q158_ma_10h,price_pos_120h,alpha158_rolling_price,price_position,False,-0.394324,0.394324,-0.296342,652304,LOW_REDUNDANCY,Low redundancy. Independent signal sources.,intake_vs_baseline
q158_ma_10h,q158_ksft_range,alpha158_rolling_price,alpha158_kbar,False,0.389363,0.389363,0.152292,428,LOW_REDUNDANCY,Low redundancy. Independent signal sources.,intake_vs_baseline
q158_max_10h,q158_low_close_0h,alpha158_rolling_price,alpha158_price,False,-0.384832,0.384832,-0.46534,428,LOW_REDUNDANCY,Low redundancy. Independent signal sources.,intake_vs_baseline
q158_min_10h,ma_gap_5_20,alpha158_rolling_price,trend_ma,False,-0.381829,0.381829,-0.401207,661884,LOW_REDUNDANCY,Low redundancy. Independent signal sources.,intake_vs_baseline
q158_min_10h,price_pos_72h,alpha158_rolling_price,price_position,False,-0.375978,0.375978,-0.312828,2771,LOW_REDUNDANCY,Low redundancy. Independent signal sources.,intake_vs_baseline
q158_min_10h,klow_close,alpha158_rolling_price,alpha158_ohlcv,False,-0.372918,0.372918,-0.493813,428,LOW_REDUNDANCY,Low redundancy. Independent signal sources.,intake_vs_baseline
q158_ma_10h,clv_20h,alpha158_rolling_price,alpha158_ohlc_range,False,-0.37054,0.37054,-0.266051,661884,LOW_REDUNDANCY,Low redundancy. Independent signal sources.,intake_vs_baseline
q158_min_10h,q158_klow_open,alpha158_rolling_price,alpha158_kbar,False,-0.369974,0.369974,-0.496722,428,LOW_REDUNDANCY,Low redundancy. Independent signal sources.,intake_vs_baseline
q158_ma_10h,q158_imin_20h,alpha158_rolling_price,alpha158_rolling_position,False,-0.35679,0.35679,-0.251424,661884,LOW_REDUNDANCY,Low redundancy. Independent signal sources.,intake_vs_baseline
q158_min_10h,q158_open_close_0h,alpha158_rolling_price,alpha158_price,False,-0.355395,0.355395,0.043943,428,LOW_REDUNDANCY,Low redundancy. Independent signal sources.,intake_vs_baseline
q158_min_10h,intraday_ret,alpha158_rolling_price,alpha158_ohlcv,False,0.355393,0.355393,-0.051967,428,LOW_REDUNDANCY,Low redundancy. Independent signal sources.,intake_vs_baseline
q158_min_10h,q158_kmid_open,alpha158_rolling_price,alpha158_kbar,False,0.355393,0.355393,-0.051967,428,LOW_REDUNDANCY,Low redundancy. Independent signal sources.,intake_vs_baseline
q158_max_10h,clv_20h,alpha158_rolling_price,alpha158_ohlc_range,False,-0.355284,0.355284,-0.078743,661884,LOW_REDUNDANCY,Low redundancy. Independent signal sources.,intake_vs_baseline
q158_min_10h,q158_low_close_0h,alpha158_rolling_price,alpha158_price,False,0.35288,0.35288,0.598589,428,LOW_REDUNDANCY,Low redundancy. Independent signal sources.,intake_vs_baseline
q158_min_10h,candle_wick_lower,alpha158_rolling_price,intraday_candle,False,0.336521,0.336521,0.093458,428,LOW_REDUNDANCY,Low redundancy. Independent signal sources.,intake_vs_baseline
q158_min_10h,q158_klow_range,alpha158_rolling_price,alpha158_kbar,False,0.336445,0.336445,0.093539,428,LOW_REDUNDANCY,Low redundancy. Independent signal sources.,intake_vs_baseline
q158_ma_10h,q158_imax_20h,alpha158_rolling_price,alpha158_rolling_position,False,0.328335,0.328335,0.242836,661884,LOW_REDUNDANCY,Low redundancy. Independent signal sources.,intake_vs_baseline
q158_max_10h,rev_24h,alpha158_rolling_price,reversal,False,0.317714,0.317714,0.054802,661405,LOW_REDUNDANCY,Low redundancy. Independent signal sources.,intake_vs_baseline
q158_std_10h,q158_open_close_0h,alpha158_rolling_price,alpha158_price,False,0.31201,0.31201,0.443966,428,LOW_REDUNDANCY,Low redundancy. Independent signal sources.,intake_vs_baseline
q158_std_10h,q158_kmid_open,alpha158_rolling_price,alpha158_kbar,False,-0.312009,0.312009,-0.408216,428,LOW_REDUNDANCY,Low redundancy. Independent signal sources.,intake_vs_baseline
q158_std_10h,intraday_ret,alpha158_rolling_price,alpha158_ohlcv,False,-0.312009,0.312009,-0.408216,428,LOW_REDUNDANCY,Low redundancy. Independent signal sources.,intake_vs_baseline
q158_max_10h,q158_klen_open,alpha158_rolling_price,alpha158_kbar,False,0.307461,0.307461,0.645389,428,LOW_REDUNDANCY,Low redundancy. Independent signal sources.,intake_vs_baseline
q158_max_10h,range_1h,alpha158_rolling_price,range_position,False,0.307396,0.307396,0.675071,428,LOW_REDUNDANCY,Low redundancy. Independent signal sources.,intake_vs_baseline
q158_max_10h,q158_high_low_range,alpha158_rolling_price,alpha158,False,0.307396,0.307396,0.675071,428,LOW_REDUNDANCY,Low redundancy. Independent signal sources.,intake_vs_baseline
q158_max_10h,price_pos_72h,alpha158_rolling_price,price_position,False,-0.302854,0.302854,-0.233999,2771,LOW_REDUNDANCY,Low redundancy. Independent signal sources.,intake_vs_baseline
q158_min_10h,q158_ksft_range,alpha158_rolling_price,alpha158_kbar,False,0.30268,0.30268,0.036342,428,LOW_REDUNDANCY,Low redundancy. Independent signal sources.,intake_vs_baseline
q158_ma_10h,q158_open_close_0h,alpha158_rolling_price,alpha158_price,False,-0.301831,0.301831,0.480289,428,LOW_REDUNDANCY,Low redundancy. Independent signal sources.,intake_vs_baseline
q158_ma_10h,intraday_ret,alpha158_rolling_price,alpha158_ohlcv,False,0.30183,0.30183,-0.458235,428,LOW_REDUNDANCY,Low redundancy. Independent signal sources.,intake_vs_baseline
q158_ma_10h,q158_kmid_open,alpha158_rolling_price,alpha158_kbar,False,0.30183,0.30183,-0.458235,428,LOW_REDUNDANCY,Low redundancy. Independent signal sources.,intake_vs_baseline
q158_min_10h,rev_24h,alpha158_rolling_price,reversal,False,0.299462,0.299462,0.39187,661405,LOW_REDUNDANCY,Low redundancy. Independent signal sources.,intake_vs_baseline
q158_std_10h,tech_macd,alpha158_rolling_price,technical,False,0.298582,0.298582,0.040839,428,LOW_REDUNDANCY,Low redundancy. Independent signal sources.,intake_vs_baseline
q158_min_10h,up_down_vol_ratio_20h,alpha158_rolling_price,alpha158_ohlcv,False,-0.288904,0.288904,-0.241787,660113,LOW_REDUNDANCY,Low redundancy. Independent signal sources.,intake_vs_baseline
q158_std_10h,qvol_ma_ratio_20_80,alpha158_rolling_price,quote_volume_liquidity,False,0.287895,0.287895,0.265313,654413,LOW_REDUNDANCY,Low redundancy. Independent signal sources.,intake_vs_baseline
q158_std_10h,ema_12_26_gap,alpha158_rolling_price,technical_indicators,False,0.284808,0.284808,-0.124548,428,LOW_REDUNDANCY,Low redundancy. Independent signal sources.,intake_vs_baseline
q158_max_10h,q158_beta_20h,alpha158_rolling_price,alpha158_rolling_regression,False,-0.282869,0.282869,-0.205231,661884,LOW_REDUNDANCY,Low redundancy. Independent signal sources.,intake_vs_baseline
q158_max_10h,up_down_vol_ratio_20h,alpha158_rolling_price,alpha158_ohlcv,False,-0.281813,0.281813,-0.06332,660113,LOW_REDUNDANCY,Low redundancy. Independent signal sources.,intake_vs_baseline
q158_min_10h,price_pos_120h,alpha158_rolling_price,price_position,False,-0.279783,0.279783,-0.238869,652304,LOW_REDUNDANCY,Low redundancy. Independent signal sources.,intake_vs_baseline
q158_max_10h,q158_imin_20h,alpha158_rolling_price,alpha158_rolling_position,False,-0.276964,0.276964,-0.06498,661884,LOW_REDUNDANCY,Low redundancy. Independent signal sources.,intake_vs_baseline
q158_min_10h,clv_20h,alpha158_rolling_price,alpha158_ohlc_range,False,-0.272671,0.272671,-0.195551,661884,LOW_REDUNDANCY,Low redundancy. Independent signal sources.,intake_vs_baseline
q158_std_10h,qvol_ma_ratio_5_20,alpha158_rolling_price,quote_volume_liquidity,False,0.272393,0.272393,0.237447,660113,LOW_REDUNDANCY,Low redundancy. Independent signal sources.,intake_vs_baseline
q158_max_10h,q158_imxd_20h,alpha158_rolling_price,alpha158_rolling_position,False,0.267802,0.267802,0.053883,661884,LOW_REDUNDANCY,Low redundancy. Independent signal sources.,intake_vs_baseline
q158_max_10h,price_pos_120h,alpha158_rolling_price,price_position,False,-0.263672,0.263672,-0.063895,652304,LOW_REDUNDANCY,Low redundancy. Independent signal sources.,intake_vs_baseline
q158_ma_10h,ksft_5h,alpha158_rolling_price,alpha158_ohlcv,False,-0.261018,0.261018,-0.237136,214,LOW_REDUNDANCY,Low redundancy. Independent signal sources.,intake_vs_baseline
q158_min_10h,q158_imxd_20h,alpha158_rolling_price,alpha158_rolling_position,False,0.260205,0.260205,0.20304,661884,LOW_REDUNDANCY,Low redundancy. Independent signal sources.,intake_vs_baseline
q158_min_10h,q158_beta_20h,alpha158_rolling_price,alpha158_rolling_regression,False,-0.255319,0.255319,-0.133117,661884,LOW_REDUNDANCY,Low redundancy. Independent signal sources.,intake_vs_baseline
q158_max_10h,q158_high_close_0h,alpha158_rolling_price,alpha158_price,False,0.254169,0.254169,0.576903,428,LOW_REDUNDANCY,Low redundancy. Independent signal sources.,intake_vs_baseline
q158_min_10h,q158_imax_20h,alpha158_rolling_price,alpha158_rolling_position,False,0.253962,0.253962,0.228175,661884,LOW_REDUNDANCY,Low redundancy. Independent signal sources.,intake_vs_baseline
q158_std_10h,xs_rank_vol,alpha158_rolling_price,cross_sectional_normalized,False,0.237776,0.237776,0.149925,661884,LOW_REDUNDANCY,Low redundancy. Independent signal sources.,intake_vs_baseline
q158_max_10h,tech_macd,alpha158_rolling_price,technical,False,-0.235027,0.235027,0.024766,428,LOW_REDUNDANCY,Low redundancy. Independent signal sources.,intake_vs_baseline
q158_max_10h,q158_klow_range,alpha158_rolling_price,alpha158_kbar,False,0.233505,0.233505,0.175265,428,LOW_REDUNDANCY,Low redundancy. Independent signal sources.,intake_vs_baseline
q158_max_10h,candle_wick_lower,alpha158_rolling_price,intraday_candle,False,0.233501,0.233501,0.175309,428,LOW_REDUNDANCY,Low redundancy. Independent signal sources.,intake_vs_baseline
q158_ma_10h,q158_corr_20h,alpha158_rolling_price,alpha158_rolling_volume_price,False,-0.218351,0.218351,-0.225662,660113,LOW_REDUNDANCY,Low redundancy. Independent signal sources.,intake_vs_baseline
q158_min_10h,range_breakout_vol_confirm_20h,alpha158_rolling_price,breakout,False,-0.218339,0.218339,-0.211697,21594,LOW_REDUNDANCY,Low redundancy. Independent signal sources.,intake_vs_baseline
q158_ma_10h,ma_gap_10_40,alpha158_rolling_price,trend_ma,False,-0.217595,0.217595,-0.224765,659968,LOW_REDUNDANCY,Low redundancy. Independent signal sources.,intake_vs_baseline
q158_min_10h,qvol_ma_ratio_20_80,alpha158_rolling_price,quote_volume_liquidity,False,-0.214974,0.214974,-0.328259,654413,LOW_REDUNDANCY,Low redundancy. Independent signal sources.,intake_vs_baseline
q158_ma_10h,wq101_alpha53,alpha158_rolling_price,wq101,False,0.212793,0.212793,0.000668,662844,LOW_REDUNDANCY,Low redundancy. Independent signal sources.,intake_vs_baseline
q158_std_10h,q158_qtlu_20h,alpha158_rolling_price,alpha158_rolling,False,0.208115,0.208115,0.55707,661884,LOW_REDUNDANCY,Low redundancy. Independent signal sources.,intake_vs_baseline
q158_max_10h,xs_rank_vol,alpha158_rolling_price,cross_sectional_normalized,False,0.20017,0.20017,0.063884,661884,LOW_REDUNDANCY,Low redundancy. Independent signal sources.,intake_vs_baseline
q158_min_10h,taker_buy_delta_5h,alpha158_rolling_price,taker_imbalance,False,-0.198887,0.198887,-0.147635,335,LOW_REDUNDANCY,Low redundancy. Independent signal sources.,intake_vs_baseline
q158_min_10h,q158_imin_20h,alpha158_rolling_price,alpha158_rolling_position,False,-0.190049,0.190049,-0.118486,661884,LOW_REDUNDANCY,Low redundancy. Independent signal sources.,intake_vs_baseline
q158_max_10h,mom_5h,alpha158_rolling_price,momentum,False,0.187982,0.187982,-0.233877,214,LOW_REDUNDANCY,Low redundancy. Independent signal sources.,intake_vs_baseline
q158_max_10h,reversal_5h,alpha158_rolling_price,momentum,False,-0.187982,0.187982,0.233877,214,LOW_REDUNDANCY,Low redundancy. Independent signal sources.,intake_vs_baseline
q158_std_10h,range_breakout_vol_confirm_20h,alpha158_rolling_price,breakout,False,0.187539,0.187539,0.171565,21594,LOW_REDUNDANCY,Low redundancy. Independent signal sources.,intake_vs_baseline
q158_std_10h,q158_high_close_4h,alpha158_rolling_price,alpha158_price,False,0.184555,0.184555,0.458362,662630,LOW_REDUNDANCY,Low redundancy. Independent signal sources.,intake_vs_baseline
q158_min_10h,wq101_alpha53,alpha158_rolling_price,wq101,False,0.182303,0.182303,3.3e-05,662844,LOW_REDUNDANCY,Low redundancy. Independent signal sources.,intake_vs_baseline
q158_max_10h,qvol_ma_ratio_20_80,alpha158_rolling_price,quote_volume_liquidity,False,0.182001,0.182001,0.104505,654413,LOW_REDUNDANCY,Low redundancy. Independent signal sources.,intake_vs_baseline
q158_ma_10h,taker_buy_delta_5h,alpha158_rolling_price,taker_imbalance,False,-0.181995,0.181995,-0.084035,335,LOW_REDUNDANCY,Low redundancy. Independent signal sources.,intake_vs_baseline
q158_max_10h,q158_imax_20h,alpha158_rolling_price,alpha158_rolling_position,False,0.17505,0.17505,0.027149,661884,LOW_REDUNDANCY,Low redundancy. Independent signal sources.,intake_vs_baseline
q158_ma_10h,taker_buy_ratio_20h,alpha158_rolling_price,taker_imbalance,False,-0.173784,0.173784,-0.089966,268389,LOW_REDUNDANCY,Low redundancy. Independent signal sources.,intake_vs_baseline
q158_std_10h,trend_efficiency_24h,alpha158_rolling_price,trend_quality,False,0.17351,0.17351,0.172582,659638,LOW_REDUNDANCY,Low redundancy. Independent signal sources.,intake_vs_baseline
q158_max_10h,wq101_alpha53,alpha158_rolling_price,wq101,False,0.165679,0.165679,0.000276,662844,LOW_REDUNDANCY,Low redundancy. Independent signal sources.,intake_vs_baseline
q158_min_10h,q158_kmid_range,alpha158_rolling_price,alpha158_kbar,False,0.164009,0.164009,0.005659,428,LOW_REDUNDANCY,Low redundancy. Independent signal sources.,intake_vs_baseline
q158_min_10h,candle_body,alpha158_rolling_price,intraday_candle,False,0.163988,0.163988,0.005603,428,LOW_REDUNDANCY,Low redundancy. Independent signal sources.,intake_vs_baseline
q158_min_10h,xs_rank_vol,alpha158_rolling_price,cross_sectional_normalized,False,-0.160386,0.160386,-0.162192,661884,LOW_REDUNDANCY,Low redundancy. Independent signal sources.,intake_vs_baseline
q158_std_10h,a101_volume_xs_z_mean_neg_112h,alpha158_rolling_price,alpha101_curated_volume_crowding,False,-0.159813,0.159813,-0.007687,324410,LOW_REDUNDANCY,Low redundancy. Independent signal sources.,intake_vs_baseline
q158_ma_10h,wq101_alpha101,alpha158_rolling_price,wq101,False,0.158444,0.158444,-0.095345,428,LOW_REDUNDANCY,Low redundancy. Independent signal sources.,intake_vs_baseline
q158_std_10h,a101_volume_low_alpha_min_84_120,alpha158_rolling_price,alpha101_curated_volume_price_regression,False,-0.15607,0.15607,-0.02437,328952,LOW_REDUNDANCY,Low redundancy. Independent signal sources.,intake_vs_baseline
q158_ma_10h,taker_buy_zscore_20h,alpha158_rolling_price,taker_imbalance,False,-0.155644,0.155644,-0.092813,268389,LOW_REDUNDANCY,Low redundancy. Independent signal sources.,intake_vs_baseline
q158_ma_10h,q158_kmid_range,alpha158_rolling_price,alpha158_kbar,False,0.153593,0.153593,-0.05945,428,LOW_REDUNDANCY,Low redundancy. Independent signal sources.,intake_vs_baseline
q158_ma_10h,candle_body,alpha158_rolling_price,intraday_candle,False,0.153576,0.153576,-0.059495,428,LOW_REDUNDANCY,Low redundancy. Independent signal sources.,intake_vs_baseline
q158_max_10h,q158_min_10h,alpha158_rolling_price,alpha158_rolling_price,True,0.152346,0.152346,-0.089966,662844,LOW_REDUNDANCY,Low redundancy. Independent signal sources.,intake_vs_intake
q158_min_10h,qvol_ma_ratio_5_20,alpha158_rolling_price,quote_volume_liquidity,False,-0.151182,0.151182,-0.276045,660113,LOW_REDUNDANCY,Low redundancy. Independent signal sources.,intake_vs_baseline
q158_std_10h,a101_vol_xs_z_product_112h,alpha158_rolling_price,alpha101_curated_volume_regime,False,-0.151107,0.151107,0.000796,324410,LOW_REDUNDANCY,Low redundancy. Independent signal sources.,intake_vs_baseline
q158_min_10h,wq101_alpha101,alpha158_rolling_price,wq101,False,0.146517,0.146517,-0.031753,428,LOW_REDUNDANCY,Low redundancy. Independent signal sources.,intake_vs_baseline
q158_min_10h,taker_buy_zscore_20h,alpha158_rolling_price,taker_imbalance,False,-0.142308,0.142308,-0.063449,268389,LOW_REDUNDANCY,Low redundancy. Independent signal sources.,intake_vs_baseline
q158_max_10h,ma_gap_10_40,alpha158_rolling_price,trend_ma,False,-0.140055,0.140055,-0.025507,659968,LOW_REDUNDANCY,Low redundancy. Independent signal sources.,intake_vs_baseline
q158_std_10h,q158_kmid_range,alpha158_rolling_price,alpha158_kbar,False,-0.139521,0.139521,-0.04855,428,LOW_REDUNDANCY,Low redundancy. Independent signal sources.,intake_vs_baseline
q158_std_10h,candle_body,alpha158_rolling_price,intraday_candle,False,-0.139505,0.139505,-0.048545,428,LOW_REDUNDANCY,Low redundancy. Independent signal sources.,intake_vs_baseline
q158_std_10h,q158_imin_20h,alpha158_rolling_price,alpha158_rolling_position,False,-0.139359,0.139359,-0.063843,661884,LOW_REDUNDANCY,Low redundancy. Independent signal sources.,intake_vs_baseline
q158_max_10h,a101_volume_low_alpha_min_84_120,alpha158_rolling_price,alpha101_curated_volume_price_regression,False,-0.138977,0.138977,-0.026028,328952,LOW_REDUNDANCY,Low redundancy. Independent signal sources.,intake_vs_baseline
q158_max_10h,taker_buy_ratio_20h,alpha158_rolling_price,taker_imbalance,False,-0.136711,0.136711,-0.03135,268389,LOW_REDUNDANCY,Low redundancy. Independent signal sources.,intake_vs_baseline
q158_ma_10h,q158_kup_range,alpha158_rolling_price,alpha158_kbar,False,-0.136109,0.136109,-0.224717,428,LOW_REDUNDANCY,Low redundancy. Independent signal sources.,intake_vs_baseline
q158_ma_10h,candle_wick_upper,alpha158_rolling_price,intraday_candle,False,-0.13604,0.13604,-0.224793,428,LOW_REDUNDANCY,Low redundancy. Independent signal sources.,intake_vs_baseline
q158_max_10h,q158_kup_open,alpha158_rolling_price,alpha158_kbar,False,0.1356,0.1356,0.073548,428,LOW_REDUNDANCY,Low redundancy. Independent signal sources.,intake_vs_baseline
q158_max_10h,q158_ksft_range,alpha158_rolling_price,alpha158_kbar,False,0.131619,0.131619,0.106377,428,LOW_REDUNDANCY,Low redundancy. Independent signal sources.,intake_vs_baseline
q158_max_10h,q158_min_20h,alpha158_rolling_price,alpha158_rolling_price,True,0.131442,0.131442,-0.080151,661884,LOW_REDUNDANCY,Low redundancy. Independent signal sources.,intake_vs_baseline
q158_std_10h,vol_zscore_20h,alpha158_rolling_price,volume_liquidity,False,0.130865,0.130865,0.083212,660113,LOW_REDUNDANCY,Low redundancy. Independent signal sources.,intake_vs_baseline
q158_min_10h,q158_corr_20h,alpha158_rolling_price,alpha158_rolling_volume_price,False,-0.129104,0.129104,-0.146373,660113,LOW_REDUNDANCY,Low redundancy. Independent signal sources.,intake_vs_baseline
q158_std_10h,qvol_zscore_20h,alpha158_rolling_price,quote_volume_liquidity,False,0.127107,0.127107,0.078047,660113,LOW_REDUNDANCY,Low redundancy. Independent signal sources.,intake_vs_baseline
q158_max_10h,a101_volume_xs_z_mean_neg_112h,alpha158_rolling_price,alpha101_curated_volume_crowding,False,-0.123879,0.123879,-0.002915,324410,LOW_REDUNDANCY,Low redundancy. Independent signal sources.,intake_vs_baseline
q158_max_10h,taker_buy_zscore_20h,alpha158_rolling_price,taker_imbalance,False,-0.122482,0.122482,-0.043065,268389,LOW_REDUNDANCY,Low redundancy. Independent signal sources.,intake_vs_baseline
q158_min_10h,q158_max_5h,alpha158_rolling_price,alpha158_rolling_price,True,0.120595,0.120595,-0.092524,662630,LOW_REDUNDANCY,Low redundancy. Independent signal sources.,intake_vs_baseline
q158_max_10h,a101_vol_xs_z_product_112h,alpha158_rolling_price,alpha101_curated_volume_regime,False,-0.119934,0.119934,0.000737,324410,LOW_REDUNDANCY,Low redundancy. Independent signal sources.,intake_vs_baseline
q158_min_10h,q158_max_20h,alpha158_rolling_price,alpha158_rolling_price,True,0.117143,0.117143,-0.077729,661884,LOW_REDUNDANCY,Low redundancy. Independent signal sources.,intake_vs_baseline
q158_min_10h,ma_gap_10_40,alpha158_rolling_price,trend_ma,False,-0.114509,0.114509,-0.215835,659968,LOW_REDUNDANCY,Low redundancy. Independent signal sources.,intake_vs_baseline
q158_min_10h,a101_volume_xs_z_mean_neg_112h,alpha158_rolling_price,alpha101_curated_volume_crowding,False,0.113356,0.113356,0.011151,324410,LOW_REDUNDANCY,Low redundancy. Independent signal sources.,intake_vs_baseline
q158_std_10h,q158_qtld_20h,alpha158_rolling_price,alpha158_rolling,False,-0.110421,0.110421,-0.041228,661884,LOW_REDUNDANCY,Low redundancy. Independent signal sources.,intake_vs_baseline
q158_max_10h,q158_ksft_open,alpha158_rolling_price,alpha158_kbar,False,-0.109729,0.109729,-0.279323,428,LOW_REDUNDANCY,Low redundancy. Independent signal sources.,intake_vs_baseline
q158_std_10h,q158_ksft_range,alpha158_rolling_price,alpha158_kbar,False,-0.108084,0.108084,0.087076,428,LOW_REDUNDANCY,Low redundancy. Independent signal sources.,intake_vs_baseline
q158_std_10h,q158_rsqr_20h,alpha158_rolling_price,alpha158_rolling_regression,False,0.10795,0.10795,0.072433,661884,LOW_REDUNDANCY,Low redundancy. Independent signal sources.,intake_vs_baseline
q158_max_10h,trend_efficiency_24h,alpha158_rolling_price,trend_quality,False,0.106541,0.106541,0.047893,659638,LOW_REDUNDANCY,Low redundancy. Independent signal sources.,intake_vs_baseline
q158_max_10h,q158_open_close_0h,alpha158_rolling_price,alpha158_price,False,0.105755,0.105755,0.524227,428,LOW_REDUNDANCY,Low redundancy. Independent signal sources.,intake_vs_baseline
q158_max_10h,intraday_ret,alpha158_rolling_price,alpha158_ohlcv,False,-0.10575,0.10575,-0.485336,428,LOW_REDUNDANCY,Low redundancy. Independent signal sources.,intake_vs_baseline
q158_max_10h,q158_kmid_open,alpha158_rolling_price,alpha158_kbar,False,-0.10575,0.10575,-0.485336,428,LOW_REDUNDANCY,Low redundancy. Independent signal sources.,intake_vs_baseline
q158_min_10h,taker_buy_ratio_20h,alpha158_rolling_price,taker_imbalance,False,-0.105634,0.105634,-0.060898,268389,LOW_REDUNDANCY,Low redundancy. Independent signal sources.,intake_vs_baseline
q158_min_10h,a101_vol_xs_z_product_112h,alpha158_rolling_price,alpha101_curated_volume_regime,False,0.105554,0.105554,7.4e-05,324410,LOW_REDUNDANCY,Low redundancy. Independent signal sources.,intake_vs_baseline
q158_max_10h,q158_rsqr_20h,alpha158_rolling_price,alpha158_rolling_regression,False,0.105334,0.105334,0.025771,661884,LOW_REDUNDANCY,Low redundancy. Independent signal sources.,intake_vs_baseline
q158_std_10h,q158_vma_20h,alpha158_rolling_price,alpha158_rolling_volume,False,-0.105088,0.105088,-0.001068,661884,LOW_REDUNDANCY,Low redundancy. Independent signal sources.,intake_vs_baseline
q158_std_10h,q158_imax_20h,alpha158_rolling_price,alpha158_rolling_position,False,-0.102875,0.102875,-0.062347,661884,LOW_REDUNDANCY,Low redundancy. Independent signal sources.,intake_vs_baseline
q158_max_10h,a101_volume_high_alpha_min_84_84,alpha158_rolling_price,alpha101_curated_volume_price_regression,False,-0.101089,0.101089,-0.002167,322238,LOW_REDUNDANCY,Low redundancy. Independent signal sources.,intake_vs_baseline
q158_max_10h,ksft_5h,alpha158_rolling_price,alpha158_ohlcv,False,-0.099676,0.099676,-0.176289,214,LOW_REDUNDANCY,Low redundancy. Independent signal sources.,intake_vs_baseline
q158_min_10h,a101_volume_low_alpha_min_84_120,alpha158_rolling_price,alpha101_curated_volume_price_regression,False,0.099589,0.099589,0.018381,328952,LOW_REDUNDANCY,Low redundancy. Independent signal sources.,intake_vs_baseline
q158_std_10h,q158_low_close_4h,alpha158_rolling_price,alpha158_price,False,-0.099302,0.099302,0.096422,662630,LOW_REDUNDANCY,Low redundancy. Independent signal sources.,intake_vs_baseline
q158_max_10h,qvol_ma_ratio_5_20,alpha158_rolling_price,quote_volume_liquidity,False,0.098892,0.098892,0.057792,660113,LOW_REDUNDANCY,Low redundancy. Independent signal sources.,intake_vs_baseline
q158_std_10h,a101_volume_high_alpha_min_84_84,alpha158_rolling_price,alpha101_curated_volume_price_regression,False,-0.097564,0.097564,-0.004186,322238,LOW_REDUNDANCY,Low redundancy. Independent signal sources.,intake_vs_baseline
q158_max_10h,q158_min_5h,alpha158_rolling_price,alpha158_rolling_price,True,0.096704,0.096704,-0.090317,662630,LOW_REDUNDANCY,Low redundancy. Independent signal sources.,intake_vs_baseline
q158_min_10h,ksft_5h,alpha158_rolling_price,alpha158_ohlcv,False,-0.096691,0.096691,0.012612,214,LOW_REDUNDANCY,Low redundancy. Independent signal sources.,intake_vs_baseline
q158_ma_10h,klow_close,alpha158_rolling_price,alpha158_ohlcv,False,-0.091384,0.091384,0.222634,428,LOW_REDUNDANCY,Low redundancy. Independent signal sources.,intake_vs_baseline
q158_max_10h,funding_rate_zscore_80h,alpha158_rolling_price,funding_rate,False,-0.089876,0.089876,-0.108633,113084,LOW_REDUNDANCY,Low redundancy. Independent signal sources.,intake_vs_baseline
q158_std_10h,funding_rate_zscore_80h,alpha158_rolling_price,funding_rate,False,-0.089855,0.089855,-0.118833,113084,LOW_REDUNDANCY,Low redundancy. Independent signal sources.,intake_vs_baseline
q158_ma_10h,q158_klow_open,alpha158_rolling_price,alpha158_kbar,False,-0.088427,0.088427,0.209091,428,LOW_REDUNDANCY,Low redundancy. Independent signal sources.,intake_vs_baseline
q158_std_10h,wq101_alpha101,alpha158_rolling_price,wq101,False,-0.086908,0.086908,-0.05148,428,LOW_REDUNDANCY,Low redundancy. Independent signal sources.,intake_vs_baseline
q158_std_10h,vwap_dev_20h,alpha158_rolling_price,alpha158_ohlcv,False,-0.08569,0.08569,-0.117631,660113,LOW_REDUNDANCY,Low redundancy. Independent signal sources.,intake_vs_baseline
q158_std_10h,price_pos_72h,alpha158_rolling_price,price_position,False,0.085674,0.085674,0.078983,2771,LOW_REDUNDANCY,Low redundancy. Independent signal sources.,intake_vs_baseline
q158_max_10h,q158_kup_range,alpha158_rolling_price,alpha158_kbar,False,-0.084859,0.084859,-0.210415,428,LOW_REDUNDANCY,Low redundancy. Independent signal sources.,intake_vs_baseline
q158_max_10h,candle_wick_upper,alpha158_rolling_price,intraday_candle,False,-0.084774,0.084774,-0.210391,428,LOW_REDUNDANCY,Low redundancy. Independent signal sources.,intake_vs_baseline
q158_max_10h,q158_vstd_20h,alpha158_rolling_price,alpha158_rolling_volume,False,0.078894,0.078894,0.000803,661884,LOW_REDUNDANCY,Low redundancy. Independent signal sources.,intake_vs_baseline
q158_std_10h,clv_20h,alpha158_rolling_price,alpha158_ohlc_range,False,-0.07395,0.07395,-0.033216,661884,LOW_REDUNDANCY,Low redundancy. Independent signal sources.,intake_vs_baseline
q158_ma_10h,q158_std_20h,alpha158_rolling_price,alpha158_rolling_price,True,0.06887,0.06887,0.296849,661884,LOW_REDUNDANCY,Low redundancy. Independent signal sources.,intake_vs_baseline
q158_std_10h,breakout_dist_20h,alpha158_rolling_price,breakout,False,-0.068802,0.068802,-0.034714,661884,LOW_REDUNDANCY,Low redundancy. Independent signal sources.,intake_vs_baseline
q158_min_10h,trend_efficiency_24h,alpha158_rolling_price,trend_quality,False,-0.068361,0.068361,-0.202694,659638,LOW_REDUNDANCY,Low redundancy. Independent signal sources.,intake_vs_baseline
q158_std_10h,tech_atr,alpha158_rolling_price,technical,False,0.068354,0.068354,-0.02509,662364,LOW_REDUNDANCY,Low redundancy. Independent signal sources.,intake_vs_baseline
q158_min_10h,qvol_zscore_20h,alpha158_rolling_price,quote_volume_liquidity,False,-0.068058,0.068058,-0.135514,660113,LOW_REDUNDANCY,Low redundancy. Independent signal sources.,intake_vs_baseline
q158_max_10h,q158_volume_ratio_4h,alpha158_rolling_price,alpha158_volume,False,0.062872,0.062872,0.000548,662630,LOW_REDUNDANCY,Low redundancy. Independent signal sources.,intake_vs_baseline
q158_std_10h,q158_corr_20h,alpha158_rolling_price,alpha158_rolling_volume_price,False,0.06265,0.06265,0.035557,660113,LOW_REDUNDANCY,Low redundancy. Independent signal sources.,intake_vs_baseline
q158_ma_10h,q158_std_10h,alpha158_rolling_price,alpha158_rolling_price,True,0.062627,0.062627,0.439318,662844,LOW_REDUNDANCY,Low redundancy. Independent signal sources.,intake_vs_intake
q158_std_10h,q158_ma_20h,alpha158_rolling_price,alpha158_rolling_price,True,0.059221,0.059221,0.437245,661884,LOW_REDUNDANCY,Low redundancy. Independent signal sources.,intake_vs_baseline
q158_ma_10h,qvol_zscore_20h,alpha158_rolling_price,quote_volume_liquidity,False,-0.058615,0.058615,-0.070201,660113,LOW_REDUNDANCY,Low redundancy. Independent signal sources.,intake_vs_baseline
q158_ma_10h,ma_gap_20_80,alpha158_rolling_price,trend_ma,False,-0.05747,0.05747,-0.054085,656136,LOW_REDUNDANCY,Low redundancy. Independent signal sources.,intake_vs_baseline
q158_min_10h,q158_rsqr_20h,alpha158_rolling_price,alpha158_rolling_regression,False,-0.057281,0.057281,-0.076004,661884,LOW_REDUNDANCY,Low redundancy. Independent signal sources.,intake_vs_baseline
q158_std_10h,q158_kup_range,alpha158_rolling_price,alpha158_kbar,False,-0.054559,0.054559,-0.1808,428,LOW_REDUNDANCY,Low redundancy. Independent signal sources.,intake_vs_baseline
q158_std_10h,candle_wick_upper,alpha158_rolling_price,intraday_candle,False,-0.054557,0.054557,-0.180735,428,LOW_REDUNDANCY,Low redundancy. Independent signal sources.,intake_vs_baseline
q158_min_10h,a101_volume_high_alpha_min_84_84,alpha158_rolling_price,alpha101_curated_volume_price_regression,False,0.054539,0.054539,0.00557,322238,LOW_REDUNDANCY,Low redundancy. Independent signal sources.,intake_vs_baseline
q158_std_10h,q158_rsv_20h,alpha158_rolling_price,alpha158_rolling,False,-0.052768,0.052768,-0.028228,661884,LOW_REDUNDANCY,Low redundancy. Independent signal sources.,intake_vs_baseline
q158_min_10h,tech_atr,alpha158_rolling_price,technical,False,-0.051612,0.051612,0.028048,662364,LOW_REDUNDANCY,Low redundancy. Independent signal sources.,intake_vs_baseline
q158_ma_10h,q158_low_close_0h,alpha158_rolling_price,alpha158_price,False,0.051187,0.051187,-0.027931,428,LOW_REDUNDANCY,Low redundancy. Independent signal sources.,intake_vs_baseline
q158_min_10h,vol_zscore_20h,alpha158_rolling_price,volume_liquidity,False,-0.04918,0.04918,-0.1154,660113,LOW_REDUNDANCY,Low redundancy. Independent signal sources.,intake_vs_baseline
q158_min_10h,q158_volume_ratio_4h,alpha158_rolling_price,alpha158_volume,False,-0.046766,0.046766,0.000399,662630,LOW_REDUNDANCY,Low redundancy. Independent signal sources.,intake_vs_baseline
q158_std_10h,ma_gap_5_20,alpha158_rolling_price,trend_ma,False,-0.046678,0.046678,-0.052923,661884,LOW_REDUNDANCY,Low redundancy. Independent signal sources.,intake_vs_baseline
q158_min_10h,q158_vstd_20h,alpha158_rolling_price,alpha158_rolling_volume,False,-0.046416,0.046416,0.00176,661884,LOW_REDUNDANCY,Low redundancy. Independent signal sources.,intake_vs_baseline
q158_std_10h,q158_volume_ratio_4h,alpha158_rolling_price,alpha158_volume,False,0.046021,0.046021,-0.000332,662630,LOW_REDUNDANCY,Low redundancy. Independent signal sources.,intake_vs_baseline
q158_std_10h,q158_open_close_4h,alpha158_rolling_price,alpha158_price,False,0.045832,0.045832,0.330168,662630,LOW_REDUNDANCY,Low redundancy. Independent signal sources.,intake_vs_baseline
q158_std_10h,candle_wick_lower,alpha158_rolling_price,intraday_candle,False,-0.045609,0.045609,0.124509,428,LOW_REDUNDANCY,Low redundancy. Independent signal sources.,intake_vs_baseline
q158_std_10h,q158_klow_range,alpha158_rolling_price,alpha158_kbar,False,-0.045586,0.045586,0.124439,428,LOW_REDUNDANCY,Low redundancy. Independent signal sources.,intake_vs_baseline
q158_std_10h,q158_close_close_4h,alpha158_rolling_price,alpha158_price,False,0.044416,0.044416,0.24803,662630,LOW_REDUNDANCY,Low redundancy. Independent signal sources.,intake_vs_baseline
q158_std_10h,q158_ma_5h,alpha158_rolling_price,alpha158_rolling_price,True,0.042047,0.042047,0.195811,662630,LOW_REDUNDANCY,Low redundancy. Independent signal sources.,intake_vs_baseline
q158_ma_10h,q158_std_5h,alpha158_rolling_price,alpha158_rolling_price,True,0.041755,0.041755,0.267746,662630,LOW_REDUNDANCY,Low redundancy. Independent signal sources.,intake_vs_baseline
q158_ma_10h,qvol_ma_ratio_5_20,alpha158_rolling_price,quote_volume_liquidity,False,-0.041716,0.041716,-0.072049,660113,LOW_REDUNDANCY,Low redundancy. Independent signal sources.,intake_vs_baseline
q158_std_10h,bb_zscore_20h,alpha158_rolling_price,technical,False,-0.041673,0.041673,-0.014852,660113,LOW_REDUNDANCY,Low redundancy. Independent signal sources.,intake_vs_baseline
q158_std_10h,q158_rank_close_20h,alpha158_rolling_price,alpha158_rolling,False,-0.035656,0.035656,-0.01572,661884,LOW_REDUNDANCY,Low redundancy. Independent signal sources.,intake_vs_baseline
q158_ma_10h,q158_rsqr_20h,alpha158_rolling_price,alpha158_rolling_regression,False,0.035427,0.035427,0.017869,661884,LOW_REDUNDANCY,Low redundancy. Independent signal sources.,intake_vs_baseline
q158_std_10h,rsi_14h,alpha158_rolling_price,technical,False,-0.035195,0.035195,-0.016724,662364,LOW_REDUNDANCY,Low redundancy. Independent signal sources.,intake_vs_baseline
q158_ma_10h,q158_vma_20h,alpha158_rolling_price,alpha158_rolling_volume,False,0.035173,0.035173,0.000529,661884,LOW_REDUNDANCY,Low redundancy. Independent signal sources.,intake_vs_baseline
q158_ma_10h,funding_rate_zscore_80h,alpha158_rolling_price,funding_rate,False,-0.034954,0.034954,-0.028343,113084,LOW_REDUNDANCY,Low redundancy. Independent signal sources.,intake_vs_baseline
q158_min_10h,funding_rate_zscore_80h,alpha158_rolling_price,funding_rate,False,0.034126,0.034126,0.070674,113084,LOW_REDUNDANCY,Low redundancy. Independent signal sources.,intake_vs_baseline
q158_std_10h,q158_beta_20h,alpha158_rolling_price,alpha158_rolling_regression,False,-0.033834,0.033834,-0.304351,661884,LOW_REDUNDANCY,Low redundancy. Independent signal sources.,intake_vs_baseline
q158_max_10h,tech_atr,alpha158_rolling_price,technical,False,0.032638,0.032638,-0.010255,662364,LOW_REDUNDANCY,Low redundancy. Independent signal sources.,intake_vs_baseline
q158_max_10h,range_breakout_vol_confirm_20h,alpha158_rolling_price,breakout,False,-0.032028,0.032028,0.007765,21594,LOW_REDUNDANCY,Low redundancy. Independent signal sources.,intake_vs_baseline
q158_ma_10h,q158_vstd_20h,alpha158_rolling_price,alpha158_rolling_volume,False,0.031983,0.031983,0.000353,661884,LOW_REDUNDANCY,Low redundancy. Independent signal sources.,intake_vs_baseline
q158_std_10h,taker_buy_ratio_20h,alpha158_rolling_price,taker_imbalance,False,-0.03078,0.03078,0.003865,268389,LOW_REDUNDANCY,Low redundancy. Independent signal sources.,intake_vs_baseline
q158_max_10h,q158_corr_20h,alpha158_rolling_price,alpha158_rolling_volume_price,False,-0.028354,0.028354,-0.010075,660113,LOW_REDUNDANCY,Low redundancy. Independent signal sources.,intake_vs_baseline
q158_ma_10h,vol_zscore_20h,alpha158_rolling_price,volume_liquidity,False,-0.028232,0.028232,-0.03886,660113,LOW_REDUNDANCY,Low redundancy. Independent signal sources.,intake_vs_baseline
q158_max_10h,vol_zscore_20h,alpha158_rolling_price,volume_liquidity,False,0.026427,0.026427,0.019324,660113,LOW_REDUNDANCY,Low redundancy. Independent signal sources.,intake_vs_baseline
q158_ma_10h,trend_efficiency_24h,alpha158_rolling_price,trend_quality,False,0.026345,0.026345,-0.017161,659638,LOW_REDUNDANCY,Low redundancy. Independent signal sources.,intake_vs_baseline
q158_std_10h,ksft_5h,alpha158_rolling_price,alpha158_ohlcv,False,-0.026221,0.026221,-0.159514,214,LOW_REDUNDANCY,Low redundancy. Independent signal sources.,intake_vs_baseline
q158_std_10h,q158_resi_20h,alpha158_rolling_price,alpha158_rolling_regression,False,-0.026106,0.026106,-0.210474,661884,LOW_REDUNDANCY,Low redundancy. Independent signal sources.,intake_vs_baseline
q158_std_10h,rev_24h,alpha158_rolling_price,reversal,False,0.025224,0.025224,-0.064095,661405,LOW_REDUNDANCY,Low redundancy. Independent signal sources.,intake_vs_baseline
q158_ma_10h,q158_volume_ratio_4h,alpha158_rolling_price,alpha158_volume,False,0.024481,0.024481,0.000177,662630,LOW_REDUNDANCY,Low redundancy. Independent signal sources.,intake_vs_baseline
q158_min_10h,q158_vma_20h,alpha158_rolling_price,alpha158_rolling_volume,False,0.024413,0.024413,0.001348,661884,LOW_REDUNDANCY,Low redundancy. Independent signal sources.,intake_vs_baseline
q158_min_10h,candle_wick_upper,alpha158_rolling_price,intraday_candle,False,-0.023859,0.023859,-0.003649,428,LOW_REDUNDANCY,Low redundancy. Independent signal sources.,intake_vs_baseline
q158_min_10h,q158_kup_range,alpha158_rolling_price,alpha158_kbar,False,-0.023857,0.023857,-0.003536,428,LOW_REDUNDANCY,Low redundancy. Independent signal sources.,intake_vs_baseline
q158_std_10h,q158_imxd_20h,alpha158_rolling_price,alpha158_rolling_position,False,0.023453,0.023453,0.000731,661884,LOW_REDUNDANCY,Low redundancy. Independent signal sources.,intake_vs_baseline
q158_std_10h,ma_gap_10_40,alpha158_rolling_price,trend_ma,False,-0.02224,0.02224,0.042567,659968,LOW_REDUNDANCY,Low redundancy. Independent signal sources.,intake_vs_baseline
q158_ma_10h,vol_of_vol_20h,alpha158_rolling_price,realized_skew_kurtosis,False,0.020511,0.020511,0.04705,661405,LOW_REDUNDANCY,Low redundancy. Independent signal sources.,intake_vs_baseline
q158_ma_10h,qvol_ma_ratio_20_80,alpha158_rolling_price,quote_volume_liquidity,False,-0.019541,0.019541,-0.023191,654413,LOW_REDUNDANCY,Low redundancy. Independent signal sources.,intake_vs_baseline
q158_ma_10h,a101_volume_xs_z_mean_neg_112h,alpha158_rolling_price,alpha101_curated_volume_crowding,False,-0.016999,0.016999,-0.000766,324410,LOW_REDUNDANCY,Low redundancy. Independent signal sources.,intake_vs_baseline
q158_ma_10h,xs_rank_vol,alpha158_rolling_price,cross_sectional_normalized,False,0.014283,0.014283,0.006107,661884,LOW_REDUNDANCY,Low redundancy. Independent signal sources.,intake_vs_baseline
q158_ma_10h,a101_vol_xs_z_product_112h,alpha158_rolling_price,alpha101_curated_volume_regime,False,-0.013089,0.013089,0.001337,324410,LOW_REDUNDANCY,Low redundancy. Independent signal sources.,intake_vs_baseline
q158_max_10h,wq101_alpha101,alpha158_rolling_price,wq101,False,0.012025,0.012025,-0.088319,428,LOW_REDUNDANCY,Low redundancy. Independent signal sources.,intake_vs_baseline
q158_max_10h,ema_12_26_gap,alpha158_rolling_price,technical_indicators,False,-0.011204,0.011204,-0.30154,428,LOW_REDUNDANCY,Low redundancy. Independent signal sources.,intake_vs_baseline
q158_ma_10h,a101_volume_high_alpha_min_84_84,alpha158_rolling_price,alpha101_curated_volume_price_regression,False,-0.010053,0.010053,0.001222,322238,LOW_REDUNDANCY,Low redundancy. Independent signal sources.,intake_vs_baseline
q158_std_10h,taker_buy_delta_5h,alpha158_rolling_price,taker_imbalance,False,0.007876,0.007876,0.01369,335,LOW_REDUNDANCY,Low redundancy. Independent signal sources.,intake_vs_baseline
q158_ma_10h,a101_volume_low_alpha_min_84_120,alpha158_rolling_price,alpha101_curated_volume_price_regression,False,-0.007437,0.007437,-0.001576,328952,LOW_REDUNDANCY,Low redundancy. Independent signal sources.,intake_vs_baseline
q158_max_10h,ma_gap_20_80,alpha158_rolling_price,trend_ma,False,-0.006319,0.006319,0.031614,656136,LOW_REDUNDANCY,Low redundancy. Independent signal sources.,intake_vs_baseline
q158_ma_10h,tech_atr,alpha158_rolling_price,technical,False,-0.006135,0.006135,-0.002339,662364,LOW_REDUNDANCY,Low redundancy. Independent signal sources.,intake_vs_baseline
q158_std_10h,up_down_vol_ratio_20h,alpha158_rolling_price,alpha158_ohlcv,False,-0.005112,0.005112,8e-06,660113,LOW_REDUNDANCY,Low redundancy. Independent signal sources.,intake_vs_baseline
q158_max_10h,qvol_zscore_20h,alpha158_rolling_price,quote_volume_liquidity,False,0.00493,0.00493,0.010966,660113,LOW_REDUNDANCY,Low redundancy. Independent signal sources.,intake_vs_baseline
q158_max_10h,q158_vma_20h,alpha158_rolling_price,alpha158_rolling_volume,False,0.004758,0.004758,0.001182,661884,LOW_REDUNDANCY,Low redundancy. Independent signal sources.,intake_vs_baseline
q158_min_10h,ma_gap_20_80,alpha158_rolling_price,trend_ma,False,0.002769,0.002769,-0.109666,656136,LOW_REDUNDANCY,Low redundancy. Independent signal sources.,intake_vs_baseline
q158_std_10h,price_pos_120h,alpha158_rolling_price,price_position,False,-0.001635,0.001635,0.003519,652304,LOW_REDUNDANCY,Low redundancy. Independent signal sources.,intake_vs_baseline
q158_std_10h,q158_vstd_20h,alpha158_rolling_price,alpha158_rolling_volume,False,0.001597,0.001597,-0.001473,661884,LOW_REDUNDANCY,Low redundancy. Independent signal sources.,intake_vs_baseline
q158_std_10h,wq101_alpha53,alpha158_rolling_price,wq101,False,0.001409,0.001409,0.000485,662844,LOW_REDUNDANCY,Low redundancy. Independent signal sources.,intake_vs_baseline
q158_std_10h,taker_buy_zscore_20h,alpha158_rolling_price,taker_imbalance,False,-0.000613,0.000613,-0.003185,268389,LOW_REDUNDANCY,Low redundancy. Independent signal sources.,intake_vs_baseline
q158_std_10h,ma_gap_20_80,alpha158_rolling_price,trend_ma,False,-0.000546,0.000546,0.088997,656136,LOW_REDUNDANCY,Low redundancy. Independent signal sources.,intake_vs_baseline
q158_max_10h,q158_kmid_range,alpha158_rolling_price,alpha158_kbar,False,0.000425,0.000425,-0.061807,428,LOW_REDUNDANCY,Low redundancy. Independent signal sources.,intake_vs_baseline
q158_max_10h,candle_body,alpha158_rolling_price,intraday_candle,False,0.000423,0.000423,-0.061827,428,LOW_REDUNDANCY,Low redundancy. Independent signal sources.,intake_vs_baseline
q158_ma_10h,mom_20h,alpha158_rolling_price,momentum,False,,,,0,INSUFFICIENT_DATA,Insufficient pairwise observations.,intake_vs_baseline
q158_std_10h,mom_20h,alpha158_rolling_price,momentum,False,,,,0,INSUFFICIENT_DATA,Insufficient pairwise observations.,intake_vs_baseline
q158_max_10h,mom_20h,alpha158_rolling_price,momentum,False,,,,0,INSUFFICIENT_DATA,Insufficient pairwise observations.,intake_vs_baseline
q158_min_10h,mom_20h,alpha158_rolling_price,momentum,False,,,,0,INSUFFICIENT_DATA,Insufficient pairwise observations.,intake_vs_baseline
q158_ma_10h,volatility_20h,alpha158_rolling_price,volatility,False,,,,0,INSUFFICIENT_DATA,Insufficient pairwise observations.,intake_vs_baseline
q158_std_10h,volatility_20h,alpha158_rolling_price,volatility,False,,,,0,INSUFFICIENT_DATA,Insufficient pairwise observations.,intake_vs_baseline
q158_max_10h,volatility_20h,alpha158_rolling_price,volatility,False,,,,0,INSUFFICIENT_DATA,Insufficient pairwise observations.,intake_vs_baseline
q158_min_10h,volatility_20h,alpha158_rolling_price,volatility,False,,,,0,INSUFFICIENT_DATA,Insufficient pairwise observations.,intake_vs_baseline
q158_ma_10h,wq101_alpha12,alpha158_rolling_price,wq101,False,,,,0,INSUFFICIENT_DATA,Insufficient pairwise observations.,intake_vs_baseline
q158_std_10h,wq101_alpha12,alpha158_rolling_price,wq101,False,,,,0,INSUFFICIENT_DATA,Insufficient pairwise observations.,intake_vs_baseline
q158_max_10h,wq101_alpha12,alpha158_rolling_price,wq101,False,,,,0,INSUFFICIENT_DATA,Insufficient pairwise observations.,intake_vs_baseline
q158_min_10h,wq101_alpha12,alpha158_rolling_price,wq101,False,,,,0,INSUFFICIENT_DATA,Insufficient pairwise observations.,intake_vs_baseline
q158_ma_10h,q158_open_close_1h,alpha158_rolling_price,alpha158_price,False,,,,0,INSUFFICIENT_DATA,Insufficient pairwise observations.,intake_vs_baseline
q158_std_10h,q158_open_close_1h,alpha158_rolling_price,alpha158_price,False,,,,0,INSUFFICIENT_DATA,Insufficient pairwise observations.,intake_vs_baseline
q158_max_10h,q158_open_close_1h,alpha158_rolling_price,alpha158_price,False,,,,0,INSUFFICIENT_DATA,Insufficient pairwise observations.,intake_vs_baseline
q158_min_10h,q158_open_close_1h,alpha158_rolling_price,alpha158_price,False,,,,0,INSUFFICIENT_DATA,Insufficient pairwise observations.,intake_vs_baseline
q158_ma_10h,q158_high_close_1h,alpha158_rolling_price,alpha158_price,False,,,,0,INSUFFICIENT_DATA,Insufficient pairwise observations.,intake_vs_baseline
q158_std_10h,q158_high_close_1h,alpha158_rolling_price,alpha158_price,False,,,,0,INSUFFICIENT_DATA,Insufficient pairwise observations.,intake_vs_baseline
q158_max_10h,q158_high_close_1h,alpha158_rolling_price,alpha158_price,False,,,,0,INSUFFICIENT_DATA,Insufficient pairwise observations.,intake_vs_baseline
q158_min_10h,q158_high_close_1h,alpha158_rolling_price,alpha158_price,False,,,,0,INSUFFICIENT_DATA,Insufficient pairwise observations.,intake_vs_baseline
q158_ma_10h,q158_low_close_1h,alpha158_rolling_price,alpha158_price,False,,,,0,INSUFFICIENT_DATA,Insufficient pairwise observations.,intake_vs_baseline
q158_std_10h,q158_low_close_1h,alpha158_rolling_price,alpha158_price,False,,,,0,INSUFFICIENT_DATA,Insufficient pairwise observations.,intake_vs_baseline
q158_max_10h,q158_low_close_1h,alpha158_rolling_price,alpha158_price,False,,,,0,INSUFFICIENT_DATA,Insufficient pairwise observations.,intake_vs_baseline
q158_min_10h,q158_low_close_1h,alpha158_rolling_price,alpha158_price,False,,,,0,INSUFFICIENT_DATA,Insufficient pairwise observations.,intake_vs_baseline
q158_ma_10h,q158_open_close_2h,alpha158_rolling_price,alpha158_price,False,,,,0,INSUFFICIENT_DATA,Insufficient pairwise observations.,intake_vs_baseline
q158_std_10h,q158_open_close_2h,alpha158_rolling_price,alpha158_price,False,,,,0,INSUFFICIENT_DATA,Insufficient pairwise observations.,intake_vs_baseline
q158_max_10h,q158_open_close_2h,alpha158_rolling_price,alpha158_price,False,,,,0,INSUFFICIENT_DATA,Insufficient pairwise observations.,intake_vs_baseline
q158_min_10h,q158_open_close_2h,alpha158_rolling_price,alpha158_price,False,,,,0,INSUFFICIENT_DATA,Insufficient pairwise observations.,intake_vs_baseline
q158_ma_10h,q158_high_close_2h,alpha158_rolling_price,alpha158_price,False,,,,0,INSUFFICIENT_DATA,Insufficient pairwise observations.,intake_vs_baseline
q158_std_10h,q158_high_close_2h,alpha158_rolling_price,alpha158_price,False,,,,0,INSUFFICIENT_DATA,Insufficient pairwise observations.,intake_vs_baseline
q158_max_10h,q158_high_close_2h,alpha158_rolling_price,alpha158_price,False,,,,0,INSUFFICIENT_DATA,Insufficient pairwise observations.,intake_vs_baseline
q158_min_10h,q158_high_close_2h,alpha158_rolling_price,alpha158_price,False,,,,0,INSUFFICIENT_DATA,Insufficient pairwise observations.,intake_vs_baseline
q158_ma_10h,q158_low_close_2h,alpha158_rolling_price,alpha158_price,False,,,,0,INSUFFICIENT_DATA,Insufficient pairwise observations.,intake_vs_baseline
q158_std_10h,q158_low_close_2h,alpha158_rolling_price,alpha158_price,False,,,,0,INSUFFICIENT_DATA,Insufficient pairwise observations.,intake_vs_baseline
q158_max_10h,q158_low_close_2h,alpha158_rolling_price,alpha158_price,False,,,,0,INSUFFICIENT_DATA,Insufficient pairwise observations.,intake_vs_baseline
q158_min_10h,q158_low_close_2h,alpha158_rolling_price,alpha158_price,False,,,,0,INSUFFICIENT_DATA,Insufficient pairwise observations.,intake_vs_baseline
q158_ma_10h,q158_open_close_3h,alpha158_rolling_price,alpha158_price,False,,,,0,INSUFFICIENT_DATA,Insufficient pairwise observations.,intake_vs_baseline
q158_std_10h,q158_open_close_3h,alpha158_rolling_price,alpha158_price,False,,,,0,INSUFFICIENT_DATA,Insufficient pairwise observations.,intake_vs_baseline
q158_max_10h,q158_open_close_3h,alpha158_rolling_price,alpha158_price,False,,,,0,INSUFFICIENT_DATA,Insufficient pairwise observations.,intake_vs_baseline
q158_min_10h,q158_open_close_3h,alpha158_rolling_price,alpha158_price,False,,,,0,INSUFFICIENT_DATA,Insufficient pairwise observations.,intake_vs_baseline
q158_ma_10h,q158_high_close_3h,alpha158_rolling_price,alpha158_price,False,,,,0,INSUFFICIENT_DATA,Insufficient pairwise observations.,intake_vs_baseline
q158_std_10h,q158_high_close_3h,alpha158_rolling_price,alpha158_price,False,,,,0,INSUFFICIENT_DATA,Insufficient pairwise observations.,intake_vs_baseline
q158_max_10h,q158_high_close_3h,alpha158_rolling_price,alpha158_price,False,,,,0,INSUFFICIENT_DATA,Insufficient pairwise observations.,intake_vs_baseline
q158_min_10h,q158_high_close_3h,alpha158_rolling_price,alpha158_price,False,,,,0,INSUFFICIENT_DATA,Insufficient pairwise observations.,intake_vs_baseline
q158_ma_10h,q158_low_close_3h,alpha158_rolling_price,alpha158_price,False,,,,0,INSUFFICIENT_DATA,Insufficient pairwise observations.,intake_vs_baseline
q158_std_10h,q158_low_close_3h,alpha158_rolling_price,alpha158_price,False,,,,0,INSUFFICIENT_DATA,Insufficient pairwise observations.,intake_vs_baseline
q158_max_10h,q158_low_close_3h,alpha158_rolling_price,alpha158_price,False,,,,0,INSUFFICIENT_DATA,Insufficient pairwise observations.,intake_vs_baseline
q158_min_10h,q158_low_close_3h,alpha158_rolling_price,alpha158_price,False,,,,0,INSUFFICIENT_DATA,Insufficient pairwise observations.,intake_vs_baseline
q158_ma_10h,q158_volume_ratio_1h,alpha158_rolling_price,alpha158_volume,False,,,,0,INSUFFICIENT_DATA,Insufficient pairwise observations.,intake_vs_baseline
q158_std_10h,q158_volume_ratio_1h,alpha158_rolling_price,alpha158_volume,False,,,,0,INSUFFICIENT_DATA,Insufficient pairwise observations.,intake_vs_baseline
q158_max_10h,q158_volume_ratio_1h,alpha158_rolling_price,alpha158_volume,False,,,,0,INSUFFICIENT_DATA,Insufficient pairwise observations.,intake_vs_baseline
q158_min_10h,q158_volume_ratio_1h,alpha158_rolling_price,alpha158_volume,False,,,,0,INSUFFICIENT_DATA,Insufficient pairwise observations.,intake_vs_baseline
q158_ma_10h,q158_volume_ratio_2h,alpha158_rolling_price,alpha158_volume,False,,,,0,INSUFFICIENT_DATA,Insufficient pairwise observations.,intake_vs_baseline
q158_std_10h,q158_volume_ratio_2h,alpha158_rolling_price,alpha158_volume,False,,,,0,INSUFFICIENT_DATA,Insufficient pairwise observations.,intake_vs_baseline
q158_max_10h,q158_volume_ratio_2h,alpha158_rolling_price,alpha158_volume,False,,,,0,INSUFFICIENT_DATA,Insufficient pairwise observations.,intake_vs_baseline
q158_min_10h,q158_volume_ratio_2h,alpha158_rolling_price,alpha158_volume,False,,,,0,INSUFFICIENT_DATA,Insufficient pairwise observations.,intake_vs_baseline
q158_ma_10h,q158_volume_ratio_3h,alpha158_rolling_price,alpha158_volume,False,,,,0,INSUFFICIENT_DATA,Insufficient pairwise observations.,intake_vs_baseline
q158_std_10h,q158_volume_ratio_3h,alpha158_rolling_price,alpha158_volume,False,,,,0,INSUFFICIENT_DATA,Insufficient pairwise observations.,intake_vs_baseline
q158_max_10h,q158_volume_ratio_3h,alpha158_rolling_price,alpha158_volume,False,,,,0,INSUFFICIENT_DATA,Insufficient pairwise observations.,intake_vs_baseline
q158_min_10h,q158_volume_ratio_3h,alpha158_rolling_price,alpha158_volume,False,,,,0,INSUFFICIENT_DATA,Insufficient pairwise observations.,intake_vs_baseline
q158_ma_10h,q158_cntp_20h,alpha158_rolling_price,alpha158_rolling,False,,,,0,INSUFFICIENT_DATA,Insufficient pairwise observations.,intake_vs_baseline
q158_std_10h,q158_cntp_20h,alpha158_rolling_price,alpha158_rolling,False,,,,0,INSUFFICIENT_DATA,Insufficient pairwise observations.,intake_vs_baseline
q158_max_10h,q158_cntp_20h,alpha158_rolling_price,alpha158_rolling,False,,,,0,INSUFFICIENT_DATA,Insufficient pairwise observations.,intake_vs_baseline
q158_min_10h,q158_cntp_20h,alpha158_rolling_price,alpha158_rolling,False,,,,0,INSUFFICIENT_DATA,Insufficient pairwise observations.,intake_vs_baseline
q158_ma_10h,q158_cntn_20h,alpha158_rolling_price,alpha158_rolling,False,,,,0,INSUFFICIENT_DATA,Insufficient pairwise observations.,intake_vs_baseline
q158_std_10h,q158_cntn_20h,alpha158_rolling_price,alpha158_rolling,False,,,,0,INSUFFICIENT_DATA,Insufficient pairwise observations.,intake_vs_baseline
q158_max_10h,q158_cntn_20h,alpha158_rolling_price,alpha158_rolling,False,,,,0,INSUFFICIENT_DATA,Insufficient pairwise observations.,intake_vs_baseline
q158_min_10h,q158_cntn_20h,alpha158_rolling_price,alpha158_rolling,False,,,,0,INSUFFICIENT_DATA,Insufficient pairwise observations.,intake_vs_baseline
q158_ma_10h,q158_sumd_20h,alpha158_rolling_price,alpha158_rolling,False,,,,0,INSUFFICIENT_DATA,Insufficient pairwise observations.,intake_vs_baseline
q158_std_10h,q158_sumd_20h,alpha158_rolling_price,alpha158_rolling,False,,,,0,INSUFFICIENT_DATA,Insufficient pairwise observations.,intake_vs_baseline
q158_max_10h,q158_sumd_20h,alpha158_rolling_price,alpha158_rolling,False,,,,0,INSUFFICIENT_DATA,Insufficient pairwise observations.,intake_vs_baseline
q158_min_10h,q158_sumd_20h,alpha158_rolling_price,alpha158_rolling,False,,,,0,INSUFFICIENT_DATA,Insufficient pairwise observations.,intake_vs_baseline
q158_ma_10h,q158_roc_20h,alpha158_rolling_price,alpha158_rolling_price,True,,,,0,INSUFFICIENT_DATA,Insufficient pairwise observations.,intake_vs_baseline
q158_std_10h,q158_roc_20h,alpha158_rolling_price,alpha158_rolling_price,True,,,,0,INSUFFICIENT_DATA,Insufficient pairwise observations.,intake_vs_baseline
q158_max_10h,q158_roc_20h,alpha158_rolling_price,alpha158_rolling_price,True,,,,0,INSUFFICIENT_DATA,Insufficient pairwise observations.,intake_vs_baseline
q158_min_10h,q158_roc_20h,alpha158_rolling_price,alpha158_rolling_price,True,,,,0,INSUFFICIENT_DATA,Insufficient pairwise observations.,intake_vs_baseline
q158_ma_10h,q158_cntd_20h,alpha158_rolling_price,alpha158_rolling_direction,False,,,,0,INSUFFICIENT_DATA,Insufficient pairwise observations.,intake_vs_baseline
q158_std_10h,q158_cntd_20h,alpha158_rolling_price,alpha158_rolling_direction,False,,,,0,INSUFFICIENT_DATA,Insufficient pairwise observations.,intake_vs_baseline
q158_max_10h,q158_cntd_20h,alpha158_rolling_price,alpha158_rolling_direction,False,,,,0,INSUFFICIENT_DATA,Insufficient pairwise observations.,intake_vs_baseline
q158_min_10h,q158_cntd_20h,alpha158_rolling_price,alpha158_rolling_direction,False,,,,0,INSUFFICIENT_DATA,Insufficient pairwise observations.,intake_vs_baseline
q158_ma_10h,q158_cord_20h,alpha158_rolling_price,alpha158_rolling_volume_price,False,,,,0,INSUFFICIENT_DATA,Insufficient pairwise observations.,intake_vs_baseline
q158_std_10h,q158_cord_20h,alpha158_rolling_price,alpha158_rolling_volume_price,False,,,,0,INSUFFICIENT_DATA,Insufficient pairwise observations.,intake_vs_baseline
q158_max_10h,q158_cord_20h,alpha158_rolling_price,alpha158_rolling_volume_price,False,,,,0,INSUFFICIENT_DATA,Insufficient pairwise observations.,intake_vs_baseline
q158_min_10h,q158_cord_20h,alpha158_rolling_price,alpha158_rolling_volume_price,False,,,,0,INSUFFICIENT_DATA,Insufficient pairwise observations.,intake_vs_baseline
q158_ma_10h,q158_sump_20h,alpha158_rolling_price,alpha158_rolling_direction,False,,,,0,INSUFFICIENT_DATA,Insufficient pairwise observations.,intake_vs_baseline
q158_std_10h,q158_sump_20h,alpha158_rolling_price,alpha158_rolling_direction,False,,,,0,INSUFFICIENT_DATA,Insufficient pairwise observations.,intake_vs_baseline
q158_max_10h,q158_sump_20h,alpha158_rolling_price,alpha158_rolling_direction,False,,,,0,INSUFFICIENT_DATA,Insufficient pairwise observations.,intake_vs_baseline
q158_min_10h,q158_sump_20h,alpha158_rolling_price,alpha158_rolling_direction,False,,,,0,INSUFFICIENT_DATA,Insufficient pairwise observations.,intake_vs_baseline
q158_ma_10h,q158_sumn_20h,alpha158_rolling_price,alpha158_rolling_direction,False,,,,0,INSUFFICIENT_DATA,Insufficient pairwise observations.,intake_vs_baseline
q158_std_10h,q158_sumn_20h,alpha158_rolling_price,alpha158_rolling_direction,False,,,,0,INSUFFICIENT_DATA,Insufficient pairwise observations.,intake_vs_baseline
q158_max_10h,q158_sumn_20h,alpha158_rolling_price,alpha158_rolling_direction,False,,,,0,INSUFFICIENT_DATA,Insufficient pairwise observations.,intake_vs_baseline
q158_min_10h,q158_sumn_20h,alpha158_rolling_price,alpha158_rolling_direction,False,,,,0,INSUFFICIENT_DATA,Insufficient pairwise observations.,intake_vs_baseline
q158_ma_10h,q158_wvma_20h,alpha158_rolling_price,alpha158_rolling_volume,False,,,,0,INSUFFICIENT_DATA,Insufficient pairwise observations.,intake_vs_baseline
q158_std_10h,q158_wvma_20h,alpha158_rolling_price,alpha158_rolling_volume,False,,,,0,INSUFFICIENT_DATA,Insufficient pairwise observations.,intake_vs_baseline
q158_max_10h,q158_wvma_20h,alpha158_rolling_price,alpha158_rolling_volume,False,,,,0,INSUFFICIENT_DATA,Insufficient pairwise observations.,intake_vs_baseline
q158_min_10h,q158_wvma_20h,alpha158_rolling_price,alpha158_rolling_volume,False,,,,0,INSUFFICIENT_DATA,Insufficient pairwise observations.,intake_vs_baseline
q158_ma_10h,q158_vsump_20h,alpha158_rolling_price,alpha158_rolling_volume,False,,,,0,INSUFFICIENT_DATA,Insufficient pairwise observations.,intake_vs_baseline
q158_std_10h,q158_vsump_20h,alpha158_rolling_price,alpha158_rolling_volume,False,,,,0,INSUFFICIENT_DATA,Insufficient pairwise observations.,intake_vs_baseline
q158_max_10h,q158_vsump_20h,alpha158_rolling_price,alpha158_rolling_volume,False,,,,0,INSUFFICIENT_DATA,Insufficient pairwise observations.,intake_vs_baseline
q158_min_10h,q158_vsump_20h,alpha158_rolling_price,alpha158_rolling_volume,False,,,,0,INSUFFICIENT_DATA,Insufficient pairwise observations.,intake_vs_baseline
q158_ma_10h,q158_vsumn_20h,alpha158_rolling_price,alpha158_rolling_volume,False,,,,0,INSUFFICIENT_DATA,Insufficient pairwise observations.,intake_vs_baseline
q158_std_10h,q158_vsumn_20h,alpha158_rolling_price,alpha158_rolling_volume,False,,,,0,INSUFFICIENT_DATA,Insufficient pairwise observations.,intake_vs_baseline
q158_max_10h,q158_vsumn_20h,alpha158_rolling_price,alpha158_rolling_volume,False,,,,0,INSUFFICIENT_DATA,Insufficient pairwise observations.,intake_vs_baseline
q158_min_10h,q158_vsumn_20h,alpha158_rolling_price,alpha158_rolling_volume,False,,,,0,INSUFFICIENT_DATA,Insufficient pairwise observations.,intake_vs_baseline
q158_ma_10h,q158_vsumd_20h,alpha158_rolling_price,alpha158_rolling_volume,False,,,,0,INSUFFICIENT_DATA,Insufficient pairwise observations.,intake_vs_baseline
q158_std_10h,q158_vsumd_20h,alpha158_rolling_price,alpha158_rolling_volume,False,,,,0,INSUFFICIENT_DATA,Insufficient pairwise observations.,intake_vs_baseline
q158_max_10h,q158_vsumd_20h,alpha158_rolling_price,alpha158_rolling_volume,False,,,,0,INSUFFICIENT_DATA,Insufficient pairwise observations.,intake_vs_baseline
q158_min_10h,q158_vsumd_20h,alpha158_rolling_price,alpha158_rolling_volume,False,,,,0,INSUFFICIENT_DATA,Insufficient pairwise observations.,intake_vs_baseline
q158_ma_10h,wvma_20h,alpha158_rolling_price,alpha158_ohlcv,False,,,,0,INSUFFICIENT_DATA,Insufficient pairwise observations.,intake_vs_baseline
q158_std_10h,wvma_20h,alpha158_rolling_price,alpha158_ohlcv,False,,,,0,INSUFFICIENT_DATA,Insufficient pairwise observations.,intake_vs_baseline
q158_max_10h,wvma_20h,alpha158_rolling_price,alpha158_ohlcv,False,,,,0,INSUFFICIENT_DATA,Insufficient pairwise observations.,intake_vs_baseline
q158_min_10h,wvma_20h,alpha158_rolling_price,alpha158_ohlcv,False,,,,0,INSUFFICIENT_DATA,Insufficient pairwise observations.,intake_vs_baseline
q158_ma_10h,vol_ret_corr_20h,alpha158_rolling_price,alpha158_ohlcv,False,,,,0,INSUFFICIENT_DATA,Insufficient pairwise observations.,intake_vs_baseline
q158_std_10h,vol_ret_corr_20h,alpha158_rolling_price,alpha158_ohlcv,False,,,,0,INSUFFICIENT_DATA,Insufficient pairwise observations.,intake_vs_baseline
q158_max_10h,vol_ret_corr_20h,alpha158_rolling_price,alpha158_ohlcv,False,,,,0,INSUFFICIENT_DATA,Insufficient pairwise observations.,intake_vs_baseline
q158_min_10h,vol_ret_corr_20h,alpha158_rolling_price,alpha158_ohlcv,False,,,,0,INSUFFICIENT_DATA,Insufficient pairwise observations.,intake_vs_baseline
q158_ma_10h,mom_10h,alpha158_rolling_price,momentum,False,,,,0,INSUFFICIENT_DATA,Insufficient pairwise observations.,intake_vs_baseline
q158_std_10h,mom_10h,alpha158_rolling_price,momentum,False,,,,0,INSUFFICIENT_DATA,Insufficient pairwise observations.,intake_vs_baseline
q158_max_10h,mom_10h,alpha158_rolling_price,momentum,False,,,,0,INSUFFICIENT_DATA,Insufficient pairwise observations.,intake_vs_baseline
q158_min_10h,mom_10h,alpha158_rolling_price,momentum,False,,,,0,INSUFFICIENT_DATA,Insufficient pairwise observations.,intake_vs_baseline
q158_ma_10h,mom_40h,alpha158_rolling_price,momentum,False,,,,0,INSUFFICIENT_DATA,Insufficient pairwise observations.,intake_vs_baseline
q158_std_10h,mom_40h,alpha158_rolling_price,momentum,False,,,,0,INSUFFICIENT_DATA,Insufficient pairwise observations.,intake_vs_baseline
q158_max_10h,mom_40h,alpha158_rolling_price,momentum,False,,,,0,INSUFFICIENT_DATA,Insufficient pairwise observations.,intake_vs_baseline
q158_min_10h,mom_40h,alpha158_rolling_price,momentum,False,,,,0,INSUFFICIENT_DATA,Insufficient pairwise observations.,intake_vs_baseline
q158_ma_10h,rev_3h,alpha158_rolling_price,reversal,False,,,,0,INSUFFICIENT_DATA,Insufficient pairwise observations.,intake_vs_baseline
q158_std_10h,rev_3h,alpha158_rolling_price,reversal,False,,,,0,INSUFFICIENT_DATA,Insufficient pairwise observations.,intake_vs_baseline
q158_max_10h,rev_3h,alpha158_rolling_price,reversal,False,,,,0,INSUFFICIENT_DATA,Insufficient pairwise observations.,intake_vs_baseline
q158_min_10h,rev_3h,alpha158_rolling_price,reversal,False,,,,0,INSUFFICIENT_DATA,Insufficient pairwise observations.,intake_vs_baseline
q158_ma_10h,rev_10h,alpha158_rolling_price,reversal,False,,,,0,INSUFFICIENT_DATA,Insufficient pairwise observations.,intake_vs_baseline
q158_std_10h,rev_10h,alpha158_rolling_price,reversal,False,,,,0,INSUFFICIENT_DATA,Insufficient pairwise observations.,intake_vs_baseline
q158_max_10h,rev_10h,alpha158_rolling_price,reversal,False,,,,0,INSUFFICIENT_DATA,Insufficient pairwise observations.,intake_vs_baseline
q158_min_10h,rev_10h,alpha158_rolling_price,reversal,False,,,,0,INSUFFICIENT_DATA,Insufficient pairwise observations.,intake_vs_baseline
q158_ma_10h,vol_40h,alpha158_rolling_price,volatility,False,,,,0,INSUFFICIENT_DATA,Insufficient pairwise observations.,intake_vs_baseline
q158_std_10h,vol_40h,alpha158_rolling_price,volatility,False,,,,0,INSUFFICIENT_DATA,Insufficient pairwise observations.,intake_vs_baseline
q158_max_10h,vol_40h,alpha158_rolling_price,volatility,False,,,,0,INSUFFICIENT_DATA,Insufficient pairwise observations.,intake_vs_baseline
q158_min_10h,vol_40h,alpha158_rolling_price,volatility,False,,,,0,INSUFFICIENT_DATA,Insufficient pairwise observations.,intake_vs_baseline
q158_ma_10h,vol_ratio_5_20,alpha158_rolling_price,volatility,False,,,,0,INSUFFICIENT_DATA,Insufficient pairwise observations.,intake_vs_baseline
q158_std_10h,vol_ratio_5_20,alpha158_rolling_price,volatility,False,,,,0,INSUFFICIENT_DATA,Insufficient pairwise observations.,intake_vs_baseline
q158_max_10h,vol_ratio_5_20,alpha158_rolling_price,volatility,False,,,,0,INSUFFICIENT_DATA,Insufficient pairwise observations.,intake_vs_baseline
q158_min_10h,vol_ratio_5_20,alpha158_rolling_price,volatility,False,,,,0,INSUFFICIENT_DATA,Insufficient pairwise observations.,intake_vs_baseline
q158_ma_10h,range_4h,alpha158_rolling_price,range_position,False,,,,0,INSUFFICIENT_DATA,Insufficient pairwise observations.,intake_vs_baseline
q158_std_10h,range_4h,alpha158_rolling_price,range_position,False,,,,0,INSUFFICIENT_DATA,Insufficient pairwise observations.,intake_vs_baseline
q158_max_10h,range_4h,alpha158_rolling_price,range_position,False,,,,0,INSUFFICIENT_DATA,Insufficient pairwise observations.,intake_vs_baseline
q158_min_10h,range_4h,alpha158_rolling_price,range_position,False,,,,0,INSUFFICIENT_DATA,Insufficient pairwise observations.,intake_vs_baseline
q158_ma_10h,range_24h,alpha158_rolling_price,range_position,False,,,,0,INSUFFICIENT_DATA,Insufficient pairwise observations.,intake_vs_baseline
q158_std_10h,range_24h,alpha158_rolling_price,range_position,False,,,,0,INSUFFICIENT_DATA,Insufficient pairwise observations.,intake_vs_baseline
q158_max_10h,range_24h,alpha158_rolling_price,range_position,False,,,,0,INSUFFICIENT_DATA,Insufficient pairwise observations.,intake_vs_baseline
q158_min_10h,range_24h,alpha158_rolling_price,range_position,False,,,,0,INSUFFICIENT_DATA,Insufficient pairwise observations.,intake_vs_baseline
q158_ma_10h,price_pos_24h,alpha158_rolling_price,price_position,False,,,,0,INSUFFICIENT_DATA,Insufficient pairwise observations.,intake_vs_baseline
q158_std_10h,price_pos_24h,alpha158_rolling_price,price_position,False,,,,0,INSUFFICIENT_DATA,Insufficient pairwise observations.,intake_vs_baseline
q158_max_10h,price_pos_24h,alpha158_rolling_price,price_position,False,,,,0,INSUFFICIENT_DATA,Insufficient pairwise observations.,intake_vs_baseline
q158_min_10h,price_pos_24h,alpha158_rolling_price,price_position,False,,,,0,INSUFFICIENT_DATA,Insufficient pairwise observations.,intake_vs_baseline
q158_ma_10h,vol_zscore_48h,alpha158_rolling_price,volume_liquidity,False,,,,0,INSUFFICIENT_DATA,Insufficient pairwise observations.,intake_vs_baseline
q158_std_10h,vol_zscore_48h,alpha158_rolling_price,volume_liquidity,False,,,,0,INSUFFICIENT_DATA,Insufficient pairwise observations.,intake_vs_baseline
q158_max_10h,vol_zscore_48h,alpha158_rolling_price,volume_liquidity,False,,,,0,INSUFFICIENT_DATA,Insufficient pairwise observations.,intake_vs_baseline
q158_min_10h,vol_zscore_48h,alpha158_rolling_price,volume_liquidity,False,,,,0,INSUFFICIENT_DATA,Insufficient pairwise observations.,intake_vs_baseline
q158_ma_10h,qvol_zscore_48h,alpha158_rolling_price,quote_volume_liquidity,False,,,,0,INSUFFICIENT_DATA,Insufficient pairwise observations.,intake_vs_baseline
q158_std_10h,qvol_zscore_48h,alpha158_rolling_price,quote_volume_liquidity,False,,,,0,INSUFFICIENT_DATA,Insufficient pairwise observations.,intake_vs_baseline
q158_max_10h,qvol_zscore_48h,alpha158_rolling_price,quote_volume_liquidity,False,,,,0,INSUFFICIENT_DATA,Insufficient pairwise observations.,intake_vs_baseline
q158_min_10h,qvol_zscore_48h,alpha158_rolling_price,quote_volume_liquidity,False,,,,0,INSUFFICIENT_DATA,Insufficient pairwise observations.,intake_vs_baseline
q158_ma_10h,breakout_dist_48h,alpha158_rolling_price,breakout,False,,,,0,INSUFFICIENT_DATA,Insufficient pairwise observations.,intake_vs_baseline
q158_std_10h,breakout_dist_48h,alpha158_rolling_price,breakout,False,,,,0,INSUFFICIENT_DATA,Insufficient pairwise observations.,intake_vs_baseline
q158_max_10h,breakout_dist_48h,alpha158_rolling_price,breakout,False,,,,0,INSUFFICIENT_DATA,Insufficient pairwise observations.,intake_vs_baseline
q158_min_10h,breakout_dist_48h,alpha158_rolling_price,breakout,False,,,,0,INSUFFICIENT_DATA,Insufficient pairwise observations.,intake_vs_baseline
q158_ma_10h,xs_rank_ret_1h,alpha158_rolling_price,cross_sectional_normalized,False,,,,0,INSUFFICIENT_DATA,Insufficient pairwise observations.,intake_vs_baseline
q158_std_10h,xs_rank_ret_1h,alpha158_rolling_price,cross_sectional_normalized,False,,,,0,INSUFFICIENT_DATA,Insufficient pairwise observations.,intake_vs_baseline
q158_max_10h,xs_rank_ret_1h,alpha158_rolling_price,cross_sectional_normalized,False,,,,0,INSUFFICIENT_DATA,Insufficient pairwise observations.,intake_vs_baseline
q158_min_10h,xs_rank_ret_1h,alpha158_rolling_price,cross_sectional_normalized,False,,,,0,INSUFFICIENT_DATA,Insufficient pairwise observations.,intake_vs_baseline
q158_ma_10h,rsi_7h,alpha158_rolling_price,technical_indicators,False,,,,0,INSUFFICIENT_DATA,Insufficient pairwise observations.,intake_vs_baseline
q158_std_10h,rsi_7h,alpha158_rolling_price,technical_indicators,False,,,,0,INSUFFICIENT_DATA,Insufficient pairwise observations.,intake_vs_baseline
q158_max_10h,rsi_7h,alpha158_rolling_price,technical_indicators,False,,,,0,INSUFFICIENT_DATA,Insufficient pairwise observations.,intake_vs_baseline
q158_min_10h,rsi_7h,alpha158_rolling_price,technical_indicators,False,,,,0,INSUFFICIENT_DATA,Insufficient pairwise observations.,intake_vs_baseline
q158_ma_10h,rsi_28h,alpha158_rolling_price,technical_indicators,False,,,,0,INSUFFICIENT_DATA,Insufficient pairwise observations.,intake_vs_baseline
q158_std_10h,rsi_28h,alpha158_rolling_price,technical_indicators,False,,,,0,INSUFFICIENT_DATA,Insufficient pairwise observations.,intake_vs_baseline
q158_max_10h,rsi_28h,alpha158_rolling_price,technical_indicators,False,,,,0,INSUFFICIENT_DATA,Insufficient pairwise observations.,intake_vs_baseline
q158_min_10h,rsi_28h,alpha158_rolling_price,technical_indicators,False,,,,0,INSUFFICIENT_DATA,Insufficient pairwise observations.,intake_vs_baseline
q158_ma_10h,williams_r_14h,alpha158_rolling_price,technical_indicators,False,,,,0,INSUFFICIENT_DATA,Insufficient pairwise observations.,intake_vs_baseline
q158_std_10h,williams_r_14h,alpha158_rolling_price,technical_indicators,False,,,,0,INSUFFICIENT_DATA,Insufficient pairwise observations.,intake_vs_baseline
q158_max_10h,williams_r_14h,alpha158_rolling_price,technical_indicators,False,,,,0,INSUFFICIENT_DATA,Insufficient pairwise observations.,intake_vs_baseline
q158_min_10h,williams_r_14h,alpha158_rolling_price,technical_indicators,False,,,,0,INSUFFICIENT_DATA,Insufficient pairwise observations.,intake_vs_baseline
q158_ma_10h,downside_vol_20h,alpha158_rolling_price,realized_skew_kurtosis,False,,,,0,INSUFFICIENT_DATA,Insufficient pairwise observations.,intake_vs_baseline
q158_std_10h,downside_vol_20h,alpha158_rolling_price,realized_skew_kurtosis,False,,,,0,INSUFFICIENT_DATA,Insufficient pairwise observations.,intake_vs_baseline
q158_max_10h,downside_vol_20h,alpha158_rolling_price,realized_skew_kurtosis,False,,,,0,INSUFFICIENT_DATA,Insufficient pairwise observations.,intake_vs_baseline
q158_min_10h,downside_vol_20h,alpha158_rolling_price,realized_skew_kurtosis,False,,,,0,INSUFFICIENT_DATA,Insufficient pairwise observations.,intake_vs_baseline
q158_ma_10h,mom_accel_20h,alpha158_rolling_price,momentum,False,,,,0,INSUFFICIENT_DATA,Insufficient pairwise observations.,intake_vs_baseline
q158_std_10h,mom_accel_20h,alpha158_rolling_price,momentum,False,,,,0,INSUFFICIENT_DATA,Insufficient pairwise observations.,intake_vs_baseline
q158_max_10h,mom_accel_20h,alpha158_rolling_price,momentum,False,,,,0,INSUFFICIENT_DATA,Insufficient pairwise observations.,intake_vs_baseline
q158_min_10h,mom_accel_20h,alpha158_rolling_price,momentum,False,,,,0,INSUFFICIENT_DATA,Insufficient pairwise observations.,intake_vs_baseline
q158_ma_10h,funding_rate_level_20h,alpha158_rolling_price,funding_rate,False,,,,0,INSUFFICIENT_DATA,Insufficient pairwise observations.,intake_vs_baseline
q158_std_10h,funding_rate_level_20h,alpha158_rolling_price,funding_rate,False,,,,0,INSUFFICIENT_DATA,Insufficient pairwise observations.,intake_vs_baseline
q158_max_10h,funding_rate_level_20h,alpha158_rolling_price,funding_rate,False,,,,0,INSUFFICIENT_DATA,Insufficient pairwise observations.,intake_vs_baseline
q158_min_10h,funding_rate_level_20h,alpha158_rolling_price,funding_rate,False,,,,0,INSUFFICIENT_DATA,Insufficient pairwise observations.,intake_vs_baseline
q158_ma_10h,funding_rate_change_24h,alpha158_rolling_price,funding_rate,False,,,,0,INSUFFICIENT_DATA,Insufficient pairwise observations.,intake_vs_baseline
q158_std_10h,funding_rate_change_24h,alpha158_rolling_price,funding_rate,False,,,,0,INSUFFICIENT_DATA,Insufficient pairwise observations.,intake_vs_baseline
q158_max_10h,funding_rate_change_24h,alpha158_rolling_price,funding_rate,False,,,,0,INSUFFICIENT_DATA,Insufficient pairwise observations.,intake_vs_baseline
q158_min_10h,funding_rate_change_24h,alpha158_rolling_price,funding_rate,False,,,,0,INSUFFICIENT_DATA,Insufficient pairwise observations.,intake_vs_baseline
q158_ma_10h,mom_72h,alpha158_rolling_price,momentum,False,,,,0,INSUFFICIENT_DATA,Insufficient pairwise observations.,intake_vs_baseline
q158_std_10h,mom_72h,alpha158_rolling_price,momentum,False,,,,0,INSUFFICIENT_DATA,Insufficient pairwise observations.,intake_vs_baseline
q158_max_10h,mom_72h,alpha158_rolling_price,momentum,False,,,,0,INSUFFICIENT_DATA,Insufficient pairwise observations.,intake_vs_baseline
q158_min_10h,mom_72h,alpha158_rolling_price,momentum,False,,,,0,INSUFFICIENT_DATA,Insufficient pairwise observations.,intake_vs_baseline
q158_ma_10h,mom_120h,alpha158_rolling_price,momentum,False,,,,0,INSUFFICIENT_DATA,Insufficient pairwise observations.,intake_vs_baseline
q158_std_10h,mom_120h,alpha158_rolling_price,momentum,False,,,,0,INSUFFICIENT_DATA,Insufficient pairwise observations.,intake_vs_baseline
q158_max_10h,mom_120h,alpha158_rolling_price,momentum,False,,,,0,INSUFFICIENT_DATA,Insufficient pairwise observations.,intake_vs_baseline
q158_min_10h,mom_120h,alpha158_rolling_price,momentum,False,,,,0,INSUFFICIENT_DATA,Insufficient pairwise observations.,intake_vs_baseline
q158_ma_10h,rev_1h,alpha158_rolling_price,reversal,False,,,,0,INSUFFICIENT_DATA,Insufficient pairwise observations.,intake_vs_baseline
q158_std_10h,rev_1h,alpha158_rolling_price,reversal,False,,,,0,INSUFFICIENT_DATA,Insufficient pairwise observations.,intake_vs_baseline
q158_max_10h,rev_1h,alpha158_rolling_price,reversal,False,,,,0,INSUFFICIENT_DATA,Insufficient pairwise observations.,intake_vs_baseline
q158_min_10h,rev_1h,alpha158_rolling_price,reversal,False,,,,0,INSUFFICIENT_DATA,Insufficient pairwise observations.,intake_vs_baseline
q158_ma_10h,rev_72h,alpha158_rolling_price,reversal,False,,,,0,INSUFFICIENT_DATA,Insufficient pairwise observations.,intake_vs_baseline
q158_std_10h,rev_72h,alpha158_rolling_price,reversal,False,,,,0,INSUFFICIENT_DATA,Insufficient pairwise observations.,intake_vs_baseline
q158_max_10h,rev_72h,alpha158_rolling_price,reversal,False,,,,0,INSUFFICIENT_DATA,Insufficient pairwise observations.,intake_vs_baseline
q158_min_10h,rev_72h,alpha158_rolling_price,reversal,False,,,,0,INSUFFICIENT_DATA,Insufficient pairwise observations.,intake_vs_baseline
q158_ma_10h,vol_ratio_20_80,alpha158_rolling_price,volatility,False,,,,0,INSUFFICIENT_DATA,Insufficient pairwise observations.,intake_vs_baseline
q158_std_10h,vol_ratio_20_80,alpha158_rolling_price,volatility,False,,,,0,INSUFFICIENT_DATA,Insufficient pairwise observations.,intake_vs_baseline
q158_max_10h,vol_ratio_20_80,alpha158_rolling_price,volatility,False,,,,0,INSUFFICIENT_DATA,Insufficient pairwise observations.,intake_vs_baseline
q158_min_10h,vol_ratio_20_80,alpha158_rolling_price,volatility,False,,,,0,INSUFFICIENT_DATA,Insufficient pairwise observations.,intake_vs_baseline
q158_ma_10h,realized_skew_20h,alpha158_rolling_price,realized_shape,False,,,,0,INSUFFICIENT_DATA,Insufficient pairwise observations.,intake_vs_baseline
q158_std_10h,realized_skew_20h,alpha158_rolling_price,realized_shape,False,,,,0,INSUFFICIENT_DATA,Insufficient pairwise observations.,intake_vs_baseline
q158_max_10h,realized_skew_20h,alpha158_rolling_price,realized_shape,False,,,,0,INSUFFICIENT_DATA,Insufficient pairwise observations.,intake_vs_baseline
q158_min_10h,realized_skew_20h,alpha158_rolling_price,realized_shape,False,,,,0,INSUFFICIENT_DATA,Insufficient pairwise observations.,intake_vs_baseline
q158_ma_10h,realized_kurt_20h,alpha158_rolling_price,realized_shape,False,,,,0,INSUFFICIENT_DATA,Insufficient pairwise observations.,intake_vs_baseline
q158_std_10h,realized_kurt_20h,alpha158_rolling_price,realized_shape,False,,,,0,INSUFFICIENT_DATA,Insufficient pairwise observations.,intake_vs_baseline
q158_max_10h,realized_kurt_20h,alpha158_rolling_price,realized_shape,False,,,,0,INSUFFICIENT_DATA,Insufficient pairwise observations.,intake_vs_baseline
q158_min_10h,realized_kurt_20h,alpha158_rolling_price,realized_shape,False,,,,0,INSUFFICIENT_DATA,Insufficient pairwise observations.,intake_vs_baseline
q158_ma_10h,amihud_illiquidity_20h,alpha158_rolling_price,liquidity,False,,,,0,INSUFFICIENT_DATA,Insufficient pairwise observations.,intake_vs_baseline
q158_std_10h,amihud_illiquidity_20h,alpha158_rolling_price,liquidity,False,,,,0,INSUFFICIENT_DATA,Insufficient pairwise observations.,intake_vs_baseline
q158_max_10h,amihud_illiquidity_20h,alpha158_rolling_price,liquidity,False,,,,0,INSUFFICIENT_DATA,Insufficient pairwise observations.,intake_vs_baseline
q158_min_10h,amihud_illiquidity_20h,alpha158_rolling_price,liquidity,False,,,,0,INSUFFICIENT_DATA,Insufficient pairwise observations.,intake_vs_baseline
q158_ma_10h,price_volume_corr_20h,alpha158_rolling_price,volume_price,False,,,,0,INSUFFICIENT_DATA,Insufficient pairwise observations.,intake_vs_baseline
q158_std_10h,price_volume_corr_20h,alpha158_rolling_price,volume_price,False,,,,0,INSUFFICIENT_DATA,Insufficient pairwise observations.,intake_vs_baseline
q158_max_10h,price_volume_corr_20h,alpha158_rolling_price,volume_price,False,,,,0,INSUFFICIENT_DATA,Insufficient pairwise observations.,intake_vs_baseline
q158_min_10h,price_volume_corr_20h,alpha158_rolling_price,volume_price,False,,,,0,INSUFFICIENT_DATA,Insufficient pairwise observations.,intake_vs_baseline
q158_ma_10h,rev_2h,alpha158_rolling_price,reversal,False,,,,0,INSUFFICIENT_DATA,Insufficient pairwise observations.,intake_vs_baseline
q158_std_10h,rev_2h,alpha158_rolling_price,reversal,False,,,,0,INSUFFICIENT_DATA,Insufficient pairwise observations.,intake_vs_baseline
q158_max_10h,rev_2h,alpha158_rolling_price,reversal,False,,,,0,INSUFFICIENT_DATA,Insufficient pairwise observations.,intake_vs_baseline
q158_min_10h,rev_2h,alpha158_rolling_price,reversal,False,,,,0,INSUFFICIENT_DATA,Insufficient pairwise observations.,intake_vs_baseline
q158_ma_10h,mom_vol_adjusted_20h,alpha158_rolling_price,momentum,False,,,,0,INSUFFICIENT_DATA,Insufficient pairwise observations.,intake_vs_baseline
q158_std_10h,mom_vol_adjusted_20h,alpha158_rolling_price,momentum,False,,,,0,INSUFFICIENT_DATA,Insufficient pairwise observations.,intake_vs_baseline
q158_max_10h,mom_vol_adjusted_20h,alpha158_rolling_price,momentum,False,,,,0,INSUFFICIENT_DATA,Insufficient pairwise observations.,intake_vs_baseline
q158_min_10h,mom_vol_adjusted_20h,alpha158_rolling_price,momentum,False,,,,0,INSUFFICIENT_DATA,Insufficient pairwise observations.,intake_vs_baseline
q158_ma_10h,volume_pressure_20h,alpha158_rolling_price,volume_price,False,,,,0,INSUFFICIENT_DATA,Insufficient pairwise observations.,intake_vs_baseline
q158_std_10h,volume_pressure_20h,alpha158_rolling_price,volume_price,False,,,,0,INSUFFICIENT_DATA,Insufficient pairwise observations.,intake_vs_baseline
q158_max_10h,volume_pressure_20h,alpha158_rolling_price,volume_price,False,,,,0,INSUFFICIENT_DATA,Insufficient pairwise observations.,intake_vs_baseline
q158_min_10h,volume_pressure_20h,alpha158_rolling_price,volume_price,False,,,,0,INSUFFICIENT_DATA,Insufficient pairwise observations.,intake_vs_baseline
q158_ma_10h,xs_rank_mom_accel,alpha158_rolling_price,cross_sectional_normalized,False,,,,0,INSUFFICIENT_DATA,Insufficient pairwise observations.,intake_vs_baseline
q158_std_10h,xs_rank_mom_accel,alpha158_rolling_price,cross_sectional_normalized,False,,,,0,INSUFFICIENT_DATA,Insufficient pairwise observations.,intake_vs_baseline
q158_max_10h,xs_rank_mom_accel,alpha158_rolling_price,cross_sectional_normalized,False,,,,0,INSUFFICIENT_DATA,Insufficient pairwise observations.,intake_vs_baseline
q158_min_10h,xs_rank_mom_accel,alpha158_rolling_price,cross_sectional_normalized,False,,,,0,INSUFFICIENT_DATA,Insufficient pairwise observations.,intake_vs_baseline
q158_ma_10h,a101_volume_cap_alpha_min_80_80,alpha158_rolling_price,alpha101_curated_volume_cap_regression,False,,,,0,INSUFFICIENT_DATA,Insufficient pairwise observations.,intake_vs_baseline
q158_std_10h,a101_volume_cap_alpha_min_80_80,alpha158_rolling_price,alpha101_curated_volume_cap_regression,False,,,,0,INSUFFICIENT_DATA,Insufficient pairwise observations.,intake_vs_baseline
q158_max_10h,a101_volume_cap_alpha_min_80_80,alpha158_rolling_price,alpha101_curated_volume_cap_regression,False,,,,0,INSUFFICIENT_DATA,Insufficient pairwise observations.,intake_vs_baseline
q158_min_10h,a101_volume_cap_alpha_min_80_80,alpha158_rolling_price,alpha101_curated_volume_cap_regression,False,,,,0,INSUFFICIENT_DATA,Insufficient pairwise observations.,intake_vs_baseline
q158_ma_10h,a101_volume_cap_alpha_min_56_84,alpha158_rolling_price,alpha101_curated_volume_cap_regression,False,,,,0,INSUFFICIENT_DATA,Insufficient pairwise observations.,intake_vs_baseline
q158_std_10h,a101_volume_cap_alpha_min_56_84,alpha158_rolling_price,alpha101_curated_volume_cap_regression,False,,,,0,INSUFFICIENT_DATA,Insufficient pairwise observations.,intake_vs_baseline
q158_max_10h,a101_volume_cap_alpha_min_56_84,alpha158_rolling_price,alpha101_curated_volume_cap_regression,False,,,,0,INSUFFICIENT_DATA,Insufficient pairwise observations.,intake_vs_baseline
q158_min_10h,a101_volume_cap_alpha_min_56_84,alpha158_rolling_price,alpha101_curated_volume_cap_regression,False,,,,0,INSUFFICIENT_DATA,Insufficient pairwise observations.,intake_vs_baseline
