factor_i,factor_j,family_i,family_j,same_family,spearman_corr,abs_spearman_corr,pearson_corr,n_pairwise_obs,redundancy_level,recommendation,pair_type
q158_cntn_30h,q158_cntd_30h,alpha158_rolling_direction,alpha158_rolling_direction,True,-0.976787,0.976787,-0.940887,661805,NEAR_DUPLICATE,Drop one; keep the more interpretable or stable factor.,intake_vs_intake
q158_cntp_30h,q158_cntd_30h,alpha158_rolling_direction,alpha158_rolling_direction,True,0.9756,0.9756,0.940676,661805,NEAR_DUPLICATE,Drop one; keep the more interpretable or stable factor.,intake_vs_intake
q158_cntp_30h,q158_cntn_30h,alpha158_rolling_direction,alpha158_rolling_direction,True,-0.91046,0.91046,-0.770141,661805,HIGH_REDUNDANCY,Same-family high redundancy. Consider dropping the weaker factor.,intake_vs_intake
q158_sumd_30h,q158_ma_60h,alpha158_rolling_direction,alpha158_rolling_price,False,-0.883917,0.883917,-0.784187,1280,HIGH_REDUNDANCY,REDUNDANT_WITH_EXISTING. High correlation with existing library factor.,intake_vs_baseline
q158_sumd_30h,ema_12_26_gap,alpha158_rolling_direction,technical_indicators,False,0.880429,0.880429,0.722838,660525,HIGH_REDUNDANCY,REDUNDANT_WITH_EXISTING. High correlation with existing library factor.,intake_vs_baseline
q158_cntp_30h,q158_cntp_20h,alpha158_rolling_direction,alpha158_rolling,False,0.803785,0.803785,0.825502,661377,MODERATE_REDUNDANCY,Monitor. May provide diversification if combined carefully.,intake_vs_baseline
q158_cntn_30h,q158_cntn_20h,alpha158_rolling_direction,alpha158_rolling,False,0.803346,0.803346,0.825789,661377,MODERATE_REDUNDANCY,Monitor. May provide diversification if combined carefully.,intake_vs_baseline
q158_cntd_30h,q158_cntd_20h,alpha158_rolling_direction,alpha158_rolling_direction,True,0.797984,0.797984,0.811439,661377,MODERATE_REDUNDANCY,Monitor. May provide diversification if combined carefully.,intake_vs_baseline
q158_sumd_30h,mom_40h,alpha158_rolling_direction,momentum,False,0.795164,0.795164,0.594531,660845,MODERATE_REDUNDANCY,Monitor. May provide diversification if combined carefully.,intake_vs_baseline
q158_cntd_30h,q158_cntp_20h,alpha158_rolling_direction,alpha158_rolling,False,0.782845,0.782845,0.776799,661377,MODERATE_REDUNDANCY,Monitor. May provide diversification if combined carefully.,intake_vs_baseline
q158_cntd_30h,q158_cntn_20h,alpha158_rolling_direction,alpha158_rolling,False,-0.782768,0.782768,-0.776479,661377,MODERATE_REDUNDANCY,Monitor. May provide diversification if combined carefully.,intake_vs_baseline
q158_cntn_30h,q158_cntd_20h,alpha158_rolling_direction,alpha158_rolling_direction,True,-0.781168,0.781168,-0.763864,661377,MODERATE_REDUNDANCY,Monitor. May provide diversification if combined carefully.,intake_vs_baseline
q158_cntp_30h,q158_cntd_20h,alpha158_rolling_direction,alpha158_rolling_direction,True,0.778817,0.778817,0.762937,661377,MODERATE_REDUNDANCY,Monitor. May provide diversification if combined carefully.,intake_vs_baseline
q158_sumd_30h,q158_sumd_20h,alpha158_rolling_direction,alpha158_rolling,False,0.777445,0.777445,0.794664,661377,MODERATE_REDUNDANCY,Monitor. May provide diversification if combined carefully.,intake_vs_baseline
q158_sumd_30h,q158_sumn_20h,alpha158_rolling_direction,alpha158_rolling_direction,True,-0.774902,0.774902,-0.781759,661377,MODERATE_REDUNDANCY,Monitor. May provide diversification if combined carefully.,intake_vs_baseline
q158_sumd_30h,mom_vol_adjusted_20h,alpha158_rolling_direction,momentum,False,0.773996,0.773996,0.784422,659605,MODERATE_REDUNDANCY,Monitor. May provide diversification if combined carefully.,intake_vs_baseline
q158_sumd_30h,q158_sump_20h,alpha158_rolling_direction,alpha158_rolling_direction,True,0.773837,0.773837,0.781176,661377,MODERATE_REDUNDANCY,Monitor. May provide diversification if combined carefully.,intake_vs_baseline
q158_sumd_30h,q158_roc_20h,alpha158_rolling_direction,alpha158_rolling_price,False,-0.755509,0.755509,-0.482335,661377,MODERATE_REDUNDANCY,Monitor. May provide diversification if combined carefully.,intake_vs_baseline
q158_sumd_30h,mom_20h,alpha158_rolling_direction,momentum,False,0.755509,0.755509,0.606069,661377,MODERATE_REDUNDANCY,Monitor. May provide diversification if combined carefully.,intake_vs_baseline
q158_cntn_30h,q158_cntp_20h,alpha158_rolling_direction,alpha158_rolling,False,-0.729906,0.729906,-0.636288,661377,MODERATE_REDUNDANCY,Monitor. May provide diversification if combined carefully.,intake_vs_baseline
q158_cntp_30h,q158_cntn_20h,alpha158_rolling_direction,alpha158_rolling,False,-0.727725,0.727725,-0.635063,661377,MODERATE_REDUNDANCY,Monitor. May provide diversification if combined carefully.,intake_vs_baseline
q158_sumd_30h,q158_min_60h,alpha158_rolling_direction,alpha158_rolling_price,False,-0.70365,0.70365,-0.53297,1280,MODERATE_REDUNDANCY,Monitor. May provide diversification if combined carefully.,intake_vs_baseline
q158_cntd_30h,q158_sumd_30h,alpha158_rolling_direction,alpha158_rolling_direction,True,0.696136,0.696136,0.711182,661805,LOW_REDUNDANCY,Low redundancy. Independent signal sources.,intake_vs_intake
q158_cntp_30h,q158_sumd_30h,alpha158_rolling_direction,alpha158_rolling_direction,True,0.680986,0.680986,0.67062,661805,LOW_REDUNDANCY,Low redundancy. Independent signal sources.,intake_vs_intake
q158_cntn_30h,q158_sumd_30h,alpha158_rolling_direction,alpha158_rolling_direction,True,-0.67907,0.67907,-0.667516,661805,LOW_REDUNDANCY,Low redundancy. Independent signal sources.,intake_vs_intake
q158_cntd_30h,q158_ma_60h,alpha158_rolling_direction,alpha158_rolling_price,False,-0.674957,0.674957,-0.612577,1280,LOW_REDUNDANCY,Low redundancy. Independent signal sources.,intake_vs_baseline
q158_sumd_30h,ma_gap_20_80,alpha158_rolling_direction,trend_ma,False,0.673453,0.673453,0.603947,2132,LOW_REDUNDANCY,Low redundancy. Independent signal sources.,intake_vs_baseline
q158_sumd_30h,ma_gap_10_40,alpha158_rolling_direction,trend_ma,False,0.668417,0.668417,0.600287,428,LOW_REDUNDANCY,Low redundancy. Independent signal sources.,intake_vs_baseline
q158_cntp_30h,q158_ma_60h,alpha158_rolling_direction,alpha158_rolling_price,False,-0.667946,0.667946,-0.571416,1280,LOW_REDUNDANCY,Low redundancy. Independent signal sources.,intake_vs_baseline
q158_cntn_30h,q158_ma_60h,alpha158_rolling_direction,alpha158_rolling_price,False,0.656789,0.656789,0.560593,1280,LOW_REDUNDANCY,Low redundancy. Independent signal sources.,intake_vs_baseline
q158_sumd_30h,price_pos_120h,alpha158_rolling_direction,price_position,False,0.65152,0.65152,0.695192,3836,LOW_REDUNDANCY,Low redundancy. Independent signal sources.,intake_vs_baseline
q158_cntd_30h,ema_12_26_gap,alpha158_rolling_direction,technical_indicators,False,0.62085,0.62085,0.509398,660525,LOW_REDUNDANCY,Low redundancy. Independent signal sources.,intake_vs_baseline
q158_cntp_30h,ema_12_26_gap,alpha158_rolling_direction,technical_indicators,False,0.607562,0.607562,0.47973,660525,LOW_REDUNDANCY,Low redundancy. Independent signal sources.,intake_vs_baseline
q158_cntn_30h,ema_12_26_gap,alpha158_rolling_direction,technical_indicators,False,-0.607176,0.607176,-0.478813,660525,LOW_REDUNDANCY,Low redundancy. Independent signal sources.,intake_vs_baseline
q158_sumd_30h,rsi_7h,alpha158_rolling_direction,technical_indicators,False,0.60526,0.60526,0.644372,1067,LOW_REDUNDANCY,Low redundancy. Independent signal sources.,intake_vs_baseline
q158_sumd_30h,q158_max_60h,alpha158_rolling_direction,alpha158_rolling_price,False,-0.602255,0.602255,-0.355034,1280,LOW_REDUNDANCY,Low redundancy. Independent signal sources.,intake_vs_baseline
q158_cntd_30h,mom_vol_adjusted_20h,alpha158_rolling_direction,momentum,False,0.579038,0.579038,0.599883,659605,LOW_REDUNDANCY,Low redundancy. Independent signal sources.,intake_vs_baseline
q158_cntd_30h,q158_sumd_20h,alpha158_rolling_direction,alpha158_rolling,False,0.57335,0.57335,0.589825,661377,LOW_REDUNDANCY,Low redundancy. Independent signal sources.,intake_vs_baseline
q158_cntd_30h,q158_sumn_20h,alpha158_rolling_direction,alpha158_rolling_direction,True,-0.571879,0.571879,-0.580753,661377,LOW_REDUNDANCY,Low redundancy. Independent signal sources.,intake_vs_baseline
q158_cntd_30h,q158_sump_20h,alpha158_rolling_direction,alpha158_rolling_direction,True,0.570315,0.570315,0.579306,661377,LOW_REDUNDANCY,Low redundancy. Independent signal sources.,intake_vs_baseline
q158_cntp_30h,mom_vol_adjusted_20h,alpha158_rolling_direction,momentum,False,0.568678,0.568678,0.589304,659605,LOW_REDUNDANCY,Low redundancy. Independent signal sources.,intake_vs_baseline
q158_cntn_30h,mom_vol_adjusted_20h,alpha158_rolling_direction,momentum,False,-0.567516,0.567516,-0.587348,659605,LOW_REDUNDANCY,Low redundancy. Independent signal sources.,intake_vs_baseline
q158_cntp_30h,q158_sump_20h,alpha158_rolling_direction,alpha158_rolling_direction,True,0.566712,0.566712,0.597004,661377,LOW_REDUNDANCY,Low redundancy. Independent signal sources.,intake_vs_baseline
q158_cntn_30h,q158_sumn_20h,alpha158_rolling_direction,alpha158_rolling_direction,True,0.565493,0.565493,0.596898,661377,LOW_REDUNDANCY,Low redundancy. Independent signal sources.,intake_vs_baseline
q158_cntn_30h,q158_max_60h,alpha158_rolling_direction,alpha158_rolling_price,False,0.561936,0.561936,0.382114,1280,LOW_REDUNDANCY,Low redundancy. Independent signal sources.,intake_vs_baseline
q158_sumd_30h,q158_cord_20h,alpha158_rolling_direction,alpha158_rolling_volume_price,False,0.56125,0.56125,0.567535,659094,LOW_REDUNDANCY,Low redundancy. Independent signal sources.,intake_vs_baseline
q158_cntp_30h,q158_sumd_20h,alpha158_rolling_direction,alpha158_rolling,False,0.56033,0.56033,0.55557,661377,LOW_REDUNDANCY,Low redundancy. Independent signal sources.,intake_vs_baseline
q158_cntn_30h,q158_sumd_20h,alpha158_rolling_direction,alpha158_rolling,False,-0.560036,0.560036,-0.554243,661377,LOW_REDUNDANCY,Low redundancy. Independent signal sources.,intake_vs_baseline
q158_cntd_30h,mom_40h,alpha158_rolling_direction,momentum,False,0.553515,0.553515,0.420086,660845,LOW_REDUNDANCY,Low redundancy. Independent signal sources.,intake_vs_baseline
q158_cntp_30h,q158_sumn_20h,alpha158_rolling_direction,alpha158_rolling_direction,True,-0.550559,0.550559,-0.495757,661377,LOW_REDUNDANCY,Low redundancy. Independent signal sources.,intake_vs_baseline
q158_sumd_30h,price_volume_corr_20h,alpha158_rolling_direction,volume_price,False,0.549438,0.549438,0.554499,659094,LOW_REDUNDANCY,Low redundancy. Independent signal sources.,intake_vs_baseline
q158_cntn_30h,q158_sump_20h,alpha158_rolling_direction,alpha158_rolling_direction,True,-0.549343,0.549343,-0.493107,661377,LOW_REDUNDANCY,Low redundancy. Independent signal sources.,intake_vs_baseline
q158_sumd_30h,q158_cntd_20h,alpha158_rolling_direction,alpha158_rolling_direction,True,0.549124,0.549124,0.569639,661377,LOW_REDUNDANCY,Low redundancy. Independent signal sources.,intake_vs_baseline
q158_cntd_30h,q158_max_60h,alpha158_rolling_direction,alpha158_rolling_price,False,-0.547761,0.547761,-0.377198,1280,LOW_REDUNDANCY,Low redundancy. Independent signal sources.,intake_vs_baseline
q158_cntd_30h,mom_20h,alpha158_rolling_direction,momentum,False,0.547661,0.547661,0.427174,661377,LOW_REDUNDANCY,Low redundancy. Independent signal sources.,intake_vs_baseline
q158_cntd_30h,q158_roc_20h,alpha158_rolling_direction,alpha158_rolling_price,False,-0.547661,0.547661,-0.338283,661377,LOW_REDUNDANCY,Low redundancy. Independent signal sources.,intake_vs_baseline
q158_cntd_30h,volume_pressure_20h,alpha158_rolling_direction,volume_price,False,0.546135,0.546135,0.061586,661377,LOW_REDUNDANCY,Low redundancy. Independent signal sources.,intake_vs_baseline
q158_cntp_30h,mom_40h,alpha158_rolling_direction,momentum,False,0.542796,0.542796,0.398285,660845,LOW_REDUNDANCY,Low redundancy. Independent signal sources.,intake_vs_baseline
q158_sumd_30h,vol_ret_corr_20h,alpha158_rolling_direction,alpha158_ohlcv,False,0.540796,0.540796,0.544411,659605,LOW_REDUNDANCY,Low redundancy. Independent signal sources.,intake_vs_baseline
q158_cntn_30h,mom_40h,alpha158_rolling_direction,momentum,False,-0.540663,0.540663,-0.392101,660845,LOW_REDUNDANCY,Low redundancy. Independent signal sources.,intake_vs_baseline
q158_sumd_30h,q158_cntp_20h,alpha158_rolling_direction,alpha158_rolling,False,0.540125,0.540125,0.546846,661377,LOW_REDUNDANCY,Low redundancy. Independent signal sources.,intake_vs_baseline
q158_sumd_30h,q158_cntn_20h,alpha158_rolling_direction,alpha158_rolling,False,-0.537602,0.537602,-0.543574,661377,LOW_REDUNDANCY,Low redundancy. Independent signal sources.,intake_vs_baseline
q158_cntn_30h,q158_roc_20h,alpha158_rolling_direction,alpha158_rolling_price,False,0.536643,0.536643,0.317876,661377,LOW_REDUNDANCY,Low redundancy. Independent signal sources.,intake_vs_baseline
q158_cntn_30h,mom_20h,alpha158_rolling_direction,momentum,False,-0.536643,0.536643,-0.401392,661377,LOW_REDUNDANCY,Low redundancy. Independent signal sources.,intake_vs_baseline
q158_cntp_30h,mom_20h,alpha158_rolling_direction,momentum,False,0.534871,0.534871,0.402379,661377,LOW_REDUNDANCY,Low redundancy. Independent signal sources.,intake_vs_baseline
q158_cntp_30h,q158_roc_20h,alpha158_rolling_direction,alpha158_rolling_price,False,-0.534871,0.534871,-0.318636,661377,LOW_REDUNDANCY,Low redundancy. Independent signal sources.,intake_vs_baseline
q158_cntp_30h,volume_pressure_20h,alpha158_rolling_direction,volume_price,False,0.533465,0.533465,0.058569,661377,LOW_REDUNDANCY,Low redundancy. Independent signal sources.,intake_vs_baseline
q158_cntn_30h,volume_pressure_20h,alpha158_rolling_direction,volume_price,False,-0.531795,0.531795,-0.057312,661377,LOW_REDUNDANCY,Low redundancy. Independent signal sources.,intake_vs_baseline
q158_sumd_30h,volume_pressure_20h,alpha158_rolling_direction,volume_price,False,0.526218,0.526218,0.068753,661377,LOW_REDUNDANCY,Low redundancy. Independent signal sources.,intake_vs_baseline
q158_cntp_30h,q158_max_60h,alpha158_rolling_direction,alpha158_rolling_price,False,-0.513913,0.513913,-0.315408,1280,LOW_REDUNDANCY,Low redundancy. Independent signal sources.,intake_vs_baseline
q158_sumd_30h,mom_10h,alpha158_rolling_direction,momentum,False,0.507201,0.507201,0.449518,660951,LOW_REDUNDANCY,Low redundancy. Independent signal sources.,intake_vs_baseline
q158_sumd_30h,rev_10h,alpha158_rolling_direction,reversal,False,-0.507201,0.507201,-0.449518,660951,LOW_REDUNDANCY,Low redundancy. Independent signal sources.,intake_vs_baseline
q158_cntd_30h,ma_gap_20_80,alpha158_rolling_direction,trend_ma,False,0.504442,0.504442,0.446383,2132,LOW_REDUNDANCY,Low redundancy. Independent signal sources.,intake_vs_baseline
q158_cntp_30h,ma_gap_20_80,alpha158_rolling_direction,trend_ma,False,0.498368,0.498368,0.421983,2132,LOW_REDUNDANCY,Low redundancy. Independent signal sources.,intake_vs_baseline
q158_cntn_30h,ma_gap_20_80,alpha158_rolling_direction,trend_ma,False,-0.4911,0.4911,-0.397161,2132,LOW_REDUNDANCY,Low redundancy. Independent signal sources.,intake_vs_baseline
q158_cntp_30h,price_pos_120h,alpha158_rolling_direction,price_position,False,0.477318,0.477318,0.498779,3836,LOW_REDUNDANCY,Low redundancy. Independent signal sources.,intake_vs_baseline
q158_cntp_30h,q158_min_60h,alpha158_rolling_direction,alpha158_rolling_price,False,-0.475229,0.475229,-0.367096,1280,LOW_REDUNDANCY,Low redundancy. Independent signal sources.,intake_vs_baseline
q158_cntd_30h,price_pos_120h,alpha158_rolling_direction,price_position,False,0.465761,0.465761,0.492091,3836,LOW_REDUNDANCY,Low redundancy. Independent signal sources.,intake_vs_baseline
q158_cntd_30h,q158_min_60h,alpha158_rolling_direction,alpha158_rolling_price,False,-0.462719,0.462719,-0.354233,1280,LOW_REDUNDANCY,Low redundancy. Independent signal sources.,intake_vs_baseline
q158_cntn_30h,price_pos_120h,alpha158_rolling_direction,price_position,False,-0.44001,0.44001,-0.397201,3836,LOW_REDUNDANCY,Low redundancy. Independent signal sources.,intake_vs_baseline
q158_cntp_30h,ma_gap_10_40,alpha158_rolling_direction,trend_ma,False,0.432648,0.432648,0.382632,428,LOW_REDUNDANCY,Low redundancy. Independent signal sources.,intake_vs_baseline
q158_cntn_30h,q158_min_60h,alpha158_rolling_direction,alpha158_rolling_price,False,0.432637,0.432637,0.287024,1280,LOW_REDUNDANCY,Low redundancy. Independent signal sources.,intake_vs_baseline
q158_cntd_30h,ma_gap_10_40,alpha158_rolling_direction,trend_ma,False,0.423115,0.423115,0.396947,428,LOW_REDUNDANCY,Low redundancy. Independent signal sources.,intake_vs_baseline
q158_sumd_30h,mom_120h,alpha158_rolling_direction,momentum,False,0.410137,0.410137,0.250754,653181,LOW_REDUNDANCY,Low redundancy. Independent signal sources.,intake_vs_baseline
q158_sumd_30h,q158_open_close_2h,alpha158_rolling_direction,alpha158_price,False,-0.390475,0.390475,-0.258,1280,LOW_REDUNDANCY,Low redundancy. Independent signal sources.,intake_vs_baseline
q158_cntd_30h,rev_10h,alpha158_rolling_direction,reversal,False,-0.389958,0.389958,-0.311866,660951,LOW_REDUNDANCY,Low redundancy. Independent signal sources.,intake_vs_baseline
q158_cntd_30h,mom_10h,alpha158_rolling_direction,momentum,False,0.389958,0.389958,0.311866,660951,LOW_REDUNDANCY,Low redundancy. Independent signal sources.,intake_vs_baseline
q158_cntn_30h,ma_gap_10_40,alpha158_rolling_direction,trend_ma,False,-0.386253,0.386253,-0.331914,428,LOW_REDUNDANCY,Low redundancy. Independent signal sources.,intake_vs_baseline
q158_cntn_30h,rev_10h,alpha158_rolling_direction,reversal,False,0.382727,0.382727,0.293956,660951,LOW_REDUNDANCY,Low redundancy. Independent signal sources.,intake_vs_baseline
q158_cntn_30h,mom_10h,alpha158_rolling_direction,momentum,False,-0.382727,0.382727,-0.293956,660951,LOW_REDUNDANCY,Low redundancy. Independent signal sources.,intake_vs_baseline
q158_cntp_30h,mom_10h,alpha158_rolling_direction,momentum,False,0.380372,0.380372,0.292868,660951,LOW_REDUNDANCY,Low redundancy. Independent signal sources.,intake_vs_baseline
q158_cntp_30h,rev_10h,alpha158_rolling_direction,reversal,False,-0.380372,0.380372,-0.292868,660951,LOW_REDUNDANCY,Low redundancy. Independent signal sources.,intake_vs_baseline
q158_sumd_30h,q158_low_close_2h,alpha158_rolling_direction,alpha158_price,False,-0.349567,0.349567,-0.253829,1280,LOW_REDUNDANCY,Low redundancy. Independent signal sources.,intake_vs_baseline
q158_sumd_30h,reversal_5h,alpha158_rolling_direction,momentum,False,-0.347059,0.347059,-0.332057,660738,LOW_REDUNDANCY,Low redundancy. Independent signal sources.,intake_vs_baseline
q158_sumd_30h,mom_5h,alpha158_rolling_direction,momentum,False,0.347059,0.347059,0.332057,660738,LOW_REDUNDANCY,Low redundancy. Independent signal sources.,intake_vs_baseline
q158_sumd_30h,qvol_ma_ratio_20_80,alpha158_rolling_direction,quote_volume_liquidity,False,0.343204,0.343204,0.388281,2122,LOW_REDUNDANCY,Low redundancy. Independent signal sources.,intake_vs_baseline
q158_sumd_30h,realized_skew_20h,alpha158_rolling_direction,realized_shape,False,0.33897,0.33897,0.368822,661377,LOW_REDUNDANCY,Low redundancy. Independent signal sources.,intake_vs_baseline
q158_cntp_30h,mom_120h,alpha158_rolling_direction,momentum,False,0.303754,0.303754,0.180778,653181,LOW_REDUNDANCY,Low redundancy. Independent signal sources.,intake_vs_baseline
q158_cntd_30h,mom_120h,alpha158_rolling_direction,momentum,False,0.303573,0.303573,0.184462,653181,LOW_REDUNDANCY,Low redundancy. Independent signal sources.,intake_vs_baseline
q158_sumd_30h,q158_high_close_2h,alpha158_rolling_direction,alpha158_price,False,-0.292986,0.292986,-0.206207,1280,LOW_REDUNDANCY,Low redundancy. Independent signal sources.,intake_vs_baseline
q158_cntn_30h,mom_120h,alpha158_rolling_direction,momentum,False,-0.290956,0.290956,-0.166237,653181,LOW_REDUNDANCY,Low redundancy. Independent signal sources.,intake_vs_baseline
q158_cntd_30h,rsi_7h,alpha158_rolling_direction,technical_indicators,False,0.286034,0.286034,0.318554,1067,LOW_REDUNDANCY,Low redundancy. Independent signal sources.,intake_vs_baseline
q158_cntd_30h,reversal_5h,alpha158_rolling_direction,momentum,False,-0.285971,0.285971,-0.228381,660738,LOW_REDUNDANCY,Low redundancy. Independent signal sources.,intake_vs_baseline
q158_cntd_30h,mom_5h,alpha158_rolling_direction,momentum,False,0.285971,0.285971,0.228381,660738,LOW_REDUNDANCY,Low redundancy. Independent signal sources.,intake_vs_baseline
q158_sumd_30h,rev_2h,alpha158_rolling_direction,reversal,False,-0.282944,0.282944,-0.215628,1280,LOW_REDUNDANCY,Low redundancy. Independent signal sources.,intake_vs_baseline
q158_cntn_30h,mom_5h,alpha158_rolling_direction,momentum,False,-0.280831,0.280831,-0.21562,660738,LOW_REDUNDANCY,Low redundancy. Independent signal sources.,intake_vs_baseline
q158_cntn_30h,reversal_5h,alpha158_rolling_direction,momentum,False,0.280831,0.280831,0.21562,660738,LOW_REDUNDANCY,Low redundancy. Independent signal sources.,intake_vs_baseline
q158_cntp_30h,reversal_5h,alpha158_rolling_direction,momentum,False,-0.278801,0.278801,-0.21412,660738,LOW_REDUNDANCY,Low redundancy. Independent signal sources.,intake_vs_baseline
q158_cntp_30h,mom_5h,alpha158_rolling_direction,momentum,False,0.278801,0.278801,0.21412,660738,LOW_REDUNDANCY,Low redundancy. Independent signal sources.,intake_vs_baseline
q158_cntp_30h,rsi_7h,alpha158_rolling_direction,technical_indicators,False,0.276751,0.276751,0.305963,1067,LOW_REDUNDANCY,Low redundancy. Independent signal sources.,intake_vs_baseline
q158_cntd_30h,q158_cord_20h,alpha158_rolling_direction,alpha158_rolling_volume_price,False,0.274958,0.274958,0.2749,659094,LOW_REDUNDANCY,Low redundancy. Independent signal sources.,intake_vs_baseline
q158_cntn_30h,rsi_7h,alpha158_rolling_direction,technical_indicators,False,-0.274936,0.274936,-0.251761,1067,LOW_REDUNDANCY,Low redundancy. Independent signal sources.,intake_vs_baseline
q158_cntp_30h,q158_cord_20h,alpha158_rolling_direction,alpha158_rolling_volume_price,False,0.272758,0.272758,0.272876,659094,LOW_REDUNDANCY,Low redundancy. Independent signal sources.,intake_vs_baseline
q158_cntd_30h,price_volume_corr_20h,alpha158_rolling_direction,volume_price,False,0.269329,0.269329,0.267308,659094,LOW_REDUNDANCY,Low redundancy. Independent signal sources.,intake_vs_baseline
q158_cntp_30h,price_volume_corr_20h,alpha158_rolling_direction,volume_price,False,0.268162,0.268162,0.26638,659094,LOW_REDUNDANCY,Low redundancy. Independent signal sources.,intake_vs_baseline
q158_cntn_30h,q158_cord_20h,alpha158_rolling_direction,alpha158_rolling_volume_price,False,-0.26714,0.26714,-0.266436,659094,LOW_REDUNDANCY,Low redundancy. Independent signal sources.,intake_vs_baseline
q158_cntn_30h,price_volume_corr_20h,alpha158_rolling_direction,volume_price,False,-0.260736,0.260736,-0.258035,659094,LOW_REDUNDANCY,Low redundancy. Independent signal sources.,intake_vs_baseline
q158_sumd_30h,downside_vol_20h,alpha158_rolling_direction,realized_skew_kurtosis,False,-0.259142,0.259142,-0.186753,661377,LOW_REDUNDANCY,Low redundancy. Independent signal sources.,intake_vs_baseline
q158_cntd_30h,vol_ret_corr_20h,alpha158_rolling_direction,alpha158_ohlcv,False,0.252911,0.252911,0.253197,659605,LOW_REDUNDANCY,Low redundancy. Independent signal sources.,intake_vs_baseline
q158_cntp_30h,vol_ret_corr_20h,alpha158_rolling_direction,alpha158_ohlcv,False,0.250408,0.250408,0.250909,659605,LOW_REDUNDANCY,Low redundancy. Independent signal sources.,intake_vs_baseline
q158_cntd_30h,qvol_ma_ratio_20_80,alpha158_rolling_direction,quote_volume_liquidity,False,0.248412,0.248412,0.29125,2122,LOW_REDUNDANCY,Low redundancy. Independent signal sources.,intake_vs_baseline
q158_cntn_30h,qvol_ma_ratio_20_80,alpha158_rolling_direction,quote_volume_liquidity,False,-0.247417,0.247417,-0.285638,2122,LOW_REDUNDANCY,Low redundancy. Independent signal sources.,intake_vs_baseline
q158_cntp_30h,qvol_ma_ratio_20_80,alpha158_rolling_direction,quote_volume_liquidity,False,0.246405,0.246405,0.290196,2122,LOW_REDUNDANCY,Low redundancy. Independent signal sources.,intake_vs_baseline
q158_cntn_30h,vol_ret_corr_20h,alpha158_rolling_direction,alpha158_ohlcv,False,-0.246019,0.246019,-0.245725,659605,LOW_REDUNDANCY,Low redundancy. Independent signal sources.,intake_vs_baseline
q158_sumd_30h,taker_buy_ratio_20h,alpha158_rolling_direction,taker_imbalance,False,0.226486,0.226486,0.225177,336208,LOW_REDUNDANCY,Low redundancy. Independent signal sources.,intake_vs_baseline
q158_sumd_30h,q158_volume_ratio_2h,alpha158_rolling_direction,alpha158_volume,False,0.222906,0.222906,0.158557,1280,LOW_REDUNDANCY,Low redundancy. Independent signal sources.,intake_vs_baseline
q158_sumd_30h,funding_rate_zscore_80h,alpha158_rolling_direction,funding_rate,False,0.201708,0.201708,0.180176,3900,LOW_REDUNDANCY,Low redundancy. Independent signal sources.,intake_vs_baseline
q158_cntd_30h,q158_open_close_2h,alpha158_rolling_direction,alpha158_price,False,-0.193105,0.193105,-0.124456,1280,LOW_REDUNDANCY,Low redundancy. Independent signal sources.,intake_vs_baseline
q158_cntp_30h,q158_open_close_2h,alpha158_rolling_direction,alpha158_price,False,-0.192954,0.192954,-0.122243,1280,LOW_REDUNDANCY,Low redundancy. Independent signal sources.,intake_vs_baseline
q158_sumd_30h,tech_macd,alpha158_rolling_direction,technical,False,0.188683,0.188683,0.022346,660525,LOW_REDUNDANCY,Low redundancy. Independent signal sources.,intake_vs_baseline
q158_cntn_30h,q158_open_close_2h,alpha158_rolling_direction,alpha158_price,False,0.179239,0.179239,0.0968,1280,LOW_REDUNDANCY,Low redundancy. Independent signal sources.,intake_vs_baseline
q158_cntn_30h,taker_buy_ratio_20h,alpha158_rolling_direction,taker_imbalance,False,-0.176215,0.176215,-0.175858,336208,LOW_REDUNDANCY,Low redundancy. Independent signal sources.,intake_vs_baseline
q158_cntd_30h,taker_buy_ratio_20h,alpha158_rolling_direction,taker_imbalance,False,0.172315,0.172315,0.171976,336208,LOW_REDUNDANCY,Low redundancy. Independent signal sources.,intake_vs_baseline
q158_sumd_30h,range_breakout_vol_confirm_20h,alpha158_rolling_direction,breakout,False,0.168569,0.168569,0.182915,24019,LOW_REDUNDANCY,Low redundancy. Independent signal sources.,intake_vs_baseline
q158_cntp_30h,q158_low_close_2h,alpha158_rolling_direction,alpha158_price,False,-0.164648,0.164648,-0.138035,1280,LOW_REDUNDANCY,Low redundancy. Independent signal sources.,intake_vs_baseline
q158_cntd_30h,tech_macd,alpha158_rolling_direction,technical,False,0.164606,0.164606,0.016422,660525,LOW_REDUNDANCY,Low redundancy. Independent signal sources.,intake_vs_baseline
q158_cntp_30h,taker_buy_ratio_20h,alpha158_rolling_direction,taker_imbalance,False,0.164018,0.164018,0.164038,336208,LOW_REDUNDANCY,Low redundancy. Independent signal sources.,intake_vs_baseline
q158_cntn_30h,tech_macd,alpha158_rolling_direction,technical,False,-0.162838,0.162838,-0.01544,660525,LOW_REDUNDANCY,Low redundancy. Independent signal sources.,intake_vs_baseline
q158_cntd_30h,q158_open_close_0h,alpha158_rolling_direction,alpha158_price,False,-0.162027,0.162027,-0.115822,660525,LOW_REDUNDANCY,Low redundancy. Independent signal sources.,intake_vs_baseline
q158_cntd_30h,intraday_ret,alpha158_rolling_direction,alpha158_ohlcv,False,0.162027,0.162027,0.117684,660525,LOW_REDUNDANCY,Low redundancy. Independent signal sources.,intake_vs_baseline
q158_cntd_30h,q158_kmid_open,alpha158_rolling_direction,alpha158_kbar,False,0.162027,0.162027,0.117684,660525,LOW_REDUNDANCY,Low redundancy. Independent signal sources.,intake_vs_baseline
q158_cntd_30h,wq101_alpha101,alpha158_rolling_direction,wq101,False,0.161783,0.161783,0.147652,660525,LOW_REDUNDANCY,Low redundancy. Independent signal sources.,intake_vs_baseline
q158_cntd_30h,candle_body,alpha158_rolling_direction,intraday_candle,False,0.161595,0.161595,0.164053,660525,LOW_REDUNDANCY,Low redundancy. Independent signal sources.,intake_vs_baseline
q158_cntd_30h,q158_kmid_range,alpha158_rolling_direction,alpha158_kbar,False,0.161592,0.161592,0.164046,660525,LOW_REDUNDANCY,Low redundancy. Independent signal sources.,intake_vs_baseline
q158_cntn_30h,q158_open_close_0h,alpha158_rolling_direction,alpha158_price,False,0.160141,0.160141,0.110011,660525,LOW_REDUNDANCY,Low redundancy. Independent signal sources.,intake_vs_baseline
q158_cntn_30h,intraday_ret,alpha158_rolling_direction,alpha158_ohlcv,False,-0.160141,0.160141,-0.110979,660525,LOW_REDUNDANCY,Low redundancy. Independent signal sources.,intake_vs_baseline
q158_cntn_30h,q158_kmid_open,alpha158_rolling_direction,alpha158_kbar,False,-0.160141,0.160141,-0.110979,660525,LOW_REDUNDANCY,Low redundancy. Independent signal sources.,intake_vs_baseline
q158_cntn_30h,wq101_alpha101,alpha158_rolling_direction,wq101,False,-0.160111,0.160111,-0.139867,660525,LOW_REDUNDANCY,Low redundancy. Independent signal sources.,intake_vs_baseline
q158_cntp_30h,tech_macd,alpha158_rolling_direction,technical,False,0.160033,0.160033,0.015462,660525,LOW_REDUNDANCY,Low redundancy. Independent signal sources.,intake_vs_baseline
q158_cntn_30h,candle_body,alpha158_rolling_direction,intraday_candle,False,-0.159344,0.159344,-0.155278,660525,LOW_REDUNDANCY,Low redundancy. Independent signal sources.,intake_vs_baseline
q158_cntn_30h,q158_kmid_range,alpha158_rolling_direction,alpha158_kbar,False,-0.159336,0.159336,-0.155264,660525,LOW_REDUNDANCY,Low redundancy. Independent signal sources.,intake_vs_baseline
q158_cntn_30h,funding_rate_zscore_80h,alpha158_rolling_direction,funding_rate,False,-0.157687,0.157687,-0.124885,3900,LOW_REDUNDANCY,Low redundancy. Independent signal sources.,intake_vs_baseline
q158_cntd_30h,funding_rate_zscore_80h,alpha158_rolling_direction,funding_rate,False,0.157506,0.157506,0.12426,3900,LOW_REDUNDANCY,Low redundancy. Independent signal sources.,intake_vs_baseline
q158_cntp_30h,wq101_alpha101,alpha158_rolling_direction,wq101,False,0.157347,0.157347,0.13797,660525,LOW_REDUNDANCY,Low redundancy. Independent signal sources.,intake_vs_baseline
q158_cntp_30h,q158_kmid_open,alpha158_rolling_direction,alpha158_kbar,False,0.157279,0.157279,0.110467,660525,LOW_REDUNDANCY,Low redundancy. Independent signal sources.,intake_vs_baseline
q158_cntp_30h,intraday_ret,alpha158_rolling_direction,alpha158_ohlcv,False,0.157279,0.157279,0.110467,660525,LOW_REDUNDANCY,Low redundancy. Independent signal sources.,intake_vs_baseline
q158_cntp_30h,q158_open_close_0h,alpha158_rolling_direction,alpha158_price,False,-0.157279,0.157279,-0.107931,660525,LOW_REDUNDANCY,Low redundancy. Independent signal sources.,intake_vs_baseline
q158_cntp_30h,candle_body,alpha158_rolling_direction,intraday_candle,False,0.156953,0.156953,0.153421,660525,LOW_REDUNDANCY,Low redundancy. Independent signal sources.,intake_vs_baseline
q158_cntp_30h,q158_kmid_range,alpha158_rolling_direction,alpha158_kbar,False,0.15695,0.15695,0.153421,660525,LOW_REDUNDANCY,Low redundancy. Independent signal sources.,intake_vs_baseline
q158_cntp_30h,funding_rate_zscore_80h,alpha158_rolling_direction,funding_rate,False,0.155271,0.155271,0.122222,3900,LOW_REDUNDANCY,Low redundancy. Independent signal sources.,intake_vs_baseline
q158_cntd_30h,q158_low_close_2h,alpha158_rolling_direction,alpha158_price,False,-0.153818,0.153818,-0.126066,1280,LOW_REDUNDANCY,Low redundancy. Independent signal sources.,intake_vs_baseline
q158_cntn_30h,downside_vol_20h,alpha158_rolling_direction,realized_skew_kurtosis,False,0.15327,0.15327,0.096103,661377,LOW_REDUNDANCY,Low redundancy. Independent signal sources.,intake_vs_baseline
q158_sumd_30h,intraday_ret,alpha158_rolling_direction,alpha158_ohlcv,False,0.148787,0.148787,0.16057,660525,LOW_REDUNDANCY,Low redundancy. Independent signal sources.,intake_vs_baseline
q158_sumd_30h,q158_kmid_open,alpha158_rolling_direction,alpha158_kbar,False,0.148787,0.148787,0.16057,660525,LOW_REDUNDANCY,Low redundancy. Independent signal sources.,intake_vs_baseline
q158_sumd_30h,q158_open_close_0h,alpha158_rolling_direction,alpha158_price,False,-0.148787,0.148787,-0.156469,660525,LOW_REDUNDANCY,Low redundancy. Independent signal sources.,intake_vs_baseline
q158_cntp_30h,q158_volume_ratio_2h,alpha158_rolling_direction,alpha158_volume,False,0.148035,0.148035,0.13238,1280,LOW_REDUNDANCY,Low redundancy. Independent signal sources.,intake_vs_baseline
q158_sumd_30h,candle_body,alpha158_rolling_direction,intraday_candle,False,0.146264,0.146264,0.152846,660525,LOW_REDUNDANCY,Low redundancy. Independent signal sources.,intake_vs_baseline
q158_sumd_30h,q158_kmid_range,alpha158_rolling_direction,alpha158_kbar,False,0.146258,0.146258,0.152833,660525,LOW_REDUNDANCY,Low redundancy. Independent signal sources.,intake_vs_baseline
q158_sumd_30h,wq101_alpha101,alpha158_rolling_direction,wq101,False,0.137175,0.137175,0.145088,660525,LOW_REDUNDANCY,Low redundancy. Independent signal sources.,intake_vs_baseline
q158_cntd_30h,q158_ksft_range,alpha158_rolling_direction,alpha158_kbar,False,0.137041,0.137041,0.140164,660525,LOW_REDUNDANCY,Low redundancy. Independent signal sources.,intake_vs_baseline
q158_cntn_30h,q158_ksft_range,alpha158_rolling_direction,alpha158_kbar,False,-0.135457,0.135457,-0.132962,660525,LOW_REDUNDANCY,Low redundancy. Independent signal sources.,intake_vs_baseline
q158_cntd_30h,q158_volume_ratio_2h,alpha158_rolling_direction,alpha158_volume,False,0.133428,0.133428,0.102305,1280,LOW_REDUNDANCY,Low redundancy. Independent signal sources.,intake_vs_baseline
q158_cntp_30h,q158_ksft_range,alpha158_rolling_direction,alpha158_kbar,False,0.132512,0.132512,0.130785,660525,LOW_REDUNDANCY,Low redundancy. Independent signal sources.,intake_vs_baseline
q158_cntn_30h,q158_low_close_2h,alpha158_rolling_direction,alpha158_price,False,0.131458,0.131458,0.083672,1280,LOW_REDUNDANCY,Low redundancy. Independent signal sources.,intake_vs_baseline
q158_cntd_30h,q158_ksft_open,alpha158_rolling_direction,alpha158_kbar,False,0.128391,0.128391,0.095601,660525,LOW_REDUNDANCY,Low redundancy. Independent signal sources.,intake_vs_baseline
q158_cntn_30h,q158_ksft_open,alpha158_rolling_direction,alpha158_kbar,False,-0.127502,0.127502,-0.090644,660525,LOW_REDUNDANCY,Low redundancy. Independent signal sources.,intake_vs_baseline
q158_cntn_30h,q158_high_close_0h,alpha158_rolling_direction,alpha158_price,False,0.127384,0.127384,0.058338,660525,LOW_REDUNDANCY,Low redundancy. Independent signal sources.,intake_vs_baseline
q158_sumd_30h,funding_rate_level_20h,alpha158_rolling_direction,funding_rate,False,0.125339,0.125339,-0.001408,529752,LOW_REDUNDANCY,Low redundancy. Independent signal sources.,intake_vs_baseline
q158_cntp_30h,rev_2h,alpha158_rolling_direction,reversal,False,-0.124038,0.124038,-0.100461,1280,LOW_REDUNDANCY,Low redundancy. Independent signal sources.,intake_vs_baseline
q158_cntp_30h,q158_ksft_open,alpha158_rolling_direction,alpha158_kbar,False,0.123941,0.123941,0.089247,660525,LOW_REDUNDANCY,Low redundancy. Independent signal sources.,intake_vs_baseline
q158_sumd_30h,funding_rate_change_24h,alpha158_rolling_direction,funding_rate,False,0.123496,0.123496,-0.035723,530049,LOW_REDUNDANCY,Low redundancy. Independent signal sources.,intake_vs_baseline
q158_cntp_30h,funding_rate_level_20h,alpha158_rolling_direction,funding_rate,False,0.123424,0.123424,0.016517,529752,LOW_REDUNDANCY,Low redundancy. Independent signal sources.,intake_vs_baseline
q158_cntd_30h,funding_rate_level_20h,alpha158_rolling_direction,funding_rate,False,0.123246,0.123246,0.022014,529752,LOW_REDUNDANCY,Low redundancy. Independent signal sources.,intake_vs_baseline
q158_sumd_30h,q158_ksft_open,alpha158_rolling_direction,alpha158_kbar,False,0.122589,0.122589,0.12389,660525,LOW_REDUNDANCY,Low redundancy. Independent signal sources.,intake_vs_baseline
q158_sumd_30h,q158_ksft_range,alpha158_rolling_direction,alpha158_kbar,False,0.122021,0.122021,0.127276,660525,LOW_REDUNDANCY,Low redundancy. Independent signal sources.,intake_vs_baseline
q158_cntd_30h,downside_vol_20h,alpha158_rolling_direction,realized_skew_kurtosis,False,-0.121991,0.121991,-0.063598,661377,LOW_REDUNDANCY,Low redundancy. Independent signal sources.,intake_vs_baseline
q158_cntd_30h,rev_2h,alpha158_rolling_direction,reversal,False,-0.119741,0.119741,-0.099634,1280,LOW_REDUNDANCY,Low redundancy. Independent signal sources.,intake_vs_baseline
q158_cntn_30h,funding_rate_level_20h,alpha158_rolling_direction,funding_rate,False,-0.11804,0.11804,-0.025786,529752,LOW_REDUNDANCY,Low redundancy. Independent signal sources.,intake_vs_baseline
q158_cntd_30h,q158_high_close_2h,alpha158_rolling_direction,alpha158_price,False,-0.116462,0.116462,-0.091927,1280,LOW_REDUNDANCY,Low redundancy. Independent signal sources.,intake_vs_baseline
q158_cntn_30h,q158_high_close_2h,alpha158_rolling_direction,alpha158_price,False,0.114209,0.114209,0.084583,1280,LOW_REDUNDANCY,Low redundancy. Independent signal sources.,intake_vs_baseline
q158_cntp_30h,q158_high_close_2h,alpha158_rolling_direction,alpha158_price,False,-0.112155,0.112155,-0.077361,1280,LOW_REDUNDANCY,Low redundancy. Independent signal sources.,intake_vs_baseline
q158_cntd_30h,q158_high_close_0h,alpha158_rolling_direction,alpha158_price,False,-0.108954,0.108954,-0.040198,660525,LOW_REDUNDANCY,Low redundancy. Independent signal sources.,intake_vs_baseline
q158_cntp_30h,q158_low_close_0h,alpha158_rolling_direction,alpha158_price,False,-0.107632,0.107632,-0.101531,660525,LOW_REDUNDANCY,Low redundancy. Independent signal sources.,intake_vs_baseline
q158_cntn_30h,rev_2h,alpha158_rolling_direction,reversal,False,0.106987,0.106987,0.074864,1280,LOW_REDUNDANCY,Low redundancy. Independent signal sources.,intake_vs_baseline
q158_cntn_30h,q158_volume_ratio_2h,alpha158_rolling_direction,alpha158_volume,False,-0.105716,0.105716,-0.0473,1280,LOW_REDUNDANCY,Low redundancy. Independent signal sources.,intake_vs_baseline
q158_sumd_30h,q158_low_close_0h,alpha158_rolling_direction,alpha158_price,False,-0.097969,0.097969,-0.124366,660525,LOW_REDUNDANCY,Low redundancy. Independent signal sources.,intake_vs_baseline
q158_cntd_30h,funding_rate_change_24h,alpha158_rolling_direction,funding_rate,False,0.091581,0.091581,-0.018586,530049,LOW_REDUNDANCY,Low redundancy. Independent signal sources.,intake_vs_baseline
q158_cntn_30h,q158_std_60h,alpha158_rolling_direction,alpha158_rolling_price,False,0.090357,0.090357,0.118611,1280,LOW_REDUNDANCY,Low redundancy. Independent signal sources.,intake_vs_baseline
q158_cntn_30h,funding_rate_change_24h,alpha158_rolling_direction,funding_rate,False,-0.090176,0.090176,0.019037,530049,LOW_REDUNDANCY,Low redundancy. Independent signal sources.,intake_vs_baseline
q158_cntp_30h,funding_rate_change_24h,alpha158_rolling_direction,funding_rate,False,0.089312,0.089312,-0.016674,530049,LOW_REDUNDANCY,Low redundancy. Independent signal sources.,intake_vs_baseline
q158_cntd_30h,q158_low_close_0h,alpha158_rolling_direction,alpha158_price,False,-0.089104,0.089104,-0.082546,660525,LOW_REDUNDANCY,Low redundancy. Independent signal sources.,intake_vs_baseline
q158_cntp_30h,q158_high_close_0h,alpha158_rolling_direction,alpha158_price,False,-0.084198,0.084198,-0.017268,660525,LOW_REDUNDANCY,Low redundancy. Independent signal sources.,intake_vs_baseline
q158_cntp_30h,downside_vol_20h,alpha158_rolling_direction,realized_skew_kurtosis,False,-0.0839,0.0839,-0.023498,661377,LOW_REDUNDANCY,Low redundancy. Independent signal sources.,intake_vs_baseline
q158_sumd_30h,q158_high_close_0h,alpha158_rolling_direction,alpha158_price,False,-0.081649,0.081649,-0.036971,660525,LOW_REDUNDANCY,Low redundancy. Independent signal sources.,intake_vs_baseline
q158_sumd_30h,ksft_5h,alpha158_rolling_direction,alpha158_ohlcv,False,0.079114,0.079114,0.088985,660738,LOW_REDUNDANCY,Low redundancy. Independent signal sources.,intake_vs_baseline
q158_cntd_30h,ksft_5h,alpha158_rolling_direction,alpha158_ohlcv,False,-0.07471,0.07471,-0.072395,660738,LOW_REDUNDANCY,Low redundancy. Independent signal sources.,intake_vs_baseline
q158_cntn_30h,ksft_5h,alpha158_rolling_direction,alpha158_ohlcv,False,0.073778,0.073778,0.068854,660738,LOW_REDUNDANCY,Low redundancy. Independent signal sources.,intake_vs_baseline
q158_cntp_30h,ksft_5h,alpha158_rolling_direction,alpha158_ohlcv,False,-0.072781,0.072781,-0.067369,660738,LOW_REDUNDANCY,Low redundancy. Independent signal sources.,intake_vs_baseline
q158_cntn_30h,q158_low_close_0h,alpha158_rolling_direction,alpha158_price,False,0.068193,0.068193,0.053838,660525,LOW_REDUNDANCY,Low redundancy. Independent signal sources.,intake_vs_baseline
q158_cntp_30h,amihud_illiquidity_20h,alpha158_rolling_direction,liquidity,False,-0.067402,0.067402,-0.049993,659094,LOW_REDUNDANCY,Low redundancy. Independent signal sources.,intake_vs_baseline
q158_cntd_30h,q158_std_60h,alpha158_rolling_direction,alpha158_rolling_price,False,-0.064912,0.064912,-0.073512,1280,LOW_REDUNDANCY,Low redundancy. Independent signal sources.,intake_vs_baseline
q158_cntn_30h,vol_40h,alpha158_rolling_direction,volatility,False,0.064323,0.064323,0.035342,660845,LOW_REDUNDANCY,Low redundancy. Independent signal sources.,intake_vs_baseline
q158_sumd_30h,q158_std_60h,alpha158_rolling_direction,alpha158_rolling_price,False,0.060906,0.060906,0.028924,1280,LOW_REDUNDANCY,Low redundancy. Independent signal sources.,intake_vs_baseline
q158_cntn_30h,realized_skew_20h,alpha158_rolling_direction,realized_shape,False,0.056626,0.056626,0.033487,661377,LOW_REDUNDANCY,Low redundancy. Independent signal sources.,intake_vs_baseline
q158_cntn_30h,volatility_20h,alpha158_rolling_direction,volatility,False,0.055424,0.055424,0.014883,661377,LOW_REDUNDANCY,Low redundancy. Independent signal sources.,intake_vs_baseline
q158_cntd_30h,realized_skew_20h,alpha158_rolling_direction,realized_shape,False,-0.05531,0.05531,-0.031949,661377,LOW_REDUNDANCY,Low redundancy. Independent signal sources.,intake_vs_baseline
q158_cntd_30h,range_breakout_vol_confirm_20h,alpha158_rolling_direction,breakout,False,0.052725,0.052725,0.044975,24019,LOW_REDUNDANCY,Low redundancy. Independent signal sources.,intake_vs_baseline
q158_cntp_30h,range_breakout_vol_confirm_20h,alpha158_rolling_direction,breakout,False,0.052324,0.052324,0.045235,24019,LOW_REDUNDANCY,Low redundancy. Independent signal sources.,intake_vs_baseline
q158_cntp_30h,realized_skew_20h,alpha158_rolling_direction,realized_shape,False,-0.051828,0.051828,-0.026623,661377,LOW_REDUNDANCY,Low redundancy. Independent signal sources.,intake_vs_baseline
q158_cntn_30h,range_breakout_vol_confirm_20h,alpha158_rolling_direction,breakout,False,-0.049978,0.049978,-0.042549,24019,LOW_REDUNDANCY,Low redundancy. Independent signal sources.,intake_vs_baseline
q158_cntn_30h,range_1h,alpha158_rolling_direction,range_position,False,0.048622,0.048622,0.011297,660525,LOW_REDUNDANCY,Low redundancy. Independent signal sources.,intake_vs_baseline
q158_cntn_30h,q158_high_low_range,alpha158_rolling_direction,alpha158,False,0.048622,0.048622,0.011297,660525,LOW_REDUNDANCY,Low redundancy. Independent signal sources.,intake_vs_baseline
q158_cntn_30h,vol_5h,alpha158_rolling_direction,volatility,False,0.047034,0.047034,0.009411,660738,LOW_REDUNDANCY,Low redundancy. Independent signal sources.,intake_vs_baseline
q158_cntn_30h,q158_klen_open,alpha158_rolling_direction,alpha158_kbar,False,0.04667,0.04667,0.007667,660525,LOW_REDUNDANCY,Low redundancy. Independent signal sources.,intake_vs_baseline
q158_cntp_30h,vol_ratio_20_80,alpha158_rolling_direction,volatility,False,0.046077,0.046077,0.052779,655285,LOW_REDUNDANCY,Low redundancy. Independent signal sources.,intake_vs_baseline
q158_cntn_30h,wvma_20h,alpha158_rolling_direction,alpha158_ohlcv,False,0.04376,0.04376,-0.007564,659605,LOW_REDUNDANCY,Low redundancy. Independent signal sources.,intake_vs_baseline
q158_sumd_30h,q158_vsumn_20h,alpha158_rolling_direction,alpha158_rolling_volume,False,-0.043693,0.043693,-0.054043,661377,LOW_REDUNDANCY,Low redundancy. Independent signal sources.,intake_vs_baseline
q158_sumd_30h,q158_vsumd_20h,alpha158_rolling_direction,alpha158_rolling_volume,False,0.043352,0.043352,0.056399,661377,LOW_REDUNDANCY,Low redundancy. Independent signal sources.,intake_vs_baseline
q158_sumd_30h,q158_vsump_20h,alpha158_rolling_direction,alpha158_rolling_volume,False,0.04263,0.04263,0.05069,661377,LOW_REDUNDANCY,Low redundancy. Independent signal sources.,intake_vs_baseline
q158_sumd_30h,amihud_illiquidity_20h,alpha158_rolling_direction,liquidity,False,-0.039196,0.039196,-0.034437,659094,LOW_REDUNDANCY,Low redundancy. Independent signal sources.,intake_vs_baseline
q158_cntd_30h,vol_ratio_20_80,alpha158_rolling_direction,volatility,False,0.038336,0.038336,0.044327,655285,LOW_REDUNDANCY,Low redundancy. Independent signal sources.,intake_vs_baseline
q158_cntp_30h,q158_std_60h,alpha158_rolling_direction,alpha158_rolling_price,False,-0.037401,0.037401,-0.017904,1280,LOW_REDUNDANCY,Low redundancy. Independent signal sources.,intake_vs_baseline
q158_cntn_30h,klow_close,alpha158_rolling_direction,alpha158_ohlcv,False,0.035957,0.035957,0.023475,660525,LOW_REDUNDANCY,Low redundancy. Independent signal sources.,intake_vs_baseline
q158_sumd_30h,vol_ratio_20_80,alpha158_rolling_direction,volatility,False,0.035333,0.035333,0.042239,655285,LOW_REDUNDANCY,Low redundancy. Independent signal sources.,intake_vs_baseline
q158_cntn_30h,q158_klow_open,alpha158_rolling_direction,alpha158_kbar,False,0.03453,0.03453,0.021339,660525,LOW_REDUNDANCY,Low redundancy. Independent signal sources.,intake_vs_baseline
q158_sumd_30h,q158_kup_open,alpha158_rolling_direction,alpha158_kbar,False,0.033903,0.033903,0.074913,660525,LOW_REDUNDANCY,Low redundancy. Independent signal sources.,intake_vs_baseline
q158_cntn_30h,q158_vsumn_20h,alpha158_rolling_direction,alpha158_rolling_volume,False,0.03352,0.03352,0.134728,661377,LOW_REDUNDANCY,Low redundancy. Independent signal sources.,intake_vs_baseline
q158_cntd_30h,amihud_illiquidity_20h,alpha158_rolling_direction,liquidity,False,-0.031837,0.031837,-0.02504,659094,LOW_REDUNDANCY,Low redundancy. Independent signal sources.,intake_vs_baseline
q158_cntn_30h,vol_ratio_20_80,alpha158_rolling_direction,volatility,False,-0.029704,0.029704,-0.034073,655285,LOW_REDUNDANCY,Low redundancy. Independent signal sources.,intake_vs_baseline
q158_cntp_30h,q158_vsump_20h,alpha158_rolling_direction,alpha158_rolling_volume,False,0.028622,0.028622,0.125763,661377,LOW_REDUNDANCY,Low redundancy. Independent signal sources.,intake_vs_baseline
q158_cntp_30h,q158_kup_open,alpha158_rolling_direction,alpha158_kbar,False,0.027505,0.027505,0.055262,660525,LOW_REDUNDANCY,Low redundancy. Independent signal sources.,intake_vs_baseline
q158_cntn_30h,q158_vsumd_20h,alpha158_rolling_direction,alpha158_rolling_volume,False,-0.025814,0.025814,-0.030039,661377,LOW_REDUNDANCY,Low redundancy. Independent signal sources.,intake_vs_baseline
q158_cntd_30h,vol_40h,alpha158_rolling_direction,volatility,False,-0.025052,0.025052,-3e-06,660845,LOW_REDUNDANCY,Low redundancy. Independent signal sources.,intake_vs_baseline
q158_sumd_30h,q158_wvma_20h,alpha158_rolling_direction,alpha158_rolling_volume,False,-0.024665,0.024665,-0.035778,661377,LOW_REDUNDANCY,Low redundancy. Independent signal sources.,intake_vs_baseline
q158_cntd_30h,q158_vsumn_20h,alpha158_rolling_direction,alpha158_rolling_volume,False,-0.024029,0.024029,-0.029293,661377,LOW_REDUNDANCY,Low redundancy. Independent signal sources.,intake_vs_baseline
q158_cntd_30h,q158_vsumd_20h,alpha158_rolling_direction,alpha158_rolling_volume,False,0.023357,0.023357,0.029075,661377,LOW_REDUNDANCY,Low redundancy. Independent signal sources.,intake_vs_baseline
q158_cntp_30h,volatility_20h,alpha158_rolling_direction,volatility,False,0.022991,0.022991,0.049222,661377,LOW_REDUNDANCY,Low redundancy. Independent signal sources.,intake_vs_baseline
q158_cntn_30h,realized_kurt_20h,alpha158_rolling_direction,realized_shape,False,0.022859,0.022859,0.03716,661377,LOW_REDUNDANCY,Low redundancy. Independent signal sources.,intake_vs_baseline
q158_cntd_30h,q158_vsump_20h,alpha158_rolling_direction,alpha158_rolling_volume,False,0.02246,0.02246,0.024697,661377,LOW_REDUNDANCY,Low redundancy. Independent signal sources.,intake_vs_baseline
q158_cntn_30h,mom_accel_20h,alpha158_rolling_direction,momentum,False,-0.021746,0.021746,-0.014833,661591,LOW_REDUNDANCY,Low redundancy. Independent signal sources.,intake_vs_baseline
q158_cntd_30h,mom_accel_20h,alpha158_rolling_direction,momentum,False,0.021605,0.021605,0.014185,661591,LOW_REDUNDANCY,Low redundancy. Independent signal sources.,intake_vs_baseline
q158_sumd_30h,a101_volume_low_alpha_min_84_120,alpha158_rolling_direction,alpha101_curated_volume_price_regression,False,-0.021385,0.021385,-0.005544,321006,LOW_REDUNDANCY,Low redundancy. Independent signal sources.,intake_vs_baseline
q158_cntd_30h,realized_kurt_20h,alpha158_rolling_direction,realized_shape,False,-0.021131,0.021131,-0.016025,661377,LOW_REDUNDANCY,Low redundancy. Independent signal sources.,intake_vs_baseline
q158_cntd_30h,klow_close,alpha158_rolling_direction,alpha158_ohlcv,False,-0.020569,0.020569,-0.002542,660525,LOW_REDUNDANCY,Low redundancy. Independent signal sources.,intake_vs_baseline
q158_sumd_30h,candle_wick_upper,alpha158_rolling_direction,intraday_candle,False,0.020518,0.020518,0.014098,660525,LOW_REDUNDANCY,Low redundancy. Independent signal sources.,intake_vs_baseline
q158_sumd_30h,q158_kup_range,alpha158_rolling_direction,alpha158_kbar,False,0.020505,0.020505,0.014066,660525,LOW_REDUNDANCY,Low redundancy. Independent signal sources.,intake_vs_baseline
q158_cntd_30h,q158_high_low_range,alpha158_rolling_direction,alpha158,False,-0.020395,0.020395,0.018686,660525,LOW_REDUNDANCY,Low redundancy. Independent signal sources.,intake_vs_baseline
q158_cntd_30h,range_1h,alpha158_rolling_direction,range_position,False,-0.020395,0.020395,0.018686,660525,LOW_REDUNDANCY,Low redundancy. Independent signal sources.,intake_vs_baseline
q158_cntp_30h,q158_vsumd_20h,alpha158_rolling_direction,alpha158_rolling_volume,False,0.020368,0.020368,0.024663,661377,LOW_REDUNDANCY,Low redundancy. Independent signal sources.,intake_vs_baseline
q158_cntp_30h,mom_accel_20h,alpha158_rolling_direction,momentum,False,0.020257,0.020257,0.011855,661591,LOW_REDUNDANCY,Low redundancy. Independent signal sources.,intake_vs_baseline
q158_cntd_30h,wvma_20h,alpha158_rolling_direction,alpha158_ohlcv,False,-0.020216,0.020216,0.008946,659605,LOW_REDUNDANCY,Low redundancy. Independent signal sources.,intake_vs_baseline
q158_cntd_30h,q158_klow_open,alpha158_rolling_direction,alpha158_kbar,False,-0.019122,0.019122,3.8e-05,660525,LOW_REDUNDANCY,Low redundancy. Independent signal sources.,intake_vs_baseline
q158_cntp_30h,candle_wick_upper,alpha158_rolling_direction,intraday_candle,False,0.018752,0.018752,0.023946,660525,LOW_REDUNDANCY,Low redundancy. Independent signal sources.,intake_vs_baseline
q158_cntp_30h,q158_kup_range,alpha158_rolling_direction,alpha158_kbar,False,0.018666,0.018666,0.023686,660525,LOW_REDUNDANCY,Low redundancy. Independent signal sources.,intake_vs_baseline
q158_cntd_30h,q158_klen_open,alpha158_rolling_direction,alpha158_kbar,False,-0.018416,0.018416,0.023677,660525,LOW_REDUNDANCY,Low redundancy. Independent signal sources.,intake_vs_baseline
q158_cntn_30h,q158_vsump_20h,alpha158_rolling_direction,alpha158_rolling_volume,False,-0.017387,0.017387,0.079114,661377,LOW_REDUNDANCY,Low redundancy. Independent signal sources.,intake_vs_baseline
q158_cntd_30h,volatility_20h,alpha158_rolling_direction,volatility,False,-0.01717,0.01717,0.01822,661377,LOW_REDUNDANCY,Low redundancy. Independent signal sources.,intake_vs_baseline
q158_cntp_30h,vol_5h,alpha158_rolling_direction,volatility,False,0.017109,0.017109,0.044289,660738,LOW_REDUNDANCY,Low redundancy. Independent signal sources.,intake_vs_baseline
q158_cntp_30h,realized_kurt_20h,alpha158_rolling_direction,realized_shape,False,-0.016503,0.016503,0.007046,661377,LOW_REDUNDANCY,Low redundancy. Independent signal sources.,intake_vs_baseline
q158_cntp_30h,vol_40h,alpha158_rolling_direction,volatility,False,0.016366,0.016366,0.0354,660845,LOW_REDUNDANCY,Low redundancy. Independent signal sources.,intake_vs_baseline
q158_cntd_30h,vol_5h,alpha158_rolling_direction,volatility,False,-0.016026,0.016026,0.01851,660738,LOW_REDUNDANCY,Low redundancy. Independent signal sources.,intake_vs_baseline
q158_sumd_30h,wvma_20h,alpha158_rolling_direction,alpha158_ohlcv,False,-0.015937,0.015937,0.02285,659605,LOW_REDUNDANCY,Low redundancy. Independent signal sources.,intake_vs_baseline
q158_cntd_30h,candle_wick_upper,alpha158_rolling_direction,intraday_candle,False,0.013294,0.013294,0.008705,660525,LOW_REDUNDANCY,Low redundancy. Independent signal sources.,intake_vs_baseline
q158_cntd_30h,q158_kup_range,alpha158_rolling_direction,alpha158_kbar,False,0.013291,0.013291,0.008698,660525,LOW_REDUNDANCY,Low redundancy. Independent signal sources.,intake_vs_baseline
q158_cntn_30h,taker_buy_zscore_20h,alpha158_rolling_direction,taker_imbalance,False,-0.01302,0.01302,-0.011696,336208,LOW_REDUNDANCY,Low redundancy. Independent signal sources.,intake_vs_baseline
q158_cntd_30h,taker_buy_zscore_20h,alpha158_rolling_direction,taker_imbalance,False,0.012902,0.012902,0.01167,336208,LOW_REDUNDANCY,Low redundancy. Independent signal sources.,intake_vs_baseline
q158_cntp_30h,taker_buy_zscore_20h,alpha158_rolling_direction,taker_imbalance,False,0.012581,0.012581,0.01137,336208,LOW_REDUNDANCY,Low redundancy. Independent signal sources.,intake_vs_baseline
q158_cntp_30h,q158_vsumn_20h,alpha158_rolling_direction,alpha158_rolling_volume,False,-0.012489,0.012489,0.079799,661377,LOW_REDUNDANCY,Low redundancy. Independent signal sources.,intake_vs_baseline
q158_cntp_30h,q158_klen_open,alpha158_rolling_direction,alpha158_kbar,False,0.012061,0.012061,0.052273,660525,LOW_REDUNDANCY,Low redundancy. Independent signal sources.,intake_vs_baseline
q158_cntn_30h,candle_wick_lower,alpha158_rolling_direction,intraday_candle,False,0.011487,0.011487,0.019721,660525,LOW_REDUNDANCY,Low redundancy. Independent signal sources.,intake_vs_baseline
q158_cntn_30h,q158_klow_range,alpha158_rolling_direction,alpha158_kbar,False,0.011409,0.011409,0.019491,660525,LOW_REDUNDANCY,Low redundancy. Independent signal sources.,intake_vs_baseline
q158_cntp_30h,q158_high_low_range,alpha158_rolling_direction,alpha158,False,0.010139,0.010139,0.04651,660525,LOW_REDUNDANCY,Low redundancy. Independent signal sources.,intake_vs_baseline
q158_cntp_30h,range_1h,alpha158_rolling_direction,range_position,False,0.010139,0.010139,0.04651,660525,LOW_REDUNDANCY,Low redundancy. Independent signal sources.,intake_vs_baseline
q158_cntn_30h,xs_rank_mom_accel,alpha158_rolling_direction,cross_sectional_normalized,False,-0.010046,0.010046,-0.011925,661591,LOW_REDUNDANCY,Low redundancy. Independent signal sources.,intake_vs_baseline
q158_cntd_30h,q158_kup_open,alpha158_rolling_direction,alpha158_kbar,False,0.009904,0.009904,0.038736,660525,LOW_REDUNDANCY,Low redundancy. Independent signal sources.,intake_vs_baseline
q158_cntn_30h,q158_wvma_20h,alpha158_rolling_direction,alpha158_rolling_volume,False,0.009437,0.009437,0.041012,661377,LOW_REDUNDANCY,Low redundancy. Independent signal sources.,intake_vs_baseline
q158_cntn_30h,q158_kup_range,alpha158_rolling_direction,alpha158_kbar,False,-0.009429,0.009429,0.007291,660525,LOW_REDUNDANCY,Low redundancy. Independent signal sources.,intake_vs_baseline
q158_cntn_30h,candle_wick_upper,alpha158_rolling_direction,intraday_candle,False,-0.009353,0.009353,0.007538,660525,LOW_REDUNDANCY,Low redundancy. Independent signal sources.,intake_vs_baseline
q158_cntn_30h,a101_volume_low_alpha_min_84_120,alpha158_rolling_direction,alpha101_curated_volume_price_regression,False,0.009187,0.009187,0.027176,321006,LOW_REDUNDANCY,Low redundancy. Independent signal sources.,intake_vs_baseline
q158_cntd_30h,q158_wvma_20h,alpha158_rolling_direction,alpha158_rolling_volume,False,-0.008995,0.008995,-0.010737,661377,LOW_REDUNDANCY,Low redundancy. Independent signal sources.,intake_vs_baseline
q158_cntd_30h,candle_wick_lower,alpha158_rolling_direction,intraday_candle,False,-0.008811,0.008811,-0.004946,660525,LOW_REDUNDANCY,Low redundancy. Independent signal sources.,intake_vs_baseline
q158_cntd_30h,q158_klow_range,alpha158_rolling_direction,alpha158_kbar,False,-0.008807,0.008807,-0.004928,660525,LOW_REDUNDANCY,Low redundancy. Independent signal sources.,intake_vs_baseline
q158_cntd_30h,xs_rank_mom_accel,alpha158_rolling_direction,cross_sectional_normalized,False,0.008796,0.008796,0.011163,661591,LOW_REDUNDANCY,Low redundancy. Independent signal sources.,intake_vs_baseline
q158_sumd_30h,q158_klow_range,alpha158_rolling_direction,alpha158_kbar,False,-0.008171,0.008171,-0.007727,660525,LOW_REDUNDANCY,Low redundancy. Independent signal sources.,intake_vs_baseline
q158_sumd_30h,candle_wick_lower,alpha158_rolling_direction,intraday_candle,False,-0.008168,0.008168,-0.007729,660525,LOW_REDUNDANCY,Low redundancy. Independent signal sources.,intake_vs_baseline
q158_sumd_30h,volatility_20h,alpha158_rolling_direction,volatility,False,0.007219,0.007219,0.04977,661377,LOW_REDUNDANCY,Low redundancy. Independent signal sources.,intake_vs_baseline
q158_cntp_30h,xs_rank_mom_accel,alpha158_rolling_direction,cross_sectional_normalized,False,0.00716,0.00716,0.009075,661591,LOW_REDUNDANCY,Low redundancy. Independent signal sources.,intake_vs_baseline
q158_sumd_30h,klow_close,alpha158_rolling_direction,alpha158_ohlcv,False,-0.006355,0.006355,0.005099,660525,LOW_REDUNDANCY,Low redundancy. Independent signal sources.,intake_vs_baseline
q158_cntn_30h,q158_kup_open,alpha158_rolling_direction,alpha158_kbar,False,0.006085,0.006085,-0.017662,660525,LOW_REDUNDANCY,Low redundancy. Independent signal sources.,intake_vs_baseline
q158_cntp_30h,q158_wvma_20h,alpha158_rolling_direction,alpha158_rolling_volume,False,-0.006015,0.006015,0.020864,661377,LOW_REDUNDANCY,Low redundancy. Independent signal sources.,intake_vs_baseline
q158_sumd_30h,mom_accel_20h,alpha158_rolling_direction,momentum,False,0.005931,0.005931,0.028208,661591,LOW_REDUNDANCY,Low redundancy. Independent signal sources.,intake_vs_baseline
q158_cntp_30h,vol_ratio_5_20,alpha158_rolling_direction,volatility,False,-0.005846,0.005846,-0.003766,659605,LOW_REDUNDANCY,Low redundancy. Independent signal sources.,intake_vs_baseline
q158_sumd_30h,vol_5h,alpha158_rolling_direction,volatility,False,0.005451,0.005451,0.046451,660738,LOW_REDUNDANCY,Low redundancy. Independent signal sources.,intake_vs_baseline
q158_cntd_30h,vol_ratio_5_20,alpha158_rolling_direction,volatility,False,-0.005025,0.005025,-0.002884,659605,LOW_REDUNDANCY,Low redundancy. Independent signal sources.,intake_vs_baseline
q158_cntn_30h,amihud_illiquidity_20h,alpha158_rolling_direction,liquidity,False,-0.004913,0.004913,-0.000913,659094,LOW_REDUNDANCY,Low redundancy. Independent signal sources.,intake_vs_baseline
q158_sumd_30h,xs_rank_mom_accel,alpha158_rolling_direction,cross_sectional_normalized,False,0.004697,0.004697,0.01769,661591,LOW_REDUNDANCY,Low redundancy. Independent signal sources.,intake_vs_baseline
q158_sumd_30h,q158_klow_open,alpha158_rolling_direction,alpha158_kbar,False,-0.004601,0.004601,0.009164,660525,LOW_REDUNDANCY,Low redundancy. Independent signal sources.,intake_vs_baseline
q158_sumd_30h,q158_klen_open,alpha158_rolling_direction,alpha158_kbar,False,0.004559,0.004559,0.057659,660525,LOW_REDUNDANCY,Low redundancy. Independent signal sources.,intake_vs_baseline
q158_cntp_30h,q158_klow_range,alpha158_rolling_direction,alpha158_kbar,False,-0.004346,0.004346,0.010243,660525,LOW_REDUNDANCY,Low redundancy. Independent signal sources.,intake_vs_baseline
q158_cntp_30h,candle_wick_lower,alpha158_rolling_direction,intraday_candle,False,-0.00427,0.00427,0.01044,660525,LOW_REDUNDANCY,Low redundancy. Independent signal sources.,intake_vs_baseline
q158_sumd_30h,realized_kurt_20h,alpha158_rolling_direction,realized_shape,False,0.004262,0.004262,0.001753,661377,LOW_REDUNDANCY,Low redundancy. Independent signal sources.,intake_vs_baseline
q158_cntp_30h,wvma_20h,alpha158_rolling_direction,alpha158_ohlcv,False,0.004194,0.004194,0.009981,659605,LOW_REDUNDANCY,Low redundancy. Independent signal sources.,intake_vs_baseline
q158_cntn_30h,vol_ratio_5_20,alpha158_rolling_direction,volatility,False,0.003801,0.003801,0.00189,659605,LOW_REDUNDANCY,Low redundancy. Independent signal sources.,intake_vs_baseline
q158_sumd_30h,taker_buy_delta_5h,alpha158_rolling_direction,taker_imbalance,False,-0.00376,0.00376,-0.003405,267864,LOW_REDUNDANCY,Low redundancy. Independent signal sources.,intake_vs_baseline
q158_cntd_30h,a101_volume_low_alpha_min_84_120,alpha158_rolling_direction,alpha101_curated_volume_price_regression,False,-0.003405,0.003405,-0.004404,321006,LOW_REDUNDANCY,Low redundancy. Independent signal sources.,intake_vs_baseline
q158_cntp_30h,klow_close,alpha158_rolling_direction,alpha158_ohlcv,False,-0.002781,0.002781,0.018728,660525,LOW_REDUNDANCY,Low redundancy. Independent signal sources.,intake_vs_baseline
q158_cntp_30h,a101_volume_low_alpha_min_84_120,alpha158_rolling_direction,alpha101_curated_volume_price_regression,False,0.002714,0.002714,0.018575,321006,LOW_REDUNDANCY,Low redundancy. Independent signal sources.,intake_vs_baseline
q158_sumd_30h,q158_high_low_range,alpha158_rolling_direction,alpha158,False,0.002684,0.002684,0.045403,660525,LOW_REDUNDANCY,Low redundancy. Independent signal sources.,intake_vs_baseline
q158_sumd_30h,range_1h,alpha158_rolling_direction,range_position,False,0.002684,0.002684,0.045403,660525,LOW_REDUNDANCY,Low redundancy. Independent signal sources.,intake_vs_baseline
q158_sumd_30h,vol_ratio_5_20,alpha158_rolling_direction,volatility,False,-0.002542,0.002542,0.0019,659605,LOW_REDUNDANCY,Low redundancy. Independent signal sources.,intake_vs_baseline
q158_sumd_30h,taker_buy_zscore_20h,alpha158_rolling_direction,taker_imbalance,False,0.002002,0.002002,0.002429,336208,LOW_REDUNDANCY,Low redundancy. Independent signal sources.,intake_vs_baseline
q158_cntp_30h,q158_klow_open,alpha158_rolling_direction,alpha158_kbar,False,-0.00137,0.00137,0.021448,660525,LOW_REDUNDANCY,Low redundancy. Independent signal sources.,intake_vs_baseline
q158_cntp_30h,taker_buy_delta_5h,alpha158_rolling_direction,taker_imbalance,False,0.001293,0.001293,0.001389,267864,LOW_REDUNDANCY,Low redundancy. Independent signal sources.,intake_vs_baseline
q158_cntd_30h,taker_buy_delta_5h,alpha158_rolling_direction,taker_imbalance,False,0.001143,0.001143,0.001199,267864,LOW_REDUNDANCY,Low redundancy. Independent signal sources.,intake_vs_baseline
q158_cntn_30h,taker_buy_delta_5h,alpha158_rolling_direction,taker_imbalance,False,-0.001,0.001,-0.000943,267864,LOW_REDUNDANCY,Low redundancy. Independent signal sources.,intake_vs_baseline
q158_sumd_30h,vol_40h,alpha158_rolling_direction,volatility,False,0.000693,0.000693,0.027324,660845,LOW_REDUNDANCY,Low redundancy. Independent signal sources.,intake_vs_baseline
q158_cntp_30h,rsi_14h,alpha158_rolling_direction,technical,False,,,,0,INSUFFICIENT_DATA,Insufficient pairwise observations.,intake_vs_baseline
q158_cntn_30h,rsi_14h,alpha158_rolling_direction,technical,False,,,,0,INSUFFICIENT_DATA,Insufficient pairwise observations.,intake_vs_baseline
q158_cntd_30h,rsi_14h,alpha158_rolling_direction,technical,False,,,,0,INSUFFICIENT_DATA,Insufficient pairwise observations.,intake_vs_baseline
q158_sumd_30h,rsi_14h,alpha158_rolling_direction,technical,False,,,,0,INSUFFICIENT_DATA,Insufficient pairwise observations.,intake_vs_baseline
q158_cntp_30h,bb_zscore_20h,alpha158_rolling_direction,technical,False,,,,0,INSUFFICIENT_DATA,Insufficient pairwise observations.,intake_vs_baseline
q158_cntn_30h,bb_zscore_20h,alpha158_rolling_direction,technical,False,,,,0,INSUFFICIENT_DATA,Insufficient pairwise observations.,intake_vs_baseline
q158_cntd_30h,bb_zscore_20h,alpha158_rolling_direction,technical,False,,,,0,INSUFFICIENT_DATA,Insufficient pairwise observations.,intake_vs_baseline
q158_sumd_30h,bb_zscore_20h,alpha158_rolling_direction,technical,False,,,,0,INSUFFICIENT_DATA,Insufficient pairwise observations.,intake_vs_baseline
q158_cntp_30h,wq101_alpha12,alpha158_rolling_direction,wq101,False,,,,0,INSUFFICIENT_DATA,Insufficient pairwise observations.,intake_vs_baseline
q158_cntn_30h,wq101_alpha12,alpha158_rolling_direction,wq101,False,,,,0,INSUFFICIENT_DATA,Insufficient pairwise observations.,intake_vs_baseline
q158_cntd_30h,wq101_alpha12,alpha158_rolling_direction,wq101,False,,,,0,INSUFFICIENT_DATA,Insufficient pairwise observations.,intake_vs_baseline
q158_sumd_30h,wq101_alpha12,alpha158_rolling_direction,wq101,False,,,,0,INSUFFICIENT_DATA,Insufficient pairwise observations.,intake_vs_baseline
q158_cntp_30h,wq101_alpha53,alpha158_rolling_direction,wq101,False,,,,0,INSUFFICIENT_DATA,Insufficient pairwise observations.,intake_vs_baseline
q158_cntn_30h,wq101_alpha53,alpha158_rolling_direction,wq101,False,,,,0,INSUFFICIENT_DATA,Insufficient pairwise observations.,intake_vs_baseline
q158_cntd_30h,wq101_alpha53,alpha158_rolling_direction,wq101,False,,,,0,INSUFFICIENT_DATA,Insufficient pairwise observations.,intake_vs_baseline
q158_sumd_30h,wq101_alpha53,alpha158_rolling_direction,wq101,False,,,,0,INSUFFICIENT_DATA,Insufficient pairwise observations.,intake_vs_baseline
q158_cntp_30h,q158_rsv_20h,alpha158_rolling_direction,alpha158_rolling,False,,,,0,INSUFFICIENT_DATA,Insufficient pairwise observations.,intake_vs_baseline
q158_cntn_30h,q158_rsv_20h,alpha158_rolling_direction,alpha158_rolling,False,,,,0,INSUFFICIENT_DATA,Insufficient pairwise observations.,intake_vs_baseline
q158_cntd_30h,q158_rsv_20h,alpha158_rolling_direction,alpha158_rolling,False,,,,0,INSUFFICIENT_DATA,Insufficient pairwise observations.,intake_vs_baseline
q158_sumd_30h,q158_rsv_20h,alpha158_rolling_direction,alpha158_rolling,False,,,,0,INSUFFICIENT_DATA,Insufficient pairwise observations.,intake_vs_baseline
q158_cntp_30h,q158_rsv_30h,alpha158_rolling_direction,alpha158_rolling,False,,,,0,INSUFFICIENT_DATA,Insufficient pairwise observations.,intake_vs_baseline
q158_cntn_30h,q158_rsv_30h,alpha158_rolling_direction,alpha158_rolling,False,,,,0,INSUFFICIENT_DATA,Insufficient pairwise observations.,intake_vs_baseline
q158_cntd_30h,q158_rsv_30h,alpha158_rolling_direction,alpha158_rolling,False,,,,0,INSUFFICIENT_DATA,Insufficient pairwise observations.,intake_vs_baseline
q158_sumd_30h,q158_rsv_30h,alpha158_rolling_direction,alpha158_rolling,False,,,,0,INSUFFICIENT_DATA,Insufficient pairwise observations.,intake_vs_baseline
q158_cntp_30h,q158_open_close_1h,alpha158_rolling_direction,alpha158_price,False,,,,0,INSUFFICIENT_DATA,Insufficient pairwise observations.,intake_vs_baseline
q158_cntn_30h,q158_open_close_1h,alpha158_rolling_direction,alpha158_price,False,,,,0,INSUFFICIENT_DATA,Insufficient pairwise observations.,intake_vs_baseline
q158_cntd_30h,q158_open_close_1h,alpha158_rolling_direction,alpha158_price,False,,,,0,INSUFFICIENT_DATA,Insufficient pairwise observations.,intake_vs_baseline
q158_sumd_30h,q158_open_close_1h,alpha158_rolling_direction,alpha158_price,False,,,,0,INSUFFICIENT_DATA,Insufficient pairwise observations.,intake_vs_baseline
q158_cntp_30h,q158_high_close_1h,alpha158_rolling_direction,alpha158_price,False,,,,0,INSUFFICIENT_DATA,Insufficient pairwise observations.,intake_vs_baseline
q158_cntn_30h,q158_high_close_1h,alpha158_rolling_direction,alpha158_price,False,,,,0,INSUFFICIENT_DATA,Insufficient pairwise observations.,intake_vs_baseline
q158_cntd_30h,q158_high_close_1h,alpha158_rolling_direction,alpha158_price,False,,,,0,INSUFFICIENT_DATA,Insufficient pairwise observations.,intake_vs_baseline
q158_sumd_30h,q158_high_close_1h,alpha158_rolling_direction,alpha158_price,False,,,,0,INSUFFICIENT_DATA,Insufficient pairwise observations.,intake_vs_baseline
q158_cntp_30h,q158_low_close_1h,alpha158_rolling_direction,alpha158_price,False,,,,0,INSUFFICIENT_DATA,Insufficient pairwise observations.,intake_vs_baseline
q158_cntn_30h,q158_low_close_1h,alpha158_rolling_direction,alpha158_price,False,,,,0,INSUFFICIENT_DATA,Insufficient pairwise observations.,intake_vs_baseline
q158_cntd_30h,q158_low_close_1h,alpha158_rolling_direction,alpha158_price,False,,,,0,INSUFFICIENT_DATA,Insufficient pairwise observations.,intake_vs_baseline
q158_sumd_30h,q158_low_close_1h,alpha158_rolling_direction,alpha158_price,False,,,,0,INSUFFICIENT_DATA,Insufficient pairwise observations.,intake_vs_baseline
q158_cntp_30h,q158_open_close_3h,alpha158_rolling_direction,alpha158_price,False,,,,0,INSUFFICIENT_DATA,Insufficient pairwise observations.,intake_vs_baseline
q158_cntn_30h,q158_open_close_3h,alpha158_rolling_direction,alpha158_price,False,,,,0,INSUFFICIENT_DATA,Insufficient pairwise observations.,intake_vs_baseline
q158_cntd_30h,q158_open_close_3h,alpha158_rolling_direction,alpha158_price,False,,,,0,INSUFFICIENT_DATA,Insufficient pairwise observations.,intake_vs_baseline
q158_sumd_30h,q158_open_close_3h,alpha158_rolling_direction,alpha158_price,False,,,,0,INSUFFICIENT_DATA,Insufficient pairwise observations.,intake_vs_baseline
q158_cntp_30h,q158_high_close_3h,alpha158_rolling_direction,alpha158_price,False,,,,0,INSUFFICIENT_DATA,Insufficient pairwise observations.,intake_vs_baseline
q158_cntn_30h,q158_high_close_3h,alpha158_rolling_direction,alpha158_price,False,,,,0,INSUFFICIENT_DATA,Insufficient pairwise observations.,intake_vs_baseline
q158_cntd_30h,q158_high_close_3h,alpha158_rolling_direction,alpha158_price,False,,,,0,INSUFFICIENT_DATA,Insufficient pairwise observations.,intake_vs_baseline
q158_sumd_30h,q158_high_close_3h,alpha158_rolling_direction,alpha158_price,False,,,,0,INSUFFICIENT_DATA,Insufficient pairwise observations.,intake_vs_baseline
q158_cntp_30h,q158_low_close_3h,alpha158_rolling_direction,alpha158_price,False,,,,0,INSUFFICIENT_DATA,Insufficient pairwise observations.,intake_vs_baseline
q158_cntn_30h,q158_low_close_3h,alpha158_rolling_direction,alpha158_price,False,,,,0,INSUFFICIENT_DATA,Insufficient pairwise observations.,intake_vs_baseline
q158_cntd_30h,q158_low_close_3h,alpha158_rolling_direction,alpha158_price,False,,,,0,INSUFFICIENT_DATA,Insufficient pairwise observations.,intake_vs_baseline
q158_sumd_30h,q158_low_close_3h,alpha158_rolling_direction,alpha158_price,False,,,,0,INSUFFICIENT_DATA,Insufficient pairwise observations.,intake_vs_baseline
q158_cntp_30h,q158_open_close_4h,alpha158_rolling_direction,alpha158_price,False,,,,0,INSUFFICIENT_DATA,Insufficient pairwise observations.,intake_vs_baseline
q158_cntn_30h,q158_open_close_4h,alpha158_rolling_direction,alpha158_price,False,,,,0,INSUFFICIENT_DATA,Insufficient pairwise observations.,intake_vs_baseline
q158_cntd_30h,q158_open_close_4h,alpha158_rolling_direction,alpha158_price,False,,,,0,INSUFFICIENT_DATA,Insufficient pairwise observations.,intake_vs_baseline
q158_sumd_30h,q158_open_close_4h,alpha158_rolling_direction,alpha158_price,False,,,,0,INSUFFICIENT_DATA,Insufficient pairwise observations.,intake_vs_baseline
q158_cntp_30h,q158_high_close_4h,alpha158_rolling_direction,alpha158_price,False,,,,0,INSUFFICIENT_DATA,Insufficient pairwise observations.,intake_vs_baseline
q158_cntn_30h,q158_high_close_4h,alpha158_rolling_direction,alpha158_price,False,,,,0,INSUFFICIENT_DATA,Insufficient pairwise observations.,intake_vs_baseline
q158_cntd_30h,q158_high_close_4h,alpha158_rolling_direction,alpha158_price,False,,,,0,INSUFFICIENT_DATA,Insufficient pairwise observations.,intake_vs_baseline
q158_sumd_30h,q158_high_close_4h,alpha158_rolling_direction,alpha158_price,False,,,,0,INSUFFICIENT_DATA,Insufficient pairwise observations.,intake_vs_baseline
q158_cntp_30h,q158_low_close_4h,alpha158_rolling_direction,alpha158_price,False,,,,0,INSUFFICIENT_DATA,Insufficient pairwise observations.,intake_vs_baseline
q158_cntn_30h,q158_low_close_4h,alpha158_rolling_direction,alpha158_price,False,,,,0,INSUFFICIENT_DATA,Insufficient pairwise observations.,intake_vs_baseline
q158_cntd_30h,q158_low_close_4h,alpha158_rolling_direction,alpha158_price,False,,,,0,INSUFFICIENT_DATA,Insufficient pairwise observations.,intake_vs_baseline
q158_sumd_30h,q158_low_close_4h,alpha158_rolling_direction,alpha158_price,False,,,,0,INSUFFICIENT_DATA,Insufficient pairwise observations.,intake_vs_baseline
q158_cntp_30h,q158_close_close_4h,alpha158_rolling_direction,alpha158_price,False,,,,0,INSUFFICIENT_DATA,Insufficient pairwise observations.,intake_vs_baseline
q158_cntn_30h,q158_close_close_4h,alpha158_rolling_direction,alpha158_price,False,,,,0,INSUFFICIENT_DATA,Insufficient pairwise observations.,intake_vs_baseline
q158_cntd_30h,q158_close_close_4h,alpha158_rolling_direction,alpha158_price,False,,,,0,INSUFFICIENT_DATA,Insufficient pairwise observations.,intake_vs_baseline
q158_sumd_30h,q158_close_close_4h,alpha158_rolling_direction,alpha158_price,False,,,,0,INSUFFICIENT_DATA,Insufficient pairwise observations.,intake_vs_baseline
q158_cntp_30h,q158_volume_ratio_1h,alpha158_rolling_direction,alpha158_volume,False,,,,0,INSUFFICIENT_DATA,Insufficient pairwise observations.,intake_vs_baseline
q158_cntn_30h,q158_volume_ratio_1h,alpha158_rolling_direction,alpha158_volume,False,,,,0,INSUFFICIENT_DATA,Insufficient pairwise observations.,intake_vs_baseline
q158_cntd_30h,q158_volume_ratio_1h,alpha158_rolling_direction,alpha158_volume,False,,,,0,INSUFFICIENT_DATA,Insufficient pairwise observations.,intake_vs_baseline
q158_sumd_30h,q158_volume_ratio_1h,alpha158_rolling_direction,alpha158_volume,False,,,,0,INSUFFICIENT_DATA,Insufficient pairwise observations.,intake_vs_baseline
q158_cntp_30h,q158_volume_ratio_3h,alpha158_rolling_direction,alpha158_volume,False,,,,0,INSUFFICIENT_DATA,Insufficient pairwise observations.,intake_vs_baseline
q158_cntn_30h,q158_volume_ratio_3h,alpha158_rolling_direction,alpha158_volume,False,,,,0,INSUFFICIENT_DATA,Insufficient pairwise observations.,intake_vs_baseline
q158_cntd_30h,q158_volume_ratio_3h,alpha158_rolling_direction,alpha158_volume,False,,,,0,INSUFFICIENT_DATA,Insufficient pairwise observations.,intake_vs_baseline
q158_sumd_30h,q158_volume_ratio_3h,alpha158_rolling_direction,alpha158_volume,False,,,,0,INSUFFICIENT_DATA,Insufficient pairwise observations.,intake_vs_baseline
q158_cntp_30h,q158_volume_ratio_4h,alpha158_rolling_direction,alpha158_volume,False,,,,0,INSUFFICIENT_DATA,Insufficient pairwise observations.,intake_vs_baseline
q158_cntn_30h,q158_volume_ratio_4h,alpha158_rolling_direction,alpha158_volume,False,,,,0,INSUFFICIENT_DATA,Insufficient pairwise observations.,intake_vs_baseline
q158_cntd_30h,q158_volume_ratio_4h,alpha158_rolling_direction,alpha158_volume,False,,,,0,INSUFFICIENT_DATA,Insufficient pairwise observations.,intake_vs_baseline
q158_sumd_30h,q158_volume_ratio_4h,alpha158_rolling_direction,alpha158_volume,False,,,,0,INSUFFICIENT_DATA,Insufficient pairwise observations.,intake_vs_baseline
q158_cntp_30h,q158_qtlu_20h,alpha158_rolling_direction,alpha158_rolling,False,,,,0,INSUFFICIENT_DATA,Insufficient pairwise observations.,intake_vs_baseline
q158_cntn_30h,q158_qtlu_20h,alpha158_rolling_direction,alpha158_rolling,False,,,,0,INSUFFICIENT_DATA,Insufficient pairwise observations.,intake_vs_baseline
q158_cntd_30h,q158_qtlu_20h,alpha158_rolling_direction,alpha158_rolling,False,,,,0,INSUFFICIENT_DATA,Insufficient pairwise observations.,intake_vs_baseline
q158_sumd_30h,q158_qtlu_20h,alpha158_rolling_direction,alpha158_rolling,False,,,,0,INSUFFICIENT_DATA,Insufficient pairwise observations.,intake_vs_baseline
q158_cntp_30h,q158_qtlu_30h,alpha158_rolling_direction,alpha158_rolling,False,,,,0,INSUFFICIENT_DATA,Insufficient pairwise observations.,intake_vs_baseline
q158_cntn_30h,q158_qtlu_30h,alpha158_rolling_direction,alpha158_rolling,False,,,,0,INSUFFICIENT_DATA,Insufficient pairwise observations.,intake_vs_baseline
q158_cntd_30h,q158_qtlu_30h,alpha158_rolling_direction,alpha158_rolling,False,,,,0,INSUFFICIENT_DATA,Insufficient pairwise observations.,intake_vs_baseline
q158_sumd_30h,q158_qtlu_30h,alpha158_rolling_direction,alpha158_rolling,False,,,,0,INSUFFICIENT_DATA,Insufficient pairwise observations.,intake_vs_baseline
q158_cntp_30h,q158_qtld_20h,alpha158_rolling_direction,alpha158_rolling,False,,,,0,INSUFFICIENT_DATA,Insufficient pairwise observations.,intake_vs_baseline
q158_cntn_30h,q158_qtld_20h,alpha158_rolling_direction,alpha158_rolling,False,,,,0,INSUFFICIENT_DATA,Insufficient pairwise observations.,intake_vs_baseline
q158_cntd_30h,q158_qtld_20h,alpha158_rolling_direction,alpha158_rolling,False,,,,0,INSUFFICIENT_DATA,Insufficient pairwise observations.,intake_vs_baseline
q158_sumd_30h,q158_qtld_20h,alpha158_rolling_direction,alpha158_rolling,False,,,,0,INSUFFICIENT_DATA,Insufficient pairwise observations.,intake_vs_baseline
q158_cntp_30h,q158_qtld_30h,alpha158_rolling_direction,alpha158_rolling,False,,,,0,INSUFFICIENT_DATA,Insufficient pairwise observations.,intake_vs_baseline
q158_cntn_30h,q158_qtld_30h,alpha158_rolling_direction,alpha158_rolling,False,,,,0,INSUFFICIENT_DATA,Insufficient pairwise observations.,intake_vs_baseline
q158_cntd_30h,q158_qtld_30h,alpha158_rolling_direction,alpha158_rolling,False,,,,0,INSUFFICIENT_DATA,Insufficient pairwise observations.,intake_vs_baseline
q158_sumd_30h,q158_qtld_30h,alpha158_rolling_direction,alpha158_rolling,False,,,,0,INSUFFICIENT_DATA,Insufficient pairwise observations.,intake_vs_baseline
q158_cntp_30h,q158_rank_close_20h,alpha158_rolling_direction,alpha158_rolling,False,,,,0,INSUFFICIENT_DATA,Insufficient pairwise observations.,intake_vs_baseline
q158_cntn_30h,q158_rank_close_20h,alpha158_rolling_direction,alpha158_rolling,False,,,,0,INSUFFICIENT_DATA,Insufficient pairwise observations.,intake_vs_baseline
q158_cntd_30h,q158_rank_close_20h,alpha158_rolling_direction,alpha158_rolling,False,,,,0,INSUFFICIENT_DATA,Insufficient pairwise observations.,intake_vs_baseline
q158_sumd_30h,q158_rank_close_20h,alpha158_rolling_direction,alpha158_rolling,False,,,,0,INSUFFICIENT_DATA,Insufficient pairwise observations.,intake_vs_baseline
q158_cntp_30h,q158_rank_close_30h,alpha158_rolling_direction,alpha158_rolling,False,,,,0,INSUFFICIENT_DATA,Insufficient pairwise observations.,intake_vs_baseline
q158_cntn_30h,q158_rank_close_30h,alpha158_rolling_direction,alpha158_rolling,False,,,,0,INSUFFICIENT_DATA,Insufficient pairwise observations.,intake_vs_baseline
q158_cntd_30h,q158_rank_close_30h,alpha158_rolling_direction,alpha158_rolling,False,,,,0,INSUFFICIENT_DATA,Insufficient pairwise observations.,intake_vs_baseline
q158_sumd_30h,q158_rank_close_30h,alpha158_rolling_direction,alpha158_rolling,False,,,,0,INSUFFICIENT_DATA,Insufficient pairwise observations.,intake_vs_baseline
q158_cntp_30h,q158_beta_20h,alpha158_rolling_direction,alpha158_rolling_regression,False,,,,0,INSUFFICIENT_DATA,Insufficient pairwise observations.,intake_vs_baseline
q158_cntn_30h,q158_beta_20h,alpha158_rolling_direction,alpha158_rolling_regression,False,,,,0,INSUFFICIENT_DATA,Insufficient pairwise observations.,intake_vs_baseline
q158_cntd_30h,q158_beta_20h,alpha158_rolling_direction,alpha158_rolling_regression,False,,,,0,INSUFFICIENT_DATA,Insufficient pairwise observations.,intake_vs_baseline
q158_sumd_30h,q158_beta_20h,alpha158_rolling_direction,alpha158_rolling_regression,False,,,,0,INSUFFICIENT_DATA,Insufficient pairwise observations.,intake_vs_baseline
q158_cntp_30h,q158_beta_30h,alpha158_rolling_direction,alpha158_rolling_regression,False,,,,0,INSUFFICIENT_DATA,Insufficient pairwise observations.,intake_vs_baseline
q158_cntn_30h,q158_beta_30h,alpha158_rolling_direction,alpha158_rolling_regression,False,,,,0,INSUFFICIENT_DATA,Insufficient pairwise observations.,intake_vs_baseline
q158_cntd_30h,q158_beta_30h,alpha158_rolling_direction,alpha158_rolling_regression,False,,,,0,INSUFFICIENT_DATA,Insufficient pairwise observations.,intake_vs_baseline
q158_sumd_30h,q158_beta_30h,alpha158_rolling_direction,alpha158_rolling_regression,False,,,,0,INSUFFICIENT_DATA,Insufficient pairwise observations.,intake_vs_baseline
q158_cntp_30h,q158_rsqr_20h,alpha158_rolling_direction,alpha158_rolling_regression,False,,,,0,INSUFFICIENT_DATA,Insufficient pairwise observations.,intake_vs_baseline
q158_cntn_30h,q158_rsqr_20h,alpha158_rolling_direction,alpha158_rolling_regression,False,,,,0,INSUFFICIENT_DATA,Insufficient pairwise observations.,intake_vs_baseline
q158_cntd_30h,q158_rsqr_20h,alpha158_rolling_direction,alpha158_rolling_regression,False,,,,0,INSUFFICIENT_DATA,Insufficient pairwise observations.,intake_vs_baseline
q158_sumd_30h,q158_rsqr_20h,alpha158_rolling_direction,alpha158_rolling_regression,False,,,,0,INSUFFICIENT_DATA,Insufficient pairwise observations.,intake_vs_baseline
q158_cntp_30h,q158_rsqr_30h,alpha158_rolling_direction,alpha158_rolling_regression,False,,,,0,INSUFFICIENT_DATA,Insufficient pairwise observations.,intake_vs_baseline
q158_cntn_30h,q158_rsqr_30h,alpha158_rolling_direction,alpha158_rolling_regression,False,,,,0,INSUFFICIENT_DATA,Insufficient pairwise observations.,intake_vs_baseline
q158_cntd_30h,q158_rsqr_30h,alpha158_rolling_direction,alpha158_rolling_regression,False,,,,0,INSUFFICIENT_DATA,Insufficient pairwise observations.,intake_vs_baseline
q158_sumd_30h,q158_rsqr_30h,alpha158_rolling_direction,alpha158_rolling_regression,False,,,,0,INSUFFICIENT_DATA,Insufficient pairwise observations.,intake_vs_baseline
q158_cntp_30h,q158_resi_20h,alpha158_rolling_direction,alpha158_rolling_regression,False,,,,0,INSUFFICIENT_DATA,Insufficient pairwise observations.,intake_vs_baseline
q158_cntn_30h,q158_resi_20h,alpha158_rolling_direction,alpha158_rolling_regression,False,,,,0,INSUFFICIENT_DATA,Insufficient pairwise observations.,intake_vs_baseline
q158_cntd_30h,q158_resi_20h,alpha158_rolling_direction,alpha158_rolling_regression,False,,,,0,INSUFFICIENT_DATA,Insufficient pairwise observations.,intake_vs_baseline
q158_sumd_30h,q158_resi_20h,alpha158_rolling_direction,alpha158_rolling_regression,False,,,,0,INSUFFICIENT_DATA,Insufficient pairwise observations.,intake_vs_baseline
q158_cntp_30h,q158_resi_30h,alpha158_rolling_direction,alpha158_rolling_regression,False,,,,0,INSUFFICIENT_DATA,Insufficient pairwise observations.,intake_vs_baseline
q158_cntn_30h,q158_resi_30h,alpha158_rolling_direction,alpha158_rolling_regression,False,,,,0,INSUFFICIENT_DATA,Insufficient pairwise observations.,intake_vs_baseline
q158_cntd_30h,q158_resi_30h,alpha158_rolling_direction,alpha158_rolling_regression,False,,,,0,INSUFFICIENT_DATA,Insufficient pairwise observations.,intake_vs_baseline
q158_sumd_30h,q158_resi_30h,alpha158_rolling_direction,alpha158_rolling_regression,False,,,,0,INSUFFICIENT_DATA,Insufficient pairwise observations.,intake_vs_baseline
q158_cntp_30h,q158_imax_20h,alpha158_rolling_direction,alpha158_rolling_position,False,,,,0,INSUFFICIENT_DATA,Insufficient pairwise observations.,intake_vs_baseline
q158_cntn_30h,q158_imax_20h,alpha158_rolling_direction,alpha158_rolling_position,False,,,,0,INSUFFICIENT_DATA,Insufficient pairwise observations.,intake_vs_baseline
q158_cntd_30h,q158_imax_20h,alpha158_rolling_direction,alpha158_rolling_position,False,,,,0,INSUFFICIENT_DATA,Insufficient pairwise observations.,intake_vs_baseline
q158_sumd_30h,q158_imax_20h,alpha158_rolling_direction,alpha158_rolling_position,False,,,,0,INSUFFICIENT_DATA,Insufficient pairwise observations.,intake_vs_baseline
q158_cntp_30h,q158_imax_30h,alpha158_rolling_direction,alpha158_rolling_position,False,,,,0,INSUFFICIENT_DATA,Insufficient pairwise observations.,intake_vs_baseline
q158_cntn_30h,q158_imax_30h,alpha158_rolling_direction,alpha158_rolling_position,False,,,,0,INSUFFICIENT_DATA,Insufficient pairwise observations.,intake_vs_baseline
q158_cntd_30h,q158_imax_30h,alpha158_rolling_direction,alpha158_rolling_position,False,,,,0,INSUFFICIENT_DATA,Insufficient pairwise observations.,intake_vs_baseline
q158_sumd_30h,q158_imax_30h,alpha158_rolling_direction,alpha158_rolling_position,False,,,,0,INSUFFICIENT_DATA,Insufficient pairwise observations.,intake_vs_baseline
q158_cntp_30h,q158_imin_20h,alpha158_rolling_direction,alpha158_rolling_position,False,,,,0,INSUFFICIENT_DATA,Insufficient pairwise observations.,intake_vs_baseline
q158_cntn_30h,q158_imin_20h,alpha158_rolling_direction,alpha158_rolling_position,False,,,,0,INSUFFICIENT_DATA,Insufficient pairwise observations.,intake_vs_baseline
q158_cntd_30h,q158_imin_20h,alpha158_rolling_direction,alpha158_rolling_position,False,,,,0,INSUFFICIENT_DATA,Insufficient pairwise observations.,intake_vs_baseline
q158_sumd_30h,q158_imin_20h,alpha158_rolling_direction,alpha158_rolling_position,False,,,,0,INSUFFICIENT_DATA,Insufficient pairwise observations.,intake_vs_baseline
q158_cntp_30h,q158_imxd_20h,alpha158_rolling_direction,alpha158_rolling_position,False,,,,0,INSUFFICIENT_DATA,Insufficient pairwise observations.,intake_vs_baseline
q158_cntn_30h,q158_imxd_20h,alpha158_rolling_direction,alpha158_rolling_position,False,,,,0,INSUFFICIENT_DATA,Insufficient pairwise observations.,intake_vs_baseline
q158_cntd_30h,q158_imxd_20h,alpha158_rolling_direction,alpha158_rolling_position,False,,,,0,INSUFFICIENT_DATA,Insufficient pairwise observations.,intake_vs_baseline
q158_sumd_30h,q158_imxd_20h,alpha158_rolling_direction,alpha158_rolling_position,False,,,,0,INSUFFICIENT_DATA,Insufficient pairwise observations.,intake_vs_baseline
q158_cntp_30h,q158_ma_5h,alpha158_rolling_direction,alpha158_rolling_price,False,,,,0,INSUFFICIENT_DATA,Insufficient pairwise observations.,intake_vs_baseline
q158_cntn_30h,q158_ma_5h,alpha158_rolling_direction,alpha158_rolling_price,False,,,,0,INSUFFICIENT_DATA,Insufficient pairwise observations.,intake_vs_baseline
q158_cntd_30h,q158_ma_5h,alpha158_rolling_direction,alpha158_rolling_price,False,,,,0,INSUFFICIENT_DATA,Insufficient pairwise observations.,intake_vs_baseline
q158_sumd_30h,q158_ma_5h,alpha158_rolling_direction,alpha158_rolling_price,False,,,,0,INSUFFICIENT_DATA,Insufficient pairwise observations.,intake_vs_baseline
q158_cntp_30h,q158_std_5h,alpha158_rolling_direction,alpha158_rolling_price,False,,,,0,INSUFFICIENT_DATA,Insufficient pairwise observations.,intake_vs_baseline
q158_cntn_30h,q158_std_5h,alpha158_rolling_direction,alpha158_rolling_price,False,,,,0,INSUFFICIENT_DATA,Insufficient pairwise observations.,intake_vs_baseline
q158_cntd_30h,q158_std_5h,alpha158_rolling_direction,alpha158_rolling_price,False,,,,0,INSUFFICIENT_DATA,Insufficient pairwise observations.,intake_vs_baseline
q158_sumd_30h,q158_std_5h,alpha158_rolling_direction,alpha158_rolling_price,False,,,,0,INSUFFICIENT_DATA,Insufficient pairwise observations.,intake_vs_baseline
q158_cntp_30h,q158_max_5h,alpha158_rolling_direction,alpha158_rolling_price,False,,,,0,INSUFFICIENT_DATA,Insufficient pairwise observations.,intake_vs_baseline
q158_cntn_30h,q158_max_5h,alpha158_rolling_direction,alpha158_rolling_price,False,,,,0,INSUFFICIENT_DATA,Insufficient pairwise observations.,intake_vs_baseline
q158_cntd_30h,q158_max_5h,alpha158_rolling_direction,alpha158_rolling_price,False,,,,0,INSUFFICIENT_DATA,Insufficient pairwise observations.,intake_vs_baseline
q158_sumd_30h,q158_max_5h,alpha158_rolling_direction,alpha158_rolling_price,False,,,,0,INSUFFICIENT_DATA,Insufficient pairwise observations.,intake_vs_baseline
q158_cntp_30h,q158_min_5h,alpha158_rolling_direction,alpha158_rolling_price,False,,,,0,INSUFFICIENT_DATA,Insufficient pairwise observations.,intake_vs_baseline
q158_cntn_30h,q158_min_5h,alpha158_rolling_direction,alpha158_rolling_price,False,,,,0,INSUFFICIENT_DATA,Insufficient pairwise observations.,intake_vs_baseline
q158_cntd_30h,q158_min_5h,alpha158_rolling_direction,alpha158_rolling_price,False,,,,0,INSUFFICIENT_DATA,Insufficient pairwise observations.,intake_vs_baseline
q158_sumd_30h,q158_min_5h,alpha158_rolling_direction,alpha158_rolling_price,False,,,,0,INSUFFICIENT_DATA,Insufficient pairwise observations.,intake_vs_baseline
q158_cntp_30h,q158_ma_10h,alpha158_rolling_direction,alpha158_rolling_price,False,,,,0,INSUFFICIENT_DATA,Insufficient pairwise observations.,intake_vs_baseline
q158_cntn_30h,q158_ma_10h,alpha158_rolling_direction,alpha158_rolling_price,False,,,,0,INSUFFICIENT_DATA,Insufficient pairwise observations.,intake_vs_baseline
q158_cntd_30h,q158_ma_10h,alpha158_rolling_direction,alpha158_rolling_price,False,,,,0,INSUFFICIENT_DATA,Insufficient pairwise observations.,intake_vs_baseline
q158_sumd_30h,q158_ma_10h,alpha158_rolling_direction,alpha158_rolling_price,False,,,,0,INSUFFICIENT_DATA,Insufficient pairwise observations.,intake_vs_baseline
q158_cntp_30h,q158_std_10h,alpha158_rolling_direction,alpha158_rolling_price,False,,,,0,INSUFFICIENT_DATA,Insufficient pairwise observations.,intake_vs_baseline
q158_cntn_30h,q158_std_10h,alpha158_rolling_direction,alpha158_rolling_price,False,,,,0,INSUFFICIENT_DATA,Insufficient pairwise observations.,intake_vs_baseline
q158_cntd_30h,q158_std_10h,alpha158_rolling_direction,alpha158_rolling_price,False,,,,0,INSUFFICIENT_DATA,Insufficient pairwise observations.,intake_vs_baseline
q158_sumd_30h,q158_std_10h,alpha158_rolling_direction,alpha158_rolling_price,False,,,,0,INSUFFICIENT_DATA,Insufficient pairwise observations.,intake_vs_baseline
q158_cntp_30h,q158_max_10h,alpha158_rolling_direction,alpha158_rolling_price,False,,,,0,INSUFFICIENT_DATA,Insufficient pairwise observations.,intake_vs_baseline
q158_cntn_30h,q158_max_10h,alpha158_rolling_direction,alpha158_rolling_price,False,,,,0,INSUFFICIENT_DATA,Insufficient pairwise observations.,intake_vs_baseline
q158_cntd_30h,q158_max_10h,alpha158_rolling_direction,alpha158_rolling_price,False,,,,0,INSUFFICIENT_DATA,Insufficient pairwise observations.,intake_vs_baseline
q158_sumd_30h,q158_max_10h,alpha158_rolling_direction,alpha158_rolling_price,False,,,,0,INSUFFICIENT_DATA,Insufficient pairwise observations.,intake_vs_baseline
q158_cntp_30h,q158_min_10h,alpha158_rolling_direction,alpha158_rolling_price,False,,,,0,INSUFFICIENT_DATA,Insufficient pairwise observations.,intake_vs_baseline
q158_cntn_30h,q158_min_10h,alpha158_rolling_direction,alpha158_rolling_price,False,,,,0,INSUFFICIENT_DATA,Insufficient pairwise observations.,intake_vs_baseline
q158_cntd_30h,q158_min_10h,alpha158_rolling_direction,alpha158_rolling_price,False,,,,0,INSUFFICIENT_DATA,Insufficient pairwise observations.,intake_vs_baseline
q158_sumd_30h,q158_min_10h,alpha158_rolling_direction,alpha158_rolling_price,False,,,,0,INSUFFICIENT_DATA,Insufficient pairwise observations.,intake_vs_baseline
q158_cntp_30h,q158_ma_20h,alpha158_rolling_direction,alpha158_rolling_price,False,,,,0,INSUFFICIENT_DATA,Insufficient pairwise observations.,intake_vs_baseline
q158_cntn_30h,q158_ma_20h,alpha158_rolling_direction,alpha158_rolling_price,False,,,,0,INSUFFICIENT_DATA,Insufficient pairwise observations.,intake_vs_baseline
q158_cntd_30h,q158_ma_20h,alpha158_rolling_direction,alpha158_rolling_price,False,,,,0,INSUFFICIENT_DATA,Insufficient pairwise observations.,intake_vs_baseline
q158_sumd_30h,q158_ma_20h,alpha158_rolling_direction,alpha158_rolling_price,False,,,,0,INSUFFICIENT_DATA,Insufficient pairwise observations.,intake_vs_baseline
q158_cntp_30h,q158_std_20h,alpha158_rolling_direction,alpha158_rolling_price,False,,,,0,INSUFFICIENT_DATA,Insufficient pairwise observations.,intake_vs_baseline
q158_cntn_30h,q158_std_20h,alpha158_rolling_direction,alpha158_rolling_price,False,,,,0,INSUFFICIENT_DATA,Insufficient pairwise observations.,intake_vs_baseline
q158_cntd_30h,q158_std_20h,alpha158_rolling_direction,alpha158_rolling_price,False,,,,0,INSUFFICIENT_DATA,Insufficient pairwise observations.,intake_vs_baseline
q158_sumd_30h,q158_std_20h,alpha158_rolling_direction,alpha158_rolling_price,False,,,,0,INSUFFICIENT_DATA,Insufficient pairwise observations.,intake_vs_baseline
q158_cntp_30h,q158_max_20h,alpha158_rolling_direction,alpha158_rolling_price,False,,,,0,INSUFFICIENT_DATA,Insufficient pairwise observations.,intake_vs_baseline
q158_cntn_30h,q158_max_20h,alpha158_rolling_direction,alpha158_rolling_price,False,,,,0,INSUFFICIENT_DATA,Insufficient pairwise observations.,intake_vs_baseline
q158_cntd_30h,q158_max_20h,alpha158_rolling_direction,alpha158_rolling_price,False,,,,0,INSUFFICIENT_DATA,Insufficient pairwise observations.,intake_vs_baseline
q158_sumd_30h,q158_max_20h,alpha158_rolling_direction,alpha158_rolling_price,False,,,,0,INSUFFICIENT_DATA,Insufficient pairwise observations.,intake_vs_baseline
q158_cntp_30h,q158_min_20h,alpha158_rolling_direction,alpha158_rolling_price,False,,,,0,INSUFFICIENT_DATA,Insufficient pairwise observations.,intake_vs_baseline
q158_cntn_30h,q158_min_20h,alpha158_rolling_direction,alpha158_rolling_price,False,,,,0,INSUFFICIENT_DATA,Insufficient pairwise observations.,intake_vs_baseline
q158_cntd_30h,q158_min_20h,alpha158_rolling_direction,alpha158_rolling_price,False,,,,0,INSUFFICIENT_DATA,Insufficient pairwise observations.,intake_vs_baseline
q158_sumd_30h,q158_min_20h,alpha158_rolling_direction,alpha158_rolling_price,False,,,,0,INSUFFICIENT_DATA,Insufficient pairwise observations.,intake_vs_baseline
q158_cntp_30h,q158_ma_30h,alpha158_rolling_direction,alpha158_rolling_price,False,,,,0,INSUFFICIENT_DATA,Insufficient pairwise observations.,intake_vs_baseline
q158_cntn_30h,q158_ma_30h,alpha158_rolling_direction,alpha158_rolling_price,False,,,,0,INSUFFICIENT_DATA,Insufficient pairwise observations.,intake_vs_baseline
q158_cntd_30h,q158_ma_30h,alpha158_rolling_direction,alpha158_rolling_price,False,,,,0,INSUFFICIENT_DATA,Insufficient pairwise observations.,intake_vs_baseline
q158_sumd_30h,q158_ma_30h,alpha158_rolling_direction,alpha158_rolling_price,False,,,,0,INSUFFICIENT_DATA,Insufficient pairwise observations.,intake_vs_baseline
q158_cntp_30h,q158_std_30h,alpha158_rolling_direction,alpha158_rolling_price,False,,,,0,INSUFFICIENT_DATA,Insufficient pairwise observations.,intake_vs_baseline
q158_cntn_30h,q158_std_30h,alpha158_rolling_direction,alpha158_rolling_price,False,,,,0,INSUFFICIENT_DATA,Insufficient pairwise observations.,intake_vs_baseline
q158_cntd_30h,q158_std_30h,alpha158_rolling_direction,alpha158_rolling_price,False,,,,0,INSUFFICIENT_DATA,Insufficient pairwise observations.,intake_vs_baseline
q158_sumd_30h,q158_std_30h,alpha158_rolling_direction,alpha158_rolling_price,False,,,,0,INSUFFICIENT_DATA,Insufficient pairwise observations.,intake_vs_baseline
q158_cntp_30h,q158_max_30h,alpha158_rolling_direction,alpha158_rolling_price,False,,,,0,INSUFFICIENT_DATA,Insufficient pairwise observations.,intake_vs_baseline
q158_cntn_30h,q158_max_30h,alpha158_rolling_direction,alpha158_rolling_price,False,,,,0,INSUFFICIENT_DATA,Insufficient pairwise observations.,intake_vs_baseline
q158_cntd_30h,q158_max_30h,alpha158_rolling_direction,alpha158_rolling_price,False,,,,0,INSUFFICIENT_DATA,Insufficient pairwise observations.,intake_vs_baseline
q158_sumd_30h,q158_max_30h,alpha158_rolling_direction,alpha158_rolling_price,False,,,,0,INSUFFICIENT_DATA,Insufficient pairwise observations.,intake_vs_baseline
q158_cntp_30h,q158_min_30h,alpha158_rolling_direction,alpha158_rolling_price,False,,,,0,INSUFFICIENT_DATA,Insufficient pairwise observations.,intake_vs_baseline
q158_cntn_30h,q158_min_30h,alpha158_rolling_direction,alpha158_rolling_price,False,,,,0,INSUFFICIENT_DATA,Insufficient pairwise observations.,intake_vs_baseline
q158_cntd_30h,q158_min_30h,alpha158_rolling_direction,alpha158_rolling_price,False,,,,0,INSUFFICIENT_DATA,Insufficient pairwise observations.,intake_vs_baseline
q158_sumd_30h,q158_min_30h,alpha158_rolling_direction,alpha158_rolling_price,False,,,,0,INSUFFICIENT_DATA,Insufficient pairwise observations.,intake_vs_baseline
q158_cntp_30h,q158_corr_20h,alpha158_rolling_direction,alpha158_rolling_volume_price,False,,,,0,INSUFFICIENT_DATA,Insufficient pairwise observations.,intake_vs_baseline
q158_cntn_30h,q158_corr_20h,alpha158_rolling_direction,alpha158_rolling_volume_price,False,,,,0,INSUFFICIENT_DATA,Insufficient pairwise observations.,intake_vs_baseline
q158_cntd_30h,q158_corr_20h,alpha158_rolling_direction,alpha158_rolling_volume_price,False,,,,0,INSUFFICIENT_DATA,Insufficient pairwise observations.,intake_vs_baseline
q158_sumd_30h,q158_corr_20h,alpha158_rolling_direction,alpha158_rolling_volume_price,False,,,,0,INSUFFICIENT_DATA,Insufficient pairwise observations.,intake_vs_baseline
q158_cntp_30h,q158_vma_20h,alpha158_rolling_direction,alpha158_rolling_volume,False,,,,0,INSUFFICIENT_DATA,Insufficient pairwise observations.,intake_vs_baseline
q158_cntn_30h,q158_vma_20h,alpha158_rolling_direction,alpha158_rolling_volume,False,,,,0,INSUFFICIENT_DATA,Insufficient pairwise observations.,intake_vs_baseline
q158_cntd_30h,q158_vma_20h,alpha158_rolling_direction,alpha158_rolling_volume,False,,,,0,INSUFFICIENT_DATA,Insufficient pairwise observations.,intake_vs_baseline
q158_sumd_30h,q158_vma_20h,alpha158_rolling_direction,alpha158_rolling_volume,False,,,,0,INSUFFICIENT_DATA,Insufficient pairwise observations.,intake_vs_baseline
q158_cntp_30h,q158_vstd_20h,alpha158_rolling_direction,alpha158_rolling_volume,False,,,,0,INSUFFICIENT_DATA,Insufficient pairwise observations.,intake_vs_baseline
q158_cntn_30h,q158_vstd_20h,alpha158_rolling_direction,alpha158_rolling_volume,False,,,,0,INSUFFICIENT_DATA,Insufficient pairwise observations.,intake_vs_baseline
q158_cntd_30h,q158_vstd_20h,alpha158_rolling_direction,alpha158_rolling_volume,False,,,,0,INSUFFICIENT_DATA,Insufficient pairwise observations.,intake_vs_baseline
q158_sumd_30h,q158_vstd_20h,alpha158_rolling_direction,alpha158_rolling_volume,False,,,,0,INSUFFICIENT_DATA,Insufficient pairwise observations.,intake_vs_baseline
q158_cntp_30h,vwap_dev_20h,alpha158_rolling_direction,alpha158_ohlcv,False,,,,0,INSUFFICIENT_DATA,Insufficient pairwise observations.,intake_vs_baseline
q158_cntn_30h,vwap_dev_20h,alpha158_rolling_direction,alpha158_ohlcv,False,,,,0,INSUFFICIENT_DATA,Insufficient pairwise observations.,intake_vs_baseline
q158_cntd_30h,vwap_dev_20h,alpha158_rolling_direction,alpha158_ohlcv,False,,,,0,INSUFFICIENT_DATA,Insufficient pairwise observations.,intake_vs_baseline
q158_sumd_30h,vwap_dev_20h,alpha158_rolling_direction,alpha158_ohlcv,False,,,,0,INSUFFICIENT_DATA,Insufficient pairwise observations.,intake_vs_baseline
q158_cntp_30h,tech_atr,alpha158_rolling_direction,technical,False,,,,0,INSUFFICIENT_DATA,Insufficient pairwise observations.,intake_vs_baseline
q158_cntn_30h,tech_atr,alpha158_rolling_direction,technical,False,,,,0,INSUFFICIENT_DATA,Insufficient pairwise observations.,intake_vs_baseline
q158_cntd_30h,tech_atr,alpha158_rolling_direction,technical,False,,,,0,INSUFFICIENT_DATA,Insufficient pairwise observations.,intake_vs_baseline
q158_sumd_30h,tech_atr,alpha158_rolling_direction,technical,False,,,,0,INSUFFICIENT_DATA,Insufficient pairwise observations.,intake_vs_baseline
q158_cntp_30h,rev_3h,alpha158_rolling_direction,reversal,False,,,,0,INSUFFICIENT_DATA,Insufficient pairwise observations.,intake_vs_baseline
q158_cntn_30h,rev_3h,alpha158_rolling_direction,reversal,False,,,,0,INSUFFICIENT_DATA,Insufficient pairwise observations.,intake_vs_baseline
q158_cntd_30h,rev_3h,alpha158_rolling_direction,reversal,False,,,,0,INSUFFICIENT_DATA,Insufficient pairwise observations.,intake_vs_baseline
q158_sumd_30h,rev_3h,alpha158_rolling_direction,reversal,False,,,,0,INSUFFICIENT_DATA,Insufficient pairwise observations.,intake_vs_baseline
q158_cntp_30h,rev_24h,alpha158_rolling_direction,reversal,False,,,,0,INSUFFICIENT_DATA,Insufficient pairwise observations.,intake_vs_baseline
q158_cntn_30h,rev_24h,alpha158_rolling_direction,reversal,False,,,,0,INSUFFICIENT_DATA,Insufficient pairwise observations.,intake_vs_baseline
q158_cntd_30h,rev_24h,alpha158_rolling_direction,reversal,False,,,,0,INSUFFICIENT_DATA,Insufficient pairwise observations.,intake_vs_baseline
q158_sumd_30h,rev_24h,alpha158_rolling_direction,reversal,False,,,,0,INSUFFICIENT_DATA,Insufficient pairwise observations.,intake_vs_baseline
q158_cntp_30h,range_4h,alpha158_rolling_direction,range_position,False,,,,0,INSUFFICIENT_DATA,Insufficient pairwise observations.,intake_vs_baseline
q158_cntn_30h,range_4h,alpha158_rolling_direction,range_position,False,,,,0,INSUFFICIENT_DATA,Insufficient pairwise observations.,intake_vs_baseline
q158_cntd_30h,range_4h,alpha158_rolling_direction,range_position,False,,,,0,INSUFFICIENT_DATA,Insufficient pairwise observations.,intake_vs_baseline
q158_sumd_30h,range_4h,alpha158_rolling_direction,range_position,False,,,,0,INSUFFICIENT_DATA,Insufficient pairwise observations.,intake_vs_baseline
q158_cntp_30h,range_24h,alpha158_rolling_direction,range_position,False,,,,0,INSUFFICIENT_DATA,Insufficient pairwise observations.,intake_vs_baseline
q158_cntn_30h,range_24h,alpha158_rolling_direction,range_position,False,,,,0,INSUFFICIENT_DATA,Insufficient pairwise observations.,intake_vs_baseline
q158_cntd_30h,range_24h,alpha158_rolling_direction,range_position,False,,,,0,INSUFFICIENT_DATA,Insufficient pairwise observations.,intake_vs_baseline
q158_sumd_30h,range_24h,alpha158_rolling_direction,range_position,False,,,,0,INSUFFICIENT_DATA,Insufficient pairwise observations.,intake_vs_baseline
q158_cntp_30h,price_pos_24h,alpha158_rolling_direction,price_position,False,,,,0,INSUFFICIENT_DATA,Insufficient pairwise observations.,intake_vs_baseline
q158_cntn_30h,price_pos_24h,alpha158_rolling_direction,price_position,False,,,,0,INSUFFICIENT_DATA,Insufficient pairwise observations.,intake_vs_baseline
q158_cntd_30h,price_pos_24h,alpha158_rolling_direction,price_position,False,,,,0,INSUFFICIENT_DATA,Insufficient pairwise observations.,intake_vs_baseline
q158_sumd_30h,price_pos_24h,alpha158_rolling_direction,price_position,False,,,,0,INSUFFICIENT_DATA,Insufficient pairwise observations.,intake_vs_baseline
q158_cntp_30h,price_pos_72h,alpha158_rolling_direction,price_position,False,,,,0,INSUFFICIENT_DATA,Insufficient pairwise observations.,intake_vs_baseline
q158_cntn_30h,price_pos_72h,alpha158_rolling_direction,price_position,False,,,,0,INSUFFICIENT_DATA,Insufficient pairwise observations.,intake_vs_baseline
q158_cntd_30h,price_pos_72h,alpha158_rolling_direction,price_position,False,,,,0,INSUFFICIENT_DATA,Insufficient pairwise observations.,intake_vs_baseline
q158_sumd_30h,price_pos_72h,alpha158_rolling_direction,price_position,False,,,,0,INSUFFICIENT_DATA,Insufficient pairwise observations.,intake_vs_baseline
q158_cntp_30h,vol_zscore_20h,alpha158_rolling_direction,volume_liquidity,False,,,,0,INSUFFICIENT_DATA,Insufficient pairwise observations.,intake_vs_baseline
q158_cntn_30h,vol_zscore_20h,alpha158_rolling_direction,volume_liquidity,False,,,,0,INSUFFICIENT_DATA,Insufficient pairwise observations.,intake_vs_baseline
q158_cntd_30h,vol_zscore_20h,alpha158_rolling_direction,volume_liquidity,False,,,,0,INSUFFICIENT_DATA,Insufficient pairwise observations.,intake_vs_baseline
q158_sumd_30h,vol_zscore_20h,alpha158_rolling_direction,volume_liquidity,False,,,,0,INSUFFICIENT_DATA,Insufficient pairwise observations.,intake_vs_baseline
q158_cntp_30h,vol_zscore_48h,alpha158_rolling_direction,volume_liquidity,False,,,,0,INSUFFICIENT_DATA,Insufficient pairwise observations.,intake_vs_baseline
q158_cntn_30h,vol_zscore_48h,alpha158_rolling_direction,volume_liquidity,False,,,,0,INSUFFICIENT_DATA,Insufficient pairwise observations.,intake_vs_baseline
q158_cntd_30h,vol_zscore_48h,alpha158_rolling_direction,volume_liquidity,False,,,,0,INSUFFICIENT_DATA,Insufficient pairwise observations.,intake_vs_baseline
q158_sumd_30h,vol_zscore_48h,alpha158_rolling_direction,volume_liquidity,False,,,,0,INSUFFICIENT_DATA,Insufficient pairwise observations.,intake_vs_baseline
q158_cntp_30h,qvol_zscore_20h,alpha158_rolling_direction,quote_volume_liquidity,False,,,,0,INSUFFICIENT_DATA,Insufficient pairwise observations.,intake_vs_baseline
q158_cntn_30h,qvol_zscore_20h,alpha158_rolling_direction,quote_volume_liquidity,False,,,,0,INSUFFICIENT_DATA,Insufficient pairwise observations.,intake_vs_baseline
q158_cntd_30h,qvol_zscore_20h,alpha158_rolling_direction,quote_volume_liquidity,False,,,,0,INSUFFICIENT_DATA,Insufficient pairwise observations.,intake_vs_baseline
q158_sumd_30h,qvol_zscore_20h,alpha158_rolling_direction,quote_volume_liquidity,False,,,,0,INSUFFICIENT_DATA,Insufficient pairwise observations.,intake_vs_baseline
q158_cntp_30h,qvol_zscore_48h,alpha158_rolling_direction,quote_volume_liquidity,False,,,,0,INSUFFICIENT_DATA,Insufficient pairwise observations.,intake_vs_baseline
q158_cntn_30h,qvol_zscore_48h,alpha158_rolling_direction,quote_volume_liquidity,False,,,,0,INSUFFICIENT_DATA,Insufficient pairwise observations.,intake_vs_baseline
q158_cntd_30h,qvol_zscore_48h,alpha158_rolling_direction,quote_volume_liquidity,False,,,,0,INSUFFICIENT_DATA,Insufficient pairwise observations.,intake_vs_baseline
q158_sumd_30h,qvol_zscore_48h,alpha158_rolling_direction,quote_volume_liquidity,False,,,,0,INSUFFICIENT_DATA,Insufficient pairwise observations.,intake_vs_baseline
q158_cntp_30h,ma_gap_5_20,alpha158_rolling_direction,trend_ma,False,,,,0,INSUFFICIENT_DATA,Insufficient pairwise observations.,intake_vs_baseline
q158_cntn_30h,ma_gap_5_20,alpha158_rolling_direction,trend_ma,False,,,,0,INSUFFICIENT_DATA,Insufficient pairwise observations.,intake_vs_baseline
q158_cntd_30h,ma_gap_5_20,alpha158_rolling_direction,trend_ma,False,,,,0,INSUFFICIENT_DATA,Insufficient pairwise observations.,intake_vs_baseline
q158_sumd_30h,ma_gap_5_20,alpha158_rolling_direction,trend_ma,False,,,,0,INSUFFICIENT_DATA,Insufficient pairwise observations.,intake_vs_baseline
q158_cntp_30h,breakout_dist_20h,alpha158_rolling_direction,breakout,False,,,,0,INSUFFICIENT_DATA,Insufficient pairwise observations.,intake_vs_baseline
q158_cntn_30h,breakout_dist_20h,alpha158_rolling_direction,breakout,False,,,,0,INSUFFICIENT_DATA,Insufficient pairwise observations.,intake_vs_baseline
q158_cntd_30h,breakout_dist_20h,alpha158_rolling_direction,breakout,False,,,,0,INSUFFICIENT_DATA,Insufficient pairwise observations.,intake_vs_baseline
q158_sumd_30h,breakout_dist_20h,alpha158_rolling_direction,breakout,False,,,,0,INSUFFICIENT_DATA,Insufficient pairwise observations.,intake_vs_baseline
q158_cntp_30h,breakout_dist_48h,alpha158_rolling_direction,breakout,False,,,,0,INSUFFICIENT_DATA,Insufficient pairwise observations.,intake_vs_baseline
q158_cntn_30h,breakout_dist_48h,alpha158_rolling_direction,breakout,False,,,,0,INSUFFICIENT_DATA,Insufficient pairwise observations.,intake_vs_baseline
q158_cntd_30h,breakout_dist_48h,alpha158_rolling_direction,breakout,False,,,,0,INSUFFICIENT_DATA,Insufficient pairwise observations.,intake_vs_baseline
q158_sumd_30h,breakout_dist_48h,alpha158_rolling_direction,breakout,False,,,,0,INSUFFICIENT_DATA,Insufficient pairwise observations.,intake_vs_baseline
q158_cntp_30h,xs_rank_ret_1h,alpha158_rolling_direction,cross_sectional_normalized,False,,,,0,INSUFFICIENT_DATA,Insufficient pairwise observations.,intake_vs_baseline
q158_cntn_30h,xs_rank_ret_1h,alpha158_rolling_direction,cross_sectional_normalized,False,,,,0,INSUFFICIENT_DATA,Insufficient pairwise observations.,intake_vs_baseline
q158_cntd_30h,xs_rank_ret_1h,alpha158_rolling_direction,cross_sectional_normalized,False,,,,0,INSUFFICIENT_DATA,Insufficient pairwise observations.,intake_vs_baseline
q158_sumd_30h,xs_rank_ret_1h,alpha158_rolling_direction,cross_sectional_normalized,False,,,,0,INSUFFICIENT_DATA,Insufficient pairwise observations.,intake_vs_baseline
q158_cntp_30h,xs_rank_vol,alpha158_rolling_direction,cross_sectional_normalized,False,,,,0,INSUFFICIENT_DATA,Insufficient pairwise observations.,intake_vs_baseline
q158_cntn_30h,xs_rank_vol,alpha158_rolling_direction,cross_sectional_normalized,False,,,,0,INSUFFICIENT_DATA,Insufficient pairwise observations.,intake_vs_baseline
q158_cntd_30h,xs_rank_vol,alpha158_rolling_direction,cross_sectional_normalized,False,,,,0,INSUFFICIENT_DATA,Insufficient pairwise observations.,intake_vs_baseline
q158_sumd_30h,xs_rank_vol,alpha158_rolling_direction,cross_sectional_normalized,False,,,,0,INSUFFICIENT_DATA,Insufficient pairwise observations.,intake_vs_baseline
q158_cntp_30h,rsi_28h,alpha158_rolling_direction,technical_indicators,False,,,,0,INSUFFICIENT_DATA,Insufficient pairwise observations.,intake_vs_baseline
q158_cntn_30h,rsi_28h,alpha158_rolling_direction,technical_indicators,False,,,,0,INSUFFICIENT_DATA,Insufficient pairwise observations.,intake_vs_baseline
q158_cntd_30h,rsi_28h,alpha158_rolling_direction,technical_indicators,False,,,,0,INSUFFICIENT_DATA,Insufficient pairwise observations.,intake_vs_baseline
q158_sumd_30h,rsi_28h,alpha158_rolling_direction,technical_indicators,False,,,,0,INSUFFICIENT_DATA,Insufficient pairwise observations.,intake_vs_baseline
q158_cntp_30h,williams_r_14h,alpha158_rolling_direction,technical_indicators,False,,,,0,INSUFFICIENT_DATA,Insufficient pairwise observations.,intake_vs_baseline
q158_cntn_30h,williams_r_14h,alpha158_rolling_direction,technical_indicators,False,,,,0,INSUFFICIENT_DATA,Insufficient pairwise observations.,intake_vs_baseline
q158_cntd_30h,williams_r_14h,alpha158_rolling_direction,technical_indicators,False,,,,0,INSUFFICIENT_DATA,Insufficient pairwise observations.,intake_vs_baseline
q158_sumd_30h,williams_r_14h,alpha158_rolling_direction,technical_indicators,False,,,,0,INSUFFICIENT_DATA,Insufficient pairwise observations.,intake_vs_baseline
q158_cntp_30h,vol_of_vol_20h,alpha158_rolling_direction,realized_skew_kurtosis,False,,,,0,INSUFFICIENT_DATA,Insufficient pairwise observations.,intake_vs_baseline
q158_cntn_30h,vol_of_vol_20h,alpha158_rolling_direction,realized_skew_kurtosis,False,,,,0,INSUFFICIENT_DATA,Insufficient pairwise observations.,intake_vs_baseline
q158_cntd_30h,vol_of_vol_20h,alpha158_rolling_direction,realized_skew_kurtosis,False,,,,0,INSUFFICIENT_DATA,Insufficient pairwise observations.,intake_vs_baseline
q158_sumd_30h,vol_of_vol_20h,alpha158_rolling_direction,realized_skew_kurtosis,False,,,,0,INSUFFICIENT_DATA,Insufficient pairwise observations.,intake_vs_baseline
q158_cntp_30h,qvol_ma_ratio_5_20,alpha158_rolling_direction,quote_volume_liquidity,False,,,,0,INSUFFICIENT_DATA,Insufficient pairwise observations.,intake_vs_baseline
q158_cntn_30h,qvol_ma_ratio_5_20,alpha158_rolling_direction,quote_volume_liquidity,False,,,,0,INSUFFICIENT_DATA,Insufficient pairwise observations.,intake_vs_baseline
q158_cntd_30h,qvol_ma_ratio_5_20,alpha158_rolling_direction,quote_volume_liquidity,False,,,,0,INSUFFICIENT_DATA,Insufficient pairwise observations.,intake_vs_baseline
q158_sumd_30h,qvol_ma_ratio_5_20,alpha158_rolling_direction,quote_volume_liquidity,False,,,,0,INSUFFICIENT_DATA,Insufficient pairwise observations.,intake_vs_baseline
q158_cntp_30h,mom_72h,alpha158_rolling_direction,momentum,False,,,,0,INSUFFICIENT_DATA,Insufficient pairwise observations.,intake_vs_baseline
q158_cntn_30h,mom_72h,alpha158_rolling_direction,momentum,False,,,,0,INSUFFICIENT_DATA,Insufficient pairwise observations.,intake_vs_baseline
q158_cntd_30h,mom_72h,alpha158_rolling_direction,momentum,False,,,,0,INSUFFICIENT_DATA,Insufficient pairwise observations.,intake_vs_baseline
q158_sumd_30h,mom_72h,alpha158_rolling_direction,momentum,False,,,,0,INSUFFICIENT_DATA,Insufficient pairwise observations.,intake_vs_baseline
q158_cntp_30h,rev_1h,alpha158_rolling_direction,reversal,False,,,,0,INSUFFICIENT_DATA,Insufficient pairwise observations.,intake_vs_baseline
q158_cntn_30h,rev_1h,alpha158_rolling_direction,reversal,False,,,,0,INSUFFICIENT_DATA,Insufficient pairwise observations.,intake_vs_baseline
q158_cntd_30h,rev_1h,alpha158_rolling_direction,reversal,False,,,,0,INSUFFICIENT_DATA,Insufficient pairwise observations.,intake_vs_baseline
q158_sumd_30h,rev_1h,alpha158_rolling_direction,reversal,False,,,,0,INSUFFICIENT_DATA,Insufficient pairwise observations.,intake_vs_baseline
q158_cntp_30h,rev_72h,alpha158_rolling_direction,reversal,False,,,,0,INSUFFICIENT_DATA,Insufficient pairwise observations.,intake_vs_baseline
q158_cntn_30h,rev_72h,alpha158_rolling_direction,reversal,False,,,,0,INSUFFICIENT_DATA,Insufficient pairwise observations.,intake_vs_baseline
q158_cntd_30h,rev_72h,alpha158_rolling_direction,reversal,False,,,,0,INSUFFICIENT_DATA,Insufficient pairwise observations.,intake_vs_baseline
q158_sumd_30h,rev_72h,alpha158_rolling_direction,reversal,False,,,,0,INSUFFICIENT_DATA,Insufficient pairwise observations.,intake_vs_baseline
q158_cntp_30h,trend_efficiency_24h,alpha158_rolling_direction,trend_quality,False,,,,0,INSUFFICIENT_DATA,Insufficient pairwise observations.,intake_vs_baseline
q158_cntn_30h,trend_efficiency_24h,alpha158_rolling_direction,trend_quality,False,,,,0,INSUFFICIENT_DATA,Insufficient pairwise observations.,intake_vs_baseline
q158_cntd_30h,trend_efficiency_24h,alpha158_rolling_direction,trend_quality,False,,,,0,INSUFFICIENT_DATA,Insufficient pairwise observations.,intake_vs_baseline
q158_sumd_30h,trend_efficiency_24h,alpha158_rolling_direction,trend_quality,False,,,,0,INSUFFICIENT_DATA,Insufficient pairwise observations.,intake_vs_baseline
q158_cntp_30h,up_down_vol_ratio_20h,alpha158_rolling_direction,alpha158_ohlcv,False,,,,0,INSUFFICIENT_DATA,Insufficient pairwise observations.,intake_vs_baseline
q158_cntn_30h,up_down_vol_ratio_20h,alpha158_rolling_direction,alpha158_ohlcv,False,,,,0,INSUFFICIENT_DATA,Insufficient pairwise observations.,intake_vs_baseline
q158_cntd_30h,up_down_vol_ratio_20h,alpha158_rolling_direction,alpha158_ohlcv,False,,,,0,INSUFFICIENT_DATA,Insufficient pairwise observations.,intake_vs_baseline
q158_sumd_30h,up_down_vol_ratio_20h,alpha158_rolling_direction,alpha158_ohlcv,False,,,,0,INSUFFICIENT_DATA,Insufficient pairwise observations.,intake_vs_baseline
q158_cntp_30h,clv_20h,alpha158_rolling_direction,alpha158_ohlc_range,False,,,,0,INSUFFICIENT_DATA,Insufficient pairwise observations.,intake_vs_baseline
q158_cntn_30h,clv_20h,alpha158_rolling_direction,alpha158_ohlc_range,False,,,,0,INSUFFICIENT_DATA,Insufficient pairwise observations.,intake_vs_baseline
q158_cntd_30h,clv_20h,alpha158_rolling_direction,alpha158_ohlc_range,False,,,,0,INSUFFICIENT_DATA,Insufficient pairwise observations.,intake_vs_baseline
q158_sumd_30h,clv_20h,alpha158_rolling_direction,alpha158_ohlc_range,False,,,,0,INSUFFICIENT_DATA,Insufficient pairwise observations.,intake_vs_baseline
q158_cntp_30h,a101_volume_xs_z_mean_neg_112h,alpha158_rolling_direction,alpha101_curated_volume_crowding,False,,,,0,INSUFFICIENT_DATA,Insufficient pairwise observations.,intake_vs_baseline
q158_cntn_30h,a101_volume_xs_z_mean_neg_112h,alpha158_rolling_direction,alpha101_curated_volume_crowding,False,,,,0,INSUFFICIENT_DATA,Insufficient pairwise observations.,intake_vs_baseline
q158_cntd_30h,a101_volume_xs_z_mean_neg_112h,alpha158_rolling_direction,alpha101_curated_volume_crowding,False,,,,0,INSUFFICIENT_DATA,Insufficient pairwise observations.,intake_vs_baseline
q158_sumd_30h,a101_volume_xs_z_mean_neg_112h,alpha158_rolling_direction,alpha101_curated_volume_crowding,False,,,,0,INSUFFICIENT_DATA,Insufficient pairwise observations.,intake_vs_baseline
q158_cntp_30h,a101_vol_xs_z_product_112h,alpha158_rolling_direction,alpha101_curated_volume_regime,False,,,,0,INSUFFICIENT_DATA,Insufficient pairwise observations.,intake_vs_baseline
q158_cntn_30h,a101_vol_xs_z_product_112h,alpha158_rolling_direction,alpha101_curated_volume_regime,False,,,,0,INSUFFICIENT_DATA,Insufficient pairwise observations.,intake_vs_baseline
q158_cntd_30h,a101_vol_xs_z_product_112h,alpha158_rolling_direction,alpha101_curated_volume_regime,False,,,,0,INSUFFICIENT_DATA,Insufficient pairwise observations.,intake_vs_baseline
q158_sumd_30h,a101_vol_xs_z_product_112h,alpha158_rolling_direction,alpha101_curated_volume_regime,False,,,,0,INSUFFICIENT_DATA,Insufficient pairwise observations.,intake_vs_baseline
q158_cntp_30h,a101_volume_cap_alpha_min_80_80,alpha158_rolling_direction,alpha101_curated_volume_cap_regression,False,,,,0,INSUFFICIENT_DATA,Insufficient pairwise observations.,intake_vs_baseline
q158_cntn_30h,a101_volume_cap_alpha_min_80_80,alpha158_rolling_direction,alpha101_curated_volume_cap_regression,False,,,,0,INSUFFICIENT_DATA,Insufficient pairwise observations.,intake_vs_baseline
q158_cntd_30h,a101_volume_cap_alpha_min_80_80,alpha158_rolling_direction,alpha101_curated_volume_cap_regression,False,,,,0,INSUFFICIENT_DATA,Insufficient pairwise observations.,intake_vs_baseline
q158_sumd_30h,a101_volume_cap_alpha_min_80_80,alpha158_rolling_direction,alpha101_curated_volume_cap_regression,False,,,,0,INSUFFICIENT_DATA,Insufficient pairwise observations.,intake_vs_baseline
q158_cntp_30h,a101_volume_cap_alpha_min_56_84,alpha158_rolling_direction,alpha101_curated_volume_cap_regression,False,,,,0,INSUFFICIENT_DATA,Insufficient pairwise observations.,intake_vs_baseline
q158_cntn_30h,a101_volume_cap_alpha_min_56_84,alpha158_rolling_direction,alpha101_curated_volume_cap_regression,False,,,,0,INSUFFICIENT_DATA,Insufficient pairwise observations.,intake_vs_baseline
q158_cntd_30h,a101_volume_cap_alpha_min_56_84,alpha158_rolling_direction,alpha101_curated_volume_cap_regression,False,,,,0,INSUFFICIENT_DATA,Insufficient pairwise observations.,intake_vs_baseline
q158_sumd_30h,a101_volume_cap_alpha_min_56_84,alpha158_rolling_direction,alpha101_curated_volume_cap_regression,False,,,,0,INSUFFICIENT_DATA,Insufficient pairwise observations.,intake_vs_baseline
q158_cntp_30h,a101_volume_high_alpha_min_84_84,alpha158_rolling_direction,alpha101_curated_volume_price_regression,False,,,,0,INSUFFICIENT_DATA,Insufficient pairwise observations.,intake_vs_baseline
q158_cntn_30h,a101_volume_high_alpha_min_84_84,alpha158_rolling_direction,alpha101_curated_volume_price_regression,False,,,,0,INSUFFICIENT_DATA,Insufficient pairwise observations.,intake_vs_baseline
q158_cntd_30h,a101_volume_high_alpha_min_84_84,alpha158_rolling_direction,alpha101_curated_volume_price_regression,False,,,,0,INSUFFICIENT_DATA,Insufficient pairwise observations.,intake_vs_baseline
q158_sumd_30h,a101_volume_high_alpha_min_84_84,alpha158_rolling_direction,alpha101_curated_volume_price_regression,False,,,,0,INSUFFICIENT_DATA,Insufficient pairwise observations.,intake_vs_baseline
