factor_i,factor_j,family_i,family_j,same_family,spearman_corr,abs_spearman_corr,pearson_corr,n_pairwise_obs,redundancy_level,recommendation,pair_type
q158_beta_30h,ma_gap_10_40,alpha158_rolling_regression,trend_ma,False,0.958695,0.958695,0.716051,660820,NEAR_DUPLICATE,NEAR_DUPLICATE with existing library factor. Likely redundant. Drop or justify unique contribution.,intake_vs_baseline
q158_beta_30h,rev_24h,alpha158_rolling_regression,reversal,False,-0.910272,0.910272,-0.61214,661566,HIGH_REDUNDANCY,REDUNDANT_WITH_EXISTING. High correlation with existing library factor.,intake_vs_baseline
q158_beta_30h,ema_12_26_gap,alpha158_rolling_regression,technical_indicators,False,0.858575,0.858575,0.864235,1280,HIGH_REDUNDANCY,REDUNDANT_WITH_EXISTING. High correlation with existing library factor.,intake_vs_baseline
q158_beta_30h,q158_roc_20h,alpha158_rolling_regression,alpha158_rolling_price,False,-0.848868,0.848868,-0.72589,428,MODERATE_REDUNDANCY,Monitor. May provide diversification if combined carefully.,intake_vs_baseline
q158_beta_30h,mom_20h,alpha158_rolling_regression,momentum,False,0.848868,0.848868,0.707632,428,MODERATE_REDUNDANCY,Monitor. May provide diversification if combined carefully.,intake_vs_baseline
q158_beta_30h,q158_ma_60h,alpha158_rolling_regression,alpha158_rolling_price,False,-0.804902,0.804902,-0.802474,658904,MODERATE_REDUNDANCY,Monitor. May provide diversification if combined carefully.,intake_vs_baseline
q158_resi_30h,q158_ma_10h,alpha158_rolling_regression,alpha158_rolling_price,False,-0.792124,0.792124,-0.75672,660926,MODERATE_REDUNDANCY,Monitor. May provide diversification if combined carefully.,intake_vs_baseline
q158_beta_30h,q158_ma_30h,alpha158_rolling_regression,alpha158_rolling_price,False,-0.787344,0.787344,-0.836451,661780,MODERATE_REDUNDANCY,Monitor. May provide diversification if combined carefully.,intake_vs_baseline
q158_rsqr_30h,mom_vol_adjusted_20h,alpha158_rolling_regression,momentum,False,0.772361,0.772361,0.72052,426,MODERATE_REDUNDANCY,Monitor. May provide diversification if combined carefully.,intake_vs_baseline
q158_beta_30h,q158_beta_20h,alpha158_rolling_regression,alpha158_rolling_regression,True,0.767893,0.767893,0.789891,661352,MODERATE_REDUNDANCY,Monitor. May provide diversification if combined carefully.,intake_vs_baseline
q158_rsqr_30h,q158_sump_20h,alpha158_rolling_regression,alpha158_rolling_direction,False,0.756786,0.756786,0.700946,428,MODERATE_REDUNDANCY,Monitor. May provide diversification if combined carefully.,intake_vs_baseline
q158_rsqr_30h,q158_sumd_20h,alpha158_rolling_regression,alpha158_rolling,False,0.75619,0.75619,0.701415,428,MODERATE_REDUNDANCY,Monitor. May provide diversification if combined carefully.,intake_vs_baseline
q158_resi_30h,q158_resi_20h,alpha158_rolling_regression,alpha158_rolling_regression,True,0.755041,0.755041,0.732251,661352,MODERATE_REDUNDANCY,Monitor. May provide diversification if combined carefully.,intake_vs_baseline
q158_resi_30h,rev_10h,alpha158_rolling_regression,reversal,False,-0.747071,0.747071,-0.763053,854,MODERATE_REDUNDANCY,Monitor. May provide diversification if combined carefully.,intake_vs_baseline
q158_resi_30h,mom_10h,alpha158_rolling_regression,momentum,False,0.747071,0.747071,0.763053,854,MODERATE_REDUNDANCY,Monitor. May provide diversification if combined carefully.,intake_vs_baseline
q158_resi_30h,reversal_5h,alpha158_rolling_regression,momentum,False,-0.740457,0.740457,-0.778992,1067,MODERATE_REDUNDANCY,Monitor. May provide diversification if combined carefully.,intake_vs_baseline
q158_resi_30h,mom_5h,alpha158_rolling_regression,momentum,False,0.740457,0.740457,0.778992,1067,MODERATE_REDUNDANCY,Monitor. May provide diversification if combined carefully.,intake_vs_baseline
q158_beta_30h,price_pos_72h,alpha158_rolling_regression,price_position,False,0.738749,0.738749,0.658257,1919,MODERATE_REDUNDANCY,Monitor. May provide diversification if combined carefully.,intake_vs_baseline
q158_rsqr_30h,q158_sumn_20h,alpha158_rolling_regression,alpha158_rolling_direction,False,-0.728871,0.728871,-0.620866,428,MODERATE_REDUNDANCY,Monitor. May provide diversification if combined carefully.,intake_vs_baseline
q158_beta_30h,q158_qtlu_30h,alpha158_rolling_regression,alpha158_rolling,False,-0.727995,0.727995,-0.859575,661780,MODERATE_REDUNDANCY,Monitor. May provide diversification if combined carefully.,intake_vs_baseline
q158_resi_30h,q158_open_close_4h,alpha158_rolling_regression,alpha158_price,False,-0.718471,0.718471,-0.694936,660713,MODERATE_REDUNDANCY,Monitor. May provide diversification if combined carefully.,intake_vs_baseline
q158_beta_30h,q158_imax_30h,alpha158_rolling_regression,alpha158_rolling_position,False,-0.710281,0.710281,-0.364169,661780,MODERATE_REDUNDANCY,Monitor. May provide diversification if combined carefully.,intake_vs_intake
q158_beta_30h,q158_qtld_30h,alpha158_rolling_regression,alpha158_rolling,False,-0.70782,0.70782,-0.4881,661780,MODERATE_REDUNDANCY,Monitor. May provide diversification if combined carefully.,intake_vs_baseline
q158_rsqr_30h,trend_efficiency_24h,alpha158_rolling_regression,trend_quality,False,0.70584,0.70584,0.688111,659797,MODERATE_REDUNDANCY,Monitor. May provide diversification if combined carefully.,intake_vs_baseline
q158_beta_30h,rsi_14h,alpha158_rolling_regression,technical,False,0.701613,0.701613,0.404691,661139,MODERATE_REDUNDANCY,Monitor. May provide diversification if combined carefully.,intake_vs_baseline
q158_beta_30h,q158_rsv_30h,alpha158_rolling_regression,alpha158_rolling,False,0.697131,0.697131,0.361197,661780,LOW_REDUNDANCY,Low redundancy. Independent signal sources.,intake_vs_baseline
q158_imax_30h,ma_gap_10_40,alpha158_rolling_position,trend_ma,False,-0.695225,0.695225,-0.524713,660820,LOW_REDUNDANCY,Low redundancy. Independent signal sources.,intake_vs_baseline
q158_resi_30h,q158_high_close_4h,alpha158_rolling_regression,alpha158_price,False,-0.692707,0.692707,-0.665275,660713,LOW_REDUNDANCY,Low redundancy. Independent signal sources.,intake_vs_baseline
q158_resi_30h,q158_low_close_4h,alpha158_rolling_regression,alpha158_price,False,-0.690453,0.690453,-0.642216,660713,LOW_REDUNDANCY,Low redundancy. Independent signal sources.,intake_vs_baseline
q158_resi_30h,q158_close_close_4h,alpha158_rolling_regression,alpha158_price,False,-0.688363,0.688363,-0.650947,660713,LOW_REDUNDANCY,Low redundancy. Independent signal sources.,intake_vs_baseline
q158_resi_30h,q158_ma_5h,alpha158_rolling_regression,alpha158_rolling_price,False,-0.674916,0.674916,-0.626905,660713,LOW_REDUNDANCY,Low redundancy. Independent signal sources.,intake_vs_baseline
q158_beta_30h,q158_imxd_20h,alpha158_rolling_regression,alpha158_rolling_position,False,-0.668487,0.668487,-0.353126,661352,LOW_REDUNDANCY,Low redundancy. Independent signal sources.,intake_vs_baseline
q158_resi_30h,mom_accel_20h,alpha158_rolling_regression,momentum,False,0.661077,0.661077,0.850828,214,LOW_REDUNDANCY,Low redundancy. Independent signal sources.,intake_vs_baseline
q158_resi_30h,xs_rank_mom_accel,alpha158_rolling_regression,cross_sectional_normalized,False,0.661077,0.661077,0.492996,214,LOW_REDUNDANCY,Low redundancy. Independent signal sources.,intake_vs_baseline
q158_beta_30h,q158_rank_close_30h,alpha158_rolling_regression,alpha158_rolling,False,0.659442,0.659442,0.341645,661780,LOW_REDUNDANCY,Low redundancy. Independent signal sources.,intake_vs_baseline
q158_imax_30h,rev_24h,alpha158_rolling_position,reversal,False,0.64838,0.64838,0.474106,661566,LOW_REDUNDANCY,Low redundancy. Independent signal sources.,intake_vs_baseline
q158_beta_30h,ma_gap_5_20,alpha158_rolling_regression,trend_ma,False,0.647373,0.647373,0.530866,661352,LOW_REDUNDANCY,Low redundancy. Independent signal sources.,intake_vs_baseline
q158_beta_30h,up_down_vol_ratio_20h,alpha158_rolling_regression,alpha158_ohlcv,False,0.639135,0.639135,0.352161,659581,LOW_REDUNDANCY,Low redundancy. Independent signal sources.,intake_vs_baseline
q158_resi_30h,bb_zscore_20h,alpha158_rolling_regression,technical,False,0.638055,0.638055,0.408386,659581,LOW_REDUNDANCY,Low redundancy. Independent signal sources.,intake_vs_baseline
q158_resi_30h,tech_macd,alpha158_rolling_regression,technical,False,0.637899,0.637899,0.014874,1280,LOW_REDUNDANCY,Low redundancy. Independent signal sources.,intake_vs_baseline
q158_resi_30h,q158_rank_close_20h,alpha158_rolling_regression,alpha158_rolling,False,0.634066,0.634066,0.377144,661352,LOW_REDUNDANCY,Low redundancy. Independent signal sources.,intake_vs_baseline
q158_imax_30h,mom_vol_adjusted_20h,alpha158_rolling_position,momentum,False,-0.6339,0.6339,-0.633181,426,LOW_REDUNDANCY,Low redundancy. Independent signal sources.,intake_vs_baseline
q158_resi_30h,vwap_dev_20h,alpha158_rolling_regression,alpha158_ohlcv,False,0.627867,0.627867,0.515324,659581,LOW_REDUNDANCY,Low redundancy. Independent signal sources.,intake_vs_baseline
q158_imax_30h,q158_ma_60h,alpha158_rolling_position,alpha158_rolling_price,False,0.61583,0.61583,0.348025,658904,LOW_REDUNDANCY,Low redundancy. Independent signal sources.,intake_vs_baseline
q158_imax_30h,q158_sumn_20h,alpha158_rolling_position,alpha158_rolling_direction,False,0.605127,0.605127,0.611876,428,LOW_REDUNDANCY,Low redundancy. Independent signal sources.,intake_vs_baseline
q158_imax_30h,price_pos_72h,alpha158_rolling_position,price_position,False,-0.602865,0.602865,-0.647363,1919,LOW_REDUNDANCY,Low redundancy. Independent signal sources.,intake_vs_baseline
q158_beta_30h,price_pos_120h,alpha158_rolling_regression,price_position,False,0.601724,0.601724,0.328302,653156,LOW_REDUNDANCY,Low redundancy. Independent signal sources.,intake_vs_baseline
q158_beta_30h,ma_gap_20_80,alpha158_rolling_regression,trend_ma,False,0.597807,0.597807,0.466013,656988,LOW_REDUNDANCY,Low redundancy. Independent signal sources.,intake_vs_baseline
q158_beta_30h,q158_sump_20h,alpha158_rolling_regression,alpha158_rolling_direction,False,0.595399,0.595399,0.477436,428,LOW_REDUNDANCY,Low redundancy. Independent signal sources.,intake_vs_baseline
q158_beta_30h,q158_sumd_20h,alpha158_rolling_regression,alpha158_rolling,False,0.595193,0.595193,0.497541,428,LOW_REDUNDANCY,Low redundancy. Independent signal sources.,intake_vs_baseline
q158_resi_30h,q158_qtld_20h,alpha158_rolling_regression,alpha158_rolling,False,-0.591742,0.591742,-0.506632,661352,LOW_REDUNDANCY,Low redundancy. Independent signal sources.,intake_vs_baseline
q158_beta_30h,q158_imax_20h,alpha158_rolling_regression,alpha158_rolling_position,False,-0.589474,0.589474,-0.307673,661352,LOW_REDUNDANCY,Low redundancy. Independent signal sources.,intake_vs_baseline
q158_imax_30h,q158_sumd_20h,alpha158_rolling_position,alpha158_rolling,False,-0.58607,0.58607,-0.600321,428,LOW_REDUNDANCY,Low redundancy. Independent signal sources.,intake_vs_baseline
q158_imax_30h,q158_imax_20h,alpha158_rolling_position,alpha158_rolling_position,True,0.585081,0.585081,0.623073,661352,LOW_REDUNDANCY,Low redundancy. Independent signal sources.,intake_vs_baseline
q158_imax_30h,q158_sump_20h,alpha158_rolling_position,alpha158_rolling_direction,False,-0.582899,0.582899,-0.524846,428,LOW_REDUNDANCY,Low redundancy. Independent signal sources.,intake_vs_baseline
q158_resi_30h,q158_qtlu_20h,alpha158_rolling_regression,alpha158_rolling,False,-0.582098,0.582098,-0.393499,661352,LOW_REDUNDANCY,Low redundancy. Independent signal sources.,intake_vs_baseline
q158_imax_30h,q158_ma_30h,alpha158_rolling_position,alpha158_rolling_price,False,0.578564,0.578564,0.349489,661780,LOW_REDUNDANCY,Low redundancy. Independent signal sources.,intake_vs_baseline
q158_resi_30h,q158_ma_20h,alpha158_rolling_regression,alpha158_rolling_price,False,-0.578289,0.578289,-0.529683,661352,LOW_REDUNDANCY,Low redundancy. Independent signal sources.,intake_vs_baseline
q158_imax_30h,q158_qtlu_30h,alpha158_rolling_position,alpha158_rolling,False,0.573415,0.573415,0.245453,661780,LOW_REDUNDANCY,Low redundancy. Independent signal sources.,intake_vs_baseline
q158_beta_30h,q158_sumn_20h,alpha158_rolling_regression,alpha158_rolling_direction,False,-0.572351,0.572351,-0.461605,428,LOW_REDUNDANCY,Low redundancy. Independent signal sources.,intake_vs_baseline
q158_beta_30h,mom_vol_adjusted_20h,alpha158_rolling_regression,momentum,False,0.569182,0.569182,0.499084,426,LOW_REDUNDANCY,Low redundancy. Independent signal sources.,intake_vs_baseline
q158_beta_30h,q158_imin_20h,alpha158_rolling_regression,alpha158_rolling_position,False,0.568959,0.568959,0.295551,661352,LOW_REDUNDANCY,Low redundancy. Independent signal sources.,intake_vs_baseline
q158_rsqr_30h,mom_20h,alpha158_rolling_regression,momentum,False,0.567904,0.567904,0.37455,428,LOW_REDUNDANCY,Low redundancy. Independent signal sources.,intake_vs_baseline
q158_rsqr_30h,q158_roc_20h,alpha158_rolling_regression,alpha158_rolling_price,False,-0.567904,0.567904,-0.427536,428,LOW_REDUNDANCY,Low redundancy. Independent signal sources.,intake_vs_baseline
q158_beta_30h,q158_max_60h,alpha158_rolling_regression,alpha158_rolling_price,False,-0.565392,0.565392,-0.308419,658904,LOW_REDUNDANCY,Low redundancy. Independent signal sources.,intake_vs_baseline
q158_imax_30h,q158_rsv_30h,alpha158_rolling_position,alpha158_rolling,False,-0.565081,0.565081,-0.590465,661780,LOW_REDUNDANCY,Low redundancy. Independent signal sources.,intake_vs_baseline
q158_resi_30h,q158_min_10h,alpha158_rolling_regression,alpha158_rolling_price,False,-0.565041,0.565041,-0.303906,660926,LOW_REDUNDANCY,Low redundancy. Independent signal sources.,intake_vs_baseline
q158_imax_30h,rsi_14h,alpha158_rolling_position,technical,False,-0.562639,0.562639,-0.577949,661139,LOW_REDUNDANCY,Low redundancy. Independent signal sources.,intake_vs_baseline
q158_resi_30h,q158_max_10h,alpha158_rolling_regression,alpha158_rolling_price,False,-0.562613,0.562613,-0.234922,660926,LOW_REDUNDANCY,Low redundancy. Independent signal sources.,intake_vs_baseline
q158_beta_30h,q158_max_30h,alpha158_rolling_regression,alpha158_rolling_price,False,-0.561582,0.561582,-0.383855,661780,LOW_REDUNDANCY,Low redundancy. Independent signal sources.,intake_vs_baseline
q158_imax_30h,q158_imxd_20h,alpha158_rolling_position,alpha158_rolling_position,True,0.556296,0.556296,0.597181,661352,LOW_REDUNDANCY,Low redundancy. Independent signal sources.,intake_vs_baseline
q158_resi_30h,q158_rsv_20h,alpha158_rolling_regression,alpha158_rolling,False,0.556291,0.556291,0.338195,661352,LOW_REDUNDANCY,Low redundancy. Independent signal sources.,intake_vs_baseline
q158_resi_30h,breakout_dist_20h,alpha158_rolling_regression,breakout,False,0.556267,0.556267,0.337917,661352,LOW_REDUNDANCY,Low redundancy. Independent signal sources.,intake_vs_baseline
q158_beta_30h,q158_ma_20h,alpha158_rolling_regression,alpha158_rolling_price,False,-0.549772,0.549772,-0.589673,661352,LOW_REDUNDANCY,Low redundancy. Independent signal sources.,intake_vs_baseline
q158_imax_30h,q158_rank_close_30h,alpha158_rolling_position,alpha158_rolling,False,-0.543874,0.543874,-0.566751,661780,LOW_REDUNDANCY,Low redundancy. Independent signal sources.,intake_vs_baseline
q158_imax_30h,q158_beta_20h,alpha158_rolling_position,alpha158_rolling_regression,False,-0.536467,0.536467,-0.306317,661352,LOW_REDUNDANCY,Low redundancy. Independent signal sources.,intake_vs_baseline
q158_beta_30h,q158_min_60h,alpha158_rolling_regression,alpha158_rolling_price,False,-0.534157,0.534157,-0.237684,658904,LOW_REDUNDANCY,Low redundancy. Independent signal sources.,intake_vs_baseline
q158_beta_30h,q158_min_30h,alpha158_rolling_regression,alpha158_rolling_price,False,-0.523555,0.523555,-0.240978,661780,LOW_REDUNDANCY,Low redundancy. Independent signal sources.,intake_vs_baseline
q158_imax_30h,q158_qtld_30h,alpha158_rolling_position,alpha158_rolling,False,0.510587,0.510587,0.399324,661780,LOW_REDUNDANCY,Low redundancy. Independent signal sources.,intake_vs_baseline
q158_imax_30h,q158_max_60h,alpha158_rolling_position,alpha158_rolling_price,False,0.508229,0.508229,0.093135,658904,LOW_REDUNDANCY,Low redundancy. Independent signal sources.,intake_vs_baseline
q158_beta_30h,q158_qtlu_20h,alpha158_rolling_regression,alpha158_rolling,False,-0.501152,0.501152,-0.621774,661352,LOW_REDUNDANCY,Low redundancy. Independent signal sources.,intake_vs_baseline
q158_imax_30h,q158_max_30h,alpha158_rolling_position,alpha158_rolling_price,False,0.494899,0.494899,0.088387,661780,LOW_REDUNDANCY,Low redundancy. Independent signal sources.,intake_vs_baseline
q158_imax_30h,mom_10h,alpha158_rolling_position,momentum,False,-0.491694,0.491694,-0.306292,854,LOW_REDUNDANCY,Low redundancy. Independent signal sources.,intake_vs_baseline
q158_imax_30h,rev_10h,alpha158_rolling_position,reversal,False,0.491694,0.491694,0.306292,854,LOW_REDUNDANCY,Low redundancy. Independent signal sources.,intake_vs_baseline
q158_resi_30h,q158_max_5h,alpha158_rolling_regression,alpha158_rolling_price,False,-0.490479,0.490479,-0.20253,660713,LOW_REDUNDANCY,Low redundancy. Independent signal sources.,intake_vs_baseline
q158_beta_30h,q158_qtld_20h,alpha158_rolling_regression,alpha158_rolling,False,-0.486365,0.486365,-0.358292,661352,LOW_REDUNDANCY,Low redundancy. Independent signal sources.,intake_vs_baseline
q158_imax_30h,price_pos_120h,alpha158_rolling_position,price_position,False,-0.483402,0.483402,-0.493998,653156,LOW_REDUNDANCY,Low redundancy. Independent signal sources.,intake_vs_baseline
q158_resi_30h,q158_min_5h,alpha158_rolling_regression,alpha158_rolling_price,False,-0.482501,0.482501,-0.267826,660713,LOW_REDUNDANCY,Low redundancy. Independent signal sources.,intake_vs_baseline
q158_imax_30h,up_down_vol_ratio_20h,alpha158_rolling_position,alpha158_ohlcv,False,-0.481043,0.481043,-0.50114,659581,LOW_REDUNDANCY,Low redundancy. Independent signal sources.,intake_vs_baseline
q158_beta_30h,breakout_dist_20h,alpha158_rolling_regression,breakout,False,0.480627,0.480627,0.261707,661352,LOW_REDUNDANCY,Low redundancy. Independent signal sources.,intake_vs_baseline
q158_beta_30h,q158_rsv_20h,alpha158_rolling_regression,alpha158_rolling,False,0.479588,0.479588,0.26136,661352,LOW_REDUNDANCY,Low redundancy. Independent signal sources.,intake_vs_baseline
q158_imax_30h,ma_gap_5_20,alpha158_rolling_position,trend_ma,False,-0.473294,0.473294,-0.398298,661352,LOW_REDUNDANCY,Low redundancy. Independent signal sources.,intake_vs_baseline
q158_beta_30h,clv_20h,alpha158_rolling_regression,alpha158_ohlc_range,False,0.470916,0.470916,0.276,661352,LOW_REDUNDANCY,Low redundancy. Independent signal sources.,intake_vs_baseline
q158_beta_30h,vwap_dev_20h,alpha158_rolling_regression,alpha158_ohlcv,False,0.465035,0.465035,0.359277,659581,LOW_REDUNDANCY,Low redundancy. Independent signal sources.,intake_vs_baseline
q158_beta_30h,bb_zscore_20h,alpha158_rolling_regression,technical,False,0.463677,0.463677,0.234836,659581,LOW_REDUNDANCY,Low redundancy. Independent signal sources.,intake_vs_baseline
q158_rsqr_30h,q158_rsqr_20h,alpha158_rolling_regression,alpha158_rolling_regression,True,0.459068,0.459068,0.460073,661264,LOW_REDUNDANCY,Low redundancy. Independent signal sources.,intake_vs_baseline
q158_imax_30h,ma_gap_20_80,alpha158_rolling_position,trend_ma,False,-0.458884,0.458884,-0.355227,656988,LOW_REDUNDANCY,Low redundancy. Independent signal sources.,intake_vs_baseline
q158_imax_30h,tech_macd,alpha158_rolling_position,technical,False,-0.456728,0.456728,-0.013168,1280,LOW_REDUNDANCY,Low redundancy. Independent signal sources.,intake_vs_baseline
q158_resi_30h,q158_rank_close_30h,alpha158_rolling_regression,alpha158_rolling,False,0.451114,0.451114,0.262871,661780,LOW_REDUNDANCY,Low redundancy. Independent signal sources.,intake_vs_baseline
q158_beta_30h,volume_pressure_20h,alpha158_rolling_regression,volume_price,False,0.447765,0.447765,0.021534,428,LOW_REDUNDANCY,Low redundancy. Independent signal sources.,intake_vs_baseline
q158_resi_30h,q158_min_20h,alpha158_rolling_regression,alpha158_rolling_price,False,-0.444082,0.444082,-0.231096,661352,LOW_REDUNDANCY,Low redundancy. Independent signal sources.,intake_vs_baseline
q158_rsqr_30h,ema_12_26_gap,alpha158_rolling_regression,technical_indicators,False,0.44173,0.44173,0.370431,1280,LOW_REDUNDANCY,Low redundancy. Independent signal sources.,intake_vs_baseline
q158_beta_30h,q158_corr_20h,alpha158_rolling_regression,alpha158_rolling_volume_price,False,0.440282,0.440282,0.25699,659581,LOW_REDUNDANCY,Low redundancy. Independent signal sources.,intake_vs_baseline
q158_beta_30h,q158_rank_close_20h,alpha158_rolling_regression,alpha158_rolling,False,0.439374,0.439374,0.23499,661352,LOW_REDUNDANCY,Low redundancy. Independent signal sources.,intake_vs_baseline
q158_beta_30h,volatility_20h,alpha158_rolling_regression,volatility,False,0.432404,0.432404,0.339445,428,LOW_REDUNDANCY,Low redundancy. Independent signal sources.,intake_vs_baseline
q158_imax_30h,ema_12_26_gap,alpha158_rolling_position,technical_indicators,False,-0.430408,0.430408,-0.40713,1280,LOW_REDUNDANCY,Low redundancy. Independent signal sources.,intake_vs_baseline
q158_rsqr_30h,q158_std_30h,alpha158_rolling_regression,alpha158_rolling_price,False,0.429189,0.429189,0.170766,661692,LOW_REDUNDANCY,Low redundancy. Independent signal sources.,intake_vs_baseline
q158_rsqr_30h,q158_cntd_20h,alpha158_rolling_regression,alpha158_rolling_direction,False,0.428541,0.428541,0.413821,428,LOW_REDUNDANCY,Low redundancy. Independent signal sources.,intake_vs_baseline
q158_rsqr_30h,q158_cntp_20h,alpha158_rolling_regression,alpha158_rolling,False,0.426258,0.426258,0.431727,428,LOW_REDUNDANCY,Low redundancy. Independent signal sources.,intake_vs_baseline
q158_beta_30h,price_volume_corr_20h,alpha158_rolling_regression,volume_price,False,0.425955,0.425955,0.393514,426,LOW_REDUNDANCY,Low redundancy. Independent signal sources.,intake_vs_baseline
q158_imax_30h,q158_ma_20h,alpha158_rolling_position,alpha158_rolling_price,False,0.419733,0.419733,0.279743,661352,LOW_REDUNDANCY,Low redundancy. Independent signal sources.,intake_vs_baseline
q158_resi_30h,q158_max_20h,alpha158_rolling_regression,alpha158_rolling_price,False,-0.419684,0.419684,-0.088163,661352,LOW_REDUNDANCY,Low redundancy. Independent signal sources.,intake_vs_baseline
q158_beta_30h,q158_cord_20h,alpha158_rolling_regression,alpha158_rolling_volume_price,False,0.41597,0.41597,0.396089,426,LOW_REDUNDANCY,Low redundancy. Independent signal sources.,intake_vs_baseline
q158_imax_30h,mom_20h,alpha158_rolling_position,momentum,False,-0.414513,0.414513,-0.37328,428,LOW_REDUNDANCY,Low redundancy. Independent signal sources.,intake_vs_baseline
q158_imax_30h,q158_roc_20h,alpha158_rolling_position,alpha158_rolling_price,False,0.414513,0.414513,0.405047,428,LOW_REDUNDANCY,Low redundancy. Independent signal sources.,intake_vs_baseline
q158_imax_30h,q158_corr_20h,alpha158_rolling_position,alpha158_rolling_volume_price,False,-0.411743,0.411743,-0.421619,659581,LOW_REDUNDANCY,Low redundancy. Independent signal sources.,intake_vs_baseline
q158_resi_30h,vol_5h,alpha158_rolling_regression,volatility,False,0.40695,0.40695,0.332113,1067,LOW_REDUNDANCY,Low redundancy. Independent signal sources.,intake_vs_baseline
q158_rsqr_30h,q158_cntn_20h,alpha158_rolling_regression,alpha158_rolling,False,-0.404226,0.404226,-0.31812,428,LOW_REDUNDANCY,Low redundancy. Independent signal sources.,intake_vs_baseline
q158_imax_30h,mom_5h,alpha158_rolling_position,momentum,False,-0.401151,0.401151,-0.191758,1067,LOW_REDUNDANCY,Low redundancy. Independent signal sources.,intake_vs_baseline
q158_imax_30h,reversal_5h,alpha158_rolling_position,momentum,False,0.401151,0.401151,0.191758,1067,LOW_REDUNDANCY,Low redundancy. Independent signal sources.,intake_vs_baseline
q158_imax_30h,bb_zscore_20h,alpha158_rolling_position,technical,False,-0.399082,0.399082,-0.418019,659581,LOW_REDUNDANCY,Low redundancy. Independent signal sources.,intake_vs_baseline
q158_imax_30h,q158_qtld_20h,alpha158_rolling_position,alpha158_rolling,False,0.395571,0.395571,0.354108,661352,LOW_REDUNDANCY,Low redundancy. Independent signal sources.,intake_vs_baseline
q158_imax_30h,q158_cntn_20h,alpha158_rolling_position,alpha158_rolling,False,0.394074,0.394074,0.390952,428,LOW_REDUNDANCY,Low redundancy. Independent signal sources.,intake_vs_baseline
q158_resi_30h,rsi_14h,alpha158_rolling_regression,technical,False,0.394057,0.394057,0.282988,661139,LOW_REDUNDANCY,Low redundancy. Independent signal sources.,intake_vs_baseline
q158_beta_30h,wvma_20h,alpha158_rolling_regression,alpha158_ohlcv,False,0.392845,0.392845,0.210645,426,LOW_REDUNDANCY,Low redundancy. Independent signal sources.,intake_vs_baseline
q158_beta_30h,q158_low_close_0h,alpha158_rolling_regression,alpha158_price,False,-0.39126,0.39126,-0.163886,1280,LOW_REDUNDANCY,Low redundancy. Independent signal sources.,intake_vs_baseline
q158_imax_30h,q158_min_60h,alpha158_rolling_position,alpha158_rolling_price,False,0.39071,0.39071,0.282008,658904,LOW_REDUNDANCY,Low redundancy. Independent signal sources.,intake_vs_baseline
q158_beta_30h,q158_max_20h,alpha158_rolling_regression,alpha158_rolling_price,False,-0.388843,0.388843,-0.311744,661352,LOW_REDUNDANCY,Low redundancy. Independent signal sources.,intake_vs_baseline
q158_imax_30h,q158_qtlu_20h,alpha158_rolling_position,alpha158_rolling,False,0.38858,0.38858,0.185287,661352,LOW_REDUNDANCY,Low redundancy. Independent signal sources.,intake_vs_baseline
q158_imax_30h,q158_cntd_20h,alpha158_rolling_position,alpha158_rolling_direction,False,-0.381084,0.381084,-0.393885,428,LOW_REDUNDANCY,Low redundancy. Independent signal sources.,intake_vs_baseline
q158_imax_30h,q158_min_30h,alpha158_rolling_position,alpha158_rolling_price,False,0.380071,0.380071,0.298434,661780,LOW_REDUNDANCY,Low redundancy. Independent signal sources.,intake_vs_baseline
q158_imax_30h,q158_rank_close_20h,alpha158_rolling_position,alpha158_rolling,False,-0.378644,0.378644,-0.396539,661352,LOW_REDUNDANCY,Low redundancy. Independent signal sources.,intake_vs_baseline
q158_imax_30h,breakout_dist_20h,alpha158_rolling_position,breakout,False,-0.375449,0.375449,-0.39892,661352,LOW_REDUNDANCY,Low redundancy. Independent signal sources.,intake_vs_baseline
q158_imax_30h,q158_cntp_20h,alpha158_rolling_position,alpha158_rolling,False,-0.373897,0.373897,-0.32655,428,LOW_REDUNDANCY,Low redundancy. Independent signal sources.,intake_vs_baseline
q158_imax_30h,q158_imin_20h,alpha158_rolling_position,alpha158_rolling_position,True,-0.370933,0.370933,-0.396606,661352,LOW_REDUNDANCY,Low redundancy. Independent signal sources.,intake_vs_baseline
q158_rsqr_30h,vol_5h,alpha158_rolling_regression,volatility,False,-0.370717,0.370717,-0.221093,1067,LOW_REDUNDANCY,Low redundancy. Independent signal sources.,intake_vs_baseline
q158_resi_30h,q158_qtld_30h,alpha158_rolling_regression,alpha158_rolling,False,-0.369644,0.369644,-0.402219,661780,LOW_REDUNDANCY,Low redundancy. Independent signal sources.,intake_vs_baseline
q158_beta_30h,q158_cntd_20h,alpha158_rolling_regression,alpha158_rolling_direction,False,0.367203,0.367203,0.353834,428,LOW_REDUNDANCY,Low redundancy. Independent signal sources.,intake_vs_baseline
q158_beta_30h,q158_ksft_range,alpha158_rolling_regression,alpha158_kbar,False,0.366309,0.366309,0.248922,1280,LOW_REDUNDANCY,Low redundancy. Independent signal sources.,intake_vs_baseline
q158_beta_30h,q158_cntp_20h,alpha158_rolling_regression,alpha158_rolling,False,0.365968,0.365968,0.343874,428,LOW_REDUNDANCY,Low redundancy. Independent signal sources.,intake_vs_baseline
q158_imax_30h,q158_rsv_20h,alpha158_rolling_position,alpha158_rolling,False,-0.360732,0.360732,-0.384465,661352,LOW_REDUNDANCY,Low redundancy. Independent signal sources.,intake_vs_baseline
q158_imax_30h,clv_20h,alpha158_rolling_position,alpha158_ohlc_range,False,-0.360518,0.360518,-0.382444,661352,LOW_REDUNDANCY,Low redundancy. Independent signal sources.,intake_vs_baseline
q158_resi_30h,ma_gap_5_20,alpha158_rolling_regression,trend_ma,False,0.360489,0.360489,0.315879,661352,LOW_REDUNDANCY,Low redundancy. Independent signal sources.,intake_vs_baseline
q158_rsqr_30h,downside_vol_20h,alpha158_rolling_regression,realized_skew_kurtosis,False,-0.359905,0.359905,-0.282308,428,LOW_REDUNDANCY,Low redundancy. Independent signal sources.,intake_vs_baseline
q158_beta_30h,vol_ret_corr_20h,alpha158_rolling_regression,alpha158_ohlcv,False,0.358067,0.358067,0.33398,426,LOW_REDUNDANCY,Low redundancy. Independent signal sources.,intake_vs_baseline
q158_beta_30h,q158_min_20h,alpha158_rolling_regression,alpha158_rolling_price,False,-0.35612,0.35612,-0.171294,661352,LOW_REDUNDANCY,Low redundancy. Independent signal sources.,intake_vs_baseline
q158_imax_30h,vwap_dev_20h,alpha158_rolling_position,alpha158_ohlcv,False,-0.356095,0.356095,-0.320746,659581,LOW_REDUNDANCY,Low redundancy. Independent signal sources.,intake_vs_baseline
q158_beta_30h,xs_rank_mom_accel,alpha158_rolling_regression,cross_sectional_normalized,False,-0.346209,0.346209,-0.337371,214,LOW_REDUNDANCY,Low redundancy. Independent signal sources.,intake_vs_baseline
q158_beta_30h,mom_accel_20h,alpha158_rolling_regression,momentum,False,-0.346209,0.346209,-0.268293,214,LOW_REDUNDANCY,Low redundancy. Independent signal sources.,intake_vs_baseline
q158_resi_30h,q158_qtlu_30h,alpha158_rolling_regression,alpha158_rolling,False,-0.342649,0.342649,-0.026401,661780,LOW_REDUNDANCY,Low redundancy. Independent signal sources.,intake_vs_baseline
q158_imax_30h,range_breakout_vol_confirm_20h,alpha158_rolling_position,breakout,False,-0.341773,0.341773,-0.170992,21579,LOW_REDUNDANCY,Low redundancy. Independent signal sources.,intake_vs_baseline
q158_beta_30h,q158_cntn_20h,alpha158_rolling_regression,alpha158_rolling,False,-0.341544,0.341544,-0.298407,428,LOW_REDUNDANCY,Low redundancy. Independent signal sources.,intake_vs_baseline
q158_beta_30h,realized_skew_20h,alpha158_rolling_regression,realized_shape,False,0.338298,0.338298,0.233928,428,LOW_REDUNDANCY,Low redundancy. Independent signal sources.,intake_vs_baseline
q158_resi_30h,range_breakout_vol_confirm_20h,alpha158_rolling_regression,breakout,False,0.33757,0.33757,0.355779,21579,LOW_REDUNDANCY,Low redundancy. Independent signal sources.,intake_vs_baseline
q158_resi_30h,q158_rsv_30h,alpha158_rolling_regression,alpha158_rolling,False,0.335316,0.335316,0.210781,661780,LOW_REDUNDANCY,Low redundancy. Independent signal sources.,intake_vs_baseline
q158_resi_30h,q158_kup_open,alpha158_rolling_regression,alpha158_kbar,False,0.33178,0.33178,0.33768,1280,LOW_REDUNDANCY,Low redundancy. Independent signal sources.,intake_vs_baseline
q158_beta_30h,q158_ksft_open,alpha158_rolling_regression,alpha158_kbar,False,0.319089,0.319089,0.068798,1280,LOW_REDUNDANCY,Low redundancy. Independent signal sources.,intake_vs_baseline
q158_resi_30h,q158_ma_30h,alpha158_rolling_regression,alpha158_rolling_price,False,-0.309688,0.309688,-0.202216,661780,LOW_REDUNDANCY,Low redundancy. Independent signal sources.,intake_vs_baseline
q158_imax_30h,downside_vol_20h,alpha158_rolling_position,realized_skew_kurtosis,False,0.301774,0.301774,0.207361,428,LOW_REDUNDANCY,Low redundancy. Independent signal sources.,intake_vs_baseline
q158_imax_30h,q158_min_20h,alpha158_rolling_position,alpha158_rolling_price,False,0.300899,0.300899,0.262347,661352,LOW_REDUNDANCY,Low redundancy. Independent signal sources.,intake_vs_baseline
q158_rsqr_30h,q158_cord_20h,alpha158_rolling_regression,alpha158_rolling_volume_price,False,0.298548,0.298548,0.237718,426,LOW_REDUNDANCY,Low redundancy. Independent signal sources.,intake_vs_baseline
q158_resi_30h,q158_klen_open,alpha158_rolling_regression,alpha158_kbar,False,0.297886,0.297886,0.294992,1280,LOW_REDUNDANCY,Low redundancy. Independent signal sources.,intake_vs_baseline
q158_resi_30h,range_1h,alpha158_rolling_regression,range_position,False,0.295992,0.295992,0.26961,1280,LOW_REDUNDANCY,Low redundancy. Independent signal sources.,intake_vs_baseline
q158_resi_30h,q158_high_low_range,alpha158_rolling_regression,alpha158,False,0.295992,0.295992,0.26961,1280,LOW_REDUNDANCY,Low redundancy. Independent signal sources.,intake_vs_baseline
q158_resi_30h,mom_vol_adjusted_20h,alpha158_rolling_regression,momentum,False,0.295504,0.295504,0.212788,426,LOW_REDUNDANCY,Low redundancy. Independent signal sources.,intake_vs_baseline
q158_imax_30h,q158_cord_20h,alpha158_rolling_position,alpha158_rolling_volume_price,False,-0.293199,0.293199,-0.274648,426,LOW_REDUNDANCY,Low redundancy. Independent signal sources.,intake_vs_baseline
q158_rsqr_30h,price_volume_corr_20h,alpha158_rolling_regression,volume_price,False,0.288665,0.288665,0.232572,426,LOW_REDUNDANCY,Low redundancy. Independent signal sources.,intake_vs_baseline
q158_beta_30h,candle_wick_upper,alpha158_rolling_regression,intraday_candle,False,-0.286426,0.286426,-0.234958,1280,LOW_REDUNDANCY,Low redundancy. Independent signal sources.,intake_vs_baseline
q158_beta_30h,q158_kup_range,alpha158_rolling_regression,alpha158_kbar,False,-0.286308,0.286308,-0.234892,1280,LOW_REDUNDANCY,Low redundancy. Independent signal sources.,intake_vs_baseline
q158_beta_30h,q158_resi_20h,alpha158_rolling_regression,alpha158_rolling_regression,True,-0.285367,0.285367,-0.418717,661352,LOW_REDUNDANCY,Low redundancy. Independent signal sources.,intake_vs_baseline
q158_imax_30h,price_volume_corr_20h,alpha158_rolling_position,volume_price,False,-0.282337,0.282337,-0.27189,426,LOW_REDUNDANCY,Low redundancy. Independent signal sources.,intake_vs_baseline
q158_resi_30h,ma_gap_20_80,alpha158_rolling_regression,trend_ma,False,-0.282109,0.282109,-0.273479,656988,LOW_REDUNDANCY,Low redundancy. Independent signal sources.,intake_vs_baseline
q158_resi_30h,q158_min_30h,alpha158_rolling_regression,alpha158_rolling_price,False,-0.280141,0.280141,-0.131411,661780,LOW_REDUNDANCY,Low redundancy. Independent signal sources.,intake_vs_baseline
q158_beta_30h,q158_wvma_20h,alpha158_rolling_regression,alpha158_rolling_volume,False,0.274229,0.274229,0.15653,428,LOW_REDUNDANCY,Low redundancy. Independent signal sources.,intake_vs_baseline
q158_imax_30h,vol_ret_corr_20h,alpha158_rolling_position,alpha158_ohlcv,False,-0.271958,0.271958,-0.238081,426,LOW_REDUNDANCY,Low redundancy. Independent signal sources.,intake_vs_baseline
q158_resi_30h,q158_cntp_20h,alpha158_rolling_regression,alpha158_rolling,False,0.271356,0.271356,0.135013,428,LOW_REDUNDANCY,Low redundancy. Independent signal sources.,intake_vs_baseline
q158_beta_30h,q158_klow_range,alpha158_rolling_regression,alpha158_kbar,False,0.269535,0.269535,0.229873,1280,LOW_REDUNDANCY,Low redundancy. Independent signal sources.,intake_vs_baseline
q158_beta_30h,candle_wick_lower,alpha158_rolling_regression,intraday_candle,False,0.269491,0.269491,0.229881,1280,LOW_REDUNDANCY,Low redundancy. Independent signal sources.,intake_vs_baseline
q158_resi_30h,q158_sumn_20h,alpha158_rolling_regression,alpha158_rolling_direction,False,-0.267694,0.267694,-0.239072,428,LOW_REDUNDANCY,Low redundancy. Independent signal sources.,intake_vs_baseline
q158_rsqr_30h,price_pos_72h,alpha158_rolling_regression,price_position,False,-0.267139,0.267139,-0.186062,1919,LOW_REDUNDANCY,Low redundancy. Independent signal sources.,intake_vs_baseline
q158_resi_30h,q158_cntn_20h,alpha158_rolling_regression,alpha158_rolling,False,-0.266041,0.266041,-0.144569,428,LOW_REDUNDANCY,Low redundancy. Independent signal sources.,intake_vs_baseline
q158_resi_30h,q158_cntd_20h,alpha158_rolling_regression,alpha158_rolling_direction,False,0.265994,0.265994,0.153669,428,LOW_REDUNDANCY,Low redundancy. Independent signal sources.,intake_vs_baseline
q158_imax_30h,q158_max_20h,alpha158_rolling_position,alpha158_rolling_price,False,0.265633,0.265633,0.046191,661352,LOW_REDUNDANCY,Low redundancy. Independent signal sources.,intake_vs_baseline
q158_resi_30h,q158_klow_range,alpha158_rolling_regression,alpha158_kbar,False,-0.264952,0.264952,-0.184024,1280,LOW_REDUNDANCY,Low redundancy. Independent signal sources.,intake_vs_baseline
q158_resi_30h,candle_wick_lower,alpha158_rolling_regression,intraday_candle,False,-0.264895,0.264895,-0.183986,1280,LOW_REDUNDANCY,Low redundancy. Independent signal sources.,intake_vs_baseline
q158_resi_30h,volatility_20h,alpha158_rolling_regression,volatility,False,-0.263496,0.263496,0.159515,428,LOW_REDUNDANCY,Low redundancy. Independent signal sources.,intake_vs_baseline
q158_rsqr_30h,funding_rate_change_24h,alpha158_rolling_regression,funding_rate,False,0.258483,0.258483,-0.019217,206,LOW_REDUNDANCY,Low redundancy. Independent signal sources.,intake_vs_baseline
q158_imax_30h,q158_vsumn_20h,alpha158_rolling_position,alpha158_rolling_volume,False,0.257662,0.257662,0.298298,428,LOW_REDUNDANCY,Low redundancy. Independent signal sources.,intake_vs_baseline
q158_resi_30h,q158_sumd_20h,alpha158_rolling_regression,alpha158_rolling,False,0.253795,0.253795,0.238875,428,LOW_REDUNDANCY,Low redundancy. Independent signal sources.,intake_vs_baseline
q158_rsqr_30h,q158_std_20h,alpha158_rolling_regression,alpha158_rolling_price,False,0.253037,0.253037,0.121885,661264,LOW_REDUNDANCY,Low redundancy. Independent signal sources.,intake_vs_baseline
q158_resi_30h,q158_sump_20h,alpha158_rolling_regression,alpha158_rolling_direction,False,0.252217,0.252217,0.212946,428,LOW_REDUNDANCY,Low redundancy. Independent signal sources.,intake_vs_baseline
q158_imax_30h,q158_vsumd_20h,alpha158_rolling_position,alpha158_rolling_volume,False,-0.250257,0.250257,-0.31003,428,LOW_REDUNDANCY,Low redundancy. Independent signal sources.,intake_vs_baseline
q158_rsqr_30h,vol_ret_corr_20h,alpha158_rolling_regression,alpha158_ohlcv,False,0.246593,0.246593,0.178083,426,LOW_REDUNDANCY,Low redundancy. Independent signal sources.,intake_vs_baseline
q158_resi_30h,q158_max_30h,alpha158_rolling_regression,alpha158_rolling_price,False,-0.243209,0.243209,0.037347,661780,LOW_REDUNDANCY,Low redundancy. Independent signal sources.,intake_vs_baseline
q158_rsqr_30h,q158_ksft_range,alpha158_rolling_regression,alpha158_kbar,False,0.240555,0.240555,0.244152,1280,LOW_REDUNDANCY,Low redundancy. Independent signal sources.,intake_vs_baseline
q158_resi_30h,downside_vol_20h,alpha158_rolling_regression,realized_skew_kurtosis,False,-0.240125,0.240125,-8.8e-05,428,LOW_REDUNDANCY,Low redundancy. Independent signal sources.,intake_vs_baseline
q158_beta_30h,q158_klow_open,alpha158_rolling_regression,alpha158_kbar,False,0.238274,0.238274,0.282653,1280,LOW_REDUNDANCY,Low redundancy. Independent signal sources.,intake_vs_baseline
q158_beta_30h,klow_close,alpha158_rolling_regression,alpha158_ohlcv,False,0.236663,0.236663,0.297031,1280,LOW_REDUNDANCY,Low redundancy. Independent signal sources.,intake_vs_baseline
q158_imax_30h,q158_vsump_20h,alpha158_rolling_position,alpha158_rolling_volume,False,-0.235443,0.235443,-0.222159,428,LOW_REDUNDANCY,Low redundancy. Independent signal sources.,intake_vs_baseline
q158_beta_30h,q158_resi_30h,alpha158_rolling_regression,alpha158_rolling_regression,True,-0.233073,0.233073,-0.367576,661780,LOW_REDUNDANCY,Low redundancy. Independent signal sources.,intake_vs_intake
q158_resi_30h,ksft_5h,alpha158_rolling_regression,alpha158_ohlcv,False,0.232044,0.232044,0.214205,1067,LOW_REDUNDANCY,Low redundancy. Independent signal sources.,intake_vs_baseline
q158_rsqr_30h,realized_skew_20h,alpha158_rolling_regression,realized_shape,False,0.225829,0.225829,0.254759,428,LOW_REDUNDANCY,Low redundancy. Independent signal sources.,intake_vs_baseline
q158_beta_30h,q158_ma_10h,alpha158_rolling_regression,alpha158_rolling_price,False,-0.224643,0.224643,-0.239225,660926,LOW_REDUNDANCY,Low redundancy. Independent signal sources.,intake_vs_baseline
q158_imax_30h,q158_ma_10h,alpha158_rolling_position,alpha158_rolling_price,False,0.222856,0.222856,0.175983,660926,LOW_REDUNDANCY,Low redundancy. Independent signal sources.,intake_vs_baseline
q158_beta_30h,q158_kup_open,alpha158_rolling_regression,alpha158_kbar,False,-0.222355,0.222355,-0.08296,1280,LOW_REDUNDANCY,Low redundancy. Independent signal sources.,intake_vs_baseline
q158_rsqr_30h,q158_std_60h,alpha158_rolling_regression,alpha158_rolling_price,False,0.219417,0.219417,0.076764,658816,LOW_REDUNDANCY,Low redundancy. Independent signal sources.,intake_vs_baseline
q158_rsqr_30h,q158_ksft_open,alpha158_rolling_regression,alpha158_kbar,False,0.210289,0.210289,0.17993,1280,LOW_REDUNDANCY,Low redundancy. Independent signal sources.,intake_vs_baseline
q158_beta_30h,amihud_illiquidity_20h,alpha158_rolling_regression,liquidity,False,-0.210188,0.210188,-0.198323,426,LOW_REDUNDANCY,Low redundancy. Independent signal sources.,intake_vs_baseline
q158_rsqr_30h,q158_kup_open,alpha158_rolling_regression,alpha158_kbar,False,-0.20989,0.20989,-0.171399,1280,LOW_REDUNDANCY,Low redundancy. Independent signal sources.,intake_vs_baseline
q158_rsqr_30h,q158_klow_range,alpha158_rolling_regression,alpha158_kbar,False,0.201697,0.201697,0.223738,1280,LOW_REDUNDANCY,Low redundancy. Independent signal sources.,intake_vs_baseline
q158_rsqr_30h,candle_wick_lower,alpha158_rolling_regression,intraday_candle,False,0.201689,0.201689,0.223762,1280,LOW_REDUNDANCY,Low redundancy. Independent signal sources.,intake_vs_baseline
q158_resi_30h,ma_gap_10_40,alpha158_rolling_regression,trend_ma,False,-0.201574,0.201574,-0.183738,660820,LOW_REDUNDANCY,Low redundancy. Independent signal sources.,intake_vs_baseline
q158_imax_30h,qvol_ma_ratio_20_80,alpha158_rolling_position,quote_volume_liquidity,False,-0.198554,0.198554,-0.207963,655261,LOW_REDUNDANCY,Low redundancy. Independent signal sources.,intake_vs_baseline
q158_imax_30h,volume_pressure_20h,alpha158_rolling_position,volume_price,False,-0.196303,0.196303,0.018879,428,LOW_REDUNDANCY,Low redundancy. Independent signal sources.,intake_vs_baseline
q158_resi_30h,price_pos_72h,alpha158_rolling_regression,price_position,False,-0.193016,0.193016,-0.043384,1919,LOW_REDUNDANCY,Low redundancy. Independent signal sources.,intake_vs_baseline
q158_beta_30h,vol_5h,alpha158_rolling_regression,volatility,False,-0.192558,0.192558,0.074886,1067,LOW_REDUNDANCY,Low redundancy. Independent signal sources.,intake_vs_baseline
q158_rsqr_30h,reversal_5h,alpha158_rolling_regression,momentum,False,0.189993,0.189993,0.148264,1067,LOW_REDUNDANCY,Low redundancy. Independent signal sources.,intake_vs_baseline
q158_rsqr_30h,mom_5h,alpha158_rolling_regression,momentum,False,-0.189993,0.189993,-0.148264,1067,LOW_REDUNDANCY,Low redundancy. Independent signal sources.,intake_vs_baseline
q158_rsqr_30h,q158_high_close_0h,alpha158_rolling_regression,alpha158_price,False,-0.186236,0.186236,-0.143683,1280,LOW_REDUNDANCY,Low redundancy. Independent signal sources.,intake_vs_baseline
q158_rsqr_30h,candle_wick_upper,alpha158_rolling_regression,intraday_candle,False,-0.186185,0.186185,-0.198568,1280,LOW_REDUNDANCY,Low redundancy. Independent signal sources.,intake_vs_baseline
q158_rsqr_30h,q158_kup_range,alpha158_rolling_regression,alpha158_kbar,False,-0.18617,0.18617,-0.198553,1280,LOW_REDUNDANCY,Low redundancy. Independent signal sources.,intake_vs_baseline
q158_beta_30h,realized_kurt_20h,alpha158_rolling_regression,realized_shape,False,0.184602,0.184602,0.120639,428,LOW_REDUNDANCY,Low redundancy. Independent signal sources.,intake_vs_baseline
q158_resi_30h,wvma_20h,alpha158_rolling_regression,alpha158_ohlcv,False,-0.184472,0.184472,0.254344,426,LOW_REDUNDANCY,Low redundancy. Independent signal sources.,intake_vs_baseline
q158_rsqr_30h,volume_pressure_20h,alpha158_rolling_regression,volume_price,False,0.179932,0.179932,0.018733,428,LOW_REDUNDANCY,Low redundancy. Independent signal sources.,intake_vs_baseline
q158_beta_30h,taker_buy_ratio_20h,alpha158_rolling_regression,taker_imbalance,False,0.179754,0.179754,0.070925,267861,LOW_REDUNDANCY,Low redundancy. Independent signal sources.,intake_vs_baseline
q158_resi_30h,q158_high_close_0h,alpha158_rolling_regression,alpha158_price,False,0.1795,0.1795,0.078533,1280,LOW_REDUNDANCY,Low redundancy. Independent signal sources.,intake_vs_baseline
q158_beta_30h,funding_rate_change_24h,alpha158_rolling_regression,funding_rate,False,0.176225,0.176225,-0.207309,206,LOW_REDUNDANCY,Low redundancy. Independent signal sources.,intake_vs_baseline
q158_imax_30h,qvol_ma_ratio_5_20,alpha158_rolling_position,quote_volume_liquidity,False,-0.17455,0.17455,-0.212713,659581,LOW_REDUNDANCY,Low redundancy. Independent signal sources.,intake_vs_baseline
q158_rsqr_30h,q158_max_30h,alpha158_rolling_regression,alpha158_rolling_price,False,0.173941,0.173941,0.046965,661692,LOW_REDUNDANCY,Low redundancy. Independent signal sources.,intake_vs_baseline
q158_rsqr_30h,q158_low_close_0h,alpha158_rolling_regression,alpha158_price,False,-0.17322,0.17322,-0.087499,1280,LOW_REDUNDANCY,Low redundancy. Independent signal sources.,intake_vs_baseline
q158_imax_30h,q158_open_close_4h,alpha158_rolling_position,alpha158_price,False,0.173095,0.173095,0.145432,660713,LOW_REDUNDANCY,Low redundancy. Independent signal sources.,intake_vs_baseline
q158_resi_30h,q158_kmid_range,alpha158_rolling_regression,alpha158_kbar,False,0.171981,0.171981,0.17713,1280,LOW_REDUNDANCY,Low redundancy. Independent signal sources.,intake_vs_baseline
q158_resi_30h,candle_body,alpha158_rolling_regression,intraday_candle,False,0.171962,0.171962,0.177139,1280,LOW_REDUNDANCY,Low redundancy. Independent signal sources.,intake_vs_baseline
q158_imax_30h,q158_min_10h,alpha158_rolling_position,alpha158_rolling_price,False,0.171823,0.171823,0.183217,660926,LOW_REDUNDANCY,Low redundancy. Independent signal sources.,intake_vs_baseline
q158_resi_30h,wq101_alpha53,alpha158_rolling_regression,wq101,False,-0.170992,0.170992,-0.000678,660926,LOW_REDUNDANCY,Low redundancy. Independent signal sources.,intake_vs_baseline
q158_beta_30h,q158_high_close_0h,alpha158_rolling_regression,alpha158_price,False,-0.170925,0.170925,0.059519,1280,LOW_REDUNDANCY,Low redundancy. Independent signal sources.,intake_vs_baseline
q158_resi_30h,q158_imxd_20h,alpha158_rolling_regression,alpha158_rolling_position,False,-0.170811,0.170811,-0.111632,661352,LOW_REDUNDANCY,Low redundancy. Independent signal sources.,intake_vs_baseline
q158_rsqr_30h,q158_qtlu_30h,alpha158_rolling_regression,alpha158_rolling,False,0.16831,0.16831,0.119173,661692,LOW_REDUNDANCY,Low redundancy. Independent signal sources.,intake_vs_baseline
q158_imax_30h,q158_klen_open,alpha158_rolling_position,alpha158_kbar,False,-0.166856,0.166856,-0.02568,1280,LOW_REDUNDANCY,Low redundancy. Independent signal sources.,intake_vs_baseline
q158_beta_30h,q158_kmid_open,alpha158_rolling_regression,alpha158_kbar,False,0.166805,0.166805,-0.076357,1280,LOW_REDUNDANCY,Low redundancy. Independent signal sources.,intake_vs_baseline
q158_beta_30h,intraday_ret,alpha158_rolling_regression,alpha158_ohlcv,False,0.166805,0.166805,-0.076357,1280,LOW_REDUNDANCY,Low redundancy. Independent signal sources.,intake_vs_baseline
q158_beta_30h,q158_open_close_0h,alpha158_rolling_regression,alpha158_price,False,-0.166804,0.166804,0.077376,1280,LOW_REDUNDANCY,Low redundancy. Independent signal sources.,intake_vs_baseline
q158_imax_30h,q158_high_low_range,alpha158_rolling_position,alpha158,False,-0.165953,0.165953,-0.028074,1280,LOW_REDUNDANCY,Low redundancy. Independent signal sources.,intake_vs_baseline
q158_imax_30h,range_1h,alpha158_rolling_position,range_position,False,-0.165953,0.165953,-0.028074,1280,LOW_REDUNDANCY,Low redundancy. Independent signal sources.,intake_vs_baseline
q158_rsqr_30h,qvol_ma_ratio_20_80,alpha158_rolling_regression,quote_volume_liquidity,False,0.162935,0.162935,0.168731,655251,LOW_REDUNDANCY,Low redundancy. Independent signal sources.,intake_vs_baseline
q158_rsqr_30h,q158_imax_20h,alpha158_rolling_regression,alpha158_rolling_position,False,0.162721,0.162721,0.143417,661264,LOW_REDUNDANCY,Low redundancy. Independent signal sources.,intake_vs_baseline
q158_resi_30h,q158_vsumn_20h,alpha158_rolling_regression,alpha158_rolling_volume,False,-0.162403,0.162403,-0.226522,428,LOW_REDUNDANCY,Low redundancy. Independent signal sources.,intake_vs_baseline
q158_resi_30h,clv_20h,alpha158_rolling_regression,alpha158_ohlc_range,False,0.160573,0.160573,0.104646,661352,LOW_REDUNDANCY,Low redundancy. Independent signal sources.,intake_vs_baseline
q158_resi_30h,q158_beta_20h,alpha158_rolling_regression,alpha158_rolling_regression,True,0.160522,0.160522,0.110906,661352,LOW_REDUNDANCY,Low redundancy. Independent signal sources.,intake_vs_baseline
q158_beta_30h,q158_vsump_20h,alpha158_rolling_regression,alpha158_rolling_volume,False,0.159428,0.159428,0.130137,428,LOW_REDUNDANCY,Low redundancy. Independent signal sources.,intake_vs_baseline
q158_beta_30h,qvol_ma_ratio_20_80,alpha158_rolling_regression,quote_volume_liquidity,False,0.157266,0.157266,0.136777,655261,LOW_REDUNDANCY,Low redundancy. Independent signal sources.,intake_vs_baseline
q158_resi_30h,q158_vsumd_20h,alpha158_rolling_regression,alpha158_rolling_volume,False,0.156902,0.156902,0.260462,428,LOW_REDUNDANCY,Low redundancy. Independent signal sources.,intake_vs_baseline
q158_resi_30h,q158_min_60h,alpha158_rolling_regression,alpha158_rolling_price,False,-0.156585,0.156585,-0.070196,658904,LOW_REDUNDANCY,Low redundancy. Independent signal sources.,intake_vs_baseline
q158_resi_30h,intraday_ret,alpha158_rolling_regression,alpha158_ohlcv,False,0.156426,0.156426,0.386217,1280,LOW_REDUNDANCY,Low redundancy. Independent signal sources.,intake_vs_baseline
q158_resi_30h,q158_kmid_open,alpha158_rolling_regression,alpha158_kbar,False,0.156426,0.156426,0.386217,1280,LOW_REDUNDANCY,Low redundancy. Independent signal sources.,intake_vs_baseline
q158_resi_30h,q158_open_close_0h,alpha158_rolling_regression,alpha158_price,False,-0.156426,0.156426,-0.378893,1280,LOW_REDUNDANCY,Low redundancy. Independent signal sources.,intake_vs_baseline
q158_rsqr_30h,q158_max_20h,alpha158_rolling_regression,alpha158_rolling_price,False,0.155595,0.155595,0.037758,661264,LOW_REDUNDANCY,Low redundancy. Independent signal sources.,intake_vs_baseline
q158_resi_30h,vol_ret_corr_20h,alpha158_rolling_regression,alpha158_ohlcv,False,0.154907,0.154907,0.194475,426,LOW_REDUNDANCY,Low redundancy. Independent signal sources.,intake_vs_baseline
q158_imax_30h,vol_ratio_5_20,alpha158_rolling_position,volatility,False,-0.154851,0.154851,-0.120884,426,LOW_REDUNDANCY,Low redundancy. Independent signal sources.,intake_vs_baseline
q158_imax_30h,q158_std_60h,alpha158_rolling_position,alpha158_rolling_price,False,0.154802,0.154802,0.064163,658904,LOW_REDUNDANCY,Low redundancy. Independent signal sources.,intake_vs_baseline
q158_imax_30h,q158_low_close_4h,alpha158_rolling_position,alpha158_price,False,0.154667,0.154667,0.152159,660713,LOW_REDUNDANCY,Low redundancy. Independent signal sources.,intake_vs_baseline
q158_beta_30h,funding_rate_zscore_80h,alpha158_rolling_regression,funding_rate,False,0.154536,0.154536,0.131607,113084,LOW_REDUNDANCY,Low redundancy. Independent signal sources.,intake_vs_baseline
q158_resi_30h,q158_imin_20h,alpha158_rolling_regression,alpha158_rolling_position,False,0.153948,0.153948,0.103713,661352,LOW_REDUNDANCY,Low redundancy. Independent signal sources.,intake_vs_baseline
q158_resi_30h,wq101_alpha101,alpha158_rolling_regression,wq101,False,0.15359,0.15359,0.186274,1280,LOW_REDUNDANCY,Low redundancy. Independent signal sources.,intake_vs_baseline
q158_rsqr_30h,amihud_illiquidity_20h,alpha158_rolling_regression,liquidity,False,-0.153438,0.153438,-0.216088,426,LOW_REDUNDANCY,Low redundancy. Independent signal sources.,intake_vs_baseline
q158_resi_30h,vol_ratio_5_20,alpha158_rolling_regression,volatility,False,0.152427,0.152427,0.305716,426,LOW_REDUNDANCY,Low redundancy. Independent signal sources.,intake_vs_baseline
q158_beta_30h,q158_open_close_4h,alpha158_rolling_regression,alpha158_price,False,-0.150978,0.150978,-0.163299,660713,LOW_REDUNDANCY,Low redundancy. Independent signal sources.,intake_vs_baseline
q158_imax_30h,volatility_20h,alpha158_rolling_position,volatility,False,0.150624,0.150624,0.083393,428,LOW_REDUNDANCY,Low redundancy. Independent signal sources.,intake_vs_baseline
q158_imax_30h,q158_high_close_4h,alpha158_rolling_position,alpha158_price,False,0.149631,0.149631,0.105746,660713,LOW_REDUNDANCY,Low redundancy. Independent signal sources.,intake_vs_baseline
q158_resi_30h,q158_vsump_20h,alpha158_rolling_regression,alpha158_rolling_volume,False,0.146943,0.146943,0.210875,428,LOW_REDUNDANCY,Low redundancy. Independent signal sources.,intake_vs_baseline
q158_beta_30h,q158_vsumd_20h,alpha158_rolling_regression,alpha158_rolling_volume,False,0.146882,0.146882,0.107079,428,LOW_REDUNDANCY,Low redundancy. Independent signal sources.,intake_vs_baseline
q158_resi_30h,taker_buy_zscore_20h,alpha158_rolling_regression,taker_imbalance,False,0.146163,0.146163,0.079136,267861,LOW_REDUNDANCY,Low redundancy. Independent signal sources.,intake_vs_baseline
q158_resi_30h,up_down_vol_ratio_20h,alpha158_rolling_regression,alpha158_ohlcv,False,0.145681,0.145681,0.127164,659581,LOW_REDUNDANCY,Low redundancy. Independent signal sources.,intake_vs_baseline
q158_beta_30h,candle_body,alpha158_rolling_regression,intraday_candle,False,0.144334,0.144334,0.074689,1280,LOW_REDUNDANCY,Low redundancy. Independent signal sources.,intake_vs_baseline
q158_beta_30h,q158_kmid_range,alpha158_rolling_regression,alpha158_kbar,False,0.144309,0.144309,0.07469,1280,LOW_REDUNDANCY,Low redundancy. Independent signal sources.,intake_vs_baseline
q158_resi_30h,candle_wick_upper,alpha158_rolling_regression,intraday_candle,False,0.14252,0.14252,0.116896,1280,LOW_REDUNDANCY,Low redundancy. Independent signal sources.,intake_vs_baseline
q158_resi_30h,q158_kup_range,alpha158_rolling_regression,alpha158_kbar,False,0.142414,0.142414,0.116808,1280,LOW_REDUNDANCY,Low redundancy. Independent signal sources.,intake_vs_baseline
q158_imax_30h,q158_close_close_4h,alpha158_rolling_position,alpha158_price,False,0.142378,0.142378,0.12649,660713,LOW_REDUNDANCY,Low redundancy. Independent signal sources.,intake_vs_baseline
q158_imax_30h,qvol_zscore_20h,alpha158_rolling_position,quote_volume_liquidity,False,-0.141663,0.141663,-0.142023,659581,LOW_REDUNDANCY,Low redundancy. Independent signal sources.,intake_vs_baseline
q158_rsqr_30h,rev_10h,alpha158_rolling_regression,reversal,False,0.141435,0.141435,0.098609,854,LOW_REDUNDANCY,Low redundancy. Independent signal sources.,intake_vs_baseline
q158_rsqr_30h,mom_10h,alpha158_rolling_regression,momentum,False,-0.141435,0.141435,-0.098609,854,LOW_REDUNDANCY,Low redundancy. Independent signal sources.,intake_vs_baseline
q158_beta_30h,q158_max_10h,alpha158_rolling_regression,alpha158_rolling_price,False,-0.140115,0.140115,-0.113025,660926,LOW_REDUNDANCY,Low redundancy. Independent signal sources.,intake_vs_baseline
q158_resi_30h,q158_low_close_0h,alpha158_rolling_regression,alpha158_price,False,-0.139155,0.139155,-0.345813,1280,LOW_REDUNDANCY,Low redundancy. Independent signal sources.,intake_vs_baseline
q158_imax_30h,ksft_5h,alpha158_rolling_position,alpha158_ohlcv,False,-0.138373,0.138373,-0.083655,1067,LOW_REDUNDANCY,Low redundancy. Independent signal sources.,intake_vs_baseline
q158_rsqr_30h,vol_ratio_5_20,alpha158_rolling_regression,volatility,False,-0.136962,0.136962,-0.172243,426,LOW_REDUNDANCY,Low redundancy. Independent signal sources.,intake_vs_baseline
q158_beta_30h,q158_vsumn_20h,alpha158_rolling_regression,alpha158_rolling_volume,False,-0.136369,0.136369,-0.049953,428,LOW_REDUNDANCY,Low redundancy. Independent signal sources.,intake_vs_baseline
q158_beta_30h,wq101_alpha101,alpha158_rolling_regression,wq101,False,0.135977,0.135977,0.053351,1280,LOW_REDUNDANCY,Low redundancy. Independent signal sources.,intake_vs_baseline
q158_imax_30h,taker_buy_ratio_20h,alpha158_rolling_position,taker_imbalance,False,-0.134739,0.134739,-0.137498,267861,LOW_REDUNDANCY,Low redundancy. Independent signal sources.,intake_vs_baseline
q158_imax_30h,xs_rank_mom_accel,alpha158_rolling_position,cross_sectional_normalized,False,-0.133049,0.133049,-0.045771,214,LOW_REDUNDANCY,Low redundancy. Independent signal sources.,intake_vs_baseline
q158_imax_30h,mom_accel_20h,alpha158_rolling_position,momentum,False,-0.133049,0.133049,-0.064051,214,LOW_REDUNDANCY,Low redundancy. Independent signal sources.,intake_vs_baseline
q158_beta_30h,ksft_5h,alpha158_rolling_regression,alpha158_ohlcv,False,-0.130515,0.130515,-0.09743,1067,LOW_REDUNDANCY,Low redundancy. Independent signal sources.,intake_vs_baseline
q158_resi_30h,q158_cord_20h,alpha158_rolling_regression,alpha158_rolling_volume_price,False,0.129314,0.129314,0.174149,426,LOW_REDUNDANCY,Low redundancy. Independent signal sources.,intake_vs_baseline
q158_imax_30h,q158_vma_20h,alpha158_rolling_position,alpha158_rolling_volume,False,0.129303,0.129303,0.000777,661352,LOW_REDUNDANCY,Low redundancy. Independent signal sources.,intake_vs_baseline
q158_resi_30h,realized_skew_20h,alpha158_rolling_regression,realized_shape,False,-0.127511,0.127511,0.134038,428,LOW_REDUNDANCY,Low redundancy. Independent signal sources.,intake_vs_baseline
q158_imax_30h,q158_low_close_0h,alpha158_rolling_position,alpha158_price,False,0.125811,0.125811,0.047287,1280,LOW_REDUNDANCY,Low redundancy. Independent signal sources.,intake_vs_baseline
q158_beta_30h,q158_low_close_4h,alpha158_rolling_regression,alpha158_price,False,-0.125538,0.125538,-0.133082,660713,LOW_REDUNDANCY,Low redundancy. Independent signal sources.,intake_vs_baseline
q158_imax_30h,vol_zscore_20h,alpha158_rolling_position,volume_liquidity,False,-0.12494,0.12494,-0.125636,659581,LOW_REDUNDANCY,Low redundancy. Independent signal sources.,intake_vs_baseline
q158_beta_30h,q158_high_close_4h,alpha158_rolling_regression,alpha158_price,False,-0.122303,0.122303,-0.145174,660713,LOW_REDUNDANCY,Low redundancy. Independent signal sources.,intake_vs_baseline
q158_rsqr_30h,xs_rank_mom_accel,alpha158_rolling_regression,cross_sectional_normalized,False,-0.122005,0.122005,-0.181536,214,LOW_REDUNDANCY,Low redundancy. Independent signal sources.,intake_vs_baseline
q158_rsqr_30h,mom_accel_20h,alpha158_rolling_regression,momentum,False,-0.122005,0.122005,-0.187879,214,LOW_REDUNDANCY,Low redundancy. Independent signal sources.,intake_vs_baseline
q158_resi_30h,amihud_illiquidity_20h,alpha158_rolling_regression,liquidity,False,0.120179,0.120179,0.041025,426,LOW_REDUNDANCY,Low redundancy. Independent signal sources.,intake_vs_baseline
q158_rsqr_30h,q158_qtlu_20h,alpha158_rolling_regression,alpha158_rolling,False,0.119144,0.119144,0.080826,661264,LOW_REDUNDANCY,Low redundancy. Independent signal sources.,intake_vs_baseline
q158_beta_30h,reversal_5h,alpha158_rolling_regression,momentum,False,0.119019,0.119019,0.053164,1067,LOW_REDUNDANCY,Low redundancy. Independent signal sources.,intake_vs_baseline
q158_beta_30h,mom_5h,alpha158_rolling_regression,momentum,False,-0.119019,0.119019,-0.053164,1067,LOW_REDUNDANCY,Low redundancy. Independent signal sources.,intake_vs_baseline
q158_beta_30h,q158_min_10h,alpha158_rolling_regression,alpha158_rolling_price,False,-0.1189,0.1189,-0.061163,660926,LOW_REDUNDANCY,Low redundancy. Independent signal sources.,intake_vs_baseline
q158_rsqr_30h,q158_vsump_20h,alpha158_rolling_regression,alpha158_rolling_volume,False,0.118838,0.118838,0.21443,428,LOW_REDUNDANCY,Low redundancy. Independent signal sources.,intake_vs_baseline
q158_rsqr_30h,volatility_20h,alpha158_rolling_regression,volatility,False,-0.118114,0.118114,-0.140379,428,LOW_REDUNDANCY,Low redundancy. Independent signal sources.,intake_vs_baseline
q158_resi_30h,q158_imax_30h,alpha158_rolling_regression,alpha158_rolling_position,False,0.11771,0.11771,0.057701,661780,LOW_REDUNDANCY,Low redundancy. Independent signal sources.,intake_vs_intake
q158_beta_30h,q158_std_60h,alpha158_rolling_regression,alpha158_rolling_price,False,-0.116947,0.116947,-0.441618,658904,LOW_REDUNDANCY,Low redundancy. Independent signal sources.,intake_vs_baseline
q158_imax_30h,funding_rate_zscore_80h,alpha158_rolling_position,funding_rate,False,-0.116337,0.116337,-0.09858,113084,LOW_REDUNDANCY,Low redundancy. Independent signal sources.,intake_vs_baseline
q158_beta_30h,downside_vol_20h,alpha158_rolling_regression,realized_skew_kurtosis,False,0.113401,0.113401,0.139485,428,LOW_REDUNDANCY,Low redundancy. Independent signal sources.,intake_vs_baseline
q158_resi_30h,q158_max_60h,alpha158_rolling_regression,alpha158_rolling_price,False,-0.112282,0.112282,0.055781,658904,LOW_REDUNDANCY,Low redundancy. Independent signal sources.,intake_vs_baseline
q158_imax_30h,wvma_20h,alpha158_rolling_position,alpha158_ohlcv,False,0.111628,0.111628,-0.023392,426,LOW_REDUNDANCY,Low redundancy. Independent signal sources.,intake_vs_baseline
q158_beta_30h,q158_close_close_4h,alpha158_rolling_regression,alpha158_price,False,-0.110545,0.110545,-0.13009,660713,LOW_REDUNDANCY,Low redundancy. Independent signal sources.,intake_vs_baseline
q158_resi_30h,q158_imax_20h,alpha158_rolling_regression,alpha158_rolling_position,False,-0.110347,0.110347,-0.087026,661352,LOW_REDUNDANCY,Low redundancy. Independent signal sources.,intake_vs_baseline
q158_imax_30h,q158_ma_5h,alpha158_rolling_position,alpha158_rolling_price,False,0.109346,0.109346,0.105385,660713,LOW_REDUNDANCY,Low redundancy. Independent signal sources.,intake_vs_baseline
q158_imax_30h,q158_resi_20h,alpha158_rolling_position,alpha158_rolling_regression,False,0.10915,0.10915,0.071977,661352,LOW_REDUNDANCY,Low redundancy. Independent signal sources.,intake_vs_baseline
q158_resi_30h,price_volume_corr_20h,alpha158_rolling_regression,volume_price,False,0.108656,0.108656,0.177607,426,LOW_REDUNDANCY,Low redundancy. Independent signal sources.,intake_vs_baseline
q158_beta_30h,q158_std_30h,alpha158_rolling_regression,alpha158_rolling_price,False,-0.106447,0.106447,-0.683781,661780,LOW_REDUNDANCY,Low redundancy. Independent signal sources.,intake_vs_baseline
q158_beta_30h,q158_rsqr_30h,alpha158_rolling_regression,alpha158_rolling_regression,True,-0.105762,0.105762,-0.063713,661692,LOW_REDUNDANCY,Low redundancy. Independent signal sources.,intake_vs_intake
q158_resi_30h,taker_buy_delta_5h,alpha158_rolling_regression,taker_imbalance,False,0.105522,0.105522,0.087619,1184,LOW_REDUNDANCY,Low redundancy. Independent signal sources.,intake_vs_baseline
q158_rsqr_30h,q158_vsumd_20h,alpha158_rolling_regression,alpha158_rolling_volume,False,0.102985,0.102985,0.131388,428,LOW_REDUNDANCY,Low redundancy. Independent signal sources.,intake_vs_baseline
q158_rsqr_30h,wvma_20h,alpha158_rolling_regression,alpha158_ohlcv,False,-0.101451,0.101451,-0.073293,426,LOW_REDUNDANCY,Low redundancy. Independent signal sources.,intake_vs_baseline
q158_rsqr_30h,q158_open_close_0h,alpha158_rolling_regression,alpha158_price,False,-0.099183,0.099183,-0.054688,1280,LOW_REDUNDANCY,Low redundancy. Independent signal sources.,intake_vs_baseline
q158_rsqr_30h,q158_kmid_open,alpha158_rolling_regression,alpha158_kbar,False,0.099182,0.099182,0.055307,1280,LOW_REDUNDANCY,Low redundancy. Independent signal sources.,intake_vs_baseline
q158_rsqr_30h,intraday_ret,alpha158_rolling_regression,alpha158_ohlcv,False,0.099182,0.099182,0.055307,1280,LOW_REDUNDANCY,Low redundancy. Independent signal sources.,intake_vs_baseline
q158_rsqr_30h,ma_gap_10_40,alpha158_rolling_regression,trend_ma,False,-0.096885,0.096885,-0.038878,660732,LOW_REDUNDANCY,Low redundancy. Independent signal sources.,intake_vs_baseline
q158_resi_30h,taker_buy_ratio_20h,alpha158_rolling_regression,taker_imbalance,False,0.096554,0.096554,0.039916,267861,LOW_REDUNDANCY,Low redundancy. Independent signal sources.,intake_vs_baseline
q158_rsqr_30h,rev_24h,alpha158_rolling_regression,reversal,False,0.096336,0.096336,0.016967,661478,LOW_REDUNDANCY,Low redundancy. Independent signal sources.,intake_vs_baseline
q158_imax_30h,q158_std_10h,alpha158_rolling_position,alpha158_rolling_price,False,-0.096198,0.096198,-0.072062,660926,LOW_REDUNDANCY,Low redundancy. Independent signal sources.,intake_vs_baseline
q158_imax_30h,q158_min_5h,alpha158_rolling_position,alpha158_rolling_price,False,0.095614,0.095614,0.12639,660713,LOW_REDUNDANCY,Low redundancy. Independent signal sources.,intake_vs_baseline
q158_rsqr_30h,q158_klow_open,alpha158_rolling_regression,alpha158_kbar,False,0.095197,0.095197,0.102988,1280,LOW_REDUNDANCY,Low redundancy. Independent signal sources.,intake_vs_baseline
q158_beta_30h,tech_macd,alpha158_rolling_regression,technical,False,0.094862,0.094862,0.002688,1280,LOW_REDUNDANCY,Low redundancy. Independent signal sources.,intake_vs_baseline
q158_rsqr_30h,klow_close,alpha158_rolling_regression,alpha158_ohlcv,False,0.09462,0.09462,0.103184,1280,LOW_REDUNDANCY,Low redundancy. Independent signal sources.,intake_vs_baseline
q158_imax_30h,q158_kup_open,alpha158_rolling_position,alpha158_kbar,False,-0.092807,0.092807,-0.032295,1280,LOW_REDUNDANCY,Low redundancy. Independent signal sources.,intake_vs_baseline
q158_rsqr_30h,q158_vsumn_20h,alpha158_rolling_regression,alpha158_rolling_volume,False,-0.090932,0.090932,-0.006884,428,LOW_REDUNDANCY,Low redundancy. Independent signal sources.,intake_vs_baseline
q158_beta_30h,mom_10h,alpha158_rolling_regression,momentum,False,0.089755,0.089755,0.180762,854,LOW_REDUNDANCY,Low redundancy. Independent signal sources.,intake_vs_baseline
q158_beta_30h,rev_10h,alpha158_rolling_regression,reversal,False,-0.089755,0.089755,-0.180762,854,LOW_REDUNDANCY,Low redundancy. Independent signal sources.,intake_vs_baseline
q158_rsqr_30h,q158_high_low_range,alpha158_rolling_regression,alpha158,False,-0.089301,0.089301,-0.041506,1280,LOW_REDUNDANCY,Low redundancy. Independent signal sources.,intake_vs_baseline
q158_rsqr_30h,range_1h,alpha158_rolling_regression,range_position,False,-0.089301,0.089301,-0.041506,1280,LOW_REDUNDANCY,Low redundancy. Independent signal sources.,intake_vs_baseline
q158_rsqr_30h,q158_klen_open,alpha158_rolling_regression,alpha158_kbar,False,-0.088605,0.088605,-0.039998,1280,LOW_REDUNDANCY,Low redundancy. Independent signal sources.,intake_vs_baseline
q158_rsqr_30h,candle_body,alpha158_rolling_regression,intraday_candle,False,0.08825,0.08825,0.089895,1280,LOW_REDUNDANCY,Low redundancy. Independent signal sources.,intake_vs_baseline
q158_rsqr_30h,q158_kmid_range,alpha158_rolling_regression,alpha158_kbar,False,0.088223,0.088223,0.089886,1280,LOW_REDUNDANCY,Low redundancy. Independent signal sources.,intake_vs_baseline
q158_rsqr_30h,q158_min_20h,alpha158_rolling_regression,alpha158_rolling_price,False,-0.086673,0.086673,-0.110164,661264,LOW_REDUNDANCY,Low redundancy. Independent signal sources.,intake_vs_baseline
q158_imax_30h,q158_klow_range,alpha158_rolling_position,alpha158_kbar,False,0.085781,0.085781,-0.034081,1280,LOW_REDUNDANCY,Low redundancy. Independent signal sources.,intake_vs_baseline
q158_imax_30h,candle_wick_lower,alpha158_rolling_position,intraday_candle,False,0.085775,0.085775,-0.034081,1280,LOW_REDUNDANCY,Low redundancy. Independent signal sources.,intake_vs_baseline
q158_imax_30h,q158_max_10h,alpha158_rolling_position,alpha158_rolling_price,False,0.084934,0.084934,0.0058,660926,LOW_REDUNDANCY,Low redundancy. Independent signal sources.,intake_vs_baseline
q158_imax_30h,q158_vstd_20h,alpha158_rolling_position,alpha158_rolling_volume,False,0.084918,0.084918,0.000836,661352,LOW_REDUNDANCY,Low redundancy. Independent signal sources.,intake_vs_baseline
q158_imax_30h,realized_kurt_20h,alpha158_rolling_position,realized_shape,False,0.084332,0.084332,0.026351,428,LOW_REDUNDANCY,Low redundancy. Independent signal sources.,intake_vs_baseline
q158_rsqr_30h,q158_max_60h,alpha158_rolling_regression,alpha158_rolling_price,False,0.083969,0.083969,0.032805,658816,LOW_REDUNDANCY,Low redundancy. Independent signal sources.,intake_vs_baseline
q158_resi_30h,price_pos_120h,alpha158_rolling_regression,price_position,False,0.083685,0.083685,0.070608,653156,LOW_REDUNDANCY,Low redundancy. Independent signal sources.,intake_vs_baseline
q158_rsqr_30h,ksft_5h,alpha158_rolling_regression,alpha158_ohlcv,False,-0.0835,0.0835,-0.090264,1067,LOW_REDUNDANCY,Low redundancy. Independent signal sources.,intake_vs_baseline
q158_resi_30h,q158_ma_60h,alpha158_rolling_regression,alpha158_rolling_price,False,-0.083014,0.083014,0.041703,658904,LOW_REDUNDANCY,Low redundancy. Independent signal sources.,intake_vs_baseline
q158_rsqr_30h,up_down_vol_ratio_20h,alpha158_rolling_regression,alpha158_ohlcv,False,-0.081574,0.081574,-0.076701,659581,LOW_REDUNDANCY,Low redundancy. Independent signal sources.,intake_vs_baseline
q158_rsqr_30h,q158_ma_30h,alpha158_rolling_regression,alpha158_rolling_price,False,0.081296,0.081296,0.049724,661692,LOW_REDUNDANCY,Low redundancy. Independent signal sources.,intake_vs_baseline
q158_rsqr_30h,q158_ma_60h,alpha158_rolling_regression,alpha158_rolling_price,False,0.080276,0.080276,0.056015,658816,LOW_REDUNDANCY,Low redundancy. Independent signal sources.,intake_vs_baseline
q158_rsqr_30h,rsi_14h,alpha158_rolling_regression,technical,False,-0.079997,0.079997,-0.068721,661051,LOW_REDUNDANCY,Low redundancy. Independent signal sources.,intake_vs_baseline
q158_imax_30h,q158_std_5h,alpha158_rolling_position,alpha158_rolling_price,False,-0.07936,0.07936,-0.08694,660713,LOW_REDUNDANCY,Low redundancy. Independent signal sources.,intake_vs_baseline
q158_rsqr_30h,realized_kurt_20h,alpha158_rolling_regression,realized_shape,False,0.078385,0.078385,0.078429,428,LOW_REDUNDANCY,Low redundancy. Independent signal sources.,intake_vs_baseline
q158_rsqr_30h,q158_beta_20h,alpha158_rolling_regression,alpha158_rolling_regression,True,-0.077675,0.077675,-0.040643,661264,LOW_REDUNDANCY,Low redundancy. Independent signal sources.,intake_vs_baseline
q158_imax_30h,q158_rsqr_20h,alpha158_rolling_position,alpha158_rolling_regression,False,-0.077608,0.077608,-0.076981,661352,LOW_REDUNDANCY,Low redundancy. Independent signal sources.,intake_vs_baseline
q158_beta_30h,q158_ma_5h,alpha158_rolling_regression,alpha158_rolling_price,False,-0.077273,0.077273,-0.096783,660713,LOW_REDUNDANCY,Low redundancy. Independent signal sources.,intake_vs_baseline
q158_beta_30h,qvol_ma_ratio_5_20,alpha158_rolling_regression,quote_volume_liquidity,False,0.075898,0.075898,0.066159,659581,LOW_REDUNDANCY,Low redundancy. Independent signal sources.,intake_vs_baseline
q158_rsqr_30h,q158_wvma_20h,alpha158_rolling_regression,alpha158_rolling_volume,False,0.074878,0.074878,0.084911,428,LOW_REDUNDANCY,Low redundancy. Independent signal sources.,intake_vs_baseline
q158_imax_30h,taker_buy_delta_5h,alpha158_rolling_position,taker_imbalance,False,0.074077,0.074077,0.098008,1184,LOW_REDUNDANCY,Low redundancy. Independent signal sources.,intake_vs_baseline
q158_imax_30h,q158_std_30h,alpha158_rolling_position,alpha158_rolling_price,False,0.074055,0.074055,0.031502,661780,LOW_REDUNDANCY,Low redundancy. Independent signal sources.,intake_vs_baseline
q158_imax_30h,candle_body,alpha158_rolling_position,intraday_candle,False,-0.073877,0.073877,-0.077873,1280,LOW_REDUNDANCY,Low redundancy. Independent signal sources.,intake_vs_baseline
q158_imax_30h,q158_kmid_range,alpha158_rolling_position,alpha158_kbar,False,-0.073849,0.073849,-0.077868,1280,LOW_REDUNDANCY,Low redundancy. Independent signal sources.,intake_vs_baseline
q158_beta_30h,wq101_alpha53,alpha158_rolling_regression,wq101,False,0.072242,0.072242,0.000402,660926,LOW_REDUNDANCY,Low redundancy. Independent signal sources.,intake_vs_baseline
q158_imax_30h,vol_5h,alpha158_rolling_position,volatility,False,-0.071507,0.071507,0.016636,1067,LOW_REDUNDANCY,Low redundancy. Independent signal sources.,intake_vs_baseline
q158_rsqr_30h,q158_min_30h,alpha158_rolling_regression,alpha158_rolling_price,False,-0.071507,0.071507,-0.124693,661692,LOW_REDUNDANCY,Low redundancy. Independent signal sources.,intake_vs_baseline
q158_beta_30h,trend_efficiency_24h,alpha158_rolling_regression,trend_quality,False,-0.070715,0.070715,-0.022568,659797,LOW_REDUNDANCY,Low redundancy. Independent signal sources.,intake_vs_baseline
q158_rsqr_30h,q158_imxd_20h,alpha158_rolling_regression,alpha158_rolling_position,False,0.068601,0.068601,0.061465,661264,LOW_REDUNDANCY,Low redundancy. Independent signal sources.,intake_vs_baseline
q158_imax_30h,q158_high_close_0h,alpha158_rolling_position,alpha158_price,False,-0.068553,0.068553,0.002367,1280,LOW_REDUNDANCY,Low redundancy. Independent signal sources.,intake_vs_baseline
q158_beta_30h,q158_rsqr_20h,alpha158_rolling_regression,alpha158_rolling_regression,True,-0.067172,0.067172,-0.045654,661352,LOW_REDUNDANCY,Low redundancy. Independent signal sources.,intake_vs_baseline
q158_rsqr_30h,range_breakout_vol_confirm_20h,alpha158_rolling_regression,breakout,False,-0.067129,0.067129,-0.092134,21579,LOW_REDUNDANCY,Low redundancy. Independent signal sources.,intake_vs_baseline
q158_rsqr_30h,wq101_alpha101,alpha158_rolling_regression,wq101,False,0.066872,0.066872,0.067622,1280,LOW_REDUNDANCY,Low redundancy. Independent signal sources.,intake_vs_baseline
q158_rsqr_30h,q158_max_10h,alpha158_rolling_regression,alpha158_rolling_price,False,0.06603,0.06603,0.013469,660838,LOW_REDUNDANCY,Low redundancy. Independent signal sources.,intake_vs_baseline
q158_resi_30h,qvol_ma_ratio_20_80,alpha158_rolling_regression,quote_volume_liquidity,False,-0.065004,0.065004,-0.069499,655261,LOW_REDUNDANCY,Low redundancy. Independent signal sources.,intake_vs_baseline
q158_resi_30h,q158_roc_20h,alpha158_rolling_regression,alpha158_rolling_price,False,-0.064987,0.064987,-0.318687,428,LOW_REDUNDANCY,Low redundancy. Independent signal sources.,intake_vs_baseline
q158_resi_30h,mom_20h,alpha158_rolling_regression,momentum,False,0.064987,0.064987,0.342829,428,LOW_REDUNDANCY,Low redundancy. Independent signal sources.,intake_vs_baseline
q158_beta_30h,qvol_zscore_20h,alpha158_rolling_regression,quote_volume_liquidity,False,0.063828,0.063828,0.038601,659581,LOW_REDUNDANCY,Low redundancy. Independent signal sources.,intake_vs_baseline
q158_beta_30h,q158_std_20h,alpha158_rolling_regression,alpha158_rolling_price,False,-0.063788,0.063788,-0.510811,661352,LOW_REDUNDANCY,Low redundancy. Independent signal sources.,intake_vs_baseline
q158_rsqr_30h,ma_gap_5_20,alpha158_rolling_regression,trend_ma,False,-0.0635,0.0635,-0.029404,661264,LOW_REDUNDANCY,Low redundancy. Independent signal sources.,intake_vs_baseline
q158_imax_30h,trend_efficiency_24h,alpha158_rolling_position,trend_quality,False,-0.062577,0.062577,-0.074924,659797,LOW_REDUNDANCY,Low redundancy. Independent signal sources.,intake_vs_baseline
q158_resi_30h,realized_kurt_20h,alpha158_rolling_regression,realized_shape,False,-0.061826,0.061826,0.163262,428,LOW_REDUNDANCY,Low redundancy. Independent signal sources.,intake_vs_baseline
q158_imax_30h,wq101_alpha101,alpha158_rolling_position,wq101,False,-0.060873,0.060873,-0.075337,1280,LOW_REDUNDANCY,Low redundancy. Independent signal sources.,intake_vs_baseline
q158_imax_30h,q158_std_20h,alpha158_rolling_position,alpha158_rolling_price,False,-0.060715,0.060715,-0.02836,661352,LOW_REDUNDANCY,Low redundancy. Independent signal sources.,intake_vs_baseline
q158_imax_30h,realized_skew_20h,alpha158_rolling_position,realized_shape,False,-0.060488,0.060488,-0.129984,428,LOW_REDUNDANCY,Low redundancy. Independent signal sources.,intake_vs_baseline
q158_rsqr_30h,funding_rate_zscore_80h,alpha158_rolling_regression,funding_rate,False,-0.060418,0.060418,-0.078041,113073,LOW_REDUNDANCY,Low redundancy. Independent signal sources.,intake_vs_baseline
q158_beta_30h,taker_buy_zscore_20h,alpha158_rolling_regression,taker_imbalance,False,-0.060329,0.060329,-0.025692,267861,LOW_REDUNDANCY,Low redundancy. Independent signal sources.,intake_vs_baseline
q158_rsqr_30h,funding_rate_level_20h,alpha158_rolling_regression,funding_rate,False,-0.060326,0.060326,-0.009268,412,LOW_REDUNDANCY,Low redundancy. Independent signal sources.,intake_vs_baseline
q158_resi_30h,funding_rate_change_24h,alpha158_rolling_regression,funding_rate,False,-0.059365,0.059365,-0.291347,206,LOW_REDUNDANCY,Low redundancy. Independent signal sources.,intake_vs_baseline
q158_rsqr_30h,q158_vstd_20h,alpha158_rolling_regression,alpha158_rolling_volume,False,0.059065,0.059065,0.001859,661264,LOW_REDUNDANCY,Low redundancy. Independent signal sources.,intake_vs_baseline
q158_rsqr_30h,q158_rsv_30h,alpha158_rolling_regression,alpha158_rolling,False,-0.058364,0.058364,-0.045885,661692,LOW_REDUNDANCY,Low redundancy. Independent signal sources.,intake_vs_baseline
q158_rsqr_30h,q158_rank_close_30h,alpha158_rolling_regression,alpha158_rolling,False,-0.05735,0.05735,-0.051307,661692,LOW_REDUNDANCY,Low redundancy. Independent signal sources.,intake_vs_baseline
q158_beta_30h,funding_rate_level_20h,alpha158_rolling_regression,funding_rate,False,-0.056804,0.056804,-0.165315,412,LOW_REDUNDANCY,Low redundancy. Independent signal sources.,intake_vs_baseline
q158_imax_30h,intraday_ret,alpha158_rolling_position,alpha158_ohlcv,False,-0.056786,0.056786,-0.047345,1280,LOW_REDUNDANCY,Low redundancy. Independent signal sources.,intake_vs_baseline
q158_imax_30h,q158_open_close_0h,alpha158_rolling_position,alpha158_price,False,0.056786,0.056786,0.050671,1280,LOW_REDUNDANCY,Low redundancy. Independent signal sources.,intake_vs_baseline
q158_imax_30h,q158_kmid_open,alpha158_rolling_position,alpha158_kbar,False,-0.056786,0.056786,-0.047345,1280,LOW_REDUNDANCY,Low redundancy. Independent signal sources.,intake_vs_baseline
q158_rsqr_30h,ma_gap_20_80,alpha158_rolling_regression,trend_ma,False,-0.056291,0.056291,-0.027731,656900,LOW_REDUNDANCY,Low redundancy. Independent signal sources.,intake_vs_baseline
q158_imax_30h,q158_ksft_range,alpha158_rolling_position,alpha158_kbar,False,-0.056183,0.056183,-0.116718,1280,LOW_REDUNDANCY,Low redundancy. Independent signal sources.,intake_vs_baseline
q158_rsqr_30h,q158_ma_20h,alpha158_rolling_regression,alpha158_rolling_price,False,0.055008,0.055008,0.031496,661264,LOW_REDUNDANCY,Low redundancy. Independent signal sources.,intake_vs_baseline
q158_resi_30h,klow_close,alpha158_rolling_regression,alpha158_ohlcv,False,-0.054375,0.054375,0.036207,1280,LOW_REDUNDANCY,Low redundancy. Independent signal sources.,intake_vs_baseline
q158_imax_30h,q158_volume_ratio_4h,alpha158_rolling_position,alpha158_volume,False,0.054238,0.054238,-0.00123,660713,LOW_REDUNDANCY,Low redundancy. Independent signal sources.,intake_vs_baseline
q158_resi_30h,q158_klow_open,alpha158_rolling_regression,alpha158_kbar,False,-0.052956,0.052956,0.05172,1280,LOW_REDUNDANCY,Low redundancy. Independent signal sources.,intake_vs_baseline
q158_imax_30h,funding_rate_change_24h,alpha158_rolling_position,funding_rate,False,-0.051718,0.051718,0.16852,206,LOW_REDUNDANCY,Low redundancy. Independent signal sources.,intake_vs_baseline
q158_rsqr_30h,q158_imin_20h,alpha158_rolling_regression,alpha158_rolling_position,False,0.049665,0.049665,0.038797,661264,LOW_REDUNDANCY,Low redundancy. Independent signal sources.,intake_vs_baseline
q158_rsqr_30h,vwap_dev_20h,alpha158_rolling_regression,alpha158_ohlcv,False,-0.048377,0.048377,-0.028746,659581,LOW_REDUNDANCY,Low redundancy. Independent signal sources.,intake_vs_baseline
q158_rsqr_30h,breakout_dist_20h,alpha158_rolling_regression,breakout,False,-0.047719,0.047719,-0.044982,661264,LOW_REDUNDANCY,Low redundancy. Independent signal sources.,intake_vs_baseline
q158_imax_30h,funding_rate_level_20h,alpha158_rolling_position,funding_rate,False,0.047128,0.047128,-0.012846,412,LOW_REDUNDANCY,Low redundancy. Independent signal sources.,intake_vs_baseline
q158_rsqr_30h,q158_min_10h,alpha158_rolling_regression,alpha158_rolling_price,False,-0.046183,0.046183,-0.044993,660838,LOW_REDUNDANCY,Low redundancy. Independent signal sources.,intake_vs_baseline
q158_imax_30h,q158_wvma_20h,alpha158_rolling_position,alpha158_rolling_volume,False,0.045878,0.045878,-0.005812,428,LOW_REDUNDANCY,Low redundancy. Independent signal sources.,intake_vs_baseline
q158_rsqr_30h,q158_imax_30h,alpha158_rolling_regression,alpha158_rolling_position,False,0.045562,0.045562,0.033085,661692,LOW_REDUNDANCY,Low redundancy. Independent signal sources.,intake_vs_intake
q158_resi_30h,q158_corr_20h,alpha158_rolling_regression,alpha158_rolling_volume_price,False,0.044903,0.044903,0.058828,659581,LOW_REDUNDANCY,Low redundancy. Independent signal sources.,intake_vs_baseline
q158_beta_30h,q158_vma_20h,alpha158_rolling_regression,alpha158_rolling_volume,False,-0.044346,0.044346,-0.002028,661352,LOW_REDUNDANCY,Low redundancy. Independent signal sources.,intake_vs_baseline
q158_imax_30h,wq101_alpha53,alpha158_rolling_position,wq101,False,-0.041689,0.041689,-0.002253,660926,LOW_REDUNDANCY,Low redundancy. Independent signal sources.,intake_vs_baseline
q158_beta_30h,q158_vstd_20h,alpha158_rolling_regression,alpha158_rolling_volume,False,-0.040241,0.040241,-0.002025,661352,LOW_REDUNDANCY,Low redundancy. Independent signal sources.,intake_vs_baseline
q158_rsqr_30h,q158_resi_30h,alpha158_rolling_regression,alpha158_rolling_regression,True,0.040054,0.040054,0.029475,661692,LOW_REDUNDANCY,Low redundancy. Independent signal sources.,intake_vs_intake
q158_rsqr_30h,q158_rank_close_20h,alpha158_rolling_regression,alpha158_rolling,False,-0.039739,0.039739,-0.039191,661264,LOW_REDUNDANCY,Low redundancy. Independent signal sources.,intake_vs_baseline
q158_resi_30h,ema_12_26_gap,alpha158_rolling_regression,technical_indicators,False,0.039733,0.039733,-0.06526,1280,LOW_REDUNDANCY,Low redundancy. Independent signal sources.,intake_vs_baseline
q158_resi_30h,qvol_zscore_20h,alpha158_rolling_regression,quote_volume_liquidity,False,0.039514,0.039514,0.047684,659581,LOW_REDUNDANCY,Low redundancy. Independent signal sources.,intake_vs_baseline
q158_rsqr_30h,q158_corr_20h,alpha158_rolling_regression,alpha158_rolling_volume_price,False,-0.039502,0.039502,-0.036989,659581,LOW_REDUNDANCY,Low redundancy. Independent signal sources.,intake_vs_baseline
q158_resi_30h,q158_std_10h,alpha158_rolling_regression,alpha158_rolling_price,False,-0.039376,0.039376,-0.342623,660926,LOW_REDUNDANCY,Low redundancy. Independent signal sources.,intake_vs_baseline
q158_rsqr_30h,bb_zscore_20h,alpha158_rolling_regression,technical,False,-0.039273,0.039273,-0.039506,659581,LOW_REDUNDANCY,Low redundancy. Independent signal sources.,intake_vs_baseline
q158_beta_30h,vol_zscore_20h,alpha158_rolling_regression,volume_liquidity,False,0.039086,0.039086,0.021592,659581,LOW_REDUNDANCY,Low redundancy. Independent signal sources.,intake_vs_baseline
q158_resi_30h,q158_wvma_20h,alpha158_rolling_regression,alpha158_rolling_volume,False,-0.038756,0.038756,0.206949,428,LOW_REDUNDANCY,Low redundancy. Independent signal sources.,intake_vs_baseline
q158_rsqr_30h,price_pos_120h,alpha158_rolling_regression,price_position,False,-0.038461,0.038461,-0.014853,653068,LOW_REDUNDANCY,Low redundancy. Independent signal sources.,intake_vs_baseline
q158_rsqr_30h,q158_min_5h,alpha158_rolling_regression,alpha158_rolling_price,False,-0.038178,0.038178,-0.025636,660625,LOW_REDUNDANCY,Low redundancy. Independent signal sources.,intake_vs_baseline
q158_resi_30h,funding_rate_level_20h,alpha158_rolling_regression,funding_rate,False,-0.037207,0.037207,0.363781,412,LOW_REDUNDANCY,Low redundancy. Independent signal sources.,intake_vs_baseline
q158_beta_30h,taker_buy_delta_5h,alpha158_rolling_regression,taker_imbalance,False,-0.037102,0.037102,-0.05411,1184,LOW_REDUNDANCY,Low redundancy. Independent signal sources.,intake_vs_baseline
q158_rsqr_30h,q158_volume_ratio_4h,alpha158_rolling_regression,alpha158_volume,False,0.036841,0.036841,0.000311,660625,LOW_REDUNDANCY,Low redundancy. Independent signal sources.,intake_vs_baseline
q158_rsqr_30h,q158_std_10h,alpha158_rolling_regression,alpha158_rolling_price,False,0.036745,0.036745,0.027207,660838,LOW_REDUNDANCY,Low redundancy. Independent signal sources.,intake_vs_baseline
q158_imax_30h,taker_buy_zscore_20h,alpha158_rolling_position,taker_imbalance,False,0.036649,0.036649,0.040799,267861,LOW_REDUNDANCY,Low redundancy. Independent signal sources.,intake_vs_baseline
q158_rsqr_30h,q158_max_5h,alpha158_rolling_regression,alpha158_rolling_price,False,0.035115,0.035115,0.007541,660625,LOW_REDUNDANCY,Low redundancy. Independent signal sources.,intake_vs_baseline
q158_resi_30h,funding_rate_zscore_80h,alpha158_rolling_regression,funding_rate,False,-0.034818,0.034818,-0.033897,113084,LOW_REDUNDANCY,Low redundancy. Independent signal sources.,intake_vs_baseline
q158_rsqr_30h,tech_atr,alpha158_rolling_regression,technical,False,0.034353,0.034353,0.004998,661051,LOW_REDUNDANCY,Low redundancy. Independent signal sources.,intake_vs_baseline
q158_rsqr_30h,q158_high_close_4h,alpha158_rolling_regression,alpha158_price,False,0.034163,0.034163,0.024602,660625,LOW_REDUNDANCY,Low redundancy. Independent signal sources.,intake_vs_baseline
q158_rsqr_30h,taker_buy_delta_5h,alpha158_rolling_regression,taker_imbalance,False,0.033768,0.033768,0.016768,1184,LOW_REDUNDANCY,Low redundancy. Independent signal sources.,intake_vs_baseline
q158_resi_30h,rev_24h,alpha158_rolling_regression,reversal,False,-0.033266,0.033266,-0.053555,661566,LOW_REDUNDANCY,Low redundancy. Independent signal sources.,intake_vs_baseline
q158_rsqr_30h,clv_20h,alpha158_rolling_regression,alpha158_ohlc_range,False,-0.032647,0.032647,-0.030802,661264,LOW_REDUNDANCY,Low redundancy. Independent signal sources.,intake_vs_baseline
q158_rsqr_30h,q158_rsv_20h,alpha158_rolling_regression,alpha158_rolling,False,-0.032511,0.032511,-0.031784,661264,LOW_REDUNDANCY,Low redundancy. Independent signal sources.,intake_vs_baseline
q158_rsqr_30h,q158_resi_20h,alpha158_rolling_regression,alpha158_rolling_regression,True,0.031681,0.031681,0.019501,661264,LOW_REDUNDANCY,Low redundancy. Independent signal sources.,intake_vs_baseline
q158_beta_30h,q158_max_5h,alpha158_rolling_regression,alpha158_rolling_price,False,-0.031671,0.031671,-0.037568,660713,LOW_REDUNDANCY,Low redundancy. Independent signal sources.,intake_vs_baseline
q158_rsqr_30h,xs_rank_vol,alpha158_rolling_regression,cross_sectional_normalized,False,0.030126,0.030126,0.029031,661264,LOW_REDUNDANCY,Low redundancy. Independent signal sources.,intake_vs_baseline
q158_rsqr_30h,taker_buy_ratio_20h,alpha158_rolling_regression,taker_imbalance,False,-0.029826,0.029826,-0.031676,267861,LOW_REDUNDANCY,Low redundancy. Independent signal sources.,intake_vs_baseline
q158_rsqr_30h,vol_of_vol_20h,alpha158_rolling_regression,realized_skew_kurtosis,False,0.028572,0.028572,0.020726,661478,LOW_REDUNDANCY,Low redundancy. Independent signal sources.,intake_vs_baseline
q158_beta_30h,tech_atr,alpha158_rolling_regression,technical,False,0.028441,0.028441,0.002578,661139,LOW_REDUNDANCY,Low redundancy. Independent signal sources.,intake_vs_baseline
q158_resi_30h,q158_std_20h,alpha158_rolling_regression,alpha158_rolling_price,False,-0.027602,0.027602,-0.074805,661352,LOW_REDUNDANCY,Low redundancy. Independent signal sources.,intake_vs_baseline
q158_imax_30h,q158_ksft_open,alpha158_rolling_position,alpha158_kbar,False,-0.026685,0.026685,-0.033294,1280,LOW_REDUNDANCY,Low redundancy. Independent signal sources.,intake_vs_baseline
q158_imax_30h,candle_wick_upper,alpha158_rolling_position,intraday_candle,False,0.025301,0.025301,0.082064,1280,LOW_REDUNDANCY,Low redundancy. Independent signal sources.,intake_vs_baseline
q158_imax_30h,q158_kup_range,alpha158_rolling_position,alpha158_kbar,False,0.025282,0.025282,0.082036,1280,LOW_REDUNDANCY,Low redundancy. Independent signal sources.,intake_vs_baseline
q158_beta_30h,a101_volume_low_alpha_min_84_120,alpha158_rolling_regression,alpha101_curated_volume_price_regression,False,-0.024497,0.024497,-0.002457,329792,LOW_REDUNDANCY,Low redundancy. Independent signal sources.,intake_vs_baseline
q158_resi_30h,q158_std_5h,alpha158_rolling_regression,alpha158_rolling_price,False,-0.024438,0.024438,-0.207857,660713,LOW_REDUNDANCY,Low redundancy. Independent signal sources.,intake_vs_baseline
q158_beta_30h,q158_min_5h,alpha158_rolling_regression,alpha158_rolling_price,False,-0.024193,0.024193,-0.013921,660713,LOW_REDUNDANCY,Low redundancy. Independent signal sources.,intake_vs_baseline
q158_resi_30h,q158_volume_ratio_4h,alpha158_rolling_regression,alpha158_volume,False,-0.024063,0.024063,-0.000308,660713,LOW_REDUNDANCY,Low redundancy. Independent signal sources.,intake_vs_baseline
q158_resi_30h,q158_vma_20h,alpha158_rolling_regression,alpha158_rolling_volume,False,-0.024001,0.024001,0.000257,661352,LOW_REDUNDANCY,Low redundancy. Independent signal sources.,intake_vs_baseline
q158_imax_30h,tech_atr,alpha158_rolling_position,technical,False,-0.023514,0.023514,-0.003398,661139,LOW_REDUNDANCY,Low redundancy. Independent signal sources.,intake_vs_baseline
q158_imax_30h,q158_klow_open,alpha158_rolling_position,alpha158_kbar,False,-0.023477,0.023477,-0.014816,1280,LOW_REDUNDANCY,Low redundancy. Independent signal sources.,intake_vs_baseline
q158_rsqr_30h,q158_ma_10h,alpha158_rolling_regression,alpha158_rolling_price,False,0.022739,0.022739,0.015001,660838,LOW_REDUNDANCY,Low redundancy. Independent signal sources.,intake_vs_baseline
q158_imax_30h,klow_close,alpha158_rolling_position,alpha158_ohlcv,False,-0.0226,0.0226,-0.017454,1280,LOW_REDUNDANCY,Low redundancy. Independent signal sources.,intake_vs_baseline
q158_rsqr_30h,q158_qtld_30h,alpha158_rolling_regression,alpha158_rolling,False,-0.022177,0.022177,-0.09488,661692,LOW_REDUNDANCY,Low redundancy. Independent signal sources.,intake_vs_baseline
q158_beta_30h,q158_klen_open,alpha158_rolling_regression,alpha158_kbar,False,0.020903,0.020903,0.120889,1280,LOW_REDUNDANCY,Low redundancy. Independent signal sources.,intake_vs_baseline
q158_resi_30h,trend_efficiency_24h,alpha158_rolling_regression,trend_quality,False,0.020624,0.020624,0.031899,659797,LOW_REDUNDANCY,Low redundancy. Independent signal sources.,intake_vs_baseline
q158_resi_30h,vol_zscore_20h,alpha158_rolling_regression,volume_liquidity,False,0.020399,0.020399,0.027744,659581,LOW_REDUNDANCY,Low redundancy. Independent signal sources.,intake_vs_baseline
q158_rsqr_30h,q158_vma_20h,alpha158_rolling_regression,alpha158_rolling_volume,False,0.020358,0.020358,0.001554,661264,LOW_REDUNDANCY,Low redundancy. Independent signal sources.,intake_vs_baseline
q158_rsqr_30h,q158_qtld_20h,alpha158_rolling_regression,alpha158_rolling,False,-0.020306,0.020306,-0.060339,661264,LOW_REDUNDANCY,Low redundancy. Independent signal sources.,intake_vs_baseline
q158_rsqr_30h,q158_std_5h,alpha158_rolling_regression,alpha158_rolling_price,False,0.020297,0.020297,0.010292,660625,LOW_REDUNDANCY,Low redundancy. Independent signal sources.,intake_vs_baseline
q158_beta_30h,vol_ratio_5_20,alpha158_rolling_regression,volatility,False,-0.019811,0.019811,-0.014217,426,LOW_REDUNDANCY,Low redundancy. Independent signal sources.,intake_vs_baseline
q158_beta_30h,q158_high_low_range,alpha158_rolling_regression,alpha158,False,0.019349,0.019349,0.142733,1280,LOW_REDUNDANCY,Low redundancy. Independent signal sources.,intake_vs_baseline
q158_beta_30h,range_1h,alpha158_rolling_regression,range_position,False,0.019349,0.019349,0.142733,1280,LOW_REDUNDANCY,Low redundancy. Independent signal sources.,intake_vs_baseline
q158_rsqr_30h,q158_close_close_4h,alpha158_rolling_regression,alpha158_price,False,0.018681,0.018681,0.015374,660625,LOW_REDUNDANCY,Low redundancy. Independent signal sources.,intake_vs_baseline
q158_resi_30h,q158_std_60h,alpha158_rolling_regression,alpha158_rolling_price,False,0.018603,0.018603,0.162768,658904,LOW_REDUNDANCY,Low redundancy. Independent signal sources.,intake_vs_baseline
q158_resi_30h,qvol_ma_ratio_5_20,alpha158_rolling_regression,quote_volume_liquidity,False,0.018416,0.018416,0.04237,659581,LOW_REDUNDANCY,Low redundancy. Independent signal sources.,intake_vs_baseline
q158_rsqr_30h,wq101_alpha53,alpha158_rolling_regression,wq101,False,-0.0184,0.0184,-0.000638,660838,LOW_REDUNDANCY,Low redundancy. Independent signal sources.,intake_vs_baseline
q158_beta_30h,q158_std_10h,alpha158_rolling_regression,alpha158_rolling_price,False,-0.018297,0.018297,-0.156993,660926,LOW_REDUNDANCY,Low redundancy. Independent signal sources.,intake_vs_baseline
q158_resi_30h,q158_vstd_20h,alpha158_rolling_regression,alpha158_rolling_volume,False,-0.017454,0.017454,0.000645,661352,LOW_REDUNDANCY,Low redundancy. Independent signal sources.,intake_vs_baseline
q158_beta_30h,a101_volume_high_alpha_min_84_84,alpha158_rolling_regression,alpha101_curated_volume_price_regression,False,-0.017434,0.017434,-0.003422,321398,LOW_REDUNDANCY,Low redundancy. Independent signal sources.,intake_vs_baseline
q158_rsqr_30h,tech_macd,alpha158_rolling_regression,technical,False,-0.017399,0.017399,-0.005344,1280,LOW_REDUNDANCY,Low redundancy. Independent signal sources.,intake_vs_baseline
q158_beta_30h,xs_rank_vol,alpha158_rolling_regression,cross_sectional_normalized,False,0.017002,0.017002,0.005997,661352,LOW_REDUNDANCY,Low redundancy. Independent signal sources.,intake_vs_baseline
q158_beta_30h,range_breakout_vol_confirm_20h,alpha158_rolling_regression,breakout,False,-0.016352,0.016352,-0.010849,21579,LOW_REDUNDANCY,Low redundancy. Independent signal sources.,intake_vs_baseline
q158_rsqr_30h,q158_open_close_4h,alpha158_rolling_regression,alpha158_price,False,0.015767,0.015767,0.011806,660625,LOW_REDUNDANCY,Low redundancy. Independent signal sources.,intake_vs_baseline
q158_imax_30h,vol_of_vol_20h,alpha158_rolling_position,realized_skew_kurtosis,False,-0.015656,0.015656,-0.03386,661566,LOW_REDUNDANCY,Low redundancy. Independent signal sources.,intake_vs_baseline
q158_rsqr_30h,q158_min_60h,alpha158_rolling_regression,alpha158_rolling_price,False,0.013294,0.013294,-0.053706,658816,LOW_REDUNDANCY,Low redundancy. Independent signal sources.,intake_vs_baseline
q158_rsqr_30h,taker_buy_zscore_20h,alpha158_rolling_regression,taker_imbalance,False,0.013021,0.013021,0.013014,267861,LOW_REDUNDANCY,Low redundancy. Independent signal sources.,intake_vs_baseline
q158_rsqr_30h,a101_volume_low_alpha_min_84_120,alpha158_rolling_regression,alpha101_curated_volume_price_regression,False,-0.012802,0.012802,-0.00465,329781,LOW_REDUNDANCY,Low redundancy. Independent signal sources.,intake_vs_baseline
q158_rsqr_30h,q158_ma_5h,alpha158_rolling_regression,alpha158_rolling_price,False,0.012771,0.012771,0.011289,660625,LOW_REDUNDANCY,Low redundancy. Independent signal sources.,intake_vs_baseline
q158_resi_30h,xs_rank_vol,alpha158_rolling_regression,cross_sectional_normalized,False,-0.012483,0.012483,-0.010031,661352,LOW_REDUNDANCY,Low redundancy. Independent signal sources.,intake_vs_baseline
q158_beta_30h,a101_volume_xs_z_mean_neg_112h,alpha158_rolling_regression,alpha101_curated_volume_crowding,False,0.01092,0.01092,-0.000423,323346,LOW_REDUNDANCY,Low redundancy. Independent signal sources.,intake_vs_baseline
q158_beta_30h,vol_of_vol_20h,alpha158_rolling_regression,realized_skew_kurtosis,False,0.010839,0.010839,-0.035459,661566,LOW_REDUNDANCY,Low redundancy. Independent signal sources.,intake_vs_baseline
q158_resi_30h,tech_atr,alpha158_rolling_regression,technical,False,-0.010447,0.010447,0.00043,661139,LOW_REDUNDANCY,Low redundancy. Independent signal sources.,intake_vs_baseline
q158_imax_30h,q158_max_5h,alpha158_rolling_position,alpha158_rolling_price,False,0.01025,0.01025,-0.011692,660713,LOW_REDUNDANCY,Low redundancy. Independent signal sources.,intake_vs_baseline
q158_beta_30h,q158_volume_ratio_4h,alpha158_rolling_regression,alpha158_volume,False,-0.009985,0.009985,-0.000147,660713,LOW_REDUNDANCY,Low redundancy. Independent signal sources.,intake_vs_baseline
q158_resi_30h,a101_volume_high_alpha_min_84_84,alpha158_rolling_regression,alpha101_curated_volume_price_regression,False,0.009604,0.009604,0.001219,321398,LOW_REDUNDANCY,Low redundancy. Independent signal sources.,intake_vs_baseline
q158_rsqr_30h,a101_vol_xs_z_product_112h,alpha158_rolling_regression,alpha101_curated_volume_regime,False,-0.009379,0.009379,-0.000548,323346,LOW_REDUNDANCY,Low redundancy. Independent signal sources.,intake_vs_baseline
q158_imax_30h,a101_volume_high_alpha_min_84_84,alpha158_rolling_position,alpha101_curated_volume_price_regression,False,0.009327,0.009327,0.000183,321398,LOW_REDUNDANCY,Low redundancy. Independent signal sources.,intake_vs_baseline
q158_resi_30h,a101_volume_low_alpha_min_84_120,alpha158_rolling_regression,alpha101_curated_volume_price_regression,False,0.009084,0.009084,0.003208,329792,LOW_REDUNDANCY,Low redundancy. Independent signal sources.,intake_vs_baseline
q158_rsqr_30h,a101_volume_xs_z_mean_neg_112h,alpha158_rolling_regression,alpha101_curated_volume_crowding,False,-0.008277,0.008277,0.002579,323346,LOW_REDUNDANCY,Low redundancy. Independent signal sources.,intake_vs_baseline
q158_resi_30h,vol_of_vol_20h,alpha158_rolling_regression,realized_skew_kurtosis,False,-0.008193,0.008193,-0.026805,661566,LOW_REDUNDANCY,Low redundancy. Independent signal sources.,intake_vs_baseline
q158_resi_30h,q158_rsqr_20h,alpha158_rolling_regression,alpha158_rolling_regression,True,-0.007703,0.007703,0.001061,661352,LOW_REDUNDANCY,Low redundancy. Independent signal sources.,intake_vs_baseline
q158_resi_30h,q158_std_30h,alpha158_rolling_regression,alpha158_rolling_price,False,0.007462,0.007462,0.200382,661780,LOW_REDUNDANCY,Low redundancy. Independent signal sources.,intake_vs_baseline
q158_imax_30h,a101_volume_xs_z_mean_neg_112h,alpha158_rolling_position,alpha101_curated_volume_crowding,False,-0.006362,0.006362,0.000757,323346,LOW_REDUNDANCY,Low redundancy. Independent signal sources.,intake_vs_baseline
q158_rsqr_30h,qvol_zscore_20h,alpha158_rolling_regression,quote_volume_liquidity,False,-0.005462,0.005462,-0.023208,659581,LOW_REDUNDANCY,Low redundancy. Independent signal sources.,intake_vs_baseline
q158_imax_30h,a101_volume_low_alpha_min_84_120,alpha158_rolling_position,alpha101_curated_volume_price_regression,False,0.005413,0.005413,0.002156,329792,LOW_REDUNDANCY,Low redundancy. Independent signal sources.,intake_vs_baseline
q158_resi_30h,q158_ksft_range,alpha158_rolling_regression,alpha158_kbar,False,0.004963,0.004963,0.041281,1280,LOW_REDUNDANCY,Low redundancy. Independent signal sources.,intake_vs_baseline
q158_resi_30h,a101_volume_xs_z_mean_neg_112h,alpha158_rolling_regression,alpha101_curated_volume_crowding,False,0.004394,0.004394,0.00106,323346,LOW_REDUNDANCY,Low redundancy. Independent signal sources.,intake_vs_baseline
q158_resi_30h,a101_vol_xs_z_product_112h,alpha158_rolling_regression,alpha101_curated_volume_regime,False,0.004256,0.004256,-0.000275,323346,LOW_REDUNDANCY,Low redundancy. Independent signal sources.,intake_vs_baseline
q158_rsqr_30h,a101_volume_high_alpha_min_84_84,alpha158_rolling_regression,alpha101_curated_volume_price_regression,False,0.003873,0.003873,0.0026,321398,LOW_REDUNDANCY,Low redundancy. Independent signal sources.,intake_vs_baseline
q158_imax_30h,amihud_illiquidity_20h,alpha158_rolling_position,liquidity,False,0.003834,0.003834,0.045607,426,LOW_REDUNDANCY,Low redundancy. Independent signal sources.,intake_vs_baseline
q158_rsqr_30h,qvol_ma_ratio_5_20,alpha158_rolling_regression,quote_volume_liquidity,False,-0.00266,0.00266,-0.001661,659581,LOW_REDUNDANCY,Low redundancy. Independent signal sources.,intake_vs_baseline
q158_resi_30h,q158_ksft_open,alpha158_rolling_regression,alpha158_kbar,False,0.00264,0.00264,0.208133,1280,LOW_REDUNDANCY,Low redundancy. Independent signal sources.,intake_vs_baseline
q158_imax_30h,xs_rank_vol,alpha158_rolling_position,cross_sectional_normalized,False,-0.0025,0.0025,-0.003324,661352,LOW_REDUNDANCY,Low redundancy. Independent signal sources.,intake_vs_baseline
q158_rsqr_30h,vol_zscore_20h,alpha158_rolling_regression,volume_liquidity,False,-0.002497,0.002497,-0.020882,659581,LOW_REDUNDANCY,Low redundancy. Independent signal sources.,intake_vs_baseline
q158_imax_30h,a101_vol_xs_z_product_112h,alpha158_rolling_position,alpha101_curated_volume_regime,False,-0.002176,0.002176,0.003456,323346,LOW_REDUNDANCY,Low redundancy. Independent signal sources.,intake_vs_baseline
q158_resi_30h,volume_pressure_20h,alpha158_rolling_regression,volume_price,False,0.00202,0.00202,-0.013496,428,LOW_REDUNDANCY,Low redundancy. Independent signal sources.,intake_vs_baseline
q158_beta_30h,q158_std_5h,alpha158_rolling_regression,alpha158_rolling_price,False,-0.000799,0.000799,-0.049528,660713,LOW_REDUNDANCY,Low redundancy. Independent signal sources.,intake_vs_baseline
q158_rsqr_30h,q158_low_close_4h,alpha158_rolling_regression,alpha158_price,False,0.000683,0.000683,-0.0001,660625,LOW_REDUNDANCY,Low redundancy. Independent signal sources.,intake_vs_baseline
q158_beta_30h,a101_vol_xs_z_product_112h,alpha158_rolling_regression,alpha101_curated_volume_regime,False,0.000366,0.000366,-0.001401,323346,LOW_REDUNDANCY,Low redundancy. Independent signal sources.,intake_vs_baseline
q158_beta_30h,wq101_alpha12,alpha158_rolling_regression,wq101,False,,,,0,INSUFFICIENT_DATA,Insufficient pairwise observations.,intake_vs_baseline
q158_rsqr_30h,wq101_alpha12,alpha158_rolling_regression,wq101,False,,,,0,INSUFFICIENT_DATA,Insufficient pairwise observations.,intake_vs_baseline
q158_resi_30h,wq101_alpha12,alpha158_rolling_regression,wq101,False,,,,0,INSUFFICIENT_DATA,Insufficient pairwise observations.,intake_vs_baseline
q158_imax_30h,wq101_alpha12,alpha158_rolling_position,wq101,False,,,,0,INSUFFICIENT_DATA,Insufficient pairwise observations.,intake_vs_baseline
q158_beta_30h,q158_open_close_1h,alpha158_rolling_regression,alpha158_price,False,,,,0,INSUFFICIENT_DATA,Insufficient pairwise observations.,intake_vs_baseline
q158_rsqr_30h,q158_open_close_1h,alpha158_rolling_regression,alpha158_price,False,,,,0,INSUFFICIENT_DATA,Insufficient pairwise observations.,intake_vs_baseline
q158_resi_30h,q158_open_close_1h,alpha158_rolling_regression,alpha158_price,False,,,,0,INSUFFICIENT_DATA,Insufficient pairwise observations.,intake_vs_baseline
q158_imax_30h,q158_open_close_1h,alpha158_rolling_position,alpha158_price,False,,,,0,INSUFFICIENT_DATA,Insufficient pairwise observations.,intake_vs_baseline
q158_beta_30h,q158_high_close_1h,alpha158_rolling_regression,alpha158_price,False,,,,0,INSUFFICIENT_DATA,Insufficient pairwise observations.,intake_vs_baseline
q158_rsqr_30h,q158_high_close_1h,alpha158_rolling_regression,alpha158_price,False,,,,0,INSUFFICIENT_DATA,Insufficient pairwise observations.,intake_vs_baseline
q158_resi_30h,q158_high_close_1h,alpha158_rolling_regression,alpha158_price,False,,,,0,INSUFFICIENT_DATA,Insufficient pairwise observations.,intake_vs_baseline
q158_imax_30h,q158_high_close_1h,alpha158_rolling_position,alpha158_price,False,,,,0,INSUFFICIENT_DATA,Insufficient pairwise observations.,intake_vs_baseline
q158_beta_30h,q158_low_close_1h,alpha158_rolling_regression,alpha158_price,False,,,,0,INSUFFICIENT_DATA,Insufficient pairwise observations.,intake_vs_baseline
q158_rsqr_30h,q158_low_close_1h,alpha158_rolling_regression,alpha158_price,False,,,,0,INSUFFICIENT_DATA,Insufficient pairwise observations.,intake_vs_baseline
q158_resi_30h,q158_low_close_1h,alpha158_rolling_regression,alpha158_price,False,,,,0,INSUFFICIENT_DATA,Insufficient pairwise observations.,intake_vs_baseline
q158_imax_30h,q158_low_close_1h,alpha158_rolling_position,alpha158_price,False,,,,0,INSUFFICIENT_DATA,Insufficient pairwise observations.,intake_vs_baseline
q158_beta_30h,q158_open_close_2h,alpha158_rolling_regression,alpha158_price,False,,,,0,INSUFFICIENT_DATA,Insufficient pairwise observations.,intake_vs_baseline
q158_rsqr_30h,q158_open_close_2h,alpha158_rolling_regression,alpha158_price,False,,,,0,INSUFFICIENT_DATA,Insufficient pairwise observations.,intake_vs_baseline
q158_resi_30h,q158_open_close_2h,alpha158_rolling_regression,alpha158_price,False,,,,0,INSUFFICIENT_DATA,Insufficient pairwise observations.,intake_vs_baseline
q158_imax_30h,q158_open_close_2h,alpha158_rolling_position,alpha158_price,False,,,,0,INSUFFICIENT_DATA,Insufficient pairwise observations.,intake_vs_baseline
q158_beta_30h,q158_high_close_2h,alpha158_rolling_regression,alpha158_price,False,,,,0,INSUFFICIENT_DATA,Insufficient pairwise observations.,intake_vs_baseline
q158_rsqr_30h,q158_high_close_2h,alpha158_rolling_regression,alpha158_price,False,,,,0,INSUFFICIENT_DATA,Insufficient pairwise observations.,intake_vs_baseline
q158_resi_30h,q158_high_close_2h,alpha158_rolling_regression,alpha158_price,False,,,,0,INSUFFICIENT_DATA,Insufficient pairwise observations.,intake_vs_baseline
q158_imax_30h,q158_high_close_2h,alpha158_rolling_position,alpha158_price,False,,,,0,INSUFFICIENT_DATA,Insufficient pairwise observations.,intake_vs_baseline
q158_beta_30h,q158_low_close_2h,alpha158_rolling_regression,alpha158_price,False,,,,0,INSUFFICIENT_DATA,Insufficient pairwise observations.,intake_vs_baseline
q158_rsqr_30h,q158_low_close_2h,alpha158_rolling_regression,alpha158_price,False,,,,0,INSUFFICIENT_DATA,Insufficient pairwise observations.,intake_vs_baseline
q158_resi_30h,q158_low_close_2h,alpha158_rolling_regression,alpha158_price,False,,,,0,INSUFFICIENT_DATA,Insufficient pairwise observations.,intake_vs_baseline
q158_imax_30h,q158_low_close_2h,alpha158_rolling_position,alpha158_price,False,,,,0,INSUFFICIENT_DATA,Insufficient pairwise observations.,intake_vs_baseline
q158_beta_30h,q158_open_close_3h,alpha158_rolling_regression,alpha158_price,False,,,,0,INSUFFICIENT_DATA,Insufficient pairwise observations.,intake_vs_baseline
q158_rsqr_30h,q158_open_close_3h,alpha158_rolling_regression,alpha158_price,False,,,,0,INSUFFICIENT_DATA,Insufficient pairwise observations.,intake_vs_baseline
q158_resi_30h,q158_open_close_3h,alpha158_rolling_regression,alpha158_price,False,,,,0,INSUFFICIENT_DATA,Insufficient pairwise observations.,intake_vs_baseline
q158_imax_30h,q158_open_close_3h,alpha158_rolling_position,alpha158_price,False,,,,0,INSUFFICIENT_DATA,Insufficient pairwise observations.,intake_vs_baseline
q158_beta_30h,q158_high_close_3h,alpha158_rolling_regression,alpha158_price,False,,,,0,INSUFFICIENT_DATA,Insufficient pairwise observations.,intake_vs_baseline
q158_rsqr_30h,q158_high_close_3h,alpha158_rolling_regression,alpha158_price,False,,,,0,INSUFFICIENT_DATA,Insufficient pairwise observations.,intake_vs_baseline
q158_resi_30h,q158_high_close_3h,alpha158_rolling_regression,alpha158_price,False,,,,0,INSUFFICIENT_DATA,Insufficient pairwise observations.,intake_vs_baseline
q158_imax_30h,q158_high_close_3h,alpha158_rolling_position,alpha158_price,False,,,,0,INSUFFICIENT_DATA,Insufficient pairwise observations.,intake_vs_baseline
q158_beta_30h,q158_low_close_3h,alpha158_rolling_regression,alpha158_price,False,,,,0,INSUFFICIENT_DATA,Insufficient pairwise observations.,intake_vs_baseline
q158_rsqr_30h,q158_low_close_3h,alpha158_rolling_regression,alpha158_price,False,,,,0,INSUFFICIENT_DATA,Insufficient pairwise observations.,intake_vs_baseline
q158_resi_30h,q158_low_close_3h,alpha158_rolling_regression,alpha158_price,False,,,,0,INSUFFICIENT_DATA,Insufficient pairwise observations.,intake_vs_baseline
q158_imax_30h,q158_low_close_3h,alpha158_rolling_position,alpha158_price,False,,,,0,INSUFFICIENT_DATA,Insufficient pairwise observations.,intake_vs_baseline
q158_beta_30h,q158_volume_ratio_1h,alpha158_rolling_regression,alpha158_volume,False,,,,0,INSUFFICIENT_DATA,Insufficient pairwise observations.,intake_vs_baseline
q158_rsqr_30h,q158_volume_ratio_1h,alpha158_rolling_regression,alpha158_volume,False,,,,0,INSUFFICIENT_DATA,Insufficient pairwise observations.,intake_vs_baseline
q158_resi_30h,q158_volume_ratio_1h,alpha158_rolling_regression,alpha158_volume,False,,,,0,INSUFFICIENT_DATA,Insufficient pairwise observations.,intake_vs_baseline
q158_imax_30h,q158_volume_ratio_1h,alpha158_rolling_position,alpha158_volume,False,,,,0,INSUFFICIENT_DATA,Insufficient pairwise observations.,intake_vs_baseline
q158_beta_30h,q158_volume_ratio_2h,alpha158_rolling_regression,alpha158_volume,False,,,,0,INSUFFICIENT_DATA,Insufficient pairwise observations.,intake_vs_baseline
q158_rsqr_30h,q158_volume_ratio_2h,alpha158_rolling_regression,alpha158_volume,False,,,,0,INSUFFICIENT_DATA,Insufficient pairwise observations.,intake_vs_baseline
q158_resi_30h,q158_volume_ratio_2h,alpha158_rolling_regression,alpha158_volume,False,,,,0,INSUFFICIENT_DATA,Insufficient pairwise observations.,intake_vs_baseline
q158_imax_30h,q158_volume_ratio_2h,alpha158_rolling_position,alpha158_volume,False,,,,0,INSUFFICIENT_DATA,Insufficient pairwise observations.,intake_vs_baseline
q158_beta_30h,q158_volume_ratio_3h,alpha158_rolling_regression,alpha158_volume,False,,,,0,INSUFFICIENT_DATA,Insufficient pairwise observations.,intake_vs_baseline
q158_rsqr_30h,q158_volume_ratio_3h,alpha158_rolling_regression,alpha158_volume,False,,,,0,INSUFFICIENT_DATA,Insufficient pairwise observations.,intake_vs_baseline
q158_resi_30h,q158_volume_ratio_3h,alpha158_rolling_regression,alpha158_volume,False,,,,0,INSUFFICIENT_DATA,Insufficient pairwise observations.,intake_vs_baseline
q158_imax_30h,q158_volume_ratio_3h,alpha158_rolling_position,alpha158_volume,False,,,,0,INSUFFICIENT_DATA,Insufficient pairwise observations.,intake_vs_baseline
q158_beta_30h,mom_40h,alpha158_rolling_regression,momentum,False,,,,0,INSUFFICIENT_DATA,Insufficient pairwise observations.,intake_vs_baseline
q158_rsqr_30h,mom_40h,alpha158_rolling_regression,momentum,False,,,,0,INSUFFICIENT_DATA,Insufficient pairwise observations.,intake_vs_baseline
q158_resi_30h,mom_40h,alpha158_rolling_regression,momentum,False,,,,0,INSUFFICIENT_DATA,Insufficient pairwise observations.,intake_vs_baseline
q158_imax_30h,mom_40h,alpha158_rolling_position,momentum,False,,,,0,INSUFFICIENT_DATA,Insufficient pairwise observations.,intake_vs_baseline
q158_beta_30h,rev_3h,alpha158_rolling_regression,reversal,False,,,,0,INSUFFICIENT_DATA,Insufficient pairwise observations.,intake_vs_baseline
q158_rsqr_30h,rev_3h,alpha158_rolling_regression,reversal,False,,,,0,INSUFFICIENT_DATA,Insufficient pairwise observations.,intake_vs_baseline
q158_resi_30h,rev_3h,alpha158_rolling_regression,reversal,False,,,,0,INSUFFICIENT_DATA,Insufficient pairwise observations.,intake_vs_baseline
q158_imax_30h,rev_3h,alpha158_rolling_position,reversal,False,,,,0,INSUFFICIENT_DATA,Insufficient pairwise observations.,intake_vs_baseline
q158_beta_30h,vol_40h,alpha158_rolling_regression,volatility,False,,,,0,INSUFFICIENT_DATA,Insufficient pairwise observations.,intake_vs_baseline
q158_rsqr_30h,vol_40h,alpha158_rolling_regression,volatility,False,,,,0,INSUFFICIENT_DATA,Insufficient pairwise observations.,intake_vs_baseline
q158_resi_30h,vol_40h,alpha158_rolling_regression,volatility,False,,,,0,INSUFFICIENT_DATA,Insufficient pairwise observations.,intake_vs_baseline
q158_imax_30h,vol_40h,alpha158_rolling_position,volatility,False,,,,0,INSUFFICIENT_DATA,Insufficient pairwise observations.,intake_vs_baseline
q158_beta_30h,range_4h,alpha158_rolling_regression,range_position,False,,,,0,INSUFFICIENT_DATA,Insufficient pairwise observations.,intake_vs_baseline
q158_rsqr_30h,range_4h,alpha158_rolling_regression,range_position,False,,,,0,INSUFFICIENT_DATA,Insufficient pairwise observations.,intake_vs_baseline
q158_resi_30h,range_4h,alpha158_rolling_regression,range_position,False,,,,0,INSUFFICIENT_DATA,Insufficient pairwise observations.,intake_vs_baseline
q158_imax_30h,range_4h,alpha158_rolling_position,range_position,False,,,,0,INSUFFICIENT_DATA,Insufficient pairwise observations.,intake_vs_baseline
q158_beta_30h,range_24h,alpha158_rolling_regression,range_position,False,,,,0,INSUFFICIENT_DATA,Insufficient pairwise observations.,intake_vs_baseline
q158_rsqr_30h,range_24h,alpha158_rolling_regression,range_position,False,,,,0,INSUFFICIENT_DATA,Insufficient pairwise observations.,intake_vs_baseline
q158_resi_30h,range_24h,alpha158_rolling_regression,range_position,False,,,,0,INSUFFICIENT_DATA,Insufficient pairwise observations.,intake_vs_baseline
q158_imax_30h,range_24h,alpha158_rolling_position,range_position,False,,,,0,INSUFFICIENT_DATA,Insufficient pairwise observations.,intake_vs_baseline
q158_beta_30h,price_pos_24h,alpha158_rolling_regression,price_position,False,,,,0,INSUFFICIENT_DATA,Insufficient pairwise observations.,intake_vs_baseline
q158_rsqr_30h,price_pos_24h,alpha158_rolling_regression,price_position,False,,,,0,INSUFFICIENT_DATA,Insufficient pairwise observations.,intake_vs_baseline
q158_resi_30h,price_pos_24h,alpha158_rolling_regression,price_position,False,,,,0,INSUFFICIENT_DATA,Insufficient pairwise observations.,intake_vs_baseline
q158_imax_30h,price_pos_24h,alpha158_rolling_position,price_position,False,,,,0,INSUFFICIENT_DATA,Insufficient pairwise observations.,intake_vs_baseline
q158_beta_30h,vol_zscore_48h,alpha158_rolling_regression,volume_liquidity,False,,,,0,INSUFFICIENT_DATA,Insufficient pairwise observations.,intake_vs_baseline
q158_rsqr_30h,vol_zscore_48h,alpha158_rolling_regression,volume_liquidity,False,,,,0,INSUFFICIENT_DATA,Insufficient pairwise observations.,intake_vs_baseline
q158_resi_30h,vol_zscore_48h,alpha158_rolling_regression,volume_liquidity,False,,,,0,INSUFFICIENT_DATA,Insufficient pairwise observations.,intake_vs_baseline
q158_imax_30h,vol_zscore_48h,alpha158_rolling_position,volume_liquidity,False,,,,0,INSUFFICIENT_DATA,Insufficient pairwise observations.,intake_vs_baseline
q158_beta_30h,qvol_zscore_48h,alpha158_rolling_regression,quote_volume_liquidity,False,,,,0,INSUFFICIENT_DATA,Insufficient pairwise observations.,intake_vs_baseline
q158_rsqr_30h,qvol_zscore_48h,alpha158_rolling_regression,quote_volume_liquidity,False,,,,0,INSUFFICIENT_DATA,Insufficient pairwise observations.,intake_vs_baseline
q158_resi_30h,qvol_zscore_48h,alpha158_rolling_regression,quote_volume_liquidity,False,,,,0,INSUFFICIENT_DATA,Insufficient pairwise observations.,intake_vs_baseline
q158_imax_30h,qvol_zscore_48h,alpha158_rolling_position,quote_volume_liquidity,False,,,,0,INSUFFICIENT_DATA,Insufficient pairwise observations.,intake_vs_baseline
q158_beta_30h,breakout_dist_48h,alpha158_rolling_regression,breakout,False,,,,0,INSUFFICIENT_DATA,Insufficient pairwise observations.,intake_vs_baseline
q158_rsqr_30h,breakout_dist_48h,alpha158_rolling_regression,breakout,False,,,,0,INSUFFICIENT_DATA,Insufficient pairwise observations.,intake_vs_baseline
q158_resi_30h,breakout_dist_48h,alpha158_rolling_regression,breakout,False,,,,0,INSUFFICIENT_DATA,Insufficient pairwise observations.,intake_vs_baseline
q158_imax_30h,breakout_dist_48h,alpha158_rolling_position,breakout,False,,,,0,INSUFFICIENT_DATA,Insufficient pairwise observations.,intake_vs_baseline
q158_beta_30h,xs_rank_ret_1h,alpha158_rolling_regression,cross_sectional_normalized,False,,,,0,INSUFFICIENT_DATA,Insufficient pairwise observations.,intake_vs_baseline
q158_rsqr_30h,xs_rank_ret_1h,alpha158_rolling_regression,cross_sectional_normalized,False,,,,0,INSUFFICIENT_DATA,Insufficient pairwise observations.,intake_vs_baseline
q158_resi_30h,xs_rank_ret_1h,alpha158_rolling_regression,cross_sectional_normalized,False,,,,0,INSUFFICIENT_DATA,Insufficient pairwise observations.,intake_vs_baseline
q158_imax_30h,xs_rank_ret_1h,alpha158_rolling_position,cross_sectional_normalized,False,,,,0,INSUFFICIENT_DATA,Insufficient pairwise observations.,intake_vs_baseline
q158_beta_30h,rsi_7h,alpha158_rolling_regression,technical_indicators,False,,,,0,INSUFFICIENT_DATA,Insufficient pairwise observations.,intake_vs_baseline
q158_rsqr_30h,rsi_7h,alpha158_rolling_regression,technical_indicators,False,,,,0,INSUFFICIENT_DATA,Insufficient pairwise observations.,intake_vs_baseline
q158_resi_30h,rsi_7h,alpha158_rolling_regression,technical_indicators,False,,,,0,INSUFFICIENT_DATA,Insufficient pairwise observations.,intake_vs_baseline
q158_imax_30h,rsi_7h,alpha158_rolling_position,technical_indicators,False,,,,0,INSUFFICIENT_DATA,Insufficient pairwise observations.,intake_vs_baseline
q158_beta_30h,rsi_28h,alpha158_rolling_regression,technical_indicators,False,,,,0,INSUFFICIENT_DATA,Insufficient pairwise observations.,intake_vs_baseline
q158_rsqr_30h,rsi_28h,alpha158_rolling_regression,technical_indicators,False,,,,0,INSUFFICIENT_DATA,Insufficient pairwise observations.,intake_vs_baseline
q158_resi_30h,rsi_28h,alpha158_rolling_regression,technical_indicators,False,,,,0,INSUFFICIENT_DATA,Insufficient pairwise observations.,intake_vs_baseline
q158_imax_30h,rsi_28h,alpha158_rolling_position,technical_indicators,False,,,,0,INSUFFICIENT_DATA,Insufficient pairwise observations.,intake_vs_baseline
q158_beta_30h,williams_r_14h,alpha158_rolling_regression,technical_indicators,False,,,,0,INSUFFICIENT_DATA,Insufficient pairwise observations.,intake_vs_baseline
q158_rsqr_30h,williams_r_14h,alpha158_rolling_regression,technical_indicators,False,,,,0,INSUFFICIENT_DATA,Insufficient pairwise observations.,intake_vs_baseline
q158_resi_30h,williams_r_14h,alpha158_rolling_regression,technical_indicators,False,,,,0,INSUFFICIENT_DATA,Insufficient pairwise observations.,intake_vs_baseline
q158_imax_30h,williams_r_14h,alpha158_rolling_position,technical_indicators,False,,,,0,INSUFFICIENT_DATA,Insufficient pairwise observations.,intake_vs_baseline
q158_beta_30h,mom_72h,alpha158_rolling_regression,momentum,False,,,,0,INSUFFICIENT_DATA,Insufficient pairwise observations.,intake_vs_baseline
q158_rsqr_30h,mom_72h,alpha158_rolling_regression,momentum,False,,,,0,INSUFFICIENT_DATA,Insufficient pairwise observations.,intake_vs_baseline
q158_resi_30h,mom_72h,alpha158_rolling_regression,momentum,False,,,,0,INSUFFICIENT_DATA,Insufficient pairwise observations.,intake_vs_baseline
q158_imax_30h,mom_72h,alpha158_rolling_position,momentum,False,,,,0,INSUFFICIENT_DATA,Insufficient pairwise observations.,intake_vs_baseline
q158_beta_30h,mom_120h,alpha158_rolling_regression,momentum,False,,,,0,INSUFFICIENT_DATA,Insufficient pairwise observations.,intake_vs_baseline
q158_rsqr_30h,mom_120h,alpha158_rolling_regression,momentum,False,,,,0,INSUFFICIENT_DATA,Insufficient pairwise observations.,intake_vs_baseline
q158_resi_30h,mom_120h,alpha158_rolling_regression,momentum,False,,,,0,INSUFFICIENT_DATA,Insufficient pairwise observations.,intake_vs_baseline
q158_imax_30h,mom_120h,alpha158_rolling_position,momentum,False,,,,0,INSUFFICIENT_DATA,Insufficient pairwise observations.,intake_vs_baseline
q158_beta_30h,rev_1h,alpha158_rolling_regression,reversal,False,,,,0,INSUFFICIENT_DATA,Insufficient pairwise observations.,intake_vs_baseline
q158_rsqr_30h,rev_1h,alpha158_rolling_regression,reversal,False,,,,0,INSUFFICIENT_DATA,Insufficient pairwise observations.,intake_vs_baseline
q158_resi_30h,rev_1h,alpha158_rolling_regression,reversal,False,,,,0,INSUFFICIENT_DATA,Insufficient pairwise observations.,intake_vs_baseline
q158_imax_30h,rev_1h,alpha158_rolling_position,reversal,False,,,,0,INSUFFICIENT_DATA,Insufficient pairwise observations.,intake_vs_baseline
q158_beta_30h,rev_72h,alpha158_rolling_regression,reversal,False,,,,0,INSUFFICIENT_DATA,Insufficient pairwise observations.,intake_vs_baseline
q158_rsqr_30h,rev_72h,alpha158_rolling_regression,reversal,False,,,,0,INSUFFICIENT_DATA,Insufficient pairwise observations.,intake_vs_baseline
q158_resi_30h,rev_72h,alpha158_rolling_regression,reversal,False,,,,0,INSUFFICIENT_DATA,Insufficient pairwise observations.,intake_vs_baseline
q158_imax_30h,rev_72h,alpha158_rolling_position,reversal,False,,,,0,INSUFFICIENT_DATA,Insufficient pairwise observations.,intake_vs_baseline
q158_beta_30h,vol_ratio_20_80,alpha158_rolling_regression,volatility,False,,,,0,INSUFFICIENT_DATA,Insufficient pairwise observations.,intake_vs_baseline
q158_rsqr_30h,vol_ratio_20_80,alpha158_rolling_regression,volatility,False,,,,0,INSUFFICIENT_DATA,Insufficient pairwise observations.,intake_vs_baseline
q158_resi_30h,vol_ratio_20_80,alpha158_rolling_regression,volatility,False,,,,0,INSUFFICIENT_DATA,Insufficient pairwise observations.,intake_vs_baseline
q158_imax_30h,vol_ratio_20_80,alpha158_rolling_position,volatility,False,,,,0,INSUFFICIENT_DATA,Insufficient pairwise observations.,intake_vs_baseline
q158_beta_30h,rev_2h,alpha158_rolling_regression,reversal,False,,,,0,INSUFFICIENT_DATA,Insufficient pairwise observations.,intake_vs_baseline
q158_rsqr_30h,rev_2h,alpha158_rolling_regression,reversal,False,,,,0,INSUFFICIENT_DATA,Insufficient pairwise observations.,intake_vs_baseline
q158_resi_30h,rev_2h,alpha158_rolling_regression,reversal,False,,,,0,INSUFFICIENT_DATA,Insufficient pairwise observations.,intake_vs_baseline
q158_imax_30h,rev_2h,alpha158_rolling_position,reversal,False,,,,0,INSUFFICIENT_DATA,Insufficient pairwise observations.,intake_vs_baseline
q158_beta_30h,a101_volume_cap_alpha_min_80_80,alpha158_rolling_regression,alpha101_curated_volume_cap_regression,False,,,,0,INSUFFICIENT_DATA,Insufficient pairwise observations.,intake_vs_baseline
q158_rsqr_30h,a101_volume_cap_alpha_min_80_80,alpha158_rolling_regression,alpha101_curated_volume_cap_regression,False,,,,0,INSUFFICIENT_DATA,Insufficient pairwise observations.,intake_vs_baseline
q158_resi_30h,a101_volume_cap_alpha_min_80_80,alpha158_rolling_regression,alpha101_curated_volume_cap_regression,False,,,,0,INSUFFICIENT_DATA,Insufficient pairwise observations.,intake_vs_baseline
q158_imax_30h,a101_volume_cap_alpha_min_80_80,alpha158_rolling_position,alpha101_curated_volume_cap_regression,False,,,,0,INSUFFICIENT_DATA,Insufficient pairwise observations.,intake_vs_baseline
q158_beta_30h,a101_volume_cap_alpha_min_56_84,alpha158_rolling_regression,alpha101_curated_volume_cap_regression,False,,,,0,INSUFFICIENT_DATA,Insufficient pairwise observations.,intake_vs_baseline
q158_rsqr_30h,a101_volume_cap_alpha_min_56_84,alpha158_rolling_regression,alpha101_curated_volume_cap_regression,False,,,,0,INSUFFICIENT_DATA,Insufficient pairwise observations.,intake_vs_baseline
q158_resi_30h,a101_volume_cap_alpha_min_56_84,alpha158_rolling_regression,alpha101_curated_volume_cap_regression,False,,,,0,INSUFFICIENT_DATA,Insufficient pairwise observations.,intake_vs_baseline
q158_imax_30h,a101_volume_cap_alpha_min_56_84,alpha158_rolling_position,alpha101_curated_volume_cap_regression,False,,,,0,INSUFFICIENT_DATA,Insufficient pairwise observations.,intake_vs_baseline
