factor_i,factor_j,family_i,family_j,same_family,spearman_corr,abs_spearman_corr,pearson_corr,n_pairwise_obs,redundancy_level,recommendation,pair_type
q158_ma_30h,rsi_14h,alpha158_rolling_price,technical,False,-0.944311,0.944311,-0.592935,661139,HIGH_REDUNDANCY,REDUNDANT_WITH_EXISTING. High correlation with existing library factor.,intake_vs_baseline
q158_ma_30h,q158_ma_20h,alpha158_rolling_price,alpha158_rolling_price,True,0.925792,0.925792,0.933102,661352,HIGH_REDUNDANCY,REDUNDANT_WITH_EXISTING. High correlation with existing library factor.,intake_vs_baseline
q158_max_30h,q158_max_20h,alpha158_rolling_price,alpha158_rolling_price,True,0.91183,0.91183,0.791048,661352,HIGH_REDUNDANCY,REDUNDANT_WITH_EXISTING. High correlation with existing library factor.,intake_vs_baseline
q158_min_30h,q158_min_20h,alpha158_rolling_price,alpha158_rolling_price,True,0.911434,0.911434,0.911532,661352,HIGH_REDUNDANCY,REDUNDANT_WITH_EXISTING. High correlation with existing library factor.,intake_vs_baseline
q158_ma_30h,rev_24h,alpha158_rolling_price,reversal,False,0.905276,0.905276,0.676188,661566,HIGH_REDUNDANCY,REDUNDANT_WITH_EXISTING. High correlation with existing library factor.,intake_vs_baseline
q158_ma_30h,q158_roc_20h,alpha158_rolling_price,alpha158_rolling_price,True,0.884241,0.884241,0.922518,428,HIGH_REDUNDANCY,REDUNDANT_WITH_EXISTING. High correlation with existing library factor.,intake_vs_baseline
q158_ma_30h,mom_20h,alpha158_rolling_price,momentum,False,-0.884241,0.884241,-0.924427,428,HIGH_REDUNDANCY,REDUNDANT_WITH_EXISTING. High correlation with existing library factor.,intake_vs_baseline
q158_ma_30h,ma_gap_5_20,alpha158_rolling_price,trend_ma,False,-0.873754,0.873754,-0.745181,661352,HIGH_REDUNDANCY,REDUNDANT_WITH_EXISTING. High correlation with existing library factor.,intake_vs_baseline
q158_ma_30h,ema_12_26_gap,alpha158_rolling_price,technical_indicators,False,-0.873558,0.873558,-0.819958,1280,HIGH_REDUNDANCY,REDUNDANT_WITH_EXISTING. High correlation with existing library factor.,intake_vs_baseline
q158_std_30h,q158_std_20h,alpha158_rolling_price,alpha158_rolling_price,True,0.872675,0.872675,0.84073,661352,HIGH_REDUNDANCY,REDUNDANT_WITH_EXISTING. High correlation with existing library factor.,intake_vs_baseline
q158_ma_30h,q158_qtlu_20h,alpha158_rolling_price,alpha158_rolling,False,0.86511,0.86511,0.886654,661352,HIGH_REDUNDANCY,REDUNDANT_WITH_EXISTING. High correlation with existing library factor.,intake_vs_baseline
q158_ma_30h,vwap_dev_20h,alpha158_rolling_price,alpha158_ohlcv,False,-0.86414,0.86414,-0.682022,659581,HIGH_REDUNDANCY,REDUNDANT_WITH_EXISTING. High correlation with existing library factor.,intake_vs_baseline
q158_ma_30h,bb_zscore_20h,alpha158_rolling_price,technical,False,-0.859943,0.859943,-0.487959,659581,HIGH_REDUNDANCY,REDUNDANT_WITH_EXISTING. High correlation with existing library factor.,intake_vs_baseline
q158_ma_30h,q158_beta_20h,alpha158_rolling_price,alpha158_rolling_regression,False,-0.855636,0.855636,-0.897159,661352,HIGH_REDUNDANCY,REDUNDANT_WITH_EXISTING. High correlation with existing library factor.,intake_vs_baseline
q158_ma_30h,q158_qtld_20h,alpha158_rolling_price,alpha158_rolling,False,0.852631,0.852631,0.67586,661352,HIGH_REDUNDANCY,REDUNDANT_WITH_EXISTING. High correlation with existing library factor.,intake_vs_baseline
q158_ma_30h,breakout_dist_20h,alpha158_rolling_price,breakout,False,-0.838183,0.838183,-0.474728,661352,MODERATE_REDUNDANCY,Monitor. May provide diversification if combined carefully.,intake_vs_baseline
q158_ma_30h,q158_rsv_20h,alpha158_rolling_price,alpha158_rolling,False,-0.837025,0.837025,-0.474525,661352,MODERATE_REDUNDANCY,Monitor. May provide diversification if combined carefully.,intake_vs_baseline
q158_min_30h,ema_12_26_gap,alpha158_rolling_price,technical_indicators,False,-0.834611,0.834611,-0.796285,1280,MODERATE_REDUNDANCY,Monitor. May provide diversification if combined carefully.,intake_vs_baseline
q158_ma_30h,q158_rank_close_20h,alpha158_rolling_price,alpha158_rolling,False,-0.834089,0.834089,-0.469708,661352,MODERATE_REDUNDANCY,Monitor. May provide diversification if combined carefully.,intake_vs_baseline
q158_min_30h,mom_20h,alpha158_rolling_price,momentum,False,-0.823534,0.823534,-0.855116,428,MODERATE_REDUNDANCY,Monitor. May provide diversification if combined carefully.,intake_vs_baseline
q158_min_30h,q158_roc_20h,alpha158_rolling_price,alpha158_rolling_price,True,0.823534,0.823534,0.835299,428,MODERATE_REDUNDANCY,Monitor. May provide diversification if combined carefully.,intake_vs_baseline
q158_ma_30h,ma_gap_10_40,alpha158_rolling_price,trend_ma,False,-0.773665,0.773665,-0.645709,660820,MODERATE_REDUNDANCY,Monitor. May provide diversification if combined carefully.,intake_vs_baseline
q158_max_30h,q158_qtlu_20h,alpha158_rolling_price,alpha158_rolling,False,0.762074,0.762074,0.37177,661352,MODERATE_REDUNDANCY,Monitor. May provide diversification if combined carefully.,intake_vs_baseline
q158_min_30h,q158_qtld_20h,alpha158_rolling_price,alpha158_rolling,False,0.757664,0.757664,0.641769,661352,MODERATE_REDUNDANCY,Monitor. May provide diversification if combined carefully.,intake_vs_baseline
q158_ma_30h,q158_imxd_20h,alpha158_rolling_price,alpha158_rolling_position,False,0.754985,0.754985,0.437647,661352,MODERATE_REDUNDANCY,Monitor. May provide diversification if combined carefully.,intake_vs_baseline
q158_max_30h,downside_vol_20h,alpha158_rolling_price,realized_skew_kurtosis,False,0.754054,0.754054,0.727967,428,MODERATE_REDUNDANCY,Monitor. May provide diversification if combined carefully.,intake_vs_baseline
q158_std_30h,mom_20h,alpha158_rolling_price,momentum,False,0.753773,0.753773,0.68944,428,MODERATE_REDUNDANCY,Monitor. May provide diversification if combined carefully.,intake_vs_baseline
q158_std_30h,q158_roc_20h,alpha158_rolling_price,alpha158_rolling_price,True,-0.753773,0.753773,-0.664384,428,MODERATE_REDUNDANCY,Monitor. May provide diversification if combined carefully.,intake_vs_baseline
q158_min_30h,q158_min_10h,alpha158_rolling_price,alpha158_rolling_price,True,0.739383,0.739383,0.755514,660926,MODERATE_REDUNDANCY,Monitor. May provide diversification if combined carefully.,intake_vs_baseline
q158_max_30h,q158_max_10h,alpha158_rolling_price,alpha158_rolling_price,True,0.736674,0.736674,0.539383,660926,MODERATE_REDUNDANCY,Monitor. May provide diversification if combined carefully.,intake_vs_baseline
q158_ma_30h,q158_sumd_20h,alpha158_rolling_price,alpha158_rolling,False,-0.722663,0.722663,-0.648276,428,MODERATE_REDUNDANCY,Monitor. May provide diversification if combined carefully.,intake_vs_baseline
q158_ma_30h,q158_sump_20h,alpha158_rolling_price,alpha158_rolling_direction,False,-0.722386,0.722386,-0.60937,428,MODERATE_REDUNDANCY,Monitor. May provide diversification if combined carefully.,intake_vs_baseline
q158_ma_30h,rev_10h,alpha158_rolling_price,reversal,False,0.71808,0.71808,0.796951,854,MODERATE_REDUNDANCY,Monitor. May provide diversification if combined carefully.,intake_vs_baseline
q158_ma_30h,mom_10h,alpha158_rolling_price,momentum,False,-0.71808,0.71808,-0.796951,854,MODERATE_REDUNDANCY,Monitor. May provide diversification if combined carefully.,intake_vs_baseline
q158_ma_30h,mom_vol_adjusted_20h,alpha158_rolling_price,momentum,False,-0.714623,0.714623,-0.629051,426,MODERATE_REDUNDANCY,Monitor. May provide diversification if combined carefully.,intake_vs_baseline
q158_ma_30h,up_down_vol_ratio_20h,alpha158_rolling_price,alpha158_ohlcv,False,-0.705521,0.705521,-0.445785,659581,MODERATE_REDUNDANCY,Monitor. May provide diversification if combined carefully.,intake_vs_baseline
q158_ma_30h,q158_max_30h,alpha158_rolling_price,alpha158_rolling_price,True,0.704371,0.704371,0.382215,661780,MODERATE_REDUNDANCY,Monitor. May provide diversification if combined carefully.,intake_vs_intake
q158_std_30h,volatility_20h,alpha158_rolling_price,volatility,False,0.702083,0.702083,0.813822,428,MODERATE_REDUNDANCY,Monitor. May provide diversification if combined carefully.,intake_vs_baseline
q158_ma_30h,q158_sumn_20h,alpha158_rolling_price,alpha158_rolling_direction,False,0.700655,0.700655,0.615079,428,MODERATE_REDUNDANCY,Monitor. May provide diversification if combined carefully.,intake_vs_baseline
q158_max_30h,volatility_20h,alpha158_rolling_price,volatility,False,0.695114,0.695114,0.757342,428,LOW_REDUNDANCY,Low redundancy. Independent signal sources.,intake_vs_baseline
q158_max_30h,breakout_dist_20h,alpha158_rolling_price,breakout,False,-0.694855,0.694855,-0.134247,661352,LOW_REDUNDANCY,Low redundancy. Independent signal sources.,intake_vs_baseline
q158_max_30h,rsi_14h,alpha158_rolling_price,technical,False,-0.692607,0.692607,-0.13717,661139,LOW_REDUNDANCY,Low redundancy. Independent signal sources.,intake_vs_baseline
q158_ma_30h,q158_ma_10h,alpha158_rolling_price,alpha158_rolling_price,True,0.686519,0.686519,0.697867,660926,LOW_REDUNDANCY,Low redundancy. Independent signal sources.,intake_vs_baseline
q158_min_30h,rsi_14h,alpha158_rolling_price,technical,False,-0.685925,0.685925,-0.470342,661139,LOW_REDUNDANCY,Low redundancy. Independent signal sources.,intake_vs_baseline
q158_min_30h,q158_rsv_20h,alpha158_rolling_price,alpha158_rolling,False,-0.680872,0.680872,-0.437901,661352,LOW_REDUNDANCY,Low redundancy. Independent signal sources.,intake_vs_baseline
q158_max_30h,vwap_dev_20h,alpha158_rolling_price,alpha158_ohlcv,False,-0.680119,0.680119,-0.210877,659581,LOW_REDUNDANCY,Low redundancy. Independent signal sources.,intake_vs_baseline
q158_max_30h,q158_rsv_20h,alpha158_rolling_price,alpha158_rolling,False,-0.678887,0.678887,-0.132081,661352,LOW_REDUNDANCY,Low redundancy. Independent signal sources.,intake_vs_baseline
q158_ma_30h,price_pos_72h,alpha158_rolling_price,price_position,False,-0.676027,0.676027,-0.62391,1919,LOW_REDUNDANCY,Low redundancy. Independent signal sources.,intake_vs_baseline
q158_std_30h,vol_of_vol_20h,alpha158_rolling_price,realized_skew_kurtosis,False,0.675439,0.675439,0.433451,661566,LOW_REDUNDANCY,Low redundancy. Independent signal sources.,intake_vs_baseline
q158_ma_30h,q158_min_30h,alpha158_rolling_price,alpha158_rolling_price,True,0.672118,0.672118,0.331205,661780,LOW_REDUNDANCY,Low redundancy. Independent signal sources.,intake_vs_intake
q158_std_30h,ema_12_26_gap,alpha158_rolling_price,technical_indicators,False,0.667481,0.667481,0.601568,1280,LOW_REDUNDANCY,Low redundancy. Independent signal sources.,intake_vs_baseline
q158_min_30h,breakout_dist_20h,alpha158_rolling_price,breakout,False,-0.664868,0.664868,-0.429043,661352,LOW_REDUNDANCY,Low redundancy. Independent signal sources.,intake_vs_baseline
q158_ma_30h,q158_max_20h,alpha158_rolling_price,alpha158_rolling_price,True,0.661296,0.661296,0.380239,661352,LOW_REDUNDANCY,Low redundancy. Independent signal sources.,intake_vs_baseline
q158_max_30h,q158_ma_20h,alpha158_rolling_price,alpha158_rolling_price,True,0.658982,0.658982,0.313191,661352,LOW_REDUNDANCY,Low redundancy. Independent signal sources.,intake_vs_baseline
q158_min_30h,bb_zscore_20h,alpha158_rolling_price,technical,False,-0.656471,0.656471,-0.414696,659581,LOW_REDUNDANCY,Low redundancy. Independent signal sources.,intake_vs_baseline
q158_std_30h,q158_std_10h,alpha158_rolling_price,alpha158_rolling_price,True,0.651492,0.651492,0.507527,660926,LOW_REDUNDANCY,Low redundancy. Independent signal sources.,intake_vs_baseline
q158_ma_30h,q158_imin_20h,alpha158_rolling_price,alpha158_rolling_position,False,-0.647927,0.647927,-0.372351,661352,LOW_REDUNDANCY,Low redundancy. Independent signal sources.,intake_vs_baseline
q158_ma_30h,q158_imax_20h,alpha158_rolling_price,alpha158_rolling_position,False,0.646652,0.646652,0.375282,661352,LOW_REDUNDANCY,Low redundancy. Independent signal sources.,intake_vs_baseline
q158_min_30h,q158_rank_close_20h,alpha158_rolling_price,alpha158_rolling,False,-0.642485,0.642485,-0.406526,661352,LOW_REDUNDANCY,Low redundancy. Independent signal sources.,intake_vs_baseline
q158_max_30h,rev_24h,alpha158_rolling_price,reversal,False,0.637881,0.637881,0.138597,661566,LOW_REDUNDANCY,Low redundancy. Independent signal sources.,intake_vs_baseline
q158_min_30h,q158_ma_20h,alpha158_rolling_price,alpha158_rolling_price,True,0.636773,0.636773,0.327218,661352,LOW_REDUNDANCY,Low redundancy. Independent signal sources.,intake_vs_baseline
q158_std_30h,wvma_20h,alpha158_rolling_price,alpha158_ohlcv,False,0.636043,0.636043,0.376362,426,LOW_REDUNDANCY,Low redundancy. Independent signal sources.,intake_vs_baseline
q158_max_30h,wvma_20h,alpha158_rolling_price,alpha158_ohlcv,False,0.631537,0.631537,0.543486,426,LOW_REDUNDANCY,Low redundancy. Independent signal sources.,intake_vs_baseline
q158_max_30h,bb_zscore_20h,alpha158_rolling_price,technical,False,-0.629765,0.629765,-0.109882,659581,LOW_REDUNDANCY,Low redundancy. Independent signal sources.,intake_vs_baseline
q158_ma_30h,q158_min_20h,alpha158_rolling_price,alpha158_rolling_price,True,0.629604,0.629604,0.316567,661352,LOW_REDUNDANCY,Low redundancy. Independent signal sources.,intake_vs_baseline
q158_ma_30h,price_pos_120h,alpha158_rolling_price,price_position,False,-0.628972,0.628972,-0.387698,653156,LOW_REDUNDANCY,Low redundancy. Independent signal sources.,intake_vs_baseline
q158_std_30h,q158_max_30h,alpha158_rolling_price,alpha158_rolling_price,True,0.624753,0.624753,0.468504,661780,LOW_REDUNDANCY,Low redundancy. Independent signal sources.,intake_vs_intake
q158_max_30h,q158_rank_close_20h,alpha158_rolling_price,alpha158_rolling,False,-0.615646,0.615646,-0.110602,661352,LOW_REDUNDANCY,Low redundancy. Independent signal sources.,intake_vs_baseline
q158_min_30h,vwap_dev_20h,alpha158_rolling_price,alpha158_ohlcv,False,-0.613992,0.613992,-0.473628,659581,LOW_REDUNDANCY,Low redundancy. Independent signal sources.,intake_vs_baseline
q158_min_30h,rev_24h,alpha158_rolling_price,reversal,False,0.610292,0.610292,0.568355,661566,LOW_REDUNDANCY,Low redundancy. Independent signal sources.,intake_vs_baseline
q158_max_30h,ma_gap_5_20,alpha158_rolling_price,trend_ma,False,-0.607199,0.607199,-0.184719,661352,LOW_REDUNDANCY,Low redundancy. Independent signal sources.,intake_vs_baseline
q158_min_30h,q158_min_5h,alpha158_rolling_price,alpha158_rolling_price,True,0.595017,0.595017,0.633705,660713,LOW_REDUNDANCY,Low redundancy. Independent signal sources.,intake_vs_baseline
q158_max_30h,mom_vol_adjusted_20h,alpha158_rolling_price,momentum,False,-0.591147,0.591147,-0.379187,426,LOW_REDUNDANCY,Low redundancy. Independent signal sources.,intake_vs_baseline
q158_max_30h,q158_max_5h,alpha158_rolling_price,alpha158_rolling_price,True,0.590265,0.590265,0.365343,660713,LOW_REDUNDANCY,Low redundancy. Independent signal sources.,intake_vs_baseline
q158_std_30h,q158_max_20h,alpha158_rolling_price,alpha158_rolling_price,True,0.58845,0.58845,0.414633,661352,LOW_REDUNDANCY,Low redundancy. Independent signal sources.,intake_vs_baseline
q158_max_30h,q158_beta_20h,alpha158_rolling_price,alpha158_rolling_regression,False,-0.588434,0.588434,-0.331146,661352,LOW_REDUNDANCY,Low redundancy. Independent signal sources.,intake_vs_baseline
q158_min_30h,ma_gap_5_20,alpha158_rolling_price,trend_ma,False,-0.580572,0.580572,-0.472868,661352,LOW_REDUNDANCY,Low redundancy. Independent signal sources.,intake_vs_baseline
q158_max_30h,price_pos_72h,alpha158_rolling_price,price_position,False,-0.57919,0.57919,-0.442147,1919,LOW_REDUNDANCY,Low redundancy. Independent signal sources.,intake_vs_baseline
q158_min_30h,q158_low_close_0h,alpha158_rolling_price,alpha158_price,False,0.572326,0.572326,0.595096,1280,LOW_REDUNDANCY,Low redundancy. Independent signal sources.,intake_vs_baseline
q158_max_30h,q158_sumn_20h,alpha158_rolling_price,alpha158_rolling_direction,False,0.568421,0.568421,0.354327,428,LOW_REDUNDANCY,Low redundancy. Independent signal sources.,intake_vs_baseline
q158_ma_30h,q158_open_close_4h,alpha158_rolling_price,alpha158_price,False,0.567943,0.567943,0.581477,660713,LOW_REDUNDANCY,Low redundancy. Independent signal sources.,intake_vs_baseline
q158_min_30h,price_pos_72h,alpha158_rolling_price,price_position,False,-0.563905,0.563905,-0.554749,1919,LOW_REDUNDANCY,Low redundancy. Independent signal sources.,intake_vs_baseline
q158_min_30h,q158_beta_20h,alpha158_rolling_price,alpha158_rolling_regression,False,-0.557717,0.557717,-0.266397,661352,LOW_REDUNDANCY,Low redundancy. Independent signal sources.,intake_vs_baseline
q158_ma_30h,clv_20h,alpha158_rolling_price,alpha158_ohlc_range,False,-0.555235,0.555235,-0.352312,661352,LOW_REDUNDANCY,Low redundancy. Independent signal sources.,intake_vs_baseline
q158_min_30h,q158_imxd_20h,alpha158_rolling_price,alpha158_rolling_position,False,0.553551,0.553551,0.382665,661352,LOW_REDUNDANCY,Low redundancy. Independent signal sources.,intake_vs_baseline
q158_max_30h,ma_gap_10_40,alpha158_rolling_price,trend_ma,False,-0.551579,0.551579,-0.167465,660820,LOW_REDUNDANCY,Low redundancy. Independent signal sources.,intake_vs_baseline
q158_max_30h,q158_imxd_20h,alpha158_rolling_price,alpha158_rolling_position,False,0.551217,0.551217,0.103702,661352,LOW_REDUNDANCY,Low redundancy. Independent signal sources.,intake_vs_baseline
q158_max_30h,q158_std_20h,alpha158_rolling_price,alpha158_rolling_price,True,0.545299,0.545299,0.390154,661352,LOW_REDUNDANCY,Low redundancy. Independent signal sources.,intake_vs_baseline
q158_max_30h,q158_sumd_20h,alpha158_rolling_price,alpha158_rolling,False,-0.544132,0.544132,-0.348856,428,LOW_REDUNDANCY,Low redundancy. Independent signal sources.,intake_vs_baseline
q158_max_30h,q158_sump_20h,alpha158_rolling_price,alpha158_rolling_direction,False,-0.540509,0.540509,-0.306157,428,LOW_REDUNDANCY,Low redundancy. Independent signal sources.,intake_vs_baseline
q158_min_30h,q158_imin_20h,alpha158_rolling_price,alpha158_rolling_position,False,-0.539464,0.539464,-0.360681,661352,LOW_REDUNDANCY,Low redundancy. Independent signal sources.,intake_vs_baseline
q158_std_30h,q158_low_close_0h,alpha158_rolling_price,alpha158_price,False,-0.535697,0.535697,-0.513663,1280,LOW_REDUNDANCY,Low redundancy. Independent signal sources.,intake_vs_baseline
q158_max_30h,q158_imax_20h,alpha158_rolling_price,alpha158_rolling_position,False,0.531154,0.531154,0.098054,661352,LOW_REDUNDANCY,Low redundancy. Independent signal sources.,intake_vs_baseline
q158_max_30h,q158_ma_10h,alpha158_rolling_price,alpha158_rolling_price,True,0.528587,0.528587,0.208385,660926,LOW_REDUNDANCY,Low redundancy. Independent signal sources.,intake_vs_baseline
q158_ma_30h,q158_high_close_4h,alpha158_rolling_price,alpha158_price,False,0.527229,0.527229,0.544911,660713,LOW_REDUNDANCY,Low redundancy. Independent signal sources.,intake_vs_baseline
q158_ma_30h,q158_low_close_4h,alpha158_rolling_price,alpha158_price,False,0.526496,0.526496,0.518589,660713,LOW_REDUNDANCY,Low redundancy. Independent signal sources.,intake_vs_baseline
q158_min_30h,q158_ma_10h,alpha158_rolling_price,alpha158_rolling_price,True,0.52437,0.52437,0.289881,660926,LOW_REDUNDANCY,Low redundancy. Independent signal sources.,intake_vs_baseline
q158_min_30h,q158_sump_20h,alpha158_rolling_price,alpha158_rolling_direction,False,-0.523541,0.523541,-0.399288,428,LOW_REDUNDANCY,Low redundancy. Independent signal sources.,intake_vs_baseline
q158_min_30h,q158_sumd_20h,alpha158_rolling_price,alpha158_rolling,False,-0.522663,0.522663,-0.399246,428,LOW_REDUNDANCY,Low redundancy. Independent signal sources.,intake_vs_baseline
q158_ma_30h,tech_macd,alpha158_rolling_price,technical,False,-0.520639,0.520639,-0.015212,1280,LOW_REDUNDANCY,Low redundancy. Independent signal sources.,intake_vs_baseline
q158_std_30h,q158_std_5h,alpha158_rolling_price,alpha158_rolling_price,True,0.520458,0.520458,0.366818,660713,LOW_REDUNDANCY,Low redundancy. Independent signal sources.,intake_vs_baseline
q158_min_30h,q158_low_close_4h,alpha158_rolling_price,alpha158_price,False,0.517906,0.517906,0.384877,660713,LOW_REDUNDANCY,Low redundancy. Independent signal sources.,intake_vs_baseline
q158_max_30h,q158_high_close_4h,alpha158_rolling_price,alpha158_price,False,0.517523,0.517523,0.208521,660713,LOW_REDUNDANCY,Low redundancy. Independent signal sources.,intake_vs_baseline
q158_min_30h,volatility_20h,alpha158_rolling_price,volatility,False,-0.512223,0.512223,-0.710216,428,LOW_REDUNDANCY,Low redundancy. Independent signal sources.,intake_vs_baseline
q158_min_30h,rev_10h,alpha158_rolling_price,reversal,False,0.5111,0.5111,0.598438,854,LOW_REDUNDANCY,Low redundancy. Independent signal sources.,intake_vs_baseline
q158_min_30h,mom_10h,alpha158_rolling_price,momentum,False,-0.5111,0.5111,-0.598438,854,LOW_REDUNDANCY,Low redundancy. Independent signal sources.,intake_vs_baseline
q158_ma_30h,q158_close_close_4h,alpha158_rolling_price,alpha158_price,False,0.510904,0.510904,0.520583,660713,LOW_REDUNDANCY,Low redundancy. Independent signal sources.,intake_vs_baseline
q158_min_30h,up_down_vol_ratio_20h,alpha158_rolling_price,alpha158_ohlcv,False,-0.508712,0.508712,-0.366046,659581,LOW_REDUNDANCY,Low redundancy. Independent signal sources.,intake_vs_baseline
q158_min_30h,ma_gap_10_40,alpha158_rolling_price,trend_ma,False,-0.507963,0.507963,-0.471588,660820,LOW_REDUNDANCY,Low redundancy. Independent signal sources.,intake_vs_baseline
q158_max_30h,up_down_vol_ratio_20h,alpha158_rolling_price,alpha158_ohlcv,False,-0.507854,0.507854,-0.097813,659581,LOW_REDUNDANCY,Low redundancy. Independent signal sources.,intake_vs_baseline
q158_ma_30h,q158_cord_20h,alpha158_rolling_price,alpha158_rolling_volume_price,False,-0.507167,0.507167,-0.503359,426,LOW_REDUNDANCY,Low redundancy. Independent signal sources.,intake_vs_baseline
q158_ma_30h,price_volume_corr_20h,alpha158_rolling_price,volume_price,False,-0.506088,0.506088,-0.503676,426,LOW_REDUNDANCY,Low redundancy. Independent signal sources.,intake_vs_baseline
q158_min_30h,mom_vol_adjusted_20h,alpha158_rolling_price,momentum,False,-0.50605,0.50605,-0.392066,426,LOW_REDUNDANCY,Low redundancy. Independent signal sources.,intake_vs_baseline
q158_min_30h,price_volume_corr_20h,alpha158_rolling_price,volume_price,False,-0.500578,0.500578,-0.517461,426,LOW_REDUNDANCY,Low redundancy. Independent signal sources.,intake_vs_baseline
q158_min_30h,q158_cord_20h,alpha158_rolling_price,alpha158_rolling_volume_price,False,-0.496082,0.496082,-0.513834,426,LOW_REDUNDANCY,Low redundancy. Independent signal sources.,intake_vs_baseline
q158_min_30h,q158_sumn_20h,alpha158_rolling_price,alpha158_rolling_direction,False,0.495665,0.495665,0.353066,428,LOW_REDUNDANCY,Low redundancy. Independent signal sources.,intake_vs_baseline
q158_max_30h,vol_5h,alpha158_rolling_price,volatility,False,0.495303,0.495303,0.530176,1067,LOW_REDUNDANCY,Low redundancy. Independent signal sources.,intake_vs_baseline
q158_std_30h,q158_max_10h,alpha158_rolling_price,alpha158_rolling_price,True,0.489291,0.489291,0.241607,660926,LOW_REDUNDANCY,Low redundancy. Independent signal sources.,intake_vs_baseline
q158_max_30h,clv_20h,alpha158_rolling_price,alpha158_ohlc_range,False,-0.48681,0.48681,-0.105533,661352,LOW_REDUNDANCY,Low redundancy. Independent signal sources.,intake_vs_baseline
q158_ma_30h,q158_max_10h,alpha158_rolling_price,alpha158_rolling_price,True,0.48488,0.48488,0.257468,660926,LOW_REDUNDANCY,Low redundancy. Independent signal sources.,intake_vs_baseline
q158_min_30h,wvma_20h,alpha158_rolling_price,alpha158_ohlcv,False,-0.480151,0.480151,-0.385173,426,LOW_REDUNDANCY,Low redundancy. Independent signal sources.,intake_vs_baseline
q158_ma_30h,q158_low_close_0h,alpha158_rolling_price,alpha158_price,False,0.478596,0.478596,0.456298,1280,LOW_REDUNDANCY,Low redundancy. Independent signal sources.,intake_vs_baseline
q158_ma_30h,q158_cntp_20h,alpha158_rolling_price,alpha158_rolling,False,-0.476908,0.476908,-0.424562,428,LOW_REDUNDANCY,Low redundancy. Independent signal sources.,intake_vs_baseline
q158_max_30h,q158_qtld_20h,alpha158_rolling_price,alpha158_rolling,False,0.476138,0.476138,0.097594,661352,LOW_REDUNDANCY,Low redundancy. Independent signal sources.,intake_vs_baseline
q158_min_30h,q158_qtlu_20h,alpha158_rolling_price,alpha158_rolling,False,0.475031,0.475031,0.083489,661352,LOW_REDUNDANCY,Low redundancy. Independent signal sources.,intake_vs_baseline
q158_ma_30h,q158_ma_5h,alpha158_rolling_price,alpha158_rolling_price,True,0.471227,0.471227,0.471338,660713,LOW_REDUNDANCY,Low redundancy. Independent signal sources.,intake_vs_baseline
q158_ma_30h,q158_cntd_20h,alpha158_rolling_price,alpha158_rolling_direction,False,-0.47118,0.47118,-0.448372,428,LOW_REDUNDANCY,Low redundancy. Independent signal sources.,intake_vs_baseline
q158_std_30h,q158_min_30h,alpha158_rolling_price,alpha158_rolling_price,True,-0.471113,0.471113,-0.35864,661780,LOW_REDUNDANCY,Low redundancy. Independent signal sources.,intake_vs_intake
q158_min_30h,price_pos_120h,alpha158_rolling_price,price_position,False,-0.470696,0.470696,-0.362966,653156,LOW_REDUNDANCY,Low redundancy. Independent signal sources.,intake_vs_baseline
q158_min_30h,vol_ret_corr_20h,alpha158_rolling_price,alpha158_ohlcv,False,-0.467021,0.467021,-0.483859,426,LOW_REDUNDANCY,Low redundancy. Independent signal sources.,intake_vs_baseline
q158_max_30h,vol_of_vol_20h,alpha158_rolling_price,realized_skew_kurtosis,False,0.466072,0.466072,0.215924,661566,LOW_REDUNDANCY,Low redundancy. Independent signal sources.,intake_vs_baseline
q158_min_30h,vol_of_vol_20h,alpha158_rolling_price,realized_skew_kurtosis,False,-0.46408,0.46408,-0.513241,661566,LOW_REDUNDANCY,Low redundancy. Independent signal sources.,intake_vs_baseline
q158_max_30h,price_pos_120h,alpha158_rolling_price,price_position,False,-0.461802,0.461802,-0.09888,653156,LOW_REDUNDANCY,Low redundancy. Independent signal sources.,intake_vs_baseline
q158_max_30h,q158_high_close_0h,alpha158_rolling_price,alpha158_price,False,0.460293,0.460293,0.344816,1280,LOW_REDUNDANCY,Low redundancy. Independent signal sources.,intake_vs_baseline
q158_ma_30h,q158_min_10h,alpha158_rolling_price,alpha158_rolling_price,True,0.458392,0.458392,0.243504,660926,LOW_REDUNDANCY,Low redundancy. Independent signal sources.,intake_vs_baseline
q158_ma_30h,vol_ret_corr_20h,alpha158_rolling_price,alpha158_ohlcv,False,-0.456967,0.456967,-0.46168,426,LOW_REDUNDANCY,Low redundancy. Independent signal sources.,intake_vs_baseline
q158_ma_30h,mom_5h,alpha158_rolling_price,momentum,False,-0.456187,0.456187,-0.610479,1067,LOW_REDUNDANCY,Low redundancy. Independent signal sources.,intake_vs_baseline
q158_ma_30h,reversal_5h,alpha158_rolling_price,momentum,False,0.456187,0.456187,0.610479,1067,LOW_REDUNDANCY,Low redundancy. Independent signal sources.,intake_vs_baseline
q158_std_30h,q158_min_20h,alpha158_rolling_price,alpha158_rolling_price,True,-0.452091,0.452091,-0.345777,661352,LOW_REDUNDANCY,Low redundancy. Independent signal sources.,intake_vs_baseline
q158_min_30h,q158_open_close_4h,alpha158_rolling_price,alpha158_price,False,0.451825,0.451825,0.265427,660713,LOW_REDUNDANCY,Low redundancy. Independent signal sources.,intake_vs_baseline
q158_max_30h,q158_open_close_4h,alpha158_rolling_price,alpha158_price,False,0.442275,0.442275,0.172891,660713,LOW_REDUNDANCY,Low redundancy. Independent signal sources.,intake_vs_baseline
q158_ma_30h,q158_cntn_20h,alpha158_rolling_price,alpha158_rolling,False,0.440372,0.440372,0.389828,428,LOW_REDUNDANCY,Low redundancy. Independent signal sources.,intake_vs_baseline
q158_min_30h,volume_pressure_20h,alpha158_rolling_price,volume_price,False,-0.440022,0.440022,-0.02668,428,LOW_REDUNDANCY,Low redundancy. Independent signal sources.,intake_vs_baseline
q158_max_30h,q158_std_10h,alpha158_rolling_price,alpha158_rolling_price,True,0.439338,0.439338,0.263694,660926,LOW_REDUNDANCY,Low redundancy. Independent signal sources.,intake_vs_baseline
q158_std_30h,trend_efficiency_24h,alpha158_rolling_price,trend_quality,False,0.43292,0.43292,0.211575,659797,LOW_REDUNDANCY,Low redundancy. Independent signal sources.,intake_vs_baseline
q158_ma_30h,volume_pressure_20h,alpha158_rolling_price,volume_price,False,-0.429271,0.429271,-0.009445,428,LOW_REDUNDANCY,Low redundancy. Independent signal sources.,intake_vs_baseline
q158_min_30h,q158_std_20h,alpha158_rolling_price,alpha158_rolling_price,True,-0.427205,0.427205,-0.366005,661352,LOW_REDUNDANCY,Low redundancy. Independent signal sources.,intake_vs_baseline
q158_std_30h,q158_max_5h,alpha158_rolling_price,alpha158_rolling_price,True,0.425981,0.425981,0.163595,660713,LOW_REDUNDANCY,Low redundancy. Independent signal sources.,intake_vs_baseline
q158_std_30h,q158_klow_open,alpha158_rolling_price,alpha158_kbar,False,0.42254,0.42254,0.553445,1280,LOW_REDUNDANCY,Low redundancy. Independent signal sources.,intake_vs_baseline
q158_std_30h,klow_close,alpha158_rolling_price,alpha158_ohlcv,False,0.42141,0.42141,0.551859,1280,LOW_REDUNDANCY,Low redundancy. Independent signal sources.,intake_vs_baseline
q158_std_30h,price_volume_corr_20h,alpha158_rolling_price,volume_price,False,0.41375,0.41375,0.449981,426,LOW_REDUNDANCY,Low redundancy. Independent signal sources.,intake_vs_baseline
q158_max_30h,q158_imin_20h,alpha158_rolling_price,alpha158_rolling_position,False,-0.413736,0.413736,-0.079061,661352,LOW_REDUNDANCY,Low redundancy. Independent signal sources.,intake_vs_baseline
q158_min_30h,q158_close_close_4h,alpha158_rolling_price,alpha158_price,False,0.412857,0.412857,0.244311,660713,LOW_REDUNDANCY,Low redundancy. Independent signal sources.,intake_vs_baseline
q158_max_30h,q158_close_close_4h,alpha158_rolling_price,alpha158_price,False,0.41196,0.41196,0.151793,660713,LOW_REDUNDANCY,Low redundancy. Independent signal sources.,intake_vs_baseline
q158_min_30h,q158_imax_20h,alpha158_rolling_price,alpha158_rolling_position,False,0.409191,0.409191,0.293179,661352,LOW_REDUNDANCY,Low redundancy. Independent signal sources.,intake_vs_baseline
q158_ma_30h,q158_corr_20h,alpha158_rolling_price,alpha158_rolling_volume_price,False,-0.408001,0.408001,-0.305293,659581,LOW_REDUNDANCY,Low redundancy. Independent signal sources.,intake_vs_baseline
q158_min_30h,q158_ma_5h,alpha158_rolling_price,alpha158_rolling_price,True,0.399608,0.399608,0.238519,660713,LOW_REDUNDANCY,Low redundancy. Independent signal sources.,intake_vs_baseline
q158_std_30h,q158_cord_20h,alpha158_rolling_price,alpha158_rolling_volume_price,False,0.399449,0.399449,0.446066,426,LOW_REDUNDANCY,Low redundancy. Independent signal sources.,intake_vs_baseline
q158_std_30h,q158_min_10h,alpha158_rolling_price,alpha158_rolling_price,True,-0.39933,0.39933,-0.293905,660926,LOW_REDUNDANCY,Low redundancy. Independent signal sources.,intake_vs_baseline
q158_std_30h,downside_vol_20h,alpha158_rolling_price,realized_skew_kurtosis,False,0.39758,0.39758,0.667026,428,LOW_REDUNDANCY,Low redundancy. Independent signal sources.,intake_vs_baseline
q158_max_30h,q158_ma_5h,alpha158_rolling_price,alpha158_rolling_price,True,0.396782,0.396782,0.136334,660713,LOW_REDUNDANCY,Low redundancy. Independent signal sources.,intake_vs_baseline
q158_ma_30h,ma_gap_20_80,alpha158_rolling_price,trend_ma,False,-0.394105,0.394105,-0.329587,656988,LOW_REDUNDANCY,Low redundancy. Independent signal sources.,intake_vs_baseline
q158_std_30h,volume_pressure_20h,alpha158_rolling_price,volume_price,False,0.387866,0.387866,0.003202,428,LOW_REDUNDANCY,Low redundancy. Independent signal sources.,intake_vs_baseline
q158_max_30h,q158_cntn_20h,alpha158_rolling_price,alpha158_rolling,False,0.387482,0.387482,0.212791,428,LOW_REDUNDANCY,Low redundancy. Independent signal sources.,intake_vs_baseline
q158_min_30h,clv_20h,alpha158_rolling_price,alpha158_ohlc_range,False,-0.381576,0.381576,-0.269304,661352,LOW_REDUNDANCY,Low redundancy. Independent signal sources.,intake_vs_baseline
q158_min_30h,q158_klen_open,alpha158_rolling_price,alpha158_kbar,False,-0.379744,0.379744,-0.58165,1280,LOW_REDUNDANCY,Low redundancy. Independent signal sources.,intake_vs_baseline
q158_min_30h,q158_std_10h,alpha158_rolling_price,alpha158_rolling_price,True,-0.379071,0.379071,-0.382991,660926,LOW_REDUNDANCY,Low redundancy. Independent signal sources.,intake_vs_baseline
q158_min_30h,q158_high_low_range,alpha158_rolling_price,alpha158,False,-0.376896,0.376896,-0.588406,1280,LOW_REDUNDANCY,Low redundancy. Independent signal sources.,intake_vs_baseline
q158_min_30h,range_1h,alpha158_rolling_price,range_position,False,-0.376896,0.376896,-0.588406,1280,LOW_REDUNDANCY,Low redundancy. Independent signal sources.,intake_vs_baseline
q158_std_30h,q158_sump_20h,alpha158_rolling_price,alpha158_rolling_direction,False,0.373925,0.373925,0.175454,428,LOW_REDUNDANCY,Low redundancy. Independent signal sources.,intake_vs_baseline
q158_std_30h,q158_sumd_20h,alpha158_rolling_price,alpha158_rolling,False,0.372179,0.372179,0.156226,428,LOW_REDUNDANCY,Low redundancy. Independent signal sources.,intake_vs_baseline
q158_std_30h,q158_min_5h,alpha158_rolling_price,alpha158_rolling_price,True,-0.370531,0.370531,-0.259689,660713,LOW_REDUNDANCY,Low redundancy. Independent signal sources.,intake_vs_baseline
q158_max_30h,q158_std_5h,alpha158_rolling_price,alpha158_rolling_price,True,0.364066,0.364066,0.198048,660713,LOW_REDUNDANCY,Low redundancy. Independent signal sources.,intake_vs_baseline
q158_max_30h,tech_macd,alpha158_rolling_price,technical,False,-0.363323,0.363323,-0.005517,1280,LOW_REDUNDANCY,Low redundancy. Independent signal sources.,intake_vs_baseline
q158_std_30h,q158_klen_open,alpha158_rolling_price,alpha158_kbar,False,0.362185,0.362185,0.532811,1280,LOW_REDUNDANCY,Low redundancy. Independent signal sources.,intake_vs_baseline
q158_std_30h,range_1h,alpha158_rolling_price,range_position,False,0.360698,0.360698,0.539694,1280,LOW_REDUNDANCY,Low redundancy. Independent signal sources.,intake_vs_baseline
q158_std_30h,q158_high_low_range,alpha158_rolling_price,alpha158,False,0.360698,0.360698,0.539694,1280,LOW_REDUNDANCY,Low redundancy. Independent signal sources.,intake_vs_baseline
q158_max_30h,q158_ksft_open,alpha158_rolling_price,alpha158_kbar,False,-0.359901,0.359901,0.005283,1280,LOW_REDUNDANCY,Low redundancy. Independent signal sources.,intake_vs_baseline
q158_std_30h,xs_rank_mom_accel,alpha158_rolling_price,cross_sectional_normalized,False,-0.357169,0.357169,-0.273745,214,LOW_REDUNDANCY,Low redundancy. Independent signal sources.,intake_vs_baseline
q158_std_30h,mom_accel_20h,alpha158_rolling_price,momentum,False,-0.357169,0.357169,-0.09045,214,LOW_REDUNDANCY,Low redundancy. Independent signal sources.,intake_vs_baseline
q158_std_30h,vol_ret_corr_20h,alpha158_rolling_price,alpha158_ohlcv,False,0.356384,0.356384,0.409186,426,LOW_REDUNDANCY,Low redundancy. Independent signal sources.,intake_vs_baseline
q158_max_30h,q158_cntd_20h,alpha158_rolling_price,alpha158_rolling_direction,False,-0.355161,0.355161,-0.210298,428,LOW_REDUNDANCY,Low redundancy. Independent signal sources.,intake_vs_baseline
q158_max_30h,range_1h,alpha158_rolling_price,range_position,False,0.353101,0.353101,0.44584,1280,LOW_REDUNDANCY,Low redundancy. Independent signal sources.,intake_vs_baseline
q158_max_30h,q158_high_low_range,alpha158_rolling_price,alpha158,False,0.353101,0.353101,0.44584,1280,LOW_REDUNDANCY,Low redundancy. Independent signal sources.,intake_vs_baseline
q158_max_30h,q158_open_close_0h,alpha158_rolling_price,alpha158_price,False,0.352793,0.352793,0.032573,1280,LOW_REDUNDANCY,Low redundancy. Independent signal sources.,intake_vs_baseline
q158_max_30h,intraday_ret,alpha158_rolling_price,alpha158_ohlcv,False,-0.352793,0.352793,-0.007239,1280,LOW_REDUNDANCY,Low redundancy. Independent signal sources.,intake_vs_baseline
q158_max_30h,q158_kmid_open,alpha158_rolling_price,alpha158_kbar,False,-0.352793,0.352793,-0.007239,1280,LOW_REDUNDANCY,Low redundancy. Independent signal sources.,intake_vs_baseline
q158_max_30h,candle_body,alpha158_rolling_price,intraday_candle,False,-0.351016,0.351016,-0.102931,1280,LOW_REDUNDANCY,Low redundancy. Independent signal sources.,intake_vs_baseline
q158_max_30h,q158_kmid_range,alpha158_rolling_price,alpha158_kbar,False,-0.351004,0.351004,-0.102928,1280,LOW_REDUNDANCY,Low redundancy. Independent signal sources.,intake_vs_baseline
q158_max_30h,q158_klen_open,alpha158_rolling_price,alpha158_kbar,False,0.350504,0.350504,0.445198,1280,LOW_REDUNDANCY,Low redundancy. Independent signal sources.,intake_vs_baseline
q158_min_30h,q158_cntp_20h,alpha158_rolling_price,alpha158_rolling,False,-0.350383,0.350383,-0.290428,428,LOW_REDUNDANCY,Low redundancy. Independent signal sources.,intake_vs_baseline
q158_min_30h,q158_cntd_20h,alpha158_rolling_price,alpha158_rolling_direction,False,-0.349599,0.349599,-0.274195,428,LOW_REDUNDANCY,Low redundancy. Independent signal sources.,intake_vs_baseline
q158_ma_30h,q158_ksft_range,alpha158_rolling_price,alpha158_kbar,False,-0.348643,0.348643,-0.286623,1280,LOW_REDUNDANCY,Low redundancy. Independent signal sources.,intake_vs_baseline
q158_std_30h,q158_sumn_20h,alpha158_rolling_price,alpha158_rolling_direction,False,-0.346033,0.346033,-0.117556,428,LOW_REDUNDANCY,Low redundancy. Independent signal sources.,intake_vs_baseline
q158_std_30h,q158_wvma_20h,alpha158_rolling_price,alpha158_rolling_volume,False,0.343111,0.343111,0.23256,428,LOW_REDUNDANCY,Low redundancy. Independent signal sources.,intake_vs_baseline
q158_max_30h,q158_cntp_20h,alpha158_rolling_price,alpha158_rolling,False,-0.338858,0.338858,-0.170462,428,LOW_REDUNDANCY,Low redundancy. Independent signal sources.,intake_vs_baseline
q158_std_30h,mom_vol_adjusted_20h,alpha158_rolling_price,momentum,False,0.333713,0.333713,0.145733,426,LOW_REDUNDANCY,Low redundancy. Independent signal sources.,intake_vs_baseline
q158_min_30h,q158_std_5h,alpha158_rolling_price,alpha158_rolling_price,True,-0.332874,0.332874,-0.420693,660713,LOW_REDUNDANCY,Low redundancy. Independent signal sources.,intake_vs_baseline
q158_std_30h,qvol_ma_ratio_20_80,alpha158_rolling_price,quote_volume_liquidity,False,0.331605,0.331605,0.231685,655261,LOW_REDUNDANCY,Low redundancy. Independent signal sources.,intake_vs_baseline
q158_min_30h,q158_high_close_4h,alpha158_rolling_price,alpha158_price,False,0.330488,0.330488,0.114649,660713,LOW_REDUNDANCY,Low redundancy. Independent signal sources.,intake_vs_baseline
q158_min_30h,q158_klow_open,alpha158_rolling_price,alpha158_kbar,False,-0.329909,0.329909,-0.520213,1280,LOW_REDUNDANCY,Low redundancy. Independent signal sources.,intake_vs_baseline
q158_ma_30h,q158_max_5h,alpha158_rolling_price,alpha158_rolling_price,True,0.32814,0.32814,0.158908,660713,LOW_REDUNDANCY,Low redundancy. Independent signal sources.,intake_vs_baseline
q158_min_30h,klow_close,alpha158_rolling_price,alpha158_ohlcv,False,-0.327775,0.327775,-0.520781,1280,LOW_REDUNDANCY,Low redundancy. Independent signal sources.,intake_vs_baseline
q158_max_30h,q158_low_close_4h,alpha158_rolling_price,alpha158_price,False,0.323597,0.323597,0.106767,660713,LOW_REDUNDANCY,Low redundancy. Independent signal sources.,intake_vs_baseline
q158_max_30h,q158_ksft_range,alpha158_rolling_price,alpha158_kbar,False,-0.321391,0.321391,-0.071886,1280,LOW_REDUNDANCY,Low redundancy. Independent signal sources.,intake_vs_baseline
q158_min_30h,q158_ksft_range,alpha158_rolling_price,alpha158_kbar,False,-0.319825,0.319825,-0.244884,1280,LOW_REDUNDANCY,Low redundancy. Independent signal sources.,intake_vs_baseline
q158_max_30h,wq101_alpha101,alpha158_rolling_price,wq101,False,-0.318878,0.318878,-0.091896,1280,LOW_REDUNDANCY,Low redundancy. Independent signal sources.,intake_vs_baseline
q158_ma_30h,realized_skew_20h,alpha158_rolling_price,realized_shape,False,-0.318332,0.318332,-0.321765,428,LOW_REDUNDANCY,Low redundancy. Independent signal sources.,intake_vs_baseline
q158_min_30h,q158_cntn_20h,alpha158_rolling_price,alpha158_rolling,False,0.317796,0.317796,0.20622,428,LOW_REDUNDANCY,Low redundancy. Independent signal sources.,intake_vs_baseline
q158_std_30h,q158_rsqr_20h,alpha158_rolling_price,alpha158_rolling_regression,False,0.314794,0.314794,0.122127,661352,LOW_REDUNDANCY,Low redundancy. Independent signal sources.,intake_vs_baseline
q158_ma_30h,q158_min_5h,alpha158_rolling_price,alpha158_rolling_price,True,0.310785,0.310785,0.172482,660713,LOW_REDUNDANCY,Low redundancy. Independent signal sources.,intake_vs_baseline
q158_ma_30h,wvma_20h,alpha158_rolling_price,alpha158_ohlcv,False,-0.305432,0.305432,-0.394167,426,LOW_REDUNDANCY,Low redundancy. Independent signal sources.,intake_vs_baseline
q158_max_30h,vol_ratio_5_20,alpha158_rolling_price,volatility,False,0.302581,0.302581,0.287825,426,LOW_REDUNDANCY,Low redundancy. Independent signal sources.,intake_vs_baseline
q158_ma_30h,volatility_20h,alpha158_rolling_price,volatility,False,-0.301715,0.301715,-0.439584,428,LOW_REDUNDANCY,Low redundancy. Independent signal sources.,intake_vs_baseline
q158_ma_30h,q158_ksft_open,alpha158_rolling_price,alpha158_kbar,False,-0.298854,0.298854,-0.244427,1280,LOW_REDUNDANCY,Low redundancy. Independent signal sources.,intake_vs_baseline
q158_std_30h,q158_qtlu_20h,alpha158_rolling_price,alpha158_rolling,False,0.294932,0.294932,0.653352,661352,LOW_REDUNDANCY,Low redundancy. Independent signal sources.,intake_vs_baseline
q158_max_30h,klow_close,alpha158_rolling_price,alpha158_ohlcv,False,0.290839,0.290839,0.395779,1280,LOW_REDUNDANCY,Low redundancy. Independent signal sources.,intake_vs_baseline
q158_min_30h,q158_wvma_20h,alpha158_rolling_price,alpha158_rolling_volume,False,-0.289679,0.289679,-0.272697,428,LOW_REDUNDANCY,Low redundancy. Independent signal sources.,intake_vs_baseline
q158_max_30h,q158_klow_open,alpha158_rolling_price,alpha158_kbar,False,0.288449,0.288449,0.402892,1280,LOW_REDUNDANCY,Low redundancy. Independent signal sources.,intake_vs_baseline
q158_std_30h,realized_skew_20h,alpha158_rolling_price,realized_shape,False,0.285794,0.285794,0.158925,428,LOW_REDUNDANCY,Low redundancy. Independent signal sources.,intake_vs_baseline
q158_min_30h,tech_macd,alpha158_rolling_price,technical,False,-0.285225,0.285225,-0.009331,1280,LOW_REDUNDANCY,Low redundancy. Independent signal sources.,intake_vs_baseline
q158_min_30h,reversal_5h,alpha158_rolling_price,momentum,False,0.282378,0.282378,0.408351,1067,LOW_REDUNDANCY,Low redundancy. Independent signal sources.,intake_vs_baseline
q158_min_30h,mom_5h,alpha158_rolling_price,momentum,False,-0.282378,0.282378,-0.408351,1067,LOW_REDUNDANCY,Low redundancy. Independent signal sources.,intake_vs_baseline
q158_ma_30h,q158_kmid_open,alpha158_rolling_price,alpha158_kbar,False,-0.27825,0.27825,-0.247059,1280,LOW_REDUNDANCY,Low redundancy. Independent signal sources.,intake_vs_baseline
q158_ma_30h,intraday_ret,alpha158_rolling_price,alpha158_ohlcv,False,-0.27825,0.27825,-0.247059,1280,LOW_REDUNDANCY,Low redundancy. Independent signal sources.,intake_vs_baseline
q158_ma_30h,q158_open_close_0h,alpha158_rolling_price,alpha158_price,False,0.278249,0.278249,0.239878,1280,LOW_REDUNDANCY,Low redundancy. Independent signal sources.,intake_vs_baseline
q158_ma_30h,q158_wvma_20h,alpha158_rolling_price,alpha158_rolling_volume,False,-0.275495,0.275495,-0.306872,428,LOW_REDUNDANCY,Low redundancy. Independent signal sources.,intake_vs_baseline
q158_ma_30h,candle_body,alpha158_rolling_price,intraday_candle,False,-0.275126,0.275126,-0.224361,1280,LOW_REDUNDANCY,Low redundancy. Independent signal sources.,intake_vs_baseline
q158_ma_30h,q158_kmid_range,alpha158_rolling_price,alpha158_kbar,False,-0.275109,0.275109,-0.224355,1280,LOW_REDUNDANCY,Low redundancy. Independent signal sources.,intake_vs_baseline
q158_min_30h,qvol_ma_ratio_20_80,alpha158_rolling_price,quote_volume_liquidity,False,-0.268372,0.268372,-0.413745,655261,LOW_REDUNDANCY,Low redundancy. Independent signal sources.,intake_vs_baseline
q158_std_30h,xs_rank_vol,alpha158_rolling_price,cross_sectional_normalized,False,0.26818,0.26818,0.139785,661352,LOW_REDUNDANCY,Low redundancy. Independent signal sources.,intake_vs_baseline
q158_min_30h,realized_skew_20h,alpha158_rolling_price,realized_shape,False,-0.264918,0.264918,-0.200763,428,LOW_REDUNDANCY,Low redundancy. Independent signal sources.,intake_vs_baseline
q158_max_30h,ma_gap_20_80,alpha158_rolling_price,trend_ma,False,-0.263382,0.263382,-0.062722,656988,LOW_REDUNDANCY,Low redundancy. Independent signal sources.,intake_vs_baseline
q158_max_30h,ema_12_26_gap,alpha158_rolling_price,technical_indicators,False,-0.260216,0.260216,0.023951,1280,LOW_REDUNDANCY,Low redundancy. Independent signal sources.,intake_vs_baseline
q158_std_30h,q158_ksft_range,alpha158_rolling_price,alpha158_kbar,False,0.259929,0.259929,0.152706,1280,LOW_REDUNDANCY,Low redundancy. Independent signal sources.,intake_vs_baseline
q158_ma_30h,q158_vsump_20h,alpha158_rolling_price,alpha158_rolling_volume,False,-0.255286,0.255286,-0.285444,428,LOW_REDUNDANCY,Low redundancy. Independent signal sources.,intake_vs_baseline
q158_min_30h,q158_corr_20h,alpha158_rolling_price,alpha158_rolling_volume_price,False,-0.253214,0.253214,-0.215257,659581,LOW_REDUNDANCY,Low redundancy. Independent signal sources.,intake_vs_baseline
q158_max_30h,mom_5h,alpha158_rolling_price,momentum,False,-0.250984,0.250984,0.002874,1067,LOW_REDUNDANCY,Low redundancy. Independent signal sources.,intake_vs_baseline
q158_max_30h,reversal_5h,alpha158_rolling_price,momentum,False,0.250984,0.250984,-0.002874,1067,LOW_REDUNDANCY,Low redundancy. Independent signal sources.,intake_vs_baseline
q158_ma_30h,wq101_alpha101,alpha158_rolling_price,wq101,False,-0.25053,0.25053,-0.210434,1280,LOW_REDUNDANCY,Low redundancy. Independent signal sources.,intake_vs_baseline
q158_ma_30h,q158_vsumd_20h,alpha158_rolling_price,alpha158_rolling_volume,False,-0.244093,0.244093,-0.302767,428,LOW_REDUNDANCY,Low redundancy. Independent signal sources.,intake_vs_baseline
q158_min_30h,q158_ksft_open,alpha158_rolling_price,alpha158_kbar,False,-0.241781,0.241781,-0.205099,1280,LOW_REDUNDANCY,Low redundancy. Independent signal sources.,intake_vs_baseline
q158_std_30h,candle_wick_upper,alpha158_rolling_price,intraday_candle,False,-0.236155,0.236155,-0.164013,1280,LOW_REDUNDANCY,Low redundancy. Independent signal sources.,intake_vs_baseline
q158_std_30h,q158_kup_range,alpha158_rolling_price,alpha158_kbar,False,-0.236136,0.236136,-0.164054,1280,LOW_REDUNDANCY,Low redundancy. Independent signal sources.,intake_vs_baseline
q158_ma_30h,taker_buy_ratio_20h,alpha158_rolling_price,taker_imbalance,False,-0.235528,0.235528,-0.101902,267861,LOW_REDUNDANCY,Low redundancy. Independent signal sources.,intake_vs_baseline
q158_ma_30h,q158_klen_open,alpha158_rolling_price,alpha158_kbar,False,-0.235003,0.235003,-0.370098,1280,LOW_REDUNDANCY,Low redundancy. Independent signal sources.,intake_vs_baseline
q158_ma_30h,q158_vsumn_20h,alpha158_rolling_price,alpha158_rolling_volume,False,0.233538,0.233538,0.223248,428,LOW_REDUNDANCY,Low redundancy. Independent signal sources.,intake_vs_baseline
q158_std_30h,q158_klow_range,alpha158_rolling_price,alpha158_kbar,False,0.232313,0.232313,0.156346,1280,LOW_REDUNDANCY,Low redundancy. Independent signal sources.,intake_vs_baseline
q158_std_30h,candle_wick_lower,alpha158_rolling_price,intraday_candle,False,0.232311,0.232311,0.156411,1280,LOW_REDUNDANCY,Low redundancy. Independent signal sources.,intake_vs_baseline
q158_ma_30h,range_1h,alpha158_rolling_price,range_position,False,-0.232032,0.232032,-0.370892,1280,LOW_REDUNDANCY,Low redundancy. Independent signal sources.,intake_vs_baseline
q158_ma_30h,q158_high_low_range,alpha158_rolling_price,alpha158,False,-0.232032,0.232032,-0.370892,1280,LOW_REDUNDANCY,Low redundancy. Independent signal sources.,intake_vs_baseline
q158_min_30h,downside_vol_20h,alpha158_rolling_price,realized_skew_kurtosis,False,-0.231384,0.231384,-0.49974,428,LOW_REDUNDANCY,Low redundancy. Independent signal sources.,intake_vs_baseline
q158_max_30h,q158_kup_open,alpha158_rolling_price,alpha158_kbar,False,0.226383,0.226383,0.238708,1280,LOW_REDUNDANCY,Low redundancy. Independent signal sources.,intake_vs_baseline
q158_std_30h,realized_kurt_20h,alpha158_rolling_price,realized_shape,False,0.221795,0.221795,0.203114,428,LOW_REDUNDANCY,Low redundancy. Independent signal sources.,intake_vs_baseline
q158_min_30h,q158_kmid_open,alpha158_rolling_price,alpha158_kbar,False,-0.219546,0.219546,-0.182576,1280,LOW_REDUNDANCY,Low redundancy. Independent signal sources.,intake_vs_baseline
q158_min_30h,intraday_ret,alpha158_rolling_price,alpha158_ohlcv,False,-0.219546,0.219546,-0.182576,1280,LOW_REDUNDANCY,Low redundancy. Independent signal sources.,intake_vs_baseline
q158_min_30h,q158_open_close_0h,alpha158_rolling_price,alpha158_price,False,0.219546,0.219546,0.161655,1280,LOW_REDUNDANCY,Low redundancy. Independent signal sources.,intake_vs_baseline
q158_min_30h,candle_body,alpha158_rolling_price,intraday_candle,False,-0.219415,0.219415,-0.156435,1280,LOW_REDUNDANCY,Low redundancy. Independent signal sources.,intake_vs_baseline
q158_min_30h,q158_kmid_range,alpha158_rolling_price,alpha158_kbar,False,-0.219406,0.219406,-0.156434,1280,LOW_REDUNDANCY,Low redundancy. Independent signal sources.,intake_vs_baseline
q158_min_30h,ma_gap_20_80,alpha158_rolling_price,trend_ma,False,-0.217586,0.217586,-0.302401,656988,LOW_REDUNDANCY,Low redundancy. Independent signal sources.,intake_vs_baseline
q158_max_30h,rev_10h,alpha158_rolling_price,reversal,False,0.217309,0.217309,-0.06694,854,LOW_REDUNDANCY,Low redundancy. Independent signal sources.,intake_vs_baseline
q158_max_30h,mom_10h,alpha158_rolling_price,momentum,False,-0.217309,0.217309,0.06694,854,LOW_REDUNDANCY,Low redundancy. Independent signal sources.,intake_vs_baseline
q158_std_30h,mom_10h,alpha158_rolling_price,momentum,False,0.214106,0.214106,0.33375,854,LOW_REDUNDANCY,Low redundancy. Independent signal sources.,intake_vs_baseline
q158_std_30h,rev_10h,alpha158_rolling_price,reversal,False,-0.214106,0.214106,-0.33375,854,LOW_REDUNDANCY,Low redundancy. Independent signal sources.,intake_vs_baseline
q158_max_30h,q158_wvma_20h,alpha158_rolling_price,alpha158_rolling_volume,False,0.211754,0.211754,0.213996,428,LOW_REDUNDANCY,Low redundancy. Independent signal sources.,intake_vs_baseline
q158_min_30h,wq101_alpha101,alpha158_rolling_price,wq101,False,-0.209329,0.209329,-0.146458,1280,LOW_REDUNDANCY,Low redundancy. Independent signal sources.,intake_vs_baseline
q158_std_30h,amihud_illiquidity_20h,alpha158_rolling_price,liquidity,False,-0.206166,0.206166,-0.202942,426,LOW_REDUNDANCY,Low redundancy. Independent signal sources.,intake_vs_baseline
q158_ma_30h,range_breakout_vol_confirm_20h,alpha158_rolling_price,breakout,False,-0.206154,0.206154,-0.218941,21579,LOW_REDUNDANCY,Low redundancy. Independent signal sources.,intake_vs_baseline
q158_max_30h,xs_rank_vol,alpha158_rolling_price,cross_sectional_normalized,False,0.206084,0.206084,0.065317,661352,LOW_REDUNDANCY,Low redundancy. Independent signal sources.,intake_vs_baseline
q158_min_30h,vol_5h,alpha158_rolling_price,volatility,False,-0.205118,0.205118,-0.537608,1067,LOW_REDUNDANCY,Low redundancy. Independent signal sources.,intake_vs_baseline
q158_ma_30h,q158_klow_open,alpha158_rolling_price,alpha158_kbar,False,-0.194444,0.194444,-0.329531,1280,LOW_REDUNDANCY,Low redundancy. Independent signal sources.,intake_vs_baseline
q158_ma_30h,klow_close,alpha158_rolling_price,alpha158_ohlcv,False,-0.191763,0.191763,-0.331057,1280,LOW_REDUNDANCY,Low redundancy. Independent signal sources.,intake_vs_baseline
q158_min_30h,xs_rank_mom_accel,alpha158_rolling_price,cross_sectional_normalized,False,0.191596,0.191596,0.10612,214,LOW_REDUNDANCY,Low redundancy. Independent signal sources.,intake_vs_baseline
q158_min_30h,mom_accel_20h,alpha158_rolling_price,momentum,False,0.191596,0.191596,-0.188058,214,LOW_REDUNDANCY,Low redundancy. Independent signal sources.,intake_vs_baseline
q158_max_30h,taker_buy_ratio_20h,alpha158_rolling_price,taker_imbalance,False,-0.187516,0.187516,-0.036285,267861,LOW_REDUNDANCY,Low redundancy. Independent signal sources.,intake_vs_baseline
q158_std_30h,a101_volume_xs_z_mean_neg_112h,alpha158_rolling_price,alpha101_curated_volume_crowding,False,-0.185256,0.185256,-0.006637,323346,LOW_REDUNDANCY,Low redundancy. Independent signal sources.,intake_vs_baseline
q158_min_30h,q158_resi_20h,alpha158_rolling_price,alpha158_rolling_regression,False,-0.184828,0.184828,-0.085972,661352,LOW_REDUNDANCY,Low redundancy. Independent signal sources.,intake_vs_baseline
q158_std_30h,vol_5h,alpha158_rolling_price,volatility,False,0.180448,0.180448,0.520584,1067,LOW_REDUNDANCY,Low redundancy. Independent signal sources.,intake_vs_baseline
q158_min_30h,realized_kurt_20h,alpha158_rolling_price,realized_shape,False,-0.180404,0.180404,-0.194908,428,LOW_REDUNDANCY,Low redundancy. Independent signal sources.,intake_vs_baseline
q158_max_30h,q158_vstd_20h,alpha158_rolling_price,alpha158_rolling_volume,False,0.179548,0.179548,0.00112,661352,LOW_REDUNDANCY,Low redundancy. Independent signal sources.,intake_vs_baseline
q158_std_30h,q158_cntp_20h,alpha158_rolling_price,alpha158_rolling,False,0.179224,0.179224,0.13119,428,LOW_REDUNDANCY,Low redundancy. Independent signal sources.,intake_vs_baseline
q158_ma_30h,realized_kurt_20h,alpha158_rolling_price,realized_shape,False,-0.178437,0.178437,-0.239449,428,LOW_REDUNDANCY,Low redundancy. Independent signal sources.,intake_vs_baseline
q158_std_30h,q158_high_close_4h,alpha158_rolling_price,alpha158_price,False,0.17712,0.17712,0.254223,660713,LOW_REDUNDANCY,Low redundancy. Independent signal sources.,intake_vs_baseline
q158_min_30h,xs_rank_vol,alpha158_rolling_price,cross_sectional_normalized,False,-0.176937,0.176937,-0.187015,661352,LOW_REDUNDANCY,Low redundancy. Independent signal sources.,intake_vs_baseline
q158_std_30h,a101_vol_xs_z_product_112h,alpha158_rolling_price,alpha101_curated_volume_regime,False,-0.176131,0.176131,0.000449,323346,LOW_REDUNDANCY,Low redundancy. Independent signal sources.,intake_vs_baseline
q158_std_30h,q158_cntd_20h,alpha158_rolling_price,alpha158_rolling_direction,False,0.174852,0.174852,0.094853,428,LOW_REDUNDANCY,Low redundancy. Independent signal sources.,intake_vs_baseline
q158_max_30h,q158_min_30h,alpha158_rolling_price,alpha158_rolling_price,True,0.173726,0.173726,-0.069835,661780,LOW_REDUNDANCY,Low redundancy. Independent signal sources.,intake_vs_intake
q158_std_30h,q158_ksft_open,alpha158_rolling_price,alpha158_kbar,False,0.172949,0.172949,0.147468,1280,LOW_REDUNDANCY,Low redundancy. Independent signal sources.,intake_vs_baseline
q158_std_30h,q158_vstd_20h,alpha158_rolling_price,alpha158_rolling_volume,False,0.171157,0.171157,0.001077,661352,LOW_REDUNDANCY,Low redundancy. Independent signal sources.,intake_vs_baseline
q158_std_30h,a101_volume_low_alpha_min_84_120,alpha158_rolling_price,alpha101_curated_volume_price_regression,False,-0.170946,0.170946,-0.029117,329792,LOW_REDUNDANCY,Low redundancy. Independent signal sources.,intake_vs_baseline
q158_max_30h,funding_rate_zscore_80h,alpha158_rolling_price,funding_rate,False,-0.166257,0.166257,-0.144671,113084,LOW_REDUNDANCY,Low redundancy. Independent signal sources.,intake_vs_baseline
q158_max_30h,taker_buy_delta_5h,alpha158_rolling_price,taker_imbalance,False,-0.163156,0.163156,-0.036608,1184,LOW_REDUNDANCY,Low redundancy. Independent signal sources.,intake_vs_baseline
q158_min_30h,candle_wick_upper,alpha158_rolling_price,intraday_candle,False,0.161474,0.161474,0.161638,1280,LOW_REDUNDANCY,Low redundancy. Independent signal sources.,intake_vs_baseline
q158_min_30h,q158_kup_range,alpha158_rolling_price,alpha158_kbar,False,0.161373,0.161373,0.161625,1280,LOW_REDUNDANCY,Low redundancy. Independent signal sources.,intake_vs_baseline
q158_min_30h,q158_max_20h,alpha158_rolling_price,alpha158_rolling_price,True,0.160433,0.160433,-0.074147,661352,LOW_REDUNDANCY,Low redundancy. Independent signal sources.,intake_vs_baseline
q158_min_30h,taker_buy_ratio_20h,alpha158_rolling_price,taker_imbalance,False,-0.156932,0.156932,-0.090687,267861,LOW_REDUNDANCY,Low redundancy. Independent signal sources.,intake_vs_baseline
q158_max_30h,q158_min_20h,alpha158_rolling_price,alpha158_rolling_price,True,0.153012,0.153012,-0.067161,661352,LOW_REDUNDANCY,Low redundancy. Independent signal sources.,intake_vs_baseline
q158_max_30h,q158_corr_20h,alpha158_rolling_price,alpha158_rolling_volume_price,False,-0.152004,0.152004,-0.026938,659581,LOW_REDUNDANCY,Low redundancy. Independent signal sources.,intake_vs_baseline
q158_ma_30h,funding_rate_change_24h,alpha158_rolling_price,funding_rate,False,-0.150495,0.150495,0.37251,206,LOW_REDUNDANCY,Low redundancy. Independent signal sources.,intake_vs_baseline
q158_max_30h,q158_resi_20h,alpha158_rolling_price,alpha158_rolling_regression,False,-0.149628,0.149628,0.058743,661352,LOW_REDUNDANCY,Low redundancy. Independent signal sources.,intake_vs_baseline
q158_min_30h,amihud_illiquidity_20h,alpha158_rolling_price,liquidity,False,0.148146,0.148146,0.185358,426,LOW_REDUNDANCY,Low redundancy. Independent signal sources.,intake_vs_baseline
q158_max_30h,a101_volume_low_alpha_min_84_120,alpha158_rolling_price,alpha101_curated_volume_price_regression,False,-0.145904,0.145904,-0.029313,329792,LOW_REDUNDANCY,Low redundancy. Independent signal sources.,intake_vs_baseline
q158_max_30h,a101_volume_xs_z_mean_neg_112h,alpha158_rolling_price,alpha101_curated_volume_crowding,False,-0.145036,0.145036,-0.003126,323346,LOW_REDUNDANCY,Low redundancy. Independent signal sources.,intake_vs_baseline
q158_std_30h,q158_cntn_20h,alpha158_rolling_price,alpha158_rolling,False,-0.143326,0.143326,-0.039241,428,LOW_REDUNDANCY,Low redundancy. Independent signal sources.,intake_vs_baseline
q158_ma_30h,candle_wick_upper,alpha158_rolling_price,intraday_candle,False,0.143002,0.143002,0.139651,1280,LOW_REDUNDANCY,Low redundancy. Independent signal sources.,intake_vs_baseline
q158_ma_30h,q158_kup_range,alpha158_rolling_price,alpha158_kbar,False,0.142952,0.142952,0.139658,1280,LOW_REDUNDANCY,Low redundancy. Independent signal sources.,intake_vs_baseline
q158_ma_30h,q158_resi_20h,alpha158_rolling_price,alpha158_rolling_regression,False,-0.140772,0.140772,0.00942,661352,LOW_REDUNDANCY,Low redundancy. Independent signal sources.,intake_vs_baseline
q158_std_30h,q158_imax_20h,alpha158_rolling_price,alpha158_rolling_position,False,0.14008,0.14008,0.061238,661352,LOW_REDUNDANCY,Low redundancy. Independent signal sources.,intake_vs_baseline
q158_min_30h,q158_vsump_20h,alpha158_rolling_price,alpha158_rolling_volume,False,-0.139072,0.139072,-0.188202,428,LOW_REDUNDANCY,Low redundancy. Independent signal sources.,intake_vs_baseline
q158_max_30h,a101_vol_xs_z_product_112h,alpha158_rolling_price,alpha101_curated_volume_regime,False,-0.138568,0.138568,0.000704,323346,LOW_REDUNDANCY,Low redundancy. Independent signal sources.,intake_vs_baseline
q158_max_30h,trend_efficiency_24h,alpha158_rolling_price,trend_quality,False,0.137302,0.137302,0.058442,659797,LOW_REDUNDANCY,Low redundancy. Independent signal sources.,intake_vs_baseline
q158_ma_30h,vol_5h,alpha158_rolling_price,volatility,False,-0.132917,0.132917,-0.360876,1067,LOW_REDUNDANCY,Low redundancy. Independent signal sources.,intake_vs_baseline
q158_std_30h,q158_high_close_0h,alpha158_rolling_price,alpha158_price,False,0.132909,0.132909,0.324174,1280,LOW_REDUNDANCY,Low redundancy. Independent signal sources.,intake_vs_baseline
q158_std_30h,q158_qtld_20h,alpha158_rolling_price,alpha158_rolling,False,-0.132392,0.132392,-0.067429,661352,LOW_REDUNDANCY,Low redundancy. Independent signal sources.,intake_vs_baseline
q158_ma_30h,amihud_illiquidity_20h,alpha158_rolling_price,liquidity,False,0.132201,0.132201,0.151762,426,LOW_REDUNDANCY,Low redundancy. Independent signal sources.,intake_vs_baseline
q158_std_30h,clv_20h,alpha158_rolling_price,alpha158_ohlc_range,False,-0.132054,0.132054,-0.064956,661352,LOW_REDUNDANCY,Low redundancy. Independent signal sources.,intake_vs_baseline
q158_ma_30h,funding_rate_zscore_80h,alpha158_rolling_price,funding_rate,False,-0.130294,0.130294,-0.105798,113084,LOW_REDUNDANCY,Low redundancy. Independent signal sources.,intake_vs_baseline
q158_max_30h,q158_vma_20h,alpha158_rolling_price,alpha158_rolling_volume,False,0.126522,0.126522,0.001198,661352,LOW_REDUNDANCY,Low redundancy. Independent signal sources.,intake_vs_baseline
q158_std_30h,q158_vsump_20h,alpha158_rolling_price,alpha158_rolling_volume,False,0.124435,0.124435,0.073437,428,LOW_REDUNDANCY,Low redundancy. Independent signal sources.,intake_vs_baseline
q158_std_30h,price_pos_72h,alpha158_rolling_price,price_position,False,-0.124203,0.124203,-0.052799,1919,LOW_REDUNDANCY,Low redundancy. Independent signal sources.,intake_vs_baseline
q158_min_30h,a101_volume_xs_z_mean_neg_112h,alpha158_rolling_price,alpha101_curated_volume_crowding,False,0.123731,0.123731,0.013875,323346,LOW_REDUNDANCY,Low redundancy. Independent signal sources.,intake_vs_baseline
q158_min_30h,q158_vsumd_20h,alpha158_rolling_price,alpha158_rolling_volume,False,-0.123555,0.123555,-0.152688,428,LOW_REDUNDANCY,Low redundancy. Independent signal sources.,intake_vs_baseline
q158_std_30h,funding_rate_change_24h,alpha158_rolling_price,funding_rate,False,0.123114,0.123114,0.051676,206,LOW_REDUNDANCY,Low redundancy. Independent signal sources.,intake_vs_baseline
q158_min_30h,funding_rate_change_24h,alpha158_rolling_price,funding_rate,False,-0.122833,0.122833,0.137808,206,LOW_REDUNDANCY,Low redundancy. Independent signal sources.,intake_vs_baseline
q158_std_30h,vwap_dev_20h,alpha158_rolling_price,alpha158_ohlcv,False,-0.121863,0.121863,-0.154224,659581,LOW_REDUNDANCY,Low redundancy. Independent signal sources.,intake_vs_baseline
q158_min_30h,q158_kup_open,alpha158_rolling_price,alpha158_kbar,False,-0.120749,0.120749,-0.281271,1280,LOW_REDUNDANCY,Low redundancy. Independent signal sources.,intake_vs_baseline
q158_max_30h,a101_volume_high_alpha_min_84_84,alpha158_rolling_price,alpha101_curated_volume_price_regression,False,-0.119254,0.119254,-0.001952,321398,LOW_REDUNDANCY,Low redundancy. Independent signal sources.,intake_vs_baseline
q158_min_30h,a101_vol_xs_z_product_112h,alpha158_rolling_price,alpha101_curated_volume_regime,False,0.118768,0.118768,0.00089,323346,LOW_REDUNDANCY,Low redundancy. Independent signal sources.,intake_vs_baseline
q158_min_30h,q158_klow_range,alpha158_rolling_price,alpha158_kbar,False,-0.116392,0.116392,-0.102757,1280,LOW_REDUNDANCY,Low redundancy. Independent signal sources.,intake_vs_baseline
q158_min_30h,candle_wick_lower,alpha158_rolling_price,intraday_candle,False,-0.116365,0.116365,-0.102793,1280,LOW_REDUNDANCY,Low redundancy. Independent signal sources.,intake_vs_baseline
q158_max_30h,qvol_ma_ratio_20_80,alpha158_rolling_price,quote_volume_liquidity,False,0.116154,0.116154,0.072971,655261,LOW_REDUNDANCY,Low redundancy. Independent signal sources.,intake_vs_baseline
q158_max_30h,qvol_ma_ratio_5_20,alpha158_rolling_price,quote_volume_liquidity,False,-0.115367,0.115367,-0.011598,659581,LOW_REDUNDANCY,Low redundancy. Independent signal sources.,intake_vs_baseline
q158_ma_30h,q158_std_30h,alpha158_rolling_price,alpha158_rolling_price,True,0.113979,0.113979,0.601979,661780,LOW_REDUNDANCY,Low redundancy. Independent signal sources.,intake_vs_intake
q158_max_30h,q158_vsump_20h,alpha158_rolling_price,alpha158_rolling_volume,False,0.111386,0.111386,-0.012157,428,LOW_REDUNDANCY,Low redundancy. Independent signal sources.,intake_vs_baseline
q158_min_30h,q158_vsumn_20h,alpha158_rolling_price,alpha158_rolling_volume,False,0.111166,0.111166,0.06861,428,LOW_REDUNDANCY,Low redundancy. Independent signal sources.,intake_vs_baseline
q158_min_30h,q158_vstd_20h,alpha158_rolling_price,alpha158_rolling_volume,False,-0.109887,0.109887,0.001609,661352,LOW_REDUNDANCY,Low redundancy. Independent signal sources.,intake_vs_baseline
q158_std_30h,a101_volume_high_alpha_min_84_84,alpha158_rolling_price,alpha101_curated_volume_price_regression,False,-0.109504,0.109504,-0.003295,321398,LOW_REDUNDANCY,Low redundancy. Independent signal sources.,intake_vs_baseline
q158_std_30h,q158_vsumd_20h,alpha158_rolling_price,alpha158_rolling_volume,False,0.108892,0.108892,0.020676,428,LOW_REDUNDANCY,Low redundancy. Independent signal sources.,intake_vs_baseline
q158_max_30h,mom_accel_20h,alpha158_rolling_price,momentum,False,-0.108773,0.108773,-0.242267,214,LOW_REDUNDANCY,Low redundancy. Independent signal sources.,intake_vs_baseline
q158_max_30h,xs_rank_mom_accel,alpha158_rolling_price,cross_sectional_normalized,False,-0.108773,0.108773,-0.142431,214,LOW_REDUNDANCY,Low redundancy. Independent signal sources.,intake_vs_baseline
q158_std_30h,breakout_dist_20h,alpha158_rolling_price,breakout,False,-0.107055,0.107055,-0.056576,661352,LOW_REDUNDANCY,Low redundancy. Independent signal sources.,intake_vs_baseline
q158_std_30h,rev_24h,alpha158_rolling_price,reversal,False,0.105432,0.105432,0.039204,661566,LOW_REDUNDANCY,Low redundancy. Independent signal sources.,intake_vs_baseline
q158_std_30h,ma_gap_10_40,alpha158_rolling_price,trend_ma,False,-0.105287,0.105287,-0.12838,660820,LOW_REDUNDANCY,Low redundancy. Independent signal sources.,intake_vs_baseline
q158_std_30h,vol_ratio_5_20,alpha158_rolling_price,volatility,False,0.105109,0.105109,0.196213,426,LOW_REDUNDANCY,Low redundancy. Independent signal sources.,intake_vs_baseline
q158_max_30h,q158_rsqr_20h,alpha158_rolling_price,alpha158_rolling_regression,False,0.103838,0.103838,0.038643,661352,LOW_REDUNDANCY,Low redundancy. Independent signal sources.,intake_vs_baseline
q158_max_30h,funding_rate_change_24h,alpha158_rolling_price,funding_rate,False,-0.103778,0.103778,0.241488,206,LOW_REDUNDANCY,Low redundancy. Independent signal sources.,intake_vs_baseline
q158_std_30h,funding_rate_zscore_80h,alpha158_rolling_price,funding_rate,False,-0.103415,0.103415,-0.122777,113084,LOW_REDUNDANCY,Low redundancy. Independent signal sources.,intake_vs_baseline
q158_std_30h,ksft_5h,alpha158_rolling_price,alpha158_ohlcv,False,-0.102985,0.102985,-0.056736,1067,LOW_REDUNDANCY,Low redundancy. Independent signal sources.,intake_vs_baseline
q158_max_30h,realized_kurt_20h,alpha158_rolling_price,realized_shape,False,0.102451,0.102451,0.233104,428,LOW_REDUNDANCY,Low redundancy. Independent signal sources.,intake_vs_baseline
q158_ma_30h,funding_rate_level_20h,alpha158_rolling_price,funding_rate,False,0.102169,0.102169,-0.12684,412,LOW_REDUNDANCY,Low redundancy. Independent signal sources.,intake_vs_baseline
q158_ma_30h,qvol_ma_ratio_20_80,alpha158_rolling_price,quote_volume_liquidity,False,-0.101585,0.101585,-0.103085,655261,LOW_REDUNDANCY,Low redundancy. Independent signal sources.,intake_vs_baseline
q158_max_30h,qvol_zscore_20h,alpha158_rolling_price,quote_volume_liquidity,False,-0.101515,0.101515,-0.019208,659581,LOW_REDUNDANCY,Low redundancy. Independent signal sources.,intake_vs_baseline
q158_min_30h,vol_ratio_5_20,alpha158_rolling_price,volatility,False,-0.099925,0.099925,-0.259049,426,LOW_REDUNDANCY,Low redundancy. Independent signal sources.,intake_vs_baseline
q158_max_30h,range_breakout_vol_confirm_20h,alpha158_rolling_price,breakout,False,-0.099805,0.099805,-0.069909,21579,LOW_REDUNDANCY,Low redundancy. Independent signal sources.,intake_vs_baseline
q158_std_30h,q158_beta_20h,alpha158_rolling_price,alpha158_rolling_regression,False,-0.099676,0.099676,-0.549272,661352,LOW_REDUNDANCY,Low redundancy. Independent signal sources.,intake_vs_baseline
q158_std_30h,q158_ma_20h,alpha158_rolling_price,alpha158_rolling_price,True,0.097898,0.097898,0.444641,661352,LOW_REDUNDANCY,Low redundancy. Independent signal sources.,intake_vs_baseline
q158_std_30h,q158_vsumn_20h,alpha158_rolling_price,alpha158_rolling_volume,False,-0.096528,0.096528,0.038363,428,LOW_REDUNDANCY,Low redundancy. Independent signal sources.,intake_vs_baseline
q158_min_30h,a101_volume_low_alpha_min_84_120,alpha158_rolling_price,alpha101_curated_volume_price_regression,False,0.095765,0.095765,0.019317,329792,LOW_REDUNDANCY,Low redundancy. Independent signal sources.,intake_vs_baseline
q158_max_30h,q158_vsumd_20h,alpha158_rolling_price,alpha158_rolling_volume,False,0.09566,0.09566,-0.038994,428,LOW_REDUNDANCY,Low redundancy. Independent signal sources.,intake_vs_baseline
q158_std_30h,rsi_14h,alpha158_rolling_price,technical,False,-0.0951,0.0951,-0.059057,661139,LOW_REDUNDANCY,Low redundancy. Independent signal sources.,intake_vs_baseline
q158_std_30h,ma_gap_5_20,alpha158_rolling_price,trend_ma,False,-0.095071,0.095071,-0.148652,661352,LOW_REDUNDANCY,Low redundancy. Independent signal sources.,intake_vs_baseline
q158_std_30h,q158_vma_20h,alpha158_rolling_price,alpha158_rolling_volume,False,0.094871,0.094871,0.001216,661352,LOW_REDUNDANCY,Low redundancy. Independent signal sources.,intake_vs_baseline
q158_min_30h,q158_high_close_0h,alpha158_rolling_price,alpha158_price,False,-0.094656,0.094656,-0.320642,1280,LOW_REDUNDANCY,Low redundancy. Independent signal sources.,intake_vs_baseline
q158_ma_30h,qvol_ma_ratio_5_20,alpha158_rolling_price,quote_volume_liquidity,False,-0.094164,0.094164,-0.094638,659581,LOW_REDUNDANCY,Low redundancy. Independent signal sources.,intake_vs_baseline
q158_min_30h,q158_max_10h,alpha158_rolling_price,alpha158_rolling_price,True,0.092502,0.092502,-0.081458,660926,LOW_REDUNDANCY,Low redundancy. Independent signal sources.,intake_vs_baseline
q158_ma_30h,q158_std_20h,alpha158_rolling_price,alpha158_rolling_price,True,0.092318,0.092318,0.581997,661352,LOW_REDUNDANCY,Low redundancy. Independent signal sources.,intake_vs_baseline
q158_std_30h,q158_rsv_20h,alpha158_rolling_price,alpha158_rolling,False,-0.090996,0.090996,-0.051156,661352,LOW_REDUNDANCY,Low redundancy. Independent signal sources.,intake_vs_baseline
q158_ma_30h,qvol_zscore_20h,alpha158_rolling_price,quote_volume_liquidity,False,-0.088147,0.088147,-0.06875,659581,LOW_REDUNDANCY,Low redundancy. Independent signal sources.,intake_vs_baseline
q158_max_30h,realized_skew_20h,alpha158_rolling_price,realized_shape,False,-0.086441,0.086441,-0.0079,428,LOW_REDUNDANCY,Low redundancy. Independent signal sources.,intake_vs_baseline
q158_max_30h,q158_vsumn_20h,alpha158_rolling_price,alpha158_rolling_volume,False,-0.083479,0.083479,0.053205,428,LOW_REDUNDANCY,Low redundancy. Independent signal sources.,intake_vs_baseline
q158_std_30h,q158_open_close_0h,alpha158_rolling_price,alpha158_price,False,-0.082559,0.082559,-0.036565,1280,LOW_REDUNDANCY,Low redundancy. Independent signal sources.,intake_vs_baseline
q158_std_30h,q158_kmid_open,alpha158_rolling_price,alpha158_kbar,False,0.082558,0.082558,0.062992,1280,LOW_REDUNDANCY,Low redundancy. Independent signal sources.,intake_vs_baseline
q158_std_30h,intraday_ret,alpha158_rolling_price,alpha158_ohlcv,False,0.082558,0.082558,0.062992,1280,LOW_REDUNDANCY,Low redundancy. Independent signal sources.,intake_vs_baseline
q158_std_30h,wq101_alpha101,alpha158_rolling_price,wq101,False,0.08153,0.08153,0.023207,1280,LOW_REDUNDANCY,Low redundancy. Independent signal sources.,intake_vs_baseline
q158_std_30h,q158_low_close_4h,alpha158_rolling_price,alpha158_price,False,-0.080992,0.080992,0.029438,660713,LOW_REDUNDANCY,Low redundancy. Independent signal sources.,intake_vs_baseline
q158_max_30h,price_volume_corr_20h,alpha158_rolling_price,volume_price,False,0.080378,0.080378,0.222872,426,LOW_REDUNDANCY,Low redundancy. Independent signal sources.,intake_vs_baseline
q158_max_30h,vol_zscore_20h,alpha158_rolling_price,volume_liquidity,False,-0.076489,0.076489,-0.011267,659581,LOW_REDUNDANCY,Low redundancy. Independent signal sources.,intake_vs_baseline
q158_ma_30h,q158_rsqr_20h,alpha158_rolling_price,alpha158_rolling_regression,False,0.074893,0.074893,0.047452,661352,LOW_REDUNDANCY,Low redundancy. Independent signal sources.,intake_vs_baseline
q158_std_30h,q158_imxd_20h,alpha158_rolling_price,alpha158_rolling_position,False,0.074226,0.074226,0.033262,661352,LOW_REDUNDANCY,Low redundancy. Independent signal sources.,intake_vs_baseline
q158_min_30h,taker_buy_delta_5h,alpha158_rolling_price,taker_imbalance,False,-0.073186,0.073186,-0.026193,1184,LOW_REDUNDANCY,Low redundancy. Independent signal sources.,intake_vs_baseline
q158_std_30h,q158_kmid_range,alpha158_rolling_price,alpha158_kbar,False,0.073132,0.073132,0.029841,1280,LOW_REDUNDANCY,Low redundancy. Independent signal sources.,intake_vs_baseline
q158_std_30h,candle_body,alpha158_rolling_price,intraday_candle,False,0.073124,0.073124,0.029841,1280,LOW_REDUNDANCY,Low redundancy. Independent signal sources.,intake_vs_baseline
q158_max_30h,q158_min_10h,alpha158_rolling_price,alpha158_rolling_price,True,0.07303,0.07303,-0.071093,660926,LOW_REDUNDANCY,Low redundancy. Independent signal sources.,intake_vs_baseline
q158_std_30h,up_down_vol_ratio_20h,alpha158_rolling_price,alpha158_ohlcv,False,-0.069485,0.069485,-0.038363,659581,LOW_REDUNDANCY,Low redundancy. Independent signal sources.,intake_vs_baseline
q158_std_30h,tech_atr,alpha158_rolling_price,technical,False,0.067469,0.067469,-0.021319,661139,LOW_REDUNDANCY,Low redundancy. Independent signal sources.,intake_vs_baseline
q158_ma_30h,vol_ratio_5_20,alpha158_rolling_price,volatility,False,-0.067411,0.067411,-0.225896,426,LOW_REDUNDANCY,Low redundancy. Independent signal sources.,intake_vs_baseline
q158_ma_30h,q158_klow_range,alpha158_rolling_price,alpha158_kbar,False,-0.067033,0.067033,-0.078129,1280,LOW_REDUNDANCY,Low redundancy. Independent signal sources.,intake_vs_baseline
q158_ma_30h,candle_wick_lower,alpha158_rolling_price,intraday_candle,False,-0.067027,0.067027,-0.078169,1280,LOW_REDUNDANCY,Low redundancy. Independent signal sources.,intake_vs_baseline
q158_max_30h,q158_volume_ratio_4h,alpha158_rolling_price,alpha158_volume,False,0.066815,0.066815,0.000243,660713,LOW_REDUNDANCY,Low redundancy. Independent signal sources.,intake_vs_baseline
q158_max_30h,candle_wick_lower,alpha158_rolling_price,intraday_candle,False,0.066561,0.066561,0.037814,1280,LOW_REDUNDANCY,Low redundancy. Independent signal sources.,intake_vs_baseline
q158_max_30h,q158_klow_range,alpha158_rolling_price,alpha158_kbar,False,0.066516,0.066516,0.037748,1280,LOW_REDUNDANCY,Low redundancy. Independent signal sources.,intake_vs_baseline
q158_min_30h,funding_rate_level_20h,alpha158_rolling_price,funding_rate,False,0.06566,0.06566,-0.092917,412,LOW_REDUNDANCY,Low redundancy. Independent signal sources.,intake_vs_baseline
q158_std_30h,q158_ma_10h,alpha158_rolling_price,alpha158_rolling_price,True,0.065254,0.065254,0.223708,660926,LOW_REDUNDANCY,Low redundancy. Independent signal sources.,intake_vs_baseline
q158_max_30h,q158_cord_20h,alpha158_rolling_price,alpha158_rolling_volume_price,False,0.064358,0.064358,0.226529,426,LOW_REDUNDANCY,Low redundancy. Independent signal sources.,intake_vs_baseline
q158_ma_30h,trend_efficiency_24h,alpha158_rolling_price,trend_quality,False,0.063681,0.063681,0.004967,659797,LOW_REDUNDANCY,Low redundancy. Independent signal sources.,intake_vs_baseline
q158_std_30h,qvol_ma_ratio_5_20,alpha158_rolling_price,quote_volume_liquidity,False,-0.063274,0.063274,-0.002191,659581,LOW_REDUNDANCY,Low redundancy. Independent signal sources.,intake_vs_baseline
q158_min_30h,taker_buy_zscore_20h,alpha158_rolling_price,taker_imbalance,False,-0.063126,0.063126,-0.032973,267861,LOW_REDUNDANCY,Low redundancy. Independent signal sources.,intake_vs_baseline
q158_min_30h,wq101_alpha53,alpha158_rolling_price,wq101,False,0.062144,0.062144,-0.000272,660926,LOW_REDUNDANCY,Low redundancy. Independent signal sources.,intake_vs_baseline
q158_std_30h,q158_rank_close_20h,alpha158_rolling_price,alpha158_rolling,False,-0.061723,0.061723,-0.03429,661352,LOW_REDUNDANCY,Low redundancy. Independent signal sources.,intake_vs_baseline
q158_max_30h,vol_ret_corr_20h,alpha158_rolling_price,alpha158_ohlcv,False,0.061438,0.061438,0.234732,426,LOW_REDUNDANCY,Low redundancy. Independent signal sources.,intake_vs_baseline
q158_std_30h,q158_volume_ratio_4h,alpha158_rolling_price,alpha158_volume,False,0.060969,0.060969,-7.9e-05,660713,LOW_REDUNDANCY,Low redundancy. Independent signal sources.,intake_vs_baseline
q158_std_30h,ma_gap_20_80,alpha158_rolling_price,trend_ma,False,-0.060819,0.060819,-0.017494,656988,LOW_REDUNDANCY,Low redundancy. Independent signal sources.,intake_vs_baseline
q158_max_30h,volume_pressure_20h,alpha158_rolling_price,volume_price,False,0.060799,0.060799,-0.015346,428,LOW_REDUNDANCY,Low redundancy. Independent signal sources.,intake_vs_baseline
q158_ma_30h,q158_vma_20h,alpha158_rolling_price,alpha158_rolling_volume,False,0.060705,0.060705,0.001984,661352,LOW_REDUNDANCY,Low redundancy. Independent signal sources.,intake_vs_baseline
q158_std_30h,bb_zscore_20h,alpha158_rolling_price,technical,False,-0.059952,0.059952,-0.030441,659581,LOW_REDUNDANCY,Low redundancy. Independent signal sources.,intake_vs_baseline
q158_min_30h,tech_atr,alpha158_rolling_price,technical,False,-0.059947,0.059947,0.030284,661139,LOW_REDUNDANCY,Low redundancy. Independent signal sources.,intake_vs_baseline
q158_ma_30h,taker_buy_delta_5h,alpha158_rolling_price,taker_imbalance,False,-0.058425,0.058425,-0.019825,1184,LOW_REDUNDANCY,Low redundancy. Independent signal sources.,intake_vs_baseline
q158_min_30h,q158_vma_20h,alpha158_rolling_price,alpha158_rolling_volume,False,-0.057557,0.057557,0.001448,661352,LOW_REDUNDANCY,Low redundancy. Independent signal sources.,intake_vs_baseline
q158_min_30h,trend_efficiency_24h,alpha158_rolling_price,trend_quality,False,-0.056535,0.056535,-0.238782,659797,LOW_REDUNDANCY,Low redundancy. Independent signal sources.,intake_vs_baseline
q158_max_30h,amihud_illiquidity_20h,alpha158_rolling_price,liquidity,False,0.055715,0.055715,-0.022013,426,LOW_REDUNDANCY,Low redundancy. Independent signal sources.,intake_vs_baseline
q158_ma_30h,q158_vstd_20h,alpha158_rolling_price,alpha158_rolling_volume,False,0.054036,0.054036,0.001752,661352,LOW_REDUNDANCY,Low redundancy. Independent signal sources.,intake_vs_baseline
q158_max_30h,wq101_alpha53,alpha158_rolling_price,wq101,False,0.054034,0.054034,0.000114,660926,LOW_REDUNDANCY,Low redundancy. Independent signal sources.,intake_vs_baseline
q158_min_30h,a101_volume_high_alpha_min_84_84,alpha158_rolling_price,alpha101_curated_volume_price_regression,False,0.053099,0.053099,0.007242,321398,LOW_REDUNDANCY,Low redundancy. Independent signal sources.,intake_vs_baseline
q158_std_30h,qvol_zscore_20h,alpha158_rolling_price,quote_volume_liquidity,False,-0.052998,0.052998,-0.026261,659581,LOW_REDUNDANCY,Low redundancy. Independent signal sources.,intake_vs_baseline
q158_std_30h,tech_macd,alpha158_rolling_price,technical,False,0.052445,0.052445,0.000794,1280,LOW_REDUNDANCY,Low redundancy. Independent signal sources.,intake_vs_baseline
q158_std_30h,range_breakout_vol_confirm_20h,alpha158_rolling_price,breakout,False,-0.052368,0.052368,-0.014041,21579,LOW_REDUNDANCY,Low redundancy. Independent signal sources.,intake_vs_baseline
q158_min_30h,funding_rate_zscore_80h,alpha158_rolling_price,funding_rate,False,-0.051915,0.051915,0.008416,113084,LOW_REDUNDANCY,Low redundancy. Independent signal sources.,intake_vs_baseline
q158_ma_30h,vol_zscore_20h,alpha158_rolling_price,volume_liquidity,False,-0.051696,0.051696,-0.039087,659581,LOW_REDUNDANCY,Low redundancy. Independent signal sources.,intake_vs_baseline
q158_std_30h,q158_corr_20h,alpha158_rolling_price,alpha158_rolling_volume_price,False,0.051646,0.051646,0.014145,659581,LOW_REDUNDANCY,Low redundancy. Independent signal sources.,intake_vs_baseline
q158_std_30h,q158_close_close_4h,alpha158_rolling_price,alpha158_price,False,0.048986,0.048986,0.135306,660713,LOW_REDUNDANCY,Low redundancy. Independent signal sources.,intake_vs_baseline
q158_std_30h,vol_zscore_20h,alpha158_rolling_price,volume_liquidity,False,-0.048807,0.048807,-0.020753,659581,LOW_REDUNDANCY,Low redundancy. Independent signal sources.,intake_vs_baseline
q158_std_30h,price_pos_120h,alpha158_rolling_price,price_position,False,-0.048256,0.048256,-0.027925,653156,LOW_REDUNDANCY,Low redundancy. Independent signal sources.,intake_vs_baseline
q158_min_30h,range_breakout_vol_confirm_20h,alpha158_rolling_price,breakout,False,-0.047802,0.047802,-0.088646,21579,LOW_REDUNDANCY,Low redundancy. Independent signal sources.,intake_vs_baseline
q158_ma_30h,q158_std_10h,alpha158_rolling_price,alpha158_rolling_price,True,0.047633,0.047633,0.367239,660926,LOW_REDUNDANCY,Low redundancy. Independent signal sources.,intake_vs_baseline
q158_std_30h,q158_open_close_4h,alpha158_rolling_price,alpha158_price,False,0.045939,0.045939,0.164906,660713,LOW_REDUNDANCY,Low redundancy. Independent signal sources.,intake_vs_baseline
q158_std_30h,q158_ma_5h,alpha158_rolling_price,alpha158_rolling_price,True,0.045349,0.045349,0.112494,660713,LOW_REDUNDANCY,Low redundancy. Independent signal sources.,intake_vs_baseline
q158_ma_30h,q158_kup_open,alpha158_rolling_price,alpha158_kbar,False,-0.045049,0.045049,-0.199615,1280,LOW_REDUNDANCY,Low redundancy. Independent signal sources.,intake_vs_baseline
q158_max_30h,candle_wick_upper,alpha158_rolling_price,intraday_candle,False,0.043346,0.043346,-0.013342,1280,LOW_REDUNDANCY,Low redundancy. Independent signal sources.,intake_vs_baseline
q158_max_30h,q158_kup_range,alpha158_rolling_price,alpha158_kbar,False,0.043225,0.043225,-0.01343,1280,LOW_REDUNDANCY,Low redundancy. Independent signal sources.,intake_vs_baseline
q158_std_30h,taker_buy_ratio_20h,alpha158_rolling_price,taker_imbalance,False,-0.042659,0.042659,0.000798,267861,LOW_REDUNDANCY,Low redundancy. Independent signal sources.,intake_vs_baseline
q158_min_30h,q158_volume_ratio_4h,alpha158_rolling_price,alpha158_volume,False,-0.041941,0.041941,0.000512,660713,LOW_REDUNDANCY,Low redundancy. Independent signal sources.,intake_vs_baseline
q158_max_30h,taker_buy_zscore_20h,alpha158_rolling_price,taker_imbalance,False,-0.038833,0.038833,-0.009026,267861,LOW_REDUNDANCY,Low redundancy. Independent signal sources.,intake_vs_baseline
q158_ma_30h,ksft_5h,alpha158_rolling_price,alpha158_ohlcv,False,-0.038283,0.038283,-0.082464,1067,LOW_REDUNDANCY,Low redundancy. Independent signal sources.,intake_vs_baseline
q158_std_30h,q158_kup_open,alpha158_rolling_price,alpha158_kbar,False,0.037604,0.037604,0.195908,1280,LOW_REDUNDANCY,Low redundancy. Independent signal sources.,intake_vs_baseline
q158_std_30h,reversal_5h,alpha158_rolling_price,momentum,False,0.035592,0.035592,-0.123896,1067,LOW_REDUNDANCY,Low redundancy. Independent signal sources.,intake_vs_baseline
q158_std_30h,mom_5h,alpha158_rolling_price,momentum,False,-0.035592,0.035592,0.123896,1067,LOW_REDUNDANCY,Low redundancy. Independent signal sources.,intake_vs_baseline
q158_ma_30h,taker_buy_zscore_20h,alpha158_rolling_price,taker_imbalance,False,-0.034873,0.034873,-0.01837,267861,LOW_REDUNDANCY,Low redundancy. Independent signal sources.,intake_vs_baseline
q158_ma_30h,wq101_alpha53,alpha158_rolling_price,wq101,False,0.033505,0.033505,-2.4e-05,660926,LOW_REDUNDANCY,Low redundancy. Independent signal sources.,intake_vs_baseline
q158_ma_30h,q158_high_close_0h,alpha158_rolling_price,alpha158_price,False,0.033481,0.033481,-0.126196,1280,LOW_REDUNDANCY,Low redundancy. Independent signal sources.,intake_vs_baseline
q158_ma_30h,q158_volume_ratio_4h,alpha158_rolling_price,alpha158_volume,False,0.024473,0.024473,0.000336,660713,LOW_REDUNDANCY,Low redundancy. Independent signal sources.,intake_vs_baseline
q158_ma_30h,tech_atr,alpha158_rolling_price,technical,False,-0.022525,0.022525,-0.002969,661139,LOW_REDUNDANCY,Low redundancy. Independent signal sources.,intake_vs_baseline
q158_ma_30h,q158_std_5h,alpha158_rolling_price,alpha158_rolling_price,True,0.021687,0.021687,0.174642,660713,LOW_REDUNDANCY,Low redundancy. Independent signal sources.,intake_vs_baseline
q158_max_30h,q158_roc_20h,alpha158_rolling_price,alpha158_rolling_price,True,0.020929,0.020929,-0.106373,428,LOW_REDUNDANCY,Low redundancy. Independent signal sources.,intake_vs_baseline
q158_max_30h,mom_20h,alpha158_rolling_price,momentum,False,-0.020929,0.020929,0.145334,428,LOW_REDUNDANCY,Low redundancy. Independent signal sources.,intake_vs_baseline
q158_min_30h,vol_zscore_20h,alpha158_rolling_price,volume_liquidity,False,0.020775,0.020775,-0.024363,659581,LOW_REDUNDANCY,Low redundancy. Independent signal sources.,intake_vs_baseline
q158_min_30h,ksft_5h,alpha158_rolling_price,alpha158_ohlcv,False,0.020394,0.020394,-0.00583,1067,LOW_REDUNDANCY,Low redundancy. Independent signal sources.,intake_vs_baseline
q158_min_30h,q158_max_5h,alpha158_rolling_price,alpha158_rolling_price,True,0.019414,0.019414,-0.092269,660713,LOW_REDUNDANCY,Low redundancy. Independent signal sources.,intake_vs_baseline
q158_ma_30h,a101_volume_xs_z_mean_neg_112h,alpha158_rolling_price,alpha101_curated_volume_crowding,False,-0.019361,0.019361,-0.000167,323346,LOW_REDUNDANCY,Low redundancy. Independent signal sources.,intake_vs_baseline
q158_std_30h,q158_resi_20h,alpha158_rolling_price,alpha158_rolling_regression,False,0.018391,0.018391,0.229928,661352,LOW_REDUNDANCY,Low redundancy. Independent signal sources.,intake_vs_baseline
q158_std_30h,taker_buy_zscore_20h,alpha158_rolling_price,taker_imbalance,False,0.015315,0.015315,0.004492,267861,LOW_REDUNDANCY,Low redundancy. Independent signal sources.,intake_vs_baseline
q158_std_30h,q158_imin_20h,alpha158_rolling_price,alpha158_rolling_position,False,0.014718,0.014718,0.004559,661352,LOW_REDUNDANCY,Low redundancy. Independent signal sources.,intake_vs_baseline
q158_min_30h,q158_rsqr_20h,alpha158_rolling_price,alpha158_rolling_regression,False,-0.013426,0.013426,-0.086892,661352,LOW_REDUNDANCY,Low redundancy. Independent signal sources.,intake_vs_baseline
q158_max_30h,tech_atr,alpha158_rolling_price,technical,False,0.013038,0.013038,-0.010147,661139,LOW_REDUNDANCY,Low redundancy. Independent signal sources.,intake_vs_baseline
q158_min_30h,qvol_ma_ratio_5_20,alpha158_rolling_price,quote_volume_liquidity,False,-0.010439,0.010439,-0.115587,659581,LOW_REDUNDANCY,Low redundancy. Independent signal sources.,intake_vs_baseline
q158_std_30h,wq101_alpha53,alpha158_rolling_price,wq101,False,-0.010407,0.010407,0.000223,660926,LOW_REDUNDANCY,Low redundancy. Independent signal sources.,intake_vs_baseline
q158_max_30h,funding_rate_level_20h,alpha158_rolling_price,funding_rate,False,0.009649,0.009649,0.12313,412,LOW_REDUNDANCY,Low redundancy. Independent signal sources.,intake_vs_baseline
q158_ma_30h,a101_volume_low_alpha_min_84_120,alpha158_rolling_price,alpha101_curated_volume_price_regression,False,0.00961,0.00961,0.000408,329792,LOW_REDUNDANCY,Low redundancy. Independent signal sources.,intake_vs_baseline
q158_ma_30h,xs_rank_mom_accel,alpha158_rolling_price,cross_sectional_normalized,False,-0.009467,0.009467,-0.072938,214,LOW_REDUNDANCY,Low redundancy. Independent signal sources.,intake_vs_baseline
q158_ma_30h,mom_accel_20h,alpha158_rolling_price,momentum,False,-0.009467,0.009467,-0.385416,214,LOW_REDUNDANCY,Low redundancy. Independent signal sources.,intake_vs_baseline
q158_ma_30h,a101_vol_xs_z_product_112h,alpha158_rolling_price,alpha101_curated_volume_regime,False,-0.009421,0.009421,0.001684,323346,LOW_REDUNDANCY,Low redundancy. Independent signal sources.,intake_vs_baseline
q158_std_30h,funding_rate_level_20h,alpha158_rolling_price,funding_rate,False,-0.007827,0.007827,0.149234,412,LOW_REDUNDANCY,Low redundancy. Independent signal sources.,intake_vs_baseline
q158_ma_30h,vol_of_vol_20h,alpha158_rolling_price,realized_skew_kurtosis,False,0.007073,0.007073,0.053137,661566,LOW_REDUNDANCY,Low redundancy. Independent signal sources.,intake_vs_baseline
q158_max_30h,q158_min_5h,alpha158_rolling_price,alpha158_rolling_price,True,-0.006204,0.006204,-0.077421,660713,LOW_REDUNDANCY,Low redundancy. Independent signal sources.,intake_vs_baseline
q158_std_30h,taker_buy_delta_5h,alpha158_rolling_price,taker_imbalance,False,-0.00339,0.00339,-0.01721,1184,LOW_REDUNDANCY,Low redundancy. Independent signal sources.,intake_vs_baseline
q158_ma_30h,downside_vol_20h,alpha158_rolling_price,realized_skew_kurtosis,False,0.003361,0.003361,-0.12938,428,LOW_REDUNDANCY,Low redundancy. Independent signal sources.,intake_vs_baseline
q158_min_30h,qvol_zscore_20h,alpha158_rolling_price,quote_volume_liquidity,False,-0.003254,0.003254,-0.045493,659581,LOW_REDUNDANCY,Low redundancy. Independent signal sources.,intake_vs_baseline
q158_ma_30h,a101_volume_high_alpha_min_84_84,alpha158_rolling_price,alpha101_curated_volume_price_regression,False,0.002919,0.002919,0.002999,321398,LOW_REDUNDANCY,Low redundancy. Independent signal sources.,intake_vs_baseline
q158_max_30h,q158_low_close_0h,alpha158_rolling_price,alpha158_price,False,0.002795,0.002795,-0.341968,1280,LOW_REDUNDANCY,Low redundancy. Independent signal sources.,intake_vs_baseline
q158_max_30h,ksft_5h,alpha158_rolling_price,alpha158_ohlcv,False,0.000503,0.000503,-0.01694,1067,LOW_REDUNDANCY,Low redundancy. Independent signal sources.,intake_vs_baseline
q158_ma_30h,xs_rank_vol,alpha158_rolling_price,cross_sectional_normalized,False,-0.000462,0.000462,-0.000404,661352,LOW_REDUNDANCY,Low redundancy. Independent signal sources.,intake_vs_baseline
q158_ma_30h,wq101_alpha12,alpha158_rolling_price,wq101,False,,,,0,INSUFFICIENT_DATA,Insufficient pairwise observations.,intake_vs_baseline
q158_std_30h,wq101_alpha12,alpha158_rolling_price,wq101,False,,,,0,INSUFFICIENT_DATA,Insufficient pairwise observations.,intake_vs_baseline
q158_max_30h,wq101_alpha12,alpha158_rolling_price,wq101,False,,,,0,INSUFFICIENT_DATA,Insufficient pairwise observations.,intake_vs_baseline
q158_min_30h,wq101_alpha12,alpha158_rolling_price,wq101,False,,,,0,INSUFFICIENT_DATA,Insufficient pairwise observations.,intake_vs_baseline
q158_ma_30h,q158_open_close_1h,alpha158_rolling_price,alpha158_price,False,,,,0,INSUFFICIENT_DATA,Insufficient pairwise observations.,intake_vs_baseline
q158_std_30h,q158_open_close_1h,alpha158_rolling_price,alpha158_price,False,,,,0,INSUFFICIENT_DATA,Insufficient pairwise observations.,intake_vs_baseline
q158_max_30h,q158_open_close_1h,alpha158_rolling_price,alpha158_price,False,,,,0,INSUFFICIENT_DATA,Insufficient pairwise observations.,intake_vs_baseline
q158_min_30h,q158_open_close_1h,alpha158_rolling_price,alpha158_price,False,,,,0,INSUFFICIENT_DATA,Insufficient pairwise observations.,intake_vs_baseline
q158_ma_30h,q158_high_close_1h,alpha158_rolling_price,alpha158_price,False,,,,0,INSUFFICIENT_DATA,Insufficient pairwise observations.,intake_vs_baseline
q158_std_30h,q158_high_close_1h,alpha158_rolling_price,alpha158_price,False,,,,0,INSUFFICIENT_DATA,Insufficient pairwise observations.,intake_vs_baseline
q158_max_30h,q158_high_close_1h,alpha158_rolling_price,alpha158_price,False,,,,0,INSUFFICIENT_DATA,Insufficient pairwise observations.,intake_vs_baseline
q158_min_30h,q158_high_close_1h,alpha158_rolling_price,alpha158_price,False,,,,0,INSUFFICIENT_DATA,Insufficient pairwise observations.,intake_vs_baseline
q158_ma_30h,q158_low_close_1h,alpha158_rolling_price,alpha158_price,False,,,,0,INSUFFICIENT_DATA,Insufficient pairwise observations.,intake_vs_baseline
q158_std_30h,q158_low_close_1h,alpha158_rolling_price,alpha158_price,False,,,,0,INSUFFICIENT_DATA,Insufficient pairwise observations.,intake_vs_baseline
q158_max_30h,q158_low_close_1h,alpha158_rolling_price,alpha158_price,False,,,,0,INSUFFICIENT_DATA,Insufficient pairwise observations.,intake_vs_baseline
q158_min_30h,q158_low_close_1h,alpha158_rolling_price,alpha158_price,False,,,,0,INSUFFICIENT_DATA,Insufficient pairwise observations.,intake_vs_baseline
q158_ma_30h,q158_open_close_2h,alpha158_rolling_price,alpha158_price,False,,,,0,INSUFFICIENT_DATA,Insufficient pairwise observations.,intake_vs_baseline
q158_std_30h,q158_open_close_2h,alpha158_rolling_price,alpha158_price,False,,,,0,INSUFFICIENT_DATA,Insufficient pairwise observations.,intake_vs_baseline
q158_max_30h,q158_open_close_2h,alpha158_rolling_price,alpha158_price,False,,,,0,INSUFFICIENT_DATA,Insufficient pairwise observations.,intake_vs_baseline
q158_min_30h,q158_open_close_2h,alpha158_rolling_price,alpha158_price,False,,,,0,INSUFFICIENT_DATA,Insufficient pairwise observations.,intake_vs_baseline
q158_ma_30h,q158_high_close_2h,alpha158_rolling_price,alpha158_price,False,,,,0,INSUFFICIENT_DATA,Insufficient pairwise observations.,intake_vs_baseline
q158_std_30h,q158_high_close_2h,alpha158_rolling_price,alpha158_price,False,,,,0,INSUFFICIENT_DATA,Insufficient pairwise observations.,intake_vs_baseline
q158_max_30h,q158_high_close_2h,alpha158_rolling_price,alpha158_price,False,,,,0,INSUFFICIENT_DATA,Insufficient pairwise observations.,intake_vs_baseline
q158_min_30h,q158_high_close_2h,alpha158_rolling_price,alpha158_price,False,,,,0,INSUFFICIENT_DATA,Insufficient pairwise observations.,intake_vs_baseline
q158_ma_30h,q158_low_close_2h,alpha158_rolling_price,alpha158_price,False,,,,0,INSUFFICIENT_DATA,Insufficient pairwise observations.,intake_vs_baseline
q158_std_30h,q158_low_close_2h,alpha158_rolling_price,alpha158_price,False,,,,0,INSUFFICIENT_DATA,Insufficient pairwise observations.,intake_vs_baseline
q158_max_30h,q158_low_close_2h,alpha158_rolling_price,alpha158_price,False,,,,0,INSUFFICIENT_DATA,Insufficient pairwise observations.,intake_vs_baseline
q158_min_30h,q158_low_close_2h,alpha158_rolling_price,alpha158_price,False,,,,0,INSUFFICIENT_DATA,Insufficient pairwise observations.,intake_vs_baseline
q158_ma_30h,q158_open_close_3h,alpha158_rolling_price,alpha158_price,False,,,,0,INSUFFICIENT_DATA,Insufficient pairwise observations.,intake_vs_baseline
q158_std_30h,q158_open_close_3h,alpha158_rolling_price,alpha158_price,False,,,,0,INSUFFICIENT_DATA,Insufficient pairwise observations.,intake_vs_baseline
q158_max_30h,q158_open_close_3h,alpha158_rolling_price,alpha158_price,False,,,,0,INSUFFICIENT_DATA,Insufficient pairwise observations.,intake_vs_baseline
q158_min_30h,q158_open_close_3h,alpha158_rolling_price,alpha158_price,False,,,,0,INSUFFICIENT_DATA,Insufficient pairwise observations.,intake_vs_baseline
q158_ma_30h,q158_high_close_3h,alpha158_rolling_price,alpha158_price,False,,,,0,INSUFFICIENT_DATA,Insufficient pairwise observations.,intake_vs_baseline
q158_std_30h,q158_high_close_3h,alpha158_rolling_price,alpha158_price,False,,,,0,INSUFFICIENT_DATA,Insufficient pairwise observations.,intake_vs_baseline
q158_max_30h,q158_high_close_3h,alpha158_rolling_price,alpha158_price,False,,,,0,INSUFFICIENT_DATA,Insufficient pairwise observations.,intake_vs_baseline
q158_min_30h,q158_high_close_3h,alpha158_rolling_price,alpha158_price,False,,,,0,INSUFFICIENT_DATA,Insufficient pairwise observations.,intake_vs_baseline
q158_ma_30h,q158_low_close_3h,alpha158_rolling_price,alpha158_price,False,,,,0,INSUFFICIENT_DATA,Insufficient pairwise observations.,intake_vs_baseline
q158_std_30h,q158_low_close_3h,alpha158_rolling_price,alpha158_price,False,,,,0,INSUFFICIENT_DATA,Insufficient pairwise observations.,intake_vs_baseline
q158_max_30h,q158_low_close_3h,alpha158_rolling_price,alpha158_price,False,,,,0,INSUFFICIENT_DATA,Insufficient pairwise observations.,intake_vs_baseline
q158_min_30h,q158_low_close_3h,alpha158_rolling_price,alpha158_price,False,,,,0,INSUFFICIENT_DATA,Insufficient pairwise observations.,intake_vs_baseline
q158_ma_30h,q158_volume_ratio_1h,alpha158_rolling_price,alpha158_volume,False,,,,0,INSUFFICIENT_DATA,Insufficient pairwise observations.,intake_vs_baseline
q158_std_30h,q158_volume_ratio_1h,alpha158_rolling_price,alpha158_volume,False,,,,0,INSUFFICIENT_DATA,Insufficient pairwise observations.,intake_vs_baseline
q158_max_30h,q158_volume_ratio_1h,alpha158_rolling_price,alpha158_volume,False,,,,0,INSUFFICIENT_DATA,Insufficient pairwise observations.,intake_vs_baseline
q158_min_30h,q158_volume_ratio_1h,alpha158_rolling_price,alpha158_volume,False,,,,0,INSUFFICIENT_DATA,Insufficient pairwise observations.,intake_vs_baseline
q158_ma_30h,q158_volume_ratio_2h,alpha158_rolling_price,alpha158_volume,False,,,,0,INSUFFICIENT_DATA,Insufficient pairwise observations.,intake_vs_baseline
q158_std_30h,q158_volume_ratio_2h,alpha158_rolling_price,alpha158_volume,False,,,,0,INSUFFICIENT_DATA,Insufficient pairwise observations.,intake_vs_baseline
q158_max_30h,q158_volume_ratio_2h,alpha158_rolling_price,alpha158_volume,False,,,,0,INSUFFICIENT_DATA,Insufficient pairwise observations.,intake_vs_baseline
q158_min_30h,q158_volume_ratio_2h,alpha158_rolling_price,alpha158_volume,False,,,,0,INSUFFICIENT_DATA,Insufficient pairwise observations.,intake_vs_baseline
q158_ma_30h,q158_volume_ratio_3h,alpha158_rolling_price,alpha158_volume,False,,,,0,INSUFFICIENT_DATA,Insufficient pairwise observations.,intake_vs_baseline
q158_std_30h,q158_volume_ratio_3h,alpha158_rolling_price,alpha158_volume,False,,,,0,INSUFFICIENT_DATA,Insufficient pairwise observations.,intake_vs_baseline
q158_max_30h,q158_volume_ratio_3h,alpha158_rolling_price,alpha158_volume,False,,,,0,INSUFFICIENT_DATA,Insufficient pairwise observations.,intake_vs_baseline
q158_min_30h,q158_volume_ratio_3h,alpha158_rolling_price,alpha158_volume,False,,,,0,INSUFFICIENT_DATA,Insufficient pairwise observations.,intake_vs_baseline
q158_ma_30h,mom_40h,alpha158_rolling_price,momentum,False,,,,0,INSUFFICIENT_DATA,Insufficient pairwise observations.,intake_vs_baseline
q158_std_30h,mom_40h,alpha158_rolling_price,momentum,False,,,,0,INSUFFICIENT_DATA,Insufficient pairwise observations.,intake_vs_baseline
q158_max_30h,mom_40h,alpha158_rolling_price,momentum,False,,,,0,INSUFFICIENT_DATA,Insufficient pairwise observations.,intake_vs_baseline
q158_min_30h,mom_40h,alpha158_rolling_price,momentum,False,,,,0,INSUFFICIENT_DATA,Insufficient pairwise observations.,intake_vs_baseline
q158_ma_30h,rev_3h,alpha158_rolling_price,reversal,False,,,,0,INSUFFICIENT_DATA,Insufficient pairwise observations.,intake_vs_baseline
q158_std_30h,rev_3h,alpha158_rolling_price,reversal,False,,,,0,INSUFFICIENT_DATA,Insufficient pairwise observations.,intake_vs_baseline
q158_max_30h,rev_3h,alpha158_rolling_price,reversal,False,,,,0,INSUFFICIENT_DATA,Insufficient pairwise observations.,intake_vs_baseline
q158_min_30h,rev_3h,alpha158_rolling_price,reversal,False,,,,0,INSUFFICIENT_DATA,Insufficient pairwise observations.,intake_vs_baseline
q158_ma_30h,vol_40h,alpha158_rolling_price,volatility,False,,,,0,INSUFFICIENT_DATA,Insufficient pairwise observations.,intake_vs_baseline
q158_std_30h,vol_40h,alpha158_rolling_price,volatility,False,,,,0,INSUFFICIENT_DATA,Insufficient pairwise observations.,intake_vs_baseline
q158_max_30h,vol_40h,alpha158_rolling_price,volatility,False,,,,0,INSUFFICIENT_DATA,Insufficient pairwise observations.,intake_vs_baseline
q158_min_30h,vol_40h,alpha158_rolling_price,volatility,False,,,,0,INSUFFICIENT_DATA,Insufficient pairwise observations.,intake_vs_baseline
q158_ma_30h,range_4h,alpha158_rolling_price,range_position,False,,,,0,INSUFFICIENT_DATA,Insufficient pairwise observations.,intake_vs_baseline
q158_std_30h,range_4h,alpha158_rolling_price,range_position,False,,,,0,INSUFFICIENT_DATA,Insufficient pairwise observations.,intake_vs_baseline
q158_max_30h,range_4h,alpha158_rolling_price,range_position,False,,,,0,INSUFFICIENT_DATA,Insufficient pairwise observations.,intake_vs_baseline
q158_min_30h,range_4h,alpha158_rolling_price,range_position,False,,,,0,INSUFFICIENT_DATA,Insufficient pairwise observations.,intake_vs_baseline
q158_ma_30h,range_24h,alpha158_rolling_price,range_position,False,,,,0,INSUFFICIENT_DATA,Insufficient pairwise observations.,intake_vs_baseline
q158_std_30h,range_24h,alpha158_rolling_price,range_position,False,,,,0,INSUFFICIENT_DATA,Insufficient pairwise observations.,intake_vs_baseline
q158_max_30h,range_24h,alpha158_rolling_price,range_position,False,,,,0,INSUFFICIENT_DATA,Insufficient pairwise observations.,intake_vs_baseline
q158_min_30h,range_24h,alpha158_rolling_price,range_position,False,,,,0,INSUFFICIENT_DATA,Insufficient pairwise observations.,intake_vs_baseline
q158_ma_30h,price_pos_24h,alpha158_rolling_price,price_position,False,,,,0,INSUFFICIENT_DATA,Insufficient pairwise observations.,intake_vs_baseline
q158_std_30h,price_pos_24h,alpha158_rolling_price,price_position,False,,,,0,INSUFFICIENT_DATA,Insufficient pairwise observations.,intake_vs_baseline
q158_max_30h,price_pos_24h,alpha158_rolling_price,price_position,False,,,,0,INSUFFICIENT_DATA,Insufficient pairwise observations.,intake_vs_baseline
q158_min_30h,price_pos_24h,alpha158_rolling_price,price_position,False,,,,0,INSUFFICIENT_DATA,Insufficient pairwise observations.,intake_vs_baseline
q158_ma_30h,vol_zscore_48h,alpha158_rolling_price,volume_liquidity,False,,,,0,INSUFFICIENT_DATA,Insufficient pairwise observations.,intake_vs_baseline
q158_std_30h,vol_zscore_48h,alpha158_rolling_price,volume_liquidity,False,,,,0,INSUFFICIENT_DATA,Insufficient pairwise observations.,intake_vs_baseline
q158_max_30h,vol_zscore_48h,alpha158_rolling_price,volume_liquidity,False,,,,0,INSUFFICIENT_DATA,Insufficient pairwise observations.,intake_vs_baseline
q158_min_30h,vol_zscore_48h,alpha158_rolling_price,volume_liquidity,False,,,,0,INSUFFICIENT_DATA,Insufficient pairwise observations.,intake_vs_baseline
q158_ma_30h,qvol_zscore_48h,alpha158_rolling_price,quote_volume_liquidity,False,,,,0,INSUFFICIENT_DATA,Insufficient pairwise observations.,intake_vs_baseline
q158_std_30h,qvol_zscore_48h,alpha158_rolling_price,quote_volume_liquidity,False,,,,0,INSUFFICIENT_DATA,Insufficient pairwise observations.,intake_vs_baseline
q158_max_30h,qvol_zscore_48h,alpha158_rolling_price,quote_volume_liquidity,False,,,,0,INSUFFICIENT_DATA,Insufficient pairwise observations.,intake_vs_baseline
q158_min_30h,qvol_zscore_48h,alpha158_rolling_price,quote_volume_liquidity,False,,,,0,INSUFFICIENT_DATA,Insufficient pairwise observations.,intake_vs_baseline
q158_ma_30h,breakout_dist_48h,alpha158_rolling_price,breakout,False,,,,0,INSUFFICIENT_DATA,Insufficient pairwise observations.,intake_vs_baseline
q158_std_30h,breakout_dist_48h,alpha158_rolling_price,breakout,False,,,,0,INSUFFICIENT_DATA,Insufficient pairwise observations.,intake_vs_baseline
q158_max_30h,breakout_dist_48h,alpha158_rolling_price,breakout,False,,,,0,INSUFFICIENT_DATA,Insufficient pairwise observations.,intake_vs_baseline
q158_min_30h,breakout_dist_48h,alpha158_rolling_price,breakout,False,,,,0,INSUFFICIENT_DATA,Insufficient pairwise observations.,intake_vs_baseline
q158_ma_30h,xs_rank_ret_1h,alpha158_rolling_price,cross_sectional_normalized,False,,,,0,INSUFFICIENT_DATA,Insufficient pairwise observations.,intake_vs_baseline
q158_std_30h,xs_rank_ret_1h,alpha158_rolling_price,cross_sectional_normalized,False,,,,0,INSUFFICIENT_DATA,Insufficient pairwise observations.,intake_vs_baseline
q158_max_30h,xs_rank_ret_1h,alpha158_rolling_price,cross_sectional_normalized,False,,,,0,INSUFFICIENT_DATA,Insufficient pairwise observations.,intake_vs_baseline
q158_min_30h,xs_rank_ret_1h,alpha158_rolling_price,cross_sectional_normalized,False,,,,0,INSUFFICIENT_DATA,Insufficient pairwise observations.,intake_vs_baseline
q158_ma_30h,rsi_7h,alpha158_rolling_price,technical_indicators,False,,,,0,INSUFFICIENT_DATA,Insufficient pairwise observations.,intake_vs_baseline
q158_std_30h,rsi_7h,alpha158_rolling_price,technical_indicators,False,,,,0,INSUFFICIENT_DATA,Insufficient pairwise observations.,intake_vs_baseline
q158_max_30h,rsi_7h,alpha158_rolling_price,technical_indicators,False,,,,0,INSUFFICIENT_DATA,Insufficient pairwise observations.,intake_vs_baseline
q158_min_30h,rsi_7h,alpha158_rolling_price,technical_indicators,False,,,,0,INSUFFICIENT_DATA,Insufficient pairwise observations.,intake_vs_baseline
q158_ma_30h,rsi_28h,alpha158_rolling_price,technical_indicators,False,,,,0,INSUFFICIENT_DATA,Insufficient pairwise observations.,intake_vs_baseline
q158_std_30h,rsi_28h,alpha158_rolling_price,technical_indicators,False,,,,0,INSUFFICIENT_DATA,Insufficient pairwise observations.,intake_vs_baseline
q158_max_30h,rsi_28h,alpha158_rolling_price,technical_indicators,False,,,,0,INSUFFICIENT_DATA,Insufficient pairwise observations.,intake_vs_baseline
q158_min_30h,rsi_28h,alpha158_rolling_price,technical_indicators,False,,,,0,INSUFFICIENT_DATA,Insufficient pairwise observations.,intake_vs_baseline
q158_ma_30h,williams_r_14h,alpha158_rolling_price,technical_indicators,False,,,,0,INSUFFICIENT_DATA,Insufficient pairwise observations.,intake_vs_baseline
q158_std_30h,williams_r_14h,alpha158_rolling_price,technical_indicators,False,,,,0,INSUFFICIENT_DATA,Insufficient pairwise observations.,intake_vs_baseline
q158_max_30h,williams_r_14h,alpha158_rolling_price,technical_indicators,False,,,,0,INSUFFICIENT_DATA,Insufficient pairwise observations.,intake_vs_baseline
q158_min_30h,williams_r_14h,alpha158_rolling_price,technical_indicators,False,,,,0,INSUFFICIENT_DATA,Insufficient pairwise observations.,intake_vs_baseline
q158_ma_30h,mom_72h,alpha158_rolling_price,momentum,False,,,,0,INSUFFICIENT_DATA,Insufficient pairwise observations.,intake_vs_baseline
q158_std_30h,mom_72h,alpha158_rolling_price,momentum,False,,,,0,INSUFFICIENT_DATA,Insufficient pairwise observations.,intake_vs_baseline
q158_max_30h,mom_72h,alpha158_rolling_price,momentum,False,,,,0,INSUFFICIENT_DATA,Insufficient pairwise observations.,intake_vs_baseline
q158_min_30h,mom_72h,alpha158_rolling_price,momentum,False,,,,0,INSUFFICIENT_DATA,Insufficient pairwise observations.,intake_vs_baseline
q158_ma_30h,mom_120h,alpha158_rolling_price,momentum,False,,,,0,INSUFFICIENT_DATA,Insufficient pairwise observations.,intake_vs_baseline
q158_std_30h,mom_120h,alpha158_rolling_price,momentum,False,,,,0,INSUFFICIENT_DATA,Insufficient pairwise observations.,intake_vs_baseline
q158_max_30h,mom_120h,alpha158_rolling_price,momentum,False,,,,0,INSUFFICIENT_DATA,Insufficient pairwise observations.,intake_vs_baseline
q158_min_30h,mom_120h,alpha158_rolling_price,momentum,False,,,,0,INSUFFICIENT_DATA,Insufficient pairwise observations.,intake_vs_baseline
q158_ma_30h,rev_1h,alpha158_rolling_price,reversal,False,,,,0,INSUFFICIENT_DATA,Insufficient pairwise observations.,intake_vs_baseline
q158_std_30h,rev_1h,alpha158_rolling_price,reversal,False,,,,0,INSUFFICIENT_DATA,Insufficient pairwise observations.,intake_vs_baseline
q158_max_30h,rev_1h,alpha158_rolling_price,reversal,False,,,,0,INSUFFICIENT_DATA,Insufficient pairwise observations.,intake_vs_baseline
q158_min_30h,rev_1h,alpha158_rolling_price,reversal,False,,,,0,INSUFFICIENT_DATA,Insufficient pairwise observations.,intake_vs_baseline
q158_ma_30h,rev_72h,alpha158_rolling_price,reversal,False,,,,0,INSUFFICIENT_DATA,Insufficient pairwise observations.,intake_vs_baseline
q158_std_30h,rev_72h,alpha158_rolling_price,reversal,False,,,,0,INSUFFICIENT_DATA,Insufficient pairwise observations.,intake_vs_baseline
q158_max_30h,rev_72h,alpha158_rolling_price,reversal,False,,,,0,INSUFFICIENT_DATA,Insufficient pairwise observations.,intake_vs_baseline
q158_min_30h,rev_72h,alpha158_rolling_price,reversal,False,,,,0,INSUFFICIENT_DATA,Insufficient pairwise observations.,intake_vs_baseline
q158_ma_30h,vol_ratio_20_80,alpha158_rolling_price,volatility,False,,,,0,INSUFFICIENT_DATA,Insufficient pairwise observations.,intake_vs_baseline
q158_std_30h,vol_ratio_20_80,alpha158_rolling_price,volatility,False,,,,0,INSUFFICIENT_DATA,Insufficient pairwise observations.,intake_vs_baseline
q158_max_30h,vol_ratio_20_80,alpha158_rolling_price,volatility,False,,,,0,INSUFFICIENT_DATA,Insufficient pairwise observations.,intake_vs_baseline
q158_min_30h,vol_ratio_20_80,alpha158_rolling_price,volatility,False,,,,0,INSUFFICIENT_DATA,Insufficient pairwise observations.,intake_vs_baseline
q158_ma_30h,rev_2h,alpha158_rolling_price,reversal,False,,,,0,INSUFFICIENT_DATA,Insufficient pairwise observations.,intake_vs_baseline
q158_std_30h,rev_2h,alpha158_rolling_price,reversal,False,,,,0,INSUFFICIENT_DATA,Insufficient pairwise observations.,intake_vs_baseline
q158_max_30h,rev_2h,alpha158_rolling_price,reversal,False,,,,0,INSUFFICIENT_DATA,Insufficient pairwise observations.,intake_vs_baseline
q158_min_30h,rev_2h,alpha158_rolling_price,reversal,False,,,,0,INSUFFICIENT_DATA,Insufficient pairwise observations.,intake_vs_baseline
q158_ma_30h,a101_volume_cap_alpha_min_80_80,alpha158_rolling_price,alpha101_curated_volume_cap_regression,False,,,,0,INSUFFICIENT_DATA,Insufficient pairwise observations.,intake_vs_baseline
q158_std_30h,a101_volume_cap_alpha_min_80_80,alpha158_rolling_price,alpha101_curated_volume_cap_regression,False,,,,0,INSUFFICIENT_DATA,Insufficient pairwise observations.,intake_vs_baseline
q158_max_30h,a101_volume_cap_alpha_min_80_80,alpha158_rolling_price,alpha101_curated_volume_cap_regression,False,,,,0,INSUFFICIENT_DATA,Insufficient pairwise observations.,intake_vs_baseline
q158_min_30h,a101_volume_cap_alpha_min_80_80,alpha158_rolling_price,alpha101_curated_volume_cap_regression,False,,,,0,INSUFFICIENT_DATA,Insufficient pairwise observations.,intake_vs_baseline
q158_ma_30h,a101_volume_cap_alpha_min_56_84,alpha158_rolling_price,alpha101_curated_volume_cap_regression,False,,,,0,INSUFFICIENT_DATA,Insufficient pairwise observations.,intake_vs_baseline
q158_std_30h,a101_volume_cap_alpha_min_56_84,alpha158_rolling_price,alpha101_curated_volume_cap_regression,False,,,,0,INSUFFICIENT_DATA,Insufficient pairwise observations.,intake_vs_baseline
q158_max_30h,a101_volume_cap_alpha_min_56_84,alpha158_rolling_price,alpha101_curated_volume_cap_regression,False,,,,0,INSUFFICIENT_DATA,Insufficient pairwise observations.,intake_vs_baseline
q158_min_30h,a101_volume_cap_alpha_min_56_84,alpha158_rolling_price,alpha101_curated_volume_cap_regression,False,,,,0,INSUFFICIENT_DATA,Insufficient pairwise observations.,intake_vs_baseline
