factor_i,factor_j,family_i,family_j,same_family,spearman_corr,abs_spearman_corr,pearson_corr,n_pairwise_obs,redundancy_level,recommendation,pair_type
q158_beta_20h,ma_gap_5_20,alpha158_rolling_regression,trend_ma,False,0.923013,0.923013,0.737556,662312,HIGH_REDUNDANCY,REDUNDANT_WITH_EXISTING. High correlation with existing library factor.,intake_vs_baseline
q158_beta_20h,ema_12_26_gap,alpha158_rolling_regression,technical_indicators,False,0.872293,0.872293,0.822542,854,HIGH_REDUNDANCY,REDUNDANT_WITH_EXISTING. High correlation with existing library factor.,intake_vs_baseline
q158_imin_20h,q158_imxd_20h,alpha158_rolling_position,alpha158_rolling_position,True,-0.842931,0.842931,-0.853515,662312,MODERATE_REDUNDANCY,Monitor. May provide diversification if combined carefully.,intake_vs_intake
q158_imax_20h,q158_imxd_20h,alpha158_rolling_position,alpha158_rolling_position,True,0.839894,0.839894,0.854845,662312,MODERATE_REDUNDANCY,Monitor. May provide diversification if combined carefully.,intake_vs_intake
q158_beta_20h,q158_imxd_20h,alpha158_rolling_regression,alpha158_rolling_position,False,-0.833204,0.833204,-0.438075,662312,MODERATE_REDUNDANCY,Monitor. May provide diversification if combined carefully.,intake_vs_intake
q158_resi_20h,mom_5h,alpha158_rolling_regression,momentum,False,0.82263,0.82263,0.767199,641,MODERATE_REDUNDANCY,Monitor. May provide diversification if combined carefully.,intake_vs_baseline
q158_resi_20h,reversal_5h,alpha158_rolling_regression,momentum,False,-0.82263,0.82263,-0.767199,641,MODERATE_REDUNDANCY,Monitor. May provide diversification if combined carefully.,intake_vs_baseline
q158_beta_20h,ma_gap_10_40,alpha158_rolling_regression,trend_ma,False,0.783873,0.783873,0.632207,660394,MODERATE_REDUNDANCY,Monitor. May provide diversification if combined carefully.,intake_vs_baseline
q158_beta_20h,rev_24h,alpha158_rolling_regression,reversal,False,-0.783264,0.783264,-0.573037,661832,MODERATE_REDUNDANCY,Monitor. May provide diversification if combined carefully.,intake_vs_baseline
q158_imxd_20h,ma_gap_5_20,alpha158_rolling_position,trend_ma,False,-0.779326,0.779326,-0.576722,662312,MODERATE_REDUNDANCY,Monitor. May provide diversification if combined carefully.,intake_vs_baseline
q158_beta_20h,rsi_14h,alpha158_rolling_regression,technical,False,0.77254,0.77254,0.463406,662098,MODERATE_REDUNDANCY,Monitor. May provide diversification if combined carefully.,intake_vs_baseline
q158_beta_20h,q158_qtlu_20h,alpha158_rolling_regression,alpha158_rolling,False,-0.737623,0.737623,-0.866006,662312,MODERATE_REDUNDANCY,Monitor. May provide diversification if combined carefully.,intake_vs_baseline
q158_imxd_20h,ema_12_26_gap,alpha158_rolling_position,technical_indicators,False,-0.737528,0.737528,-0.530331,854,MODERATE_REDUNDANCY,Monitor. May provide diversification if combined carefully.,intake_vs_baseline
q158_beta_20h,vwap_dev_20h,alpha158_rolling_regression,alpha158_ohlcv,False,0.732349,0.732349,0.551158,660539,MODERATE_REDUNDANCY,Monitor. May provide diversification if combined carefully.,intake_vs_baseline
q158_imxd_20h,rsi_14h,alpha158_rolling_position,technical,False,-0.724965,0.724965,-0.715585,662098,MODERATE_REDUNDANCY,Monitor. May provide diversification if combined carefully.,intake_vs_baseline
q158_beta_20h,q158_qtld_20h,alpha158_rolling_regression,alpha158_rolling,False,-0.717768,0.717768,-0.530531,662312,MODERATE_REDUNDANCY,Monitor. May provide diversification if combined carefully.,intake_vs_baseline
q158_beta_20h,breakout_dist_20h,alpha158_rolling_regression,breakout,False,0.711612,0.711612,0.382448,662312,MODERATE_REDUNDANCY,Monitor. May provide diversification if combined carefully.,intake_vs_baseline
q158_imxd_20h,price_pos_72h,alpha158_rolling_position,price_position,False,-0.711122,0.711122,-0.734994,2345,MODERATE_REDUNDANCY,Monitor. May provide diversification if combined carefully.,intake_vs_baseline
q158_beta_20h,q158_rsv_20h,alpha158_rolling_regression,alpha158_rolling,False,0.71076,0.71076,0.382275,662312,MODERATE_REDUNDANCY,Monitor. May provide diversification if combined carefully.,intake_vs_baseline
q158_beta_20h,q158_imax_20h,alpha158_rolling_regression,alpha158_rolling_position,False,-0.70463,0.70463,-0.375754,662312,MODERATE_REDUNDANCY,Monitor. May provide diversification if combined carefully.,intake_vs_intake
q158_beta_20h,bb_zscore_20h,alpha158_rolling_regression,technical,False,0.700935,0.700935,0.357675,660539,MODERATE_REDUNDANCY,Monitor. May provide diversification if combined carefully.,intake_vs_baseline
q158_beta_20h,q158_imin_20h,alpha158_rolling_regression,alpha158_rolling_position,False,0.700043,0.700043,0.37263,662312,MODERATE_REDUNDANCY,Monitor. May provide diversification if combined carefully.,intake_vs_intake
q158_imxd_20h,rev_24h,alpha158_rolling_position,reversal,False,0.696635,0.696635,0.500555,661832,LOW_REDUNDANCY,Low redundancy. Independent signal sources.,intake_vs_baseline
q158_imxd_20h,breakout_dist_20h,alpha158_rolling_position,breakout,False,-0.694128,0.694128,-0.695781,662312,LOW_REDUNDANCY,Low redundancy. Independent signal sources.,intake_vs_baseline
q158_imxd_20h,q158_rsv_20h,alpha158_rolling_position,alpha158_rolling,False,-0.693333,0.693333,-0.695811,662312,LOW_REDUNDANCY,Low redundancy. Independent signal sources.,intake_vs_baseline
q158_imxd_20h,bb_zscore_20h,alpha158_rolling_position,technical,False,-0.683587,0.683587,-0.676752,660539,LOW_REDUNDANCY,Low redundancy. Independent signal sources.,intake_vs_baseline
q158_beta_20h,price_pos_72h,alpha158_rolling_regression,price_position,False,0.677749,0.677749,0.571276,2345,LOW_REDUNDANCY,Low redundancy. Independent signal sources.,intake_vs_baseline
q158_beta_20h,up_down_vol_ratio_20h,alpha158_rolling_regression,alpha158_ohlcv,False,0.675209,0.675209,0.395193,660539,LOW_REDUNDANCY,Low redundancy. Independent signal sources.,intake_vs_baseline
q158_beta_20h,q158_rank_close_20h,alpha158_rolling_regression,alpha158_rolling,False,0.671204,0.671204,0.359357,662312,LOW_REDUNDANCY,Low redundancy. Independent signal sources.,intake_vs_baseline
q158_imin_20h,ema_12_26_gap,alpha158_rolling_position,technical_indicators,False,0.669077,0.669077,0.49687,854,LOW_REDUNDANCY,Low redundancy. Independent signal sources.,intake_vs_baseline
q158_imxd_20h,ma_gap_10_40,alpha158_rolling_position,trend_ma,False,-0.667695,0.667695,-0.513704,660394,LOW_REDUNDANCY,Low redundancy. Independent signal sources.,intake_vs_baseline
q158_imxd_20h,q158_rank_close_20h,alpha158_rolling_position,alpha158_rolling,False,-0.661061,0.661061,-0.66035,662312,LOW_REDUNDANCY,Low redundancy. Independent signal sources.,intake_vs_baseline
q158_imin_20h,ma_gap_5_20,alpha158_rolling_position,trend_ma,False,0.656374,0.656374,0.488247,662312,LOW_REDUNDANCY,Low redundancy. Independent signal sources.,intake_vs_baseline
q158_imxd_20h,q158_qtlu_20h,alpha158_rolling_position,alpha158_rolling,False,0.656201,0.656201,0.307523,662312,LOW_REDUNDANCY,Low redundancy. Independent signal sources.,intake_vs_baseline
q158_imxd_20h,q158_qtld_20h,alpha158_rolling_position,alpha158_rolling,False,0.655674,0.655674,0.489484,662312,LOW_REDUNDANCY,Low redundancy. Independent signal sources.,intake_vs_baseline
q158_imxd_20h,vwap_dev_20h,alpha158_rolling_position,alpha158_ohlcv,False,-0.654287,0.654287,-0.541816,660539,LOW_REDUNDANCY,Low redundancy. Independent signal sources.,intake_vs_baseline
q158_imxd_20h,up_down_vol_ratio_20h,alpha158_rolling_position,alpha158_ohlcv,False,-0.649353,0.649353,-0.647326,660539,LOW_REDUNDANCY,Low redundancy. Independent signal sources.,intake_vs_baseline
q158_imax_20h,ma_gap_5_20,alpha158_rolling_position,trend_ma,False,-0.644569,0.644569,-0.496985,662312,LOW_REDUNDANCY,Low redundancy. Independent signal sources.,intake_vs_baseline
q158_imax_20h,price_pos_72h,alpha158_rolling_position,price_position,False,-0.632568,0.632568,-0.632436,2345,LOW_REDUNDANCY,Low redundancy. Independent signal sources.,intake_vs_baseline
q158_imin_20h,price_pos_72h,alpha158_rolling_position,price_position,False,0.631737,0.631737,0.670329,2345,LOW_REDUNDANCY,Low redundancy. Independent signal sources.,intake_vs_baseline
q158_imin_20h,rsi_14h,alpha158_rolling_position,technical,False,0.621854,0.621854,0.603634,662098,LOW_REDUNDANCY,Low redundancy. Independent signal sources.,intake_vs_baseline
q158_imax_20h,rsi_14h,alpha158_rolling_position,technical,False,-0.619185,0.619185,-0.618794,662098,LOW_REDUNDANCY,Low redundancy. Independent signal sources.,intake_vs_baseline
q158_imax_20h,rev_24h,alpha158_rolling_position,reversal,False,0.609867,0.609867,0.429891,661832,LOW_REDUNDANCY,Low redundancy. Independent signal sources.,intake_vs_baseline
q158_imin_20h,q158_rsv_20h,alpha158_rolling_position,alpha158_rolling,False,0.606402,0.606402,0.59695,662312,LOW_REDUNDANCY,Low redundancy. Independent signal sources.,intake_vs_baseline
q158_imin_20h,rev_24h,alpha158_rolling_position,reversal,False,-0.598348,0.598348,-0.425222,661832,LOW_REDUNDANCY,Low redundancy. Independent signal sources.,intake_vs_baseline
q158_imin_20h,bb_zscore_20h,alpha158_rolling_position,technical,False,0.596397,0.596397,0.577753,660539,LOW_REDUNDANCY,Low redundancy. Independent signal sources.,intake_vs_baseline
q158_imin_20h,q158_qtld_20h,alpha158_rolling_position,alpha158_rolling,False,-0.596134,0.596134,-0.425213,662312,LOW_REDUNDANCY,Low redundancy. Independent signal sources.,intake_vs_baseline
q158_imin_20h,breakout_dist_20h,alpha158_rolling_position,breakout,False,0.592129,0.592129,0.582857,662312,LOW_REDUNDANCY,Low redundancy. Independent signal sources.,intake_vs_baseline
q158_resi_20h,q158_kup_open,alpha158_rolling_regression,alpha158_kbar,False,0.591863,0.591863,0.478817,854,LOW_REDUNDANCY,Low redundancy. Independent signal sources.,intake_vs_baseline
q158_imax_20h,breakout_dist_20h,alpha158_rolling_position,breakout,False,-0.586449,0.586449,-0.605741,662312,LOW_REDUNDANCY,Low redundancy. Independent signal sources.,intake_vs_baseline
q158_imax_20h,ma_gap_10_40,alpha158_rolling_position,trend_ma,False,-0.582673,0.582673,-0.442187,660394,LOW_REDUNDANCY,Low redundancy. Independent signal sources.,intake_vs_baseline
q158_imax_20h,up_down_vol_ratio_20h,alpha158_rolling_position,alpha158_ohlcv,False,-0.577495,0.577495,-0.566783,660539,LOW_REDUNDANCY,Low redundancy. Independent signal sources.,intake_vs_baseline
q158_resi_20h,mom_10h,alpha158_rolling_regression,momentum,False,0.576546,0.576546,0.461629,428,LOW_REDUNDANCY,Low redundancy. Independent signal sources.,intake_vs_baseline
q158_resi_20h,rev_10h,alpha158_rolling_regression,reversal,False,-0.576546,0.576546,-0.461629,428,LOW_REDUNDANCY,Low redundancy. Independent signal sources.,intake_vs_baseline
q158_beta_20h,tech_macd,alpha158_rolling_regression,technical,False,0.575393,0.575393,0.017296,854,LOW_REDUNDANCY,Low redundancy. Independent signal sources.,intake_vs_baseline
q158_imax_20h,q158_qtlu_20h,alpha158_rolling_position,alpha158_rolling,False,0.574186,0.574186,0.264117,662312,LOW_REDUNDANCY,Low redundancy. Independent signal sources.,intake_vs_baseline
q158_imin_20h,q158_rank_close_20h,alpha158_rolling_position,alpha158_rolling,False,0.572491,0.572491,0.562102,662312,LOW_REDUNDANCY,Low redundancy. Independent signal sources.,intake_vs_baseline
q158_imax_20h,q158_rsv_20h,alpha158_rolling_position,alpha158_rolling,False,-0.572042,0.572042,-0.591759,662312,LOW_REDUNDANCY,Low redundancy. Independent signal sources.,intake_vs_baseline
q158_imin_20h,ma_gap_10_40,alpha158_rolling_position,trend_ma,False,0.566127,0.566127,0.435332,660394,LOW_REDUNDANCY,Low redundancy. Independent signal sources.,intake_vs_baseline
q158_imax_20h,bb_zscore_20h,alpha158_rolling_position,technical,False,-0.56591,0.56591,-0.581711,660539,LOW_REDUNDANCY,Low redundancy. Independent signal sources.,intake_vs_baseline
q158_resi_20h,vol_5h,alpha158_rolling_regression,volatility,False,0.562366,0.562366,0.368612,641,LOW_REDUNDANCY,Low redundancy. Independent signal sources.,intake_vs_baseline
q158_imin_20h,vwap_dev_20h,alpha158_rolling_position,alpha158_ohlcv,False,0.55772,0.55772,0.460216,660539,LOW_REDUNDANCY,Low redundancy. Independent signal sources.,intake_vs_baseline
q158_imax_20h,tech_macd,alpha158_rolling_position,technical,False,-0.556466,0.556466,-0.025938,854,LOW_REDUNDANCY,Low redundancy. Independent signal sources.,intake_vs_baseline
q158_imin_20h,up_down_vol_ratio_20h,alpha158_rolling_position,alpha158_ohlcv,False,0.553074,0.553074,0.542226,660539,LOW_REDUNDANCY,Low redundancy. Independent signal sources.,intake_vs_baseline
q158_imax_20h,mom_10h,alpha158_rolling_position,momentum,False,-0.551609,0.551609,-0.399195,428,LOW_REDUNDANCY,Low redundancy. Independent signal sources.,intake_vs_baseline
q158_imax_20h,rev_10h,alpha158_rolling_position,reversal,False,0.551609,0.551609,0.399195,428,LOW_REDUNDANCY,Low redundancy. Independent signal sources.,intake_vs_baseline
q158_imax_20h,q158_rank_close_20h,alpha158_rolling_position,alpha158_rolling,False,-0.546964,0.546964,-0.566008,662312,LOW_REDUNDANCY,Low redundancy. Independent signal sources.,intake_vs_baseline
q158_imax_20h,vwap_dev_20h,alpha158_rolling_position,alpha158_ohlcv,False,-0.543454,0.543454,-0.468057,660539,LOW_REDUNDANCY,Low redundancy. Independent signal sources.,intake_vs_baseline
q158_imin_20h,q158_qtlu_20h,alpha158_rolling_position,alpha158_rolling,False,-0.531669,0.531669,-0.261237,662312,LOW_REDUNDANCY,Low redundancy. Independent signal sources.,intake_vs_baseline
q158_imxd_20h,tech_macd,alpha158_rolling_position,technical,False,-0.530571,0.530571,-0.052664,854,LOW_REDUNDANCY,Low redundancy. Independent signal sources.,intake_vs_baseline
q158_beta_20h,price_pos_120h,alpha158_rolling_regression,price_position,False,0.528595,0.528595,0.308948,652730,LOW_REDUNDANCY,Low redundancy. Independent signal sources.,intake_vs_baseline
q158_beta_20h,clv_20h,alpha158_rolling_regression,alpha158_ohlc_range,False,0.527349,0.527349,0.317511,662312,LOW_REDUNDANCY,Low redundancy. Independent signal sources.,intake_vs_baseline
q158_imxd_20h,clv_20h,alpha158_rolling_position,alpha158_ohlc_range,False,-0.525645,0.525645,-0.524967,662312,LOW_REDUNDANCY,Low redundancy. Independent signal sources.,intake_vs_baseline
q158_resi_20h,candle_wick_lower,alpha158_rolling_regression,intraday_candle,False,-0.516056,0.516056,-0.387105,854,LOW_REDUNDANCY,Low redundancy. Independent signal sources.,intake_vs_baseline
q158_imax_20h,q158_qtld_20h,alpha158_rolling_position,alpha158_rolling,False,0.511741,0.511741,0.411034,662312,LOW_REDUNDANCY,Low redundancy. Independent signal sources.,intake_vs_baseline
q158_rsqr_20h,trend_efficiency_24h,alpha158_rolling_regression,trend_quality,False,0.504996,0.504996,0.521799,660063,LOW_REDUNDANCY,Low redundancy. Independent signal sources.,intake_vs_baseline
q158_imax_20h,mom_5h,alpha158_rolling_position,momentum,False,-0.503727,0.503727,-0.234436,641,LOW_REDUNDANCY,Low redundancy. Independent signal sources.,intake_vs_baseline
q158_imax_20h,reversal_5h,alpha158_rolling_position,momentum,False,0.503727,0.503727,0.234436,641,LOW_REDUNDANCY,Low redundancy. Independent signal sources.,intake_vs_baseline
q158_imxd_20h,price_pos_120h,alpha158_rolling_position,price_position,False,-0.488471,0.488471,-0.49418,652730,LOW_REDUNDANCY,Low redundancy. Independent signal sources.,intake_vs_baseline
q158_imax_20h,clv_20h,alpha158_rolling_position,alpha158_ohlc_range,False,-0.457124,0.457124,-0.457705,662312,LOW_REDUNDANCY,Low redundancy. Independent signal sources.,intake_vs_baseline
q158_rsqr_20h,vol_5h,alpha158_rolling_regression,volatility,False,-0.45465,0.45465,-0.265978,641,LOW_REDUNDANCY,Low redundancy. Independent signal sources.,intake_vs_baseline
q158_rsqr_20h,candle_wick_lower,alpha158_rolling_regression,intraday_candle,False,0.45455,0.45455,0.421348,854,LOW_REDUNDANCY,Low redundancy. Independent signal sources.,intake_vs_baseline
q158_rsqr_20h,q158_kup_open,alpha158_rolling_regression,alpha158_kbar,False,-0.448332,0.448332,-0.310114,854,LOW_REDUNDANCY,Low redundancy. Independent signal sources.,intake_vs_baseline
q158_resi_20h,q158_rank_close_20h,alpha158_rolling_regression,alpha158_rolling,False,0.448175,0.448175,0.275301,662312,LOW_REDUNDANCY,Low redundancy. Independent signal sources.,intake_vs_baseline
q158_imax_20h,range_breakout_vol_confirm_20h,alpha158_rolling_position,breakout,False,-0.447966,0.447966,-0.254841,21594,LOW_REDUNDANCY,Low redundancy. Independent signal sources.,intake_vs_baseline
q158_resi_20h,bb_zscore_20h,alpha158_rolling_regression,technical,False,0.444924,0.444924,0.320062,660539,LOW_REDUNDANCY,Low redundancy. Independent signal sources.,intake_vs_baseline
q158_resi_20h,range_breakout_vol_confirm_20h,alpha158_rolling_regression,breakout,False,0.443193,0.443193,0.438591,21594,LOW_REDUNDANCY,Low redundancy. Independent signal sources.,intake_vs_baseline
q158_imin_20h,clv_20h,alpha158_rolling_position,alpha158_ohlc_range,False,0.43842,0.43842,0.439091,662312,LOW_REDUNDANCY,Low redundancy. Independent signal sources.,intake_vs_baseline
q158_imax_20h,q158_imin_20h,alpha158_rolling_position,alpha158_rolling_position,True,-0.437956,0.437956,-0.459249,662312,LOW_REDUNDANCY,Low redundancy. Independent signal sources.,intake_vs_intake
q158_resi_20h,candle_wick_upper,alpha158_rolling_regression,intraday_candle,False,0.436208,0.436208,0.386627,854,LOW_REDUNDANCY,Low redundancy. Independent signal sources.,intake_vs_baseline
q158_imin_20h,price_pos_120h,alpha158_rolling_position,price_position,False,0.425025,0.425025,0.420468,652730,LOW_REDUNDANCY,Low redundancy. Independent signal sources.,intake_vs_baseline
q158_imin_20h,q158_klow_open,alpha158_rolling_position,alpha158_kbar,False,0.418899,0.418899,0.360285,854,LOW_REDUNDANCY,Low redundancy. Independent signal sources.,intake_vs_baseline
q158_imin_20h,klow_close,alpha158_rolling_position,alpha158_ohlcv,False,0.418402,0.418402,0.360934,854,LOW_REDUNDANCY,Low redundancy. Independent signal sources.,intake_vs_baseline
q158_imax_20h,price_pos_120h,alpha158_rolling_position,price_position,False,-0.417466,0.417466,-0.423526,652730,LOW_REDUNDANCY,Low redundancy. Independent signal sources.,intake_vs_baseline
q158_imin_20h,candle_wick_upper,alpha158_rolling_position,intraday_candle,False,-0.409127,0.409127,-0.421254,854,LOW_REDUNDANCY,Low redundancy. Independent signal sources.,intake_vs_baseline
q158_beta_20h,candle_wick_upper,alpha158_rolling_regression,intraday_candle,False,-0.403203,0.403203,-0.328039,854,LOW_REDUNDANCY,Low redundancy. Independent signal sources.,intake_vs_baseline
q158_imax_20h,ema_12_26_gap,alpha158_rolling_position,technical_indicators,False,-0.399239,0.399239,-0.370178,854,LOW_REDUNDANCY,Low redundancy. Independent signal sources.,intake_vs_baseline
q158_beta_20h,q158_klow_open,alpha158_rolling_regression,alpha158_kbar,False,0.39235,0.39235,0.293778,854,LOW_REDUNDANCY,Low redundancy. Independent signal sources.,intake_vs_baseline
q158_beta_20h,klow_close,alpha158_rolling_regression,alpha158_ohlcv,False,0.390994,0.390994,0.295618,854,LOW_REDUNDANCY,Low redundancy. Independent signal sources.,intake_vs_baseline
q158_resi_20h,ksft_5h,alpha158_rolling_regression,alpha158_ohlcv,False,0.383486,0.383486,0.346917,641,LOW_REDUNDANCY,Low redundancy. Independent signal sources.,intake_vs_baseline
q158_beta_20h,rev_10h,alpha158_rolling_regression,reversal,False,-0.381076,0.381076,-0.541024,428,LOW_REDUNDANCY,Low redundancy. Independent signal sources.,intake_vs_baseline
q158_beta_20h,mom_10h,alpha158_rolling_regression,momentum,False,0.381076,0.381076,0.541024,428,LOW_REDUNDANCY,Low redundancy. Independent signal sources.,intake_vs_baseline
q158_imin_20h,mom_5h,alpha158_rolling_position,momentum,False,-0.379279,0.379279,-0.246471,641,LOW_REDUNDANCY,Low redundancy. Independent signal sources.,intake_vs_baseline
q158_imin_20h,reversal_5h,alpha158_rolling_position,momentum,False,0.379279,0.379279,0.246471,641,LOW_REDUNDANCY,Low redundancy. Independent signal sources.,intake_vs_baseline
q158_resi_20h,q158_qtld_20h,alpha158_rolling_regression,alpha158_rolling,False,-0.371878,0.371878,-0.352824,662312,LOW_REDUNDANCY,Low redundancy. Independent signal sources.,intake_vs_baseline
q158_imin_20h,ksft_5h,alpha158_rolling_position,alpha158_ohlcv,False,-0.370944,0.370944,-0.36535,641,LOW_REDUNDANCY,Low redundancy. Independent signal sources.,intake_vs_baseline
q158_resi_20h,vwap_dev_20h,alpha158_rolling_regression,alpha158_ohlcv,False,0.366279,0.366279,0.334495,660539,LOW_REDUNDANCY,Low redundancy. Independent signal sources.,intake_vs_baseline
q158_imxd_20h,candle_wick_upper,alpha158_rolling_position,intraday_candle,False,0.364733,0.364733,0.302592,854,LOW_REDUNDANCY,Low redundancy. Independent signal sources.,intake_vs_baseline
q158_resi_20h,candle_body,alpha158_rolling_regression,intraday_candle,False,0.362582,0.362582,0.347699,854,LOW_REDUNDANCY,Low redundancy. Independent signal sources.,intake_vs_baseline
q158_imxd_20h,q158_klow_open,alpha158_rolling_position,alpha158_kbar,False,-0.35291,0.35291,-0.219049,854,LOW_REDUNDANCY,Low redundancy. Independent signal sources.,intake_vs_baseline
q158_rsqr_20h,reversal_5h,alpha158_rolling_regression,momentum,False,0.351875,0.351875,0.206752,641,LOW_REDUNDANCY,Low redundancy. Independent signal sources.,intake_vs_baseline
q158_rsqr_20h,mom_5h,alpha158_rolling_regression,momentum,False,-0.351875,0.351875,-0.206752,641,LOW_REDUNDANCY,Low redundancy. Independent signal sources.,intake_vs_baseline
q158_imxd_20h,klow_close,alpha158_rolling_position,alpha158_ohlcv,False,-0.35175,0.35175,-0.219362,854,LOW_REDUNDANCY,Low redundancy. Independent signal sources.,intake_vs_baseline
q158_resi_20h,q158_qtlu_20h,alpha158_rolling_regression,alpha158_rolling,False,-0.345133,0.345133,-0.026664,662312,LOW_REDUNDANCY,Low redundancy. Independent signal sources.,intake_vs_baseline
q158_rsqr_20h,q158_ksft_open,alpha158_rolling_regression,alpha158_kbar,False,0.340358,0.340358,0.379356,854,LOW_REDUNDANCY,Low redundancy. Independent signal sources.,intake_vs_baseline
q158_beta_20h,ma_gap_20_80,alpha158_rolling_regression,trend_ma,False,0.333578,0.333578,0.269576,656562,LOW_REDUNDANCY,Low redundancy. Independent signal sources.,intake_vs_baseline
q158_resi_20h,q158_rsv_20h,alpha158_rolling_regression,alpha158_rolling,False,0.330538,0.330538,0.219174,662312,LOW_REDUNDANCY,Low redundancy. Independent signal sources.,intake_vs_baseline
q158_resi_20h,breakout_dist_20h,alpha158_rolling_regression,breakout,False,0.330362,0.330362,0.218987,662312,LOW_REDUNDANCY,Low redundancy. Independent signal sources.,intake_vs_baseline
q158_rsqr_20h,q158_ksft_range,alpha158_rolling_regression,alpha158_kbar,False,0.326944,0.326944,0.320196,854,LOW_REDUNDANCY,Low redundancy. Independent signal sources.,intake_vs_baseline
q158_imin_20h,candle_wick_lower,alpha158_rolling_position,intraday_candle,False,0.324991,0.324991,0.337289,854,LOW_REDUNDANCY,Low redundancy. Independent signal sources.,intake_vs_baseline
q158_resi_20h,wq101_alpha101,alpha158_rolling_regression,wq101,False,0.318514,0.318514,0.338905,854,LOW_REDUNDANCY,Low redundancy. Independent signal sources.,intake_vs_baseline
q158_imin_20h,vol_5h,alpha158_rolling_position,volatility,False,-0.315793,0.315793,-0.099842,641,LOW_REDUNDANCY,Low redundancy. Independent signal sources.,intake_vs_baseline
q158_imin_20h,tech_macd,alpha158_rolling_position,technical,False,0.31448,0.31448,0.062921,854,LOW_REDUNDANCY,Low redundancy. Independent signal sources.,intake_vs_baseline
q158_beta_20h,q158_ksft_range,alpha158_rolling_regression,alpha158_kbar,False,0.313701,0.313701,0.235203,854,LOW_REDUNDANCY,Low redundancy. Independent signal sources.,intake_vs_baseline
q158_resi_20h,klow_close,alpha158_rolling_regression,alpha158_ohlcv,False,-0.308206,0.308206,-0.203504,854,LOW_REDUNDANCY,Low redundancy. Independent signal sources.,intake_vs_baseline
q158_resi_20h,q158_klow_open,alpha158_rolling_regression,alpha158_kbar,False,-0.306753,0.306753,-0.194879,854,LOW_REDUNDANCY,Low redundancy. Independent signal sources.,intake_vs_baseline
q158_rsqr_20h,ksft_5h,alpha158_rolling_regression,alpha158_ohlcv,False,-0.306193,0.306193,-0.294941,641,LOW_REDUNDANCY,Low redundancy. Independent signal sources.,intake_vs_baseline
q158_beta_20h,candle_wick_lower,alpha158_rolling_regression,intraday_candle,False,0.305096,0.305096,0.278533,854,LOW_REDUNDANCY,Low redundancy. Independent signal sources.,intake_vs_baseline
q158_imax_20h,q158_klen_open,alpha158_rolling_position,alpha158_kbar,False,-0.299337,0.299337,-0.124239,854,LOW_REDUNDANCY,Low redundancy. Independent signal sources.,intake_vs_baseline
q158_imax_20h,range_1h,alpha158_rolling_position,range_position,False,-0.297958,0.297958,-0.122334,854,LOW_REDUNDANCY,Low redundancy. Independent signal sources.,intake_vs_baseline
q158_imax_20h,q158_high_low_range,alpha158_rolling_position,alpha158,False,-0.297958,0.297958,-0.122334,854,LOW_REDUNDANCY,Low redundancy. Independent signal sources.,intake_vs_baseline
q158_imax_20h,qvol_ma_ratio_5_20,alpha158_rolling_position,quote_volume_liquidity,False,-0.296889,0.296889,-0.311043,660539,LOW_REDUNDANCY,Low redundancy. Independent signal sources.,intake_vs_baseline
q158_resi_20h,ma_gap_10_40,alpha158_rolling_regression,trend_ma,False,-0.292142,0.292142,-0.28352,660394,LOW_REDUNDANCY,Low redundancy. Independent signal sources.,intake_vs_baseline
q158_imin_20h,q158_ksft_range,alpha158_rolling_position,alpha158_kbar,False,0.288094,0.288094,0.266181,854,LOW_REDUNDANCY,Low redundancy. Independent signal sources.,intake_vs_baseline
q158_imxd_20h,ma_gap_20_80,alpha158_rolling_position,trend_ma,False,-0.281435,0.281435,-0.232939,656562,LOW_REDUNDANCY,Low redundancy. Independent signal sources.,intake_vs_baseline
q158_resi_20h,wq101_alpha53,alpha158_rolling_regression,wq101,False,-0.279636,0.279636,-0.000903,661884,LOW_REDUNDANCY,Low redundancy. Independent signal sources.,intake_vs_baseline
q158_resi_20h,taker_buy_delta_5h,alpha158_rolling_regression,taker_imbalance,False,0.279073,0.279073,0.255629,760,LOW_REDUNDANCY,Low redundancy. Independent signal sources.,intake_vs_baseline
q158_rsqr_20h,candle_wick_upper,alpha158_rolling_regression,intraday_candle,False,-0.277044,0.277044,-0.279225,854,LOW_REDUNDANCY,Low redundancy. Independent signal sources.,intake_vs_baseline
q158_imin_20h,q158_kup_open,alpha158_rolling_position,alpha158_kbar,False,-0.273994,0.273994,-0.101368,854,LOW_REDUNDANCY,Low redundancy. Independent signal sources.,intake_vs_baseline
q158_beta_20h,q158_kup_open,alpha158_rolling_regression,alpha158_kbar,False,-0.273679,0.273679,-0.164983,854,LOW_REDUNDANCY,Low redundancy. Independent signal sources.,intake_vs_baseline
q158_rsqr_20h,q158_klen_open,alpha158_rolling_regression,alpha158_kbar,False,-0.272736,0.272736,-0.168628,854,LOW_REDUNDANCY,Low redundancy. Independent signal sources.,intake_vs_baseline
q158_rsqr_20h,range_1h,alpha158_rolling_regression,range_position,False,-0.272194,0.272194,-0.173187,854,LOW_REDUNDANCY,Low redundancy. Independent signal sources.,intake_vs_baseline
q158_rsqr_20h,q158_high_low_range,alpha158_rolling_regression,alpha158,False,-0.272194,0.272194,-0.173187,854,LOW_REDUNDANCY,Low redundancy. Independent signal sources.,intake_vs_baseline
q158_imax_20h,ma_gap_20_80,alpha158_rolling_position,trend_ma,False,-0.266253,0.266253,-0.203793,656562,LOW_REDUNDANCY,Low redundancy. Independent signal sources.,intake_vs_baseline
q158_imxd_20h,q158_ksft_range,alpha158_rolling_position,alpha158_kbar,False,-0.265283,0.265283,-0.20306,854,LOW_REDUNDANCY,Low redundancy. Independent signal sources.,intake_vs_baseline
q158_imxd_20h,ksft_5h,alpha158_rolling_position,alpha158_ohlcv,False,0.262056,0.262056,0.157919,641,LOW_REDUNDANCY,Low redundancy. Independent signal sources.,intake_vs_baseline
q158_beta_20h,ksft_5h,alpha158_rolling_regression,alpha158_ohlcv,False,-0.25692,0.25692,-0.191097,641,LOW_REDUNDANCY,Low redundancy. Independent signal sources.,intake_vs_baseline
q158_resi_20h,rsi_14h,alpha158_rolling_regression,technical,False,0.255313,0.255313,0.207564,662098,LOW_REDUNDANCY,Low redundancy. Independent signal sources.,intake_vs_baseline
q158_imxd_20h,vol_5h,alpha158_rolling_position,volatility,False,0.254196,0.254196,0.089183,641,LOW_REDUNDANCY,Low redundancy. Independent signal sources.,intake_vs_baseline
q158_resi_20h,intraday_ret,alpha158_rolling_regression,alpha158_ohlcv,False,0.252997,0.252997,0.440285,854,LOW_REDUNDANCY,Low redundancy. Independent signal sources.,intake_vs_baseline
q158_resi_20h,q158_klen_open,alpha158_rolling_regression,alpha158_kbar,False,0.239069,0.239069,0.171683,854,LOW_REDUNDANCY,Low redundancy. Independent signal sources.,intake_vs_baseline
q158_resi_20h,q158_high_low_range,alpha158_rolling_regression,alpha158,False,0.235409,0.235409,0.14982,854,LOW_REDUNDANCY,Low redundancy. Independent signal sources.,intake_vs_baseline
q158_resi_20h,range_1h,alpha158_rolling_regression,range_position,False,0.235409,0.235409,0.14982,854,LOW_REDUNDANCY,Low redundancy. Independent signal sources.,intake_vs_baseline
q158_imin_20h,ma_gap_20_80,alpha158_rolling_position,trend_ma,False,0.234921,0.234921,0.194054,656562,LOW_REDUNDANCY,Low redundancy. Independent signal sources.,intake_vs_baseline
q158_imin_20h,mom_10h,alpha158_rolling_position,momentum,False,-0.229981,0.229981,-0.046516,428,LOW_REDUNDANCY,Low redundancy. Independent signal sources.,intake_vs_baseline
q158_imin_20h,rev_10h,alpha158_rolling_position,reversal,False,0.229981,0.229981,0.046516,428,LOW_REDUNDANCY,Low redundancy. Independent signal sources.,intake_vs_baseline
q158_beta_20h,vol_5h,alpha158_rolling_regression,volatility,False,-0.226527,0.226527,-0.061403,641,LOW_REDUNDANCY,Low redundancy. Independent signal sources.,intake_vs_baseline
q158_resi_20h,tech_macd,alpha158_rolling_regression,technical,False,0.224749,0.224749,0.007474,854,LOW_REDUNDANCY,Low redundancy. Independent signal sources.,intake_vs_baseline
q158_imax_20h,qvol_zscore_20h,alpha158_rolling_position,quote_volume_liquidity,False,-0.224171,0.224171,-0.230903,660539,LOW_REDUNDANCY,Low redundancy. Independent signal sources.,intake_vs_baseline
q158_beta_20h,q158_ksft_open,alpha158_rolling_regression,alpha158_kbar,False,0.223556,0.223556,0.184296,854,LOW_REDUNDANCY,Low redundancy. Independent signal sources.,intake_vs_baseline
q158_imxd_20h,q158_klen_open,alpha158_rolling_position,alpha158_kbar,False,-0.222411,0.222411,-0.201162,854,LOW_REDUNDANCY,Low redundancy. Independent signal sources.,intake_vs_baseline
q158_imxd_20h,taker_buy_ratio_20h,alpha158_rolling_position,taker_imbalance,False,-0.222361,0.222361,-0.210943,268389,LOW_REDUNDANCY,Low redundancy. Independent signal sources.,intake_vs_baseline
q158_imxd_20h,range_1h,alpha158_rolling_position,range_position,False,-0.221583,0.221583,-0.201167,854,LOW_REDUNDANCY,Low redundancy. Independent signal sources.,intake_vs_baseline
q158_imxd_20h,q158_high_low_range,alpha158_rolling_position,alpha158,False,-0.221583,0.221583,-0.201167,854,LOW_REDUNDANCY,Low redundancy. Independent signal sources.,intake_vs_baseline
q158_imxd_20h,candle_wick_lower,alpha158_rolling_position,intraday_candle,False,-0.220976,0.220976,-0.173009,854,LOW_REDUNDANCY,Low redundancy. Independent signal sources.,intake_vs_baseline
q158_resi_20h,taker_buy_zscore_20h,alpha158_rolling_regression,taker_imbalance,False,0.219189,0.219189,0.122445,268389,LOW_REDUNDANCY,Low redundancy. Independent signal sources.,intake_vs_baseline
q158_beta_20h,taker_buy_ratio_20h,alpha158_rolling_regression,taker_imbalance,False,0.21761,0.21761,0.087251,268389,LOW_REDUNDANCY,Low redundancy. Independent signal sources.,intake_vs_baseline
q158_imax_20h,ksft_5h,alpha158_rolling_position,alpha158_ohlcv,False,-0.2165,0.2165,-0.086114,641,LOW_REDUNDANCY,Low redundancy. Independent signal sources.,intake_vs_baseline
q158_beta_20h,q158_resi_20h,alpha158_rolling_regression,alpha158_rolling_regression,True,-0.21478,0.21478,-0.349315,662312,LOW_REDUNDANCY,Low redundancy. Independent signal sources.,intake_vs_intake
q158_rsqr_20h,q158_klow_open,alpha158_rolling_regression,alpha158_kbar,False,0.209811,0.209811,0.162072,854,LOW_REDUNDANCY,Low redundancy. Independent signal sources.,intake_vs_baseline
q158_rsqr_20h,klow_close,alpha158_rolling_regression,alpha158_ohlcv,False,0.208104,0.208104,0.160385,854,LOW_REDUNDANCY,Low redundancy. Independent signal sources.,intake_vs_baseline
q158_imax_20h,vol_5h,alpha158_rolling_position,volatility,False,-0.203423,0.203423,0.036806,641,LOW_REDUNDANCY,Low redundancy. Independent signal sources.,intake_vs_baseline
q158_imax_20h,vol_zscore_20h,alpha158_rolling_position,volume_liquidity,False,-0.201594,0.201594,-0.208866,660539,LOW_REDUNDANCY,Low redundancy. Independent signal sources.,intake_vs_baseline
q158_imax_20h,q158_kup_open,alpha158_rolling_position,alpha158_kbar,False,-0.200026,0.200026,-0.093822,854,LOW_REDUNDANCY,Low redundancy. Independent signal sources.,intake_vs_baseline
q158_resi_20h,ema_12_26_gap,alpha158_rolling_regression,technical_indicators,False,-0.198992,0.198992,-0.328797,854,LOW_REDUNDANCY,Low redundancy. Independent signal sources.,intake_vs_baseline
q158_imin_20h,q158_ksft_open,alpha158_rolling_position,alpha158_kbar,False,0.197766,0.197766,0.145384,854,LOW_REDUNDANCY,Low redundancy. Independent signal sources.,intake_vs_baseline
q158_imxd_20h,q158_kup_open,alpha158_rolling_position,alpha158_kbar,False,0.195524,0.195524,-0.009022,854,LOW_REDUNDANCY,Low redundancy. Independent signal sources.,intake_vs_baseline
q158_imax_20h,taker_buy_ratio_20h,alpha158_rolling_position,taker_imbalance,False,-0.193944,0.193944,-0.185185,268389,LOW_REDUNDANCY,Low redundancy. Independent signal sources.,intake_vs_baseline
q158_imin_20h,taker_buy_ratio_20h,alpha158_rolling_position,taker_imbalance,False,0.185297,0.185297,0.173543,268389,LOW_REDUNDANCY,Low redundancy. Independent signal sources.,intake_vs_baseline
q158_imin_20h,q158_klen_open,alpha158_rolling_position,alpha158_kbar,False,0.182053,0.182053,0.208765,854,LOW_REDUNDANCY,Low redundancy. Independent signal sources.,intake_vs_baseline
q158_imin_20h,range_1h,alpha158_rolling_position,range_position,False,0.181879,0.181879,0.211164,854,LOW_REDUNDANCY,Low redundancy. Independent signal sources.,intake_vs_baseline
q158_imin_20h,q158_high_low_range,alpha158_rolling_position,alpha158,False,0.181879,0.181879,0.211164,854,LOW_REDUNDANCY,Low redundancy. Independent signal sources.,intake_vs_baseline
q158_rsqr_20h,ema_12_26_gap,alpha158_rolling_regression,technical_indicators,False,0.181731,0.181731,0.171015,854,LOW_REDUNDANCY,Low redundancy. Independent signal sources.,intake_vs_baseline
q158_beta_20h,q158_klen_open,alpha158_rolling_regression,alpha158_kbar,False,0.180736,0.180736,0.086219,854,LOW_REDUNDANCY,Low redundancy. Independent signal sources.,intake_vs_baseline
q158_beta_20h,q158_high_low_range,alpha158_rolling_regression,alpha158,False,0.180347,0.180347,0.088476,854,LOW_REDUNDANCY,Low redundancy. Independent signal sources.,intake_vs_baseline
q158_beta_20h,range_1h,alpha158_rolling_regression,range_position,False,0.180347,0.180347,0.088476,854,LOW_REDUNDANCY,Low redundancy. Independent signal sources.,intake_vs_baseline
q158_rsqr_20h,taker_buy_delta_5h,alpha158_rolling_regression,taker_imbalance,False,-0.178542,0.178542,-0.196252,760,LOW_REDUNDANCY,Low redundancy. Independent signal sources.,intake_vs_baseline
q158_imax_20h,candle_wick_lower,alpha158_rolling_position,intraday_candle,False,0.178136,0.178136,0.018864,854,LOW_REDUNDANCY,Low redundancy. Independent signal sources.,intake_vs_baseline
q158_resi_20h,ma_gap_20_80,alpha158_rolling_regression,trend_ma,False,-0.176065,0.176065,-0.178145,656562,LOW_REDUNDANCY,Low redundancy. Independent signal sources.,intake_vs_baseline
q158_imxd_20h,q158_ksft_open,alpha158_rolling_position,alpha158_kbar,False,-0.172817,0.172817,-0.065986,854,LOW_REDUNDANCY,Low redundancy. Independent signal sources.,intake_vs_baseline
q158_imxd_20h,range_breakout_vol_confirm_20h,alpha158_rolling_position,breakout,False,-0.157964,0.157964,-0.119063,21594,LOW_REDUNDANCY,Low redundancy. Independent signal sources.,intake_vs_baseline
q158_imxd_20h,rev_10h,alpha158_rolling_position,reversal,False,0.155506,0.155506,0.292137,428,LOW_REDUNDANCY,Low redundancy. Independent signal sources.,intake_vs_baseline
q158_imxd_20h,mom_10h,alpha158_rolling_position,momentum,False,-0.155506,0.155506,-0.292137,428,LOW_REDUNDANCY,Low redundancy. Independent signal sources.,intake_vs_baseline
q158_rsqr_20h,q158_qtlu_20h,alpha158_rolling_regression,alpha158_rolling,False,0.151382,0.151382,0.122513,662312,LOW_REDUNDANCY,Low redundancy. Independent signal sources.,intake_vs_baseline
q158_resi_20h,price_pos_72h,alpha158_rolling_regression,price_position,False,-0.148902,0.148902,-0.057301,2345,LOW_REDUNDANCY,Low redundancy. Independent signal sources.,intake_vs_baseline
q158_imin_20h,qvol_ma_ratio_5_20,alpha158_rolling_position,quote_volume_liquidity,False,-0.147216,0.147216,-0.118011,660539,LOW_REDUNDANCY,Low redundancy. Independent signal sources.,intake_vs_baseline
q158_rsqr_20h,price_pos_72h,alpha158_rolling_regression,price_position,False,-0.140496,0.140496,-0.110693,2345,LOW_REDUNDANCY,Low redundancy. Independent signal sources.,intake_vs_baseline
q158_beta_20h,reversal_5h,alpha158_rolling_regression,momentum,False,0.13369,0.13369,-0.009533,641,LOW_REDUNDANCY,Low redundancy. Independent signal sources.,intake_vs_baseline
q158_beta_20h,mom_5h,alpha158_rolling_regression,momentum,False,-0.13369,0.13369,0.009533,641,LOW_REDUNDANCY,Low redundancy. Independent signal sources.,intake_vs_baseline
q158_beta_20h,funding_rate_zscore_80h,alpha158_rolling_regression,funding_rate,False,0.12925,0.12925,0.1118,113084,LOW_REDUNDANCY,Low redundancy. Independent signal sources.,intake_vs_baseline
q158_imxd_20h,taker_buy_delta_5h,alpha158_rolling_position,taker_imbalance,False,0.127824,0.127824,0.108521,760,LOW_REDUNDANCY,Low redundancy. Independent signal sources.,intake_vs_baseline
q158_beta_20h,taker_buy_delta_5h,alpha158_rolling_regression,taker_imbalance,False,-0.124568,0.124568,-0.091862,760,LOW_REDUNDANCY,Low redundancy. Independent signal sources.,intake_vs_baseline
q158_imxd_20h,funding_rate_zscore_80h,alpha158_rolling_position,funding_rate,False,-0.119037,0.119037,-0.108211,113084,LOW_REDUNDANCY,Low redundancy. Independent signal sources.,intake_vs_baseline
q158_imin_20h,taker_buy_delta_5h,alpha158_rolling_position,taker_imbalance,False,-0.118069,0.118069,-0.143184,760,LOW_REDUNDANCY,Low redundancy. Independent signal sources.,intake_vs_baseline
q158_resi_20h,q158_ksft_range,alpha158_rolling_regression,alpha158_kbar,False,-0.11785,0.11785,-0.013058,854,LOW_REDUNDANCY,Low redundancy. Independent signal sources.,intake_vs_baseline
q158_imxd_20h,reversal_5h,alpha158_rolling_position,momentum,False,-0.112047,0.112047,0.027981,641,LOW_REDUNDANCY,Low redundancy. Independent signal sources.,intake_vs_baseline
q158_imxd_20h,mom_5h,alpha158_rolling_position,momentum,False,0.112047,0.112047,-0.027981,641,LOW_REDUNDANCY,Low redundancy. Independent signal sources.,intake_vs_baseline
q158_beta_20h,qvol_ma_ratio_5_20,alpha158_rolling_regression,quote_volume_liquidity,False,0.111124,0.111124,0.096727,660539,LOW_REDUNDANCY,Low redundancy. Independent signal sources.,intake_vs_baseline
q158_resi_20h,q158_ksft_open,alpha158_rolling_regression,alpha158_kbar,False,-0.110618,0.110618,0.031458,854,LOW_REDUNDANCY,Low redundancy. Independent signal sources.,intake_vs_baseline
q158_resi_20h,q158_imxd_20h,alpha158_rolling_regression,alpha158_rolling_position,False,0.110517,0.110517,0.058147,662312,LOW_REDUNDANCY,Low redundancy. Independent signal sources.,intake_vs_intake
q158_imin_20h,vol_zscore_20h,alpha158_rolling_position,volume_liquidity,False,-0.109647,0.109647,-0.102361,660539,LOW_REDUNDANCY,Low redundancy. Independent signal sources.,intake_vs_baseline
q158_resi_20h,q158_imax_20h,alpha158_rolling_regression,alpha158_rolling_position,False,0.106916,0.106916,0.055969,662312,LOW_REDUNDANCY,Low redundancy. Independent signal sources.,intake_vs_intake
q158_imin_20h,funding_rate_zscore_80h,alpha158_rolling_position,funding_rate,False,0.106426,0.106426,0.098688,113084,LOW_REDUNDANCY,Low redundancy. Independent signal sources.,intake_vs_baseline
q158_rsqr_20h,qvol_ma_ratio_5_20,alpha158_rolling_regression,quote_volume_liquidity,False,0.101976,0.101976,0.098912,660539,LOW_REDUNDANCY,Low redundancy. Independent signal sources.,intake_vs_baseline
q158_rsqr_20h,qvol_ma_ratio_20_80,alpha158_rolling_regression,quote_volume_liquidity,False,0.101689,0.101689,0.098047,654837,LOW_REDUNDANCY,Low redundancy. Independent signal sources.,intake_vs_baseline
q158_imax_20h,funding_rate_zscore_80h,alpha158_rolling_position,funding_rate,False,-0.100997,0.100997,-0.087927,113084,LOW_REDUNDANCY,Low redundancy. Independent signal sources.,intake_vs_baseline
q158_beta_20h,wq101_alpha53,alpha158_rolling_regression,wq101,False,0.099933,0.099933,0.000342,661884,LOW_REDUNDANCY,Low redundancy. Independent signal sources.,intake_vs_baseline
q158_rsqr_20h,intraday_ret,alpha158_rolling_regression,alpha158_ohlcv,False,0.098908,0.098908,0.119109,854,LOW_REDUNDANCY,Low redundancy. Independent signal sources.,intake_vs_baseline
q158_beta_20h,qvol_zscore_20h,alpha158_rolling_regression,quote_volume_liquidity,False,0.098846,0.098846,0.060867,660539,LOW_REDUNDANCY,Low redundancy. Independent signal sources.,intake_vs_baseline
q158_rsqr_20h,range_breakout_vol_confirm_20h,alpha158_rolling_regression,breakout,False,-0.09829,0.09829,-0.09905,21594,LOW_REDUNDANCY,Low redundancy. Independent signal sources.,intake_vs_baseline
q158_imin_20h,qvol_ma_ratio_20_80,alpha158_rolling_position,quote_volume_liquidity,False,0.09477,0.09477,0.127405,654837,LOW_REDUNDANCY,Low redundancy. Independent signal sources.,intake_vs_baseline
q158_beta_20h,q158_rsqr_20h,alpha158_rolling_regression,alpha158_rolling_regression,True,-0.09001,0.09001,-0.055473,662312,LOW_REDUNDANCY,Low redundancy. Independent signal sources.,intake_vs_intake
q158_imin_20h,candle_body,alpha158_rolling_position,intraday_candle,False,-0.088512,0.088512,-0.064451,854,LOW_REDUNDANCY,Low redundancy. Independent signal sources.,intake_vs_baseline
q158_imxd_20h,qvol_ma_ratio_20_80,alpha158_rolling_position,quote_volume_liquidity,False,-0.086553,0.086553,-0.114326,654837,LOW_REDUNDANCY,Low redundancy. Independent signal sources.,intake_vs_baseline
q158_imxd_20h,qvol_ma_ratio_5_20,alpha158_rolling_position,quote_volume_liquidity,False,-0.086159,0.086159,-0.11315,660539,LOW_REDUNDANCY,Low redundancy. Independent signal sources.,intake_vs_baseline
q158_beta_20h,qvol_ma_ratio_20_80,alpha158_rolling_regression,quote_volume_liquidity,False,0.085779,0.085779,0.086311,654837,LOW_REDUNDANCY,Low redundancy. Independent signal sources.,intake_vs_baseline
q158_imax_20h,q158_ksft_open,alpha158_rolling_position,alpha158_kbar,False,0.085494,0.085494,0.020537,854,LOW_REDUNDANCY,Low redundancy. Independent signal sources.,intake_vs_baseline
q158_imxd_20h,wq101_alpha53,alpha158_rolling_position,wq101,False,-0.084996,0.084996,-0.001617,661884,LOW_REDUNDANCY,Low redundancy. Independent signal sources.,intake_vs_baseline
q158_imin_20h,qvol_zscore_20h,alpha158_rolling_position,quote_volume_liquidity,False,-0.084654,0.084654,-0.079163,660539,LOW_REDUNDANCY,Low redundancy. Independent signal sources.,intake_vs_baseline
q158_imxd_20h,qvol_zscore_20h,alpha158_rolling_position,quote_volume_liquidity,False,-0.082768,0.082768,-0.088916,660539,LOW_REDUNDANCY,Low redundancy. Independent signal sources.,intake_vs_baseline
q158_rsqr_20h,ma_gap_5_20,alpha158_rolling_regression,trend_ma,False,-0.082117,0.082117,-0.032246,662312,LOW_REDUNDANCY,Low redundancy. Independent signal sources.,intake_vs_baseline
q158_rsqr_20h,q158_imin_20h,alpha158_rolling_regression,alpha158_rolling_position,False,-0.076087,0.076087,-0.079953,662312,LOW_REDUNDANCY,Low redundancy. Independent signal sources.,intake_vs_intake
q158_rsqr_20h,q158_imxd_20h,alpha158_rolling_regression,alpha158_rolling_position,False,0.07583,0.07583,0.061454,662312,LOW_REDUNDANCY,Low redundancy. Independent signal sources.,intake_vs_intake
q158_rsqr_20h,rsi_14h,alpha158_rolling_regression,technical,False,-0.075481,0.075481,-0.059558,662098,LOW_REDUNDANCY,Low redundancy. Independent signal sources.,intake_vs_baseline
q158_resi_20h,q158_imin_20h,alpha158_rolling_regression,alpha158_rolling_position,False,-0.073418,0.073418,-0.043342,662312,LOW_REDUNDANCY,Low redundancy. Independent signal sources.,intake_vs_intake
q158_imin_20h,vol_of_vol_20h,alpha158_rolling_position,realized_skew_kurtosis,False,0.070465,0.070465,0.058891,661832,LOW_REDUNDANCY,Low redundancy. Independent signal sources.,intake_vs_baseline
q158_rsqr_20h,ma_gap_10_40,alpha158_rolling_regression,trend_ma,False,-0.069128,0.069128,-0.030556,660394,LOW_REDUNDANCY,Low redundancy. Independent signal sources.,intake_vs_baseline
q158_rsqr_20h,breakout_dist_20h,alpha158_rolling_regression,breakout,False,-0.069079,0.069079,-0.05544,662312,LOW_REDUNDANCY,Low redundancy. Independent signal sources.,intake_vs_baseline
q158_beta_20h,taker_buy_zscore_20h,alpha158_rolling_regression,taker_imbalance,False,-0.068737,0.068737,-0.030164,268389,LOW_REDUNDANCY,Low redundancy. Independent signal sources.,intake_vs_baseline
q158_rsqr_20h,rev_24h,alpha158_rolling_regression,reversal,False,0.068516,0.068516,0.011582,661832,LOW_REDUNDANCY,Low redundancy. Independent signal sources.,intake_vs_baseline
q158_rsqr_20h,vwap_dev_20h,alpha158_rolling_regression,alpha158_ohlcv,False,-0.068122,0.068122,-0.042043,660539,LOW_REDUNDANCY,Low redundancy. Independent signal sources.,intake_vs_baseline
q158_rsqr_20h,up_down_vol_ratio_20h,alpha158_rolling_regression,alpha158_ohlcv,False,-0.067454,0.067454,-0.060087,660539,LOW_REDUNDANCY,Low redundancy. Independent signal sources.,intake_vs_baseline
q158_imax_20h,wq101_alpha53,alpha158_rolling_position,wq101,False,-0.065599,0.065599,-0.001736,661884,LOW_REDUNDANCY,Low redundancy. Independent signal sources.,intake_vs_baseline
q158_beta_20h,vol_zscore_20h,alpha158_rolling_regression,volume_liquidity,False,0.065368,0.065368,0.037115,660539,LOW_REDUNDANCY,Low redundancy. Independent signal sources.,intake_vs_baseline
q158_imin_20h,wq101_alpha53,alpha158_rolling_position,wq101,False,0.062436,0.062436,0.001025,661884,LOW_REDUNDANCY,Low redundancy. Independent signal sources.,intake_vs_baseline
q158_beta_20h,range_breakout_vol_confirm_20h,alpha158_rolling_regression,breakout,False,-0.059143,0.059143,-0.013572,21594,LOW_REDUNDANCY,Low redundancy. Independent signal sources.,intake_vs_baseline
q158_resi_20h,funding_rate_zscore_80h,alpha158_rolling_regression,funding_rate,False,-0.056076,0.056076,-0.051967,113084,LOW_REDUNDANCY,Low redundancy. Independent signal sources.,intake_vs_baseline
q158_rsqr_20h,tech_macd,alpha158_rolling_regression,technical,False,-0.055626,0.055626,-0.010753,854,LOW_REDUNDANCY,Low redundancy. Independent signal sources.,intake_vs_baseline
q158_beta_20h,trend_efficiency_24h,alpha158_rolling_regression,trend_quality,False,-0.055459,0.055459,-0.00564,660063,LOW_REDUNDANCY,Low redundancy. Independent signal sources.,intake_vs_baseline
q158_resi_20h,price_pos_120h,alpha158_rolling_regression,price_position,False,0.055037,0.055037,0.053754,652730,LOW_REDUNDANCY,Low redundancy. Independent signal sources.,intake_vs_baseline
q158_imin_20h,range_breakout_vol_confirm_20h,alpha158_rolling_position,breakout,False,-0.054565,0.054565,-0.084601,21594,LOW_REDUNDANCY,Low redundancy. Independent signal sources.,intake_vs_baseline
q158_imxd_20h,vol_zscore_20h,alpha158_rolling_position,volume_liquidity,False,-0.054556,0.054556,-0.062514,660539,LOW_REDUNDANCY,Low redundancy. Independent signal sources.,intake_vs_baseline
q158_imax_20h,qvol_ma_ratio_20_80,alpha158_rolling_position,quote_volume_liquidity,False,-0.054319,0.054319,-0.068548,654837,LOW_REDUNDANCY,Low redundancy. Independent signal sources.,intake_vs_baseline
q158_rsqr_20h,bb_zscore_20h,alpha158_rolling_regression,technical,False,-0.053522,0.053522,-0.04181,660539,LOW_REDUNDANCY,Low redundancy. Independent signal sources.,intake_vs_baseline
q158_rsqr_20h,funding_rate_zscore_80h,alpha158_rolling_regression,funding_rate,False,-0.053181,0.053181,-0.071282,113084,LOW_REDUNDANCY,Low redundancy. Independent signal sources.,intake_vs_baseline
q158_rsqr_20h,q158_rsv_20h,alpha158_rolling_regression,alpha158_rolling,False,-0.053059,0.053059,-0.041542,662312,LOW_REDUNDANCY,Low redundancy. Independent signal sources.,intake_vs_baseline
q158_rsqr_20h,q158_rank_close_20h,alpha158_rolling_regression,alpha158_rolling,False,-0.052888,0.052888,-0.047535,662312,LOW_REDUNDANCY,Low redundancy. Independent signal sources.,intake_vs_baseline
q158_beta_20h,candle_body,alpha158_rolling_regression,intraday_candle,False,-0.050818,0.050818,-0.025058,854,LOW_REDUNDANCY,Low redundancy. Independent signal sources.,intake_vs_baseline
q158_imxd_20h,trend_efficiency_24h,alpha158_rolling_position,trend_quality,False,0.04861,0.04861,0.020546,660063,LOW_REDUNDANCY,Low redundancy. Independent signal sources.,intake_vs_baseline
q158_imax_20h,trend_efficiency_24h,alpha158_rolling_position,trend_quality,False,0.046171,0.046171,0.011757,660063,LOW_REDUNDANCY,Low redundancy. Independent signal sources.,intake_vs_baseline
q158_rsqr_20h,vol_zscore_20h,alpha158_rolling_regression,volume_liquidity,False,0.045305,0.045305,0.021188,660539,LOW_REDUNDANCY,Low redundancy. Independent signal sources.,intake_vs_baseline
q158_imax_20h,taker_buy_zscore_20h,alpha158_rolling_position,taker_imbalance,False,0.043929,0.043929,0.048527,268389,LOW_REDUNDANCY,Low redundancy. Independent signal sources.,intake_vs_baseline
q158_imxd_20h,taker_buy_zscore_20h,alpha158_rolling_position,taker_imbalance,False,0.043746,0.043746,0.046545,268389,LOW_REDUNDANCY,Low redundancy. Independent signal sources.,intake_vs_baseline
q158_imax_20h,candle_body,alpha158_rolling_position,intraday_candle,False,-0.043255,0.043255,-0.04217,854,LOW_REDUNDANCY,Low redundancy. Independent signal sources.,intake_vs_baseline
q158_rsqr_20h,qvol_zscore_20h,alpha158_rolling_regression,quote_volume_liquidity,False,0.041329,0.041329,0.018824,660539,LOW_REDUNDANCY,Low redundancy. Independent signal sources.,intake_vs_baseline
q158_imxd_20h,candle_body,alpha158_rolling_position,intraday_candle,False,0.041207,0.041207,0.006365,854,LOW_REDUNDANCY,Low redundancy. Independent signal sources.,intake_vs_baseline
q158_imax_20h,q158_klow_open,alpha158_rolling_position,alpha158_kbar,False,-0.040359,0.040359,-0.029323,854,LOW_REDUNDANCY,Low redundancy. Independent signal sources.,intake_vs_baseline
q158_imax_20h,klow_close,alpha158_rolling_position,alpha158_ohlcv,False,-0.039724,0.039724,-0.029258,854,LOW_REDUNDANCY,Low redundancy. Independent signal sources.,intake_vs_baseline
q158_imax_20h,vol_of_vol_20h,alpha158_rolling_position,realized_skew_kurtosis,False,0.038984,0.038984,0.013182,661832,LOW_REDUNDANCY,Low redundancy. Independent signal sources.,intake_vs_baseline
q158_imin_20h,wq101_alpha101,alpha158_rolling_position,wq101,False,-0.036809,0.036809,-0.058333,854,LOW_REDUNDANCY,Low redundancy. Independent signal sources.,intake_vs_baseline
q158_resi_20h,qvol_ma_ratio_5_20,alpha158_rolling_regression,quote_volume_liquidity,False,-0.03675,0.03675,-0.002619,660539,LOW_REDUNDANCY,Low redundancy. Independent signal sources.,intake_vs_baseline
q158_rsqr_20h,clv_20h,alpha158_rolling_regression,alpha158_ohlc_range,False,-0.036522,0.036522,-0.034034,662312,LOW_REDUNDANCY,Low redundancy. Independent signal sources.,intake_vs_baseline
q158_rsqr_20h,q158_imax_20h,alpha158_rolling_regression,alpha158_rolling_position,False,0.035426,0.035426,0.025148,662312,LOW_REDUNDANCY,Low redundancy. Independent signal sources.,intake_vs_intake
q158_resi_20h,rev_24h,alpha158_rolling_regression,reversal,False,0.034659,0.034659,0.010688,661832,LOW_REDUNDANCY,Low redundancy. Independent signal sources.,intake_vs_baseline
q158_imin_20h,trend_efficiency_24h,alpha158_rolling_position,trend_quality,False,-0.033967,0.033967,-0.023467,660063,LOW_REDUNDANCY,Low redundancy. Independent signal sources.,intake_vs_baseline
q158_rsqr_20h,q158_resi_20h,alpha158_rolling_regression,alpha158_rolling_regression,True,0.032239,0.032239,0.027135,662312,LOW_REDUNDANCY,Low redundancy. Independent signal sources.,intake_vs_intake
q158_beta_20h,wq101_alpha101,alpha158_rolling_regression,wq101,False,-0.032068,0.032068,-0.035051,854,LOW_REDUNDANCY,Low redundancy. Independent signal sources.,intake_vs_baseline
q158_rsqr_20h,taker_buy_ratio_20h,alpha158_rolling_regression,taker_imbalance,False,-0.031678,0.031678,-0.03262,268389,LOW_REDUNDANCY,Low redundancy. Independent signal sources.,intake_vs_baseline
q158_resi_20h,taker_buy_ratio_20h,alpha158_rolling_regression,taker_imbalance,False,0.030909,0.030909,0.013898,268389,LOW_REDUNDANCY,Low redundancy. Independent signal sources.,intake_vs_baseline
q158_rsqr_20h,ma_gap_20_80,alpha158_rolling_regression,trend_ma,False,-0.030665,0.030665,-0.017975,656562,LOW_REDUNDANCY,Low redundancy. Independent signal sources.,intake_vs_baseline
q158_imin_20h,intraday_ret,alpha158_rolling_position,alpha158_ohlcv,False,-0.030488,0.030488,-0.064333,854,LOW_REDUNDANCY,Low redundancy. Independent signal sources.,intake_vs_baseline
q158_resi_20h,qvol_ma_ratio_20_80,alpha158_rolling_regression,quote_volume_liquidity,False,-0.029517,0.029517,-0.049306,654837,LOW_REDUNDANCY,Low redundancy. Independent signal sources.,intake_vs_baseline
q158_rsqr_20h,price_pos_120h,alpha158_rolling_regression,price_position,False,-0.027933,0.027933,-0.010503,652730,LOW_REDUNDANCY,Low redundancy. Independent signal sources.,intake_vs_baseline
q158_rsqr_20h,tech_atr,alpha158_rolling_regression,technical,False,0.027406,0.027406,0.004735,662098,LOW_REDUNDANCY,Low redundancy. Independent signal sources.,intake_vs_baseline
q158_rsqr_20h,wq101_alpha53,alpha158_rolling_regression,wq101,False,-0.025117,0.025117,0.000733,661884,LOW_REDUNDANCY,Low redundancy. Independent signal sources.,intake_vs_baseline
q158_rsqr_20h,q158_qtld_20h,alpha158_rolling_regression,alpha158_rolling,False,-0.024258,0.024258,-0.106123,662312,LOW_REDUNDANCY,Low redundancy. Independent signal sources.,intake_vs_baseline
q158_imax_20h,q158_ksft_range,alpha158_rolling_position,alpha158_kbar,False,0.023767,0.023767,-0.081223,854,LOW_REDUNDANCY,Low redundancy. Independent signal sources.,intake_vs_baseline
q158_rsqr_20h,xs_rank_vol,alpha158_rolling_regression,cross_sectional_normalized,False,0.023187,0.023187,0.021781,662312,LOW_REDUNDANCY,Low redundancy. Independent signal sources.,intake_vs_baseline
q158_imax_20h,wq101_alpha101,alpha158_rolling_position,wq101,False,-0.022485,0.022485,-0.039765,854,LOW_REDUNDANCY,Low redundancy. Independent signal sources.,intake_vs_baseline
q158_imin_20h,tech_atr,alpha158_rolling_position,technical,False,0.021731,0.021731,0.002895,662098,LOW_REDUNDANCY,Low redundancy. Independent signal sources.,intake_vs_baseline
q158_resi_20h,clv_20h,alpha158_rolling_regression,alpha158_ohlc_range,False,0.021373,0.021373,0.013818,662312,LOW_REDUNDANCY,Low redundancy. Independent signal sources.,intake_vs_baseline
q158_resi_20h,up_down_vol_ratio_20h,alpha158_rolling_regression,alpha158_ohlcv,False,-0.021079,0.021079,0.023339,660539,LOW_REDUNDANCY,Low redundancy. Independent signal sources.,intake_vs_baseline
q158_imxd_20h,tech_atr,alpha158_rolling_position,technical,False,-0.020141,0.020141,-0.00322,662098,LOW_REDUNDANCY,Low redundancy. Independent signal sources.,intake_vs_baseline
q158_imin_20h,xs_rank_vol,alpha158_rolling_position,cross_sectional_normalized,False,0.019756,0.019756,0.01874,662312,LOW_REDUNDANCY,Low redundancy. Independent signal sources.,intake_vs_baseline
q158_imin_20h,taker_buy_zscore_20h,alpha158_rolling_position,taker_imbalance,False,-0.018732,0.018732,-0.030673,268389,LOW_REDUNDANCY,Low redundancy. Independent signal sources.,intake_vs_baseline
q158_resi_20h,trend_efficiency_24h,alpha158_rolling_regression,trend_quality,False,0.018674,0.018674,0.023903,660063,LOW_REDUNDANCY,Low redundancy. Independent signal sources.,intake_vs_baseline
q158_beta_20h,tech_atr,alpha158_rolling_regression,technical,False,0.018656,0.018656,0.00217,662098,LOW_REDUNDANCY,Low redundancy. Independent signal sources.,intake_vs_baseline
q158_imxd_20h,vol_of_vol_20h,alpha158_rolling_position,realized_skew_kurtosis,False,-0.018395,0.018395,-0.026666,661832,LOW_REDUNDANCY,Low redundancy. Independent signal sources.,intake_vs_baseline
q158_imxd_20h,wq101_alpha101,alpha158_rolling_position,wq101,False,0.016868,0.016868,0.004655,854,LOW_REDUNDANCY,Low redundancy. Independent signal sources.,intake_vs_baseline
q158_imin_20h,a101_volume_low_alpha_min_84_120,alpha158_rolling_position,alpha101_curated_volume_price_regression,False,-0.015833,0.015833,-0.002944,329372,LOW_REDUNDANCY,Low redundancy. Independent signal sources.,intake_vs_baseline
q158_beta_20h,a101_volume_xs_z_mean_neg_112h,alpha158_rolling_regression,alpha101_curated_volume_crowding,False,0.014643,0.014643,0.000291,323878,LOW_REDUNDANCY,Low redundancy. Independent signal sources.,intake_vs_baseline
q158_resi_20h,vol_zscore_20h,alpha158_rolling_regression,volume_liquidity,False,-0.014555,0.014555,0.009422,660539,LOW_REDUNDANCY,Low redundancy. Independent signal sources.,intake_vs_baseline
q158_imin_20h,a101_vol_xs_z_product_112h,alpha158_rolling_position,alpha101_curated_volume_regime,False,-0.014342,0.014342,-0.001018,323878,LOW_REDUNDANCY,Low redundancy. Independent signal sources.,intake_vs_baseline
q158_rsqr_20h,a101_vol_xs_z_product_112h,alpha158_rolling_regression,alpha101_curated_volume_regime,False,-0.014025,0.014025,-0.000374,323878,LOW_REDUNDANCY,Low redundancy. Independent signal sources.,intake_vs_baseline
q158_imax_20h,xs_rank_vol,alpha158_rolling_position,cross_sectional_normalized,False,0.013623,0.013623,0.013408,662312,LOW_REDUNDANCY,Low redundancy. Independent signal sources.,intake_vs_baseline
q158_imax_20h,tech_atr,alpha158_rolling_position,technical,False,-0.013154,0.013154,-0.002606,662098,LOW_REDUNDANCY,Low redundancy. Independent signal sources.,intake_vs_baseline
q158_imax_20h,intraday_ret,alpha158_rolling_position,alpha158_ohlcv,False,0.013008,0.013008,-0.030679,854,LOW_REDUNDANCY,Low redundancy. Independent signal sources.,intake_vs_baseline
q158_rsqr_20h,a101_volume_xs_z_mean_neg_112h,alpha158_rolling_regression,alpha101_curated_volume_crowding,False,-0.012609,0.012609,0.002865,323878,LOW_REDUNDANCY,Low redundancy. Independent signal sources.,intake_vs_baseline
q158_rsqr_20h,taker_buy_zscore_20h,alpha158_rolling_regression,taker_imbalance,False,0.012599,0.012599,0.012813,268389,LOW_REDUNDANCY,Low redundancy. Independent signal sources.,intake_vs_baseline
q158_beta_20h,a101_volume_low_alpha_min_84_120,alpha158_rolling_regression,alpha101_curated_volume_price_regression,False,-0.012474,0.012474,-0.000596,329372,LOW_REDUNDANCY,Low redundancy. Independent signal sources.,intake_vs_baseline
q158_imax_20h,taker_buy_delta_5h,alpha158_rolling_position,taker_imbalance,False,-0.012102,0.012102,0.030951,760,LOW_REDUNDANCY,Low redundancy. Independent signal sources.,intake_vs_baseline
q158_imax_20h,a101_volume_xs_z_mean_neg_112h,alpha158_rolling_position,alpha101_curated_volume_crowding,False,-0.009884,0.009884,0.002142,323878,LOW_REDUNDANCY,Low redundancy. Independent signal sources.,intake_vs_baseline
q158_beta_20h,intraday_ret,alpha158_rolling_regression,alpha158_ohlcv,False,-0.009864,0.009864,-0.03988,854,LOW_REDUNDANCY,Low redundancy. Independent signal sources.,intake_vs_baseline
q158_rsqr_20h,mom_10h,alpha158_rolling_regression,momentum,False,0.009004,0.009004,0.146175,428,LOW_REDUNDANCY,Low redundancy. Independent signal sources.,intake_vs_baseline
q158_rsqr_20h,rev_10h,alpha158_rolling_regression,reversal,False,-0.009004,0.009004,-0.146175,428,LOW_REDUNDANCY,Low redundancy. Independent signal sources.,intake_vs_baseline
q158_imxd_20h,intraday_ret,alpha158_rolling_position,alpha158_ohlcv,False,0.008923,0.008923,0.014254,854,LOW_REDUNDANCY,Low redundancy. Independent signal sources.,intake_vs_baseline
q158_rsqr_20h,wq101_alpha101,alpha158_rolling_regression,wq101,False,0.008677,0.008677,0.034436,854,LOW_REDUNDANCY,Low redundancy. Independent signal sources.,intake_vs_baseline
q158_rsqr_20h,vol_of_vol_20h,alpha158_rolling_regression,realized_skew_kurtosis,False,0.00814,0.00814,0.005942,661832,LOW_REDUNDANCY,Low redundancy. Independent signal sources.,intake_vs_baseline
q158_beta_20h,a101_volume_high_alpha_min_84_84,alpha158_rolling_regression,alpha101_curated_volume_price_regression,False,-0.007332,0.007332,-0.002405,321818,LOW_REDUNDANCY,Low redundancy. Independent signal sources.,intake_vs_baseline
q158_resi_20h,xs_rank_vol,alpha158_rolling_regression,cross_sectional_normalized,False,-0.007178,0.007178,-0.007549,662312,LOW_REDUNDANCY,Low redundancy. Independent signal sources.,intake_vs_baseline
q158_imax_20h,candle_wick_upper,alpha158_rolling_position,intraday_candle,False,-0.007143,0.007143,0.101427,854,LOW_REDUNDANCY,Low redundancy. Independent signal sources.,intake_vs_baseline
q158_resi_20h,qvol_zscore_20h,alpha158_rolling_regression,quote_volume_liquidity,False,-0.006901,0.006901,0.0229,660539,LOW_REDUNDANCY,Low redundancy. Independent signal sources.,intake_vs_baseline
q158_resi_20h,a101_volume_low_alpha_min_84_120,alpha158_rolling_regression,alpha101_curated_volume_price_regression,False,0.00684,0.00684,0.002261,329372,LOW_REDUNDANCY,Low redundancy. Independent signal sources.,intake_vs_baseline
q158_imin_20h,a101_volume_xs_z_mean_neg_112h,alpha158_rolling_position,alpha101_curated_volume_crowding,False,-0.006801,0.006801,0.00673,323878,LOW_REDUNDANCY,Low redundancy. Independent signal sources.,intake_vs_baseline
q158_resi_20h,tech_atr,alpha158_rolling_regression,technical,False,-0.006713,0.006713,0.000649,662098,LOW_REDUNDANCY,Low redundancy. Independent signal sources.,intake_vs_baseline
q158_imax_20h,a101_vol_xs_z_product_112h,alpha158_rolling_position,alpha101_curated_volume_regime,False,-0.006609,0.006609,0.002228,323878,LOW_REDUNDANCY,Low redundancy. Independent signal sources.,intake_vs_baseline
q158_imxd_20h,a101_volume_low_alpha_min_84_120,alpha158_rolling_position,alpha101_curated_volume_price_regression,False,0.006385,0.006385,0.001616,329372,LOW_REDUNDANCY,Low redundancy. Independent signal sources.,intake_vs_baseline
q158_resi_20h,a101_volume_high_alpha_min_84_84,alpha158_rolling_regression,alpha101_curated_volume_price_regression,False,0.006182,0.006182,0.000827,321818,LOW_REDUNDANCY,Low redundancy. Independent signal sources.,intake_vs_baseline
q158_resi_20h,ma_gap_5_20,alpha158_rolling_regression,trend_ma,False,0.006157,0.006157,0.003758,662312,LOW_REDUNDANCY,Low redundancy. Independent signal sources.,intake_vs_baseline
q158_beta_20h,a101_vol_xs_z_product_112h,alpha158_rolling_regression,alpha101_curated_volume_regime,False,0.006142,0.006142,-0.001331,323878,LOW_REDUNDANCY,Low redundancy. Independent signal sources.,intake_vs_baseline
q158_imxd_20h,a101_vol_xs_z_product_112h,alpha158_rolling_position,alpha101_curated_volume_regime,False,0.004667,0.004667,0.001913,323878,LOW_REDUNDANCY,Low redundancy. Independent signal sources.,intake_vs_baseline
q158_beta_20h,xs_rank_vol,alpha158_rolling_regression,cross_sectional_normalized,False,0.003622,0.003622,0.000974,662312,LOW_REDUNDANCY,Low redundancy. Independent signal sources.,intake_vs_baseline
q158_imin_20h,a101_volume_high_alpha_min_84_84,alpha158_rolling_position,alpha101_curated_volume_price_regression,False,-0.003009,0.003009,0.002847,321818,LOW_REDUNDANCY,Low redundancy. Independent signal sources.,intake_vs_baseline
q158_resi_20h,vol_of_vol_20h,alpha158_rolling_regression,realized_skew_kurtosis,False,-0.002845,0.002845,-0.011539,661832,LOW_REDUNDANCY,Low redundancy. Independent signal sources.,intake_vs_baseline
q158_imxd_20h,a101_volume_high_alpha_min_84_84,alpha158_rolling_position,alpha101_curated_volume_price_regression,False,0.002223,0.002223,-0.001298,321818,LOW_REDUNDANCY,Low redundancy. Independent signal sources.,intake_vs_baseline
q158_imax_20h,a101_volume_high_alpha_min_84_84,alpha158_rolling_position,alpha101_curated_volume_price_regression,False,0.002037,0.002037,0.000648,321818,LOW_REDUNDANCY,Low redundancy. Independent signal sources.,intake_vs_baseline
q158_imax_20h,a101_volume_low_alpha_min_84_120,alpha158_rolling_position,alpha101_curated_volume_price_regression,False,-0.001837,0.001837,-0.000138,329372,LOW_REDUNDANCY,Low redundancy. Independent signal sources.,intake_vs_baseline
q158_beta_20h,vol_of_vol_20h,alpha158_rolling_regression,realized_skew_kurtosis,False,-0.001746,0.001746,-0.046267,661832,LOW_REDUNDANCY,Low redundancy. Independent signal sources.,intake_vs_baseline
q158_imxd_20h,xs_rank_vol,alpha158_rolling_position,cross_sectional_normalized,False,-0.00173,0.00173,-0.003082,662312,LOW_REDUNDANCY,Low redundancy. Independent signal sources.,intake_vs_baseline
q158_imxd_20h,a101_volume_xs_z_mean_neg_112h,alpha158_rolling_position,alpha101_curated_volume_crowding,False,-0.001324,0.001324,-0.002713,323878,LOW_REDUNDANCY,Low redundancy. Independent signal sources.,intake_vs_baseline
q158_rsqr_20h,candle_body,alpha158_rolling_regression,intraday_candle,False,-0.000986,0.000986,0.042002,854,LOW_REDUNDANCY,Low redundancy. Independent signal sources.,intake_vs_baseline
q158_resi_20h,a101_vol_xs_z_product_112h,alpha158_rolling_regression,alpha101_curated_volume_regime,False,0.000834,0.000834,-0.000236,323878,LOW_REDUNDANCY,Low redundancy. Independent signal sources.,intake_vs_baseline
q158_rsqr_20h,a101_volume_high_alpha_min_84_84,alpha158_rolling_regression,alpha101_curated_volume_price_regression,False,-0.000558,0.000558,0.003522,321818,LOW_REDUNDANCY,Low redundancy. Independent signal sources.,intake_vs_baseline
q158_resi_20h,a101_volume_xs_z_mean_neg_112h,alpha158_rolling_regression,alpha101_curated_volume_crowding,False,-0.000445,0.000445,0.0005,323878,LOW_REDUNDANCY,Low redundancy. Independent signal sources.,intake_vs_baseline
q158_rsqr_20h,a101_volume_low_alpha_min_84_120,alpha158_rolling_regression,alpha101_curated_volume_price_regression,False,-0.000315,0.000315,-0.001566,329372,LOW_REDUNDANCY,Low redundancy. Independent signal sources.,intake_vs_baseline
q158_beta_20h,mom_20h,alpha158_rolling_regression,momentum,False,,,,0,INSUFFICIENT_DATA,Insufficient pairwise observations.,intake_vs_baseline
q158_rsqr_20h,mom_20h,alpha158_rolling_regression,momentum,False,,,,0,INSUFFICIENT_DATA,Insufficient pairwise observations.,intake_vs_baseline
q158_resi_20h,mom_20h,alpha158_rolling_regression,momentum,False,,,,0,INSUFFICIENT_DATA,Insufficient pairwise observations.,intake_vs_baseline
q158_imax_20h,mom_20h,alpha158_rolling_position,momentum,False,,,,0,INSUFFICIENT_DATA,Insufficient pairwise observations.,intake_vs_baseline
q158_imin_20h,mom_20h,alpha158_rolling_position,momentum,False,,,,0,INSUFFICIENT_DATA,Insufficient pairwise observations.,intake_vs_baseline
q158_imxd_20h,mom_20h,alpha158_rolling_position,momentum,False,,,,0,INSUFFICIENT_DATA,Insufficient pairwise observations.,intake_vs_baseline
q158_beta_20h,volatility_20h,alpha158_rolling_regression,volatility,False,,,,0,INSUFFICIENT_DATA,Insufficient pairwise observations.,intake_vs_baseline
q158_rsqr_20h,volatility_20h,alpha158_rolling_regression,volatility,False,,,,0,INSUFFICIENT_DATA,Insufficient pairwise observations.,intake_vs_baseline
q158_resi_20h,volatility_20h,alpha158_rolling_regression,volatility,False,,,,0,INSUFFICIENT_DATA,Insufficient pairwise observations.,intake_vs_baseline
q158_imax_20h,volatility_20h,alpha158_rolling_position,volatility,False,,,,0,INSUFFICIENT_DATA,Insufficient pairwise observations.,intake_vs_baseline
q158_imin_20h,volatility_20h,alpha158_rolling_position,volatility,False,,,,0,INSUFFICIENT_DATA,Insufficient pairwise observations.,intake_vs_baseline
q158_imxd_20h,volatility_20h,alpha158_rolling_position,volatility,False,,,,0,INSUFFICIENT_DATA,Insufficient pairwise observations.,intake_vs_baseline
q158_beta_20h,wq101_alpha12,alpha158_rolling_regression,wq101,False,,,,0,INSUFFICIENT_DATA,Insufficient pairwise observations.,intake_vs_baseline
q158_rsqr_20h,wq101_alpha12,alpha158_rolling_regression,wq101,False,,,,0,INSUFFICIENT_DATA,Insufficient pairwise observations.,intake_vs_baseline
q158_resi_20h,wq101_alpha12,alpha158_rolling_regression,wq101,False,,,,0,INSUFFICIENT_DATA,Insufficient pairwise observations.,intake_vs_baseline
q158_imax_20h,wq101_alpha12,alpha158_rolling_position,wq101,False,,,,0,INSUFFICIENT_DATA,Insufficient pairwise observations.,intake_vs_baseline
q158_imin_20h,wq101_alpha12,alpha158_rolling_position,wq101,False,,,,0,INSUFFICIENT_DATA,Insufficient pairwise observations.,intake_vs_baseline
q158_imxd_20h,wq101_alpha12,alpha158_rolling_position,wq101,False,,,,0,INSUFFICIENT_DATA,Insufficient pairwise observations.,intake_vs_baseline
q158_beta_20h,q158_cntp_20h,alpha158_rolling_regression,alpha158_rolling,False,,,,0,INSUFFICIENT_DATA,Insufficient pairwise observations.,intake_vs_baseline
q158_rsqr_20h,q158_cntp_20h,alpha158_rolling_regression,alpha158_rolling,False,,,,0,INSUFFICIENT_DATA,Insufficient pairwise observations.,intake_vs_baseline
q158_resi_20h,q158_cntp_20h,alpha158_rolling_regression,alpha158_rolling,False,,,,0,INSUFFICIENT_DATA,Insufficient pairwise observations.,intake_vs_baseline
q158_imax_20h,q158_cntp_20h,alpha158_rolling_position,alpha158_rolling,False,,,,0,INSUFFICIENT_DATA,Insufficient pairwise observations.,intake_vs_baseline
q158_imin_20h,q158_cntp_20h,alpha158_rolling_position,alpha158_rolling,False,,,,0,INSUFFICIENT_DATA,Insufficient pairwise observations.,intake_vs_baseline
q158_imxd_20h,q158_cntp_20h,alpha158_rolling_position,alpha158_rolling,False,,,,0,INSUFFICIENT_DATA,Insufficient pairwise observations.,intake_vs_baseline
q158_beta_20h,q158_cntn_20h,alpha158_rolling_regression,alpha158_rolling,False,,,,0,INSUFFICIENT_DATA,Insufficient pairwise observations.,intake_vs_baseline
q158_rsqr_20h,q158_cntn_20h,alpha158_rolling_regression,alpha158_rolling,False,,,,0,INSUFFICIENT_DATA,Insufficient pairwise observations.,intake_vs_baseline
q158_resi_20h,q158_cntn_20h,alpha158_rolling_regression,alpha158_rolling,False,,,,0,INSUFFICIENT_DATA,Insufficient pairwise observations.,intake_vs_baseline
q158_imax_20h,q158_cntn_20h,alpha158_rolling_position,alpha158_rolling,False,,,,0,INSUFFICIENT_DATA,Insufficient pairwise observations.,intake_vs_baseline
q158_imin_20h,q158_cntn_20h,alpha158_rolling_position,alpha158_rolling,False,,,,0,INSUFFICIENT_DATA,Insufficient pairwise observations.,intake_vs_baseline
q158_imxd_20h,q158_cntn_20h,alpha158_rolling_position,alpha158_rolling,False,,,,0,INSUFFICIENT_DATA,Insufficient pairwise observations.,intake_vs_baseline
q158_beta_20h,q158_sumd_20h,alpha158_rolling_regression,alpha158_rolling,False,,,,0,INSUFFICIENT_DATA,Insufficient pairwise observations.,intake_vs_baseline
q158_rsqr_20h,q158_sumd_20h,alpha158_rolling_regression,alpha158_rolling,False,,,,0,INSUFFICIENT_DATA,Insufficient pairwise observations.,intake_vs_baseline
q158_resi_20h,q158_sumd_20h,alpha158_rolling_regression,alpha158_rolling,False,,,,0,INSUFFICIENT_DATA,Insufficient pairwise observations.,intake_vs_baseline
q158_imax_20h,q158_sumd_20h,alpha158_rolling_position,alpha158_rolling,False,,,,0,INSUFFICIENT_DATA,Insufficient pairwise observations.,intake_vs_baseline
q158_imin_20h,q158_sumd_20h,alpha158_rolling_position,alpha158_rolling,False,,,,0,INSUFFICIENT_DATA,Insufficient pairwise observations.,intake_vs_baseline
q158_imxd_20h,q158_sumd_20h,alpha158_rolling_position,alpha158_rolling,False,,,,0,INSUFFICIENT_DATA,Insufficient pairwise observations.,intake_vs_baseline
q158_beta_20h,wvma_20h,alpha158_rolling_regression,alpha158_ohlcv,False,,,,0,INSUFFICIENT_DATA,Insufficient pairwise observations.,intake_vs_baseline
q158_rsqr_20h,wvma_20h,alpha158_rolling_regression,alpha158_ohlcv,False,,,,0,INSUFFICIENT_DATA,Insufficient pairwise observations.,intake_vs_baseline
q158_resi_20h,wvma_20h,alpha158_rolling_regression,alpha158_ohlcv,False,,,,0,INSUFFICIENT_DATA,Insufficient pairwise observations.,intake_vs_baseline
q158_imax_20h,wvma_20h,alpha158_rolling_position,alpha158_ohlcv,False,,,,0,INSUFFICIENT_DATA,Insufficient pairwise observations.,intake_vs_baseline
q158_imin_20h,wvma_20h,alpha158_rolling_position,alpha158_ohlcv,False,,,,0,INSUFFICIENT_DATA,Insufficient pairwise observations.,intake_vs_baseline
q158_imxd_20h,wvma_20h,alpha158_rolling_position,alpha158_ohlcv,False,,,,0,INSUFFICIENT_DATA,Insufficient pairwise observations.,intake_vs_baseline
q158_beta_20h,vol_ret_corr_20h,alpha158_rolling_regression,alpha158_ohlcv,False,,,,0,INSUFFICIENT_DATA,Insufficient pairwise observations.,intake_vs_baseline
q158_rsqr_20h,vol_ret_corr_20h,alpha158_rolling_regression,alpha158_ohlcv,False,,,,0,INSUFFICIENT_DATA,Insufficient pairwise observations.,intake_vs_baseline
q158_resi_20h,vol_ret_corr_20h,alpha158_rolling_regression,alpha158_ohlcv,False,,,,0,INSUFFICIENT_DATA,Insufficient pairwise observations.,intake_vs_baseline
q158_imax_20h,vol_ret_corr_20h,alpha158_rolling_position,alpha158_ohlcv,False,,,,0,INSUFFICIENT_DATA,Insufficient pairwise observations.,intake_vs_baseline
q158_imin_20h,vol_ret_corr_20h,alpha158_rolling_position,alpha158_ohlcv,False,,,,0,INSUFFICIENT_DATA,Insufficient pairwise observations.,intake_vs_baseline
q158_imxd_20h,vol_ret_corr_20h,alpha158_rolling_position,alpha158_ohlcv,False,,,,0,INSUFFICIENT_DATA,Insufficient pairwise observations.,intake_vs_baseline
q158_beta_20h,mom_40h,alpha158_rolling_regression,momentum,False,,,,0,INSUFFICIENT_DATA,Insufficient pairwise observations.,intake_vs_baseline
q158_rsqr_20h,mom_40h,alpha158_rolling_regression,momentum,False,,,,0,INSUFFICIENT_DATA,Insufficient pairwise observations.,intake_vs_baseline
q158_resi_20h,mom_40h,alpha158_rolling_regression,momentum,False,,,,0,INSUFFICIENT_DATA,Insufficient pairwise observations.,intake_vs_baseline
q158_imax_20h,mom_40h,alpha158_rolling_position,momentum,False,,,,0,INSUFFICIENT_DATA,Insufficient pairwise observations.,intake_vs_baseline
q158_imin_20h,mom_40h,alpha158_rolling_position,momentum,False,,,,0,INSUFFICIENT_DATA,Insufficient pairwise observations.,intake_vs_baseline
q158_imxd_20h,mom_40h,alpha158_rolling_position,momentum,False,,,,0,INSUFFICIENT_DATA,Insufficient pairwise observations.,intake_vs_baseline
q158_beta_20h,rev_3h,alpha158_rolling_regression,reversal,False,,,,0,INSUFFICIENT_DATA,Insufficient pairwise observations.,intake_vs_baseline
q158_rsqr_20h,rev_3h,alpha158_rolling_regression,reversal,False,,,,0,INSUFFICIENT_DATA,Insufficient pairwise observations.,intake_vs_baseline
q158_resi_20h,rev_3h,alpha158_rolling_regression,reversal,False,,,,0,INSUFFICIENT_DATA,Insufficient pairwise observations.,intake_vs_baseline
q158_imax_20h,rev_3h,alpha158_rolling_position,reversal,False,,,,0,INSUFFICIENT_DATA,Insufficient pairwise observations.,intake_vs_baseline
q158_imin_20h,rev_3h,alpha158_rolling_position,reversal,False,,,,0,INSUFFICIENT_DATA,Insufficient pairwise observations.,intake_vs_baseline
q158_imxd_20h,rev_3h,alpha158_rolling_position,reversal,False,,,,0,INSUFFICIENT_DATA,Insufficient pairwise observations.,intake_vs_baseline
q158_beta_20h,vol_40h,alpha158_rolling_regression,volatility,False,,,,0,INSUFFICIENT_DATA,Insufficient pairwise observations.,intake_vs_baseline
q158_rsqr_20h,vol_40h,alpha158_rolling_regression,volatility,False,,,,0,INSUFFICIENT_DATA,Insufficient pairwise observations.,intake_vs_baseline
q158_resi_20h,vol_40h,alpha158_rolling_regression,volatility,False,,,,0,INSUFFICIENT_DATA,Insufficient pairwise observations.,intake_vs_baseline
q158_imax_20h,vol_40h,alpha158_rolling_position,volatility,False,,,,0,INSUFFICIENT_DATA,Insufficient pairwise observations.,intake_vs_baseline
q158_imin_20h,vol_40h,alpha158_rolling_position,volatility,False,,,,0,INSUFFICIENT_DATA,Insufficient pairwise observations.,intake_vs_baseline
q158_imxd_20h,vol_40h,alpha158_rolling_position,volatility,False,,,,0,INSUFFICIENT_DATA,Insufficient pairwise observations.,intake_vs_baseline
q158_beta_20h,vol_ratio_5_20,alpha158_rolling_regression,volatility,False,,,,0,INSUFFICIENT_DATA,Insufficient pairwise observations.,intake_vs_baseline
q158_rsqr_20h,vol_ratio_5_20,alpha158_rolling_regression,volatility,False,,,,0,INSUFFICIENT_DATA,Insufficient pairwise observations.,intake_vs_baseline
q158_resi_20h,vol_ratio_5_20,alpha158_rolling_regression,volatility,False,,,,0,INSUFFICIENT_DATA,Insufficient pairwise observations.,intake_vs_baseline
q158_imax_20h,vol_ratio_5_20,alpha158_rolling_position,volatility,False,,,,0,INSUFFICIENT_DATA,Insufficient pairwise observations.,intake_vs_baseline
q158_imin_20h,vol_ratio_5_20,alpha158_rolling_position,volatility,False,,,,0,INSUFFICIENT_DATA,Insufficient pairwise observations.,intake_vs_baseline
q158_imxd_20h,vol_ratio_5_20,alpha158_rolling_position,volatility,False,,,,0,INSUFFICIENT_DATA,Insufficient pairwise observations.,intake_vs_baseline
q158_beta_20h,range_4h,alpha158_rolling_regression,range_position,False,,,,0,INSUFFICIENT_DATA,Insufficient pairwise observations.,intake_vs_baseline
q158_rsqr_20h,range_4h,alpha158_rolling_regression,range_position,False,,,,0,INSUFFICIENT_DATA,Insufficient pairwise observations.,intake_vs_baseline
q158_resi_20h,range_4h,alpha158_rolling_regression,range_position,False,,,,0,INSUFFICIENT_DATA,Insufficient pairwise observations.,intake_vs_baseline
q158_imax_20h,range_4h,alpha158_rolling_position,range_position,False,,,,0,INSUFFICIENT_DATA,Insufficient pairwise observations.,intake_vs_baseline
q158_imin_20h,range_4h,alpha158_rolling_position,range_position,False,,,,0,INSUFFICIENT_DATA,Insufficient pairwise observations.,intake_vs_baseline
q158_imxd_20h,range_4h,alpha158_rolling_position,range_position,False,,,,0,INSUFFICIENT_DATA,Insufficient pairwise observations.,intake_vs_baseline
q158_beta_20h,range_24h,alpha158_rolling_regression,range_position,False,,,,0,INSUFFICIENT_DATA,Insufficient pairwise observations.,intake_vs_baseline
q158_rsqr_20h,range_24h,alpha158_rolling_regression,range_position,False,,,,0,INSUFFICIENT_DATA,Insufficient pairwise observations.,intake_vs_baseline
q158_resi_20h,range_24h,alpha158_rolling_regression,range_position,False,,,,0,INSUFFICIENT_DATA,Insufficient pairwise observations.,intake_vs_baseline
q158_imax_20h,range_24h,alpha158_rolling_position,range_position,False,,,,0,INSUFFICIENT_DATA,Insufficient pairwise observations.,intake_vs_baseline
q158_imin_20h,range_24h,alpha158_rolling_position,range_position,False,,,,0,INSUFFICIENT_DATA,Insufficient pairwise observations.,intake_vs_baseline
q158_imxd_20h,range_24h,alpha158_rolling_position,range_position,False,,,,0,INSUFFICIENT_DATA,Insufficient pairwise observations.,intake_vs_baseline
q158_beta_20h,price_pos_24h,alpha158_rolling_regression,price_position,False,,,,0,INSUFFICIENT_DATA,Insufficient pairwise observations.,intake_vs_baseline
q158_rsqr_20h,price_pos_24h,alpha158_rolling_regression,price_position,False,,,,0,INSUFFICIENT_DATA,Insufficient pairwise observations.,intake_vs_baseline
q158_resi_20h,price_pos_24h,alpha158_rolling_regression,price_position,False,,,,0,INSUFFICIENT_DATA,Insufficient pairwise observations.,intake_vs_baseline
q158_imax_20h,price_pos_24h,alpha158_rolling_position,price_position,False,,,,0,INSUFFICIENT_DATA,Insufficient pairwise observations.,intake_vs_baseline
q158_imin_20h,price_pos_24h,alpha158_rolling_position,price_position,False,,,,0,INSUFFICIENT_DATA,Insufficient pairwise observations.,intake_vs_baseline
q158_imxd_20h,price_pos_24h,alpha158_rolling_position,price_position,False,,,,0,INSUFFICIENT_DATA,Insufficient pairwise observations.,intake_vs_baseline
q158_beta_20h,vol_zscore_48h,alpha158_rolling_regression,volume_liquidity,False,,,,0,INSUFFICIENT_DATA,Insufficient pairwise observations.,intake_vs_baseline
q158_rsqr_20h,vol_zscore_48h,alpha158_rolling_regression,volume_liquidity,False,,,,0,INSUFFICIENT_DATA,Insufficient pairwise observations.,intake_vs_baseline
q158_resi_20h,vol_zscore_48h,alpha158_rolling_regression,volume_liquidity,False,,,,0,INSUFFICIENT_DATA,Insufficient pairwise observations.,intake_vs_baseline
q158_imax_20h,vol_zscore_48h,alpha158_rolling_position,volume_liquidity,False,,,,0,INSUFFICIENT_DATA,Insufficient pairwise observations.,intake_vs_baseline
q158_imin_20h,vol_zscore_48h,alpha158_rolling_position,volume_liquidity,False,,,,0,INSUFFICIENT_DATA,Insufficient pairwise observations.,intake_vs_baseline
q158_imxd_20h,vol_zscore_48h,alpha158_rolling_position,volume_liquidity,False,,,,0,INSUFFICIENT_DATA,Insufficient pairwise observations.,intake_vs_baseline
q158_beta_20h,qvol_zscore_48h,alpha158_rolling_regression,quote_volume_liquidity,False,,,,0,INSUFFICIENT_DATA,Insufficient pairwise observations.,intake_vs_baseline
q158_rsqr_20h,qvol_zscore_48h,alpha158_rolling_regression,quote_volume_liquidity,False,,,,0,INSUFFICIENT_DATA,Insufficient pairwise observations.,intake_vs_baseline
q158_resi_20h,qvol_zscore_48h,alpha158_rolling_regression,quote_volume_liquidity,False,,,,0,INSUFFICIENT_DATA,Insufficient pairwise observations.,intake_vs_baseline
q158_imax_20h,qvol_zscore_48h,alpha158_rolling_position,quote_volume_liquidity,False,,,,0,INSUFFICIENT_DATA,Insufficient pairwise observations.,intake_vs_baseline
q158_imin_20h,qvol_zscore_48h,alpha158_rolling_position,quote_volume_liquidity,False,,,,0,INSUFFICIENT_DATA,Insufficient pairwise observations.,intake_vs_baseline
q158_imxd_20h,qvol_zscore_48h,alpha158_rolling_position,quote_volume_liquidity,False,,,,0,INSUFFICIENT_DATA,Insufficient pairwise observations.,intake_vs_baseline
q158_beta_20h,breakout_dist_48h,alpha158_rolling_regression,breakout,False,,,,0,INSUFFICIENT_DATA,Insufficient pairwise observations.,intake_vs_baseline
q158_rsqr_20h,breakout_dist_48h,alpha158_rolling_regression,breakout,False,,,,0,INSUFFICIENT_DATA,Insufficient pairwise observations.,intake_vs_baseline
q158_resi_20h,breakout_dist_48h,alpha158_rolling_regression,breakout,False,,,,0,INSUFFICIENT_DATA,Insufficient pairwise observations.,intake_vs_baseline
q158_imax_20h,breakout_dist_48h,alpha158_rolling_position,breakout,False,,,,0,INSUFFICIENT_DATA,Insufficient pairwise observations.,intake_vs_baseline
q158_imin_20h,breakout_dist_48h,alpha158_rolling_position,breakout,False,,,,0,INSUFFICIENT_DATA,Insufficient pairwise observations.,intake_vs_baseline
q158_imxd_20h,breakout_dist_48h,alpha158_rolling_position,breakout,False,,,,0,INSUFFICIENT_DATA,Insufficient pairwise observations.,intake_vs_baseline
q158_beta_20h,xs_rank_ret_1h,alpha158_rolling_regression,cross_sectional_normalized,False,,,,0,INSUFFICIENT_DATA,Insufficient pairwise observations.,intake_vs_baseline
q158_rsqr_20h,xs_rank_ret_1h,alpha158_rolling_regression,cross_sectional_normalized,False,,,,0,INSUFFICIENT_DATA,Insufficient pairwise observations.,intake_vs_baseline
q158_resi_20h,xs_rank_ret_1h,alpha158_rolling_regression,cross_sectional_normalized,False,,,,0,INSUFFICIENT_DATA,Insufficient pairwise observations.,intake_vs_baseline
q158_imax_20h,xs_rank_ret_1h,alpha158_rolling_position,cross_sectional_normalized,False,,,,0,INSUFFICIENT_DATA,Insufficient pairwise observations.,intake_vs_baseline
q158_imin_20h,xs_rank_ret_1h,alpha158_rolling_position,cross_sectional_normalized,False,,,,0,INSUFFICIENT_DATA,Insufficient pairwise observations.,intake_vs_baseline
q158_imxd_20h,xs_rank_ret_1h,alpha158_rolling_position,cross_sectional_normalized,False,,,,0,INSUFFICIENT_DATA,Insufficient pairwise observations.,intake_vs_baseline
q158_beta_20h,rsi_7h,alpha158_rolling_regression,technical_indicators,False,,,,0,INSUFFICIENT_DATA,Insufficient pairwise observations.,intake_vs_baseline
q158_rsqr_20h,rsi_7h,alpha158_rolling_regression,technical_indicators,False,,,,0,INSUFFICIENT_DATA,Insufficient pairwise observations.,intake_vs_baseline
q158_resi_20h,rsi_7h,alpha158_rolling_regression,technical_indicators,False,,,,0,INSUFFICIENT_DATA,Insufficient pairwise observations.,intake_vs_baseline
q158_imax_20h,rsi_7h,alpha158_rolling_position,technical_indicators,False,,,,0,INSUFFICIENT_DATA,Insufficient pairwise observations.,intake_vs_baseline
q158_imin_20h,rsi_7h,alpha158_rolling_position,technical_indicators,False,,,,0,INSUFFICIENT_DATA,Insufficient pairwise observations.,intake_vs_baseline
q158_imxd_20h,rsi_7h,alpha158_rolling_position,technical_indicators,False,,,,0,INSUFFICIENT_DATA,Insufficient pairwise observations.,intake_vs_baseline
q158_beta_20h,rsi_28h,alpha158_rolling_regression,technical_indicators,False,,,,0,INSUFFICIENT_DATA,Insufficient pairwise observations.,intake_vs_baseline
q158_rsqr_20h,rsi_28h,alpha158_rolling_regression,technical_indicators,False,,,,0,INSUFFICIENT_DATA,Insufficient pairwise observations.,intake_vs_baseline
q158_resi_20h,rsi_28h,alpha158_rolling_regression,technical_indicators,False,,,,0,INSUFFICIENT_DATA,Insufficient pairwise observations.,intake_vs_baseline
q158_imax_20h,rsi_28h,alpha158_rolling_position,technical_indicators,False,,,,0,INSUFFICIENT_DATA,Insufficient pairwise observations.,intake_vs_baseline
q158_imin_20h,rsi_28h,alpha158_rolling_position,technical_indicators,False,,,,0,INSUFFICIENT_DATA,Insufficient pairwise observations.,intake_vs_baseline
q158_imxd_20h,rsi_28h,alpha158_rolling_position,technical_indicators,False,,,,0,INSUFFICIENT_DATA,Insufficient pairwise observations.,intake_vs_baseline
q158_beta_20h,williams_r_14h,alpha158_rolling_regression,technical_indicators,False,,,,0,INSUFFICIENT_DATA,Insufficient pairwise observations.,intake_vs_baseline
q158_rsqr_20h,williams_r_14h,alpha158_rolling_regression,technical_indicators,False,,,,0,INSUFFICIENT_DATA,Insufficient pairwise observations.,intake_vs_baseline
q158_resi_20h,williams_r_14h,alpha158_rolling_regression,technical_indicators,False,,,,0,INSUFFICIENT_DATA,Insufficient pairwise observations.,intake_vs_baseline
q158_imax_20h,williams_r_14h,alpha158_rolling_position,technical_indicators,False,,,,0,INSUFFICIENT_DATA,Insufficient pairwise observations.,intake_vs_baseline
q158_imin_20h,williams_r_14h,alpha158_rolling_position,technical_indicators,False,,,,0,INSUFFICIENT_DATA,Insufficient pairwise observations.,intake_vs_baseline
q158_imxd_20h,williams_r_14h,alpha158_rolling_position,technical_indicators,False,,,,0,INSUFFICIENT_DATA,Insufficient pairwise observations.,intake_vs_baseline
q158_beta_20h,downside_vol_20h,alpha158_rolling_regression,realized_skew_kurtosis,False,,,,0,INSUFFICIENT_DATA,Insufficient pairwise observations.,intake_vs_baseline
q158_rsqr_20h,downside_vol_20h,alpha158_rolling_regression,realized_skew_kurtosis,False,,,,0,INSUFFICIENT_DATA,Insufficient pairwise observations.,intake_vs_baseline
q158_resi_20h,downside_vol_20h,alpha158_rolling_regression,realized_skew_kurtosis,False,,,,0,INSUFFICIENT_DATA,Insufficient pairwise observations.,intake_vs_baseline
q158_imax_20h,downside_vol_20h,alpha158_rolling_position,realized_skew_kurtosis,False,,,,0,INSUFFICIENT_DATA,Insufficient pairwise observations.,intake_vs_baseline
q158_imin_20h,downside_vol_20h,alpha158_rolling_position,realized_skew_kurtosis,False,,,,0,INSUFFICIENT_DATA,Insufficient pairwise observations.,intake_vs_baseline
q158_imxd_20h,downside_vol_20h,alpha158_rolling_position,realized_skew_kurtosis,False,,,,0,INSUFFICIENT_DATA,Insufficient pairwise observations.,intake_vs_baseline
q158_beta_20h,mom_accel_20h,alpha158_rolling_regression,momentum,False,,,,0,INSUFFICIENT_DATA,Insufficient pairwise observations.,intake_vs_baseline
q158_rsqr_20h,mom_accel_20h,alpha158_rolling_regression,momentum,False,,,,0,INSUFFICIENT_DATA,Insufficient pairwise observations.,intake_vs_baseline
q158_resi_20h,mom_accel_20h,alpha158_rolling_regression,momentum,False,,,,0,INSUFFICIENT_DATA,Insufficient pairwise observations.,intake_vs_baseline
q158_imax_20h,mom_accel_20h,alpha158_rolling_position,momentum,False,,,,0,INSUFFICIENT_DATA,Insufficient pairwise observations.,intake_vs_baseline
q158_imin_20h,mom_accel_20h,alpha158_rolling_position,momentum,False,,,,0,INSUFFICIENT_DATA,Insufficient pairwise observations.,intake_vs_baseline
q158_imxd_20h,mom_accel_20h,alpha158_rolling_position,momentum,False,,,,0,INSUFFICIENT_DATA,Insufficient pairwise observations.,intake_vs_baseline
q158_beta_20h,funding_rate_level_20h,alpha158_rolling_regression,funding_rate,False,,,,0,INSUFFICIENT_DATA,Insufficient pairwise observations.,intake_vs_baseline
q158_rsqr_20h,funding_rate_level_20h,alpha158_rolling_regression,funding_rate,False,,,,0,INSUFFICIENT_DATA,Insufficient pairwise observations.,intake_vs_baseline
q158_resi_20h,funding_rate_level_20h,alpha158_rolling_regression,funding_rate,False,,,,0,INSUFFICIENT_DATA,Insufficient pairwise observations.,intake_vs_baseline
q158_imax_20h,funding_rate_level_20h,alpha158_rolling_position,funding_rate,False,,,,0,INSUFFICIENT_DATA,Insufficient pairwise observations.,intake_vs_baseline
q158_imin_20h,funding_rate_level_20h,alpha158_rolling_position,funding_rate,False,,,,0,INSUFFICIENT_DATA,Insufficient pairwise observations.,intake_vs_baseline
q158_imxd_20h,funding_rate_level_20h,alpha158_rolling_position,funding_rate,False,,,,0,INSUFFICIENT_DATA,Insufficient pairwise observations.,intake_vs_baseline
q158_beta_20h,funding_rate_change_24h,alpha158_rolling_regression,funding_rate,False,,,,0,INSUFFICIENT_DATA,Insufficient pairwise observations.,intake_vs_baseline
q158_rsqr_20h,funding_rate_change_24h,alpha158_rolling_regression,funding_rate,False,,,,0,INSUFFICIENT_DATA,Insufficient pairwise observations.,intake_vs_baseline
q158_resi_20h,funding_rate_change_24h,alpha158_rolling_regression,funding_rate,False,,,,0,INSUFFICIENT_DATA,Insufficient pairwise observations.,intake_vs_baseline
q158_imax_20h,funding_rate_change_24h,alpha158_rolling_position,funding_rate,False,,,,0,INSUFFICIENT_DATA,Insufficient pairwise observations.,intake_vs_baseline
q158_imin_20h,funding_rate_change_24h,alpha158_rolling_position,funding_rate,False,,,,0,INSUFFICIENT_DATA,Insufficient pairwise observations.,intake_vs_baseline
q158_imxd_20h,funding_rate_change_24h,alpha158_rolling_position,funding_rate,False,,,,0,INSUFFICIENT_DATA,Insufficient pairwise observations.,intake_vs_baseline
q158_beta_20h,mom_72h,alpha158_rolling_regression,momentum,False,,,,0,INSUFFICIENT_DATA,Insufficient pairwise observations.,intake_vs_baseline
q158_rsqr_20h,mom_72h,alpha158_rolling_regression,momentum,False,,,,0,INSUFFICIENT_DATA,Insufficient pairwise observations.,intake_vs_baseline
q158_resi_20h,mom_72h,alpha158_rolling_regression,momentum,False,,,,0,INSUFFICIENT_DATA,Insufficient pairwise observations.,intake_vs_baseline
q158_imax_20h,mom_72h,alpha158_rolling_position,momentum,False,,,,0,INSUFFICIENT_DATA,Insufficient pairwise observations.,intake_vs_baseline
q158_imin_20h,mom_72h,alpha158_rolling_position,momentum,False,,,,0,INSUFFICIENT_DATA,Insufficient pairwise observations.,intake_vs_baseline
q158_imxd_20h,mom_72h,alpha158_rolling_position,momentum,False,,,,0,INSUFFICIENT_DATA,Insufficient pairwise observations.,intake_vs_baseline
q158_beta_20h,mom_120h,alpha158_rolling_regression,momentum,False,,,,0,INSUFFICIENT_DATA,Insufficient pairwise observations.,intake_vs_baseline
q158_rsqr_20h,mom_120h,alpha158_rolling_regression,momentum,False,,,,0,INSUFFICIENT_DATA,Insufficient pairwise observations.,intake_vs_baseline
q158_resi_20h,mom_120h,alpha158_rolling_regression,momentum,False,,,,0,INSUFFICIENT_DATA,Insufficient pairwise observations.,intake_vs_baseline
q158_imax_20h,mom_120h,alpha158_rolling_position,momentum,False,,,,0,INSUFFICIENT_DATA,Insufficient pairwise observations.,intake_vs_baseline
q158_imin_20h,mom_120h,alpha158_rolling_position,momentum,False,,,,0,INSUFFICIENT_DATA,Insufficient pairwise observations.,intake_vs_baseline
q158_imxd_20h,mom_120h,alpha158_rolling_position,momentum,False,,,,0,INSUFFICIENT_DATA,Insufficient pairwise observations.,intake_vs_baseline
q158_beta_20h,rev_1h,alpha158_rolling_regression,reversal,False,,,,0,INSUFFICIENT_DATA,Insufficient pairwise observations.,intake_vs_baseline
q158_rsqr_20h,rev_1h,alpha158_rolling_regression,reversal,False,,,,0,INSUFFICIENT_DATA,Insufficient pairwise observations.,intake_vs_baseline
q158_resi_20h,rev_1h,alpha158_rolling_regression,reversal,False,,,,0,INSUFFICIENT_DATA,Insufficient pairwise observations.,intake_vs_baseline
q158_imax_20h,rev_1h,alpha158_rolling_position,reversal,False,,,,0,INSUFFICIENT_DATA,Insufficient pairwise observations.,intake_vs_baseline
q158_imin_20h,rev_1h,alpha158_rolling_position,reversal,False,,,,0,INSUFFICIENT_DATA,Insufficient pairwise observations.,intake_vs_baseline
q158_imxd_20h,rev_1h,alpha158_rolling_position,reversal,False,,,,0,INSUFFICIENT_DATA,Insufficient pairwise observations.,intake_vs_baseline
q158_beta_20h,rev_72h,alpha158_rolling_regression,reversal,False,,,,0,INSUFFICIENT_DATA,Insufficient pairwise observations.,intake_vs_baseline
q158_rsqr_20h,rev_72h,alpha158_rolling_regression,reversal,False,,,,0,INSUFFICIENT_DATA,Insufficient pairwise observations.,intake_vs_baseline
q158_resi_20h,rev_72h,alpha158_rolling_regression,reversal,False,,,,0,INSUFFICIENT_DATA,Insufficient pairwise observations.,intake_vs_baseline
q158_imax_20h,rev_72h,alpha158_rolling_position,reversal,False,,,,0,INSUFFICIENT_DATA,Insufficient pairwise observations.,intake_vs_baseline
q158_imin_20h,rev_72h,alpha158_rolling_position,reversal,False,,,,0,INSUFFICIENT_DATA,Insufficient pairwise observations.,intake_vs_baseline
q158_imxd_20h,rev_72h,alpha158_rolling_position,reversal,False,,,,0,INSUFFICIENT_DATA,Insufficient pairwise observations.,intake_vs_baseline
q158_beta_20h,vol_ratio_20_80,alpha158_rolling_regression,volatility,False,,,,0,INSUFFICIENT_DATA,Insufficient pairwise observations.,intake_vs_baseline
q158_rsqr_20h,vol_ratio_20_80,alpha158_rolling_regression,volatility,False,,,,0,INSUFFICIENT_DATA,Insufficient pairwise observations.,intake_vs_baseline
q158_resi_20h,vol_ratio_20_80,alpha158_rolling_regression,volatility,False,,,,0,INSUFFICIENT_DATA,Insufficient pairwise observations.,intake_vs_baseline
q158_imax_20h,vol_ratio_20_80,alpha158_rolling_position,volatility,False,,,,0,INSUFFICIENT_DATA,Insufficient pairwise observations.,intake_vs_baseline
q158_imin_20h,vol_ratio_20_80,alpha158_rolling_position,volatility,False,,,,0,INSUFFICIENT_DATA,Insufficient pairwise observations.,intake_vs_baseline
q158_imxd_20h,vol_ratio_20_80,alpha158_rolling_position,volatility,False,,,,0,INSUFFICIENT_DATA,Insufficient pairwise observations.,intake_vs_baseline
q158_beta_20h,realized_skew_20h,alpha158_rolling_regression,realized_shape,False,,,,0,INSUFFICIENT_DATA,Insufficient pairwise observations.,intake_vs_baseline
q158_rsqr_20h,realized_skew_20h,alpha158_rolling_regression,realized_shape,False,,,,0,INSUFFICIENT_DATA,Insufficient pairwise observations.,intake_vs_baseline
q158_resi_20h,realized_skew_20h,alpha158_rolling_regression,realized_shape,False,,,,0,INSUFFICIENT_DATA,Insufficient pairwise observations.,intake_vs_baseline
q158_imax_20h,realized_skew_20h,alpha158_rolling_position,realized_shape,False,,,,0,INSUFFICIENT_DATA,Insufficient pairwise observations.,intake_vs_baseline
q158_imin_20h,realized_skew_20h,alpha158_rolling_position,realized_shape,False,,,,0,INSUFFICIENT_DATA,Insufficient pairwise observations.,intake_vs_baseline
q158_imxd_20h,realized_skew_20h,alpha158_rolling_position,realized_shape,False,,,,0,INSUFFICIENT_DATA,Insufficient pairwise observations.,intake_vs_baseline
q158_beta_20h,realized_kurt_20h,alpha158_rolling_regression,realized_shape,False,,,,0,INSUFFICIENT_DATA,Insufficient pairwise observations.,intake_vs_baseline
q158_rsqr_20h,realized_kurt_20h,alpha158_rolling_regression,realized_shape,False,,,,0,INSUFFICIENT_DATA,Insufficient pairwise observations.,intake_vs_baseline
q158_resi_20h,realized_kurt_20h,alpha158_rolling_regression,realized_shape,False,,,,0,INSUFFICIENT_DATA,Insufficient pairwise observations.,intake_vs_baseline
q158_imax_20h,realized_kurt_20h,alpha158_rolling_position,realized_shape,False,,,,0,INSUFFICIENT_DATA,Insufficient pairwise observations.,intake_vs_baseline
q158_imin_20h,realized_kurt_20h,alpha158_rolling_position,realized_shape,False,,,,0,INSUFFICIENT_DATA,Insufficient pairwise observations.,intake_vs_baseline
q158_imxd_20h,realized_kurt_20h,alpha158_rolling_position,realized_shape,False,,,,0,INSUFFICIENT_DATA,Insufficient pairwise observations.,intake_vs_baseline
q158_beta_20h,amihud_illiquidity_20h,alpha158_rolling_regression,liquidity,False,,,,0,INSUFFICIENT_DATA,Insufficient pairwise observations.,intake_vs_baseline
q158_rsqr_20h,amihud_illiquidity_20h,alpha158_rolling_regression,liquidity,False,,,,0,INSUFFICIENT_DATA,Insufficient pairwise observations.,intake_vs_baseline
q158_resi_20h,amihud_illiquidity_20h,alpha158_rolling_regression,liquidity,False,,,,0,INSUFFICIENT_DATA,Insufficient pairwise observations.,intake_vs_baseline
q158_imax_20h,amihud_illiquidity_20h,alpha158_rolling_position,liquidity,False,,,,0,INSUFFICIENT_DATA,Insufficient pairwise observations.,intake_vs_baseline
q158_imin_20h,amihud_illiquidity_20h,alpha158_rolling_position,liquidity,False,,,,0,INSUFFICIENT_DATA,Insufficient pairwise observations.,intake_vs_baseline
q158_imxd_20h,amihud_illiquidity_20h,alpha158_rolling_position,liquidity,False,,,,0,INSUFFICIENT_DATA,Insufficient pairwise observations.,intake_vs_baseline
q158_beta_20h,price_volume_corr_20h,alpha158_rolling_regression,volume_price,False,,,,0,INSUFFICIENT_DATA,Insufficient pairwise observations.,intake_vs_baseline
q158_rsqr_20h,price_volume_corr_20h,alpha158_rolling_regression,volume_price,False,,,,0,INSUFFICIENT_DATA,Insufficient pairwise observations.,intake_vs_baseline
q158_resi_20h,price_volume_corr_20h,alpha158_rolling_regression,volume_price,False,,,,0,INSUFFICIENT_DATA,Insufficient pairwise observations.,intake_vs_baseline
q158_imax_20h,price_volume_corr_20h,alpha158_rolling_position,volume_price,False,,,,0,INSUFFICIENT_DATA,Insufficient pairwise observations.,intake_vs_baseline
q158_imin_20h,price_volume_corr_20h,alpha158_rolling_position,volume_price,False,,,,0,INSUFFICIENT_DATA,Insufficient pairwise observations.,intake_vs_baseline
q158_imxd_20h,price_volume_corr_20h,alpha158_rolling_position,volume_price,False,,,,0,INSUFFICIENT_DATA,Insufficient pairwise observations.,intake_vs_baseline
q158_beta_20h,rev_2h,alpha158_rolling_regression,reversal,False,,,,0,INSUFFICIENT_DATA,Insufficient pairwise observations.,intake_vs_baseline
q158_rsqr_20h,rev_2h,alpha158_rolling_regression,reversal,False,,,,0,INSUFFICIENT_DATA,Insufficient pairwise observations.,intake_vs_baseline
q158_resi_20h,rev_2h,alpha158_rolling_regression,reversal,False,,,,0,INSUFFICIENT_DATA,Insufficient pairwise observations.,intake_vs_baseline
q158_imax_20h,rev_2h,alpha158_rolling_position,reversal,False,,,,0,INSUFFICIENT_DATA,Insufficient pairwise observations.,intake_vs_baseline
q158_imin_20h,rev_2h,alpha158_rolling_position,reversal,False,,,,0,INSUFFICIENT_DATA,Insufficient pairwise observations.,intake_vs_baseline
q158_imxd_20h,rev_2h,alpha158_rolling_position,reversal,False,,,,0,INSUFFICIENT_DATA,Insufficient pairwise observations.,intake_vs_baseline
q158_beta_20h,mom_vol_adjusted_20h,alpha158_rolling_regression,momentum,False,,,,0,INSUFFICIENT_DATA,Insufficient pairwise observations.,intake_vs_baseline
q158_rsqr_20h,mom_vol_adjusted_20h,alpha158_rolling_regression,momentum,False,,,,0,INSUFFICIENT_DATA,Insufficient pairwise observations.,intake_vs_baseline
q158_resi_20h,mom_vol_adjusted_20h,alpha158_rolling_regression,momentum,False,,,,0,INSUFFICIENT_DATA,Insufficient pairwise observations.,intake_vs_baseline
q158_imax_20h,mom_vol_adjusted_20h,alpha158_rolling_position,momentum,False,,,,0,INSUFFICIENT_DATA,Insufficient pairwise observations.,intake_vs_baseline
q158_imin_20h,mom_vol_adjusted_20h,alpha158_rolling_position,momentum,False,,,,0,INSUFFICIENT_DATA,Insufficient pairwise observations.,intake_vs_baseline
q158_imxd_20h,mom_vol_adjusted_20h,alpha158_rolling_position,momentum,False,,,,0,INSUFFICIENT_DATA,Insufficient pairwise observations.,intake_vs_baseline
q158_beta_20h,volume_pressure_20h,alpha158_rolling_regression,volume_price,False,,,,0,INSUFFICIENT_DATA,Insufficient pairwise observations.,intake_vs_baseline
q158_rsqr_20h,volume_pressure_20h,alpha158_rolling_regression,volume_price,False,,,,0,INSUFFICIENT_DATA,Insufficient pairwise observations.,intake_vs_baseline
q158_resi_20h,volume_pressure_20h,alpha158_rolling_regression,volume_price,False,,,,0,INSUFFICIENT_DATA,Insufficient pairwise observations.,intake_vs_baseline
q158_imax_20h,volume_pressure_20h,alpha158_rolling_position,volume_price,False,,,,0,INSUFFICIENT_DATA,Insufficient pairwise observations.,intake_vs_baseline
q158_imin_20h,volume_pressure_20h,alpha158_rolling_position,volume_price,False,,,,0,INSUFFICIENT_DATA,Insufficient pairwise observations.,intake_vs_baseline
q158_imxd_20h,volume_pressure_20h,alpha158_rolling_position,volume_price,False,,,,0,INSUFFICIENT_DATA,Insufficient pairwise observations.,intake_vs_baseline
q158_beta_20h,xs_rank_mom_accel,alpha158_rolling_regression,cross_sectional_normalized,False,,,,0,INSUFFICIENT_DATA,Insufficient pairwise observations.,intake_vs_baseline
q158_rsqr_20h,xs_rank_mom_accel,alpha158_rolling_regression,cross_sectional_normalized,False,,,,0,INSUFFICIENT_DATA,Insufficient pairwise observations.,intake_vs_baseline
q158_resi_20h,xs_rank_mom_accel,alpha158_rolling_regression,cross_sectional_normalized,False,,,,0,INSUFFICIENT_DATA,Insufficient pairwise observations.,intake_vs_baseline
q158_imax_20h,xs_rank_mom_accel,alpha158_rolling_position,cross_sectional_normalized,False,,,,0,INSUFFICIENT_DATA,Insufficient pairwise observations.,intake_vs_baseline
q158_imin_20h,xs_rank_mom_accel,alpha158_rolling_position,cross_sectional_normalized,False,,,,0,INSUFFICIENT_DATA,Insufficient pairwise observations.,intake_vs_baseline
q158_imxd_20h,xs_rank_mom_accel,alpha158_rolling_position,cross_sectional_normalized,False,,,,0,INSUFFICIENT_DATA,Insufficient pairwise observations.,intake_vs_baseline
q158_beta_20h,a101_volume_cap_alpha_min_80_80,alpha158_rolling_regression,alpha101_curated_volume_cap_regression,False,,,,0,INSUFFICIENT_DATA,Insufficient pairwise observations.,intake_vs_baseline
q158_rsqr_20h,a101_volume_cap_alpha_min_80_80,alpha158_rolling_regression,alpha101_curated_volume_cap_regression,False,,,,0,INSUFFICIENT_DATA,Insufficient pairwise observations.,intake_vs_baseline
q158_resi_20h,a101_volume_cap_alpha_min_80_80,alpha158_rolling_regression,alpha101_curated_volume_cap_regression,False,,,,0,INSUFFICIENT_DATA,Insufficient pairwise observations.,intake_vs_baseline
q158_imax_20h,a101_volume_cap_alpha_min_80_80,alpha158_rolling_position,alpha101_curated_volume_cap_regression,False,,,,0,INSUFFICIENT_DATA,Insufficient pairwise observations.,intake_vs_baseline
q158_imin_20h,a101_volume_cap_alpha_min_80_80,alpha158_rolling_position,alpha101_curated_volume_cap_regression,False,,,,0,INSUFFICIENT_DATA,Insufficient pairwise observations.,intake_vs_baseline
q158_imxd_20h,a101_volume_cap_alpha_min_80_80,alpha158_rolling_position,alpha101_curated_volume_cap_regression,False,,,,0,INSUFFICIENT_DATA,Insufficient pairwise observations.,intake_vs_baseline
q158_beta_20h,a101_volume_cap_alpha_min_56_84,alpha158_rolling_regression,alpha101_curated_volume_cap_regression,False,,,,0,INSUFFICIENT_DATA,Insufficient pairwise observations.,intake_vs_baseline
q158_rsqr_20h,a101_volume_cap_alpha_min_56_84,alpha158_rolling_regression,alpha101_curated_volume_cap_regression,False,,,,0,INSUFFICIENT_DATA,Insufficient pairwise observations.,intake_vs_baseline
q158_resi_20h,a101_volume_cap_alpha_min_56_84,alpha158_rolling_regression,alpha101_curated_volume_cap_regression,False,,,,0,INSUFFICIENT_DATA,Insufficient pairwise observations.,intake_vs_baseline
q158_imax_20h,a101_volume_cap_alpha_min_56_84,alpha158_rolling_position,alpha101_curated_volume_cap_regression,False,,,,0,INSUFFICIENT_DATA,Insufficient pairwise observations.,intake_vs_baseline
q158_imin_20h,a101_volume_cap_alpha_min_56_84,alpha158_rolling_position,alpha101_curated_volume_cap_regression,False,,,,0,INSUFFICIENT_DATA,Insufficient pairwise observations.,intake_vs_baseline
q158_imxd_20h,a101_volume_cap_alpha_min_56_84,alpha158_rolling_position,alpha101_curated_volume_cap_regression,False,,,,0,INSUFFICIENT_DATA,Insufficient pairwise observations.,intake_vs_baseline
