factor_i,factor_j,family_i,family_j,same_family,spearman_corr,abs_spearman_corr,pearson_corr,n_pairwise_obs,redundancy_level,recommendation,pair_type
q158_ma_60h,ema_12_26_gap,alpha158_rolling_price,technical_indicators,False,-0.955528,0.955528,-0.952802,2558,NEAR_DUPLICATE,NEAR_DUPLICATE with existing library factor. Likely redundant. Drop or justify unique contribution.,intake_vs_baseline
q158_ma_60h,mom_40h,alpha158_rolling_price,momentum,False,-0.907733,0.907733,-0.86588,854,HIGH_REDUNDANCY,REDUNDANT_WITH_EXISTING. High correlation with existing library factor.,intake_vs_baseline
q158_ma_60h,mom_20h,alpha158_rolling_price,momentum,False,-0.86776,0.86776,-0.868283,1706,HIGH_REDUNDANCY,REDUNDANT_WITH_EXISTING. High correlation with existing library factor.,intake_vs_baseline
q158_ma_60h,q158_roc_20h,alpha158_rolling_price,alpha158_rolling_price,True,0.86776,0.86776,0.869726,1706,HIGH_REDUNDANCY,REDUNDANT_WITH_EXISTING. High correlation with existing library factor.,intake_vs_baseline
q158_ma_60h,ma_gap_10_40,alpha158_rolling_price,trend_ma,False,-0.864803,0.864803,-0.702058,659330,HIGH_REDUNDANCY,REDUNDANT_WITH_EXISTING. High correlation with existing library factor.,intake_vs_baseline
q158_ma_60h,rsi_14h,alpha158_rolling_price,technical,False,-0.857353,0.857353,-0.526498,658265,HIGH_REDUNDANCY,REDUNDANT_WITH_EXISTING. High correlation with existing library factor.,intake_vs_baseline
q158_ma_60h,q158_sumd_20h,alpha158_rolling_price,alpha158_rolling,False,-0.847289,0.847289,-0.750891,1706,MODERATE_REDUNDANCY,Monitor. May provide diversification if combined carefully.,intake_vs_baseline
q158_ma_60h,q158_sump_20h,alpha158_rolling_price,alpha158_rolling_direction,False,-0.843657,0.843657,-0.740151,1706,MODERATE_REDUNDANCY,Monitor. May provide diversification if combined carefully.,intake_vs_baseline
q158_ma_60h,mom_vol_adjusted_20h,alpha158_rolling_price,momentum,False,-0.843122,0.843122,-0.741819,1698,MODERATE_REDUNDANCY,Monitor. May provide diversification if combined carefully.,intake_vs_baseline
q158_ma_60h,q158_sumn_20h,alpha158_rolling_price,alpha158_rolling_direction,False,0.83857,0.83857,0.732415,1706,MODERATE_REDUNDANCY,Monitor. May provide diversification if combined carefully.,intake_vs_baseline
q158_min_60h,q158_min_30h,alpha158_rolling_price,alpha158_rolling_price,True,0.835874,0.835874,0.842081,658904,MODERATE_REDUNDANCY,Monitor. May provide diversification if combined carefully.,intake_vs_baseline
q158_ma_60h,q158_ma_30h,alpha158_rolling_price,alpha158_rolling_price,True,0.835115,0.835115,0.820376,658904,MODERATE_REDUNDANCY,Monitor. May provide diversification if combined carefully.,intake_vs_baseline
q158_ma_60h,price_pos_72h,alpha158_rolling_price,price_position,False,-0.834557,0.834557,-0.716942,641,MODERATE_REDUNDANCY,Monitor. May provide diversification if combined carefully.,intake_vs_baseline
q158_max_60h,q158_max_30h,alpha158_rolling_price,alpha158_rolling_price,True,0.832532,0.832532,0.693234,658904,MODERATE_REDUNDANCY,Monitor. May provide diversification if combined carefully.,intake_vs_baseline
q158_ma_60h,rev_24h,alpha158_rolling_price,reversal,False,0.827598,0.827598,0.610684,658691,MODERATE_REDUNDANCY,Monitor. May provide diversification if combined carefully.,intake_vs_baseline
q158_std_60h,vol_40h,alpha158_rolling_price,volatility,False,0.793974,0.793974,0.82008,854,MODERATE_REDUNDANCY,Monitor. May provide diversification if combined carefully.,intake_vs_baseline
q158_ma_60h,price_pos_120h,alpha158_rolling_price,price_position,False,-0.785127,0.785127,-0.4468,654434,MODERATE_REDUNDANCY,Monitor. May provide diversification if combined carefully.,intake_vs_baseline
q158_max_60h,downside_vol_20h,alpha158_rolling_price,realized_skew_kurtosis,False,0.783557,0.783557,0.740305,1706,MODERATE_REDUNDANCY,Monitor. May provide diversification if combined carefully.,intake_vs_baseline
q158_std_60h,q158_std_30h,alpha158_rolling_price,alpha158_rolling_price,True,0.768725,0.768725,0.63979,658904,MODERATE_REDUNDANCY,Monitor. May provide diversification if combined carefully.,intake_vs_baseline
q158_ma_60h,ma_gap_20_80,alpha158_rolling_price,trend_ma,False,-0.760978,0.760978,-0.599761,658266,MODERATE_REDUNDANCY,Monitor. May provide diversification if combined carefully.,intake_vs_baseline
q158_min_60h,ema_12_26_gap,alpha158_rolling_price,technical_indicators,False,-0.738213,0.738213,-0.688803,2558,MODERATE_REDUNDANCY,Monitor. May provide diversification if combined carefully.,intake_vs_baseline
q158_min_60h,q158_min_20h,alpha158_rolling_price,alpha158_rolling_price,True,0.736274,0.736274,0.753173,658478,MODERATE_REDUNDANCY,Monitor. May provide diversification if combined carefully.,intake_vs_baseline
q158_max_60h,q158_max_20h,alpha158_rolling_price,alpha158_rolling_price,True,0.729898,0.729898,0.538708,658478,MODERATE_REDUNDANCY,Monitor. May provide diversification if combined carefully.,intake_vs_baseline
q158_ma_60h,mom_10h,alpha158_rolling_price,momentum,False,-0.712898,0.712898,-0.681484,2132,MODERATE_REDUNDANCY,Monitor. May provide diversification if combined carefully.,intake_vs_baseline
q158_ma_60h,rev_10h,alpha158_rolling_price,reversal,False,0.712898,0.712898,0.681484,2132,MODERATE_REDUNDANCY,Monitor. May provide diversification if combined carefully.,intake_vs_baseline
q158_ma_60h,q158_max_60h,alpha158_rolling_price,alpha158_rolling_price,True,0.708989,0.708989,0.435138,660184,MODERATE_REDUNDANCY,Monitor. May provide diversification if combined carefully.,intake_vs_intake
q158_ma_60h,q158_beta_20h,alpha158_rolling_price,alpha158_rolling_regression,False,-0.705923,0.705923,-0.698362,658478,MODERATE_REDUNDANCY,Monitor. May provide diversification if combined carefully.,intake_vs_baseline
q158_std_60h,volatility_20h,alpha158_rolling_price,volatility,False,0.704122,0.704122,0.739314,1706,MODERATE_REDUNDANCY,Monitor. May provide diversification if combined carefully.,intake_vs_baseline
q158_min_60h,mom_40h,alpha158_rolling_price,momentum,False,-0.699163,0.699163,-0.722353,854,LOW_REDUNDANCY,Low redundancy. Independent signal sources.,intake_vs_baseline
q158_ma_60h,q158_ma_20h,alpha158_rolling_price,alpha158_rolling_price,True,0.698376,0.698376,0.686588,658478,LOW_REDUNDANCY,Low redundancy. Independent signal sources.,intake_vs_baseline
q158_ma_60h,q158_cntd_20h,alpha158_rolling_price,alpha158_rolling_direction,False,-0.692768,0.692768,-0.611681,1706,LOW_REDUNDANCY,Low redundancy. Independent signal sources.,intake_vs_baseline
q158_min_60h,price_pos_72h,alpha158_rolling_price,price_position,False,-0.691721,0.691721,-0.618473,641,LOW_REDUNDANCY,Low redundancy. Independent signal sources.,intake_vs_baseline
q158_min_60h,vol_40h,alpha158_rolling_price,volatility,False,-0.689748,0.689748,-0.677628,854,LOW_REDUNDANCY,Low redundancy. Independent signal sources.,intake_vs_baseline
q158_ma_60h,q158_cntp_20h,alpha158_rolling_price,alpha158_rolling,False,-0.688993,0.688993,-0.591394,1706,LOW_REDUNDANCY,Low redundancy. Independent signal sources.,intake_vs_baseline
q158_ma_60h,ma_gap_5_20,alpha158_rolling_price,trend_ma,False,-0.683968,0.683968,-0.59019,658478,LOW_REDUNDANCY,Low redundancy. Independent signal sources.,intake_vs_baseline
q158_max_60h,q158_sumn_20h,alpha158_rolling_price,alpha158_rolling_direction,False,0.679413,0.679413,0.391082,1706,LOW_REDUNDANCY,Low redundancy. Independent signal sources.,intake_vs_baseline
q158_ma_60h,q158_cntn_20h,alpha158_rolling_price,alpha158_rolling,False,0.678399,0.678399,0.575561,1706,LOW_REDUNDANCY,Low redundancy. Independent signal sources.,intake_vs_baseline
q158_max_60h,mom_vol_adjusted_20h,alpha158_rolling_price,momentum,False,-0.673297,0.673297,-0.376163,1698,LOW_REDUNDANCY,Low redundancy. Independent signal sources.,intake_vs_baseline
q158_std_60h,downside_vol_20h,alpha158_rolling_price,realized_skew_kurtosis,False,0.671436,0.671436,0.783197,1706,LOW_REDUNDANCY,Low redundancy. Independent signal sources.,intake_vs_baseline
q158_max_60h,q158_sumd_20h,alpha158_rolling_price,alpha158_rolling,False,-0.670237,0.670237,-0.388085,1706,LOW_REDUNDANCY,Low redundancy. Independent signal sources.,intake_vs_baseline
q158_ma_60h,q158_min_60h,alpha158_rolling_price,alpha158_rolling_price,True,0.666684,0.666684,0.307437,660184,LOW_REDUNDANCY,Low redundancy. Independent signal sources.,intake_vs_intake
q158_ma_60h,volume_pressure_20h,alpha158_rolling_price,volume_price,False,-0.663247,0.663247,-0.121896,1706,LOW_REDUNDANCY,Low redundancy. Independent signal sources.,intake_vs_baseline
q158_std_60h,q158_std_20h,alpha158_rolling_price,alpha158_rolling_price,True,0.655589,0.655589,0.486778,658478,LOW_REDUNDANCY,Low redundancy. Independent signal sources.,intake_vs_baseline
q158_ma_60h,q158_cord_20h,alpha158_rolling_price,alpha158_rolling_volume_price,False,-0.654829,0.654829,-0.607362,1698,LOW_REDUNDANCY,Low redundancy. Independent signal sources.,intake_vs_baseline
q158_ma_60h,q158_qtlu_20h,alpha158_rolling_price,alpha158_rolling,False,0.65313,0.65313,0.652577,658478,LOW_REDUNDANCY,Low redundancy. Independent signal sources.,intake_vs_baseline
q158_min_60h,rsi_14h,alpha158_rolling_price,technical,False,-0.65167,0.65167,-0.446671,658265,LOW_REDUNDANCY,Low redundancy. Independent signal sources.,intake_vs_baseline
q158_max_60h,q158_sump_20h,alpha158_rolling_price,alpha158_rolling_direction,False,-0.65142,0.65142,-0.369969,1706,LOW_REDUNDANCY,Low redundancy. Independent signal sources.,intake_vs_baseline
q158_std_60h,q158_max_60h,alpha158_rolling_price,alpha158_rolling_price,True,0.646384,0.646384,0.530866,660184,LOW_REDUNDANCY,Low redundancy. Independent signal sources.,intake_vs_intake
q158_min_60h,q158_sump_20h,alpha158_rolling_price,alpha158_rolling_direction,False,-0.645864,0.645864,-0.478734,1706,LOW_REDUNDANCY,Low redundancy. Independent signal sources.,intake_vs_baseline
q158_ma_60h,price_volume_corr_20h,alpha158_rolling_price,volume_price,False,-0.645568,0.645568,-0.594044,1698,LOW_REDUNDANCY,Low redundancy. Independent signal sources.,intake_vs_baseline
q158_max_60h,rsi_14h,alpha158_rolling_price,technical,False,-0.644113,0.644113,-0.126774,658265,LOW_REDUNDANCY,Low redundancy. Independent signal sources.,intake_vs_baseline
q158_min_60h,mom_vol_adjusted_20h,alpha158_rolling_price,momentum,False,-0.642393,0.642393,-0.479858,1698,LOW_REDUNDANCY,Low redundancy. Independent signal sources.,intake_vs_baseline
q158_ma_60h,bb_zscore_20h,alpha158_rolling_price,technical,False,-0.64068,0.64068,-0.361634,656713,LOW_REDUNDANCY,Low redundancy. Independent signal sources.,intake_vs_baseline
q158_ma_60h,q158_qtld_20h,alpha158_rolling_price,alpha158_rolling,False,0.639503,0.639503,0.505309,658478,LOW_REDUNDANCY,Low redundancy. Independent signal sources.,intake_vs_baseline
q158_min_60h,q158_sumd_20h,alpha158_rolling_price,alpha158_rolling,False,-0.636453,0.636453,-0.47128,1706,LOW_REDUNDANCY,Low redundancy. Independent signal sources.,intake_vs_baseline
q158_max_60h,mom_20h,alpha158_rolling_price,momentum,False,-0.63409,0.63409,-0.389149,1706,LOW_REDUNDANCY,Low redundancy. Independent signal sources.,intake_vs_baseline
q158_max_60h,q158_roc_20h,alpha158_rolling_price,alpha158_rolling_price,True,0.63409,0.63409,0.445545,1706,LOW_REDUNDANCY,Low redundancy. Independent signal sources.,intake_vs_baseline
q158_min_60h,q158_qtld_20h,alpha158_rolling_price,alpha158_rolling,False,0.628933,0.628933,0.541759,658478,LOW_REDUNDANCY,Low redundancy. Independent signal sources.,intake_vs_baseline
q158_std_60h,wvma_20h,alpha158_rolling_price,alpha158_ohlcv,False,0.627365,0.627365,0.298761,1698,LOW_REDUNDANCY,Low redundancy. Independent signal sources.,intake_vs_baseline
q158_max_60h,q158_qtlu_20h,alpha158_rolling_price,alpha158_rolling,False,0.622691,0.622691,0.273496,658478,LOW_REDUNDANCY,Low redundancy. Independent signal sources.,intake_vs_baseline
q158_min_60h,price_pos_120h,alpha158_rolling_price,price_position,False,-0.621727,0.621727,-0.455903,654434,LOW_REDUNDANCY,Low redundancy. Independent signal sources.,intake_vs_baseline
q158_ma_60h,vwap_dev_20h,alpha158_rolling_price,alpha158_ohlcv,False,-0.620775,0.620775,-0.496287,656713,LOW_REDUNDANCY,Low redundancy. Independent signal sources.,intake_vs_baseline
q158_ma_60h,q158_imxd_20h,alpha158_rolling_price,alpha158_rolling_position,False,0.618192,0.618192,0.355544,658478,LOW_REDUNDANCY,Low redundancy. Independent signal sources.,intake_vs_baseline
q158_min_60h,q158_sumn_20h,alpha158_rolling_price,alpha158_rolling_direction,False,0.617858,0.617858,0.445512,1706,LOW_REDUNDANCY,Low redundancy. Independent signal sources.,intake_vs_baseline
q158_max_60h,q158_ma_30h,alpha158_rolling_price,alpha158_rolling_price,True,0.616856,0.616856,0.291858,658904,LOW_REDUNDANCY,Low redundancy. Independent signal sources.,intake_vs_baseline
q158_ma_60h,q158_rank_close_20h,alpha158_rolling_price,alpha158_rolling,False,-0.616206,0.616206,-0.347796,658478,LOW_REDUNDANCY,Low redundancy. Independent signal sources.,intake_vs_baseline
q158_max_60h,price_pos_120h,alpha158_rolling_price,price_position,False,-0.615083,0.615083,-0.127022,654434,LOW_REDUNDANCY,Low redundancy. Independent signal sources.,intake_vs_baseline
q158_min_60h,mom_20h,alpha158_rolling_price,momentum,False,-0.611594,0.611594,-0.561745,1706,LOW_REDUNDANCY,Low redundancy. Independent signal sources.,intake_vs_baseline
q158_min_60h,q158_roc_20h,alpha158_rolling_price,alpha158_rolling_price,True,0.611594,0.611594,0.522883,1706,LOW_REDUNDANCY,Low redundancy. Independent signal sources.,intake_vs_baseline
q158_ma_60h,breakout_dist_20h,alpha158_rolling_price,breakout,False,-0.61038,0.61038,-0.348029,658478,LOW_REDUNDANCY,Low redundancy. Independent signal sources.,intake_vs_baseline
q158_ma_60h,q158_rsv_20h,alpha158_rolling_price,alpha158_rolling,False,-0.608961,0.608961,-0.347526,658478,LOW_REDUNDANCY,Low redundancy. Independent signal sources.,intake_vs_baseline
q158_ma_60h,up_down_vol_ratio_20h,alpha158_rolling_price,alpha158_ohlcv,False,-0.608715,0.608715,-0.370431,656713,LOW_REDUNDANCY,Low redundancy. Independent signal sources.,intake_vs_baseline
q158_max_60h,q158_cntn_20h,alpha158_rolling_price,alpha158_rolling,False,0.608703,0.608703,0.37299,1706,LOW_REDUNDANCY,Low redundancy. Independent signal sources.,intake_vs_baseline
q158_max_60h,ma_gap_10_40,alpha158_rolling_price,trend_ma,False,-0.606572,0.606572,-0.185877,659330,LOW_REDUNDANCY,Low redundancy. Independent signal sources.,intake_vs_baseline
q158_min_60h,q158_cord_20h,alpha158_rolling_price,alpha158_rolling_volume_price,False,-0.600727,0.600727,-0.49694,1698,LOW_REDUNDANCY,Low redundancy. Independent signal sources.,intake_vs_baseline
q158_min_60h,q158_ma_30h,alpha158_rolling_price,alpha158_rolling_price,True,0.600123,0.600123,0.291665,658904,LOW_REDUNDANCY,Low redundancy. Independent signal sources.,intake_vs_baseline
q158_min_60h,price_volume_corr_20h,alpha158_rolling_price,volume_price,False,-0.59794,0.59794,-0.492962,1698,LOW_REDUNDANCY,Low redundancy. Independent signal sources.,intake_vs_baseline
q158_std_60h,vol_of_vol_20h,alpha158_rolling_price,realized_skew_kurtosis,False,0.597269,0.597269,0.304519,658691,LOW_REDUNDANCY,Low redundancy. Independent signal sources.,intake_vs_baseline
q158_ma_60h,vol_ret_corr_20h,alpha158_rolling_price,alpha158_ohlcv,False,-0.597172,0.597172,-0.554718,1698,LOW_REDUNDANCY,Low redundancy. Independent signal sources.,intake_vs_baseline
q158_ma_60h,q158_max_30h,alpha158_rolling_price,alpha158_rolling_price,True,0.594906,0.594906,0.348771,658904,LOW_REDUNDANCY,Low redundancy. Independent signal sources.,intake_vs_baseline
q158_max_60h,q158_cntd_20h,alpha158_rolling_price,alpha158_rolling_direction,False,-0.594174,0.594174,-0.366991,1706,LOW_REDUNDANCY,Low redundancy. Independent signal sources.,intake_vs_baseline
q158_max_60h,rev_24h,alpha158_rolling_price,reversal,False,0.59159,0.59159,0.127693,658691,LOW_REDUNDANCY,Low redundancy. Independent signal sources.,intake_vs_baseline
q158_min_60h,q158_min_10h,alpha158_rolling_price,alpha158_rolling_price,True,0.588298,0.588298,0.624733,658052,LOW_REDUNDANCY,Low redundancy. Independent signal sources.,intake_vs_baseline
q158_max_60h,q158_max_10h,alpha158_rolling_price,alpha158_rolling_price,True,0.5769,0.5769,0.368604,658052,LOW_REDUNDANCY,Low redundancy. Independent signal sources.,intake_vs_baseline
q158_min_60h,rev_24h,alpha158_rolling_price,reversal,False,0.572841,0.572841,0.498361,658691,LOW_REDUNDANCY,Low redundancy. Independent signal sources.,intake_vs_baseline
q158_max_60h,vol_40h,alpha158_rolling_price,volatility,False,0.571604,0.571604,0.770788,854,LOW_REDUNDANCY,Low redundancy. Independent signal sources.,intake_vs_baseline
q158_max_60h,rev_10h,alpha158_rolling_price,reversal,False,0.570355,0.570355,0.315725,2132,LOW_REDUNDANCY,Low redundancy. Independent signal sources.,intake_vs_baseline
q158_max_60h,mom_10h,alpha158_rolling_price,momentum,False,-0.570355,0.570355,-0.315725,2132,LOW_REDUNDANCY,Low redundancy. Independent signal sources.,intake_vs_baseline
q158_min_60h,ma_gap_10_40,alpha158_rolling_price,trend_ma,False,-0.568179,0.568179,-0.4725,659330,LOW_REDUNDANCY,Low redundancy. Independent signal sources.,intake_vs_baseline
q158_max_60h,q158_cntp_20h,alpha158_rolling_price,alpha158_rolling,False,-0.565336,0.565336,-0.327262,1706,LOW_REDUNDANCY,Low redundancy. Independent signal sources.,intake_vs_baseline
q158_min_60h,vol_ret_corr_20h,alpha158_rolling_price,alpha158_ohlcv,False,-0.563102,0.563102,-0.47448,1698,LOW_REDUNDANCY,Low redundancy. Independent signal sources.,intake_vs_baseline
q158_std_60h,q158_max_30h,alpha158_rolling_price,alpha158_rolling_price,True,0.553827,0.553827,0.327822,658904,LOW_REDUNDANCY,Low redundancy. Independent signal sources.,intake_vs_baseline
q158_ma_60h,q158_min_30h,alpha158_rolling_price,alpha158_rolling_price,True,0.553382,0.553382,0.260886,658904,LOW_REDUNDANCY,Low redundancy. Independent signal sources.,intake_vs_baseline
q158_max_60h,ma_gap_20_80,alpha158_rolling_price,trend_ma,False,-0.545144,0.545144,-0.163893,658266,LOW_REDUNDANCY,Low redundancy. Independent signal sources.,intake_vs_baseline
q158_max_60h,ema_12_26_gap,alpha158_rolling_price,technical_indicators,False,-0.544891,0.544891,-0.299005,2558,LOW_REDUNDANCY,Low redundancy. Independent signal sources.,intake_vs_baseline
q158_ma_60h,q158_imax_20h,alpha158_rolling_price,alpha158_rolling_position,False,0.541413,0.541413,0.309249,658478,LOW_REDUNDANCY,Low redundancy. Independent signal sources.,intake_vs_baseline
q158_max_60h,q158_ma_20h,alpha158_rolling_price,alpha158_rolling_price,True,0.541261,0.541261,0.229305,658478,LOW_REDUNDANCY,Low redundancy. Independent signal sources.,intake_vs_baseline
q158_min_60h,volatility_20h,alpha158_rolling_price,volatility,False,-0.537191,0.537191,-0.674578,1706,LOW_REDUNDANCY,Low redundancy. Independent signal sources.,intake_vs_baseline
q158_min_60h,q158_rsv_20h,alpha158_rolling_price,alpha158_rolling,False,-0.537052,0.537052,-0.342778,658478,LOW_REDUNDANCY,Low redundancy. Independent signal sources.,intake_vs_baseline
q158_max_60h,vwap_dev_20h,alpha158_rolling_price,alpha158_ohlcv,False,-0.536633,0.536633,-0.155617,656713,LOW_REDUNDANCY,Low redundancy. Independent signal sources.,intake_vs_baseline
q158_std_60h,q158_std_10h,alpha158_rolling_price,alpha158_rolling_price,True,0.536338,0.536338,0.324777,658052,LOW_REDUNDANCY,Low redundancy. Independent signal sources.,intake_vs_baseline
q158_max_60h,breakout_dist_20h,alpha158_rolling_price,breakout,False,-0.535604,0.535604,-0.100491,658478,LOW_REDUNDANCY,Low redundancy. Independent signal sources.,intake_vs_baseline
q158_min_60h,q158_ma_20h,alpha158_rolling_price,alpha158_rolling_price,True,0.535341,0.535341,0.272074,658478,LOW_REDUNDANCY,Low redundancy. Independent signal sources.,intake_vs_baseline
q158_min_60h,bb_zscore_20h,alpha158_rolling_price,technical,False,-0.533901,0.533901,-0.343379,656713,LOW_REDUNDANCY,Low redundancy. Independent signal sources.,intake_vs_baseline
q158_ma_60h,q158_imin_20h,alpha158_rolling_price,alpha158_rolling_position,False,-0.527645,0.527645,-0.29804,658478,LOW_REDUNDANCY,Low redundancy. Independent signal sources.,intake_vs_baseline
q158_min_60h,breakout_dist_20h,alpha158_rolling_price,breakout,False,-0.521101,0.521101,-0.333526,658478,LOW_REDUNDANCY,Low redundancy. Independent signal sources.,intake_vs_baseline
q158_max_60h,q158_rsv_20h,alpha158_rolling_price,alpha158_rolling,False,-0.519775,0.519775,-0.098321,658478,LOW_REDUNDANCY,Low redundancy. Independent signal sources.,intake_vs_baseline
q158_min_60h,q158_rank_close_20h,alpha158_rolling_price,alpha158_rolling,False,-0.518128,0.518128,-0.332533,658478,LOW_REDUNDANCY,Low redundancy. Independent signal sources.,intake_vs_baseline
q158_max_60h,q158_beta_20h,alpha158_rolling_price,alpha158_rolling_regression,False,-0.517438,0.517438,-0.24722,658478,LOW_REDUNDANCY,Low redundancy. Independent signal sources.,intake_vs_baseline
q158_max_60h,ma_gap_5_20,alpha158_rolling_price,trend_ma,False,-0.514883,0.514883,-0.148164,658478,LOW_REDUNDANCY,Low redundancy. Independent signal sources.,intake_vs_baseline
q158_max_60h,q158_std_30h,alpha158_rolling_price,alpha158_rolling_price,True,0.514842,0.514842,0.35925,658904,LOW_REDUNDANCY,Low redundancy. Independent signal sources.,intake_vs_baseline
q158_min_60h,ma_gap_5_20,alpha158_rolling_price,trend_ma,False,-0.503937,0.503937,-0.398061,658478,LOW_REDUNDANCY,Low redundancy. Independent signal sources.,intake_vs_baseline
q158_min_60h,q158_cntp_20h,alpha158_rolling_price,alpha158_rolling,False,-0.502271,0.502271,-0.375344,1706,LOW_REDUNDANCY,Low redundancy. Independent signal sources.,intake_vs_baseline
q158_min_60h,q158_beta_20h,alpha158_rolling_price,alpha158_rolling_regression,False,-0.501216,0.501216,-0.232518,658478,LOW_REDUNDANCY,Low redundancy. Independent signal sources.,intake_vs_baseline
q158_max_60h,bb_zscore_20h,alpha158_rolling_price,technical,False,-0.498663,0.498663,-0.083361,656713,LOW_REDUNDANCY,Low redundancy. Independent signal sources.,intake_vs_baseline
q158_min_60h,vwap_dev_20h,alpha158_rolling_price,alpha158_ohlcv,False,-0.497661,0.497661,-0.373392,656713,LOW_REDUNDANCY,Low redundancy. Independent signal sources.,intake_vs_baseline
q158_std_60h,q158_max_20h,alpha158_rolling_price,alpha158_rolling_price,True,0.495816,0.495816,0.247135,658478,LOW_REDUNDANCY,Low redundancy. Independent signal sources.,intake_vs_baseline
q158_min_60h,q158_cntd_20h,alpha158_rolling_price,alpha158_rolling_direction,False,-0.492892,0.492892,-0.361886,1706,LOW_REDUNDANCY,Low redundancy. Independent signal sources.,intake_vs_baseline
q158_ma_60h,q158_max_20h,alpha158_rolling_price,alpha158_rolling_price,True,0.490017,0.490017,0.283831,658478,LOW_REDUNDANCY,Low redundancy. Independent signal sources.,intake_vs_baseline
q158_min_60h,volume_pressure_20h,alpha158_rolling_price,volume_price,False,-0.486608,0.486608,-0.079474,1706,LOW_REDUNDANCY,Low redundancy. Independent signal sources.,intake_vs_baseline
q158_ma_60h,q158_ma_10h,alpha158_rolling_price,alpha158_rolling_price,True,0.485541,0.485541,0.481809,658052,LOW_REDUNDANCY,Low redundancy. Independent signal sources.,intake_vs_baseline
q158_max_60h,q158_rank_close_20h,alpha158_rolling_price,alpha158_rolling,False,-0.484013,0.484013,-0.083014,658478,LOW_REDUNDANCY,Low redundancy. Independent signal sources.,intake_vs_baseline
q158_ma_60h,reversal_5h,alpha158_rolling_price,momentum,False,0.481739,0.481739,0.494016,2345,LOW_REDUNDANCY,Low redundancy. Independent signal sources.,intake_vs_baseline
q158_ma_60h,mom_5h,alpha158_rolling_price,momentum,False,-0.481739,0.481739,-0.494016,2345,LOW_REDUNDANCY,Low redundancy. Independent signal sources.,intake_vs_baseline
q158_min_60h,q158_imxd_20h,alpha158_rolling_price,alpha158_rolling_position,False,0.480211,0.480211,0.328585,658478,LOW_REDUNDANCY,Low redundancy. Independent signal sources.,intake_vs_baseline
q158_min_60h,q158_low_close_0h,alpha158_rolling_price,alpha158_price,False,0.479342,0.479342,0.533472,2558,LOW_REDUNDANCY,Low redundancy. Independent signal sources.,intake_vs_baseline
q158_min_60h,rev_10h,alpha158_rolling_price,reversal,False,0.479198,0.479198,0.41407,2132,LOW_REDUNDANCY,Low redundancy. Independent signal sources.,intake_vs_baseline
q158_min_60h,mom_10h,alpha158_rolling_price,momentum,False,-0.479198,0.479198,-0.41407,2132,LOW_REDUNDANCY,Low redundancy. Independent signal sources.,intake_vs_baseline
q158_min_60h,q158_min_5h,alpha158_rolling_price,alpha158_rolling_price,True,0.476417,0.476417,0.528926,657839,LOW_REDUNDANCY,Low redundancy. Independent signal sources.,intake_vs_baseline
q158_min_60h,ma_gap_20_80,alpha158_rolling_price,trend_ma,False,-0.476072,0.476072,-0.456643,658266,LOW_REDUNDANCY,Low redundancy. Independent signal sources.,intake_vs_baseline
q158_min_60h,q158_klen_open,alpha158_rolling_price,alpha158_kbar,False,-0.474372,0.474372,-0.564614,2558,LOW_REDUNDANCY,Low redundancy. Independent signal sources.,intake_vs_baseline
q158_min_60h,wvma_20h,alpha158_rolling_price,alpha158_ohlcv,False,-0.472923,0.472923,-0.308135,1698,LOW_REDUNDANCY,Low redundancy. Independent signal sources.,intake_vs_baseline
q158_ma_60h,q158_corr_20h,alpha158_rolling_price,alpha158_rolling_volume_price,False,-0.47283,0.47283,-0.30479,656713,LOW_REDUNDANCY,Low redundancy. Independent signal sources.,intake_vs_baseline
q158_min_60h,q158_high_low_range,alpha158_rolling_price,alpha158,False,-0.472578,0.472578,-0.565863,2558,LOW_REDUNDANCY,Low redundancy. Independent signal sources.,intake_vs_baseline
q158_min_60h,range_1h,alpha158_rolling_price,range_position,False,-0.472578,0.472578,-0.565863,2558,LOW_REDUNDANCY,Low redundancy. Independent signal sources.,intake_vs_baseline
q158_max_60h,volume_pressure_20h,alpha158_rolling_price,volume_price,False,-0.470842,0.470842,-0.064321,1706,LOW_REDUNDANCY,Low redundancy. Independent signal sources.,intake_vs_baseline
q158_min_60h,q158_cntn_20h,alpha158_rolling_price,alpha158_rolling,False,0.469074,0.469074,0.31495,1706,LOW_REDUNDANCY,Low redundancy. Independent signal sources.,intake_vs_baseline
q158_ma_60h,clv_20h,alpha158_rolling_price,alpha158_ohlc_range,False,-0.468768,0.468768,-0.293792,658478,LOW_REDUNDANCY,Low redundancy. Independent signal sources.,intake_vs_baseline
q158_min_60h,up_down_vol_ratio_20h,alpha158_rolling_price,alpha158_ohlcv,False,-0.46865,0.46865,-0.332184,656713,LOW_REDUNDANCY,Low redundancy. Independent signal sources.,intake_vs_baseline
q158_max_60h,volatility_20h,alpha158_rolling_price,volatility,False,0.467967,0.467967,0.618224,1706,LOW_REDUNDANCY,Low redundancy. Independent signal sources.,intake_vs_baseline
q158_max_60h,q158_imxd_20h,alpha158_rolling_price,alpha158_rolling_position,False,0.466731,0.466731,0.084547,658478,LOW_REDUNDANCY,Low redundancy. Independent signal sources.,intake_vs_baseline
q158_max_60h,q158_max_5h,alpha158_rolling_price,alpha158_rolling_price,True,0.463353,0.463353,0.252382,657839,LOW_REDUNDANCY,Low redundancy. Independent signal sources.,intake_vs_baseline
q158_max_60h,price_pos_72h,alpha158_rolling_price,price_position,False,-0.462902,0.462902,-0.370166,641,LOW_REDUNDANCY,Low redundancy. Independent signal sources.,intake_vs_baseline
q158_std_60h,q158_std_5h,alpha158_rolling_price,alpha158_rolling_price,True,0.460998,0.460998,0.263167,657839,LOW_REDUNDANCY,Low redundancy. Independent signal sources.,intake_vs_baseline
q158_min_60h,q158_imin_20h,alpha158_rolling_price,alpha158_rolling_position,False,-0.458672,0.458672,-0.312307,658478,LOW_REDUNDANCY,Low redundancy. Independent signal sources.,intake_vs_baseline
q158_max_60h,q158_std_20h,alpha158_rolling_price,alpha158_rolling_price,True,0.455691,0.455691,0.289197,658478,LOW_REDUNDANCY,Low redundancy. Independent signal sources.,intake_vs_baseline
q158_ma_60h,q158_min_20h,alpha158_rolling_price,alpha158_rolling_price,True,0.454391,0.454391,0.220413,658478,LOW_REDUNDANCY,Low redundancy. Independent signal sources.,intake_vs_baseline
q158_max_60h,q158_imax_20h,alpha158_rolling_price,alpha158_rolling_position,False,0.452683,0.452683,0.082609,658478,LOW_REDUNDANCY,Low redundancy. Independent signal sources.,intake_vs_baseline
q158_std_60h,q158_min_60h,alpha158_rolling_price,alpha158_rolling_price,True,-0.449571,0.449571,-0.285484,660184,LOW_REDUNDANCY,Low redundancy. Independent signal sources.,intake_vs_intake
q158_max_60h,up_down_vol_ratio_20h,alpha158_rolling_price,alpha158_ohlcv,False,-0.444232,0.444232,-0.08237,656713,LOW_REDUNDANCY,Low redundancy. Independent signal sources.,intake_vs_baseline
q158_max_60h,mom_5h,alpha158_rolling_price,momentum,False,-0.437056,0.437056,-0.224841,2345,LOW_REDUNDANCY,Low redundancy. Independent signal sources.,intake_vs_baseline
q158_max_60h,reversal_5h,alpha158_rolling_price,momentum,False,0.437056,0.437056,0.224841,2345,LOW_REDUNDANCY,Low redundancy. Independent signal sources.,intake_vs_baseline
q158_max_60h,wvma_20h,alpha158_rolling_price,alpha158_ohlcv,False,0.432761,0.432761,0.39527,1698,LOW_REDUNDANCY,Low redundancy. Independent signal sources.,intake_vs_baseline
q158_std_60h,q158_klen_open,alpha158_rolling_price,alpha158_kbar,False,0.430557,0.430557,0.522771,2558,LOW_REDUNDANCY,Low redundancy. Independent signal sources.,intake_vs_baseline
q158_std_60h,range_1h,alpha158_rolling_price,range_position,False,0.430347,0.430347,0.527337,2558,LOW_REDUNDANCY,Low redundancy. Independent signal sources.,intake_vs_baseline
q158_std_60h,q158_high_low_range,alpha158_rolling_price,alpha158,False,0.430347,0.430347,0.527337,2558,LOW_REDUNDANCY,Low redundancy. Independent signal sources.,intake_vs_baseline
q158_std_60h,q158_max_10h,alpha158_rolling_price,alpha158_rolling_price,True,0.426133,0.426133,0.153954,658052,LOW_REDUNDANCY,Low redundancy. Independent signal sources.,intake_vs_baseline
q158_max_60h,clv_20h,alpha158_rolling_price,alpha158_ohlc_range,False,-0.426126,0.426126,-0.091629,658478,LOW_REDUNDANCY,Low redundancy. Independent signal sources.,intake_vs_baseline
q158_max_60h,vol_of_vol_20h,alpha158_rolling_price,realized_skew_kurtosis,False,0.418159,0.418159,0.173298,658691,LOW_REDUNDANCY,Low redundancy. Independent signal sources.,intake_vs_baseline
q158_min_60h,q158_ma_10h,alpha158_rolling_price,alpha158_rolling_price,True,0.41676,0.41676,0.231527,658052,LOW_REDUNDANCY,Low redundancy. Independent signal sources.,intake_vs_baseline
q158_min_60h,q158_low_close_4h,alpha158_rolling_price,alpha158_price,False,0.414743,0.414743,0.319709,657839,LOW_REDUNDANCY,Low redundancy. Independent signal sources.,intake_vs_baseline
q158_min_60h,vol_of_vol_20h,alpha158_rolling_price,realized_skew_kurtosis,False,-0.413402,0.413402,-0.44827,658691,LOW_REDUNDANCY,Low redundancy. Independent signal sources.,intake_vs_baseline
q158_min_60h,vol_5h,alpha158_rolling_price,volatility,False,-0.409735,0.409735,-0.541116,2345,LOW_REDUNDANCY,Low redundancy. Independent signal sources.,intake_vs_baseline
q158_max_60h,q158_ma_10h,alpha158_rolling_price,alpha158_rolling_price,True,0.409044,0.409044,0.148456,658052,LOW_REDUNDANCY,Low redundancy. Independent signal sources.,intake_vs_baseline
q158_std_60h,q158_min_30h,alpha158_rolling_price,alpha158_rolling_price,True,-0.407188,0.407188,-0.258348,658904,LOW_REDUNDANCY,Low redundancy. Independent signal sources.,intake_vs_baseline
q158_max_60h,q158_high_close_4h,alpha158_rolling_price,alpha158_price,False,0.404318,0.404318,0.155325,657839,LOW_REDUNDANCY,Low redundancy. Independent signal sources.,intake_vs_baseline
q158_ma_60h,q158_open_close_4h,alpha158_rolling_price,alpha158_price,False,0.400372,0.400372,0.397076,657839,LOW_REDUNDANCY,Low redundancy. Independent signal sources.,intake_vs_baseline
q158_min_60h,q158_qtlu_20h,alpha158_rolling_price,alpha158_rolling,False,0.398732,0.398732,0.066428,658478,LOW_REDUNDANCY,Low redundancy. Independent signal sources.,intake_vs_baseline
q158_min_60h,q158_klow_open,alpha158_rolling_price,alpha158_kbar,False,-0.393053,0.393053,-0.501018,2558,LOW_REDUNDANCY,Low redundancy. Independent signal sources.,intake_vs_baseline
q158_min_60h,klow_close,alpha158_rolling_price,alpha158_ohlcv,False,-0.392039,0.392039,-0.499451,2558,LOW_REDUNDANCY,Low redundancy. Independent signal sources.,intake_vs_baseline
q158_ma_60h,tech_macd,alpha158_rolling_price,technical,False,-0.390923,0.390923,-0.019309,2558,LOW_REDUNDANCY,Low redundancy. Independent signal sources.,intake_vs_baseline
q158_std_60h,vol_5h,alpha158_rolling_price,volatility,False,0.387829,0.387829,0.517416,2345,LOW_REDUNDANCY,Low redundancy. Independent signal sources.,intake_vs_baseline
q158_ma_60h,q158_low_close_0h,alpha158_rolling_price,alpha158_price,False,0.385445,0.385445,0.390159,2558,LOW_REDUNDANCY,Low redundancy. Independent signal sources.,intake_vs_baseline
q158_std_60h,q158_max_5h,alpha158_rolling_price,alpha158_rolling_price,True,0.384353,0.384353,0.113855,657839,LOW_REDUNDANCY,Low redundancy. Independent signal sources.,intake_vs_baseline
q158_max_60h,q158_qtld_20h,alpha158_rolling_price,alpha158_rolling,False,0.383649,0.383649,0.069683,658478,LOW_REDUNDANCY,Low redundancy. Independent signal sources.,intake_vs_baseline
q158_max_60h,mom_40h,alpha158_rolling_price,momentum,False,-0.38303,0.38303,-0.178789,854,LOW_REDUNDANCY,Low redundancy. Independent signal sources.,intake_vs_baseline
q158_std_60h,q158_min_20h,alpha158_rolling_price,alpha158_rolling_price,True,-0.378339,0.378339,-0.23559,658478,LOW_REDUNDANCY,Low redundancy. Independent signal sources.,intake_vs_baseline
q158_min_60h,q158_std_30h,alpha158_rolling_price,alpha158_rolling_price,True,-0.376362,0.376362,-0.304806,658904,LOW_REDUNDANCY,Low redundancy. Independent signal sources.,intake_vs_baseline
q158_max_60h,q158_std_10h,alpha158_rolling_price,alpha158_rolling_price,True,0.376032,0.376032,0.202425,658052,LOW_REDUNDANCY,Low redundancy. Independent signal sources.,intake_vs_baseline
q158_max_60h,tech_macd,alpha158_rolling_price,technical,False,-0.370199,0.370199,0.015669,2558,LOW_REDUNDANCY,Low redundancy. Independent signal sources.,intake_vs_baseline
q158_ma_60h,q158_low_close_4h,alpha158_rolling_price,alpha158_price,False,0.369302,0.369302,0.357287,657839,LOW_REDUNDANCY,Low redundancy. Independent signal sources.,intake_vs_baseline
q158_ma_60h,q158_high_close_4h,alpha158_rolling_price,alpha158_price,False,0.368376,0.368376,0.371864,657839,LOW_REDUNDANCY,Low redundancy. Independent signal sources.,intake_vs_baseline
q158_min_60h,q158_imax_20h,alpha158_rolling_price,alpha158_rolling_position,False,0.366934,0.366934,0.24911,658478,LOW_REDUNDANCY,Low redundancy. Independent signal sources.,intake_vs_baseline
q158_max_60h,q158_high_close_0h,alpha158_rolling_price,alpha158_price,False,0.361745,0.361745,0.349705,2558,LOW_REDUNDANCY,Low redundancy. Independent signal sources.,intake_vs_baseline
q158_ma_60h,q158_close_close_4h,alpha158_rolling_price,alpha158_price,False,0.358178,0.358178,0.358738,657839,LOW_REDUNDANCY,Low redundancy. Independent signal sources.,intake_vs_baseline
q158_min_60h,q158_open_close_4h,alpha158_rolling_price,alpha158_price,False,0.355553,0.355553,0.210832,657839,LOW_REDUNDANCY,Low redundancy. Independent signal sources.,intake_vs_baseline
q158_min_60h,q158_std_20h,alpha158_rolling_price,alpha158_rolling_price,True,-0.355193,0.355193,-0.313085,658478,LOW_REDUNDANCY,Low redundancy. Independent signal sources.,intake_vs_baseline
q158_max_60h,q158_imin_20h,alpha158_rolling_price,alpha158_rolling_position,False,-0.351466,0.351466,-0.061759,658478,LOW_REDUNDANCY,Low redundancy. Independent signal sources.,intake_vs_baseline
q158_std_60h,q158_min_10h,alpha158_rolling_price,alpha158_rolling_price,True,-0.350862,0.350862,-0.211598,658052,LOW_REDUNDANCY,Low redundancy. Independent signal sources.,intake_vs_baseline
q158_ma_60h,realized_kurt_20h,alpha158_rolling_price,realized_shape,False,-0.34741,0.34741,-0.236552,1706,LOW_REDUNDANCY,Low redundancy. Independent signal sources.,intake_vs_baseline
q158_min_60h,realized_kurt_20h,alpha158_rolling_price,realized_shape,False,-0.341924,0.341924,-0.203234,1706,LOW_REDUNDANCY,Low redundancy. Independent signal sources.,intake_vs_baseline
q158_max_60h,q158_open_close_4h,alpha158_rolling_price,alpha158_price,False,0.338915,0.338915,0.124028,657839,LOW_REDUNDANCY,Low redundancy. Independent signal sources.,intake_vs_baseline
q158_std_60h,q158_min_5h,alpha158_rolling_price,alpha158_rolling_price,True,-0.337745,0.337745,-0.198416,657839,LOW_REDUNDANCY,Low redundancy. Independent signal sources.,intake_vs_baseline
q158_min_60h,q158_std_10h,alpha158_rolling_price,alpha158_rolling_price,True,-0.334324,0.334324,-0.331328,658052,LOW_REDUNDANCY,Low redundancy. Independent signal sources.,intake_vs_baseline
q158_ma_60h,q158_max_10h,alpha158_rolling_price,alpha158_rolling_price,True,0.32849,0.32849,0.175422,658052,LOW_REDUNDANCY,Low redundancy. Independent signal sources.,intake_vs_baseline
q158_ma_60h,q158_ma_5h,alpha158_rolling_price,alpha158_rolling_price,True,0.326643,0.326643,0.319612,657839,LOW_REDUNDANCY,Low redundancy. Independent signal sources.,intake_vs_baseline
q158_ma_60h,realized_skew_20h,alpha158_rolling_price,realized_shape,False,-0.325653,0.325653,-0.329153,1706,LOW_REDUNDANCY,Low redundancy. Independent signal sources.,intake_vs_baseline
q158_min_60h,q158_close_close_4h,alpha158_rolling_price,alpha158_price,False,0.323616,0.323616,0.193437,657839,LOW_REDUNDANCY,Low redundancy. Independent signal sources.,intake_vs_baseline
q158_std_60h,q158_high_close_0h,alpha158_rolling_price,alpha158_price,False,0.322173,0.322173,0.416434,2558,LOW_REDUNDANCY,Low redundancy. Independent signal sources.,intake_vs_baseline
q158_min_60h,q158_corr_20h,alpha158_rolling_price,alpha158_rolling_volume_price,False,-0.320256,0.320256,-0.251606,656713,LOW_REDUNDANCY,Low redundancy. Independent signal sources.,intake_vs_baseline
q158_max_60h,q158_std_5h,alpha158_rolling_price,alpha158_rolling_price,True,0.318693,0.318693,0.161466,657839,LOW_REDUNDANCY,Low redundancy. Independent signal sources.,intake_vs_baseline
q158_max_60h,vol_5h,alpha158_rolling_price,volatility,False,0.317201,0.317201,0.420386,2345,LOW_REDUNDANCY,Low redundancy. Independent signal sources.,intake_vs_baseline
q158_min_60h,clv_20h,alpha158_rolling_price,alpha158_ohlc_range,False,-0.316965,0.316965,-0.207009,658478,LOW_REDUNDANCY,Low redundancy. Independent signal sources.,intake_vs_baseline
q158_max_60h,q158_close_close_4h,alpha158_rolling_price,alpha158_price,False,0.311422,0.311422,0.107882,657839,LOW_REDUNDANCY,Low redundancy. Independent signal sources.,intake_vs_baseline
q158_min_60h,q158_ma_5h,alpha158_rolling_price,alpha158_rolling_price,True,0.307681,0.307681,0.186219,657839,LOW_REDUNDANCY,Low redundancy. Independent signal sources.,intake_vs_baseline
q158_ma_60h,q158_min_10h,alpha158_rolling_price,alpha158_rolling_price,True,0.307226,0.307226,0.151606,658052,LOW_REDUNDANCY,Low redundancy. Independent signal sources.,intake_vs_baseline
q158_min_60h,q158_std_5h,alpha158_rolling_price,alpha158_rolling_price,True,-0.304677,0.304677,-0.368958,657839,LOW_REDUNDANCY,Low redundancy. Independent signal sources.,intake_vs_baseline
q158_min_60h,reversal_5h,alpha158_rolling_price,momentum,False,0.298008,0.298008,0.286207,2345,LOW_REDUNDANCY,Low redundancy. Independent signal sources.,intake_vs_baseline
q158_min_60h,mom_5h,alpha158_rolling_price,momentum,False,-0.298008,0.298008,-0.286207,2345,LOW_REDUNDANCY,Low redundancy. Independent signal sources.,intake_vs_baseline
q158_max_60h,q158_ma_5h,alpha158_rolling_price,alpha158_rolling_price,True,0.295784,0.295784,0.094796,657839,LOW_REDUNDANCY,Low redundancy. Independent signal sources.,intake_vs_baseline
q158_ma_60h,q158_ksft_range,alpha158_rolling_price,alpha158_kbar,False,-0.291804,0.291804,-0.248081,2558,LOW_REDUNDANCY,Low redundancy. Independent signal sources.,intake_vs_baseline
q158_std_60h,q158_low_close_0h,alpha158_rolling_price,alpha158_price,False,-0.291761,0.291761,-0.40486,2558,LOW_REDUNDANCY,Low redundancy. Independent signal sources.,intake_vs_baseline
q158_max_60h,q158_ksft_open,alpha158_rolling_price,alpha158_kbar,False,-0.286319,0.286319,-0.161277,2558,LOW_REDUNDANCY,Low redundancy. Independent signal sources.,intake_vs_baseline
q158_ma_60h,q158_klow_open,alpha158_rolling_price,alpha158_kbar,False,-0.283451,0.283451,-0.331323,2558,LOW_REDUNDANCY,Low redundancy. Independent signal sources.,intake_vs_baseline
q158_std_60h,klow_close,alpha158_rolling_price,alpha158_ohlcv,False,0.282616,0.282616,0.432733,2558,LOW_REDUNDANCY,Low redundancy. Independent signal sources.,intake_vs_baseline
q158_std_60h,q158_klow_open,alpha158_rolling_price,alpha158_kbar,False,0.28248,0.28248,0.432343,2558,LOW_REDUNDANCY,Low redundancy. Independent signal sources.,intake_vs_baseline
q158_ma_60h,klow_close,alpha158_rolling_price,alpha158_ohlcv,False,-0.282135,0.282135,-0.329276,2558,LOW_REDUNDANCY,Low redundancy. Independent signal sources.,intake_vs_baseline
q158_max_60h,q158_ksft_range,alpha158_rolling_price,alpha158_kbar,False,-0.270446,0.270446,-0.096097,2558,LOW_REDUNDANCY,Low redundancy. Independent signal sources.,intake_vs_baseline
q158_min_60h,q158_kup_open,alpha158_rolling_price,alpha158_kbar,False,-0.26543,0.26543,-0.348053,2558,LOW_REDUNDANCY,Low redundancy. Independent signal sources.,intake_vs_baseline
q158_std_60h,xs_rank_vol,alpha158_rolling_price,cross_sectional_normalized,False,0.264778,0.264778,0.122619,658478,LOW_REDUNDANCY,Low redundancy. Independent signal sources.,intake_vs_baseline
q158_ma_60h,q158_klen_open,alpha158_rolling_price,alpha158_kbar,False,-0.260541,0.260541,-0.310744,2558,LOW_REDUNDANCY,Low redundancy. Independent signal sources.,intake_vs_baseline
q158_max_60h,q158_cord_20h,alpha158_rolling_price,alpha158_rolling_volume_price,False,-0.258545,0.258545,-0.080027,1698,LOW_REDUNDANCY,Low redundancy. Independent signal sources.,intake_vs_baseline
q158_ma_60h,q158_high_low_range,alpha158_rolling_price,alpha158,False,-0.258471,0.258471,-0.309824,2558,LOW_REDUNDANCY,Low redundancy. Independent signal sources.,intake_vs_baseline
q158_ma_60h,range_1h,alpha158_rolling_price,range_position,False,-0.258471,0.258471,-0.309824,2558,LOW_REDUNDANCY,Low redundancy. Independent signal sources.,intake_vs_baseline
q158_min_60h,q158_wvma_20h,alpha158_rolling_price,alpha158_rolling_volume,False,-0.256668,0.256668,-0.209101,1706,LOW_REDUNDANCY,Low redundancy. Independent signal sources.,intake_vs_baseline
q158_max_60h,q158_high_low_range,alpha158_rolling_price,alpha158,False,0.24908,0.24908,0.371522,2558,LOW_REDUNDANCY,Low redundancy. Independent signal sources.,intake_vs_baseline
q158_max_60h,range_1h,alpha158_rolling_price,range_position,False,0.24908,0.24908,0.371522,2558,LOW_REDUNDANCY,Low redundancy. Independent signal sources.,intake_vs_baseline
q158_max_60h,q158_klen_open,alpha158_rolling_price,alpha158_kbar,False,0.247455,0.247455,0.367348,2558,LOW_REDUNDANCY,Low redundancy. Independent signal sources.,intake_vs_baseline
q158_min_60h,q158_high_close_4h,alpha158_rolling_price,alpha158_price,False,0.245705,0.245705,0.074694,657839,LOW_REDUNDANCY,Low redundancy. Independent signal sources.,intake_vs_baseline
q158_max_60h,price_volume_corr_20h,alpha158_rolling_price,volume_price,False,-0.243232,0.243232,-0.070089,1698,LOW_REDUNDANCY,Low redundancy. Independent signal sources.,intake_vs_baseline
q158_std_60h,q158_qtlu_20h,alpha158_rolling_price,alpha158_rolling,False,0.241291,0.241291,0.375247,658478,LOW_REDUNDANCY,Low redundancy. Independent signal sources.,intake_vs_baseline
q158_min_60h,realized_skew_20h,alpha158_rolling_price,realized_shape,False,-0.24074,0.24074,-0.169818,1706,LOW_REDUNDANCY,Low redundancy. Independent signal sources.,intake_vs_baseline
q158_min_60h,tech_macd,alpha158_rolling_price,technical,False,-0.237497,0.237497,-0.03352,2558,LOW_REDUNDANCY,Low redundancy. Independent signal sources.,intake_vs_baseline
q158_max_60h,q158_corr_20h,alpha158_rolling_price,alpha158_rolling_volume_price,False,-0.236456,0.236456,-0.041112,656713,LOW_REDUNDANCY,Low redundancy. Independent signal sources.,intake_vs_baseline
q158_max_60h,q158_low_close_4h,alpha158_rolling_price,alpha158_price,False,0.232342,0.232342,0.068937,657839,LOW_REDUNDANCY,Low redundancy. Independent signal sources.,intake_vs_baseline
q158_min_60h,q158_ksft_range,alpha158_rolling_price,alpha158_kbar,False,-0.231725,0.231725,-0.17589,2558,LOW_REDUNDANCY,Low redundancy. Independent signal sources.,intake_vs_baseline
q158_std_60h,q158_wvma_20h,alpha158_rolling_price,alpha158_rolling_volume,False,0.224238,0.224238,0.138148,1706,LOW_REDUNDANCY,Low redundancy. Independent signal sources.,intake_vs_baseline
q158_max_60h,q158_kmid_range,alpha158_rolling_price,alpha158_kbar,False,-0.221817,0.221817,-0.087224,2558,LOW_REDUNDANCY,Low redundancy. Independent signal sources.,intake_vs_baseline
q158_max_60h,candle_body,alpha158_rolling_price,intraday_candle,False,-0.221815,0.221815,-0.087226,2558,LOW_REDUNDANCY,Low redundancy. Independent signal sources.,intake_vs_baseline
q158_max_60h,q158_kmid_open,alpha158_rolling_price,alpha158_kbar,False,-0.219978,0.219978,-0.108733,2558,LOW_REDUNDANCY,Low redundancy. Independent signal sources.,intake_vs_baseline
q158_max_60h,intraday_ret,alpha158_rolling_price,alpha158_ohlcv,False,-0.219978,0.219978,-0.108733,2558,LOW_REDUNDANCY,Low redundancy. Independent signal sources.,intake_vs_baseline
q158_max_60h,q158_open_close_0h,alpha158_rolling_price,alpha158_price,False,0.219977,0.219977,0.116078,2558,LOW_REDUNDANCY,Low redundancy. Independent signal sources.,intake_vs_baseline
q158_ma_60h,funding_rate_change_24h,alpha158_rolling_price,funding_rate,False,-0.218491,0.218491,-0.005961,1437,LOW_REDUNDANCY,Low redundancy. Independent signal sources.,intake_vs_baseline
q158_ma_60h,range_breakout_vol_confirm_20h,alpha158_rolling_price,breakout,False,-0.216318,0.216318,-0.19717,21474,LOW_REDUNDANCY,Low redundancy. Independent signal sources.,intake_vs_baseline
q158_ma_60h,vol_5h,alpha158_rolling_price,volatility,False,-0.215557,0.215557,-0.295433,2345,LOW_REDUNDANCY,Low redundancy. Independent signal sources.,intake_vs_baseline
q158_max_60h,vol_ret_corr_20h,alpha158_rolling_price,alpha158_ohlcv,False,-0.215391,0.215391,-0.047813,1698,LOW_REDUNDANCY,Low redundancy. Independent signal sources.,intake_vs_baseline
q158_ma_60h,q158_max_5h,alpha158_rolling_price,alpha158_rolling_price,True,0.215074,0.215074,0.105674,657839,LOW_REDUNDANCY,Low redundancy. Independent signal sources.,intake_vs_baseline
q158_min_60h,q158_high_close_0h,alpha158_rolling_price,alpha158_price,False,-0.213452,0.213452,-0.370846,2558,LOW_REDUNDANCY,Low redundancy. Independent signal sources.,intake_vs_baseline
q158_max_60h,realized_skew_20h,alpha158_rolling_price,realized_shape,False,-0.213405,0.213405,-0.126873,1706,LOW_REDUNDANCY,Low redundancy. Independent signal sources.,intake_vs_baseline
q158_ma_60h,downside_vol_20h,alpha158_rolling_price,realized_skew_kurtosis,False,0.213237,0.213237,0.02939,1706,LOW_REDUNDANCY,Low redundancy. Independent signal sources.,intake_vs_baseline
q158_ma_60h,volatility_20h,alpha158_rolling_price,volatility,False,-0.212742,0.212742,-0.275603,1706,LOW_REDUNDANCY,Low redundancy. Independent signal sources.,intake_vs_baseline
q158_ma_60h,q158_kmid_range,alpha158_rolling_price,alpha158_kbar,False,-0.211292,0.211292,-0.190868,2558,LOW_REDUNDANCY,Low redundancy. Independent signal sources.,intake_vs_baseline
q158_ma_60h,candle_body,alpha158_rolling_price,intraday_candle,False,-0.211261,0.211261,-0.190857,2558,LOW_REDUNDANCY,Low redundancy. Independent signal sources.,intake_vs_baseline
q158_ma_60h,q158_wvma_20h,alpha158_rolling_price,alpha158_rolling_volume,False,-0.210172,0.210172,-0.186003,1706,LOW_REDUNDANCY,Low redundancy. Independent signal sources.,intake_vs_baseline
q158_std_60h,xs_rank_mom_accel,alpha158_rolling_price,cross_sectional_normalized,False,-0.208022,0.208022,-0.156844,1493,LOW_REDUNDANCY,Low redundancy. Independent signal sources.,intake_vs_baseline
q158_std_60h,vol_ret_corr_20h,alpha158_rolling_price,alpha158_ohlcv,False,0.205996,0.205996,0.192919,1698,LOW_REDUNDANCY,Low redundancy. Independent signal sources.,intake_vs_baseline
q158_ma_60h,q158_min_5h,alpha158_rolling_price,alpha158_rolling_price,True,0.204876,0.204876,0.100622,657839,LOW_REDUNDANCY,Low redundancy. Independent signal sources.,intake_vs_baseline
q158_std_60h,a101_volume_xs_z_mean_neg_112h,alpha158_rolling_price,alpha101_curated_volume_crowding,False,-0.201633,0.201633,-0.006557,321750,LOW_REDUNDANCY,Low redundancy. Independent signal sources.,intake_vs_baseline
q158_std_60h,trend_efficiency_24h,alpha158_rolling_price,trend_quality,False,0.200014,0.200014,0.086461,656928,LOW_REDUNDANCY,Low redundancy. Independent signal sources.,intake_vs_baseline
q158_ma_60h,wvma_20h,alpha158_rolling_price,alpha158_ohlcv,False,-0.199915,0.199915,-0.206776,1698,LOW_REDUNDANCY,Low redundancy. Independent signal sources.,intake_vs_baseline
q158_std_60h,q158_kup_open,alpha158_rolling_price,alpha158_kbar,False,0.198635,0.198635,0.320294,2558,LOW_REDUNDANCY,Low redundancy. Independent signal sources.,intake_vs_baseline
q158_max_60h,funding_rate_change_24h,alpha158_rolling_price,funding_rate,False,-0.196838,0.196838,0.086576,1437,LOW_REDUNDANCY,Low redundancy. Independent signal sources.,intake_vs_baseline
q158_ma_60h,q158_ksft_open,alpha158_rolling_price,alpha158_kbar,False,-0.19513,0.19513,-0.159234,2558,LOW_REDUNDANCY,Low redundancy. Independent signal sources.,intake_vs_baseline
q158_max_60h,xs_rank_vol,alpha158_rolling_price,cross_sectional_normalized,False,0.194674,0.194674,0.064571,658478,LOW_REDUNDANCY,Low redundancy. Independent signal sources.,intake_vs_baseline
q158_std_60h,price_volume_corr_20h,alpha158_rolling_price,volume_price,False,0.193414,0.193414,0.180914,1698,LOW_REDUNDANCY,Low redundancy. Independent signal sources.,intake_vs_baseline
q158_std_60h,a101_vol_xs_z_product_112h,alpha158_rolling_price,alpha101_curated_volume_regime,False,-0.19177,0.19177,0.001307,321750,LOW_REDUNDANCY,Low redundancy. Independent signal sources.,intake_vs_baseline
q158_max_60h,wq101_alpha101,alpha158_rolling_price,wq101,False,-0.191614,0.191614,-0.07563,2558,LOW_REDUNDANCY,Low redundancy. Independent signal sources.,intake_vs_baseline
q158_std_60h,q158_cord_20h,alpha158_rolling_price,alpha158_rolling_volume_price,False,0.191106,0.191106,0.176216,1698,LOW_REDUNDANCY,Low redundancy. Independent signal sources.,intake_vs_baseline
q158_ma_60h,vol_40h,alpha158_rolling_price,volatility,False,-0.189939,0.189939,-0.115083,854,LOW_REDUNDANCY,Low redundancy. Independent signal sources.,intake_vs_baseline
q158_min_60h,downside_vol_20h,alpha158_rolling_price,realized_skew_kurtosis,False,-0.188317,0.188317,-0.523541,1706,LOW_REDUNDANCY,Low redundancy. Independent signal sources.,intake_vs_baseline
q158_min_60h,funding_rate_change_24h,alpha158_rolling_price,funding_rate,False,-0.18417,0.18417,-0.105164,1437,LOW_REDUNDANCY,Low redundancy. Independent signal sources.,intake_vs_baseline
q158_ma_60h,taker_buy_ratio_20h,alpha158_rolling_price,taker_imbalance,False,-0.183959,0.183959,-0.08116,266282,LOW_REDUNDANCY,Low redundancy. Independent signal sources.,intake_vs_baseline
q158_std_60h,a101_volume_low_alpha_min_84_120,alpha158_rolling_price,alpha101_curated_volume_price_regression,False,-0.183199,0.183199,-0.030497,331052,LOW_REDUNDANCY,Low redundancy. Independent signal sources.,intake_vs_baseline
q158_std_60h,reversal_5h,alpha158_rolling_price,momentum,False,0.180687,0.180687,0.07383,2345,LOW_REDUNDANCY,Low redundancy. Independent signal sources.,intake_vs_baseline
q158_std_60h,mom_5h,alpha158_rolling_price,momentum,False,-0.180687,0.180687,-0.07383,2345,LOW_REDUNDANCY,Low redundancy. Independent signal sources.,intake_vs_baseline
q158_min_60h,xs_rank_vol,alpha158_rolling_price,cross_sectional_normalized,False,-0.179762,0.179762,-0.192696,658478,LOW_REDUNDANCY,Low redundancy. Independent signal sources.,intake_vs_baseline
q158_ma_60h,candle_wick_lower,alpha158_rolling_price,intraday_candle,False,-0.1784,0.1784,-0.152727,2558,LOW_REDUNDANCY,Low redundancy. Independent signal sources.,intake_vs_baseline
q158_ma_60h,q158_klow_range,alpha158_rolling_price,alpha158_kbar,False,-0.178376,0.178376,-0.152687,2558,LOW_REDUNDANCY,Low redundancy. Independent signal sources.,intake_vs_baseline
q158_max_60h,q158_min_60h,alpha158_rolling_price,alpha158_rolling_price,True,0.177358,0.177358,-0.060264,660184,LOW_REDUNDANCY,Low redundancy. Independent signal sources.,intake_vs_intake
q158_std_60h,tech_macd,alpha158_rolling_price,technical,False,-0.173202,0.173202,0.028654,2558,LOW_REDUNDANCY,Low redundancy. Independent signal sources.,intake_vs_baseline
q158_max_60h,range_breakout_vol_confirm_20h,alpha158_rolling_price,breakout,False,-0.17286,0.17286,-0.118571,21474,LOW_REDUNDANCY,Low redundancy. Independent signal sources.,intake_vs_baseline
q158_ma_60h,qvol_ma_ratio_20_80,alpha158_rolling_price,quote_volume_liquidity,False,-0.172444,0.172444,-0.14526,656533,LOW_REDUNDANCY,Low redundancy. Independent signal sources.,intake_vs_baseline
q158_ma_60h,wq101_alpha101,alpha158_rolling_price,wq101,False,-0.172022,0.172022,-0.161253,2558,LOW_REDUNDANCY,Low redundancy. Independent signal sources.,intake_vs_baseline
q158_min_60h,qvol_ma_ratio_20_80,alpha158_rolling_price,quote_volume_liquidity,False,-0.170781,0.170781,-0.300856,656533,LOW_REDUNDANCY,Low redundancy. Independent signal sources.,intake_vs_baseline
q158_ma_60h,intraday_ret,alpha158_rolling_price,alpha158_ohlcv,False,-0.170175,0.170175,-0.147947,2558,LOW_REDUNDANCY,Low redundancy. Independent signal sources.,intake_vs_baseline
q158_ma_60h,q158_kmid_open,alpha158_rolling_price,alpha158_kbar,False,-0.170175,0.170175,-0.147947,2558,LOW_REDUNDANCY,Low redundancy. Independent signal sources.,intake_vs_baseline
q158_ma_60h,q158_open_close_0h,alpha158_rolling_price,alpha158_price,False,0.170174,0.170174,0.13963,2558,LOW_REDUNDANCY,Low redundancy. Independent signal sources.,intake_vs_baseline
q158_min_60h,candle_wick_lower,alpha158_rolling_price,intraday_candle,False,-0.167591,0.167591,-0.135584,2558,LOW_REDUNDANCY,Low redundancy. Independent signal sources.,intake_vs_baseline
q158_min_60h,q158_klow_range,alpha158_rolling_price,alpha158_kbar,False,-0.167573,0.167573,-0.13554,2558,LOW_REDUNDANCY,Low redundancy. Independent signal sources.,intake_vs_baseline
q158_std_60h,q158_high_close_4h,alpha158_rolling_price,alpha158_price,False,0.163683,0.163683,0.172769,657839,LOW_REDUNDANCY,Low redundancy. Independent signal sources.,intake_vs_baseline
q158_max_60h,q158_kup_open,alpha158_rolling_price,alpha158_kbar,False,0.160548,0.160548,0.252783,2558,LOW_REDUNDANCY,Low redundancy. Independent signal sources.,intake_vs_baseline
q158_max_60h,a101_volume_xs_z_mean_neg_112h,alpha158_rolling_price,alpha101_curated_volume_crowding,False,-0.15832,0.15832,-0.0036,321750,LOW_REDUNDANCY,Low redundancy. Independent signal sources.,intake_vs_baseline
q158_max_60h,funding_rate_zscore_80h,alpha158_rolling_price,funding_rate,False,-0.15629,0.15629,-0.12297,113084,LOW_REDUNDANCY,Low redundancy. Independent signal sources.,intake_vs_baseline
q158_ma_60h,q158_kup_open,alpha158_rolling_price,alpha158_kbar,False,-0.152483,0.152483,-0.183753,2558,LOW_REDUNDANCY,Low redundancy. Independent signal sources.,intake_vs_baseline
q158_ma_60h,funding_rate_zscore_80h,alpha158_rolling_price,funding_rate,False,-0.152454,0.152454,-0.12599,113084,LOW_REDUNDANCY,Low redundancy. Independent signal sources.,intake_vs_baseline
q158_min_60h,q158_kmid_range,alpha158_rolling_price,alpha158_kbar,False,-0.150655,0.150655,-0.112356,2558,LOW_REDUNDANCY,Low redundancy. Independent signal sources.,intake_vs_baseline
q158_min_60h,candle_body,alpha158_rolling_price,intraday_candle,False,-0.150624,0.150624,-0.112342,2558,LOW_REDUNDANCY,Low redundancy. Independent signal sources.,intake_vs_baseline
q158_std_60h,mom_accel_20h,alpha158_rolling_price,momentum,False,-0.150211,0.150211,-0.186231,1493,LOW_REDUNDANCY,Low redundancy. Independent signal sources.,intake_vs_baseline
q158_max_60h,a101_vol_xs_z_product_112h,alpha158_rolling_price,alpha101_curated_volume_regime,False,-0.149638,0.149638,0.001343,321750,LOW_REDUNDANCY,Low redundancy. Independent signal sources.,intake_vs_baseline
q158_min_60h,q158_max_30h,alpha158_rolling_price,alpha158_rolling_price,True,0.149138,0.149138,-0.063913,658904,LOW_REDUNDANCY,Low redundancy. Independent signal sources.,intake_vs_baseline
q158_ma_60h,q158_std_60h,alpha158_rolling_price,alpha158_rolling_price,True,0.148761,0.148761,0.664921,660184,LOW_REDUNDANCY,Low redundancy. Independent signal sources.,intake_vs_intake
q158_std_60h,price_pos_72h,alpha158_rolling_price,price_position,False,-0.148029,0.148029,0.011779,641,LOW_REDUNDANCY,Low redundancy. Independent signal sources.,intake_vs_baseline
q158_max_60h,a101_volume_low_alpha_min_84_120,alpha158_rolling_price,alpha101_curated_volume_price_regression,False,-0.144596,0.144596,-0.028405,331052,LOW_REDUNDANCY,Low redundancy. Independent signal sources.,intake_vs_baseline
q158_max_60h,taker_buy_ratio_20h,alpha158_rolling_price,taker_imbalance,False,-0.14444,0.14444,-0.025459,266282,LOW_REDUNDANCY,Low redundancy. Independent signal sources.,intake_vs_baseline
q158_min_60h,a101_volume_xs_z_mean_neg_112h,alpha158_rolling_price,alpha101_curated_volume_crowding,False,0.1439,0.1439,0.01853,321750,LOW_REDUNDANCY,Low redundancy. Independent signal sources.,intake_vs_baseline
q158_max_60h,q158_vstd_20h,alpha158_rolling_price,alpha158_rolling_volume,False,0.142727,0.142727,0.000593,658478,LOW_REDUNDANCY,Low redundancy. Independent signal sources.,intake_vs_baseline
q158_std_60h,realized_kurt_20h,alpha158_rolling_price,realized_shape,False,0.142592,0.142592,0.087547,1706,LOW_REDUNDANCY,Low redundancy. Independent signal sources.,intake_vs_baseline
q158_std_60h,ma_gap_20_80,alpha158_rolling_price,trend_ma,False,-0.139919,0.139919,-0.139562,658266,LOW_REDUNDANCY,Low redundancy. Independent signal sources.,intake_vs_baseline
q158_min_60h,a101_vol_xs_z_product_112h,alpha158_rolling_price,alpha101_curated_volume_regime,False,0.13943,0.13943,-0.002111,321750,LOW_REDUNDANCY,Low redundancy. Independent signal sources.,intake_vs_baseline
q158_min_60h,taker_buy_ratio_20h,alpha158_rolling_price,taker_imbalance,False,-0.13911,0.13911,-0.093066,266282,LOW_REDUNDANCY,Low redundancy. Independent signal sources.,intake_vs_baseline
q158_std_60h,mom_40h,alpha158_rolling_price,momentum,False,0.137459,0.137459,0.255762,854,LOW_REDUNDANCY,Low redundancy. Independent signal sources.,intake_vs_baseline
q158_std_60h,rev_10h,alpha158_rolling_price,reversal,False,0.135547,0.135547,0.053701,2132,LOW_REDUNDANCY,Low redundancy. Independent signal sources.,intake_vs_baseline
q158_std_60h,mom_10h,alpha158_rolling_price,momentum,False,-0.135547,0.135547,-0.053701,2132,LOW_REDUNDANCY,Low redundancy. Independent signal sources.,intake_vs_baseline
q158_max_60h,xs_rank_mom_accel,alpha158_rolling_price,cross_sectional_normalized,False,-0.135173,0.135173,-0.086663,1493,LOW_REDUNDANCY,Low redundancy. Independent signal sources.,intake_vs_baseline
q158_std_60h,clv_20h,alpha158_rolling_price,alpha158_ohlc_range,False,-0.134889,0.134889,-0.064815,658478,LOW_REDUNDANCY,Low redundancy. Independent signal sources.,intake_vs_baseline
q158_std_60h,q158_vstd_20h,alpha158_rolling_price,alpha158_rolling_volume,False,0.130051,0.130051,0.000203,658478,LOW_REDUNDANCY,Low redundancy. Independent signal sources.,intake_vs_baseline
q158_std_60h,ma_gap_10_40,alpha158_rolling_price,trend_ma,False,-0.128978,0.128978,-0.164203,659330,LOW_REDUNDANCY,Low redundancy. Independent signal sources.,intake_vs_baseline
q158_max_60h,q158_min_30h,alpha158_rolling_price,alpha158_rolling_price,True,0.12813,0.12813,-0.062678,658904,LOW_REDUNDANCY,Low redundancy. Independent signal sources.,intake_vs_baseline
q158_std_60h,q158_imax_20h,alpha158_rolling_price,alpha158_rolling_position,False,0.128116,0.128116,0.055047,658478,LOW_REDUNDANCY,Low redundancy. Independent signal sources.,intake_vs_baseline
q158_std_60h,ema_12_26_gap,alpha158_rolling_price,technical_indicators,False,0.128098,0.128098,0.19176,2558,LOW_REDUNDANCY,Low redundancy. Independent signal sources.,intake_vs_baseline
q158_max_60h,qvol_ma_ratio_5_20,alpha158_rolling_price,quote_volume_liquidity,False,-0.127494,0.127494,-0.019708,656713,LOW_REDUNDANCY,Low redundancy. Independent signal sources.,intake_vs_baseline
q158_std_60h,q158_rsqr_20h,alpha158_rolling_price,alpha158_rolling_regression,False,0.126795,0.126795,0.043401,658478,LOW_REDUNDANCY,Low redundancy. Independent signal sources.,intake_vs_baseline
q158_min_60h,wq101_alpha101,alpha158_rolling_price,wq101,False,-0.125591,0.125591,-0.096089,2558,LOW_REDUNDANCY,Low redundancy. Independent signal sources.,intake_vs_baseline
q158_max_60h,q158_vma_20h,alpha158_rolling_price,alpha158_rolling_volume,False,0.122359,0.122359,0.000628,658478,LOW_REDUNDANCY,Low redundancy. Independent signal sources.,intake_vs_baseline
q158_ma_60h,amihud_illiquidity_20h,alpha158_rolling_price,liquidity,False,0.118394,0.118394,0.130907,1698,LOW_REDUNDANCY,Low redundancy. Independent signal sources.,intake_vs_baseline
q158_max_60h,a101_volume_high_alpha_min_84_84,alpha158_rolling_price,alpha101_curated_volume_price_regression,False,-0.115539,0.115539,-0.001744,320131,LOW_REDUNDANCY,Low redundancy. Independent signal sources.,intake_vs_baseline
q158_std_60h,amihud_illiquidity_20h,alpha158_rolling_price,liquidity,False,-0.114045,0.114045,-0.15196,1698,LOW_REDUNDANCY,Low redundancy. Independent signal sources.,intake_vs_baseline
q158_std_60h,q158_ma_30h,alpha158_rolling_price,alpha158_rolling_price,True,0.112082,0.112082,0.36902,658904,LOW_REDUNDANCY,Low redundancy. Independent signal sources.,intake_vs_baseline
q158_std_60h,rev_24h,alpha158_rolling_price,reversal,False,0.111341,0.111341,0.06073,658691,LOW_REDUNDANCY,Low redundancy. Independent signal sources.,intake_vs_baseline
q158_std_60h,q158_cntn_20h,alpha158_rolling_price,alpha158_rolling,False,0.110548,0.110548,0.104553,1706,LOW_REDUNDANCY,Low redundancy. Independent signal sources.,intake_vs_baseline
q158_min_60h,q158_max_20h,alpha158_rolling_price,alpha158_rolling_price,True,0.110274,0.110274,-0.071066,658478,LOW_REDUNDANCY,Low redundancy. Independent signal sources.,intake_vs_baseline
q158_max_60h,qvol_zscore_20h,alpha158_rolling_price,quote_volume_liquidity,False,-0.109841,0.109841,-0.021955,656713,LOW_REDUNDANCY,Low redundancy. Independent signal sources.,intake_vs_baseline
q158_std_60h,qvol_ma_ratio_20_80,alpha158_rolling_price,quote_volume_liquidity,False,0.108788,0.108788,0.086339,656533,LOW_REDUNDANCY,Low redundancy. Independent signal sources.,intake_vs_baseline
q158_min_60h,q158_resi_20h,alpha158_rolling_price,alpha158_rolling_regression,False,-0.108314,0.108314,-0.051026,658478,LOW_REDUNDANCY,Low redundancy. Independent signal sources.,intake_vs_baseline
q158_std_60h,q158_vma_20h,alpha158_rolling_price,alpha158_rolling_volume,False,0.107268,0.107268,0.000268,658478,LOW_REDUNDANCY,Low redundancy. Independent signal sources.,intake_vs_baseline
q158_min_60h,amihud_illiquidity_20h,alpha158_rolling_price,liquidity,False,0.105833,0.105833,0.143103,1698,LOW_REDUNDANCY,Low redundancy. Independent signal sources.,intake_vs_baseline
q158_std_60h,rsi_14h,alpha158_rolling_price,technical,False,-0.105451,0.105451,-0.067089,658265,LOW_REDUNDANCY,Low redundancy. Independent signal sources.,intake_vs_baseline
q158_std_60h,qvol_ma_ratio_5_20,alpha158_rolling_price,quote_volume_liquidity,False,-0.10473,0.10473,-0.033958,656713,LOW_REDUNDANCY,Low redundancy. Independent signal sources.,intake_vs_baseline
q158_min_60h,q158_ksft_open,alpha158_rolling_price,alpha158_kbar,False,-0.104655,0.104655,-0.044493,2558,LOW_REDUNDANCY,Low redundancy. Independent signal sources.,intake_vs_baseline
q158_ma_60h,q158_std_30h,alpha158_rolling_price,alpha158_rolling_price,True,0.10377,0.10377,0.546833,658904,LOW_REDUNDANCY,Low redundancy. Independent signal sources.,intake_vs_baseline
q158_min_60h,q158_kmid_open,alpha158_rolling_price,alpha158_kbar,False,-0.103505,0.103505,-0.068823,2558,LOW_REDUNDANCY,Low redundancy. Independent signal sources.,intake_vs_baseline
q158_min_60h,intraday_ret,alpha158_rolling_price,alpha158_ohlcv,False,-0.103505,0.103505,-0.068823,2558,LOW_REDUNDANCY,Low redundancy. Independent signal sources.,intake_vs_baseline
q158_min_60h,q158_open_close_0h,alpha158_rolling_price,alpha158_price,False,0.103505,0.103505,0.055311,2558,LOW_REDUNDANCY,Low redundancy. Independent signal sources.,intake_vs_baseline
q158_max_60h,q158_wvma_20h,alpha158_rolling_price,alpha158_rolling_volume,False,0.103331,0.103331,0.162029,1706,LOW_REDUNDANCY,Low redundancy. Independent signal sources.,intake_vs_baseline
q158_std_60h,vwap_dev_20h,alpha158_rolling_price,alpha158_ohlcv,False,-0.102833,0.102833,-0.109511,656713,LOW_REDUNDANCY,Low redundancy. Independent signal sources.,intake_vs_baseline
q158_std_60h,a101_volume_high_alpha_min_84_84,alpha158_rolling_price,alpha101_curated_volume_price_regression,False,-0.096274,0.096274,-0.002129,320131,LOW_REDUNDANCY,Low redundancy. Independent signal sources.,intake_vs_baseline
q158_std_60h,q158_beta_20h,alpha158_rolling_price,alpha158_rolling_regression,False,-0.096211,0.096211,-0.311806,658478,LOW_REDUNDANCY,Low redundancy. Independent signal sources.,intake_vs_baseline
q158_min_60h,a101_volume_low_alpha_min_84_120,alpha158_rolling_price,alpha101_curated_volume_price_regression,False,0.094383,0.094383,0.020899,331052,LOW_REDUNDANCY,Low redundancy. Independent signal sources.,intake_vs_baseline
q158_std_60h,price_pos_120h,alpha158_rolling_price,price_position,False,-0.093959,0.093959,-0.0524,654434,LOW_REDUNDANCY,Low redundancy. Independent signal sources.,intake_vs_baseline
q158_std_60h,breakout_dist_20h,alpha158_rolling_price,breakout,False,-0.093435,0.093435,-0.049023,658478,LOW_REDUNDANCY,Low redundancy. Independent signal sources.,intake_vs_baseline
q158_min_60h,mom_accel_20h,alpha158_rolling_price,momentum,False,0.093241,0.093241,0.06677,1493,LOW_REDUNDANCY,Low redundancy. Independent signal sources.,intake_vs_baseline
q158_max_60h,qvol_ma_ratio_20_80,alpha158_rolling_price,quote_volume_liquidity,False,-0.092296,0.092296,0.007616,656533,LOW_REDUNDANCY,Low redundancy. Independent signal sources.,intake_vs_baseline
q158_std_60h,range_breakout_vol_confirm_20h,alpha158_rolling_price,breakout,False,-0.091275,0.091275,-0.076029,21474,LOW_REDUNDANCY,Low redundancy. Independent signal sources.,intake_vs_baseline
q158_std_60h,funding_rate_zscore_80h,alpha158_rolling_price,funding_rate,False,-0.091177,0.091177,-0.088937,113084,LOW_REDUNDANCY,Low redundancy. Independent signal sources.,intake_vs_baseline
q158_std_60h,q158_ma_20h,alpha158_rolling_price,alpha158_rolling_price,True,0.090994,0.090994,0.256743,658478,LOW_REDUNDANCY,Low redundancy. Independent signal sources.,intake_vs_baseline
q158_max_60h,realized_kurt_20h,alpha158_rolling_price,realized_shape,False,-0.090339,0.090339,0.085426,1706,LOW_REDUNDANCY,Low redundancy. Independent signal sources.,intake_vs_baseline
q158_std_60h,ma_gap_5_20,alpha158_rolling_price,trend_ma,False,-0.090019,0.090019,-0.11249,658478,LOW_REDUNDANCY,Low redundancy. Independent signal sources.,intake_vs_baseline
q158_std_60h,q158_cntd_20h,alpha158_rolling_price,alpha158_rolling_direction,False,-0.0895,0.0895,-0.0724,1706,LOW_REDUNDANCY,Low redundancy. Independent signal sources.,intake_vs_baseline
q158_max_60h,vol_zscore_20h,alpha158_rolling_price,volume_liquidity,False,-0.088748,0.088748,-0.01572,656713,LOW_REDUNDANCY,Low redundancy. Independent signal sources.,intake_vs_baseline
q158_std_60h,q158_qtld_20h,alpha158_rolling_price,alpha158_rolling,False,-0.087971,0.087971,-0.037968,658478,LOW_REDUNDANCY,Low redundancy. Independent signal sources.,intake_vs_baseline
q158_std_60h,qvol_zscore_20h,alpha158_rolling_price,quote_volume_liquidity,False,-0.086731,0.086731,-0.035782,656713,LOW_REDUNDANCY,Low redundancy. Independent signal sources.,intake_vs_baseline
q158_max_60h,q158_klow_range,alpha158_rolling_price,alpha158_kbar,False,-0.086014,0.086014,-0.028527,2558,LOW_REDUNDANCY,Low redundancy. Independent signal sources.,intake_vs_baseline
q158_max_60h,candle_wick_lower,alpha158_rolling_price,intraday_candle,False,-0.085991,0.085991,-0.028465,2558,LOW_REDUNDANCY,Low redundancy. Independent signal sources.,intake_vs_baseline
q158_max_60h,q158_min_20h,alpha158_rolling_price,alpha158_rolling_price,True,0.085081,0.085081,-0.065569,658478,LOW_REDUNDANCY,Low redundancy. Independent signal sources.,intake_vs_baseline
q158_max_60h,klow_close,alpha158_rolling_price,alpha158_ohlcv,False,0.084197,0.084197,0.268677,2558,LOW_REDUNDANCY,Low redundancy. Independent signal sources.,intake_vs_baseline
q158_std_60h,ksft_5h,alpha158_rolling_price,alpha158_ohlcv,False,-0.083925,0.083925,-0.065883,2345,LOW_REDUNDANCY,Low redundancy. Independent signal sources.,intake_vs_baseline
q158_min_60h,q158_vstd_20h,alpha158_rolling_price,alpha158_rolling_volume,False,-0.082904,0.082904,0.001946,658478,LOW_REDUNDANCY,Low redundancy. Independent signal sources.,intake_vs_baseline
q158_std_60h,vol_zscore_20h,alpha158_rolling_price,volume_liquidity,False,-0.082857,0.082857,-0.031736,656713,LOW_REDUNDANCY,Low redundancy. Independent signal sources.,intake_vs_baseline
q158_max_60h,q158_klow_open,alpha158_rolling_price,alpha158_kbar,False,0.082764,0.082764,0.26735,2558,LOW_REDUNDANCY,Low redundancy. Independent signal sources.,intake_vs_baseline
q158_min_60h,funding_rate_zscore_80h,alpha158_rolling_price,funding_rate,False,-0.082754,0.082754,-0.031121,113084,LOW_REDUNDANCY,Low redundancy. Independent signal sources.,intake_vs_baseline
q158_std_60h,q158_rsv_20h,alpha158_rolling_price,alpha158_rolling,False,-0.077458,0.077458,-0.044204,658478,LOW_REDUNDANCY,Low redundancy. Independent signal sources.,intake_vs_baseline
q158_std_60h,q158_low_close_4h,alpha158_rolling_price,alpha158_price,False,-0.076504,0.076504,0.005853,657839,LOW_REDUNDANCY,Low redundancy. Independent signal sources.,intake_vs_baseline
q158_min_60h,xs_rank_mom_accel,alpha158_rolling_price,cross_sectional_normalized,False,0.075439,0.075439,0.05491,1493,LOW_REDUNDANCY,Low redundancy. Independent signal sources.,intake_vs_baseline
q158_ma_60h,q158_std_20h,alpha158_rolling_price,alpha158_rolling_price,True,0.074618,0.074618,0.430989,658478,LOW_REDUNDANCY,Low redundancy. Independent signal sources.,intake_vs_baseline
q158_max_60h,q158_resi_20h,alpha158_rolling_price,alpha158_rolling_regression,False,-0.071345,0.071345,0.051909,658478,LOW_REDUNDANCY,Low redundancy. Independent signal sources.,intake_vs_baseline
q158_std_60h,q158_imxd_20h,alpha158_rolling_price,alpha158_rolling_position,False,0.070531,0.070531,0.034129,658478,LOW_REDUNDANCY,Low redundancy. Independent signal sources.,intake_vs_baseline
q158_min_60h,tech_atr,alpha158_rolling_price,technical,False,-0.068773,0.068773,0.03271,658265,LOW_REDUNDANCY,Low redundancy. Independent signal sources.,intake_vs_baseline
q158_std_60h,q158_ksft_open,alpha158_rolling_price,alpha158_kbar,False,-0.068121,0.068121,-0.084582,2558,LOW_REDUNDANCY,Low redundancy. Independent signal sources.,intake_vs_baseline
q158_max_60h,candle_wick_upper,alpha158_rolling_price,intraday_candle,False,0.067192,0.067192,0.016308,2558,LOW_REDUNDANCY,Low redundancy. Independent signal sources.,intake_vs_baseline
q158_max_60h,q158_kup_range,alpha158_rolling_price,alpha158_kbar,False,0.067138,0.067138,0.01623,2558,LOW_REDUNDANCY,Low redundancy. Independent signal sources.,intake_vs_baseline
q158_std_60h,q158_cntp_20h,alpha158_rolling_price,alpha158_rolling,False,-0.067042,0.067042,-0.03372,1706,LOW_REDUNDANCY,Low redundancy. Independent signal sources.,intake_vs_baseline
q158_ma_60h,qvol_ma_ratio_5_20,alpha158_rolling_price,quote_volume_liquidity,False,-0.06453,0.06453,-0.064734,656713,LOW_REDUNDANCY,Low redundancy. Independent signal sources.,intake_vs_baseline
q158_min_60h,q158_vma_20h,alpha158_rolling_price,alpha158_rolling_volume,False,-0.064287,0.064287,0.001787,658478,LOW_REDUNDANCY,Low redundancy. Independent signal sources.,intake_vs_baseline
q158_max_60h,mom_accel_20h,alpha158_rolling_price,momentum,False,-0.063074,0.063074,-0.152389,1493,LOW_REDUNDANCY,Low redundancy. Independent signal sources.,intake_vs_baseline
q158_ma_60h,q158_rsqr_20h,alpha158_rolling_price,alpha158_rolling_regression,False,0.062496,0.062496,0.044685,658478,LOW_REDUNDANCY,Low redundancy. Independent signal sources.,intake_vs_baseline
q158_ma_60h,qvol_zscore_20h,alpha158_rolling_price,quote_volume_liquidity,False,-0.062148,0.062148,-0.047254,656713,LOW_REDUNDANCY,Low redundancy. Independent signal sources.,intake_vs_baseline
q158_std_60h,up_down_vol_ratio_20h,alpha158_rolling_price,alpha158_ohlcv,False,-0.060589,0.060589,-0.031884,656713,LOW_REDUNDANCY,Low redundancy. Independent signal sources.,intake_vs_baseline
q158_std_60h,q158_rank_close_20h,alpha158_rolling_price,alpha158_rolling,False,-0.060402,0.060402,-0.031065,658478,LOW_REDUNDANCY,Low redundancy. Independent signal sources.,intake_vs_baseline
q158_std_60h,bb_zscore_20h,alpha158_rolling_price,technical,False,-0.060268,0.060268,-0.028819,656713,LOW_REDUNDANCY,Low redundancy. Independent signal sources.,intake_vs_baseline
q158_std_60h,q158_ma_10h,alpha158_rolling_price,alpha158_rolling_price,True,0.059693,0.059693,0.134668,658052,LOW_REDUNDANCY,Low redundancy. Independent signal sources.,intake_vs_baseline
q158_min_60h,candle_wick_upper,alpha158_rolling_price,intraday_candle,False,0.059364,0.059364,0.063625,2558,LOW_REDUNDANCY,Low redundancy. Independent signal sources.,intake_vs_baseline
q158_min_60h,q158_kup_range,alpha158_rolling_price,alpha158_kbar,False,0.059343,0.059343,0.063652,2558,LOW_REDUNDANCY,Low redundancy. Independent signal sources.,intake_vs_baseline
q158_std_60h,tech_atr,alpha158_rolling_price,technical,False,0.058288,0.058288,-0.020053,658265,LOW_REDUNDANCY,Low redundancy. Independent signal sources.,intake_vs_baseline
q158_max_60h,q158_volume_ratio_4h,alpha158_rolling_price,alpha158_volume,False,0.058243,0.058243,2.8e-05,657839,LOW_REDUNDANCY,Low redundancy. Independent signal sources.,intake_vs_baseline
q158_ma_60h,candle_wick_upper,alpha158_rolling_price,intraday_candle,False,0.056173,0.056173,0.052091,2558,LOW_REDUNDANCY,Low redundancy. Independent signal sources.,intake_vs_baseline
q158_ma_60h,q158_kup_range,alpha158_rolling_price,alpha158_kbar,False,0.056167,0.056167,0.052119,2558,LOW_REDUNDANCY,Low redundancy. Independent signal sources.,intake_vs_baseline
q158_std_60h,q158_kup_range,alpha158_rolling_price,alpha158_kbar,False,-0.056127,0.056127,-0.035942,2558,LOW_REDUNDANCY,Low redundancy. Independent signal sources.,intake_vs_baseline
q158_std_60h,candle_wick_upper,alpha158_rolling_price,intraday_candle,False,-0.05612,0.05612,-0.035876,2558,LOW_REDUNDANCY,Low redundancy. Independent signal sources.,intake_vs_baseline
q158_max_60h,q158_rsqr_20h,alpha158_rolling_price,alpha158_rolling_regression,False,0.055501,0.055501,0.023877,658478,LOW_REDUNDANCY,Low redundancy. Independent signal sources.,intake_vs_baseline
q158_max_60h,q158_min_5h,alpha158_rolling_price,alpha158_rolling_price,True,-0.055081,0.055081,-0.078557,657839,LOW_REDUNDANCY,Low redundancy. Independent signal sources.,intake_vs_baseline
q158_std_60h,q158_sumn_20h,alpha158_rolling_price,alpha158_rolling_direction,False,0.054513,0.054513,0.057793,1706,LOW_REDUNDANCY,Low redundancy. Independent signal sources.,intake_vs_baseline
q158_max_60h,taker_buy_delta_5h,alpha158_rolling_price,taker_imbalance,False,-0.054505,0.054505,-0.015044,2456,LOW_REDUNDANCY,Low redundancy. Independent signal sources.,intake_vs_baseline
q158_min_60h,a101_volume_high_alpha_min_84_84,alpha158_rolling_price,alpha101_curated_volume_price_regression,False,0.053731,0.053731,0.008068,320131,LOW_REDUNDANCY,Low redundancy. Independent signal sources.,intake_vs_baseline
q158_ma_60h,mom_accel_20h,alpha158_rolling_price,momentum,False,0.05227,0.05227,-0.021769,1493,LOW_REDUNDANCY,Low redundancy. Independent signal sources.,intake_vs_baseline
q158_ma_60h,q158_vsump_20h,alpha158_rolling_price,alpha158_rolling_volume,False,-0.052164,0.052164,-0.088278,1706,LOW_REDUNDANCY,Low redundancy. Independent signal sources.,intake_vs_baseline
q158_max_60h,trend_efficiency_24h,alpha158_rolling_price,trend_quality,False,0.051491,0.051491,0.034671,656928,LOW_REDUNDANCY,Low redundancy. Independent signal sources.,intake_vs_baseline
q158_std_60h,q158_volume_ratio_4h,alpha158_rolling_price,alpha158_volume,False,0.051191,0.051191,-0.000318,657839,LOW_REDUNDANCY,Low redundancy. Independent signal sources.,intake_vs_baseline
q158_max_60h,amihud_illiquidity_20h,alpha158_rolling_price,liquidity,False,0.050378,0.050378,-0.025317,1698,LOW_REDUNDANCY,Low redundancy. Independent signal sources.,intake_vs_baseline
q158_ma_60h,ksft_5h,alpha158_rolling_price,alpha158_ohlcv,False,-0.050159,0.050159,-0.053279,2345,LOW_REDUNDANCY,Low redundancy. Independent signal sources.,intake_vs_baseline
q158_ma_60h,trend_efficiency_24h,alpha158_rolling_price,trend_quality,False,0.049916,0.049916,0.011828,656928,LOW_REDUNDANCY,Low redundancy. Independent signal sources.,intake_vs_baseline
q158_std_60h,candle_wick_lower,alpha158_rolling_price,intraday_candle,False,0.049561,0.049561,0.0511,2558,LOW_REDUNDANCY,Low redundancy. Independent signal sources.,intake_vs_baseline
q158_std_60h,q158_klow_range,alpha158_rolling_price,alpha158_kbar,False,0.049553,0.049553,0.051034,2558,LOW_REDUNDANCY,Low redundancy. Independent signal sources.,intake_vs_baseline
q158_ma_60h,q158_vsumd_20h,alpha158_rolling_price,alpha158_rolling_volume,False,-0.049269,0.049269,-0.094236,1706,LOW_REDUNDANCY,Low redundancy. Independent signal sources.,intake_vs_baseline
q158_std_60h,mom_20h,alpha158_rolling_price,momentum,False,-0.04916,0.04916,0.007359,1706,LOW_REDUNDANCY,Low redundancy. Independent signal sources.,intake_vs_baseline
q158_std_60h,q158_roc_20h,alpha158_rolling_price,alpha158_rolling_price,True,0.04916,0.04916,0.052527,1706,LOW_REDUNDANCY,Low redundancy. Independent signal sources.,intake_vs_baseline
q158_std_60h,q158_vsumn_20h,alpha158_rolling_price,alpha158_rolling_volume,False,0.049017,0.049017,0.156138,1706,LOW_REDUNDANCY,Low redundancy. Independent signal sources.,intake_vs_baseline
q158_std_60h,q158_kmid_open,alpha158_rolling_price,alpha158_kbar,False,-0.047876,0.047876,-0.052065,2558,LOW_REDUNDANCY,Low redundancy. Independent signal sources.,intake_vs_baseline
q158_std_60h,intraday_ret,alpha158_rolling_price,alpha158_ohlcv,False,-0.047876,0.047876,-0.052065,2558,LOW_REDUNDANCY,Low redundancy. Independent signal sources.,intake_vs_baseline
q158_std_60h,q158_open_close_0h,alpha158_rolling_price,alpha158_price,False,0.047875,0.047875,0.064781,2558,LOW_REDUNDANCY,Low redundancy. Independent signal sources.,intake_vs_baseline
q158_max_60h,ksft_5h,alpha158_rolling_price,alpha158_ohlcv,False,-0.047611,0.047611,-0.06448,2345,LOW_REDUNDANCY,Low redundancy. Independent signal sources.,intake_vs_baseline
q158_ma_60h,q158_vsumn_20h,alpha158_rolling_price,alpha158_rolling_volume,False,0.047084,0.047084,0.068617,1706,LOW_REDUNDANCY,Low redundancy. Independent signal sources.,intake_vs_baseline
q158_min_60h,range_breakout_vol_confirm_20h,alpha158_rolling_price,breakout,False,-0.046434,0.046434,-0.03605,21474,LOW_REDUNDANCY,Low redundancy. Independent signal sources.,intake_vs_baseline
q158_ma_60h,funding_rate_level_20h,alpha158_rolling_price,funding_rate,False,0.044539,0.044539,0.044098,1642,LOW_REDUNDANCY,Low redundancy. Independent signal sources.,intake_vs_baseline
q158_std_60h,candle_body,alpha158_rolling_price,intraday_candle,False,-0.04405,0.04405,-0.015617,2558,LOW_REDUNDANCY,Low redundancy. Independent signal sources.,intake_vs_baseline
q158_std_60h,q158_kmid_range,alpha158_rolling_price,alpha158_kbar,False,-0.044043,0.044043,-0.01561,2558,LOW_REDUNDANCY,Low redundancy. Independent signal sources.,intake_vs_baseline
q158_std_60h,q158_close_close_4h,alpha158_rolling_price,alpha158_price,False,0.044023,0.044023,0.085072,657839,LOW_REDUNDANCY,Low redundancy. Independent signal sources.,intake_vs_baseline
q158_min_60h,taker_buy_zscore_20h,alpha158_rolling_price,taker_imbalance,False,-0.043735,0.043735,-0.026038,266282,LOW_REDUNDANCY,Low redundancy. Independent signal sources.,intake_vs_baseline
q158_std_60h,q158_open_close_4h,alpha158_rolling_price,alpha158_price,False,0.042501,0.042501,0.105612,657839,LOW_REDUNDANCY,Low redundancy. Independent signal sources.,intake_vs_baseline
q158_ma_60h,a101_volume_low_alpha_min_84_120,alpha158_rolling_price,alpha101_curated_volume_price_regression,False,0.041815,0.041815,0.003858,331052,LOW_REDUNDANCY,Low redundancy. Independent signal sources.,intake_vs_baseline
q158_min_60h,vol_zscore_20h,alpha158_rolling_price,volume_liquidity,False,0.040989,0.040989,0.005439,656713,LOW_REDUNDANCY,Low redundancy. Independent signal sources.,intake_vs_baseline
q158_std_60h,q158_sumd_20h,alpha158_rolling_price,alpha158_rolling,False,-0.040812,0.040812,-0.040082,1706,LOW_REDUNDANCY,Low redundancy. Independent signal sources.,intake_vs_baseline
q158_ma_60h,q158_vma_20h,alpha158_rolling_price,alpha158_rolling_volume,False,0.040044,0.040044,0.001885,658478,LOW_REDUNDANCY,Low redundancy. Independent signal sources.,intake_vs_baseline
q158_std_60h,q158_ma_5h,alpha158_rolling_price,alpha158_rolling_price,True,0.039385,0.039385,0.068648,657839,LOW_REDUNDANCY,Low redundancy. Independent signal sources.,intake_vs_baseline
q158_ma_60h,q158_vstd_20h,alpha158_rolling_price,alpha158_rolling_volume,False,0.039081,0.039081,0.001739,658478,LOW_REDUNDANCY,Low redundancy. Independent signal sources.,intake_vs_baseline
q158_ma_60h,vol_ratio_5_20,alpha158_rolling_price,volatility,False,0.038096,0.038096,0.006816,1698,LOW_REDUNDANCY,Low redundancy. Independent signal sources.,intake_vs_baseline
q158_max_60h,q158_vsumn_20h,alpha158_rolling_price,alpha158_rolling_volume,False,0.037905,0.037905,0.133879,1706,LOW_REDUNDANCY,Low redundancy. Independent signal sources.,intake_vs_baseline
q158_min_60h,wq101_alpha53,alpha158_rolling_price,wq101,False,0.037889,0.037889,-0.000577,658052,LOW_REDUNDANCY,Low redundancy. Independent signal sources.,intake_vs_baseline
q158_std_60h,q158_vsumd_20h,alpha158_rolling_price,alpha158_rolling_volume,False,-0.037877,0.037877,-0.126004,1706,LOW_REDUNDANCY,Low redundancy. Independent signal sources.,intake_vs_baseline
q158_ma_60h,tech_atr,alpha158_rolling_price,technical,False,-0.037708,0.037708,-0.004087,658265,LOW_REDUNDANCY,Low redundancy. Independent signal sources.,intake_vs_baseline
q158_ma_60h,q158_resi_20h,alpha158_rolling_price,alpha158_rolling_regression,False,-0.036013,0.036013,0.077893,658478,LOW_REDUNDANCY,Low redundancy. Independent signal sources.,intake_vs_baseline
q158_std_60h,mom_vol_adjusted_20h,alpha158_rolling_price,momentum,False,-0.035354,0.035354,-0.024437,1698,LOW_REDUNDANCY,Low redundancy. Independent signal sources.,intake_vs_baseline
q158_min_60h,q158_max_5h,alpha158_rolling_price,alpha158_rolling_price,True,-0.033937,0.033937,-0.088639,657839,LOW_REDUNDANCY,Low redundancy. Independent signal sources.,intake_vs_baseline
q158_ma_60h,vol_zscore_20h,alpha158_rolling_price,volume_liquidity,False,-0.033177,0.033177,-0.024339,656713,LOW_REDUNDANCY,Low redundancy. Independent signal sources.,intake_vs_baseline
q158_ma_60h,q158_std_10h,alpha158_rolling_price,alpha158_rolling_price,True,0.032858,0.032858,0.25291,658052,LOW_REDUNDANCY,Low redundancy. Independent signal sources.,intake_vs_baseline
q158_min_60h,q158_volume_ratio_4h,alpha158_rolling_price,alpha158_volume,False,-0.032768,0.032768,0.00081,657839,LOW_REDUNDANCY,Low redundancy. Independent signal sources.,intake_vs_baseline
q158_min_60h,q158_max_10h,alpha158_rolling_price,alpha158_rolling_price,True,0.032517,0.032517,-0.079002,658052,LOW_REDUNDANCY,Low redundancy. Independent signal sources.,intake_vs_baseline
q158_max_60h,wq101_alpha53,alpha158_rolling_price,wq101,False,0.030361,0.030361,0.000128,658052,LOW_REDUNDANCY,Low redundancy. Independent signal sources.,intake_vs_baseline
q158_ma_60h,a101_volume_high_alpha_min_84_84,alpha158_rolling_price,alpha101_curated_volume_price_regression,False,0.030136,0.030136,0.005293,320131,LOW_REDUNDANCY,Low redundancy. Independent signal sources.,intake_vs_baseline
q158_std_60h,taker_buy_delta_5h,alpha158_rolling_price,taker_imbalance,False,-0.030096,0.030096,-0.013083,2456,LOW_REDUNDANCY,Low redundancy. Independent signal sources.,intake_vs_baseline
q158_min_60h,funding_rate_level_20h,alpha158_rolling_price,funding_rate,False,0.029559,0.029559,0.046099,1642,LOW_REDUNDANCY,Low redundancy. Independent signal sources.,intake_vs_baseline
q158_min_60h,q158_vsumn_20h,alpha158_rolling_price,alpha158_rolling_volume,False,-0.029421,0.029421,-0.050293,1706,LOW_REDUNDANCY,Low redundancy. Independent signal sources.,intake_vs_baseline
q158_max_60h,q158_low_close_0h,alpha158_rolling_price,alpha158_price,False,0.028718,0.028718,-0.21186,2558,LOW_REDUNDANCY,Low redundancy. Independent signal sources.,intake_vs_baseline
q158_std_60h,wq101_alpha101,alpha158_rolling_price,wq101,False,-0.027136,0.027136,-0.016529,2558,LOW_REDUNDANCY,Low redundancy. Independent signal sources.,intake_vs_baseline
q158_min_60h,vol_ratio_5_20,alpha158_rolling_price,volatility,False,0.026745,0.026745,0.011992,1698,LOW_REDUNDANCY,Low redundancy. Independent signal sources.,intake_vs_baseline
q158_min_60h,qvol_ma_ratio_5_20,alpha158_rolling_price,quote_volume_liquidity,False,0.026625,0.026625,-0.050838,656713,LOW_REDUNDANCY,Low redundancy. Independent signal sources.,intake_vs_baseline
q158_max_60h,q158_vsumd_20h,alpha158_rolling_price,alpha158_rolling_volume,False,-0.026603,0.026603,-0.125163,1706,LOW_REDUNDANCY,Low redundancy. Independent signal sources.,intake_vs_baseline
q158_std_60h,q158_sump_20h,alpha158_rolling_price,alpha158_rolling_direction,False,-0.026524,0.026524,-0.020782,1706,LOW_REDUNDANCY,Low redundancy. Independent signal sources.,intake_vs_baseline
q158_min_60h,q158_rsqr_20h,alpha158_rolling_price,alpha158_rolling_regression,False,0.026158,0.026158,-0.036787,658478,LOW_REDUNDANCY,Low redundancy. Independent signal sources.,intake_vs_baseline
q158_max_60h,funding_rate_level_20h,alpha158_rolling_price,funding_rate,False,-0.024913,0.024913,-0.062629,1642,LOW_REDUNDANCY,Low redundancy. Independent signal sources.,intake_vs_baseline
q158_std_60h,funding_rate_change_24h,alpha158_rolling_price,funding_rate,False,0.024905,0.024905,0.170548,1437,LOW_REDUNDANCY,Low redundancy. Independent signal sources.,intake_vs_baseline
q158_std_60h,q158_vsump_20h,alpha158_rolling_price,alpha158_rolling_volume,False,-0.021013,0.021013,-0.052741,1706,LOW_REDUNDANCY,Low redundancy. Independent signal sources.,intake_vs_baseline
q158_max_60h,vol_ratio_5_20,alpha158_rolling_price,volatility,False,0.020976,0.020976,-0.021692,1698,LOW_REDUNDANCY,Low redundancy. Independent signal sources.,intake_vs_baseline
q158_std_60h,realized_skew_20h,alpha158_rolling_price,realized_shape,False,0.020413,0.020413,-0.031803,1706,LOW_REDUNDANCY,Low redundancy. Independent signal sources.,intake_vs_baseline
q158_min_60h,qvol_zscore_20h,alpha158_rolling_price,quote_volume_liquidity,False,0.020218,0.020218,-0.012512,656713,LOW_REDUNDANCY,Low redundancy. Independent signal sources.,intake_vs_baseline
q158_std_60h,taker_buy_zscore_20h,alpha158_rolling_price,taker_imbalance,False,0.019332,0.019332,0.004329,266282,LOW_REDUNDANCY,Low redundancy. Independent signal sources.,intake_vs_baseline
q158_min_60h,q158_vsumd_20h,alpha158_rolling_price,alpha158_rolling_volume,False,0.018428,0.018428,0.005655,1706,LOW_REDUNDANCY,Low redundancy. Independent signal sources.,intake_vs_baseline
q158_std_60h,q158_resi_20h,alpha158_rolling_price,alpha158_rolling_regression,False,0.018241,0.018241,0.122944,658478,LOW_REDUNDANCY,Low redundancy. Independent signal sources.,intake_vs_baseline
q158_ma_60h,q158_volume_ratio_4h,alpha158_rolling_price,alpha158_volume,False,0.017301,0.017301,0.000221,657839,LOW_REDUNDANCY,Low redundancy. Independent signal sources.,intake_vs_baseline
q158_ma_60h,xs_rank_vol,alpha158_rolling_price,cross_sectional_normalized,False,-0.016387,0.016387,-0.003498,658478,LOW_REDUNDANCY,Low redundancy. Independent signal sources.,intake_vs_baseline
q158_ma_60h,q158_high_close_0h,alpha158_rolling_price,alpha158_price,False,-0.015669,0.015669,-0.127777,2558,LOW_REDUNDANCY,Low redundancy. Independent signal sources.,intake_vs_baseline
q158_min_60h,taker_buy_delta_5h,alpha158_rolling_price,taker_imbalance,False,-0.015077,0.015077,-0.009987,2456,LOW_REDUNDANCY,Low redundancy. Independent signal sources.,intake_vs_baseline
q158_max_60h,taker_buy_zscore_20h,alpha158_rolling_price,taker_imbalance,False,-0.013881,0.013881,-0.001948,266282,LOW_REDUNDANCY,Low redundancy. Independent signal sources.,intake_vs_baseline
q158_min_60h,trend_efficiency_24h,alpha158_rolling_price,trend_quality,False,0.013301,0.013301,-0.14456,656928,LOW_REDUNDANCY,Low redundancy. Independent signal sources.,intake_vs_baseline
q158_max_60h,tech_atr,alpha158_rolling_price,technical,False,-0.012589,0.012589,-0.010749,658265,LOW_REDUNDANCY,Low redundancy. Independent signal sources.,intake_vs_baseline
q158_ma_60h,q158_std_5h,alpha158_rolling_price,alpha158_rolling_price,True,0.012483,0.012483,0.126129,657839,LOW_REDUNDANCY,Low redundancy. Independent signal sources.,intake_vs_baseline
q158_ma_60h,wq101_alpha53,alpha158_rolling_price,wq101,False,0.012068,0.012068,-0.000152,658052,LOW_REDUNDANCY,Low redundancy. Independent signal sources.,intake_vs_baseline
q158_std_60h,funding_rate_level_20h,alpha158_rolling_price,funding_rate,False,-0.012047,0.012047,-0.078805,1642,LOW_REDUNDANCY,Low redundancy. Independent signal sources.,intake_vs_baseline
q158_ma_60h,taker_buy_delta_5h,alpha158_rolling_price,taker_imbalance,False,-0.010566,0.010566,-0.013144,2456,LOW_REDUNDANCY,Low redundancy. Independent signal sources.,intake_vs_baseline
q158_max_60h,q158_vsump_20h,alpha158_rolling_price,alpha158_rolling_volume,False,-0.0099,0.0099,-0.073905,1706,LOW_REDUNDANCY,Low redundancy. Independent signal sources.,intake_vs_baseline
q158_ma_60h,a101_volume_xs_z_mean_neg_112h,alpha158_rolling_price,alpha101_curated_volume_crowding,False,-0.009883,0.009883,0.001504,321750,LOW_REDUNDANCY,Low redundancy. Independent signal sources.,intake_vs_baseline
q158_std_60h,taker_buy_ratio_20h,alpha158_rolling_price,taker_imbalance,False,-0.009187,0.009187,0.006387,266282,LOW_REDUNDANCY,Low redundancy. Independent signal sources.,intake_vs_baseline
q158_max_60h,q158_min_10h,alpha158_rolling_price,alpha158_rolling_price,True,0.008407,0.008407,-0.072752,658052,LOW_REDUNDANCY,Low redundancy. Independent signal sources.,intake_vs_baseline
q158_ma_60h,taker_buy_zscore_20h,alpha158_rolling_price,taker_imbalance,False,-0.007065,0.007065,-0.003168,266282,LOW_REDUNDANCY,Low redundancy. Independent signal sources.,intake_vs_baseline
q158_std_60h,q158_corr_20h,alpha158_rolling_price,alpha158_rolling_volume_price,False,0.006164,0.006164,-0.004117,656713,LOW_REDUNDANCY,Low redundancy. Independent signal sources.,intake_vs_baseline
q158_ma_60h,vol_of_vol_20h,alpha158_rolling_price,realized_skew_kurtosis,False,0.00611,0.00611,0.043903,658691,LOW_REDUNDANCY,Low redundancy. Independent signal sources.,intake_vs_baseline
q158_std_60h,q158_imin_20h,alpha158_rolling_price,alpha158_rolling_position,False,0.005814,0.005814,-0.003126,658478,LOW_REDUNDANCY,Low redundancy. Independent signal sources.,intake_vs_baseline
q158_std_60h,volume_pressure_20h,alpha158_rolling_price,volume_price,False,-0.005493,0.005493,0.000633,1706,LOW_REDUNDANCY,Low redundancy. Independent signal sources.,intake_vs_baseline
q158_std_60h,vol_ratio_5_20,alpha158_rolling_price,volatility,False,-0.003822,0.003822,-0.026764,1698,LOW_REDUNDANCY,Low redundancy. Independent signal sources.,intake_vs_baseline
q158_std_60h,wq101_alpha53,alpha158_rolling_price,wq101,False,-0.00299,0.00299,0.00032,658052,LOW_REDUNDANCY,Low redundancy. Independent signal sources.,intake_vs_baseline
q158_ma_60h,xs_rank_mom_accel,alpha158_rolling_price,cross_sectional_normalized,False,-0.002928,0.002928,-0.029923,1493,LOW_REDUNDANCY,Low redundancy. Independent signal sources.,intake_vs_baseline
q158_min_60h,ksft_5h,alpha158_rolling_price,alpha158_ohlcv,False,-0.002344,0.002344,0.005735,2345,LOW_REDUNDANCY,Low redundancy. Independent signal sources.,intake_vs_baseline
q158_std_60h,q158_ksft_range,alpha158_rolling_price,alpha158_kbar,False,0.002081,0.002081,0.01877,2558,LOW_REDUNDANCY,Low redundancy. Independent signal sources.,intake_vs_baseline
q158_min_60h,q158_vsump_20h,alpha158_rolling_price,alpha158_rolling_volume,False,0.001417,0.001417,-0.041527,1706,LOW_REDUNDANCY,Low redundancy. Independent signal sources.,intake_vs_baseline
q158_ma_60h,a101_vol_xs_z_product_112h,alpha158_rolling_price,alpha101_curated_volume_regime,False,0.001006,0.001006,0.001949,321750,LOW_REDUNDANCY,Low redundancy. Independent signal sources.,intake_vs_baseline
q158_ma_60h,wq101_alpha12,alpha158_rolling_price,wq101,False,,,,0,INSUFFICIENT_DATA,Insufficient pairwise observations.,intake_vs_baseline
q158_std_60h,wq101_alpha12,alpha158_rolling_price,wq101,False,,,,0,INSUFFICIENT_DATA,Insufficient pairwise observations.,intake_vs_baseline
q158_max_60h,wq101_alpha12,alpha158_rolling_price,wq101,False,,,,0,INSUFFICIENT_DATA,Insufficient pairwise observations.,intake_vs_baseline
q158_min_60h,wq101_alpha12,alpha158_rolling_price,wq101,False,,,,0,INSUFFICIENT_DATA,Insufficient pairwise observations.,intake_vs_baseline
q158_ma_60h,q158_open_close_1h,alpha158_rolling_price,alpha158_price,False,,,,0,INSUFFICIENT_DATA,Insufficient pairwise observations.,intake_vs_baseline
q158_std_60h,q158_open_close_1h,alpha158_rolling_price,alpha158_price,False,,,,0,INSUFFICIENT_DATA,Insufficient pairwise observations.,intake_vs_baseline
q158_max_60h,q158_open_close_1h,alpha158_rolling_price,alpha158_price,False,,,,0,INSUFFICIENT_DATA,Insufficient pairwise observations.,intake_vs_baseline
q158_min_60h,q158_open_close_1h,alpha158_rolling_price,alpha158_price,False,,,,0,INSUFFICIENT_DATA,Insufficient pairwise observations.,intake_vs_baseline
q158_ma_60h,q158_high_close_1h,alpha158_rolling_price,alpha158_price,False,,,,0,INSUFFICIENT_DATA,Insufficient pairwise observations.,intake_vs_baseline
q158_std_60h,q158_high_close_1h,alpha158_rolling_price,alpha158_price,False,,,,0,INSUFFICIENT_DATA,Insufficient pairwise observations.,intake_vs_baseline
q158_max_60h,q158_high_close_1h,alpha158_rolling_price,alpha158_price,False,,,,0,INSUFFICIENT_DATA,Insufficient pairwise observations.,intake_vs_baseline
q158_min_60h,q158_high_close_1h,alpha158_rolling_price,alpha158_price,False,,,,0,INSUFFICIENT_DATA,Insufficient pairwise observations.,intake_vs_baseline
q158_ma_60h,q158_low_close_1h,alpha158_rolling_price,alpha158_price,False,,,,0,INSUFFICIENT_DATA,Insufficient pairwise observations.,intake_vs_baseline
q158_std_60h,q158_low_close_1h,alpha158_rolling_price,alpha158_price,False,,,,0,INSUFFICIENT_DATA,Insufficient pairwise observations.,intake_vs_baseline
q158_max_60h,q158_low_close_1h,alpha158_rolling_price,alpha158_price,False,,,,0,INSUFFICIENT_DATA,Insufficient pairwise observations.,intake_vs_baseline
q158_min_60h,q158_low_close_1h,alpha158_rolling_price,alpha158_price,False,,,,0,INSUFFICIENT_DATA,Insufficient pairwise observations.,intake_vs_baseline
q158_ma_60h,q158_open_close_2h,alpha158_rolling_price,alpha158_price,False,,,,0,INSUFFICIENT_DATA,Insufficient pairwise observations.,intake_vs_baseline
q158_std_60h,q158_open_close_2h,alpha158_rolling_price,alpha158_price,False,,,,0,INSUFFICIENT_DATA,Insufficient pairwise observations.,intake_vs_baseline
q158_max_60h,q158_open_close_2h,alpha158_rolling_price,alpha158_price,False,,,,0,INSUFFICIENT_DATA,Insufficient pairwise observations.,intake_vs_baseline
q158_min_60h,q158_open_close_2h,alpha158_rolling_price,alpha158_price,False,,,,0,INSUFFICIENT_DATA,Insufficient pairwise observations.,intake_vs_baseline
q158_ma_60h,q158_high_close_2h,alpha158_rolling_price,alpha158_price,False,,,,0,INSUFFICIENT_DATA,Insufficient pairwise observations.,intake_vs_baseline
q158_std_60h,q158_high_close_2h,alpha158_rolling_price,alpha158_price,False,,,,0,INSUFFICIENT_DATA,Insufficient pairwise observations.,intake_vs_baseline
q158_max_60h,q158_high_close_2h,alpha158_rolling_price,alpha158_price,False,,,,0,INSUFFICIENT_DATA,Insufficient pairwise observations.,intake_vs_baseline
q158_min_60h,q158_high_close_2h,alpha158_rolling_price,alpha158_price,False,,,,0,INSUFFICIENT_DATA,Insufficient pairwise observations.,intake_vs_baseline
q158_ma_60h,q158_low_close_2h,alpha158_rolling_price,alpha158_price,False,,,,0,INSUFFICIENT_DATA,Insufficient pairwise observations.,intake_vs_baseline
q158_std_60h,q158_low_close_2h,alpha158_rolling_price,alpha158_price,False,,,,0,INSUFFICIENT_DATA,Insufficient pairwise observations.,intake_vs_baseline
q158_max_60h,q158_low_close_2h,alpha158_rolling_price,alpha158_price,False,,,,0,INSUFFICIENT_DATA,Insufficient pairwise observations.,intake_vs_baseline
q158_min_60h,q158_low_close_2h,alpha158_rolling_price,alpha158_price,False,,,,0,INSUFFICIENT_DATA,Insufficient pairwise observations.,intake_vs_baseline
q158_ma_60h,q158_open_close_3h,alpha158_rolling_price,alpha158_price,False,,,,0,INSUFFICIENT_DATA,Insufficient pairwise observations.,intake_vs_baseline
q158_std_60h,q158_open_close_3h,alpha158_rolling_price,alpha158_price,False,,,,0,INSUFFICIENT_DATA,Insufficient pairwise observations.,intake_vs_baseline
q158_max_60h,q158_open_close_3h,alpha158_rolling_price,alpha158_price,False,,,,0,INSUFFICIENT_DATA,Insufficient pairwise observations.,intake_vs_baseline
q158_min_60h,q158_open_close_3h,alpha158_rolling_price,alpha158_price,False,,,,0,INSUFFICIENT_DATA,Insufficient pairwise observations.,intake_vs_baseline
q158_ma_60h,q158_high_close_3h,alpha158_rolling_price,alpha158_price,False,,,,0,INSUFFICIENT_DATA,Insufficient pairwise observations.,intake_vs_baseline
q158_std_60h,q158_high_close_3h,alpha158_rolling_price,alpha158_price,False,,,,0,INSUFFICIENT_DATA,Insufficient pairwise observations.,intake_vs_baseline
q158_max_60h,q158_high_close_3h,alpha158_rolling_price,alpha158_price,False,,,,0,INSUFFICIENT_DATA,Insufficient pairwise observations.,intake_vs_baseline
q158_min_60h,q158_high_close_3h,alpha158_rolling_price,alpha158_price,False,,,,0,INSUFFICIENT_DATA,Insufficient pairwise observations.,intake_vs_baseline
q158_ma_60h,q158_low_close_3h,alpha158_rolling_price,alpha158_price,False,,,,0,INSUFFICIENT_DATA,Insufficient pairwise observations.,intake_vs_baseline
q158_std_60h,q158_low_close_3h,alpha158_rolling_price,alpha158_price,False,,,,0,INSUFFICIENT_DATA,Insufficient pairwise observations.,intake_vs_baseline
q158_max_60h,q158_low_close_3h,alpha158_rolling_price,alpha158_price,False,,,,0,INSUFFICIENT_DATA,Insufficient pairwise observations.,intake_vs_baseline
q158_min_60h,q158_low_close_3h,alpha158_rolling_price,alpha158_price,False,,,,0,INSUFFICIENT_DATA,Insufficient pairwise observations.,intake_vs_baseline
q158_ma_60h,q158_volume_ratio_1h,alpha158_rolling_price,alpha158_volume,False,,,,0,INSUFFICIENT_DATA,Insufficient pairwise observations.,intake_vs_baseline
q158_std_60h,q158_volume_ratio_1h,alpha158_rolling_price,alpha158_volume,False,,,,0,INSUFFICIENT_DATA,Insufficient pairwise observations.,intake_vs_baseline
q158_max_60h,q158_volume_ratio_1h,alpha158_rolling_price,alpha158_volume,False,,,,0,INSUFFICIENT_DATA,Insufficient pairwise observations.,intake_vs_baseline
q158_min_60h,q158_volume_ratio_1h,alpha158_rolling_price,alpha158_volume,False,,,,0,INSUFFICIENT_DATA,Insufficient pairwise observations.,intake_vs_baseline
q158_ma_60h,q158_volume_ratio_2h,alpha158_rolling_price,alpha158_volume,False,,,,0,INSUFFICIENT_DATA,Insufficient pairwise observations.,intake_vs_baseline
q158_std_60h,q158_volume_ratio_2h,alpha158_rolling_price,alpha158_volume,False,,,,0,INSUFFICIENT_DATA,Insufficient pairwise observations.,intake_vs_baseline
q158_max_60h,q158_volume_ratio_2h,alpha158_rolling_price,alpha158_volume,False,,,,0,INSUFFICIENT_DATA,Insufficient pairwise observations.,intake_vs_baseline
q158_min_60h,q158_volume_ratio_2h,alpha158_rolling_price,alpha158_volume,False,,,,0,INSUFFICIENT_DATA,Insufficient pairwise observations.,intake_vs_baseline
q158_ma_60h,q158_volume_ratio_3h,alpha158_rolling_price,alpha158_volume,False,,,,0,INSUFFICIENT_DATA,Insufficient pairwise observations.,intake_vs_baseline
q158_std_60h,q158_volume_ratio_3h,alpha158_rolling_price,alpha158_volume,False,,,,0,INSUFFICIENT_DATA,Insufficient pairwise observations.,intake_vs_baseline
q158_max_60h,q158_volume_ratio_3h,alpha158_rolling_price,alpha158_volume,False,,,,0,INSUFFICIENT_DATA,Insufficient pairwise observations.,intake_vs_baseline
q158_min_60h,q158_volume_ratio_3h,alpha158_rolling_price,alpha158_volume,False,,,,0,INSUFFICIENT_DATA,Insufficient pairwise observations.,intake_vs_baseline
q158_ma_60h,rev_3h,alpha158_rolling_price,reversal,False,,,,0,INSUFFICIENT_DATA,Insufficient pairwise observations.,intake_vs_baseline
q158_std_60h,rev_3h,alpha158_rolling_price,reversal,False,,,,0,INSUFFICIENT_DATA,Insufficient pairwise observations.,intake_vs_baseline
q158_max_60h,rev_3h,alpha158_rolling_price,reversal,False,,,,0,INSUFFICIENT_DATA,Insufficient pairwise observations.,intake_vs_baseline
q158_min_60h,rev_3h,alpha158_rolling_price,reversal,False,,,,0,INSUFFICIENT_DATA,Insufficient pairwise observations.,intake_vs_baseline
q158_ma_60h,range_4h,alpha158_rolling_price,range_position,False,,,,0,INSUFFICIENT_DATA,Insufficient pairwise observations.,intake_vs_baseline
q158_std_60h,range_4h,alpha158_rolling_price,range_position,False,,,,0,INSUFFICIENT_DATA,Insufficient pairwise observations.,intake_vs_baseline
q158_max_60h,range_4h,alpha158_rolling_price,range_position,False,,,,0,INSUFFICIENT_DATA,Insufficient pairwise observations.,intake_vs_baseline
q158_min_60h,range_4h,alpha158_rolling_price,range_position,False,,,,0,INSUFFICIENT_DATA,Insufficient pairwise observations.,intake_vs_baseline
q158_ma_60h,range_24h,alpha158_rolling_price,range_position,False,,,,0,INSUFFICIENT_DATA,Insufficient pairwise observations.,intake_vs_baseline
q158_std_60h,range_24h,alpha158_rolling_price,range_position,False,,,,0,INSUFFICIENT_DATA,Insufficient pairwise observations.,intake_vs_baseline
q158_max_60h,range_24h,alpha158_rolling_price,range_position,False,,,,0,INSUFFICIENT_DATA,Insufficient pairwise observations.,intake_vs_baseline
q158_min_60h,range_24h,alpha158_rolling_price,range_position,False,,,,0,INSUFFICIENT_DATA,Insufficient pairwise observations.,intake_vs_baseline
q158_ma_60h,price_pos_24h,alpha158_rolling_price,price_position,False,,,,0,INSUFFICIENT_DATA,Insufficient pairwise observations.,intake_vs_baseline
q158_std_60h,price_pos_24h,alpha158_rolling_price,price_position,False,,,,0,INSUFFICIENT_DATA,Insufficient pairwise observations.,intake_vs_baseline
q158_max_60h,price_pos_24h,alpha158_rolling_price,price_position,False,,,,0,INSUFFICIENT_DATA,Insufficient pairwise observations.,intake_vs_baseline
q158_min_60h,price_pos_24h,alpha158_rolling_price,price_position,False,,,,0,INSUFFICIENT_DATA,Insufficient pairwise observations.,intake_vs_baseline
q158_ma_60h,vol_zscore_48h,alpha158_rolling_price,volume_liquidity,False,,,,0,INSUFFICIENT_DATA,Insufficient pairwise observations.,intake_vs_baseline
q158_std_60h,vol_zscore_48h,alpha158_rolling_price,volume_liquidity,False,,,,0,INSUFFICIENT_DATA,Insufficient pairwise observations.,intake_vs_baseline
q158_max_60h,vol_zscore_48h,alpha158_rolling_price,volume_liquidity,False,,,,0,INSUFFICIENT_DATA,Insufficient pairwise observations.,intake_vs_baseline
q158_min_60h,vol_zscore_48h,alpha158_rolling_price,volume_liquidity,False,,,,0,INSUFFICIENT_DATA,Insufficient pairwise observations.,intake_vs_baseline
q158_ma_60h,qvol_zscore_48h,alpha158_rolling_price,quote_volume_liquidity,False,,,,0,INSUFFICIENT_DATA,Insufficient pairwise observations.,intake_vs_baseline
q158_std_60h,qvol_zscore_48h,alpha158_rolling_price,quote_volume_liquidity,False,,,,0,INSUFFICIENT_DATA,Insufficient pairwise observations.,intake_vs_baseline
q158_max_60h,qvol_zscore_48h,alpha158_rolling_price,quote_volume_liquidity,False,,,,0,INSUFFICIENT_DATA,Insufficient pairwise observations.,intake_vs_baseline
q158_min_60h,qvol_zscore_48h,alpha158_rolling_price,quote_volume_liquidity,False,,,,0,INSUFFICIENT_DATA,Insufficient pairwise observations.,intake_vs_baseline
q158_ma_60h,breakout_dist_48h,alpha158_rolling_price,breakout,False,,,,0,INSUFFICIENT_DATA,Insufficient pairwise observations.,intake_vs_baseline
q158_std_60h,breakout_dist_48h,alpha158_rolling_price,breakout,False,,,,0,INSUFFICIENT_DATA,Insufficient pairwise observations.,intake_vs_baseline
q158_max_60h,breakout_dist_48h,alpha158_rolling_price,breakout,False,,,,0,INSUFFICIENT_DATA,Insufficient pairwise observations.,intake_vs_baseline
q158_min_60h,breakout_dist_48h,alpha158_rolling_price,breakout,False,,,,0,INSUFFICIENT_DATA,Insufficient pairwise observations.,intake_vs_baseline
q158_ma_60h,xs_rank_ret_1h,alpha158_rolling_price,cross_sectional_normalized,False,,,,0,INSUFFICIENT_DATA,Insufficient pairwise observations.,intake_vs_baseline
q158_std_60h,xs_rank_ret_1h,alpha158_rolling_price,cross_sectional_normalized,False,,,,0,INSUFFICIENT_DATA,Insufficient pairwise observations.,intake_vs_baseline
q158_max_60h,xs_rank_ret_1h,alpha158_rolling_price,cross_sectional_normalized,False,,,,0,INSUFFICIENT_DATA,Insufficient pairwise observations.,intake_vs_baseline
q158_min_60h,xs_rank_ret_1h,alpha158_rolling_price,cross_sectional_normalized,False,,,,0,INSUFFICIENT_DATA,Insufficient pairwise observations.,intake_vs_baseline
q158_ma_60h,rsi_7h,alpha158_rolling_price,technical_indicators,False,,,,0,INSUFFICIENT_DATA,Insufficient pairwise observations.,intake_vs_baseline
q158_std_60h,rsi_7h,alpha158_rolling_price,technical_indicators,False,,,,0,INSUFFICIENT_DATA,Insufficient pairwise observations.,intake_vs_baseline
q158_max_60h,rsi_7h,alpha158_rolling_price,technical_indicators,False,,,,0,INSUFFICIENT_DATA,Insufficient pairwise observations.,intake_vs_baseline
q158_min_60h,rsi_7h,alpha158_rolling_price,technical_indicators,False,,,,0,INSUFFICIENT_DATA,Insufficient pairwise observations.,intake_vs_baseline
q158_ma_60h,rsi_28h,alpha158_rolling_price,technical_indicators,False,,,,0,INSUFFICIENT_DATA,Insufficient pairwise observations.,intake_vs_baseline
q158_std_60h,rsi_28h,alpha158_rolling_price,technical_indicators,False,,,,0,INSUFFICIENT_DATA,Insufficient pairwise observations.,intake_vs_baseline
q158_max_60h,rsi_28h,alpha158_rolling_price,technical_indicators,False,,,,0,INSUFFICIENT_DATA,Insufficient pairwise observations.,intake_vs_baseline
q158_min_60h,rsi_28h,alpha158_rolling_price,technical_indicators,False,,,,0,INSUFFICIENT_DATA,Insufficient pairwise observations.,intake_vs_baseline
q158_ma_60h,williams_r_14h,alpha158_rolling_price,technical_indicators,False,,,,0,INSUFFICIENT_DATA,Insufficient pairwise observations.,intake_vs_baseline
q158_std_60h,williams_r_14h,alpha158_rolling_price,technical_indicators,False,,,,0,INSUFFICIENT_DATA,Insufficient pairwise observations.,intake_vs_baseline
q158_max_60h,williams_r_14h,alpha158_rolling_price,technical_indicators,False,,,,0,INSUFFICIENT_DATA,Insufficient pairwise observations.,intake_vs_baseline
q158_min_60h,williams_r_14h,alpha158_rolling_price,technical_indicators,False,,,,0,INSUFFICIENT_DATA,Insufficient pairwise observations.,intake_vs_baseline
q158_ma_60h,mom_72h,alpha158_rolling_price,momentum,False,,,,0,INSUFFICIENT_DATA,Insufficient pairwise observations.,intake_vs_baseline
q158_std_60h,mom_72h,alpha158_rolling_price,momentum,False,,,,0,INSUFFICIENT_DATA,Insufficient pairwise observations.,intake_vs_baseline
q158_max_60h,mom_72h,alpha158_rolling_price,momentum,False,,,,0,INSUFFICIENT_DATA,Insufficient pairwise observations.,intake_vs_baseline
q158_min_60h,mom_72h,alpha158_rolling_price,momentum,False,,,,0,INSUFFICIENT_DATA,Insufficient pairwise observations.,intake_vs_baseline
q158_ma_60h,mom_120h,alpha158_rolling_price,momentum,False,,,,0,INSUFFICIENT_DATA,Insufficient pairwise observations.,intake_vs_baseline
q158_std_60h,mom_120h,alpha158_rolling_price,momentum,False,,,,0,INSUFFICIENT_DATA,Insufficient pairwise observations.,intake_vs_baseline
q158_max_60h,mom_120h,alpha158_rolling_price,momentum,False,,,,0,INSUFFICIENT_DATA,Insufficient pairwise observations.,intake_vs_baseline
q158_min_60h,mom_120h,alpha158_rolling_price,momentum,False,,,,0,INSUFFICIENT_DATA,Insufficient pairwise observations.,intake_vs_baseline
q158_ma_60h,rev_1h,alpha158_rolling_price,reversal,False,,,,0,INSUFFICIENT_DATA,Insufficient pairwise observations.,intake_vs_baseline
q158_std_60h,rev_1h,alpha158_rolling_price,reversal,False,,,,0,INSUFFICIENT_DATA,Insufficient pairwise observations.,intake_vs_baseline
q158_max_60h,rev_1h,alpha158_rolling_price,reversal,False,,,,0,INSUFFICIENT_DATA,Insufficient pairwise observations.,intake_vs_baseline
q158_min_60h,rev_1h,alpha158_rolling_price,reversal,False,,,,0,INSUFFICIENT_DATA,Insufficient pairwise observations.,intake_vs_baseline
q158_ma_60h,rev_72h,alpha158_rolling_price,reversal,False,,,,0,INSUFFICIENT_DATA,Insufficient pairwise observations.,intake_vs_baseline
q158_std_60h,rev_72h,alpha158_rolling_price,reversal,False,,,,0,INSUFFICIENT_DATA,Insufficient pairwise observations.,intake_vs_baseline
q158_max_60h,rev_72h,alpha158_rolling_price,reversal,False,,,,0,INSUFFICIENT_DATA,Insufficient pairwise observations.,intake_vs_baseline
q158_min_60h,rev_72h,alpha158_rolling_price,reversal,False,,,,0,INSUFFICIENT_DATA,Insufficient pairwise observations.,intake_vs_baseline
q158_ma_60h,vol_ratio_20_80,alpha158_rolling_price,volatility,False,,,,0,INSUFFICIENT_DATA,Insufficient pairwise observations.,intake_vs_baseline
q158_std_60h,vol_ratio_20_80,alpha158_rolling_price,volatility,False,,,,0,INSUFFICIENT_DATA,Insufficient pairwise observations.,intake_vs_baseline
q158_max_60h,vol_ratio_20_80,alpha158_rolling_price,volatility,False,,,,0,INSUFFICIENT_DATA,Insufficient pairwise observations.,intake_vs_baseline
q158_min_60h,vol_ratio_20_80,alpha158_rolling_price,volatility,False,,,,0,INSUFFICIENT_DATA,Insufficient pairwise observations.,intake_vs_baseline
q158_ma_60h,rev_2h,alpha158_rolling_price,reversal,False,,,,0,INSUFFICIENT_DATA,Insufficient pairwise observations.,intake_vs_baseline
q158_std_60h,rev_2h,alpha158_rolling_price,reversal,False,,,,0,INSUFFICIENT_DATA,Insufficient pairwise observations.,intake_vs_baseline
q158_max_60h,rev_2h,alpha158_rolling_price,reversal,False,,,,0,INSUFFICIENT_DATA,Insufficient pairwise observations.,intake_vs_baseline
q158_min_60h,rev_2h,alpha158_rolling_price,reversal,False,,,,0,INSUFFICIENT_DATA,Insufficient pairwise observations.,intake_vs_baseline
q158_ma_60h,a101_volume_cap_alpha_min_80_80,alpha158_rolling_price,alpha101_curated_volume_cap_regression,False,,,,0,INSUFFICIENT_DATA,Insufficient pairwise observations.,intake_vs_baseline
q158_std_60h,a101_volume_cap_alpha_min_80_80,alpha158_rolling_price,alpha101_curated_volume_cap_regression,False,,,,0,INSUFFICIENT_DATA,Insufficient pairwise observations.,intake_vs_baseline
q158_max_60h,a101_volume_cap_alpha_min_80_80,alpha158_rolling_price,alpha101_curated_volume_cap_regression,False,,,,0,INSUFFICIENT_DATA,Insufficient pairwise observations.,intake_vs_baseline
q158_min_60h,a101_volume_cap_alpha_min_80_80,alpha158_rolling_price,alpha101_curated_volume_cap_regression,False,,,,0,INSUFFICIENT_DATA,Insufficient pairwise observations.,intake_vs_baseline
q158_ma_60h,a101_volume_cap_alpha_min_56_84,alpha158_rolling_price,alpha101_curated_volume_cap_regression,False,,,,0,INSUFFICIENT_DATA,Insufficient pairwise observations.,intake_vs_baseline
q158_std_60h,a101_volume_cap_alpha_min_56_84,alpha158_rolling_price,alpha101_curated_volume_cap_regression,False,,,,0,INSUFFICIENT_DATA,Insufficient pairwise observations.,intake_vs_baseline
q158_max_60h,a101_volume_cap_alpha_min_56_84,alpha158_rolling_price,alpha101_curated_volume_cap_regression,False,,,,0,INSUFFICIENT_DATA,Insufficient pairwise observations.,intake_vs_baseline
q158_min_60h,a101_volume_cap_alpha_min_56_84,alpha158_rolling_price,alpha101_curated_volume_cap_regression,False,,,,0,INSUFFICIENT_DATA,Insufficient pairwise observations.,intake_vs_baseline
