factor_i,factor_j,family_i,family_j,same_family,spearman_corr,abs_spearman_corr,pearson_corr,n_pairwise_obs,redundancy_level,recommendation,pair_type
wq101_alpha54,q158_ksft_range,wq101,alpha158_kbar,False,-0.992326,0.992326,-0.985106,404510,NEAR_DUPLICATE,NEAR_DUPLICATE with existing library factor. Likely redundant. Drop or justify unique contribution.,intake_vs_baseline
wq101_alpha54,q158_ksft_open,wq101,alpha158_kbar,False,-0.914916,0.914916,-0.565807,404510,HIGH_REDUNDANCY,REDUNDANT_WITH_EXISTING. High correlation with existing library factor.,intake_vs_baseline
wq101_alpha9,wq101_alpha101,wq101,wq101,True,-0.858885,0.858885,-0.080996,662921,HIGH_REDUNDANCY,REDUNDANT_WITH_EXISTING. High correlation with existing library factor.,intake_vs_baseline
wq101_alpha54,q158_kmid_range,wq101,alpha158_kbar,False,-0.78201,0.78201,-0.77608,404510,MODERATE_REDUNDANCY,Monitor. May provide diversification if combined carefully.,intake_vs_baseline
wq101_alpha54,candle_body,wq101,intraday_candle,False,-0.782,0.782,-0.776058,404510,MODERATE_REDUNDANCY,Monitor. May provide diversification if combined carefully.,intake_vs_baseline
wq101_alpha9,candle_body,wq101,intraday_candle,False,-0.752787,0.752787,-0.060605,662921,MODERATE_REDUNDANCY,Monitor. May provide diversification if combined carefully.,intake_vs_baseline
wq101_alpha9,q158_kmid_range,wq101,alpha158_kbar,False,-0.752698,0.752698,-0.060592,662921,MODERATE_REDUNDANCY,Monitor. May provide diversification if combined carefully.,intake_vs_baseline
wq101_alpha9,intraday_ret,wq101,alpha158_ohlcv,False,-0.748857,0.748857,-0.026947,662921,MODERATE_REDUNDANCY,Monitor. May provide diversification if combined carefully.,intake_vs_baseline
wq101_alpha9,q158_kmid_open,wq101,alpha158_kbar,False,-0.748857,0.748857,-0.026947,662921,MODERATE_REDUNDANCY,Monitor. May provide diversification if combined carefully.,intake_vs_baseline
wq101_alpha9,q158_open_close_0h,wq101,alpha158_price,False,0.748857,0.748857,0.026144,662921,MODERATE_REDUNDANCY,Monitor. May provide diversification if combined carefully.,intake_vs_baseline
wq101_alpha54,q158_high_close_0h,wq101,alpha158_price,False,0.742268,0.742268,0.306725,404510,MODERATE_REDUNDANCY,Monitor. May provide diversification if combined carefully.,intake_vs_baseline
wq101_alpha9,wq101_alpha53,wq101,wq101,True,0.728243,0.728243,-0.349197,214,MODERATE_REDUNDANCY,Monitor. May provide diversification if combined carefully.,intake_vs_baseline
wq101_alpha54,intraday_ret,wq101,alpha158_ohlcv,False,-0.713681,0.713681,-0.416178,404510,MODERATE_REDUNDANCY,Monitor. May provide diversification if combined carefully.,intake_vs_baseline
wq101_alpha54,q158_kmid_open,wq101,alpha158_kbar,False,-0.713681,0.713681,-0.416178,404510,MODERATE_REDUNDANCY,Monitor. May provide diversification if combined carefully.,intake_vs_baseline
wq101_alpha54,q158_open_close_0h,wq101,alpha158_price,False,0.713681,0.713681,0.402888,404510,MODERATE_REDUNDANCY,Monitor. May provide diversification if combined carefully.,intake_vs_baseline
wq101_alpha54,wq101_alpha101,wq101,wq101,True,-0.711878,0.711878,-0.680628,404510,MODERATE_REDUNDANCY,Monitor. May provide diversification if combined carefully.,intake_vs_baseline
wq101_alpha54,q158_low_close_0h,wq101,alpha158_price,False,0.70777,0.70777,0.378011,404510,MODERATE_REDUNDANCY,Monitor. May provide diversification if combined carefully.,intake_vs_baseline
wq101_alpha9,q158_ksft_range,wq101,alpha158_kbar,False,-0.616073,0.616073,-0.050344,662921,LOW_REDUNDANCY,Low redundancy. Independent signal sources.,intake_vs_baseline
wq101_alpha9,q158_ksft_open,wq101,alpha158_kbar,False,-0.604736,0.604736,-0.023963,662921,LOW_REDUNDANCY,Low redundancy. Independent signal sources.,intake_vs_baseline
wq101_alpha9,wq101_alpha54,wq101,wq101,True,0.585548,0.585548,0.048117,404123,LOW_REDUNDANCY,Low redundancy. Independent signal sources.,intake_vs_intake
wq101_alpha6,range_breakout_vol_confirm_20h,wq101,breakout,False,-0.544177,0.544177,-0.503498,21594,LOW_REDUNDANCY,Low redundancy. Independent signal sources.,intake_vs_baseline
wq101_alpha41,q158_resi_20h,wq101,alpha158_rolling_regression,False,-0.528994,0.528994,-0.013386,850,LOW_REDUNDANCY,Low redundancy. Independent signal sources.,intake_vs_baseline
wq101_alpha54,q158_min_5h,wq101,alpha158_rolling_price,False,0.508409,0.508409,0.227049,213,LOW_REDUNDANCY,Low redundancy. Independent signal sources.,intake_vs_baseline
wq101_alpha54,wq101_alpha53,wq101,wq101,True,0.507847,0.507847,0.265705,426,LOW_REDUNDANCY,Low redundancy. Independent signal sources.,intake_vs_baseline
wq101_alpha21,vol_zscore_20h,wq101,volume_liquidity,False,0.497496,0.497496,0.427742,660539,LOW_REDUNDANCY,Low redundancy. Independent signal sources.,intake_vs_baseline
wq101_alpha21,q158_vma_20h,wq101,alpha158_rolling_volume,False,-0.489259,0.489259,-0.000564,662312,LOW_REDUNDANCY,Low redundancy. Independent signal sources.,intake_vs_baseline
wq101_alpha21,qvol_zscore_20h,wq101,quote_volume_liquidity,False,0.48402,0.48402,0.41202,660539,LOW_REDUNDANCY,Low redundancy. Independent signal sources.,intake_vs_baseline
wq101_alpha9,rsi_14h,wq101,technical,False,-0.464188,0.464188,-0.01819,428,LOW_REDUNDANCY,Low redundancy. Independent signal sources.,intake_vs_baseline
wq101_alpha21,mom_5h,wq101,momentum,False,-0.461978,0.461978,-0.378245,641,LOW_REDUNDANCY,Low redundancy. Independent signal sources.,intake_vs_baseline
wq101_alpha21,reversal_5h,wq101,momentum,False,0.461978,0.461978,0.378245,641,LOW_REDUNDANCY,Low redundancy. Independent signal sources.,intake_vs_baseline
wq101_alpha21,q158_low_close_4h,wq101,alpha158_price,False,0.457334,0.457334,0.333952,661671,LOW_REDUNDANCY,Low redundancy. Independent signal sources.,intake_vs_baseline
wq101_alpha9,q158_high_close_0h,wq101,alpha158_price,False,0.456075,0.456075,0.014291,662921,LOW_REDUNDANCY,Low redundancy. Independent signal sources.,intake_vs_baseline
wq101_alpha41,q158_ma_10h,wq101,alpha158_rolling_price,False,0.454652,0.454652,-0.011511,426,LOW_REDUNDANCY,Low redundancy. Independent signal sources.,intake_vs_baseline
wq101_alpha9,q158_low_close_0h,wq101,alpha158_price,False,0.448885,0.448885,0.014964,662921,LOW_REDUNDANCY,Low redundancy. Independent signal sources.,intake_vs_baseline
wq101_alpha21,q158_ma_5h,wq101,alpha158_rolling_price,False,0.444393,0.444393,0.328449,661671,LOW_REDUNDANCY,Low redundancy. Independent signal sources.,intake_vs_baseline
wq101_alpha21,q158_close_close_4h,wq101,alpha158_price,False,0.443715,0.443715,0.330017,661671,LOW_REDUNDANCY,Low redundancy. Independent signal sources.,intake_vs_baseline
wq101_alpha54,q158_ma_5h,wq101,alpha158_rolling_price,False,0.439151,0.439151,0.207612,213,LOW_REDUNDANCY,Low redundancy. Independent signal sources.,intake_vs_baseline
wq101_alpha54,q158_rsv_30h,wq101,alpha158_rolling,False,-0.437379,0.437379,-0.358343,1274,LOW_REDUNDANCY,Low redundancy. Independent signal sources.,intake_vs_baseline
wq101_alpha9,breakout_dist_20h,wq101,breakout,False,-0.436387,0.436387,-0.026129,641,LOW_REDUNDANCY,Low redundancy. Independent signal sources.,intake_vs_baseline
wq101_alpha54,taker_buy_zscore_20h,wq101,taker_imbalance,False,-0.431528,0.431528,-0.430472,79649,LOW_REDUNDANCY,Low redundancy. Independent signal sources.,intake_vs_baseline
wq101_alpha21,q158_ma_10h,wq101,alpha158_rolling_price,False,0.430665,0.430665,0.289725,661884,LOW_REDUNDANCY,Low redundancy. Independent signal sources.,intake_vs_baseline
wq101_alpha21,q158_open_close_4h,wq101,alpha158_price,False,0.430325,0.430325,0.300707,661671,LOW_REDUNDANCY,Low redundancy. Independent signal sources.,intake_vs_baseline
wq101_alpha6,q158_corr_20h,wq101,alpha158_rolling_volume_price,False,-0.426602,0.426602,-0.437343,660107,LOW_REDUNDANCY,Low redundancy. Independent signal sources.,intake_vs_baseline
wq101_alpha9,q158_rsv_20h,wq101,alpha158_rolling,False,-0.426263,0.426263,-0.025761,641,LOW_REDUNDANCY,Low redundancy. Independent signal sources.,intake_vs_baseline
wq101_alpha9,taker_buy_zscore_20h,wq101,taker_imbalance,False,-0.413543,0.413543,-0.046089,336129,LOW_REDUNDANCY,Low redundancy. Independent signal sources.,intake_vs_baseline
wq101_alpha21,q158_vstd_20h,wq101,alpha158_rolling_volume,False,-0.410727,0.410727,-0.00133,662312,LOW_REDUNDANCY,Low redundancy. Independent signal sources.,intake_vs_baseline
wq101_alpha21,q158_high_close_4h,wq101,alpha158_price,False,0.410402,0.410402,0.282709,661671,LOW_REDUNDANCY,Low redundancy. Independent signal sources.,intake_vs_baseline
wq101_alpha41,q158_min_10h,wq101,alpha158_rolling_price,False,0.408363,0.408363,-0.02506,426,LOW_REDUNDANCY,Low redundancy. Independent signal sources.,intake_vs_baseline
wq101_alpha54,breakout_dist_20h,wq101,breakout,False,-0.406427,0.406427,-0.314409,850,LOW_REDUNDANCY,Low redundancy. Independent signal sources.,intake_vs_baseline
wq101_alpha54,q158_rsv_20h,wq101,alpha158_rolling,False,-0.406415,0.406415,-0.314404,850,LOW_REDUNDANCY,Low redundancy. Independent signal sources.,intake_vs_baseline
wq101_alpha54,q158_ma_10h,wq101,alpha158_rolling_price,False,-0.405196,0.405196,-0.18756,426,LOW_REDUNDANCY,Low redundancy. Independent signal sources.,intake_vs_baseline
wq101_alpha41,q158_rsqr_20h,wq101,alpha158_rolling_regression,False,0.396017,0.396017,0.038842,850,LOW_REDUNDANCY,Low redundancy. Independent signal sources.,intake_vs_baseline
wq101_alpha54,q158_klow_range,wq101,alpha158_kbar,False,-0.395342,0.395342,-0.435642,404510,LOW_REDUNDANCY,Low redundancy. Independent signal sources.,intake_vs_baseline
wq101_alpha54,candle_wick_lower,wq101,intraday_candle,False,-0.395341,0.395341,-0.435618,404510,LOW_REDUNDANCY,Low redundancy. Independent signal sources.,intake_vs_baseline
wq101_alpha21,q158_rank_close_20h,wq101,alpha158_rolling,False,-0.392983,0.392983,-0.37568,662312,LOW_REDUNDANCY,Low redundancy. Independent signal sources.,intake_vs_baseline
wq101_alpha54,clv_20h,wq101,alpha158_ohlc_range,False,-0.391212,0.391212,-0.372385,850,LOW_REDUNDANCY,Low redundancy. Independent signal sources.,intake_vs_baseline
wq101_alpha6,mom_5h,wq101,momentum,False,-0.38863,0.38863,-0.257683,213,LOW_REDUNDANCY,Low redundancy. Independent signal sources.,intake_vs_baseline
wq101_alpha6,reversal_5h,wq101,momentum,False,0.38863,0.38863,0.257683,213,LOW_REDUNDANCY,Low redundancy. Independent signal sources.,intake_vs_baseline
wq101_alpha21,bb_zscore_20h,wq101,technical,False,-0.387285,0.387285,-0.389519,660539,LOW_REDUNDANCY,Low redundancy. Independent signal sources.,intake_vs_baseline
wq101_alpha21,q158_resi_20h,wq101,alpha158_rolling_regression,False,-0.384134,0.384134,-0.255002,662312,LOW_REDUNDANCY,Low redundancy. Independent signal sources.,intake_vs_baseline
wq101_alpha41,q158_rank_close_20h,wq101,alpha158_rolling,False,-0.383682,0.383682,0.007497,850,LOW_REDUNDANCY,Low redundancy. Independent signal sources.,intake_vs_baseline
wq101_alpha9,q158_rank_close_20h,wq101,alpha158_rolling,False,-0.375409,0.375409,-0.031051,641,LOW_REDUNDANCY,Low redundancy. Independent signal sources.,intake_vs_baseline
wq101_alpha54,rev_24h,wq101,reversal,False,0.374418,0.374418,0.246462,1062,LOW_REDUNDANCY,Low redundancy. Independent signal sources.,intake_vs_baseline
wq101_alpha54,q158_beta_30h,wq101,alpha158_rolling_regression,False,-0.373793,0.373793,-0.266305,1274,LOW_REDUNDANCY,Low redundancy. Independent signal sources.,intake_vs_baseline
wq101_alpha21,q158_max_5h,wq101,alpha158_rolling_price,False,0.370285,0.370285,0.092234,661671,LOW_REDUNDANCY,Low redundancy. Independent signal sources.,intake_vs_baseline
wq101_alpha21,q158_qtld_20h,wq101,alpha158_rolling,False,0.366683,0.366683,0.246252,662312,LOW_REDUNDANCY,Low redundancy. Independent signal sources.,intake_vs_baseline
wq101_alpha41,qvol_ma_ratio_5_20,wq101,quote_volume_liquidity,False,-0.366435,0.366435,-0.005894,850,LOW_REDUNDANCY,Low redundancy. Independent signal sources.,intake_vs_baseline
wq101_alpha54,trend_efficiency_24h,wq101,trend_quality,False,-0.363758,0.363758,-0.335507,1062,LOW_REDUNDANCY,Low redundancy. Independent signal sources.,intake_vs_baseline
wq101_alpha21,q158_volume_ratio_4h,wq101,alpha158_volume,False,-0.358179,0.358179,-0.000284,661671,LOW_REDUNDANCY,Low redundancy. Independent signal sources.,intake_vs_baseline
wq101_alpha21,q158_resi_30h,wq101,alpha158_rolling_regression,False,-0.358064,0.358064,-0.224552,661352,LOW_REDUNDANCY,Low redundancy. Independent signal sources.,intake_vs_baseline
wq101_alpha54,q158_qtld_30h,wq101,alpha158_rolling,False,0.357486,0.357486,0.275116,1274,LOW_REDUNDANCY,Low redundancy. Independent signal sources.,intake_vs_baseline
wq101_alpha21,mom_10h,wq101,momentum,False,-0.354398,0.354398,-0.26786,428,LOW_REDUNDANCY,Low redundancy. Independent signal sources.,intake_vs_baseline
wq101_alpha21,rev_10h,wq101,reversal,False,0.354398,0.354398,0.26786,428,LOW_REDUNDANCY,Low redundancy. Independent signal sources.,intake_vs_baseline
wq101_alpha41,q158_qtlu_20h,wq101,alpha158_rolling,False,0.352943,0.352943,0.004013,850,LOW_REDUNDANCY,Low redundancy. Independent signal sources.,intake_vs_baseline
wq101_alpha9,bb_zscore_20h,wq101,technical,False,-0.35092,0.35092,-0.017035,638,LOW_REDUNDANCY,Low redundancy. Independent signal sources.,intake_vs_baseline
wq101_alpha54,williams_r_14h,wq101,technical_indicators,False,0.348732,0.348732,0.345695,256890,LOW_REDUNDANCY,Low redundancy. Independent signal sources.,intake_vs_baseline
wq101_alpha54,candle_wick_upper,wq101,intraday_candle,False,0.347533,0.347533,0.380527,404510,LOW_REDUNDANCY,Low redundancy. Independent signal sources.,intake_vs_baseline
wq101_alpha54,q158_kup_range,wq101,alpha158_kbar,False,0.347532,0.347532,0.380567,404510,LOW_REDUNDANCY,Low redundancy. Independent signal sources.,intake_vs_baseline
wq101_alpha54,q158_ma_30h,wq101,alpha158_rolling_price,False,0.343608,0.343608,0.270036,1274,LOW_REDUNDANCY,Low redundancy. Independent signal sources.,intake_vs_baseline
wq101_alpha54,q158_rsqr_20h,wq101,alpha158_rolling_regression,False,-0.341807,0.341807,-0.340409,850,LOW_REDUNDANCY,Low redundancy. Independent signal sources.,intake_vs_baseline
wq101_alpha21,q158_rank_close_30h,wq101,alpha158_rolling,False,-0.340925,0.340925,-0.319883,661352,LOW_REDUNDANCY,Low redundancy. Independent signal sources.,intake_vs_baseline
wq101_alpha9,q158_qtlu_20h,wq101,alpha158_rolling,False,0.340497,0.340497,0.008163,641,LOW_REDUNDANCY,Low redundancy. Independent signal sources.,intake_vs_baseline
wq101_alpha21,breakout_dist_20h,wq101,breakout,False,-0.339989,0.339989,-0.336104,662312,LOW_REDUNDANCY,Low redundancy. Independent signal sources.,intake_vs_baseline
wq101_alpha9,vwap_dev_20h,wq101,alpha158_ohlcv,False,-0.337987,0.337987,-0.00299,638,LOW_REDUNDANCY,Low redundancy. Independent signal sources.,intake_vs_baseline
wq101_alpha54,rev_3h,wq101,reversal,False,0.337592,0.337592,0.244592,257074,LOW_REDUNDANCY,Low redundancy. Independent signal sources.,intake_vs_baseline
wq101_alpha41,bb_zscore_20h,wq101,technical,False,-0.337445,0.337445,0.013338,850,LOW_REDUNDANCY,Low redundancy. Independent signal sources.,intake_vs_baseline
wq101_alpha9,q158_min_10h,wq101,alpha158_rolling_price,False,0.337289,0.337289,0.110835,214,LOW_REDUNDANCY,Low redundancy. Independent signal sources.,intake_vs_baseline
wq101_alpha41,rsi_14h,wq101,technical,False,-0.336986,0.336986,-0.006975,638,LOW_REDUNDANCY,Low redundancy. Independent signal sources.,intake_vs_baseline
wq101_alpha21,q158_rsv_20h,wq101,alpha158_rolling,False,-0.332983,0.332983,-0.32911,662312,LOW_REDUNDANCY,Low redundancy. Independent signal sources.,intake_vs_baseline
wq101_alpha21,vwap_dev_20h,wq101,alpha158_ohlcv,False,-0.332763,0.332763,-0.279444,660539,LOW_REDUNDANCY,Low redundancy. Independent signal sources.,intake_vs_baseline
wq101_alpha9,q158_vma_20h,wq101,alpha158_rolling_volume,False,-0.327224,0.327224,-0.017059,641,LOW_REDUNDANCY,Low redundancy. Independent signal sources.,intake_vs_baseline
wq101_alpha9,q158_ma_20h,wq101,alpha158_rolling_price,False,0.326168,0.326168,0.001238,641,LOW_REDUNDANCY,Low redundancy. Independent signal sources.,intake_vs_baseline
wq101_alpha21,q158_ma_20h,wq101,alpha158_rolling_price,False,0.326087,0.326087,0.20085,662312,LOW_REDUNDANCY,Low redundancy. Independent signal sources.,intake_vs_baseline
wq101_alpha54,q158_beta_20h,wq101,alpha158_rolling_regression,False,-0.326002,0.326002,-0.250266,850,LOW_REDUNDANCY,Low redundancy. Independent signal sources.,intake_vs_baseline
wq101_alpha21,rsi_14h,wq101,technical,False,-0.324375,0.324375,-0.325554,662098,LOW_REDUNDANCY,Low redundancy. Independent signal sources.,intake_vs_baseline
wq101_alpha21,q158_min_10h,wq101,alpha158_rolling_price,False,0.323436,0.323436,0.178343,661884,LOW_REDUNDANCY,Low redundancy. Independent signal sources.,intake_vs_baseline
wq101_alpha54,q158_high_close_3h,wq101,alpha158_price,False,0.322456,0.322456,0.20541,257074,LOW_REDUNDANCY,Low redundancy. Independent signal sources.,intake_vs_baseline
wq101_alpha9,vol_zscore_20h,wq101,volume_liquidity,False,0.321802,0.321802,0.011285,638,LOW_REDUNDANCY,Low redundancy. Independent signal sources.,intake_vs_baseline
wq101_alpha54,ma_gap_5_20,wq101,trend_ma,False,-0.319844,0.319844,-0.266908,850,LOW_REDUNDANCY,Low redundancy. Independent signal sources.,intake_vs_baseline
wq101_alpha54,q158_min_30h,wq101,alpha158_rolling_price,False,0.318768,0.318768,0.226304,1274,LOW_REDUNDANCY,Low redundancy. Independent signal sources.,intake_vs_baseline
wq101_alpha54,q158_max_30h,wq101,alpha158_rolling_price,False,0.318654,0.318654,0.08589,1274,LOW_REDUNDANCY,Low redundancy. Independent signal sources.,intake_vs_baseline
wq101_alpha54,qvol_ma_ratio_5_20,wq101,quote_volume_liquidity,False,0.317599,0.317599,0.345691,850,LOW_REDUNDANCY,Low redundancy. Independent signal sources.,intake_vs_baseline
wq101_alpha54,q158_vma_20h,wq101,alpha158_rolling_volume,False,-0.316908,0.316908,-0.234813,850,LOW_REDUNDANCY,Low redundancy. Independent signal sources.,intake_vs_baseline
wq101_alpha9,qvol_zscore_20h,wq101,quote_volume_liquidity,False,0.315794,0.315794,0.011254,638,LOW_REDUNDANCY,Low redundancy. Independent signal sources.,intake_vs_baseline
wq101_alpha54,q158_std_20h,wq101,alpha158_rolling_price,False,-0.315504,0.315504,-0.173832,850,LOW_REDUNDANCY,Low redundancy. Independent signal sources.,intake_vs_baseline
wq101_alpha41,tech_atr,wq101,technical,False,-0.313018,0.313018,-0.815208,638,LOW_REDUNDANCY,Low redundancy. Independent signal sources.,intake_vs_baseline
wq101_alpha54,q158_rank_close_30h,wq101,alpha158_rolling,False,-0.310191,0.310191,-0.269705,1274,LOW_REDUNDANCY,Low redundancy. Independent signal sources.,intake_vs_baseline
wq101_alpha21,wq101_alpha41,wq101,wq101,True,0.309592,0.309592,-0.008067,850,LOW_REDUNDANCY,Low redundancy. Independent signal sources.,intake_vs_intake
wq101_alpha54,q158_imin_20h,wq101,alpha158_rolling_position,False,-0.308718,0.308718,-0.2868,850,LOW_REDUNDANCY,Low redundancy. Independent signal sources.,intake_vs_baseline
wq101_alpha21,q158_max_10h,wq101,alpha158_rolling_price,False,0.30791,0.30791,0.066105,661884,LOW_REDUNDANCY,Low redundancy. Independent signal sources.,intake_vs_baseline
wq101_alpha21,q158_qtlu_20h,wq101,alpha158_rolling,False,0.307067,0.307067,0.143617,662312,LOW_REDUNDANCY,Low redundancy. Independent signal sources.,intake_vs_baseline
wq101_alpha41,wq101_alpha101,wq101,wq101,True,-0.307023,0.307023,-0.058649,404510,LOW_REDUNDANCY,Low redundancy. Independent signal sources.,intake_vs_baseline
wq101_alpha21,range_breakout_vol_confirm_20h,wq101,breakout,False,0.306986,0.306986,0.217638,21594,LOW_REDUNDANCY,Low redundancy. Independent signal sources.,intake_vs_baseline
wq101_alpha54,q158_min_20h,wq101,alpha158_rolling_price,False,0.305649,0.305649,0.25151,850,LOW_REDUNDANCY,Low redundancy. Independent signal sources.,intake_vs_baseline
wq101_alpha21,q158_qtld_30h,wq101,alpha158_rolling,False,0.304783,0.304783,0.203188,661352,LOW_REDUNDANCY,Low redundancy. Independent signal sources.,intake_vs_baseline
wq101_alpha54,q158_qtld_20h,wq101,alpha158_rolling,False,0.302963,0.302963,0.272466,850,LOW_REDUNDANCY,Low redundancy. Independent signal sources.,intake_vs_baseline
wq101_alpha54,q158_low_close_3h,wq101,alpha158_price,False,0.302931,0.302931,0.189752,257074,LOW_REDUNDANCY,Low redundancy. Independent signal sources.,intake_vs_baseline
wq101_alpha21,q158_kup_open,wq101,alpha158_kbar,False,-0.300014,0.300014,-0.205889,854,LOW_REDUNDANCY,Low redundancy. Independent signal sources.,intake_vs_baseline
wq101_alpha54,q158_min_10h,wq101,alpha158_rolling_price,False,-0.296833,0.296833,-0.052934,426,LOW_REDUNDANCY,Low redundancy. Independent signal sources.,intake_vs_baseline
wq101_alpha21,q158_min_20h,wq101,alpha158_rolling_price,False,0.293686,0.293686,0.17007,662312,LOW_REDUNDANCY,Low redundancy. Independent signal sources.,intake_vs_baseline
wq101_alpha54,q158_ma_60h,wq101,alpha158_rolling_price,False,0.292497,0.292497,0.242217,2546,LOW_REDUNDANCY,Low redundancy. Independent signal sources.,intake_vs_baseline
wq101_alpha54,vwap_dev_20h,wq101,alpha158_ohlcv,False,-0.290246,0.290246,-0.233956,850,LOW_REDUNDANCY,Low redundancy. Independent signal sources.,intake_vs_baseline
wq101_alpha9,q158_rsv_30h,wq101,alpha158_rolling,False,-0.2893,0.2893,-0.012871,1067,LOW_REDUNDANCY,Low redundancy. Independent signal sources.,intake_vs_baseline
wq101_alpha21,vol_5h,wq101,volatility,False,-0.287501,0.287501,-0.161493,641,LOW_REDUNDANCY,Low redundancy. Independent signal sources.,intake_vs_baseline
wq101_alpha41,q158_max_10h,wq101,alpha158_rolling_price,False,0.287468,0.287468,0.021679,426,LOW_REDUNDANCY,Low redundancy. Independent signal sources.,intake_vs_baseline
wq101_alpha21,q158_rsv_30h,wq101,alpha158_rolling,False,-0.287326,0.287326,-0.283412,661352,LOW_REDUNDANCY,Low redundancy. Independent signal sources.,intake_vs_baseline
wq101_alpha9,q158_std_10h,wq101,alpha158_rolling_price,False,-0.287279,0.287279,-0.084686,214,LOW_REDUNDANCY,Low redundancy. Independent signal sources.,intake_vs_baseline
wq101_alpha9,q158_max_20h,wq101,alpha158_rolling_price,False,0.287136,0.287136,0.006522,641,LOW_REDUNDANCY,Low redundancy. Independent signal sources.,intake_vs_baseline
wq101_alpha54,q158_open_close_3h,wq101,alpha158_price,False,0.287012,0.287012,0.186904,257074,LOW_REDUNDANCY,Low redundancy. Independent signal sources.,intake_vs_baseline
wq101_alpha9,q158_vstd_20h,wq101,alpha158_rolling_volume,False,-0.283018,0.283018,-0.023839,641,LOW_REDUNDANCY,Low redundancy. Independent signal sources.,intake_vs_baseline
wq101_alpha21,tech_macd,wq101,technical,False,-0.282651,0.282651,-0.040741,854,LOW_REDUNDANCY,Low redundancy. Independent signal sources.,intake_vs_baseline
wq101_alpha41,q158_open_close_0h,wq101,alpha158_price,False,0.282099,0.282099,0.019121,404510,LOW_REDUNDANCY,Low redundancy. Independent signal sources.,intake_vs_baseline
wq101_alpha41,q158_kmid_open,wq101,alpha158_kbar,False,-0.282099,0.282099,-0.022995,404510,LOW_REDUNDANCY,Low redundancy. Independent signal sources.,intake_vs_baseline
wq101_alpha41,intraday_ret,wq101,alpha158_ohlcv,False,-0.282099,0.282099,-0.022995,404510,LOW_REDUNDANCY,Low redundancy. Independent signal sources.,intake_vs_baseline
wq101_alpha41,candle_body,wq101,intraday_candle,False,-0.280976,0.280976,-0.042058,404510,LOW_REDUNDANCY,Low redundancy. Independent signal sources.,intake_vs_baseline
wq101_alpha41,q158_kmid_range,wq101,alpha158_kbar,False,-0.280932,0.280932,-0.042046,404510,LOW_REDUNDANCY,Low redundancy. Independent signal sources.,intake_vs_baseline
wq101_alpha9,q158_min_20h,wq101,alpha158_rolling_price,False,0.28014,0.28014,-0.00611,641,LOW_REDUNDANCY,Low redundancy. Independent signal sources.,intake_vs_baseline
wq101_alpha41,q158_resi_30h,wq101,alpha158_rolling_regression,False,-0.279077,0.279077,-0.001711,1274,LOW_REDUNDANCY,Low redundancy. Independent signal sources.,intake_vs_baseline
wq101_alpha9,rev_2h,wq101,reversal,False,0.278448,0.278448,-0.015739,214,LOW_REDUNDANCY,Low redundancy. Independent signal sources.,intake_vs_baseline
wq101_alpha54,q158_max_20h,wq101,alpha158_rolling_price,False,0.278229,0.278229,0.055113,850,LOW_REDUNDANCY,Low redundancy. Independent signal sources.,intake_vs_baseline
wq101_alpha54,q158_klow_open,wq101,alpha158_kbar,False,-0.278198,0.278198,-0.218755,404510,LOW_REDUNDANCY,Low redundancy. Independent signal sources.,intake_vs_baseline
wq101_alpha54,q158_imxd_20h,wq101,alpha158_rolling_position,False,0.278013,0.278013,0.209342,850,LOW_REDUNDANCY,Low redundancy. Independent signal sources.,intake_vs_baseline
wq101_alpha54,vol_zscore_20h,wq101,volume_liquidity,False,0.276292,0.276292,0.238983,850,LOW_REDUNDANCY,Low redundancy. Independent signal sources.,intake_vs_baseline
wq101_alpha54,q158_kup_open,wq101,alpha158_kbar,False,0.275862,0.275862,0.184818,404510,LOW_REDUNDANCY,Low redundancy. Independent signal sources.,intake_vs_baseline
wq101_alpha54,price_pos_24h,wq101,price_position,False,-0.273587,0.273587,-0.27036,256708,LOW_REDUNDANCY,Low redundancy. Independent signal sources.,intake_vs_baseline
wq101_alpha54,klow_close,wq101,alpha158_ohlcv,False,-0.271829,0.271829,-0.216633,404510,LOW_REDUNDANCY,Low redundancy. Independent signal sources.,intake_vs_baseline
wq101_alpha21,qvol_ma_ratio_5_20,wq101,quote_volume_liquidity,False,0.270492,0.270492,0.23093,660539,LOW_REDUNDANCY,Low redundancy. Independent signal sources.,intake_vs_baseline
wq101_alpha54,qvol_zscore_20h,wq101,quote_volume_liquidity,False,0.270425,0.270425,0.233227,850,LOW_REDUNDANCY,Low redundancy. Independent signal sources.,intake_vs_baseline
wq101_alpha41,q158_max_20h,wq101,alpha158_rolling_price,False,0.270093,0.270093,0.006597,850,LOW_REDUNDANCY,Low redundancy. Independent signal sources.,intake_vs_baseline
wq101_alpha54,q158_qtlu_30h,wq101,alpha158_rolling,False,0.268942,0.268942,0.203461,1274,LOW_REDUNDANCY,Low redundancy. Independent signal sources.,intake_vs_baseline
wq101_alpha9,q158_qtld_20h,wq101,alpha158_rolling,False,0.268227,0.268227,-0.003325,641,LOW_REDUNDANCY,Low redundancy. Independent signal sources.,intake_vs_baseline
wq101_alpha54,q158_max_60h,wq101,alpha158_rolling_price,False,0.267387,0.267387,0.09607,2546,LOW_REDUNDANCY,Low redundancy. Independent signal sources.,intake_vs_baseline
wq101_alpha54,q158_max_5h,wq101,alpha158_rolling_price,False,0.265559,0.265559,0.095082,213,LOW_REDUNDANCY,Low redundancy. Independent signal sources.,intake_vs_baseline
wq101_alpha9,q158_rank_close_30h,wq101,alpha158_rolling,False,-0.264723,0.264723,-0.009272,1067,LOW_REDUNDANCY,Low redundancy. Independent signal sources.,intake_vs_baseline
wq101_alpha54,q158_std_30h,wq101,alpha158_rolling_price,False,-0.264713,0.264713,-0.141539,1274,LOW_REDUNDANCY,Low redundancy. Independent signal sources.,intake_vs_baseline
wq101_alpha21,q158_ma_30h,wq101,alpha158_rolling_price,False,0.263959,0.263959,0.157291,661352,LOW_REDUNDANCY,Low redundancy. Independent signal sources.,intake_vs_baseline
wq101_alpha21,ksft_5h,wq101,alpha158_ohlcv,False,-0.263826,0.263826,-0.277504,641,LOW_REDUNDANCY,Low redundancy. Independent signal sources.,intake_vs_baseline
wq101_alpha9,wq101_alpha41,wq101,wq101,True,0.261286,0.261286,0.590191,404123,LOW_REDUNDANCY,Low redundancy. Independent signal sources.,intake_vs_intake
wq101_alpha54,q158_vstd_20h,wq101,alpha158_rolling_volume,False,-0.259916,0.259916,-0.175761,850,LOW_REDUNDANCY,Low redundancy. Independent signal sources.,intake_vs_baseline
wq101_alpha54,q158_ma_20h,wq101,alpha158_rolling_price,False,0.258323,0.258323,0.227476,850,LOW_REDUNDANCY,Low redundancy. Independent signal sources.,intake_vs_baseline
wq101_alpha21,q158_min_30h,wq101,alpha158_rolling_price,False,0.258219,0.258219,0.155303,661352,LOW_REDUNDANCY,Low redundancy. Independent signal sources.,intake_vs_baseline
wq101_alpha9,taker_buy_delta_5h,wq101,taker_imbalance,False,-0.253387,0.253387,-0.016639,269184,LOW_REDUNDANCY,Low redundancy. Independent signal sources.,intake_vs_baseline
wq101_alpha6,vol_5h,wq101,volatility,False,-0.253073,0.253073,-0.255344,213,LOW_REDUNDANCY,Low redundancy. Independent signal sources.,intake_vs_baseline
wq101_alpha54,q158_rsqr_30h,wq101,alpha158_rolling_regression,False,-0.251269,0.251269,-0.254825,1274,LOW_REDUNDANCY,Low redundancy. Independent signal sources.,intake_vs_baseline
wq101_alpha9,q158_qtlu_30h,wq101,alpha158_rolling,False,0.247829,0.247829,0.006148,1067,LOW_REDUNDANCY,Low redundancy. Independent signal sources.,intake_vs_baseline
wq101_alpha21,q158_min_5h,wq101,alpha158_rolling_price,False,0.247548,0.247548,0.139617,661671,LOW_REDUNDANCY,Low redundancy. Independent signal sources.,intake_vs_baseline
wq101_alpha21,q158_qtlu_30h,wq101,alpha158_rolling,False,0.246953,0.246953,0.101597,661352,LOW_REDUNDANCY,Low redundancy. Independent signal sources.,intake_vs_baseline
wq101_alpha6,q158_imxd_20h,wq101,alpha158_rolling_position,False,0.244953,0.244953,0.245499,660107,LOW_REDUNDANCY,Low redundancy. Independent signal sources.,intake_vs_baseline
wq101_alpha6,q158_ma_60h,wq101,alpha158_rolling_price,False,0.243559,0.243559,0.151966,656283,LOW_REDUNDANCY,Low redundancy. Independent signal sources.,intake_vs_baseline
wq101_alpha54,reversal_5h,wq101,momentum,False,0.241553,0.241553,0.144089,404123,LOW_REDUNDANCY,Low redundancy. Independent signal sources.,intake_vs_baseline
wq101_alpha54,mom_5h,wq101,momentum,False,-0.241553,0.241553,-0.144089,404123,LOW_REDUNDANCY,Low redundancy. Independent signal sources.,intake_vs_baseline
wq101_alpha9,ma_gap_5_20,wq101,trend_ma,False,-0.240841,0.240841,0.006721,641,LOW_REDUNDANCY,Low redundancy. Independent signal sources.,intake_vs_baseline
wq101_alpha41,q158_rank_close_30h,wq101,alpha158_rolling,False,-0.237972,0.237972,0.005003,1274,LOW_REDUNDANCY,Low redundancy. Independent signal sources.,intake_vs_baseline
wq101_alpha41,q158_ksft_open,wq101,alpha158_kbar,False,-0.23594,0.23594,-0.018644,404510,LOW_REDUNDANCY,Low redundancy. Independent signal sources.,intake_vs_baseline
wq101_alpha54,q158_min_60h,wq101,alpha158_rolling_price,False,0.235832,0.235832,0.170749,2546,LOW_REDUNDANCY,Low redundancy. Independent signal sources.,intake_vs_baseline
wq101_alpha41,q158_imin_20h,wq101,alpha158_rolling_position,False,0.234272,0.234272,0.036788,850,LOW_REDUNDANCY,Low redundancy. Independent signal sources.,intake_vs_baseline
wq101_alpha41,q158_qtlu_30h,wq101,alpha158_rolling,False,0.232999,0.232999,0.004218,1274,LOW_REDUNDANCY,Low redundancy. Independent signal sources.,intake_vs_baseline
wq101_alpha54,ma_gap_10_40,wq101,trend_ma,False,-0.230732,0.230732,-0.162157,1698,LOW_REDUNDANCY,Low redundancy. Independent signal sources.,intake_vs_baseline
wq101_alpha9,xs_rank_vol,wq101,cross_sectional_normalized,False,-0.230077,0.230077,0.012222,641,LOW_REDUNDANCY,Low redundancy. Independent signal sources.,intake_vs_baseline
wq101_alpha6,q158_imax_30h,wq101,alpha158_rolling_position,False,0.229872,0.229872,0.235393,659151,LOW_REDUNDANCY,Low redundancy. Independent signal sources.,intake_vs_baseline
wq101_alpha54,q158_close_close_4h,wq101,alpha158_price,False,0.228745,0.228745,0.114825,213,LOW_REDUNDANCY,Low redundancy. Independent signal sources.,intake_vs_baseline
wq101_alpha21,candle_wick_lower,wq101,intraday_candle,False,0.227863,0.227863,0.217107,854,LOW_REDUNDANCY,Low redundancy. Independent signal sources.,intake_vs_baseline
wq101_alpha21,q158_klow_range,wq101,alpha158_kbar,False,0.227843,0.227843,0.217109,854,LOW_REDUNDANCY,Low redundancy. Independent signal sources.,intake_vs_baseline
wq101_alpha41,q158_imax_20h,wq101,alpha158_rolling_position,False,0.223456,0.223456,-0.056401,850,LOW_REDUNDANCY,Low redundancy. Independent signal sources.,intake_vs_baseline
wq101_alpha54,taker_buy_delta_5h,wq101,taker_imbalance,False,-0.223047,0.223047,-0.215608,269184,LOW_REDUNDANCY,Low redundancy. Independent signal sources.,intake_vs_baseline
wq101_alpha6,rev_24h,wq101,reversal,False,0.218999,0.218999,0.179417,659629,LOW_REDUNDANCY,Low redundancy. Independent signal sources.,intake_vs_baseline
wq101_alpha6,q158_imax_20h,wq101,alpha158_rolling_position,False,0.217893,0.217893,0.219084,660107,LOW_REDUNDANCY,Low redundancy. Independent signal sources.,intake_vs_baseline
wq101_alpha21,q158_max_20h,wq101,alpha158_rolling_price,False,0.217712,0.217712,0.041995,662312,LOW_REDUNDANCY,Low redundancy. Independent signal sources.,intake_vs_baseline
wq101_alpha6,wq101_alpha41,wq101,wq101,True,-0.216743,0.216743,-0.086287,426,LOW_REDUNDANCY,Low redundancy. Independent signal sources.,intake_vs_intake
wq101_alpha9,q158_resi_20h,wq101,alpha158_rolling_regression,False,-0.216465,0.216465,-0.017609,641,LOW_REDUNDANCY,Low redundancy. Independent signal sources.,intake_vs_baseline
wq101_alpha6,q158_qtld_30h,wq101,alpha158_rolling,False,0.216412,0.216412,0.20419,659151,LOW_REDUNDANCY,Low redundancy. Independent signal sources.,intake_vs_baseline
wq101_alpha21,q158_imin_20h,wq101,alpha158_rolling_position,False,-0.214377,0.214377,-0.195751,662312,LOW_REDUNDANCY,Low redundancy. Independent signal sources.,intake_vs_baseline
wq101_alpha9,q158_low_close_2h,wq101,alpha158_price,False,0.213522,0.213522,-0.017748,214,LOW_REDUNDANCY,Low redundancy. Independent signal sources.,intake_vs_baseline
wq101_alpha6,candle_body,wq101,intraday_candle,False,-0.211777,0.211777,-0.203165,426,LOW_REDUNDANCY,Low redundancy. Independent signal sources.,intake_vs_baseline
wq101_alpha6,q158_kmid_range,wq101,alpha158_kbar,False,-0.211765,0.211765,-0.203241,426,LOW_REDUNDANCY,Low redundancy. Independent signal sources.,intake_vs_baseline
wq101_alpha41,q158_max_30h,wq101,alpha158_rolling_price,False,0.211748,0.211748,0.015505,1274,LOW_REDUNDANCY,Low redundancy. Independent signal sources.,intake_vs_baseline
wq101_alpha6,rsi_14h,wq101,technical,False,-0.210635,0.210635,-0.229759,660586,LOW_REDUNDANCY,Low redundancy. Independent signal sources.,intake_vs_baseline
wq101_alpha41,q158_ksft_range,wq101,alpha158_kbar,False,-0.209825,0.209825,-0.03054,404510,LOW_REDUNDANCY,Low redundancy. Independent signal sources.,intake_vs_baseline
wq101_alpha6,q158_beta_30h,wq101,alpha158_rolling_regression,False,-0.206917,0.206917,-0.11421,659151,LOW_REDUNDANCY,Low redundancy. Independent signal sources.,intake_vs_baseline
wq101_alpha6,ma_gap_10_40,wq101,trend_ma,False,-0.206658,0.206658,-0.162209,658195,LOW_REDUNDANCY,Low redundancy. Independent signal sources.,intake_vs_baseline
wq101_alpha9,q158_max_30h,wq101,alpha158_rolling_price,False,0.206287,0.206287,0.000421,1067,LOW_REDUNDANCY,Low redundancy. Independent signal sources.,intake_vs_baseline
wq101_alpha41,q158_volume_ratio_4h,wq101,alpha158_volume,False,-0.205886,0.205886,0.019726,213,LOW_REDUNDANCY,Low redundancy. Independent signal sources.,intake_vs_baseline
wq101_alpha21,taker_buy_delta_5h,wq101,taker_imbalance,False,-0.204829,0.204829,-0.196988,760,LOW_REDUNDANCY,Low redundancy. Independent signal sources.,intake_vs_baseline
wq101_alpha6,q158_imin_20h,wq101,alpha158_rolling_position,False,-0.204724,0.204724,-0.201509,660107,LOW_REDUNDANCY,Low redundancy. Independent signal sources.,intake_vs_baseline
wq101_alpha41,q158_ma_5h,wq101,alpha158_rolling_price,False,0.204649,0.204649,0.021593,213,LOW_REDUNDANCY,Low redundancy. Independent signal sources.,intake_vs_baseline
wq101_alpha6,q158_ma_30h,wq101,alpha158_rolling_price,False,0.202998,0.202998,0.147962,659151,LOW_REDUNDANCY,Low redundancy. Independent signal sources.,intake_vs_baseline
wq101_alpha21,q158_min_60h,wq101,alpha158_rolling_price,False,0.202825,0.202825,0.128305,658478,LOW_REDUNDANCY,Low redundancy. Independent signal sources.,intake_vs_baseline
wq101_alpha6,ma_gap_20_80,wq101,trend_ma,False,-0.200391,0.200391,-0.166829,654371,LOW_REDUNDANCY,Low redundancy. Independent signal sources.,intake_vs_baseline
wq101_alpha9,q158_high_close_2h,wq101,alpha158_price,False,0.199861,0.199861,-0.02317,214,LOW_REDUNDANCY,Low redundancy. Independent signal sources.,intake_vs_baseline
wq101_alpha6,q158_rank_close_30h,wq101,alpha158_rolling,False,-0.199099,0.199099,-0.193737,659151,LOW_REDUNDANCY,Low redundancy. Independent signal sources.,intake_vs_baseline
wq101_alpha6,price_pos_120h,wq101,price_position,False,-0.197958,0.197958,-0.198257,650547,LOW_REDUNDANCY,Low redundancy. Independent signal sources.,intake_vs_baseline
wq101_alpha41,q158_min_5h,wq101,alpha158_rolling_price,False,0.197182,0.197182,-0.013629,213,LOW_REDUNDANCY,Low redundancy. Independent signal sources.,intake_vs_baseline
wq101_alpha54,rsi_14h,wq101,technical,False,-0.196882,0.196882,-0.235396,638,LOW_REDUNDANCY,Low redundancy. Independent signal sources.,intake_vs_baseline
wq101_alpha41,wq101_alpha54,wq101,wq101,True,0.196348,0.196348,0.030104,661639,LOW_REDUNDANCY,Low redundancy. Independent signal sources.,intake_vs_intake
wq101_alpha41,rev_3h,wq101,reversal,False,0.196338,0.196338,0.009789,257074,LOW_REDUNDANCY,Low redundancy. Independent signal sources.,intake_vs_baseline
wq101_alpha21,q158_kmid_range,wq101,alpha158_kbar,False,-0.196057,0.196057,-0.196363,854,LOW_REDUNDANCY,Low redundancy. Independent signal sources.,intake_vs_baseline
wq101_alpha21,candle_body,wq101,intraday_candle,False,-0.195995,0.195995,-0.196314,854,LOW_REDUNDANCY,Low redundancy. Independent signal sources.,intake_vs_baseline
wq101_alpha54,price_pos_120h,wq101,price_position,False,-0.194991,0.194991,-0.198164,5090,LOW_REDUNDANCY,Low redundancy. Independent signal sources.,intake_vs_baseline
wq101_alpha9,q158_open_close_2h,wq101,alpha158_price,False,0.193807,0.193807,-0.019363,214,LOW_REDUNDANCY,Low redundancy. Independent signal sources.,intake_vs_baseline
wq101_alpha9,reversal_5h,wq101,momentum,False,0.191961,0.191961,0.00858,663135,LOW_REDUNDANCY,Low redundancy. Independent signal sources.,intake_vs_baseline
wq101_alpha9,mom_5h,wq101,momentum,False,-0.191961,0.191961,-0.00858,663135,LOW_REDUNDANCY,Low redundancy. Independent signal sources.,intake_vs_baseline
wq101_alpha6,wq101_alpha54,wq101,wq101,True,0.191155,0.191155,0.185755,426,LOW_REDUNDANCY,Low redundancy. Independent signal sources.,intake_vs_intake
wq101_alpha6,q158_qtlu_30h,wq101,alpha158_rolling,False,0.189096,0.189096,0.099698,659151,LOW_REDUNDANCY,Low redundancy. Independent signal sources.,intake_vs_baseline
wq101_alpha6,q158_kmid_open,wq101,alpha158_kbar,False,-0.189037,0.189037,-0.047072,426,LOW_REDUNDANCY,Low redundancy. Independent signal sources.,intake_vs_baseline
wq101_alpha6,intraday_ret,wq101,alpha158_ohlcv,False,-0.189037,0.189037,-0.047072,426,LOW_REDUNDANCY,Low redundancy. Independent signal sources.,intake_vs_baseline
wq101_alpha6,q158_open_close_0h,wq101,alpha158_price,False,0.189029,0.189029,0.035726,426,LOW_REDUNDANCY,Low redundancy. Independent signal sources.,intake_vs_baseline
wq101_alpha41,taker_buy_zscore_20h,wq101,taker_imbalance,False,-0.188696,0.188696,-0.038362,79649,LOW_REDUNDANCY,Low redundancy. Independent signal sources.,intake_vs_baseline
wq101_alpha41,q158_open_close_4h,wq101,alpha158_price,False,0.187442,0.187442,-0.00046,213,LOW_REDUNDANCY,Low redundancy. Independent signal sources.,intake_vs_baseline
wq101_alpha21,price_pos_72h,wq101,price_position,False,-0.18628,0.18628,-0.197243,2345,LOW_REDUNDANCY,Low redundancy. Independent signal sources.,intake_vs_baseline
wq101_alpha21,q158_ma_60h,wq101,alpha158_rolling_price,False,0.185828,0.185828,0.106529,658478,LOW_REDUNDANCY,Low redundancy. Independent signal sources.,intake_vs_baseline
wq101_alpha21,q158_kup_range,wq101,alpha158_kbar,False,-0.184967,0.184967,-0.180551,854,LOW_REDUNDANCY,Low redundancy. Independent signal sources.,intake_vs_baseline
wq101_alpha21,candle_wick_upper,wq101,intraday_candle,False,-0.184895,0.184895,-0.180539,854,LOW_REDUNDANCY,Low redundancy. Independent signal sources.,intake_vs_baseline
wq101_alpha6,q158_ksft_range,wq101,alpha158_kbar,False,-0.184669,0.184669,-0.18297,426,LOW_REDUNDANCY,Low redundancy. Independent signal sources.,intake_vs_baseline
wq101_alpha41,q158_rsv_20h,wq101,alpha158_rolling,False,-0.183179,0.183179,-0.002012,850,LOW_REDUNDANCY,Low redundancy. Independent signal sources.,intake_vs_baseline
wq101_alpha41,breakout_dist_20h,wq101,breakout,False,-0.18317,0.18317,-0.002011,850,LOW_REDUNDANCY,Low redundancy. Independent signal sources.,intake_vs_baseline
wq101_alpha21,q158_max_30h,wq101,alpha158_rolling_price,False,0.183113,0.183113,0.031579,661352,LOW_REDUNDANCY,Low redundancy. Independent signal sources.,intake_vs_baseline
wq101_alpha41,q158_low_close_4h,wq101,alpha158_price,False,0.182907,0.182907,-0.00721,213,LOW_REDUNDANCY,Low redundancy. Independent signal sources.,intake_vs_baseline
wq101_alpha9,rev_24h,wq101,reversal,False,0.181285,0.181285,0.002687,854,LOW_REDUNDANCY,Low redundancy. Independent signal sources.,intake_vs_baseline
wq101_alpha21,ma_gap_5_20,wq101,trend_ma,False,-0.18064,0.18064,-0.121999,662312,LOW_REDUNDANCY,Low redundancy. Independent signal sources.,intake_vs_baseline
wq101_alpha6,q158_qtld_20h,wq101,alpha158_rolling,False,0.180098,0.180098,0.191306,660107,LOW_REDUNDANCY,Low redundancy. Independent signal sources.,intake_vs_baseline
wq101_alpha21,q158_std_5h,wq101,alpha158_rolling_price,False,0.17959,0.17959,0.11046,661671,LOW_REDUNDANCY,Low redundancy. Independent signal sources.,intake_vs_baseline
wq101_alpha41,q158_high_close_3h,wq101,alpha158_price,False,0.17929,0.17929,0.007943,257074,LOW_REDUNDANCY,Low redundancy. Independent signal sources.,intake_vs_baseline
wq101_alpha9,q158_ma_30h,wq101,alpha158_rolling_price,False,0.177976,0.177976,0.00467,1067,LOW_REDUNDANCY,Low redundancy. Independent signal sources.,intake_vs_baseline
wq101_alpha6,bb_zscore_20h,wq101,technical,False,-0.177232,0.177232,-0.199679,660107,LOW_REDUNDANCY,Low redundancy. Independent signal sources.,intake_vs_baseline
wq101_alpha41,q158_std_20h,wq101,alpha158_rolling_price,False,0.176439,0.176439,0.008196,850,LOW_REDUNDANCY,Low redundancy. Independent signal sources.,intake_vs_baseline
wq101_alpha41,q158_low_close_3h,wq101,alpha158_price,False,0.176161,0.176161,0.007185,257074,LOW_REDUNDANCY,Low redundancy. Independent signal sources.,intake_vs_baseline
wq101_alpha54,q158_volume_ratio_4h,wq101,alpha158_volume,False,-0.175935,0.175935,-0.107763,213,LOW_REDUNDANCY,Low redundancy. Independent signal sources.,intake_vs_baseline
wq101_alpha54,mom_accel_20h,wq101,momentum,False,-0.175459,0.175459,-0.102346,402575,LOW_REDUNDANCY,Low redundancy. Independent signal sources.,intake_vs_baseline
wq101_alpha6,q158_beta_20h,wq101,alpha158_rolling_regression,False,-0.173682,0.173682,-0.095708,660107,LOW_REDUNDANCY,Low redundancy. Independent signal sources.,intake_vs_baseline
wq101_alpha9,price_pos_120h,wq101,price_position,False,-0.171586,0.171586,-0.021515,4901,LOW_REDUNDANCY,Low redundancy. Independent signal sources.,intake_vs_baseline
wq101_alpha54,bb_zscore_20h,wq101,technical,False,-0.17034,0.17034,-0.167459,850,LOW_REDUNDANCY,Low redundancy. Independent signal sources.,intake_vs_baseline
wq101_alpha6,q158_min_60h,wq101,alpha158_rolling_price,False,0.169335,0.169335,0.132919,656283,LOW_REDUNDANCY,Low redundancy. Independent signal sources.,intake_vs_baseline
wq101_alpha21,rev_24h,wq101,reversal,False,0.169038,0.169038,0.12119,661832,LOW_REDUNDANCY,Low redundancy. Independent signal sources.,intake_vs_baseline
wq101_alpha6,q158_ksft_open,wq101,alpha158_kbar,False,-0.168979,0.168979,-0.039959,426,LOW_REDUNDANCY,Low redundancy. Independent signal sources.,intake_vs_baseline
wq101_alpha41,williams_r_14h,wq101,technical_indicators,False,0.168692,0.168692,0.026058,256890,LOW_REDUNDANCY,Low redundancy. Independent signal sources.,intake_vs_baseline
wq101_alpha21,up_down_vol_ratio_20h,wq101,alpha158_ohlcv,False,-0.167942,0.167942,-0.174273,660539,LOW_REDUNDANCY,Low redundancy. Independent signal sources.,intake_vs_baseline
wq101_alpha9,q158_ma_10h,wq101,alpha158_rolling_price,False,0.167704,0.167704,0.085392,214,LOW_REDUNDANCY,Low redundancy. Independent signal sources.,intake_vs_baseline
wq101_alpha54,mom_10h,wq101,momentum,False,-0.1672,0.1672,-0.096696,403736,LOW_REDUNDANCY,Low redundancy. Independent signal sources.,intake_vs_baseline
wq101_alpha54,rev_10h,wq101,reversal,False,0.1672,0.1672,0.096696,403736,LOW_REDUNDANCY,Low redundancy. Independent signal sources.,intake_vs_baseline
wq101_alpha9,trend_efficiency_24h,wq101,trend_quality,False,-0.166656,0.166656,0.011203,850,LOW_REDUNDANCY,Low redundancy. Independent signal sources.,intake_vs_baseline
wq101_alpha41,q158_ma_20h,wq101,alpha158_rolling_price,False,0.16642,0.16642,-0.00258,850,LOW_REDUNDANCY,Low redundancy. Independent signal sources.,intake_vs_baseline
wq101_alpha21,wq101_alpha101,wq101,wq101,True,-0.165494,0.165494,-0.166824,854,LOW_REDUNDANCY,Low redundancy. Independent signal sources.,intake_vs_baseline
wq101_alpha6,q158_low_close_4h,wq101,alpha158_price,False,0.165115,0.165115,0.184505,660852,LOW_REDUNDANCY,Low redundancy. Independent signal sources.,intake_vs_baseline
wq101_alpha9,q158_qtld_30h,wq101,alpha158_rolling,False,0.164996,0.164996,0.003766,1067,LOW_REDUNDANCY,Low redundancy. Independent signal sources.,intake_vs_baseline
wq101_alpha41,clv_20h,wq101,alpha158_ohlc_range,False,0.164903,0.164903,0.048838,850,LOW_REDUNDANCY,Low redundancy. Independent signal sources.,intake_vs_baseline
wq101_alpha6,wq101_alpha101,wq101,wq101,True,-0.164489,0.164489,-0.149412,426,LOW_REDUNDANCY,Low redundancy. Independent signal sources.,intake_vs_baseline
wq101_alpha54,q158_max_10h,wq101,alpha158_rolling_price,False,-0.163389,0.163389,-0.126652,426,LOW_REDUNDANCY,Low redundancy. Independent signal sources.,intake_vs_baseline
wq101_alpha54,q158_rank_close_20h,wq101,alpha158_rolling,False,-0.161848,0.161848,-0.156355,850,LOW_REDUNDANCY,Low redundancy. Independent signal sources.,intake_vs_baseline
wq101_alpha54,rsi_28h,wq101,technical_indicators,False,-0.161643,0.161643,-0.159558,256617,LOW_REDUNDANCY,Low redundancy. Independent signal sources.,intake_vs_baseline
wq101_alpha41,ma_gap_10_40,wq101,trend_ma,False,0.161529,0.161529,0.006429,1698,LOW_REDUNDANCY,Low redundancy. Independent signal sources.,intake_vs_baseline
wq101_alpha41,wq101_alpha53,wq101,wq101,True,-0.160495,0.160495,0.132745,426,LOW_REDUNDANCY,Low redundancy. Independent signal sources.,intake_vs_baseline
wq101_alpha9,q158_min_30h,wq101,alpha158_rolling_price,False,0.15837,0.15837,0.004375,1067,LOW_REDUNDANCY,Low redundancy. Independent signal sources.,intake_vs_baseline
wq101_alpha41,q158_rsv_30h,wq101,alpha158_rolling,False,-0.15808,0.15808,-0.016871,1274,LOW_REDUNDANCY,Low redundancy. Independent signal sources.,intake_vs_baseline
wq101_alpha41,q158_open_close_3h,wq101,alpha158_price,False,0.157581,0.157581,0.007073,257074,LOW_REDUNDANCY,Low redundancy. Independent signal sources.,intake_vs_baseline
wq101_alpha41,range_breakout_vol_confirm_20h,wq101,breakout,False,-0.157446,0.157446,-0.026997,23759,LOW_REDUNDANCY,Low redundancy. Independent signal sources.,intake_vs_baseline
wq101_alpha6,q158_rank_close_20h,wq101,alpha158_rolling,False,-0.157343,0.157343,-0.150902,660107,LOW_REDUNDANCY,Low redundancy. Independent signal sources.,intake_vs_baseline
wq101_alpha54,q158_low_close_4h,wq101,alpha158_price,False,0.156672,0.156672,0.135126,213,LOW_REDUNDANCY,Low redundancy. Independent signal sources.,intake_vs_baseline
wq101_alpha21,price_pos_120h,wq101,price_position,False,-0.156607,0.156607,-0.154431,652730,LOW_REDUNDANCY,Low redundancy. Independent signal sources.,intake_vs_baseline
wq101_alpha21,clv_20h,wq101,alpha158_ohlc_range,False,-0.155684,0.155684,-0.159889,662312,LOW_REDUNDANCY,Low redundancy. Independent signal sources.,intake_vs_baseline
wq101_alpha21,q158_imxd_20h,wq101,alpha158_rolling_position,False,0.155408,0.155408,0.146974,662312,LOW_REDUNDANCY,Low redundancy. Independent signal sources.,intake_vs_baseline
wq101_alpha41,q158_beta_20h,wq101,alpha158_rolling_regression,False,0.155307,0.155307,0.01126,850,LOW_REDUNDANCY,Low redundancy. Independent signal sources.,intake_vs_baseline
wq101_alpha6,q158_open_close_4h,wq101,alpha158_price,False,0.154871,0.154871,0.162797,660852,LOW_REDUNDANCY,Low redundancy. Independent signal sources.,intake_vs_baseline
wq101_alpha6,q158_ma_20h,wq101,alpha158_rolling_price,False,0.153668,0.153668,0.137469,660107,LOW_REDUNDANCY,Low redundancy. Independent signal sources.,intake_vs_baseline
wq101_alpha6,taker_buy_delta_5h,wq101,taker_imbalance,False,0.153016,0.153016,0.153564,335,LOW_REDUNDANCY,Low redundancy. Independent signal sources.,intake_vs_baseline
wq101_alpha41,vwap_dev_20h,wq101,alpha158_ohlcv,False,-0.152326,0.152326,0.001531,850,LOW_REDUNDANCY,Low redundancy. Independent signal sources.,intake_vs_baseline
wq101_alpha41,q158_high_close_0h,wq101,alpha158_price,False,0.152101,0.152101,0.007789,404510,LOW_REDUNDANCY,Low redundancy. Independent signal sources.,intake_vs_baseline
wq101_alpha54,up_down_vol_ratio_20h,wq101,alpha158_ohlcv,False,-0.152069,0.152069,-0.139624,850,LOW_REDUNDANCY,Low redundancy. Independent signal sources.,intake_vs_baseline
wq101_alpha6,ma_gap_5_20,wq101,trend_ma,False,-0.150434,0.150434,-0.140309,660107,LOW_REDUNDANCY,Low redundancy. Independent signal sources.,intake_vs_baseline
wq101_alpha6,clv_20h,wq101,alpha158_ohlc_range,False,-0.149475,0.149475,-0.153624,660107,LOW_REDUNDANCY,Low redundancy. Independent signal sources.,intake_vs_baseline
wq101_alpha9,q158_std_20h,wq101,alpha158_rolling_price,False,-0.149249,0.149249,0.009095,641,LOW_REDUNDANCY,Low redundancy. Independent signal sources.,intake_vs_baseline
wq101_alpha54,vol_of_vol_20h,wq101,realized_skew_kurtosis,False,-0.146431,0.146431,-0.029777,1062,LOW_REDUNDANCY,Low redundancy. Independent signal sources.,intake_vs_baseline
wq101_alpha21,q158_klen_open,wq101,alpha158_kbar,False,-0.145506,0.145506,-0.0837,854,LOW_REDUNDANCY,Low redundancy. Independent signal sources.,intake_vs_baseline
wq101_alpha41,q158_std_30h,wq101,alpha158_rolling_price,False,0.145009,0.145009,0.021093,1274,LOW_REDUNDANCY,Low redundancy. Independent signal sources.,intake_vs_baseline
wq101_alpha54,q158_cntd_20h,wq101,alpha158_rolling_direction,False,-0.14437,0.14437,-0.144729,402962,LOW_REDUNDANCY,Low redundancy. Independent signal sources.,intake_vs_baseline
wq101_alpha21,range_1h,wq101,range_position,False,-0.143591,0.143591,-0.080235,854,LOW_REDUNDANCY,Low redundancy. Independent signal sources.,intake_vs_baseline
wq101_alpha21,q158_high_low_range,wq101,alpha158,False,-0.143591,0.143591,-0.080235,854,LOW_REDUNDANCY,Low redundancy. Independent signal sources.,intake_vs_baseline
wq101_alpha54,q158_cntn_20h,wq101,alpha158_rolling,False,0.143403,0.143403,0.143654,402962,LOW_REDUNDANCY,Low redundancy. Independent signal sources.,intake_vs_baseline
wq101_alpha41,q158_high_close_4h,wq101,alpha158_price,False,0.143135,0.143135,0.019467,213,LOW_REDUNDANCY,Low redundancy. Independent signal sources.,intake_vs_baseline
wq101_alpha6,q158_close_close_4h,wq101,alpha158_price,False,0.142697,0.142697,0.158737,660852,LOW_REDUNDANCY,Low redundancy. Independent signal sources.,intake_vs_baseline
wq101_alpha41,q158_low_close_0h,wq101,alpha158_price,False,0.142602,0.142602,0.011276,404510,LOW_REDUNDANCY,Low redundancy. Independent signal sources.,intake_vs_baseline
wq101_alpha6,q158_qtlu_20h,wq101,alpha158_rolling,False,0.142059,0.142059,0.089006,660107,LOW_REDUNDANCY,Low redundancy. Independent signal sources.,intake_vs_baseline
wq101_alpha54,q158_resi_20h,wq101,alpha158_rolling_regression,False,0.141725,0.141725,0.055843,850,LOW_REDUNDANCY,Low redundancy. Independent signal sources.,intake_vs_baseline
wq101_alpha54,q158_qtlu_20h,wq101,alpha158_rolling,False,0.14045,0.14045,0.09453,850,LOW_REDUNDANCY,Low redundancy. Independent signal sources.,intake_vs_baseline
wq101_alpha54,q158_cntp_20h,wq101,alpha158_rolling,False,-0.139917,0.139917,-0.140245,402962,LOW_REDUNDANCY,Low redundancy. Independent signal sources.,intake_vs_baseline
wq101_alpha41,mom_5h,wq101,momentum,False,-0.139254,0.139254,-0.009818,404123,LOW_REDUNDANCY,Low redundancy. Independent signal sources.,intake_vs_baseline
wq101_alpha41,reversal_5h,wq101,momentum,False,0.139254,0.139254,0.009818,404123,LOW_REDUNDANCY,Low redundancy. Independent signal sources.,intake_vs_baseline
wq101_alpha41,q158_imax_30h,wq101,alpha158_rolling_position,False,0.137814,0.137814,-0.032079,1274,LOW_REDUNDANCY,Low redundancy. Independent signal sources.,intake_vs_baseline
wq101_alpha41,price_pos_24h,wq101,price_position,False,-0.137628,0.137628,-0.022103,256708,LOW_REDUNDANCY,Low redundancy. Independent signal sources.,intake_vs_baseline
wq101_alpha41,q158_beta_30h,wq101,alpha158_rolling_regression,False,0.137414,0.137414,0.010329,1274,LOW_REDUNDANCY,Low redundancy. Independent signal sources.,intake_vs_baseline
wq101_alpha9,wq101_alpha21,wq101,wq101,True,0.135913,0.135913,0.014889,641,LOW_REDUNDANCY,Low redundancy. Independent signal sources.,intake_vs_intake
wq101_alpha6,up_down_vol_ratio_20h,wq101,alpha158_ohlcv,False,-0.1358,0.1358,-0.139753,660107,LOW_REDUNDANCY,Low redundancy. Independent signal sources.,intake_vs_baseline
wq101_alpha9,mom_accel_20h,wq101,momentum,False,-0.134308,0.134308,-0.006594,661217,LOW_REDUNDANCY,Low redundancy. Independent signal sources.,intake_vs_baseline
wq101_alpha6,q158_min_30h,wq101,alpha158_rolling_price,False,0.133531,0.133531,0.115656,659151,LOW_REDUNDANCY,Low redundancy. Independent signal sources.,intake_vs_baseline
wq101_alpha6,q158_high_close_0h,wq101,alpha158_price,False,0.13311,0.13311,0.007719,426,LOW_REDUNDANCY,Low redundancy. Independent signal sources.,intake_vs_baseline
wq101_alpha21,ema_12_26_gap,wq101,technical_indicators,False,-0.132862,0.132862,-0.050385,854,LOW_REDUNDANCY,Low redundancy. Independent signal sources.,intake_vs_baseline
wq101_alpha9,q158_corr_20h,wq101,alpha158_rolling_volume_price,False,-0.132854,0.132854,0.035087,638,LOW_REDUNDANCY,Low redundancy. Independent signal sources.,intake_vs_baseline
wq101_alpha54,mom_vol_adjusted_20h,wq101,momentum,False,-0.132572,0.132572,-0.133803,402962,LOW_REDUNDANCY,Low redundancy. Independent signal sources.,intake_vs_baseline
wq101_alpha6,q158_high_close_4h,wq101,alpha158_price,False,0.132414,0.132414,0.128332,660852,LOW_REDUNDANCY,Low redundancy. Independent signal sources.,intake_vs_baseline
wq101_alpha9,range_breakout_vol_confirm_20h,wq101,breakout,False,-0.131708,0.131708,-0.033829,24025,LOW_REDUNDANCY,Low redundancy. Independent signal sources.,intake_vs_baseline
wq101_alpha54,q158_sumd_20h,wq101,alpha158_rolling,False,-0.13131,0.13131,-0.132114,402962,LOW_REDUNDANCY,Low redundancy. Independent signal sources.,intake_vs_baseline
wq101_alpha54,q158_sump_20h,wq101,alpha158_rolling_direction,False,-0.13131,0.13131,-0.132114,402962,LOW_REDUNDANCY,Low redundancy. Independent signal sources.,intake_vs_baseline
wq101_alpha54,q158_sumn_20h,wq101,alpha158_rolling_direction,False,0.13131,0.13131,0.132114,402962,LOW_REDUNDANCY,Low redundancy. Independent signal sources.,intake_vs_baseline
wq101_alpha41,q158_max_60h,wq101,alpha158_rolling_price,False,0.130759,0.130759,-0.005318,2546,LOW_REDUNDANCY,Low redundancy. Independent signal sources.,intake_vs_baseline
wq101_alpha6,q158_rsv_30h,wq101,alpha158_rolling,False,-0.130474,0.130474,-0.130043,659151,LOW_REDUNDANCY,Low redundancy. Independent signal sources.,intake_vs_baseline
wq101_alpha21,q158_max_60h,wq101,alpha158_rolling_price,False,0.12941,0.12941,0.018467,658478,LOW_REDUNDANCY,Low redundancy. Independent signal sources.,intake_vs_baseline
wq101_alpha41,q158_corr_20h,wq101,alpha158_rolling_volume_price,False,-0.128942,0.128942,0.03239,850,LOW_REDUNDANCY,Low redundancy. Independent signal sources.,intake_vs_baseline
wq101_alpha21,intraday_ret,wq101,alpha158_ohlcv,False,-0.12736,0.12736,-0.121388,854,LOW_REDUNDANCY,Low redundancy. Independent signal sources.,intake_vs_baseline
wq101_alpha21,q158_open_close_0h,wq101,alpha158_price,False,0.12736,0.12736,0.120219,854,LOW_REDUNDANCY,Low redundancy. Independent signal sources.,intake_vs_baseline
wq101_alpha21,q158_kmid_open,wq101,alpha158_kbar,False,-0.12736,0.12736,-0.121388,854,LOW_REDUNDANCY,Low redundancy. Independent signal sources.,intake_vs_baseline
wq101_alpha6,q158_ma_10h,wq101,alpha158_rolling_price,False,0.127008,0.127008,0.151749,661065,LOW_REDUNDANCY,Low redundancy. Independent signal sources.,intake_vs_baseline
wq101_alpha9,mom_10h,wq101,momentum,False,-0.126632,0.126632,-0.00609,662655,LOW_REDUNDANCY,Low redundancy. Independent signal sources.,intake_vs_baseline
wq101_alpha9,rev_10h,wq101,reversal,False,0.126632,0.126632,0.00609,662655,LOW_REDUNDANCY,Low redundancy. Independent signal sources.,intake_vs_baseline
wq101_alpha41,q158_close_close_4h,wq101,alpha158_price,False,0.126173,0.126173,0.016885,213,LOW_REDUNDANCY,Low redundancy. Independent signal sources.,intake_vs_baseline
wq101_alpha54,ma_gap_20_80,wq101,trend_ma,False,-0.121902,0.121902,-0.096208,3394,LOW_REDUNDANCY,Low redundancy. Independent signal sources.,intake_vs_baseline
wq101_alpha54,q158_roc_20h,wq101,alpha158_rolling_price,False,0.12064,0.12064,0.048515,402962,LOW_REDUNDANCY,Low redundancy. Independent signal sources.,intake_vs_baseline
wq101_alpha54,mom_20h,wq101,momentum,False,-0.12064,0.12064,-0.066953,402962,LOW_REDUNDANCY,Low redundancy. Independent signal sources.,intake_vs_baseline
wq101_alpha54,q158_high_close_4h,wq101,alpha158_price,False,0.12022,0.12022,0.065751,213,LOW_REDUNDANCY,Low redundancy. Independent signal sources.,intake_vs_baseline
wq101_alpha6,ema_12_26_gap,wq101,technical_indicators,False,-0.119906,0.119906,-0.096778,426,LOW_REDUNDANCY,Low redundancy. Independent signal sources.,intake_vs_baseline
wq101_alpha54,q158_cntd_30h,wq101,alpha158_rolling_direction,False,-0.119161,0.119161,-0.120639,402188,LOW_REDUNDANCY,Low redundancy. Independent signal sources.,intake_vs_baseline
wq101_alpha54,q158_cntn_30h,wq101,alpha158_rolling_direction,False,0.118113,0.118113,0.119527,402188,LOW_REDUNDANCY,Low redundancy. Independent signal sources.,intake_vs_baseline
wq101_alpha9,ksft_5h,wq101,alpha158_ohlcv,False,0.116974,0.116974,-0.005147,663135,LOW_REDUNDANCY,Low redundancy. Independent signal sources.,intake_vs_baseline
wq101_alpha6,q158_low_close_0h,wq101,alpha158_price,False,0.116556,0.116556,0.051023,426,LOW_REDUNDANCY,Low redundancy. Independent signal sources.,intake_vs_baseline
wq101_alpha6,q158_ma_5h,wq101,alpha158_rolling_price,False,0.116508,0.116508,0.137277,660852,LOW_REDUNDANCY,Low redundancy. Independent signal sources.,intake_vs_baseline
wq101_alpha54,xs_rank_mom_accel,wq101,cross_sectional_normalized,False,-0.114963,0.114963,-0.113471,402575,LOW_REDUNDANCY,Low redundancy. Independent signal sources.,intake_vs_baseline
wq101_alpha54,q158_cntp_30h,wq101,alpha158_rolling_direction,False,-0.114506,0.114506,-0.115951,402188,LOW_REDUNDANCY,Low redundancy. Independent signal sources.,intake_vs_baseline
wq101_alpha41,q158_max_5h,wq101,alpha158_rolling_price,False,0.112975,0.112975,0.030899,213,LOW_REDUNDANCY,Low redundancy. Independent signal sources.,intake_vs_baseline
wq101_alpha6,q158_max_60h,wq101,alpha158_rolling_price,False,0.112661,0.112661,0.016424,656283,LOW_REDUNDANCY,Low redundancy. Independent signal sources.,intake_vs_baseline
wq101_alpha6,wq101_alpha21,wq101,wq101,True,0.112086,0.112086,0.112936,660107,LOW_REDUNDANCY,Low redundancy. Independent signal sources.,intake_vs_intake
wq101_alpha41,q158_std_10h,wq101,alpha158_rolling_price,False,-0.111979,0.111979,0.020986,426,LOW_REDUNDANCY,Low redundancy. Independent signal sources.,intake_vs_baseline
wq101_alpha41,q158_imxd_20h,wq101,alpha158_rolling_position,False,-0.111016,0.111016,-0.059122,850,LOW_REDUNDANCY,Low redundancy. Independent signal sources.,intake_vs_baseline
wq101_alpha9,qvol_ma_ratio_5_20,wq101,quote_volume_liquidity,False,0.110209,0.110209,0.023564,638,LOW_REDUNDANCY,Low redundancy. Independent signal sources.,intake_vs_baseline
wq101_alpha41,q158_std_60h,wq101,alpha158_rolling_price,False,0.106273,0.106273,-0.012478,2546,LOW_REDUNDANCY,Low redundancy. Independent signal sources.,intake_vs_baseline
wq101_alpha21,q158_beta_20h,wq101,alpha158_rolling_regression,False,-0.104663,0.104663,-0.054195,662312,LOW_REDUNDANCY,Low redundancy. Independent signal sources.,intake_vs_baseline
wq101_alpha9,q158_cntd_20h,wq101,alpha158_rolling_direction,False,-0.104612,0.104612,-0.005908,661696,LOW_REDUNDANCY,Low redundancy. Independent signal sources.,intake_vs_baseline
wq101_alpha54,tech_atr,wq101,technical,False,-0.103704,0.103704,-0.061468,638,LOW_REDUNDANCY,Low redundancy. Independent signal sources.,intake_vs_baseline
wq101_alpha9,q158_cntn_20h,wq101,alpha158_rolling,False,0.103425,0.103425,0.005646,661696,LOW_REDUNDANCY,Low redundancy. Independent signal sources.,intake_vs_baseline
wq101_alpha41,taker_buy_delta_5h,wq101,taker_imbalance,False,-0.102266,0.102266,-0.012793,269184,LOW_REDUNDANCY,Low redundancy. Independent signal sources.,intake_vs_baseline
wq101_alpha9,q158_cntp_20h,wq101,alpha158_rolling,False,-0.101775,0.101775,-0.005664,661696,LOW_REDUNDANCY,Low redundancy. Independent signal sources.,intake_vs_baseline
wq101_alpha41,trend_efficiency_24h,wq101,trend_quality,False,0.101544,0.101544,0.012712,1062,LOW_REDUNDANCY,Low redundancy. Independent signal sources.,intake_vs_baseline
wq101_alpha54,q158_sumd_30h,wq101,alpha158_rolling_direction,False,-0.101359,0.101359,-0.105125,402188,LOW_REDUNDANCY,Low redundancy. Independent signal sources.,intake_vs_baseline
wq101_alpha6,q158_high_low_range,wq101,alpha158,False,0.100687,0.100687,-0.015018,426,LOW_REDUNDANCY,Low redundancy. Independent signal sources.,intake_vs_baseline
wq101_alpha6,range_1h,wq101,range_position,False,0.100687,0.100687,-0.015018,426,LOW_REDUNDANCY,Low redundancy. Independent signal sources.,intake_vs_baseline
wq101_alpha6,q158_klen_open,wq101,alpha158_kbar,False,0.099736,0.099736,-0.011597,426,LOW_REDUNDANCY,Low redundancy. Independent signal sources.,intake_vs_baseline
wq101_alpha41,rev_10h,wq101,reversal,False,0.099231,0.099231,0.006327,403736,LOW_REDUNDANCY,Low redundancy. Independent signal sources.,intake_vs_baseline
wq101_alpha41,mom_10h,wq101,momentum,False,-0.099231,0.099231,-0.006327,403736,LOW_REDUNDANCY,Low redundancy. Independent signal sources.,intake_vs_baseline
wq101_alpha9,tech_atr,wq101,technical,False,0.098645,0.098645,-0.708798,428,LOW_REDUNDANCY,Low redundancy. Independent signal sources.,intake_vs_baseline
wq101_alpha41,mom_accel_20h,wq101,momentum,False,-0.098452,0.098452,-0.007431,402575,LOW_REDUNDANCY,Low redundancy. Independent signal sources.,intake_vs_baseline
wq101_alpha41,klow_close,wq101,alpha158_ohlcv,False,0.098336,0.098336,0.004884,404510,LOW_REDUNDANCY,Low redundancy. Independent signal sources.,intake_vs_baseline
wq101_alpha54,q158_open_close_4h,wq101,alpha158_price,False,0.097871,0.097871,0.102093,213,LOW_REDUNDANCY,Low redundancy. Independent signal sources.,intake_vs_baseline
wq101_alpha21,q158_corr_20h,wq101,alpha158_rolling_volume_price,False,-0.097079,0.097079,-0.098947,660539,LOW_REDUNDANCY,Low redundancy. Independent signal sources.,intake_vs_baseline
wq101_alpha6,q158_min_20h,wq101,alpha158_rolling_price,False,0.096503,0.096503,0.091095,660107,LOW_REDUNDANCY,Low redundancy. Independent signal sources.,intake_vs_baseline
wq101_alpha41,q158_klow_open,wq101,alpha158_kbar,False,0.095463,0.095463,0.004805,404510,LOW_REDUNDANCY,Low redundancy. Independent signal sources.,intake_vs_baseline
wq101_alpha9,vol_of_vol_20h,wq101,realized_skew_kurtosis,False,-0.094155,0.094155,-0.005139,854,LOW_REDUNDANCY,Low redundancy. Independent signal sources.,intake_vs_baseline
wq101_alpha9,q158_max_60h,wq101,alpha158_rolling_price,False,0.093924,0.093924,-0.011403,2345,LOW_REDUNDANCY,Low redundancy. Independent signal sources.,intake_vs_baseline
wq101_alpha6,q158_kup_open,wq101,alpha158_kbar,False,0.092858,0.092858,0.001134,426,LOW_REDUNDANCY,Low redundancy. Independent signal sources.,intake_vs_baseline
wq101_alpha41,q158_kup_open,wq101,alpha158_kbar,False,-0.09258,0.09258,-0.003132,404510,LOW_REDUNDANCY,Low redundancy. Independent signal sources.,intake_vs_baseline
wq101_alpha6,tech_macd,wq101,technical,False,0.091562,0.091562,-0.093161,426,LOW_REDUNDANCY,Low redundancy. Independent signal sources.,intake_vs_baseline
wq101_alpha9,ma_gap_20_80,wq101,trend_ma,False,-0.090084,0.090084,-0.008398,3197,LOW_REDUNDANCY,Low redundancy. Independent signal sources.,intake_vs_baseline
wq101_alpha41,q158_ma_60h,wq101,alpha158_rolling_price,False,0.089416,0.089416,0.009793,2546,LOW_REDUNDANCY,Low redundancy. Independent signal sources.,intake_vs_baseline
wq101_alpha9,mom_vol_adjusted_20h,wq101,momentum,False,-0.089221,0.089221,-0.010371,659925,LOW_REDUNDANCY,Low redundancy. Independent signal sources.,intake_vs_baseline
wq101_alpha21,klow_close,wq101,alpha158_ohlcv,False,0.088643,0.088643,0.094795,854,LOW_REDUNDANCY,Low redundancy. Independent signal sources.,intake_vs_baseline
wq101_alpha9,q158_sumd_20h,wq101,alpha158_rolling,False,-0.088601,0.088601,-0.011146,661696,LOW_REDUNDANCY,Low redundancy. Independent signal sources.,intake_vs_baseline
wq101_alpha9,q158_sumn_20h,wq101,alpha158_rolling_direction,False,0.08828,0.08828,0.010953,661696,LOW_REDUNDANCY,Low redundancy. Independent signal sources.,intake_vs_baseline
wq101_alpha9,q158_sump_20h,wq101,alpha158_rolling_direction,False,-0.088208,0.088208,-0.010969,661696,LOW_REDUNDANCY,Low redundancy. Independent signal sources.,intake_vs_baseline
wq101_alpha21,q158_klow_open,wq101,alpha158_kbar,False,0.087776,0.087776,0.09271,854,LOW_REDUNDANCY,Low redundancy. Independent signal sources.,intake_vs_baseline
wq101_alpha6,vwap_dev_20h,wq101,alpha158_ohlcv,False,-0.087662,0.087662,-0.091775,660107,LOW_REDUNDANCY,Low redundancy. Independent signal sources.,intake_vs_baseline
wq101_alpha41,rsi_28h,wq101,technical_indicators,False,-0.087547,0.087547,-0.016127,256617,LOW_REDUNDANCY,Low redundancy. Independent signal sources.,intake_vs_baseline
wq101_alpha21,q158_high_close_0h,wq101,alpha158_price,False,-0.087141,0.087141,-0.082254,854,LOW_REDUNDANCY,Low redundancy. Independent signal sources.,intake_vs_baseline
wq101_alpha9,q158_cntd_30h,wq101,alpha158_rolling_direction,False,-0.086841,0.086841,-0.005026,660738,LOW_REDUNDANCY,Low redundancy. Independent signal sources.,intake_vs_baseline
wq101_alpha9,klow_close,wq101,alpha158_ohlcv,False,0.086814,0.086814,0.003052,662921,LOW_REDUNDANCY,Low redundancy. Independent signal sources.,intake_vs_baseline
wq101_alpha41,candle_wick_upper,wq101,intraday_candle,False,-0.086276,0.086276,-0.007803,404510,LOW_REDUNDANCY,Low redundancy. Independent signal sources.,intake_vs_baseline
wq101_alpha41,q158_kup_range,wq101,alpha158_kbar,False,-0.086269,0.086269,-0.007799,404510,LOW_REDUNDANCY,Low redundancy. Independent signal sources.,intake_vs_baseline
wq101_alpha41,q158_rsqr_30h,wq101,alpha158_rolling_regression,False,0.086267,0.086267,-0.007238,1274,LOW_REDUNDANCY,Low redundancy. Independent signal sources.,intake_vs_baseline
wq101_alpha9,q158_resi_30h,wq101,alpha158_rolling_regression,False,-0.086153,0.086153,-0.010108,1067,LOW_REDUNDANCY,Low redundancy. Independent signal sources.,intake_vs_baseline
wq101_alpha9,q158_kup_open,wq101,alpha158_kbar,False,-0.08585,0.08585,-0.001976,662921,LOW_REDUNDANCY,Low redundancy. Independent signal sources.,intake_vs_baseline
wq101_alpha9,q158_cntn_30h,wq101,alpha158_rolling_direction,False,0.085788,0.085788,0.00471,660738,LOW_REDUNDANCY,Low redundancy. Independent signal sources.,intake_vs_baseline
wq101_alpha54,q158_std_10h,wq101,alpha158_rolling_price,False,0.08447,0.08447,-0.101222,426,LOW_REDUNDANCY,Low redundancy. Independent signal sources.,intake_vs_baseline
wq101_alpha9,q158_cntp_30h,wq101,alpha158_rolling_direction,False,-0.084277,0.084277,-0.004748,660738,LOW_REDUNDANCY,Low redundancy. Independent signal sources.,intake_vs_baseline
wq101_alpha41,q158_ma_30h,wq101,alpha158_rolling_price,False,0.083984,0.083984,-0.009018,1274,LOW_REDUNDANCY,Low redundancy. Independent signal sources.,intake_vs_baseline
wq101_alpha9,candle_wick_upper,wq101,intraday_candle,False,-0.082937,0.082937,-0.005189,662921,LOW_REDUNDANCY,Low redundancy. Independent signal sources.,intake_vs_baseline
wq101_alpha9,q158_kup_range,wq101,alpha158_kbar,False,-0.082929,0.082929,-0.005187,662921,LOW_REDUNDANCY,Low redundancy. Independent signal sources.,intake_vs_baseline
wq101_alpha9,mom_20h,wq101,momentum,False,-0.082405,0.082405,-0.003703,661696,LOW_REDUNDANCY,Low redundancy. Independent signal sources.,intake_vs_baseline
wq101_alpha9,q158_roc_20h,wq101,alpha158_rolling_price,False,0.082405,0.082405,0.002881,661696,LOW_REDUNDANCY,Low redundancy. Independent signal sources.,intake_vs_baseline
wq101_alpha21,wq101_alpha53,wq101,wq101,True,0.081093,0.081093,0.000936,661884,LOW_REDUNDANCY,Low redundancy. Independent signal sources.,intake_vs_baseline
wq101_alpha54,q158_std_5h,wq101,alpha158_rolling_price,False,0.080266,0.080266,0.065862,213,LOW_REDUNDANCY,Low redundancy. Independent signal sources.,intake_vs_baseline
wq101_alpha9,q158_klow_open,wq101,alpha158_kbar,False,0.080179,0.080179,0.002856,662921,LOW_REDUNDANCY,Low redundancy. Independent signal sources.,intake_vs_baseline
wq101_alpha6,a101_volume_low_alpha_min_84_120,wq101,alpha101_curated_volume_price_regression,False,0.078675,0.078675,0.006643,328907,LOW_REDUNDANCY,Low redundancy. Independent signal sources.,intake_vs_baseline
wq101_alpha9,q158_beta_20h,wq101,alpha158_rolling_regression,False,-0.078395,0.078395,0.011372,641,LOW_REDUNDANCY,Low redundancy. Independent signal sources.,intake_vs_baseline
wq101_alpha41,candle_wick_lower,wq101,intraday_candle,False,0.077676,0.077676,0.010591,404510,LOW_REDUNDANCY,Low redundancy. Independent signal sources.,intake_vs_baseline
wq101_alpha41,q158_klow_range,wq101,alpha158_kbar,False,0.077649,0.077649,0.010587,404510,LOW_REDUNDANCY,Low redundancy. Independent signal sources.,intake_vs_baseline
wq101_alpha21,taker_buy_ratio_20h,wq101,taker_imbalance,False,-0.077388,0.077388,-0.074341,268389,LOW_REDUNDANCY,Low redundancy. Independent signal sources.,intake_vs_baseline
wq101_alpha54,range_24h,wq101,range_position,False,0.077381,0.077381,0.057621,256708,LOW_REDUNDANCY,Low redundancy. Independent signal sources.,intake_vs_baseline
wq101_alpha6,q158_min_5h,wq101,alpha158_rolling_price,False,0.077263,0.077263,0.090074,660852,LOW_REDUNDANCY,Low redundancy. Independent signal sources.,intake_vs_baseline
wq101_alpha9,q158_ma_60h,wq101,alpha158_rolling_price,False,0.075923,0.075923,0.010982,2345,LOW_REDUNDANCY,Low redundancy. Independent signal sources.,intake_vs_baseline
wq101_alpha54,tech_macd,wq101,technical,False,-0.075142,0.075142,-0.005322,404510,LOW_REDUNDANCY,Low redundancy. Independent signal sources.,intake_vs_baseline
wq101_alpha9,candle_wick_lower,wq101,intraday_candle,False,0.075139,0.075139,0.003784,662921,LOW_REDUNDANCY,Low redundancy. Independent signal sources.,intake_vs_baseline
wq101_alpha9,q158_klow_range,wq101,alpha158_kbar,False,0.075129,0.075129,0.003783,662921,LOW_REDUNDANCY,Low redundancy. Independent signal sources.,intake_vs_baseline
wq101_alpha41,vol_of_vol_20h,wq101,realized_skew_kurtosis,False,0.074839,0.074839,0.012823,1062,LOW_REDUNDANCY,Low redundancy. Independent signal sources.,intake_vs_baseline
wq101_alpha54,mom_40h,wq101,momentum,False,-0.074503,0.074503,-0.041905,401414,LOW_REDUNDANCY,Low redundancy. Independent signal sources.,intake_vs_baseline
wq101_alpha21,taker_buy_zscore_20h,wq101,taker_imbalance,False,-0.074389,0.074389,-0.073137,268389,LOW_REDUNDANCY,Low redundancy. Independent signal sources.,intake_vs_baseline
wq101_alpha54,volume_pressure_20h,wq101,volume_price,False,-0.074372,0.074372,-0.00649,402962,LOW_REDUNDANCY,Low redundancy. Independent signal sources.,intake_vs_baseline
wq101_alpha6,q158_max_10h,wq101,alpha158_rolling_price,False,-0.073208,0.073208,-0.018458,661065,LOW_REDUNDANCY,Low redundancy. Independent signal sources.,intake_vs_baseline
wq101_alpha9,clv_20h,wq101,alpha158_ohlc_range,False,-0.07205,0.07205,0.042954,641,LOW_REDUNDANCY,Low redundancy. Independent signal sources.,intake_vs_baseline
wq101_alpha6,q158_rsv_20h,wq101,alpha158_rolling,False,-0.072002,0.072002,-0.070952,660107,LOW_REDUNDANCY,Low redundancy. Independent signal sources.,intake_vs_baseline
wq101_alpha6,breakout_dist_20h,wq101,breakout,False,-0.071991,0.071991,-0.070942,660107,LOW_REDUNDANCY,Low redundancy. Independent signal sources.,intake_vs_baseline
wq101_alpha9,xs_rank_mom_accel,wq101,cross_sectional_normalized,False,-0.070778,0.070778,0.006019,661217,LOW_REDUNDANCY,Low redundancy. Independent signal sources.,intake_vs_baseline
wq101_alpha9,q158_min_60h,wq101,alpha158_rolling_price,False,0.070361,0.070361,0.022372,2345,LOW_REDUNDANCY,Low redundancy. Independent signal sources.,intake_vs_baseline
wq101_alpha41,xs_rank_mom_accel,wq101,cross_sectional_normalized,False,-0.069865,0.069865,0.005085,402575,LOW_REDUNDANCY,Low redundancy. Independent signal sources.,intake_vs_baseline
wq101_alpha6,ksft_5h,wq101,alpha158_ohlcv,False,-0.06969,0.06969,-0.012424,213,LOW_REDUNDANCY,Low redundancy. Independent signal sources.,intake_vs_baseline
wq101_alpha9,up_down_vol_ratio_20h,wq101,alpha158_ohlcv,False,-0.069021,0.069021,0.040859,638,LOW_REDUNDANCY,Low redundancy. Independent signal sources.,intake_vs_baseline
wq101_alpha9,q158_beta_30h,wq101,alpha158_rolling_regression,False,-0.068973,0.068973,0.003843,1067,LOW_REDUNDANCY,Low redundancy. Independent signal sources.,intake_vs_baseline
wq101_alpha54,downside_vol_20h,wq101,realized_skew_kurtosis,False,0.068864,0.068864,0.03703,402962,LOW_REDUNDANCY,Low redundancy. Independent signal sources.,intake_vs_baseline
wq101_alpha41,q158_sumn_20h,wq101,alpha158_rolling_direction,False,0.068376,0.068376,0.011697,402962,LOW_REDUNDANCY,Low redundancy. Independent signal sources.,intake_vs_baseline
wq101_alpha41,q158_sumd_20h,wq101,alpha158_rolling,False,-0.068375,0.068375,-0.011697,402962,LOW_REDUNDANCY,Low redundancy. Independent signal sources.,intake_vs_baseline
wq101_alpha41,q158_sump_20h,wq101,alpha158_rolling_direction,False,-0.068372,0.068372,-0.011697,402962,LOW_REDUNDANCY,Low redundancy. Independent signal sources.,intake_vs_baseline
wq101_alpha41,mom_vol_adjusted_20h,wq101,momentum,False,-0.068275,0.068275,-0.010934,402962,LOW_REDUNDANCY,Low redundancy. Independent signal sources.,intake_vs_baseline
wq101_alpha6,q158_resi_20h,wq101,alpha158_rolling_regression,False,-0.067993,0.067993,-0.066135,660107,LOW_REDUNDANCY,Low redundancy. Independent signal sources.,intake_vs_baseline
wq101_alpha41,mom_20h,wq101,momentum,False,-0.067955,0.067955,-0.004142,402962,LOW_REDUNDANCY,Low redundancy. Independent signal sources.,intake_vs_baseline
wq101_alpha41,q158_roc_20h,wq101,alpha158_rolling_price,False,0.067955,0.067955,0.002654,402962,LOW_REDUNDANCY,Low redundancy. Independent signal sources.,intake_vs_baseline
wq101_alpha6,a101_volume_high_alpha_min_84_84,wq101,alpha101_curated_volume_price_regression,False,0.067804,0.067804,0.005871,322238,LOW_REDUNDANCY,Low redundancy. Independent signal sources.,intake_vs_baseline
wq101_alpha6,qvol_ma_ratio_20_80,wq101,quote_volume_liquidity,False,-0.067692,0.067692,-0.103681,654371,LOW_REDUNDANCY,Low redundancy. Independent signal sources.,intake_vs_baseline
wq101_alpha6,q158_max_30h,wq101,alpha158_rolling_price,False,0.065996,0.065996,0.009636,659151,LOW_REDUNDANCY,Low redundancy. Independent signal sources.,intake_vs_baseline
wq101_alpha41,qvol_zscore_20h,wq101,quote_volume_liquidity,False,-0.065706,0.065706,0.010397,850,LOW_REDUNDANCY,Low redundancy. Independent signal sources.,intake_vs_baseline
wq101_alpha9,q158_sumd_30h,wq101,alpha158_rolling_direction,False,-0.06519,0.06519,-0.008961,660738,LOW_REDUNDANCY,Low redundancy. Independent signal sources.,intake_vs_baseline
wq101_alpha6,candle_wick_lower,wq101,intraday_candle,False,-0.0648,0.0648,-0.087506,426,LOW_REDUNDANCY,Low redundancy. Independent signal sources.,intake_vs_baseline
wq101_alpha6,q158_klow_range,wq101,alpha158_kbar,False,-0.064781,0.064781,-0.087612,426,LOW_REDUNDANCY,Low redundancy. Independent signal sources.,intake_vs_baseline
wq101_alpha41,xs_rank_vol,wq101,cross_sectional_normalized,False,0.064113,0.064113,0.015332,850,LOW_REDUNDANCY,Low redundancy. Independent signal sources.,intake_vs_baseline
wq101_alpha6,vol_of_vol_20h,wq101,realized_skew_kurtosis,False,-0.06377,0.06377,-0.057012,659629,LOW_REDUNDANCY,Low redundancy. Independent signal sources.,intake_vs_baseline
wq101_alpha41,q158_cntn_20h,wq101,alpha158_rolling,False,0.063731,0.063731,0.008335,402962,LOW_REDUNDANCY,Low redundancy. Independent signal sources.,intake_vs_baseline
wq101_alpha41,price_pos_120h,wq101,price_position,False,-0.063437,0.063437,-0.002762,5090,LOW_REDUNDANCY,Low redundancy. Independent signal sources.,intake_vs_baseline
wq101_alpha41,tech_macd,wq101,technical,False,-0.063143,0.063143,-0.139939,404510,LOW_REDUNDANCY,Low redundancy. Independent signal sources.,intake_vs_baseline
wq101_alpha41,q158_cntd_20h,wq101,alpha158_rolling_direction,False,-0.062951,0.062951,-0.008556,402962,LOW_REDUNDANCY,Low redundancy. Independent signal sources.,intake_vs_baseline
wq101_alpha54,qvol_ma_ratio_20_80,wq101,quote_volume_liquidity,False,-0.062854,0.062854,-0.058236,3394,LOW_REDUNDANCY,Low redundancy. Independent signal sources.,intake_vs_baseline
wq101_alpha6,q158_std_10h,wq101,alpha158_rolling_price,False,-0.062119,0.062119,-0.040211,661065,LOW_REDUNDANCY,Low redundancy. Independent signal sources.,intake_vs_baseline
wq101_alpha6,candle_wick_upper,wq101,intraday_candle,False,-0.06123,0.06123,-0.045022,426,LOW_REDUNDANCY,Low redundancy. Independent signal sources.,intake_vs_baseline
wq101_alpha6,q158_kup_range,wq101,alpha158_kbar,False,-0.060962,0.060962,-0.045118,426,LOW_REDUNDANCY,Low redundancy. Independent signal sources.,intake_vs_baseline
wq101_alpha6,q158_std_20h,wq101,alpha158_rolling_price,False,-0.060934,0.060934,-0.028631,660107,LOW_REDUNDANCY,Low redundancy. Independent signal sources.,intake_vs_baseline
wq101_alpha41,q158_cntp_20h,wq101,alpha158_rolling,False,-0.060266,0.060266,-0.008448,402962,LOW_REDUNDANCY,Low redundancy. Independent signal sources.,intake_vs_baseline
wq101_alpha21,q158_std_10h,wq101,alpha158_rolling_price,False,0.058777,0.058777,0.038939,661884,LOW_REDUNDANCY,Low redundancy. Independent signal sources.,intake_vs_baseline
wq101_alpha9,q158_std_30h,wq101,alpha158_rolling_price,False,-0.05871,0.05871,-0.001473,1067,LOW_REDUNDANCY,Low redundancy. Independent signal sources.,intake_vs_baseline
wq101_alpha41,vol_zscore_20h,wq101,volume_liquidity,False,-0.058389,0.058389,0.010204,850,LOW_REDUNDANCY,Low redundancy. Independent signal sources.,intake_vs_baseline
wq101_alpha9,q158_imxd_20h,wq101,alpha158_rolling_position,False,0.058167,0.058167,-0.066861,641,LOW_REDUNDANCY,Low redundancy. Independent signal sources.,intake_vs_baseline
wq101_alpha9,mom_40h,wq101,momentum,False,-0.057486,0.057486,-0.002549,659780,LOW_REDUNDANCY,Low redundancy. Independent signal sources.,intake_vs_baseline
wq101_alpha41,q158_cntn_30h,wq101,alpha158_rolling_direction,False,0.056667,0.056667,0.007521,402188,LOW_REDUNDANCY,Low redundancy. Independent signal sources.,intake_vs_baseline
wq101_alpha21,q158_imax_20h,wq101,alpha158_rolling_position,False,0.055859,0.055859,0.055629,662312,LOW_REDUNDANCY,Low redundancy. Independent signal sources.,intake_vs_baseline
wq101_alpha41,q158_cntd_30h,wq101,alpha158_rolling_direction,False,-0.055771,0.055771,-0.007777,402188,LOW_REDUNDANCY,Low redundancy. Independent signal sources.,intake_vs_baseline
wq101_alpha6,taker_buy_ratio_20h,wq101,taker_imbalance,False,-0.055215,0.055215,-0.053511,268389,LOW_REDUNDANCY,Low redundancy. Independent signal sources.,intake_vs_baseline
wq101_alpha41,q158_qtld_20h,wq101,alpha158_rolling,False,0.054458,0.054458,-0.006479,850,LOW_REDUNDANCY,Low redundancy. Independent signal sources.,intake_vs_baseline
wq101_alpha41,mom_40h,wq101,momentum,False,-0.054367,0.054367,-0.002425,401414,LOW_REDUNDANCY,Low redundancy. Independent signal sources.,intake_vs_baseline
wq101_alpha41,q158_vstd_20h,wq101,alpha158_rolling_volume,False,-0.053808,0.053808,-0.008284,850,LOW_REDUNDANCY,Low redundancy. Independent signal sources.,intake_vs_baseline
wq101_alpha41,q158_sumd_30h,wq101,alpha158_rolling_direction,False,-0.053788,0.053788,-0.008791,402188,LOW_REDUNDANCY,Low redundancy. Independent signal sources.,intake_vs_baseline
wq101_alpha9,volume_pressure_20h,wq101,volume_price,False,-0.053213,0.053213,-0.0,661696,LOW_REDUNDANCY,Low redundancy. Independent signal sources.,intake_vs_baseline
wq101_alpha54,range_4h,wq101,range_position,False,0.053088,0.053088,0.038436,257074,LOW_REDUNDANCY,Low redundancy. Independent signal sources.,intake_vs_baseline
wq101_alpha9,q158_max_10h,wq101,alpha158_rolling_price,False,-0.053078,0.053078,-0.034126,214,LOW_REDUNDANCY,Low redundancy. Independent signal sources.,intake_vs_baseline
wq101_alpha41,q158_cntp_30h,wq101,alpha158_rolling_direction,False,-0.052835,0.052835,-0.007659,402188,LOW_REDUNDANCY,Low redundancy. Independent signal sources.,intake_vs_baseline
wq101_alpha54,q158_imax_30h,wq101,alpha158_rolling_position,False,0.05141,0.05141,0.116547,1274,LOW_REDUNDANCY,Low redundancy. Independent signal sources.,intake_vs_baseline
wq101_alpha41,q158_std_5h,wq101,alpha158_rolling_price,False,0.050519,0.050519,0.034262,213,LOW_REDUNDANCY,Low redundancy. Independent signal sources.,intake_vs_baseline
wq101_alpha54,taker_buy_ratio_20h,wq101,taker_imbalance,False,-0.050171,0.050171,-0.04988,79649,LOW_REDUNDANCY,Low redundancy. Independent signal sources.,intake_vs_baseline
wq101_alpha21,q158_imax_30h,wq101,alpha158_rolling_position,False,0.049695,0.049695,0.048879,661352,LOW_REDUNDANCY,Low redundancy. Independent signal sources.,intake_vs_baseline
wq101_alpha21,q158_beta_30h,wq101,alpha158_rolling_regression,False,-0.048701,0.048701,-0.023704,661352,LOW_REDUNDANCY,Low redundancy. Independent signal sources.,intake_vs_baseline
wq101_alpha41,q158_vma_20h,wq101,alpha158_rolling_volume,False,0.046126,0.046126,-0.006992,850,LOW_REDUNDANCY,Low redundancy. Independent signal sources.,intake_vs_baseline
wq101_alpha6,xs_rank_vol,wq101,cross_sectional_normalized,False,-0.044967,0.044967,-0.046232,660107,LOW_REDUNDANCY,Low redundancy. Independent signal sources.,intake_vs_baseline
wq101_alpha21,vol_of_vol_20h,wq101,realized_skew_kurtosis,False,-0.044966,0.044966,-0.025846,661832,LOW_REDUNDANCY,Low redundancy. Independent signal sources.,intake_vs_baseline
wq101_alpha9,taker_buy_ratio_20h,wq101,taker_imbalance,False,-0.044199,0.044199,-0.002724,336129,LOW_REDUNDANCY,Low redundancy. Independent signal sources.,intake_vs_baseline
wq101_alpha54,vol_40h,wq101,volatility,False,0.043312,0.043312,0.032969,401414,LOW_REDUNDANCY,Low redundancy. Independent signal sources.,intake_vs_baseline
wq101_alpha21,ma_gap_10_40,wq101,trend_ma,False,-0.042719,0.042719,-0.028729,660394,LOW_REDUNDANCY,Low redundancy. Independent signal sources.,intake_vs_baseline
wq101_alpha21,qvol_ma_ratio_20_80,wq101,quote_volume_liquidity,False,-0.042479,0.042479,-0.037737,654837,LOW_REDUNDANCY,Low redundancy. Independent signal sources.,intake_vs_baseline
wq101_alpha6,q158_std_30h,wq101,alpha158_rolling_price,False,-0.041757,0.041757,-0.015541,659151,LOW_REDUNDANCY,Low redundancy. Independent signal sources.,intake_vs_baseline
wq101_alpha54,volatility_20h,wq101,volatility,False,0.04081,0.04081,0.027807,402962,LOW_REDUNDANCY,Low redundancy. Independent signal sources.,intake_vs_baseline
wq101_alpha54,wvma_20h,wq101,alpha158_ohlcv,False,0.04078,0.04078,0.014732,402962,LOW_REDUNDANCY,Low redundancy. Independent signal sources.,intake_vs_baseline
wq101_alpha6,q158_std_5h,wq101,alpha158_rolling_price,False,-0.040458,0.040458,-0.038118,660852,LOW_REDUNDANCY,Low redundancy. Independent signal sources.,intake_vs_baseline
wq101_alpha54,xs_rank_vol,wq101,cross_sectional_normalized,False,0.040056,0.040056,0.060162,850,LOW_REDUNDANCY,Low redundancy. Independent signal sources.,intake_vs_baseline
wq101_alpha21,q158_ksft_open,wq101,alpha158_kbar,False,0.039403,0.039403,0.05477,854,LOW_REDUNDANCY,Low redundancy. Independent signal sources.,intake_vs_baseline
wq101_alpha41,mom_120h,wq101,momentum,False,-0.038935,0.038935,-0.001667,395232,LOW_REDUNDANCY,Low redundancy. Independent signal sources.,intake_vs_baseline
wq101_alpha9,tech_macd,wq101,technical,False,-0.038615,0.038615,-0.103115,662921,LOW_REDUNDANCY,Low redundancy. Independent signal sources.,intake_vs_baseline
wq101_alpha9,qvol_ma_ratio_20_80,wq101,quote_volume_liquidity,False,-0.038462,0.038462,-0.014949,3182,LOW_REDUNDANCY,Low redundancy. Independent signal sources.,intake_vs_baseline
wq101_alpha41,q158_min_20h,wq101,alpha158_rolling_price,False,0.037645,0.037645,-0.006749,850,LOW_REDUNDANCY,Low redundancy. Independent signal sources.,intake_vs_baseline
wq101_alpha21,trend_efficiency_24h,wq101,trend_quality,False,0.037607,0.037607,0.038136,660063,LOW_REDUNDANCY,Low redundancy. Independent signal sources.,intake_vs_baseline
wq101_alpha9,q158_imax_20h,wq101,alpha158_rolling_position,False,0.037488,0.037488,-0.07226,641,LOW_REDUNDANCY,Low redundancy. Independent signal sources.,intake_vs_baseline
wq101_alpha54,funding_rate_zscore_80h,wq101,funding_rate,False,-0.037122,0.037122,-0.042355,45594,LOW_REDUNDANCY,Low redundancy. Independent signal sources.,intake_vs_baseline
wq101_alpha41,q158_min_60h,wq101,alpha158_rolling_price,False,0.034918,0.034918,0.014495,2546,LOW_REDUNDANCY,Low redundancy. Independent signal sources.,intake_vs_baseline
wq101_alpha41,ma_gap_5_20,wq101,trend_ma,False,0.03447,0.03447,0.010008,850,LOW_REDUNDANCY,Low redundancy. Independent signal sources.,intake_vs_baseline
wq101_alpha41,rev_24h,wq101,reversal,False,0.034432,0.034432,-0.00222,1062,LOW_REDUNDANCY,Low redundancy. Independent signal sources.,intake_vs_baseline
wq101_alpha54,ksft_5h,wq101,alpha158_ohlcv,False,0.034312,0.034312,0.031919,404123,LOW_REDUNDANCY,Low redundancy. Independent signal sources.,intake_vs_baseline
wq101_alpha6,q158_resi_30h,wq101,alpha158_rolling_regression,False,-0.033294,0.033294,-0.046982,659151,LOW_REDUNDANCY,Low redundancy. Independent signal sources.,intake_vs_baseline
wq101_alpha54,q158_volume_ratio_3h,wq101,alpha158_volume,False,-0.033195,0.033195,-0.016725,257074,LOW_REDUNDANCY,Low redundancy. Independent signal sources.,intake_vs_baseline
wq101_alpha54,q158_high_low_range,wq101,alpha158,False,0.033028,0.033028,0.015883,404510,LOW_REDUNDANCY,Low redundancy. Independent signal sources.,intake_vs_baseline
wq101_alpha54,range_1h,wq101,range_position,False,0.033028,0.033028,0.015883,404510,LOW_REDUNDANCY,Low redundancy. Independent signal sources.,intake_vs_baseline
wq101_alpha9,funding_rate_zscore_80h,wq101,funding_rate,False,0.03255,0.03255,-0.012173,3900,LOW_REDUNDANCY,Low redundancy. Independent signal sources.,intake_vs_baseline
wq101_alpha6,wq101_alpha53,wq101,wq101,True,0.031732,0.031732,-0.001532,661065,LOW_REDUNDANCY,Low redundancy. Independent signal sources.,intake_vs_baseline
wq101_alpha41,volume_pressure_20h,wq101,volume_price,False,-0.031619,0.031619,-2e-06,402962,LOW_REDUNDANCY,Low redundancy. Independent signal sources.,intake_vs_baseline
wq101_alpha54,q158_imax_20h,wq101,alpha158_rolling_position,False,-0.031111,0.031111,0.075355,850,LOW_REDUNDANCY,Low redundancy. Independent signal sources.,intake_vs_baseline
wq101_alpha9,q158_imax_30h,wq101,alpha158_rolling_position,False,-0.030569,0.030569,-0.03536,1067,LOW_REDUNDANCY,Low redundancy. Independent signal sources.,intake_vs_baseline
wq101_alpha21,wq101_alpha54,wq101,wq101,True,-0.030545,0.030545,-0.005958,850,LOW_REDUNDANCY,Low redundancy. Independent signal sources.,intake_vs_intake
wq101_alpha41,downside_vol_20h,wq101,realized_skew_kurtosis,False,0.02994,0.02994,0.00105,402962,LOW_REDUNDANCY,Low redundancy. Independent signal sources.,intake_vs_baseline
wq101_alpha54,mom_120h,wq101,momentum,False,-0.029207,0.029207,-0.009205,395232,LOW_REDUNDANCY,Low redundancy. Independent signal sources.,intake_vs_baseline
wq101_alpha54,vol_5h,wq101,volatility,False,0.028968,0.028968,0.025996,404123,LOW_REDUNDANCY,Low redundancy. Independent signal sources.,intake_vs_baseline
wq101_alpha41,q158_qtld_30h,wq101,alpha158_rolling,False,0.028669,0.028669,-0.015832,1274,LOW_REDUNDANCY,Low redundancy. Independent signal sources.,intake_vs_baseline
wq101_alpha21,q158_rsqr_20h,wq101,alpha158_rolling_regression,False,0.026822,0.026822,0.026108,662312,LOW_REDUNDANCY,Low redundancy. Independent signal sources.,intake_vs_baseline
wq101_alpha9,downside_vol_20h,wq101,realized_skew_kurtosis,False,0.026743,0.026743,0.001769,661696,LOW_REDUNDANCY,Low redundancy. Independent signal sources.,intake_vs_baseline
wq101_alpha21,funding_rate_zscore_80h,wq101,funding_rate,False,-0.026466,0.026466,-0.029752,113084,LOW_REDUNDANCY,Low redundancy. Independent signal sources.,intake_vs_baseline
wq101_alpha54,ema_12_26_gap,wq101,technical_indicators,False,-0.025978,0.025978,-0.017773,404510,LOW_REDUNDANCY,Low redundancy. Independent signal sources.,intake_vs_baseline
wq101_alpha6,q158_min_10h,wq101,alpha158_rolling_price,False,0.025735,0.025735,0.055375,661065,LOW_REDUNDANCY,Low redundancy. Independent signal sources.,intake_vs_baseline
wq101_alpha54,a101_volume_low_alpha_min_84_120,wq101,alpha101_curated_volume_price_regression,False,-0.024683,0.024683,-0.004033,322264,LOW_REDUNDANCY,Low redundancy. Independent signal sources.,intake_vs_baseline
wq101_alpha54,a101_volume_cap_alpha_min_56_84,wq101,alpha101_curated_volume_cap_regression,False,-0.024487,0.024487,-0.000945,232043,LOW_REDUNDANCY,Low redundancy. Independent signal sources.,intake_vs_baseline
wq101_alpha41,ema_12_26_gap,wq101,technical_indicators,False,-0.02404,0.02404,-0.000734,404510,LOW_REDUNDANCY,Low redundancy. Independent signal sources.,intake_vs_baseline
wq101_alpha54,q158_klen_open,wq101,alpha158_kbar,False,0.023965,0.023965,0.023238,404510,LOW_REDUNDANCY,Low redundancy. Independent signal sources.,intake_vs_baseline
wq101_alpha54,a101_volume_cap_alpha_min_80_80,wq101,alpha101_curated_volume_cap_regression,False,-0.023779,0.023779,0.00086,231795,LOW_REDUNDANCY,Low redundancy. Independent signal sources.,intake_vs_baseline
wq101_alpha6,a101_vol_xs_z_product_112h,wq101,alpha101_curated_volume_regime,False,0.023181,0.023181,-0.001285,323949,LOW_REDUNDANCY,Low redundancy. Independent signal sources.,intake_vs_baseline
wq101_alpha9,mom_120h,wq101,momentum,False,-0.022487,0.022487,-0.000759,652116,LOW_REDUNDANCY,Low redundancy. Independent signal sources.,intake_vs_baseline
wq101_alpha9,q158_imin_20h,wq101,alpha158_rolling_position,False,-0.021621,0.021621,0.019184,641,LOW_REDUNDANCY,Low redundancy. Independent signal sources.,intake_vs_baseline
wq101_alpha6,qvol_ma_ratio_5_20,wq101,quote_volume_liquidity,False,-0.020513,0.020513,-0.064772,660107,LOW_REDUNDANCY,Low redundancy. Independent signal sources.,intake_vs_baseline
wq101_alpha41,ma_gap_20_80,wq101,trend_ma,False,0.019641,0.019641,-0.003045,3394,LOW_REDUNDANCY,Low redundancy. Independent signal sources.,intake_vs_baseline
wq101_alpha6,q158_rsqr_30h,wq101,alpha158_rolling_regression,False,0.019296,0.019296,0.018894,659151,LOW_REDUNDANCY,Low redundancy. Independent signal sources.,intake_vs_baseline
wq101_alpha21,q158_std_60h,wq101,alpha158_rolling_price,False,-0.01926,0.01926,-0.007456,658478,LOW_REDUNDANCY,Low redundancy. Independent signal sources.,intake_vs_baseline
wq101_alpha54,realized_kurt_20h,wq101,realized_shape,False,0.018892,0.018892,0.020195,402962,LOW_REDUNDANCY,Low redundancy. Independent signal sources.,intake_vs_baseline
wq101_alpha21,q158_low_close_0h,wq101,alpha158_price,False,0.018718,0.018718,0.035003,854,LOW_REDUNDANCY,Low redundancy. Independent signal sources.,intake_vs_baseline
wq101_alpha41,vol_40h,wq101,volatility,False,0.018563,0.018563,-0.000876,401414,LOW_REDUNDANCY,Low redundancy. Independent signal sources.,intake_vs_baseline
wq101_alpha41,vol_ratio_20_80,wq101,volatility,False,-0.018484,0.018484,-0.00296,398318,LOW_REDUNDANCY,Low redundancy. Independent signal sources.,intake_vs_baseline
wq101_alpha21,q158_ksft_range,wq101,alpha158_kbar,False,0.018249,0.018249,-0.011783,854,LOW_REDUNDANCY,Low redundancy. Independent signal sources.,intake_vs_baseline
wq101_alpha41,qvol_ma_ratio_20_80,wq101,quote_volume_liquidity,False,-0.017539,0.017539,-0.014337,3394,LOW_REDUNDANCY,Low redundancy. Independent signal sources.,intake_vs_baseline
wq101_alpha9,q158_volume_ratio_2h,wq101,alpha158_volume,False,0.017298,0.017298,0.007045,214,LOW_REDUNDANCY,Low redundancy. Independent signal sources.,intake_vs_baseline
wq101_alpha41,q158_high_low_range,wq101,alpha158,False,0.017292,0.017292,-0.000529,404510,LOW_REDUNDANCY,Low redundancy. Independent signal sources.,intake_vs_baseline
wq101_alpha41,range_1h,wq101,range_position,False,0.017292,0.017292,-0.000529,404510,LOW_REDUNDANCY,Low redundancy. Independent signal sources.,intake_vs_baseline
wq101_alpha54,q158_wvma_20h,wq101,alpha158_rolling_volume,False,0.016894,0.016894,0.016941,402962,LOW_REDUNDANCY,Low redundancy. Independent signal sources.,intake_vs_baseline
wq101_alpha41,amihud_illiquidity_20h,wq101,liquidity,False,-0.016794,0.016794,0.000494,402958,LOW_REDUNDANCY,Low redundancy. Independent signal sources.,intake_vs_baseline
wq101_alpha21,q158_std_30h,wq101,alpha158_rolling_price,False,-0.015819,0.015819,-0.002985,661352,LOW_REDUNDANCY,Low redundancy. Independent signal sources.,intake_vs_baseline
wq101_alpha41,vol_ret_corr_20h,wq101,alpha158_ohlcv,False,-0.015654,0.015654,-0.007439,402962,LOW_REDUNDANCY,Low redundancy. Independent signal sources.,intake_vs_baseline
wq101_alpha41,q158_cord_20h,wq101,alpha158_rolling_volume_price,False,-0.01489,0.01489,-0.006835,402958,LOW_REDUNDANCY,Low redundancy. Independent signal sources.,intake_vs_baseline
wq101_alpha41,price_volume_corr_20h,wq101,volume_price,False,-0.014716,0.014716,-0.006719,402958,LOW_REDUNDANCY,Low redundancy. Independent signal sources.,intake_vs_baseline
wq101_alpha6,q158_std_60h,wq101,alpha158_rolling_price,False,-0.014456,0.014456,-0.003559,656283,LOW_REDUNDANCY,Low redundancy. Independent signal sources.,intake_vs_baseline
wq101_alpha6,q158_vstd_20h,wq101,alpha158_rolling_volume,False,-0.014426,0.014426,-0.004396,660107,LOW_REDUNDANCY,Low redundancy. Independent signal sources.,intake_vs_baseline
wq101_alpha6,qvol_zscore_20h,wq101,quote_volume_liquidity,False,-0.01405,0.01405,-0.030306,660107,LOW_REDUNDANCY,Low redundancy. Independent signal sources.,intake_vs_baseline
wq101_alpha41,q158_klen_open,wq101,alpha158_kbar,False,0.013978,0.013978,-0.004116,404510,LOW_REDUNDANCY,Low redundancy. Independent signal sources.,intake_vs_baseline
wq101_alpha6,q158_max_20h,wq101,alpha158_rolling_price,False,0.013659,0.013659,-0.001272,660107,LOW_REDUNDANCY,Low redundancy. Independent signal sources.,intake_vs_baseline
wq101_alpha9,vol_ret_corr_20h,wq101,alpha158_ohlcv,False,-0.013224,0.013224,-0.006812,659925,LOW_REDUNDANCY,Low redundancy. Independent signal sources.,intake_vs_baseline
wq101_alpha54,range_breakout_vol_confirm_20h,wq101,breakout,False,-0.012601,0.012601,-0.059541,23759,LOW_REDUNDANCY,Low redundancy. Independent signal sources.,intake_vs_baseline
wq101_alpha41,taker_buy_ratio_20h,wq101,taker_imbalance,False,-0.012326,0.012326,-0.002194,79649,LOW_REDUNDANCY,Low redundancy. Independent signal sources.,intake_vs_baseline
wq101_alpha9,ma_gap_10_40,wq101,trend_ma,False,-0.012313,0.012313,-0.00881,1493,LOW_REDUNDANCY,Low redundancy. Independent signal sources.,intake_vs_baseline
wq101_alpha54,q158_resi_30h,wq101,alpha158_rolling_regression,False,0.011929,0.011929,-0.000545,1274,LOW_REDUNDANCY,Low redundancy. Independent signal sources.,intake_vs_baseline
wq101_alpha41,realized_skew_20h,wq101,realized_shape,False,-0.011064,0.011064,-0.00911,402962,LOW_REDUNDANCY,Low redundancy. Independent signal sources.,intake_vs_baseline
wq101_alpha6,klow_close,wq101,alpha158_ohlcv,False,0.011045,0.011045,0.005116,426,LOW_REDUNDANCY,Low redundancy. Independent signal sources.,intake_vs_baseline
wq101_alpha41,funding_rate_level_20h,wq101,funding_rate,False,-0.011032,0.011032,-0.000178,283041,LOW_REDUNDANCY,Low redundancy. Independent signal sources.,intake_vs_baseline
wq101_alpha41,funding_rate_zscore_80h,wq101,funding_rate,False,-0.010977,0.010977,0.00237,45594,LOW_REDUNDANCY,Low redundancy. Independent signal sources.,intake_vs_baseline
wq101_alpha9,q158_cord_20h,wq101,alpha158_rolling_volume_price,False,-0.01063,0.01063,-0.004761,659414,LOW_REDUNDANCY,Low redundancy. Independent signal sources.,intake_vs_baseline
wq101_alpha9,vol_5h,wq101,volatility,False,0.010567,0.010567,7.9e-05,663135,LOW_REDUNDANCY,Low redundancy. Independent signal sources.,intake_vs_baseline
wq101_alpha6,q158_klow_open,wq101,alpha158_kbar,False,0.010299,0.010299,0.007203,426,LOW_REDUNDANCY,Low redundancy. Independent signal sources.,intake_vs_baseline
wq101_alpha41,a101_volume_low_alpha_min_84_120,wq101,alpha101_curated_volume_price_regression,False,0.010148,0.010148,-1.2e-05,322264,LOW_REDUNDANCY,Low redundancy. Independent signal sources.,intake_vs_baseline
wq101_alpha41,volatility_20h,wq101,volatility,False,0.010138,0.010138,-0.001796,402962,LOW_REDUNDANCY,Low redundancy. Independent signal sources.,intake_vs_baseline
wq101_alpha6,vol_zscore_20h,wq101,volume_liquidity,False,-0.010018,0.010018,-0.020139,660107,LOW_REDUNDANCY,Low redundancy. Independent signal sources.,intake_vs_baseline
wq101_alpha9,price_volume_corr_20h,wq101,volume_price,False,-0.00975,0.00975,-0.004468,659414,LOW_REDUNDANCY,Low redundancy. Independent signal sources.,intake_vs_baseline
wq101_alpha9,q158_vsump_20h,wq101,alpha158_rolling_volume,False,0.009572,0.009572,0.003954,661696,LOW_REDUNDANCY,Low redundancy. Independent signal sources.,intake_vs_baseline
wq101_alpha9,q158_vsumd_20h,wq101,alpha158_rolling_volume,False,0.009566,0.009566,0.004255,661696,LOW_REDUNDANCY,Low redundancy. Independent signal sources.,intake_vs_baseline
wq101_alpha9,q158_vsumn_20h,wq101,alpha158_rolling_volume,False,-0.009501,0.009501,-0.003949,661696,LOW_REDUNDANCY,Low redundancy. Independent signal sources.,intake_vs_baseline
wq101_alpha9,range_1h,wq101,range_position,False,0.009498,0.009498,0.00174,662921,LOW_REDUNDANCY,Low redundancy. Independent signal sources.,intake_vs_baseline
wq101_alpha9,q158_high_low_range,wq101,alpha158,False,0.009498,0.009498,0.00174,662921,LOW_REDUNDANCY,Low redundancy. Independent signal sources.,intake_vs_baseline
wq101_alpha6,a101_volume_xs_z_mean_neg_112h,wq101,alpha101_curated_volume_crowding,False,0.009434,0.009434,-0.006343,323949,LOW_REDUNDANCY,Low redundancy. Independent signal sources.,intake_vs_baseline
wq101_alpha54,realized_skew_20h,wq101,realized_shape,False,0.009357,0.009357,0.002807,402962,LOW_REDUNDANCY,Low redundancy. Independent signal sources.,intake_vs_baseline
wq101_alpha9,realized_kurt_20h,wq101,realized_shape,False,0.009252,0.009252,0.00387,661696,LOW_REDUNDANCY,Low redundancy. Independent signal sources.,intake_vs_baseline
wq101_alpha54,vol_ratio_20_80,wq101,volatility,False,-0.009195,0.009195,-0.006501,398318,LOW_REDUNDANCY,Low redundancy. Independent signal sources.,intake_vs_baseline
wq101_alpha54,funding_rate_change_24h,wq101,funding_rate,False,-0.008997,0.008997,-0.003695,282833,LOW_REDUNDANCY,Low redundancy. Independent signal sources.,intake_vs_baseline
wq101_alpha6,q158_volume_ratio_4h,wq101,alpha158_volume,False,-0.008937,0.008937,-0.002364,660852,LOW_REDUNDANCY,Low redundancy. Independent signal sources.,intake_vs_baseline
wq101_alpha6,funding_rate_zscore_80h,wq101,funding_rate,False,-0.008706,0.008706,-0.006179,113054,LOW_REDUNDANCY,Low redundancy. Independent signal sources.,intake_vs_baseline
wq101_alpha6,taker_buy_zscore_20h,wq101,taker_imbalance,False,-0.008494,0.008494,-0.009641,268389,LOW_REDUNDANCY,Low redundancy. Independent signal sources.,intake_vs_baseline
wq101_alpha41,range_24h,wq101,range_position,False,0.008327,0.008327,0.001445,256708,LOW_REDUNDANCY,Low redundancy. Independent signal sources.,intake_vs_baseline
wq101_alpha41,ksft_5h,wq101,alpha158_ohlcv,False,-0.008242,0.008242,-0.006795,404123,LOW_REDUNDANCY,Low redundancy. Independent signal sources.,intake_vs_baseline
wq101_alpha9,wvma_20h,wq101,alpha158_ohlcv,False,0.008143,0.008143,-0.000786,659925,LOW_REDUNDANCY,Low redundancy. Independent signal sources.,intake_vs_baseline
wq101_alpha54,vol_ret_corr_20h,wq101,alpha158_ohlcv,False,-0.008025,0.008025,-0.006753,402962,LOW_REDUNDANCY,Low redundancy. Independent signal sources.,intake_vs_baseline
wq101_alpha9,vol_40h,wq101,volatility,False,0.007886,0.007886,-0.000268,659780,LOW_REDUNDANCY,Low redundancy. Independent signal sources.,intake_vs_baseline
wq101_alpha54,amihud_illiquidity_20h,wq101,liquidity,False,-0.007541,0.007541,-0.009468,402958,LOW_REDUNDANCY,Low redundancy. Independent signal sources.,intake_vs_baseline
wq101_alpha9,a101_volume_low_alpha_min_84_120,wq101,alpha101_curated_volume_price_regression,False,-0.007526,0.007526,-0.000147,322055,LOW_REDUNDANCY,Low redundancy. Independent signal sources.,intake_vs_baseline
wq101_alpha9,volatility_20h,wq101,volatility,False,0.007405,0.007405,-0.000294,661696,LOW_REDUNDANCY,Low redundancy. Independent signal sources.,intake_vs_baseline
wq101_alpha21,ma_gap_20_80,wq101,trend_ma,False,-0.00721,0.00721,-0.007078,656562,LOW_REDUNDANCY,Low redundancy. Independent signal sources.,intake_vs_baseline
wq101_alpha9,amihud_illiquidity_20h,wq101,liquidity,False,-0.00701,0.00701,1.5e-05,659414,LOW_REDUNDANCY,Low redundancy. Independent signal sources.,intake_vs_baseline
wq101_alpha9,realized_skew_20h,wq101,realized_shape,False,0.006885,0.006885,-0.009471,661696,LOW_REDUNDANCY,Low redundancy. Independent signal sources.,intake_vs_baseline
wq101_alpha6,price_pos_72h,wq101,price_position,False,0.006839,0.006839,0.001084,2758,LOW_REDUNDANCY,Low redundancy. Independent signal sources.,intake_vs_baseline
wq101_alpha54,funding_rate_level_20h,wq101,funding_rate,False,0.006567,0.006567,-0.009728,283041,LOW_REDUNDANCY,Low redundancy. Independent signal sources.,intake_vs_baseline
wq101_alpha21,q158_std_20h,wq101,alpha158_rolling_price,False,-0.006561,0.006561,0.005298,662312,LOW_REDUNDANCY,Low redundancy. Independent signal sources.,intake_vs_baseline
wq101_alpha9,q158_wvma_20h,wq101,alpha158_rolling_volume,False,0.006446,0.006446,0.002856,661696,LOW_REDUNDANCY,Low redundancy. Independent signal sources.,intake_vs_baseline
wq101_alpha21,a101_vol_xs_z_product_112h,wq101,alpha101_curated_volume_regime,False,0.006381,0.006381,-0.002973,323878,LOW_REDUNDANCY,Low redundancy. Independent signal sources.,intake_vs_baseline
wq101_alpha9,vol_ratio_5_20,wq101,volatility,False,0.006214,0.006214,0.002928,659925,LOW_REDUNDANCY,Low redundancy. Independent signal sources.,intake_vs_baseline
wq101_alpha41,wvma_20h,wq101,alpha158_ohlcv,False,0.00594,0.00594,-0.004529,402962,LOW_REDUNDANCY,Low redundancy. Independent signal sources.,intake_vs_baseline
wq101_alpha41,q158_wvma_20h,wq101,alpha158_rolling_volume,False,-0.005511,0.005511,0.00087,402962,LOW_REDUNDANCY,Low redundancy. Independent signal sources.,intake_vs_baseline
wq101_alpha54,q158_std_60h,wq101,alpha158_rolling_price,False,-0.005219,0.005219,-0.016655,2546,LOW_REDUNDANCY,Low redundancy. Independent signal sources.,intake_vs_baseline
wq101_alpha54,q158_cord_20h,wq101,alpha158_rolling_volume_price,False,-0.005119,0.005119,-0.004032,402958,LOW_REDUNDANCY,Low redundancy. Independent signal sources.,intake_vs_baseline
wq101_alpha9,funding_rate_level_20h,wq101,funding_rate,False,0.005095,0.005095,0.000166,529853,LOW_REDUNDANCY,Low redundancy. Independent signal sources.,intake_vs_baseline
wq101_alpha21,a101_volume_xs_z_mean_neg_112h,wq101,alpha101_curated_volume_crowding,False,0.005049,0.005049,-0.00169,323878,LOW_REDUNDANCY,Low redundancy. Independent signal sources.,intake_vs_baseline
wq101_alpha9,q158_rsqr_30h,wq101,alpha158_rolling_regression,False,0.005008,0.005008,-0.018294,1067,LOW_REDUNDANCY,Low redundancy. Independent signal sources.,intake_vs_baseline
wq101_alpha41,vol_5h,wq101,volatility,False,0.005003,0.005003,-0.003026,404123,LOW_REDUNDANCY,Low redundancy. Independent signal sources.,intake_vs_baseline
wq101_alpha41,a101_volume_cap_alpha_min_56_84,wq101,alpha101_curated_volume_cap_regression,False,-0.004935,0.004935,-0.000403,232043,LOW_REDUNDANCY,Low redundancy. Independent signal sources.,intake_vs_baseline
wq101_alpha21,a101_volume_high_alpha_min_84_84,wq101,alpha101_curated_volume_price_regression,False,0.004904,0.004904,0.000763,321818,LOW_REDUNDANCY,Low redundancy. Independent signal sources.,intake_vs_baseline
wq101_alpha6,trend_efficiency_24h,wq101,trend_quality,False,-0.00486,0.00486,-0.01435,659629,LOW_REDUNDANCY,Low redundancy. Independent signal sources.,intake_vs_baseline
wq101_alpha6,q158_rsqr_20h,wq101,alpha158_rolling_regression,False,-0.004793,0.004793,-0.005376,660107,LOW_REDUNDANCY,Low redundancy. Independent signal sources.,intake_vs_baseline
wq101_alpha54,price_volume_corr_20h,wq101,volume_price,False,-0.004201,0.004201,-0.003812,402958,LOW_REDUNDANCY,Low redundancy. Independent signal sources.,intake_vs_baseline
wq101_alpha6,q158_max_5h,wq101,alpha158_rolling_price,False,-0.004022,0.004022,-0.000567,660852,LOW_REDUNDANCY,Low redundancy. Independent signal sources.,intake_vs_baseline
wq101_alpha9,ema_12_26_gap,wq101,technical_indicators,False,0.003941,0.003941,-0.000172,662921,LOW_REDUNDANCY,Low redundancy. Independent signal sources.,intake_vs_baseline
wq101_alpha41,a101_volume_cap_alpha_min_80_80,wq101,alpha101_curated_volume_cap_regression,False,-0.003828,0.003828,-0.0004,231795,LOW_REDUNDANCY,Low redundancy. Independent signal sources.,intake_vs_baseline
wq101_alpha6,wq101_alpha9,wq101,wq101,True,-0.003804,0.003804,0.170913,213,LOW_REDUNDANCY,Low redundancy. Independent signal sources.,intake_vs_intake
wq101_alpha54,q158_corr_20h,wq101,alpha158_rolling_volume_price,False,0.003596,0.003596,0.004887,850,LOW_REDUNDANCY,Low redundancy. Independent signal sources.,intake_vs_baseline
wq101_alpha41,realized_kurt_20h,wq101,realized_shape,False,0.003481,0.003481,0.00166,402962,LOW_REDUNDANCY,Low redundancy. Independent signal sources.,intake_vs_baseline
wq101_alpha9,vol_ratio_20_80,wq101,volatility,False,-0.003308,0.003308,0.000942,654225,LOW_REDUNDANCY,Low redundancy. Independent signal sources.,intake_vs_baseline
wq101_alpha41,vol_ratio_5_20,wq101,volatility,False,-0.003187,0.003187,0.001899,402962,LOW_REDUNDANCY,Low redundancy. Independent signal sources.,intake_vs_baseline
wq101_alpha21,q158_rsqr_30h,wq101,alpha158_rolling_regression,False,0.00318,0.00318,0.002665,661264,LOW_REDUNDANCY,Low redundancy. Independent signal sources.,intake_vs_baseline
wq101_alpha9,q158_std_60h,wq101,alpha158_rolling_price,False,-0.003109,0.003109,-0.020798,2345,LOW_REDUNDANCY,Low redundancy. Independent signal sources.,intake_vs_baseline
wq101_alpha6,tech_atr,wq101,technical,False,0.002888,0.002888,0.014389,660586,LOW_REDUNDANCY,Low redundancy. Independent signal sources.,intake_vs_baseline
wq101_alpha21,a101_volume_low_alpha_min_84_120,wq101,alpha101_curated_volume_price_regression,False,0.002855,0.002855,0.001629,329372,LOW_REDUNDANCY,Low redundancy. Independent signal sources.,intake_vs_baseline
wq101_alpha9,funding_rate_change_24h,wq101,funding_rate,False,-0.002851,0.002851,-0.000149,529587,LOW_REDUNDANCY,Low redundancy. Independent signal sources.,intake_vs_baseline
wq101_alpha21,xs_rank_vol,wq101,cross_sectional_normalized,False,-0.002687,0.002687,-0.002688,662312,LOW_REDUNDANCY,Low redundancy. Independent signal sources.,intake_vs_baseline
wq101_alpha6,q158_vma_20h,wq101,alpha158_rolling_volume,False,0.002682,0.002682,-0.004245,660107,LOW_REDUNDANCY,Low redundancy. Independent signal sources.,intake_vs_baseline
wq101_alpha41,q158_volume_ratio_3h,wq101,alpha158_volume,False,-0.002674,0.002674,0.001071,257074,LOW_REDUNDANCY,Low redundancy. Independent signal sources.,intake_vs_baseline
wq101_alpha41,funding_rate_change_24h,wq101,funding_rate,False,-0.00235,0.00235,-8.1e-05,282833,LOW_REDUNDANCY,Low redundancy. Independent signal sources.,intake_vs_baseline
wq101_alpha54,q158_vsump_20h,wq101,alpha158_rolling_volume,False,-0.002159,0.002159,0.003861,402962,LOW_REDUNDANCY,Low redundancy. Independent signal sources.,intake_vs_baseline
wq101_alpha54,q158_vsumn_20h,wq101,alpha158_rolling_volume,False,0.002159,0.002159,-0.003861,402962,LOW_REDUNDANCY,Low redundancy. Independent signal sources.,intake_vs_baseline
wq101_alpha54,q158_vsumd_20h,wq101,alpha158_rolling_volume,False,-0.002159,0.002159,0.003861,402962,LOW_REDUNDANCY,Low redundancy. Independent signal sources.,intake_vs_baseline
wq101_alpha41,q158_min_30h,wq101,alpha158_rolling_price,False,-0.002028,0.002028,-0.019537,1274,LOW_REDUNDANCY,Low redundancy. Independent signal sources.,intake_vs_baseline
wq101_alpha54,vol_ratio_5_20,wq101,volatility,False,-0.001901,0.001901,0.00334,402962,LOW_REDUNDANCY,Low redundancy. Independent signal sources.,intake_vs_baseline
wq101_alpha21,tech_atr,wq101,technical,False,-0.001663,0.001663,-0.005047,662098,LOW_REDUNDANCY,Low redundancy. Independent signal sources.,intake_vs_baseline
wq101_alpha41,range_4h,wq101,range_position,False,0.00125,0.00125,-0.001647,257074,LOW_REDUNDANCY,Low redundancy. Independent signal sources.,intake_vs_baseline
wq101_alpha41,up_down_vol_ratio_20h,wq101,alpha158_ohlcv,False,-0.0004,0.0004,0.029454,850,LOW_REDUNDANCY,Low redundancy. Independent signal sources.,intake_vs_baseline
wq101_alpha41,q158_vsumd_20h,wq101,alpha158_rolling_volume,False,-0.000387,0.000387,0.003614,402962,LOW_REDUNDANCY,Low redundancy. Independent signal sources.,intake_vs_baseline
wq101_alpha41,q158_vsump_20h,wq101,alpha158_rolling_volume,False,-0.000387,0.000387,0.003614,402962,LOW_REDUNDANCY,Low redundancy. Independent signal sources.,intake_vs_baseline
wq101_alpha41,q158_vsumn_20h,wq101,alpha158_rolling_volume,False,0.000387,0.000387,-0.003614,402962,LOW_REDUNDANCY,Low redundancy. Independent signal sources.,intake_vs_baseline
wq101_alpha9,q158_klen_open,wq101,alpha158_kbar,False,0.000283,0.000283,0.000505,662921,LOW_REDUNDANCY,Low redundancy. Independent signal sources.,intake_vs_baseline
wq101_alpha9,q158_rsqr_20h,wq101,alpha158_rolling_regression,False,-3.4e-05,3.4e-05,0.046869,641,LOW_REDUNDANCY,Low redundancy. Independent signal sources.,intake_vs_baseline
wq101_alpha6,mom_20h,wq101,momentum,False,,,,0,INSUFFICIENT_DATA,Insufficient pairwise observations.,intake_vs_baseline
wq101_alpha21,mom_20h,wq101,momentum,False,,,,0,INSUFFICIENT_DATA,Insufficient pairwise observations.,intake_vs_baseline
wq101_alpha6,volatility_20h,wq101,volatility,False,,,,0,INSUFFICIENT_DATA,Insufficient pairwise observations.,intake_vs_baseline
wq101_alpha21,volatility_20h,wq101,volatility,False,,,,0,INSUFFICIENT_DATA,Insufficient pairwise observations.,intake_vs_baseline
wq101_alpha6,wq101_alpha12,wq101,wq101,True,,,,0,INSUFFICIENT_DATA,Insufficient pairwise observations.,intake_vs_baseline
wq101_alpha9,wq101_alpha12,wq101,wq101,True,,,,0,INSUFFICIENT_DATA,Insufficient pairwise observations.,intake_vs_baseline
wq101_alpha21,wq101_alpha12,wq101,wq101,True,,,,0,INSUFFICIENT_DATA,Insufficient pairwise observations.,intake_vs_baseline
wq101_alpha41,wq101_alpha12,wq101,wq101,True,,,,0,INSUFFICIENT_DATA,Insufficient pairwise observations.,intake_vs_baseline
wq101_alpha54,wq101_alpha12,wq101,wq101,True,,,,0,INSUFFICIENT_DATA,Insufficient pairwise observations.,intake_vs_baseline
wq101_alpha6,q158_open_close_1h,wq101,alpha158_price,False,,,,0,INSUFFICIENT_DATA,Insufficient pairwise observations.,intake_vs_baseline
wq101_alpha9,q158_open_close_1h,wq101,alpha158_price,False,,,,0,INSUFFICIENT_DATA,Insufficient pairwise observations.,intake_vs_baseline
wq101_alpha21,q158_open_close_1h,wq101,alpha158_price,False,,,,0,INSUFFICIENT_DATA,Insufficient pairwise observations.,intake_vs_baseline
wq101_alpha41,q158_open_close_1h,wq101,alpha158_price,False,,,,0,INSUFFICIENT_DATA,Insufficient pairwise observations.,intake_vs_baseline
wq101_alpha54,q158_open_close_1h,wq101,alpha158_price,False,,,,0,INSUFFICIENT_DATA,Insufficient pairwise observations.,intake_vs_baseline
wq101_alpha6,q158_high_close_1h,wq101,alpha158_price,False,,,,0,INSUFFICIENT_DATA,Insufficient pairwise observations.,intake_vs_baseline
wq101_alpha9,q158_high_close_1h,wq101,alpha158_price,False,,,,0,INSUFFICIENT_DATA,Insufficient pairwise observations.,intake_vs_baseline
wq101_alpha21,q158_high_close_1h,wq101,alpha158_price,False,,,,0,INSUFFICIENT_DATA,Insufficient pairwise observations.,intake_vs_baseline
wq101_alpha41,q158_high_close_1h,wq101,alpha158_price,False,,,,0,INSUFFICIENT_DATA,Insufficient pairwise observations.,intake_vs_baseline
wq101_alpha54,q158_high_close_1h,wq101,alpha158_price,False,,,,0,INSUFFICIENT_DATA,Insufficient pairwise observations.,intake_vs_baseline
wq101_alpha6,q158_low_close_1h,wq101,alpha158_price,False,,,,0,INSUFFICIENT_DATA,Insufficient pairwise observations.,intake_vs_baseline
wq101_alpha9,q158_low_close_1h,wq101,alpha158_price,False,,,,0,INSUFFICIENT_DATA,Insufficient pairwise observations.,intake_vs_baseline
wq101_alpha21,q158_low_close_1h,wq101,alpha158_price,False,,,,0,INSUFFICIENT_DATA,Insufficient pairwise observations.,intake_vs_baseline
wq101_alpha41,q158_low_close_1h,wq101,alpha158_price,False,,,,0,INSUFFICIENT_DATA,Insufficient pairwise observations.,intake_vs_baseline
wq101_alpha54,q158_low_close_1h,wq101,alpha158_price,False,,,,0,INSUFFICIENT_DATA,Insufficient pairwise observations.,intake_vs_baseline
wq101_alpha6,q158_open_close_2h,wq101,alpha158_price,False,,,,0,INSUFFICIENT_DATA,Insufficient pairwise observations.,intake_vs_baseline
wq101_alpha21,q158_open_close_2h,wq101,alpha158_price,False,,,,0,INSUFFICIENT_DATA,Insufficient pairwise observations.,intake_vs_baseline
wq101_alpha41,q158_open_close_2h,wq101,alpha158_price,False,,,,0,INSUFFICIENT_DATA,Insufficient pairwise observations.,intake_vs_baseline
wq101_alpha54,q158_open_close_2h,wq101,alpha158_price,False,,,,0,INSUFFICIENT_DATA,Insufficient pairwise observations.,intake_vs_baseline
wq101_alpha6,q158_high_close_2h,wq101,alpha158_price,False,,,,0,INSUFFICIENT_DATA,Insufficient pairwise observations.,intake_vs_baseline
wq101_alpha21,q158_high_close_2h,wq101,alpha158_price,False,,,,0,INSUFFICIENT_DATA,Insufficient pairwise observations.,intake_vs_baseline
wq101_alpha41,q158_high_close_2h,wq101,alpha158_price,False,,,,0,INSUFFICIENT_DATA,Insufficient pairwise observations.,intake_vs_baseline
wq101_alpha54,q158_high_close_2h,wq101,alpha158_price,False,,,,0,INSUFFICIENT_DATA,Insufficient pairwise observations.,intake_vs_baseline
wq101_alpha6,q158_low_close_2h,wq101,alpha158_price,False,,,,0,INSUFFICIENT_DATA,Insufficient pairwise observations.,intake_vs_baseline
wq101_alpha21,q158_low_close_2h,wq101,alpha158_price,False,,,,0,INSUFFICIENT_DATA,Insufficient pairwise observations.,intake_vs_baseline
wq101_alpha41,q158_low_close_2h,wq101,alpha158_price,False,,,,0,INSUFFICIENT_DATA,Insufficient pairwise observations.,intake_vs_baseline
wq101_alpha54,q158_low_close_2h,wq101,alpha158_price,False,,,,0,INSUFFICIENT_DATA,Insufficient pairwise observations.,intake_vs_baseline
wq101_alpha6,q158_open_close_3h,wq101,alpha158_price,False,,,,0,INSUFFICIENT_DATA,Insufficient pairwise observations.,intake_vs_baseline
wq101_alpha9,q158_open_close_3h,wq101,alpha158_price,False,,,,0,INSUFFICIENT_DATA,Insufficient pairwise observations.,intake_vs_baseline
wq101_alpha21,q158_open_close_3h,wq101,alpha158_price,False,,,,0,INSUFFICIENT_DATA,Insufficient pairwise observations.,intake_vs_baseline
wq101_alpha6,q158_high_close_3h,wq101,alpha158_price,False,,,,0,INSUFFICIENT_DATA,Insufficient pairwise observations.,intake_vs_baseline
wq101_alpha9,q158_high_close_3h,wq101,alpha158_price,False,,,,0,INSUFFICIENT_DATA,Insufficient pairwise observations.,intake_vs_baseline
wq101_alpha21,q158_high_close_3h,wq101,alpha158_price,False,,,,0,INSUFFICIENT_DATA,Insufficient pairwise observations.,intake_vs_baseline
wq101_alpha6,q158_low_close_3h,wq101,alpha158_price,False,,,,0,INSUFFICIENT_DATA,Insufficient pairwise observations.,intake_vs_baseline
wq101_alpha9,q158_low_close_3h,wq101,alpha158_price,False,,,,0,INSUFFICIENT_DATA,Insufficient pairwise observations.,intake_vs_baseline
wq101_alpha21,q158_low_close_3h,wq101,alpha158_price,False,,,,0,INSUFFICIENT_DATA,Insufficient pairwise observations.,intake_vs_baseline
wq101_alpha9,q158_open_close_4h,wq101,alpha158_price,False,,,,0,INSUFFICIENT_DATA,Insufficient pairwise observations.,intake_vs_baseline
wq101_alpha9,q158_high_close_4h,wq101,alpha158_price,False,,,,0,INSUFFICIENT_DATA,Insufficient pairwise observations.,intake_vs_baseline
wq101_alpha9,q158_low_close_4h,wq101,alpha158_price,False,,,,0,INSUFFICIENT_DATA,Insufficient pairwise observations.,intake_vs_baseline
wq101_alpha9,q158_close_close_4h,wq101,alpha158_price,False,,,,0,INSUFFICIENT_DATA,Insufficient pairwise observations.,intake_vs_baseline
wq101_alpha6,q158_volume_ratio_1h,wq101,alpha158_volume,False,,,,0,INSUFFICIENT_DATA,Insufficient pairwise observations.,intake_vs_baseline
wq101_alpha9,q158_volume_ratio_1h,wq101,alpha158_volume,False,,,,0,INSUFFICIENT_DATA,Insufficient pairwise observations.,intake_vs_baseline
wq101_alpha21,q158_volume_ratio_1h,wq101,alpha158_volume,False,,,,0,INSUFFICIENT_DATA,Insufficient pairwise observations.,intake_vs_baseline
wq101_alpha41,q158_volume_ratio_1h,wq101,alpha158_volume,False,,,,0,INSUFFICIENT_DATA,Insufficient pairwise observations.,intake_vs_baseline
wq101_alpha54,q158_volume_ratio_1h,wq101,alpha158_volume,False,,,,0,INSUFFICIENT_DATA,Insufficient pairwise observations.,intake_vs_baseline
wq101_alpha6,q158_volume_ratio_2h,wq101,alpha158_volume,False,,,,0,INSUFFICIENT_DATA,Insufficient pairwise observations.,intake_vs_baseline
wq101_alpha21,q158_volume_ratio_2h,wq101,alpha158_volume,False,,,,0,INSUFFICIENT_DATA,Insufficient pairwise observations.,intake_vs_baseline
wq101_alpha41,q158_volume_ratio_2h,wq101,alpha158_volume,False,,,,0,INSUFFICIENT_DATA,Insufficient pairwise observations.,intake_vs_baseline
wq101_alpha54,q158_volume_ratio_2h,wq101,alpha158_volume,False,,,,0,INSUFFICIENT_DATA,Insufficient pairwise observations.,intake_vs_baseline
wq101_alpha6,q158_volume_ratio_3h,wq101,alpha158_volume,False,,,,0,INSUFFICIENT_DATA,Insufficient pairwise observations.,intake_vs_baseline
wq101_alpha9,q158_volume_ratio_3h,wq101,alpha158_volume,False,,,,0,INSUFFICIENT_DATA,Insufficient pairwise observations.,intake_vs_baseline
wq101_alpha21,q158_volume_ratio_3h,wq101,alpha158_volume,False,,,,0,INSUFFICIENT_DATA,Insufficient pairwise observations.,intake_vs_baseline
wq101_alpha9,q158_volume_ratio_4h,wq101,alpha158_volume,False,,,,0,INSUFFICIENT_DATA,Insufficient pairwise observations.,intake_vs_baseline
wq101_alpha6,q158_cntp_20h,wq101,alpha158_rolling,False,,,,0,INSUFFICIENT_DATA,Insufficient pairwise observations.,intake_vs_baseline
wq101_alpha21,q158_cntp_20h,wq101,alpha158_rolling,False,,,,0,INSUFFICIENT_DATA,Insufficient pairwise observations.,intake_vs_baseline
wq101_alpha6,q158_cntp_30h,wq101,alpha158_rolling_direction,False,,,,0,INSUFFICIENT_DATA,Insufficient pairwise observations.,intake_vs_baseline
wq101_alpha21,q158_cntp_30h,wq101,alpha158_rolling_direction,False,,,,0,INSUFFICIENT_DATA,Insufficient pairwise observations.,intake_vs_baseline
wq101_alpha6,q158_cntn_20h,wq101,alpha158_rolling,False,,,,0,INSUFFICIENT_DATA,Insufficient pairwise observations.,intake_vs_baseline
wq101_alpha21,q158_cntn_20h,wq101,alpha158_rolling,False,,,,0,INSUFFICIENT_DATA,Insufficient pairwise observations.,intake_vs_baseline
wq101_alpha6,q158_cntn_30h,wq101,alpha158_rolling_direction,False,,,,0,INSUFFICIENT_DATA,Insufficient pairwise observations.,intake_vs_baseline
wq101_alpha21,q158_cntn_30h,wq101,alpha158_rolling_direction,False,,,,0,INSUFFICIENT_DATA,Insufficient pairwise observations.,intake_vs_baseline
wq101_alpha6,q158_sumd_20h,wq101,alpha158_rolling,False,,,,0,INSUFFICIENT_DATA,Insufficient pairwise observations.,intake_vs_baseline
wq101_alpha21,q158_sumd_20h,wq101,alpha158_rolling,False,,,,0,INSUFFICIENT_DATA,Insufficient pairwise observations.,intake_vs_baseline
wq101_alpha6,q158_sumd_30h,wq101,alpha158_rolling_direction,False,,,,0,INSUFFICIENT_DATA,Insufficient pairwise observations.,intake_vs_baseline
wq101_alpha21,q158_sumd_30h,wq101,alpha158_rolling_direction,False,,,,0,INSUFFICIENT_DATA,Insufficient pairwise observations.,intake_vs_baseline
wq101_alpha6,q158_roc_20h,wq101,alpha158_rolling_price,False,,,,0,INSUFFICIENT_DATA,Insufficient pairwise observations.,intake_vs_baseline
wq101_alpha21,q158_roc_20h,wq101,alpha158_rolling_price,False,,,,0,INSUFFICIENT_DATA,Insufficient pairwise observations.,intake_vs_baseline
wq101_alpha9,q158_ma_5h,wq101,alpha158_rolling_price,False,,,,0,INSUFFICIENT_DATA,Insufficient pairwise observations.,intake_vs_baseline
wq101_alpha9,q158_std_5h,wq101,alpha158_rolling_price,False,,,,0,INSUFFICIENT_DATA,Insufficient pairwise observations.,intake_vs_baseline
wq101_alpha9,q158_max_5h,wq101,alpha158_rolling_price,False,,,,0,INSUFFICIENT_DATA,Insufficient pairwise observations.,intake_vs_baseline
wq101_alpha9,q158_min_5h,wq101,alpha158_rolling_price,False,,,,0,INSUFFICIENT_DATA,Insufficient pairwise observations.,intake_vs_baseline
wq101_alpha6,q158_cntd_20h,wq101,alpha158_rolling_direction,False,,,,0,INSUFFICIENT_DATA,Insufficient pairwise observations.,intake_vs_baseline
wq101_alpha21,q158_cntd_20h,wq101,alpha158_rolling_direction,False,,,,0,INSUFFICIENT_DATA,Insufficient pairwise observations.,intake_vs_baseline
wq101_alpha6,q158_cntd_30h,wq101,alpha158_rolling_direction,False,,,,0,INSUFFICIENT_DATA,Insufficient pairwise observations.,intake_vs_baseline
wq101_alpha21,q158_cntd_30h,wq101,alpha158_rolling_direction,False,,,,0,INSUFFICIENT_DATA,Insufficient pairwise observations.,intake_vs_baseline
wq101_alpha6,q158_cord_20h,wq101,alpha158_rolling_volume_price,False,,,,0,INSUFFICIENT_DATA,Insufficient pairwise observations.,intake_vs_baseline
wq101_alpha21,q158_cord_20h,wq101,alpha158_rolling_volume_price,False,,,,0,INSUFFICIENT_DATA,Insufficient pairwise observations.,intake_vs_baseline
wq101_alpha6,q158_sump_20h,wq101,alpha158_rolling_direction,False,,,,0,INSUFFICIENT_DATA,Insufficient pairwise observations.,intake_vs_baseline
wq101_alpha21,q158_sump_20h,wq101,alpha158_rolling_direction,False,,,,0,INSUFFICIENT_DATA,Insufficient pairwise observations.,intake_vs_baseline
wq101_alpha6,q158_sumn_20h,wq101,alpha158_rolling_direction,False,,,,0,INSUFFICIENT_DATA,Insufficient pairwise observations.,intake_vs_baseline
wq101_alpha21,q158_sumn_20h,wq101,alpha158_rolling_direction,False,,,,0,INSUFFICIENT_DATA,Insufficient pairwise observations.,intake_vs_baseline
wq101_alpha6,q158_wvma_20h,wq101,alpha158_rolling_volume,False,,,,0,INSUFFICIENT_DATA,Insufficient pairwise observations.,intake_vs_baseline
wq101_alpha21,q158_wvma_20h,wq101,alpha158_rolling_volume,False,,,,0,INSUFFICIENT_DATA,Insufficient pairwise observations.,intake_vs_baseline
wq101_alpha6,q158_vsump_20h,wq101,alpha158_rolling_volume,False,,,,0,INSUFFICIENT_DATA,Insufficient pairwise observations.,intake_vs_baseline
wq101_alpha21,q158_vsump_20h,wq101,alpha158_rolling_volume,False,,,,0,INSUFFICIENT_DATA,Insufficient pairwise observations.,intake_vs_baseline
wq101_alpha6,q158_vsumn_20h,wq101,alpha158_rolling_volume,False,,,,0,INSUFFICIENT_DATA,Insufficient pairwise observations.,intake_vs_baseline
wq101_alpha21,q158_vsumn_20h,wq101,alpha158_rolling_volume,False,,,,0,INSUFFICIENT_DATA,Insufficient pairwise observations.,intake_vs_baseline
wq101_alpha6,q158_vsumd_20h,wq101,alpha158_rolling_volume,False,,,,0,INSUFFICIENT_DATA,Insufficient pairwise observations.,intake_vs_baseline
wq101_alpha21,q158_vsumd_20h,wq101,alpha158_rolling_volume,False,,,,0,INSUFFICIENT_DATA,Insufficient pairwise observations.,intake_vs_baseline
wq101_alpha6,wvma_20h,wq101,alpha158_ohlcv,False,,,,0,INSUFFICIENT_DATA,Insufficient pairwise observations.,intake_vs_baseline
wq101_alpha21,wvma_20h,wq101,alpha158_ohlcv,False,,,,0,INSUFFICIENT_DATA,Insufficient pairwise observations.,intake_vs_baseline
wq101_alpha6,vol_ret_corr_20h,wq101,alpha158_ohlcv,False,,,,0,INSUFFICIENT_DATA,Insufficient pairwise observations.,intake_vs_baseline
wq101_alpha21,vol_ret_corr_20h,wq101,alpha158_ohlcv,False,,,,0,INSUFFICIENT_DATA,Insufficient pairwise observations.,intake_vs_baseline
wq101_alpha6,mom_10h,wq101,momentum,False,,,,0,INSUFFICIENT_DATA,Insufficient pairwise observations.,intake_vs_baseline
wq101_alpha6,mom_40h,wq101,momentum,False,,,,0,INSUFFICIENT_DATA,Insufficient pairwise observations.,intake_vs_baseline
wq101_alpha21,mom_40h,wq101,momentum,False,,,,0,INSUFFICIENT_DATA,Insufficient pairwise observations.,intake_vs_baseline
wq101_alpha6,rev_3h,wq101,reversal,False,,,,0,INSUFFICIENT_DATA,Insufficient pairwise observations.,intake_vs_baseline
wq101_alpha9,rev_3h,wq101,reversal,False,,,,0,INSUFFICIENT_DATA,Insufficient pairwise observations.,intake_vs_baseline
wq101_alpha21,rev_3h,wq101,reversal,False,,,,0,INSUFFICIENT_DATA,Insufficient pairwise observations.,intake_vs_baseline
wq101_alpha6,rev_10h,wq101,reversal,False,,,,0,INSUFFICIENT_DATA,Insufficient pairwise observations.,intake_vs_baseline
wq101_alpha6,vol_40h,wq101,volatility,False,,,,0,INSUFFICIENT_DATA,Insufficient pairwise observations.,intake_vs_baseline
wq101_alpha21,vol_40h,wq101,volatility,False,,,,0,INSUFFICIENT_DATA,Insufficient pairwise observations.,intake_vs_baseline
wq101_alpha6,vol_ratio_5_20,wq101,volatility,False,,,,0,INSUFFICIENT_DATA,Insufficient pairwise observations.,intake_vs_baseline
wq101_alpha21,vol_ratio_5_20,wq101,volatility,False,,,,0,INSUFFICIENT_DATA,Insufficient pairwise observations.,intake_vs_baseline
wq101_alpha6,range_4h,wq101,range_position,False,,,,0,INSUFFICIENT_DATA,Insufficient pairwise observations.,intake_vs_baseline
wq101_alpha9,range_4h,wq101,range_position,False,,,,0,INSUFFICIENT_DATA,Insufficient pairwise observations.,intake_vs_baseline
wq101_alpha21,range_4h,wq101,range_position,False,,,,0,INSUFFICIENT_DATA,Insufficient pairwise observations.,intake_vs_baseline
wq101_alpha6,range_24h,wq101,range_position,False,,,,0,INSUFFICIENT_DATA,Insufficient pairwise observations.,intake_vs_baseline
wq101_alpha9,range_24h,wq101,range_position,False,,,,0,INSUFFICIENT_DATA,Insufficient pairwise observations.,intake_vs_baseline
wq101_alpha21,range_24h,wq101,range_position,False,,,,0,INSUFFICIENT_DATA,Insufficient pairwise observations.,intake_vs_baseline
wq101_alpha6,price_pos_24h,wq101,price_position,False,,,,0,INSUFFICIENT_DATA,Insufficient pairwise observations.,intake_vs_baseline
wq101_alpha9,price_pos_24h,wq101,price_position,False,,,,0,INSUFFICIENT_DATA,Insufficient pairwise observations.,intake_vs_baseline
wq101_alpha21,price_pos_24h,wq101,price_position,False,,,,0,INSUFFICIENT_DATA,Insufficient pairwise observations.,intake_vs_baseline
wq101_alpha9,price_pos_72h,wq101,price_position,False,,,,0,INSUFFICIENT_DATA,Insufficient pairwise observations.,intake_vs_baseline
wq101_alpha41,price_pos_72h,wq101,price_position,False,,,,0,INSUFFICIENT_DATA,Insufficient pairwise observations.,intake_vs_baseline
wq101_alpha54,price_pos_72h,wq101,price_position,False,,,,0,INSUFFICIENT_DATA,Insufficient pairwise observations.,intake_vs_baseline
wq101_alpha6,vol_zscore_48h,wq101,volume_liquidity,False,,,,0,INSUFFICIENT_DATA,Insufficient pairwise observations.,intake_vs_baseline
wq101_alpha9,vol_zscore_48h,wq101,volume_liquidity,False,,,,0,INSUFFICIENT_DATA,Insufficient pairwise observations.,intake_vs_baseline
wq101_alpha21,vol_zscore_48h,wq101,volume_liquidity,False,,,,0,INSUFFICIENT_DATA,Insufficient pairwise observations.,intake_vs_baseline
wq101_alpha41,vol_zscore_48h,wq101,volume_liquidity,False,,,,0,INSUFFICIENT_DATA,Insufficient pairwise observations.,intake_vs_baseline
wq101_alpha54,vol_zscore_48h,wq101,volume_liquidity,False,,,,0,INSUFFICIENT_DATA,Insufficient pairwise observations.,intake_vs_baseline
wq101_alpha6,qvol_zscore_48h,wq101,quote_volume_liquidity,False,,,,0,INSUFFICIENT_DATA,Insufficient pairwise observations.,intake_vs_baseline
wq101_alpha9,qvol_zscore_48h,wq101,quote_volume_liquidity,False,,,,0,INSUFFICIENT_DATA,Insufficient pairwise observations.,intake_vs_baseline
wq101_alpha21,qvol_zscore_48h,wq101,quote_volume_liquidity,False,,,,0,INSUFFICIENT_DATA,Insufficient pairwise observations.,intake_vs_baseline
wq101_alpha41,qvol_zscore_48h,wq101,quote_volume_liquidity,False,,,,0,INSUFFICIENT_DATA,Insufficient pairwise observations.,intake_vs_baseline
wq101_alpha54,qvol_zscore_48h,wq101,quote_volume_liquidity,False,,,,0,INSUFFICIENT_DATA,Insufficient pairwise observations.,intake_vs_baseline
wq101_alpha6,breakout_dist_48h,wq101,breakout,False,,,,0,INSUFFICIENT_DATA,Insufficient pairwise observations.,intake_vs_baseline
wq101_alpha9,breakout_dist_48h,wq101,breakout,False,,,,0,INSUFFICIENT_DATA,Insufficient pairwise observations.,intake_vs_baseline
wq101_alpha21,breakout_dist_48h,wq101,breakout,False,,,,0,INSUFFICIENT_DATA,Insufficient pairwise observations.,intake_vs_baseline
wq101_alpha41,breakout_dist_48h,wq101,breakout,False,,,,0,INSUFFICIENT_DATA,Insufficient pairwise observations.,intake_vs_baseline
wq101_alpha54,breakout_dist_48h,wq101,breakout,False,,,,0,INSUFFICIENT_DATA,Insufficient pairwise observations.,intake_vs_baseline
wq101_alpha6,xs_rank_ret_1h,wq101,cross_sectional_normalized,False,,,,0,INSUFFICIENT_DATA,Insufficient pairwise observations.,intake_vs_baseline
wq101_alpha9,xs_rank_ret_1h,wq101,cross_sectional_normalized,False,,,,0,INSUFFICIENT_DATA,Insufficient pairwise observations.,intake_vs_baseline
wq101_alpha21,xs_rank_ret_1h,wq101,cross_sectional_normalized,False,,,,0,INSUFFICIENT_DATA,Insufficient pairwise observations.,intake_vs_baseline
wq101_alpha41,xs_rank_ret_1h,wq101,cross_sectional_normalized,False,,,,0,INSUFFICIENT_DATA,Insufficient pairwise observations.,intake_vs_baseline
wq101_alpha54,xs_rank_ret_1h,wq101,cross_sectional_normalized,False,,,,0,INSUFFICIENT_DATA,Insufficient pairwise observations.,intake_vs_baseline
wq101_alpha6,rsi_7h,wq101,technical_indicators,False,,,,0,INSUFFICIENT_DATA,Insufficient pairwise observations.,intake_vs_baseline
wq101_alpha9,rsi_7h,wq101,technical_indicators,False,,,,0,INSUFFICIENT_DATA,Insufficient pairwise observations.,intake_vs_baseline
wq101_alpha21,rsi_7h,wq101,technical_indicators,False,,,,0,INSUFFICIENT_DATA,Insufficient pairwise observations.,intake_vs_baseline
wq101_alpha41,rsi_7h,wq101,technical_indicators,False,,,,0,INSUFFICIENT_DATA,Insufficient pairwise observations.,intake_vs_baseline
wq101_alpha54,rsi_7h,wq101,technical_indicators,False,,,,0,INSUFFICIENT_DATA,Insufficient pairwise observations.,intake_vs_baseline
wq101_alpha6,rsi_28h,wq101,technical_indicators,False,,,,0,INSUFFICIENT_DATA,Insufficient pairwise observations.,intake_vs_baseline
wq101_alpha9,rsi_28h,wq101,technical_indicators,False,,,,0,INSUFFICIENT_DATA,Insufficient pairwise observations.,intake_vs_baseline
wq101_alpha21,rsi_28h,wq101,technical_indicators,False,,,,0,INSUFFICIENT_DATA,Insufficient pairwise observations.,intake_vs_baseline
wq101_alpha6,williams_r_14h,wq101,technical_indicators,False,,,,0,INSUFFICIENT_DATA,Insufficient pairwise observations.,intake_vs_baseline
wq101_alpha9,williams_r_14h,wq101,technical_indicators,False,,,,0,INSUFFICIENT_DATA,Insufficient pairwise observations.,intake_vs_baseline
wq101_alpha21,williams_r_14h,wq101,technical_indicators,False,,,,0,INSUFFICIENT_DATA,Insufficient pairwise observations.,intake_vs_baseline
wq101_alpha6,downside_vol_20h,wq101,realized_skew_kurtosis,False,,,,0,INSUFFICIENT_DATA,Insufficient pairwise observations.,intake_vs_baseline
wq101_alpha21,downside_vol_20h,wq101,realized_skew_kurtosis,False,,,,0,INSUFFICIENT_DATA,Insufficient pairwise observations.,intake_vs_baseline
wq101_alpha6,mom_accel_20h,wq101,momentum,False,,,,0,INSUFFICIENT_DATA,Insufficient pairwise observations.,intake_vs_baseline
wq101_alpha21,mom_accel_20h,wq101,momentum,False,,,,0,INSUFFICIENT_DATA,Insufficient pairwise observations.,intake_vs_baseline
wq101_alpha6,funding_rate_level_20h,wq101,funding_rate,False,,,,0,INSUFFICIENT_DATA,Insufficient pairwise observations.,intake_vs_baseline
wq101_alpha21,funding_rate_level_20h,wq101,funding_rate,False,,,,0,INSUFFICIENT_DATA,Insufficient pairwise observations.,intake_vs_baseline
wq101_alpha6,funding_rate_change_24h,wq101,funding_rate,False,,,,0,INSUFFICIENT_DATA,Insufficient pairwise observations.,intake_vs_baseline
wq101_alpha21,funding_rate_change_24h,wq101,funding_rate,False,,,,0,INSUFFICIENT_DATA,Insufficient pairwise observations.,intake_vs_baseline
wq101_alpha6,mom_72h,wq101,momentum,False,,,,0,INSUFFICIENT_DATA,Insufficient pairwise observations.,intake_vs_baseline
wq101_alpha9,mom_72h,wq101,momentum,False,,,,0,INSUFFICIENT_DATA,Insufficient pairwise observations.,intake_vs_baseline
wq101_alpha21,mom_72h,wq101,momentum,False,,,,0,INSUFFICIENT_DATA,Insufficient pairwise observations.,intake_vs_baseline
wq101_alpha41,mom_72h,wq101,momentum,False,,,,0,INSUFFICIENT_DATA,Insufficient pairwise observations.,intake_vs_baseline
wq101_alpha54,mom_72h,wq101,momentum,False,,,,0,INSUFFICIENT_DATA,Insufficient pairwise observations.,intake_vs_baseline
wq101_alpha6,mom_120h,wq101,momentum,False,,,,0,INSUFFICIENT_DATA,Insufficient pairwise observations.,intake_vs_baseline
wq101_alpha21,mom_120h,wq101,momentum,False,,,,0,INSUFFICIENT_DATA,Insufficient pairwise observations.,intake_vs_baseline
wq101_alpha6,rev_1h,wq101,reversal,False,,,,0,INSUFFICIENT_DATA,Insufficient pairwise observations.,intake_vs_baseline
wq101_alpha9,rev_1h,wq101,reversal,False,,,,0,INSUFFICIENT_DATA,Insufficient pairwise observations.,intake_vs_baseline
wq101_alpha21,rev_1h,wq101,reversal,False,,,,0,INSUFFICIENT_DATA,Insufficient pairwise observations.,intake_vs_baseline
wq101_alpha41,rev_1h,wq101,reversal,False,,,,0,INSUFFICIENT_DATA,Insufficient pairwise observations.,intake_vs_baseline
wq101_alpha54,rev_1h,wq101,reversal,False,,,,0,INSUFFICIENT_DATA,Insufficient pairwise observations.,intake_vs_baseline
wq101_alpha6,rev_72h,wq101,reversal,False,,,,0,INSUFFICIENT_DATA,Insufficient pairwise observations.,intake_vs_baseline
wq101_alpha9,rev_72h,wq101,reversal,False,,,,0,INSUFFICIENT_DATA,Insufficient pairwise observations.,intake_vs_baseline
wq101_alpha21,rev_72h,wq101,reversal,False,,,,0,INSUFFICIENT_DATA,Insufficient pairwise observations.,intake_vs_baseline
wq101_alpha41,rev_72h,wq101,reversal,False,,,,0,INSUFFICIENT_DATA,Insufficient pairwise observations.,intake_vs_baseline
wq101_alpha54,rev_72h,wq101,reversal,False,,,,0,INSUFFICIENT_DATA,Insufficient pairwise observations.,intake_vs_baseline
wq101_alpha6,vol_ratio_20_80,wq101,volatility,False,,,,0,INSUFFICIENT_DATA,Insufficient pairwise observations.,intake_vs_baseline
wq101_alpha21,vol_ratio_20_80,wq101,volatility,False,,,,0,INSUFFICIENT_DATA,Insufficient pairwise observations.,intake_vs_baseline
wq101_alpha6,realized_skew_20h,wq101,realized_shape,False,,,,0,INSUFFICIENT_DATA,Insufficient pairwise observations.,intake_vs_baseline
wq101_alpha21,realized_skew_20h,wq101,realized_shape,False,,,,0,INSUFFICIENT_DATA,Insufficient pairwise observations.,intake_vs_baseline
wq101_alpha6,realized_kurt_20h,wq101,realized_shape,False,,,,0,INSUFFICIENT_DATA,Insufficient pairwise observations.,intake_vs_baseline
wq101_alpha21,realized_kurt_20h,wq101,realized_shape,False,,,,0,INSUFFICIENT_DATA,Insufficient pairwise observations.,intake_vs_baseline
wq101_alpha6,amihud_illiquidity_20h,wq101,liquidity,False,,,,0,INSUFFICIENT_DATA,Insufficient pairwise observations.,intake_vs_baseline
wq101_alpha21,amihud_illiquidity_20h,wq101,liquidity,False,,,,0,INSUFFICIENT_DATA,Insufficient pairwise observations.,intake_vs_baseline
wq101_alpha6,price_volume_corr_20h,wq101,volume_price,False,,,,0,INSUFFICIENT_DATA,Insufficient pairwise observations.,intake_vs_baseline
wq101_alpha21,price_volume_corr_20h,wq101,volume_price,False,,,,0,INSUFFICIENT_DATA,Insufficient pairwise observations.,intake_vs_baseline
wq101_alpha6,rev_2h,wq101,reversal,False,,,,0,INSUFFICIENT_DATA,Insufficient pairwise observations.,intake_vs_baseline
wq101_alpha21,rev_2h,wq101,reversal,False,,,,0,INSUFFICIENT_DATA,Insufficient pairwise observations.,intake_vs_baseline
wq101_alpha41,rev_2h,wq101,reversal,False,,,,0,INSUFFICIENT_DATA,Insufficient pairwise observations.,intake_vs_baseline
wq101_alpha54,rev_2h,wq101,reversal,False,,,,0,INSUFFICIENT_DATA,Insufficient pairwise observations.,intake_vs_baseline
wq101_alpha6,mom_vol_adjusted_20h,wq101,momentum,False,,,,0,INSUFFICIENT_DATA,Insufficient pairwise observations.,intake_vs_baseline
wq101_alpha21,mom_vol_adjusted_20h,wq101,momentum,False,,,,0,INSUFFICIENT_DATA,Insufficient pairwise observations.,intake_vs_baseline
wq101_alpha6,volume_pressure_20h,wq101,volume_price,False,,,,0,INSUFFICIENT_DATA,Insufficient pairwise observations.,intake_vs_baseline
wq101_alpha21,volume_pressure_20h,wq101,volume_price,False,,,,0,INSUFFICIENT_DATA,Insufficient pairwise observations.,intake_vs_baseline
wq101_alpha6,xs_rank_mom_accel,wq101,cross_sectional_normalized,False,,,,0,INSUFFICIENT_DATA,Insufficient pairwise observations.,intake_vs_baseline
wq101_alpha21,xs_rank_mom_accel,wq101,cross_sectional_normalized,False,,,,0,INSUFFICIENT_DATA,Insufficient pairwise observations.,intake_vs_baseline
wq101_alpha9,a101_volume_xs_z_mean_neg_112h,wq101,alpha101_curated_volume_crowding,False,,,,0,INSUFFICIENT_DATA,Insufficient pairwise observations.,intake_vs_baseline
wq101_alpha41,a101_volume_xs_z_mean_neg_112h,wq101,alpha101_curated_volume_crowding,False,,,,0,INSUFFICIENT_DATA,Insufficient pairwise observations.,intake_vs_baseline
wq101_alpha54,a101_volume_xs_z_mean_neg_112h,wq101,alpha101_curated_volume_crowding,False,,,,0,INSUFFICIENT_DATA,Insufficient pairwise observations.,intake_vs_baseline
wq101_alpha9,a101_vol_xs_z_product_112h,wq101,alpha101_curated_volume_regime,False,,,,0,INSUFFICIENT_DATA,Insufficient pairwise observations.,intake_vs_baseline
wq101_alpha41,a101_vol_xs_z_product_112h,wq101,alpha101_curated_volume_regime,False,,,,0,INSUFFICIENT_DATA,Insufficient pairwise observations.,intake_vs_baseline
wq101_alpha54,a101_vol_xs_z_product_112h,wq101,alpha101_curated_volume_regime,False,,,,0,INSUFFICIENT_DATA,Insufficient pairwise observations.,intake_vs_baseline
wq101_alpha6,a101_volume_cap_alpha_min_80_80,wq101,alpha101_curated_volume_cap_regression,False,,,,0,INSUFFICIENT_DATA,Insufficient pairwise observations.,intake_vs_baseline
wq101_alpha9,a101_volume_cap_alpha_min_80_80,wq101,alpha101_curated_volume_cap_regression,False,,,,0,INSUFFICIENT_DATA,Insufficient pairwise observations.,intake_vs_baseline
wq101_alpha21,a101_volume_cap_alpha_min_80_80,wq101,alpha101_curated_volume_cap_regression,False,,,,0,INSUFFICIENT_DATA,Insufficient pairwise observations.,intake_vs_baseline
wq101_alpha6,a101_volume_cap_alpha_min_56_84,wq101,alpha101_curated_volume_cap_regression,False,,,,0,INSUFFICIENT_DATA,Insufficient pairwise observations.,intake_vs_baseline
wq101_alpha9,a101_volume_cap_alpha_min_56_84,wq101,alpha101_curated_volume_cap_regression,False,,,,0,INSUFFICIENT_DATA,Insufficient pairwise observations.,intake_vs_baseline
wq101_alpha21,a101_volume_cap_alpha_min_56_84,wq101,alpha101_curated_volume_cap_regression,False,,,,0,INSUFFICIENT_DATA,Insufficient pairwise observations.,intake_vs_baseline
wq101_alpha9,a101_volume_high_alpha_min_84_84,wq101,alpha101_curated_volume_price_regression,False,,,,0,INSUFFICIENT_DATA,Insufficient pairwise observations.,intake_vs_baseline
wq101_alpha41,a101_volume_high_alpha_min_84_84,wq101,alpha101_curated_volume_price_regression,False,,,,0,INSUFFICIENT_DATA,Insufficient pairwise observations.,intake_vs_baseline
wq101_alpha54,a101_volume_high_alpha_min_84_84,wq101,alpha101_curated_volume_price_regression,False,,,,0,INSUFFICIENT_DATA,Insufficient pairwise observations.,intake_vs_baseline
