factor_name,category,expected_direction,horizon,period,raw_mean_rank_ic,direction_adjusted_mean_rank_ic,raw_rank_ic_std,direction_adjusted_rank_ic_std,raw_icir,direction_adjusted_icir,icir,ic_win_rate_raw,ic_win_rate_adjusted,n_periods,status
q158_sump_20h,alpha158_rolling_direction,positive,1h,2024-06,-0.0015218,-0.0015218,0.13948952,0.13948952,-0.01091,-0.01091,-0.01091,0.5064,0.5064,699,COMPUTED
q158_sump_20h,alpha158_rolling_direction,positive,1h,2024-07,-0.01360183,-0.01360183,0.156968,0.156968,-0.086654,-0.086654,-0.086654,0.4597,0.4597,744,COMPUTED
q158_sump_20h,alpha158_rolling_direction,positive,1h,2024-08,-0.02927395,-0.02927395,0.14669554,0.14669554,-0.199556,-0.199556,-0.199556,0.4274,0.4274,744,COMPUTED
q158_sump_20h,alpha158_rolling_direction,positive,1h,2024-09,-0.01935918,-0.01935918,0.1477276,0.1477276,-0.131046,-0.131046,-0.131046,0.4569,0.4569,720,COMPUTED
q158_sump_20h,alpha158_rolling_direction,positive,1h,2024-10,-0.03384958,-0.03384958,0.14602434,0.14602434,-0.231808,-0.231808,-0.231808,0.3782,0.3782,743,COMPUTED
q158_sump_20h,alpha158_rolling_direction,positive,1h,2024-11,-0.01917337,-0.01917337,0.16476987,0.16476987,-0.116365,-0.116365,-0.116365,0.4681,0.4681,720,COMPUTED
q158_sump_20h,alpha158_rolling_direction,positive,1h,2024-12,-0.0367378,-0.0367378,0.15982923,0.15982923,-0.229857,-0.229857,-0.229857,0.4194,0.4194,744,COMPUTED
q158_sump_20h,alpha158_rolling_direction,positive,1h,2025-01,-0.01609515,-0.01609515,0.16380887,0.16380887,-0.098256,-0.098256,-0.098256,0.4718,0.4718,744,COMPUTED
q158_sump_20h,alpha158_rolling_direction,positive,1h,2025-02,-0.01017369,-0.01017369,0.15675307,0.15675307,-0.064903,-0.064903,-0.064903,0.5,0.5,672,COMPUTED
q158_sump_20h,alpha158_rolling_direction,positive,1h,2025-03,-0.02220435,-0.02220435,0.14687006,0.14687006,-0.151184,-0.151184,-0.151184,0.4368,0.4368,744,COMPUTED
q158_sump_20h,alpha158_rolling_direction,positive,1h,2025-04,-0.01618734,-0.01618734,0.12838068,0.12838068,-0.126089,-0.126089,-0.126089,0.4306,0.4306,720,COMPUTED
q158_sump_20h,alpha158_rolling_direction,positive,1h,2025-05,-0.02501221,-0.02501221,0.14241155,0.14241155,-0.175633,-0.175633,-0.175633,0.4234,0.4234,744,COMPUTED
q158_sump_20h,alpha158_rolling_direction,positive,1h,2025-06,-0.02603672,-0.02603672,0.13179992,0.13179992,-0.197547,-0.197547,-0.197547,0.4278,0.4278,720,COMPUTED
q158_sump_20h,alpha158_rolling_direction,positive,1h,2025-07,-0.02285019,-0.02285019,0.1310603,0.1310603,-0.174349,-0.174349,-0.174349,0.4422,0.4422,744,COMPUTED
q158_sump_20h,alpha158_rolling_direction,positive,1h,2025-08,-0.01385936,-0.01385936,0.12382618,0.12382618,-0.111926,-0.111926,-0.111926,0.453,0.453,744,COMPUTED
q158_sump_20h,alpha158_rolling_direction,positive,1h,2025-09,-0.02005264,-0.02005264,0.12195409,0.12195409,-0.164428,-0.164428,-0.164428,0.4403,0.4403,720,COMPUTED
q158_sump_20h,alpha158_rolling_direction,positive,1h,2025-10,-0.0255819,-0.0255819,0.11512219,0.11512219,-0.222215,-0.222215,-0.222215,0.4153,0.4153,744,COMPUTED
q158_sump_20h,alpha158_rolling_direction,positive,1h,2025-11,-0.0226726,-0.0226726,0.1169442,0.1169442,-0.193875,-0.193875,-0.193875,0.4042,0.4042,720,COMPUTED
q158_sump_20h,alpha158_rolling_direction,positive,1h,2025-12,-0.03037088,-0.03037088,0.10791195,0.10791195,-0.281441,-0.281441,-0.281441,0.375,0.375,744,COMPUTED
q158_sump_20h,alpha158_rolling_direction,positive,1h,2026-01,-0.02679977,-0.02679977,0.12647136,0.12647136,-0.211904,-0.211904,-0.211904,0.3911,0.3911,744,COMPUTED
q158_sump_20h,alpha158_rolling_direction,positive,1h,2026-02,-0.01778849,-0.01778849,0.11854282,0.11854282,-0.15006,-0.15006,-0.15006,0.4241,0.4241,672,COMPUTED
q158_sump_20h,alpha158_rolling_direction,positive,1h,2026-03,-0.01603595,-0.01603595,0.10672099,0.10672099,-0.150261,-0.150261,-0.150261,0.4355,0.4355,744,COMPUTED
q158_sump_20h,alpha158_rolling_direction,positive,1h,2026-04,-0.02367339,-0.02367339,0.10754013,0.10754013,-0.220135,-0.220135,-0.220135,0.4236,0.4236,720,COMPUTED
q158_sump_20h,alpha158_rolling_direction,positive,1h,2026-05,-0.01886671,-0.01886671,0.10267188,0.10267188,-0.183757,-0.183757,-0.183757,0.4153,0.4153,744,COMPUTED
q158_sump_20h,alpha158_rolling_direction,positive,1h,2026-06,-0.00445959,-0.00445959,0.10384641,0.10384641,-0.042944,-0.042944,-0.042944,0.5,0.5,288,COMPUTED
q158_sump_20h,alpha158_rolling_direction,positive,4h,2024-06,-0.00272749,-0.00272749,0.15134968,0.15134968,-0.018021,-0.018021,-0.018021,0.4921,0.4921,699,COMPUTED
q158_sump_20h,alpha158_rolling_direction,positive,4h,2024-07,-0.01745454,-0.01745454,0.17456039,0.17456039,-0.099991,-0.099991,-0.099991,0.4435,0.4435,744,COMPUTED
q158_sump_20h,alpha158_rolling_direction,positive,4h,2024-08,-0.04091024,-0.04091024,0.16298238,0.16298238,-0.25101,-0.25101,-0.25101,0.3992,0.3992,744,COMPUTED
q158_sump_20h,alpha158_rolling_direction,positive,4h,2024-09,-0.0067775,-0.0067775,0.1404754,0.1404754,-0.048247,-0.048247,-0.048247,0.4917,0.4917,720,COMPUTED
q158_sump_20h,alpha158_rolling_direction,positive,4h,2024-10,-0.0429724,-0.0429724,0.14937132,0.14937132,-0.287688,-0.287688,-0.287688,0.3911,0.3911,744,COMPUTED
q158_sump_20h,alpha158_rolling_direction,positive,4h,2024-11,-0.01825063,-0.01825063,0.18317437,0.18317437,-0.099635,-0.099635,-0.099635,0.4806,0.4806,720,COMPUTED
q158_sump_20h,alpha158_rolling_direction,positive,4h,2024-12,-0.04279453,-0.04279453,0.15811467,0.15811467,-0.270655,-0.270655,-0.270655,0.3871,0.3871,744,COMPUTED
q158_sump_20h,alpha158_rolling_direction,positive,4h,2025-01,-0.02188495,-0.02188495,0.17285532,0.17285532,-0.126609,-0.126609,-0.126609,0.4368,0.4368,744,COMPUTED
q158_sump_20h,alpha158_rolling_direction,positive,4h,2025-02,-0.00588428,-0.00588428,0.15259123,0.15259123,-0.038562,-0.038562,-0.038562,0.503,0.503,672,COMPUTED
q158_sump_20h,alpha158_rolling_direction,positive,4h,2025-03,-0.03459935,-0.03459935,0.14674823,0.14674823,-0.235774,-0.235774,-0.235774,0.4032,0.4032,744,COMPUTED
q158_sump_20h,alpha158_rolling_direction,positive,4h,2025-04,-0.00961528,-0.00961528,0.13944597,0.13944597,-0.068953,-0.068953,-0.068953,0.4444,0.4444,720,COMPUTED
q158_sump_20h,alpha158_rolling_direction,positive,4h,2025-05,-0.04103005,-0.04103005,0.13857023,0.13857023,-0.296096,-0.296096,-0.296096,0.3642,0.3642,744,COMPUTED
q158_sump_20h,alpha158_rolling_direction,positive,4h,2025-06,-0.04183903,-0.04183903,0.13392209,0.13392209,-0.312413,-0.312413,-0.312413,0.3806,0.3806,720,COMPUTED
q158_sump_20h,alpha158_rolling_direction,positive,4h,2025-07,-0.02156135,-0.02156135,0.13441814,0.13441814,-0.160405,-0.160405,-0.160405,0.4355,0.4355,744,COMPUTED
q158_sump_20h,alpha158_rolling_direction,positive,4h,2025-08,-0.00620067,-0.00620067,0.1212268,0.1212268,-0.051149,-0.051149,-0.051149,0.4664,0.4664,744,COMPUTED
q158_sump_20h,alpha158_rolling_direction,positive,4h,2025-09,-0.01937921,-0.01937921,0.12174684,0.12174684,-0.159176,-0.159176,-0.159176,0.4347,0.4347,720,COMPUTED
q158_sump_20h,alpha158_rolling_direction,positive,4h,2025-10,-0.03386831,-0.03386831,0.11365093,0.11365093,-0.298003,-0.298003,-0.298003,0.4059,0.4059,744,COMPUTED
q158_sump_20h,alpha158_rolling_direction,positive,4h,2025-11,-0.03133754,-0.03133754,0.11852437,0.11852437,-0.264397,-0.264397,-0.264397,0.3806,0.3806,720,COMPUTED
q158_sump_20h,alpha158_rolling_direction,positive,4h,2025-12,-0.04708649,-0.04708649,0.11335316,0.11335316,-0.415396,-0.415396,-0.415396,0.3414,0.3414,744,COMPUTED
q158_sump_20h,alpha158_rolling_direction,positive,4h,2026-01,-0.02823351,-0.02823351,0.1286837,0.1286837,-0.219402,-0.219402,-0.219402,0.3871,0.3871,744,COMPUTED
q158_sump_20h,alpha158_rolling_direction,positive,4h,2026-02,-0.02995162,-0.02995162,0.1246338,0.1246338,-0.240317,-0.240317,-0.240317,0.4018,0.4018,672,COMPUTED
q158_sump_20h,alpha158_rolling_direction,positive,4h,2026-03,-0.03330174,-0.03330174,0.11860785,0.11860785,-0.280772,-0.280772,-0.280772,0.3831,0.3831,744,COMPUTED
q158_sump_20h,alpha158_rolling_direction,positive,4h,2026-04,-0.04219926,-0.04219926,0.10599535,0.10599535,-0.398124,-0.398124,-0.398124,0.3417,0.3417,720,COMPUTED
q158_sump_20h,alpha158_rolling_direction,positive,4h,2026-05,-0.03094093,-0.03094093,0.10676005,0.10676005,-0.289818,-0.289818,-0.289818,0.3804,0.3804,744,COMPUTED
q158_sump_20h,alpha158_rolling_direction,positive,4h,2026-06,0.0059878,0.0059878,0.09715216,0.09715216,0.061633,0.061633,0.061633,0.5263,0.5263,285,COMPUTED
q158_sump_20h,alpha158_rolling_direction,positive,24h,2024-06,0.02984291,0.02984291,0.13594336,0.13594336,0.219525,0.219525,0.219525,0.5651,0.5651,699,COMPUTED
q158_sump_20h,alpha158_rolling_direction,positive,24h,2024-07,-0.01558886,-0.01558886,0.16167007,0.16167007,-0.096424,-0.096424,-0.096424,0.4745,0.4745,744,COMPUTED
q158_sump_20h,alpha158_rolling_direction,positive,24h,2024-08,-0.01065669,-0.01065669,0.14918631,0.14918631,-0.071432,-0.071432,-0.071432,0.5054,0.5054,744,COMPUTED
q158_sump_20h,alpha158_rolling_direction,positive,24h,2024-09,-0.00830772,-0.00830772,0.12770016,0.12770016,-0.065056,-0.065056,-0.065056,0.4375,0.4375,720,COMPUTED
q158_sump_20h,alpha158_rolling_direction,positive,24h,2024-10,-0.04804394,-0.04804394,0.15409508,0.15409508,-0.311781,-0.311781,-0.311781,0.4153,0.4153,744,COMPUTED
q158_sump_20h,alpha158_rolling_direction,positive,24h,2024-11,-0.02031766,-0.02031766,0.20235361,0.20235361,-0.100407,-0.100407,-0.100407,0.4875,0.4875,720,COMPUTED
q158_sump_20h,alpha158_rolling_direction,positive,24h,2024-12,-0.0390983,-0.0390983,0.1416625,0.1416625,-0.275996,-0.275996,-0.275996,0.4046,0.4046,744,COMPUTED
q158_sump_20h,alpha158_rolling_direction,positive,24h,2025-01,0.02521125,0.02521125,0.15676079,0.15676079,0.160826,0.160826,0.160826,0.5403,0.5403,744,COMPUTED
q158_sump_20h,alpha158_rolling_direction,positive,24h,2025-02,0.020345,0.020345,0.15061929,0.15061929,0.135076,0.135076,0.135076,0.5938,0.5938,672,COMPUTED
q158_sump_20h,alpha158_rolling_direction,positive,24h,2025-03,-0.01499895,-0.01499895,0.13359912,0.13359912,-0.112268,-0.112268,-0.112268,0.4449,0.4449,744,COMPUTED
q158_sump_20h,alpha158_rolling_direction,positive,24h,2025-04,-0.02639845,-0.02639845,0.13917421,0.13917421,-0.189679,-0.189679,-0.189679,0.3931,0.3931,720,COMPUTED
q158_sump_20h,alpha158_rolling_direction,positive,24h,2025-05,-0.06611174,-0.06611174,0.16720705,0.16720705,-0.395388,-0.395388,-0.395388,0.3427,0.3427,744,COMPUTED
q158_sump_20h,alpha158_rolling_direction,positive,24h,2025-06,-0.0447361,-0.0447361,0.13797737,0.13797737,-0.324228,-0.324228,-0.324228,0.4125,0.4125,720,COMPUTED
q158_sump_20h,alpha158_rolling_direction,positive,24h,2025-07,-0.01473506,-0.01473506,0.13412062,0.13412062,-0.109864,-0.109864,-0.109864,0.461,0.461,744,COMPUTED
q158_sump_20h,alpha158_rolling_direction,positive,24h,2025-08,-0.01766793,-0.01766793,0.14127257,0.14127257,-0.125063,-0.125063,-0.125063,0.457,0.457,744,COMPUTED
q158_sump_20h,alpha158_rolling_direction,positive,24h,2025-09,-0.02784619,-0.02784619,0.11307615,0.11307615,-0.246261,-0.246261,-0.246261,0.3819,0.3819,720,COMPUTED
q158_sump_20h,alpha158_rolling_direction,positive,24h,2025-10,-0.03181524,-0.03181524,0.11711821,0.11711821,-0.271651,-0.271651,-0.271651,0.3602,0.3602,744,COMPUTED
q158_sump_20h,alpha158_rolling_direction,positive,24h,2025-11,-0.03783769,-0.03783769,0.11487797,0.11487797,-0.329373,-0.329373,-0.329373,0.3611,0.3611,720,COMPUTED
q158_sump_20h,alpha158_rolling_direction,positive,24h,2025-12,-0.04347619,-0.04347619,0.11871947,0.11871947,-0.366209,-0.366209,-0.366209,0.3226,0.3226,744,COMPUTED
q158_sump_20h,alpha158_rolling_direction,positive,24h,2026-01,-0.02653405,-0.02653405,0.13152265,0.13152265,-0.201745,-0.201745,-0.201745,0.422,0.422,744,COMPUTED
q158_sump_20h,alpha158_rolling_direction,positive,24h,2026-02,-0.04466698,-0.04466698,0.13634213,0.13634213,-0.32761,-0.32761,-0.32761,0.3676,0.3676,672,COMPUTED
q158_sump_20h,alpha158_rolling_direction,positive,24h,2026-03,-0.02608991,-0.02608991,0.11780262,0.11780262,-0.221471,-0.221471,-0.221471,0.4113,0.4113,744,COMPUTED
q158_sump_20h,alpha158_rolling_direction,positive,24h,2026-04,-0.06650477,-0.06650477,0.12674939,0.12674939,-0.524695,-0.524695,-0.524695,0.2625,0.2625,720,COMPUTED
q158_sump_20h,alpha158_rolling_direction,positive,24h,2026-05,-0.01059147,-0.01059147,0.1026235,0.1026235,-0.103207,-0.103207,-0.103207,0.4704,0.4704,744,COMPUTED
q158_sump_20h,alpha158_rolling_direction,positive,24h,2026-06,0.02949764,0.02949764,0.10455027,0.10455027,0.282138,0.282138,0.282138,0.6226,0.6226,265,COMPUTED
q158_sump_20h,alpha158_rolling_direction,positive,72h,2024-06,0.04762895,0.04762895,0.12629102,0.12629102,0.377136,0.377136,0.377136,0.6853,0.6853,699,COMPUTED
q158_sump_20h,alpha158_rolling_direction,positive,72h,2024-07,-0.02945206,-0.02945206,0.16883385,0.16883385,-0.174444,-0.174444,-0.174444,0.4839,0.4839,744,COMPUTED
q158_sump_20h,alpha158_rolling_direction,positive,72h,2024-08,-0.00911996,-0.00911996,0.14544631,0.14544631,-0.062703,-0.062703,-0.062703,0.4825,0.4825,744,COMPUTED
q158_sump_20h,alpha158_rolling_direction,positive,72h,2024-09,-0.02656445,-0.02656445,0.13017644,0.13017644,-0.204065,-0.204065,-0.204065,0.4306,0.4306,720,COMPUTED
q158_sump_20h,alpha158_rolling_direction,positive,72h,2024-10,-0.07236793,-0.07236793,0.14369368,0.14369368,-0.503626,-0.503626,-0.503626,0.2782,0.2782,744,COMPUTED
q158_sump_20h,alpha158_rolling_direction,positive,72h,2024-11,0.03566987,0.03566987,0.18061281,0.18061281,0.197494,0.197494,0.197494,0.5458,0.5458,720,COMPUTED
q158_sump_20h,alpha158_rolling_direction,positive,72h,2024-12,-0.02447723,-0.02447723,0.12682796,0.12682796,-0.192996,-0.192996,-0.192996,0.4422,0.4422,744,COMPUTED
q158_sump_20h,alpha158_rolling_direction,positive,72h,2025-01,0.04117221,0.04117221,0.16687677,0.16687677,0.246722,0.246722,0.246722,0.6142,0.6142,744,COMPUTED
q158_sump_20h,alpha158_rolling_direction,positive,72h,2025-02,-0.02306391,-0.02306391,0.1393631,0.1393631,-0.165495,-0.165495,-0.165495,0.4539,0.4539,672,COMPUTED
q158_sump_20h,alpha158_rolling_direction,positive,72h,2025-03,-0.01341598,-0.01341598,0.12203588,0.12203588,-0.109935,-0.109935,-0.109935,0.4798,0.4798,744,COMPUTED
q158_sump_20h,alpha158_rolling_direction,positive,72h,2025-04,-0.00260635,-0.00260635,0.1447198,0.1447198,-0.01801,-0.01801,-0.01801,0.4681,0.4681,720,COMPUTED
q158_sump_20h,alpha158_rolling_direction,positive,72h,2025-05,-0.0406021,-0.0406021,0.14641121,0.14641121,-0.277316,-0.277316,-0.277316,0.3159,0.3159,744,COMPUTED
q158_sump_20h,alpha158_rolling_direction,positive,72h,2025-06,-0.05538289,-0.05538289,0.11518187,0.11518187,-0.48083,-0.48083,-0.48083,0.3111,0.3111,720,COMPUTED
q158_sump_20h,alpha158_rolling_direction,positive,72h,2025-07,-0.00929675,-0.00929675,0.12405851,0.12405851,-0.074938,-0.074938,-0.074938,0.5067,0.5067,744,COMPUTED
q158_sump_20h,alpha158_rolling_direction,positive,72h,2025-08,-0.03254568,-0.03254568,0.10297239,0.10297239,-0.316062,-0.316062,-0.316062,0.3575,0.3575,744,COMPUTED
q158_sump_20h,alpha158_rolling_direction,positive,72h,2025-09,-0.00683458,-0.00683458,0.12099601,0.12099601,-0.056486,-0.056486,-0.056486,0.4861,0.4861,720,COMPUTED
q158_sump_20h,alpha158_rolling_direction,positive,72h,2025-10,-0.01750533,-0.01750533,0.11519861,0.11519861,-0.151958,-0.151958,-0.151958,0.4194,0.4194,744,COMPUTED
q158_sump_20h,alpha158_rolling_direction,positive,72h,2025-11,-0.0109941,-0.0109941,0.09319178,0.09319178,-0.117973,-0.117973,-0.117973,0.4736,0.4736,720,COMPUTED
q158_sump_20h,alpha158_rolling_direction,positive,72h,2025-12,-0.03859783,-0.03859783,0.119737,0.119737,-0.322355,-0.322355,-0.322355,0.3723,0.3723,744,COMPUTED
q158_sump_20h,alpha158_rolling_direction,positive,72h,2026-01,0.00849884,0.00849884,0.1155972,0.1155972,0.073521,0.073521,0.073521,0.5376,0.5376,744,COMPUTED
q158_sump_20h,alpha158_rolling_direction,positive,72h,2026-02,-0.01661403,-0.01661403,0.10434108,0.10434108,-0.159228,-0.159228,-0.159228,0.4375,0.4375,672,COMPUTED
q158_sump_20h,alpha158_rolling_direction,positive,72h,2026-03,-0.01482281,-0.01482281,0.1062966,0.1062966,-0.139448,-0.139448,-0.139448,0.4731,0.4731,744,COMPUTED
q158_sump_20h,alpha158_rolling_direction,positive,72h,2026-04,-0.02866483,-0.02866483,0.09789422,0.09789422,-0.292814,-0.292814,-0.292814,0.3958,0.3958,720,COMPUTED
q158_sump_20h,alpha158_rolling_direction,positive,72h,2026-05,-0.002094,-0.002094,0.09428046,0.09428046,-0.02221,-0.02221,-0.02221,0.5081,0.5081,744,COMPUTED
q158_sump_20h,alpha158_rolling_direction,positive,72h,2026-06,-0.00739307,-0.00739307,0.08796602,0.08796602,-0.084045,-0.084045,-0.084045,0.4654,0.4654,217,COMPUTED
q158_sumn_20h,alpha158_rolling_direction,negative,1h,2024-06,0.00153046,-0.00153046,0.13950136,0.13950136,0.010971,-0.010971,0.010971,0.4936,0.5064,699,COMPUTED
q158_sumn_20h,alpha158_rolling_direction,negative,1h,2024-07,0.01361115,-0.01361115,0.15697897,0.15697897,0.086707,-0.086707,0.086707,0.5403,0.4597,744,COMPUTED
q158_sumn_20h,alpha158_rolling_direction,negative,1h,2024-08,0.02928049,-0.02928049,0.1466932,0.1466932,0.199604,-0.199604,0.199604,0.5726,0.4274,744,COMPUTED
q158_sumn_20h,alpha158_rolling_direction,negative,1h,2024-09,0.01936173,-0.01936173,0.14772461,0.14772461,0.131066,-0.131066,0.131066,0.5431,0.4569,720,COMPUTED
q158_sumn_20h,alpha158_rolling_direction,negative,1h,2024-10,0.033844,-0.033844,0.14603548,0.14603548,0.231752,-0.231752,0.231752,0.6218,0.3782,743,COMPUTED
q158_sumn_20h,alpha158_rolling_direction,negative,1h,2024-11,0.01917791,-0.01917791,0.1647756,0.1647756,0.116388,-0.116388,0.116388,0.5319,0.4681,720,COMPUTED
q158_sumn_20h,alpha158_rolling_direction,negative,1h,2024-12,0.0367373,-0.0367373,0.15982963,0.15982963,0.229853,-0.229853,0.229853,0.5806,0.4194,744,COMPUTED
q158_sumn_20h,alpha158_rolling_direction,negative,1h,2025-01,0.01609394,-0.01609394,0.16380799,0.16380799,0.098249,-0.098249,0.098249,0.5282,0.4718,744,COMPUTED
q158_sumn_20h,alpha158_rolling_direction,negative,1h,2025-02,0.00908586,-0.00908586,0.1607072,0.1607072,0.056537,-0.056537,0.056537,0.5104,0.4896,672,COMPUTED
q158_sumn_20h,alpha158_rolling_direction,negative,1h,2025-03,0.02070816,-0.02070816,0.15244229,0.15244229,0.135843,-0.135843,0.135843,0.547,0.453,744,COMPUTED
q158_sumn_20h,alpha158_rolling_direction,negative,1h,2025-04,0.01535293,-0.01535293,0.13726918,0.13726918,0.111845,-0.111845,0.111845,0.5375,0.4625,720,COMPUTED
q158_sumn_20h,alpha158_rolling_direction,negative,1h,2025-05,0.02461662,-0.02461662,0.14617088,0.14617088,0.16841,-0.16841,0.16841,0.5685,0.4315,744,COMPUTED
q158_sumn_20h,alpha158_rolling_direction,negative,1h,2025-06,0.02444843,-0.02444843,0.13756179,0.13756179,0.177727,-0.177727,0.177727,0.5597,0.4403,720,COMPUTED
q158_sumn_20h,alpha158_rolling_direction,negative,1h,2025-07,0.02306967,-0.02306967,0.13401095,0.13401095,0.172148,-0.172148,0.172148,0.5578,0.4422,744,COMPUTED
q158_sumn_20h,alpha158_rolling_direction,negative,1h,2025-08,0.01349477,-0.01349477,0.12360266,0.12360266,0.109179,-0.109179,0.109179,0.5363,0.4637,744,COMPUTED
q158_sumn_20h,alpha158_rolling_direction,negative,1h,2025-09,0.01951821,-0.01951821,0.12387437,0.12387437,0.157565,-0.157565,0.157565,0.5611,0.4389,720,COMPUTED
q158_sumn_20h,alpha158_rolling_direction,negative,1h,2025-10,0.02491639,-0.02491639,0.11587392,0.11587392,0.21503,-0.21503,0.21503,0.5901,0.4099,744,COMPUTED
q158_sumn_20h,alpha158_rolling_direction,negative,1h,2025-11,0.02183768,-0.02183768,0.11822519,0.11822519,0.184713,-0.184713,0.184713,0.5944,0.4056,720,COMPUTED
q158_sumn_20h,alpha158_rolling_direction,negative,1h,2025-12,0.02988097,-0.02988097,0.10920616,0.10920616,0.27362,-0.27362,0.27362,0.621,0.379,744,COMPUTED
q158_sumn_20h,alpha158_rolling_direction,negative,1h,2026-01,0.02679534,-0.02679534,0.12648175,0.12648175,0.211851,-0.211851,0.211851,0.6102,0.3898,744,COMPUTED
q158_sumn_20h,alpha158_rolling_direction,negative,1h,2026-02,0.01779127,-0.01779127,0.1185427,0.1185427,0.150083,-0.150083,0.150083,0.5759,0.4241,672,COMPUTED
q158_sumn_20h,alpha158_rolling_direction,negative,1h,2026-03,0.01603153,-0.01603153,0.10672324,0.10672324,0.150216,-0.150216,0.150216,0.5645,0.4355,744,COMPUTED
q158_sumn_20h,alpha158_rolling_direction,negative,1h,2026-04,0.0236854,-0.0236854,0.10754035,0.10754035,0.220247,-0.220247,0.220247,0.5764,0.4236,720,COMPUTED
q158_sumn_20h,alpha158_rolling_direction,negative,1h,2026-05,0.01886084,-0.01886084,0.10268131,0.10268131,0.183683,-0.183683,0.183683,0.5847,0.4153,744,COMPUTED
q158_sumn_20h,alpha158_rolling_direction,negative,1h,2026-06,0.00445753,-0.00445753,0.10384364,0.10384364,0.042925,-0.042925,0.042925,0.5,0.5,288,COMPUTED
q158_sumn_20h,alpha158_rolling_direction,negative,4h,2024-06,0.00273021,-0.00273021,0.15135777,0.15135777,0.018038,-0.018038,0.018038,0.5079,0.4921,699,COMPUTED
q158_sumn_20h,alpha158_rolling_direction,negative,4h,2024-07,0.0174615,-0.0174615,0.17456888,0.17456888,0.100026,-0.100026,0.100026,0.5551,0.4449,744,COMPUTED
q158_sumn_20h,alpha158_rolling_direction,negative,4h,2024-08,0.04092456,-0.04092456,0.16297641,0.16297641,0.251107,-0.251107,0.251107,0.6008,0.3992,744,COMPUTED
q158_sumn_20h,alpha158_rolling_direction,negative,4h,2024-09,0.00678201,-0.00678201,0.14047287,0.14047287,0.04828,-0.04828,0.04828,0.5083,0.4917,720,COMPUTED
q158_sumn_20h,alpha158_rolling_direction,negative,4h,2024-10,0.04296575,-0.04296575,0.14936899,0.14936899,0.287648,-0.287648,0.287648,0.6089,0.3911,744,COMPUTED
q158_sumn_20h,alpha158_rolling_direction,negative,4h,2024-11,0.0182505,-0.0182505,0.18317226,0.18317226,0.099636,-0.099636,0.099636,0.5194,0.4806,720,COMPUTED
q158_sumn_20h,alpha158_rolling_direction,negative,4h,2024-12,0.04279361,-0.04279361,0.15811679,0.15811679,0.270646,-0.270646,0.270646,0.6129,0.3871,744,COMPUTED
q158_sumn_20h,alpha158_rolling_direction,negative,4h,2025-01,0.02187974,-0.02187974,0.17285177,0.17285177,0.126581,-0.126581,0.126581,0.5632,0.4368,744,COMPUTED
q158_sumn_20h,alpha158_rolling_direction,negative,4h,2025-02,0.00482274,-0.00482274,0.15728704,0.15728704,0.030662,-0.030662,0.030662,0.5,0.5,672,COMPUTED
q158_sumn_20h,alpha158_rolling_direction,negative,4h,2025-03,0.03168553,-0.03168553,0.15396724,0.15396724,0.205794,-0.205794,0.205794,0.5739,0.4261,744,COMPUTED
q158_sumn_20h,alpha158_rolling_direction,negative,4h,2025-04,0.00860777,-0.00860777,0.14957726,0.14957726,0.057547,-0.057547,0.057547,0.5181,0.4819,720,COMPUTED
q158_sumn_20h,alpha158_rolling_direction,negative,4h,2025-05,0.04036754,-0.04036754,0.13987034,0.13987034,0.288607,-0.288607,0.288607,0.6358,0.3642,744,COMPUTED
q158_sumn_20h,alpha158_rolling_direction,negative,4h,2025-06,0.04021831,-0.04021831,0.13933132,0.13933132,0.288652,-0.288652,0.288652,0.6042,0.3958,720,COMPUTED
q158_sumn_20h,alpha158_rolling_direction,negative,4h,2025-07,0.02144676,-0.02144676,0.13719493,0.13719493,0.156323,-0.156323,0.156323,0.5578,0.4422,744,COMPUTED
q158_sumn_20h,alpha158_rolling_direction,negative,4h,2025-08,0.00589708,-0.00589708,0.1230537,0.1230537,0.047923,-0.047923,0.047923,0.5309,0.4691,744,COMPUTED
q158_sumn_20h,alpha158_rolling_direction,negative,4h,2025-09,0.01875362,-0.01875362,0.12378903,0.12378903,0.151497,-0.151497,0.151497,0.5625,0.4375,720,COMPUTED
q158_sumn_20h,alpha158_rolling_direction,negative,4h,2025-10,0.03354079,-0.03354079,0.11497231,0.11497231,0.291729,-0.291729,0.291729,0.5981,0.4019,744,COMPUTED
q158_sumn_20h,alpha158_rolling_direction,negative,4h,2025-11,0.03014841,-0.03014841,0.11927174,0.11927174,0.252771,-0.252771,0.252771,0.6083,0.3917,720,COMPUTED
q158_sumn_20h,alpha158_rolling_direction,negative,4h,2025-12,0.04624632,-0.04624632,0.11530645,0.11530645,0.401073,-0.401073,0.401073,0.6532,0.3468,744,COMPUTED
q158_sumn_20h,alpha158_rolling_direction,negative,4h,2026-01,0.02823379,-0.02823379,0.1286905,0.1286905,0.219393,-0.219393,0.219393,0.6129,0.3871,744,COMPUTED
q158_sumn_20h,alpha158_rolling_direction,negative,4h,2026-02,0.02995769,-0.02995769,0.12463438,0.12463438,0.240365,-0.240365,0.240365,0.5982,0.4018,672,COMPUTED
q158_sumn_20h,alpha158_rolling_direction,negative,4h,2026-03,0.03329388,-0.03329388,0.11859331,0.11859331,0.28074,-0.28074,0.28074,0.6169,0.3831,744,COMPUTED
q158_sumn_20h,alpha158_rolling_direction,negative,4h,2026-04,0.04220452,-0.04220452,0.10599248,0.10599248,0.398184,-0.398184,0.398184,0.6583,0.3417,720,COMPUTED
q158_sumn_20h,alpha158_rolling_direction,negative,4h,2026-05,0.03093367,-0.03093367,0.10676676,0.10676676,0.289731,-0.289731,0.289731,0.6223,0.3777,744,COMPUTED
q158_sumn_20h,alpha158_rolling_direction,negative,4h,2026-06,-0.00598789,0.00598789,0.0971529,0.0971529,-0.061634,0.061634,-0.061634,0.4737,0.5263,285,COMPUTED
q158_sumn_20h,alpha158_rolling_direction,negative,24h,2024-06,-0.02983654,0.02983654,0.13594379,0.13594379,-0.219477,0.219477,-0.219477,0.4349,0.5651,699,COMPUTED
q158_sumn_20h,alpha158_rolling_direction,negative,24h,2024-07,0.01558877,-0.01558877,0.16167944,0.16167944,0.096418,-0.096418,0.096418,0.5255,0.4745,744,COMPUTED
q158_sumn_20h,alpha158_rolling_direction,negative,24h,2024-08,0.01066702,-0.01066702,0.14919485,0.14919485,0.071497,-0.071497,0.071497,0.4946,0.5054,744,COMPUTED
q158_sumn_20h,alpha158_rolling_direction,negative,24h,2024-09,0.00830932,-0.00830932,0.12769948,0.12769948,0.065069,-0.065069,0.065069,0.5625,0.4375,720,COMPUTED
q158_sumn_20h,alpha158_rolling_direction,negative,24h,2024-10,0.04804174,-0.04804174,0.15409153,0.15409153,0.311774,-0.311774,0.311774,0.5847,0.4153,744,COMPUTED
q158_sumn_20h,alpha158_rolling_direction,negative,24h,2024-11,0.02031536,-0.02031536,0.20235098,0.20235098,0.100397,-0.100397,0.100397,0.5125,0.4875,720,COMPUTED
q158_sumn_20h,alpha158_rolling_direction,negative,24h,2024-12,0.03909911,-0.03909911,0.14166426,0.14166426,0.275998,-0.275998,0.275998,0.5954,0.4046,744,COMPUTED
q158_sumn_20h,alpha158_rolling_direction,negative,24h,2025-01,-0.02520525,0.02520525,0.15675551,0.15675551,-0.160793,0.160793,-0.160793,0.4597,0.5403,744,COMPUTED
q158_sumn_20h,alpha158_rolling_direction,negative,24h,2025-02,-0.02472178,0.02472178,0.15370181,0.15370181,-0.160842,0.160842,-0.160842,0.3929,0.6071,672,COMPUTED
q158_sumn_20h,alpha158_rolling_direction,negative,24h,2025-03,0.01098691,-0.01098691,0.13744477,0.13744477,0.079937,-0.079937,0.079937,0.5376,0.4624,744,COMPUTED
q158_sumn_20h,alpha158_rolling_direction,negative,24h,2025-04,0.02407571,-0.02407571,0.1468913,0.1468913,0.163902,-0.163902,0.163902,0.5889,0.4111,720,COMPUTED
q158_sumn_20h,alpha158_rolling_direction,negative,24h,2025-05,0.06424887,-0.06424887,0.16981154,0.16981154,0.378354,-0.378354,0.378354,0.6532,0.3468,744,COMPUTED
q158_sumn_20h,alpha158_rolling_direction,negative,24h,2025-06,0.03997065,-0.03997065,0.14040749,0.14040749,0.284676,-0.284676,0.284676,0.5583,0.4417,720,COMPUTED
q158_sumn_20h,alpha158_rolling_direction,negative,24h,2025-07,0.01693045,-0.01693045,0.13785861,0.13785861,0.12281,-0.12281,0.12281,0.539,0.461,744,COMPUTED
q158_sumn_20h,alpha158_rolling_direction,negative,24h,2025-08,0.01659029,-0.01659029,0.14419299,0.14419299,0.115056,-0.115056,0.115056,0.5336,0.4664,744,COMPUTED
q158_sumn_20h,alpha158_rolling_direction,negative,24h,2025-09,0.02853516,-0.02853516,0.11495325,0.11495325,0.248233,-0.248233,0.248233,0.6083,0.3917,720,COMPUTED
q158_sumn_20h,alpha158_rolling_direction,negative,24h,2025-10,0.03009761,-0.03009761,0.11935173,0.11935173,0.252176,-0.252176,0.252176,0.625,0.375,744,COMPUTED
q158_sumn_20h,alpha158_rolling_direction,negative,24h,2025-11,0.03307724,-0.03307724,0.11605463,0.11605463,0.285014,-0.285014,0.285014,0.6069,0.3931,720,COMPUTED
q158_sumn_20h,alpha158_rolling_direction,negative,24h,2025-12,0.04131379,-0.04131379,0.12047827,0.12047827,0.342915,-0.342915,0.342915,0.664,0.336,744,COMPUTED
q158_sumn_20h,alpha158_rolling_direction,negative,24h,2026-01,0.02653273,-0.02653273,0.13152633,0.13152633,0.201729,-0.201729,0.201729,0.578,0.422,744,COMPUTED
q158_sumn_20h,alpha158_rolling_direction,negative,24h,2026-02,0.04468416,-0.04468416,0.13634739,0.13634739,0.327723,-0.327723,0.327723,0.6324,0.3676,672,COMPUTED
q158_sumn_20h,alpha158_rolling_direction,negative,24h,2026-03,0.02607439,-0.02607439,0.11779739,0.11779739,0.221349,-0.221349,0.221349,0.5901,0.4099,744,COMPUTED
q158_sumn_20h,alpha158_rolling_direction,negative,24h,2026-04,0.06649712,-0.06649712,0.12674672,0.12674672,0.524646,-0.524646,0.524646,0.7375,0.2625,720,COMPUTED
q158_sumn_20h,alpha158_rolling_direction,negative,24h,2026-05,0.0105865,-0.0105865,0.10263397,0.10263397,0.103148,-0.103148,0.103148,0.5296,0.4704,744,COMPUTED
q158_sumn_20h,alpha158_rolling_direction,negative,24h,2026-06,-0.02949708,0.02949708,0.10454473,0.10454473,-0.282148,0.282148,-0.282148,0.3774,0.6226,265,COMPUTED
q158_sumn_20h,alpha158_rolling_direction,negative,72h,2024-06,-0.04762217,0.04762217,0.1262862,0.1262862,-0.377097,0.377097,-0.377097,0.3147,0.6853,699,COMPUTED
q158_sumn_20h,alpha158_rolling_direction,negative,72h,2024-07,0.02945105,-0.02945105,0.16882521,0.16882521,0.174447,-0.174447,0.174447,0.5148,0.4839,744,COMPUTED
q158_sumn_20h,alpha158_rolling_direction,negative,72h,2024-08,0.0091339,-0.0091339,0.14543579,0.14543579,0.062804,-0.062804,0.062804,0.5175,0.4825,744,COMPUTED
q158_sumn_20h,alpha158_rolling_direction,negative,72h,2024-09,0.02655512,-0.02655512,0.13018009,0.13018009,0.203988,-0.203988,0.203988,0.5708,0.4292,720,COMPUTED
q158_sumn_20h,alpha158_rolling_direction,negative,72h,2024-10,0.07237593,-0.07237593,0.14368601,0.14368601,0.503709,-0.503709,0.503709,0.7218,0.2782,744,COMPUTED
q158_sumn_20h,alpha158_rolling_direction,negative,72h,2024-11,-0.03566967,0.03566967,0.18061625,0.18061625,-0.197489,0.197489,-0.197489,0.4542,0.5458,720,COMPUTED
q158_sumn_20h,alpha158_rolling_direction,negative,72h,2024-12,0.02448024,-0.02448024,0.12682522,0.12682522,0.193023,-0.193023,0.193023,0.5578,0.4422,744,COMPUTED
q158_sumn_20h,alpha158_rolling_direction,negative,72h,2025-01,-0.04116503,0.04116503,0.1668749,0.1668749,-0.246682,0.246682,-0.246682,0.3858,0.6142,744,COMPUTED
q158_sumn_20h,alpha158_rolling_direction,negative,72h,2025-02,0.0170406,-0.0170406,0.13948682,0.13948682,0.122166,-0.122166,0.122166,0.5238,0.4762,672,COMPUTED
q158_sumn_20h,alpha158_rolling_direction,negative,72h,2025-03,0.00425266,-0.00425266,0.12751658,0.12751658,0.03335,-0.03335,0.03335,0.5067,0.4933,744,COMPUTED
q158_sumn_20h,alpha158_rolling_direction,negative,72h,2025-04,0.00015807,-0.00015807,0.14758842,0.14758842,0.001071,-0.001071,0.001071,0.5319,0.4681,720,COMPUTED
q158_sumn_20h,alpha158_rolling_direction,negative,72h,2025-05,0.03698919,-0.03698919,0.14493433,0.14493433,0.255213,-0.255213,0.255213,0.6452,0.3548,744,COMPUTED
q158_sumn_20h,alpha158_rolling_direction,negative,72h,2025-06,0.04803578,-0.04803578,0.12438811,0.12438811,0.386177,-0.386177,0.386177,0.6417,0.3583,720,COMPUTED
q158_sumn_20h,alpha158_rolling_direction,negative,72h,2025-07,0.01409399,-0.01409399,0.12663199,0.12663199,0.111299,-0.111299,0.111299,0.5188,0.4812,744,COMPUTED
q158_sumn_20h,alpha158_rolling_direction,negative,72h,2025-08,0.03035882,-0.03035882,0.10338233,0.10338233,0.293656,-0.293656,0.293656,0.6196,0.3804,744,COMPUTED
q158_sumn_20h,alpha158_rolling_direction,negative,72h,2025-09,0.00775629,-0.00775629,0.123794,0.123794,0.062655,-0.062655,0.062655,0.5208,0.4792,720,COMPUTED
q158_sumn_20h,alpha158_rolling_direction,negative,72h,2025-10,0.01163518,-0.01163518,0.12273464,0.12273464,0.094799,-0.094799,0.094799,0.5565,0.4435,744,COMPUTED
q158_sumn_20h,alpha158_rolling_direction,negative,72h,2025-11,0.00460994,-0.00460994,0.09451275,0.09451275,0.048776,-0.048776,0.048776,0.5,0.5,720,COMPUTED
q158_sumn_20h,alpha158_rolling_direction,negative,72h,2025-12,0.03326431,-0.03326431,0.12104841,0.12104841,0.274802,-0.274802,0.274802,0.621,0.379,744,COMPUTED
q158_sumn_20h,alpha158_rolling_direction,negative,72h,2026-01,-0.00849972,0.00849972,0.11559626,0.11559626,-0.073529,0.073529,-0.073529,0.4624,0.5376,744,COMPUTED
q158_sumn_20h,alpha158_rolling_direction,negative,72h,2026-02,0.01662689,-0.01662689,0.10434711,0.10434711,0.159342,-0.159342,0.159342,0.5625,0.4375,672,COMPUTED
q158_sumn_20h,alpha158_rolling_direction,negative,72h,2026-03,0.01480306,-0.01480306,0.10630041,0.10630041,0.139257,-0.139257,0.139257,0.5269,0.4731,744,COMPUTED
q158_sumn_20h,alpha158_rolling_direction,negative,72h,2026-04,0.02865624,-0.02865624,0.09790045,0.09790045,0.292708,-0.292708,0.292708,0.6028,0.3972,720,COMPUTED
q158_sumn_20h,alpha158_rolling_direction,negative,72h,2026-05,0.00210552,-0.00210552,0.09428463,0.09428463,0.022332,-0.022332,0.022332,0.4933,0.5067,744,COMPUTED
q158_sumn_20h,alpha158_rolling_direction,negative,72h,2026-06,0.00739136,-0.00739136,0.08796317,0.08796317,0.084028,-0.084028,0.084028,0.5346,0.4654,217,COMPUTED
q158_vma_20h,alpha158_rolling_volume,conditional,1h,2024-06,-0.00803176,-0.00803176,0.1302432,0.1302432,-0.061667,-0.061667,-0.061667,0.4671,0.4671,700,COMPUTED
q158_vma_20h,alpha158_rolling_volume,conditional,1h,2024-07,0.00037801,0.00037801,0.12688854,0.12688854,0.002979,0.002979,0.002979,0.5013,0.5013,744,COMPUTED
q158_vma_20h,alpha158_rolling_volume,conditional,1h,2024-08,0.01417005,0.01417005,0.13243692,0.13243692,0.106995,0.106995,0.106995,0.5538,0.5538,744,COMPUTED
q158_vma_20h,alpha158_rolling_volume,conditional,1h,2024-09,0.0160068,0.0160068,0.12146642,0.12146642,0.13178,0.13178,0.13178,0.5375,0.5375,720,COMPUTED
q158_vma_20h,alpha158_rolling_volume,conditional,1h,2024-10,0.01025594,0.01025594,0.12372459,0.12372459,0.082893,0.082893,0.082893,0.5599,0.5599,743,COMPUTED
q158_vma_20h,alpha158_rolling_volume,conditional,1h,2024-11,0.0135554,0.0135554,0.13253235,0.13253235,0.10228,0.10228,0.10228,0.5556,0.5556,720,COMPUTED
q158_vma_20h,alpha158_rolling_volume,conditional,1h,2024-12,0.01108085,0.01108085,0.13204218,0.13204218,0.083919,0.083919,0.083919,0.5161,0.5161,744,COMPUTED
q158_vma_20h,alpha158_rolling_volume,conditional,1h,2025-01,0.01448849,0.01448849,0.12567259,0.12567259,0.115288,0.115288,0.115288,0.5591,0.5591,744,COMPUTED
q158_vma_20h,alpha158_rolling_volume,conditional,1h,2025-02,0.01120779,0.01120779,0.12126213,0.12126213,0.092426,0.092426,0.092426,0.5446,0.5446,672,COMPUTED
q158_vma_20h,alpha158_rolling_volume,conditional,1h,2025-03,0.0016934,0.0016934,0.11748161,0.11748161,0.014414,0.014414,0.014414,0.5027,0.5027,744,COMPUTED
q158_vma_20h,alpha158_rolling_volume,conditional,1h,2025-04,0.01351637,0.01351637,0.10536777,0.10536777,0.128278,0.128278,0.128278,0.5667,0.5667,720,COMPUTED
q158_vma_20h,alpha158_rolling_volume,conditional,1h,2025-05,0.00506078,0.00506078,0.11844083,0.11844083,0.042728,0.042728,0.042728,0.5134,0.5134,744,COMPUTED
q158_vma_20h,alpha158_rolling_volume,conditional,1h,2025-06,0.00494964,0.00494964,0.10710767,0.10710767,0.046212,0.046212,0.046212,0.5181,0.5181,720,COMPUTED
q158_vma_20h,alpha158_rolling_volume,conditional,1h,2025-07,0.01247527,0.01247527,0.10599106,0.10599106,0.117701,0.117701,0.117701,0.5565,0.5565,744,COMPUTED
q158_vma_20h,alpha158_rolling_volume,conditional,1h,2025-08,0.00740892,0.00740892,0.10679203,0.10679203,0.069377,0.069377,0.069377,0.5296,0.5296,744,COMPUTED
q158_vma_20h,alpha158_rolling_volume,conditional,1h,2025-09,0.00163446,0.00163446,0.09752012,0.09752012,0.01676,0.01676,0.01676,0.5153,0.5153,720,COMPUTED
q158_vma_20h,alpha158_rolling_volume,conditional,1h,2025-10,0.00678333,0.00678333,0.10425605,0.10425605,0.065064,0.065064,0.065064,0.539,0.539,744,COMPUTED
q158_vma_20h,alpha158_rolling_volume,conditional,1h,2025-11,0.00590336,0.00590336,0.09238647,0.09238647,0.063899,0.063899,0.063899,0.5056,0.5056,720,COMPUTED
q158_vma_20h,alpha158_rolling_volume,conditional,1h,2025-12,0.01466883,0.01466883,0.10013532,0.10013532,0.14649,0.14649,0.14649,0.5591,0.5591,744,COMPUTED
q158_vma_20h,alpha158_rolling_volume,conditional,1h,2026-01,0.00618074,0.00618074,0.10680675,0.10680675,0.057868,0.057868,0.057868,0.5148,0.5148,744,COMPUTED
q158_vma_20h,alpha158_rolling_volume,conditional,1h,2026-02,0.00623764,0.00623764,0.10674652,0.10674652,0.058434,0.058434,0.058434,0.558,0.558,672,COMPUTED
q158_vma_20h,alpha158_rolling_volume,conditional,1h,2026-03,-0.00591456,-0.00591456,0.09299548,0.09299548,-0.0636,-0.0636,-0.0636,0.4879,0.4879,744,COMPUTED
q158_vma_20h,alpha158_rolling_volume,conditional,1h,2026-04,-0.0006772,-0.0006772,0.09854302,0.09854302,-0.006872,-0.006872,-0.006872,0.5042,0.5042,720,COMPUTED
q158_vma_20h,alpha158_rolling_volume,conditional,1h,2026-05,0.00729988,0.00729988,0.08794322,0.08794322,0.083007,0.083007,0.083007,0.5242,0.5242,744,COMPUTED
q158_vma_20h,alpha158_rolling_volume,conditional,1h,2026-06,0.0139096,0.0139096,0.08922276,0.08922276,0.155897,0.155897,0.155897,0.566,0.566,288,COMPUTED
q158_vma_20h,alpha158_rolling_volume,conditional,4h,2024-06,-0.01993053,-0.01993053,0.1345526,0.1345526,-0.148124,-0.148124,-0.148124,0.44,0.44,700,COMPUTED
q158_vma_20h,alpha158_rolling_volume,conditional,4h,2024-07,0.0080912,0.0080912,0.13018819,0.13018819,0.06215,0.06215,0.06215,0.5282,0.5282,744,COMPUTED
q158_vma_20h,alpha158_rolling_volume,conditional,4h,2024-08,0.01771364,0.01771364,0.12886632,0.12886632,0.137457,0.137457,0.137457,0.5645,0.5645,744,COMPUTED
q158_vma_20h,alpha158_rolling_volume,conditional,4h,2024-09,0.0102154,0.0102154,0.11541571,0.11541571,0.08851,0.08851,0.08851,0.5153,0.5153,720,COMPUTED
q158_vma_20h,alpha158_rolling_volume,conditional,4h,2024-10,-0.00179852,-0.00179852,0.12093961,0.12093961,-0.014871,-0.014871,-0.014871,0.4718,0.4718,744,COMPUTED
q158_vma_20h,alpha158_rolling_volume,conditional,4h,2024-11,0.00890736,0.00890736,0.13479281,0.13479281,0.066082,0.066082,0.066082,0.5264,0.5264,720,COMPUTED
q158_vma_20h,alpha158_rolling_volume,conditional,4h,2024-12,0.00896409,0.00896409,0.12665822,0.12665822,0.070774,0.070774,0.070774,0.5188,0.5188,744,COMPUTED
q158_vma_20h,alpha158_rolling_volume,conditional,4h,2025-01,0.01351624,0.01351624,0.12695587,0.12695587,0.106464,0.106464,0.106464,0.5444,0.5444,744,COMPUTED
q158_vma_20h,alpha158_rolling_volume,conditional,4h,2025-02,0.01064752,0.01064752,0.12180223,0.12180223,0.087416,0.087416,0.087416,0.5268,0.5268,672,COMPUTED
q158_vma_20h,alpha158_rolling_volume,conditional,4h,2025-03,0.00517036,0.00517036,0.11818015,0.11818015,0.04375,0.04375,0.04375,0.5202,0.5202,744,COMPUTED
q158_vma_20h,alpha158_rolling_volume,conditional,4h,2025-04,0.01730188,0.01730188,0.10442177,0.10442177,0.165692,0.165692,0.165692,0.5792,0.5792,720,COMPUTED
q158_vma_20h,alpha158_rolling_volume,conditional,4h,2025-05,0.00407283,0.00407283,0.113548,0.113548,0.035869,0.035869,0.035869,0.5161,0.5161,744,COMPUTED
q158_vma_20h,alpha158_rolling_volume,conditional,4h,2025-06,0.00834382,0.00834382,0.10841613,0.10841613,0.076961,0.076961,0.076961,0.5569,0.5569,720,COMPUTED
q158_vma_20h,alpha158_rolling_volume,conditional,4h,2025-07,0.01014414,0.01014414,0.10225851,0.10225851,0.099201,0.099201,0.099201,0.5403,0.5403,744,COMPUTED
q158_vma_20h,alpha158_rolling_volume,conditional,4h,2025-08,0.00251763,0.00251763,0.10360226,0.10360226,0.024301,0.024301,0.024301,0.5242,0.5242,744,COMPUTED
q158_vma_20h,alpha158_rolling_volume,conditional,4h,2025-09,-0.00121566,-0.00121566,0.10000744,0.10000744,-0.012156,-0.012156,-0.012156,0.5153,0.5153,720,COMPUTED
q158_vma_20h,alpha158_rolling_volume,conditional,4h,2025-10,0.00897371,0.00897371,0.10128402,0.10128402,0.088599,0.088599,0.088599,0.5417,0.5417,744,COMPUTED
q158_vma_20h,alpha158_rolling_volume,conditional,4h,2025-11,0.00585657,0.00585657,0.0959282,0.0959282,0.061052,0.061052,0.061052,0.5222,0.5222,720,COMPUTED
q158_vma_20h,alpha158_rolling_volume,conditional,4h,2025-12,0.02112152,0.02112152,0.10198401,0.10198401,0.207106,0.207106,0.207106,0.582,0.582,744,COMPUTED
q158_vma_20h,alpha158_rolling_volume,conditional,4h,2026-01,0.00598194,0.00598194,0.11143239,0.11143239,0.053682,0.053682,0.053682,0.5188,0.5188,744,COMPUTED
q158_vma_20h,alpha158_rolling_volume,conditional,4h,2026-02,0.0146938,0.0146938,0.10561327,0.10561327,0.139128,0.139128,0.139128,0.5923,0.5923,672,COMPUTED
q158_vma_20h,alpha158_rolling_volume,conditional,4h,2026-03,-0.00116063,-0.00116063,0.09422291,0.09422291,-0.012318,-0.012318,-0.012318,0.5269,0.5269,744,COMPUTED
q158_vma_20h,alpha158_rolling_volume,conditional,4h,2026-04,-0.0025092,-0.0025092,0.10087153,0.10087153,-0.024875,-0.024875,-0.024875,0.5014,0.5014,720,COMPUTED
q158_vma_20h,alpha158_rolling_volume,conditional,4h,2026-05,0.0125861,0.0125861,0.08695085,0.08695085,0.14475,0.14475,0.14475,0.5578,0.5578,744,COMPUTED
q158_vma_20h,alpha158_rolling_volume,conditional,4h,2026-06,0.00794766,0.00794766,0.08811527,0.08811527,0.090196,0.090196,0.090196,0.5404,0.5404,285,COMPUTED
q158_vma_20h,alpha158_rolling_volume,conditional,24h,2024-06,0.01830375,0.01830375,0.12533784,0.12533784,0.146035,0.146035,0.146035,0.5814,0.5814,700,COMPUTED
q158_vma_20h,alpha158_rolling_volume,conditional,24h,2024-07,0.01096862,0.01096862,0.12364574,0.12364574,0.08871,0.08871,0.08871,0.5403,0.5403,744,COMPUTED
q158_vma_20h,alpha158_rolling_volume,conditional,24h,2024-08,0.02026538,0.02026538,0.12203763,0.12203763,0.166058,0.166058,0.166058,0.5618,0.5618,744,COMPUTED
q158_vma_20h,alpha158_rolling_volume,conditional,24h,2024-09,-0.00834848,-0.00834848,0.11425681,0.11425681,-0.073068,-0.073068,-0.073068,0.4708,0.4708,720,COMPUTED
q158_vma_20h,alpha158_rolling_volume,conditional,24h,2024-10,-0.00513455,-0.00513455,0.12079467,0.12079467,-0.042506,-0.042506,-0.042506,0.4973,0.4973,744,COMPUTED
q158_vma_20h,alpha158_rolling_volume,conditional,24h,2024-11,0.01104365,0.01104365,0.14252447,0.14252447,0.077486,0.077486,0.077486,0.5208,0.5208,720,COMPUTED
q158_vma_20h,alpha158_rolling_volume,conditional,24h,2024-12,0.00766287,0.00766287,0.12429914,0.12429914,0.061649,0.061649,0.061649,0.5121,0.5121,744,COMPUTED
q158_vma_20h,alpha158_rolling_volume,conditional,24h,2025-01,0.01533851,0.01533851,0.12063677,0.12063677,0.127146,0.127146,0.127146,0.5591,0.5591,744,COMPUTED
q158_vma_20h,alpha158_rolling_volume,conditional,24h,2025-02,0.02643744,0.02643744,0.11401533,0.11401533,0.231876,0.231876,0.231876,0.5685,0.5685,672,COMPUTED
q158_vma_20h,alpha158_rolling_volume,conditional,24h,2025-03,0.00174461,0.00174461,0.10538308,0.10538308,0.016555,0.016555,0.016555,0.5108,0.5108,744,COMPUTED
q158_vma_20h,alpha158_rolling_volume,conditional,24h,2025-04,0.00329461,0.00329461,0.09877078,0.09877078,0.033356,0.033356,0.033356,0.5278,0.5278,720,COMPUTED
q158_vma_20h,alpha158_rolling_volume,conditional,24h,2025-05,0.01162428,0.01162428,0.11670295,0.11670295,0.099606,0.099606,0.099606,0.5188,0.5188,744,COMPUTED
q158_vma_20h,alpha158_rolling_volume,conditional,24h,2025-06,0.0092065,0.0092065,0.10331214,0.10331214,0.089113,0.089113,0.089113,0.5361,0.5361,720,COMPUTED
q158_vma_20h,alpha158_rolling_volume,conditional,24h,2025-07,-0.01161188,-0.01161188,0.1097328,0.1097328,-0.10582,-0.10582,-0.10582,0.4718,0.4718,744,COMPUTED
q158_vma_20h,alpha158_rolling_volume,conditional,24h,2025-08,-0.01421054,-0.01421054,0.11173816,0.11173816,-0.127177,-0.127177,-0.127177,0.4677,0.4677,744,COMPUTED
q158_vma_20h,alpha158_rolling_volume,conditional,24h,2025-09,-0.00651456,-0.00651456,0.10035855,0.10035855,-0.064913,-0.064913,-0.064913,0.4847,0.4847,720,COMPUTED
q158_vma_20h,alpha158_rolling_volume,conditional,24h,2025-10,-0.00095277,-0.00095277,0.10234603,0.10234603,-0.009309,-0.009309,-0.009309,0.4798,0.4798,744,COMPUTED
q158_vma_20h,alpha158_rolling_volume,conditional,24h,2025-11,-0.00042038,-0.00042038,0.09252465,0.09252465,-0.004543,-0.004543,-0.004543,0.5222,0.5222,720,COMPUTED
q158_vma_20h,alpha158_rolling_volume,conditional,24h,2025-12,0.01510034,0.01510034,0.10083001,0.10083001,0.14976,0.14976,0.14976,0.5874,0.5874,744,COMPUTED
q158_vma_20h,alpha158_rolling_volume,conditional,24h,2026-01,0.00866126,0.00866126,0.10533091,0.10533091,0.082229,0.082229,0.082229,0.543,0.543,744,COMPUTED
q158_vma_20h,alpha158_rolling_volume,conditional,24h,2026-02,0.0075193,0.0075193,0.10460238,0.10460238,0.071885,0.071885,0.071885,0.5223,0.5223,672,COMPUTED
q158_vma_20h,alpha158_rolling_volume,conditional,24h,2026-03,-0.01644128,-0.01644128,0.09646098,0.09646098,-0.170445,-0.170445,-0.170445,0.4476,0.4476,744,COMPUTED
q158_vma_20h,alpha158_rolling_volume,conditional,24h,2026-04,-0.00203827,-0.00203827,0.09913244,0.09913244,-0.020561,-0.020561,-0.020561,0.5014,0.5014,720,COMPUTED
q158_vma_20h,alpha158_rolling_volume,conditional,24h,2026-05,0.00685073,0.00685073,0.07699674,0.07699674,0.088974,0.088974,0.088974,0.5255,0.5255,744,COMPUTED
q158_vma_20h,alpha158_rolling_volume,conditional,24h,2026-06,-0.00952135,-0.00952135,0.067457,0.067457,-0.141147,-0.141147,-0.141147,0.4226,0.4226,265,COMPUTED
q158_vma_20h,alpha158_rolling_volume,conditional,72h,2024-06,0.01391997,0.01391997,0.12078529,0.12078529,0.115246,0.115246,0.115246,0.5443,0.5443,700,COMPUTED
q158_vma_20h,alpha158_rolling_volume,conditional,72h,2024-07,0.00998781,0.00998781,0.11749105,0.11749105,0.085009,0.085009,0.085009,0.5551,0.5551,744,COMPUTED
q158_vma_20h,alpha158_rolling_volume,conditional,72h,2024-08,0.01291329,0.01291329,0.12080614,0.12080614,0.106893,0.106893,0.106893,0.5376,0.5376,744,COMPUTED
q158_vma_20h,alpha158_rolling_volume,conditional,72h,2024-09,-0.00645369,-0.00645369,0.1097351,0.1097351,-0.058812,-0.058812,-0.058812,0.4889,0.4889,720,COMPUTED
q158_vma_20h,alpha158_rolling_volume,conditional,72h,2024-10,-0.0041427,-0.0041427,0.12043281,0.12043281,-0.034398,-0.034398,-0.034398,0.5228,0.5228,744,COMPUTED
q158_vma_20h,alpha158_rolling_volume,conditional,72h,2024-11,-0.00432107,-0.00432107,0.14411013,0.14411013,-0.029984,-0.029984,-0.029984,0.4736,0.4736,720,COMPUTED
q158_vma_20h,alpha158_rolling_volume,conditional,72h,2024-12,0.01117634,0.01117634,0.12679524,0.12679524,0.088145,0.088145,0.088145,0.543,0.543,744,COMPUTED
q158_vma_20h,alpha158_rolling_volume,conditional,72h,2025-01,0.00569187,0.00569187,0.12250476,0.12250476,0.046462,0.046462,0.046462,0.5323,0.5323,744,COMPUTED
q158_vma_20h,alpha158_rolling_volume,conditional,72h,2025-02,0.02429116,0.02429116,0.11226727,0.11226727,0.216369,0.216369,0.216369,0.5536,0.5536,672,COMPUTED
q158_vma_20h,alpha158_rolling_volume,conditional,72h,2025-03,0.00996643,0.00996643,0.10097695,0.10097695,0.0987,0.0987,0.0987,0.5497,0.5497,744,COMPUTED
q158_vma_20h,alpha158_rolling_volume,conditional,72h,2025-04,0.00279905,0.00279905,0.09794877,0.09794877,0.028577,0.028577,0.028577,0.5153,0.5153,720,COMPUTED
q158_vma_20h,alpha158_rolling_volume,conditional,72h,2025-05,-0.01140469,-0.01140469,0.10572237,0.10572237,-0.107874,-0.107874,-0.107874,0.457,0.457,744,COMPUTED
q158_vma_20h,alpha158_rolling_volume,conditional,72h,2025-06,0.00283682,0.00283682,0.11211718,0.11211718,0.025302,0.025302,0.025302,0.5181,0.5181,720,COMPUTED
q158_vma_20h,alpha158_rolling_volume,conditional,72h,2025-07,-0.00694285,-0.00694285,0.1040093,0.1040093,-0.066752,-0.066752,-0.066752,0.4866,0.4866,744,COMPUTED
q158_vma_20h,alpha158_rolling_volume,conditional,72h,2025-08,-0.0092584,-0.0092584,0.10467021,0.10467021,-0.088453,-0.088453,-0.088453,0.4772,0.4772,744,COMPUTED
q158_vma_20h,alpha158_rolling_volume,conditional,72h,2025-09,-0.00582264,-0.00582264,0.09902029,0.09902029,-0.058802,-0.058802,-0.058802,0.4792,0.4792,720,COMPUTED
q158_vma_20h,alpha158_rolling_volume,conditional,72h,2025-10,0.00433599,0.00433599,0.09070887,0.09070887,0.047801,0.047801,0.047801,0.5511,0.5511,744,COMPUTED
q158_vma_20h,alpha158_rolling_volume,conditional,72h,2025-11,0.00769937,0.00769937,0.09127622,0.09127622,0.084352,0.084352,0.084352,0.5403,0.5403,720,COMPUTED
q158_vma_20h,alpha158_rolling_volume,conditional,72h,2025-12,0.0090467,0.0090467,0.09483544,0.09483544,0.095394,0.095394,0.095394,0.5511,0.5511,744,COMPUTED
q158_vma_20h,alpha158_rolling_volume,conditional,72h,2026-01,0.00535707,0.00535707,0.09636715,0.09636715,0.05559,0.05559,0.05559,0.5215,0.5215,744,COMPUTED
q158_vma_20h,alpha158_rolling_volume,conditional,72h,2026-02,0.0006519,0.0006519,0.10098544,0.10098544,0.006455,0.006455,0.006455,0.4836,0.4836,672,COMPUTED
q158_vma_20h,alpha158_rolling_volume,conditional,72h,2026-03,-0.00209081,-0.00209081,0.08740608,0.08740608,-0.023921,-0.023921,-0.023921,0.5081,0.5081,744,COMPUTED
q158_vma_20h,alpha158_rolling_volume,conditional,72h,2026-04,-0.00194156,-0.00194156,0.08438013,0.08438013,-0.02301,-0.02301,-0.02301,0.5292,0.5292,720,COMPUTED
q158_vma_20h,alpha158_rolling_volume,conditional,72h,2026-05,-0.01216286,-0.01216286,0.07868587,0.07868587,-0.154575,-0.154575,-0.154575,0.4274,0.4274,744,COMPUTED
q158_vma_20h,alpha158_rolling_volume,conditional,72h,2026-06,0.00351179,0.00351179,0.07209234,0.07209234,0.048712,0.048712,0.048712,0.47,0.47,217,COMPUTED
q158_vstd_20h,alpha158_rolling_volume,conditional,1h,2024-06,-0.00570459,-0.00570459,0.12607197,0.12607197,-0.045249,-0.045249,-0.045249,0.4914,0.4914,700,COMPUTED
q158_vstd_20h,alpha158_rolling_volume,conditional,1h,2024-07,0.00120606,0.00120606,0.1248754,0.1248754,0.009658,0.009658,0.009658,0.5054,0.5054,744,COMPUTED
q158_vstd_20h,alpha158_rolling_volume,conditional,1h,2024-08,0.01277265,0.01277265,0.13216348,0.13216348,0.096643,0.096643,0.096643,0.5578,0.5578,744,COMPUTED
q158_vstd_20h,alpha158_rolling_volume,conditional,1h,2024-09,0.01267584,0.01267584,0.11929771,0.11929771,0.106254,0.106254,0.106254,0.5333,0.5333,720,COMPUTED
q158_vstd_20h,alpha158_rolling_volume,conditional,1h,2024-10,0.01270907,0.01270907,0.12396533,0.12396533,0.102521,0.102521,0.102521,0.5424,0.5424,743,COMPUTED
q158_vstd_20h,alpha158_rolling_volume,conditional,1h,2024-11,0.01178654,0.01178654,0.13022377,0.13022377,0.09051,0.09051,0.09051,0.5653,0.5653,720,COMPUTED
q158_vstd_20h,alpha158_rolling_volume,conditional,1h,2024-12,0.01136417,0.01136417,0.12470575,0.12470575,0.091128,0.091128,0.091128,0.5175,0.5175,744,COMPUTED
q158_vstd_20h,alpha158_rolling_volume,conditional,1h,2025-01,0.02091285,0.02091285,0.12288883,0.12288883,0.170177,0.170177,0.170177,0.5511,0.5511,744,COMPUTED
q158_vstd_20h,alpha158_rolling_volume,conditional,1h,2025-02,0.01048419,0.01048419,0.12141931,0.12141931,0.086347,0.086347,0.086347,0.5327,0.5327,672,COMPUTED
q158_vstd_20h,alpha158_rolling_volume,conditional,1h,2025-03,0.00299381,0.00299381,0.11397801,0.11397801,0.026267,0.026267,0.026267,0.504,0.504,744,COMPUTED
q158_vstd_20h,alpha158_rolling_volume,conditional,1h,2025-04,0.01067519,0.01067519,0.09803962,0.09803962,0.108886,0.108886,0.108886,0.5514,0.5514,720,COMPUTED
q158_vstd_20h,alpha158_rolling_volume,conditional,1h,2025-05,0.00591427,0.00591427,0.11119983,0.11119983,0.053186,0.053186,0.053186,0.5309,0.5309,744,COMPUTED
q158_vstd_20h,alpha158_rolling_volume,conditional,1h,2025-06,0.00475706,0.00475706,0.10179169,0.10179169,0.046733,0.046733,0.046733,0.5333,0.5333,720,COMPUTED
q158_vstd_20h,alpha158_rolling_volume,conditional,1h,2025-07,0.0080486,0.0080486,0.10933592,0.10933592,0.073613,0.073613,0.073613,0.547,0.547,744,COMPUTED
q158_vstd_20h,alpha158_rolling_volume,conditional,1h,2025-08,0.01053104,0.01053104,0.10879255,0.10879255,0.096799,0.096799,0.096799,0.5323,0.5323,744,COMPUTED
q158_vstd_20h,alpha158_rolling_volume,conditional,1h,2025-09,0.00146719,0.00146719,0.09872132,0.09872132,0.014862,0.014862,0.014862,0.5181,0.5181,720,COMPUTED
q158_vstd_20h,alpha158_rolling_volume,conditional,1h,2025-10,0.00675114,0.00675114,0.10118112,0.10118112,0.066723,0.066723,0.066723,0.5349,0.5349,744,COMPUTED
q158_vstd_20h,alpha158_rolling_volume,conditional,1h,2025-11,-0.00045532,-0.00045532,0.09470444,0.09470444,-0.004808,-0.004808,-0.004808,0.4889,0.4889,720,COMPUTED
q158_vstd_20h,alpha158_rolling_volume,conditional,1h,2025-12,0.01139089,0.01139089,0.09801936,0.09801936,0.116211,0.116211,0.116211,0.5511,0.5511,744,COMPUTED
q158_vstd_20h,alpha158_rolling_volume,conditional,1h,2026-01,0.00553864,0.00553864,0.10222686,0.10222686,0.05418,0.05418,0.05418,0.5067,0.5067,744,COMPUTED
q158_vstd_20h,alpha158_rolling_volume,conditional,1h,2026-02,0.00754211,0.00754211,0.10153505,0.10153505,0.074281,0.074281,0.074281,0.5521,0.5521,672,COMPUTED
q158_vstd_20h,alpha158_rolling_volume,conditional,1h,2026-03,-0.00419808,-0.00419808,0.09358259,0.09358259,-0.04486,-0.04486,-0.04486,0.4946,0.4946,744,COMPUTED
q158_vstd_20h,alpha158_rolling_volume,conditional,1h,2026-04,-0.00603795,-0.00603795,0.09852281,0.09852281,-0.061285,-0.061285,-0.061285,0.4792,0.4792,720,COMPUTED
q158_vstd_20h,alpha158_rolling_volume,conditional,1h,2026-05,0.00299368,0.00299368,0.08692967,0.08692967,0.034438,0.034438,0.034438,0.5094,0.5094,744,COMPUTED
q158_vstd_20h,alpha158_rolling_volume,conditional,1h,2026-06,0.01524432,0.01524432,0.09594809,0.09594809,0.158881,0.158881,0.158881,0.5625,0.5625,288,COMPUTED
q158_vstd_20h,alpha158_rolling_volume,conditional,4h,2024-06,-0.01984418,-0.01984418,0.13364471,0.13364471,-0.148485,-0.148485,-0.148485,0.45,0.45,700,COMPUTED
q158_vstd_20h,alpha158_rolling_volume,conditional,4h,2024-07,0.00335727,0.00335727,0.12366108,0.12366108,0.027149,0.027149,0.027149,0.5134,0.5134,744,COMPUTED
q158_vstd_20h,alpha158_rolling_volume,conditional,4h,2024-08,0.01453292,0.01453292,0.1284674,0.1284674,0.113125,0.113125,0.113125,0.5497,0.5497,744,COMPUTED
q158_vstd_20h,alpha158_rolling_volume,conditional,4h,2024-09,0.00543537,0.00543537,0.12061835,0.12061835,0.045063,0.045063,0.045063,0.5083,0.5083,720,COMPUTED
q158_vstd_20h,alpha158_rolling_volume,conditional,4h,2024-10,0.00795365,0.00795365,0.11823465,0.11823465,0.06727,0.06727,0.06727,0.5484,0.5484,744,COMPUTED
q158_vstd_20h,alpha158_rolling_volume,conditional,4h,2024-11,0.00538968,0.00538968,0.13142264,0.13142264,0.04101,0.04101,0.04101,0.525,0.525,720,COMPUTED
q158_vstd_20h,alpha158_rolling_volume,conditional,4h,2024-12,0.00925567,0.00925567,0.12307381,0.12307381,0.075204,0.075204,0.075204,0.5242,0.5242,744,COMPUTED
q158_vstd_20h,alpha158_rolling_volume,conditional,4h,2025-01,0.02526174,0.02526174,0.12740077,0.12740077,0.198286,0.198286,0.198286,0.5645,0.5645,744,COMPUTED
q158_vstd_20h,alpha158_rolling_volume,conditional,4h,2025-02,0.01126879,0.01126879,0.13309938,0.13309938,0.084664,0.084664,0.084664,0.5387,0.5387,672,COMPUTED
q158_vstd_20h,alpha158_rolling_volume,conditional,4h,2025-03,0.0089116,0.0089116,0.11771634,0.11771634,0.075704,0.075704,0.075704,0.5309,0.5309,744,COMPUTED
q158_vstd_20h,alpha158_rolling_volume,conditional,4h,2025-04,0.01461892,0.01461892,0.09961577,0.09961577,0.146753,0.146753,0.146753,0.575,0.575,720,COMPUTED
q158_vstd_20h,alpha158_rolling_volume,conditional,4h,2025-05,0.00314183,0.00314183,0.10708444,0.10708444,0.02934,0.02934,0.02934,0.5067,0.5067,744,COMPUTED
q158_vstd_20h,alpha158_rolling_volume,conditional,4h,2025-06,0.00829169,0.00829169,0.09896069,0.09896069,0.083788,0.083788,0.083788,0.5389,0.5389,720,COMPUTED
q158_vstd_20h,alpha158_rolling_volume,conditional,4h,2025-07,0.00388104,0.00388104,0.10777653,0.10777653,0.03601,0.03601,0.03601,0.5108,0.5108,744,COMPUTED
q158_vstd_20h,alpha158_rolling_volume,conditional,4h,2025-08,0.0136166,0.0136166,0.102285,0.102285,0.133124,0.133124,0.133124,0.5632,0.5632,744,COMPUTED
q158_vstd_20h,alpha158_rolling_volume,conditional,4h,2025-09,0.00142438,0.00142438,0.09619153,0.09619153,0.014808,0.014808,0.014808,0.5069,0.5069,720,COMPUTED
q158_vstd_20h,alpha158_rolling_volume,conditional,4h,2025-10,0.00635582,0.00635582,0.09580767,0.09580767,0.066339,0.066339,0.066339,0.5363,0.5363,744,COMPUTED
q158_vstd_20h,alpha158_rolling_volume,conditional,4h,2025-11,-0.00419772,-0.00419772,0.09449651,0.09449651,-0.044422,-0.044422,-0.044422,0.4833,0.4833,720,COMPUTED
q158_vstd_20h,alpha158_rolling_volume,conditional,4h,2025-12,0.01573923,0.01573923,0.09835237,0.09835237,0.160029,0.160029,0.160029,0.582,0.582,744,COMPUTED
q158_vstd_20h,alpha158_rolling_volume,conditional,4h,2026-01,0.00465891,0.00465891,0.10684919,0.10684919,0.043603,0.043603,0.043603,0.504,0.504,744,COMPUTED
q158_vstd_20h,alpha158_rolling_volume,conditional,4h,2026-02,0.01799252,0.01799252,0.09909663,0.09909663,0.181565,0.181565,0.181565,0.6146,0.6146,672,COMPUTED
q158_vstd_20h,alpha158_rolling_volume,conditional,4h,2026-03,-0.00216985,-0.00216985,0.09184131,0.09184131,-0.023626,-0.023626,-0.023626,0.4906,0.4906,744,COMPUTED
q158_vstd_20h,alpha158_rolling_volume,conditional,4h,2026-04,-0.01365022,-0.01365022,0.10065265,0.10065265,-0.135617,-0.135617,-0.135617,0.4361,0.4361,720,COMPUTED
q158_vstd_20h,alpha158_rolling_volume,conditional,4h,2026-05,0.00486386,0.00486386,0.08829584,0.08829584,0.055086,0.055086,0.055086,0.5067,0.5067,744,COMPUTED
q158_vstd_20h,alpha158_rolling_volume,conditional,4h,2026-06,0.01190794,0.01190794,0.08621479,0.08621479,0.138119,0.138119,0.138119,0.5754,0.5754,285,COMPUTED
q158_vstd_20h,alpha158_rolling_volume,conditional,24h,2024-06,0.01180044,0.01180044,0.12003619,0.12003619,0.098307,0.098307,0.098307,0.56,0.56,700,COMPUTED
q158_vstd_20h,alpha158_rolling_volume,conditional,24h,2024-07,0.01870952,0.01870952,0.11924979,0.11924979,0.156894,0.156894,0.156894,0.5672,0.5672,744,COMPUTED
q158_vstd_20h,alpha158_rolling_volume,conditional,24h,2024-08,0.03329326,0.03329326,0.12098612,0.12098612,0.275182,0.275182,0.275182,0.6142,0.6142,744,COMPUTED
q158_vstd_20h,alpha158_rolling_volume,conditional,24h,2024-09,-0.0056175,-0.0056175,0.11726678,0.11726678,-0.047904,-0.047904,-0.047904,0.4889,0.4889,720,COMPUTED
q158_vstd_20h,alpha158_rolling_volume,conditional,24h,2024-10,0.00766493,0.00766493,0.1185414,0.1185414,0.06466,0.06466,0.06466,0.5444,0.5444,744,COMPUTED
q158_vstd_20h,alpha158_rolling_volume,conditional,24h,2024-11,-0.00215545,-0.00215545,0.13230281,0.13230281,-0.016292,-0.016292,-0.016292,0.4736,0.4736,720,COMPUTED
q158_vstd_20h,alpha158_rolling_volume,conditional,24h,2024-12,0.00291038,0.00291038,0.11965449,0.11965449,0.024323,0.024323,0.024323,0.5013,0.5013,744,COMPUTED
q158_vstd_20h,alpha158_rolling_volume,conditional,24h,2025-01,0.0452396,0.0452396,0.12259591,0.12259591,0.369014,0.369014,0.369014,0.6559,0.6559,744,COMPUTED
q158_vstd_20h,alpha158_rolling_volume,conditional,24h,2025-02,0.03321136,0.03321136,0.12680512,0.12680512,0.261909,0.261909,0.261909,0.6086,0.6086,672,COMPUTED
q158_vstd_20h,alpha158_rolling_volume,conditional,24h,2025-03,0.01194006,0.01194006,0.10839348,0.10839348,0.110155,0.110155,0.110155,0.5497,0.5497,744,COMPUTED
q158_vstd_20h,alpha158_rolling_volume,conditional,24h,2025-04,0.00792659,0.00792659,0.0934324,0.0934324,0.084838,0.084838,0.084838,0.5278,0.5278,720,COMPUTED
q158_vstd_20h,alpha158_rolling_volume,conditional,24h,2025-05,0.00078369,0.00078369,0.11516453,0.11516453,0.006805,0.006805,0.006805,0.5,0.5,744,COMPUTED
q158_vstd_20h,alpha158_rolling_volume,conditional,24h,2025-06,0.02418485,0.02418485,0.09749762,0.09749762,0.248056,0.248056,0.248056,0.5819,0.5819,720,COMPUTED
q158_vstd_20h,alpha158_rolling_volume,conditional,24h,2025-07,-0.0191946,-0.0191946,0.10976861,0.10976861,-0.174864,-0.174864,-0.174864,0.4449,0.4449,744,COMPUTED
q158_vstd_20h,alpha158_rolling_volume,conditional,24h,2025-08,0.0017294,0.0017294,0.11538409,0.11538409,0.014988,0.014988,0.014988,0.4879,0.4879,744,COMPUTED
q158_vstd_20h,alpha158_rolling_volume,conditional,24h,2025-09,-0.00348881,-0.00348881,0.09336975,0.09336975,-0.037366,-0.037366,-0.037366,0.4917,0.4917,720,COMPUTED
q158_vstd_20h,alpha158_rolling_volume,conditional,24h,2025-10,-0.00013333,-0.00013333,0.10879571,0.10879571,-0.001225,-0.001225,-0.001225,0.5134,0.5134,744,COMPUTED
q158_vstd_20h,alpha158_rolling_volume,conditional,24h,2025-11,-0.01264474,-0.01264474,0.08939591,0.08939591,-0.141447,-0.141447,-0.141447,0.4722,0.4722,720,COMPUTED
q158_vstd_20h,alpha158_rolling_volume,conditional,24h,2025-12,0.01441165,0.01441165,0.09451883,0.09451883,0.152474,0.152474,0.152474,0.5672,0.5672,744,COMPUTED
q158_vstd_20h,alpha158_rolling_volume,conditional,24h,2026-01,0.00301787,0.00301787,0.09798854,0.09798854,0.030798,0.030798,0.030798,0.5349,0.5349,744,COMPUTED
q158_vstd_20h,alpha158_rolling_volume,conditional,24h,2026-02,0.00298795,0.00298795,0.10183292,0.10183292,0.029342,0.029342,0.029342,0.5134,0.5134,672,COMPUTED
q158_vstd_20h,alpha158_rolling_volume,conditional,24h,2026-03,-0.02093319,-0.02093319,0.09348513,0.09348513,-0.22392,-0.22392,-0.22392,0.4167,0.4167,744,COMPUTED
q158_vstd_20h,alpha158_rolling_volume,conditional,24h,2026-04,-0.01318098,-0.01318098,0.09247034,0.09247034,-0.142543,-0.142543,-0.142543,0.4472,0.4472,720,COMPUTED
q158_vstd_20h,alpha158_rolling_volume,conditional,24h,2026-05,0.00042255,0.00042255,0.07177528,0.07177528,0.005887,0.005887,0.005887,0.5215,0.5215,744,COMPUTED
q158_vstd_20h,alpha158_rolling_volume,conditional,24h,2026-06,-0.00763767,-0.00763767,0.0730541,0.0730541,-0.104548,-0.104548,-0.104548,0.4642,0.4642,265,COMPUTED
q158_vstd_20h,alpha158_rolling_volume,conditional,72h,2024-06,0.02557047,0.02557047,0.1168534,0.1168534,0.218825,0.218825,0.218825,0.5871,0.5871,700,COMPUTED
q158_vstd_20h,alpha158_rolling_volume,conditional,72h,2024-07,0.03553362,0.03553362,0.11024633,0.11024633,0.322311,0.322311,0.322311,0.6263,0.6263,744,COMPUTED
q158_vstd_20h,alpha158_rolling_volume,conditional,72h,2024-08,0.03076665,0.03076665,0.1184212,0.1184212,0.259807,0.259807,0.259807,0.6156,0.6156,744,COMPUTED
q158_vstd_20h,alpha158_rolling_volume,conditional,72h,2024-09,-0.00935366,-0.00935366,0.11035346,0.11035346,-0.084761,-0.084761,-0.084761,0.4972,0.4972,720,COMPUTED
q158_vstd_20h,alpha158_rolling_volume,conditional,72h,2024-10,0.00438245,0.00438245,0.11976608,0.11976608,0.036592,0.036592,0.036592,0.5228,0.5228,744,COMPUTED
q158_vstd_20h,alpha158_rolling_volume,conditional,72h,2024-11,-0.01088333,-0.01088333,0.14032844,0.14032844,-0.077556,-0.077556,-0.077556,0.4375,0.4375,720,COMPUTED
q158_vstd_20h,alpha158_rolling_volume,conditional,72h,2024-12,0.00788101,0.00788101,0.12661157,0.12661157,0.062246,0.062246,0.062246,0.5323,0.5323,744,COMPUTED
q158_vstd_20h,alpha158_rolling_volume,conditional,72h,2025-01,0.0293606,0.0293606,0.11968505,0.11968505,0.245316,0.245316,0.245316,0.6102,0.6102,744,COMPUTED
q158_vstd_20h,alpha158_rolling_volume,conditional,72h,2025-02,0.04311425,0.04311425,0.11816544,0.11816544,0.364863,0.364863,0.364863,0.6176,0.6176,672,COMPUTED
q158_vstd_20h,alpha158_rolling_volume,conditional,72h,2025-03,0.02441228,0.02441228,0.10688185,0.10688185,0.228404,0.228404,0.228404,0.5847,0.5847,744,COMPUTED
q158_vstd_20h,alpha158_rolling_volume,conditional,72h,2025-04,0.00719727,0.00719727,0.09355865,0.09355865,0.076928,0.076928,0.076928,0.5208,0.5208,720,COMPUTED
q158_vstd_20h,alpha158_rolling_volume,conditional,72h,2025-05,-0.02362471,-0.02362471,0.10448047,0.10448047,-0.226116,-0.226116,-0.226116,0.3978,0.3978,744,COMPUTED
q158_vstd_20h,alpha158_rolling_volume,conditional,72h,2025-06,0.01758069,0.01758069,0.10262951,0.10262951,0.171302,0.171302,0.171302,0.5917,0.5917,720,COMPUTED
q158_vstd_20h,alpha158_rolling_volume,conditional,72h,2025-07,-0.0131662,-0.0131662,0.10972619,0.10972619,-0.119991,-0.119991,-0.119991,0.4785,0.4785,744,COMPUTED
q158_vstd_20h,alpha158_rolling_volume,conditional,72h,2025-08,-0.00553331,-0.00553331,0.10623504,0.10623504,-0.052086,-0.052086,-0.052086,0.5013,0.5013,744,COMPUTED
q158_vstd_20h,alpha158_rolling_volume,conditional,72h,2025-09,-0.01077474,-0.01077474,0.09649379,0.09649379,-0.111663,-0.111663,-0.111663,0.4917,0.4917,720,COMPUTED
q158_vstd_20h,alpha158_rolling_volume,conditional,72h,2025-10,0.01220812,0.01220812,0.08778686,0.08778686,0.139065,0.139065,0.139065,0.5591,0.5591,744,COMPUTED
q158_vstd_20h,alpha158_rolling_volume,conditional,72h,2025-11,0.00640218,0.00640218,0.09058563,0.09058563,0.070675,0.070675,0.070675,0.5458,0.5458,720,COMPUTED
q158_vstd_20h,alpha158_rolling_volume,conditional,72h,2025-12,0.00313952,0.00313952,0.09000654,0.09000654,0.034881,0.034881,0.034881,0.5108,0.5108,744,COMPUTED
q158_vstd_20h,alpha158_rolling_volume,conditional,72h,2026-01,0.00718877,0.00718877,0.09561484,0.09561484,0.075185,0.075185,0.075185,0.5484,0.5484,744,COMPUTED
q158_vstd_20h,alpha158_rolling_volume,conditional,72h,2026-02,-0.00591067,-0.00591067,0.10158714,0.10158714,-0.058183,-0.058183,-0.058183,0.4866,0.4866,672,COMPUTED
q158_vstd_20h,alpha158_rolling_volume,conditional,72h,2026-03,0.00519046,0.00519046,0.08608434,0.08608434,0.060295,0.060295,0.060295,0.5497,0.5497,744,COMPUTED
q158_vstd_20h,alpha158_rolling_volume,conditional,72h,2026-04,-0.01494453,-0.01494453,0.08088547,0.08088547,-0.184762,-0.184762,-0.184762,0.4417,0.4417,720,COMPUTED
q158_vstd_20h,alpha158_rolling_volume,conditional,72h,2026-05,-0.01365083,-0.01365083,0.07754347,0.07754347,-0.176041,-0.176041,-0.176041,0.4409,0.4409,744,COMPUTED
q158_vstd_20h,alpha158_rolling_volume,conditional,72h,2026-06,0.00852598,0.00852598,0.07774908,0.07774908,0.10966,0.10966,0.10966,0.5253,0.5253,217,COMPUTED
q158_wvma_20h,alpha158_rolling_volume,negative,1h,2024-06,0.00141027,-0.00141027,0.12072952,0.12072952,0.011681,-0.011681,0.011681,0.4878,0.5122,699,COMPUTED
q158_wvma_20h,alpha158_rolling_volume,negative,1h,2024-07,-0.00405536,0.00405536,0.12200463,0.12200463,-0.033239,0.033239,-0.033239,0.4812,0.5188,744,COMPUTED
q158_wvma_20h,alpha158_rolling_volume,negative,1h,2024-08,0.0025966,-0.0025966,0.12492572,0.12492572,0.020785,-0.020785,0.020785,0.5148,0.4852,744,COMPUTED
q158_wvma_20h,alpha158_rolling_volume,negative,1h,2024-09,-0.01294858,0.01294858,0.12166628,0.12166628,-0.106427,0.106427,-0.106427,0.4569,0.5431,720,COMPUTED
q158_wvma_20h,alpha158_rolling_volume,negative,1h,2024-10,-0.00267923,0.00267923,0.11511602,0.11511602,-0.023274,0.023274,-0.023274,0.4993,0.5007,743,COMPUTED
q158_wvma_20h,alpha158_rolling_volume,negative,1h,2024-11,-0.00777021,0.00777021,0.11212034,0.11212034,-0.069302,0.069302,-0.069302,0.4833,0.5167,720,COMPUTED
q158_wvma_20h,alpha158_rolling_volume,negative,1h,2024-12,0.00382568,-0.00382568,0.12739662,0.12739662,0.03003,-0.03003,0.03003,0.5134,0.4866,744,COMPUTED
q158_wvma_20h,alpha158_rolling_volume,negative,1h,2025-01,0.00146222,-0.00146222,0.11196057,0.11196057,0.01306,-0.01306,0.01306,0.4866,0.5134,744,COMPUTED
q158_wvma_20h,alpha158_rolling_volume,negative,1h,2025-02,-0.00361526,0.00361526,0.12955121,0.12955121,-0.027906,0.027906,-0.027906,0.503,0.497,672,COMPUTED
q158_wvma_20h,alpha158_rolling_volume,negative,1h,2025-03,-0.00260399,0.00260399,0.11854831,0.11854831,-0.021966,0.021966,-0.021966,0.4812,0.5188,744,COMPUTED
q158_wvma_20h,alpha158_rolling_volume,negative,1h,2025-04,-0.00083921,0.00083921,0.10241361,0.10241361,-0.008194,0.008194,-0.008194,0.475,0.525,720,COMPUTED
q158_wvma_20h,alpha158_rolling_volume,negative,1h,2025-05,-0.00274183,0.00274183,0.11069199,0.11069199,-0.02477,0.02477,-0.02477,0.4839,0.5161,744,COMPUTED
q158_wvma_20h,alpha158_rolling_volume,negative,1h,2025-06,-0.00609927,0.00609927,0.09912082,0.09912082,-0.061534,0.061534,-0.061534,0.4778,0.5222,720,COMPUTED
q158_wvma_20h,alpha158_rolling_volume,negative,1h,2025-07,-0.00653034,0.00653034,0.09618459,0.09618459,-0.067894,0.067894,-0.067894,0.4637,0.5363,744,COMPUTED
q158_wvma_20h,alpha158_rolling_volume,negative,1h,2025-08,0.00856828,-0.00856828,0.10295978,0.10295978,0.08322,-0.08322,0.08322,0.5282,0.4718,744,COMPUTED
q158_wvma_20h,alpha158_rolling_volume,negative,1h,2025-09,-0.00139294,0.00139294,0.09814472,0.09814472,-0.014193,0.014193,-0.014193,0.4847,0.5153,720,COMPUTED
q158_wvma_20h,alpha158_rolling_volume,negative,1h,2025-10,-0.00038338,0.00038338,0.09377871,0.09377871,-0.004088,0.004088,-0.004088,0.496,0.504,744,COMPUTED
q158_wvma_20h,alpha158_rolling_volume,negative,1h,2025-11,-0.01243099,0.01243099,0.09511104,0.09511104,-0.1307,0.1307,-0.1307,0.4583,0.5417,720,COMPUTED
q158_wvma_20h,alpha158_rolling_volume,negative,1h,2025-12,-0.0011372,0.0011372,0.10007268,0.10007268,-0.011364,0.011364,-0.011364,0.504,0.496,744,COMPUTED
q158_wvma_20h,alpha158_rolling_volume,negative,1h,2026-01,-0.00447313,0.00447313,0.09898728,0.09898728,-0.045189,0.045189,-0.045189,0.4973,0.5027,744,COMPUTED
q158_wvma_20h,alpha158_rolling_volume,negative,1h,2026-02,0.00732356,-0.00732356,0.09902697,0.09902697,0.073955,-0.073955,0.073955,0.5045,0.4955,672,COMPUTED
q158_wvma_20h,alpha158_rolling_volume,negative,1h,2026-03,-0.00087492,0.00087492,0.08900642,0.08900642,-0.00983,0.00983,-0.00983,0.4973,0.5027,744,COMPUTED
q158_wvma_20h,alpha158_rolling_volume,negative,1h,2026-04,-0.01126532,0.01126532,0.08426948,0.08426948,-0.133682,0.133682,-0.133682,0.4403,0.5597,720,COMPUTED
q158_wvma_20h,alpha158_rolling_volume,negative,1h,2026-05,-0.00646123,0.00646123,0.08142282,0.08142282,-0.079354,0.079354,-0.079354,0.4624,0.5376,744,COMPUTED
q158_wvma_20h,alpha158_rolling_volume,negative,1h,2026-06,0.00378273,-0.00378273,0.09435938,0.09435938,0.040088,-0.040088,0.040088,0.5174,0.4826,288,COMPUTED
q158_wvma_20h,alpha158_rolling_volume,negative,4h,2024-06,-0.00364149,0.00364149,0.13218143,0.13218143,-0.027549,0.027549,-0.027549,0.5036,0.4964,699,COMPUTED
q158_wvma_20h,alpha158_rolling_volume,negative,4h,2024-07,-0.00925077,0.00925077,0.11905914,0.11905914,-0.077699,0.077699,-0.077699,0.4624,0.5376,744,COMPUTED
q158_wvma_20h,alpha158_rolling_volume,negative,4h,2024-08,-0.00031617,0.00031617,0.12362907,0.12362907,-0.002557,0.002557,-0.002557,0.504,0.496,744,COMPUTED
q158_wvma_20h,alpha158_rolling_volume,negative,4h,2024-09,-0.02122526,0.02122526,0.12246001,0.12246001,-0.173324,0.173324,-0.173324,0.4222,0.5778,720,COMPUTED
q158_wvma_20h,alpha158_rolling_volume,negative,4h,2024-10,-0.00372191,0.00372191,0.12265057,0.12265057,-0.030346,0.030346,-0.030346,0.4852,0.5148,744,COMPUTED
q158_wvma_20h,alpha158_rolling_volume,negative,4h,2024-11,-0.01489152,0.01489152,0.11689751,0.11689751,-0.12739,0.12739,-0.12739,0.4625,0.5375,720,COMPUTED
q158_wvma_20h,alpha158_rolling_volume,negative,4h,2024-12,0.01277014,-0.01277014,0.12595115,0.12595115,0.10139,-0.10139,0.10139,0.5484,0.4516,744,COMPUTED
q158_wvma_20h,alpha158_rolling_volume,negative,4h,2025-01,0.00709887,-0.00709887,0.11888802,0.11888802,0.059711,-0.059711,0.059711,0.5323,0.4677,744,COMPUTED
q158_wvma_20h,alpha158_rolling_volume,negative,4h,2025-02,-0.00409924,0.00409924,0.13219891,0.13219891,-0.031008,0.031008,-0.031008,0.4836,0.5164,672,COMPUTED
q158_wvma_20h,alpha158_rolling_volume,negative,4h,2025-03,-0.00404502,0.00404502,0.11643016,0.11643016,-0.034742,0.034742,-0.034742,0.4664,0.5336,744,COMPUTED
q158_wvma_20h,alpha158_rolling_volume,negative,4h,2025-04,0.00317193,-0.00317193,0.10632902,0.10632902,0.029831,-0.029831,0.029831,0.525,0.475,720,COMPUTED
q158_wvma_20h,alpha158_rolling_volume,negative,4h,2025-05,-0.00949292,0.00949292,0.10709596,0.10709596,-0.088639,0.088639,-0.088639,0.4422,0.5578,744,COMPUTED
q158_wvma_20h,alpha158_rolling_volume,negative,4h,2025-06,-0.00685421,0.00685421,0.10268583,0.10268583,-0.066749,0.066749,-0.066749,0.4833,0.5167,720,COMPUTED
q158_wvma_20h,alpha158_rolling_volume,negative,4h,2025-07,-0.01032485,0.01032485,0.10422597,0.10422597,-0.099062,0.099062,-0.099062,0.461,0.539,744,COMPUTED
q158_wvma_20h,alpha158_rolling_volume,negative,4h,2025-08,0.01553203,-0.01553203,0.10495595,0.10495595,0.147986,-0.147986,0.147986,0.5524,0.4476,744,COMPUTED
q158_wvma_20h,alpha158_rolling_volume,negative,4h,2025-09,-0.00115448,0.00115448,0.09490297,0.09490297,-0.012165,0.012165,-0.012165,0.4986,0.5014,720,COMPUTED
q158_wvma_20h,alpha158_rolling_volume,negative,4h,2025-10,-0.0006356,0.0006356,0.09253556,0.09253556,-0.006869,0.006869,-0.006869,0.4973,0.5027,744,COMPUTED
q158_wvma_20h,alpha158_rolling_volume,negative,4h,2025-11,-0.0239994,0.0239994,0.09838451,0.09838451,-0.243935,0.243935,-0.243935,0.3958,0.6042,720,COMPUTED
q158_wvma_20h,alpha158_rolling_volume,negative,4h,2025-12,-0.00082592,0.00082592,0.10197375,0.10197375,-0.008099,0.008099,-0.008099,0.4825,0.5175,744,COMPUTED
q158_wvma_20h,alpha158_rolling_volume,negative,4h,2026-01,-0.00617325,0.00617325,0.10041136,0.10041136,-0.06148,0.06148,-0.06148,0.4677,0.5323,744,COMPUTED
q158_wvma_20h,alpha158_rolling_volume,negative,4h,2026-02,0.01866937,-0.01866937,0.10424107,0.10424107,0.179098,-0.179098,0.179098,0.5744,0.4256,672,COMPUTED
q158_wvma_20h,alpha158_rolling_volume,negative,4h,2026-03,-0.00776669,0.00776669,0.09381471,0.09381471,-0.082788,0.082788,-0.082788,0.461,0.539,744,COMPUTED
q158_wvma_20h,alpha158_rolling_volume,negative,4h,2026-04,-0.02754053,0.02754053,0.08782611,0.08782611,-0.31358,0.31358,-0.31358,0.3681,0.6319,720,COMPUTED
q158_wvma_20h,alpha158_rolling_volume,negative,4h,2026-05,-0.01331309,0.01331309,0.08774285,0.08774285,-0.151729,0.151729,-0.151729,0.4315,0.5685,744,COMPUTED
q158_wvma_20h,alpha158_rolling_volume,negative,4h,2026-06,0.01134139,-0.01134139,0.08951692,0.08951692,0.126695,-0.126695,0.126695,0.5333,0.4667,285,COMPUTED
q158_wvma_20h,alpha158_rolling_volume,negative,24h,2024-06,0.00432979,-0.00432979,0.10962239,0.10962239,0.039497,-0.039497,0.039497,0.5265,0.4735,699,COMPUTED
q158_wvma_20h,alpha158_rolling_volume,negative,24h,2024-07,0.00140328,-0.00140328,0.12698128,0.12698128,0.011051,-0.011051,0.011051,0.5242,0.4758,744,COMPUTED
q158_wvma_20h,alpha158_rolling_volume,negative,24h,2024-08,0.01688675,-0.01688675,0.12681162,0.12681162,0.133164,-0.133164,0.133164,0.5551,0.4449,744,COMPUTED
q158_wvma_20h,alpha158_rolling_volume,negative,24h,2024-09,-0.02186165,0.02186165,0.12517337,0.12517337,-0.174651,0.174651,-0.174651,0.4639,0.5361,720,COMPUTED
q158_wvma_20h,alpha158_rolling_volume,negative,24h,2024-10,0.0053228,-0.0053228,0.12464033,0.12464033,0.042705,-0.042705,0.042705,0.4973,0.5027,744,COMPUTED
q158_wvma_20h,alpha158_rolling_volume,negative,24h,2024-11,-0.03867024,0.03867024,0.12766669,0.12766669,-0.3029,0.3029,-0.3029,0.3931,0.6069,720,COMPUTED
q158_wvma_20h,alpha158_rolling_volume,negative,24h,2024-12,0.01862923,-0.01862923,0.12191468,0.12191468,0.152806,-0.152806,0.152806,0.5511,0.4489,744,COMPUTED
q158_wvma_20h,alpha158_rolling_volume,negative,24h,2025-01,0.01351591,-0.01351591,0.12364841,0.12364841,0.109309,-0.109309,0.109309,0.5524,0.4476,744,COMPUTED
q158_wvma_20h,alpha158_rolling_volume,negative,24h,2025-02,0.02006301,-0.02006301,0.13362809,0.13362809,0.150141,-0.150141,0.150141,0.5312,0.4688,672,COMPUTED
q158_wvma_20h,alpha158_rolling_volume,negative,24h,2025-03,-0.00552324,0.00552324,0.0973896,0.0973896,-0.056713,0.056713,-0.056713,0.4637,0.5363,744,COMPUTED
q158_wvma_20h,alpha158_rolling_volume,negative,24h,2025-04,0.00492587,-0.00492587,0.0918751,0.0918751,0.053615,-0.053615,0.053615,0.525,0.475,720,COMPUTED
q158_wvma_20h,alpha158_rolling_volume,negative,24h,2025-05,-0.02344321,0.02344321,0.10856818,0.10856818,-0.215931,0.215931,-0.215931,0.4019,0.5981,744,COMPUTED
q158_wvma_20h,alpha158_rolling_volume,negative,24h,2025-06,0.01139064,-0.01139064,0.10548043,0.10548043,0.107988,-0.107988,0.107988,0.4944,0.5056,720,COMPUTED
q158_wvma_20h,alpha158_rolling_volume,negative,24h,2025-07,-0.01378709,0.01378709,0.10682381,0.10682381,-0.129064,0.129064,-0.129064,0.4409,0.5591,744,COMPUTED
q158_wvma_20h,alpha158_rolling_volume,negative,24h,2025-08,0.02450714,-0.02450714,0.11278121,0.11278121,0.217298,-0.217298,0.217298,0.5887,0.4113,744,COMPUTED
q158_wvma_20h,alpha158_rolling_volume,negative,24h,2025-09,-0.00996325,0.00996325,0.09097994,0.09097994,-0.10951,0.10951,-0.10951,0.4333,0.5667,720,COMPUTED
q158_wvma_20h,alpha158_rolling_volume,negative,24h,2025-10,-0.00147558,0.00147558,0.09549112,0.09549112,-0.015453,0.015453,-0.015453,0.5054,0.4946,744,COMPUTED
q158_wvma_20h,alpha158_rolling_volume,negative,24h,2025-11,-0.04062705,0.04062705,0.0902181,0.0902181,-0.45032,0.45032,-0.45032,0.3083,0.6917,720,COMPUTED
q158_wvma_20h,alpha158_rolling_volume,negative,24h,2025-12,0.00881605,-0.00881605,0.09210548,0.09210548,0.095717,-0.095717,0.095717,0.5228,0.4772,744,COMPUTED
q158_wvma_20h,alpha158_rolling_volume,negative,24h,2026-01,-0.01529621,0.01529621,0.1045198,0.1045198,-0.146347,0.146347,-0.146347,0.4651,0.5349,744,COMPUTED
q158_wvma_20h,alpha158_rolling_volume,negative,24h,2026-02,0.00328518,-0.00328518,0.1070498,0.1070498,0.030688,-0.030688,0.030688,0.4836,0.5164,672,COMPUTED
q158_wvma_20h,alpha158_rolling_volume,negative,24h,2026-03,-0.01965571,0.01965571,0.08110588,0.08110588,-0.242346,0.242346,-0.242346,0.371,0.629,744,COMPUTED
q158_wvma_20h,alpha158_rolling_volume,negative,24h,2026-04,-0.03581824,0.03581824,0.07899754,0.07899754,-0.45341,0.45341,-0.45341,0.3264,0.6736,720,COMPUTED
q158_wvma_20h,alpha158_rolling_volume,negative,24h,2026-05,-0.02198537,0.02198537,0.0749307,0.0749307,-0.293409,0.293409,-0.293409,0.3723,0.6277,744,COMPUTED
q158_wvma_20h,alpha158_rolling_volume,negative,24h,2026-06,0.02820338,-0.02820338,0.07982398,0.07982398,0.35332,-0.35332,0.35332,0.6528,0.3472,265,COMPUTED
q158_wvma_20h,alpha158_rolling_volume,negative,72h,2024-06,0.03511951,-0.03511951,0.11801301,0.11801301,0.29759,-0.29759,0.29759,0.5823,0.4177,699,COMPUTED
q158_wvma_20h,alpha158_rolling_volume,negative,72h,2024-07,0.0339828,-0.0339828,0.1213873,0.1213873,0.279953,-0.279953,0.279953,0.5981,0.4019,744,COMPUTED
q158_wvma_20h,alpha158_rolling_volume,negative,72h,2024-08,0.02924972,-0.02924972,0.12422277,0.12422277,0.235462,-0.235462,0.235462,0.5941,0.4059,744,COMPUTED
q158_wvma_20h,alpha158_rolling_volume,negative,72h,2024-09,-0.01443282,0.01443282,0.11043476,0.11043476,-0.130691,0.130691,-0.130691,0.4681,0.5319,720,COMPUTED
q158_wvma_20h,alpha158_rolling_volume,negative,72h,2024-10,-0.01510426,0.01510426,0.12383206,0.12383206,-0.121974,0.121974,-0.121974,0.4086,0.5914,744,COMPUTED
q158_wvma_20h,alpha158_rolling_volume,negative,72h,2024-11,-0.04385925,0.04385925,0.13113915,0.13113915,-0.334448,0.334448,-0.334448,0.3639,0.6361,720,COMPUTED
q158_wvma_20h,alpha158_rolling_volume,negative,72h,2024-12,-0.00538239,0.00538239,0.12223672,0.12223672,-0.044033,0.044033,-0.044033,0.4489,0.5511,744,COMPUTED
q158_wvma_20h,alpha158_rolling_volume,negative,72h,2025-01,0.01416104,-0.01416104,0.12175492,0.12175492,0.116308,-0.116308,0.116308,0.5296,0.4704,744,COMPUTED
q158_wvma_20h,alpha158_rolling_volume,negative,72h,2025-02,0.03352363,-0.03352363,0.13261955,0.13261955,0.25278,-0.25278,0.25278,0.6161,0.3839,672,COMPUTED
q158_wvma_20h,alpha158_rolling_volume,negative,72h,2025-03,0.00522451,-0.00522451,0.1019364,0.1019364,0.051253,-0.051253,0.051253,0.5336,0.4664,744,COMPUTED
q158_wvma_20h,alpha158_rolling_volume,negative,72h,2025-04,-0.00732106,0.00732106,0.09181926,0.09181926,-0.079733,0.079733,-0.079733,0.4431,0.5569,720,COMPUTED
q158_wvma_20h,alpha158_rolling_volume,negative,72h,2025-05,-0.02335028,0.02335028,0.10189131,0.10189131,-0.229169,0.229169,-0.229169,0.4005,0.5995,744,COMPUTED
q158_wvma_20h,alpha158_rolling_volume,negative,72h,2025-06,0.00294617,-0.00294617,0.11326545,0.11326545,0.026011,-0.026011,0.026011,0.4597,0.5403,720,COMPUTED
q158_wvma_20h,alpha158_rolling_volume,negative,72h,2025-07,-0.01904555,0.01904555,0.10236096,0.10236096,-0.186063,0.186063,-0.186063,0.4046,0.5954,744,COMPUTED
q158_wvma_20h,alpha158_rolling_volume,negative,72h,2025-08,-0.0004665,0.0004665,0.10023589,0.10023589,-0.004654,0.004654,-0.004654,0.5282,0.4718,744,COMPUTED
q158_wvma_20h,alpha158_rolling_volume,negative,72h,2025-09,-0.01713609,0.01713609,0.08685941,0.08685941,-0.197285,0.197285,-0.197285,0.4097,0.5903,720,COMPUTED
q158_wvma_20h,alpha158_rolling_volume,negative,72h,2025-10,0.0067038,-0.0067038,0.08722786,0.08722786,0.076854,-0.076854,0.076854,0.5255,0.4745,744,COMPUTED
q158_wvma_20h,alpha158_rolling_volume,negative,72h,2025-11,-0.0153667,0.0153667,0.08099372,0.08099372,-0.189727,0.189727,-0.189727,0.4222,0.5778,720,COMPUTED
q158_wvma_20h,alpha158_rolling_volume,negative,72h,2025-12,-0.02124517,0.02124517,0.10070111,0.10070111,-0.210973,0.210973,-0.210973,0.4247,0.5753,744,COMPUTED
q158_wvma_20h,alpha158_rolling_volume,negative,72h,2026-01,-0.01773117,0.01773117,0.09526247,0.09526247,-0.18613,0.18613,-0.18613,0.4422,0.5578,744,COMPUTED
q158_wvma_20h,alpha158_rolling_volume,negative,72h,2026-02,0.00178194,-0.00178194,0.08751229,0.08751229,0.020362,-0.020362,0.020362,0.4836,0.5164,672,COMPUTED
q158_wvma_20h,alpha158_rolling_volume,negative,72h,2026-03,0.00314088,-0.00314088,0.08213853,0.08213853,0.038239,-0.038239,0.038239,0.504,0.496,744,COMPUTED
q158_wvma_20h,alpha158_rolling_volume,negative,72h,2026-04,-0.04165385,0.04165385,0.07547684,0.07547684,-0.551876,0.551876,-0.551876,0.3083,0.6917,720,COMPUTED
q158_wvma_20h,alpha158_rolling_volume,negative,72h,2026-05,-0.01581126,0.01581126,0.07692763,0.07692763,-0.205534,0.205534,-0.205534,0.4167,0.5833,744,COMPUTED
q158_wvma_20h,alpha158_rolling_volume,negative,72h,2026-06,0.02682874,-0.02682874,0.07742972,0.07742972,0.346491,-0.346491,0.346491,0.6267,0.3733,217,COMPUTED
q158_vsump_20h,alpha158_rolling_volume,conditional,1h,2024-06,0.00879373,0.00879373,0.13160722,0.13160722,0.066818,0.066818,0.066818,0.5122,0.5122,699,COMPUTED
q158_vsump_20h,alpha158_rolling_volume,conditional,1h,2024-07,-0.00649229,-0.00649229,0.12532649,0.12532649,-0.051803,-0.051803,-0.051803,0.4866,0.4866,744,COMPUTED
q158_vsump_20h,alpha158_rolling_volume,conditional,1h,2024-08,-0.01140096,-0.01140096,0.12703442,0.12703442,-0.089747,-0.089747,-0.089747,0.4772,0.4772,744,COMPUTED
q158_vsump_20h,alpha158_rolling_volume,conditional,1h,2024-09,-0.01317134,-0.01317134,0.12086952,0.12086952,-0.108972,-0.108972,-0.108972,0.4667,0.4667,720,COMPUTED
q158_vsump_20h,alpha158_rolling_volume,conditional,1h,2024-10,-0.00899278,-0.00899278,0.12162447,0.12162447,-0.073939,-0.073939,-0.073939,0.463,0.463,743,COMPUTED
q158_vsump_20h,alpha158_rolling_volume,conditional,1h,2024-11,-0.01234567,-0.01234567,0.12841429,0.12841429,-0.096139,-0.096139,-0.096139,0.4361,0.4361,720,COMPUTED
q158_vsump_20h,alpha158_rolling_volume,conditional,1h,2024-12,-0.01076366,-0.01076366,0.13037836,0.13037836,-0.082557,-0.082557,-0.082557,0.4731,0.4731,744,COMPUTED
q158_vsump_20h,alpha158_rolling_volume,conditional,1h,2025-01,-0.00898537,-0.00898537,0.12451239,0.12451239,-0.072164,-0.072164,-0.072164,0.4543,0.4543,744,COMPUTED
q158_vsump_20h,alpha158_rolling_volume,conditional,1h,2025-02,-0.01307758,-0.01307758,0.12695916,0.12695916,-0.103006,-0.103006,-0.103006,0.4613,0.4613,672,COMPUTED
q158_vsump_20h,alpha158_rolling_volume,conditional,1h,2025-03,-0.0027467,-0.0027467,0.11653053,0.11653053,-0.023571,-0.023571,-0.023571,0.4812,0.4812,744,COMPUTED
q158_vsump_20h,alpha158_rolling_volume,conditional,1h,2025-04,-0.00473817,-0.00473817,0.10930235,0.10930235,-0.043349,-0.043349,-0.043349,0.4806,0.4806,720,COMPUTED
q158_vsump_20h,alpha158_rolling_volume,conditional,1h,2025-05,-0.00628806,-0.00628806,0.11890831,0.11890831,-0.052882,-0.052882,-0.052882,0.4691,0.4691,744,COMPUTED
q158_vsump_20h,alpha158_rolling_volume,conditional,1h,2025-06,-0.00104392,-0.00104392,0.11298797,0.11298797,-0.009239,-0.009239,-0.009239,0.4722,0.4722,720,COMPUTED
q158_vsump_20h,alpha158_rolling_volume,conditional,1h,2025-07,-0.01348433,-0.01348433,0.11023829,0.11023829,-0.12232,-0.12232,-0.12232,0.4435,0.4435,744,COMPUTED
q158_vsump_20h,alpha158_rolling_volume,conditional,1h,2025-08,-0.00289995,-0.00289995,0.11362268,0.11362268,-0.025523,-0.025523,-0.025523,0.4798,0.4798,744,COMPUTED
q158_vsump_20h,alpha158_rolling_volume,conditional,1h,2025-09,-0.00415034,-0.00415034,0.10162182,0.10162182,-0.040841,-0.040841,-0.040841,0.4597,0.4597,720,COMPUTED
q158_vsump_20h,alpha158_rolling_volume,conditional,1h,2025-10,-0.00515141,-0.00515141,0.10101405,0.10101405,-0.050997,-0.050997,-0.050997,0.4583,0.4583,744,COMPUTED
q158_vsump_20h,alpha158_rolling_volume,conditional,1h,2025-11,-0.0050254,-0.0050254,0.09553025,0.09553025,-0.052605,-0.052605,-0.052605,0.4889,0.4889,720,COMPUTED
q158_vsump_20h,alpha158_rolling_volume,conditional,1h,2025-12,-0.01585289,-0.01585289,0.10268583,0.10268583,-0.154382,-0.154382,-0.154382,0.4543,0.4543,744,COMPUTED
q158_vsump_20h,alpha158_rolling_volume,conditional,1h,2026-01,-0.00253699,-0.00253699,0.10618416,0.10618416,-0.023892,-0.023892,-0.023892,0.4798,0.4798,744,COMPUTED
q158_vsump_20h,alpha158_rolling_volume,conditional,1h,2026-02,-0.00247596,-0.00247596,0.10011186,0.10011186,-0.024732,-0.024732,-0.024732,0.497,0.497,672,COMPUTED
q158_vsump_20h,alpha158_rolling_volume,conditional,1h,2026-03,0.0047816,0.0047816,0.09367685,0.09367685,0.051044,0.051044,0.051044,0.5134,0.5134,744,COMPUTED
q158_vsump_20h,alpha158_rolling_volume,conditional,1h,2026-04,-0.00067252,-0.00067252,0.09609021,0.09609021,-0.006999,-0.006999,-0.006999,0.4931,0.4931,720,COMPUTED
q158_vsump_20h,alpha158_rolling_volume,conditional,1h,2026-05,-0.00633321,-0.00633321,0.08895667,0.08895667,-0.071194,-0.071194,-0.071194,0.4597,0.4597,744,COMPUTED
q158_vsump_20h,alpha158_rolling_volume,conditional,1h,2026-06,-0.00540564,-0.00540564,0.09043731,0.09043731,-0.059772,-0.059772,-0.059772,0.4861,0.4861,288,COMPUTED
q158_vsump_20h,alpha158_rolling_volume,conditional,4h,2024-06,0.00229542,0.00229542,0.1329227,0.1329227,0.017269,0.017269,0.017269,0.4936,0.4936,699,COMPUTED
q158_vsump_20h,alpha158_rolling_volume,conditional,4h,2024-07,-0.01667475,-0.01667475,0.13113747,0.13113747,-0.127155,-0.127155,-0.127155,0.4368,0.4368,744,COMPUTED
q158_vsump_20h,alpha158_rolling_volume,conditional,4h,2024-08,-0.01777641,-0.01777641,0.12491531,0.12491531,-0.142308,-0.142308,-0.142308,0.4409,0.4409,744,COMPUTED
q158_vsump_20h,alpha158_rolling_volume,conditional,4h,2024-09,-0.00490793,-0.00490793,0.11580727,0.11580727,-0.04238,-0.04238,-0.04238,0.5097,0.5097,720,COMPUTED
q158_vsump_20h,alpha158_rolling_volume,conditional,4h,2024-10,-0.00046123,-0.00046123,0.12273147,0.12273147,-0.003758,-0.003758,-0.003758,0.5175,0.5175,744,COMPUTED
q158_vsump_20h,alpha158_rolling_volume,conditional,4h,2024-11,-0.01148486,-0.01148486,0.14145124,0.14145124,-0.081193,-0.081193,-0.081193,0.4486,0.4486,720,COMPUTED
q158_vsump_20h,alpha158_rolling_volume,conditional,4h,2024-12,-0.00978387,-0.00978387,0.13021747,0.13021747,-0.075135,-0.075135,-0.075135,0.4906,0.4906,744,COMPUTED
q158_vsump_20h,alpha158_rolling_volume,conditional,4h,2025-01,-0.00607469,-0.00607469,0.11941161,0.11941161,-0.050872,-0.050872,-0.050872,0.4556,0.4556,744,COMPUTED
q158_vsump_20h,alpha158_rolling_volume,conditional,4h,2025-02,-0.00865643,-0.00865643,0.12256807,0.12256807,-0.070625,-0.070625,-0.070625,0.4807,0.4807,672,COMPUTED
q158_vsump_20h,alpha158_rolling_volume,conditional,4h,2025-03,-0.00269366,-0.00269366,0.11095283,0.11095283,-0.024278,-0.024278,-0.024278,0.4745,0.4745,744,COMPUTED
q158_vsump_20h,alpha158_rolling_volume,conditional,4h,2025-04,-0.00020346,-0.00020346,0.10369621,0.10369621,-0.001962,-0.001962,-0.001962,0.5,0.5,720,COMPUTED
q158_vsump_20h,alpha158_rolling_volume,conditional,4h,2025-05,-0.00553017,-0.00553017,0.1192326,0.1192326,-0.046381,-0.046381,-0.046381,0.4798,0.4798,744,COMPUTED
q158_vsump_20h,alpha158_rolling_volume,conditional,4h,2025-06,-0.00197582,-0.00197582,0.1119721,0.1119721,-0.017646,-0.017646,-0.017646,0.4986,0.4986,720,COMPUTED
q158_vsump_20h,alpha158_rolling_volume,conditional,4h,2025-07,-0.00765805,-0.00765805,0.11107897,0.11107897,-0.068942,-0.068942,-0.068942,0.457,0.457,744,COMPUTED
q158_vsump_20h,alpha158_rolling_volume,conditional,4h,2025-08,0.00144159,0.00144159,0.10734894,0.10734894,0.013429,0.013429,0.013429,0.4704,0.4704,744,COMPUTED
q158_vsump_20h,alpha158_rolling_volume,conditional,4h,2025-09,0.00062129,0.00062129,0.10658781,0.10658781,0.005829,0.005829,0.005829,0.4778,0.4778,720,COMPUTED
q158_vsump_20h,alpha158_rolling_volume,conditional,4h,2025-10,-0.00512607,-0.00512607,0.10425581,0.10425581,-0.049168,-0.049168,-0.049168,0.4892,0.4892,744,COMPUTED
q158_vsump_20h,alpha158_rolling_volume,conditional,4h,2025-11,-0.00083633,-0.00083633,0.10075116,0.10075116,-0.008301,-0.008301,-0.008301,0.5,0.5,720,COMPUTED
q158_vsump_20h,alpha158_rolling_volume,conditional,4h,2025-12,-0.02459634,-0.02459634,0.10737547,0.10737547,-0.229068,-0.229068,-0.229068,0.4153,0.4153,744,COMPUTED
q158_vsump_20h,alpha158_rolling_volume,conditional,4h,2026-01,-0.00283667,-0.00283667,0.11272378,0.11272378,-0.025165,-0.025165,-0.025165,0.4825,0.4825,744,COMPUTED
q158_vsump_20h,alpha158_rolling_volume,conditional,4h,2026-02,-0.01340801,-0.01340801,0.10358554,0.10358554,-0.129439,-0.129439,-0.129439,0.4226,0.4226,672,COMPUTED
q158_vsump_20h,alpha158_rolling_volume,conditional,4h,2026-03,0.00220119,0.00220119,0.0992835,0.0992835,0.022171,0.022171,0.022171,0.5255,0.5255,744,COMPUTED
q158_vsump_20h,alpha158_rolling_volume,conditional,4h,2026-04,-0.00404802,-0.00404802,0.09239128,0.09239128,-0.043814,-0.043814,-0.043814,0.4639,0.4639,720,COMPUTED
q158_vsump_20h,alpha158_rolling_volume,conditional,4h,2026-05,-0.01634404,-0.01634404,0.08874484,0.08874484,-0.184169,-0.184169,-0.184169,0.4315,0.4315,744,COMPUTED
q158_vsump_20h,alpha158_rolling_volume,conditional,4h,2026-06,0.00319322,0.00319322,0.08854853,0.08854853,0.036062,0.036062,0.036062,0.5404,0.5404,285,COMPUTED
q158_vsump_20h,alpha158_rolling_volume,conditional,24h,2024-06,-0.02802254,-0.02802254,0.12582038,0.12582038,-0.222719,-0.222719,-0.222719,0.3963,0.3963,699,COMPUTED
q158_vsump_20h,alpha158_rolling_volume,conditional,24h,2024-07,-0.00432257,-0.00432257,0.12307382,0.12307382,-0.035122,-0.035122,-0.035122,0.4866,0.4866,744,COMPUTED
q158_vsump_20h,alpha158_rolling_volume,conditional,24h,2024-08,-0.01389022,-0.01389022,0.12299171,0.12299171,-0.112936,-0.112936,-0.112936,0.4651,0.4651,744,COMPUTED
q158_vsump_20h,alpha158_rolling_volume,conditional,24h,2024-09,0.01260555,0.01260555,0.11831424,0.11831424,0.106543,0.106543,0.106543,0.5306,0.5306,720,COMPUTED
q158_vsump_20h,alpha158_rolling_volume,conditional,24h,2024-10,0.00079922,0.00079922,0.11441035,0.11441035,0.006986,0.006986,0.006986,0.4919,0.4919,744,COMPUTED
q158_vsump_20h,alpha158_rolling_volume,conditional,24h,2024-11,-0.02449536,-0.02449536,0.16240541,0.16240541,-0.150828,-0.150828,-0.150828,0.4417,0.4417,720,COMPUTED
q158_vsump_20h,alpha158_rolling_volume,conditional,24h,2024-12,-0.01622125,-0.01622125,0.12189995,0.12189995,-0.13307,-0.13307,-0.13307,0.4382,0.4382,744,COMPUTED
q158_vsump_20h,alpha158_rolling_volume,conditional,24h,2025-01,0.00053083,0.00053083,0.11608511,0.11608511,0.004573,0.004573,0.004573,0.5202,0.5202,744,COMPUTED
q158_vsump_20h,alpha158_rolling_volume,conditional,24h,2025-02,-0.01940894,-0.01940894,0.12040863,0.12040863,-0.161192,-0.161192,-0.161192,0.4509,0.4509,672,COMPUTED
q158_vsump_20h,alpha158_rolling_volume,conditional,24h,2025-03,-0.00019007,-0.00019007,0.10735314,0.10735314,-0.00177,-0.00177,-0.00177,0.5161,0.5161,744,COMPUTED
q158_vsump_20h,alpha158_rolling_volume,conditional,24h,2025-04,0.00273553,0.00273553,0.10441842,0.10441842,0.026198,0.026198,0.026198,0.5347,0.5347,720,COMPUTED
q158_vsump_20h,alpha158_rolling_volume,conditional,24h,2025-05,-0.01831082,-0.01831082,0.12614136,0.12614136,-0.145161,-0.145161,-0.145161,0.4758,0.4758,744,COMPUTED
q158_vsump_20h,alpha158_rolling_volume,conditional,24h,2025-06,-0.00038889,-0.00038889,0.10372041,0.10372041,-0.003749,-0.003749,-0.003749,0.4792,0.4792,720,COMPUTED
q158_vsump_20h,alpha158_rolling_volume,conditional,24h,2025-07,0.0083899,0.0083899,0.11136104,0.11136104,0.07534,0.07534,0.07534,0.5094,0.5094,744,COMPUTED
q158_vsump_20h,alpha158_rolling_volume,conditional,24h,2025-08,0.00705198,0.00705198,0.11381337,0.11381337,0.061961,0.061961,0.061961,0.5134,0.5134,744,COMPUTED
q158_vsump_20h,alpha158_rolling_volume,conditional,24h,2025-09,0.00683366,0.00683366,0.10292742,0.10292742,0.066393,0.066393,0.066393,0.5278,0.5278,720,COMPUTED
q158_vsump_20h,alpha158_rolling_volume,conditional,24h,2025-10,-0.01244401,-0.01244401,0.10349224,0.10349224,-0.120241,-0.120241,-0.120241,0.4409,0.4409,744,COMPUTED
q158_vsump_20h,alpha158_rolling_volume,conditional,24h,2025-11,-0.01162304,-0.01162304,0.10000401,0.10000401,-0.116226,-0.116226,-0.116226,0.4458,0.4458,720,COMPUTED
q158_vsump_20h,alpha158_rolling_volume,conditional,24h,2025-12,-0.02125735,-0.02125735,0.09809264,0.09809264,-0.216707,-0.216707,-0.216707,0.4019,0.4019,744,COMPUTED
q158_vsump_20h,alpha158_rolling_volume,conditional,24h,2026-01,-0.01233008,-0.01233008,0.10794969,0.10794969,-0.114221,-0.114221,-0.114221,0.4543,0.4543,744,COMPUTED
q158_vsump_20h,alpha158_rolling_volume,conditional,24h,2026-02,-0.01489889,-0.01489889,0.11223392,0.11223392,-0.132749,-0.132749,-0.132749,0.4405,0.4405,672,COMPUTED
q158_vsump_20h,alpha158_rolling_volume,conditional,24h,2026-03,0.0052487,0.0052487,0.09614838,0.09614838,0.05459,0.05459,0.05459,0.5081,0.5081,744,COMPUTED
q158_vsump_20h,alpha158_rolling_volume,conditional,24h,2026-04,-0.01011242,-0.01011242,0.09352467,0.09352467,-0.108126,-0.108126,-0.108126,0.4556,0.4556,720,COMPUTED
q158_vsump_20h,alpha158_rolling_volume,conditional,24h,2026-05,-0.00328747,-0.00328747,0.08457093,0.08457093,-0.038872,-0.038872,-0.038872,0.4785,0.4785,744,COMPUTED
q158_vsump_20h,alpha158_rolling_volume,conditional,24h,2026-06,0.01275638,0.01275638,0.06482863,0.06482863,0.196771,0.196771,0.196771,0.5849,0.5849,265,COMPUTED
q158_vsump_20h,alpha158_rolling_volume,conditional,72h,2024-06,-0.00974065,-0.00974065,0.11907395,0.11907395,-0.081803,-0.081803,-0.081803,0.4607,0.4607,699,COMPUTED
q158_vsump_20h,alpha158_rolling_volume,conditional,72h,2024-07,0.0028303,0.0028303,0.12114927,0.12114927,0.023362,0.023362,0.023362,0.4906,0.4906,744,COMPUTED
q158_vsump_20h,alpha158_rolling_volume,conditional,72h,2024-08,-0.00629047,-0.00629047,0.12855438,0.12855438,-0.048932,-0.048932,-0.048932,0.4825,0.4825,744,COMPUTED
q158_vsump_20h,alpha158_rolling_volume,conditional,72h,2024-09,0.00418753,0.00418753,0.10992086,0.10992086,0.038096,0.038096,0.038096,0.4875,0.4875,720,COMPUTED
q158_vsump_20h,alpha158_rolling_volume,conditional,72h,2024-10,0.00128544,0.00128544,0.12216157,0.12216157,0.010522,0.010522,0.010522,0.5,0.5,744,COMPUTED
q158_vsump_20h,alpha158_rolling_volume,conditional,72h,2024-11,0.00249907,0.00249907,0.14996086,0.14996086,0.016665,0.016665,0.016665,0.4861,0.4861,720,COMPUTED
q158_vsump_20h,alpha158_rolling_volume,conditional,72h,2024-12,-0.01483594,-0.01483594,0.1265091,0.1265091,-0.117272,-0.117272,-0.117272,0.4556,0.4556,744,COMPUTED
q158_vsump_20h,alpha158_rolling_volume,conditional,72h,2025-01,-0.00052191,-0.00052191,0.12109687,0.12109687,-0.00431,-0.00431,-0.00431,0.4906,0.4906,744,COMPUTED
q158_vsump_20h,alpha158_rolling_volume,conditional,72h,2025-02,-0.00875743,-0.00875743,0.11697435,0.11697435,-0.074866,-0.074866,-0.074866,0.5,0.5,672,COMPUTED
q158_vsump_20h,alpha158_rolling_volume,conditional,72h,2025-03,-0.01293285,-0.01293285,0.09987757,0.09987757,-0.129487,-0.129487,-0.129487,0.4368,0.4368,744,COMPUTED
q158_vsump_20h,alpha158_rolling_volume,conditional,72h,2025-04,0.00097532,0.00097532,0.10091631,0.10091631,0.009665,0.009665,0.009665,0.4986,0.4986,720,COMPUTED
q158_vsump_20h,alpha158_rolling_volume,conditional,72h,2025-05,0.0035568,0.0035568,0.11684521,0.11684521,0.03044,0.03044,0.03044,0.5228,0.5228,744,COMPUTED
q158_vsump_20h,alpha158_rolling_volume,conditional,72h,2025-06,-0.00324313,-0.00324313,0.11312759,0.11312759,-0.028668,-0.028668,-0.028668,0.4806,0.4806,720,COMPUTED
q158_vsump_20h,alpha158_rolling_volume,conditional,72h,2025-07,0.00495122,0.00495122,0.1119806,0.1119806,0.044215,0.044215,0.044215,0.5094,0.5094,744,COMPUTED
q158_vsump_20h,alpha158_rolling_volume,conditional,72h,2025-08,-2.016e-05,-2.016e-05,0.10638209,0.10638209,-0.000189,-0.000189,-0.000189,0.496,0.496,744,COMPUTED
q158_vsump_20h,alpha158_rolling_volume,conditional,72h,2025-09,-0.00063709,-0.00063709,0.10367932,0.10367932,-0.006145,-0.006145,-0.006145,0.4778,0.4778,720,COMPUTED
q158_vsump_20h,alpha158_rolling_volume,conditional,72h,2025-10,-0.01132284,-0.01132284,0.09380244,0.09380244,-0.120709,-0.120709,-0.120709,0.4476,0.4476,744,COMPUTED
q158_vsump_20h,alpha158_rolling_volume,conditional,72h,2025-11,-0.01404283,-0.01404283,0.09398013,0.09398013,-0.149423,-0.149423,-0.149423,0.4458,0.4458,720,COMPUTED
q158_vsump_20h,alpha158_rolling_volume,conditional,72h,2025-12,-0.02092687,-0.02092687,0.09150179,0.09150179,-0.228704,-0.228704,-0.228704,0.4046,0.4046,744,COMPUTED
q158_vsump_20h,alpha158_rolling_volume,conditional,72h,2026-01,-0.00017177,-0.00017177,0.10528073,0.10528073,-0.001632,-0.001632,-0.001632,0.5161,0.5161,744,COMPUTED
q158_vsump_20h,alpha158_rolling_volume,conditional,72h,2026-02,-0.00143734,-0.00143734,0.10247275,0.10247275,-0.014027,-0.014027,-0.014027,0.4911,0.4911,672,COMPUTED
q158_vsump_20h,alpha158_rolling_volume,conditional,72h,2026-03,0.00110919,0.00110919,0.0890961,0.0890961,0.012449,0.012449,0.012449,0.5228,0.5228,744,COMPUTED
q158_vsump_20h,alpha158_rolling_volume,conditional,72h,2026-04,-0.00674223,-0.00674223,0.07786619,0.07786619,-0.086587,-0.086587,-0.086587,0.4403,0.4403,720,COMPUTED
q158_vsump_20h,alpha158_rolling_volume,conditional,72h,2026-05,0.01203561,0.01203561,0.07843607,0.07843607,0.153445,0.153445,0.153445,0.547,0.547,744,COMPUTED
q158_vsump_20h,alpha158_rolling_volume,conditional,72h,2026-06,-0.00329236,-0.00329236,0.06402255,0.06402255,-0.051425,-0.051425,-0.051425,0.4977,0.4977,217,COMPUTED
q158_vsumn_20h,alpha158_rolling_volume,conditional,1h,2024-06,-0.00879373,-0.00879373,0.13160722,0.13160722,-0.066818,-0.066818,-0.066818,0.4878,0.4878,699,COMPUTED
q158_vsumn_20h,alpha158_rolling_volume,conditional,1h,2024-07,0.00649229,0.00649229,0.12532649,0.12532649,0.051803,0.051803,0.051803,0.5134,0.5134,744,COMPUTED
q158_vsumn_20h,alpha158_rolling_volume,conditional,1h,2024-08,0.01140096,0.01140096,0.12703442,0.12703442,0.089747,0.089747,0.089747,0.5228,0.5228,744,COMPUTED
q158_vsumn_20h,alpha158_rolling_volume,conditional,1h,2024-09,0.01317134,0.01317134,0.12086952,0.12086952,0.108972,0.108972,0.108972,0.5333,0.5333,720,COMPUTED
q158_vsumn_20h,alpha158_rolling_volume,conditional,1h,2024-10,0.00899278,0.00899278,0.12162447,0.12162447,0.073939,0.073939,0.073939,0.537,0.537,743,COMPUTED
q158_vsumn_20h,alpha158_rolling_volume,conditional,1h,2024-11,0.01234567,0.01234567,0.12841429,0.12841429,0.096139,0.096139,0.096139,0.5639,0.5639,720,COMPUTED
q158_vsumn_20h,alpha158_rolling_volume,conditional,1h,2024-12,0.01076366,0.01076366,0.13037836,0.13037836,0.082557,0.082557,0.082557,0.5269,0.5269,744,COMPUTED
q158_vsumn_20h,alpha158_rolling_volume,conditional,1h,2025-01,0.00898537,0.00898537,0.12451239,0.12451239,0.072164,0.072164,0.072164,0.5457,0.5457,744,COMPUTED
q158_vsumn_20h,alpha158_rolling_volume,conditional,1h,2025-02,0.01196146,0.01196146,0.12402402,0.12402402,0.096445,0.096445,0.096445,0.5446,0.5446,672,COMPUTED
q158_vsumn_20h,alpha158_rolling_volume,conditional,1h,2025-03,0.00129974,0.00129974,0.11089733,0.11089733,0.01172,0.01172,0.01172,0.5013,0.5013,744,COMPUTED
q158_vsumn_20h,alpha158_rolling_volume,conditional,1h,2025-04,0.00390298,0.00390298,0.10667344,0.10667344,0.036588,0.036588,0.036588,0.5097,0.5097,720,COMPUTED
q158_vsumn_20h,alpha158_rolling_volume,conditional,1h,2025-05,0.00588833,0.00588833,0.11668833,0.11668833,0.050462,0.050462,0.050462,0.5228,0.5228,744,COMPUTED
q158_vsumn_20h,alpha158_rolling_volume,conditional,1h,2025-06,-0.00056692,-0.00056692,0.10682628,0.10682628,-0.005307,-0.005307,-0.005307,0.5194,0.5194,720,COMPUTED
q158_vsumn_20h,alpha158_rolling_volume,conditional,1h,2025-07,0.01370196,0.01370196,0.10717144,0.10717144,0.127851,0.127851,0.127851,0.5659,0.5659,744,COMPUTED
q158_vsumn_20h,alpha158_rolling_volume,conditional,1h,2025-08,0.00254051,0.00254051,0.10919646,0.10919646,0.023266,0.023266,0.023266,0.5027,0.5027,744,COMPUTED
q158_vsumn_20h,alpha158_rolling_volume,conditional,1h,2025-09,0.00361206,0.00361206,0.10029251,0.10029251,0.036015,0.036015,0.036015,0.5278,0.5278,720,COMPUTED
q158_vsumn_20h,alpha158_rolling_volume,conditional,1h,2025-10,0.00448565,0.00448565,0.09901855,0.09901855,0.045301,0.045301,0.045301,0.5349,0.5349,744,COMPUTED
q158_vsumn_20h,alpha158_rolling_volume,conditional,1h,2025-11,0.00419452,0.00419452,0.09342201,0.09342201,0.044899,0.044899,0.044899,0.5208,0.5208,720,COMPUTED
q158_vsumn_20h,alpha158_rolling_volume,conditional,1h,2025-12,0.0153585,0.0153585,0.10132399,0.10132399,0.151578,0.151578,0.151578,0.5578,0.5578,744,COMPUTED
q158_vsumn_20h,alpha158_rolling_volume,conditional,1h,2026-01,0.00253699,0.00253699,0.10618416,0.10618416,0.023892,0.023892,0.023892,0.5202,0.5202,744,COMPUTED
q158_vsumn_20h,alpha158_rolling_volume,conditional,1h,2026-02,0.00247596,0.00247596,0.10011186,0.10011186,0.024732,0.024732,0.024732,0.503,0.503,672,COMPUTED
q158_vsumn_20h,alpha158_rolling_volume,conditional,1h,2026-03,-0.0047816,-0.0047816,0.09367685,0.09367685,-0.051044,-0.051044,-0.051044,0.4866,0.4866,744,COMPUTED
q158_vsumn_20h,alpha158_rolling_volume,conditional,1h,2026-04,0.00067252,0.00067252,0.09609021,0.09609021,0.006999,0.006999,0.006999,0.5069,0.5069,720,COMPUTED
q158_vsumn_20h,alpha158_rolling_volume,conditional,1h,2026-05,0.00633321,0.00633321,0.08895667,0.08895667,0.071194,0.071194,0.071194,0.5403,0.5403,744,COMPUTED
q158_vsumn_20h,alpha158_rolling_volume,conditional,1h,2026-06,0.00540564,0.00540564,0.09043731,0.09043731,0.059772,0.059772,0.059772,0.5139,0.5139,288,COMPUTED
q158_vsumn_20h,alpha158_rolling_volume,conditional,4h,2024-06,-0.00229542,-0.00229542,0.1329227,0.1329227,-0.017269,-0.017269,-0.017269,0.5064,0.5064,699,COMPUTED
q158_vsumn_20h,alpha158_rolling_volume,conditional,4h,2024-07,0.01667475,0.01667475,0.13113747,0.13113747,0.127155,0.127155,0.127155,0.5632,0.5632,744,COMPUTED
q158_vsumn_20h,alpha158_rolling_volume,conditional,4h,2024-08,0.01777641,0.01777641,0.12491531,0.12491531,0.142308,0.142308,0.142308,0.5591,0.5591,744,COMPUTED
q158_vsumn_20h,alpha158_rolling_volume,conditional,4h,2024-09,0.00490793,0.00490793,0.11580727,0.11580727,0.04238,0.04238,0.04238,0.4903,0.4903,720,COMPUTED
q158_vsumn_20h,alpha158_rolling_volume,conditional,4h,2024-10,0.00046123,0.00046123,0.12273147,0.12273147,0.003758,0.003758,0.003758,0.4825,0.4825,744,COMPUTED
q158_vsumn_20h,alpha158_rolling_volume,conditional,4h,2024-11,0.01148486,0.01148486,0.14145124,0.14145124,0.081193,0.081193,0.081193,0.5514,0.5514,720,COMPUTED
q158_vsumn_20h,alpha158_rolling_volume,conditional,4h,2024-12,0.00978387,0.00978387,0.13021747,0.13021747,0.075135,0.075135,0.075135,0.5094,0.5094,744,COMPUTED
q158_vsumn_20h,alpha158_rolling_volume,conditional,4h,2025-01,0.00607469,0.00607469,0.11941161,0.11941161,0.050872,0.050872,0.050872,0.5444,0.5444,744,COMPUTED
q158_vsumn_20h,alpha158_rolling_volume,conditional,4h,2025-02,0.00764296,0.00764296,0.11793271,0.11793271,0.064808,0.064808,0.064808,0.5298,0.5298,672,COMPUTED
q158_vsumn_20h,alpha158_rolling_volume,conditional,4h,2025-03,-0.00017757,-0.00017757,0.10864695,0.10864695,-0.001634,-0.001634,-0.001634,0.5108,0.5108,744,COMPUTED
q158_vsumn_20h,alpha158_rolling_volume,conditional,4h,2025-04,-0.00079883,-0.00079883,0.10344682,0.10344682,-0.007722,-0.007722,-0.007722,0.4917,0.4917,720,COMPUTED
q158_vsumn_20h,alpha158_rolling_volume,conditional,4h,2025-05,0.00486019,0.00486019,0.11800165,0.11800165,0.041187,0.041187,0.041187,0.5054,0.5054,744,COMPUTED
q158_vsumn_20h,alpha158_rolling_volume,conditional,4h,2025-06,0.00037577,0.00037577,0.10567429,0.10567429,0.003556,0.003556,0.003556,0.4847,0.4847,720,COMPUTED
q158_vsumn_20h,alpha158_rolling_volume,conditional,4h,2025-07,0.00753381,0.00753381,0.1089835,0.1089835,0.069128,0.069128,0.069128,0.5376,0.5376,744,COMPUTED
q158_vsumn_20h,alpha158_rolling_volume,conditional,4h,2025-08,-0.0017414,-0.0017414,0.10493068,0.10493068,-0.016596,-0.016596,-0.016596,0.5081,0.5081,744,COMPUTED
q158_vsumn_20h,alpha158_rolling_volume,conditional,4h,2025-09,-0.00124691,-0.00124691,0.10532595,0.10532595,-0.011839,-0.011839,-0.011839,0.5125,0.5125,720,COMPUTED
q158_vsumn_20h,alpha158_rolling_volume,conditional,4h,2025-10,0.00479817,0.00479817,0.10162288,0.10162288,0.047215,0.047215,0.047215,0.5228,0.5228,744,COMPUTED
q158_vsumn_20h,alpha158_rolling_volume,conditional,4h,2025-11,-0.00034877,-0.00034877,0.09724701,0.09724701,-0.003586,-0.003586,-0.003586,0.4889,0.4889,720,COMPUTED
q158_vsumn_20h,alpha158_rolling_volume,conditional,4h,2025-12,0.02374741,0.02374741,0.1063104,0.1063104,0.223378,0.223378,0.223378,0.5685,0.5685,744,COMPUTED
q158_vsumn_20h,alpha158_rolling_volume,conditional,4h,2026-01,0.00283667,0.00283667,0.11272378,0.11272378,0.025165,0.025165,0.025165,0.5175,0.5175,744,COMPUTED
q158_vsumn_20h,alpha158_rolling_volume,conditional,4h,2026-02,0.01340801,0.01340801,0.10358554,0.10358554,0.129439,0.129439,0.129439,0.5774,0.5774,672,COMPUTED
q158_vsumn_20h,alpha158_rolling_volume,conditional,4h,2026-03,-0.00220119,-0.00220119,0.0992835,0.0992835,-0.022171,-0.022171,-0.022171,0.4745,0.4745,744,COMPUTED
q158_vsumn_20h,alpha158_rolling_volume,conditional,4h,2026-04,0.00404802,0.00404802,0.09239128,0.09239128,0.043814,0.043814,0.043814,0.5361,0.5361,720,COMPUTED
q158_vsumn_20h,alpha158_rolling_volume,conditional,4h,2026-05,0.01634404,0.01634404,0.08874484,0.08874484,0.184169,0.184169,0.184169,0.5685,0.5685,744,COMPUTED
q158_vsumn_20h,alpha158_rolling_volume,conditional,4h,2026-06,-0.00319322,-0.00319322,0.08854853,0.08854853,-0.036062,-0.036062,-0.036062,0.4596,0.4596,285,COMPUTED
q158_vsumn_20h,alpha158_rolling_volume,conditional,24h,2024-06,0.02802254,0.02802254,0.12582038,0.12582038,0.222719,0.222719,0.222719,0.6037,0.6037,699,COMPUTED
q158_vsumn_20h,alpha158_rolling_volume,conditional,24h,2024-07,0.00432257,0.00432257,0.12307382,0.12307382,0.035122,0.035122,0.035122,0.5134,0.5134,744,COMPUTED
q158_vsumn_20h,alpha158_rolling_volume,conditional,24h,2024-08,0.01389022,0.01389022,0.12299171,0.12299171,0.112936,0.112936,0.112936,0.5349,0.5349,744,COMPUTED
q158_vsumn_20h,alpha158_rolling_volume,conditional,24h,2024-09,-0.01260555,-0.01260555,0.11831424,0.11831424,-0.106543,-0.106543,-0.106543,0.4694,0.4694,720,COMPUTED
q158_vsumn_20h,alpha158_rolling_volume,conditional,24h,2024-10,-0.00079922,-0.00079922,0.11441035,0.11441035,-0.006986,-0.006986,-0.006986,0.5081,0.5081,744,COMPUTED
q158_vsumn_20h,alpha158_rolling_volume,conditional,24h,2024-11,0.02449536,0.02449536,0.16240541,0.16240541,0.150828,0.150828,0.150828,0.5583,0.5583,720,COMPUTED
q158_vsumn_20h,alpha158_rolling_volume,conditional,24h,2024-12,0.01622125,0.01622125,0.12189995,0.12189995,0.13307,0.13307,0.13307,0.5618,0.5618,744,COMPUTED
q158_vsumn_20h,alpha158_rolling_volume,conditional,24h,2025-01,-0.00053083,-0.00053083,0.11608511,0.11608511,-0.004573,-0.004573,-0.004573,0.4798,0.4798,744,COMPUTED
q158_vsumn_20h,alpha158_rolling_volume,conditional,24h,2025-02,0.01509072,0.01509072,0.11905747,0.11905747,0.126752,0.126752,0.126752,0.5432,0.5432,672,COMPUTED
q158_vsumn_20h,alpha158_rolling_volume,conditional,24h,2025-03,-0.00377489,-0.00377489,0.10657862,0.10657862,-0.035419,-0.035419,-0.035419,0.4785,0.4785,744,COMPUTED
q158_vsumn_20h,alpha158_rolling_volume,conditional,24h,2025-04,-0.0050501,-0.0050501,0.10429009,0.10429009,-0.048424,-0.048424,-0.048424,0.4611,0.4611,720,COMPUTED
q158_vsumn_20h,alpha158_rolling_volume,conditional,24h,2025-05,0.01643655,0.01643655,0.1226239,0.1226239,0.13404,0.13404,0.13404,0.5161,0.5161,744,COMPUTED
q158_vsumn_20h,alpha158_rolling_volume,conditional,24h,2025-06,-0.00434304,-0.00434304,0.0998697,0.0998697,-0.043487,-0.043487,-0.043487,0.4861,0.4861,720,COMPUTED
q158_vsumn_20h,alpha158_rolling_volume,conditional,24h,2025-07,-0.00618766,-0.00618766,0.11032879,0.11032879,-0.056084,-0.056084,-0.056084,0.4866,0.4866,744,COMPUTED
q158_vsumn_20h,alpha158_rolling_volume,conditional,24h,2025-08,-0.00813228,-0.00813228,0.11049409,0.11049409,-0.073599,-0.073599,-0.073599,0.4879,0.4879,744,COMPUTED
q158_vsumn_20h,alpha158_rolling_volume,conditional,24h,2025-09,-0.00614681,-0.00614681,0.10219863,0.10219863,-0.060146,-0.060146,-0.060146,0.4681,0.4681,720,COMPUTED
q158_vsumn_20h,alpha158_rolling_volume,conditional,24h,2025-10,0.01072077,0.01072077,0.10133621,0.10133621,0.105794,0.105794,0.105794,0.5551,0.5551,744,COMPUTED
q158_vsumn_20h,alpha158_rolling_volume,conditional,24h,2025-11,0.0068639,0.0068639,0.0966963,0.0966963,0.070984,0.070984,0.070984,0.5347,0.5347,720,COMPUTED
q158_vsumn_20h,alpha158_rolling_volume,conditional,24h,2025-12,0.01909068,0.01909068,0.09674234,0.09674234,0.197335,0.197335,0.197335,0.5887,0.5887,744,COMPUTED
q158_vsumn_20h,alpha158_rolling_volume,conditional,24h,2026-01,0.01233008,0.01233008,0.10794969,0.10794969,0.114221,0.114221,0.114221,0.5457,0.5457,744,COMPUTED
q158_vsumn_20h,alpha158_rolling_volume,conditional,24h,2026-02,0.01489889,0.01489889,0.11223392,0.11223392,0.132749,0.132749,0.132749,0.5595,0.5595,672,COMPUTED
q158_vsumn_20h,alpha158_rolling_volume,conditional,24h,2026-03,-0.0052487,-0.0052487,0.09614838,0.09614838,-0.05459,-0.05459,-0.05459,0.4919,0.4919,744,COMPUTED
q158_vsumn_20h,alpha158_rolling_volume,conditional,24h,2026-04,0.01011242,0.01011242,0.09352467,0.09352467,0.108126,0.108126,0.108126,0.5444,0.5444,720,COMPUTED
q158_vsumn_20h,alpha158_rolling_volume,conditional,24h,2026-05,0.00328747,0.00328747,0.08457093,0.08457093,0.038872,0.038872,0.038872,0.5215,0.5215,744,COMPUTED
q158_vsumn_20h,alpha158_rolling_volume,conditional,24h,2026-06,-0.01275638,-0.01275638,0.06482863,0.06482863,-0.196771,-0.196771,-0.196771,0.4151,0.4151,265,COMPUTED
q158_vsumn_20h,alpha158_rolling_volume,conditional,72h,2024-06,0.00974065,0.00974065,0.11907395,0.11907395,0.081803,0.081803,0.081803,0.5393,0.5393,699,COMPUTED
q158_vsumn_20h,alpha158_rolling_volume,conditional,72h,2024-07,-0.0028303,-0.0028303,0.12114927,0.12114927,-0.023362,-0.023362,-0.023362,0.5094,0.5094,744,COMPUTED
q158_vsumn_20h,alpha158_rolling_volume,conditional,72h,2024-08,0.00629047,0.00629047,0.12855438,0.12855438,0.048932,0.048932,0.048932,0.5175,0.5175,744,COMPUTED
q158_vsumn_20h,alpha158_rolling_volume,conditional,72h,2024-09,-0.00418753,-0.00418753,0.10992086,0.10992086,-0.038096,-0.038096,-0.038096,0.5125,0.5125,720,COMPUTED
q158_vsumn_20h,alpha158_rolling_volume,conditional,72h,2024-10,-0.00128544,-0.00128544,0.12216157,0.12216157,-0.010522,-0.010522,-0.010522,0.5,0.5,744,COMPUTED
q158_vsumn_20h,alpha158_rolling_volume,conditional,72h,2024-11,-0.00249907,-0.00249907,0.14996086,0.14996086,-0.016665,-0.016665,-0.016665,0.5139,0.5139,720,COMPUTED
q158_vsumn_20h,alpha158_rolling_volume,conditional,72h,2024-12,0.01483594,0.01483594,0.1265091,0.1265091,0.117272,0.117272,0.117272,0.5444,0.5444,744,COMPUTED
q158_vsumn_20h,alpha158_rolling_volume,conditional,72h,2025-01,0.00052191,0.00052191,0.12109687,0.12109687,0.00431,0.00431,0.00431,0.5094,0.5094,744,COMPUTED
q158_vsumn_20h,alpha158_rolling_volume,conditional,72h,2025-02,0.00278736,0.00278736,0.11422252,0.11422252,0.024403,0.024403,0.024403,0.4836,0.4836,672,COMPUTED
q158_vsumn_20h,alpha158_rolling_volume,conditional,72h,2025-03,0.00379805,0.00379805,0.09984974,0.09984974,0.038038,0.038038,0.038038,0.5188,0.5188,744,COMPUTED
q158_vsumn_20h,alpha158_rolling_volume,conditional,72h,2025-04,-0.00342292,-0.00342292,0.09676529,0.09676529,-0.035373,-0.035373,-0.035373,0.4694,0.4694,720,COMPUTED
q158_vsumn_20h,alpha158_rolling_volume,conditional,72h,2025-05,-0.00717709,-0.00717709,0.11392571,0.11392571,-0.062998,-0.062998,-0.062998,0.4583,0.4583,744,COMPUTED
q158_vsumn_20h,alpha158_rolling_volume,conditional,72h,2025-06,-0.00409216,-0.00409216,0.1105831,0.1105831,-0.037005,-0.037005,-0.037005,0.5042,0.5042,720,COMPUTED
q158_vsumn_20h,alpha158_rolling_volume,conditional,72h,2025-07,-0.00013587,-0.00013587,0.10941101,0.10941101,-0.001242,-0.001242,-0.001242,0.4919,0.4919,744,COMPUTED
q158_vsumn_20h,alpha158_rolling_volume,conditional,72h,2025-08,-0.00217327,-0.00217327,0.10672233,0.10672233,-0.020364,-0.020364,-0.020364,0.496,0.496,744,COMPUTED
q158_vsumn_20h,alpha158_rolling_volume,conditional,72h,2025-09,0.00156317,0.00156317,0.10198268,0.10198268,0.015328,0.015328,0.015328,0.5222,0.5222,720,COMPUTED
q158_vsumn_20h,alpha158_rolling_volume,conditional,72h,2025-10,0.00543978,0.00543978,0.09307304,0.09307304,0.058446,0.058446,0.058446,0.5202,0.5202,744,COMPUTED
q158_vsumn_20h,alpha158_rolling_volume,conditional,72h,2025-11,0.00765728,0.00765728,0.09291241,0.09291241,0.082414,0.082414,0.082414,0.5139,0.5139,720,COMPUTED
q158_vsumn_20h,alpha158_rolling_volume,conditional,72h,2025-12,0.01559674,0.01559674,0.09004028,0.09004028,0.17322,0.17322,0.17322,0.5793,0.5793,744,COMPUTED
q158_vsumn_20h,alpha158_rolling_volume,conditional,72h,2026-01,0.00017177,0.00017177,0.10528073,0.10528073,0.001632,0.001632,0.001632,0.4839,0.4839,744,COMPUTED
q158_vsumn_20h,alpha158_rolling_volume,conditional,72h,2026-02,0.00143734,0.00143734,0.10247275,0.10247275,0.014027,0.014027,0.014027,0.5089,0.5089,672,COMPUTED
q158_vsumn_20h,alpha158_rolling_volume,conditional,72h,2026-03,-0.00110919,-0.00110919,0.0890961,0.0890961,-0.012449,-0.012449,-0.012449,0.4772,0.4772,744,COMPUTED
q158_vsumn_20h,alpha158_rolling_volume,conditional,72h,2026-04,0.00674223,0.00674223,0.07786619,0.07786619,0.086587,0.086587,0.086587,0.5597,0.5597,720,COMPUTED
q158_vsumn_20h,alpha158_rolling_volume,conditional,72h,2026-05,-0.01203561,-0.01203561,0.07843607,0.07843607,-0.153445,-0.153445,-0.153445,0.453,0.453,744,COMPUTED
q158_vsumn_20h,alpha158_rolling_volume,conditional,72h,2026-06,0.00329236,0.00329236,0.06402255,0.06402255,0.051425,0.051425,0.051425,0.5023,0.5023,217,COMPUTED
q158_vsumd_20h,alpha158_rolling_volume,conditional,1h,2024-06,0.00879373,0.00879373,0.13160722,0.13160722,0.066818,0.066818,0.066818,0.5122,0.5122,699,COMPUTED
q158_vsumd_20h,alpha158_rolling_volume,conditional,1h,2024-07,-0.00649229,-0.00649229,0.12532649,0.12532649,-0.051803,-0.051803,-0.051803,0.4866,0.4866,744,COMPUTED
q158_vsumd_20h,alpha158_rolling_volume,conditional,1h,2024-08,-0.01140096,-0.01140096,0.12703442,0.12703442,-0.089747,-0.089747,-0.089747,0.4772,0.4772,744,COMPUTED
q158_vsumd_20h,alpha158_rolling_volume,conditional,1h,2024-09,-0.01317134,-0.01317134,0.12086952,0.12086952,-0.108972,-0.108972,-0.108972,0.4667,0.4667,720,COMPUTED
q158_vsumd_20h,alpha158_rolling_volume,conditional,1h,2024-10,-0.00899278,-0.00899278,0.12162447,0.12162447,-0.073939,-0.073939,-0.073939,0.463,0.463,743,COMPUTED
q158_vsumd_20h,alpha158_rolling_volume,conditional,1h,2024-11,-0.01234567,-0.01234567,0.12841429,0.12841429,-0.096139,-0.096139,-0.096139,0.4361,0.4361,720,COMPUTED
q158_vsumd_20h,alpha158_rolling_volume,conditional,1h,2024-12,-0.01076366,-0.01076366,0.13037836,0.13037836,-0.082557,-0.082557,-0.082557,0.4731,0.4731,744,COMPUTED
q158_vsumd_20h,alpha158_rolling_volume,conditional,1h,2025-01,-0.00898537,-0.00898537,0.12451239,0.12451239,-0.072164,-0.072164,-0.072164,0.4543,0.4543,744,COMPUTED
q158_vsumd_20h,alpha158_rolling_volume,conditional,1h,2025-02,-0.01242102,-0.01242102,0.12659125,0.12659125,-0.098119,-0.098119,-0.098119,0.4598,0.4598,672,COMPUTED
q158_vsumd_20h,alpha158_rolling_volume,conditional,1h,2025-03,-0.00155539,-0.00155539,0.11514764,0.11514764,-0.013508,-0.013508,-0.013508,0.5,0.5,744,COMPUTED
q158_vsumd_20h,alpha158_rolling_volume,conditional,1h,2025-04,-0.00386579,-0.00386579,0.10966784,0.10966784,-0.03525,-0.03525,-0.03525,0.4847,0.4847,720,COMPUTED
q158_vsumd_20h,alpha158_rolling_volume,conditional,1h,2025-05,-0.00600603,-0.00600603,0.11908866,0.11908866,-0.050433,-0.050433,-0.050433,0.4718,0.4718,744,COMPUTED
q158_vsumd_20h,alpha158_rolling_volume,conditional,1h,2025-06,7.772e-05,7.772e-05,0.1129525,0.1129525,0.000688,0.000688,0.000688,0.4736,0.4736,720,COMPUTED
q158_vsumd_20h,alpha158_rolling_volume,conditional,1h,2025-07,-0.01357218,-0.01357218,0.11074539,0.11074539,-0.122553,-0.122553,-0.122553,0.4409,0.4409,744,COMPUTED
q158_vsumd_20h,alpha158_rolling_volume,conditional,1h,2025-08,-0.00260303,-0.00260303,0.1134806,0.1134806,-0.022938,-0.022938,-0.022938,0.4933,0.4933,744,COMPUTED
q158_vsumd_20h,alpha158_rolling_volume,conditional,1h,2025-09,-0.00399922,-0.00399922,0.10192295,0.10192295,-0.039238,-0.039238,-0.039238,0.4667,0.4667,720,COMPUTED
q158_vsumd_20h,alpha158_rolling_volume,conditional,1h,2025-10,-0.00484483,-0.00484483,0.1015094,0.1015094,-0.047728,-0.047728,-0.047728,0.457,0.457,744,COMPUTED
q158_vsumd_20h,alpha158_rolling_volume,conditional,1h,2025-11,-0.00460148,-0.00460148,0.09554666,0.09554666,-0.04816,-0.04816,-0.04816,0.4819,0.4819,720,COMPUTED
q158_vsumd_20h,alpha158_rolling_volume,conditional,1h,2025-12,-0.01577217,-0.01577217,0.10306513,0.10306513,-0.153031,-0.153031,-0.153031,0.4489,0.4489,744,COMPUTED
q158_vsumd_20h,alpha158_rolling_volume,conditional,1h,2026-01,-0.00253699,-0.00253699,0.10618416,0.10618416,-0.023892,-0.023892,-0.023892,0.4798,0.4798,744,COMPUTED
q158_vsumd_20h,alpha158_rolling_volume,conditional,1h,2026-02,-0.00247596,-0.00247596,0.10011186,0.10011186,-0.024732,-0.024732,-0.024732,0.497,0.497,672,COMPUTED
q158_vsumd_20h,alpha158_rolling_volume,conditional,1h,2026-03,0.0047816,0.0047816,0.09367685,0.09367685,0.051044,0.051044,0.051044,0.5134,0.5134,744,COMPUTED
q158_vsumd_20h,alpha158_rolling_volume,conditional,1h,2026-04,-0.00067252,-0.00067252,0.09609021,0.09609021,-0.006999,-0.006999,-0.006999,0.4931,0.4931,720,COMPUTED
q158_vsumd_20h,alpha158_rolling_volume,conditional,1h,2026-05,-0.00633321,-0.00633321,0.08895667,0.08895667,-0.071194,-0.071194,-0.071194,0.4597,0.4597,744,COMPUTED
q158_vsumd_20h,alpha158_rolling_volume,conditional,1h,2026-06,-0.00540564,-0.00540564,0.09043731,0.09043731,-0.059772,-0.059772,-0.059772,0.4861,0.4861,288,COMPUTED
q158_vsumd_20h,alpha158_rolling_volume,conditional,4h,2024-06,0.00229542,0.00229542,0.1329227,0.1329227,0.017269,0.017269,0.017269,0.4936,0.4936,699,COMPUTED
q158_vsumd_20h,alpha158_rolling_volume,conditional,4h,2024-07,-0.01667475,-0.01667475,0.13113747,0.13113747,-0.127155,-0.127155,-0.127155,0.4368,0.4368,744,COMPUTED
q158_vsumd_20h,alpha158_rolling_volume,conditional,4h,2024-08,-0.01777641,-0.01777641,0.12491531,0.12491531,-0.142308,-0.142308,-0.142308,0.4409,0.4409,744,COMPUTED
q158_vsumd_20h,alpha158_rolling_volume,conditional,4h,2024-09,-0.00490793,-0.00490793,0.11580727,0.11580727,-0.04238,-0.04238,-0.04238,0.5097,0.5097,720,COMPUTED
q158_vsumd_20h,alpha158_rolling_volume,conditional,4h,2024-10,-0.00046123,-0.00046123,0.12273147,0.12273147,-0.003758,-0.003758,-0.003758,0.5175,0.5175,744,COMPUTED
q158_vsumd_20h,alpha158_rolling_volume,conditional,4h,2024-11,-0.01148486,-0.01148486,0.14145124,0.14145124,-0.081193,-0.081193,-0.081193,0.4486,0.4486,720,COMPUTED
q158_vsumd_20h,alpha158_rolling_volume,conditional,4h,2024-12,-0.00978387,-0.00978387,0.13021747,0.13021747,-0.075135,-0.075135,-0.075135,0.4906,0.4906,744,COMPUTED
q158_vsumd_20h,alpha158_rolling_volume,conditional,4h,2025-01,-0.00607469,-0.00607469,0.11941161,0.11941161,-0.050872,-0.050872,-0.050872,0.4556,0.4556,744,COMPUTED
q158_vsumd_20h,alpha158_rolling_volume,conditional,4h,2025-02,-0.00763454,-0.00763454,0.12184926,0.12184926,-0.062656,-0.062656,-0.062656,0.4836,0.4836,672,COMPUTED
q158_vsumd_20h,alpha158_rolling_volume,conditional,4h,2025-03,-0.00043887,-0.00043887,0.11086624,0.11086624,-0.003959,-0.003959,-0.003959,0.4879,0.4879,744,COMPUTED
q158_vsumd_20h,alpha158_rolling_volume,conditional,4h,2025-04,0.00089778,0.00089778,0.10486499,0.10486499,0.008561,0.008561,0.008561,0.5097,0.5097,720,COMPUTED
q158_vsumd_20h,alpha158_rolling_volume,conditional,4h,2025-05,-0.00479135,-0.00479135,0.12002381,0.12002381,-0.03992,-0.03992,-0.03992,0.4973,0.4973,744,COMPUTED
q158_vsumd_20h,alpha158_rolling_volume,conditional,4h,2025-06,-0.00067944,-0.00067944,0.11163726,0.11163726,-0.006086,-0.006086,-0.006086,0.5111,0.5111,720,COMPUTED
q158_vsumd_20h,alpha158_rolling_volume,conditional,4h,2025-07,-0.00684667,-0.00684667,0.11204082,0.11204082,-0.061109,-0.061109,-0.061109,0.457,0.457,744,COMPUTED
q158_vsumd_20h,alpha158_rolling_volume,conditional,4h,2025-08,0.00168709,0.00168709,0.10812891,0.10812891,0.015603,0.015603,0.015603,0.4879,0.4879,744,COMPUTED
q158_vsumd_20h,alpha158_rolling_volume,conditional,4h,2025-09,0.00096791,0.00096791,0.10720783,0.10720783,0.009028,0.009028,0.009028,0.4833,0.4833,720,COMPUTED
q158_vsumd_20h,alpha158_rolling_volume,conditional,4h,2025-10,-0.00474215,-0.00474215,0.10458668,0.10458668,-0.045342,-0.045342,-0.045342,0.4812,0.4812,744,COMPUTED
q158_vsumd_20h,alpha158_rolling_volume,conditional,4h,2025-11,-4.798e-05,-4.798e-05,0.10028513,0.10028513,-0.000478,-0.000478,-0.000478,0.5083,0.5083,720,COMPUTED
q158_vsumd_20h,alpha158_rolling_volume,conditional,4h,2025-12,-0.02442231,-0.02442231,0.10805897,0.10805897,-0.226009,-0.226009,-0.226009,0.4274,0.4274,744,COMPUTED
q158_vsumd_20h,alpha158_rolling_volume,conditional,4h,2026-01,-0.00283667,-0.00283667,0.11272378,0.11272378,-0.025165,-0.025165,-0.025165,0.4825,0.4825,744,COMPUTED
q158_vsumd_20h,alpha158_rolling_volume,conditional,4h,2026-02,-0.01340801,-0.01340801,0.10358554,0.10358554,-0.129439,-0.129439,-0.129439,0.4226,0.4226,672,COMPUTED
q158_vsumd_20h,alpha158_rolling_volume,conditional,4h,2026-03,0.00220119,0.00220119,0.0992835,0.0992835,0.022171,0.022171,0.022171,0.5255,0.5255,744,COMPUTED
q158_vsumd_20h,alpha158_rolling_volume,conditional,4h,2026-04,-0.00404802,-0.00404802,0.09239128,0.09239128,-0.043814,-0.043814,-0.043814,0.4639,0.4639,720,COMPUTED
q158_vsumd_20h,alpha158_rolling_volume,conditional,4h,2026-05,-0.01634404,-0.01634404,0.08874484,0.08874484,-0.184169,-0.184169,-0.184169,0.4315,0.4315,744,COMPUTED
q158_vsumd_20h,alpha158_rolling_volume,conditional,4h,2026-06,0.00319322,0.00319322,0.08854853,0.08854853,0.036062,0.036062,0.036062,0.5404,0.5404,285,COMPUTED
q158_vsumd_20h,alpha158_rolling_volume,conditional,24h,2024-06,-0.02802254,-0.02802254,0.12582038,0.12582038,-0.222719,-0.222719,-0.222719,0.3963,0.3963,699,COMPUTED
q158_vsumd_20h,alpha158_rolling_volume,conditional,24h,2024-07,-0.00432257,-0.00432257,0.12307382,0.12307382,-0.035122,-0.035122,-0.035122,0.4866,0.4866,744,COMPUTED
q158_vsumd_20h,alpha158_rolling_volume,conditional,24h,2024-08,-0.01389022,-0.01389022,0.12299171,0.12299171,-0.112936,-0.112936,-0.112936,0.4651,0.4651,744,COMPUTED
q158_vsumd_20h,alpha158_rolling_volume,conditional,24h,2024-09,0.01260555,0.01260555,0.11831424,0.11831424,0.106543,0.106543,0.106543,0.5306,0.5306,720,COMPUTED
q158_vsumd_20h,alpha158_rolling_volume,conditional,24h,2024-10,0.00079922,0.00079922,0.11441035,0.11441035,0.006986,0.006986,0.006986,0.4919,0.4919,744,COMPUTED
q158_vsumd_20h,alpha158_rolling_volume,conditional,24h,2024-11,-0.02449536,-0.02449536,0.16240541,0.16240541,-0.150828,-0.150828,-0.150828,0.4417,0.4417,720,COMPUTED
q158_vsumd_20h,alpha158_rolling_volume,conditional,24h,2024-12,-0.01622125,-0.01622125,0.12189995,0.12189995,-0.13307,-0.13307,-0.13307,0.4382,0.4382,744,COMPUTED
q158_vsumd_20h,alpha158_rolling_volume,conditional,24h,2025-01,0.00053083,0.00053083,0.11608511,0.11608511,0.004573,0.004573,0.004573,0.5202,0.5202,744,COMPUTED
q158_vsumd_20h,alpha158_rolling_volume,conditional,24h,2025-02,-0.01646596,-0.01646596,0.12005126,0.12005126,-0.137158,-0.137158,-0.137158,0.4524,0.4524,672,COMPUTED
q158_vsumd_20h,alpha158_rolling_volume,conditional,24h,2025-03,0.0020596,0.0020596,0.10797628,0.10797628,0.019075,0.019075,0.019075,0.5228,0.5228,744,COMPUTED
q158_vsumd_20h,alpha158_rolling_volume,conditional,24h,2025-04,0.00547707,0.00547707,0.10636771,0.10636771,0.051492,0.051492,0.051492,0.5472,0.5472,720,COMPUTED
q158_vsumd_20h,alpha158_rolling_volume,conditional,24h,2025-05,-0.01722159,-0.01722159,0.12593885,0.12593885,-0.136746,-0.136746,-0.136746,0.4745,0.4745,744,COMPUTED
q158_vsumd_20h,alpha158_rolling_volume,conditional,24h,2025-06,0.0020603,0.0020603,0.10476452,0.10476452,0.019666,0.019666,0.019666,0.5028,0.5028,720,COMPUTED
q158_vsumd_20h,alpha158_rolling_volume,conditional,24h,2025-07,0.00670813,0.00670813,0.11315075,0.11315075,0.059285,0.059285,0.059285,0.5134,0.5134,744,COMPUTED
q158_vsumd_20h,alpha158_rolling_volume,conditional,24h,2025-08,0.00712059,0.00712059,0.11424738,0.11424738,0.062326,0.062326,0.062326,0.5067,0.5067,744,COMPUTED
q158_vsumd_20h,alpha158_rolling_volume,conditional,24h,2025-09,0.00647674,0.00647674,0.10361584,0.10361584,0.062507,0.062507,0.062507,0.5222,0.5222,720,COMPUTED
q158_vsumd_20h,alpha158_rolling_volume,conditional,24h,2025-10,-0.01194195,-0.01194195,0.10341436,0.10341436,-0.115477,-0.115477,-0.115477,0.4449,0.4449,744,COMPUTED
q158_vsumd_20h,alpha158_rolling_volume,conditional,24h,2025-11,-0.00925349,-0.00925349,0.09963337,0.09963337,-0.092875,-0.092875,-0.092875,0.4569,0.4569,720,COMPUTED
q158_vsumd_20h,alpha158_rolling_volume,conditional,24h,2025-12,-0.02009376,-0.02009376,0.09840738,0.09840738,-0.20419,-0.20419,-0.20419,0.4073,0.4073,744,COMPUTED
q158_vsumd_20h,alpha158_rolling_volume,conditional,24h,2026-01,-0.01233008,-0.01233008,0.10794969,0.10794969,-0.114221,-0.114221,-0.114221,0.4543,0.4543,744,COMPUTED
q158_vsumd_20h,alpha158_rolling_volume,conditional,24h,2026-02,-0.01489889,-0.01489889,0.11223392,0.11223392,-0.132749,-0.132749,-0.132749,0.4405,0.4405,672,COMPUTED
q158_vsumd_20h,alpha158_rolling_volume,conditional,24h,2026-03,0.0052487,0.0052487,0.09614838,0.09614838,0.05459,0.05459,0.05459,0.5081,0.5081,744,COMPUTED
q158_vsumd_20h,alpha158_rolling_volume,conditional,24h,2026-04,-0.01011242,-0.01011242,0.09352467,0.09352467,-0.108126,-0.108126,-0.108126,0.4556,0.4556,720,COMPUTED
q158_vsumd_20h,alpha158_rolling_volume,conditional,24h,2026-05,-0.00328747,-0.00328747,0.08457093,0.08457093,-0.038872,-0.038872,-0.038872,0.4785,0.4785,744,COMPUTED
q158_vsumd_20h,alpha158_rolling_volume,conditional,24h,2026-06,0.01275638,0.01275638,0.06482863,0.06482863,0.196771,0.196771,0.196771,0.5849,0.5849,265,COMPUTED
q158_vsumd_20h,alpha158_rolling_volume,conditional,72h,2024-06,-0.00974065,-0.00974065,0.11907395,0.11907395,-0.081803,-0.081803,-0.081803,0.4607,0.4607,699,COMPUTED
q158_vsumd_20h,alpha158_rolling_volume,conditional,72h,2024-07,0.0028303,0.0028303,0.12114927,0.12114927,0.023362,0.023362,0.023362,0.4906,0.4906,744,COMPUTED
q158_vsumd_20h,alpha158_rolling_volume,conditional,72h,2024-08,-0.00629047,-0.00629047,0.12855438,0.12855438,-0.048932,-0.048932,-0.048932,0.4825,0.4825,744,COMPUTED
q158_vsumd_20h,alpha158_rolling_volume,conditional,72h,2024-09,0.00418753,0.00418753,0.10992086,0.10992086,0.038096,0.038096,0.038096,0.4875,0.4875,720,COMPUTED
q158_vsumd_20h,alpha158_rolling_volume,conditional,72h,2024-10,0.00128544,0.00128544,0.12216157,0.12216157,0.010522,0.010522,0.010522,0.5,0.5,744,COMPUTED
q158_vsumd_20h,alpha158_rolling_volume,conditional,72h,2024-11,0.00249907,0.00249907,0.14996086,0.14996086,0.016665,0.016665,0.016665,0.4861,0.4861,720,COMPUTED
q158_vsumd_20h,alpha158_rolling_volume,conditional,72h,2024-12,-0.01483594,-0.01483594,0.1265091,0.1265091,-0.117272,-0.117272,-0.117272,0.4556,0.4556,744,COMPUTED
q158_vsumd_20h,alpha158_rolling_volume,conditional,72h,2025-01,-0.00052191,-0.00052191,0.12109687,0.12109687,-0.00431,-0.00431,-0.00431,0.4906,0.4906,744,COMPUTED
q158_vsumd_20h,alpha158_rolling_volume,conditional,72h,2025-02,-0.0048429,-0.0048429,0.11700066,0.11700066,-0.041392,-0.041392,-0.041392,0.5089,0.5089,672,COMPUTED
q158_vsumd_20h,alpha158_rolling_volume,conditional,72h,2025-03,-0.00796923,-0.00796923,0.10038398,0.10038398,-0.079387,-0.079387,-0.079387,0.4704,0.4704,744,COMPUTED
q158_vsumd_20h,alpha158_rolling_volume,conditional,72h,2025-04,0.00309909,0.00309909,0.09952695,0.09952695,0.031138,0.031138,0.031138,0.5153,0.5153,720,COMPUTED
q158_vsumd_20h,alpha158_rolling_volume,conditional,72h,2025-05,0.0055797,0.0055797,0.11683985,0.11683985,0.047755,0.047755,0.047755,0.5296,0.5296,744,COMPUTED
q158_vsumd_20h,alpha158_rolling_volume,conditional,72h,2025-06,0.00065867,0.00065867,0.11462683,0.11462683,0.005746,0.005746,0.005746,0.4847,0.4847,720,COMPUTED
q158_vsumd_20h,alpha158_rolling_volume,conditional,72h,2025-07,0.00250648,0.00250648,0.11354311,0.11354311,0.022075,0.022075,0.022075,0.5121,0.5121,744,COMPUTED
q158_vsumd_20h,alpha158_rolling_volume,conditional,72h,2025-08,0.00125754,0.00125754,0.1079766,0.1079766,0.011646,0.011646,0.011646,0.4946,0.4946,744,COMPUTED
q158_vsumd_20h,alpha158_rolling_volume,conditional,72h,2025-09,-0.00098474,-0.00098474,0.10431168,0.10431168,-0.00944,-0.00944,-0.00944,0.4653,0.4653,720,COMPUTED
q158_vsumd_20h,alpha158_rolling_volume,conditional,72h,2025-10,-0.00861789,-0.00861789,0.09460665,0.09460665,-0.091092,-0.091092,-0.091092,0.4597,0.4597,744,COMPUTED
q158_vsumd_20h,alpha158_rolling_volume,conditional,72h,2025-11,-0.01086526,-0.01086526,0.09475526,0.09475526,-0.114667,-0.114667,-0.114667,0.4681,0.4681,720,COMPUTED
q158_vsumd_20h,alpha158_rolling_volume,conditional,72h,2025-12,-0.01815241,-0.01815241,0.09182742,0.09182742,-0.19768,-0.19768,-0.19768,0.418,0.418,744,COMPUTED
q158_vsumd_20h,alpha158_rolling_volume,conditional,72h,2026-01,-0.00017177,-0.00017177,0.10528073,0.10528073,-0.001632,-0.001632,-0.001632,0.5161,0.5161,744,COMPUTED
q158_vsumd_20h,alpha158_rolling_volume,conditional,72h,2026-02,-0.00143734,-0.00143734,0.10247275,0.10247275,-0.014027,-0.014027,-0.014027,0.4911,0.4911,672,COMPUTED
q158_vsumd_20h,alpha158_rolling_volume,conditional,72h,2026-03,0.00110919,0.00110919,0.0890961,0.0890961,0.012449,0.012449,0.012449,0.5228,0.5228,744,COMPUTED
q158_vsumd_20h,alpha158_rolling_volume,conditional,72h,2026-04,-0.00674223,-0.00674223,0.07786619,0.07786619,-0.086587,-0.086587,-0.086587,0.4403,0.4403,720,COMPUTED
q158_vsumd_20h,alpha158_rolling_volume,conditional,72h,2026-05,0.01203561,0.01203561,0.07843607,0.07843607,0.153445,0.153445,0.153445,0.547,0.547,744,COMPUTED
q158_vsumd_20h,alpha158_rolling_volume,conditional,72h,2026-06,-0.00329236,-0.00329236,0.06402255,0.06402255,-0.051425,-0.051425,-0.051425,0.4977,0.4977,217,COMPUTED
