factor_i,factor_j,family_i,family_j,same_family,spearman_corr,abs_spearman_corr,pearson_corr,n_pairwise_obs,redundancy_level,recommendation,pair_type
q158_sumn_20h,mom_vol_adjusted_20h,alpha158_rolling_direction,momentum,False,-0.997795,0.997795,-0.990717,660563,NEAR_DUPLICATE,NEAR_DUPLICATE with existing library factor. Likely redundant. Drop or justify unique contribution.,intake_vs_baseline
q158_sump_20h,mom_vol_adjusted_20h,alpha158_rolling_direction,momentum,False,0.997795,0.997795,0.990717,660563,NEAR_DUPLICATE,NEAR_DUPLICATE with existing library factor. Likely redundant. Drop or justify unique contribution.,intake_vs_baseline
q158_sumn_20h,q158_sumd_20h,alpha158_rolling_direction,alpha158_rolling,False,-0.996423,0.996423,-0.983434,662337,NEAR_DUPLICATE,NEAR_DUPLICATE with existing library factor. Likely redundant. Drop or justify unique contribution.,intake_vs_baseline
q158_vsumn_20h,q158_vsumd_20h,alpha158_rolling_volume,alpha158_rolling_volume,True,-0.996245,0.996245,-0.928693,662337,NEAR_DUPLICATE,Drop one; keep the more interpretable or stable factor.,intake_vs_intake
q158_vsump_20h,q158_vsumd_20h,alpha158_rolling_volume,alpha158_rolling_volume,True,0.995716,0.995716,0.928455,662337,NEAR_DUPLICATE,Drop one; keep the more interpretable or stable factor.,intake_vs_intake
q158_sump_20h,q158_sumd_20h,alpha158_rolling_direction,alpha158_rolling,False,0.995516,0.995516,0.983387,662337,NEAR_DUPLICATE,NEAR_DUPLICATE with existing library factor. Likely redundant. Drop or justify unique contribution.,intake_vs_baseline
q158_vsump_20h,q158_vsumn_20h,alpha158_rolling_volume,alpha158_rolling_volume,True,-0.983982,0.983982,-0.724499,662337,NEAR_DUPLICATE,Drop one; keep the more interpretable or stable factor.,intake_vs_intake
q158_sump_20h,q158_sumn_20h,alpha158_rolling_direction,alpha158_rolling_direction,True,-0.983973,0.983973,-0.934192,662337,NEAR_DUPLICATE,Drop one; keep the more interpretable or stable factor.,intake_vs_intake
q158_vma_20h,range_breakout_vol_confirm_20h,alpha158_rolling_volume,breakout,False,-0.973456,0.973456,-0.744008,21594,NEAR_DUPLICATE,NEAR_DUPLICATE with existing library factor. Likely redundant. Drop or justify unique contribution.,intake_vs_baseline
q158_sumn_20h,q158_roc_20h,alpha158_rolling_direction,alpha158_rolling_price,False,0.959049,0.959049,0.569168,662337,NEAR_DUPLICATE,NEAR_DUPLICATE with existing library factor. Likely redundant. Drop or justify unique contribution.,intake_vs_baseline
q158_sumn_20h,mom_20h,alpha158_rolling_direction,momentum,False,-0.959049,0.959049,-0.703687,662337,NEAR_DUPLICATE,NEAR_DUPLICATE with existing library factor. Likely redundant. Drop or justify unique contribution.,intake_vs_baseline
q158_sump_20h,mom_20h,alpha158_rolling_direction,momentum,False,0.958141,0.958141,0.704633,662337,NEAR_DUPLICATE,NEAR_DUPLICATE with existing library factor. Likely redundant. Drop or justify unique contribution.,intake_vs_baseline
q158_sump_20h,q158_roc_20h,alpha158_rolling_direction,alpha158_rolling_price,False,-0.958141,0.958141,-0.568924,662337,NEAR_DUPLICATE,NEAR_DUPLICATE with existing library factor. Likely redundant. Drop or justify unique contribution.,intake_vs_baseline
q158_vma_20h,vol_zscore_20h,alpha158_rolling_volume,volume_liquidity,False,-0.935617,0.935617,-0.002312,660539,HIGH_REDUNDANCY,REDUNDANT_WITH_EXISTING. High correlation with existing library factor.,intake_vs_baseline
q158_vma_20h,qvol_zscore_20h,alpha158_rolling_volume,quote_volume_liquidity,False,-0.933693,0.933693,-0.002284,660539,HIGH_REDUNDANCY,REDUNDANT_WITH_EXISTING. High correlation with existing library factor.,intake_vs_baseline
q158_sump_20h,trend_efficiency_24h,alpha158_rolling_direction,trend_quality,False,0.921137,0.921137,0.828027,213,HIGH_REDUNDANCY,REDUNDANT_WITH_EXISTING. High correlation with existing library factor.,intake_vs_baseline
q158_sumn_20h,trend_efficiency_24h,alpha158_rolling_direction,trend_quality,False,-0.921137,0.921137,-0.828027,213,HIGH_REDUNDANCY,REDUNDANT_WITH_EXISTING. High correlation with existing library factor.,intake_vs_baseline
q158_vma_20h,q158_vstd_20h,alpha158_rolling_volume,alpha158_rolling_volume,True,0.869844,0.869844,0.9528,662312,HIGH_REDUNDANCY,Same-family high redundancy. Consider dropping the weaker factor.,intake_vs_intake
q158_vstd_20h,range_breakout_vol_confirm_20h,alpha158_rolling_volume,breakout,False,-0.831585,0.831585,-0.475126,21594,MODERATE_REDUNDANCY,Monitor. May provide diversification if combined carefully.,intake_vs_baseline
q158_sumn_20h,ema_12_26_gap,alpha158_rolling_direction,technical_indicators,False,-0.817792,0.817792,-0.65219,661483,MODERATE_REDUNDANCY,Monitor. May provide diversification if combined carefully.,intake_vs_baseline
q158_sump_20h,ema_12_26_gap,alpha158_rolling_direction,technical_indicators,False,0.816409,0.816409,0.651855,661483,MODERATE_REDUNDANCY,Monitor. May provide diversification if combined carefully.,intake_vs_baseline
q158_sump_20h,rev_24h,alpha158_rolling_direction,reversal,False,-0.74637,0.74637,-0.595067,214,MODERATE_REDUNDANCY,Monitor. May provide diversification if combined carefully.,intake_vs_baseline
q158_vstd_20h,vol_zscore_20h,alpha158_rolling_volume,volume_liquidity,False,-0.727266,0.727266,-0.002299,660539,MODERATE_REDUNDANCY,Monitor. May provide diversification if combined carefully.,intake_vs_baseline
q158_sumn_20h,rev_24h,alpha158_rolling_direction,reversal,False,0.725538,0.725538,0.595671,214,MODERATE_REDUNDANCY,Monitor. May provide diversification if combined carefully.,intake_vs_baseline
q158_vstd_20h,qvol_zscore_20h,alpha158_rolling_volume,quote_volume_liquidity,False,-0.725459,0.725459,-0.002272,660539,MODERATE_REDUNDANCY,Monitor. May provide diversification if combined carefully.,intake_vs_baseline
q158_vsumd_20h,range_breakout_vol_confirm_20h,alpha158_rolling_volume,breakout,False,0.718012,0.718012,0.73404,24024,MODERATE_REDUNDANCY,Monitor. May provide diversification if combined carefully.,intake_vs_baseline
q158_vsump_20h,range_breakout_vol_confirm_20h,alpha158_rolling_volume,breakout,False,0.718012,0.718012,0.73404,24024,MODERATE_REDUNDANCY,Monitor. May provide diversification if combined carefully.,intake_vs_baseline
q158_vsumn_20h,range_breakout_vol_confirm_20h,alpha158_rolling_volume,breakout,False,-0.718012,0.718012,-0.73404,24024,MODERATE_REDUNDANCY,Monitor. May provide diversification if combined carefully.,intake_vs_baseline
q158_wvma_20h,realized_kurt_20h,alpha158_rolling_volume,realized_shape,False,0.711904,0.711904,0.772421,662337,MODERATE_REDUNDANCY,Monitor. May provide diversification if combined carefully.,intake_vs_baseline
q158_sumn_20h,q158_cntd_20h,alpha158_rolling_direction,alpha158_rolling_direction,True,-0.710018,0.710018,-0.717115,662337,MODERATE_REDUNDANCY,Monitor. May provide diversification if combined carefully.,intake_vs_baseline
q158_sump_20h,q158_cntd_20h,alpha158_rolling_direction,alpha158_rolling_direction,True,0.708744,0.708744,0.716277,662337,MODERATE_REDUNDANCY,Monitor. May provide diversification if combined carefully.,intake_vs_baseline
q158_sump_20h,q158_cntp_20h,alpha158_rolling_direction,alpha158_rolling,False,0.704781,0.704781,0.72907,662337,MODERATE_REDUNDANCY,Monitor. May provide diversification if combined carefully.,intake_vs_baseline
q158_sumn_20h,q158_cntn_20h,alpha158_rolling_direction,alpha158_rolling,False,0.702643,0.702643,0.727619,662337,MODERATE_REDUNDANCY,Monitor. May provide diversification if combined carefully.,intake_vs_baseline
q158_sumn_20h,q158_cntp_20h,alpha158_rolling_direction,alpha158_rolling,False,-0.688581,0.688581,-0.645085,662337,LOW_REDUNDANCY,Low redundancy. Independent signal sources.,intake_vs_baseline
q158_sump_20h,q158_cntn_20h,alpha158_rolling_direction,alpha158_rolling,False,-0.686444,0.686444,-0.642145,662337,LOW_REDUNDANCY,Low redundancy. Independent signal sources.,intake_vs_baseline
q158_sumn_20h,volume_pressure_20h,alpha158_rolling_direction,volume_price,False,-0.658375,0.658375,-0.078766,662337,LOW_REDUNDANCY,Low redundancy. Independent signal sources.,intake_vs_baseline
q158_sump_20h,volume_pressure_20h,alpha158_rolling_direction,volume_price,False,0.656698,0.656698,0.078755,662337,LOW_REDUNDANCY,Low redundancy. Independent signal sources.,intake_vs_baseline
q158_sumn_20h,rev_10h,alpha158_rolling_direction,reversal,False,0.643477,0.643477,0.5181,661909,LOW_REDUNDANCY,Low redundancy. Independent signal sources.,intake_vs_baseline
q158_sumn_20h,mom_10h,alpha158_rolling_direction,momentum,False,-0.643477,0.643477,-0.5181,661909,LOW_REDUNDANCY,Low redundancy. Independent signal sources.,intake_vs_baseline
q158_sump_20h,mom_10h,alpha158_rolling_direction,momentum,False,0.642783,0.642783,0.51879,661909,LOW_REDUNDANCY,Low redundancy. Independent signal sources.,intake_vs_baseline
q158_sump_20h,rev_10h,alpha158_rolling_direction,reversal,False,-0.642783,0.642783,-0.51879,661909,LOW_REDUNDANCY,Low redundancy. Independent signal sources.,intake_vs_baseline
q158_sump_20h,price_pos_120h,alpha158_rolling_direction,price_position,False,0.64174,0.64174,0.665711,4262,LOW_REDUNDANCY,Low redundancy. Independent signal sources.,intake_vs_baseline
q158_vma_20h,qvol_ma_ratio_5_20,alpha158_rolling_volume,quote_volume_liquidity,False,-0.635129,0.635129,-0.004757,660539,LOW_REDUNDANCY,Low redundancy. Independent signal sources.,intake_vs_baseline
q158_wvma_20h,wvma_20h,alpha158_rolling_volume,alpha158_ohlcv,False,0.620999,0.620999,0.396657,660563,LOW_REDUNDANCY,Low redundancy. Independent signal sources.,intake_vs_baseline
q158_sumn_20h,mom_40h,alpha158_rolling_direction,momentum,False,-0.617557,0.617557,-0.4579,660419,LOW_REDUNDANCY,Low redundancy. Independent signal sources.,intake_vs_baseline
q158_sump_20h,mom_40h,alpha158_rolling_direction,momentum,False,0.616415,0.616415,0.458505,660419,LOW_REDUNDANCY,Low redundancy. Independent signal sources.,intake_vs_baseline
q158_sumn_20h,price_pos_120h,alpha158_rolling_direction,price_position,False,-0.614065,0.614065,-0.613757,4262,LOW_REDUNDANCY,Low redundancy. Independent signal sources.,intake_vs_baseline
q158_sump_20h,q158_cord_20h,alpha158_rolling_direction,alpha158_rolling_volume_price,False,0.611579,0.611579,0.614127,660052,LOW_REDUNDANCY,Low redundancy. Independent signal sources.,intake_vs_baseline
q158_sumn_20h,q158_cord_20h,alpha158_rolling_direction,alpha158_rolling_volume_price,False,-0.611579,0.611579,-0.614127,660052,LOW_REDUNDANCY,Low redundancy. Independent signal sources.,intake_vs_baseline
q158_sump_20h,price_volume_corr_20h,alpha158_rolling_direction,volume_price,False,0.594771,0.594771,0.596705,660052,LOW_REDUNDANCY,Low redundancy. Independent signal sources.,intake_vs_baseline
q158_sumn_20h,price_volume_corr_20h,alpha158_rolling_direction,volume_price,False,-0.59477,0.59477,-0.596705,660052,LOW_REDUNDANCY,Low redundancy. Independent signal sources.,intake_vs_baseline
q158_sump_20h,ma_gap_10_40,alpha158_rolling_direction,trend_ma,False,0.588633,0.588633,0.507623,854,LOW_REDUNDANCY,Low redundancy. Independent signal sources.,intake_vs_baseline
q158_sump_20h,vol_ret_corr_20h,alpha158_rolling_direction,alpha158_ohlcv,False,0.583998,0.583998,0.584476,660563,LOW_REDUNDANCY,Low redundancy. Independent signal sources.,intake_vs_baseline
q158_sumn_20h,vol_ret_corr_20h,alpha158_rolling_direction,alpha158_ohlcv,False,-0.583998,0.583998,-0.584476,660563,LOW_REDUNDANCY,Low redundancy. Independent signal sources.,intake_vs_baseline
q158_sumn_20h,ma_gap_10_40,alpha158_rolling_direction,trend_ma,False,-0.565639,0.565639,-0.490972,854,LOW_REDUNDANCY,Low redundancy. Independent signal sources.,intake_vs_baseline
q158_vstd_20h,qvol_ma_ratio_5_20,alpha158_rolling_volume,quote_volume_liquidity,False,-0.550467,0.550467,-0.005968,660539,LOW_REDUNDANCY,Low redundancy. Independent signal sources.,intake_vs_baseline
q158_wvma_20h,vol_of_vol_20h,alpha158_rolling_volume,realized_skew_kurtosis,False,0.521051,0.521051,0.479421,214,LOW_REDUNDANCY,Low redundancy. Independent signal sources.,intake_vs_baseline
q158_vsump_20h,rsi_7h,alpha158_rolling_volume,technical_indicators,False,0.507105,0.507105,0.383895,641,LOW_REDUNDANCY,Low redundancy. Independent signal sources.,intake_vs_baseline
q158_vsumd_20h,rsi_7h,alpha158_rolling_volume,technical_indicators,False,0.502824,0.502824,0.384988,641,LOW_REDUNDANCY,Low redundancy. Independent signal sources.,intake_vs_baseline
q158_vsumn_20h,rsi_7h,alpha158_rolling_volume,technical_indicators,False,-0.482836,0.482836,-0.270653,641,LOW_REDUNDANCY,Low redundancy. Independent signal sources.,intake_vs_baseline
q158_vsump_20h,trend_efficiency_24h,alpha158_rolling_volume,trend_quality,False,0.4669,0.4669,0.484321,213,LOW_REDUNDANCY,Low redundancy. Independent signal sources.,intake_vs_baseline
q158_vsumd_20h,trend_efficiency_24h,alpha158_rolling_volume,trend_quality,False,0.4669,0.4669,0.484321,213,LOW_REDUNDANCY,Low redundancy. Independent signal sources.,intake_vs_baseline
q158_vsumn_20h,trend_efficiency_24h,alpha158_rolling_volume,trend_quality,False,-0.4669,0.4669,-0.484321,213,LOW_REDUNDANCY,Low redundancy. Independent signal sources.,intake_vs_baseline
q158_sumn_20h,mom_5h,alpha158_rolling_direction,momentum,False,-0.447529,0.447529,-0.389353,661696,LOW_REDUNDANCY,Low redundancy. Independent signal sources.,intake_vs_baseline
q158_sumn_20h,reversal_5h,alpha158_rolling_direction,momentum,False,0.447529,0.447529,0.389353,661696,LOW_REDUNDANCY,Low redundancy. Independent signal sources.,intake_vs_baseline
q158_sump_20h,reversal_5h,alpha158_rolling_direction,momentum,False,-0.446996,0.446996,-0.389868,661696,LOW_REDUNDANCY,Low redundancy. Independent signal sources.,intake_vs_baseline
q158_sump_20h,mom_5h,alpha158_rolling_direction,momentum,False,0.446996,0.446996,0.389868,661696,LOW_REDUNDANCY,Low redundancy. Independent signal sources.,intake_vs_baseline
q158_sump_20h,tech_macd,alpha158_rolling_direction,technical,False,0.434447,0.434447,0.043265,661483,LOW_REDUNDANCY,Low redundancy. Independent signal sources.,intake_vs_baseline
q158_sumn_20h,tech_macd,alpha158_rolling_direction,technical,False,-0.434256,0.434256,-0.043202,661483,LOW_REDUNDANCY,Low redundancy. Independent signal sources.,intake_vs_baseline
q158_sump_20h,rsi_7h,alpha158_rolling_direction,technical_indicators,False,0.433646,0.433646,0.542356,641,LOW_REDUNDANCY,Low redundancy. Independent signal sources.,intake_vs_baseline
q158_sump_20h,ma_gap_20_80,alpha158_rolling_direction,trend_ma,False,0.430445,0.430445,0.37329,2558,LOW_REDUNDANCY,Low redundancy. Independent signal sources.,intake_vs_baseline
q158_sumn_20h,ma_gap_20_80,alpha158_rolling_direction,trend_ma,False,-0.423797,0.423797,-0.362081,2558,LOW_REDUNDANCY,Low redundancy. Independent signal sources.,intake_vs_baseline
q158_sumn_20h,rsi_7h,alpha158_rolling_direction,technical_indicators,False,-0.40937,0.40937,-0.494507,641,LOW_REDUNDANCY,Low redundancy. Independent signal sources.,intake_vs_baseline
q158_vstd_20h,ema_12_26_gap,alpha158_rolling_volume,technical_indicators,False,0.407423,0.407423,0.16308,854,LOW_REDUNDANCY,Low redundancy. Independent signal sources.,intake_vs_baseline
q158_vsump_20h,rev_24h,alpha158_rolling_volume,reversal,False,-0.3953,0.3953,-0.310282,214,LOW_REDUNDANCY,Low redundancy. Independent signal sources.,intake_vs_baseline
q158_sump_20h,realized_skew_20h,alpha158_rolling_direction,realized_shape,False,0.394165,0.394165,0.415028,662337,LOW_REDUNDANCY,Low redundancy. Independent signal sources.,intake_vs_baseline
q158_sumn_20h,realized_skew_20h,alpha158_rolling_direction,realized_shape,False,-0.393222,0.393222,-0.413285,662337,LOW_REDUNDANCY,Low redundancy. Independent signal sources.,intake_vs_baseline
q158_sump_20h,rev_2h,alpha158_rolling_direction,reversal,False,-0.391513,0.391513,-0.319319,854,LOW_REDUNDANCY,Low redundancy. Independent signal sources.,intake_vs_baseline
q158_vsumd_20h,rev_24h,alpha158_rolling_volume,reversal,False,-0.387522,0.387522,-0.348153,214,LOW_REDUNDANCY,Low redundancy. Independent signal sources.,intake_vs_baseline
q158_wvma_20h,vol_ratio_20_80,alpha158_rolling_volume,volatility,False,0.379602,0.379602,0.420856,654861,LOW_REDUNDANCY,Low redundancy. Independent signal sources.,intake_vs_baseline
q158_vsumn_20h,rev_24h,alpha158_rolling_volume,reversal,False,0.374468,0.374468,0.234242,214,LOW_REDUNDANCY,Low redundancy. Independent signal sources.,intake_vs_baseline
q158_sumn_20h,rev_2h,alpha158_rolling_direction,reversal,False,0.373529,0.373529,0.303672,854,LOW_REDUNDANCY,Low redundancy. Independent signal sources.,intake_vs_baseline
q158_vsump_20h,range_1h,alpha158_rolling_volume,range_position,False,0.370578,0.370578,0.341243,661483,LOW_REDUNDANCY,Low redundancy. Independent signal sources.,intake_vs_baseline
q158_vsump_20h,q158_high_low_range,alpha158_rolling_volume,alpha158,False,0.370578,0.370578,0.341243,661483,LOW_REDUNDANCY,Low redundancy. Independent signal sources.,intake_vs_baseline
q158_vsump_20h,q158_klen_open,alpha158_rolling_volume,alpha158_kbar,False,0.370416,0.370416,0.35333,661483,LOW_REDUNDANCY,Low redundancy. Independent signal sources.,intake_vs_baseline
q158_vsumd_20h,range_1h,alpha158_rolling_volume,range_position,False,0.363779,0.363779,0.347509,661483,LOW_REDUNDANCY,Low redundancy. Independent signal sources.,intake_vs_baseline
q158_vsumd_20h,q158_high_low_range,alpha158_rolling_volume,alpha158,False,0.363779,0.363779,0.347509,661483,LOW_REDUNDANCY,Low redundancy. Independent signal sources.,intake_vs_baseline
q158_vsumd_20h,q158_klen_open,alpha158_rolling_volume,alpha158_kbar,False,0.363617,0.363617,0.359795,661483,LOW_REDUNDANCY,Low redundancy. Independent signal sources.,intake_vs_baseline
q158_vma_20h,range_1h,alpha158_rolling_volume,range_position,False,-0.355695,0.355695,-0.166363,854,LOW_REDUNDANCY,Low redundancy. Independent signal sources.,intake_vs_baseline
q158_vma_20h,q158_high_low_range,alpha158_rolling_volume,alpha158,False,-0.355695,0.355695,-0.166363,854,LOW_REDUNDANCY,Low redundancy. Independent signal sources.,intake_vs_baseline
q158_vsumn_20h,q158_high_low_range,alpha158_rolling_volume,alpha158,False,-0.354576,0.354576,-0.3042,661483,LOW_REDUNDANCY,Low redundancy. Independent signal sources.,intake_vs_baseline
q158_vsumn_20h,range_1h,alpha158_rolling_volume,range_position,False,-0.354576,0.354576,-0.3042,661483,LOW_REDUNDANCY,Low redundancy. Independent signal sources.,intake_vs_baseline
q158_vsumn_20h,q158_klen_open,alpha158_rolling_volume,alpha158_kbar,False,-0.354414,0.354414,-0.314934,661483,LOW_REDUNDANCY,Low redundancy. Independent signal sources.,intake_vs_baseline
q158_vma_20h,q158_klen_open,alpha158_rolling_volume,alpha158_kbar,False,-0.354034,0.354034,-0.165678,854,LOW_REDUNDANCY,Low redundancy. Independent signal sources.,intake_vs_baseline
q158_vma_20h,q158_ksft_open,alpha158_rolling_volume,alpha158_kbar,False,0.346711,0.346711,0.229067,854,LOW_REDUNDANCY,Low redundancy. Independent signal sources.,intake_vs_baseline
q158_sumn_20h,mom_accel_20h,alpha158_rolling_direction,momentum,False,-0.335983,0.335983,-0.278702,661857,LOW_REDUNDANCY,Low redundancy. Independent signal sources.,intake_vs_baseline
q158_sump_20h,mom_accel_20h,alpha158_rolling_direction,momentum,False,0.33591,0.33591,0.279083,661857,LOW_REDUNDANCY,Low redundancy. Independent signal sources.,intake_vs_baseline
q158_sumn_20h,mom_120h,alpha158_rolling_direction,momentum,False,-0.325613,0.325613,-0.194003,652755,LOW_REDUNDANCY,Low redundancy. Independent signal sources.,intake_vs_baseline
q158_sumn_20h,downside_vol_20h,alpha158_rolling_direction,realized_skew_kurtosis,False,0.324758,0.324758,0.236668,662337,LOW_REDUNDANCY,Low redundancy. Independent signal sources.,intake_vs_baseline
q158_sump_20h,mom_120h,alpha158_rolling_direction,momentum,False,0.323491,0.323491,0.194259,652755,LOW_REDUNDANCY,Low redundancy. Independent signal sources.,intake_vs_baseline
q158_sump_20h,downside_vol_20h,alpha158_rolling_direction,realized_skew_kurtosis,False,-0.308722,0.308722,-0.2151,662337,LOW_REDUNDANCY,Low redundancy. Independent signal sources.,intake_vs_baseline
q158_wvma_20h,rev_24h,alpha158_rolling_volume,reversal,False,-0.308097,0.308097,-0.280799,214,LOW_REDUNDANCY,Low redundancy. Independent signal sources.,intake_vs_baseline
q158_vma_20h,q158_ksft_range,alpha158_rolling_volume,alpha158_kbar,False,0.307161,0.307161,0.225893,854,LOW_REDUNDANCY,Low redundancy. Independent signal sources.,intake_vs_baseline
q158_sumn_20h,taker_buy_ratio_20h,alpha158_rolling_direction,taker_imbalance,False,-0.299285,0.299285,-0.295473,336636,LOW_REDUNDANCY,Low redundancy. Independent signal sources.,intake_vs_baseline
q158_sump_20h,taker_buy_ratio_20h,alpha158_rolling_direction,taker_imbalance,False,0.299284,0.299284,0.295473,336636,LOW_REDUNDANCY,Low redundancy. Independent signal sources.,intake_vs_baseline
q158_wvma_20h,qvol_ma_ratio_20_80,alpha158_rolling_volume,quote_volume_liquidity,False,0.299123,0.299123,0.409617,2546,LOW_REDUNDANCY,Low redundancy. Independent signal sources.,intake_vs_baseline
q158_vma_20h,intraday_ret,alpha158_rolling_volume,alpha158_ohlcv,False,0.291299,0.291299,0.139732,854,LOW_REDUNDANCY,Low redundancy. Independent signal sources.,intake_vs_baseline
q158_wvma_20h,volatility_20h,alpha158_rolling_volume,volatility,False,0.282629,0.282629,0.249919,662337,LOW_REDUNDANCY,Low redundancy. Independent signal sources.,intake_vs_baseline
q158_vma_20h,wq101_alpha101,alpha158_rolling_volume,wq101,False,0.277005,0.277005,0.202804,854,LOW_REDUNDANCY,Low redundancy. Independent signal sources.,intake_vs_baseline
q158_wvma_20h,ma_gap_10_40,alpha158_rolling_volume,trend_ma,False,0.27238,0.27238,0.179758,854,LOW_REDUNDANCY,Low redundancy. Independent signal sources.,intake_vs_baseline
q158_wvma_20h,trend_efficiency_24h,alpha158_rolling_volume,trend_quality,False,0.271983,0.271983,0.320345,213,LOW_REDUNDANCY,Low redundancy. Independent signal sources.,intake_vs_baseline
q158_vsumn_20h,vol_ratio_5_20,alpha158_rolling_volume,volatility,False,-0.271594,0.271594,-0.279782,660563,LOW_REDUNDANCY,Low redundancy. Independent signal sources.,intake_vs_baseline
q158_vsumd_20h,vol_ratio_5_20,alpha158_rolling_volume,volatility,False,0.271594,0.271594,0.279782,660563,LOW_REDUNDANCY,Low redundancy. Independent signal sources.,intake_vs_baseline
q158_vsump_20h,vol_ratio_5_20,alpha158_rolling_volume,volatility,False,0.271594,0.271594,0.279782,660563,LOW_REDUNDANCY,Low redundancy. Independent signal sources.,intake_vs_baseline
q158_wvma_20h,downside_vol_20h,alpha158_rolling_volume,realized_skew_kurtosis,False,0.269976,0.269976,0.268515,662337,LOW_REDUNDANCY,Low redundancy. Independent signal sources.,intake_vs_baseline
q158_sump_20h,qvol_ma_ratio_20_80,alpha158_rolling_direction,quote_volume_liquidity,False,0.269918,0.269918,0.305674,2546,LOW_REDUNDANCY,Low redundancy. Independent signal sources.,intake_vs_baseline
q158_sumn_20h,qvol_ma_ratio_20_80,alpha158_rolling_direction,quote_volume_liquidity,False,-0.269911,0.269911,-0.305674,2546,LOW_REDUNDANCY,Low redundancy. Independent signal sources.,intake_vs_baseline
q158_vma_20h,taker_buy_delta_5h,alpha158_rolling_volume,taker_imbalance,False,0.258199,0.258199,0.211178,760,LOW_REDUNDANCY,Low redundancy. Independent signal sources.,intake_vs_baseline
q158_vstd_20h,qvol_ma_ratio_20_80,alpha158_rolling_volume,quote_volume_liquidity,False,0.256193,0.256193,-0.003046,654837,LOW_REDUNDANCY,Low redundancy. Independent signal sources.,intake_vs_baseline
q158_vma_20h,candle_body,alpha158_rolling_volume,intraday_candle,False,0.25242,0.25242,0.230948,854,LOW_REDUNDANCY,Low redundancy. Independent signal sources.,intake_vs_baseline
q158_vstd_20h,vol_of_vol_20h,alpha158_rolling_volume,realized_skew_kurtosis,False,0.25225,0.25225,0.00145,661832,LOW_REDUNDANCY,Low redundancy. Independent signal sources.,intake_vs_baseline
q158_vstd_20h,q158_ksft_range,alpha158_rolling_volume,alpha158_kbar,False,0.247294,0.247294,0.169074,854,LOW_REDUNDANCY,Low redundancy. Independent signal sources.,intake_vs_baseline
q158_wvma_20h,rev_2h,alpha158_rolling_volume,reversal,False,-0.229133,0.229133,-0.246085,854,LOW_REDUNDANCY,Low redundancy. Independent signal sources.,intake_vs_baseline
q158_vma_20h,q158_imax_20h,alpha158_rolling_volume,alpha158_rolling_position,False,0.228214,0.228214,0.000583,662312,LOW_REDUNDANCY,Low redundancy. Independent signal sources.,intake_vs_baseline
q158_vstd_20h,q158_ksft_open,alpha158_rolling_volume,alpha158_kbar,False,0.225035,0.225035,0.125055,854,LOW_REDUNDANCY,Low redundancy. Independent signal sources.,intake_vs_baseline
q158_vsump_20h,vol_5h,alpha158_rolling_volume,volatility,False,0.222469,0.222469,0.206256,661696,LOW_REDUNDANCY,Low redundancy. Independent signal sources.,intake_vs_baseline
q158_vsump_20h,ma_gap_10_40,alpha158_rolling_volume,trend_ma,False,0.216792,0.216792,0.168883,854,LOW_REDUNDANCY,Low redundancy. Independent signal sources.,intake_vs_baseline
q158_vsumd_20h,vol_5h,alpha158_rolling_volume,volatility,False,0.215085,0.215085,0.202817,661696,LOW_REDUNDANCY,Low redundancy. Independent signal sources.,intake_vs_baseline
q158_vma_20h,candle_wick_lower,alpha158_rolling_volume,intraday_candle,False,0.213135,0.213135,0.112791,854,LOW_REDUNDANCY,Low redundancy. Independent signal sources.,intake_vs_baseline
q158_vsumn_20h,vol_5h,alpha158_rolling_volume,volatility,False,-0.206463,0.206463,-0.170458,661696,LOW_REDUNDANCY,Low redundancy. Independent signal sources.,intake_vs_baseline
q158_vstd_20h,q158_imax_20h,alpha158_rolling_volume,alpha158_rolling_position,False,0.205096,0.205096,0.000669,662312,LOW_REDUNDANCY,Low redundancy. Independent signal sources.,intake_vs_baseline
q158_sumn_20h,xs_rank_mom_accel,alpha158_rolling_direction,cross_sectional_normalized,False,-0.204068,0.204068,-0.212874,661857,LOW_REDUNDANCY,Low redundancy. Independent signal sources.,intake_vs_baseline
q158_sump_20h,xs_rank_mom_accel,alpha158_rolling_direction,cross_sectional_normalized,False,0.203923,0.203923,0.212882,661857,LOW_REDUNDANCY,Low redundancy. Independent signal sources.,intake_vs_baseline
q158_vsumd_20h,ma_gap_10_40,alpha158_rolling_volume,trend_ma,False,0.202622,0.202622,0.160953,854,LOW_REDUNDANCY,Low redundancy. Independent signal sources.,intake_vs_baseline
q158_vsump_20h,vol_ratio_20_80,alpha158_rolling_volume,volatility,False,0.200721,0.200721,0.201331,654861,LOW_REDUNDANCY,Low redundancy. Independent signal sources.,intake_vs_baseline
q158_vsumd_20h,vol_ratio_20_80,alpha158_rolling_volume,volatility,False,0.200572,0.200572,0.200321,654861,LOW_REDUNDANCY,Low redundancy. Independent signal sources.,intake_vs_baseline
q158_vsumn_20h,vol_ratio_20_80,alpha158_rolling_volume,volatility,False,-0.200401,0.200401,-0.198673,654861,LOW_REDUNDANCY,Low redundancy. Independent signal sources.,intake_vs_baseline
q158_vsumn_20h,qvol_ma_ratio_20_80,alpha158_rolling_volume,quote_volume_liquidity,False,-0.199726,0.199726,-0.192612,2546,LOW_REDUNDANCY,Low redundancy. Independent signal sources.,intake_vs_baseline
q158_vsump_20h,qvol_ma_ratio_20_80,alpha158_rolling_volume,quote_volume_liquidity,False,0.199726,0.199726,0.192612,2546,LOW_REDUNDANCY,Low redundancy. Independent signal sources.,intake_vs_baseline
q158_vsumd_20h,qvol_ma_ratio_20_80,alpha158_rolling_volume,quote_volume_liquidity,False,0.199726,0.199726,0.192612,2546,LOW_REDUNDANCY,Low redundancy. Independent signal sources.,intake_vs_baseline
q158_sumn_20h,intraday_ret,alpha158_rolling_direction,alpha158_ohlcv,False,-0.19615,0.19615,-0.19443,661483,LOW_REDUNDANCY,Low redundancy. Independent signal sources.,intake_vs_baseline
q158_sump_20h,intraday_ret,alpha158_rolling_direction,alpha158_ohlcv,False,0.195925,0.195925,0.194681,661483,LOW_REDUNDANCY,Low redundancy. Independent signal sources.,intake_vs_baseline
q158_vma_20h,q158_kup_open,alpha158_rolling_volume,alpha158_kbar,False,-0.195473,0.195473,-0.145418,854,LOW_REDUNDANCY,Low redundancy. Independent signal sources.,intake_vs_baseline
q158_vstd_20h,q158_max_20h,alpha158_rolling_volume,alpha158_rolling_price,False,0.195101,0.195101,0.001192,662312,LOW_REDUNDANCY,Low redundancy. Independent signal sources.,intake_vs_baseline
q158_vma_20h,ksft_5h,alpha158_rolling_volume,alpha158_ohlcv,False,-0.194208,0.194208,-0.096909,641,LOW_REDUNDANCY,Low redundancy. Independent signal sources.,intake_vs_baseline
q158_vsumn_20h,ma_gap_10_40,alpha158_rolling_volume,trend_ma,False,-0.193822,0.193822,-0.094246,854,LOW_REDUNDANCY,Low redundancy. Independent signal sources.,intake_vs_baseline
q158_sumn_20h,candle_body,alpha158_rolling_direction,intraday_candle,False,-0.192725,0.192725,-0.19606,661483,LOW_REDUNDANCY,Low redundancy. Independent signal sources.,intake_vs_baseline
q158_sump_20h,candle_body,alpha158_rolling_direction,intraday_candle,False,0.192499,0.192499,0.196036,661483,LOW_REDUNDANCY,Low redundancy. Independent signal sources.,intake_vs_baseline
q158_sumn_20h,wq101_alpha101,alpha158_rolling_direction,wq101,False,-0.180207,0.180207,-0.184559,661483,LOW_REDUNDANCY,Low redundancy. Independent signal sources.,intake_vs_baseline
q158_sump_20h,wq101_alpha101,alpha158_rolling_direction,wq101,False,0.179981,0.179981,0.18454,661483,LOW_REDUNDANCY,Low redundancy. Independent signal sources.,intake_vs_baseline
q158_vsump_20h,klow_close,alpha158_rolling_volume,alpha158_ohlcv,False,0.179787,0.179787,0.213966,661483,LOW_REDUNDANCY,Low redundancy. Independent signal sources.,intake_vs_baseline
q158_vsump_20h,q158_klow_open,alpha158_rolling_volume,alpha158_kbar,False,0.179783,0.179783,0.213745,661483,LOW_REDUNDANCY,Low redundancy. Independent signal sources.,intake_vs_baseline
q158_vma_20h,tech_macd,alpha158_rolling_volume,technical,False,-0.179392,0.179392,0.01458,854,LOW_REDUNDANCY,Low redundancy. Independent signal sources.,intake_vs_baseline
q158_sump_20h,funding_rate_zscore_80h,alpha158_rolling_direction,funding_rate,False,0.177785,0.177785,0.165489,3900,LOW_REDUNDANCY,Low redundancy. Independent signal sources.,intake_vs_baseline
q158_sumn_20h,funding_rate_zscore_80h,alpha158_rolling_direction,funding_rate,False,-0.177781,0.177781,-0.165489,3900,LOW_REDUNDANCY,Low redundancy. Independent signal sources.,intake_vs_baseline
q158_vsumd_20h,klow_close,alpha158_rolling_volume,alpha158_ohlcv,False,0.172521,0.172521,0.213899,661483,LOW_REDUNDANCY,Low redundancy. Independent signal sources.,intake_vs_baseline
q158_vsumd_20h,q158_klow_open,alpha158_rolling_volume,alpha158_kbar,False,0.172518,0.172518,0.213401,661483,LOW_REDUNDANCY,Low redundancy. Independent signal sources.,intake_vs_baseline
q158_vstd_20h,candle_wick_lower,alpha158_rolling_volume,intraday_candle,False,0.168023,0.168023,0.094981,854,LOW_REDUNDANCY,Low redundancy. Independent signal sources.,intake_vs_baseline
q158_wvma_20h,rsi_7h,alpha158_rolling_volume,technical_indicators,False,0.165354,0.165354,0.128013,641,LOW_REDUNDANCY,Low redundancy. Independent signal sources.,intake_vs_baseline
q158_vstd_20h,q158_std_20h,alpha158_rolling_volume,alpha158_rolling_price,False,0.165209,0.165209,0.000432,662312,LOW_REDUNDANCY,Low redundancy. Independent signal sources.,intake_vs_baseline
q158_vsumn_20h,klow_close,alpha158_rolling_volume,alpha158_ohlcv,False,-0.164375,0.164375,-0.183324,661483,LOW_REDUNDANCY,Low redundancy. Independent signal sources.,intake_vs_baseline
q158_vsumn_20h,q158_klow_open,alpha158_rolling_volume,alpha158_kbar,False,-0.164372,0.164372,-0.182621,661483,LOW_REDUNDANCY,Low redundancy. Independent signal sources.,intake_vs_baseline
q158_vstd_20h,mom_10h,alpha158_rolling_volume,momentum,False,0.162829,0.162829,0.094333,428,LOW_REDUNDANCY,Low redundancy. Independent signal sources.,intake_vs_baseline
q158_vstd_20h,rev_10h,alpha158_rolling_volume,reversal,False,-0.162829,0.162829,-0.094333,428,LOW_REDUNDANCY,Low redundancy. Independent signal sources.,intake_vs_baseline
q158_wvma_20h,vol_40h,alpha158_rolling_volume,volatility,False,0.156731,0.156731,0.145645,660419,LOW_REDUNDANCY,Low redundancy. Independent signal sources.,intake_vs_baseline
q158_wvma_20h,ma_gap_20_80,alpha158_rolling_volume,trend_ma,False,0.156322,0.156322,0.113801,2558,LOW_REDUNDANCY,Low redundancy. Independent signal sources.,intake_vs_baseline
q158_sumn_20h,q158_ksft_open,alpha158_rolling_direction,alpha158_kbar,False,-0.154368,0.154368,-0.147912,661483,LOW_REDUNDANCY,Low redundancy. Independent signal sources.,intake_vs_baseline
q158_sump_20h,q158_ksft_open,alpha158_rolling_direction,alpha158_kbar,False,0.15416,0.15416,0.148037,661483,LOW_REDUNDANCY,Low redundancy. Independent signal sources.,intake_vs_baseline
q158_vstd_20h,tech_macd,alpha158_rolling_volume,technical,False,0.153457,0.153457,0.018064,854,LOW_REDUNDANCY,Low redundancy. Independent signal sources.,intake_vs_baseline
q158_vstd_20h,intraday_ret,alpha158_rolling_volume,alpha158_ohlcv,False,0.152876,0.152876,0.086996,854,LOW_REDUNDANCY,Low redundancy. Independent signal sources.,intake_vs_baseline
q158_sumn_20h,q158_ksft_range,alpha158_rolling_direction,alpha158_kbar,False,-0.151455,0.151455,-0.153274,661483,LOW_REDUNDANCY,Low redundancy. Independent signal sources.,intake_vs_baseline
q158_sump_20h,q158_ksft_range,alpha158_rolling_direction,alpha158_kbar,False,0.151247,0.151247,0.15339,661483,LOW_REDUNDANCY,Low redundancy. Independent signal sources.,intake_vs_baseline
q158_vstd_20h,wq101_alpha101,alpha158_rolling_volume,wq101,False,0.150592,0.150592,0.132606,854,LOW_REDUNDANCY,Low redundancy. Independent signal sources.,intake_vs_baseline
q158_vstd_20h,taker_buy_delta_5h,alpha158_rolling_volume,taker_imbalance,False,0.148765,0.148765,0.094448,760,LOW_REDUNDANCY,Low redundancy. Independent signal sources.,intake_vs_baseline
q158_wvma_20h,price_pos_120h,alpha158_rolling_volume,price_position,False,-0.146619,0.146619,-0.151988,4262,LOW_REDUNDANCY,Low redundancy. Independent signal sources.,intake_vs_baseline
q158_vma_20h,reversal_5h,alpha158_rolling_volume,momentum,False,0.146012,0.146012,0.123902,641,LOW_REDUNDANCY,Low redundancy. Independent signal sources.,intake_vs_baseline
q158_vma_20h,mom_5h,alpha158_rolling_volume,momentum,False,-0.146012,0.146012,-0.123902,641,LOW_REDUNDANCY,Low redundancy. Independent signal sources.,intake_vs_baseline
q158_vsump_20h,q158_kup_open,alpha158_rolling_volume,alpha158_kbar,False,0.145729,0.145729,0.216086,661483,LOW_REDUNDANCY,Low redundancy. Independent signal sources.,intake_vs_baseline
q158_wvma_20h,vol_5h,alpha158_rolling_volume,volatility,False,0.139426,0.139426,0.191308,661696,LOW_REDUNDANCY,Low redundancy. Independent signal sources.,intake_vs_baseline
q158_vsumd_20h,q158_kup_open,alpha158_rolling_volume,alpha158_kbar,False,0.138381,0.138381,0.218555,661483,LOW_REDUNDANCY,Low redundancy. Independent signal sources.,intake_vs_baseline
q158_vma_20h,vol_5h,alpha158_rolling_volume,volatility,False,-0.13748,0.13748,0.000741,641,LOW_REDUNDANCY,Low redundancy. Independent signal sources.,intake_vs_baseline
q158_vma_20h,ema_12_26_gap,alpha158_rolling_volume,technical_indicators,False,0.136694,0.136694,0.037346,854,LOW_REDUNDANCY,Low redundancy. Independent signal sources.,intake_vs_baseline
q158_sumn_20h,range_breakout_vol_confirm_20h,alpha158_rolling_direction,breakout,False,-0.136465,0.136465,-0.165536,24024,LOW_REDUNDANCY,Low redundancy. Independent signal sources.,intake_vs_baseline
q158_sump_20h,range_breakout_vol_confirm_20h,alpha158_rolling_direction,breakout,False,0.13646,0.13646,0.165536,24024,LOW_REDUNDANCY,Low redundancy. Independent signal sources.,intake_vs_baseline
q158_vstd_20h,candle_body,alpha158_rolling_volume,intraday_candle,False,0.136438,0.136438,0.151242,854,LOW_REDUNDANCY,Low redundancy. Independent signal sources.,intake_vs_baseline
q158_wvma_20h,q158_vsump_20h,alpha158_rolling_volume,alpha158_rolling_volume,True,0.135332,0.135332,0.212892,662337,LOW_REDUNDANCY,Low redundancy. Independent signal sources.,intake_vs_intake
q158_wvma_20h,range_breakout_vol_confirm_20h,alpha158_rolling_volume,breakout,False,0.134077,0.134077,0.203872,24024,LOW_REDUNDANCY,Low redundancy. Independent signal sources.,intake_vs_baseline
q158_vma_20h,q158_imin_20h,alpha158_rolling_volume,alpha158_rolling_position,False,0.132608,0.132608,-0.000174,662312,LOW_REDUNDANCY,Low redundancy. Independent signal sources.,intake_vs_baseline
q158_vma_20h,vol_of_vol_20h,alpha158_rolling_volume,realized_skew_kurtosis,False,0.131777,0.131777,0.001465,661832,LOW_REDUNDANCY,Low redundancy. Independent signal sources.,intake_vs_baseline
q158_vsump_20h,vol_of_vol_20h,alpha158_rolling_volume,realized_skew_kurtosis,False,0.13164,0.13164,0.097983,214,LOW_REDUNDANCY,Low redundancy. Independent signal sources.,intake_vs_baseline
q158_vsumn_20h,q158_kup_open,alpha158_rolling_volume,alpha158_kbar,False,-0.130424,0.130424,-0.189847,661483,LOW_REDUNDANCY,Low redundancy. Independent signal sources.,intake_vs_baseline
q158_sump_20h,funding_rate_change_24h,alpha158_rolling_direction,funding_rate,False,0.128702,0.128702,-0.033592,530203,LOW_REDUNDANCY,Low redundancy. Independent signal sources.,intake_vs_baseline
q158_sumn_20h,funding_rate_change_24h,alpha158_rolling_direction,funding_rate,False,-0.128606,0.128606,0.033658,530203,LOW_REDUNDANCY,Low redundancy. Independent signal sources.,intake_vs_baseline
q158_vstd_20h,q158_imin_20h,alpha158_rolling_volume,alpha158_rolling_position,False,0.128067,0.128067,0.000677,662312,LOW_REDUNDANCY,Low redundancy. Independent signal sources.,intake_vs_baseline
q158_wvma_20h,q158_vsumd_20h,alpha158_rolling_volume,alpha158_rolling_volume,True,0.127522,0.127522,0.176272,662337,LOW_REDUNDANCY,Low redundancy. Independent signal sources.,intake_vs_intake
q158_vma_20h,q158_max_20h,alpha158_rolling_volume,alpha158_rolling_price,False,0.12247,0.12247,0.001237,662312,LOW_REDUNDANCY,Low redundancy. Independent signal sources.,intake_vs_baseline
q158_vstd_20h,q158_min_20h,alpha158_rolling_volume,alpha158_rolling_price,False,-0.12103,0.12103,0.00144,662312,LOW_REDUNDANCY,Low redundancy. Independent signal sources.,intake_vs_baseline
q158_vsumd_20h,xs_rank_mom_accel,alpha158_rolling_volume,cross_sectional_normalized,False,0.119609,0.119609,0.130933,661857,LOW_REDUNDANCY,Low redundancy. Independent signal sources.,intake_vs_baseline
q158_wvma_20h,q158_vsumn_20h,alpha158_rolling_volume,alpha158_rolling_volume,True,-0.119314,0.119314,-0.11455,662337,LOW_REDUNDANCY,Low redundancy. Independent signal sources.,intake_vs_intake
q158_vsumn_20h,xs_rank_mom_accel,alpha158_rolling_volume,cross_sectional_normalized,False,-0.119259,0.119259,-0.121784,661857,LOW_REDUNDANCY,Low redundancy. Independent signal sources.,intake_vs_baseline
q158_vstd_20h,q158_qtlu_20h,alpha158_rolling_volume,alpha158_rolling,False,0.119182,0.119182,0.001258,662312,LOW_REDUNDANCY,Low redundancy. Independent signal sources.,intake_vs_baseline
q158_vsump_20h,xs_rank_mom_accel,alpha158_rolling_volume,cross_sectional_normalized,False,0.119112,0.119112,0.121369,661857,LOW_REDUNDANCY,Low redundancy. Independent signal sources.,intake_vs_baseline
q158_vstd_20h,q158_klow_open,alpha158_rolling_volume,alpha158_kbar,False,0.119055,0.119055,0.043479,854,LOW_REDUNDANCY,Low redundancy. Independent signal sources.,intake_vs_baseline
q158_vsumd_20h,vol_of_vol_20h,alpha158_rolling_volume,realized_skew_kurtosis,False,0.118701,0.118701,0.05944,214,LOW_REDUNDANCY,Low redundancy. Independent signal sources.,intake_vs_baseline
q158_wvma_20h,funding_rate_zscore_80h,alpha158_rolling_volume,funding_rate,False,-0.11845,0.11845,-0.142963,3900,LOW_REDUNDANCY,Low redundancy. Independent signal sources.,intake_vs_baseline
q158_vstd_20h,klow_close,alpha158_rolling_volume,alpha158_ohlcv,False,0.117632,0.117632,0.041916,854,LOW_REDUNDANCY,Low redundancy. Independent signal sources.,intake_vs_baseline
q158_vma_20h,q158_qtlu_20h,alpha158_rolling_volume,alpha158_rolling,False,0.113917,0.113917,0.0018,662312,LOW_REDUNDANCY,Low redundancy. Independent signal sources.,intake_vs_baseline
q158_vma_20h,price_pos_72h,alpha158_rolling_volume,price_position,False,-0.112416,0.112416,-0.105253,2345,LOW_REDUNDANCY,Low redundancy. Independent signal sources.,intake_vs_baseline
q158_vstd_20h,candle_wick_upper,alpha158_rolling_volume,intraday_candle,False,-0.11204,0.11204,-0.002447,854,LOW_REDUNDANCY,Low redundancy. Independent signal sources.,intake_vs_baseline
q158_vsumn_20h,price_pos_120h,alpha158_rolling_volume,price_position,False,0.108771,0.108771,0.16591,4262,LOW_REDUNDANCY,Low redundancy. Independent signal sources.,intake_vs_baseline
q158_vstd_20h,price_pos_72h,alpha158_rolling_volume,price_position,False,-0.107458,0.107458,-0.078271,2345,LOW_REDUNDANCY,Low redundancy. Independent signal sources.,intake_vs_baseline
q158_vsumn_20h,rev_2h,alpha158_rolling_volume,reversal,False,-0.106838,0.106838,0.082841,854,LOW_REDUNDANCY,Low redundancy. Independent signal sources.,intake_vs_baseline
q158_sump_20h,ksft_5h,alpha158_rolling_direction,alpha158_ohlcv,False,0.106699,0.106699,0.116566,661696,LOW_REDUNDANCY,Low redundancy. Independent signal sources.,intake_vs_baseline
q158_vsump_20h,wvma_20h,alpha158_rolling_volume,alpha158_ohlcv,False,0.10639,0.10639,0.114247,660563,LOW_REDUNDANCY,Low redundancy. Independent signal sources.,intake_vs_baseline
q158_vsumn_20h,wvma_20h,alpha158_rolling_volume,alpha158_ohlcv,False,-0.10639,0.10639,-0.114247,660563,LOW_REDUNDANCY,Low redundancy. Independent signal sources.,intake_vs_baseline
q158_vsumd_20h,wvma_20h,alpha158_rolling_volume,alpha158_ohlcv,False,0.10639,0.10639,0.114247,660563,LOW_REDUNDANCY,Low redundancy. Independent signal sources.,intake_vs_baseline
q158_sumn_20h,ksft_5h,alpha158_rolling_direction,alpha158_ohlcv,False,-0.106326,0.106326,-0.11581,661696,LOW_REDUNDANCY,Low redundancy. Independent signal sources.,intake_vs_baseline
q158_vma_20h,trend_efficiency_24h,alpha158_rolling_volume,trend_quality,False,-0.106235,0.106235,0.002231,660063,LOW_REDUNDANCY,Low redundancy. Independent signal sources.,intake_vs_baseline
q158_vsumn_20h,vol_of_vol_20h,alpha158_rolling_volume,realized_skew_kurtosis,False,-0.103733,0.103733,0.005033,214,LOW_REDUNDANCY,Low redundancy. Independent signal sources.,intake_vs_baseline
q158_vma_20h,rev_10h,alpha158_rolling_volume,reversal,False,-0.102383,0.102383,0.026973,428,LOW_REDUNDANCY,Low redundancy. Independent signal sources.,intake_vs_baseline
q158_vma_20h,mom_10h,alpha158_rolling_volume,momentum,False,0.102383,0.102383,-0.026973,428,LOW_REDUNDANCY,Low redundancy. Independent signal sources.,intake_vs_baseline
q158_vstd_20h,vol_5h,alpha158_rolling_volume,volatility,False,-0.101484,0.101484,0.002375,641,LOW_REDUNDANCY,Low redundancy. Independent signal sources.,intake_vs_baseline
q158_vstd_20h,q158_kup_open,alpha158_rolling_volume,alpha158_kbar,False,-0.100161,0.100161,-0.038414,854,LOW_REDUNDANCY,Low redundancy. Independent signal sources.,intake_vs_baseline
q158_wvma_20h,q158_high_low_range,alpha158_rolling_volume,alpha158,False,0.098776,0.098776,0.159516,661483,LOW_REDUNDANCY,Low redundancy. Independent signal sources.,intake_vs_baseline
q158_wvma_20h,range_1h,alpha158_rolling_volume,range_position,False,0.098776,0.098776,0.159516,661483,LOW_REDUNDANCY,Low redundancy. Independent signal sources.,intake_vs_baseline
q158_wvma_20h,q158_klen_open,alpha158_rolling_volume,alpha158_kbar,False,0.098647,0.098647,0.166281,661483,LOW_REDUNDANCY,Low redundancy. Independent signal sources.,intake_vs_baseline
q158_vsumd_20h,price_pos_120h,alpha158_rolling_volume,price_position,False,-0.096195,0.096195,-0.130083,4262,LOW_REDUNDANCY,Low redundancy. Independent signal sources.,intake_vs_baseline
q158_vsumd_20h,rev_2h,alpha158_rolling_volume,reversal,False,0.093439,0.093439,-0.117073,854,LOW_REDUNDANCY,Low redundancy. Independent signal sources.,intake_vs_baseline
q158_vma_20h,qvol_ma_ratio_20_80,alpha158_rolling_volume,quote_volume_liquidity,False,0.09332,0.09332,-0.002609,654837,LOW_REDUNDANCY,Low redundancy. Independent signal sources.,intake_vs_baseline
q158_wvma_20h,vol_ratio_5_20,alpha158_rolling_volume,volatility,False,-0.092897,0.092897,-0.028115,660563,LOW_REDUNDANCY,Low redundancy. Independent signal sources.,intake_vs_baseline
q158_sump_20h,vol_of_vol_20h,alpha158_rolling_direction,realized_skew_kurtosis,False,0.092803,0.092803,0.067452,214,LOW_REDUNDANCY,Low redundancy. Independent signal sources.,intake_vs_baseline
q158_vsump_20h,rev_2h,alpha158_rolling_volume,reversal,False,0.088838,0.088838,-0.120783,854,LOW_REDUNDANCY,Low redundancy. Independent signal sources.,intake_vs_baseline
q158_vsump_20h,price_pos_120h,alpha158_rolling_volume,price_position,False,-0.081098,0.081098,-0.065824,4262,LOW_REDUNDANCY,Low redundancy. Independent signal sources.,intake_vs_baseline
q158_vsump_20h,realized_kurt_20h,alpha158_rolling_volume,realized_shape,False,0.079351,0.079351,0.147437,662337,LOW_REDUNDANCY,Low redundancy. Independent signal sources.,intake_vs_baseline
q158_sumn_20h,funding_rate_level_20h,alpha158_rolling_direction,funding_rate,False,-0.077182,0.077182,-0.010246,530451,LOW_REDUNDANCY,Low redundancy. Independent signal sources.,intake_vs_baseline
q158_vsumn_20h,candle_wick_upper,alpha158_rolling_volume,intraday_candle,False,0.076653,0.076653,0.073852,661483,LOW_REDUNDANCY,Low redundancy. Independent signal sources.,intake_vs_baseline
q158_vma_20h,ma_gap_5_20,alpha158_rolling_volume,trend_ma,False,-0.075168,0.075168,-0.002342,662312,LOW_REDUNDANCY,Low redundancy. Independent signal sources.,intake_vs_baseline
q158_vma_20h,q158_beta_20h,alpha158_rolling_volume,alpha158_rolling_regression,False,-0.072597,0.072597,-0.002207,662312,LOW_REDUNDANCY,Low redundancy. Independent signal sources.,intake_vs_baseline
q158_sump_20h,q158_vsump_20h,alpha158_rolling_direction,alpha158_rolling_volume,False,0.072184,0.072184,0.136018,662337,LOW_REDUNDANCY,Low redundancy. Independent signal sources.,intake_vs_intake
q158_sumn_20h,q158_vsumn_20h,alpha158_rolling_direction,alpha158_rolling_volume,False,0.072174,0.072174,0.139157,662337,LOW_REDUNDANCY,Low redundancy. Independent signal sources.,intake_vs_intake
q158_vsumn_20h,q158_roc_20h,alpha158_rolling_volume,alpha158_rolling_price,False,0.071926,0.071926,0.049632,662337,LOW_REDUNDANCY,Low redundancy. Independent signal sources.,intake_vs_baseline
q158_vsumn_20h,mom_20h,alpha158_rolling_volume,momentum,False,-0.071926,0.071926,-0.096371,662337,LOW_REDUNDANCY,Low redundancy. Independent signal sources.,intake_vs_baseline
q158_vsumd_20h,q158_roc_20h,alpha158_rolling_volume,alpha158_rolling_price,False,-0.07177,0.07177,-0.052352,662337,LOW_REDUNDANCY,Low redundancy. Independent signal sources.,intake_vs_baseline
q158_vsumd_20h,mom_20h,alpha158_rolling_volume,momentum,False,0.07177,0.07177,0.103829,662337,LOW_REDUNDANCY,Low redundancy. Independent signal sources.,intake_vs_baseline
q158_vsumd_20h,realized_kurt_20h,alpha158_rolling_volume,realized_shape,False,0.071343,0.071343,0.121641,662337,LOW_REDUNDANCY,Low redundancy. Independent signal sources.,intake_vs_baseline
q158_sump_20h,funding_rate_level_20h,alpha158_rolling_direction,funding_rate,False,0.071024,0.071024,0.00765,530451,LOW_REDUNDANCY,Low redundancy. Independent signal sources.,intake_vs_baseline
q158_vsump_20h,mom_20h,alpha158_rolling_volume,momentum,False,0.071019,0.071019,0.096456,662337,LOW_REDUNDANCY,Low redundancy. Independent signal sources.,intake_vs_baseline
q158_vsump_20h,q158_roc_20h,alpha158_rolling_volume,alpha158_rolling_price,False,-0.071019,0.071019,-0.047592,662337,LOW_REDUNDANCY,Low redundancy. Independent signal sources.,intake_vs_baseline
q158_vstd_20h,vwap_dev_20h,alpha158_rolling_volume,alpha158_ohlcv,False,-0.070682,0.070682,-0.002382,660539,LOW_REDUNDANCY,Low redundancy. Independent signal sources.,intake_vs_baseline
q158_vsumd_20h,candle_wick_upper,alpha158_rolling_volume,intraday_candle,False,-0.069534,0.069534,-0.05187,661483,LOW_REDUNDANCY,Low redundancy. Independent signal sources.,intake_vs_baseline
q158_vstd_20h,range_1h,alpha158_rolling_volume,range_position,False,-0.069348,0.069348,-0.064634,854,LOW_REDUNDANCY,Low redundancy. Independent signal sources.,intake_vs_baseline
q158_vstd_20h,q158_high_low_range,alpha158_rolling_volume,alpha158,False,-0.069348,0.069348,-0.064634,854,LOW_REDUNDANCY,Low redundancy. Independent signal sources.,intake_vs_baseline
q158_wvma_20h,q158_kup_open,alpha158_rolling_volume,alpha158_kbar,False,0.069119,0.069119,0.111469,661483,LOW_REDUNDANCY,Low redundancy. Independent signal sources.,intake_vs_baseline
q158_vstd_20h,q158_klen_open,alpha158_rolling_volume,alpha158_kbar,False,-0.067815,0.067815,-0.063902,854,LOW_REDUNDANCY,Low redundancy. Independent signal sources.,intake_vs_baseline
q158_vma_20h,vwap_dev_20h,alpha158_rolling_volume,alpha158_ohlcv,False,-0.06683,0.06683,-0.002854,660539,LOW_REDUNDANCY,Low redundancy. Independent signal sources.,intake_vs_baseline
q158_vsump_20h,volatility_20h,alpha158_rolling_volume,volatility,False,0.066628,0.066628,0.083058,662337,LOW_REDUNDANCY,Low redundancy. Independent signal sources.,intake_vs_baseline
q158_vsumn_20h,q158_sumd_20h,alpha158_rolling_volume,alpha158_rolling,False,-0.064904,0.064904,-0.072857,662337,LOW_REDUNDANCY,Low redundancy. Independent signal sources.,intake_vs_baseline
q158_sumn_20h,vol_of_vol_20h,alpha158_rolling_direction,realized_skew_kurtosis,False,-0.064896,0.064896,-0.014728,214,LOW_REDUNDANCY,Low redundancy. Independent signal sources.,intake_vs_baseline
q158_vsumd_20h,q158_sumd_20h,alpha158_rolling_volume,alpha158_rolling,False,0.064721,0.064721,0.076967,662337,LOW_REDUNDANCY,Low redundancy. Independent signal sources.,intake_vs_baseline
q158_sumn_20h,q158_vsumd_20h,alpha158_rolling_direction,alpha158_rolling_volume,False,-0.064684,0.064684,-0.076018,662337,LOW_REDUNDANCY,Low redundancy. Independent signal sources.,intake_vs_intake
q158_sump_20h,q158_vsumd_20h,alpha158_rolling_direction,alpha158_rolling_volume,False,0.064165,0.064165,0.075362,662337,LOW_REDUNDANCY,Low redundancy. Independent signal sources.,intake_vs_intake
q158_vsump_20h,q158_sumd_20h,alpha158_rolling_volume,alpha158_rolling,False,0.063997,0.063997,0.07008,662337,LOW_REDUNDANCY,Low redundancy. Independent signal sources.,intake_vs_baseline
q158_vsumn_20h,mom_vol_adjusted_20h,alpha158_rolling_volume,momentum,False,-0.063723,0.063723,-0.078922,660563,LOW_REDUNDANCY,Low redundancy. Independent signal sources.,intake_vs_baseline
q158_vsump_20h,mom_vol_adjusted_20h,alpha158_rolling_volume,momentum,False,0.063723,0.063723,0.078922,660563,LOW_REDUNDANCY,Low redundancy. Independent signal sources.,intake_vs_baseline
q158_vsumd_20h,mom_vol_adjusted_20h,alpha158_rolling_volume,momentum,False,0.063723,0.063723,0.078922,660563,LOW_REDUNDANCY,Low redundancy. Independent signal sources.,intake_vs_baseline
q158_vsumn_20h,realized_kurt_20h,alpha158_rolling_volume,realized_shape,False,-0.063333,0.063333,-0.078525,662337,LOW_REDUNDANCY,Low redundancy. Independent signal sources.,intake_vs_baseline
q158_vma_20h,q158_std_20h,alpha158_rolling_volume,alpha158_rolling_price,False,0.063284,0.063284,0.000972,662312,LOW_REDUNDANCY,Low redundancy. Independent signal sources.,intake_vs_baseline
q158_vma_20h,q158_ma_20h,alpha158_rolling_volume,alpha158_rolling_price,False,0.061549,0.061549,0.001649,662312,LOW_REDUNDANCY,Low redundancy. Independent signal sources.,intake_vs_baseline
q158_vstd_20h,ma_gap_5_20,alpha158_rolling_volume,trend_ma,False,-0.061543,0.061543,-0.001884,662312,LOW_REDUNDANCY,Low redundancy. Independent signal sources.,intake_vs_baseline
q158_vsump_20h,candle_wick_upper,alpha158_rolling_volume,intraday_candle,False,-0.061348,0.061348,-0.022442,661483,LOW_REDUNDANCY,Low redundancy. Independent signal sources.,intake_vs_baseline
q158_vstd_20h,q158_beta_20h,alpha158_rolling_volume,alpha158_rolling_regression,False,-0.060575,0.060575,-0.00178,662312,LOW_REDUNDANCY,Low redundancy. Independent signal sources.,intake_vs_baseline
q158_vstd_20h,ksft_5h,alpha158_rolling_volume,alpha158_ohlcv,False,-0.060485,0.060485,-0.006579,641,LOW_REDUNDANCY,Low redundancy. Independent signal sources.,intake_vs_baseline
q158_vsumn_20h,ema_12_26_gap,alpha158_rolling_volume,technical_indicators,False,-0.059638,0.059638,-0.06918,661483,LOW_REDUNDANCY,Low redundancy. Independent signal sources.,intake_vs_baseline
q158_vsumd_20h,ema_12_26_gap,alpha158_rolling_volume,technical_indicators,False,0.059205,0.059205,0.073182,661483,LOW_REDUNDANCY,Low redundancy. Independent signal sources.,intake_vs_baseline
q158_vsumd_20h,volatility_20h,alpha158_rolling_volume,volatility,False,0.058622,0.058622,0.066499,662337,LOW_REDUNDANCY,Low redundancy. Independent signal sources.,intake_vs_baseline
q158_vma_20h,breakout_dist_20h,alpha158_rolling_volume,breakout,False,-0.058424,0.058424,-0.003201,662312,LOW_REDUNDANCY,Low redundancy. Independent signal sources.,intake_vs_baseline
q158_vstd_20h,breakout_dist_20h,alpha158_rolling_volume,breakout,False,-0.058366,0.058366,-0.003413,662312,LOW_REDUNDANCY,Low redundancy. Independent signal sources.,intake_vs_baseline
q158_vsump_20h,ema_12_26_gap,alpha158_rolling_volume,technical_indicators,False,0.058256,0.058256,0.066735,661483,LOW_REDUNDANCY,Low redundancy. Independent signal sources.,intake_vs_baseline
q158_vsumn_20h,vol_40h,alpha158_rolling_volume,volatility,False,0.057845,0.057845,0.054179,660419,LOW_REDUNDANCY,Low redundancy. Independent signal sources.,intake_vs_baseline
q158_vstd_20h,reversal_5h,alpha158_rolling_volume,momentum,False,0.05777,0.05777,0.042884,641,LOW_REDUNDANCY,Low redundancy. Independent signal sources.,intake_vs_baseline
q158_vstd_20h,mom_5h,alpha158_rolling_volume,momentum,False,-0.05777,0.05777,-0.042884,641,LOW_REDUNDANCY,Low redundancy. Independent signal sources.,intake_vs_baseline
q158_wvma_20h,q158_klow_open,alpha158_rolling_volume,alpha158_kbar,False,0.056748,0.056748,0.089857,661483,LOW_REDUNDANCY,Low redundancy. Independent signal sources.,intake_vs_baseline
q158_wvma_20h,klow_close,alpha158_rolling_volume,alpha158_ohlcv,False,0.056651,0.056651,0.090847,661483,LOW_REDUNDANCY,Low redundancy. Independent signal sources.,intake_vs_baseline
q158_vma_20h,q158_imxd_20h,alpha158_rolling_volume,alpha158_rolling_position,False,0.056346,0.056346,0.000444,662312,LOW_REDUNDANCY,Low redundancy. Independent signal sources.,intake_vs_baseline
q158_sump_20h,q158_vsumn_20h,alpha158_rolling_direction,alpha158_rolling_volume,False,-0.056166,0.056166,-0.004047,662337,LOW_REDUNDANCY,Low redundancy. Independent signal sources.,intake_vs_intake
q158_sumn_20h,q158_vsump_20h,alpha158_rolling_direction,alpha158_rolling_volume,False,-0.056156,0.056156,-0.001911,662337,LOW_REDUNDANCY,Low redundancy. Independent signal sources.,intake_vs_intake
q158_vsumn_20h,volume_pressure_20h,alpha158_rolling_volume,volume_price,False,-0.055506,0.055506,-0.010384,662337,LOW_REDUNDANCY,Low redundancy. Independent signal sources.,intake_vs_baseline
q158_vsumd_20h,volume_pressure_20h,alpha158_rolling_volume,volume_price,False,0.054903,0.054903,0.011059,662337,LOW_REDUNDANCY,Low redundancy. Independent signal sources.,intake_vs_baseline
q158_vsumn_20h,candle_wick_lower,alpha158_rolling_volume,intraday_candle,False,0.054194,0.054194,0.066814,661483,LOW_REDUNDANCY,Low redundancy. Independent signal sources.,intake_vs_baseline
q158_sump_20h,q158_kup_open,alpha158_rolling_direction,alpha158_kbar,False,0.053915,0.053915,0.086608,661483,LOW_REDUNDANCY,Low redundancy. Independent signal sources.,intake_vs_baseline
q158_vsump_20h,volume_pressure_20h,alpha158_rolling_volume,volume_price,False,0.053823,0.053823,0.010154,662337,LOW_REDUNDANCY,Low redundancy. Independent signal sources.,intake_vs_baseline
q158_vma_20h,rev_24h,alpha158_rolling_volume,reversal,False,0.053082,0.053082,0.002479,661832,LOW_REDUNDANCY,Low redundancy. Independent signal sources.,intake_vs_baseline
q158_vstd_20h,q158_ma_20h,alpha158_rolling_volume,alpha158_rolling_price,False,0.052961,0.052961,0.001271,662312,LOW_REDUNDANCY,Low redundancy. Independent signal sources.,intake_vs_baseline
q158_vma_20h,taker_buy_zscore_20h,alpha158_rolling_volume,taker_imbalance,False,0.051878,0.051878,0.044515,268389,LOW_REDUNDANCY,Low redundancy. Independent signal sources.,intake_vs_baseline
q158_wvma_20h,funding_rate_change_24h,alpha158_rolling_volume,funding_rate,False,-0.051468,0.051468,-0.053661,530203,LOW_REDUNDANCY,Low redundancy. Independent signal sources.,intake_vs_baseline
q158_vstd_20h,up_down_vol_ratio_20h,alpha158_rolling_volume,alpha158_ohlcv,False,-0.050956,0.050956,-0.003758,660539,LOW_REDUNDANCY,Low redundancy. Independent signal sources.,intake_vs_baseline
q158_vsumn_20h,volatility_20h,alpha158_rolling_volume,volatility,False,-0.050609,0.050609,-0.040474,662337,LOW_REDUNDANCY,Low redundancy. Independent signal sources.,intake_vs_baseline
q158_vsumd_20h,vol_40h,alpha158_rolling_volume,volatility,False,-0.050263,0.050263,-0.033842,660419,LOW_REDUNDANCY,Low redundancy. Independent signal sources.,intake_vs_baseline
q158_vsump_20h,q158_cord_20h,alpha158_rolling_volume,alpha158_rolling_volume_price,False,0.049825,0.049825,0.052722,660052,LOW_REDUNDANCY,Low redundancy. Independent signal sources.,intake_vs_baseline
q158_vsumd_20h,q158_cord_20h,alpha158_rolling_volume,alpha158_rolling_volume_price,False,0.049825,0.049825,0.052722,660052,LOW_REDUNDANCY,Low redundancy. Independent signal sources.,intake_vs_baseline
q158_vsumn_20h,q158_cord_20h,alpha158_rolling_volume,alpha158_rolling_volume_price,False,-0.049825,0.049825,-0.052722,660052,LOW_REDUNDANCY,Low redundancy. Independent signal sources.,intake_vs_baseline
q158_vma_20h,up_down_vol_ratio_20h,alpha158_rolling_volume,alpha158_ohlcv,False,-0.048452,0.048452,-0.003566,660539,LOW_REDUNDANCY,Low redundancy. Independent signal sources.,intake_vs_baseline
q158_vsumn_20h,price_volume_corr_20h,alpha158_rolling_volume,volume_price,False,-0.04842,0.04842,-0.050879,660052,LOW_REDUNDANCY,Low redundancy. Independent signal sources.,intake_vs_baseline
q158_vsump_20h,price_volume_corr_20h,alpha158_rolling_volume,volume_price,False,0.04842,0.04842,0.050879,660052,LOW_REDUNDANCY,Low redundancy. Independent signal sources.,intake_vs_baseline
q158_vsumd_20h,price_volume_corr_20h,alpha158_rolling_volume,volume_price,False,0.04842,0.04842,0.050879,660052,LOW_REDUNDANCY,Low redundancy. Independent signal sources.,intake_vs_baseline
q158_vstd_20h,rev_24h,alpha158_rolling_volume,reversal,False,0.048328,0.048328,0.002433,661832,LOW_REDUNDANCY,Low redundancy. Independent signal sources.,intake_vs_baseline
q158_vsumn_20h,q158_cntn_20h,alpha158_rolling_volume,alpha158_rolling,False,0.047736,0.047736,0.131271,662337,LOW_REDUNDANCY,Low redundancy. Independent signal sources.,intake_vs_baseline
q158_vsump_20h,q158_cntp_20h,alpha158_rolling_volume,alpha158_rolling,False,0.047715,0.047715,0.127347,662337,LOW_REDUNDANCY,Low redundancy. Independent signal sources.,intake_vs_baseline
q158_vsumd_20h,candle_wick_lower,alpha158_rolling_volume,intraday_candle,False,-0.046929,0.046929,-0.04354,661483,LOW_REDUNDANCY,Low redundancy. Independent signal sources.,intake_vs_baseline
q158_wvma_20h,realized_skew_20h,alpha158_rolling_volume,realized_shape,False,-0.046896,0.046896,-0.058157,662337,LOW_REDUNDANCY,Low redundancy. Independent signal sources.,intake_vs_baseline
q158_vma_20h,rsi_14h,alpha158_rolling_volume,technical,False,-0.046846,0.046846,-0.002277,662098,LOW_REDUNDANCY,Low redundancy. Independent signal sources.,intake_vs_baseline
q158_sump_20h,vol_ratio_20_80,alpha158_rolling_direction,volatility,False,0.046762,0.046762,0.049298,654861,LOW_REDUNDANCY,Low redundancy. Independent signal sources.,intake_vs_baseline
q158_vma_20h,q158_min_20h,alpha158_rolling_volume,alpha158_rolling_price,False,-0.046705,0.046705,0.001287,662312,LOW_REDUNDANCY,Low redundancy. Independent signal sources.,intake_vs_baseline
q158_vstd_20h,rsi_14h,alpha158_rolling_volume,technical,False,-0.04667,0.04667,-0.002059,662098,LOW_REDUNDANCY,Low redundancy. Independent signal sources.,intake_vs_baseline
q158_sumn_20h,vol_ratio_20_80,alpha158_rolling_direction,volatility,False,-0.046426,0.046426,-0.048037,654861,LOW_REDUNDANCY,Low redundancy. Independent signal sources.,intake_vs_baseline
q158_vsumn_20h,mom_10h,alpha158_rolling_volume,momentum,False,-0.045303,0.045303,-0.087799,661909,LOW_REDUNDANCY,Low redundancy. Independent signal sources.,intake_vs_baseline
q158_vsumn_20h,rev_10h,alpha158_rolling_volume,reversal,False,0.045303,0.045303,0.087799,661909,LOW_REDUNDANCY,Low redundancy. Independent signal sources.,intake_vs_baseline
q158_vsumd_20h,mom_10h,alpha158_rolling_volume,momentum,False,0.045114,0.045114,0.094584,661909,LOW_REDUNDANCY,Low redundancy. Independent signal sources.,intake_vs_baseline
q158_vsumd_20h,rev_10h,alpha158_rolling_volume,reversal,False,-0.045114,0.045114,-0.094584,661909,LOW_REDUNDANCY,Low redundancy. Independent signal sources.,intake_vs_baseline
q158_vma_20h,clv_20h,alpha158_rolling_volume,alpha158_ohlc_range,False,-0.045059,0.045059,-0.001838,662312,LOW_REDUNDANCY,Low redundancy. Independent signal sources.,intake_vs_baseline
q158_vsump_20h,rev_10h,alpha158_rolling_volume,reversal,False,-0.04461,0.04461,-0.087866,661909,LOW_REDUNDANCY,Low redundancy. Independent signal sources.,intake_vs_baseline
q158_vsump_20h,mom_10h,alpha158_rolling_volume,momentum,False,0.04461,0.04461,0.087866,661909,LOW_REDUNDANCY,Low redundancy. Independent signal sources.,intake_vs_baseline
q158_vsumn_20h,vol_ret_corr_20h,alpha158_rolling_volume,alpha158_ohlcv,False,-0.043758,0.043758,-0.047425,660563,LOW_REDUNDANCY,Low redundancy. Independent signal sources.,intake_vs_baseline
q158_vsump_20h,vol_ret_corr_20h,alpha158_rolling_volume,alpha158_ohlcv,False,0.043758,0.043758,0.047425,660563,LOW_REDUNDANCY,Low redundancy. Independent signal sources.,intake_vs_baseline
q158_vsumd_20h,vol_ret_corr_20h,alpha158_rolling_volume,alpha158_ohlcv,False,0.043758,0.043758,0.047425,660563,LOW_REDUNDANCY,Low redundancy. Independent signal sources.,intake_vs_baseline
q158_vstd_20h,q158_imxd_20h,alpha158_rolling_volume,alpha158_rolling_position,False,0.043563,0.043563,-3e-06,662312,LOW_REDUNDANCY,Low redundancy. Independent signal sources.,intake_vs_baseline
q158_vma_20h,ma_gap_10_40,alpha158_rolling_volume,trend_ma,False,-0.042601,0.042601,-0.002897,660394,LOW_REDUNDANCY,Low redundancy. Independent signal sources.,intake_vs_baseline
q158_vma_20h,q158_rsv_20h,alpha158_rolling_volume,alpha158_rolling,False,-0.04241,0.04241,-0.003174,662312,LOW_REDUNDANCY,Low redundancy. Independent signal sources.,intake_vs_baseline
q158_vstd_20h,q158_rsv_20h,alpha158_rolling_volume,alpha158_rolling,False,-0.042354,0.042354,-0.003383,662312,LOW_REDUNDANCY,Low redundancy. Independent signal sources.,intake_vs_baseline
q158_vstd_20h,taker_buy_zscore_20h,alpha158_rolling_volume,taker_imbalance,False,0.042338,0.042338,0.023999,268389,LOW_REDUNDANCY,Low redundancy. Independent signal sources.,intake_vs_baseline
q158_vsump_20h,vol_40h,alpha158_rolling_volume,volatility,False,-0.041849,0.041849,-0.008631,660419,LOW_REDUNDANCY,Low redundancy. Independent signal sources.,intake_vs_baseline
q158_sump_20h,candle_wick_upper,alpha158_rolling_direction,intraday_candle,False,0.0414,0.0414,0.040652,661483,LOW_REDUNDANCY,Low redundancy. Independent signal sources.,intake_vs_baseline
q158_vsumn_20h,q158_cntd_20h,alpha158_rolling_volume,alpha158_rolling_direction,False,-0.040642,0.040642,-0.046404,662337,LOW_REDUNDANCY,Low redundancy. Independent signal sources.,intake_vs_baseline
q158_vsumd_20h,q158_cntd_20h,alpha158_rolling_volume,alpha158_rolling_direction,False,0.040179,0.040179,0.047993,662337,LOW_REDUNDANCY,Low redundancy. Independent signal sources.,intake_vs_baseline
q158_vsumd_20h,q158_cntn_20h,alpha158_rolling_volume,alpha158_rolling,False,-0.040061,0.040061,-0.04629,662337,LOW_REDUNDANCY,Low redundancy. Independent signal sources.,intake_vs_baseline
q158_vsumd_20h,q158_cntp_20h,alpha158_rolling_volume,alpha158_rolling,False,0.039509,0.039509,0.045582,662337,LOW_REDUNDANCY,Low redundancy. Independent signal sources.,intake_vs_baseline
q158_vsump_20h,q158_cntd_20h,alpha158_rolling_volume,alpha158_rolling_direction,False,0.039369,0.039369,0.042724,662337,LOW_REDUNDANCY,Low redundancy. Independent signal sources.,intake_vs_baseline
q158_vsumd_20h,funding_rate_change_24h,alpha158_rolling_volume,funding_rate,False,-0.039275,0.039275,-0.065494,530203,LOW_REDUNDANCY,Low redundancy. Independent signal sources.,intake_vs_baseline
q158_vsumn_20h,funding_rate_change_24h,alpha158_rolling_volume,funding_rate,False,0.039226,0.039226,0.062883,530203,LOW_REDUNDANCY,Low redundancy. Independent signal sources.,intake_vs_baseline
q158_vsump_20h,funding_rate_change_24h,alpha158_rolling_volume,funding_rate,False,-0.039131,0.039131,-0.062753,530203,LOW_REDUNDANCY,Low redundancy. Independent signal sources.,intake_vs_baseline
q158_vsump_20h,candle_wick_lower,alpha158_rolling_volume,intraday_candle,False,-0.038783,0.038783,-0.014008,661483,LOW_REDUNDANCY,Low redundancy. Independent signal sources.,intake_vs_baseline
q158_vstd_20h,ma_gap_10_40,alpha158_rolling_volume,trend_ma,False,-0.038703,0.038703,-0.002754,660394,LOW_REDUNDANCY,Low redundancy. Independent signal sources.,intake_vs_baseline
q158_sumn_20h,q158_kup_open,alpha158_rolling_direction,alpha158_kbar,False,-0.0386,0.0386,-0.073828,661483,LOW_REDUNDANCY,Low redundancy. Independent signal sources.,intake_vs_baseline
q158_vma_20h,q158_rsqr_20h,alpha158_rolling_volume,alpha158_rolling_regression,False,-0.038555,0.038555,0.002055,662312,LOW_REDUNDANCY,Low redundancy. Independent signal sources.,intake_vs_baseline
q158_vma_20h,q158_rank_close_20h,alpha158_rolling_volume,alpha158_rolling,False,-0.038088,0.038088,-0.001229,662312,LOW_REDUNDANCY,Low redundancy. Independent signal sources.,intake_vs_baseline
q158_vma_20h,bb_zscore_20h,alpha158_rolling_volume,technical,False,-0.037063,0.037063,-0.000886,660539,LOW_REDUNDANCY,Low redundancy. Independent signal sources.,intake_vs_baseline
q158_vstd_20h,clv_20h,alpha158_rolling_volume,alpha158_ohlc_range,False,-0.036352,0.036352,-0.001448,662312,LOW_REDUNDANCY,Low redundancy. Independent signal sources.,intake_vs_baseline
q158_sumn_20h,candle_wick_lower,alpha158_rolling_direction,intraday_candle,False,0.035535,0.035535,0.040237,661483,LOW_REDUNDANCY,Low redundancy. Independent signal sources.,intake_vs_baseline
q158_wvma_20h,funding_rate_level_20h,alpha158_rolling_volume,funding_rate,False,-0.03548,0.03548,-0.045532,530451,LOW_REDUNDANCY,Low redundancy. Independent signal sources.,intake_vs_baseline
q158_vstd_20h,q158_qtld_20h,alpha158_rolling_volume,alpha158_rolling,False,-0.035013,0.035013,0.001249,662312,LOW_REDUNDANCY,Low redundancy. Independent signal sources.,intake_vs_baseline
q158_vsump_20h,realized_skew_20h,alpha158_rolling_volume,realized_shape,False,0.033803,0.033803,0.038546,662337,LOW_REDUNDANCY,Low redundancy. Independent signal sources.,intake_vs_baseline
q158_vstd_20h,xs_rank_vol,alpha158_rolling_volume,cross_sectional_normalized,False,0.033484,0.033484,-0.001874,662312,LOW_REDUNDANCY,Low redundancy. Independent signal sources.,intake_vs_baseline
q158_vsumd_20h,realized_skew_20h,alpha158_rolling_volume,realized_shape,False,0.033457,0.033457,0.040193,662337,LOW_REDUNDANCY,Low redundancy. Independent signal sources.,intake_vs_baseline
q158_vsumn_20h,realized_skew_20h,alpha158_rolling_volume,realized_shape,False,-0.03286,0.03286,-0.0361,662337,LOW_REDUNDANCY,Low redundancy. Independent signal sources.,intake_vs_baseline
q158_vma_20h,wq101_alpha53,alpha158_rolling_volume,wq101,False,-0.032753,0.032753,2e-06,661884,LOW_REDUNDANCY,Low redundancy. Independent signal sources.,intake_vs_baseline
q158_vsumd_20h,tech_macd,alpha158_rolling_volume,technical,False,0.032265,0.032265,-0.005269,661483,LOW_REDUNDANCY,Low redundancy. Independent signal sources.,intake_vs_baseline
q158_vsump_20h,tech_macd,alpha158_rolling_volume,technical,False,0.032257,0.032257,-0.004894,661483,LOW_REDUNDANCY,Low redundancy. Independent signal sources.,intake_vs_baseline
q158_sumn_20h,q158_wvma_20h,alpha158_rolling_direction,alpha158_rolling_volume,False,0.032212,0.032212,0.056967,662337,LOW_REDUNDANCY,Low redundancy. Independent signal sources.,intake_vs_intake
q158_vsumn_20h,tech_macd,alpha158_rolling_volume,technical,False,-0.03207,0.03207,0.004892,661483,LOW_REDUNDANCY,Low redundancy. Independent signal sources.,intake_vs_baseline
q158_vsump_20h,q158_cntn_20h,alpha158_rolling_volume,alpha158_rolling,False,-0.031554,0.031554,0.045445,662337,LOW_REDUNDANCY,Low redundancy. Independent signal sources.,intake_vs_baseline
q158_vsumn_20h,q158_cntp_20h,alpha158_rolling_volume,alpha158_rolling,False,-0.031534,0.031534,0.042558,662337,LOW_REDUNDANCY,Low redundancy. Independent signal sources.,intake_vs_baseline
q158_vsump_20h,taker_buy_zscore_20h,alpha158_rolling_volume,taker_imbalance,False,-0.030987,0.030987,-0.024116,336636,LOW_REDUNDANCY,Low redundancy. Independent signal sources.,intake_vs_baseline
q158_vsumn_20h,taker_buy_zscore_20h,alpha158_rolling_volume,taker_imbalance,False,0.030987,0.030987,0.024116,336636,LOW_REDUNDANCY,Low redundancy. Independent signal sources.,intake_vs_baseline
q158_vsumd_20h,taker_buy_zscore_20h,alpha158_rolling_volume,taker_imbalance,False,-0.030987,0.030987,-0.024116,336636,LOW_REDUNDANCY,Low redundancy. Independent signal sources.,intake_vs_baseline
q158_vma_20h,a101_vol_xs_z_product_112h,alpha158_rolling_volume,alpha101_curated_volume_regime,False,-0.030935,0.030935,0.001078,323878,LOW_REDUNDANCY,Low redundancy. Independent signal sources.,intake_vs_baseline
q158_wvma_20h,amihud_illiquidity_20h,alpha158_rolling_volume,liquidity,False,0.030598,0.030598,0.042916,660052,LOW_REDUNDANCY,Low redundancy. Independent signal sources.,intake_vs_baseline
q158_sumn_20h,klow_close,alpha158_rolling_direction,alpha158_ohlcv,False,0.03056,0.03056,0.018641,661483,LOW_REDUNDANCY,Low redundancy. Independent signal sources.,intake_vs_baseline
q158_vma_20h,funding_rate_zscore_80h,alpha158_rolling_volume,funding_rate,False,0.03047,0.03047,0.005536,113084,LOW_REDUNDANCY,Low redundancy. Independent signal sources.,intake_vs_baseline
q158_vstd_20h,bb_zscore_20h,alpha158_rolling_volume,technical,False,-0.029838,0.029838,-0.000688,660539,LOW_REDUNDANCY,Low redundancy. Independent signal sources.,intake_vs_baseline
q158_vma_20h,xs_rank_vol,alpha158_rolling_volume,cross_sectional_normalized,False,0.029662,0.029662,-0.001477,662312,LOW_REDUNDANCY,Low redundancy. Independent signal sources.,intake_vs_baseline
q158_vstd_20h,q158_rank_close_20h,alpha158_rolling_volume,alpha158_rolling,False,-0.029655,0.029655,-0.000925,662312,LOW_REDUNDANCY,Low redundancy. Independent signal sources.,intake_vs_baseline
q158_vstd_20h,taker_buy_ratio_20h,alpha158_rolling_volume,taker_imbalance,False,-0.029494,0.029494,-0.033188,268389,LOW_REDUNDANCY,Low redundancy. Independent signal sources.,intake_vs_baseline
q158_vstd_20h,a101_volume_high_alpha_min_84_84,alpha158_rolling_volume,alpha101_curated_volume_price_regression,False,-0.028502,0.028502,-0.011702,321818,LOW_REDUNDANCY,Low redundancy. Independent signal sources.,intake_vs_baseline
q158_sumn_20h,q158_klow_open,alpha158_rolling_direction,alpha158_kbar,False,0.028305,0.028305,0.014591,661483,LOW_REDUNDANCY,Low redundancy. Independent signal sources.,intake_vs_baseline
q158_vma_20h,a101_volume_xs_z_mean_neg_112h,alpha158_rolling_volume,alpha101_curated_volume_crowding,False,-0.027669,0.027669,-0.013137,323878,LOW_REDUNDANCY,Low redundancy. Independent signal sources.,intake_vs_baseline
q158_vstd_20h,trend_efficiency_24h,alpha158_rolling_volume,trend_quality,False,-0.026509,0.026509,0.002646,660063,LOW_REDUNDANCY,Low redundancy. Independent signal sources.,intake_vs_baseline
q158_vsump_20h,taker_buy_delta_5h,alpha158_rolling_volume,taker_imbalance,False,-0.026428,0.026428,-0.023321,268392,LOW_REDUNDANCY,Low redundancy. Independent signal sources.,intake_vs_baseline
q158_vsumd_20h,taker_buy_delta_5h,alpha158_rolling_volume,taker_imbalance,False,-0.026428,0.026428,-0.023321,268392,LOW_REDUNDANCY,Low redundancy. Independent signal sources.,intake_vs_baseline
q158_vsumn_20h,taker_buy_delta_5h,alpha158_rolling_volume,taker_imbalance,False,0.026428,0.026428,0.023321,268392,LOW_REDUNDANCY,Low redundancy. Independent signal sources.,intake_vs_baseline
q158_vsump_20h,downside_vol_20h,alpha158_rolling_volume,realized_skew_kurtosis,False,0.026363,0.026363,0.046505,662337,LOW_REDUNDANCY,Low redundancy. Independent signal sources.,intake_vs_baseline
q158_sumn_20h,candle_wick_upper,alpha158_rolling_direction,intraday_candle,False,-0.026088,0.026088,-0.015441,661483,LOW_REDUNDANCY,Low redundancy. Independent signal sources.,intake_vs_baseline
q158_vma_20h,klow_close,alpha158_rolling_volume,alpha158_ohlcv,False,-0.025445,0.025445,0.000347,854,LOW_REDUNDANCY,Low redundancy. Independent signal sources.,intake_vs_baseline
q158_vma_20h,taker_buy_ratio_20h,alpha158_rolling_volume,taker_imbalance,False,-0.024853,0.024853,-0.023489,268389,LOW_REDUNDANCY,Low redundancy. Independent signal sources.,intake_vs_baseline
q158_wvma_20h,q158_sumd_20h,alpha158_rolling_volume,alpha158_rolling,False,-0.024681,0.024681,-0.033589,662337,LOW_REDUNDANCY,Low redundancy. Independent signal sources.,intake_vs_baseline
q158_vsumn_20h,reversal_5h,alpha158_rolling_volume,momentum,False,0.024414,0.024414,0.080113,661696,LOW_REDUNDANCY,Low redundancy. Independent signal sources.,intake_vs_baseline
q158_vsumn_20h,mom_5h,alpha158_rolling_volume,momentum,False,-0.024414,0.024414,-0.080113,661696,LOW_REDUNDANCY,Low redundancy. Independent signal sources.,intake_vs_baseline
q158_vsumd_20h,mom_5h,alpha158_rolling_volume,momentum,False,0.024221,0.024221,0.086304,661696,LOW_REDUNDANCY,Low redundancy. Independent signal sources.,intake_vs_baseline
q158_vsumd_20h,reversal_5h,alpha158_rolling_volume,momentum,False,-0.024221,0.024221,-0.086304,661696,LOW_REDUNDANCY,Low redundancy. Independent signal sources.,intake_vs_baseline
q158_vsumn_20h,mom_40h,alpha158_rolling_volume,momentum,False,-0.024198,0.024198,-0.036246,660419,LOW_REDUNDANCY,Low redundancy. Independent signal sources.,intake_vs_baseline
q158_wvma_20h,mom_40h,alpha158_rolling_volume,momentum,False,-0.02412,0.02412,-0.002468,660419,LOW_REDUNDANCY,Low redundancy. Independent signal sources.,intake_vs_baseline
q158_vsump_20h,reversal_5h,alpha158_rolling_volume,momentum,False,-0.023882,0.023882,-0.080175,661696,LOW_REDUNDANCY,Low redundancy. Independent signal sources.,intake_vs_baseline
q158_vsump_20h,mom_5h,alpha158_rolling_volume,momentum,False,0.023882,0.023882,0.080175,661696,LOW_REDUNDANCY,Low redundancy. Independent signal sources.,intake_vs_baseline
q158_vsumd_20h,mom_40h,alpha158_rolling_volume,momentum,False,0.023744,0.023744,0.039021,660419,LOW_REDUNDANCY,Low redundancy. Independent signal sources.,intake_vs_baseline
q158_vstd_20h,wq101_alpha53,alpha158_rolling_volume,wq101,False,-0.023715,0.023715,3e-06,661884,LOW_REDUNDANCY,Low redundancy. Independent signal sources.,intake_vs_baseline
q158_wvma_20h,vol_ret_corr_20h,alpha158_rolling_volume,alpha158_ohlcv,False,-0.023672,0.023672,-0.013332,660563,LOW_REDUNDANCY,Low redundancy. Independent signal sources.,intake_vs_baseline
q158_vma_20h,q158_klow_open,alpha158_rolling_volume,alpha158_kbar,False,-0.023224,0.023224,0.00205,854,LOW_REDUNDANCY,Low redundancy. Independent signal sources.,intake_vs_baseline
q158_vstd_20h,a101_vol_xs_z_product_112h,alpha158_rolling_volume,alpha101_curated_volume_regime,False,-0.023169,0.023169,-0.000765,323878,LOW_REDUNDANCY,Low redundancy. Independent signal sources.,intake_vs_baseline
q158_vsump_20h,a101_volume_low_alpha_min_84_120,alpha158_rolling_volume,alpha101_curated_volume_price_regression,False,0.023138,0.023138,0.005525,321426,LOW_REDUNDANCY,Low redundancy. Independent signal sources.,intake_vs_baseline
q158_vsumd_20h,a101_volume_low_alpha_min_84_120,alpha158_rolling_volume,alpha101_curated_volume_price_regression,False,0.023138,0.023138,0.005525,321426,LOW_REDUNDANCY,Low redundancy. Independent signal sources.,intake_vs_baseline
q158_vsumn_20h,a101_volume_low_alpha_min_84_120,alpha158_rolling_volume,alpha101_curated_volume_price_regression,False,-0.023138,0.023138,-0.005525,321426,LOW_REDUNDANCY,Low redundancy. Independent signal sources.,intake_vs_baseline
q158_vsump_20h,mom_40h,alpha158_rolling_volume,momentum,False,0.023056,0.023056,0.036219,660419,LOW_REDUNDANCY,Low redundancy. Independent signal sources.,intake_vs_baseline
q158_vstd_20h,q158_corr_20h,alpha158_rolling_volume,alpha158_rolling_volume_price,False,0.022939,0.022939,0.001404,660539,LOW_REDUNDANCY,Low redundancy. Independent signal sources.,intake_vs_baseline
q158_vsumn_20h,funding_rate_level_20h,alpha158_rolling_volume,funding_rate,False,-0.022747,0.022747,-0.030361,530451,LOW_REDUNDANCY,Low redundancy. Independent signal sources.,intake_vs_baseline
q158_wvma_20h,a101_volume_low_alpha_min_84_120,alpha158_rolling_volume,alpha101_curated_volume_price_regression,False,-0.022197,0.022197,-0.001891,321426,LOW_REDUNDANCY,Low redundancy. Independent signal sources.,intake_vs_baseline
q158_vma_20h,a101_volume_high_alpha_min_84_84,alpha158_rolling_volume,alpha101_curated_volume_price_regression,False,-0.021273,0.021273,-0.011185,321818,LOW_REDUNDANCY,Low redundancy. Independent signal sources.,intake_vs_baseline
q158_wvma_20h,candle_wick_upper,alpha158_rolling_volume,intraday_candle,False,0.020716,0.020716,0.027195,661483,LOW_REDUNDANCY,Low redundancy. Independent signal sources.,intake_vs_baseline
q158_wvma_20h,ksft_5h,alpha158_rolling_volume,alpha158_ohlcv,False,-0.020154,0.020154,-0.01977,661696,LOW_REDUNDANCY,Low redundancy. Independent signal sources.,intake_vs_baseline
q158_sump_20h,candle_wick_lower,alpha158_rolling_direction,intraday_candle,False,-0.020115,0.020115,-0.014427,661483,LOW_REDUNDANCY,Low redundancy. Independent signal sources.,intake_vs_baseline
q158_sump_20h,volatility_20h,alpha158_rolling_direction,volatility,False,0.019896,0.019896,0.050653,662337,LOW_REDUNDANCY,Low redundancy. Independent signal sources.,intake_vs_baseline
q158_vsumd_20h,funding_rate_level_20h,alpha158_rolling_volume,funding_rate,False,0.019818,0.019818,0.028832,530451,LOW_REDUNDANCY,Low redundancy. Independent signal sources.,intake_vs_baseline
q158_vsumd_20h,mom_accel_20h,alpha158_rolling_volume,momentum,False,0.019322,0.019322,0.071847,661857,LOW_REDUNDANCY,Low redundancy. Independent signal sources.,intake_vs_baseline
q158_vsumn_20h,mom_accel_20h,alpha158_rolling_volume,momentum,False,-0.019312,0.019312,-0.06667,661857,LOW_REDUNDANCY,Low redundancy. Independent signal sources.,intake_vs_baseline
q158_vsump_20h,mom_accel_20h,alpha158_rolling_volume,momentum,False,0.019239,0.019239,0.066756,661857,LOW_REDUNDANCY,Low redundancy. Independent signal sources.,intake_vs_baseline
q158_wvma_20h,mom_20h,alpha158_rolling_volume,momentum,False,-0.018896,0.018896,0.00532,662337,LOW_REDUNDANCY,Low redundancy. Independent signal sources.,intake_vs_baseline
q158_wvma_20h,q158_roc_20h,alpha158_rolling_volume,alpha158_rolling_price,False,0.018896,0.018896,0.033155,662337,LOW_REDUNDANCY,Low redundancy. Independent signal sources.,intake_vs_baseline
q158_wvma_20h,ema_12_26_gap,alpha158_rolling_volume,technical_indicators,False,-0.018234,0.018234,-0.020972,661483,LOW_REDUNDANCY,Low redundancy. Independent signal sources.,intake_vs_baseline
q158_sump_20h,vol_5h,alpha158_rolling_direction,volatility,False,0.018231,0.018231,0.053874,661696,LOW_REDUNDANCY,Low redundancy. Independent signal sources.,intake_vs_baseline
q158_vsumd_20h,downside_vol_20h,alpha158_rolling_volume,realized_skew_kurtosis,False,0.018196,0.018196,0.025942,662337,LOW_REDUNDANCY,Low redundancy. Independent signal sources.,intake_vs_baseline
q158_vsump_20h,ma_gap_20_80,alpha158_rolling_volume,trend_ma,False,0.018027,0.018027,-0.00865,2558,LOW_REDUNDANCY,Low redundancy. Independent signal sources.,intake_vs_baseline
q158_wvma_20h,mom_vol_adjusted_20h,alpha158_rolling_volume,momentum,False,-0.017788,0.017788,-0.019944,660563,LOW_REDUNDANCY,Low redundancy. Independent signal sources.,intake_vs_baseline
q158_sump_20h,q158_klen_open,alpha158_rolling_direction,alpha158_kbar,False,0.01755,0.01755,0.065545,661483,LOW_REDUNDANCY,Low redundancy. Independent signal sources.,intake_vs_baseline
q158_wvma_20h,mom_120h,alpha158_rolling_volume,momentum,False,-0.017226,0.017226,-0.002456,652755,LOW_REDUNDANCY,Low redundancy. Independent signal sources.,intake_vs_baseline
q158_vsumn_20h,taker_buy_ratio_20h,alpha158_rolling_volume,taker_imbalance,False,0.016781,0.016781,0.013187,336636,LOW_REDUNDANCY,Low redundancy. Independent signal sources.,intake_vs_baseline
q158_vsump_20h,taker_buy_ratio_20h,alpha158_rolling_volume,taker_imbalance,False,-0.016781,0.016781,-0.013187,336636,LOW_REDUNDANCY,Low redundancy. Independent signal sources.,intake_vs_baseline
q158_vsumd_20h,taker_buy_ratio_20h,alpha158_rolling_volume,taker_imbalance,False,-0.016781,0.016781,-0.013187,336636,LOW_REDUNDANCY,Low redundancy. Independent signal sources.,intake_vs_baseline
q158_sump_20h,realized_kurt_20h,alpha158_rolling_direction,realized_shape,False,0.01675,0.01675,0.022343,662337,LOW_REDUNDANCY,Low redundancy. Independent signal sources.,intake_vs_baseline
q158_vsump_20h,funding_rate_level_20h,alpha158_rolling_volume,funding_rate,False,0.016602,0.016602,0.024946,530451,LOW_REDUNDANCY,Low redundancy. Independent signal sources.,intake_vs_baseline
q158_wvma_20h,q158_ksft_range,alpha158_rolling_volume,alpha158_kbar,False,-0.016447,0.016447,-0.013136,661483,LOW_REDUNDANCY,Low redundancy. Independent signal sources.,intake_vs_baseline
q158_sump_20h,q158_wvma_20h,alpha158_rolling_direction,alpha158_rolling_volume,False,-0.016185,0.016185,-0.009064,662337,LOW_REDUNDANCY,Low redundancy. Independent signal sources.,intake_vs_intake
q158_wvma_20h,q158_ksft_open,alpha158_rolling_volume,alpha158_kbar,False,-0.015994,0.015994,-0.004106,661483,LOW_REDUNDANCY,Low redundancy. Independent signal sources.,intake_vs_baseline
q158_vma_20h,q158_resi_20h,alpha158_rolling_volume,alpha158_rolling_regression,False,0.015748,0.015748,0.001166,662312,LOW_REDUNDANCY,Low redundancy. Independent signal sources.,intake_vs_baseline
q158_sumn_20h,wvma_20h,alpha158_rolling_direction,alpha158_ohlcv,False,0.015202,0.015202,-0.017384,660563,LOW_REDUNDANCY,Low redundancy. Independent signal sources.,intake_vs_baseline
q158_sump_20h,wvma_20h,alpha158_rolling_direction,alpha158_ohlcv,False,-0.015194,0.015194,0.017384,660563,LOW_REDUNDANCY,Low redundancy. Independent signal sources.,intake_vs_baseline
q158_sump_20h,klow_close,alpha158_rolling_direction,alpha158_ohlcv,False,-0.015138,0.015138,-0.003833,661483,LOW_REDUNDANCY,Low redundancy. Independent signal sources.,intake_vs_baseline
q158_sump_20h,q158_high_low_range,alpha158_rolling_direction,alpha158,False,0.015068,0.015068,0.052044,661483,LOW_REDUNDANCY,Low redundancy. Independent signal sources.,intake_vs_baseline
q158_sump_20h,range_1h,alpha158_rolling_direction,range_position,False,0.015068,0.015068,0.052044,661483,LOW_REDUNDANCY,Low redundancy. Independent signal sources.,intake_vs_baseline
q158_sump_20h,amihud_illiquidity_20h,alpha158_rolling_direction,liquidity,False,-0.015065,0.015065,-0.013506,660052,LOW_REDUNDANCY,Low redundancy. Independent signal sources.,intake_vs_baseline
q158_sumn_20h,amihud_illiquidity_20h,alpha158_rolling_direction,liquidity,False,0.015035,0.015035,0.013506,660052,LOW_REDUNDANCY,Low redundancy. Independent signal sources.,intake_vs_baseline
q158_vstd_20h,price_pos_120h,alpha158_rolling_volume,price_position,False,-0.014575,0.014575,-0.002274,652730,LOW_REDUNDANCY,Low redundancy. Independent signal sources.,intake_vs_baseline
q158_vsumd_20h,ma_gap_20_80,alpha158_rolling_volume,trend_ma,False,0.01431,0.01431,-0.025238,2558,LOW_REDUNDANCY,Low redundancy. Independent signal sources.,intake_vs_baseline
q158_vsump_20h,intraday_ret,alpha158_rolling_volume,alpha158_ohlcv,False,-0.014231,0.014231,0.014216,661483,LOW_REDUNDANCY,Low redundancy. Independent signal sources.,intake_vs_baseline
q158_vsumd_20h,intraday_ret,alpha158_rolling_volume,alpha158_ohlcv,False,-0.01417,0.01417,0.01532,661483,LOW_REDUNDANCY,Low redundancy. Independent signal sources.,intake_vs_baseline
q158_vsumn_20h,intraday_ret,alpha158_rolling_volume,alpha158_ohlcv,False,0.014007,0.014007,-0.014238,661483,LOW_REDUNDANCY,Low redundancy. Independent signal sources.,intake_vs_baseline
q158_vma_20h,price_pos_120h,alpha158_rolling_volume,price_position,False,-0.013473,0.013473,-0.002412,652730,LOW_REDUNDANCY,Low redundancy. Independent signal sources.,intake_vs_baseline
q158_vma_20h,q158_qtld_20h,alpha158_rolling_volume,alpha158_rolling,False,-0.013258,0.013258,0.001264,662312,LOW_REDUNDANCY,Low redundancy. Independent signal sources.,intake_vs_baseline
q158_vsumn_20h,funding_rate_zscore_80h,alpha158_rolling_volume,funding_rate,False,0.013015,0.013015,0.021296,3900,LOW_REDUNDANCY,Low redundancy. Independent signal sources.,intake_vs_baseline
q158_vsumd_20h,funding_rate_zscore_80h,alpha158_rolling_volume,funding_rate,False,-0.013015,0.013015,-0.021296,3900,LOW_REDUNDANCY,Low redundancy. Independent signal sources.,intake_vs_baseline
q158_vsump_20h,funding_rate_zscore_80h,alpha158_rolling_volume,funding_rate,False,-0.013015,0.013015,-0.021296,3900,LOW_REDUNDANCY,Low redundancy. Independent signal sources.,intake_vs_baseline
q158_sump_20h,q158_klow_open,alpha158_rolling_direction,alpha158_kbar,False,-0.012883,0.012883,0.000458,661483,LOW_REDUNDANCY,Low redundancy. Independent signal sources.,intake_vs_baseline
q158_vsump_20h,candle_body,alpha158_rolling_volume,intraday_candle,False,-0.012689,0.012689,-0.006728,661483,LOW_REDUNDANCY,Low redundancy. Independent signal sources.,intake_vs_baseline
q158_vsumd_20h,candle_body,alpha158_rolling_volume,intraday_candle,False,-0.012621,0.012621,-0.006911,661483,LOW_REDUNDANCY,Low redundancy. Independent signal sources.,intake_vs_baseline
q158_vstd_20h,tech_atr,alpha158_rolling_volume,technical,False,-0.012545,0.012545,-0.000253,662098,LOW_REDUNDANCY,Low redundancy. Independent signal sources.,intake_vs_baseline
q158_vstd_20h,q158_resi_20h,alpha158_rolling_volume,alpha158_rolling_regression,False,0.012533,0.012533,0.001044,662312,LOW_REDUNDANCY,Low redundancy. Independent signal sources.,intake_vs_baseline
q158_vsumn_20h,candle_body,alpha158_rolling_volume,intraday_candle,False,0.012465,0.012465,0.006107,661483,LOW_REDUNDANCY,Low redundancy. Independent signal sources.,intake_vs_baseline
q158_wvma_20h,q158_cord_20h,alpha158_rolling_volume,alpha158_rolling_volume_price,False,-0.012454,0.012454,-0.01015,660052,LOW_REDUNDANCY,Low redundancy. Independent signal sources.,intake_vs_baseline
q158_vsumn_20h,amihud_illiquidity_20h,alpha158_rolling_volume,liquidity,False,-0.01245,0.01245,-0.017816,660052,LOW_REDUNDANCY,Low redundancy. Independent signal sources.,intake_vs_baseline
q158_vsumd_20h,amihud_illiquidity_20h,alpha158_rolling_volume,liquidity,False,0.01245,0.01245,0.017816,660052,LOW_REDUNDANCY,Low redundancy. Independent signal sources.,intake_vs_baseline
q158_vsump_20h,amihud_illiquidity_20h,alpha158_rolling_volume,liquidity,False,0.01245,0.01245,0.017816,660052,LOW_REDUNDANCY,Low redundancy. Independent signal sources.,intake_vs_baseline
q158_vstd_20h,ma_gap_20_80,alpha158_rolling_volume,trend_ma,False,-0.012153,0.012153,-0.002207,656562,LOW_REDUNDANCY,Low redundancy. Independent signal sources.,intake_vs_baseline
q158_wvma_20h,taker_buy_zscore_20h,alpha158_rolling_volume,taker_imbalance,False,-0.011912,0.011912,-0.007231,336636,LOW_REDUNDANCY,Low redundancy. Independent signal sources.,intake_vs_baseline
q158_vsump_20h,wq101_alpha101,alpha158_rolling_volume,wq101,False,-0.011613,0.011613,-0.007645,661483,LOW_REDUNDANCY,Low redundancy. Independent signal sources.,intake_vs_baseline
q158_vsumd_20h,wq101_alpha101,alpha158_rolling_volume,wq101,False,-0.01154,0.01154,-0.00792,661483,LOW_REDUNDANCY,Low redundancy. Independent signal sources.,intake_vs_baseline
q158_vsumn_20h,wq101_alpha101,alpha158_rolling_volume,wq101,False,0.011388,0.011388,0.007065,661483,LOW_REDUNDANCY,Low redundancy. Independent signal sources.,intake_vs_baseline
q158_vsumn_20h,ma_gap_20_80,alpha158_rolling_volume,trend_ma,False,-0.011381,0.011381,0.033507,2558,LOW_REDUNDANCY,Low redundancy. Independent signal sources.,intake_vs_baseline
q158_sumn_20h,vol_40h,alpha158_rolling_direction,volatility,False,0.011292,0.011292,-0.001411,660419,LOW_REDUNDANCY,Low redundancy. Independent signal sources.,intake_vs_baseline
q158_wvma_20h,volume_pressure_20h,alpha158_rolling_volume,volume_price,False,-0.01128,0.01128,0.001002,662337,LOW_REDUNDANCY,Low redundancy. Independent signal sources.,intake_vs_baseline
q158_wvma_20h,rev_10h,alpha158_rolling_volume,reversal,False,0.010428,0.010428,-0.019938,661909,LOW_REDUNDANCY,Low redundancy. Independent signal sources.,intake_vs_baseline
q158_wvma_20h,mom_10h,alpha158_rolling_volume,momentum,False,-0.010428,0.010428,0.019938,661909,LOW_REDUNDANCY,Low redundancy. Independent signal sources.,intake_vs_baseline
q158_vsumn_20h,downside_vol_20h,alpha158_rolling_volume,realized_skew_kurtosis,False,-0.010345,0.010345,-0.001708,662337,LOW_REDUNDANCY,Low redundancy. Independent signal sources.,intake_vs_baseline
q158_vstd_20h,a101_volume_xs_z_mean_neg_112h,alpha158_rolling_volume,alpha101_curated_volume_crowding,False,-0.010326,0.010326,-0.005153,323878,LOW_REDUNDANCY,Low redundancy. Independent signal sources.,intake_vs_baseline
q158_wvma_20h,reversal_5h,alpha158_rolling_volume,momentum,False,0.010052,0.010052,-0.021675,661696,LOW_REDUNDANCY,Low redundancy. Independent signal sources.,intake_vs_baseline
q158_wvma_20h,mom_5h,alpha158_rolling_volume,momentum,False,-0.010052,0.010052,0.021675,661696,LOW_REDUNDANCY,Low redundancy. Independent signal sources.,intake_vs_baseline
q158_vsump_20h,q158_ksft_open,alpha158_rolling_volume,alpha158_kbar,False,-0.009641,0.009641,-0.003662,661483,LOW_REDUNDANCY,Low redundancy. Independent signal sources.,intake_vs_baseline
q158_vstd_20h,funding_rate_zscore_80h,alpha158_rolling_volume,funding_rate,False,-0.009617,0.009617,0.006017,113084,LOW_REDUNDANCY,Low redundancy. Independent signal sources.,intake_vs_baseline
q158_vsumd_20h,q158_ksft_open,alpha158_rolling_volume,alpha158_kbar,False,-0.009564,0.009564,-0.003849,661483,LOW_REDUNDANCY,Low redundancy. Independent signal sources.,intake_vs_baseline
q158_vsumn_20h,q158_ksft_open,alpha158_rolling_volume,alpha158_kbar,False,0.009433,0.009433,0.003487,661483,LOW_REDUNDANCY,Low redundancy. Independent signal sources.,intake_vs_baseline
q158_wvma_20h,price_volume_corr_20h,alpha158_rolling_volume,volume_price,False,-0.009074,0.009074,-0.008209,660052,LOW_REDUNDANCY,Low redundancy. Independent signal sources.,intake_vs_baseline
q158_wvma_20h,candle_body,alpha158_rolling_volume,intraday_candle,False,-0.008547,0.008547,-0.002825,661483,LOW_REDUNDANCY,Low redundancy. Independent signal sources.,intake_vs_baseline
q158_vma_20h,q158_corr_20h,alpha158_rolling_volume,alpha158_rolling_volume_price,False,0.008527,0.008527,0.001498,660539,LOW_REDUNDANCY,Low redundancy. Independent signal sources.,intake_vs_baseline
q158_wvma_20h,xs_rank_mom_accel,alpha158_rolling_volume,cross_sectional_normalized,False,0.008199,0.008199,0.011601,661857,LOW_REDUNDANCY,Low redundancy. Independent signal sources.,intake_vs_baseline
q158_vsump_20h,ksft_5h,alpha158_rolling_volume,alpha158_ohlcv,False,0.008124,0.008124,0.01161,661696,LOW_REDUNDANCY,Low redundancy. Independent signal sources.,intake_vs_baseline
q158_vma_20h,candle_wick_upper,alpha158_rolling_volume,intraday_candle,False,-0.008063,0.008063,0.039192,854,LOW_REDUNDANCY,Low redundancy. Independent signal sources.,intake_vs_baseline
q158_vsumd_20h,ksft_5h,alpha158_rolling_volume,alpha158_ohlcv,False,0.007953,0.007953,0.011839,661696,LOW_REDUNDANCY,Low redundancy. Independent signal sources.,intake_vs_baseline
q158_vsumn_20h,ksft_5h,alpha158_rolling_volume,alpha158_ohlcv,False,-0.007751,0.007751,-0.01038,661696,LOW_REDUNDANCY,Low redundancy. Independent signal sources.,intake_vs_baseline
q158_wvma_20h,intraday_ret,alpha158_rolling_volume,alpha158_ohlcv,False,-0.007656,0.007656,0.013033,661483,LOW_REDUNDANCY,Low redundancy. Independent signal sources.,intake_vs_baseline
q158_wvma_20h,wq101_alpha101,alpha158_rolling_volume,wq101,False,-0.007594,0.007594,-0.003475,661483,LOW_REDUNDANCY,Low redundancy. Independent signal sources.,intake_vs_baseline
q158_vma_20h,a101_volume_low_alpha_min_84_120,alpha158_rolling_volume,alpha101_curated_volume_price_regression,False,-0.007161,0.007161,0.000241,329372,LOW_REDUNDANCY,Low redundancy. Independent signal sources.,intake_vs_baseline
q158_vma_20h,ma_gap_20_80,alpha158_rolling_volume,trend_ma,False,-0.005982,0.005982,-0.002144,656562,LOW_REDUNDANCY,Low redundancy. Independent signal sources.,intake_vs_baseline
q158_sumn_20h,a101_volume_low_alpha_min_84_120,alpha158_rolling_direction,alpha101_curated_volume_price_regression,False,0.005025,0.005025,0.00236,321426,LOW_REDUNDANCY,Low redundancy. Independent signal sources.,intake_vs_baseline
q158_sump_20h,a101_volume_low_alpha_min_84_120,alpha158_rolling_direction,alpha101_curated_volume_price_regression,False,-0.004971,0.004971,-0.00236,321426,LOW_REDUNDANCY,Low redundancy. Independent signal sources.,intake_vs_baseline
q158_sump_20h,vol_40h,alpha158_rolling_direction,volatility,False,0.004718,0.004718,0.023723,660419,LOW_REDUNDANCY,Low redundancy. Independent signal sources.,intake_vs_baseline
q158_vstd_20h,a101_volume_low_alpha_min_84_120,alpha158_rolling_volume,alpha101_curated_volume_price_regression,False,-0.004294,0.004294,0.000269,329372,LOW_REDUNDANCY,Low redundancy. Independent signal sources.,intake_vs_baseline
q158_sump_20h,taker_buy_zscore_20h,alpha158_rolling_direction,taker_imbalance,False,0.004129,0.004129,0.003457,336636,LOW_REDUNDANCY,Low redundancy. Independent signal sources.,intake_vs_baseline
q158_sumn_20h,taker_buy_zscore_20h,alpha158_rolling_direction,taker_imbalance,False,-0.004129,0.004129,-0.003457,336636,LOW_REDUNDANCY,Low redundancy. Independent signal sources.,intake_vs_baseline
q158_wvma_20h,taker_buy_delta_5h,alpha158_rolling_volume,taker_imbalance,False,-0.004017,0.004017,-0.002019,268392,LOW_REDUNDANCY,Low redundancy. Independent signal sources.,intake_vs_baseline
q158_sumn_20h,volatility_20h,alpha158_rolling_direction,volatility,False,-0.00386,0.00386,-0.029827,662337,LOW_REDUNDANCY,Low redundancy. Independent signal sources.,intake_vs_baseline
q158_vma_20h,tech_atr,alpha158_rolling_volume,technical,False,-0.003349,0.003349,-0.000227,662098,LOW_REDUNDANCY,Low redundancy. Independent signal sources.,intake_vs_baseline
q158_wvma_20h,tech_macd,alpha158_rolling_volume,technical,False,-0.003237,0.003237,-0.002194,661483,LOW_REDUNDANCY,Low redundancy. Independent signal sources.,intake_vs_baseline
q158_vsump_20h,q158_ksft_range,alpha158_rolling_volume,alpha158_kbar,False,-0.002888,0.002888,-0.002832,661483,LOW_REDUNDANCY,Low redundancy. Independent signal sources.,intake_vs_baseline
q158_vsumd_20h,q158_ksft_range,alpha158_rolling_volume,alpha158_kbar,False,-0.002786,0.002786,-0.002938,661483,LOW_REDUNDANCY,Low redundancy. Independent signal sources.,intake_vs_baseline
q158_vsumn_20h,q158_ksft_range,alpha158_rolling_volume,alpha158_kbar,False,0.00268,0.00268,0.002626,661483,LOW_REDUNDANCY,Low redundancy. Independent signal sources.,intake_vs_baseline
q158_vsumn_20h,mom_120h,alpha158_rolling_volume,momentum,False,-0.002645,0.002645,-0.003759,652755,LOW_REDUNDANCY,Low redundancy. Independent signal sources.,intake_vs_baseline
q158_sumn_20h,vol_5h,alpha158_rolling_direction,volatility,False,-0.002208,0.002208,-0.036455,661696,LOW_REDUNDANCY,Low redundancy. Independent signal sources.,intake_vs_baseline
q158_wvma_20h,mom_accel_20h,alpha158_rolling_volume,momentum,False,-0.00199,0.00199,0.014628,661857,LOW_REDUNDANCY,Low redundancy. Independent signal sources.,intake_vs_baseline
q158_wvma_20h,q158_cntn_20h,alpha158_rolling_volume,alpha158_rolling,False,0.001729,0.001729,0.028269,662337,LOW_REDUNDANCY,Low redundancy. Independent signal sources.,intake_vs_baseline
q158_wvma_20h,taker_buy_ratio_20h,alpha158_rolling_volume,taker_imbalance,False,0.001671,0.001671,-0.008282,336636,LOW_REDUNDANCY,Low redundancy. Independent signal sources.,intake_vs_baseline
q158_sumn_20h,taker_buy_delta_5h,alpha158_rolling_direction,taker_imbalance,False,-0.001655,0.001655,-0.002589,268392,LOW_REDUNDANCY,Low redundancy. Independent signal sources.,intake_vs_baseline
q158_sump_20h,taker_buy_delta_5h,alpha158_rolling_direction,taker_imbalance,False,0.001654,0.001654,0.002589,268392,LOW_REDUNDANCY,Low redundancy. Independent signal sources.,intake_vs_baseline
q158_vsumd_20h,mom_120h,alpha158_rolling_volume,momentum,False,0.001613,0.001613,0.004042,652755,LOW_REDUNDANCY,Low redundancy. Independent signal sources.,intake_vs_baseline
q158_sumn_20h,q158_klen_open,alpha158_rolling_direction,alpha158_kbar,False,-0.001534,0.001534,-0.04696,661483,LOW_REDUNDANCY,Low redundancy. Independent signal sources.,intake_vs_baseline
q158_vstd_20h,q158_rsqr_20h,alpha158_rolling_volume,alpha158_rolling_regression,False,0.001426,0.001426,0.00145,662312,LOW_REDUNDANCY,Low redundancy. Independent signal sources.,intake_vs_baseline
q158_wvma_20h,q158_cntd_20h,alpha158_rolling_volume,alpha158_rolling_direction,False,-0.001052,0.001052,-0.003465,662337,LOW_REDUNDANCY,Low redundancy. Independent signal sources.,intake_vs_baseline
q158_wvma_20h,q158_cntp_20h,alpha158_rolling_volume,alpha158_rolling,False,0.00102,0.00102,0.021671,662337,LOW_REDUNDANCY,Low redundancy. Independent signal sources.,intake_vs_baseline
q158_sumn_20h,q158_high_low_range,alpha158_rolling_direction,alpha158,False,0.000948,0.000948,-0.034129,661483,LOW_REDUNDANCY,Low redundancy. Independent signal sources.,intake_vs_baseline
q158_sumn_20h,range_1h,alpha158_rolling_direction,range_position,False,0.000948,0.000948,-0.034129,661483,LOW_REDUNDANCY,Low redundancy. Independent signal sources.,intake_vs_baseline
q158_wvma_20h,candle_wick_lower,alpha158_rolling_volume,intraday_candle,False,-0.000899,0.000899,-0.001967,661483,LOW_REDUNDANCY,Low redundancy. Independent signal sources.,intake_vs_baseline
q158_sumn_20h,vol_ratio_5_20,alpha158_rolling_direction,volatility,False,-0.000767,0.000767,-0.008504,660563,LOW_REDUNDANCY,Low redundancy. Independent signal sources.,intake_vs_baseline
q158_sump_20h,vol_ratio_5_20,alpha158_rolling_direction,volatility,False,0.000767,0.000767,0.008504,660563,LOW_REDUNDANCY,Low redundancy. Independent signal sources.,intake_vs_baseline
q158_sumn_20h,realized_kurt_20h,alpha158_rolling_direction,realized_shape,False,-0.000722,0.000722,0.011266,662337,LOW_REDUNDANCY,Low redundancy. Independent signal sources.,intake_vs_baseline
q158_vsump_20h,mom_120h,alpha158_rolling_volume,momentum,False,0.000523,0.000523,0.003745,652755,LOW_REDUNDANCY,Low redundancy. Independent signal sources.,intake_vs_baseline
q158_sump_20h,q158_vma_20h,alpha158_rolling_direction,alpha158_rolling_volume,False,,,,0,INSUFFICIENT_DATA,Insufficient pairwise observations.,intake_vs_intake
q158_sump_20h,q158_vstd_20h,alpha158_rolling_direction,alpha158_rolling_volume,False,,,,0,INSUFFICIENT_DATA,Insufficient pairwise observations.,intake_vs_intake
q158_sumn_20h,q158_vma_20h,alpha158_rolling_direction,alpha158_rolling_volume,False,,,,0,INSUFFICIENT_DATA,Insufficient pairwise observations.,intake_vs_intake
q158_sumn_20h,q158_vstd_20h,alpha158_rolling_direction,alpha158_rolling_volume,False,,,,0,INSUFFICIENT_DATA,Insufficient pairwise observations.,intake_vs_intake
q158_vma_20h,q158_wvma_20h,alpha158_rolling_volume,alpha158_rolling_volume,True,,,,0,INSUFFICIENT_DATA,Insufficient pairwise observations.,intake_vs_intake
q158_vma_20h,q158_vsump_20h,alpha158_rolling_volume,alpha158_rolling_volume,True,,,,0,INSUFFICIENT_DATA,Insufficient pairwise observations.,intake_vs_intake
q158_vma_20h,q158_vsumn_20h,alpha158_rolling_volume,alpha158_rolling_volume,True,,,,0,INSUFFICIENT_DATA,Insufficient pairwise observations.,intake_vs_intake
q158_vma_20h,q158_vsumd_20h,alpha158_rolling_volume,alpha158_rolling_volume,True,,,,0,INSUFFICIENT_DATA,Insufficient pairwise observations.,intake_vs_intake
q158_vstd_20h,q158_wvma_20h,alpha158_rolling_volume,alpha158_rolling_volume,True,,,,0,INSUFFICIENT_DATA,Insufficient pairwise observations.,intake_vs_intake
q158_vstd_20h,q158_vsump_20h,alpha158_rolling_volume,alpha158_rolling_volume,True,,,,0,INSUFFICIENT_DATA,Insufficient pairwise observations.,intake_vs_intake
q158_vstd_20h,q158_vsumn_20h,alpha158_rolling_volume,alpha158_rolling_volume,True,,,,0,INSUFFICIENT_DATA,Insufficient pairwise observations.,intake_vs_intake
q158_vstd_20h,q158_vsumd_20h,alpha158_rolling_volume,alpha158_rolling_volume,True,,,,0,INSUFFICIENT_DATA,Insufficient pairwise observations.,intake_vs_intake
q158_vma_20h,mom_20h,alpha158_rolling_volume,momentum,False,,,,0,INSUFFICIENT_DATA,Insufficient pairwise observations.,intake_vs_baseline
q158_vstd_20h,mom_20h,alpha158_rolling_volume,momentum,False,,,,0,INSUFFICIENT_DATA,Insufficient pairwise observations.,intake_vs_baseline
q158_vma_20h,volatility_20h,alpha158_rolling_volume,volatility,False,,,,0,INSUFFICIENT_DATA,Insufficient pairwise observations.,intake_vs_baseline
q158_vstd_20h,volatility_20h,alpha158_rolling_volume,volatility,False,,,,0,INSUFFICIENT_DATA,Insufficient pairwise observations.,intake_vs_baseline
q158_sump_20h,rsi_14h,alpha158_rolling_direction,technical,False,,,,0,INSUFFICIENT_DATA,Insufficient pairwise observations.,intake_vs_baseline
q158_sumn_20h,rsi_14h,alpha158_rolling_direction,technical,False,,,,0,INSUFFICIENT_DATA,Insufficient pairwise observations.,intake_vs_baseline
q158_wvma_20h,rsi_14h,alpha158_rolling_volume,technical,False,,,,0,INSUFFICIENT_DATA,Insufficient pairwise observations.,intake_vs_baseline
q158_vsump_20h,rsi_14h,alpha158_rolling_volume,technical,False,,,,0,INSUFFICIENT_DATA,Insufficient pairwise observations.,intake_vs_baseline
q158_vsumn_20h,rsi_14h,alpha158_rolling_volume,technical,False,,,,0,INSUFFICIENT_DATA,Insufficient pairwise observations.,intake_vs_baseline
q158_vsumd_20h,rsi_14h,alpha158_rolling_volume,technical,False,,,,0,INSUFFICIENT_DATA,Insufficient pairwise observations.,intake_vs_baseline
q158_sump_20h,bb_zscore_20h,alpha158_rolling_direction,technical,False,,,,0,INSUFFICIENT_DATA,Insufficient pairwise observations.,intake_vs_baseline
q158_sumn_20h,bb_zscore_20h,alpha158_rolling_direction,technical,False,,,,0,INSUFFICIENT_DATA,Insufficient pairwise observations.,intake_vs_baseline
q158_wvma_20h,bb_zscore_20h,alpha158_rolling_volume,technical,False,,,,0,INSUFFICIENT_DATA,Insufficient pairwise observations.,intake_vs_baseline
q158_vsump_20h,bb_zscore_20h,alpha158_rolling_volume,technical,False,,,,0,INSUFFICIENT_DATA,Insufficient pairwise observations.,intake_vs_baseline
q158_vsumn_20h,bb_zscore_20h,alpha158_rolling_volume,technical,False,,,,0,INSUFFICIENT_DATA,Insufficient pairwise observations.,intake_vs_baseline
q158_vsumd_20h,bb_zscore_20h,alpha158_rolling_volume,technical,False,,,,0,INSUFFICIENT_DATA,Insufficient pairwise observations.,intake_vs_baseline
q158_sump_20h,wq101_alpha12,alpha158_rolling_direction,wq101,False,,,,0,INSUFFICIENT_DATA,Insufficient pairwise observations.,intake_vs_baseline
q158_sumn_20h,wq101_alpha12,alpha158_rolling_direction,wq101,False,,,,0,INSUFFICIENT_DATA,Insufficient pairwise observations.,intake_vs_baseline
q158_vma_20h,wq101_alpha12,alpha158_rolling_volume,wq101,False,,,,0,INSUFFICIENT_DATA,Insufficient pairwise observations.,intake_vs_baseline
q158_vstd_20h,wq101_alpha12,alpha158_rolling_volume,wq101,False,,,,0,INSUFFICIENT_DATA,Insufficient pairwise observations.,intake_vs_baseline
q158_wvma_20h,wq101_alpha12,alpha158_rolling_volume,wq101,False,,,,0,INSUFFICIENT_DATA,Insufficient pairwise observations.,intake_vs_baseline
q158_vsump_20h,wq101_alpha12,alpha158_rolling_volume,wq101,False,,,,0,INSUFFICIENT_DATA,Insufficient pairwise observations.,intake_vs_baseline
q158_vsumn_20h,wq101_alpha12,alpha158_rolling_volume,wq101,False,,,,0,INSUFFICIENT_DATA,Insufficient pairwise observations.,intake_vs_baseline
q158_vsumd_20h,wq101_alpha12,alpha158_rolling_volume,wq101,False,,,,0,INSUFFICIENT_DATA,Insufficient pairwise observations.,intake_vs_baseline
q158_sump_20h,wq101_alpha53,alpha158_rolling_direction,wq101,False,,,,0,INSUFFICIENT_DATA,Insufficient pairwise observations.,intake_vs_baseline
q158_sumn_20h,wq101_alpha53,alpha158_rolling_direction,wq101,False,,,,0,INSUFFICIENT_DATA,Insufficient pairwise observations.,intake_vs_baseline
q158_wvma_20h,wq101_alpha53,alpha158_rolling_volume,wq101,False,,,,0,INSUFFICIENT_DATA,Insufficient pairwise observations.,intake_vs_baseline
q158_vsump_20h,wq101_alpha53,alpha158_rolling_volume,wq101,False,,,,0,INSUFFICIENT_DATA,Insufficient pairwise observations.,intake_vs_baseline
q158_vsumn_20h,wq101_alpha53,alpha158_rolling_volume,wq101,False,,,,0,INSUFFICIENT_DATA,Insufficient pairwise observations.,intake_vs_baseline
q158_vsumd_20h,wq101_alpha53,alpha158_rolling_volume,wq101,False,,,,0,INSUFFICIENT_DATA,Insufficient pairwise observations.,intake_vs_baseline
q158_sump_20h,q158_rsv_20h,alpha158_rolling_direction,alpha158_rolling,False,,,,0,INSUFFICIENT_DATA,Insufficient pairwise observations.,intake_vs_baseline
q158_sumn_20h,q158_rsv_20h,alpha158_rolling_direction,alpha158_rolling,False,,,,0,INSUFFICIENT_DATA,Insufficient pairwise observations.,intake_vs_baseline
q158_wvma_20h,q158_rsv_20h,alpha158_rolling_volume,alpha158_rolling,False,,,,0,INSUFFICIENT_DATA,Insufficient pairwise observations.,intake_vs_baseline
q158_vsump_20h,q158_rsv_20h,alpha158_rolling_volume,alpha158_rolling,False,,,,0,INSUFFICIENT_DATA,Insufficient pairwise observations.,intake_vs_baseline
q158_vsumn_20h,q158_rsv_20h,alpha158_rolling_volume,alpha158_rolling,False,,,,0,INSUFFICIENT_DATA,Insufficient pairwise observations.,intake_vs_baseline
q158_vsumd_20h,q158_rsv_20h,alpha158_rolling_volume,alpha158_rolling,False,,,,0,INSUFFICIENT_DATA,Insufficient pairwise observations.,intake_vs_baseline
q158_sump_20h,q158_qtlu_20h,alpha158_rolling_direction,alpha158_rolling,False,,,,0,INSUFFICIENT_DATA,Insufficient pairwise observations.,intake_vs_baseline
q158_sumn_20h,q158_qtlu_20h,alpha158_rolling_direction,alpha158_rolling,False,,,,0,INSUFFICIENT_DATA,Insufficient pairwise observations.,intake_vs_baseline
q158_wvma_20h,q158_qtlu_20h,alpha158_rolling_volume,alpha158_rolling,False,,,,0,INSUFFICIENT_DATA,Insufficient pairwise observations.,intake_vs_baseline
q158_vsump_20h,q158_qtlu_20h,alpha158_rolling_volume,alpha158_rolling,False,,,,0,INSUFFICIENT_DATA,Insufficient pairwise observations.,intake_vs_baseline
q158_vsumn_20h,q158_qtlu_20h,alpha158_rolling_volume,alpha158_rolling,False,,,,0,INSUFFICIENT_DATA,Insufficient pairwise observations.,intake_vs_baseline
q158_vsumd_20h,q158_qtlu_20h,alpha158_rolling_volume,alpha158_rolling,False,,,,0,INSUFFICIENT_DATA,Insufficient pairwise observations.,intake_vs_baseline
q158_sump_20h,q158_qtld_20h,alpha158_rolling_direction,alpha158_rolling,False,,,,0,INSUFFICIENT_DATA,Insufficient pairwise observations.,intake_vs_baseline
q158_sumn_20h,q158_qtld_20h,alpha158_rolling_direction,alpha158_rolling,False,,,,0,INSUFFICIENT_DATA,Insufficient pairwise observations.,intake_vs_baseline
q158_wvma_20h,q158_qtld_20h,alpha158_rolling_volume,alpha158_rolling,False,,,,0,INSUFFICIENT_DATA,Insufficient pairwise observations.,intake_vs_baseline
q158_vsump_20h,q158_qtld_20h,alpha158_rolling_volume,alpha158_rolling,False,,,,0,INSUFFICIENT_DATA,Insufficient pairwise observations.,intake_vs_baseline
q158_vsumn_20h,q158_qtld_20h,alpha158_rolling_volume,alpha158_rolling,False,,,,0,INSUFFICIENT_DATA,Insufficient pairwise observations.,intake_vs_baseline
q158_vsumd_20h,q158_qtld_20h,alpha158_rolling_volume,alpha158_rolling,False,,,,0,INSUFFICIENT_DATA,Insufficient pairwise observations.,intake_vs_baseline
q158_sump_20h,q158_rank_close_20h,alpha158_rolling_direction,alpha158_rolling,False,,,,0,INSUFFICIENT_DATA,Insufficient pairwise observations.,intake_vs_baseline
q158_sumn_20h,q158_rank_close_20h,alpha158_rolling_direction,alpha158_rolling,False,,,,0,INSUFFICIENT_DATA,Insufficient pairwise observations.,intake_vs_baseline
q158_wvma_20h,q158_rank_close_20h,alpha158_rolling_volume,alpha158_rolling,False,,,,0,INSUFFICIENT_DATA,Insufficient pairwise observations.,intake_vs_baseline
q158_vsump_20h,q158_rank_close_20h,alpha158_rolling_volume,alpha158_rolling,False,,,,0,INSUFFICIENT_DATA,Insufficient pairwise observations.,intake_vs_baseline
q158_vsumn_20h,q158_rank_close_20h,alpha158_rolling_volume,alpha158_rolling,False,,,,0,INSUFFICIENT_DATA,Insufficient pairwise observations.,intake_vs_baseline
q158_vsumd_20h,q158_rank_close_20h,alpha158_rolling_volume,alpha158_rolling,False,,,,0,INSUFFICIENT_DATA,Insufficient pairwise observations.,intake_vs_baseline
q158_vma_20h,q158_cntp_20h,alpha158_rolling_volume,alpha158_rolling,False,,,,0,INSUFFICIENT_DATA,Insufficient pairwise observations.,intake_vs_baseline
q158_vstd_20h,q158_cntp_20h,alpha158_rolling_volume,alpha158_rolling,False,,,,0,INSUFFICIENT_DATA,Insufficient pairwise observations.,intake_vs_baseline
q158_vma_20h,q158_cntn_20h,alpha158_rolling_volume,alpha158_rolling,False,,,,0,INSUFFICIENT_DATA,Insufficient pairwise observations.,intake_vs_baseline
q158_vstd_20h,q158_cntn_20h,alpha158_rolling_volume,alpha158_rolling,False,,,,0,INSUFFICIENT_DATA,Insufficient pairwise observations.,intake_vs_baseline
q158_vma_20h,q158_sumd_20h,alpha158_rolling_volume,alpha158_rolling,False,,,,0,INSUFFICIENT_DATA,Insufficient pairwise observations.,intake_vs_baseline
q158_vstd_20h,q158_sumd_20h,alpha158_rolling_volume,alpha158_rolling,False,,,,0,INSUFFICIENT_DATA,Insufficient pairwise observations.,intake_vs_baseline
q158_sump_20h,q158_beta_20h,alpha158_rolling_direction,alpha158_rolling_regression,False,,,,0,INSUFFICIENT_DATA,Insufficient pairwise observations.,intake_vs_baseline
q158_sumn_20h,q158_beta_20h,alpha158_rolling_direction,alpha158_rolling_regression,False,,,,0,INSUFFICIENT_DATA,Insufficient pairwise observations.,intake_vs_baseline
q158_wvma_20h,q158_beta_20h,alpha158_rolling_volume,alpha158_rolling_regression,False,,,,0,INSUFFICIENT_DATA,Insufficient pairwise observations.,intake_vs_baseline
q158_vsump_20h,q158_beta_20h,alpha158_rolling_volume,alpha158_rolling_regression,False,,,,0,INSUFFICIENT_DATA,Insufficient pairwise observations.,intake_vs_baseline
q158_vsumn_20h,q158_beta_20h,alpha158_rolling_volume,alpha158_rolling_regression,False,,,,0,INSUFFICIENT_DATA,Insufficient pairwise observations.,intake_vs_baseline
q158_vsumd_20h,q158_beta_20h,alpha158_rolling_volume,alpha158_rolling_regression,False,,,,0,INSUFFICIENT_DATA,Insufficient pairwise observations.,intake_vs_baseline
q158_sump_20h,q158_rsqr_20h,alpha158_rolling_direction,alpha158_rolling_regression,False,,,,0,INSUFFICIENT_DATA,Insufficient pairwise observations.,intake_vs_baseline
q158_sumn_20h,q158_rsqr_20h,alpha158_rolling_direction,alpha158_rolling_regression,False,,,,0,INSUFFICIENT_DATA,Insufficient pairwise observations.,intake_vs_baseline
q158_wvma_20h,q158_rsqr_20h,alpha158_rolling_volume,alpha158_rolling_regression,False,,,,0,INSUFFICIENT_DATA,Insufficient pairwise observations.,intake_vs_baseline
q158_vsump_20h,q158_rsqr_20h,alpha158_rolling_volume,alpha158_rolling_regression,False,,,,0,INSUFFICIENT_DATA,Insufficient pairwise observations.,intake_vs_baseline
q158_vsumn_20h,q158_rsqr_20h,alpha158_rolling_volume,alpha158_rolling_regression,False,,,,0,INSUFFICIENT_DATA,Insufficient pairwise observations.,intake_vs_baseline
q158_vsumd_20h,q158_rsqr_20h,alpha158_rolling_volume,alpha158_rolling_regression,False,,,,0,INSUFFICIENT_DATA,Insufficient pairwise observations.,intake_vs_baseline
q158_sump_20h,q158_resi_20h,alpha158_rolling_direction,alpha158_rolling_regression,False,,,,0,INSUFFICIENT_DATA,Insufficient pairwise observations.,intake_vs_baseline
q158_sumn_20h,q158_resi_20h,alpha158_rolling_direction,alpha158_rolling_regression,False,,,,0,INSUFFICIENT_DATA,Insufficient pairwise observations.,intake_vs_baseline
q158_wvma_20h,q158_resi_20h,alpha158_rolling_volume,alpha158_rolling_regression,False,,,,0,INSUFFICIENT_DATA,Insufficient pairwise observations.,intake_vs_baseline
q158_vsump_20h,q158_resi_20h,alpha158_rolling_volume,alpha158_rolling_regression,False,,,,0,INSUFFICIENT_DATA,Insufficient pairwise observations.,intake_vs_baseline
q158_vsumn_20h,q158_resi_20h,alpha158_rolling_volume,alpha158_rolling_regression,False,,,,0,INSUFFICIENT_DATA,Insufficient pairwise observations.,intake_vs_baseline
q158_vsumd_20h,q158_resi_20h,alpha158_rolling_volume,alpha158_rolling_regression,False,,,,0,INSUFFICIENT_DATA,Insufficient pairwise observations.,intake_vs_baseline
q158_sump_20h,q158_imax_20h,alpha158_rolling_direction,alpha158_rolling_position,False,,,,0,INSUFFICIENT_DATA,Insufficient pairwise observations.,intake_vs_baseline
q158_sumn_20h,q158_imax_20h,alpha158_rolling_direction,alpha158_rolling_position,False,,,,0,INSUFFICIENT_DATA,Insufficient pairwise observations.,intake_vs_baseline
q158_wvma_20h,q158_imax_20h,alpha158_rolling_volume,alpha158_rolling_position,False,,,,0,INSUFFICIENT_DATA,Insufficient pairwise observations.,intake_vs_baseline
q158_vsump_20h,q158_imax_20h,alpha158_rolling_volume,alpha158_rolling_position,False,,,,0,INSUFFICIENT_DATA,Insufficient pairwise observations.,intake_vs_baseline
q158_vsumn_20h,q158_imax_20h,alpha158_rolling_volume,alpha158_rolling_position,False,,,,0,INSUFFICIENT_DATA,Insufficient pairwise observations.,intake_vs_baseline
q158_vsumd_20h,q158_imax_20h,alpha158_rolling_volume,alpha158_rolling_position,False,,,,0,INSUFFICIENT_DATA,Insufficient pairwise observations.,intake_vs_baseline
q158_sump_20h,q158_imin_20h,alpha158_rolling_direction,alpha158_rolling_position,False,,,,0,INSUFFICIENT_DATA,Insufficient pairwise observations.,intake_vs_baseline
q158_sumn_20h,q158_imin_20h,alpha158_rolling_direction,alpha158_rolling_position,False,,,,0,INSUFFICIENT_DATA,Insufficient pairwise observations.,intake_vs_baseline
q158_wvma_20h,q158_imin_20h,alpha158_rolling_volume,alpha158_rolling_position,False,,,,0,INSUFFICIENT_DATA,Insufficient pairwise observations.,intake_vs_baseline
q158_vsump_20h,q158_imin_20h,alpha158_rolling_volume,alpha158_rolling_position,False,,,,0,INSUFFICIENT_DATA,Insufficient pairwise observations.,intake_vs_baseline
q158_vsumn_20h,q158_imin_20h,alpha158_rolling_volume,alpha158_rolling_position,False,,,,0,INSUFFICIENT_DATA,Insufficient pairwise observations.,intake_vs_baseline
q158_vsumd_20h,q158_imin_20h,alpha158_rolling_volume,alpha158_rolling_position,False,,,,0,INSUFFICIENT_DATA,Insufficient pairwise observations.,intake_vs_baseline
q158_sump_20h,q158_imxd_20h,alpha158_rolling_direction,alpha158_rolling_position,False,,,,0,INSUFFICIENT_DATA,Insufficient pairwise observations.,intake_vs_baseline
q158_sumn_20h,q158_imxd_20h,alpha158_rolling_direction,alpha158_rolling_position,False,,,,0,INSUFFICIENT_DATA,Insufficient pairwise observations.,intake_vs_baseline
q158_wvma_20h,q158_imxd_20h,alpha158_rolling_volume,alpha158_rolling_position,False,,,,0,INSUFFICIENT_DATA,Insufficient pairwise observations.,intake_vs_baseline
q158_vsump_20h,q158_imxd_20h,alpha158_rolling_volume,alpha158_rolling_position,False,,,,0,INSUFFICIENT_DATA,Insufficient pairwise observations.,intake_vs_baseline
q158_vsumn_20h,q158_imxd_20h,alpha158_rolling_volume,alpha158_rolling_position,False,,,,0,INSUFFICIENT_DATA,Insufficient pairwise observations.,intake_vs_baseline
q158_vsumd_20h,q158_imxd_20h,alpha158_rolling_volume,alpha158_rolling_position,False,,,,0,INSUFFICIENT_DATA,Insufficient pairwise observations.,intake_vs_baseline
q158_vma_20h,q158_roc_20h,alpha158_rolling_volume,alpha158_rolling_price,False,,,,0,INSUFFICIENT_DATA,Insufficient pairwise observations.,intake_vs_baseline
q158_vstd_20h,q158_roc_20h,alpha158_rolling_volume,alpha158_rolling_price,False,,,,0,INSUFFICIENT_DATA,Insufficient pairwise observations.,intake_vs_baseline
q158_sump_20h,q158_ma_20h,alpha158_rolling_direction,alpha158_rolling_price,False,,,,0,INSUFFICIENT_DATA,Insufficient pairwise observations.,intake_vs_baseline
q158_sumn_20h,q158_ma_20h,alpha158_rolling_direction,alpha158_rolling_price,False,,,,0,INSUFFICIENT_DATA,Insufficient pairwise observations.,intake_vs_baseline
q158_wvma_20h,q158_ma_20h,alpha158_rolling_volume,alpha158_rolling_price,False,,,,0,INSUFFICIENT_DATA,Insufficient pairwise observations.,intake_vs_baseline
q158_vsump_20h,q158_ma_20h,alpha158_rolling_volume,alpha158_rolling_price,False,,,,0,INSUFFICIENT_DATA,Insufficient pairwise observations.,intake_vs_baseline
q158_vsumn_20h,q158_ma_20h,alpha158_rolling_volume,alpha158_rolling_price,False,,,,0,INSUFFICIENT_DATA,Insufficient pairwise observations.,intake_vs_baseline
q158_vsumd_20h,q158_ma_20h,alpha158_rolling_volume,alpha158_rolling_price,False,,,,0,INSUFFICIENT_DATA,Insufficient pairwise observations.,intake_vs_baseline
q158_sump_20h,q158_std_20h,alpha158_rolling_direction,alpha158_rolling_price,False,,,,0,INSUFFICIENT_DATA,Insufficient pairwise observations.,intake_vs_baseline
q158_sumn_20h,q158_std_20h,alpha158_rolling_direction,alpha158_rolling_price,False,,,,0,INSUFFICIENT_DATA,Insufficient pairwise observations.,intake_vs_baseline
q158_wvma_20h,q158_std_20h,alpha158_rolling_volume,alpha158_rolling_price,False,,,,0,INSUFFICIENT_DATA,Insufficient pairwise observations.,intake_vs_baseline
q158_vsump_20h,q158_std_20h,alpha158_rolling_volume,alpha158_rolling_price,False,,,,0,INSUFFICIENT_DATA,Insufficient pairwise observations.,intake_vs_baseline
q158_vsumn_20h,q158_std_20h,alpha158_rolling_volume,alpha158_rolling_price,False,,,,0,INSUFFICIENT_DATA,Insufficient pairwise observations.,intake_vs_baseline
q158_vsumd_20h,q158_std_20h,alpha158_rolling_volume,alpha158_rolling_price,False,,,,0,INSUFFICIENT_DATA,Insufficient pairwise observations.,intake_vs_baseline
q158_sump_20h,q158_max_20h,alpha158_rolling_direction,alpha158_rolling_price,False,,,,0,INSUFFICIENT_DATA,Insufficient pairwise observations.,intake_vs_baseline
q158_sumn_20h,q158_max_20h,alpha158_rolling_direction,alpha158_rolling_price,False,,,,0,INSUFFICIENT_DATA,Insufficient pairwise observations.,intake_vs_baseline
q158_wvma_20h,q158_max_20h,alpha158_rolling_volume,alpha158_rolling_price,False,,,,0,INSUFFICIENT_DATA,Insufficient pairwise observations.,intake_vs_baseline
q158_vsump_20h,q158_max_20h,alpha158_rolling_volume,alpha158_rolling_price,False,,,,0,INSUFFICIENT_DATA,Insufficient pairwise observations.,intake_vs_baseline
q158_vsumn_20h,q158_max_20h,alpha158_rolling_volume,alpha158_rolling_price,False,,,,0,INSUFFICIENT_DATA,Insufficient pairwise observations.,intake_vs_baseline
q158_vsumd_20h,q158_max_20h,alpha158_rolling_volume,alpha158_rolling_price,False,,,,0,INSUFFICIENT_DATA,Insufficient pairwise observations.,intake_vs_baseline
q158_sump_20h,q158_min_20h,alpha158_rolling_direction,alpha158_rolling_price,False,,,,0,INSUFFICIENT_DATA,Insufficient pairwise observations.,intake_vs_baseline
q158_sumn_20h,q158_min_20h,alpha158_rolling_direction,alpha158_rolling_price,False,,,,0,INSUFFICIENT_DATA,Insufficient pairwise observations.,intake_vs_baseline
q158_wvma_20h,q158_min_20h,alpha158_rolling_volume,alpha158_rolling_price,False,,,,0,INSUFFICIENT_DATA,Insufficient pairwise observations.,intake_vs_baseline
q158_vsump_20h,q158_min_20h,alpha158_rolling_volume,alpha158_rolling_price,False,,,,0,INSUFFICIENT_DATA,Insufficient pairwise observations.,intake_vs_baseline
q158_vsumn_20h,q158_min_20h,alpha158_rolling_volume,alpha158_rolling_price,False,,,,0,INSUFFICIENT_DATA,Insufficient pairwise observations.,intake_vs_baseline
q158_vsumd_20h,q158_min_20h,alpha158_rolling_volume,alpha158_rolling_price,False,,,,0,INSUFFICIENT_DATA,Insufficient pairwise observations.,intake_vs_baseline
q158_vma_20h,q158_cntd_20h,alpha158_rolling_volume,alpha158_rolling_direction,False,,,,0,INSUFFICIENT_DATA,Insufficient pairwise observations.,intake_vs_baseline
q158_vstd_20h,q158_cntd_20h,alpha158_rolling_volume,alpha158_rolling_direction,False,,,,0,INSUFFICIENT_DATA,Insufficient pairwise observations.,intake_vs_baseline
q158_sump_20h,q158_corr_20h,alpha158_rolling_direction,alpha158_rolling_volume_price,False,,,,0,INSUFFICIENT_DATA,Insufficient pairwise observations.,intake_vs_baseline
q158_sumn_20h,q158_corr_20h,alpha158_rolling_direction,alpha158_rolling_volume_price,False,,,,0,INSUFFICIENT_DATA,Insufficient pairwise observations.,intake_vs_baseline
q158_wvma_20h,q158_corr_20h,alpha158_rolling_volume,alpha158_rolling_volume_price,False,,,,0,INSUFFICIENT_DATA,Insufficient pairwise observations.,intake_vs_baseline
q158_vsump_20h,q158_corr_20h,alpha158_rolling_volume,alpha158_rolling_volume_price,False,,,,0,INSUFFICIENT_DATA,Insufficient pairwise observations.,intake_vs_baseline
q158_vsumn_20h,q158_corr_20h,alpha158_rolling_volume,alpha158_rolling_volume_price,False,,,,0,INSUFFICIENT_DATA,Insufficient pairwise observations.,intake_vs_baseline
q158_vsumd_20h,q158_corr_20h,alpha158_rolling_volume,alpha158_rolling_volume_price,False,,,,0,INSUFFICIENT_DATA,Insufficient pairwise observations.,intake_vs_baseline
q158_vma_20h,q158_cord_20h,alpha158_rolling_volume,alpha158_rolling_volume_price,False,,,,0,INSUFFICIENT_DATA,Insufficient pairwise observations.,intake_vs_baseline
q158_vstd_20h,q158_cord_20h,alpha158_rolling_volume,alpha158_rolling_volume_price,False,,,,0,INSUFFICIENT_DATA,Insufficient pairwise observations.,intake_vs_baseline
q158_sump_20h,vwap_dev_20h,alpha158_rolling_direction,alpha158_ohlcv,False,,,,0,INSUFFICIENT_DATA,Insufficient pairwise observations.,intake_vs_baseline
q158_sumn_20h,vwap_dev_20h,alpha158_rolling_direction,alpha158_ohlcv,False,,,,0,INSUFFICIENT_DATA,Insufficient pairwise observations.,intake_vs_baseline
q158_wvma_20h,vwap_dev_20h,alpha158_rolling_volume,alpha158_ohlcv,False,,,,0,INSUFFICIENT_DATA,Insufficient pairwise observations.,intake_vs_baseline
q158_vsump_20h,vwap_dev_20h,alpha158_rolling_volume,alpha158_ohlcv,False,,,,0,INSUFFICIENT_DATA,Insufficient pairwise observations.,intake_vs_baseline
q158_vsumn_20h,vwap_dev_20h,alpha158_rolling_volume,alpha158_ohlcv,False,,,,0,INSUFFICIENT_DATA,Insufficient pairwise observations.,intake_vs_baseline
q158_vsumd_20h,vwap_dev_20h,alpha158_rolling_volume,alpha158_ohlcv,False,,,,0,INSUFFICIENT_DATA,Insufficient pairwise observations.,intake_vs_baseline
q158_vma_20h,wvma_20h,alpha158_rolling_volume,alpha158_ohlcv,False,,,,0,INSUFFICIENT_DATA,Insufficient pairwise observations.,intake_vs_baseline
q158_vstd_20h,wvma_20h,alpha158_rolling_volume,alpha158_ohlcv,False,,,,0,INSUFFICIENT_DATA,Insufficient pairwise observations.,intake_vs_baseline
q158_vma_20h,vol_ret_corr_20h,alpha158_rolling_volume,alpha158_ohlcv,False,,,,0,INSUFFICIENT_DATA,Insufficient pairwise observations.,intake_vs_baseline
q158_vstd_20h,vol_ret_corr_20h,alpha158_rolling_volume,alpha158_ohlcv,False,,,,0,INSUFFICIENT_DATA,Insufficient pairwise observations.,intake_vs_baseline
q158_sump_20h,tech_atr,alpha158_rolling_direction,technical,False,,,,0,INSUFFICIENT_DATA,Insufficient pairwise observations.,intake_vs_baseline
q158_sumn_20h,tech_atr,alpha158_rolling_direction,technical,False,,,,0,INSUFFICIENT_DATA,Insufficient pairwise observations.,intake_vs_baseline
q158_wvma_20h,tech_atr,alpha158_rolling_volume,technical,False,,,,0,INSUFFICIENT_DATA,Insufficient pairwise observations.,intake_vs_baseline
q158_vsump_20h,tech_atr,alpha158_rolling_volume,technical,False,,,,0,INSUFFICIENT_DATA,Insufficient pairwise observations.,intake_vs_baseline
q158_vsumn_20h,tech_atr,alpha158_rolling_volume,technical,False,,,,0,INSUFFICIENT_DATA,Insufficient pairwise observations.,intake_vs_baseline
q158_vsumd_20h,tech_atr,alpha158_rolling_volume,technical,False,,,,0,INSUFFICIENT_DATA,Insufficient pairwise observations.,intake_vs_baseline
q158_vma_20h,mom_40h,alpha158_rolling_volume,momentum,False,,,,0,INSUFFICIENT_DATA,Insufficient pairwise observations.,intake_vs_baseline
q158_vstd_20h,mom_40h,alpha158_rolling_volume,momentum,False,,,,0,INSUFFICIENT_DATA,Insufficient pairwise observations.,intake_vs_baseline
q158_sump_20h,rev_3h,alpha158_rolling_direction,reversal,False,,,,0,INSUFFICIENT_DATA,Insufficient pairwise observations.,intake_vs_baseline
q158_sumn_20h,rev_3h,alpha158_rolling_direction,reversal,False,,,,0,INSUFFICIENT_DATA,Insufficient pairwise observations.,intake_vs_baseline
q158_vma_20h,rev_3h,alpha158_rolling_volume,reversal,False,,,,0,INSUFFICIENT_DATA,Insufficient pairwise observations.,intake_vs_baseline
q158_vstd_20h,rev_3h,alpha158_rolling_volume,reversal,False,,,,0,INSUFFICIENT_DATA,Insufficient pairwise observations.,intake_vs_baseline
q158_wvma_20h,rev_3h,alpha158_rolling_volume,reversal,False,,,,0,INSUFFICIENT_DATA,Insufficient pairwise observations.,intake_vs_baseline
q158_vsump_20h,rev_3h,alpha158_rolling_volume,reversal,False,,,,0,INSUFFICIENT_DATA,Insufficient pairwise observations.,intake_vs_baseline
q158_vsumn_20h,rev_3h,alpha158_rolling_volume,reversal,False,,,,0,INSUFFICIENT_DATA,Insufficient pairwise observations.,intake_vs_baseline
q158_vsumd_20h,rev_3h,alpha158_rolling_volume,reversal,False,,,,0,INSUFFICIENT_DATA,Insufficient pairwise observations.,intake_vs_baseline
q158_vma_20h,vol_40h,alpha158_rolling_volume,volatility,False,,,,0,INSUFFICIENT_DATA,Insufficient pairwise observations.,intake_vs_baseline
q158_vstd_20h,vol_40h,alpha158_rolling_volume,volatility,False,,,,0,INSUFFICIENT_DATA,Insufficient pairwise observations.,intake_vs_baseline
q158_vma_20h,vol_ratio_5_20,alpha158_rolling_volume,volatility,False,,,,0,INSUFFICIENT_DATA,Insufficient pairwise observations.,intake_vs_baseline
q158_vstd_20h,vol_ratio_5_20,alpha158_rolling_volume,volatility,False,,,,0,INSUFFICIENT_DATA,Insufficient pairwise observations.,intake_vs_baseline
q158_sump_20h,range_4h,alpha158_rolling_direction,range_position,False,,,,0,INSUFFICIENT_DATA,Insufficient pairwise observations.,intake_vs_baseline
q158_sumn_20h,range_4h,alpha158_rolling_direction,range_position,False,,,,0,INSUFFICIENT_DATA,Insufficient pairwise observations.,intake_vs_baseline
q158_vma_20h,range_4h,alpha158_rolling_volume,range_position,False,,,,0,INSUFFICIENT_DATA,Insufficient pairwise observations.,intake_vs_baseline
q158_vstd_20h,range_4h,alpha158_rolling_volume,range_position,False,,,,0,INSUFFICIENT_DATA,Insufficient pairwise observations.,intake_vs_baseline
q158_wvma_20h,range_4h,alpha158_rolling_volume,range_position,False,,,,0,INSUFFICIENT_DATA,Insufficient pairwise observations.,intake_vs_baseline
q158_vsump_20h,range_4h,alpha158_rolling_volume,range_position,False,,,,0,INSUFFICIENT_DATA,Insufficient pairwise observations.,intake_vs_baseline
q158_vsumn_20h,range_4h,alpha158_rolling_volume,range_position,False,,,,0,INSUFFICIENT_DATA,Insufficient pairwise observations.,intake_vs_baseline
q158_vsumd_20h,range_4h,alpha158_rolling_volume,range_position,False,,,,0,INSUFFICIENT_DATA,Insufficient pairwise observations.,intake_vs_baseline
q158_sump_20h,range_24h,alpha158_rolling_direction,range_position,False,,,,0,INSUFFICIENT_DATA,Insufficient pairwise observations.,intake_vs_baseline
q158_sumn_20h,range_24h,alpha158_rolling_direction,range_position,False,,,,0,INSUFFICIENT_DATA,Insufficient pairwise observations.,intake_vs_baseline
q158_vma_20h,range_24h,alpha158_rolling_volume,range_position,False,,,,0,INSUFFICIENT_DATA,Insufficient pairwise observations.,intake_vs_baseline
q158_vstd_20h,range_24h,alpha158_rolling_volume,range_position,False,,,,0,INSUFFICIENT_DATA,Insufficient pairwise observations.,intake_vs_baseline
q158_wvma_20h,range_24h,alpha158_rolling_volume,range_position,False,,,,0,INSUFFICIENT_DATA,Insufficient pairwise observations.,intake_vs_baseline
q158_vsump_20h,range_24h,alpha158_rolling_volume,range_position,False,,,,0,INSUFFICIENT_DATA,Insufficient pairwise observations.,intake_vs_baseline
q158_vsumn_20h,range_24h,alpha158_rolling_volume,range_position,False,,,,0,INSUFFICIENT_DATA,Insufficient pairwise observations.,intake_vs_baseline
q158_vsumd_20h,range_24h,alpha158_rolling_volume,range_position,False,,,,0,INSUFFICIENT_DATA,Insufficient pairwise observations.,intake_vs_baseline
q158_sump_20h,price_pos_24h,alpha158_rolling_direction,price_position,False,,,,0,INSUFFICIENT_DATA,Insufficient pairwise observations.,intake_vs_baseline
q158_sumn_20h,price_pos_24h,alpha158_rolling_direction,price_position,False,,,,0,INSUFFICIENT_DATA,Insufficient pairwise observations.,intake_vs_baseline
q158_vma_20h,price_pos_24h,alpha158_rolling_volume,price_position,False,,,,0,INSUFFICIENT_DATA,Insufficient pairwise observations.,intake_vs_baseline
q158_vstd_20h,price_pos_24h,alpha158_rolling_volume,price_position,False,,,,0,INSUFFICIENT_DATA,Insufficient pairwise observations.,intake_vs_baseline
q158_wvma_20h,price_pos_24h,alpha158_rolling_volume,price_position,False,,,,0,INSUFFICIENT_DATA,Insufficient pairwise observations.,intake_vs_baseline
q158_vsump_20h,price_pos_24h,alpha158_rolling_volume,price_position,False,,,,0,INSUFFICIENT_DATA,Insufficient pairwise observations.,intake_vs_baseline
q158_vsumn_20h,price_pos_24h,alpha158_rolling_volume,price_position,False,,,,0,INSUFFICIENT_DATA,Insufficient pairwise observations.,intake_vs_baseline
q158_vsumd_20h,price_pos_24h,alpha158_rolling_volume,price_position,False,,,,0,INSUFFICIENT_DATA,Insufficient pairwise observations.,intake_vs_baseline
q158_sump_20h,price_pos_72h,alpha158_rolling_direction,price_position,False,,,,0,INSUFFICIENT_DATA,Insufficient pairwise observations.,intake_vs_baseline
q158_sumn_20h,price_pos_72h,alpha158_rolling_direction,price_position,False,,,,0,INSUFFICIENT_DATA,Insufficient pairwise observations.,intake_vs_baseline
q158_wvma_20h,price_pos_72h,alpha158_rolling_volume,price_position,False,,,,0,INSUFFICIENT_DATA,Insufficient pairwise observations.,intake_vs_baseline
q158_vsump_20h,price_pos_72h,alpha158_rolling_volume,price_position,False,,,,0,INSUFFICIENT_DATA,Insufficient pairwise observations.,intake_vs_baseline
q158_vsumn_20h,price_pos_72h,alpha158_rolling_volume,price_position,False,,,,0,INSUFFICIENT_DATA,Insufficient pairwise observations.,intake_vs_baseline
q158_vsumd_20h,price_pos_72h,alpha158_rolling_volume,price_position,False,,,,0,INSUFFICIENT_DATA,Insufficient pairwise observations.,intake_vs_baseline
q158_sump_20h,vol_zscore_20h,alpha158_rolling_direction,volume_liquidity,False,,,,0,INSUFFICIENT_DATA,Insufficient pairwise observations.,intake_vs_baseline
q158_sumn_20h,vol_zscore_20h,alpha158_rolling_direction,volume_liquidity,False,,,,0,INSUFFICIENT_DATA,Insufficient pairwise observations.,intake_vs_baseline
q158_wvma_20h,vol_zscore_20h,alpha158_rolling_volume,volume_liquidity,False,,,,0,INSUFFICIENT_DATA,Insufficient pairwise observations.,intake_vs_baseline
q158_vsump_20h,vol_zscore_20h,alpha158_rolling_volume,volume_liquidity,False,,,,0,INSUFFICIENT_DATA,Insufficient pairwise observations.,intake_vs_baseline
q158_vsumn_20h,vol_zscore_20h,alpha158_rolling_volume,volume_liquidity,False,,,,0,INSUFFICIENT_DATA,Insufficient pairwise observations.,intake_vs_baseline
q158_vsumd_20h,vol_zscore_20h,alpha158_rolling_volume,volume_liquidity,False,,,,0,INSUFFICIENT_DATA,Insufficient pairwise observations.,intake_vs_baseline
q158_sump_20h,vol_zscore_48h,alpha158_rolling_direction,volume_liquidity,False,,,,0,INSUFFICIENT_DATA,Insufficient pairwise observations.,intake_vs_baseline
q158_sumn_20h,vol_zscore_48h,alpha158_rolling_direction,volume_liquidity,False,,,,0,INSUFFICIENT_DATA,Insufficient pairwise observations.,intake_vs_baseline
q158_vma_20h,vol_zscore_48h,alpha158_rolling_volume,volume_liquidity,False,,,,0,INSUFFICIENT_DATA,Insufficient pairwise observations.,intake_vs_baseline
q158_vstd_20h,vol_zscore_48h,alpha158_rolling_volume,volume_liquidity,False,,,,0,INSUFFICIENT_DATA,Insufficient pairwise observations.,intake_vs_baseline
q158_wvma_20h,vol_zscore_48h,alpha158_rolling_volume,volume_liquidity,False,,,,0,INSUFFICIENT_DATA,Insufficient pairwise observations.,intake_vs_baseline
q158_vsump_20h,vol_zscore_48h,alpha158_rolling_volume,volume_liquidity,False,,,,0,INSUFFICIENT_DATA,Insufficient pairwise observations.,intake_vs_baseline
q158_vsumn_20h,vol_zscore_48h,alpha158_rolling_volume,volume_liquidity,False,,,,0,INSUFFICIENT_DATA,Insufficient pairwise observations.,intake_vs_baseline
q158_vsumd_20h,vol_zscore_48h,alpha158_rolling_volume,volume_liquidity,False,,,,0,INSUFFICIENT_DATA,Insufficient pairwise observations.,intake_vs_baseline
q158_sump_20h,qvol_zscore_20h,alpha158_rolling_direction,quote_volume_liquidity,False,,,,0,INSUFFICIENT_DATA,Insufficient pairwise observations.,intake_vs_baseline
q158_sumn_20h,qvol_zscore_20h,alpha158_rolling_direction,quote_volume_liquidity,False,,,,0,INSUFFICIENT_DATA,Insufficient pairwise observations.,intake_vs_baseline
q158_wvma_20h,qvol_zscore_20h,alpha158_rolling_volume,quote_volume_liquidity,False,,,,0,INSUFFICIENT_DATA,Insufficient pairwise observations.,intake_vs_baseline
q158_vsump_20h,qvol_zscore_20h,alpha158_rolling_volume,quote_volume_liquidity,False,,,,0,INSUFFICIENT_DATA,Insufficient pairwise observations.,intake_vs_baseline
q158_vsumn_20h,qvol_zscore_20h,alpha158_rolling_volume,quote_volume_liquidity,False,,,,0,INSUFFICIENT_DATA,Insufficient pairwise observations.,intake_vs_baseline
q158_vsumd_20h,qvol_zscore_20h,alpha158_rolling_volume,quote_volume_liquidity,False,,,,0,INSUFFICIENT_DATA,Insufficient pairwise observations.,intake_vs_baseline
q158_sump_20h,qvol_zscore_48h,alpha158_rolling_direction,quote_volume_liquidity,False,,,,0,INSUFFICIENT_DATA,Insufficient pairwise observations.,intake_vs_baseline
q158_sumn_20h,qvol_zscore_48h,alpha158_rolling_direction,quote_volume_liquidity,False,,,,0,INSUFFICIENT_DATA,Insufficient pairwise observations.,intake_vs_baseline
q158_vma_20h,qvol_zscore_48h,alpha158_rolling_volume,quote_volume_liquidity,False,,,,0,INSUFFICIENT_DATA,Insufficient pairwise observations.,intake_vs_baseline
q158_vstd_20h,qvol_zscore_48h,alpha158_rolling_volume,quote_volume_liquidity,False,,,,0,INSUFFICIENT_DATA,Insufficient pairwise observations.,intake_vs_baseline
q158_wvma_20h,qvol_zscore_48h,alpha158_rolling_volume,quote_volume_liquidity,False,,,,0,INSUFFICIENT_DATA,Insufficient pairwise observations.,intake_vs_baseline
q158_vsump_20h,qvol_zscore_48h,alpha158_rolling_volume,quote_volume_liquidity,False,,,,0,INSUFFICIENT_DATA,Insufficient pairwise observations.,intake_vs_baseline
q158_vsumn_20h,qvol_zscore_48h,alpha158_rolling_volume,quote_volume_liquidity,False,,,,0,INSUFFICIENT_DATA,Insufficient pairwise observations.,intake_vs_baseline
q158_vsumd_20h,qvol_zscore_48h,alpha158_rolling_volume,quote_volume_liquidity,False,,,,0,INSUFFICIENT_DATA,Insufficient pairwise observations.,intake_vs_baseline
q158_sump_20h,ma_gap_5_20,alpha158_rolling_direction,trend_ma,False,,,,0,INSUFFICIENT_DATA,Insufficient pairwise observations.,intake_vs_baseline
q158_sumn_20h,ma_gap_5_20,alpha158_rolling_direction,trend_ma,False,,,,0,INSUFFICIENT_DATA,Insufficient pairwise observations.,intake_vs_baseline
q158_wvma_20h,ma_gap_5_20,alpha158_rolling_volume,trend_ma,False,,,,0,INSUFFICIENT_DATA,Insufficient pairwise observations.,intake_vs_baseline
q158_vsump_20h,ma_gap_5_20,alpha158_rolling_volume,trend_ma,False,,,,0,INSUFFICIENT_DATA,Insufficient pairwise observations.,intake_vs_baseline
q158_vsumn_20h,ma_gap_5_20,alpha158_rolling_volume,trend_ma,False,,,,0,INSUFFICIENT_DATA,Insufficient pairwise observations.,intake_vs_baseline
q158_vsumd_20h,ma_gap_5_20,alpha158_rolling_volume,trend_ma,False,,,,0,INSUFFICIENT_DATA,Insufficient pairwise observations.,intake_vs_baseline
q158_sump_20h,breakout_dist_20h,alpha158_rolling_direction,breakout,False,,,,0,INSUFFICIENT_DATA,Insufficient pairwise observations.,intake_vs_baseline
q158_sumn_20h,breakout_dist_20h,alpha158_rolling_direction,breakout,False,,,,0,INSUFFICIENT_DATA,Insufficient pairwise observations.,intake_vs_baseline
q158_wvma_20h,breakout_dist_20h,alpha158_rolling_volume,breakout,False,,,,0,INSUFFICIENT_DATA,Insufficient pairwise observations.,intake_vs_baseline
q158_vsump_20h,breakout_dist_20h,alpha158_rolling_volume,breakout,False,,,,0,INSUFFICIENT_DATA,Insufficient pairwise observations.,intake_vs_baseline
q158_vsumn_20h,breakout_dist_20h,alpha158_rolling_volume,breakout,False,,,,0,INSUFFICIENT_DATA,Insufficient pairwise observations.,intake_vs_baseline
q158_vsumd_20h,breakout_dist_20h,alpha158_rolling_volume,breakout,False,,,,0,INSUFFICIENT_DATA,Insufficient pairwise observations.,intake_vs_baseline
q158_sump_20h,breakout_dist_48h,alpha158_rolling_direction,breakout,False,,,,0,INSUFFICIENT_DATA,Insufficient pairwise observations.,intake_vs_baseline
q158_sumn_20h,breakout_dist_48h,alpha158_rolling_direction,breakout,False,,,,0,INSUFFICIENT_DATA,Insufficient pairwise observations.,intake_vs_baseline
q158_vma_20h,breakout_dist_48h,alpha158_rolling_volume,breakout,False,,,,0,INSUFFICIENT_DATA,Insufficient pairwise observations.,intake_vs_baseline
q158_vstd_20h,breakout_dist_48h,alpha158_rolling_volume,breakout,False,,,,0,INSUFFICIENT_DATA,Insufficient pairwise observations.,intake_vs_baseline
q158_wvma_20h,breakout_dist_48h,alpha158_rolling_volume,breakout,False,,,,0,INSUFFICIENT_DATA,Insufficient pairwise observations.,intake_vs_baseline
q158_vsump_20h,breakout_dist_48h,alpha158_rolling_volume,breakout,False,,,,0,INSUFFICIENT_DATA,Insufficient pairwise observations.,intake_vs_baseline
q158_vsumn_20h,breakout_dist_48h,alpha158_rolling_volume,breakout,False,,,,0,INSUFFICIENT_DATA,Insufficient pairwise observations.,intake_vs_baseline
q158_vsumd_20h,breakout_dist_48h,alpha158_rolling_volume,breakout,False,,,,0,INSUFFICIENT_DATA,Insufficient pairwise observations.,intake_vs_baseline
q158_sump_20h,xs_rank_ret_1h,alpha158_rolling_direction,cross_sectional_normalized,False,,,,0,INSUFFICIENT_DATA,Insufficient pairwise observations.,intake_vs_baseline
q158_sumn_20h,xs_rank_ret_1h,alpha158_rolling_direction,cross_sectional_normalized,False,,,,0,INSUFFICIENT_DATA,Insufficient pairwise observations.,intake_vs_baseline
q158_vma_20h,xs_rank_ret_1h,alpha158_rolling_volume,cross_sectional_normalized,False,,,,0,INSUFFICIENT_DATA,Insufficient pairwise observations.,intake_vs_baseline
q158_vstd_20h,xs_rank_ret_1h,alpha158_rolling_volume,cross_sectional_normalized,False,,,,0,INSUFFICIENT_DATA,Insufficient pairwise observations.,intake_vs_baseline
q158_wvma_20h,xs_rank_ret_1h,alpha158_rolling_volume,cross_sectional_normalized,False,,,,0,INSUFFICIENT_DATA,Insufficient pairwise observations.,intake_vs_baseline
q158_vsump_20h,xs_rank_ret_1h,alpha158_rolling_volume,cross_sectional_normalized,False,,,,0,INSUFFICIENT_DATA,Insufficient pairwise observations.,intake_vs_baseline
q158_vsumn_20h,xs_rank_ret_1h,alpha158_rolling_volume,cross_sectional_normalized,False,,,,0,INSUFFICIENT_DATA,Insufficient pairwise observations.,intake_vs_baseline
q158_vsumd_20h,xs_rank_ret_1h,alpha158_rolling_volume,cross_sectional_normalized,False,,,,0,INSUFFICIENT_DATA,Insufficient pairwise observations.,intake_vs_baseline
q158_sump_20h,xs_rank_vol,alpha158_rolling_direction,cross_sectional_normalized,False,,,,0,INSUFFICIENT_DATA,Insufficient pairwise observations.,intake_vs_baseline
q158_sumn_20h,xs_rank_vol,alpha158_rolling_direction,cross_sectional_normalized,False,,,,0,INSUFFICIENT_DATA,Insufficient pairwise observations.,intake_vs_baseline
q158_wvma_20h,xs_rank_vol,alpha158_rolling_volume,cross_sectional_normalized,False,,,,0,INSUFFICIENT_DATA,Insufficient pairwise observations.,intake_vs_baseline
q158_vsump_20h,xs_rank_vol,alpha158_rolling_volume,cross_sectional_normalized,False,,,,0,INSUFFICIENT_DATA,Insufficient pairwise observations.,intake_vs_baseline
q158_vsumn_20h,xs_rank_vol,alpha158_rolling_volume,cross_sectional_normalized,False,,,,0,INSUFFICIENT_DATA,Insufficient pairwise observations.,intake_vs_baseline
q158_vsumd_20h,xs_rank_vol,alpha158_rolling_volume,cross_sectional_normalized,False,,,,0,INSUFFICIENT_DATA,Insufficient pairwise observations.,intake_vs_baseline
q158_vma_20h,rsi_7h,alpha158_rolling_volume,technical_indicators,False,,,,0,INSUFFICIENT_DATA,Insufficient pairwise observations.,intake_vs_baseline
q158_vstd_20h,rsi_7h,alpha158_rolling_volume,technical_indicators,False,,,,0,INSUFFICIENT_DATA,Insufficient pairwise observations.,intake_vs_baseline
q158_sump_20h,rsi_28h,alpha158_rolling_direction,technical_indicators,False,,,,0,INSUFFICIENT_DATA,Insufficient pairwise observations.,intake_vs_baseline
q158_sumn_20h,rsi_28h,alpha158_rolling_direction,technical_indicators,False,,,,0,INSUFFICIENT_DATA,Insufficient pairwise observations.,intake_vs_baseline
q158_vma_20h,rsi_28h,alpha158_rolling_volume,technical_indicators,False,,,,0,INSUFFICIENT_DATA,Insufficient pairwise observations.,intake_vs_baseline
q158_vstd_20h,rsi_28h,alpha158_rolling_volume,technical_indicators,False,,,,0,INSUFFICIENT_DATA,Insufficient pairwise observations.,intake_vs_baseline
q158_wvma_20h,rsi_28h,alpha158_rolling_volume,technical_indicators,False,,,,0,INSUFFICIENT_DATA,Insufficient pairwise observations.,intake_vs_baseline
q158_vsump_20h,rsi_28h,alpha158_rolling_volume,technical_indicators,False,,,,0,INSUFFICIENT_DATA,Insufficient pairwise observations.,intake_vs_baseline
q158_vsumn_20h,rsi_28h,alpha158_rolling_volume,technical_indicators,False,,,,0,INSUFFICIENT_DATA,Insufficient pairwise observations.,intake_vs_baseline
q158_vsumd_20h,rsi_28h,alpha158_rolling_volume,technical_indicators,False,,,,0,INSUFFICIENT_DATA,Insufficient pairwise observations.,intake_vs_baseline
q158_sump_20h,williams_r_14h,alpha158_rolling_direction,technical_indicators,False,,,,0,INSUFFICIENT_DATA,Insufficient pairwise observations.,intake_vs_baseline
q158_sumn_20h,williams_r_14h,alpha158_rolling_direction,technical_indicators,False,,,,0,INSUFFICIENT_DATA,Insufficient pairwise observations.,intake_vs_baseline
q158_vma_20h,williams_r_14h,alpha158_rolling_volume,technical_indicators,False,,,,0,INSUFFICIENT_DATA,Insufficient pairwise observations.,intake_vs_baseline
q158_vstd_20h,williams_r_14h,alpha158_rolling_volume,technical_indicators,False,,,,0,INSUFFICIENT_DATA,Insufficient pairwise observations.,intake_vs_baseline
q158_wvma_20h,williams_r_14h,alpha158_rolling_volume,technical_indicators,False,,,,0,INSUFFICIENT_DATA,Insufficient pairwise observations.,intake_vs_baseline
q158_vsump_20h,williams_r_14h,alpha158_rolling_volume,technical_indicators,False,,,,0,INSUFFICIENT_DATA,Insufficient pairwise observations.,intake_vs_baseline
q158_vsumn_20h,williams_r_14h,alpha158_rolling_volume,technical_indicators,False,,,,0,INSUFFICIENT_DATA,Insufficient pairwise observations.,intake_vs_baseline
q158_vsumd_20h,williams_r_14h,alpha158_rolling_volume,technical_indicators,False,,,,0,INSUFFICIENT_DATA,Insufficient pairwise observations.,intake_vs_baseline
q158_vma_20h,downside_vol_20h,alpha158_rolling_volume,realized_skew_kurtosis,False,,,,0,INSUFFICIENT_DATA,Insufficient pairwise observations.,intake_vs_baseline
q158_vstd_20h,downside_vol_20h,alpha158_rolling_volume,realized_skew_kurtosis,False,,,,0,INSUFFICIENT_DATA,Insufficient pairwise observations.,intake_vs_baseline
q158_vma_20h,mom_accel_20h,alpha158_rolling_volume,momentum,False,,,,0,INSUFFICIENT_DATA,Insufficient pairwise observations.,intake_vs_baseline
q158_vstd_20h,mom_accel_20h,alpha158_rolling_volume,momentum,False,,,,0,INSUFFICIENT_DATA,Insufficient pairwise observations.,intake_vs_baseline
q158_sump_20h,qvol_ma_ratio_5_20,alpha158_rolling_direction,quote_volume_liquidity,False,,,,0,INSUFFICIENT_DATA,Insufficient pairwise observations.,intake_vs_baseline
q158_sumn_20h,qvol_ma_ratio_5_20,alpha158_rolling_direction,quote_volume_liquidity,False,,,,0,INSUFFICIENT_DATA,Insufficient pairwise observations.,intake_vs_baseline
q158_wvma_20h,qvol_ma_ratio_5_20,alpha158_rolling_volume,quote_volume_liquidity,False,,,,0,INSUFFICIENT_DATA,Insufficient pairwise observations.,intake_vs_baseline
q158_vsump_20h,qvol_ma_ratio_5_20,alpha158_rolling_volume,quote_volume_liquidity,False,,,,0,INSUFFICIENT_DATA,Insufficient pairwise observations.,intake_vs_baseline
q158_vsumn_20h,qvol_ma_ratio_5_20,alpha158_rolling_volume,quote_volume_liquidity,False,,,,0,INSUFFICIENT_DATA,Insufficient pairwise observations.,intake_vs_baseline
q158_vsumd_20h,qvol_ma_ratio_5_20,alpha158_rolling_volume,quote_volume_liquidity,False,,,,0,INSUFFICIENT_DATA,Insufficient pairwise observations.,intake_vs_baseline
q158_vma_20h,funding_rate_level_20h,alpha158_rolling_volume,funding_rate,False,,,,0,INSUFFICIENT_DATA,Insufficient pairwise observations.,intake_vs_baseline
q158_vstd_20h,funding_rate_level_20h,alpha158_rolling_volume,funding_rate,False,,,,0,INSUFFICIENT_DATA,Insufficient pairwise observations.,intake_vs_baseline
q158_vma_20h,funding_rate_change_24h,alpha158_rolling_volume,funding_rate,False,,,,0,INSUFFICIENT_DATA,Insufficient pairwise observations.,intake_vs_baseline
q158_vstd_20h,funding_rate_change_24h,alpha158_rolling_volume,funding_rate,False,,,,0,INSUFFICIENT_DATA,Insufficient pairwise observations.,intake_vs_baseline
q158_sump_20h,mom_72h,alpha158_rolling_direction,momentum,False,,,,0,INSUFFICIENT_DATA,Insufficient pairwise observations.,intake_vs_baseline
q158_sumn_20h,mom_72h,alpha158_rolling_direction,momentum,False,,,,0,INSUFFICIENT_DATA,Insufficient pairwise observations.,intake_vs_baseline
q158_vma_20h,mom_72h,alpha158_rolling_volume,momentum,False,,,,0,INSUFFICIENT_DATA,Insufficient pairwise observations.,intake_vs_baseline
q158_vstd_20h,mom_72h,alpha158_rolling_volume,momentum,False,,,,0,INSUFFICIENT_DATA,Insufficient pairwise observations.,intake_vs_baseline
q158_wvma_20h,mom_72h,alpha158_rolling_volume,momentum,False,,,,0,INSUFFICIENT_DATA,Insufficient pairwise observations.,intake_vs_baseline
q158_vsump_20h,mom_72h,alpha158_rolling_volume,momentum,False,,,,0,INSUFFICIENT_DATA,Insufficient pairwise observations.,intake_vs_baseline
q158_vsumn_20h,mom_72h,alpha158_rolling_volume,momentum,False,,,,0,INSUFFICIENT_DATA,Insufficient pairwise observations.,intake_vs_baseline
q158_vsumd_20h,mom_72h,alpha158_rolling_volume,momentum,False,,,,0,INSUFFICIENT_DATA,Insufficient pairwise observations.,intake_vs_baseline
q158_vma_20h,mom_120h,alpha158_rolling_volume,momentum,False,,,,0,INSUFFICIENT_DATA,Insufficient pairwise observations.,intake_vs_baseline
q158_vstd_20h,mom_120h,alpha158_rolling_volume,momentum,False,,,,0,INSUFFICIENT_DATA,Insufficient pairwise observations.,intake_vs_baseline
q158_sump_20h,rev_1h,alpha158_rolling_direction,reversal,False,,,,0,INSUFFICIENT_DATA,Insufficient pairwise observations.,intake_vs_baseline
q158_sumn_20h,rev_1h,alpha158_rolling_direction,reversal,False,,,,0,INSUFFICIENT_DATA,Insufficient pairwise observations.,intake_vs_baseline
q158_vma_20h,rev_1h,alpha158_rolling_volume,reversal,False,,,,0,INSUFFICIENT_DATA,Insufficient pairwise observations.,intake_vs_baseline
q158_vstd_20h,rev_1h,alpha158_rolling_volume,reversal,False,,,,0,INSUFFICIENT_DATA,Insufficient pairwise observations.,intake_vs_baseline
q158_wvma_20h,rev_1h,alpha158_rolling_volume,reversal,False,,,,0,INSUFFICIENT_DATA,Insufficient pairwise observations.,intake_vs_baseline
q158_vsump_20h,rev_1h,alpha158_rolling_volume,reversal,False,,,,0,INSUFFICIENT_DATA,Insufficient pairwise observations.,intake_vs_baseline
q158_vsumn_20h,rev_1h,alpha158_rolling_volume,reversal,False,,,,0,INSUFFICIENT_DATA,Insufficient pairwise observations.,intake_vs_baseline
q158_vsumd_20h,rev_1h,alpha158_rolling_volume,reversal,False,,,,0,INSUFFICIENT_DATA,Insufficient pairwise observations.,intake_vs_baseline
q158_sump_20h,rev_72h,alpha158_rolling_direction,reversal,False,,,,0,INSUFFICIENT_DATA,Insufficient pairwise observations.,intake_vs_baseline
q158_sumn_20h,rev_72h,alpha158_rolling_direction,reversal,False,,,,0,INSUFFICIENT_DATA,Insufficient pairwise observations.,intake_vs_baseline
q158_vma_20h,rev_72h,alpha158_rolling_volume,reversal,False,,,,0,INSUFFICIENT_DATA,Insufficient pairwise observations.,intake_vs_baseline
q158_vstd_20h,rev_72h,alpha158_rolling_volume,reversal,False,,,,0,INSUFFICIENT_DATA,Insufficient pairwise observations.,intake_vs_baseline
q158_wvma_20h,rev_72h,alpha158_rolling_volume,reversal,False,,,,0,INSUFFICIENT_DATA,Insufficient pairwise observations.,intake_vs_baseline
q158_vsump_20h,rev_72h,alpha158_rolling_volume,reversal,False,,,,0,INSUFFICIENT_DATA,Insufficient pairwise observations.,intake_vs_baseline
q158_vsumn_20h,rev_72h,alpha158_rolling_volume,reversal,False,,,,0,INSUFFICIENT_DATA,Insufficient pairwise observations.,intake_vs_baseline
q158_vsumd_20h,rev_72h,alpha158_rolling_volume,reversal,False,,,,0,INSUFFICIENT_DATA,Insufficient pairwise observations.,intake_vs_baseline
q158_vma_20h,vol_ratio_20_80,alpha158_rolling_volume,volatility,False,,,,0,INSUFFICIENT_DATA,Insufficient pairwise observations.,intake_vs_baseline
q158_vstd_20h,vol_ratio_20_80,alpha158_rolling_volume,volatility,False,,,,0,INSUFFICIENT_DATA,Insufficient pairwise observations.,intake_vs_baseline
q158_vma_20h,realized_skew_20h,alpha158_rolling_volume,realized_shape,False,,,,0,INSUFFICIENT_DATA,Insufficient pairwise observations.,intake_vs_baseline
q158_vstd_20h,realized_skew_20h,alpha158_rolling_volume,realized_shape,False,,,,0,INSUFFICIENT_DATA,Insufficient pairwise observations.,intake_vs_baseline
q158_vma_20h,realized_kurt_20h,alpha158_rolling_volume,realized_shape,False,,,,0,INSUFFICIENT_DATA,Insufficient pairwise observations.,intake_vs_baseline
q158_vstd_20h,realized_kurt_20h,alpha158_rolling_volume,realized_shape,False,,,,0,INSUFFICIENT_DATA,Insufficient pairwise observations.,intake_vs_baseline
q158_vma_20h,amihud_illiquidity_20h,alpha158_rolling_volume,liquidity,False,,,,0,INSUFFICIENT_DATA,Insufficient pairwise observations.,intake_vs_baseline
q158_vstd_20h,amihud_illiquidity_20h,alpha158_rolling_volume,liquidity,False,,,,0,INSUFFICIENT_DATA,Insufficient pairwise observations.,intake_vs_baseline
q158_vma_20h,price_volume_corr_20h,alpha158_rolling_volume,volume_price,False,,,,0,INSUFFICIENT_DATA,Insufficient pairwise observations.,intake_vs_baseline
q158_vstd_20h,price_volume_corr_20h,alpha158_rolling_volume,volume_price,False,,,,0,INSUFFICIENT_DATA,Insufficient pairwise observations.,intake_vs_baseline
q158_vma_20h,rev_2h,alpha158_rolling_volume,reversal,False,,,,0,INSUFFICIENT_DATA,Insufficient pairwise observations.,intake_vs_baseline
q158_vstd_20h,rev_2h,alpha158_rolling_volume,reversal,False,,,,0,INSUFFICIENT_DATA,Insufficient pairwise observations.,intake_vs_baseline
q158_vma_20h,mom_vol_adjusted_20h,alpha158_rolling_volume,momentum,False,,,,0,INSUFFICIENT_DATA,Insufficient pairwise observations.,intake_vs_baseline
q158_vstd_20h,mom_vol_adjusted_20h,alpha158_rolling_volume,momentum,False,,,,0,INSUFFICIENT_DATA,Insufficient pairwise observations.,intake_vs_baseline
q158_vma_20h,volume_pressure_20h,alpha158_rolling_volume,volume_price,False,,,,0,INSUFFICIENT_DATA,Insufficient pairwise observations.,intake_vs_baseline
q158_vstd_20h,volume_pressure_20h,alpha158_rolling_volume,volume_price,False,,,,0,INSUFFICIENT_DATA,Insufficient pairwise observations.,intake_vs_baseline
q158_sump_20h,up_down_vol_ratio_20h,alpha158_rolling_direction,alpha158_ohlcv,False,,,,0,INSUFFICIENT_DATA,Insufficient pairwise observations.,intake_vs_baseline
q158_sumn_20h,up_down_vol_ratio_20h,alpha158_rolling_direction,alpha158_ohlcv,False,,,,0,INSUFFICIENT_DATA,Insufficient pairwise observations.,intake_vs_baseline
q158_wvma_20h,up_down_vol_ratio_20h,alpha158_rolling_volume,alpha158_ohlcv,False,,,,0,INSUFFICIENT_DATA,Insufficient pairwise observations.,intake_vs_baseline
q158_vsump_20h,up_down_vol_ratio_20h,alpha158_rolling_volume,alpha158_ohlcv,False,,,,0,INSUFFICIENT_DATA,Insufficient pairwise observations.,intake_vs_baseline
q158_vsumn_20h,up_down_vol_ratio_20h,alpha158_rolling_volume,alpha158_ohlcv,False,,,,0,INSUFFICIENT_DATA,Insufficient pairwise observations.,intake_vs_baseline
q158_vsumd_20h,up_down_vol_ratio_20h,alpha158_rolling_volume,alpha158_ohlcv,False,,,,0,INSUFFICIENT_DATA,Insufficient pairwise observations.,intake_vs_baseline
q158_vma_20h,xs_rank_mom_accel,alpha158_rolling_volume,cross_sectional_normalized,False,,,,0,INSUFFICIENT_DATA,Insufficient pairwise observations.,intake_vs_baseline
q158_vstd_20h,xs_rank_mom_accel,alpha158_rolling_volume,cross_sectional_normalized,False,,,,0,INSUFFICIENT_DATA,Insufficient pairwise observations.,intake_vs_baseline
q158_sump_20h,clv_20h,alpha158_rolling_direction,alpha158_ohlc_range,False,,,,0,INSUFFICIENT_DATA,Insufficient pairwise observations.,intake_vs_baseline
q158_sumn_20h,clv_20h,alpha158_rolling_direction,alpha158_ohlc_range,False,,,,0,INSUFFICIENT_DATA,Insufficient pairwise observations.,intake_vs_baseline
q158_wvma_20h,clv_20h,alpha158_rolling_volume,alpha158_ohlc_range,False,,,,0,INSUFFICIENT_DATA,Insufficient pairwise observations.,intake_vs_baseline
q158_vsump_20h,clv_20h,alpha158_rolling_volume,alpha158_ohlc_range,False,,,,0,INSUFFICIENT_DATA,Insufficient pairwise observations.,intake_vs_baseline
q158_vsumn_20h,clv_20h,alpha158_rolling_volume,alpha158_ohlc_range,False,,,,0,INSUFFICIENT_DATA,Insufficient pairwise observations.,intake_vs_baseline
q158_vsumd_20h,clv_20h,alpha158_rolling_volume,alpha158_ohlc_range,False,,,,0,INSUFFICIENT_DATA,Insufficient pairwise observations.,intake_vs_baseline
q158_sump_20h,a101_volume_xs_z_mean_neg_112h,alpha158_rolling_direction,alpha101_curated_volume_crowding,False,,,,0,INSUFFICIENT_DATA,Insufficient pairwise observations.,intake_vs_baseline
q158_sumn_20h,a101_volume_xs_z_mean_neg_112h,alpha158_rolling_direction,alpha101_curated_volume_crowding,False,,,,0,INSUFFICIENT_DATA,Insufficient pairwise observations.,intake_vs_baseline
q158_wvma_20h,a101_volume_xs_z_mean_neg_112h,alpha158_rolling_volume,alpha101_curated_volume_crowding,False,,,,0,INSUFFICIENT_DATA,Insufficient pairwise observations.,intake_vs_baseline
q158_vsump_20h,a101_volume_xs_z_mean_neg_112h,alpha158_rolling_volume,alpha101_curated_volume_crowding,False,,,,0,INSUFFICIENT_DATA,Insufficient pairwise observations.,intake_vs_baseline
q158_vsumn_20h,a101_volume_xs_z_mean_neg_112h,alpha158_rolling_volume,alpha101_curated_volume_crowding,False,,,,0,INSUFFICIENT_DATA,Insufficient pairwise observations.,intake_vs_baseline
q158_vsumd_20h,a101_volume_xs_z_mean_neg_112h,alpha158_rolling_volume,alpha101_curated_volume_crowding,False,,,,0,INSUFFICIENT_DATA,Insufficient pairwise observations.,intake_vs_baseline
q158_sump_20h,a101_vol_xs_z_product_112h,alpha158_rolling_direction,alpha101_curated_volume_regime,False,,,,0,INSUFFICIENT_DATA,Insufficient pairwise observations.,intake_vs_baseline
q158_sumn_20h,a101_vol_xs_z_product_112h,alpha158_rolling_direction,alpha101_curated_volume_regime,False,,,,0,INSUFFICIENT_DATA,Insufficient pairwise observations.,intake_vs_baseline
q158_wvma_20h,a101_vol_xs_z_product_112h,alpha158_rolling_volume,alpha101_curated_volume_regime,False,,,,0,INSUFFICIENT_DATA,Insufficient pairwise observations.,intake_vs_baseline
q158_vsump_20h,a101_vol_xs_z_product_112h,alpha158_rolling_volume,alpha101_curated_volume_regime,False,,,,0,INSUFFICIENT_DATA,Insufficient pairwise observations.,intake_vs_baseline
q158_vsumn_20h,a101_vol_xs_z_product_112h,alpha158_rolling_volume,alpha101_curated_volume_regime,False,,,,0,INSUFFICIENT_DATA,Insufficient pairwise observations.,intake_vs_baseline
q158_vsumd_20h,a101_vol_xs_z_product_112h,alpha158_rolling_volume,alpha101_curated_volume_regime,False,,,,0,INSUFFICIENT_DATA,Insufficient pairwise observations.,intake_vs_baseline
q158_sump_20h,a101_volume_cap_alpha_min_80_80,alpha158_rolling_direction,alpha101_curated_volume_cap_regression,False,,,,0,INSUFFICIENT_DATA,Insufficient pairwise observations.,intake_vs_baseline
q158_sumn_20h,a101_volume_cap_alpha_min_80_80,alpha158_rolling_direction,alpha101_curated_volume_cap_regression,False,,,,0,INSUFFICIENT_DATA,Insufficient pairwise observations.,intake_vs_baseline
q158_vma_20h,a101_volume_cap_alpha_min_80_80,alpha158_rolling_volume,alpha101_curated_volume_cap_regression,False,,,,0,INSUFFICIENT_DATA,Insufficient pairwise observations.,intake_vs_baseline
q158_vstd_20h,a101_volume_cap_alpha_min_80_80,alpha158_rolling_volume,alpha101_curated_volume_cap_regression,False,,,,0,INSUFFICIENT_DATA,Insufficient pairwise observations.,intake_vs_baseline
q158_wvma_20h,a101_volume_cap_alpha_min_80_80,alpha158_rolling_volume,alpha101_curated_volume_cap_regression,False,,,,0,INSUFFICIENT_DATA,Insufficient pairwise observations.,intake_vs_baseline
q158_vsump_20h,a101_volume_cap_alpha_min_80_80,alpha158_rolling_volume,alpha101_curated_volume_cap_regression,False,,,,0,INSUFFICIENT_DATA,Insufficient pairwise observations.,intake_vs_baseline
q158_vsumn_20h,a101_volume_cap_alpha_min_80_80,alpha158_rolling_volume,alpha101_curated_volume_cap_regression,False,,,,0,INSUFFICIENT_DATA,Insufficient pairwise observations.,intake_vs_baseline
q158_vsumd_20h,a101_volume_cap_alpha_min_80_80,alpha158_rolling_volume,alpha101_curated_volume_cap_regression,False,,,,0,INSUFFICIENT_DATA,Insufficient pairwise observations.,intake_vs_baseline
q158_sump_20h,a101_volume_cap_alpha_min_56_84,alpha158_rolling_direction,alpha101_curated_volume_cap_regression,False,,,,0,INSUFFICIENT_DATA,Insufficient pairwise observations.,intake_vs_baseline
q158_sumn_20h,a101_volume_cap_alpha_min_56_84,alpha158_rolling_direction,alpha101_curated_volume_cap_regression,False,,,,0,INSUFFICIENT_DATA,Insufficient pairwise observations.,intake_vs_baseline
q158_vma_20h,a101_volume_cap_alpha_min_56_84,alpha158_rolling_volume,alpha101_curated_volume_cap_regression,False,,,,0,INSUFFICIENT_DATA,Insufficient pairwise observations.,intake_vs_baseline
q158_vstd_20h,a101_volume_cap_alpha_min_56_84,alpha158_rolling_volume,alpha101_curated_volume_cap_regression,False,,,,0,INSUFFICIENT_DATA,Insufficient pairwise observations.,intake_vs_baseline
q158_wvma_20h,a101_volume_cap_alpha_min_56_84,alpha158_rolling_volume,alpha101_curated_volume_cap_regression,False,,,,0,INSUFFICIENT_DATA,Insufficient pairwise observations.,intake_vs_baseline
q158_vsump_20h,a101_volume_cap_alpha_min_56_84,alpha158_rolling_volume,alpha101_curated_volume_cap_regression,False,,,,0,INSUFFICIENT_DATA,Insufficient pairwise observations.,intake_vs_baseline
q158_vsumn_20h,a101_volume_cap_alpha_min_56_84,alpha158_rolling_volume,alpha101_curated_volume_cap_regression,False,,,,0,INSUFFICIENT_DATA,Insufficient pairwise observations.,intake_vs_baseline
q158_vsumd_20h,a101_volume_cap_alpha_min_56_84,alpha158_rolling_volume,alpha101_curated_volume_cap_regression,False,,,,0,INSUFFICIENT_DATA,Insufficient pairwise observations.,intake_vs_baseline
q158_sump_20h,a101_volume_high_alpha_min_84_84,alpha158_rolling_direction,alpha101_curated_volume_price_regression,False,,,,0,INSUFFICIENT_DATA,Insufficient pairwise observations.,intake_vs_baseline
q158_sumn_20h,a101_volume_high_alpha_min_84_84,alpha158_rolling_direction,alpha101_curated_volume_price_regression,False,,,,0,INSUFFICIENT_DATA,Insufficient pairwise observations.,intake_vs_baseline
q158_wvma_20h,a101_volume_high_alpha_min_84_84,alpha158_rolling_volume,alpha101_curated_volume_price_regression,False,,,,0,INSUFFICIENT_DATA,Insufficient pairwise observations.,intake_vs_baseline
q158_vsump_20h,a101_volume_high_alpha_min_84_84,alpha158_rolling_volume,alpha101_curated_volume_price_regression,False,,,,0,INSUFFICIENT_DATA,Insufficient pairwise observations.,intake_vs_baseline
q158_vsumn_20h,a101_volume_high_alpha_min_84_84,alpha158_rolling_volume,alpha101_curated_volume_price_regression,False,,,,0,INSUFFICIENT_DATA,Insufficient pairwise observations.,intake_vs_baseline
q158_vsumd_20h,a101_volume_high_alpha_min_84_84,alpha158_rolling_volume,alpha101_curated_volume_price_regression,False,,,,0,INSUFFICIENT_DATA,Insufficient pairwise observations.,intake_vs_baseline
