signal_id,symbol,side,mode,signal_ts,signal_confirmed_at,bar_key,entry_ts,entry_price,entry_fee_bps,entry_maker,paper_trade_state,status,exit_ts,exit_price,exit_reason,mark_ts,mark_price,gross_ret,net_ret,mark_gross_ret,mark_net_ret,paper_effective_gross_ret,paper_effective_net_ret,hold_minutes,target_hit,stop_hit,timeout_hit,same_bar_conflict,barrier_type,atr14,tp_atr_mult,sl_atr_mult,timeout_15m,max_concurrent_positions,exit_monitor_interval_minutes,trade_ts,notional_usdt,live_like_pnl_usdt,effective_net_ret,month
rank32b-zecusdt-4dd7d1bf146f741b,ZECUSDT,short,official_close,2025-10-08T07:45:00Z,2025-10-08T08:00:00Z,ZECUSDT|2025-10-08T07:45:00Z,2025-10-08T08:00:00Z,135.18,6.0,0,closed,realized,2025-10-08T08:40:59Z,137.49928571428572,stop_1m,,,-0.0171570181556866,-0.018336075910426408,,,-0.0171570181556866,-0.018336075910426408,40,0,1,0,0,atr,2.319285714285712,1.75,1.0,8,3,1,2025-10-08T08:40:59Z,100.0,-1.8336075910426408,-0.018336075910426408,2025-10
rank32b-nearusdt-9bee61d9375c8e9c,NEARUSDT,short,official_close,2025-10-08T09:15:00Z,2025-10-08T09:30:00Z,NEARUSDT|2025-10-08T09:15:00Z,2025-10-08T09:30:00Z,2.947,6.0,0,closed,realized,2025-10-08T10:05:59Z,2.9679285714285717,stop_1m,,,-0.00710165301274901,-0.008292773585728885,,,-0.00710165301274901,-0.008292773585728885,35,0,1,0,0,atr,0.0209285714285715,1.75,1.0,8,3,1,2025-10-08T10:05:59Z,100.0,-0.8292773585728885,-0.008292773585728885,2025-10
rank32b-linkusdt-4a253817de18fc95,LINKUSDT,long,official_close,2025-10-09T01:45:00Z,2025-10-09T02:00:00Z,LINKUSDT|2025-10-09T01:45:00Z,2025-10-09T02:00:00Z,22.432,6.0,0,closed,realized,2025-10-09T02:05:59Z,22.33142857142857,stop_1m,,,-0.004483391073975884,-0.005677652618708007,,,-0.004483391073975884,-0.005677652618708007,5,0,1,0,0,atr,0.10057142857142841,1.75,1.0,8,3,1,2025-10-09T02:05:59Z,100.0,-0.5677652618708007,-0.005677652618708007,2025-10
rank32b-turbousdt-c0e7b7433bc8a687,TURBOUSDT,short,official_close,2025-10-09T02:00:00Z,2025-10-09T02:15:00Z,TURBOUSDT|2025-10-09T02:00:00Z,2025-10-09T02:15:00Z,0.0036352,6.0,0,closed,realized,2025-10-09T02:36:59Z,0.0035954249999999997,target_1m,,,0.010941626320422615,0.009728860307823384,,,0.010941626320422615,0.009728860307823384,21,1,0,0,0,atr,2.2728571428571416e-05,1.75,1.0,8,3,1,2025-10-09T02:36:59Z,40.0,0.38915441231293535,0.009728860307823384,2025-10
rank32b-brettusdt-10277a934ce2752c,BRETTUSDT,short,official_close,2025-10-09T02:15:00Z,2025-10-09T02:30:00Z,BRETTUSDT|2025-10-09T02:15:00Z,2025-10-09T02:30:00Z,0.04443,6.0,0,closed,realized,2025-10-09T02:41:59Z,0.04378,target_1m,,,0.014629754670267836,0.013412564231375157,,,0.014629754670267836,0.013412564231375157,11,1,0,0,0,atr,0.00037142857142857116,1.75,1.0,8,3,1,2025-10-09T02:41:59Z,40.0,0.5365025692550063,0.013412564231375157,2025-10
rank32b-fartcoinusdt-95879c56bd3a7840,FARTCOINUSDT,short,official_close,2025-10-09T02:30:00Z,2025-10-09T02:45:00Z,FARTCOINUSDT|2025-10-09T02:30:00Z,2025-10-09T02:45:00Z,0.6533,6.0,0,closed,realized,2025-10-09T03:17:59Z,0.6607857142857143,stop_1m,,,-0.0114583105552033,-0.012644204707528917,,,-0.0114583105552033,-0.012644204707528917,32,0,1,0,0,atr,0.007485714285714278,1.75,1.0,8,3,1,2025-10-09T03:17:59Z,40.0,-0.5057681883011567,-0.012644204707528917,2025-10
rank32b-wldusdt-3063659df37dce2f,WLDUSDT,long,official_close,2025-10-09T04:15:00Z,2025-10-09T04:30:00Z,WLDUSDT|2025-10-09T04:15:00Z,2025-10-09T04:30:00Z,1.2458,6.0,0,closed,realized,2025-10-09T06:08:59Z,1.2349285714285714,stop_1m,,,-0.008726463775428406,-0.00991563516042493,,,-0.008726463775428406,-0.00991563516042493,98,0,1,0,0,atr,0.010871428571428612,1.75,1.0,8,3,1,2025-10-09T06:08:59Z,100.0,-0.9915635160424929,-0.00991563516042493,2025-10
rank32b-pippinusdt-7ab845b12786353d,PIPPINUSDT,short,official_close,2025-10-09T06:00:00Z,2025-10-09T06:15:00Z,PIPPINUSDT|2025-10-09T06:00:00Z,2025-10-09T06:15:00Z,0.02067,6.0,0,closed,realized,2025-10-09T06:31:59Z,0.02081857142857143,stop_1m,,,-0.007187780772686336,-0.008378798023360279,,,-0.007187780772686336,-0.008378798023360279,16,0,1,0,0,atr,0.0001485714285714287,1.75,1.0,8,3,1,2025-10-09T06:31:59Z,40.0,-0.33515192093441115,-0.008378798023360279,2025-10
rank32b-zecusdt-7195404d614d9660,ZECUSDT,long,official_close,2025-10-09T09:00:00Z,2025-10-09T09:15:00Z,ZECUSDT|2025-10-09T09:00:00Z,2025-10-09T09:15:00Z,170.28,6.0,0,closed,realized,2025-10-09T10:30:59Z,179.60875,target_1m,,,0.054784766267324425,0.053519404270319315,,,0.054784766267324425,0.053519404270319315,75,1,0,0,0,atr,5.330714285714281,1.75,1.0,8,3,1,2025-10-09T10:30:59Z,100.0,5.3519404270319315,0.053519404270319315,2025-10
rank32b-tradoorusdt-4e02d15be3612407,TRADOORUSDT,long,official_close,2025-10-09T09:45:00Z,2025-10-09T10:00:00Z,TRADOORUSDT|2025-10-09T09:45:00Z,2025-10-09T10:00:00Z,4.685,6.0,0,closed,realized,2025-10-09T12:00:59Z,4.817,timeout_1m,,,0.028175026680896664,0.026941586791889183,,,0.028175026680896664,0.026941586791889183,120,0,0,1,0,atr,0.15485714285714267,1.75,1.0,8,3,1,2025-10-09T12:00:59Z,40.0,1.0776634716755673,0.026941586791889183,2025-10
rank32b-pippinusdt-45c75e6614bfa967,PIPPINUSDT,short,official_close,2025-10-09T13:00:00Z,2025-10-09T13:15:00Z,PIPPINUSDT|2025-10-09T13:00:00Z,2025-10-09T13:15:00Z,0.02051,6.0,0,closed,realized,2025-10-09T13:59:59Z,0.020245,target_1m,,,0.012920526572403723,0.011705386591906342,,,0.012920526572403723,0.011705386591906342,44,1,0,0,0,atr,0.00015142857142857145,1.75,1.0,8,3,1,2025-10-09T13:59:59Z,40.0,0.46821546367625366,0.011705386591906342,2025-10
rank32b-solusdt-849e586c6266b3b8,SOLUSDT,short,official_close,2025-10-09T13:30:00Z,2025-10-09T13:45:00Z,SOLUSDT|2025-10-09T13:30:00Z,2025-10-09T13:45:00Z,223.7,6.0,0,closed,realized,2025-10-09T14:23:59Z,221.3575,target_1m,,,0.010471613768439858,0.00925941160169863,,,0.010471613768439858,0.00925941160169863,38,1,0,0,0,atr,1.3385714285714332,1.75,1.0,8,3,1,2025-10-09T14:23:59Z,100.0,0.925941160169863,0.00925941160169863,2025-10
rank32b-tradoorusdt-c736dff755c4836d,TRADOORUSDT,long,official_close,2025-10-09T15:00:00Z,2025-10-09T15:15:00Z,TRADOORUSDT|2025-10-09T15:00:00Z,2025-10-09T15:15:00Z,4.779,6.0,0,closed,realized,2025-10-09T15:51:59Z,4.667357142857143,stop_1m,,,-0.023361133530624967,-0.024532748580396446,,,-0.023361133530624967,-0.024532748580396446,36,0,1,0,0,atr,0.11164285714285731,1.75,1.0,8,3,1,2025-10-09T15:51:59Z,40.0,-0.9813099432158578,-0.024532748580396446,2025-10
rank32b-tradoorusdt-51aaa94c65f1e5ea,TRADOORUSDT,long,official_close,2025-10-09T16:00:00Z,2025-10-09T16:15:00Z,TRADOORUSDT|2025-10-09T16:00:00Z,2025-10-09T16:15:00Z,4.737,6.0,0,closed,realized,2025-10-09T16:37:59Z,4.926,target_1m,,,0.039898670044331785,0.03865116600379981,,,0.039898670044331785,0.03865116600379981,22,1,0,0,0,atr,0.10800000000000022,1.75,1.0,8,3,1,2025-10-09T16:37:59Z,40.0,1.5460466401519923,0.03865116600379981,2025-10
rank32b-actusdt-8fa20046a1d63692,ACTUSDT,short,official_close,2025-10-09T23:00:00Z,2025-10-09T23:15:00Z,ACTUSDT|2025-10-09T23:00:00Z,2025-10-09T23:15:00Z,0.03213,6.0,0,closed,realized,2025-10-09T23:49:59Z,0.03232285714285714,stop_1m,,,-0.006002400960384069,-0.00719484024009609,,,-0.006002400960384069,-0.00719484024009609,34,0,1,0,0,atr,0.00019285714285714194,1.75,1.0,8,3,1,2025-10-09T23:49:59Z,40.0,-0.2877936096038436,-0.00719484024009609,2025-10
rank32b-fartcoinusdt-38e552df743ab0b7,FARTCOINUSDT,short,official_close,2025-10-09T23:45:00Z,2025-10-10T00:00:00Z,FARTCOINUSDT|2025-10-09T23:45:00Z,2025-10-10T00:00:00Z,0.6378,6.0,0,closed,realized,2025-10-10T00:18:59Z,0.6422,stop_1m,,,-0.0068987143305110354,-0.008090078356851604,,,-0.0068987143305110354,-0.008090078356851604,18,0,1,0,0,atr,0.004399999999999999,1.75,1.0,8,3,1,2025-10-10T00:18:59Z,40.0,-0.3236031342740642,-0.008090078356851604,2025-10
rank32b-tradoorusdt-595a33a26710c72f,TRADOORUSDT,long,official_close,2025-10-09T23:30:00Z,2025-10-09T23:45:00Z,TRADOORUSDT|2025-10-09T23:30:00Z,2025-10-09T23:45:00Z,4.752,6.0,0,closed,realized,2025-10-10T00:57:59Z,4.667428571428571,stop_1m,,,-0.01779701779701781,-0.018975307782587825,,,-0.01779701779701781,-0.018975307782587825,72,0,1,0,0,atr,0.08457142857142852,1.75,1.0,8,3,1,2025-10-10T00:57:59Z,40.0,-0.759012311303513,-0.018975307782587825,2025-10
rank32b-brettusdt-c0354f1f1bce78e2,BRETTUSDT,short,official_close,2025-10-10T01:30:00Z,2025-10-10T01:45:00Z,BRETTUSDT|2025-10-10T01:30:00Z,2025-10-10T01:45:00Z,0.0424,6.0,0,closed,realized,2025-10-10T02:19:59Z,0.04266642857142857,stop_1m,,,-0.006283692722371947,-0.007475794553234549,,,-0.006283692722371947,-0.007475794553234549,34,0,1,0,0,atr,0.00026642857142857273,1.75,1.0,8,3,1,2025-10-10T02:19:59Z,40.0,-0.299031782129382,-0.007475794553234549,2025-10
rank32b-tradoorusdt-96cdfe20c04647c2,TRADOORUSDT,long,official_close,2025-10-10T02:15:00Z,2025-10-10T02:30:00Z,TRADOORUSDT|2025-10-10T02:15:00Z,2025-10-10T02:30:00Z,4.793,6.0,0,closed,realized,2025-10-10T03:21:59Z,4.699071428571429,stop_1m,,,-0.01959703138505553,-0.02077316200232482,,,-0.01959703138505553,-0.02077316200232482,51,0,1,0,0,atr,0.09392857142857133,1.75,1.0,8,3,1,2025-10-10T03:21:59Z,40.0,-0.8309264800929927,-0.02077316200232482,2025-10
rank32b-ethusdt-7a5d4b3223991f53,ETHUSDT,short,official_close,2025-10-10T03:45:00Z,2025-10-10T04:00:00Z,ETHUSDT|2025-10-10T03:45:00Z,2025-10-10T04:00:00Z,4345.01,6.0,0,closed,realized,2025-10-10T05:48:59Z,4362.582857142857,stop_1m,,,-0.004044376685636397,-0.0052391648895893095,,,-0.004044376685636397,-0.0052391648895893095,108,0,1,0,0,atr,17.572857142857174,1.75,1.0,8,3,1,2025-10-10T05:48:59Z,100.0,-0.523916488958931,-0.0052391648895893095,2025-10
rank32b-actusdt-fad62ca34e3f2c07,ACTUSDT,short,official_close,2025-10-10T06:15:00Z,2025-10-10T06:30:00Z,ACTUSDT|2025-10-10T06:15:00Z,2025-10-10T06:30:00Z,0.03221,6.0,0,closed,realized,2025-10-10T07:08:59Z,0.03170625,target_1m,,,0.015639552933871648,0.014421151100590057,,,0.015639552933871648,0.014421151100590057,38,1,0,0,0,atr,0.0002878571428571438,1.75,1.0,8,3,1,2025-10-10T07:08:59Z,40.0,0.5768460440236023,0.014421151100590057,2025-10
rank32b-tradoorusdt-acb731dab4768667,TRADOORUSDT,long,official_close,2025-10-10T06:45:00Z,2025-10-10T07:00:00Z,TRADOORUSDT|2025-10-10T06:45:00Z,2025-10-10T07:00:00Z,4.752,6.0,0,closed,realized,2025-10-10T07:27:59Z,4.680285714285714,stop_1m,,,-0.015091390091390156,-0.01627292585618101,,,-0.015091390091390156,-0.01627292585618101,27,0,1,0,0,atr,0.07171428571428581,1.75,1.0,8,3,1,2025-10-10T07:27:59Z,40.0,-0.6509170342472403,-0.01627292585618101,2025-10
rank32b-pippinusdt-687fddf05a22692c,PIPPINUSDT,short,official_close,2025-10-10T09:45:00Z,2025-10-10T10:00:00Z,PIPPINUSDT|2025-10-10T09:45:00Z,2025-10-10T10:00:00Z,0.02011,6.0,0,closed,realized,2025-10-10T10:04:59Z,0.01979625,target_1m,,,0.015601690701143589,0.01438333428891081,,,0.015601690701143589,0.01438333428891081,4,1,0,0,0,atr,0.0001792857142857139,1.75,1.0,8,3,1,2025-10-10T10:04:59Z,40.0,0.5753333715564324,0.01438333428891081,2025-10
rank32b-turbousdt-b1323cd569beb54c,TURBOUSDT,short,official_close,2025-10-10T14:15:00Z,2025-10-10T14:30:00Z,TURBOUSDT|2025-10-10T14:15:00Z,2025-10-10T14:30:00Z,0.003471,6.0,0,closed,realized,2025-10-10T14:58:59Z,0.0034259125000000003,target_1m,,,0.012989772399884747,0.011774549349322871,,,0.012989772399884747,0.011774549349322871,28,1,0,0,0,atr,2.5764285714285702e-05,1.75,1.0,8,3,1,2025-10-10T14:58:59Z,40.0,0.47098197397291486,0.011774549349322871,2025-10
rank32b-actusdt-ebc920b1180be1eb,ACTUSDT,short,official_close,2025-10-10T14:45:00Z,2025-10-10T15:00:00Z,ACTUSDT|2025-10-10T14:45:00Z,2025-10-10T15:00:00Z,0.03211,6.0,0,closed,realized,2025-10-10T15:04:59Z,0.0316425,target_1m,,,0.014559327312363868,0.013342221360946649,,,0.014559327312363868,0.013342221360946649,4,1,0,0,0,atr,0.0002671428571428572,1.75,1.0,8,3,1,2025-10-10T15:04:59Z,40.0,0.533688854437866,0.013342221360946649,2025-10
rank32b-suiusdt-9f456cc0344e4783,SUIUSDT,short,official_close,2025-10-10T15:00:00Z,2025-10-10T15:15:00Z,SUIUSDT|2025-10-10T15:00:00Z,2025-10-10T15:15:00Z,3.4219,6.0,0,closed,realized,2025-10-10T15:21:59Z,3.3869875,target_1m,,,0.010202665186007764,0.00899078566074385,,,0.010202665186007764,0.00899078566074385,6,1,0,0,0,atr,0.019949999999999912,1.75,1.0,8,3,1,2025-10-10T15:21:59Z,100.0,0.899078566074385,0.00899078566074385,2025-10
rank32b-fartcoinusdt-f6bafb470ed792b8,FARTCOINUSDT,short,official_close,2025-10-10T15:15:00Z,2025-10-10T15:30:00Z,FARTCOINUSDT|2025-10-10T15:15:00Z,2025-10-10T15:30:00Z,0.6372,6.0,0,closed,realized,2025-10-10T15:31:59Z,0.62005,target_1m,,,0.02691462649089771,0.025682698628374023,,,0.02691462649089771,0.025682698628374023,1,1,0,0,0,atr,0.0098,1.75,1.0,8,3,1,2025-10-10T15:31:59Z,40.0,1.027307945134961,0.025682698628374023,2025-10
rank32b-ltcusdt-0aae6044122b4c4f,LTCUSDT,long,official_close,2025-10-10T15:30:00Z,2025-10-10T15:45:00Z,LTCUSDT|2025-10-10T15:30:00Z,2025-10-10T15:45:00Z,129.19,6.0,0,closed,realized,2025-10-10T15:55:59Z,127.24071428571428,stop_1m,,,-0.015088518571760412,-0.016270057781341052,,,-0.015088518571760412,-0.016270057781341052,10,0,1,0,0,atr,1.9492857142857178,1.75,1.0,8,3,1,2025-10-10T15:55:59Z,100.0,-1.6270057781341052,-0.016270057781341052,2025-10
rank32b-ltcusdt-251169ed63f8f2a7,LTCUSDT,long,official_close,2025-10-10T16:00:00Z,2025-10-10T16:15:00Z,LTCUSDT|2025-10-10T16:00:00Z,2025-10-10T16:15:00Z,129.07,6.0,0,closed,realized,2025-10-10T16:43:59Z,126.91,stop_1m,,,-0.01673510498179276,-0.017914668880452456,,,-0.01673510498179276,-0.017914668880452456,28,0,1,0,0,atr,2.160000000000003,1.75,1.0,8,3,1,2025-10-10T16:43:59Z,100.0,-1.7914668880452456,-0.017914668880452456,2025-10
rank32b-zecusdt-ae4b8dd1cc23144a,ZECUSDT,long,official_close,2025-10-10T15:45:00Z,2025-10-10T16:00:00Z,ZECUSDT|2025-10-10T15:45:00Z,2025-10-10T16:00:00Z,228.41,6.0,0,closed,realized,2025-10-10T18:00:59Z,237.06,timeout_1m,,,0.03787049603782666,0.03662542507595967,,,0.03787049603782666,0.03662542507595967,120,0,0,1,0,atr,9.286428571428576,1.75,1.0,8,3,1,2025-10-10T18:00:59Z,100.0,3.6625425075959672,0.03662542507595967,2025-10
rank32b-zecusdt-c65cff085b3ce524,ZECUSDT,long,official_close,2025-10-10T23:00:00Z,2025-10-10T23:15:00Z,ZECUSDT|2025-10-10T23:00:00Z,2025-10-10T23:15:00Z,235.01,6.0,0,closed,realized,2025-10-11T01:15:59Z,219.83,timeout_1m,,,-0.0645929960427215,-0.06571514770094888,,,-0.0645929960427215,-0.06571514770094888,120,0,0,1,0,atr,21.909285714285716,1.75,1.0,8,3,1,2025-10-11T01:15:59Z,100.0,-6.571514770094888,-0.06571514770094888,2025-10
rank32b-zecusdt-7999b61e7832bd19,ZECUSDT,long,official_close,2025-10-11T02:30:00Z,2025-10-11T02:45:00Z,ZECUSDT|2025-10-11T02:30:00Z,2025-10-11T02:45:00Z,228.83,6.0,0,closed,realized,2025-10-11T03:20:59Z,216.9107142857143,stop_1m,,,-0.05208795050599002,-0.05322510371704514,,,-0.05208795050599002,-0.05322510371704514,35,0,1,0,0,atr,11.919285714285715,1.75,1.0,8,3,1,2025-10-11T03:20:59Z,100.0,-5.322510371704514,-0.05322510371704514,2025-10
rank32b-aaveusdt-ec2241e4c7673cc3,AAVEUSDT,short,official_close,2025-10-11T11:00:00Z,2025-10-11T11:15:00Z,AAVEUSDT|2025-10-11T11:00:00Z,2025-10-11T11:15:00Z,239.37,6.0,0,closed,realized,2025-10-11T11:54:59Z,242.06714285714287,stop_1m,,,-0.011267672879403667,-0.012453795728310735,,,-0.011267672879403667,-0.012453795728310735,39,0,1,0,0,atr,2.6971428571428566,1.75,1.0,8,3,1,2025-10-11T11:54:59Z,100.0,-1.2453795728310735,-0.012453795728310735,2025-10
rank32b-aaveusdt-9e220785cb215e0e,AAVEUSDT,short,official_close,2025-10-11T12:30:00Z,2025-10-11T12:45:00Z,AAVEUSDT|2025-10-11T12:30:00Z,2025-10-11T12:45:00Z,238.81,6.0,0,closed,realized,2025-10-11T13:32:59Z,234.11,target_1m,,,0.01968091788451065,0.018457667868179817,,,0.01968091788451065,0.018457667868179817,47,1,0,0,0,atr,2.6857142857142873,1.75,1.0,8,3,1,2025-10-11T13:32:59Z,100.0,1.8457667868179817,0.018457667868179817,2025-10
rank32b-pippinusdt-c65995c625a2f070,PIPPINUSDT,short,official_close,2025-10-11T15:00:00Z,2025-10-11T15:15:00Z,PIPPINUSDT|2025-10-11T15:00:00Z,2025-10-11T15:15:00Z,0.01281,6.0,0,closed,realized,2025-10-11T15:28:59Z,0.011895000000000001,target_1m,,,0.0714285714285714,0.07014324285714268,,,0.0714285714285714,0.07014324285714268,13,1,0,0,0,atr,0.0005228571428571427,1.75,1.0,8,3,1,2025-10-11T15:28:59Z,40.0,2.8057297142857074,0.07014324285714268,2025-10
rank32b-aaveusdt-b681dc4e20eeb42b,AAVEUSDT,short,official_close,2025-10-11T16:30:00Z,2025-10-11T16:45:00Z,AAVEUSDT|2025-10-11T16:30:00Z,2025-10-11T16:45:00Z,238.26,6.0,0,closed,realized,2025-10-11T16:51:59Z,240.75785714285712,stop_1m,,,-0.010483745248288212,-0.011670808528138732,,,-0.010483745248288212,-0.011670808528138732,6,0,1,0,0,atr,2.4978571428571428,1.75,1.0,8,3,1,2025-10-11T16:51:59Z,100.0,-1.1670808528138732,-0.011670808528138732,2025-10
rank32b-aaveusdt-8c0c206595b5d23e,AAVEUSDT,short,official_close,2025-10-11T17:30:00Z,2025-10-11T17:45:00Z,AAVEUSDT|2025-10-11T17:30:00Z,2025-10-11T17:45:00Z,238.18,6.0,0,closed,realized,2025-10-11T19:17:59Z,233.96625,target_1m,,,0.017691451843143913,0.016470588469854608,,,0.017691451843143913,0.016470588469854608,92,1,0,0,0,atr,2.4078571428571434,1.75,1.0,8,3,1,2025-10-11T19:17:59Z,100.0,1.6470588469854608,0.016470588469854608,2025-10
rank32b-bnbusdt-f5605587170a6662,BNBUSDT,short,official_close,2025-10-11T19:30:00Z,2025-10-11T19:45:00Z,BNBUSDT|2025-10-11T19:30:00Z,2025-10-11T19:45:00Z,1143.8,6.0,0,closed,realized,2025-10-11T20:31:59Z,1124.73,target_1m,,,0.016672495191466963,0.015452854199335508,,,0.016672495191466963,0.015452854199335508,46,1,0,0,0,atr,10.897142857142837,1.75,1.0,8,3,1,2025-10-11T20:31:59Z,100.0,1.5452854199335508,0.015452854199335508,2025-10
rank32b-brettusdt-07563c4625bb1ba3,BRETTUSDT,short,official_close,2025-10-12T05:30:00Z,2025-10-12T05:45:00Z,BRETTUSDT|2025-10-12T05:30:00Z,2025-10-12T05:45:00Z,0.03045,6.0,0,closed,realized,2025-10-12T06:26:59Z,0.03084571428571429,stop_1m,,,-0.012995543044804103,-0.014179593071545926,,,-0.012995543044804103,-0.014179593071545926,41,0,1,0,0,atr,0.0003957142857142857,1.75,1.0,8,3,1,2025-10-12T06:26:59Z,40.0,-0.567183722861837,-0.014179593071545926,2025-10
rank32b-zecusdt-08f9122d68fc86f1,ZECUSDT,long,official_close,2025-10-12T04:30:00Z,2025-10-12T04:45:00Z,ZECUSDT|2025-10-12T04:30:00Z,2025-10-12T04:45:00Z,272.87,6.0,0,closed,realized,2025-10-12T06:45:59Z,276.52,timeout_1m,,,0.013376333052369072,0.012160646268186026,,,0.013376333052369072,0.012160646268186026,120,0,0,1,0,atr,6.895714285714287,1.75,1.0,8,3,1,2025-10-12T06:45:59Z,100.0,1.2160646268186026,0.012160646268186026,2025-10
rank32b-turbousdt-c8cc7624b9ef9a8f,TURBOUSDT,short,official_close,2025-10-12T07:15:00Z,2025-10-12T07:30:00Z,TURBOUSDT|2025-10-12T07:15:00Z,2025-10-12T07:30:00Z,0.0024826,6.0,0,closed,realized,2025-10-12T07:49:59Z,0.0025047428571428575,stop_1m,,,-0.00891922063274686,-0.010108160778907083,,,-0.00891922063274686,-0.010108160778907083,19,0,1,0,0,atr,2.2142857142857108e-05,1.75,1.0,8,3,1,2025-10-12T07:49:59Z,40.0,-0.4043264311562833,-0.010108160778907083,2025-10
rank32b-zecusdt-a64eb564f81cbe11,ZECUSDT,long,official_close,2025-10-12T10:30:00Z,2025-10-12T10:45:00Z,ZECUSDT|2025-10-12T10:30:00Z,2025-10-12T10:45:00Z,277.34,6.0,0,closed,realized,2025-10-12T10:55:59Z,270.96,stop_1m,,,-0.023004254705415672,-0.024176297881300934,,,-0.023004254705415672,-0.024176297881300934,10,0,1,0,0,atr,6.3799999999999955,1.75,1.0,8,3,1,2025-10-12T10:55:59Z,100.0,-2.4176297881300934,-0.024176297881300934,2025-10
rank32b-turbousdt-f50c623d9619196d,TURBOUSDT,short,official_close,2025-10-12T10:00:00Z,2025-10-12T10:15:00Z,TURBOUSDT|2025-10-12T10:00:00Z,2025-10-12T10:15:00Z,0.002484,6.0,0,closed,realized,2025-10-12T11:35:59Z,0.002506014285714286,stop_1m,,,-0.008862433862433905,-0.010051442132275268,,,-0.008862433862433905,-0.010051442132275268,80,0,1,0,0,atr,2.20142857142857e-05,1.75,1.0,8,3,1,2025-10-12T11:35:59Z,40.0,-0.4020576852910107,-0.010051442132275268,2025-10
rank32b-pippinusdt-78591ac47fe3b9f8,PIPPINUSDT,short,official_close,2025-10-12T12:15:00Z,2025-10-12T12:30:00Z,PIPPINUSDT|2025-10-12T12:15:00Z,2025-10-12T12:30:00Z,0.01344,6.0,0,closed,realized,2025-10-12T14:00:59Z,0.013706428571428573,stop_1m,,,-0.01982355442176864,-0.020999413292942304,,,-0.01982355442176864,-0.020999413292942304,90,0,1,0,0,atr,0.0002664285714285712,1.75,1.0,8,3,1,2025-10-12T14:00:59Z,40.0,-0.8399765317176922,-0.020999413292942304,2025-10
rank32b-fartcoinusdt-a2558b44cbe650a3,FARTCOINUSDT,short,official_close,2025-10-12T13:30:00Z,2025-10-12T13:45:00Z,FARTCOINUSDT|2025-10-12T13:30:00Z,2025-10-12T13:45:00Z,0.3534,6.0,0,closed,realized,2025-10-12T14:46:59Z,0.3586214285714286,stop_1m,,,-0.014774840326623018,-0.01595675583717371,,,-0.014774840326623018,-0.01595675583717371,61,0,1,0,0,atr,0.005221428571428587,1.75,1.0,8,3,1,2025-10-12T14:46:59Z,40.0,-0.6382702334869483,-0.01595675583717371,2025-10
rank32b-turbousdt-3b481be12fae59bf,TURBOUSDT,short,official_close,2025-10-12T13:15:00Z,2025-10-12T13:30:00Z,TURBOUSDT|2025-10-12T13:15:00Z,2025-10-12T13:30:00Z,0.0024754,6.0,0,closed,realized,2025-10-12T14:46:59Z,0.0025014857142857142,stop_1m,,,-0.010537979431895605,-0.011724977650250046,,,-0.010537979431895605,-0.011724977650250046,76,0,1,0,0,atr,2.6085714285714345e-05,1.75,1.0,8,3,1,2025-10-12T14:46:59Z,40.0,-0.46899910601000183,-0.011724977650250046,2025-10
rank32b-zecusdt-8bc1eb93016be46c,ZECUSDT,long,official_close,2025-10-12T15:00:00Z,2025-10-12T15:15:00Z,ZECUSDT|2025-10-12T15:00:00Z,2025-10-12T15:15:00Z,271.19,6.0,0,closed,realized,2025-10-12T15:25:59Z,263.49142857142857,stop_1m,,,-0.02838810954891935,-0.02955369403718011,,,-0.02838810954891935,-0.02955369403718011,10,0,1,0,0,atr,7.698571428571425,1.75,1.0,8,3,1,2025-10-12T15:25:59Z,100.0,-2.955369403718011,-0.02955369403718011,2025-10
rank32b-zecusdt-c41b2d648f655f75,ZECUSDT,long,official_close,2025-10-12T20:00:00Z,2025-10-12T20:15:00Z,ZECUSDT|2025-10-12T20:00:00Z,2025-10-12T20:15:00Z,266.42,6.0,0,closed,realized,2025-10-12T20:18:59Z,277.87625,target_1m,,,0.0430007131596728,0.041749487784137784,,,0.0430007131596728,0.041749487784137784,3,1,0,0,0,atr,6.5464285714285655,1.75,1.0,8,3,1,2025-10-12T20:18:59Z,100.0,4.174948778413778,0.041749487784137784,2025-10
rank32b-pippinusdt-549648bed733f6fe,PIPPINUSDT,short,official_close,2025-10-12T21:30:00Z,2025-10-12T21:45:00Z,PIPPINUSDT|2025-10-12T21:30:00Z,2025-10-12T21:45:00Z,0.01361,6.0,0,closed,realized,2025-10-12T22:00:59Z,0.013850714285714286,stop_1m,,,-0.017686574997375804,-0.018864997474546064,,,-0.017686574997375804,-0.018864997474546064,15,0,1,0,0,atr,0.00024071428571428556,1.75,1.0,8,3,1,2025-10-12T22:00:59Z,40.0,-0.7545998989818425,-0.018864997474546064,2025-10
rank32b-tradoorusdt-956204a17fd03322,TRADOORUSDT,short,official_close,2025-10-13T00:30:00Z,2025-10-13T00:45:00Z,TRADOORUSDT|2025-10-13T00:30:00Z,2025-10-13T00:45:00Z,2.75,6.0,0,closed,realized,2025-10-13T01:31:59Z,2.793214285714286,stop_1m,,,-0.01571428571428579,-0.016895074228571616,,,-0.01571428571428579,-0.016895074228571616,46,0,1,0,0,atr,0.04321428571428571,1.75,1.0,8,3,1,2025-10-13T01:31:59Z,40.0,-0.6758029691428646,-0.016895074228571616,2025-10
rank32b-avaxusdt-d3c0d70e891a6e93,AVAXUSDT,short,official_close,2025-10-13T02:15:00Z,2025-10-13T02:30:00Z,AVAXUSDT|2025-10-13T02:15:00Z,2025-10-13T02:30:00Z,21.996,6.0,0,closed,realized,2025-10-13T03:00:59Z,22.252285714285712,stop_1m,,,-0.011651469098277634,-0.012837131529888635,,,-0.011651469098277634,-0.012837131529888635,30,0,1,0,0,atr,0.25628571428571434,1.75,1.0,8,3,1,2025-10-13T03:00:59Z,100.0,-1.2837131529888635,-0.012837131529888635,2025-10
rank32b-ltcusdt-6ccd5bffa52fe631,LTCUSDT,short,official_close,2025-10-13T05:00:00Z,2025-10-13T05:15:00Z,LTCUSDT|2025-10-13T05:00:00Z,2025-10-13T05:15:00Z,97.44,6.0,0,closed,realized,2025-10-13T05:43:59Z,96.03,target_1m,,,0.01447044334975367,0.013253444027093497,,,0.01447044334975367,0.013253444027093497,28,1,0,0,0,atr,0.8057142857142858,1.75,1.0,8,3,1,2025-10-13T05:43:59Z,100.0,1.3253444027093497,0.013253444027093497,2025-10
rank32b-pippinusdt-77a5d33e567b6154,PIPPINUSDT,short,official_close,2025-10-13T09:15:00Z,2025-10-13T09:30:00Z,PIPPINUSDT|2025-10-13T09:15:00Z,2025-10-13T09:30:00Z,0.01396,6.0,0,closed,realized,2025-10-13T09:49:59Z,0.014231428571428572,stop_1m,,,-0.019443307408923527,-0.020619622439623564,,,-0.019443307408923527,-0.020619622439623564,19,0,1,0,0,atr,0.00027142857142857117,1.75,1.0,8,3,1,2025-10-13T09:49:59Z,40.0,-0.8247848975849426,-0.020619622439623564,2025-10
rank32b-pippinusdt-96a32bfbf032a55f,PIPPINUSDT,short,official_close,2025-10-13T11:00:00Z,2025-10-13T11:15:00Z,PIPPINUSDT|2025-10-13T11:00:00Z,2025-10-13T11:15:00Z,0.01404,6.0,0,closed,realized,2025-10-13T11:28:59Z,0.01349375,target_1m,,,0.03890669515669509,0.03766038112891734,,,0.03890669515669509,0.03766038112891734,13,1,0,0,0,atr,0.0003121428571428568,1.75,1.0,8,3,1,2025-10-13T11:28:59Z,40.0,1.5064152451566937,0.03766038112891734,2025-10
rank32b-brettusdt-bdb36d5e2e65309c,BRETTUSDT,short,official_close,2025-10-13T11:15:00Z,2025-10-13T11:30:00Z,BRETTUSDT|2025-10-13T11:15:00Z,2025-10-13T11:30:00Z,0.03199,6.0,0,closed,realized,2025-10-13T11:31:59Z,0.03246428571428571,stop_1m,,,-0.014826061715714767,-0.016007915779038262,,,-0.014826061715714767,-0.016007915779038262,1,0,1,0,0,atr,0.0004742857142857153,1.75,1.0,8,3,1,2025-10-13T11:31:59Z,40.0,-0.6403166311615305,-0.016007915779038262,2025-10
rank32b-linkusdt-83a5de02f63f1153,LINKUSDT,long,official_close,2025-10-13T11:30:00Z,2025-10-13T11:45:00Z,LINKUSDT|2025-10-13T11:30:00Z,2025-10-13T11:45:00Z,19.295,6.0,0,closed,realized,2025-10-13T12:01:59Z,19.099,stop_1m,,,-0.010158072039388566,-0.011345526009847284,,,-0.010158072039388566,-0.011345526009847284,16,0,1,0,0,atr,0.19600000000000023,1.75,1.0,8,3,1,2025-10-13T12:01:59Z,100.0,-1.1345526009847284,-0.011345526009847284,2025-10
rank32b-dogeusdt-2867ed8a258d8cfa,DOGEUSDT,long,official_close,2025-10-13T13:30:00Z,2025-10-13T13:45:00Z,DOGEUSDT|2025-10-13T13:30:00Z,2025-10-13T13:45:00Z,0.21057,6.0,0,closed,realized,2025-10-13T14:22:59Z,0.20777785714285715,stop_1m,,,-0.013259927136547778,-0.014443659997557812,,,-0.013259927136547778,-0.014443659997557812,37,0,1,0,0,atr,0.002792142857142862,1.75,1.0,8,3,1,2025-10-13T14:22:59Z,100.0,-1.4443659997557812,-0.014443659997557812,2025-10
rank32b-ltcusdt-19a7f22b81b3524b,LTCUSDT,short,official_close,2025-10-13T14:00:00Z,2025-10-13T14:15:00Z,LTCUSDT|2025-10-13T14:00:00Z,2025-10-13T14:15:00Z,97.31,6.0,0,closed,realized,2025-10-13T16:15:59Z,98.02,timeout_1m,,,-0.007296269653684018,-0.00848715675675682,,,-0.007296269653684018,-0.00848715675675682,120,0,0,1,0,atr,1.249999999999999,1.75,1.0,8,3,1,2025-10-13T16:15:59Z,100.0,-0.848715675675682,-0.00848715675675682,2025-10
rank32b-fartcoinusdt-15be21ed987fa86b,FARTCOINUSDT,long,official_close,2025-10-13T15:00:00Z,2025-10-13T15:15:00Z,FARTCOINUSDT|2025-10-13T15:00:00Z,2025-10-13T15:15:00Z,0.4289,6.0,0,closed,realized,2025-10-13T17:15:59Z,0.4389,timeout_1m,,,0.023315458148752688,0.022087847992539045,,,0.023315458148752688,0.022087847992539045,120,0,0,1,0,atr,0.012507142857142868,1.75,1.0,8,3,1,2025-10-13T17:15:59Z,40.0,0.8835139197015618,0.022087847992539045,2025-10
rank32b-wldusdt-80902c5dce804dd3,WLDUSDT,long,official_close,2025-10-13T17:45:00Z,2025-10-13T18:00:00Z,WLDUSDT|2025-10-13T17:45:00Z,2025-10-13T18:00:00Z,1.0035,6.0,0,closed,realized,2025-10-13T20:00:59Z,0.998,timeout_1m,,,-0.00548081714001003,-0.00667388213253628,,,-0.00548081714001003,-0.00667388213253628,120,0,0,1,0,atr,0.015357142857142823,1.75,1.0,8,3,1,2025-10-13T20:00:59Z,100.0,-0.667388213253628,-0.00667388213253628,2025-10
rank32b-zecusdt-a42cc93c6ffe09df,ZECUSDT,short,official_close,2025-10-13T22:00:00Z,2025-10-13T22:15:00Z,ZECUSDT|2025-10-13T22:00:00Z,2025-10-13T22:15:00Z,255.99,6.0,0,closed,realized,2025-10-13T23:38:59Z,246.96125,target_1m,,,0.03526993241923515,0.03402798119750772,,,0.03526993241923515,0.03402798119750772,83,1,0,0,0,atr,5.159285714285714,1.75,1.0,8,3,1,2025-10-13T23:38:59Z,100.0,3.4027981197507717,0.03402798119750772,2025-10
rank32b-tradoorusdt-34b361acc436cce1,TRADOORUSDT,short,official_close,2025-10-14T05:30:00Z,2025-10-14T05:45:00Z,TRADOORUSDT|2025-10-14T05:30:00Z,2025-10-14T05:45:00Z,2.728,6.0,0,closed,realized,2025-10-14T06:01:59Z,2.7734285714285716,stop_1m,,,-0.016652702136572994,-0.01783236488898199,,,-0.016652702136572994,-0.01783236488898199,16,0,1,0,0,atr,0.0454285714285715,1.75,1.0,8,3,1,2025-10-14T06:01:59Z,40.0,-0.7132945955592795,-0.01783236488898199,2025-10
rank32b-tradoorusdt-7b4425b681636cd8,TRADOORUSDT,short,official_close,2025-10-14T06:15:00Z,2025-10-14T06:30:00Z,TRADOORUSDT|2025-10-14T06:15:00Z,2025-10-14T06:30:00Z,2.727,6.0,0,closed,realized,2025-10-14T06:34:59Z,2.6399999999999997,target_1m,,,0.03190319031903199,0.030665277975797434,,,0.03190319031903199,0.030665277975797434,4,1,0,0,0,atr,0.049714285714285725,1.75,1.0,8,3,1,2025-10-14T06:34:59Z,40.0,1.2266111190318973,0.030665277975797434,2025-10
rank32b-tradoorusdt-c53eb9c1b1181935,TRADOORUSDT,short,official_close,2025-10-14T12:30:00Z,2025-10-14T12:45:00Z,TRADOORUSDT|2025-10-14T12:30:00Z,2025-10-14T12:45:00Z,2.681,6.0,0,closed,realized,2025-10-14T13:22:59Z,2.579875,target_1m,,,0.03771913465124954,0.03647424526855625,,,0.03771913465124954,0.03647424526855625,37,1,0,0,0,atr,0.057785714285714294,1.75,1.0,8,3,1,2025-10-14T13:22:59Z,40.0,1.45896981074225,0.03647424526855625,2025-10
rank32b-bnbusdt-1bf43a8fe299e847,BNBUSDT,short,official_close,2025-10-14T16:45:00Z,2025-10-14T17:00:00Z,BNBUSDT|2025-10-14T16:45:00Z,2025-10-14T17:00:00Z,1213.99,6.0,0,closed,realized,2025-10-14T19:00:59Z,1214.01,timeout_1m,,,-1.647460028508796e-05,-0.0012160948366957136,,,-1.647460028508796e-05,-0.0012160948366957136,120,0,0,1,0,atr,18.85785714285716,1.75,1.0,8,3,1,2025-10-14T19:00:59Z,100.0,-0.12160948366957136,-0.0012160948366957136,2025-10
rank32b-bnbusdt-cd6f65fbdd4a89af,BNBUSDT,short,official_close,2025-10-14T19:30:00Z,2025-10-14T19:45:00Z,BNBUSDT|2025-10-14T19:30:00Z,2025-10-14T19:45:00Z,1194.09,6.0,0,closed,realized,2025-10-14T19:54:59Z,1209.5807142857143,stop_1m,,,-0.012972819708493066,-0.014156896995058066,,,-0.012972819708493066,-0.014156896995058066,9,0,1,0,0,atr,15.49071428571431,1.75,1.0,8,3,1,2025-10-14T19:54:59Z,100.0,-1.4156896995058066,-0.014156896995058066,2025-10
rank32b-zecusdt-2acceb52a9621375,ZECUSDT,short,official_close,2025-10-14T18:30:00Z,2025-10-14T18:45:00Z,ZECUSDT|2025-10-14T18:30:00Z,2025-10-14T18:45:00Z,235.67,6.0,0,closed,realized,2025-10-14T20:45:59Z,236.84,timeout_1m,,,-0.004964569100861516,-0.006158253405185499,,,-0.004964569100861516,-0.006158253405185499,120,0,0,1,0,atr,8.261428571428572,1.75,1.0,8,3,1,2025-10-14T20:45:59Z,100.0,-0.6158253405185499,-0.006158253405185499,2025-10
rank32b-wldusdt-acef2fc856069841,WLDUSDT,short,official_close,2025-10-14T21:00:00Z,2025-10-14T21:15:00Z,WLDUSDT|2025-10-14T21:00:00Z,2025-10-14T21:15:00Z,0.9498,6.0,0,closed,realized,2025-10-14T21:56:59Z,0.9595928571428571,stop_1m,,,-0.010310441295911854,-0.011497712478115707,,,-0.010310441295911854,-0.011497712478115707,41,0,1,0,0,atr,0.009792857142857134,1.75,1.0,8,3,1,2025-10-14T21:56:59Z,100.0,-1.1497712478115707,-0.011497712478115707,2025-10
rank32b-aaveusdt-0d1de69ed63e8393,AAVEUSDT,long,official_close,2025-10-14T19:45:00Z,2025-10-14T20:00:00Z,AAVEUSDT|2025-10-14T19:45:00Z,2025-10-14T20:00:00Z,251.5,6.0,0,closed,realized,2025-10-14T22:00:59Z,254.18,timeout_1m,,,0.01065606361829019,0.00944364017813104,,,0.01065606361829019,0.00944364017813104,120,0,0,1,0,atr,2.7914285714285745,1.75,1.0,8,3,1,2025-10-14T22:00:59Z,100.0,0.9443640178131041,0.00944364017813104,2025-10
rank32b-wldusdt-67b8e0928f315376,WLDUSDT,short,official_close,2025-10-15T00:00:00Z,2025-10-15T00:15:00Z,WLDUSDT|2025-10-15T00:00:00Z,2025-10-15T00:15:00Z,0.9511,6.0,0,closed,realized,2025-10-15T00:39:59Z,0.9571071428571428,stop_1m,,,-0.006315995013292941,-0.00750805809303523,,,-0.006315995013292941,-0.00750805809303523,24,0,1,0,0,atr,0.0060071428571428775,1.75,1.0,8,3,1,2025-10-15T00:39:59Z,100.0,-0.750805809303523,-0.00750805809303523,2025-10
rank32b-fartcoinusdt-36859fea0c353289,FARTCOINUSDT,short,official_close,2025-10-15T01:00:00Z,2025-10-15T01:15:00Z,FARTCOINUSDT|2025-10-15T01:00:00Z,2025-10-15T01:15:00Z,0.4189,6.0,0,closed,realized,2025-10-15T02:00:59Z,0.4239785714285714,stop_1m,,,-0.012123588991576506,-0.013308685049278735,,,-0.012123588991576506,-0.013308685049278735,45,0,1,0,0,atr,0.005078571428571432,1.75,1.0,8,3,1,2025-10-15T02:00:59Z,40.0,-0.5323474019711494,-0.013308685049278735,2025-10
rank32b-1000pepeusdt-dc3a3acab856f95d,1000PEPEUSDT,short,official_close,2025-10-15T03:30:00Z,2025-10-15T03:45:00Z,1000PEPEUSDT|2025-10-15T03:30:00Z,2025-10-15T03:45:00Z,0.0073977,6.0,0,closed,realized,2025-10-15T04:51:59Z,0.0074523857142857145,stop_1m,,,-0.0073922589839698905,-0.00858303093440238,,,-0.0073922589839698905,-0.00858303093440238,66,0,1,0,0,atr,5.4685714285714224e-05,1.75,1.0,8,3,1,2025-10-15T04:51:59Z,40.0,-0.3433212373760952,-0.00858303093440238,2025-10
rank32b-turbousdt-cdbd8d9e345db7ad,TURBOUSDT,long,official_close,2025-10-15T06:30:00Z,2025-10-15T06:45:00Z,TURBOUSDT|2025-10-15T06:30:00Z,2025-10-15T06:45:00Z,0.0028392,6.0,0,closed,realized,2025-10-15T08:30:59Z,0.00288155,target_1m,,,0.014916173570019842,0.013698639531558143,,,0.014916173570019842,0.013698639531558143,105,1,0,0,0,atr,2.4200000000000016e-05,1.75,1.0,8,3,1,2025-10-15T08:30:59Z,40.0,0.5479455812623257,0.013698639531558143,2025-10
rank32b-nearusdt-12de8ca0474f5c8e,NEARUSDT,short,official_close,2025-10-15T09:15:00Z,2025-10-15T09:30:00Z,NEARUSDT|2025-10-15T09:15:00Z,2025-10-15T09:30:00Z,2.45,6.0,0,closed,realized,2025-10-15T11:17:59Z,2.411875,target_1m,,,0.01556122448979591,0.014342916622448909,,,0.01556122448979591,0.014342916622448909,107,1,0,0,0,atr,0.02178571428571436,1.75,1.0,8,3,1,2025-10-15T11:17:59Z,100.0,1.434291662244891,0.014342916622448909,2025-10
rank32b-fartcoinusdt-bf770867dc013608,FARTCOINUSDT,short,official_close,2025-10-15T10:15:00Z,2025-10-15T10:30:00Z,FARTCOINUSDT|2025-10-15T10:15:00Z,2025-10-15T10:30:00Z,0.4216,6.0,0,closed,realized,2025-10-15T12:29:59Z,0.41033749999999997,target_1m,,,0.026713709677419373,0.025482022842741925,,,0.026713709677419373,0.025482022842741925,119,1,0,0,0,atr,0.006435714285714279,1.75,1.0,8,3,1,2025-10-15T12:29:59Z,40.0,1.019280913709677,0.025482022842741925,2025-10
rank32b-xrpusdt-0b4f40ad772edd33,XRPUSDT,short,official_close,2025-10-15T13:00:00Z,2025-10-15T13:15:00Z,XRPUSDT|2025-10-15T13:00:00Z,2025-10-15T13:15:00Z,2.4877,6.0,0,closed,realized,2025-10-15T13:47:59Z,2.466325,target_1m,,,0.008592273988020982,0.0073823263524537275,,,0.008592273988020982,0.0073823263524537275,32,1,0,0,0,atr,0.012214285714285638,1.75,1.0,8,3,1,2025-10-15T13:47:59Z,100.0,0.7382326352453727,0.0073823263524537275,2025-10
rank32b-solusdt-81a6dca006eeca75,SOLUSDT,long,official_close,2025-10-15T14:00:00Z,2025-10-15T14:15:00Z,SOLUSDT|2025-10-15T14:00:00Z,2025-10-15T14:15:00Z,203.94,6.0,0,closed,realized,2025-10-15T14:31:59Z,202.05642857142857,stop_1m,,,-0.00923590972134658,-0.01042446995460855,,,-0.00923590972134658,-0.01042446995460855,16,0,1,0,0,atr,1.883571428571425,1.75,1.0,8,3,1,2025-10-15T14:31:59Z,100.0,-1.042446995460855,-0.01042446995460855,2025-10
rank32b-zecusdt-680da3df969f737e,ZECUSDT,long,official_close,2025-10-15T13:15:00Z,2025-10-15T13:30:00Z,ZECUSDT|2025-10-15T13:15:00Z,2025-10-15T13:30:00Z,256.33,6.0,0,closed,realized,2025-10-15T14:34:59Z,250.13142857142856,stop_1m,,,-0.024181997536657507,-0.025352627845132703,,,-0.024181997536657507,-0.025352627845132703,64,0,1,0,0,atr,6.198571428571431,1.75,1.0,8,3,1,2025-10-15T14:34:59Z,100.0,-2.5352627845132703,-0.025352627845132703,2025-10
rank32b-wldusdt-aa9e6be1f45f4dde,WLDUSDT,short,official_close,2025-10-15T14:30:00Z,2025-10-15T14:45:00Z,WLDUSDT|2025-10-15T14:30:00Z,2025-10-15T14:45:00Z,0.9501,6.0,0,closed,realized,2025-10-15T16:45:59Z,0.9446,timeout_1m,,,0.00578886433007042,0.004582279776865539,,,0.00578886433007042,0.004582279776865539,120,0,0,1,0,atr,0.011714285714285708,1.75,1.0,8,3,1,2025-10-15T16:45:59Z,100.0,0.4582279776865539,0.004582279776865539,2025-10
rank32b-pippinusdt-91f5a294519d7234,PIPPINUSDT,long,official_close,2025-10-15T17:45:00Z,2025-10-15T18:00:00Z,PIPPINUSDT|2025-10-15T17:45:00Z,2025-10-15T18:00:00Z,0.01431,6.0,0,closed,realized,2025-10-15T18:18:59Z,0.014083571428571428,stop_1m,,,-0.01582310072876114,-0.01700375870420301,,,-0.01582310072876114,-0.01700375870420301,18,0,1,0,0,atr,0.0002264285714285715,1.75,1.0,8,3,1,2025-10-15T18:18:59Z,40.0,-0.6801503481681204,-0.01700375870420301,2025-10
rank32b-tradoorusdt-ee6442c0c6b786df,TRADOORUSDT,short,official_close,2025-10-16T02:00:00Z,2025-10-16T02:15:00Z,TRADOORUSDT|2025-10-16T02:00:00Z,2025-10-16T02:15:00Z,2.44,6.0,0,closed,realized,2025-10-16T02:22:59Z,2.4777142857142858,stop_1m,,,-0.015456674473067977,-0.016637772028103126,,,-0.015456674473067977,-0.016637772028103126,7,0,1,0,0,atr,0.03771428571428575,1.75,1.0,8,3,1,2025-10-16T02:22:59Z,40.0,-0.665510881124125,-0.016637772028103126,2025-10
rank32b-uniusdt-0a7aed8c76feede8,UNIUSDT,short,official_close,2025-10-16T02:30:00Z,2025-10-16T02:45:00Z,UNIUSDT|2025-10-16T02:30:00Z,2025-10-16T02:45:00Z,6.579,6.0,0,closed,realized,2025-10-16T02:56:59Z,6.618714285714286,stop_1m,,,-0.0060365231363863625,-0.007228921481771122,,,-0.0060365231363863625,-0.007228921481771122,11,0,1,0,0,atr,0.03971428571428585,1.75,1.0,8,3,1,2025-10-16T02:56:59Z,100.0,-0.7228921481771122,-0.007228921481771122,2025-10
rank32b-wldusdt-063dd51e52932b16,WLDUSDT,short,official_close,2025-10-16T03:30:00Z,2025-10-16T03:45:00Z,WLDUSDT|2025-10-16T03:30:00Z,2025-10-16T03:45:00Z,0.9372,6.0,0,closed,realized,2025-10-16T04:46:59Z,0.9247750000000001,target_1m,,,0.01325757575757569,0.012042031439393863,,,0.01325757575757569,0.012042031439393863,61,1,0,0,0,atr,0.007099999999999963,1.75,1.0,8,3,1,2025-10-16T04:46:59Z,100.0,1.2042031439393863,0.012042031439393863,2025-10
rank32b-ltcusdt-53c223bccc436a39,LTCUSDT,short,official_close,2025-10-16T03:00:00Z,2025-10-16T03:15:00Z,LTCUSDT|2025-10-16T03:00:00Z,2025-10-16T03:15:00Z,95.16,6.0,0,closed,realized,2025-10-16T05:07:59Z,94.1125,target_1m,,,0.011007776376628864,0.009794931007776508,,,0.011007776376628864,0.009794931007776508,112,1,0,0,0,atr,0.5985714285714272,1.75,1.0,8,3,1,2025-10-16T05:07:59Z,100.0,0.9794931007776508,0.009794931007776508,2025-10
rank32b-brettusdt-291098375e4d9d3a,BRETTUSDT,short,official_close,2025-10-16T07:15:00Z,2025-10-16T07:30:00Z,BRETTUSDT|2025-10-16T07:15:00Z,2025-10-16T07:30:00Z,0.03044,6.0,0,closed,realized,2025-10-16T07:48:59Z,0.030735714285714283,stop_1m,,,-0.009714661160127536,-0.010902647064013449,,,-0.009714661160127536,-0.010902647064013449,18,0,1,0,0,atr,0.0002957142857142863,1.75,1.0,8,3,1,2025-10-16T07:48:59Z,40.0,-0.43610588256053795,-0.010902647064013449,2025-10
rank32b-zecusdt-d70267bce63fde17,ZECUSDT,short,official_close,2025-10-16T08:15:00Z,2025-10-16T08:30:00Z,ZECUSDT|2025-10-16T08:15:00Z,2025-10-16T08:30:00Z,237.32,6.0,0,closed,realized,2025-10-16T08:48:59Z,241.66,stop_1m,,,-0.01828754424405865,-0.01946524577448172,,,-0.01828754424405865,-0.01946524577448172,18,0,1,0,0,atr,4.339999999999997,1.75,1.0,8,3,1,2025-10-16T08:48:59Z,100.0,-1.946524577448172,-0.01946524577448172,2025-10
rank32b-fartcoinusdt-e551811cf3ef6699,FARTCOINUSDT,short,official_close,2025-10-16T07:00:00Z,2025-10-16T07:15:00Z,FARTCOINUSDT|2025-10-16T07:00:00Z,2025-10-16T07:15:00Z,0.4013,6.0,0,closed,realized,2025-10-16T09:15:59Z,0.4008,timeout_1m,,,0.0012459506603538228,4.4815968103684156e-05,,,0.0012459506603538228,4.4815968103684156e-05,120,0,0,1,0,atr,0.004771428571428573,1.75,1.0,8,3,1,2025-10-16T09:15:59Z,40.0,0.0017926387241473662,4.4815968103684156e-05,2025-10
rank32b-fartcoinusdt-c2df764039f7cf71,FARTCOINUSDT,short,official_close,2025-10-16T13:45:00Z,2025-10-16T14:00:00Z,FARTCOINUSDT|2025-10-16T13:45:00Z,2025-10-16T14:00:00Z,0.4003,6.0,0,closed,realized,2025-10-16T14:17:59Z,0.391225,target_1m,,,0.022670497127154632,0.021443660691981004,,,0.022670497127154632,0.021443660691981004,17,1,0,0,0,atr,0.005185714285714278,1.75,1.0,8,3,1,2025-10-16T14:17:59Z,40.0,0.8577464276792401,0.021443660691981004,2025-10
rank32b-pippinusdt-f77964a1f38e7324,PIPPINUSDT,short,official_close,2025-10-16T14:15:00Z,2025-10-16T14:30:00Z,PIPPINUSDT|2025-10-16T14:15:00Z,2025-10-16T14:30:00Z,0.01364,6.0,0,closed,realized,2025-10-16T14:40:59Z,0.01384142857142857,stop_1m,,,-0.01476749057394211,-0.015949414901550107,,,-0.01476749057394211,-0.015949414901550107,10,0,1,0,0,atr,0.00020142857142857115,1.75,1.0,8,3,1,2025-10-16T14:40:59Z,40.0,-0.6379765960620043,-0.015949414901550107,2025-10
rank32b-solusdt-d025b4ed294c7218,SOLUSDT,short,official_close,2025-10-16T14:00:00Z,2025-10-16T14:15:00Z,SOLUSDT|2025-10-16T14:00:00Z,2025-10-16T14:15:00Z,193.81,6.0,0,closed,realized,2025-10-16T14:41:59Z,195.35285714285715,stop_1m,,,-0.007960668401306048,-0.00915075846506519,,,-0.007960668401306048,-0.00915075846506519,26,0,1,0,0,atr,1.5428571428571425,1.75,1.0,8,3,1,2025-10-16T14:41:59Z,100.0,-0.915075846506519,-0.00915075846506519,2025-10
rank32b-brettusdt-9a510e927315fafb,BRETTUSDT,short,official_close,2025-10-16T14:45:00Z,2025-10-16T15:00:00Z,BRETTUSDT|2025-10-16T14:45:00Z,2025-10-16T15:00:00Z,0.03023,6.0,0,closed,realized,2025-10-16T15:41:59Z,0.02945,target_1m,,,0.025802183261660616,0.024571589930532545,,,0.025802183261660616,0.024571589930532545,41,1,0,0,0,atr,0.0004457142857142854,1.75,1.0,8,3,1,2025-10-16T15:41:59Z,40.0,0.9828635972213018,0.024571589930532545,2025-10
rank32b-tradoorusdt-2f326322fc4e2b8e,TRADOORUSDT,long,official_close,2025-10-16T16:45:00Z,2025-10-16T17:00:00Z,TRADOORUSDT|2025-10-16T16:45:00Z,2025-10-16T17:00:00Z,2.703,6.0,0,closed,realized,2025-10-16T17:15:59Z,2.5644285714285715,stop_1m,,,-0.051265789334601686,-0.052403928843084424,,,-0.051265789334601686,-0.052403928843084424,15,0,1,0,0,atr,0.1385714285714285,1.75,1.0,8,3,1,2025-10-16T17:15:59Z,40.0,-2.096157153723377,-0.052403928843084424,2025-10
rank32b-pippinusdt-700127bdfdeaca97,PIPPINUSDT,short,official_close,2025-10-16T17:00:00Z,2025-10-16T17:15:00Z,PIPPINUSDT|2025-10-16T17:00:00Z,2025-10-16T17:15:00Z,0.01374,6.0,0,closed,realized,2025-10-16T19:15:59Z,0.01362,timeout_1m,,,0.008733624454148492,0.007523507248908157,,,0.008733624454148492,0.007523507248908157,120,0,0,1,0,atr,0.00032714285714285717,1.75,1.0,8,3,1,2025-10-16T19:15:59Z,40.0,0.30094028995632627,0.007523507248908157,2025-10
rank32b-pippinusdt-52cb37e7f2f6ac09,PIPPINUSDT,short,official_close,2025-10-17T10:00:00Z,2025-10-17T10:15:00Z,PIPPINUSDT|2025-10-17T10:00:00Z,2025-10-17T10:15:00Z,0.01363,6.0,0,closed,realized,2025-10-17T10:54:59Z,0.013925714285714286,stop_1m,,,-0.021695839010585916,-0.022869451814275354,,,-0.021695839010585916,-0.022869451814275354,39,0,1,0,0,atr,0.0002957142857142857,1.75,1.0,8,3,1,2025-10-17T10:54:59Z,40.0,-0.9147780725710142,-0.022869451814275354,2025-10
rank32b-solusdt-21d9c8a5b928d3d9,SOLUSDT,short,official_close,2025-10-17T19:30:00Z,2025-10-17T19:45:00Z,SOLUSDT|2025-10-17T19:30:00Z,2025-10-17T19:45:00Z,181.8,6.0,0,closed,realized,2025-10-17T20:26:59Z,183.27428571428572,stop_1m,,,-0.008109382366808138,-0.00929929402734575,,,-0.008109382366808138,-0.00929929402734575,41,0,1,0,0,atr,1.4742857142857073,1.75,1.0,8,3,1,2025-10-17T20:26:59Z,100.0,-0.929929402734575,-0.00929929402734575,2025-10
rank32b-bnbusdt-5ba4aeab76b5e3cb,BNBUSDT,short,official_close,2025-10-17T22:00:00Z,2025-10-17T22:15:00Z,BNBUSDT|2025-10-17T22:00:00Z,2025-10-17T22:15:00Z,1081.2,6.0,0,closed,realized,2025-10-17T23:32:59Z,1071.1325000000002,target_1m,,,0.009311413244542988,0.00810060290075798,,,0.009311413244542988,0.00810060290075798,77,1,0,0,0,atr,5.752857142857091,1.75,1.0,8,3,1,2025-10-17T23:32:59Z,100.0,0.810060290075798,0.00810060290075798,2025-10
rank32b-turbousdt-9c02da462f43cc8e,TURBOUSDT,short,official_close,2025-10-17T22:15:00Z,2025-10-17T22:30:00Z,TURBOUSDT|2025-10-17T22:15:00Z,2025-10-17T22:30:00Z,0.0024678,6.0,0,closed,realized,2025-10-18T00:30:59Z,0.0024682,timeout_1m,,,-0.00016208768943992702,-0.0013615332425642723,,,-0.00016208768943992702,-0.0013615332425642723,120,0,0,1,0,atr,1.6721428571428547e-05,1.75,1.0,8,3,1,2025-10-18T00:30:59Z,40.0,-0.05446132970257089,-0.0013615332425642723,2025-10
rank32b-linkusdt-6e4ac8564f79c009,LINKUSDT,short,official_close,2025-10-18T04:30:00Z,2025-10-18T04:45:00Z,LINKUSDT|2025-10-18T04:30:00Z,2025-10-18T04:45:00Z,16.606,6.0,0,closed,realized,2025-10-18T05:47:59Z,16.6875,stop_1m,,,-0.00490786462724313,-0.006101616956521783,,,-0.00490786462724313,-0.006101616956521783,62,0,1,0,0,atr,0.08149999999999961,1.75,1.0,8,3,1,2025-10-18T05:47:59Z,100.0,-0.6101616956521783,-0.006101616956521783,2025-10
rank32b-fartcoinusdt-8c77fadb4a0eedb0,FARTCOINUSDT,short,official_close,2025-10-18T05:15:00Z,2025-10-18T05:30:00Z,FARTCOINUSDT|2025-10-18T05:15:00Z,2025-10-18T05:30:00Z,0.3622,6.0,0,closed,realized,2025-10-18T06:03:59Z,0.3649714285714286,stop_1m,,,-0.007651652599195424,-0.008842113370671423,,,-0.007651652599195424,-0.008842113370671423,33,0,1,0,0,atr,0.0027714285714285796,1.75,1.0,8,3,1,2025-10-18T06:03:59Z,40.0,-0.3536845348268569,-0.008842113370671423,2025-10
rank32b-nearusdt-06655bbe3f97c83e,NEARUSDT,short,official_close,2025-10-18T04:00:00Z,2025-10-18T04:15:00Z,NEARUSDT|2025-10-18T04:00:00Z,2025-10-18T04:15:00Z,2.155,6.0,0,closed,realized,2025-10-18T06:15:59Z,2.153,timeout_1m,,,0.0009280742459395475,-0.0002726791090487124,,,0.0009280742459395475,-0.0002726791090487124,120,0,0,1,0,atr,0.010928571428571494,1.75,1.0,8,3,1,2025-10-18T06:15:59Z,100.0,-0.02726791090487124,-0.0002726791090487124,2025-10
rank32b-uniusdt-2f8d62c1f3ba5fb6,UNIUSDT,short,official_close,2025-10-18T07:15:00Z,2025-10-18T07:30:00Z,UNIUSDT|2025-10-18T07:15:00Z,2025-10-18T07:30:00Z,6.113,6.0,0,closed,realized,2025-10-18T07:58:59Z,6.05775,target_1m,,,0.009038115491575294,0.00782763300670708,,,0.009038115491575294,0.00782763300670708,28,1,0,0,0,atr,0.03157142857142846,1.75,1.0,8,3,1,2025-10-18T07:58:59Z,100.0,0.782763300670708,0.00782763300670708,2025-10
rank32b-fartcoinusdt-7b4a80d74022e89e,FARTCOINUSDT,short,official_close,2025-10-18T07:45:00Z,2025-10-18T08:00:00Z,FARTCOINUSDT|2025-10-18T07:45:00Z,2025-10-18T08:00:00Z,0.3615,6.0,0,closed,realized,2025-10-18T08:19:59Z,0.36495,stop_1m,,,-0.009543568464730257,-0.010731759618257342,,,-0.009543568464730257,-0.010731759618257342,19,0,1,0,0,atr,0.003450000000000001,1.75,1.0,8,3,1,2025-10-18T08:19:59Z,40.0,-0.42927038473029366,-0.010731759618257342,2025-10
rank32b-zecusdt-788ba7847e0e7e91,ZECUSDT,short,official_close,2025-10-18T08:15:00Z,2025-10-18T08:30:00Z,ZECUSDT|2025-10-18T08:15:00Z,2025-10-18T08:30:00Z,214.38,6.0,0,closed,realized,2025-10-18T09:25:59Z,217.35,stop_1m,,,-0.01385390428211597,-0.015036924584383105,,,-0.01385390428211597,-0.015036924584383105,55,0,1,0,0,atr,2.9699999999999966,1.75,1.0,8,3,1,2025-10-18T09:25:59Z,100.0,-1.5036924584383105,-0.015036924584383105,2025-10
rank32b-tradoorusdt-c4de4a7636cc4b71,TRADOORUSDT,short,official_close,2025-10-18T09:30:00Z,2025-10-18T09:45:00Z,TRADOORUSDT|2025-10-18T09:30:00Z,2025-10-18T09:45:00Z,2.383,6.0,0,closed,realized,2025-10-18T10:13:59Z,2.4292857142857143,stop_1m,,,-0.019423295965469656,-0.02059963500269768,,,-0.019423295965469656,-0.02059963500269768,28,0,1,0,0,atr,0.046285714285714326,1.75,1.0,8,3,1,2025-10-18T10:13:59Z,40.0,-0.8239854001079072,-0.02059963500269768,2025-10
rank32b-solusdt-0eaf4f5131ca7fae,SOLUSDT,short,official_close,2025-10-18T14:00:00Z,2025-10-18T14:15:00Z,SOLUSDT|2025-10-18T14:00:00Z,2025-10-18T14:15:00Z,183.89,6.0,0,closed,realized,2025-10-18T14:30:59Z,184.8592857142857,stop_1m,,,-0.005271008289116974,-0.006464324976733105,,,-0.005271008289116974,-0.006464324976733105,15,0,1,0,0,atr,0.9692857142857179,1.75,1.0,8,3,1,2025-10-18T14:30:59Z,100.0,-0.6464324976733105,-0.006464324976733105,2025-10
rank32b-zecusdt-6d2a9640b07071a1,ZECUSDT,short,official_close,2025-10-18T17:30:00Z,2025-10-18T17:45:00Z,ZECUSDT|2025-10-18T17:30:00Z,2025-10-18T17:45:00Z,215.11,6.0,0,closed,realized,2025-10-18T18:00:59Z,217.79500000000002,stop_1m,,,-0.012481985960671294,-0.013666652071033458,,,-0.012481985960671294,-0.013666652071033458,15,0,1,0,0,atr,2.6849999999999983,1.75,1.0,8,3,1,2025-10-18T18:00:59Z,100.0,-1.3666652071033458,-0.013666652071033458,2025-10
rank32b-zecusdt-82abd658427257aa,ZECUSDT,short,official_close,2025-10-18T22:30:00Z,2025-10-18T22:45:00Z,ZECUSDT|2025-10-18T22:30:00Z,2025-10-18T22:45:00Z,216.69,6.0,0,closed,realized,2025-10-18T23:12:59Z,219.22357142857143,stop_1m,,,-0.011692147439066991,-0.01287776107131322,,,-0.011692147439066991,-0.01287776107131322,27,0,1,0,0,atr,2.5335714285714324,1.75,1.0,8,3,1,2025-10-18T23:12:59Z,100.0,-1.287776107131322,-0.01287776107131322,2025-10
rank32b-actusdt-bef440df20a3f0fe,ACTUSDT,short,official_close,2025-10-19T00:30:00Z,2025-10-19T00:45:00Z,ACTUSDT|2025-10-19T00:30:00Z,2025-10-19T00:45:00Z,0.02203,6.0,0,closed,realized,2025-10-19T01:20:59Z,0.02212,stop_1m,,,-0.004085338175215503,-0.0052800772401271345,,,-0.004085338175215503,-0.0052800772401271345,35,0,1,0,0,atr,8.999999999999956e-05,1.75,1.0,8,3,1,2025-10-19T01:20:59Z,40.0,-0.21120308960508538,-0.0052800772401271345,2025-10
rank32b-xrpusdt-5d2470822341b1ee,XRPUSDT,long,official_close,2025-10-19T03:30:00Z,2025-10-19T03:45:00Z,XRPUSDT|2025-10-19T03:30:00Z,2025-10-19T03:45:00Z,2.3602,6.0,0,closed,realized,2025-10-19T05:42:59Z,2.3519785714285715,stop_1m,,,-0.0034833609742515037,-0.004678822195092414,,,-0.0034833609742515037,-0.004678822195092414,117,0,1,0,0,atr,0.008221428571428538,1.75,1.0,8,3,1,2025-10-19T05:42:59Z,100.0,-0.46788221950924136,-0.004678822195092414,2025-10
rank32b-linkusdt-b2455a1d7925015d,LINKUSDT,short,official_close,2025-10-19T08:30:00Z,2025-10-19T08:45:00Z,LINKUSDT|2025-10-19T08:30:00Z,2025-10-19T08:45:00Z,16.642,6.0,0,closed,realized,2025-10-19T09:41:59Z,16.750857142857143,stop_1m,,,-0.00654110941336028,-0.007732902436863753,,,-0.00654110941336028,-0.007732902436863753,56,0,1,0,0,atr,0.10885714285714267,1.75,1.0,8,3,1,2025-10-19T09:41:59Z,100.0,-0.7732902436863753,-0.007732902436863753,2025-10
rank32b-xrpusdt-df11c7d8079ce3a5,XRPUSDT,long,official_close,2025-10-19T09:45:00Z,2025-10-19T10:00:00Z,XRPUSDT|2025-10-19T09:45:00Z,2025-10-19T10:00:00Z,2.3618,6.0,0,closed,realized,2025-10-19T10:27:59Z,2.3881125,target_1m,,,0.011140867135235766,0.009927862105385543,,,0.011140867135235766,0.009927862105385543,27,1,0,0,0,atr,0.015035714285714359,1.75,1.0,8,3,1,2025-10-19T10:27:59Z,100.0,0.9927862105385543,0.009927862105385543,2025-10
rank32b-zecusdt-996b27e718639cdf,ZECUSDT,long,official_close,2025-10-19T10:15:00Z,2025-10-19T10:30:00Z,ZECUSDT|2025-10-19T10:15:00Z,2025-10-19T10:30:00Z,222.49,6.0,0,closed,realized,2025-10-19T10:55:59Z,219.1907142857143,stop_1m,,,-0.014828916869457975,-0.016010767507624757,,,-0.014828916869457975,-0.016010767507624757,25,0,1,0,0,atr,3.299285714285712,1.75,1.0,8,3,1,2025-10-19T10:55:59Z,100.0,-1.6010767507624757,-0.016010767507624757,2025-10
rank32b-pippinusdt-85a1178ad015c683,PIPPINUSDT,long,official_close,2025-10-19T17:00:00Z,2025-10-19T17:15:00Z,PIPPINUSDT|2025-10-19T17:00:00Z,2025-10-19T17:15:00Z,0.01567,6.0,0,closed,realized,2025-10-19T18:38:59Z,0.01596125,target_1m,,,0.018586470963624757,0.0173645338895978,,,0.018586470963624757,0.0173645338895978,83,1,0,0,0,atr,0.00016642857142857147,1.75,1.0,8,3,1,2025-10-19T18:38:59Z,40.0,0.694581355583912,0.0173645338895978,2025-10
rank32b-tradoorusdt-92cefd35f598ff28,TRADOORUSDT,short,official_close,2025-10-19T23:00:00Z,2025-10-19T23:15:00Z,TRADOORUSDT|2025-10-19T23:00:00Z,2025-10-19T23:15:00Z,2.293,6.0,0,closed,realized,2025-10-19T23:59:59Z,2.269375,target_1m,,,0.010303096380287813,0.009091096373746055,,,0.010303096380287813,0.009091096373746055,44,1,0,0,0,atr,0.013499999999999972,1.75,1.0,8,3,1,2025-10-19T23:59:59Z,40.0,0.3636438549498422,0.009091096373746055,2025-10
rank32b-suiusdt-f631196524da6bb1,SUIUSDT,long,official_close,2025-10-20T03:30:00Z,2025-10-20T03:45:00Z,SUIUSDT|2025-10-20T03:30:00Z,2025-10-20T03:45:00Z,2.5854,6.0,0,closed,realized,2025-10-20T03:51:59Z,2.6174,target_1m,,,0.012377195018179021,0.011162706839947134,,,0.012377195018179021,0.011162706839947134,6,1,0,0,0,atr,0.018285714285714332,1.75,1.0,8,3,1,2025-10-20T03:51:59Z,100.0,1.1162706839947134,0.011162706839947134,2025-10
rank32b-actusdt-999ea59008767e90,ACTUSDT,long,official_close,2025-10-20T03:45:00Z,2025-10-20T04:00:00Z,ACTUSDT|2025-10-20T03:45:00Z,2025-10-20T04:00:00Z,0.02289,6.0,0,closed,realized,2025-10-20T06:00:59Z,0.0231,timeout_1m,,,0.00917431192660545,0.007963666055045726,,,0.00917431192660545,0.007963666055045726,120,0,0,1,0,atr,0.00019357142857142885,1.75,1.0,8,3,1,2025-10-20T06:00:59Z,40.0,0.31854664220182904,0.007963666055045726,2025-10
rank32b-pippinusdt-184cb43617aa2199,PIPPINUSDT,long,official_close,2025-10-20T06:45:00Z,2025-10-20T07:00:00Z,PIPPINUSDT|2025-10-20T06:45:00Z,2025-10-20T07:00:00Z,0.01674,6.0,0,closed,realized,2025-10-20T09:00:59Z,0.01674,timeout_1m,,,0.0,-0.0011996400000000573,,,0.0,-0.0011996400000000573,120,0,0,1,0,atr,0.0006542857142857141,1.75,1.0,8,3,1,2025-10-20T09:00:59Z,40.0,-0.04798560000000229,-0.0011996400000000573,2025-10
rank32b-tradoorusdt-0ab8e7110f3162e8,TRADOORUSDT,short,official_close,2025-10-20T14:00:00Z,2025-10-20T14:15:00Z,TRADOORUSDT|2025-10-20T14:00:00Z,2025-10-20T14:15:00Z,2.288,6.0,0,closed,realized,2025-10-20T15:04:59Z,2.3065714285714285,stop_1m,,,-0.008116883116883189,-0.00930678577922095,,,-0.008116883116883189,-0.00930678577922095,49,0,1,0,0,atr,0.01857142857142859,1.75,1.0,8,3,1,2025-10-20T15:04:59Z,40.0,-0.372271431168838,-0.00930678577922095,2025-10
rank32b-xrpusdt-adb564066218e8a1,XRPUSDT,long,official_close,2025-10-20T17:45:00Z,2025-10-20T18:00:00Z,XRPUSDT|2025-10-20T17:45:00Z,2025-10-20T18:00:00Z,2.4586,6.0,0,closed,realized,2025-10-20T19:14:59Z,2.4840875000000002,target_1m,,,0.010366672089807238,0.009154595815301425,,,0.010366672089807238,0.009154595815301425,74,1,0,0,0,atr,0.014564285714285743,1.75,1.0,8,3,1,2025-10-20T19:14:59Z,100.0,0.9154595815301425,0.009154595815301425,2025-10
rank32b-turbousdt-6b11f3a34e8dbfcd,TURBOUSDT,long,official_close,2025-10-20T23:15:00Z,2025-10-20T23:30:00Z,TURBOUSDT|2025-10-20T23:15:00Z,2025-10-20T23:30:00Z,0.0026209,6.0,0,closed,realized,2025-10-20T23:39:59Z,0.0026054,stop_1m,,,-0.005913999007974291,-0.007106544338204457,,,-0.005913999007974291,-0.007106544338204457,9,0,1,0,0,atr,1.5500000000000014e-05,1.75,1.0,8,3,1,2025-10-20T23:39:59Z,40.0,-0.2842617735281783,-0.007106544338204457,2025-10
rank32b-dogeusdt-d929506535600d29,DOGEUSDT,long,official_close,2025-10-20T22:00:00Z,2025-10-20T22:15:00Z,DOGEUSDT|2025-10-20T22:00:00Z,2025-10-20T22:15:00Z,0.19979,6.0,0,closed,realized,2025-10-21T00:15:59Z,0.1996,timeout_1m,,,-0.000950998548475912,-0.002149497692577329,,,-0.000950998548475912,-0.002149497692577329,120,0,0,1,0,atr,0.0009271428571428585,1.75,1.0,8,3,1,2025-10-21T00:15:59Z,100.0,-0.2149497692577329,-0.002149497692577329,2025-10
rank32b-fartcoinusdt-d5d71c947856467a,FARTCOINUSDT,short,official_close,2025-10-21T08:00:00Z,2025-10-21T08:15:00Z,FARTCOINUSDT|2025-10-21T08:00:00Z,2025-10-21T08:15:00Z,0.3647,6.0,0,closed,realized,2025-10-21T08:17:59Z,0.3686571428571429,stop_1m,,,-0.01085040542128568,-0.012037028840926167,,,-0.01085040542128568,-0.012037028840926167,2,0,1,0,0,atr,0.003957142857142858,1.75,1.0,8,3,1,2025-10-21T08:17:59Z,40.0,-0.4814811536370467,-0.012037028840926167,2025-10
rank32b-zecusdt-75e773f5db6249f6,ZECUSDT,long,official_close,2025-10-21T11:00:00Z,2025-10-21T11:15:00Z,ZECUSDT|2025-10-21T11:00:00Z,2025-10-21T11:15:00Z,263.39,6.0,0,closed,realized,2025-10-21T11:46:59Z,271.13,target_1m,,,0.029386081476138193,0.028151188757356005,,,0.029386081476138193,0.028151188757356005,31,1,0,0,0,atr,4.422857142857138,1.75,1.0,8,3,1,2025-10-21T11:46:59Z,100.0,2.8151188757356005,0.028151188757356005,2025-10
rank32b-linkusdt-50faad82b88985f4,LINKUSDT,long,official_close,2025-10-21T12:30:00Z,2025-10-21T12:45:00Z,LINKUSDT|2025-10-21T12:30:00Z,2025-10-21T12:45:00Z,18.279,6.0,0,closed,realized,2025-10-21T13:07:59Z,18.145785714285715,stop_1m,,,-0.007287832250904569,-0.008478729475823177,,,-0.007287832250904569,-0.008478729475823177,22,0,1,0,0,atr,0.13321428571428534,1.75,1.0,8,3,1,2025-10-21T13:07:59Z,100.0,-0.8478729475823177,-0.008478729475823177,2025-10
rank32b-brettusdt-4201a0167fa34f30,BRETTUSDT,short,official_close,2025-10-21T12:45:00Z,2025-10-21T13:00:00Z,BRETTUSDT|2025-10-21T12:45:00Z,2025-10-21T13:00:00Z,0.02641,6.0,0,closed,realized,2025-10-21T13:41:59Z,0.026610714285714286,stop_1m,,,-0.007599935089522392,-0.008790457903391613,,,-0.007599935089522392,-0.008790457903391613,41,0,1,0,0,atr,0.0002007142857142857,1.75,1.0,8,3,1,2025-10-21T13:41:59Z,40.0,-0.3516183161356645,-0.008790457903391613,2025-10
rank32b-pippinusdt-8fba712e5882a497,PIPPINUSDT,short,official_close,2025-10-21T13:45:00Z,2025-10-21T14:00:00Z,PIPPINUSDT|2025-10-21T13:45:00Z,2025-10-21T14:00:00Z,0.0153,6.0,0,closed,realized,2025-10-21T14:10:59Z,0.015434999999999999,stop_1m,,,-0.008823529411764675,-0.010012584352941278,,,-0.008823529411764675,-0.010012584352941278,10,0,1,0,0,atr,0.00013499999999999995,1.75,1.0,8,3,1,2025-10-21T14:10:59Z,40.0,-0.40050337411765113,-0.010012584352941278,2025-10
rank32b-dogeusdt-72ca7ff31cd0d750,DOGEUSDT,long,official_close,2025-10-21T14:00:00Z,2025-10-21T14:15:00Z,DOGEUSDT|2025-10-21T14:00:00Z,2025-10-21T14:15:00Z,0.19801,6.0,0,closed,realized,2025-10-21T14:51:59Z,0.2004825,target_1m,,,0.01248674309378317,0.011272123497298114,,,0.01248674309378317,0.011272123497298114,36,1,0,0,0,atr,0.0014128571428571443,1.75,1.0,8,3,1,2025-10-21T14:51:59Z,100.0,1.1272123497298114,0.011272123497298114,2025-10
rank32b-tradoorusdt-9c3aaab8bade7ace,TRADOORUSDT,long,official_close,2025-10-21T18:45:00Z,2025-10-21T19:00:00Z,TRADOORUSDT|2025-10-21T18:45:00Z,2025-10-21T19:00:00Z,2.355,6.0,0,closed,realized,2025-10-21T21:00:59Z,2.343,timeout_1m,,,-0.005095541401273884,-0.006289068585987323,,,-0.005095541401273884,-0.006289068585987323,120,0,0,1,0,atr,0.03521428571428568,1.75,1.0,8,3,1,2025-10-21T21:00:59Z,40.0,-0.2515627434394929,-0.006289068585987323,2025-10
rank32b-turbousdt-27de2264f7c58fa8,TURBOUSDT,short,official_close,2025-10-21T20:15:00Z,2025-10-21T20:30:00Z,TURBOUSDT|2025-10-21T20:15:00Z,2025-10-21T20:30:00Z,0.0025213,6.0,0,closed,realized,2025-10-21T21:21:59Z,0.0024791625,target_1m,,,0.0167126085749415,0.01549291946119058,,,0.0167126085749415,0.01549291946119058,51,1,0,0,0,atr,2.407857142857139e-05,1.75,1.0,8,3,1,2025-10-21T21:21:59Z,40.0,0.6197167784476232,0.01549291946119058,2025-10
rank32b-xrpusdt-204868c109b8b251,XRPUSDT,long,official_close,2025-10-21T21:30:00Z,2025-10-21T21:45:00Z,XRPUSDT|2025-10-21T21:30:00Z,2025-10-21T21:45:00Z,2.4781,6.0,0,closed,realized,2025-10-21T22:09:59Z,2.462392857142857,stop_1m,,,-0.006338381363602319,-0.007530417587783389,,,-0.006338381363602319,-0.007530417587783389,24,0,1,0,0,atr,0.01570714285714292,1.75,1.0,8,3,1,2025-10-21T22:09:59Z,100.0,-0.7530417587783389,-0.007530417587783389,2025-10
rank32b-zecusdt-73afacaec7db3f79,ZECUSDT,long,official_close,2025-10-22T05:45:00Z,2025-10-22T06:00:00Z,ZECUSDT|2025-10-22T05:45:00Z,2025-10-22T06:00:00Z,272.12,6.0,0,closed,realized,2025-10-22T07:08:59Z,266.98857142857145,stop_1m,,,-0.01885722685369895,-0.02003424497007622,,,-0.01885722685369895,-0.02003424497007622,68,0,1,0,0,atr,5.1314285714285734,1.75,1.0,8,3,1,2025-10-22T07:08:59Z,100.0,-2.003424497007622,-0.02003424497007622,2025-10
rank32b-pippinusdt-1c49258e402b6565,PIPPINUSDT,short,official_close,2025-10-22T07:15:00Z,2025-10-22T07:30:00Z,PIPPINUSDT|2025-10-22T07:15:00Z,2025-10-22T07:30:00Z,0.01494,6.0,0,closed,realized,2025-10-22T07:42:59Z,0.015078571428571429,stop_1m,,,-0.009275196022183962,-0.010463709126028009,,,-0.009275196022183962,-0.010463709126028009,12,0,1,0,0,atr,0.0001385714285714285,1.75,1.0,8,3,1,2025-10-22T07:42:59Z,40.0,-0.41854836504112036,-0.010463709126028009,2025-10
rank32b-zecusdt-a117ed601c215fde,ZECUSDT,long,official_close,2025-10-22T07:30:00Z,2025-10-22T07:45:00Z,ZECUSDT|2025-10-22T07:30:00Z,2025-10-22T07:45:00Z,278.98,6.0,0,closed,realized,2025-10-22T08:09:59Z,272.96857142857147,stop_1m,,,-0.021547883616849117,-0.02272167391374713,,,-0.021547883616849117,-0.02272167391374713,24,0,1,0,0,atr,6.011428571428577,1.75,1.0,8,3,1,2025-10-22T08:09:59Z,100.0,-2.272167391374713,-0.02272167391374713,2025-10
rank32b-pippinusdt-6df74f2fd3dae6b1,PIPPINUSDT,short,official_close,2025-10-22T09:30:00Z,2025-10-22T09:45:00Z,PIPPINUSDT|2025-10-22T09:30:00Z,2025-10-22T09:45:00Z,0.01501,6.0,0,closed,realized,2025-10-22T10:29:59Z,0.015135714285714287,stop_1m,,,-0.00837536880175116,-0.009564961374321834,,,-0.00837536880175116,-0.009564961374321834,44,0,1,0,0,atr,0.00012571428571428542,1.75,1.0,8,3,1,2025-10-22T10:29:59Z,40.0,-0.38259845497287337,-0.009564961374321834,2025-10
rank32b-zecusdt-0e9d6aa8bd4c70b6,ZECUSDT,long,official_close,2025-10-22T10:15:00Z,2025-10-22T10:30:00Z,ZECUSDT|2025-10-22T10:15:00Z,2025-10-22T10:30:00Z,273.43,6.0,0,closed,realized,2025-10-22T10:43:59Z,267.47,stop_1m,,,-0.021797169293786278,-0.022970660537614762,,,-0.021797169293786278,-0.022970660537614762,13,0,1,0,0,atr,5.9599999999999955,1.75,1.0,8,3,1,2025-10-22T10:43:59Z,100.0,-2.297066053761476,-0.022970660537614762,2025-10
rank32b-zecusdt-196d011eda10cd26,ZECUSDT,long,official_close,2025-10-22T11:00:00Z,2025-10-22T11:15:00Z,ZECUSDT|2025-10-22T11:00:00Z,2025-10-22T11:15:00Z,273.33,6.0,0,closed,realized,2025-10-22T13:15:59Z,271.96,timeout_1m,,,-0.005012256247027391,-0.00620588334394323,,,-0.005012256247027391,-0.00620588334394323,120,0,0,1,0,atr,5.422142857142851,1.75,1.0,8,3,1,2025-10-22T13:15:59Z,100.0,-0.620588334394323,-0.00620588334394323,2025-10
rank32b-zecusdt-8a5345af4ee50821,ZECUSDT,long,official_close,2025-10-22T13:30:00Z,2025-10-22T13:45:00Z,ZECUSDT|2025-10-22T13:30:00Z,2025-10-22T13:45:00Z,271.97,6.0,0,closed,realized,2025-10-22T14:22:59Z,267.10071428571433,stop_1m,,,-0.017903760393740864,-0.019081922326622203,,,-0.017903760393740864,-0.019081922326622203,37,0,1,0,0,atr,4.869285714285711,1.75,1.0,8,3,1,2025-10-22T14:22:59Z,100.0,-1.9081922326622203,-0.019081922326622203,2025-10
rank32b-actusdt-f1f0d3999df4a0d4,ACTUSDT,short,official_close,2025-10-22T14:00:00Z,2025-10-22T14:15:00Z,ACTUSDT|2025-10-22T14:00:00Z,2025-10-22T14:15:00Z,0.02154,6.0,0,closed,realized,2025-10-22T14:45:59Z,0.02115875,target_1m,,,0.017699628597957262,0.016478755415505697,,,0.017699628597957262,0.016478755415505697,30,1,0,0,0,atr,0.0002178571428571429,1.75,1.0,8,3,1,2025-10-22T14:45:59Z,40.0,0.6591502166202279,0.016478755415505697,2025-10
rank32b-ltcusdt-d2c8d0ef7e67c5e8,LTCUSDT,short,official_close,2025-10-22T14:15:00Z,2025-10-22T14:30:00Z,LTCUSDT|2025-10-22T14:15:00Z,2025-10-22T14:30:00Z,92.37,6.0,0,closed,realized,2025-10-22T14:56:59Z,93.02285714285715,stop_1m,,,-0.007067848250050357,-0.008259009376575754,,,-0.007067848250050357,-0.008259009376575754,26,0,1,0,0,atr,0.6528571428571419,1.75,1.0,8,3,1,2025-10-22T14:56:59Z,100.0,-0.8259009376575754,-0.008259009376575754,2025-10
rank32b-nearusdt-8c6d66072a29a83b,NEARUSDT,short,official_close,2025-10-22T15:00:00Z,2025-10-22T15:15:00Z,NEARUSDT|2025-10-22T15:00:00Z,2025-10-22T15:15:00Z,2.202,6.0,0,closed,realized,2025-10-22T17:15:59Z,2.194,timeout_1m,,,0.0036330608537693543,0.002429062488646716,,,0.0036330608537693543,0.002429062488646716,120,0,0,1,0,atr,0.024214285714285806,1.75,1.0,8,3,1,2025-10-22T17:15:59Z,100.0,0.2429062488646716,0.002429062488646716,2025-10
rank32b-ltcusdt-d33cb0e17bc7d4f8,LTCUSDT,short,official_close,2025-10-22T20:15:00Z,2025-10-22T20:30:00Z,LTCUSDT|2025-10-22T20:15:00Z,2025-10-22T20:30:00Z,92.94,6.0,0,closed,realized,2025-10-22T21:01:59Z,91.74,target_1m,,,0.01291155584247905,0.011696426623628131,,,0.01291155584247905,0.011696426623628131,31,1,0,0,0,atr,0.6857142857142843,1.75,1.0,8,3,1,2025-10-22T21:01:59Z,100.0,1.1696426623628131,0.011696426623628131,2025-10
rank32b-zecusdt-e297160865f1c731,ZECUSDT,short,official_close,2025-10-23T07:15:00Z,2025-10-23T07:30:00Z,ZECUSDT|2025-10-23T07:15:00Z,2025-10-23T07:30:00Z,243.22,6.0,0,closed,realized,2025-10-23T09:30:59Z,238.96,timeout_1m,,,0.01751500698955677,0.01629435528657197,,,0.01751500698955677,0.01629435528657197,120,0,0,1,0,atr,4.335714285714287,1.75,1.0,8,3,1,2025-10-23T09:30:59Z,100.0,1.629435528657197,0.01629435528657197,2025-10
rank32b-turbousdt-a4dec0b0ba5c627d,TURBOUSDT,short,official_close,2025-10-23T11:30:00Z,2025-10-23T11:45:00Z,TURBOUSDT|2025-10-23T11:30:00Z,2025-10-23T11:45:00Z,0.0023215,6.0,0,closed,realized,2025-10-23T12:03:59Z,0.0023010125000000005,target_1m,,,0.008825113073443802,0.0076148861147962155,,,0.008825113073443802,0.0076148861147962155,18,1,0,0,0,atr,1.1707142857142843e-05,1.75,1.0,8,3,1,2025-10-23T12:03:59Z,40.0,0.3045954445918486,0.0076148861147962155,2025-10
rank32b-fartcoinusdt-fb37ae744afd21a5,FARTCOINUSDT,short,official_close,2025-10-23T12:00:00Z,2025-10-23T12:15:00Z,FARTCOINUSDT|2025-10-23T12:00:00Z,2025-10-23T12:15:00Z,0.3357,6.0,0,closed,realized,2025-10-23T12:18:59Z,0.33844285714285716,stop_1m,,,-0.008170560449380915,-0.009360398718243568,,,-0.008170560449380915,-0.009360398718243568,3,0,1,0,0,atr,0.002742857142857138,1.75,1.0,8,3,1,2025-10-23T12:18:59Z,40.0,-0.3744159487297427,-0.009360398718243568,2025-10
rank32b-wldusdt-496a35bdb250a574,WLDUSDT,short,official_close,2025-10-23T14:00:00Z,2025-10-23T14:15:00Z,WLDUSDT|2025-10-23T14:00:00Z,2025-10-23T14:15:00Z,0.8455,6.0,0,closed,realized,2025-10-23T14:26:59Z,0.851157142857143,stop_1m,,,-0.006690884514657602,-0.007882497861958604,,,-0.006690884514657602,-0.007882497861958604,11,0,1,0,0,atr,0.005657142857142861,1.75,1.0,8,3,1,2025-10-23T14:26:59Z,100.0,-0.7882497861958604,-0.007882497861958604,2025-10
rank32b-bnbusdt-83d7535e2e43e35a,BNBUSDT,long,official_close,2025-10-23T15:00:00Z,2025-10-23T15:15:00Z,BNBUSDT|2025-10-23T15:00:00Z,2025-10-23T15:15:00Z,1135.08,6.0,0,closed,realized,2025-10-23T15:18:59Z,1125.082857142857,stop_1m,,,-0.008807434592401409,-0.009996508841567109,,,-0.008807434592401409,-0.009996508841567109,3,0,1,0,0,atr,9.997142857142892,1.75,1.0,8,3,1,2025-10-23T15:18:59Z,100.0,-0.9996508841567109,-0.009996508841567109,2025-10
rank32b-wldusdt-28cf54a8fd18ef48,WLDUSDT,short,official_close,2025-10-23T17:00:00Z,2025-10-23T17:15:00Z,WLDUSDT|2025-10-23T17:00:00Z,2025-10-23T17:15:00Z,0.8514,6.0,0,closed,realized,2025-10-23T17:35:59Z,0.8604714285714287,stop_1m,,,-0.0106547199570457,-0.011841578128796493,,,-0.0106547199570457,-0.011841578128796493,20,0,1,0,0,atr,0.009071428571428572,1.75,1.0,8,3,1,2025-10-23T17:35:59Z,100.0,-1.1841578128796493,-0.011841578128796493,2025-10
rank32b-zecusdt-b070708a86938cbd,ZECUSDT,short,official_close,2025-10-23T18:00:00Z,2025-10-23T18:15:00Z,ZECUSDT|2025-10-23T18:00:00Z,2025-10-23T18:15:00Z,237.2,6.0,0,closed,realized,2025-10-23T20:15:59Z,234.83,timeout_1m,,,0.009991568296795816,0.00877994201180421,,,0.009991568296795816,0.00877994201180421,120,0,0,1,0,atr,4.261428571428572,1.75,1.0,8,3,1,2025-10-23T20:15:59Z,100.0,0.8779942011804209,0.00877994201180421,2025-10
rank32b-wldusdt-37d645d87468780c,WLDUSDT,short,official_close,2025-10-23T20:00:00Z,2025-10-23T20:15:00Z,WLDUSDT|2025-10-23T20:00:00Z,2025-10-23T20:15:00Z,0.852,6.0,0,closed,realized,2025-10-23T22:15:59Z,0.8518,timeout_1m,,,0.00023474178403748436,-0.0009651798215962737,,,0.00023474178403748436,-0.0009651798215962737,120,0,0,1,0,atr,0.007278571428571428,1.75,1.0,8,3,1,2025-10-23T22:15:59Z,100.0,-0.09651798215962737,-0.0009651798215962737,2025-10
rank32b-turbousdt-e628a559e65cd575,TURBOUSDT,short,official_close,2025-10-23T20:45:00Z,2025-10-23T21:00:00Z,TURBOUSDT|2025-10-23T20:45:00Z,2025-10-23T21:00:00Z,0.0023203,6.0,0,closed,realized,2025-10-23T23:00:59Z,0.002323,timeout_1m,,,-0.0011636426324181937,-0.0023618866801706773,,,-0.0011636426324181937,-0.0023618866801706773,120,0,0,1,0,atr,1.7764285714285725e-05,1.75,1.0,8,3,1,2025-10-23T23:00:59Z,40.0,-0.09447546720682709,-0.0023618866801706773,2025-10
rank32b-tradoorusdt-08e9b1aab0fe18a2,TRADOORUSDT,long,official_close,2025-10-24T10:00:00Z,2025-10-24T10:15:00Z,TRADOORUSDT|2025-10-24T10:00:00Z,2025-10-24T10:15:00Z,2.437,6.0,0,closed,realized,2025-10-24T10:27:59Z,2.406285714285714,stop_1m,,,-0.01260331789671143,-0.013787838452429924,,,-0.01260331789671143,-0.013787838452429924,12,0,1,0,0,atr,0.030714285714285725,1.75,1.0,8,3,1,2025-10-24T10:27:59Z,40.0,-0.5515135380971969,-0.013787838452429924,2025-10
rank32b-pippinusdt-2f9ab7abfb80f79f,PIPPINUSDT,long,official_close,2025-10-24T11:30:00Z,2025-10-24T11:45:00Z,PIPPINUSDT|2025-10-24T11:30:00Z,2025-10-24T11:45:00Z,0.02384,6.0,0,closed,realized,2025-10-24T12:11:59Z,0.0262125,target_1m,,,0.09951761744966436,0.09819859213506699,,,0.09951761744966436,0.09819859213506699,26,1,0,0,0,atr,0.0013557142857142858,1.75,1.0,8,3,1,2025-10-24T12:11:59Z,40.0,3.9279436854026795,0.09819859213506699,2025-10
rank32b-turbousdt-0f6c3d186cc31894,TURBOUSDT,short,official_close,2025-10-24T14:15:00Z,2025-10-24T14:30:00Z,TURBOUSDT|2025-10-24T14:15:00Z,2025-10-24T14:30:00Z,0.0023496,6.0,0,closed,realized,2025-10-24T15:21:59Z,0.0023713142857142854,stop_1m,,,-0.009241694634952946,-0.010430247928401193,,,-0.009241694634952946,-0.010430247928401193,51,0,1,0,0,atr,2.1714285714285685e-05,1.75,1.0,8,3,1,2025-10-24T15:21:59Z,40.0,-0.4172099171360477,-0.010430247928401193,2025-10
rank32b-actusdt-1ff952276e56d7a9,ACTUSDT,short,official_close,2025-10-24T13:30:00Z,2025-10-24T13:45:00Z,ACTUSDT|2025-10-24T13:30:00Z,2025-10-24T13:45:00Z,0.02125,6.0,0,closed,realized,2025-10-24T15:45:59Z,0.02103,timeout_1m,,,0.010352941176470676,0.009140881374117615,,,0.010352941176470676,0.009140881374117615,120,0,0,1,0,atr,0.00016142857142857205,1.75,1.0,8,3,1,2025-10-24T15:45:59Z,40.0,0.3656352549647046,0.009140881374117615,2025-10
rank32b-fartcoinusdt-39dec0fb0538cb63,FARTCOINUSDT,long,official_close,2025-10-24T15:15:00Z,2025-10-24T15:30:00Z,FARTCOINUSDT|2025-10-24T15:15:00Z,2025-10-24T15:30:00Z,0.3688,6.0,0,closed,realized,2025-10-24T17:30:59Z,0.3686,timeout_1m,,,-0.0005422993492408823,-0.001741288785249595,,,-0.0005422993492408823,-0.001741288785249595,120,0,0,1,0,atr,0.006764285714285718,1.75,1.0,8,3,1,2025-10-24T17:30:59Z,40.0,-0.0696515514099838,-0.001741288785249595,2025-10
rank32b-zecusdt-276f89dc41ceb6c3,ZECUSDT,long,official_close,2025-10-24T17:15:00Z,2025-10-24T17:30:00Z,ZECUSDT|2025-10-24T17:15:00Z,2025-10-24T17:30:00Z,257.94,6.0,0,closed,realized,2025-10-24T18:12:59Z,253.96142857142857,stop_1m,,,-0.015424406561880377,-0.016605542826792608,,,-0.015424406561880377,-0.016605542826792608,42,0,1,0,0,atr,3.9785714285714318,1.75,1.0,8,3,1,2025-10-24T18:12:59Z,100.0,-1.6605542826792608,-0.016605542826792608,2025-10
rank32b-tradoorusdt-590502c7d5ce71c4,TRADOORUSDT,long,official_close,2025-10-24T19:00:00Z,2025-10-24T19:15:00Z,TRADOORUSDT|2025-10-24T19:00:00Z,2025-10-24T19:15:00Z,2.424,6.0,0,closed,realized,2025-10-24T21:15:59Z,2.461,timeout_1m,,,0.01526402640264024,0.014046075066006525,,,0.01526402640264024,0.014046075066006525,120,0,0,1,0,atr,0.042571428571428545,1.75,1.0,8,3,1,2025-10-24T21:15:59Z,40.0,0.561843002640261,0.014046075066006525,2025-10
rank32b-brettusdt-fcd7f8f23b27b253,BRETTUSDT,long,official_close,2025-10-25T08:00:00Z,2025-10-25T08:15:00Z,BRETTUSDT|2025-10-25T08:00:00Z,2025-10-25T08:15:00Z,0.02728,6.0,0,closed,realized,2025-10-25T09:33:59Z,0.0271,stop_1m,,,-0.006598240469208205,-0.007789964956011808,,,-0.006598240469208205,-0.007789964956011808,78,0,1,0,0,atr,0.0001799999999999996,1.75,1.0,8,3,1,2025-10-25T09:33:59Z,40.0,-0.3115985982404723,-0.007789964956011808,2025-10
rank32b-brettusdt-e2a311f07f2f65c7,BRETTUSDT,long,official_close,2025-10-25T12:00:00Z,2025-10-25T12:15:00Z,BRETTUSDT|2025-10-25T12:00:00Z,2025-10-25T12:15:00Z,0.02718,6.0,0,closed,realized,2025-10-25T14:15:59Z,0.02719,timeout_1m,,,0.0003679175864605977,-0.0008321637821928629,,,0.0003679175864605977,-0.0008321637821928629,120,0,0,1,0,atr,0.00019357142857142812,1.75,1.0,8,3,1,2025-10-25T14:15:59Z,40.0,-0.033286551287714516,-0.0008321637821928629,2025-10
rank32b-pippinusdt-58ee4fddb4f3efff,PIPPINUSDT,long,official_close,2025-10-25T17:30:00Z,2025-10-25T17:45:00Z,PIPPINUSDT|2025-10-25T17:30:00Z,2025-10-25T17:45:00Z,0.03085,6.0,0,closed,realized,2025-10-25T17:46:59Z,0.0328575,target_1m,,,0.06507293354943267,0.06379522945542915,,,0.06507293354943267,0.06379522945542915,1,1,0,0,0,atr,0.0011471428571428563,1.75,1.0,8,3,1,2025-10-25T17:46:59Z,40.0,2.551809178217166,0.06379522945542915,2025-10
rank32b-tradoorusdt-9244c0c152ce4f3b,TRADOORUSDT,long,official_close,2025-10-26T08:00:00Z,2025-10-26T08:15:00Z,TRADOORUSDT|2025-10-26T08:00:00Z,2025-10-26T08:15:00Z,2.798,6.0,0,closed,realized,2025-10-26T09:52:59Z,2.7342142857142857,stop_1m,,,-0.022796895741856393,-0.023969187673848702,,,-0.022796895741856393,-0.023969187673848702,97,0,1,0,0,atr,0.06378571428571433,1.75,1.0,8,3,1,2025-10-26T09:52:59Z,40.0,-0.9587675069539481,-0.023969187673848702,2025-10
rank32b-tradoorusdt-34c2e91a95205cc5,TRADOORUSDT,long,official_close,2025-10-26T11:30:00Z,2025-10-26T11:45:00Z,TRADOORUSDT|2025-10-26T11:30:00Z,2025-10-26T11:45:00Z,2.792,6.0,0,closed,realized,2025-10-26T12:21:59Z,2.7537142857142856,stop_1m,,,-0.013712648383135462,-0.014895838141629203,,,-0.013712648383135462,-0.014895838141629203,36,0,1,0,0,atr,0.03828571428571432,1.75,1.0,8,3,1,2025-10-26T12:21:59Z,40.0,-0.5958335256651681,-0.014895838141629203,2025-10
rank32b-tradoorusdt-67d37ae2fb809065,TRADOORUSDT,long,official_close,2025-10-26T14:00:00Z,2025-10-26T14:15:00Z,TRADOORUSDT|2025-10-26T14:00:00Z,2025-10-26T14:15:00Z,2.792,6.0,0,closed,realized,2025-10-26T15:14:59Z,2.7488571428571427,stop_1m,,,-0.015452312730249718,-0.01663341551780606,,,-0.015452312730249718,-0.01663341551780606,59,0,1,0,0,atr,0.043142857142857115,1.75,1.0,8,3,1,2025-10-26T15:14:59Z,40.0,-0.6653366207122424,-0.01663341551780606,2025-10
rank32b-tradoorusdt-0180c8587f2beba6,TRADOORUSDT,long,official_close,2025-10-26T20:45:00Z,2025-10-26T21:00:00Z,TRADOORUSDT|2025-10-26T20:45:00Z,2025-10-26T21:00:00Z,2.8,6.0,0,closed,realized,2025-10-26T21:25:59Z,2.771642857142857,stop_1m,,,-0.010127551020408077,-0.011315041605101994,,,-0.010127551020408077,-0.011315041605101994,25,0,1,0,0,atr,0.02835714285714281,1.75,1.0,8,3,1,2025-10-26T21:25:59Z,40.0,-0.45260166420407977,-0.011315041605101994,2025-10
rank32b-linkusdt-5bbb744fe26ef135,LINKUSDT,long,official_close,2025-10-26T21:30:00Z,2025-10-26T21:45:00Z,LINKUSDT|2025-10-26T21:30:00Z,2025-10-26T21:45:00Z,18.202,6.0,0,closed,realized,2025-10-26T22:02:59Z,18.325875,target_1m,,,0.006805570816393658,0.005597766581419528,,,0.006805570816393658,0.005597766581419528,17,1,0,0,0,atr,0.0707857142857135,1.75,1.0,8,3,1,2025-10-26T22:02:59Z,100.0,0.5597766581419528,0.005597766581419528,2025-10
rank32b-tradoorusdt-b6a4e27e71cae82b,TRADOORUSDT,long,official_close,2025-10-26T22:00:00Z,2025-10-26T22:15:00Z,TRADOORUSDT|2025-10-26T22:00:00Z,2025-10-26T22:15:00Z,2.804,6.0,0,closed,realized,2025-10-26T23:26:59Z,2.7688571428571427,stop_1m,,,-0.012533115956796403,-0.013717720729570115,,,-0.012533115956796403,-0.013717720729570115,71,0,1,0,0,atr,0.03514285714285711,1.75,1.0,8,3,1,2025-10-26T23:26:59Z,40.0,-0.5487088291828046,-0.013717720729570115,2025-10
rank32b-zecusdt-a390f20b891308b0,ZECUSDT,long,official_close,2025-10-27T00:00:00Z,2025-10-27T00:15:00Z,ZECUSDT|2025-10-27T00:00:00Z,2025-10-27T00:15:00Z,342.07,6.0,0,closed,realized,2025-10-27T01:00:59Z,355.15375,target_1m,,,0.03824875025579555,0.03700322552503854,,,0.03824875025579555,0.03700322552503854,45,1,0,0,0,atr,7.476428571428572,1.75,1.0,8,3,1,2025-10-27T01:00:59Z,100.0,3.700322552503854,0.03700322552503854,2025-10
rank32b-tradoorusdt-ae7b8850d318210a,TRADOORUSDT,long,official_close,2025-10-27T01:15:00Z,2025-10-27T01:30:00Z,TRADOORUSDT|2025-10-27T01:15:00Z,2025-10-27T01:30:00Z,2.773,6.0,0,closed,realized,2025-10-27T02:02:59Z,2.7382857142857144,stop_1m,,,-0.012518674978105215,-0.013703297074854515,,,-0.012518674978105215,-0.013703297074854515,32,0,1,0,0,atr,0.03471428571428566,1.75,1.0,8,3,1,2025-10-27T02:02:59Z,40.0,-0.5481318829941806,-0.013703297074854515,2025-10
rank32b-tradoorusdt-dbb27de6fa25057b,TRADOORUSDT,long,official_close,2025-10-27T08:30:00Z,2025-10-27T08:45:00Z,TRADOORUSDT|2025-10-27T08:30:00Z,2025-10-27T08:45:00Z,2.758,6.0,0,closed,realized,2025-10-27T08:52:59Z,2.7214285714285715,stop_1m,,,-0.013260126385579607,-0.01444385900756251,,,-0.013260126385579607,-0.01444385900756251,7,0,1,0,0,atr,0.0365714285714286,1.75,1.0,8,3,1,2025-10-27T08:52:59Z,40.0,-0.5777543603025004,-0.01444385900756251,2025-10
rank32b-tradoorusdt-fc4f8a62d56b46e8,TRADOORUSDT,long,official_close,2025-10-27T10:45:00Z,2025-10-27T11:00:00Z,TRADOORUSDT|2025-10-27T10:45:00Z,2025-10-27T11:00:00Z,2.753,6.0,0,closed,realized,2025-10-27T13:00:59Z,2.855,timeout_1m,,,0.037050490374137324,0.03580640312386496,,,0.037050490374137324,0.03580640312386496,120,0,0,1,0,atr,0.08242857142857142,1.75,1.0,8,3,1,2025-10-27T13:00:59Z,40.0,1.4322561249545984,0.03580640312386496,2025-10
rank32b-ethusdt-57edc7724ab7528b,ETHUSDT,long,official_close,2025-10-27T13:45:00Z,2025-10-27T14:00:00Z,ETHUSDT|2025-10-27T13:45:00Z,2025-10-27T14:00:00Z,4175.65,6.0,0,closed,realized,2025-10-27T14:05:59Z,4156.126428571428,stop_1m,,,-0.004675576599708298,-0.005869607590996306,,,-0.004675576599708298,-0.005869607590996306,5,0,1,0,0,atr,19.52357142857149,1.75,1.0,8,3,1,2025-10-27T14:05:59Z,100.0,-0.5869607590996306,-0.005869607590996306,2025-10
rank32b-ltcusdt-b584a5b5d1c77b34,LTCUSDT,long,official_close,2025-10-27T15:00:00Z,2025-10-27T15:15:00Z,LTCUSDT|2025-10-27T15:00:00Z,2025-10-27T15:15:00Z,100.6,6.0,0,closed,realized,2025-10-27T15:20:59Z,100.02285714285713,stop_1m,,,-0.005737006532235189,-0.006929764189718912,,,-0.005737006532235189,-0.006929764189718912,5,0,1,0,0,atr,0.5771428571428601,1.75,1.0,8,3,1,2025-10-27T15:20:59Z,100.0,-0.6929764189718912,-0.006929764189718912,2025-10
rank32b-suiusdt-f50e3065df05d8f1,SUIUSDT,long,official_close,2025-10-27T16:30:00Z,2025-10-27T16:45:00Z,SUIUSDT|2025-10-27T16:30:00Z,2025-10-27T16:45:00Z,2.647,6.0,0,closed,realized,2025-10-27T18:14:59Z,2.6835999999999998,target_1m,,,0.013826973932754116,0.012610746541745321,,,0.013826973932754116,0.012610746541745321,89,1,0,0,0,atr,0.020914285714285663,1.75,1.0,8,3,1,2025-10-27T18:14:59Z,100.0,1.2610746541745321,0.012610746541745321,2025-10
rank32b-nearusdt-760d2cfb4b5681f2,NEARUSDT,long,official_close,2025-10-27T16:00:00Z,2025-10-27T16:15:00Z,NEARUSDT|2025-10-27T16:00:00Z,2025-10-27T16:15:00Z,2.371,6.0,0,closed,realized,2025-10-27T18:15:59Z,2.393,timeout_1m,,,0.009278785322648586,0.00806801412062419,,,0.009278785322648586,0.00806801412062419,120,0,0,1,0,atr,0.018857142857142812,1.75,1.0,8,3,1,2025-10-27T18:15:59Z,100.0,0.806801412062419,0.00806801412062419,2025-10
rank32b-actusdt-7b88cedd091249a3,ACTUSDT,long,official_close,2025-10-27T17:30:00Z,2025-10-27T17:45:00Z,ACTUSDT|2025-10-27T17:30:00Z,2025-10-27T17:45:00Z,0.02391,6.0,0,closed,realized,2025-10-27T18:26:59Z,0.023715,stop_1m,,,-0.008155583437892133,-0.009345439673776768,,,-0.008155583437892133,-0.009345439673776768,41,0,1,0,0,atr,0.000195,1.75,1.0,8,3,1,2025-10-27T18:26:59Z,40.0,-0.3738175869510707,-0.009345439673776768,2025-10
rank32b-tradoorusdt-68dc60b50360bbaf,TRADOORUSDT,long,official_close,2025-10-27T21:30:00Z,2025-10-27T21:45:00Z,TRADOORUSDT|2025-10-27T21:30:00Z,2025-10-27T21:45:00Z,2.829,6.0,0,closed,realized,2025-10-27T22:59:59Z,2.9082500000000002,target_1m,,,0.028013432308236164,0.026780186274301787,,,0.028013432308236164,0.026780186274301787,74,1,0,0,0,atr,0.04528571428571431,1.75,1.0,8,3,1,2025-10-27T22:59:59Z,40.0,1.0712074509720715,0.026780186274301787,2025-10
rank32b-solusdt-b49181d1d2b237ef,SOLUSDT,long,official_close,2025-10-28T03:15:00Z,2025-10-28T03:30:00Z,SOLUSDT|2025-10-28T03:15:00Z,2025-10-28T03:30:00Z,201.51,6.0,0,closed,realized,2025-10-28T05:17:59Z,200.32785714285714,stop_1m,,,-0.005866422793622372,-0.007059025198182356,,,-0.005866422793622372,-0.007059025198182356,107,0,1,0,0,atr,1.1821428571428538,1.75,1.0,8,3,1,2025-10-28T05:17:59Z,100.0,-0.7059025198182356,-0.007059025198182356,2025-10
rank32b-ltcusdt-6c510f24138b8bf9,LTCUSDT,long,official_close,2025-10-28T06:30:00Z,2025-10-28T06:45:00Z,LTCUSDT|2025-10-28T06:30:00Z,2025-10-28T06:45:00Z,101.61,6.0,0,closed,realized,2025-10-28T06:49:59Z,102.63,target_1m,,,0.010038382049010863,0.008826699604369326,,,0.010038382049010863,0.008826699604369326,4,1,0,0,0,atr,0.5828571428571446,1.75,1.0,8,3,1,2025-10-28T06:49:59Z,100.0,0.8826699604369326,0.008826699604369326,2025-10
rank32b-uniusdt-163aebc633d87c80,UNIUSDT,long,official_close,2025-10-28T06:45:00Z,2025-10-28T07:00:00Z,UNIUSDT|2025-10-28T06:45:00Z,2025-10-28T07:00:00Z,6.589,6.0,0,closed,realized,2025-10-28T07:18:59Z,6.5537857142857145,stop_1m,,,-0.005344405177460265,-0.006537633815233201,,,-0.005344405177460265,-0.006537633815233201,18,0,1,0,0,atr,0.03521428571428568,1.75,1.0,8,3,1,2025-10-28T07:18:59Z,100.0,-0.6537633815233201,-0.006537633815233201,2025-10
rank32b-tradoorusdt-b93fe073c1faf43e,TRADOORUSDT,long,official_close,2025-10-28T07:15:00Z,2025-10-28T07:30:00Z,TRADOORUSDT|2025-10-28T07:15:00Z,2025-10-28T07:30:00Z,2.831,6.0,0,closed,realized,2025-10-28T07:56:59Z,2.9057500000000003,target_1m,,,0.026404097492052303,0.02517278208053697,,,0.026404097492052303,0.02517278208053697,26,1,0,0,0,atr,0.04271428571428577,1.75,1.0,8,3,1,2025-10-28T07:56:59Z,40.0,1.0069112832214788,0.02517278208053697,2025-10
rank32b-bchusdt-fbe8d688d202facd,BCHUSDT,long,official_close,2025-10-28T08:15:00Z,2025-10-28T08:30:00Z,BCHUSDT|2025-10-28T08:15:00Z,2025-10-28T08:30:00Z,561.49,6.0,0,closed,realized,2025-10-28T08:42:59Z,556.9807142857143,stop_1m,,,-0.008030927913739716,-0.009220933691377331,,,-0.008030927913739716,-0.009220933691377331,12,0,1,0,0,atr,4.509285714285714,1.75,1.0,8,3,1,2025-10-28T08:42:59Z,100.0,-0.9220933691377331,-0.009220933691377331,2025-10
rank32b-fartcoinusdt-e4acddc739d100d0,FARTCOINUSDT,long,official_close,2025-10-28T08:30:00Z,2025-10-28T08:45:00Z,FARTCOINUSDT|2025-10-28T08:30:00Z,2025-10-28T08:45:00Z,0.4094,6.0,0,closed,realized,2025-10-28T10:45:59Z,0.4081,timeout_1m,,,-0.0031753786028333453,-0.004371209291646361,,,-0.0031753786028333453,-0.004371209291646361,120,0,0,1,0,atr,0.0054714285714285715,1.75,1.0,8,3,1,2025-10-28T10:45:59Z,40.0,-0.17484837166585443,-0.004371209291646361,2025-10
rank32b-brettusdt-23ada56187d49048,BRETTUSDT,long,official_close,2025-10-28T10:45:00Z,2025-10-28T11:00:00Z,BRETTUSDT|2025-10-28T10:45:00Z,2025-10-28T11:00:00Z,0.03109,6.0,0,closed,realized,2025-10-28T11:01:59Z,0.030840714285714284,stop_1m,,,-0.008018196020769253,-0.00920821707209496,,,-0.008018196020769253,-0.00920821707209496,1,0,1,0,0,atr,0.0002492857142857143,1.75,1.0,8,3,1,2025-10-28T11:01:59Z,40.0,-0.3683286828837984,-0.00920821707209496,2025-10
rank32b-brettusdt-82a34934b818d8ad,BRETTUSDT,long,official_close,2025-10-28T12:00:00Z,2025-10-28T12:15:00Z,BRETTUSDT|2025-10-28T12:00:00Z,2025-10-28T12:15:00Z,0.03084,6.0,0,closed,realized,2025-10-28T12:26:59Z,0.03055,stop_1m,,,-0.009403372243839137,-0.010591731582360597,,,-0.009403372243839137,-0.010591731582360597,11,0,1,0,0,atr,0.0002900000000000003,1.75,1.0,8,3,1,2025-10-28T12:26:59Z,40.0,-0.4236692632944239,-0.010591731582360597,2025-10
rank32b-actusdt-4c497576008546bb,ACTUSDT,short,official_close,2025-10-28T11:45:00Z,2025-10-28T12:00:00Z,ACTUSDT|2025-10-28T11:45:00Z,2025-10-28T12:00:00Z,0.02293,6.0,0,closed,realized,2025-10-28T12:45:59Z,0.023064285714285714,stop_1m,,,-0.005856332938757758,-0.007048947447511167,,,-0.005856332938757758,-0.007048947447511167,45,0,1,0,0,atr,0.00013428571428571425,1.75,1.0,8,3,1,2025-10-28T12:45:59Z,40.0,-0.2819578979004467,-0.007048947447511167,2025-10
rank32b-dotusdt-5e1819b65f4d8985,DOTUSDT,long,official_close,2025-10-28T12:45:00Z,2025-10-28T13:00:00Z,DOTUSDT|2025-10-28T12:45:00Z,2025-10-28T13:00:00Z,3.162,6.0,0,closed,realized,2025-10-28T13:09:59Z,3.1843749999999997,target_1m,,,0.00707621758380772,0.005868088670145211,,,0.00707621758380772,0.005868088670145211,9,1,0,0,0,atr,0.012785714285714274,1.75,1.0,8,3,1,2025-10-28T13:09:59Z,100.0,0.5868088670145211,0.005868088670145211,2025-10
rank32b-zecusdt-597d2c5dda2eb048,ZECUSDT,long,official_close,2025-10-28T13:15:00Z,2025-10-28T13:30:00Z,ZECUSDT|2025-10-28T13:15:00Z,2025-10-28T13:30:00Z,340.97,6.0,0,closed,realized,2025-10-28T14:02:59Z,336.47357142857146,stop_1m,,,-0.013187167702227609,-0.014370987848365324,,,-0.013187167702227609,-0.014370987848365324,32,0,1,0,0,atr,4.496428571428571,1.75,1.0,8,3,1,2025-10-28T14:02:59Z,100.0,-1.4370987848365324,-0.014370987848365324,2025-10
rank32b-adausdt-0e7c363e7f8920c6,ADAUSDT,short,official_close,2025-10-28T14:30:00Z,2025-10-28T14:45:00Z,ADAUSDT|2025-10-28T14:30:00Z,2025-10-28T14:45:00Z,0.6603,6.0,0,closed,realized,2025-10-28T14:46:59Z,0.6532625,target_1m,,,0.01065803422686662,0.009445608422686602,,,0.01065803422686662,0.009445608422686602,1,1,0,0,0,atr,0.004021428571428565,1.75,1.0,8,3,1,2025-10-28T14:46:59Z,100.0,0.9445608422686602,0.009445608422686602,2025-10
rank32b-linkusdt-11b05644f8af166c,LINKUSDT,long,official_close,2025-10-28T15:00:00Z,2025-10-28T15:15:00Z,LINKUSDT|2025-10-28T15:00:00Z,2025-10-28T15:15:00Z,18.533,6.0,0,closed,realized,2025-10-28T15:29:59Z,18.362285714285715,stop_1m,,,-0.00921136813868706,-0.010399957813013283,,,-0.00921136813868706,-0.010399957813013283,14,0,1,0,0,atr,0.17071428571428576,1.75,1.0,8,3,1,2025-10-28T15:29:59Z,100.0,-1.0399957813013283,-0.010399957813013283,2025-10
rank32b-pippinusdt-275c6b24e7b3c9d6,PIPPINUSDT,short,official_close,2025-10-28T15:15:00Z,2025-10-28T15:30:00Z,PIPPINUSDT|2025-10-28T15:15:00Z,2025-10-28T15:30:00Z,0.0186,6.0,0,closed,realized,2025-10-28T17:30:59Z,0.01828,timeout_1m,,,0.017204301075268713,0.015984022107526696,,,0.017204301075268713,0.015984022107526696,120,0,0,1,0,atr,0.0002650000000000006,1.75,1.0,8,3,1,2025-10-28T17:30:59Z,40.0,0.6393608843010679,0.015984022107526696,2025-10
rank32b-linkusdt-bf48149e0eb86125,LINKUSDT,long,official_close,2025-10-28T16:30:00Z,2025-10-28T16:45:00Z,LINKUSDT|2025-10-28T16:30:00Z,2025-10-28T16:45:00Z,18.513,6.0,0,closed,realized,2025-10-28T18:43:59Z,18.334285714285716,stop_1m,,,-0.009653448156121902,-0.01084150749357593,,,-0.009653448156121902,-0.01084150749357593,118,0,1,0,0,atr,0.17871428571428563,1.75,1.0,8,3,1,2025-10-28T18:43:59Z,100.0,-1.084150749357593,-0.01084150749357593,2025-10
rank32b-1000pepeusdt-a2cf806781e7f2f1,1000PEPEUSDT,short,official_close,2025-10-28T19:15:00Z,2025-10-28T19:30:00Z,1000PEPEUSDT|2025-10-28T19:15:00Z,2025-10-28T19:30:00Z,0.0071065,6.0,0,closed,realized,2025-10-28T20:05:59Z,0.00702285,target_1m,,,0.011770913952015793,0.010557153092802363,,,0.011770913952015793,0.010557153092802363,35,1,0,0,0,atr,4.7800000000000186e-05,1.75,1.0,8,3,1,2025-10-28T20:05:59Z,40.0,0.4222861237120945,0.010557153092802363,2025-10
rank32b-bchusdt-5c40069458123690,BCHUSDT,long,official_close,2025-10-28T22:15:00Z,2025-10-28T22:30:00Z,BCHUSDT|2025-10-28T22:15:00Z,2025-10-28T22:30:00Z,564.0,6.0,0,closed,realized,2025-10-28T23:03:59Z,559.4735714285714,stop_1m,,,-0.008025582573454981,-0.009215594763576584,,,-0.008025582573454981,-0.009215594763576584,33,0,1,0,0,atr,4.52642857142858,1.75,1.0,8,3,1,2025-10-28T23:03:59Z,100.0,-0.9215594763576584,-0.009215594763576584,2025-10
rank32b-tradoorusdt-a1dbbda6bbe89a5f,TRADOORUSDT,short,official_close,2025-10-29T06:00:00Z,2025-10-29T06:15:00Z,TRADOORUSDT|2025-10-29T06:00:00Z,2025-10-29T06:15:00Z,2.696,6.0,0,closed,realized,2025-10-29T06:54:59Z,2.7214285714285715,stop_1m,,,-0.009431962696057727,-0.01062028773632917,,,-0.009431962696057727,-0.01062028773632917,39,0,1,0,0,atr,0.025428571428571484,1.75,1.0,8,3,1,2025-10-29T06:54:59Z,40.0,-0.4248115094531668,-0.01062028773632917,2025-10
rank32b-tradoorusdt-d99c226de5000cdd,TRADOORUSDT,short,official_close,2025-10-29T13:30:00Z,2025-10-29T13:45:00Z,TRADOORUSDT|2025-10-29T13:30:00Z,2025-10-29T13:45:00Z,2.679,6.0,0,closed,realized,2025-10-29T14:23:59Z,2.6514999999999995,target_1m,,,0.01026502426278475,0.009053069929078061,,,0.01026502426278475,0.009053069929078061,38,1,0,0,0,atr,0.01571428571428576,1.75,1.0,8,3,1,2025-10-29T14:23:59Z,40.0,0.36212279716312246,0.009053069929078061,2025-10
rank32b-actusdt-15cec713663fe8be,ACTUSDT,short,official_close,2025-10-29T14:15:00Z,2025-10-29T14:30:00Z,ACTUSDT|2025-10-29T14:15:00Z,2025-10-29T14:30:00Z,0.02198,6.0,0,closed,realized,2025-10-29T15:15:59Z,0.02175125,target_1m,,,0.010407188353048213,0.009195063473612208,,,0.010407188353048213,0.009195063473612208,45,1,0,0,0,atr,0.0001307142857142856,1.75,1.0,8,3,1,2025-10-29T15:15:59Z,40.0,0.36780253894448833,0.009195063473612208,2025-10
rank32b-dogeusdt-b4e0e98cd3960201,DOGEUSDT,short,official_close,2025-10-29T13:45:00Z,2025-10-29T14:00:00Z,DOGEUSDT|2025-10-29T13:45:00Z,2025-10-29T14:00:00Z,0.19383,6.0,0,closed,realized,2025-10-29T15:33:59Z,0.19192625,target_1m,,,0.009821751018934122,0.008610328453541705,,,0.009821751018934122,0.008610328453541705,93,1,0,0,0,atr,0.0010878571428571443,1.75,1.0,8,3,1,2025-10-29T15:33:59Z,100.0,0.8610328453541705,0.008610328453541705,2025-10
rank32b-fartcoinusdt-dd38c638ed776f60,FARTCOINUSDT,short,official_close,2025-10-29T15:30:00Z,2025-10-29T15:45:00Z,FARTCOINUSDT|2025-10-29T15:30:00Z,2025-10-29T15:45:00Z,0.3736,6.0,0,closed,realized,2025-10-29T17:36:59Z,0.3780428571428571,stop_1m,,,-0.011892015907005282,-0.013077389769042713,,,-0.011892015907005282,-0.013077389769042713,111,0,1,0,0,atr,0.004442857142857133,1.75,1.0,8,3,1,2025-10-29T17:36:59Z,40.0,-0.5230955907617085,-0.013077389769042713,2025-10
rank32b-pippinusdt-81809632c4c9c692,PIPPINUSDT,short,official_close,2025-10-29T16:00:00Z,2025-10-29T16:15:00Z,PIPPINUSDT|2025-10-29T16:00:00Z,2025-10-29T16:15:00Z,0.01849,6.0,0,closed,realized,2025-10-29T18:15:59Z,0.01852,timeout_1m,,,-0.0016224986479176362,-0.002820192233639829,,,-0.0016224986479176362,-0.002820192233639829,120,0,0,1,0,atr,0.000650714285714285,1.75,1.0,8,3,1,2025-10-29T18:15:59Z,40.0,-0.11280768934559315,-0.002820192233639829,2025-10
rank32b-actusdt-68c0c949ba8b4cd9,ACTUSDT,short,official_close,2025-10-29T18:00:00Z,2025-10-29T18:15:00Z,ACTUSDT|2025-10-29T18:00:00Z,2025-10-29T18:15:00Z,0.02187,6.0,0,closed,realized,2025-10-29T18:33:59Z,0.022095,stop_1m,,,-0.010288065843621297,-0.011475363868312716,,,-0.010288065843621297,-0.011475363868312716,18,0,1,0,0,atr,0.0002250000000000005,1.75,1.0,8,3,1,2025-10-29T18:33:59Z,40.0,-0.45901455473250863,-0.011475363868312716,2025-10
rank32b-xrpusdt-c7b2e0cd0be76850,XRPUSDT,long,official_close,2025-10-29T17:30:00Z,2025-10-29T17:45:00Z,XRPUSDT|2025-10-29T17:30:00Z,2025-10-29T17:45:00Z,2.6469,6.0,0,closed,realized,2025-10-29T18:35:59Z,2.631992857142857,stop_1m,,,-0.005631925217100431,-0.006824808934333015,,,-0.005631925217100431,-0.006824808934333015,50,0,1,0,0,atr,0.014907142857142881,1.75,1.0,8,3,1,2025-10-29T18:35:59Z,100.0,-0.6824808934333015,-0.006824808934333015,2025-10
rank32b-brettusdt-35b1f978d2a4197c,BRETTUSDT,short,official_close,2025-10-29T18:30:00Z,2025-10-29T18:45:00Z,BRETTUSDT|2025-10-29T18:30:00Z,2025-10-29T18:45:00Z,0.0287,6.0,0,closed,realized,2025-10-29T18:46:59Z,0.029217142857142858,stop_1m,,,-0.018018914883026316,-0.019196938671976138,,,-0.018018914883026316,-0.019196938671976138,1,0,1,0,0,atr,0.0005171428571428569,1.75,1.0,8,3,1,2025-10-29T18:46:59Z,40.0,-0.7678775468790455,-0.019196938671976138,2025-10
rank32b-actusdt-36f1417d8bd1bd11,ACTUSDT,short,official_close,2025-10-29T19:30:00Z,2025-10-29T19:45:00Z,ACTUSDT|2025-10-29T19:30:00Z,2025-10-29T19:45:00Z,0.02178,6.0,0,closed,realized,2025-10-29T19:55:59Z,0.022166428571428573,stop_1m,,,-0.017742358651449575,-0.01892071420831698,,,-0.017742358651449575,-0.01892071420831698,10,0,1,0,0,atr,0.0003864285714285718,1.75,1.0,8,3,1,2025-10-29T19:55:59Z,40.0,-0.7568285683326792,-0.01892071420831698,2025-10
rank32b-bchusdt-dfc605346447e90d,BCHUSDT,long,official_close,2025-10-29T20:15:00Z,2025-10-29T20:30:00Z,BCHUSDT|2025-10-29T20:15:00Z,2025-10-29T20:30:00Z,560.97,6.0,0,closed,realized,2025-10-29T22:30:59Z,560.22,timeout_1m,,,-0.0013369698914380557,-0.0025350060088775717,,,-0.0013369698914380557,-0.0025350060088775717,120,0,0,1,0,atr,3.8871428571428543,1.75,1.0,8,3,1,2025-10-29T22:30:59Z,100.0,-0.25350060088775717,-0.0025350060088775717,2025-10
rank32b-pippinusdt-1108520c050d0294,PIPPINUSDT,short,official_close,2025-10-29T23:30:00Z,2025-10-29T23:45:00Z,PIPPINUSDT|2025-10-29T23:30:00Z,2025-10-29T23:45:00Z,0.0187,6.0,0,closed,realized,2025-10-29T23:55:59Z,0.01889,stop_1m,,,-0.010160427807486494,-0.011347878951871615,,,-0.010160427807486494,-0.011347878951871615,10,0,1,0,0,atr,0.0001900000000000007,1.75,1.0,8,3,1,2025-10-29T23:55:59Z,40.0,-0.4539151580748646,-0.011347878951871615,2025-10
rank32b-linkusdt-6de54fe5f18556d5,LINKUSDT,long,official_close,2025-10-30T00:45:00Z,2025-10-30T01:00:00Z,LINKUSDT|2025-10-30T00:45:00Z,2025-10-30T01:00:00Z,18.272,6.0,0,closed,realized,2025-10-30T01:04:59Z,18.132571428571428,stop_1m,,,-0.0076307230422816286,-0.008821208921691248,,,-0.0076307230422816286,-0.008821208921691248,4,0,1,0,0,atr,0.13942857142857054,1.75,1.0,8,3,1,2025-10-30T01:04:59Z,100.0,-0.8821208921691248,-0.008821208921691248,2025-10
rank32b-brettusdt-128e2d398663f9a0,BRETTUSDT,short,official_close,2025-10-29T23:00:00Z,2025-10-29T23:15:00Z,BRETTUSDT|2025-10-29T23:00:00Z,2025-10-29T23:15:00Z,0.02939,6.0,0,closed,realized,2025-10-30T01:15:59Z,0.0292,timeout_1m,,,0.006464783940115626,0.005257388526709761,,,0.006464783940115626,0.005257388526709761,120,0,0,1,0,atr,0.00032785714285714314,1.75,1.0,8,3,1,2025-10-30T01:15:59Z,40.0,0.21029554106839043,0.005257388526709761,2025-10
rank32b-pippinusdt-874011ec4a3e192d,PIPPINUSDT,short,official_close,2025-10-30T03:00:00Z,2025-10-30T03:15:00Z,PIPPINUSDT|2025-10-30T03:00:00Z,2025-10-30T03:15:00Z,0.01884,6.0,0,closed,realized,2025-10-30T04:10:59Z,0.0184975,target_1m,,,0.018179405520169833,0.0169579567781315,,,0.018179405520169833,0.0169579567781315,55,1,0,0,0,atr,0.00019571428571428566,1.75,1.0,8,3,1,2025-10-30T04:10:59Z,40.0,0.67831827112526,0.0169579567781315,2025-10
rank32b-fartcoinusdt-6ea0d6ade7f56a58,FARTCOINUSDT,short,official_close,2025-10-30T04:00:00Z,2025-10-30T04:15:00Z,FARTCOINUSDT|2025-10-30T04:00:00Z,2025-10-30T04:15:00Z,0.3661,6.0,0,closed,realized,2025-10-30T05:51:59Z,0.37244285714285713,stop_1m,,,-0.017325477035938786,-0.018504332700667425,,,-0.017325477035938786,-0.018504332700667425,96,0,1,0,0,atr,0.006342857142857146,1.75,1.0,8,3,1,2025-10-30T05:51:59Z,40.0,-0.740173308026697,-0.018504332700667425,2025-10
rank32b-aaveusdt-1a831fad0f18e85c,AAVEUSDT,short,official_close,2025-10-30T06:45:00Z,2025-10-30T07:00:00Z,AAVEUSDT|2025-10-30T06:45:00Z,2025-10-30T07:00:00Z,227.6,6.0,0,closed,realized,2025-10-30T07:18:59Z,230.24571428571429,stop_1m,,,-0.011624403715792209,-0.012810098616118704,,,-0.011624403715792209,-0.012810098616118704,18,0,1,0,0,atr,2.6457142857142832,1.75,1.0,8,3,1,2025-10-30T07:18:59Z,100.0,-1.2810098616118704,-0.012810098616118704,2025-10
rank32b-dotusdt-47d60ad18f1a0d97,DOTUSDT,short,official_close,2025-10-30T08:00:00Z,2025-10-30T08:15:00Z,DOTUSDT|2025-10-30T08:00:00Z,2025-10-30T08:15:00Z,3.053,6.0,0,closed,realized,2025-10-30T09:19:59Z,3.0135,target_1m,,,0.012938093678349083,0.011722932623648763,,,0.012938093678349083,0.011722932623648763,64,1,0,0,0,atr,0.022571428571428496,1.75,1.0,8,3,1,2025-10-30T09:19:59Z,100.0,1.1722932623648763,0.011722932623648763,2025-10
rank32b-linkusdt-b34ed06cebc2cb1a,LINKUSDT,short,official_close,2025-10-30T09:00:00Z,2025-10-30T09:15:00Z,LINKUSDT|2025-10-30T09:00:00Z,2025-10-30T09:15:00Z,18.065,6.0,0,closed,realized,2025-10-30T10:43:59Z,17.822750000000003,target_1m,,,0.013409908663160719,0.012194181600331921,,,0.013409908663160719,0.012194181600331921,88,1,0,0,0,atr,0.13842857142857085,1.75,1.0,8,3,1,2025-10-30T10:43:59Z,100.0,1.2194181600331921,0.012194181600331921,2025-10
rank32b-pippinusdt-20789e0c74cfc800,PIPPINUSDT,short,official_close,2025-10-30T16:15:00Z,2025-10-30T16:30:00Z,PIPPINUSDT|2025-10-30T16:15:00Z,2025-10-30T16:30:00Z,0.01804,6.0,0,closed,realized,2025-10-30T16:50:59Z,0.018660714285714284,stop_1m,,,-0.03440766550522634,-0.03556602869337966,,,-0.03440766550522634,-0.03556602869337966,20,0,1,0,0,atr,0.0006207142857142847,1.75,1.0,8,3,1,2025-10-30T16:50:59Z,40.0,-1.4226411477351864,-0.03556602869337966,2025-10
rank32b-brettusdt-7c59817be1e917f7,BRETTUSDT,short,official_close,2025-10-31T02:00:00Z,2025-10-31T02:15:00Z,BRETTUSDT|2025-10-31T02:00:00Z,2025-10-31T02:15:00Z,0.02658,6.0,0,closed,realized,2025-10-31T02:25:59Z,0.026787142857142857,stop_1m,,,-0.007793184994087987,-0.00898347597764182,,,-0.007793184994087987,-0.00898347597764182,10,0,1,0,0,atr,0.00020714285714285737,1.75,1.0,8,3,1,2025-10-31T02:25:59Z,40.0,-0.3593390391056728,-0.00898347597764182,2025-10
rank32b-aaveusdt-702813d7d75d2357,AAVEUSDT,short,official_close,2025-10-31T02:30:00Z,2025-10-31T02:45:00Z,AAVEUSDT|2025-10-31T02:30:00Z,2025-10-31T02:45:00Z,216.03,6.0,0,closed,realized,2025-10-31T03:10:59Z,217.38214285714287,stop_1m,,,-0.006259051322237141,-0.007451182713908988,,,-0.006259051322237141,-0.007451182713908988,25,0,1,0,0,atr,1.3521428571428598,1.75,1.0,8,3,1,2025-10-31T03:10:59Z,100.0,-0.7451182713908988,-0.007451182713908988,2025-10
rank32b-ltcusdt-a4c0bd53e21b7fce,LTCUSDT,short,official_close,2025-10-31T01:30:00Z,2025-10-31T01:45:00Z,LTCUSDT|2025-10-31T01:30:00Z,2025-10-31T01:45:00Z,93.69,6.0,0,closed,realized,2025-10-31T03:45:59Z,93.71,timeout_1m,,,-0.00021346995410387315,-0.0014128538670081792,,,-0.00021346995410387315,-0.0014128538670081792,120,0,0,1,0,atr,0.47357142857142825,1.75,1.0,8,3,1,2025-10-31T03:45:59Z,100.0,-0.14128538670081792,-0.0014128538670081792,2025-10
rank32b-tradoorusdt-095fb2d3ba68d6eb,TRADOORUSDT,short,official_close,2025-10-31T05:00:00Z,2025-10-31T05:15:00Z,TRADOORUSDT|2025-10-31T05:00:00Z,2025-10-31T05:15:00Z,2.338,6.0,0,closed,realized,2025-10-31T07:00:59Z,2.308875,target_1m,,,0.012457228400342246,0.01124264421086374,,,0.012457228400342246,0.01124264421086374,105,1,0,0,0,atr,0.016642857142857213,1.75,1.0,8,3,1,2025-10-31T07:00:59Z,40.0,0.44970576843454957,0.01124264421086374,2025-10
rank32b-avaxusdt-eea652385f65977a,AVAXUSDT,short,official_close,2025-10-31T07:15:00Z,2025-10-31T07:30:00Z,AVAXUSDT|2025-10-31T07:15:00Z,2025-10-31T07:30:00Z,18.358,6.0,0,closed,realized,2025-10-31T08:14:59Z,18.20825,target_1m,,,0.008157206667393058,0.006947780955986582,,,0.008157206667393058,0.006947780955986582,44,1,0,0,0,atr,0.0855714285714291,1.75,1.0,8,3,1,2025-10-31T08:14:59Z,100.0,0.6947780955986582,0.006947780955986582,2025-10
rank32b-brettusdt-d43dc191afaa75a8,BRETTUSDT,short,official_close,2025-10-31T08:00:00Z,2025-10-31T08:15:00Z,BRETTUSDT|2025-10-31T08:00:00Z,2025-10-31T08:15:00Z,0.02666,6.0,0,closed,realized,2025-10-31T08:20:59Z,0.026822142857142857,stop_1m,,,-0.0060818776122602,-0.007274221548601467,,,-0.0060818776122602,-0.007274221548601467,5,0,1,0,0,atr,0.00016214285714285698,1.75,1.0,8,3,1,2025-10-31T08:20:59Z,40.0,-0.2909688619440587,-0.007274221548601467,2025-10
rank32b-tradoorusdt-d2b924bee9165c14,TRADOORUSDT,short,official_close,2025-10-31T10:45:00Z,2025-10-31T11:00:00Z,TRADOORUSDT|2025-10-31T10:45:00Z,2025-10-31T11:00:00Z,2.32,6.0,0,closed,realized,2025-10-31T11:47:59Z,2.3375714285714286,stop_1m,,,-0.007573891625615836,-0.008764445682266198,,,-0.007573891625615836,-0.008764445682266198,47,0,1,0,0,atr,0.017571428571428602,1.75,1.0,8,3,1,2025-10-31T11:47:59Z,40.0,-0.3505778272906479,-0.008764445682266198,2025-10
rank32b-avaxusdt-6aed84eeb46772ae,AVAXUSDT,short,official_close,2025-10-31T13:30:00Z,2025-10-31T13:45:00Z,AVAXUSDT|2025-10-31T13:30:00Z,2025-10-31T13:45:00Z,18.302,6.0,0,closed,realized,2025-10-31T13:54:59Z,18.404642857142857,stop_1m,,,-0.005608286369951809,-0.006801198445291035,,,-0.005608286369951809,-0.006801198445291035,9,0,1,0,0,atr,0.10264285714285697,1.75,1.0,8,3,1,2025-10-31T13:54:59Z,100.0,-0.6801198445291035,-0.006801198445291035,2025-10
rank32b-fartcoinusdt-3c19b878ef9d7aba,FARTCOINUSDT,short,official_close,2025-10-31T14:00:00Z,2025-10-31T14:15:00Z,FARTCOINUSDT|2025-10-31T14:00:00Z,2025-10-31T14:15:00Z,0.3353,6.0,0,closed,realized,2025-10-31T14:56:59Z,0.3399357142857143,stop_1m,,,-0.013825571982446494,-0.015008626273273595,,,-0.013825571982446494,-0.015008626273273595,41,0,1,0,0,atr,0.004635714285714275,1.75,1.0,8,3,1,2025-10-31T14:56:59Z,40.0,-0.6003450509309438,-0.015008626273273595,2025-10
rank32b-avaxusdt-b8f0483e8c89b360,AVAXUSDT,short,official_close,2025-10-31T15:45:00Z,2025-10-31T16:00:00Z,AVAXUSDT|2025-10-31T15:45:00Z,2025-10-31T16:00:00Z,18.266,6.0,0,closed,realized,2025-10-31T16:46:59Z,18.034499999999998,target_1m,,,0.012673820212416587,0.01145897619073688,,,0.012673820212416587,0.01145897619073688,46,1,0,0,0,atr,0.1322857142857143,1.75,1.0,8,3,1,2025-10-31T16:46:59Z,100.0,1.145897619073688,0.01145897619073688,2025-10
rank32b-bnbusdt-d4932d1a6f4d541d,BNBUSDT,short,official_close,2025-10-31T15:15:00Z,2025-10-31T15:30:00Z,BNBUSDT|2025-10-31T15:15:00Z,2025-10-31T15:30:00Z,1082.43,6.0,0,closed,realized,2025-10-31T16:57:59Z,1072.7250000000001,target_1m,,,0.008965937751170938,0.007755541853606829,,,0.008965937751170938,0.007755541853606829,87,1,0,0,0,atr,5.5457142857142765,1.75,1.0,8,3,1,2025-10-31T16:57:59Z,100.0,0.7755541853606829,0.007755541853606829,2025-10
rank32b-tradoorusdt-f8b5eb16e1275684,TRADOORUSDT,short,official_close,2025-10-31T16:45:00Z,2025-10-31T17:00:00Z,TRADOORUSDT|2025-10-31T16:45:00Z,2025-10-31T17:00:00Z,2.36,6.0,0,closed,realized,2025-10-31T18:11:59Z,2.3977857142857144,stop_1m,,,-0.016010895883777243,-0.017191328572639386,,,-0.016010895883777243,-0.017191328572639386,71,0,1,0,0,atr,0.037785714285714374,1.75,1.0,8,3,1,2025-10-31T18:11:59Z,40.0,-0.6876531429055754,-0.017191328572639386,2025-10
rank32b-tradoorusdt-b18fdc8a2c63a309,TRADOORUSDT,short,official_close,2025-10-31T21:30:00Z,2025-10-31T21:45:00Z,TRADOORUSDT|2025-10-31T21:30:00Z,2025-10-31T21:45:00Z,2.354,6.0,0,closed,realized,2025-10-31T22:05:59Z,2.3749285714285717,stop_1m,,,-0.008890642068212218,-0.010079616498361532,,,-0.008890642068212218,-0.010079616498361532,20,0,1,0,0,atr,0.02092857142857147,1.75,1.0,8,3,1,2025-10-31T22:05:59Z,40.0,-0.4031846599344613,-0.010079616498361532,2025-10
rank32b-brettusdt-4d3182c83c079dc1,BRETTUSDT,short,official_close,2025-11-01T00:00:00Z,2025-11-01T00:15:00Z,BRETTUSDT|2025-11-01T00:00:00Z,2025-11-01T00:15:00Z,0.02671,6.0,0,closed,realized,2025-11-01T00:46:59Z,0.026876428571428572,stop_1m,,,-0.0062309461410920974,-0.007423111248863523,,,-0.0062309461410920974,-0.007423111248863523,31,0,1,0,0,atr,0.0001664285714285711,1.75,1.0,8,3,1,2025-11-01T00:46:59Z,40.0,-0.2969244499545409,-0.007423111248863523,2025-11
rank32b-uniusdt-d37403b59c6b89a4,UNIUSDT,short,official_close,2025-11-01T01:00:00Z,2025-11-01T01:15:00Z,UNIUSDT|2025-11-01T01:00:00Z,2025-11-01T01:15:00Z,5.751,6.0,0,closed,realized,2025-11-01T01:32:59Z,5.7735,stop_1m,,,-0.00391236306729259,-0.005107309640062674,,,-0.00391236306729259,-0.005107309640062674,17,0,1,0,0,atr,0.022499999999999964,1.75,1.0,8,3,1,2025-11-01T01:32:59Z,100.0,-0.5107309640062674,-0.005107309640062674,2025-11
rank32b-brettusdt-79b2d76d938f9a39,BRETTUSDT,short,official_close,2025-11-01T02:00:00Z,2025-11-01T02:15:00Z,BRETTUSDT|2025-11-01T02:00:00Z,2025-11-01T02:15:00Z,0.02675,6.0,0,closed,realized,2025-11-01T02:19:59Z,0.026922142857142856,stop_1m,,,-0.006435246995994737,-0.007627167016288516,,,-0.006435246995994737,-0.007627167016288516,4,0,1,0,0,atr,0.0001721428571428573,1.75,1.0,8,3,1,2025-11-01T02:19:59Z,40.0,-0.30508668065154065,-0.007627167016288516,2025-11
rank32b-wldusdt-0c4bbc0c6eb02254,WLDUSDT,short,official_close,2025-11-01T01:45:00Z,2025-11-01T02:00:00Z,WLDUSDT|2025-11-01T01:45:00Z,2025-11-01T02:00:00Z,0.7967,6.0,0,closed,realized,2025-11-01T02:44:59Z,0.8002714285714285,stop_1m,,,-0.004482777170112362,-0.005677039451308152,,,-0.004482777170112362,-0.005677039451308152,44,0,1,0,0,atr,0.0035714285714285665,1.75,1.0,8,3,1,2025-11-01T02:44:59Z,100.0,-0.5677039451308152,-0.005677039451308152,2025-11
rank32b-suiusdt-29584b87577a1789,SUIUSDT,short,official_close,2025-11-01T14:00:00Z,2025-11-01T14:15:00Z,SUIUSDT|2025-11-01T14:00:00Z,2025-11-01T14:15:00Z,2.3456,6.0,0,closed,realized,2025-11-01T14:23:59Z,2.3567785714285714,stop_1m,,,-0.0047657620346910345,-0.005959684835923906,,,-0.0047657620346910345,-0.005959684835923906,8,0,1,0,0,atr,0.011178571428571451,1.75,1.0,8,3,1,2025-11-01T14:23:59Z,100.0,-0.5959684835923906,-0.005959684835923906,2025-11
rank32b-pippinusdt-0e387c9504372c53,PIPPINUSDT,long,official_close,2025-11-01T14:30:00Z,2025-11-01T14:45:00Z,PIPPINUSDT|2025-11-01T14:30:00Z,2025-11-01T14:45:00Z,0.0367,6.0,0,closed,realized,2025-11-01T15:12:59Z,0.039142500000000004,target_1m,,,0.06655313351498648,0.06527365371389648,,,0.06655313351498648,0.06527365371389648,27,1,0,0,0,atr,0.0013957142857142868,1.75,1.0,8,3,1,2025-11-01T15:12:59Z,40.0,2.6109461485558594,0.06527365371389648,2025-11
rank32b-brettusdt-246e884bc2094573,BRETTUSDT,long,official_close,2025-11-01T15:00:00Z,2025-11-01T15:15:00Z,BRETTUSDT|2025-11-01T15:00:00Z,2025-11-01T15:15:00Z,0.02796,6.0,0,closed,realized,2025-11-01T15:24:59Z,0.027677857142857143,stop_1m,,,-0.010090946249744492,-0.011278480746985564,,,-0.010090946249744492,-0.011278480746985564,9,0,1,0,0,atr,0.00028214285714285657,1.75,1.0,8,3,1,2025-11-01T15:24:59Z,40.0,-0.45113922987942257,-0.011278480746985564,2025-11
rank32b-zecusdt-d41aeba4abccd710,ZECUSDT,long,official_close,2025-11-01T15:15:00Z,2025-11-01T15:30:00Z,ZECUSDT|2025-11-01T15:15:00Z,2025-11-01T15:30:00Z,414.12,6.0,0,closed,realized,2025-11-01T17:30:59Z,416.98,timeout_1m,,,0.006906210760166065,0.0056982857934897435,,,0.006906210760166065,0.0056982857934897435,120,0,0,1,0,atr,9.457142857142864,1.75,1.0,8,3,1,2025-11-01T17:30:59Z,100.0,0.5698285793489744,0.0056982857934897435,2025-11
rank32b-actusdt-5ff4c3112255c6b0,ACTUSDT,long,official_close,2025-11-01T15:45:00Z,2025-11-01T16:00:00Z,ACTUSDT|2025-11-01T15:45:00Z,2025-11-01T16:00:00Z,0.02095,6.0,0,closed,realized,2025-11-01T18:00:59Z,0.0209,timeout_1m,,,-0.0023866348448687846,-0.003583411742243525,,,-0.0023866348448687846,-0.003583411742243525,120,0,0,1,0,atr,0.00020142857142857164,1.75,1.0,8,3,1,2025-11-01T18:00:59Z,40.0,-0.143336469689741,-0.003583411742243525,2025-11
rank32b-adausdt-5e18efb358fe0d18,ADAUSDT,short,official_close,2025-11-01T21:45:00Z,2025-11-01T22:00:00Z,ADAUSDT|2025-11-01T21:45:00Z,2025-11-01T22:00:00Z,0.6078,6.0,0,closed,realized,2025-11-01T22:09:59Z,0.6097785714285714,stop_1m,,,-0.0032553001457245045,-0.0044510349574578,,,-0.0032553001457245045,-0.0044510349574578,9,0,1,0,0,atr,0.0019785714285714246,1.75,1.0,8,3,1,2025-11-01T22:09:59Z,100.0,-0.44510349574578,-0.0044510349574578,2025-11
rank32b-zecusdt-26932b58b19f3b43,ZECUSDT,long,official_close,2025-11-02T01:15:00Z,2025-11-02T01:30:00Z,ZECUSDT|2025-11-02T01:15:00Z,2025-11-02T01:30:00Z,417.51,6.0,0,closed,realized,2025-11-02T01:37:59Z,411.9757142857143,stop_1m,,,-0.013255456669985621,-0.014439194893946183,,,-0.013255456669985621,-0.014439194893946183,7,0,1,0,0,atr,5.534285714285711,1.75,1.0,8,3,1,2025-11-02T01:37:59Z,100.0,-1.4439194893946183,-0.014439194893946183,2025-11
rank32b-pippinusdt-78fee26635e05c28,PIPPINUSDT,long,official_close,2025-11-02T00:15:00Z,2025-11-02T00:30:00Z,PIPPINUSDT|2025-11-02T00:15:00Z,2025-11-02T00:30:00Z,0.03882,6.0,0,closed,realized,2025-11-02T02:30:59Z,0.03783642857142857,stop_1m,,,-0.025336718922499557,-0.02650596398101146,,,-0.025336718922499557,-0.02650596398101146,120,0,1,0,0,atr,0.0009835714285714285,1.75,1.0,8,3,1,2025-11-02T02:30:59Z,40.0,-1.0602385592404584,-0.02650596398101146,2025-11
rank32b-pippinusdt-7276ad949a232f0e,PIPPINUSDT,long,official_close,2025-11-02T03:00:00Z,2025-11-02T03:15:00Z,PIPPINUSDT|2025-11-02T03:00:00Z,2025-11-02T03:15:00Z,0.03856,6.0,0,closed,realized,2025-11-02T03:28:59Z,0.03781428571428571,stop_1m,,,-0.019339063426200398,-0.020515503512151922,,,-0.019339063426200398,-0.020515503512151922,13,0,1,0,0,atr,0.0007457142857142851,1.75,1.0,8,3,1,2025-11-02T03:28:59Z,40.0,-0.8206201404860769,-0.020515503512151922,2025-11
rank32b-wldusdt-e7d2b46afd38160e,WLDUSDT,long,official_close,2025-11-02T05:45:00Z,2025-11-02T06:00:00Z,WLDUSDT|2025-11-02T05:45:00Z,2025-11-02T06:00:00Z,0.8634,6.0,0,closed,realized,2025-11-02T06:38:59Z,0.8580142857142856,stop_1m,,,-0.006237797412224189,-0.007429954300936625,,,-0.006237797412224189,-0.007429954300936625,38,0,1,0,0,atr,0.0053857142857142715,1.75,1.0,8,3,1,2025-11-02T06:38:59Z,100.0,-0.7429954300936625,-0.007429954300936625,2025-11
rank32b-zecusdt-2cf13fadfba65cf4,ZECUSDT,long,official_close,2025-11-02T06:30:00Z,2025-11-02T06:45:00Z,ZECUSDT|2025-11-02T06:30:00Z,2025-11-02T06:45:00Z,419.32,6.0,0,closed,realized,2025-11-02T06:51:59Z,414.2757142857143,stop_1m,,,-0.012029680707540069,-0.013214889421376164,,,-0.012029680707540069,-0.013214889421376164,6,0,1,0,0,atr,5.044285714285711,1.75,1.0,8,3,1,2025-11-02T06:51:59Z,100.0,-1.3214889421376164,-0.013214889421376164,2025-11
rank32b-zecusdt-25a6b0f42d92297e,ZECUSDT,long,official_close,2025-11-02T07:15:00Z,2025-11-02T07:30:00Z,ZECUSDT|2025-11-02T07:15:00Z,2025-11-02T07:30:00Z,416.4,6.0,0,closed,realized,2025-11-02T08:05:59Z,425.765,target_1m,,,0.022490393852065305,0.021263773475984626,,,0.022490393852065305,0.021263773475984626,35,1,0,0,0,atr,5.351428571428572,1.75,1.0,8,3,1,2025-11-02T08:05:59Z,100.0,2.1263773475984626,0.021263773475984626,2025-11
rank32b-tradoorusdt-76c9575f0e77edbe,TRADOORUSDT,short,official_close,2025-11-02T08:30:00Z,2025-11-02T08:45:00Z,TRADOORUSDT|2025-11-02T08:30:00Z,2025-11-02T08:45:00Z,2.395,6.0,0,closed,realized,2025-11-02T08:57:59Z,2.420714285714286,stop_1m,,,-0.010736653742916769,-0.011923413623620704,,,-0.010736653742916769,-0.011923413623620704,12,0,1,0,0,atr,0.025714285714285672,1.75,1.0,8,3,1,2025-11-02T08:57:59Z,40.0,-0.4769365449448282,-0.011923413623620704,2025-11
rank32b-tradoorusdt-9da55e694abf0743,TRADOORUSDT,short,official_close,2025-11-02T09:30:00Z,2025-11-02T09:45:00Z,TRADOORUSDT|2025-11-02T09:30:00Z,2025-11-02T09:45:00Z,2.388,6.0,0,closed,realized,2025-11-02T11:45:59Z,2.394,timeout_1m,,,-0.002512562814070529,-0.0037091886432163435,,,-0.002512562814070529,-0.0037091886432163435,120,0,0,1,0,atr,0.0326428571428571,1.75,1.0,8,3,1,2025-11-02T11:45:59Z,40.0,-0.14836754572865374,-0.0037091886432163435,2025-11
rank32b-nearusdt-2f9a110da46ac470,NEARUSDT,long,official_close,2025-11-02T11:15:00Z,2025-11-02T11:30:00Z,NEARUSDT|2025-11-02T11:15:00Z,2025-11-02T11:30:00Z,2.18,6.0,0,closed,realized,2025-11-02T12:40:59Z,2.1671428571428573,stop_1m,,,-0.005897771952817821,-0.00709033674967241,,,-0.005897771952817821,-0.00709033674967241,70,0,1,0,0,atr,0.012857142857142869,1.75,1.0,8,3,1,2025-11-02T12:40:59Z,100.0,-0.709033674967241,-0.00709033674967241,2025-11
rank32b-aaveusdt-969c72320a4a936d,AAVEUSDT,long,official_close,2025-11-02T16:15:00Z,2025-11-02T16:30:00Z,AAVEUSDT|2025-11-02T16:15:00Z,2025-11-02T16:30:00Z,229.65,6.0,0,closed,realized,2025-11-02T16:31:59Z,227.21642857142857,stop_1m,,,-0.010596871014898479,-0.01178379858455425,,,-0.010596871014898479,-0.01178379858455425,1,0,1,0,0,atr,2.43357142857143,1.75,1.0,8,3,1,2025-11-02T16:31:59Z,100.0,-1.178379858455425,-0.01178379858455425,2025-11
rank32b-tradoorusdt-a5cc9f86079de41d,TRADOORUSDT,short,official_close,2025-11-02T16:00:00Z,2025-11-02T16:15:00Z,TRADOORUSDT|2025-11-02T16:00:00Z,2025-11-02T16:15:00Z,2.382,6.0,0,closed,realized,2025-11-02T18:15:59Z,2.378,timeout_1m,,,0.0016792611251049694,0.000477606616288595,,,0.0016792611251049694,0.000477606616288595,120,0,0,1,0,atr,0.04100000000000005,1.75,1.0,8,3,1,2025-11-02T18:15:59Z,40.0,0.0191042646515438,0.000477606616288595,2025-11
rank32b-zecusdt-f988e12417b03610,ZECUSDT,long,official_close,2025-11-02T21:30:00Z,2025-11-02T21:45:00Z,ZECUSDT|2025-11-02T21:30:00Z,2025-11-02T21:45:00Z,404.96,6.0,0,closed,realized,2025-11-02T22:07:59Z,413.57,target_1m,,,0.021261359146582448,0.020036213169695838,,,0.021261359146582448,0.020036213169695838,22,1,0,0,0,atr,4.9200000000000035,1.75,1.0,8,3,1,2025-11-02T22:07:59Z,100.0,2.003621316969584,0.020036213169695838,2025-11
rank32b-turbousdt-db1c85203d83b67e,TURBOUSDT,short,official_close,2025-11-03T00:15:00Z,2025-11-03T00:30:00Z,TURBOUSDT|2025-11-03T00:15:00Z,2025-11-03T00:30:00Z,0.0021631,6.0,0,closed,realized,2025-11-03T01:25:59Z,0.002130075,target_1m,,,0.015267440247792474,0.014049484815773727,,,0.015267440247792474,0.014049484815773727,55,1,0,0,0,atr,1.887142857142848e-05,1.75,1.0,8,3,1,2025-11-03T01:25:59Z,40.0,0.5619793926309491,0.014049484815773727,2025-11
rank32b-avaxusdt-28b269b27c9855bc,AVAXUSDT,short,official_close,2025-11-03T01:15:00Z,2025-11-03T01:30:00Z,AVAXUSDT|2025-11-03T01:15:00Z,2025-11-03T01:30:00Z,18.404,6.0,0,closed,realized,2025-11-03T02:04:59Z,18.182125,target_1m,,,0.012055803086285621,0.010841700462671078,,,0.012055803086285621,0.010841700462671078,34,1,0,0,0,atr,0.12678571428571495,1.75,1.0,8,3,1,2025-11-03T02:04:59Z,100.0,1.0841700462671078,0.010841700462671078,2025-11
rank32b-brettusdt-9b392e8e3d50d2c8,BRETTUSDT,short,official_close,2025-11-03T00:45:00Z,2025-11-03T01:00:00Z,BRETTUSDT|2025-11-03T00:45:00Z,2025-11-03T01:00:00Z,0.02663,6.0,0,closed,realized,2025-11-03T02:27:59Z,0.02619,target_1m,,,0.016522718738265052,0.015303257423957772,,,0.016522718738265052,0.015303257423957772,87,1,0,0,0,atr,0.00025142857142857134,1.75,1.0,8,3,1,2025-11-03T02:27:59Z,40.0,0.6121302969583109,0.015303257423957772,2025-11
rank32b-pippinusdt-4468a02724f8e756,PIPPINUSDT,short,official_close,2025-11-04T00:00:00Z,2025-11-04T00:15:00Z,PIPPINUSDT|2025-11-04T00:00:00Z,2025-11-04T00:15:00Z,0.03105,6.0,0,closed,realized,2025-11-04T00:33:59Z,0.03171285714285715,stop_1m,,,-0.021348056130664927,-0.0225220861486084,,,-0.021348056130664927,-0.0225220861486084,18,0,1,0,0,atr,0.0006628571428571423,1.75,1.0,8,3,1,2025-11-04T00:33:59Z,40.0,-0.900883445944336,-0.0225220861486084,2025-11
rank32b-ltcusdt-e9cbddb24272cacc,LTCUSDT,short,official_close,2025-11-04T04:45:00Z,2025-11-04T05:00:00Z,LTCUSDT|2025-11-04T04:45:00Z,2025-11-04T05:00:00Z,89.05,6.0,0,closed,realized,2025-11-04T05:24:59Z,87.8,target_1m,,,0.014037057832678279,0.012820578416619766,,,0.014037057832678279,0.012820578416619766,24,1,0,0,0,atr,0.7142857142857133,1.75,1.0,8,3,1,2025-11-04T05:24:59Z,100.0,1.2820578416619766,0.012820578416619766,2025-11
rank32b-pippinusdt-3ac0730199ebe593,PIPPINUSDT,short,official_close,2025-11-04T06:30:00Z,2025-11-04T06:45:00Z,PIPPINUSDT|2025-11-04T06:30:00Z,2025-11-04T06:45:00Z,0.03116,6.0,0,closed,realized,2025-11-04T08:45:59Z,0.03063,timeout_1m,,,0.017008985879332417,0.015788941219512242,,,0.017008985879332417,0.015788941219512242,120,0,0,1,0,atr,0.0008485714285714289,1.75,1.0,8,3,1,2025-11-04T08:45:59Z,40.0,0.6315576487804897,0.015788941219512242,2025-11
rank32b-actusdt-3ff5b80260d4806e,ACTUSDT,short,official_close,2025-11-04T15:00:00Z,2025-11-04T15:15:00Z,ACTUSDT|2025-11-04T15:00:00Z,2025-11-04T15:15:00Z,0.01696,6.0,0,closed,realized,2025-11-04T15:19:59Z,0.01716785714285714,stop_1m,,,-0.012255727762803259,-0.01344066530154997,,,-0.012255727762803259,-0.01344066530154997,4,0,1,0,0,atr,0.00020785714285714258,1.75,1.0,8,3,1,2025-11-04T15:19:59Z,40.0,-0.5376266120619988,-0.01344066530154997,2025-11
rank32b-turbousdt-3847b0e43cc03d21,TURBOUSDT,short,official_close,2025-11-04T15:45:00Z,2025-11-04T16:00:00Z,TURBOUSDT|2025-11-04T15:45:00Z,2025-11-04T16:00:00Z,0.0018505,6.0,0,closed,realized,2025-11-04T16:13:59Z,0.0018773,stop_1m,,,-0.01448257227776284,-0.015664838404755632,,,-0.01448257227776284,-0.015664838404755632,13,0,1,0,0,atr,2.6799999999999984e-05,1.75,1.0,8,3,1,2025-11-04T16:13:59Z,40.0,-0.6265935361902253,-0.015664838404755632,2025-11
rank32b-solusdt-2a6a74fa1020aeee,SOLUSDT,short,official_close,2025-11-04T15:30:00Z,2025-11-04T15:45:00Z,SOLUSDT|2025-11-04T15:30:00Z,2025-11-04T15:45:00Z,163.2,6.0,0,closed,realized,2025-11-04T16:20:59Z,160.40499999999997,target_1m,,,0.017126225490196156,0.01590604018504882,,,0.017126225490196156,0.01590604018504882,35,1,0,0,0,atr,1.597142857142858,1.75,1.0,8,3,1,2025-11-04T16:20:59Z,100.0,1.590604018504882,0.01590604018504882,2025-11
rank32b-tradoorusdt-01430f2884144554,TRADOORUSDT,short,official_close,2025-11-04T19:45:00Z,2025-11-04T20:00:00Z,TRADOORUSDT|2025-11-04T19:45:00Z,2025-11-04T20:00:00Z,1.956,6.0,0,closed,realized,2025-11-04T20:17:59Z,1.8948749999999999,target_1m,,,0.03125,0.03001287124999985,,,0.03125,0.03001287124999985,17,1,0,0,0,atr,0.03492857142857147,1.75,1.0,8,3,1,2025-11-04T20:17:59Z,40.0,1.200514849999994,0.03001287124999985,2025-11
rank32b-tradoorusdt-ac4529dd5e80ccb0,TRADOORUSDT,short,official_close,2025-11-04T20:45:00Z,2025-11-04T21:00:00Z,TRADOORUSDT|2025-11-04T20:45:00Z,2025-11-04T21:00:00Z,1.954,6.0,0,closed,realized,2025-11-04T22:06:59Z,1.9957142857142858,stop_1m,,,-0.021348150314373537,-0.0225221802193305,,,-0.021348150314373537,-0.0225221802193305,66,0,1,0,0,atr,0.041714285714285766,1.75,1.0,8,3,1,2025-11-04T22:06:59Z,40.0,-0.90088720877322,-0.0225221802193305,2025-11
rank32b-zecusdt-2d5827f6c88d1afd,ZECUSDT,long,official_close,2025-11-04T22:15:00Z,2025-11-04T22:30:00Z,ZECUSDT|2025-11-04T22:15:00Z,2025-11-04T22:30:00Z,440.0,6.0,0,closed,realized,2025-11-05T00:17:59Z,426.6221428571429,stop_1m,,,-0.03040422077922078,-0.0315673866598053,,,-0.03040422077922078,-0.0315673866598053,107,0,1,0,0,atr,13.377857142857144,1.75,1.0,8,3,1,2025-11-05T00:17:59Z,100.0,-3.1567386659805297,-0.0315673866598053,2025-11
rank32b-dogeusdt-cb4b80a276daa706,DOGEUSDT,short,official_close,2025-11-04T23:15:00Z,2025-11-04T23:30:00Z,DOGEUSDT|2025-11-04T23:15:00Z,2025-11-04T23:30:00Z,0.16247,6.0,0,closed,realized,2025-11-05T01:23:59Z,0.15717,target_1m,,,0.03262140702898997,0.03138263308426148,,,0.03262140702898997,0.03138263308426148,113,1,0,0,0,atr,0.003028571428571422,1.75,1.0,8,3,1,2025-11-05T01:23:59Z,100.0,3.138263308426148,0.03138263308426148,2025-11
rank32b-tradoorusdt-de8589204cc8a401,TRADOORUSDT,short,official_close,2025-11-05T01:15:00Z,2025-11-05T01:30:00Z,TRADOORUSDT|2025-11-05T01:15:00Z,2025-11-05T01:30:00Z,1.967,6.0,0,closed,realized,2025-11-05T01:55:59Z,2.0,stop_1m,,,-0.01677681748856119,-0.017956331347229293,,,-0.01677681748856119,-0.017956331347229293,25,0,1,0,0,atr,0.03299999999999995,1.75,1.0,8,3,1,2025-11-05T01:55:59Z,40.0,-0.7182532538891717,-0.017956331347229293,2025-11
rank32b-pippinusdt-a18676aed8ed6fc1,PIPPINUSDT,short,official_close,2025-11-04T23:45:00Z,2025-11-05T00:00:00Z,PIPPINUSDT|2025-11-04T23:45:00Z,2025-11-05T00:00:00Z,0.03113,6.0,0,closed,realized,2025-11-05T02:00:59Z,0.03052,timeout_1m,,,0.019595245743655676,0.01837209850305177,,,0.019595245743655676,0.01837209850305177,120,0,0,1,0,atr,0.0010271428571428565,1.75,1.0,8,3,1,2025-11-05T02:00:59Z,40.0,0.7348839401220708,0.01837209850305177,2025-11
rank32b-zecusdt-0b7c2a4858f8f79f,ZECUSDT,long,official_close,2025-11-05T01:45:00Z,2025-11-05T02:00:00Z,ZECUSDT|2025-11-05T01:45:00Z,2025-11-05T02:00:00Z,424.46,6.0,0,closed,realized,2025-11-05T04:00:59Z,421.63,timeout_1m,,,-0.006667294915893129,-0.007858936562220253,,,-0.006667294915893129,-0.007858936562220253,120,0,0,1,0,atr,13.387142857142853,1.75,1.0,8,3,1,2025-11-05T04:00:59Z,100.0,-0.7858936562220253,-0.007858936562220253,2025-11
rank32b-pippinusdt-a6d647e172f23350,PIPPINUSDT,short,official_close,2025-11-05T04:00:00Z,2025-11-05T04:15:00Z,PIPPINUSDT|2025-11-05T04:00:00Z,2025-11-05T04:15:00Z,0.03039,6.0,0,closed,realized,2025-11-05T06:15:59Z,0.03021,timeout_1m,,,0.005923000987166804,0.004716255518262491,,,0.005923000987166804,0.004716255518262491,120,0,0,1,0,atr,0.0005878571428571429,1.75,1.0,8,3,1,2025-11-05T06:15:59Z,40.0,0.18865022073049964,0.004716255518262491,2025-11
rank32b-nearusdt-722cd1dcf3e81214,NEARUSDT,short,official_close,2025-11-05T06:00:00Z,2025-11-05T06:15:00Z,NEARUSDT|2025-11-05T06:00:00Z,2025-11-05T06:15:00Z,1.844,6.0,0,closed,realized,2025-11-05T06:53:59Z,1.8583571428571428,stop_1m,,,-0.0077858692283854225,-0.008976168988224398,,,-0.0077858692283854225,-0.008976168988224398,38,0,1,0,0,atr,0.014357142857142846,1.75,1.0,8,3,1,2025-11-05T06:53:59Z,100.0,-0.8976168988224398,-0.008976168988224398,2025-11
rank32b-tradoorusdt-8e3f0ec77a9b7e4f,TRADOORUSDT,short,official_close,2025-11-05T04:45:00Z,2025-11-05T05:00:00Z,TRADOORUSDT|2025-11-05T04:45:00Z,2025-11-05T05:00:00Z,1.971,6.0,0,closed,realized,2025-11-05T07:00:59Z,1.978,timeout_1m,,,-0.003551496702181689,-0.004746876184678062,,,-0.003551496702181689,-0.004746876184678062,120,0,0,1,0,atr,0.025214285714285682,1.75,1.0,8,3,1,2025-11-05T07:00:59Z,40.0,-0.18987504738712246,-0.004746876184678062,2025-11
rank32b-bchusdt-fa3e615bd390706e,BCHUSDT,short,official_close,2025-11-05T07:00:00Z,2025-11-05T07:15:00Z,BCHUSDT|2025-11-05T07:00:00Z,2025-11-05T07:15:00Z,484.88,6.0,0,closed,realized,2025-11-05T08:21:59Z,479.98,target_1m,,,0.0101055931364461,0.008893830062695729,,,0.0101055931364461,0.008893830062695729,66,1,0,0,0,atr,2.7999999999999994,1.75,1.0,8,3,1,2025-11-05T08:21:59Z,100.0,0.8893830062695729,0.008893830062695729,2025-11
rank32b-pippinusdt-5dbd397f021cce42,PIPPINUSDT,short,official_close,2025-11-05T08:00:00Z,2025-11-05T08:15:00Z,PIPPINUSDT|2025-11-05T08:00:00Z,2025-11-05T08:15:00Z,0.03069,6.0,0,closed,realized,2025-11-05T08:30:59Z,0.0297375,target_1m,,,0.0310361681329423,0.02979929590420305,,,0.0310361681329423,0.02979929590420305,15,1,0,0,0,atr,0.000544285714285714,1.75,1.0,8,3,1,2025-11-05T08:30:59Z,40.0,1.191971836168122,0.02979929590420305,2025-11
rank32b-turbousdt-b2e7b72b88eaba2e,TURBOUSDT,short,official_close,2025-11-05T08:15:00Z,2025-11-05T08:30:00Z,TURBOUSDT|2025-11-05T08:15:00Z,2025-11-05T08:30:00Z,0.0018025,6.0,0,closed,realized,2025-11-05T08:32:59Z,0.0018179642857142858,stop_1m,,,-0.008579354071725831,-0.009768701935407242,,,-0.008579354071725831,-0.009768701935407242,2,0,1,0,0,atr,1.5464285714285736e-05,1.75,1.0,8,3,1,2025-11-05T08:32:59Z,40.0,-0.3907480774162897,-0.009768701935407242,2025-11
rank32b-avaxusdt-a79735ba3e66fa27,AVAXUSDT,short,official_close,2025-11-05T10:45:00Z,2025-11-05T11:00:00Z,AVAXUSDT|2025-11-05T10:45:00Z,2025-11-05T11:00:00Z,16.224,6.0,0,closed,realized,2025-11-05T11:11:59Z,16.344428571428573,stop_1m,,,-0.007422865595942518,-0.008613600829459167,,,-0.007422865595942518,-0.008613600829459167,11,0,1,0,0,atr,0.12042857142857066,1.75,1.0,8,3,1,2025-11-05T11:11:59Z,100.0,-0.8613600829459167,-0.008613600829459167,2025-11
rank32b-fartcoinusdt-6b4cc64aa6dbdd0b,FARTCOINUSDT,short,official_close,2025-11-05T10:30:00Z,2025-11-05T10:45:00Z,FARTCOINUSDT|2025-11-05T10:30:00Z,2025-11-05T10:45:00Z,0.2519,6.0,0,closed,realized,2025-11-05T11:25:59Z,0.2548571428571429,stop_1m,,,-0.011739352350706111,-0.012924909354052216,,,-0.011739352350706111,-0.012924909354052216,40,0,1,0,0,atr,0.0029571428571428687,1.75,1.0,8,3,1,2025-11-05T11:25:59Z,40.0,-0.5169963741620887,-0.012924909354052216,2025-11
rank32b-suiusdt-244f6695d4744fe7,SUIUSDT,short,official_close,2025-11-05T21:00:00Z,2025-11-05T21:15:00Z,SUIUSDT|2025-11-05T21:00:00Z,2025-11-05T21:15:00Z,2.0192,6.0,0,closed,realized,2025-11-05T22:34:59Z,2.0335428571428573,stop_1m,,,-0.007103237491510095,-0.008294356163685901,,,-0.007103237491510095,-0.008294356163685901,79,0,1,0,0,atr,0.014342857142857086,1.75,1.0,8,3,1,2025-11-05T22:34:59Z,100.0,-0.8294356163685901,-0.008294356163685901,2025-11
rank32b-tradoorusdt-45aa35c796f710e0,TRADOORUSDT,short,official_close,2025-11-06T00:15:00Z,2025-11-06T00:30:00Z,TRADOORUSDT|2025-11-06T00:15:00Z,2025-11-06T00:30:00Z,1.985,6.0,0,closed,realized,2025-11-06T01:07:59Z,1.9532500000000002,target_1m,,,0.015994962216624664,0.014776134020150877,,,0.015994962216624664,0.014776134020150877,37,1,0,0,0,atr,0.01814285714285708,1.75,1.0,8,3,1,2025-11-06T01:07:59Z,40.0,0.5910453608060351,0.014776134020150877,2025-11
rank32b-suiusdt-e4e813d5ba6b8ded,SUIUSDT,short,official_close,2025-11-06T01:00:00Z,2025-11-06T01:15:00Z,SUIUSDT|2025-11-06T01:00:00Z,2025-11-06T01:15:00Z,2.0067,6.0,0,closed,realized,2025-11-06T01:46:59Z,2.0194,stop_1m,,,-0.0063287985249416145,-0.007520846245079316,,,-0.0063287985249416145,-0.007520846245079316,31,0,1,0,0,atr,0.01269999999999998,1.75,1.0,8,3,1,2025-11-06T01:46:59Z,100.0,-0.7520846245079316,-0.007520846245079316,2025-11
rank32b-linkusdt-762c0e1a69c3f023,LINKUSDT,short,official_close,2025-11-06T02:00:00Z,2025-11-06T02:15:00Z,LINKUSDT|2025-11-06T02:00:00Z,2025-11-06T02:15:00Z,14.909,6.0,0,closed,realized,2025-11-06T02:19:59Z,15.028500000000001,stop_1m,,,-0.008015292776175409,-0.009205317310349459,,,-0.008015292776175409,-0.009205317310349459,4,0,1,0,0,atr,0.11950000000000001,1.75,1.0,8,3,1,2025-11-06T02:19:59Z,100.0,-0.9205317310349459,-0.009205317310349459,2025-11
rank32b-dotusdt-8583103fc6996fa3,DOTUSDT,long,official_close,2025-11-06T02:15:00Z,2025-11-06T02:30:00Z,DOTUSDT|2025-11-06T02:15:00Z,2025-11-06T02:30:00Z,2.634,6.0,0,closed,realized,2025-11-06T02:44:59Z,2.668125,target_1m,,,0.012955580865603666,0.01174039883257394,,,0.012955580865603666,0.01174039883257394,14,1,0,0,0,atr,0.019499999999999944,1.75,1.0,8,3,1,2025-11-06T02:44:59Z,100.0,1.174039883257394,0.01174039883257394,2025-11
rank32b-pippinusdt-f918e9094ecd2a00,PIPPINUSDT,short,official_close,2025-11-06T01:30:00Z,2025-11-06T01:45:00Z,PIPPINUSDT|2025-11-06T01:30:00Z,2025-11-06T01:45:00Z,0.0311,6.0,0,closed,realized,2025-11-06T03:35:59Z,0.031471428571428574,stop_1m,,,-0.011943040881947642,-0.013128353532384063,,,-0.011943040881947642,-0.013128353532384063,110,0,1,0,0,atr,0.00037142857142857143,1.75,1.0,8,3,1,2025-11-06T03:35:59Z,40.0,-0.5251341412953625,-0.013128353532384063,2025-11
rank32b-uniusdt-b83ca051c9e9a94c,UNIUSDT,long,official_close,2025-11-06T02:30:00Z,2025-11-06T02:45:00Z,UNIUSDT|2025-11-06T02:30:00Z,2025-11-06T02:45:00Z,5.351,6.0,0,closed,realized,2025-11-06T04:45:59Z,5.358,timeout_1m,,,0.0013081666978134177,0.0001069573687160208,,,0.0013081666978134177,0.0001069573687160208,120,0,0,1,0,atr,0.03378571428571427,1.75,1.0,8,3,1,2025-11-06T04:45:59Z,100.0,0.01069573687160208,0.0001069573687160208,2025-11
rank32b-fartcoinusdt-93ace670a18ba6c1,FARTCOINUSDT,short,official_close,2025-11-06T05:00:00Z,2025-11-06T05:15:00Z,FARTCOINUSDT|2025-11-06T05:00:00Z,2025-11-06T05:15:00Z,0.2661,6.0,0,closed,realized,2025-11-06T07:15:59Z,0.2659,timeout_1m,,,0.0007515971439308045,-0.00044894450206689474,,,0.0007515971439308045,-0.00044894450206689474,120,0,0,1,0,atr,0.002399999999999997,1.75,1.0,8,3,1,2025-11-06T07:15:59Z,40.0,-0.01795778008267579,-0.00044894450206689474,2025-11
rank32b-tradoorusdt-8f4d29a1cd95a96e,TRADOORUSDT,short,official_close,2025-11-06T05:30:00Z,2025-11-06T05:45:00Z,TRADOORUSDT|2025-11-06T05:30:00Z,2025-11-06T05:45:00Z,1.956,6.0,0,closed,realized,2025-11-06T07:45:59Z,1.95,timeout_1m,,,0.0030674846625766694,0.0018641647852759569,,,0.0030674846625766694,0.0018641647852759569,120,0,0,1,0,atr,0.017642857142857182,1.75,1.0,8,3,1,2025-11-06T07:45:59Z,40.0,0.07456659141103827,0.0018641647852759569,2025-11
rank32b-aaveusdt-2b9169a33389a9a2,AAVEUSDT,short,official_close,2025-11-06T09:45:00Z,2025-11-06T10:00:00Z,AAVEUSDT|2025-11-06T09:45:00Z,2025-11-06T10:00:00Z,199.94,6.0,0,closed,realized,2025-11-06T10:34:59Z,201.11928571428572,stop_1m,,,-0.005898198030837909,-0.007090762316552257,,,-0.005898198030837909,-0.007090762316552257,34,0,1,0,0,atr,1.1792857142857156,1.75,1.0,8,3,1,2025-11-06T10:34:59Z,100.0,-0.7090762316552257,-0.007090762316552257,2025-11
rank32b-uniusdt-f5c079ce553190b9,UNIUSDT,long,official_close,2025-11-06T13:15:00Z,2025-11-06T13:30:00Z,UNIUSDT|2025-11-06T13:15:00Z,2025-11-06T13:30:00Z,5.31,6.0,0,closed,realized,2025-11-06T14:06:59Z,5.277357142857142,stop_1m,,,-0.006147430723701941,-0.0073396960199085814,,,-0.006147430723701941,-0.0073396960199085814,36,0,1,0,0,atr,0.03264285714285732,1.75,1.0,8,3,1,2025-11-06T14:06:59Z,100.0,-0.7339696019908581,-0.0073396960199085814,2025-11
rank32b-actusdt-188cfcdcd4c25dd4,ACTUSDT,short,official_close,2025-11-06T14:45:00Z,2025-11-06T15:00:00Z,ACTUSDT|2025-11-06T14:45:00Z,2025-11-06T15:00:00Z,0.01717,6.0,0,closed,realized,2025-11-06T15:20:59Z,0.017334285714285715,stop_1m,,,-0.009568183709127265,-0.010756345333222561,,,-0.009568183709127265,-0.010756345333222561,20,0,1,0,0,atr,0.0001642857142857138,1.75,1.0,8,3,1,2025-11-06T15:20:59Z,40.0,-0.43025381332890245,-0.010756345333222561,2025-11
rank32b-turbousdt-5f014aa1e0640eaa,TURBOUSDT,short,official_close,2025-11-06T14:00:00Z,2025-11-06T14:15:00Z,TURBOUSDT|2025-11-06T14:00:00Z,2025-11-06T14:15:00Z,0.0018557,6.0,0,closed,realized,2025-11-06T15:34:59Z,0.001826575,target_1m,,,0.01569488602683622,0.014476417813762854,,,0.01569488602683622,0.014476417813762854,79,1,0,0,0,atr,1.6642857142857136e-05,1.75,1.0,8,3,1,2025-11-06T15:34:59Z,40.0,0.5790567125505142,0.014476417813762854,2025-11
rank32b-brettusdt-74c2f9612c3ca70d,BRETTUSDT,short,official_close,2025-11-06T15:30:00Z,2025-11-06T15:45:00Z,BRETTUSDT|2025-11-06T15:30:00Z,2025-11-06T15:45:00Z,0.02155,6.0,0,closed,realized,2025-11-06T16:43:59Z,0.0209975,target_1m,,,0.025638051044083565,0.024407654612528695,,,0.025638051044083565,0.024407654612528695,58,1,0,0,0,atr,0.0003157142857142855,1.75,1.0,8,3,1,2025-11-06T16:43:59Z,40.0,0.9763061845011478,0.024407654612528695,2025-11
rank32b-nearusdt-946f7b90642643c2,NEARUSDT,long,official_close,2025-11-06T16:45:00Z,2025-11-06T17:00:00Z,NEARUSDT|2025-11-06T16:45:00Z,2025-11-06T17:00:00Z,1.94,6.0,0,closed,realized,2025-11-06T17:51:59Z,2.006,target_1m,,,0.03402061855670091,0.03278016606185563,,,0.03402061855670091,0.03278016606185563,51,1,0,0,0,atr,0.037714285714285686,1.75,1.0,8,3,1,2025-11-06T17:51:59Z,100.0,3.278016606185563,0.03278016606185563,2025-11
rank32b-ltcusdt-255ddceb36052ac2,LTCUSDT,short,official_close,2025-11-06T18:00:00Z,2025-11-06T18:15:00Z,LTCUSDT|2025-11-06T18:00:00Z,2025-11-06T18:15:00Z,86.85,6.0,0,closed,realized,2025-11-06T18:40:59Z,87.73071428571428,stop_1m,,,-0.01014063656550701,-0.01132811145225765,,,-0.01014063656550701,-0.01132811145225765,25,0,1,0,0,atr,0.8807142857142877,1.75,1.0,8,3,1,2025-11-06T18:40:59Z,100.0,-1.132811145225765,-0.01132811145225765,2025-11
rank32b-pippinusdt-c3d3133f4c91f799,PIPPINUSDT,short,official_close,2025-11-06T23:00:00Z,2025-11-06T23:15:00Z,PIPPINUSDT|2025-11-06T23:00:00Z,2025-11-06T23:15:00Z,0.03004,6.0,0,closed,realized,2025-11-06T23:24:59Z,0.030795,stop_1m,,,-0.02513315579227693,-0.026302645053262408,,,-0.02513315579227693,-0.026302645053262408,9,0,1,0,0,atr,0.0007549999999999997,1.75,1.0,8,3,1,2025-11-06T23:24:59Z,40.0,-1.0521058021304963,-0.026302645053262408,2025-11
rank32b-zecusdt-8b735ae3daca6184,ZECUSDT,long,official_close,2025-11-06T22:45:00Z,2025-11-06T23:00:00Z,ZECUSDT|2025-11-06T22:45:00Z,2025-11-06T23:00:00Z,519.56,6.0,0,closed,realized,2025-11-06T23:49:59Z,533.2462499999999,target_1m,,,0.026342000923858633,0.025110760005870425,,,0.026342000923858633,0.025110760005870425,49,1,0,0,0,atr,7.82071428571429,1.75,1.0,8,3,1,2025-11-06T23:49:59Z,100.0,2.5110760005870425,0.025110760005870425,2025-11
rank32b-suiusdt-3b02b310244e6d9f,SUIUSDT,short,official_close,2025-11-07T00:15:00Z,2025-11-07T00:30:00Z,SUIUSDT|2025-11-07T00:15:00Z,2025-11-07T00:30:00Z,1.9648,6.0,0,closed,realized,2025-11-07T00:34:59Z,1.9816214285714286,stop_1m,,,-0.00856139483480689,-0.00975076424310739,,,-0.00856139483480689,-0.00975076424310739,4,0,1,0,0,atr,0.01682142857142856,1.75,1.0,8,3,1,2025-11-07T00:34:59Z,100.0,-0.975076424310739,-0.00975076424310739,2025-11
rank32b-suiusdt-1b26f55f0c875506,SUIUSDT,short,official_close,2025-11-07T01:30:00Z,2025-11-07T01:45:00Z,SUIUSDT|2025-11-07T01:30:00Z,2025-11-07T01:45:00Z,1.9583,6.0,0,closed,realized,2025-11-07T01:57:59Z,1.978142857142857,stop_1m,,,-0.010132695267761394,-0.011320179681210463,,,-0.010132695267761394,-0.011320179681210463,12,0,1,0,0,atr,0.01984285714285713,1.75,1.0,8,3,1,2025-11-07T01:57:59Z,100.0,-1.1320179681210463,-0.011320179681210463,2025-11
rank32b-uniusdt-e3b3636e4a26bafb,UNIUSDT,long,official_close,2025-11-07T01:45:00Z,2025-11-07T02:00:00Z,UNIUSDT|2025-11-07T01:45:00Z,2025-11-07T02:00:00Z,5.306,6.0,0,closed,realized,2025-11-07T04:00:59Z,5.332,timeout_1m,,,0.004900113079532531,0.0036945947078776964,,,0.004900113079532531,0.0036945947078776964,120,0,0,1,0,atr,0.04885714285714281,1.75,1.0,8,3,1,2025-11-07T04:00:59Z,100.0,0.36945947078776964,0.0036945947078776964,2025-11
rank32b-aaveusdt-ee02be796ad26106,AAVEUSDT,short,official_close,2025-11-07T04:30:00Z,2025-11-07T04:45:00Z,AAVEUSDT|2025-11-07T04:30:00Z,2025-11-07T04:45:00Z,197.32,6.0,0,closed,realized,2025-11-07T05:04:59Z,199.075,stop_1m,,,-0.008894182039326903,-0.01008315222278533,,,-0.008894182039326903,-0.01008315222278533,19,0,1,0,0,atr,1.7550000000000014,1.75,1.0,8,3,1,2025-11-07T05:04:59Z,100.0,-1.008315222278533,-0.01008315222278533,2025-11
rank32b-brettusdt-19b2cde44327c65b,BRETTUSDT,short,official_close,2025-11-07T09:15:00Z,2025-11-07T09:30:00Z,BRETTUSDT|2025-11-07T09:15:00Z,2025-11-07T09:30:00Z,0.02176,6.0,0,closed,realized,2025-11-07T10:15:59Z,0.021411250000000003,target_1m,,,0.016027113970588203,0.014808247203584646,,,0.016027113970588203,0.014808247203584646,45,1,0,0,0,atr,0.00019928571428571386,1.75,1.0,8,3,1,2025-11-07T10:15:59Z,40.0,0.5923298881433858,0.014808247203584646,2025-11
rank32b-pippinusdt-49ca1a69ce526c18,PIPPINUSDT,long,official_close,2025-11-07T08:00:00Z,2025-11-07T08:15:00Z,PIPPINUSDT|2025-11-07T08:00:00Z,2025-11-07T08:15:00Z,0.0331,6.0,0,closed,realized,2025-11-07T10:15:59Z,0.03326,timeout_1m,,,0.004833836858006091,0.003628397993957755,,,0.004833836858006091,0.003628397993957755,120,0,0,1,0,atr,0.0011728571428571432,1.75,1.0,8,3,1,2025-11-07T10:15:59Z,40.0,0.1451359197583102,0.003628397993957755,2025-11
rank32b-turbousdt-33ad7ba55b6a0d25,TURBOUSDT,long,official_close,2025-11-07T09:45:00Z,2025-11-07T10:00:00Z,TURBOUSDT|2025-11-07T09:45:00Z,2025-11-07T10:00:00Z,0.0018874,6.0,0,closed,realized,2025-11-07T10:18:59Z,0.0018718214285714286,stop_1m,,,-0.008253985073949033,-0.009443723263295012,,,-0.008253985073949033,-0.009443723263295012,18,0,1,0,0,atr,1.557857142857144e-05,1.75,1.0,8,3,1,2025-11-07T10:18:59Z,40.0,-0.3777489305318005,-0.009443723263295012,2025-11
rank32b-adausdt-ed384dbd6d87eb9a,ADAUSDT,short,official_close,2025-11-07T10:45:00Z,2025-11-07T11:00:00Z,ADAUSDT|2025-11-07T10:45:00Z,2025-11-07T11:00:00Z,0.5347,6.0,0,closed,realized,2025-11-07T11:14:59Z,0.52815,target_1m,,,0.01224985973443038,0.011035524312698497,,,0.01224985973443038,0.011035524312698497,14,1,0,0,0,atr,0.003742857142857135,1.75,1.0,8,3,1,2025-11-07T11:14:59Z,100.0,1.1035524312698497,0.011035524312698497,2025-11
rank32b-dogeusdt-aac591f909ae1c28,DOGEUSDT,short,official_close,2025-11-07T11:00:00Z,2025-11-07T11:15:00Z,DOGEUSDT|2025-11-07T11:00:00Z,2025-11-07T11:15:00Z,0.16265,6.0,0,closed,realized,2025-11-07T11:50:59Z,0.16374214285714284,stop_1m,,,-0.006714680953844754,-0.007906265753985342,,,-0.006714680953844754,-0.007906265753985342,35,0,1,0,0,atr,0.001092142857142859,1.75,1.0,8,3,1,2025-11-07T11:50:59Z,100.0,-0.7906265753985342,-0.007906265753985342,2025-11
rank32b-tradoorusdt-bb80c07caccfe695,TRADOORUSDT,long,official_close,2025-11-07T13:45:00Z,2025-11-07T14:00:00Z,TRADOORUSDT|2025-11-07T13:45:00Z,2025-11-07T14:00:00Z,2.006,6.0,0,closed,realized,2025-11-07T14:08:59Z,1.9823571428571427,stop_1m,,,-0.011786070360347511,-0.012971571318900477,,,-0.011786070360347511,-0.012971571318900477,8,0,1,0,0,atr,0.02364285714285717,1.75,1.0,8,3,1,2025-11-07T14:08:59Z,40.0,-0.5188628527560191,-0.012971571318900477,2025-11
rank32b-1000pepeusdt-07befa96a7b76ac8,1000PEPEUSDT,short,official_close,2025-11-07T14:15:00Z,2025-11-07T14:30:00Z,1000PEPEUSDT|2025-11-07T14:15:00Z,2025-11-07T14:30:00Z,0.0056146,6.0,0,closed,realized,2025-11-07T14:45:59Z,0.005675371428571429,stop_1m,,,-0.010823821567240488,-0.01201047687793566,,,-0.010823821567240488,-0.01201047687793566,15,0,1,0,0,atr,6.077142857142855e-05,1.75,1.0,8,3,1,2025-11-07T14:45:59Z,40.0,-0.48041907511742643,-0.01201047687793566,2025-11
rank32b-actusdt-495a1fd34cf20e58,ACTUSDT,long,official_close,2025-11-07T14:30:00Z,2025-11-07T14:45:00Z,ACTUSDT|2025-11-07T14:30:00Z,2025-11-07T14:45:00Z,0.01799,6.0,0,closed,realized,2025-11-07T15:11:59Z,0.01840375,target_1m,,,0.022998888271261952,0.02177165788493607,,,0.022998888271261952,0.02177165788493607,26,1,0,0,0,atr,0.00023642857142857122,1.75,1.0,8,3,1,2025-11-07T15:11:59Z,40.0,0.8708663153974427,0.02177165788493607,2025-11
rank32b-ethusdt-fa0a64009e84d3d9,ETHUSDT,short,official_close,2025-11-07T15:30:00Z,2025-11-07T15:45:00Z,ETHUSDT|2025-11-07T15:30:00Z,2025-11-07T15:45:00Z,3284.25,6.0,0,closed,realized,2025-11-07T16:23:59Z,3316.9807142857144,stop_1m,,,-0.009965963092247732,-0.011153647524283827,,,-0.009965963092247732,-0.011153647524283827,38,0,1,0,0,atr,32.73071428571426,1.75,1.0,8,3,1,2025-11-07T16:23:59Z,100.0,-1.1153647524283827,-0.011153647524283827,2025-11
rank32b-zecusdt-62c5c13ff63f7b4a,ZECUSDT,long,official_close,2025-11-08T00:00:00Z,2025-11-08T00:15:00Z,ZECUSDT|2025-11-08T00:00:00Z,2025-11-08T00:15:00Z,654.24,6.0,0,closed,realized,2025-11-08T00:28:59Z,635.7257142857143,stop_1m,,,-0.02829892044859028,-0.029464611931663387,,,-0.02829892044859028,-0.029464611931663387,13,0,1,0,0,atr,18.514285714285702,1.75,1.0,8,3,1,2025-11-08T00:28:59Z,100.0,-2.9464611931663387,-0.029464611931663387,2025-11
rank32b-wldusdt-d4124b03cad040de,WLDUSDT,long,official_close,2025-11-08T06:30:00Z,2025-11-08T06:45:00Z,WLDUSDT|2025-11-08T06:30:00Z,2025-11-08T06:45:00Z,0.8223,6.0,0,closed,realized,2025-11-08T07:00:59Z,0.8123642857142858,stop_1m,,,-0.012082833863205966,-0.01326797881239039,,,-0.012082833863205966,-0.01326797881239039,15,0,1,0,0,atr,0.009935714285714254,1.75,1.0,8,3,1,2025-11-08T07:00:59Z,100.0,-1.326797881239039,-0.01326797881239039,2025-11
rank32b-turbousdt-d7f1a8b5d886ea28,TURBOUSDT,long,official_close,2025-11-08T07:00:00Z,2025-11-08T07:15:00Z,TURBOUSDT|2025-11-08T07:00:00Z,2025-11-08T07:15:00Z,0.0020801,6.0,0,closed,realized,2025-11-08T07:25:59Z,0.0020530357142857143,stop_1m,,,-0.01301105029291183,-0.014195081716538493,,,-0.01301105029291183,-0.014195081716538493,10,0,1,0,0,atr,2.7064285714285727e-05,1.75,1.0,8,3,1,2025-11-08T07:25:59Z,40.0,-0.5678032686615397,-0.014195081716538493,2025-11
rank32b-brettusdt-84a5dc259c896613,BRETTUSDT,long,official_close,2025-11-08T08:30:00Z,2025-11-08T08:45:00Z,BRETTUSDT|2025-11-08T08:30:00Z,2025-11-08T08:45:00Z,0.02337,6.0,0,closed,realized,2025-11-08T09:04:59Z,0.02305785714285714,stop_1m,,,-0.013356562137049943,-0.014540179070847925,,,-0.013356562137049943,-0.014540179070847925,19,0,1,0,0,atr,0.0003121428571428566,1.75,1.0,8,3,1,2025-11-08T09:04:59Z,40.0,-0.581607162833917,-0.014540179070847925,2025-11
rank32b-tradoorusdt-a1476c524b591d13,TRADOORUSDT,long,official_close,2025-11-08T09:15:00Z,2025-11-08T09:30:00Z,TRADOORUSDT|2025-11-08T09:15:00Z,2025-11-08T09:30:00Z,2.06,6.0,0,closed,realized,2025-11-08T10:12:59Z,2.045,stop_1m,,,-0.00728155339805836,-0.008472458155340035,,,-0.00728155339805836,-0.008472458155340035,42,0,1,0,0,atr,0.015000000000000029,1.75,1.0,8,3,1,2025-11-08T10:12:59Z,40.0,-0.3388983262136014,-0.008472458155340035,2025-11
rank32b-tradoorusdt-f0db63d40d445c18,TRADOORUSDT,long,official_close,2025-11-08T10:45:00Z,2025-11-08T11:00:00Z,TRADOORUSDT|2025-11-08T10:45:00Z,2025-11-08T11:00:00Z,2.07,6.0,0,closed,realized,2025-11-08T11:54:59Z,2.0533571428571427,stop_1m,,,-0.008040027605245026,-0.00923002246652882,,,-0.008040027605245026,-0.00923002246652882,54,0,1,0,0,atr,0.01664285714285718,1.75,1.0,8,3,1,2025-11-08T11:54:59Z,40.0,-0.3692008986611528,-0.00923002246652882,2025-11
rank32b-fartcoinusdt-ba73f745055f2c33,FARTCOINUSDT,long,official_close,2025-11-08T10:30:00Z,2025-11-08T10:45:00Z,FARTCOINUSDT|2025-11-08T10:30:00Z,2025-11-08T10:45:00Z,0.2903,6.0,0,closed,realized,2025-11-08T12:00:59Z,0.2974125,target_1m,,,0.024500516706855047,0.023271484906992823,,,0.024500516706855047,0.023271484906992823,75,1,0,0,0,atr,0.004064285714285715,1.75,1.0,8,3,1,2025-11-08T12:00:59Z,40.0,0.9308593962797129,0.023271484906992823,2025-11
rank32b-avaxusdt-f1abaefc991bffad,AVAXUSDT,long,official_close,2025-11-08T12:15:00Z,2025-11-08T12:30:00Z,AVAXUSDT|2025-11-08T12:15:00Z,2025-11-08T12:30:00Z,17.722,6.0,0,closed,realized,2025-11-08T12:44:59Z,17.6,stop_1m,,,-0.006884098860173826,-0.008075480419817316,,,-0.006884098860173826,-0.008075480419817316,14,0,1,0,0,atr,0.12199999999999989,1.75,1.0,8,3,1,2025-11-08T12:44:59Z,100.0,-0.8075480419817316,-0.008075480419817316,2025-11
rank32b-tradoorusdt-f93def13516b4b0e,TRADOORUSDT,long,official_close,2025-11-08T14:15:00Z,2025-11-08T14:30:00Z,TRADOORUSDT|2025-11-08T14:15:00Z,2025-11-08T14:30:00Z,2.087,6.0,0,closed,realized,2025-11-08T14:32:59Z,2.1277500000000003,target_1m,,,0.019525634882606724,0.018302571149976243,,,0.019525634882606724,0.018302571149976243,2,1,0,0,0,atr,0.023285714285714226,1.75,1.0,8,3,1,2025-11-08T14:32:59Z,40.0,0.7321028459990497,0.018302571149976243,2025-11
rank32b-nearusdt-0fd1e4383e334db2,NEARUSDT,long,official_close,2025-11-08T17:15:00Z,2025-11-08T17:30:00Z,NEARUSDT|2025-11-08T17:15:00Z,2025-11-08T17:30:00Z,2.794,6.0,0,closed,realized,2025-11-08T18:51:59Z,2.880625,target_1m,,,0.03100393700787407,0.02976710344488187,,,0.03100393700787407,0.02976710344488187,81,1,0,0,0,atr,0.049499999999999975,1.75,1.0,8,3,1,2025-11-08T18:51:59Z,100.0,2.976710344488187,0.02976710344488187,2025-11
rank32b-fartcoinusdt-38a4007ee2b1bc96,FARTCOINUSDT,long,official_close,2025-11-08T18:30:00Z,2025-11-08T18:45:00Z,FARTCOINUSDT|2025-11-08T18:30:00Z,2025-11-08T18:45:00Z,0.2892,6.0,0,closed,realized,2025-11-08T20:45:59Z,0.2931,timeout_1m,,,0.013485477178423189,0.012269659460580673,,,0.013485477178423189,0.012269659460580673,120,0,0,1,0,atr,0.0036714285714285638,1.75,1.0,8,3,1,2025-11-08T20:45:59Z,40.0,0.4907863784232269,0.012269659460580673,2025-11
rank32b-zecusdt-9ec18381ac473e62,ZECUSDT,short,official_close,2025-11-08T21:00:00Z,2025-11-08T21:15:00Z,ZECUSDT|2025-11-08T21:00:00Z,2025-11-08T21:15:00Z,568.39,6.0,0,closed,realized,2025-11-08T21:27:59Z,588.8635714285714,stop_1m,,,-0.036020287880806245,-0.037176716502653084,,,-0.036020287880806245,-0.037176716502653084,12,0,1,0,0,atr,20.473571428571443,1.75,1.0,8,3,1,2025-11-08T21:27:59Z,100.0,-3.7176716502653084,-0.037176716502653084,2025-11
rank32b-turbousdt-617cd4a28ed54776,TURBOUSDT,long,official_close,2025-11-08T19:30:00Z,2025-11-08T19:45:00Z,TURBOUSDT|2025-11-08T19:30:00Z,2025-11-08T19:45:00Z,0.0021016,6.0,0,closed,realized,2025-11-08T21:45:59Z,0.0021182,timeout_1m,,,0.00789874381423683,0.006689628165207351,,,0.00789874381423683,0.006689628165207351,120,0,0,1,0,atr,1.953571428571437e-05,1.75,1.0,8,3,1,2025-11-08T21:45:59Z,40.0,0.26758512660829403,0.006689628165207351,2025-11
rank32b-actusdt-04f2eda59ca8f802,ACTUSDT,long,official_close,2025-11-08T20:30:00Z,2025-11-08T20:45:00Z,ACTUSDT|2025-11-08T20:30:00Z,2025-11-08T20:45:00Z,0.01925,6.0,0,closed,realized,2025-11-08T22:45:59Z,0.01945,timeout_1m,,,0.010389610389610393,0.009177506597402463,,,0.010389610389610393,0.009177506597402463,120,0,0,1,0,atr,0.00014214285714285655,1.75,1.0,8,3,1,2025-11-08T22:45:59Z,40.0,0.3671002638960985,0.009177506597402463,2025-11
rank32b-ltcusdt-dab0a8a343dd014c,LTCUSDT,long,official_close,2025-11-09T06:30:00Z,2025-11-09T06:45:00Z,LTCUSDT|2025-11-09T06:30:00Z,2025-11-09T06:45:00Z,101.73,6.0,0,closed,realized,2025-11-09T06:55:59Z,100.85642857142858,stop_1m,,,-0.00858715647863384,-0.009776494982235873,,,-0.00858715647863384,-0.009776494982235873,10,0,1,0,0,atr,0.8735714285714279,1.75,1.0,8,3,1,2025-11-09T06:55:59Z,100.0,-0.9776494982235873,-0.009776494982235873,2025-11
rank32b-suiusdt-7b5813b1c6a777eb,SUIUSDT,long,official_close,2025-11-09T07:30:00Z,2025-11-09T07:45:00Z,SUIUSDT|2025-11-09T07:30:00Z,2025-11-09T07:45:00Z,2.1045,6.0,0,closed,realized,2025-11-09T08:25:59Z,2.0906642857142854,stop_1m,,,-0.006574347486678289,-0.00776610063645955,,,-0.006574347486678289,-0.00776610063645955,40,0,1,0,0,atr,0.013835714285714331,1.75,1.0,8,3,1,2025-11-09T08:25:59Z,100.0,-0.776610063645955,-0.00776610063645955,2025-11
rank32b-tradoorusdt-ee1e2f69366b6da9,TRADOORUSDT,long,official_close,2025-11-09T08:30:00Z,2025-11-09T08:45:00Z,TRADOORUSDT|2025-11-09T08:30:00Z,2025-11-09T08:45:00Z,2.126,6.0,0,closed,realized,2025-11-09T08:58:59Z,2.1117142857142857,stop_1m,,,-0.006719526945302978,-0.007911105931998397,,,-0.006719526945302978,-0.007911105931998397,13,0,1,0,0,atr,0.014285714285714235,1.75,1.0,8,3,1,2025-11-09T08:58:59Z,40.0,-0.31644423727993587,-0.007911105931998397,2025-11
rank32b-brettusdt-0745776f742cd1eb,BRETTUSDT,short,official_close,2025-11-09T08:15:00Z,2025-11-09T08:30:00Z,BRETTUSDT|2025-11-09T08:15:00Z,2025-11-09T08:30:00Z,0.02209,6.0,0,closed,realized,2025-11-09T09:45:59Z,0.021811249999999997,target_1m,,,0.01261883205070169,0.011404053995020424,,,0.01261883205070169,0.011404053995020424,75,1,0,0,0,atr,0.000159285714285714,1.75,1.0,8,3,1,2025-11-09T09:45:59Z,40.0,0.456162159800817,0.011404053995020424,2025-11
rank32b-bchusdt-ee559d69db8fb5db,BCHUSDT,short,official_close,2025-11-09T09:45:00Z,2025-11-09T10:00:00Z,BCHUSDT|2025-11-09T09:45:00Z,2025-11-09T10:00:00Z,491.15,6.0,0,closed,realized,2025-11-09T10:45:59Z,493.21214285714285,stop_1m,,,-0.004198600951120568,-0.005393204141475594,,,-0.004198600951120568,-0.005393204141475594,45,0,1,0,0,atr,2.0621428571428533,1.75,1.0,8,3,1,2025-11-09T10:45:59Z,100.0,-0.5393204141475594,-0.005393204141475594,2025-11
rank32b-ltcusdt-bbfa0bcd34f1a3bf,LTCUSDT,long,official_close,2025-11-09T10:30:00Z,2025-11-09T10:45:00Z,LTCUSDT|2025-11-09T10:30:00Z,2025-11-09T10:45:00Z,101.8,6.0,0,closed,realized,2025-11-09T10:50:59Z,103.18625,target_1m,,,0.013617387033398876,0.01240141107121806,,,0.013617387033398876,0.01240141107121806,5,1,0,0,0,atr,0.7921428571428574,1.75,1.0,8,3,1,2025-11-09T10:50:59Z,100.0,1.240141107121806,0.01240141107121806,2025-11
rank32b-avaxusdt-5a8c6d4ddde19289,AVAXUSDT,long,official_close,2025-11-09T11:00:00Z,2025-11-09T11:15:00Z,AVAXUSDT|2025-11-09T11:00:00Z,2025-11-09T11:15:00Z,17.31,6.0,0,closed,realized,2025-11-09T11:33:59Z,17.215714285714284,stop_1m,,,-0.00544689279524635,-0.006639998484773479,,,-0.00544689279524635,-0.006639998484773479,18,0,1,0,0,atr,0.09428571428571456,1.75,1.0,8,3,1,2025-11-09T11:33:59Z,100.0,-0.6639998484773479,-0.006639998484773479,2025-11
rank32b-turbousdt-1b5ed440e6f1ebc8,TURBOUSDT,long,official_close,2025-11-09T10:45:00Z,2025-11-09T11:00:00Z,TURBOUSDT|2025-11-09T10:45:00Z,2025-11-09T11:00:00Z,0.0020975,6.0,0,closed,realized,2025-11-09T13:00:59Z,0.0021032,timeout_1m,,,0.002717520858164457,0.0015146208114420467,,,0.002717520858164457,0.0015146208114420467,120,0,0,1,0,atr,2.045714285714289e-05,1.75,1.0,8,3,1,2025-11-09T13:00:59Z,40.0,0.06058483245768187,0.0015146208114420467,2025-11
rank32b-nearusdt-bbfd5303808045fb,NEARUSDT,long,official_close,2025-11-09T14:15:00Z,2025-11-09T14:30:00Z,NEARUSDT|2025-11-09T14:15:00Z,2025-11-09T14:30:00Z,2.828,6.0,0,closed,realized,2025-11-09T15:05:59Z,2.89675,target_1m,,,0.024310466760961935,0.02308166295261671,,,0.024310466760961935,0.02308166295261671,35,1,0,0,0,atr,0.03928571428571424,1.75,1.0,8,3,1,2025-11-09T15:05:59Z,100.0,2.308166295261671,0.02308166295261671,2025-11
rank32b-dotusdt-c3c15c10e7e222d1,DOTUSDT,long,official_close,2025-11-09T13:15:00Z,2025-11-09T13:30:00Z,DOTUSDT|2025-11-09T13:15:00Z,2025-11-09T13:30:00Z,3.195,6.0,0,closed,realized,2025-11-09T15:06:59Z,3.245375,target_1m,,,0.01576682316118938,0.014548268649452023,,,0.01576682316118938,0.014548268649452023,96,1,0,0,0,atr,0.02878571428571432,1.75,1.0,8,3,1,2025-11-09T15:06:59Z,100.0,1.4548268649452023,0.014548268649452023,2025-11
rank32b-zecusdt-8a9c35f0f3f96fa6,ZECUSDT,long,official_close,2025-11-10T00:00:00Z,2025-11-10T00:15:00Z,ZECUSDT|2025-11-10T00:00:00Z,2025-11-10T00:15:00Z,620.5,6.0,0,closed,realized,2025-11-10T00:53:59Z,642.22,target_1m,,,0.03500402900886379,0.03376239677550341,,,0.03500402900886379,0.03376239677550341,38,1,0,0,0,atr,12.411428571428562,1.75,1.0,8,3,1,2025-11-10T00:53:59Z,100.0,3.376239677550341,0.03376239677550341,2025-11
rank32b-nearusdt-92467b54a66efe13,NEARUSDT,long,official_close,2025-11-10T04:45:00Z,2025-11-10T05:00:00Z,NEARUSDT|2025-11-10T04:45:00Z,2025-11-10T05:00:00Z,2.936,6.0,0,closed,realized,2025-11-10T05:05:59Z,3.0233749999999997,target_1m,,,0.029759877384196054,0.02852453624489093,,,0.029759877384196054,0.02852453624489093,5,1,0,0,0,atr,0.049928571428571385,1.75,1.0,8,3,1,2025-11-10T05:05:59Z,100.0,2.852453624489093,0.02852453624489093,2025-11
rank32b-dotusdt-df5ed3cb1a92517e,DOTUSDT,long,official_close,2025-11-10T09:15:00Z,2025-11-10T09:30:00Z,DOTUSDT|2025-11-10T09:15:00Z,2025-11-10T09:30:00Z,3.239,6.0,0,closed,realized,2025-11-10T10:36:59Z,3.2136428571428572,stop_1m,,,-0.007828694923477153,-0.009018943307899319,,,-0.007828694923477153,-0.009018943307899319,66,0,1,0,0,atr,0.025357142857142825,1.75,1.0,8,3,1,2025-11-10T10:36:59Z,100.0,-0.9018943307899319,-0.009018943307899319,2025-11
rank32b-1000pepeusdt-c808d5467a984f74,1000PEPEUSDT,long,official_close,2025-11-10T15:30:00Z,2025-11-10T15:45:00Z,1000PEPEUSDT|2025-11-10T15:30:00Z,2025-11-10T15:45:00Z,0.0061783,6.0,0,closed,realized,2025-11-10T15:51:59Z,0.006126542857142857,stop_1m,,,-0.008377246630487889,-0.009566836950340218,,,-0.008377246630487889,-0.009566836950340218,6,0,1,0,0,atr,5.1757142857143025e-05,1.75,1.0,8,3,1,2025-11-10T15:51:59Z,40.0,-0.38267347801360874,-0.009566836950340218,2025-11
rank32b-avaxusdt-c18e3bf487beac2d,AVAXUSDT,long,official_close,2025-11-10T16:00:00Z,2025-11-10T16:15:00Z,AVAXUSDT|2025-11-10T16:00:00Z,2025-11-10T16:15:00Z,18.021,6.0,0,closed,realized,2025-11-10T16:29:59Z,17.873,stop_1m,,,-0.008212640807946259,-0.009402428595527534,,,-0.008212640807946259,-0.009402428595527534,14,0,1,0,0,atr,0.1480000000000002,1.75,1.0,8,3,1,2025-11-10T16:29:59Z,100.0,-0.9402428595527534,-0.009402428595527534,2025-11
rank32b-fartcoinusdt-18507e348dd2c480,FARTCOINUSDT,long,official_close,2025-11-10T17:30:00Z,2025-11-10T17:45:00Z,FARTCOINUSDT|2025-11-10T17:30:00Z,2025-11-10T17:45:00Z,0.3341,6.0,0,closed,realized,2025-11-10T19:37:59Z,0.32887857142857146,stop_1m,,,-0.01562834053106421,-0.016809232148629616,,,-0.01562834053106421,-0.016809232148629616,112,0,1,0,0,atr,0.005221428571428567,1.75,1.0,8,3,1,2025-11-10T19:37:59Z,40.0,-0.6723692859451846,-0.016809232148629616,2025-11
rank32b-brettusdt-9f5e45b1615fd82b,BRETTUSDT,long,official_close,2025-11-10T18:15:00Z,2025-11-10T18:30:00Z,BRETTUSDT|2025-11-10T18:15:00Z,2025-11-10T18:30:00Z,0.02451,6.0,0,closed,realized,2025-11-10T19:47:59Z,0.02506125,target_1m,,,0.0224908200734395,0.021264199186046495,,,0.0224908200734395,0.021264199186046495,77,1,0,0,0,atr,0.0003149999999999998,1.75,1.0,8,3,1,2025-11-10T19:47:59Z,40.0,0.8505679674418598,0.021264199186046495,2025-11
rank32b-fartcoinusdt-90dcbf16f52e2d33,FARTCOINUSDT,long,official_close,2025-11-10T20:00:00Z,2025-11-10T20:15:00Z,FARTCOINUSDT|2025-11-10T20:00:00Z,2025-11-10T20:15:00Z,0.3397,6.0,0,closed,realized,2025-11-10T20:27:59Z,0.3349142857142857,stop_1m,,,-0.014088060894066223,-0.015270800292695452,,,-0.014088060894066223,-0.015270800292695452,12,0,1,0,0,atr,0.004785714285714278,1.75,1.0,8,3,1,2025-11-10T20:27:59Z,40.0,-0.6108320117078181,-0.015270800292695452,2025-11
rank32b-dotusdt-97d66978bc18b43a,DOTUSDT,long,official_close,2025-11-10T19:30:00Z,2025-11-10T19:45:00Z,DOTUSDT|2025-11-10T19:30:00Z,2025-11-10T19:45:00Z,3.227,6.0,0,closed,realized,2025-11-10T21:45:59Z,3.224,timeout_1m,,,-0.0009296560272697985,-0.0021281807747133286,,,-0.0009296560272697985,-0.0021281807747133286,120,0,0,1,0,atr,0.02835714285714284,1.75,1.0,8,3,1,2025-11-10T21:45:59Z,100.0,-0.21281807747133286,-0.0021281807747133286,2025-11
rank32b-adausdt-d30edf9f62f02e3e,ADAUSDT,long,official_close,2025-11-10T22:15:00Z,2025-11-10T22:30:00Z,ADAUSDT|2025-11-10T22:15:00Z,2025-11-10T22:30:00Z,0.5899,6.0,0,closed,realized,2025-11-10T22:52:59Z,0.59795,target_1m,,,0.013646380742498687,0.012430369998304602,,,0.013646380742498687,0.012430369998304602,22,1,0,0,0,atr,0.004599999999999985,1.75,1.0,8,3,1,2025-11-10T22:52:59Z,100.0,1.2430369998304602,0.012430369998304602,2025-11
rank32b-tradoorusdt-4073f4e8ca05c386,TRADOORUSDT,long,official_close,2025-11-10T22:45:00Z,2025-11-10T23:00:00Z,TRADOORUSDT|2025-11-10T22:45:00Z,2025-11-10T23:00:00Z,2.447,6.0,0,closed,realized,2025-11-10T23:19:59Z,2.4254285714285713,stop_1m,,,-0.008815459162823336,-0.010004523785393293,,,-0.008815459162823336,-0.010004523785393293,19,0,1,0,0,atr,0.021571428571428575,1.75,1.0,8,3,1,2025-11-10T23:19:59Z,40.0,-0.40018095141573173,-0.010004523785393293,2025-11
rank32b-turbousdt-de41e880ee772d16,TURBOUSDT,long,official_close,2025-11-10T22:30:00Z,2025-11-10T22:45:00Z,TURBOUSDT|2025-11-10T22:30:00Z,2025-11-10T22:45:00Z,0.0021908,6.0,0,closed,realized,2025-11-11T00:12:59Z,0.0021681357142857146,stop_1m,,,-0.010345209838545477,-0.011532439311014775,,,-0.010345209838545477,-0.011532439311014775,87,0,1,0,0,atr,2.266428571428568e-05,1.75,1.0,8,3,1,2025-11-11T00:12:59Z,40.0,-0.461297572440591,-0.011532439311014775,2025-11
rank32b-linkusdt-cfb5817f6770fe5f,LINKUSDT,long,official_close,2025-11-11T00:45:00Z,2025-11-11T01:00:00Z,LINKUSDT|2025-11-11T00:45:00Z,2025-11-11T01:00:00Z,16.339,6.0,0,closed,realized,2025-11-11T01:18:59Z,16.585874999999998,target_1m,,,0.015109553828263511,0.013891787803108846,,,0.015109553828263511,0.013891787803108846,18,1,0,0,0,atr,0.14107142857142804,1.75,1.0,8,3,1,2025-11-11T01:18:59Z,100.0,1.3891787803108846,0.013891787803108846,2025-11
rank32b-brettusdt-3c959dba8f538526,BRETTUSDT,long,official_close,2025-11-11T01:15:00Z,2025-11-11T01:30:00Z,BRETTUSDT|2025-11-11T01:15:00Z,2025-11-11T01:30:00Z,0.02495,6.0,0,closed,realized,2025-11-11T01:41:59Z,0.02453857142857143,stop_1m,,,-0.01649012310334952,-0.017669980892069947,,,-0.01649012310334952,-0.017669980892069947,11,0,1,0,0,atr,0.000411428571428571,1.75,1.0,8,3,1,2025-11-11T01:41:59Z,40.0,-0.7067992356827979,-0.017669980892069947,2025-11
rank32b-actusdt-4a681746d4938201,ACTUSDT,long,official_close,2025-11-11T01:00:00Z,2025-11-11T01:15:00Z,ACTUSDT|2025-11-11T01:00:00Z,2025-11-11T01:15:00Z,0.02224,6.0,0,closed,realized,2025-11-11T02:02:59Z,0.021985714285714286,stop_1m,,,-0.011433710174717393,-0.012619633838643507,,,-0.011433710174717393,-0.012619633838643507,47,0,1,0,0,atr,0.0002542857142857148,1.75,1.0,8,3,1,2025-11-11T02:02:59Z,40.0,-0.5047853535457403,-0.012619633838643507,2025-11
rank32b-brettusdt-fa9ca00b58c1122d,BRETTUSDT,long,official_close,2025-11-11T02:30:00Z,2025-11-11T02:45:00Z,BRETTUSDT|2025-11-11T02:30:00Z,2025-11-11T02:45:00Z,0.02498,6.0,0,closed,realized,2025-11-11T04:13:59Z,0.024558571428571426,stop_1m,,,-0.016870639368637863,-0.01805004067482574,,,-0.016870639368637863,-0.01805004067482574,88,0,1,0,0,atr,0.00042142857142857113,1.75,1.0,8,3,1,2025-11-11T04:13:59Z,40.0,-0.7220016269930296,-0.01805004067482574,2025-11
rank32b-wldusdt-6efaef061298c984,WLDUSDT,long,official_close,2025-11-11T02:00:00Z,2025-11-11T02:15:00Z,WLDUSDT|2025-11-11T02:00:00Z,2025-11-11T02:15:00Z,0.8283,6.0,0,closed,realized,2025-11-11T04:15:59Z,0.835,timeout_1m,,,0.008088856694434376,0.006879512978389402,,,0.008088856694434376,0.006879512978389402,120,0,0,1,0,atr,0.010078571428571437,1.75,1.0,8,3,1,2025-11-11T04:15:59Z,100.0,0.6879512978389402,0.006879512978389402,2025-11
rank32b-actusdt-2b3c5e2c3f0f4055,ACTUSDT,long,official_close,2025-11-11T02:15:00Z,2025-11-11T02:30:00Z,ACTUSDT|2025-11-11T02:15:00Z,2025-11-11T02:30:00Z,0.02216,6.0,0,closed,realized,2025-11-11T04:30:59Z,0.02218,timeout_1m,,,0.0009025270758122872,-0.0002981956317690271,,,0.0009025270758122872,-0.0002981956317690271,120,0,0,1,0,atr,0.00026642857142857197,1.75,1.0,8,3,1,2025-11-11T04:30:59Z,40.0,-0.011927825270761083,-0.0002981956317690271,2025-11
rank32b-uniusdt-becc944a951b62e1,UNIUSDT,long,official_close,2025-11-11T10:15:00Z,2025-11-11T10:30:00Z,UNIUSDT|2025-11-11T10:15:00Z,2025-11-11T10:30:00Z,8.604,6.0,0,closed,realized,2025-11-11T12:30:59Z,8.635,timeout_1m,,,0.0036029753602975223,0.0023990130869360193,,,0.0036029753602975223,0.0023990130869360193,120,0,0,1,0,atr,0.180857142857143,1.75,1.0,8,3,1,2025-11-11T12:30:59Z,100.0,0.23990130869360193,0.0023990130869360193,2025-11
rank32b-actusdt-7734eec2821b0491,ACTUSDT,long,official_close,2025-11-11T13:00:00Z,2025-11-11T13:15:00Z,ACTUSDT|2025-11-11T13:00:00Z,2025-11-11T13:15:00Z,0.02181,6.0,0,closed,realized,2025-11-11T14:01:59Z,0.021600714285714286,stop_1m,,,-0.009595860352394014,-0.010783988774480946,,,-0.009595860352394014,-0.010783988774480946,46,0,1,0,0,atr,0.00020928571428571467,1.75,1.0,8,3,1,2025-11-11T14:01:59Z,40.0,-0.43135955097923784,-0.010783988774480946,2025-11
rank32b-dotusdt-bed874ba3e15f8c7,DOTUSDT,long,official_close,2025-11-11T14:45:00Z,2025-11-11T15:00:00Z,DOTUSDT|2025-11-11T14:45:00Z,2025-11-11T15:00:00Z,3.214,6.0,0,closed,realized,2025-11-11T15:05:59Z,3.186714285714286,stop_1m,,,-0.008489643523868717,-0.009679099007911751,,,-0.008489643523868717,-0.009679099007911751,5,0,1,0,0,atr,0.027285714285714326,1.75,1.0,8,3,1,2025-11-11T15:05:59Z,100.0,-0.9679099007911751,-0.009679099007911751,2025-11
rank32b-turbousdt-413db85b17afc5cb,TURBOUSDT,short,official_close,2025-11-11T15:00:00Z,2025-11-11T15:15:00Z,TURBOUSDT|2025-11-11T15:00:00Z,2025-11-11T15:15:00Z,0.0021155,6.0,0,closed,realized,2025-11-11T17:15:59Z,0.0021114,timeout_1m,,,0.001938076104939901,0.0007361111113213248,,,0.001938076104939901,0.0007361111113213248,120,0,0,1,0,atr,2.2421428571428554e-05,1.75,1.0,8,3,1,2025-11-11T17:15:59Z,40.0,0.02944444445285299,0.0007361111113213248,2025-11
rank32b-fartcoinusdt-c728ecbab46dc1e3,FARTCOINUSDT,short,official_close,2025-11-11T19:00:00Z,2025-11-11T19:15:00Z,FARTCOINUSDT|2025-11-11T19:00:00Z,2025-11-11T19:15:00Z,0.3105,6.0,0,closed,realized,2025-11-11T20:31:59Z,0.3010625,target_1m,,,0.030394524959742264,0.029158422471819323,,,0.030394524959742264,0.029158422471819323,76,1,0,0,0,atr,0.005392857142857139,1.75,1.0,8,3,1,2025-11-11T20:31:59Z,40.0,1.166336898872773,0.029158422471819323,2025-11
rank32b-uniusdt-583e8819cb1388a1,UNIUSDT,long,official_close,2025-11-11T20:30:00Z,2025-11-11T20:45:00Z,UNIUSDT|2025-11-11T20:30:00Z,2025-11-11T20:45:00Z,8.664,6.0,0,closed,realized,2025-11-11T20:57:59Z,8.537571428571429,stop_1m,,,-0.01459240205777601,-0.015774536428571517,,,-0.01459240205777601,-0.015774536428571517,12,0,1,0,0,atr,0.12642857142857114,1.75,1.0,8,3,1,2025-11-11T20:57:59Z,100.0,-1.5774536428571517,-0.015774536428571517,2025-11
rank32b-uniusdt-91693e3e9b41570b,UNIUSDT,long,official_close,2025-11-12T01:30:00Z,2025-11-12T01:45:00Z,UNIUSDT|2025-11-12T01:30:00Z,2025-11-12T01:45:00Z,8.569,6.0,0,closed,realized,2025-11-12T02:20:59Z,8.413,stop_1m,,,-0.01820515812813639,-0.019382958492239588,,,-0.01820515812813639,-0.019382958492239588,35,0,1,0,0,atr,0.15600000000000008,1.75,1.0,8,3,1,2025-11-12T02:20:59Z,100.0,-1.9382958492239588,-0.019382958492239588,2025-11
rank32b-uniusdt-b737073ed3b2b779,UNIUSDT,long,official_close,2025-11-12T03:00:00Z,2025-11-12T03:15:00Z,UNIUSDT|2025-11-12T03:00:00Z,2025-11-12T03:15:00Z,8.53,6.0,0,closed,realized,2025-11-12T03:51:59Z,8.77225,target_1m,,,0.028399765533411614,0.027166056038687048,,,0.028399765533411614,0.027166056038687048,36,1,0,0,0,atr,0.13842857142857148,1.75,1.0,8,3,1,2025-11-12T03:51:59Z,100.0,2.7166056038687048,0.027166056038687048,2025-11
rank32b-turbousdt-fefed9bbcbe50f27,TURBOUSDT,short,official_close,2025-11-12T07:45:00Z,2025-11-12T08:00:00Z,TURBOUSDT|2025-11-12T07:45:00Z,2025-11-12T08:00:00Z,0.0020312,6.0,0,closed,realized,2025-11-12T08:16:59Z,0.002044885714285714,stop_1m,,,-0.00673774826984741,-0.00792930539751302,,,-0.00673774826984741,-0.00792930539751302,16,0,1,0,0,atr,1.36857142857142e-05,1.75,1.0,8,3,1,2025-11-12T08:16:59Z,40.0,-0.3171722159005208,-0.00792930539751302,2025-11
rank32b-uniusdt-7f078fcb1068b60c,UNIUSDT,long,official_close,2025-11-12T08:30:00Z,2025-11-12T08:45:00Z,UNIUSDT|2025-11-12T08:30:00Z,2025-11-12T08:45:00Z,8.572,6.0,0,closed,realized,2025-11-12T10:45:59Z,8.586,timeout_1m,,,0.001633224451703441,0.0004316251703220253,,,0.001633224451703441,0.0004316251703220253,120,0,0,1,0,atr,0.11307142857142871,1.75,1.0,8,3,1,2025-11-12T10:45:59Z,100.0,0.04316251703220253,0.0004316251703220253,2025-11
rank32b-uniusdt-6588de6e89deec9a,UNIUSDT,long,official_close,2025-11-12T11:00:00Z,2025-11-12T11:15:00Z,UNIUSDT|2025-11-12T11:00:00Z,2025-11-12T11:15:00Z,8.609,6.0,0,closed,realized,2025-11-12T11:21:59Z,8.783000000000001,target_1m,,,0.020211406667441256,0.01898752025554673,,,0.020211406667441256,0.01898752025554673,6,1,0,0,0,atr,0.09942857142857164,1.75,1.0,8,3,1,2025-11-12T11:21:59Z,100.0,1.898752025554673,0.01898752025554673,2025-11
rank32b-beatusdt-f66147cea0faf1b7,BEATUSDT,short,official_close,2025-11-12T13:00:00Z,2025-11-12T13:15:00Z,BEATUSDT|2025-11-12T13:00:00Z,2025-11-12T13:15:00Z,0.21595,6.0,0,closed,realized,2025-11-12T13:16:59Z,0.2168138,conflict_stop_first_1m,,,-0.0040000000000000036,-0.005194841440000153,,,-0.0040000000000000036,-0.005194841440000153,1,0,1,0,1,fallback_bps,,1.75,1.0,8,3,1,2025-11-12T13:16:59Z,40.0,-0.20779365760000612,-0.005194841440000153,2025-11
rank32b-zecusdt-e81aa556f5e3668d,ZECUSDT,short,official_close,2025-11-12T11:15:00Z,2025-11-12T11:30:00Z,ZECUSDT|2025-11-12T11:15:00Z,2025-11-12T11:30:00Z,473.05,6.0,0,closed,realized,2025-11-12T13:30:59Z,477.4,timeout_1m,,,-0.009195645280625664,-0.010384253816721367,,,-0.009195645280625664,-0.010384253816721367,120,0,0,1,0,atr,10.202857142857145,1.75,1.0,8,3,1,2025-11-12T13:30:59Z,100.0,-1.0384253816721367,-0.010384253816721367,2025-11
rank32b-beatusdt-2bf213748a9aa8e4,BEATUSDT,long,official_close,2025-11-12T13:15:00Z,2025-11-12T13:30:00Z,BEATUSDT|2025-11-12T13:15:00Z,2025-11-12T13:30:00Z,0.23738,6.0,0,closed,realized,2025-11-12T13:31:59Z,0.23832952000000002,target_1m,,,0.0040000000000000036,0.0027955614399999273,,,0.0040000000000000036,0.0027955614399999273,1,1,0,0,0,fallback_bps,,1.75,1.0,8,3,1,2025-11-12T13:31:59Z,40.0,0.1118224575999971,0.0027955614399999273,2025-11
rank32b-fartcoinusdt-0a5d81060fa15579,FARTCOINUSDT,short,official_close,2025-11-12T14:45:00Z,2025-11-12T15:00:00Z,FARTCOINUSDT|2025-11-12T14:45:00Z,2025-11-12T15:00:00Z,0.299,6.0,0,closed,realized,2025-11-12T15:04:59Z,0.30247142857142856,stop_1m,,,-0.011610129001433434,-0.012795841026278287,,,-0.011610129001433434,-0.012795841026278287,4,0,1,0,0,atr,0.0034714285714285815,1.75,1.0,8,3,1,2025-11-12T15:04:59Z,40.0,-0.5118336410511315,-0.012795841026278287,2025-11
rank32b-1000pepeusdt-e1251419c3b80363,1000PEPEUSDT,short,official_close,2025-11-12T15:30:00Z,2025-11-12T15:45:00Z,1000PEPEUSDT|2025-11-12T15:30:00Z,2025-11-12T15:45:00Z,0.0059185,6.0,0,closed,realized,2025-11-12T15:53:59Z,0.005823125,target_1m,,,0.01611472501478417,0.01489575314606717,,,0.01611472501478417,0.01489575314606717,8,1,0,0,0,atr,5.450000000000011e-05,1.75,1.0,8,3,1,2025-11-12T15:53:59Z,40.0,0.5958301258426868,0.01489575314606717,2025-11
rank32b-turbousdt-d2081fb6dff34e90,TURBOUSDT,short,official_close,2025-11-12T15:45:00Z,2025-11-12T16:00:00Z,TURBOUSDT|2025-11-12T15:45:00Z,2025-11-12T16:00:00Z,0.002048,6.0,0,closed,realized,2025-11-12T16:11:59Z,0.0020038875,target_1m,,,0.021539306640624978,0.020313827226806636,,,0.021539306640624978,0.020313827226806636,11,1,0,0,0,atr,2.52071428571429e-05,1.75,1.0,8,3,1,2025-11-12T16:11:59Z,40.0,0.8125530890722654,0.020313827226806636,2025-11
rank32b-xrpusdt-618fcf0ae6cca327,XRPUSDT,short,official_close,2025-11-12T22:00:00Z,2025-11-12T22:15:00Z,XRPUSDT|2025-11-12T22:00:00Z,2025-11-12T22:15:00Z,2.3668,6.0,0,closed,realized,2025-11-12T23:17:59Z,2.3823142857142856,stop_1m,,,-0.006554962698278599,-0.007746739102827416,,,-0.006554962698278599,-0.007746739102827416,62,0,1,0,0,atr,0.015514285714285718,1.75,1.0,8,3,1,2025-11-12T23:17:59Z,100.0,-0.7746739102827416,-0.007746739102827416,2025-11
rank32b-bchusdt-a70a685fd9f4da14,BCHUSDT,long,official_close,2025-11-13T01:00:00Z,2025-11-13T01:15:00Z,BCHUSDT|2025-11-13T01:00:00Z,2025-11-13T01:15:00Z,519.42,6.0,0,closed,realized,2025-11-13T01:21:59Z,516.2385714285714,stop_1m,,,-0.006124963558254537,-0.007317255806971623,,,-0.006124963558254537,-0.007317255806971623,6,0,1,0,0,atr,3.181428571428577,1.75,1.0,8,3,1,2025-11-13T01:21:59Z,100.0,-0.7317255806971623,-0.007317255806971623,2025-11
rank32b-actusdt-a286d7a1f2837ae3,ACTUSDT,short,official_close,2025-11-13T01:45:00Z,2025-11-13T02:00:00Z,ACTUSDT|2025-11-13T01:45:00Z,2025-11-13T02:00:00Z,0.02008,6.0,0,closed,realized,2025-11-13T03:14:59Z,0.0198,target_1m,,,0.013944223107569709,0.012727855059760929,,,0.013944223107569709,0.012727855059760929,74,1,0,0,0,atr,0.00016000000000000018,1.75,1.0,8,3,1,2025-11-13T03:14:59Z,40.0,0.5091142023904371,0.012727855059760929,2025-11
rank32b-uniusdt-a4ead3422b818420,UNIUSDT,short,official_close,2025-11-13T03:00:00Z,2025-11-13T03:15:00Z,UNIUSDT|2025-11-13T03:00:00Z,2025-11-13T03:15:00Z,7.813,6.0,0,closed,realized,2025-11-13T03:17:59Z,7.914499999999999,stop_1m,,,-0.012991168565211764,-0.014175223839754336,,,-0.012991168565211764,-0.014175223839754336,2,0,1,0,0,atr,0.10150000000000002,1.75,1.0,8,3,1,2025-11-13T03:17:59Z,100.0,-1.4175223839754336,-0.014175223839754336,2025-11
rank32b-tradoorusdt-3249d56ba78bb7ff,TRADOORUSDT,long,official_close,2025-11-13T05:45:00Z,2025-11-13T06:00:00Z,TRADOORUSDT|2025-11-13T05:45:00Z,2025-11-13T06:00:00Z,2.403,6.0,0,closed,realized,2025-11-13T08:00:59Z,2.396,timeout_1m,,,-0.0029130253849355414,-0.004109170803162865,,,-0.0029130253849355414,-0.004109170803162865,120,0,0,1,0,atr,0.019857142857142955,1.75,1.0,8,3,1,2025-11-13T08:00:59Z,40.0,-0.1643668321265146,-0.004109170803162865,2025-11
rank32b-beatusdt-5d8afa1f7ca5d600,BEATUSDT,long,official_close,2025-11-13T07:15:00Z,2025-11-13T07:30:00Z,BEATUSDT|2025-11-13T07:15:00Z,2025-11-13T07:30:00Z,0.34367,6.0,0,closed,realized,2025-11-13T08:30:59Z,0.36721375,target_1m,,,0.06850685250385546,0.06722502894331761,,,0.06850685250385546,0.06722502894331761,60,1,0,0,0,atr,0.013453571428571435,1.75,1.0,8,3,1,2025-11-13T08:30:59Z,40.0,2.6890011577327044,0.06722502894331761,2025-11
rank32b-brettusdt-a9880c2c0c337008,BRETTUSDT,short,official_close,2025-11-13T06:45:00Z,2025-11-13T07:00:00Z,BRETTUSDT|2025-11-13T06:45:00Z,2025-11-13T07:00:00Z,0.02205,6.0,0,closed,realized,2025-11-13T09:00:59Z,0.02177,timeout_1m,,,0.012698412698412653,0.011483539174602875,,,0.012698412698412653,0.011483539174602875,120,0,0,1,0,atr,0.00027785714285714295,1.75,1.0,8,3,1,2025-11-13T09:00:59Z,40.0,0.459341566984115,0.011483539174602875,2025-11
rank32b-turbousdt-ec1b65eb56715cd8,TURBOUSDT,short,official_close,2025-11-13T09:00:00Z,2025-11-13T09:15:00Z,TURBOUSDT|2025-11-13T09:00:00Z,2025-11-13T09:15:00Z,0.0019804,6.0,0,closed,realized,2025-11-13T10:16:59Z,0.0019964928571428574,stop_1m,,,-0.00812606399861493,-0.00931595564719978,,,-0.00812606399861493,-0.00931595564719978,61,0,1,0,0,atr,1.6092857142857228e-05,1.75,1.0,8,3,1,2025-11-13T10:16:59Z,40.0,-0.3726382258879912,-0.00931595564719978,2025-11
rank32b-zecusdt-584de642fd3f83cc,ZECUSDT,short,official_close,2025-11-13T09:30:00Z,2025-11-13T09:45:00Z,ZECUSDT|2025-11-13T09:30:00Z,2025-11-13T09:45:00Z,495.62,6.0,0,closed,realized,2025-11-13T10:17:59Z,503.62285714285713,stop_1m,,,-0.01614716343742617,-0.01732743265428016,,,-0.01614716343742617,-0.01732743265428016,32,0,1,0,0,atr,8.002857142857149,1.75,1.0,8,3,1,2025-11-13T10:17:59Z,100.0,-1.7327432654280162,-0.01732743265428016,2025-11
rank32b-zecusdt-81f3a27fd8ffc09e,ZECUSDT,short,official_close,2025-11-13T10:15:00Z,2025-11-13T10:30:00Z,ZECUSDT|2025-11-13T10:15:00Z,2025-11-13T10:30:00Z,497.85,6.0,0,closed,realized,2025-11-13T11:58:59Z,506.535,stop_1m,,,-0.017445013558300637,-0.018623725822235593,,,-0.017445013558300637,-0.018623725822235593,88,0,1,0,0,atr,8.685000000000002,1.75,1.0,8,3,1,2025-11-13T11:58:59Z,100.0,-1.8623725822235593,-0.018623725822235593,2025-11
rank32b-nearusdt-478d5eef2869e584,NEARUSDT,short,official_close,2025-11-13T10:30:00Z,2025-11-13T10:45:00Z,NEARUSDT|2025-11-13T10:30:00Z,2025-11-13T10:45:00Z,2.546,6.0,0,closed,realized,2025-11-13T12:45:59Z,2.554,timeout_1m,,,-0.003142183817753441,-0.004338054328358432,,,-0.003142183817753441,-0.004338054328358432,120,0,0,1,0,atr,0.01807142857142858,1.75,1.0,8,3,1,2025-11-13T12:45:59Z,100.0,-0.43380543283584316,-0.004338054328358432,2025-11
rank32b-nearusdt-5481bc6fc7e5a3f3,NEARUSDT,short,official_close,2025-11-13T14:30:00Z,2025-11-13T14:45:00Z,NEARUSDT|2025-11-13T14:30:00Z,2025-11-13T14:45:00Z,2.532,6.0,0,closed,realized,2025-11-13T14:49:59Z,2.551357142857143,stop_1m,,,-0.007645001128413487,-0.008835469879259872,,,-0.007645001128413487,-0.008835469879259872,4,0,1,0,0,atr,0.01935714285714285,1.75,1.0,8,3,1,2025-11-13T14:49:59Z,100.0,-0.8835469879259872,-0.008835469879259872,2025-11
rank32b-dogeusdt-47470146cf2d9dec,DOGEUSDT,long,official_close,2025-11-13T14:45:00Z,2025-11-13T15:00:00Z,DOGEUSDT|2025-11-13T14:45:00Z,2025-11-13T15:00:00Z,0.17622,6.0,0,closed,realized,2025-11-13T15:04:59Z,0.17500714285714283,stop_1m,,,-0.006882630478136198,-0.008074013799309498,,,-0.006882630478136198,-0.008074013799309498,4,0,1,0,0,atr,0.0012128571428571425,1.75,1.0,8,3,1,2025-11-13T15:04:59Z,100.0,-0.8074013799309498,-0.008074013799309498,2025-11
rank32b-turbousdt-394d1fe6575c4873,TURBOUSDT,short,official_close,2025-11-13T15:15:00Z,2025-11-13T15:30:00Z,TURBOUSDT|2025-11-13T15:15:00Z,2025-11-13T15:30:00Z,0.0019683,6.0,0,closed,realized,2025-11-13T16:54:59Z,0.0019242625,target_1m,,,0.022373367880912487,0.02114688789386765,,,0.022373367880912487,0.02114688789386765,84,1,0,0,0,atr,2.516428571428575e-05,1.75,1.0,8,3,1,2025-11-13T16:54:59Z,40.0,0.845875515754706,0.02114688789386765,2025-11
rank32b-fartcoinusdt-2544ad938b781e6c,FARTCOINUSDT,short,official_close,2025-11-13T15:30:00Z,2025-11-13T15:45:00Z,FARTCOINUSDT|2025-11-13T15:30:00Z,2025-11-13T15:45:00Z,0.2819,6.0,0,closed,realized,2025-11-13T17:05:59Z,0.2750125,target_1m,,,0.024432422844980484,0.023203472733238417,,,0.024432422844980484,0.023203472733238417,80,1,0,0,0,atr,0.003935714285714277,1.75,1.0,8,3,1,2025-11-13T17:05:59Z,40.0,0.9281389093295367,0.023203472733238417,2025-11
rank32b-ltcusdt-e253d96851c940f8,LTCUSDT,short,official_close,2025-11-13T16:15:00Z,2025-11-13T16:30:00Z,LTCUSDT|2025-11-13T16:15:00Z,2025-11-13T16:30:00Z,98.78,6.0,0,closed,realized,2025-11-13T17:18:59Z,96.745,target_1m,,,0.02060133630289529,0.019376982115812735,,,0.02060133630289529,0.019376982115812735,48,1,0,0,0,atr,1.162857142857142,1.75,1.0,8,3,1,2025-11-13T17:18:59Z,100.0,1.9376982115812735,0.019376982115812735,2025-11
rank32b-tradoorusdt-8d53db516facc0a4,TRADOORUSDT,short,official_close,2025-11-14T01:30:00Z,2025-11-14T01:45:00Z,TRADOORUSDT|2025-11-14T01:30:00Z,2025-11-14T01:45:00Z,2.267,6.0,0,closed,realized,2025-11-14T02:27:59Z,2.2897857142857143,stop_1m,,,-0.010051042913857167,-0.011238625280736048,,,-0.010051042913857167,-0.011238625280736048,42,0,1,0,0,atr,0.02278571428571428,1.75,1.0,8,3,1,2025-11-14T02:27:59Z,40.0,-0.4495450112294419,-0.011238625280736048,2025-11
rank32b-zecusdt-a9d3dcb314f007dd,ZECUSDT,short,official_close,2025-11-14T07:15:00Z,2025-11-14T07:30:00Z,ZECUSDT|2025-11-14T07:15:00Z,2025-11-14T07:30:00Z,500.65,6.0,0,closed,realized,2025-11-14T07:50:59Z,509.60499999999996,stop_1m,,,-0.01788674722860284,-0.019064929571157685,,,-0.01788674722860284,-0.019064929571157685,20,0,1,0,0,atr,8.955,1.75,1.0,8,3,1,2025-11-14T07:50:59Z,100.0,-1.9064929571157685,-0.019064929571157685,2025-11
rank32b-beatusdt-0973377be3383180,BEATUSDT,long,official_close,2025-11-14T06:45:00Z,2025-11-14T07:00:00Z,BEATUSDT|2025-11-14T06:45:00Z,2025-11-14T07:00:00Z,0.42829,6.0,0,closed,realized,2025-11-14T08:49:59Z,0.4105721428571429,stop_1m,,,-0.041368832199811134,-0.04251884449395105,,,-0.041368832199811134,-0.04251884449395105,109,0,1,0,0,atr,0.017717857142857143,1.75,1.0,8,3,1,2025-11-14T08:49:59Z,40.0,-1.7007537797580419,-0.04251884449395105,2025-11
rank32b-dotusdt-155b61df5cf02422,DOTUSDT,short,official_close,2025-11-14T08:15:00Z,2025-11-14T08:30:00Z,DOTUSDT|2025-11-14T08:15:00Z,2025-11-14T08:30:00Z,2.868,6.0,0,closed,realized,2025-11-14T10:30:59Z,2.856,timeout_1m,,,0.004184100418409997,0.0029794410041839026,,,0.004184100418409997,0.0029794410041839026,120,0,0,1,0,atr,0.0292857142857142,1.75,1.0,8,3,1,2025-11-14T10:30:59Z,100.0,0.29794410041839026,0.0029794410041839026,2025-11
rank32b-beatusdt-a342d8817008c603,BEATUSDT,long,official_close,2025-11-14T11:15:00Z,2025-11-14T11:30:00Z,BEATUSDT|2025-11-14T11:15:00Z,2025-11-14T11:30:00Z,0.4254,6.0,0,closed,realized,2025-11-14T11:54:59Z,0.44352375,target_1m,,,0.04260401974612127,0.04135327025987312,,,0.04260401974612127,0.04135327025987312,24,1,0,0,0,atr,0.01035642857142856,1.75,1.0,8,3,1,2025-11-14T11:54:59Z,40.0,1.6541308103949248,0.04135327025987312,2025-11
rank32b-nearusdt-35fd7767f06e318e,NEARUSDT,short,official_close,2025-11-14T13:30:00Z,2025-11-14T13:45:00Z,NEARUSDT|2025-11-14T13:30:00Z,2025-11-14T13:45:00Z,2.401,6.0,0,closed,realized,2025-11-14T13:53:59Z,2.4252857142857143,stop_1m,,,-0.010114833105253851,-0.011302338946867607,,,-0.010114833105253851,-0.011302338946867607,8,0,1,0,0,atr,0.024285714285714372,1.75,1.0,8,3,1,2025-11-14T13:53:59Z,100.0,-1.1302338946867607,-0.011302338946867607,2025-11
rank32b-dotusdt-c8cfd001c2e63471,DOTUSDT,short,official_close,2025-11-14T15:00:00Z,2025-11-14T15:15:00Z,DOTUSDT|2025-11-14T15:00:00Z,2025-11-14T15:15:00Z,2.849,6.0,0,closed,realized,2025-11-14T15:46:59Z,2.8866428571428573,stop_1m,,,-0.013212656069798934,-0.014396445639071498,,,-0.013212656069798934,-0.014396445639071498,31,0,1,0,0,atr,0.037642857142857214,1.75,1.0,8,3,1,2025-11-14T15:46:59Z,100.0,-1.4396445639071498,-0.014396445639071498,2025-11
rank32b-beatusdt-c1778a4f9de1e9ef,BEATUSDT,long,official_close,2025-11-14T16:15:00Z,2025-11-14T16:30:00Z,BEATUSDT|2025-11-14T16:15:00Z,2025-11-14T16:30:00Z,0.42655,6.0,0,closed,realized,2025-11-14T17:41:59Z,0.45121,target_1m,,,0.057812683155550326,0.05654368874832971,,,0.057812683155550326,0.05654368874832971,71,1,0,0,0,atr,0.014091428571428572,1.75,1.0,8,3,1,2025-11-14T17:41:59Z,40.0,2.2617475499331885,0.05654368874832971,2025-11
rank32b-xrpusdt-561d45646a0dd6fc,XRPUSDT,short,official_close,2025-11-14T18:30:00Z,2025-11-14T18:45:00Z,XRPUSDT|2025-11-14T18:30:00Z,2025-11-14T18:45:00Z,2.2973,6.0,0,closed,realized,2025-11-14T19:23:59Z,2.3179,stop_1m,,,-0.008967048274060918,-0.010155931044269484,,,-0.008967048274060918,-0.010155931044269484,38,0,1,0,0,atr,0.02060000000000011,1.75,1.0,8,3,1,2025-11-14T19:23:59Z,100.0,-1.0155931044269484,-0.010155931044269484,2025-11
rank32b-solusdt-8a571cf5234c616a,SOLUSDT,short,official_close,2025-11-14T17:15:00Z,2025-11-14T17:30:00Z,SOLUSDT|2025-11-14T17:15:00Z,2025-11-14T17:30:00Z,142.48,6.0,0,closed,realized,2025-11-14T19:30:59Z,142.61,timeout_1m,,,-0.0009124087591243502,-0.002110954197080628,,,-0.0009124087591243502,-0.002110954197080628,120,0,0,1,0,atr,1.671428571428574,1.75,1.0,8,3,1,2025-11-14T19:30:59Z,100.0,-0.21109541970806278,-0.002110954197080628,2025-11
rank32b-bchusdt-5453ec309fec3437,BCHUSDT,short,official_close,2025-11-14T18:15:00Z,2025-11-14T18:30:00Z,BCHUSDT|2025-11-14T18:15:00Z,2025-11-14T18:30:00Z,493.48,6.0,0,closed,realized,2025-11-14T20:30:59Z,486.87,timeout_1m,,,0.013394666450514792,0.01217895767285393,,,0.013394666450514792,0.01217895767285393,120,0,0,1,0,atr,5.354285714285704,1.75,1.0,8,3,1,2025-11-14T20:30:59Z,100.0,1.217895767285393,0.01217895767285393,2025-11
rank32b-ethusdt-6c71c16603914b5b,ETHUSDT,short,official_close,2025-11-14T19:30:00Z,2025-11-14T19:45:00Z,ETHUSDT|2025-11-14T19:30:00Z,2025-11-14T19:45:00Z,3188.64,6.0,0,closed,realized,2025-11-14T20:43:59Z,3134.2675,target_1m,,,0.017051940639269403,0.015831844449200938,,,0.017051940639269403,0.015831844449200938,58,1,0,0,0,atr,31.070000000000032,1.75,1.0,8,3,1,2025-11-14T20:43:59Z,100.0,1.5831844449200938,0.015831844449200938,2025-11
rank32b-turbousdt-54322cda60997a87,TURBOUSDT,short,official_close,2025-11-14T20:15:00Z,2025-11-14T20:30:00Z,TURBOUSDT|2025-11-14T20:15:00Z,2025-11-14T20:30:00Z,0.0018354,6.0,0,closed,realized,2025-11-14T20:43:59Z,0.00179805,target_1m,,,0.02034978751225891,0.019125735093167506,,,0.02034978751225891,0.019125735093167506,13,1,0,0,0,atr,2.1342857142857136e-05,1.75,1.0,8,3,1,2025-11-14T20:43:59Z,40.0,0.7650294037267003,0.019125735093167506,2025-11
rank32b-bnbusdt-61e11949e9c53876,BNBUSDT,short,official_close,2025-11-14T20:30:00Z,2025-11-14T20:45:00Z,BNBUSDT|2025-11-14T20:30:00Z,2025-11-14T20:45:00Z,916.91,6.0,0,closed,realized,2025-11-14T21:02:59Z,922.6478571428571,stop_1m,,,-0.006257819352888605,-0.007449952222480238,,,-0.006257819352888605,-0.007449952222480238,17,0,1,0,0,atr,5.737857142857146,1.75,1.0,8,3,1,2025-11-14T21:02:59Z,100.0,-0.7449952222480238,-0.007449952222480238,2025-11
rank32b-beatusdt-916e939a8e97bd1b,BEATUSDT,long,official_close,2025-11-15T03:30:00Z,2025-11-15T03:45:00Z,BEATUSDT|2025-11-15T03:30:00Z,2025-11-15T03:45:00Z,0.46099,6.0,0,closed,realized,2025-11-15T04:44:59Z,0.44830285714285717,stop_1m,,,-0.027521514256584445,-0.028688138347221726,,,-0.027521514256584445,-0.028688138347221726,59,0,1,0,0,atr,0.01268714285714286,1.75,1.0,8,3,1,2025-11-15T04:44:59Z,40.0,-1.147525533888869,-0.028688138347221726,2025-11
rank32b-pippinusdt-735d3cbeea3c5be1,PIPPINUSDT,short,official_close,2025-11-15T07:00:00Z,2025-11-15T07:15:00Z,PIPPINUSDT|2025-11-15T07:00:00Z,2025-11-15T07:15:00Z,0.03187,6.0,0,closed,realized,2025-11-15T07:20:59Z,0.031439999999999996,target_1m,,,0.013492312519611138,0.012276486601819903,,,0.013492312519611138,0.012276486601819903,5,1,0,0,0,atr,0.0002457142857142876,1.75,1.0,8,3,1,2025-11-15T07:20:59Z,40.0,0.4910594640727961,0.012276486601819903,2025-11
rank32b-beatusdt-d8bf33320c4b927f,BEATUSDT,long,official_close,2025-11-15T06:00:00Z,2025-11-15T06:15:00Z,BEATUSDT|2025-11-15T06:00:00Z,2025-11-15T06:15:00Z,0.45969,6.0,0,closed,realized,2025-11-15T08:15:59Z,0.46404,timeout_1m,,,0.009462898910135076,0.008251906838086409,,,0.009462898910135076,0.008251906838086409,120,0,0,1,0,atr,0.010523571428571438,1.75,1.0,8,3,1,2025-11-15T08:15:59Z,40.0,0.33007627352345636,0.008251906838086409,2025-11
rank32b-aaveusdt-1c0f1c0f820f8b88,AAVEUSDT,short,official_close,2025-11-15T07:30:00Z,2025-11-15T07:45:00Z,AAVEUSDT|2025-11-15T07:30:00Z,2025-11-15T07:45:00Z,179.25,6.0,0,closed,realized,2025-11-15T08:23:59Z,177.545,target_1m,,,0.009511854951185561,0.008300804149511842,,,0.009511854951185561,0.008300804149511842,38,1,0,0,0,atr,0.9742857142857153,1.75,1.0,8,3,1,2025-11-15T08:23:59Z,100.0,0.8300804149511842,0.008300804149511842,2025-11
rank32b-uniusdt-f3983892a2ac61e4,UNIUSDT,short,official_close,2025-11-15T09:45:00Z,2025-11-15T10:00:00Z,UNIUSDT|2025-11-15T09:45:00Z,2025-11-15T10:00:00Z,7.271,6.0,0,closed,realized,2025-11-15T10:42:59Z,7.338857142857143,stop_1m,,,-0.00933257362909412,-0.010521017900465779,,,-0.00933257362909412,-0.010521017900465779,42,0,1,0,0,atr,0.06785714285714274,1.75,1.0,8,3,1,2025-11-15T10:42:59Z,100.0,-1.052101790046578,-0.010521017900465779,2025-11
rank32b-dotusdt-508b368547e7c3a0,DOTUSDT,short,official_close,2025-11-15T11:45:00Z,2025-11-15T12:00:00Z,DOTUSDT|2025-11-15T11:45:00Z,2025-11-15T12:00:00Z,2.856,6.0,0,closed,realized,2025-11-15T12:23:59Z,2.8755714285714284,stop_1m,,,-0.006852741096438519,-0.008044160274109702,,,-0.006852741096438519,-0.008044160274109702,23,0,1,0,0,atr,0.019571428571428445,1.75,1.0,8,3,1,2025-11-15T12:23:59Z,100.0,-0.8044160274109702,-0.008044160274109702,2025-11
rank32b-zecusdt-f51dfcd725fc678b,ZECUSDT,long,official_close,2025-11-15T10:45:00Z,2025-11-15T11:00:00Z,ZECUSDT|2025-11-15T10:45:00Z,2025-11-15T11:00:00Z,638.53,6.0,0,closed,realized,2025-11-15T13:00:59Z,642.76,timeout_1m,,,0.006624590857124968,0.005417003732949066,,,0.006624590857124968,0.005417003732949066,120,0,0,1,0,atr,15.042857142857144,1.75,1.0,8,3,1,2025-11-15T13:00:59Z,100.0,0.5417003732949066,0.005417003732949066,2025-11
rank32b-fartcoinusdt-ae3cf4452ae2572f,FARTCOINUSDT,short,official_close,2025-11-15T14:15:00Z,2025-11-15T14:30:00Z,FARTCOINUSDT|2025-11-15T14:15:00Z,2025-11-15T14:30:00Z,0.248,6.0,0,closed,realized,2025-11-15T14:57:59Z,0.25000714285714287,stop_1m,,,-0.008093317972350356,-0.00928324890437815,,,-0.008093317972350356,-0.00928324890437815,27,0,1,0,0,atr,0.002007142857142856,1.75,1.0,8,3,1,2025-11-15T14:57:59Z,40.0,-0.371329956175126,-0.00928324890437815,2025-11
rank32b-solusdt-467c3b499cd7887b,SOLUSDT,short,official_close,2025-11-15T20:15:00Z,2025-11-15T20:30:00Z,SOLUSDT|2025-11-15T20:15:00Z,2025-11-15T20:30:00Z,140.93,6.0,0,closed,realized,2025-11-15T21:39:59Z,139.67625,target_1m,,,0.008896260554885349,0.007685948244873231,,,0.008896260554885349,0.007685948244873231,69,1,0,0,0,atr,0.7164285714285695,1.75,1.0,8,3,1,2025-11-15T21:39:59Z,100.0,0.7685948244873231,0.007685948244873231,2025-11
rank32b-linkusdt-411c05e1a2ff546a,LINKUSDT,short,official_close,2025-11-15T21:30:00Z,2025-11-15T21:45:00Z,LINKUSDT|2025-11-15T21:30:00Z,2025-11-15T21:45:00Z,14.037,6.0,0,closed,realized,2025-11-15T22:14:59Z,14.107357142857143,stop_1m,,,-0.005012263507668591,-0.006205890595874286,,,-0.005012263507668591,-0.006205890595874286,29,0,1,0,0,atr,0.07035714285714281,1.75,1.0,8,3,1,2025-11-15T22:14:59Z,100.0,-0.6205890595874286,-0.006205890595874286,2025-11
rank32b-pippinusdt-e22aaa01c552e4bf,PIPPINUSDT,short,official_close,2025-11-15T21:15:00Z,2025-11-15T21:30:00Z,PIPPINUSDT|2025-11-15T21:15:00Z,2025-11-15T21:30:00Z,0.03057,6.0,0,closed,realized,2025-11-15T23:30:59Z,0.03034,timeout_1m,,,0.0075237160614982646,0.0063150503107620715,,,0.0075237160614982646,0.0063150503107620715,120,0,0,1,0,atr,0.0003871428571428572,1.75,1.0,8,3,1,2025-11-15T23:30:59Z,40.0,0.25260201243048286,0.0063150503107620715,2025-11
rank32b-wldusdt-14ac9ff67eb7e3ab,WLDUSDT,short,official_close,2025-11-16T03:00:00Z,2025-11-16T03:15:00Z,WLDUSDT|2025-11-16T03:00:00Z,2025-11-16T03:15:00Z,0.6991,6.0,0,closed,realized,2025-11-16T05:15:59Z,0.7001,timeout_1m,,,-0.0014304105278213353,-0.0026283345501358912,,,-0.0014304105278213353,-0.0026283345501358912,120,0,0,1,0,atr,0.0054999999999999815,1.75,1.0,8,3,1,2025-11-16T05:15:59Z,100.0,-0.2628334550135891,-0.0026283345501358912,2025-11
rank32b-tradoorusdt-85b5b98cfdbaf7f4,TRADOORUSDT,long,official_close,2025-11-16T04:00:00Z,2025-11-16T04:15:00Z,TRADOORUSDT|2025-11-16T04:00:00Z,2025-11-16T04:15:00Z,2.661,6.0,0,closed,realized,2025-11-16T06:15:59Z,2.691,timeout_1m,,,0.011273957158962622,0.01006079246899616,,,0.011273957158962622,0.01006079246899616,120,0,0,1,0,atr,0.06242857142857144,1.75,1.0,8,3,1,2025-11-16T06:15:59Z,40.0,0.4024316987598464,0.01006079246899616,2025-11
rank32b-brettusdt-06bf4dff2d1c6def,BRETTUSDT,short,official_close,2025-11-16T04:15:00Z,2025-11-16T04:30:00Z,BRETTUSDT|2025-11-16T04:15:00Z,2025-11-16T04:30:00Z,0.01875,6.0,0,closed,realized,2025-11-16T06:30:59Z,0.01875,timeout_1m,,,-0.0,-0.0011996400000000573,,,-0.0,-0.0011996400000000573,120,0,0,1,0,atr,0.00020071428571428546,1.75,1.0,8,3,1,2025-11-16T06:30:59Z,40.0,-0.04798560000000229,-0.0011996400000000573,2025-11
rank32b-beatusdt-5ff5109a17d73736,BEATUSDT,long,official_close,2025-11-16T08:45:00Z,2025-11-16T09:00:00Z,BEATUSDT|2025-11-16T08:45:00Z,2025-11-16T09:00:00Z,0.4817,6.0,0,closed,realized,2025-11-16T09:02:59Z,0.4690571428571429,stop_1m,,,-0.02624632996233578,-0.027414483815059842,,,-0.02624632996233578,-0.027414483815059842,2,0,1,0,0,atr,0.012642857142857141,1.75,1.0,8,3,1,2025-11-16T09:02:59Z,40.0,-1.0965793526023937,-0.027414483815059842,2025-11
rank32b-zecusdt-d4e86a2d7fa1811b,ZECUSDT,long,official_close,2025-11-16T07:45:00Z,2025-11-16T08:00:00Z,ZECUSDT|2025-11-16T07:45:00Z,2025-11-16T08:00:00Z,679.18,6.0,0,closed,realized,2025-11-16T09:28:59Z,704.5337499999999,target_1m,,,0.03732994198886885,0.03608551949726113,,,0.03732994198886885,0.03608551949726113,88,1,0,0,0,atr,14.487857142857154,1.75,1.0,8,3,1,2025-11-16T09:28:59Z,100.0,3.608551949726113,0.03608551949726113,2025-11
rank32b-turbousdt-54d50d7abd358176,TURBOUSDT,short,official_close,2025-11-16T08:00:00Z,2025-11-16T08:15:00Z,TURBOUSDT|2025-11-16T08:00:00Z,2025-11-16T08:15:00Z,0.001791,6.0,0,closed,realized,2025-11-16T09:51:59Z,0.0018016428571428573,stop_1m,,,-0.00594241046502364,-0.007134921711733466,,,-0.00594241046502364,-0.007134921711733466,96,0,1,0,0,atr,1.0642857142857192e-05,1.75,1.0,8,3,1,2025-11-16T09:51:59Z,40.0,-0.28539686846933865,-0.007134921711733466,2025-11
rank32b-brettusdt-4005587116aa4490,BRETTUSDT,short,official_close,2025-11-16T11:00:00Z,2025-11-16T11:15:00Z,BRETTUSDT|2025-11-16T11:00:00Z,2025-11-16T11:15:00Z,0.01861,6.0,0,closed,realized,2025-11-16T11:28:59Z,0.018361250000000003,target_1m,,,0.013366469639978451,0.012150794688339461,,,0.013366469639978451,0.012150794688339461,13,1,0,0,0,atr,0.0001421428571428568,1.75,1.0,8,3,1,2025-11-16T11:28:59Z,40.0,0.48603178753357845,0.012150794688339461,2025-11
rank32b-beatusdt-d55cbb2e348177cd,BEATUSDT,long,official_close,2025-11-16T10:15:00Z,2025-11-16T10:30:00Z,BEATUSDT|2025-11-16T10:15:00Z,2025-11-16T10:30:00Z,0.45162,6.0,0,closed,realized,2025-11-16T12:30:59Z,0.46757,timeout_1m,,,0.035317302156680386,0.03407529410832111,,,0.035317302156680386,0.03407529410832111,120,0,0,1,0,atr,0.018492857142857144,1.75,1.0,8,3,1,2025-11-16T12:30:59Z,40.0,1.3630117643328443,0.03407529410832111,2025-11
rank32b-fartcoinusdt-6e6e776053236022,FARTCOINUSDT,short,official_close,2025-11-16T11:15:00Z,2025-11-16T11:30:00Z,FARTCOINUSDT|2025-11-16T11:15:00Z,2025-11-16T11:30:00Z,0.244,6.0,0,closed,realized,2025-11-16T13:30:59Z,0.2391875,target_1m,,,0.019723360655737654,0.018500059723360662,,,0.019723360655737654,0.018500059723360662,120,1,0,0,0,atr,0.0027500000000000003,1.75,1.0,8,3,1,2025-11-16T13:30:59Z,40.0,0.7400023889344265,0.018500059723360662,2025-11
rank32b-zecusdt-79ec8c29fc121c83,ZECUSDT,long,official_close,2025-11-16T23:00:00Z,2025-11-16T23:15:00Z,ZECUSDT|2025-11-16T23:00:00Z,2025-11-16T23:15:00Z,697.24,6.0,0,closed,realized,2025-11-17T00:35:59Z,721.26875,target_1m,,,0.03446266708737289,0.03322168429342809,,,0.03446266708737289,0.03322168429342809,80,1,0,0,0,atr,13.730714285714287,1.75,1.0,8,3,1,2025-11-17T00:35:59Z,100.0,3.322168429342809,0.03322168429342809,2025-11
rank32b-beatusdt-c9c89b5f70fe0ec1,BEATUSDT,long,official_close,2025-11-17T01:00:00Z,2025-11-17T01:15:00Z,BEATUSDT|2025-11-17T01:00:00Z,2025-11-17T01:15:00Z,0.44692,6.0,0,closed,realized,2025-11-17T02:41:59Z,0.4367528571428571,stop_1m,,,-0.02274935750725604,-0.02392170646801617,,,-0.02274935750725604,-0.02392170646801617,86,0,1,0,0,atr,0.010167142857142855,1.75,1.0,8,3,1,2025-11-17T02:41:59Z,40.0,-0.9568682587206467,-0.02392170646801617,2025-11
rank32b-wldusdt-5be0626bcbf334ff,WLDUSDT,short,official_close,2025-11-17T13:00:00Z,2025-11-17T13:15:00Z,WLDUSDT|2025-11-17T13:00:00Z,2025-11-17T13:15:00Z,0.6748,6.0,0,closed,realized,2025-11-17T13:37:59Z,0.6690124999999999,target_1m,,,0.008576615293420353,0.007366686442649817,,,0.008576615293420353,0.007366686442649817,22,1,0,0,0,atr,0.0033071428571428813,1.75,1.0,8,3,1,2025-11-17T13:37:59Z,100.0,0.7366686442649817,0.007366686442649817,2025-11
rank32b-solusdt-cff6e471886921aa,SOLUSDT,short,official_close,2025-11-17T13:30:00Z,2025-11-17T13:45:00Z,SOLUSDT|2025-11-17T13:30:00Z,2025-11-17T13:45:00Z,138.9,6.0,0,closed,realized,2025-11-17T13:55:59Z,137.49375,target_1m,,,0.010124190064794814,0.008912404681425512,,,0.010124190064794814,0.008912404681425512,10,1,0,0,0,atr,0.8035714285714265,1.75,1.0,8,3,1,2025-11-17T13:55:59Z,100.0,0.8912404681425512,0.008912404681425512,2025-11
rank32b-tradoorusdt-3700489d81ce702e,TRADOORUSDT,long,official_close,2025-11-17T14:15:00Z,2025-11-17T14:30:00Z,TRADOORUSDT|2025-11-17T14:15:00Z,2025-11-17T14:30:00Z,2.881,6.0,0,closed,realized,2025-11-17T14:51:59Z,2.8587142857142855,stop_1m,,,-0.00773540933207717,-0.008925769625626079,,,-0.00773540933207717,-0.008925769625626079,21,0,1,0,0,atr,0.02228571428571421,1.75,1.0,8,3,1,2025-11-17T14:51:59Z,40.0,-0.35703078502504315,-0.008925769625626079,2025-11
rank32b-fartcoinusdt-43c43f3577372c80,FARTCOINUSDT,long,official_close,2025-11-17T14:30:00Z,2025-11-17T14:45:00Z,FARTCOINUSDT|2025-11-17T14:30:00Z,2025-11-17T14:45:00Z,0.2548,6.0,0,closed,realized,2025-11-17T14:57:59Z,0.2512714285714286,stop_1m,,,-0.01384839650145775,-0.015031423411078881,,,-0.01384839650145775,-0.015031423411078881,12,0,1,0,0,atr,0.0035285714285714304,1.75,1.0,8,3,1,2025-11-17T14:57:59Z,40.0,-0.6012569364431553,-0.015031423411078881,2025-11
rank32b-pippinusdt-506bb10778380e7f,PIPPINUSDT,short,official_close,2025-11-17T15:00:00Z,2025-11-17T15:15:00Z,PIPPINUSDT|2025-11-17T15:00:00Z,2025-11-17T15:15:00Z,0.02821,6.0,0,closed,realized,2025-11-17T15:52:59Z,0.0275225,target_1m,,,0.024370790499822825,0.023141914324707358,,,0.024370790499822825,0.023141914324707358,37,1,0,0,0,atr,0.0003928571428571432,1.75,1.0,8,3,1,2025-11-17T15:52:59Z,40.0,0.9256765729882943,0.023141914324707358,2025-11
rank32b-fartcoinusdt-6918d992e9efdd53,FARTCOINUSDT,long,official_close,2025-11-17T16:45:00Z,2025-11-17T17:00:00Z,FARTCOINUSDT|2025-11-17T16:45:00Z,2025-11-17T17:00:00Z,0.2494,6.0,0,closed,realized,2025-11-17T17:19:59Z,0.24351428571428574,stop_1m,,,-0.023599495933096515,-0.02477082503379535,,,-0.023599495933096515,-0.02477082503379535,19,0,1,0,0,atr,0.005885714285714278,1.75,1.0,8,3,1,2025-11-17T17:19:59Z,40.0,-0.9908330013518141,-0.02477082503379535,2025-11
rank32b-zecusdt-fe0036e1d115da9d,ZECUSDT,long,official_close,2025-11-17T16:30:00Z,2025-11-17T16:45:00Z,ZECUSDT|2025-11-17T16:30:00Z,2025-11-17T16:45:00Z,687.93,6.0,0,closed,realized,2025-11-17T17:39:59Z,673.6121428571428,stop_1m,,,-0.020812956467746946,-0.021987628412650118,,,-0.020812956467746946,-0.021987628412650118,54,0,1,0,0,atr,14.317857142857163,1.75,1.0,8,3,1,2025-11-17T17:39:59Z,100.0,-2.1987628412650118,-0.021987628412650118,2025-11
rank32b-dogeusdt-ebc7d8c6ed283ea1,DOGEUSDT,short,official_close,2025-11-17T15:30:00Z,2025-11-17T15:45:00Z,DOGEUSDT|2025-11-17T15:30:00Z,2025-11-17T15:45:00Z,0.15914,6.0,0,closed,realized,2025-11-17T17:45:59Z,0.15612,timeout_1m,,,0.018977001382430525,0.01775459581249228,,,0.018977001382430525,0.01775459581249228,120,0,0,1,0,atr,0.002158571428571434,1.75,1.0,8,3,1,2025-11-17T17:45:59Z,100.0,1.775459581249228,0.01775459581249228,2025-11
rank32b-nearusdt-b140b94e685e4b01,NEARUSDT,short,official_close,2025-11-17T17:15:00Z,2025-11-17T17:30:00Z,NEARUSDT|2025-11-17T17:15:00Z,2025-11-17T17:30:00Z,2.296,6.0,0,closed,realized,2025-11-17T18:28:59Z,2.2219999999999995,target_1m,,,0.03222996515679455,0.030991660801393595,,,0.03222996515679455,0.030991660801393595,58,1,0,0,0,atr,0.04228571428571432,1.75,1.0,8,3,1,2025-11-17T18:28:59Z,100.0,3.0991660801393595,0.030991660801393595,2025-11
rank32b-uniusdt-d3c24c35e9bec721,UNIUSDT,short,official_close,2025-11-18T00:15:00Z,2025-11-18T00:30:00Z,UNIUSDT|2025-11-18T00:15:00Z,2025-11-18T00:30:00Z,7.442,6.0,0,closed,realized,2025-11-18T00:42:59Z,7.269125,target_1m,,,0.023229642569201903,0.02200213536079021,,,0.023229642569201903,0.02200213536079021,12,1,0,0,0,atr,0.09878571428571435,1.75,1.0,8,3,1,2025-11-18T00:42:59Z,100.0,2.200213536079021,0.02200213536079021,2025-11
rank32b-nearusdt-7d0b535eb0a46c08,NEARUSDT,short,official_close,2025-11-18T00:00:00Z,2025-11-18T00:15:00Z,NEARUSDT|2025-11-18T00:00:00Z,2025-11-18T00:15:00Z,2.252,6.0,0,closed,realized,2025-11-18T00:49:59Z,2.274785714285714,stop_1m,,,-0.010117990357777273,-0.011305492411824547,,,-0.010117990357777273,-0.011305492411824547,34,0,1,0,0,atr,0.022785714285714347,1.75,1.0,8,3,1,2025-11-18T00:49:59Z,100.0,-1.1305492411824547,-0.011305492411824547,2025-11
rank32b-fartcoinusdt-2ccf070fb00d4e5f,FARTCOINUSDT,short,official_close,2025-11-18T02:00:00Z,2025-11-18T02:15:00Z,FARTCOINUSDT|2025-11-18T02:00:00Z,2025-11-18T02:15:00Z,0.2415,6.0,0,closed,realized,2025-11-18T02:22:59Z,0.24447142857142856,stop_1m,,,-0.012304052055604808,-0.0134889316225969,,,-0.012304052055604808,-0.0134889316225969,7,0,1,0,0,atr,0.0029714285714285693,1.75,1.0,8,3,1,2025-11-18T02:22:59Z,40.0,-0.539557264903876,-0.0134889316225969,2025-11
rank32b-bnbusdt-f02dd4d813cd4ccd,BNBUSDT,short,official_close,2025-11-18T02:30:00Z,2025-11-18T02:45:00Z,BNBUSDT|2025-11-18T02:30:00Z,2025-11-18T02:45:00Z,909.85,6.0,0,closed,realized,2025-11-18T03:01:59Z,897.50125,target_1m,,,0.013572292136066366,0.01235637027152836,,,0.013572292136066366,0.01235637027152836,16,1,0,0,0,atr,7.056428571428577,1.75,1.0,8,3,1,2025-11-18T03:01:59Z,100.0,1.235637027152836,0.01235637027152836,2025-11
rank32b-wldusdt-b11f72d37c2722f1,WLDUSDT,short,official_close,2025-11-18T02:45:00Z,2025-11-18T03:00:00Z,WLDUSDT|2025-11-18T02:45:00Z,2025-11-18T03:00:00Z,0.6573,6.0,0,closed,realized,2025-11-18T03:38:59Z,0.66465,stop_1m,,,-0.011182108626198062,-0.01236833412140581,,,-0.011182108626198062,-0.01236833412140581,38,0,1,0,0,atr,0.007350000000000008,1.75,1.0,8,3,1,2025-11-18T03:38:59Z,100.0,-1.236833412140581,-0.01236833412140581,2025-11
rank32b-uniusdt-4b02c45296b28416,UNIUSDT,short,official_close,2025-11-18T04:00:00Z,2025-11-18T04:15:00Z,UNIUSDT|2025-11-18T04:00:00Z,2025-11-18T04:15:00Z,7.372,6.0,0,closed,realized,2025-11-18T06:15:59Z,7.296,timeout_1m,,,0.010309278350515427,0.009097270927834966,,,0.010309278350515427,0.009097270927834966,120,0,0,1,0,atr,0.13207142857142853,1.75,1.0,8,3,1,2025-11-18T06:15:59Z,100.0,0.9097270927834966,0.009097270927834966,2025-11
rank32b-1000pepeusdt-8d78e65422098129,1000PEPEUSDT,short,official_close,2025-11-18T06:30:00Z,2025-11-18T06:45:00Z,1000PEPEUSDT|2025-11-18T06:30:00Z,2025-11-18T06:45:00Z,0.0047764,6.0,0,closed,realized,2025-11-18T08:34:59Z,0.004828578571428571,stop_1m,,,-0.010924246593369658,-0.012110781430186401,,,-0.010924246593369658,-0.012110781430186401,109,0,1,0,0,atr,5.2178571428571386e-05,1.75,1.0,8,3,1,2025-11-18T08:34:59Z,40.0,-0.48443125720745606,-0.012110781430186401,2025-11
rank32b-beatusdt-3ee79a1644d67e7a,BEATUSDT,short,official_close,2025-11-18T08:15:00Z,2025-11-18T08:30:00Z,BEATUSDT|2025-11-18T08:15:00Z,2025-11-18T08:30:00Z,0.39304,6.0,0,closed,realized,2025-11-18T08:39:59Z,0.37482875,target_1m,,,0.04633434256055369,0.04507911802984399,,,0.04633434256055369,0.04507911802984399,9,1,0,0,0,atr,0.010406428571428579,1.75,1.0,8,3,1,2025-11-18T08:39:59Z,40.0,1.8031647211937596,0.04507911802984399,2025-11
rank32b-tradoorusdt-1571ab2c68755730,TRADOORUSDT,long,official_close,2025-11-18T08:30:00Z,2025-11-18T08:45:00Z,TRADOORUSDT|2025-11-18T08:30:00Z,2025-11-18T08:45:00Z,2.772,6.0,0,closed,realized,2025-11-18T09:55:59Z,2.7393571428571426,stop_1m,,,-0.011775922490208202,-0.012961435622552142,,,-0.011775922490208202,-0.012961435622552142,70,0,1,0,0,atr,0.03264285714285726,1.75,1.0,8,3,1,2025-11-18T09:55:59Z,40.0,-0.5184574249020857,-0.012961435622552142,2025-11
rank32b-nearusdt-0fd412d10e9e21d6,NEARUSDT,short,official_close,2025-11-18T08:45:00Z,2025-11-18T09:00:00Z,NEARUSDT|2025-11-18T08:45:00Z,2025-11-18T09:00:00Z,2.255,6.0,0,closed,realized,2025-11-18T10:45:59Z,2.2777857142857143,stop_1m,,,-0.010104529616724811,-0.011292047818815543,,,-0.010104529616724811,-0.011292047818815543,105,0,1,0,0,atr,0.022785714285714218,1.75,1.0,8,3,1,2025-11-18T10:45:59Z,100.0,-1.1292047818815543,-0.011292047818815543,2025-11
rank32b-nearusdt-d2917deaee96021c,NEARUSDT,short,official_close,2025-11-18T11:00:00Z,2025-11-18T11:15:00Z,NEARUSDT|2025-11-18T11:00:00Z,2025-11-18T11:15:00Z,2.25,6.0,0,closed,realized,2025-11-18T12:14:59Z,2.2135000000000002,target_1m,,,0.016222222222222138,0.015003121395555263,,,0.016222222222222138,0.015003121395555263,59,1,0,0,0,atr,0.020857142857142814,1.75,1.0,8,3,1,2025-11-18T12:14:59Z,100.0,1.5003121395555263,0.015003121395555263,2025-11
rank32b-turbousdt-b6ee136a6deb25bf,TURBOUSDT,short,official_close,2025-11-18T12:00:00Z,2025-11-18T12:15:00Z,TURBOUSDT|2025-11-18T12:00:00Z,2025-11-18T12:15:00Z,0.001597,6.0,0,closed,realized,2025-11-18T12:37:59Z,0.001610742857142857,stop_1m,,,-0.008605420878432746,-0.009794737471330195,,,-0.008605420878432746,-0.009794737471330195,22,0,1,0,0,atr,1.374285714285712e-05,1.75,1.0,8,3,1,2025-11-18T12:37:59Z,40.0,-0.3917894988532078,-0.009794737471330195,2025-11
rank32b-tradoorusdt-2fc390fe0e3b6c0d,TRADOORUSDT,long,official_close,2025-11-18T10:30:00Z,2025-11-18T10:45:00Z,TRADOORUSDT|2025-11-18T10:30:00Z,2025-11-18T10:45:00Z,2.768,6.0,0,closed,realized,2025-11-18T12:45:59Z,2.79,timeout_1m,,,0.007947976878612817,0.006738802167630009,,,0.007947976878612817,0.006738802167630009,120,0,0,1,0,atr,0.0522142857142858,1.75,1.0,8,3,1,2025-11-18T12:45:59Z,40.0,0.26955208670520037,0.006738802167630009,2025-11
rank32b-1000pepeusdt-0b1ecd303be43520,1000PEPEUSDT,short,official_close,2025-11-18T13:00:00Z,2025-11-18T13:15:00Z,1000PEPEUSDT|2025-11-18T13:00:00Z,2025-11-18T13:15:00Z,0.004784,6.0,0,closed,realized,2025-11-18T14:24:59Z,0.004812742857142857,stop_1m,,,-0.0060081223124699434,-0.007200554728619135,,,-0.0060081223124699434,-0.007200554728619135,69,0,1,0,0,atr,2.8742857142857068e-05,1.75,1.0,8,3,1,2025-11-18T14:24:59Z,40.0,-0.2880221891447654,-0.007200554728619135,2025-11
rank32b-xrpusdt-3dce28e7293bdfaa,XRPUSDT,short,official_close,2025-11-18T13:15:00Z,2025-11-18T13:30:00Z,XRPUSDT|2025-11-18T13:15:00Z,2025-11-18T13:30:00Z,2.168,6.0,0,closed,realized,2025-11-18T14:26:59Z,2.1801714285714286,stop_1m,,,-0.005614127569847138,-0.0068070326378493196,,,-0.005614127569847138,-0.0068070326378493196,56,0,1,0,0,atr,0.012171428571428626,1.75,1.0,8,3,1,2025-11-18T14:26:59Z,100.0,-0.680703263784932,-0.0068070326378493196,2025-11
rank32b-actusdt-f49aaad9ae7851c7,ACTUSDT,long,official_close,2025-11-18T18:00:00Z,2025-11-18T18:15:00Z,ACTUSDT|2025-11-18T18:00:00Z,2025-11-18T18:15:00Z,0.01867,6.0,0,closed,realized,2025-11-18T20:15:59Z,0.01887,timeout_1m,,,0.010712372790573133,0.009499881799678533,,,0.010712372790573133,0.009499881799678533,120,0,0,1,0,atr,0.000598571428571429,1.75,1.0,8,3,1,2025-11-18T20:15:59Z,40.0,0.37999527198714134,0.009499881799678533,2025-11
rank32b-fartcoinusdt-4669326f6c4dc231,FARTCOINUSDT,long,official_close,2025-11-18T22:00:00Z,2025-11-18T22:15:00Z,FARTCOINUSDT|2025-11-18T22:00:00Z,2025-11-18T22:15:00Z,0.2568,6.0,0,closed,realized,2025-11-19T00:06:59Z,0.25415,stop_1m,,,-0.010319314641744515,-0.011506575179127787,,,-0.010319314641744515,-0.011506575179127787,111,0,1,0,0,atr,0.0026499999999999935,1.75,1.0,8,3,1,2025-11-19T00:06:59Z,40.0,-0.4602630071651115,-0.011506575179127787,2025-11
rank32b-avaxusdt-b491b9ab995d9f82,AVAXUSDT,short,official_close,2025-11-18T23:00:00Z,2025-11-18T23:15:00Z,AVAXUSDT|2025-11-18T23:00:00Z,2025-11-18T23:15:00Z,14.572,6.0,0,closed,realized,2025-11-19T00:17:59Z,14.45,target_1m,,,0.00837222069722754,0.00716253704639036,,,0.00837222069722754,0.00716253704639036,62,1,0,0,0,atr,0.06971428571428565,1.75,1.0,8,3,1,2025-11-19T00:17:59Z,100.0,0.716253704639036,0.00716253704639036,2025-11
rank32b-suiusdt-3f688109547001df,SUIUSDT,short,official_close,2025-11-19T00:00:00Z,2025-11-19T00:15:00Z,SUIUSDT|2025-11-19T00:00:00Z,2025-11-19T00:15:00Z,1.6557,6.0,0,closed,realized,2025-11-19T00:43:59Z,1.66425,stop_1m,,,-0.005163978981699513,-0.006357424065954076,,,-0.005163978981699513,-0.006357424065954076,28,0,1,0,0,atr,0.008549999999999947,1.75,1.0,8,3,1,2025-11-19T00:43:59Z,100.0,-0.6357424065954076,-0.006357424065954076,2025-11
rank32b-fartcoinusdt-eb723f8f2e163d54,FARTCOINUSDT,long,official_close,2025-11-19T02:00:00Z,2025-11-19T02:15:00Z,FARTCOINUSDT|2025-11-19T02:00:00Z,2025-11-19T02:15:00Z,0.257,6.0,0,closed,realized,2025-11-19T03:34:59Z,0.2543214285714286,stop_1m,,,-0.010422456920511358,-0.011609593724291378,,,-0.010422456920511358,-0.011609593724291378,79,0,1,0,0,atr,0.002678571428571427,1.75,1.0,8,3,1,2025-11-19T03:34:59Z,40.0,-0.46438374897165513,-0.011609593724291378,2025-11
rank32b-uniusdt-b28c2f74bc189ecb,UNIUSDT,short,official_close,2025-11-19T02:30:00Z,2025-11-19T02:45:00Z,UNIUSDT|2025-11-19T02:30:00Z,2025-11-19T02:45:00Z,7.413,6.0,0,closed,realized,2025-11-19T03:36:59Z,7.284875,target_1m,,,0.017283825711587708,0.016063451342910984,,,0.017283825711587708,0.016063451342910984,51,1,0,0,0,atr,0.07321428571428555,1.75,1.0,8,3,1,2025-11-19T03:36:59Z,100.0,1.6063451342910984,0.016063451342910984,2025-11
rank32b-zecusdt-e87e333ccf9ce3a5,ZECUSDT,short,official_close,2025-11-19T02:15:00Z,2025-11-19T02:30:00Z,ZECUSDT|2025-11-19T02:15:00Z,2025-11-19T02:30:00Z,608.69,6.0,0,closed,realized,2025-11-19T04:30:59Z,598.34,timeout_1m,,,0.017003729320343774,0.015783690966501895,,,0.017003729320343774,0.015783690966501895,120,0,0,1,0,atr,8.782857142857138,1.75,1.0,8,3,1,2025-11-19T04:30:59Z,100.0,1.5783690966501895,0.015783690966501895,2025-11
rank32b-beatusdt-57dc30c6d23ba0ae,BEATUSDT,long,official_close,2025-11-19T05:30:00Z,2025-11-19T05:45:00Z,BEATUSDT|2025-11-19T05:30:00Z,2025-11-19T05:45:00Z,0.44048,6.0,0,closed,realized,2025-11-19T07:13:59Z,0.4535225,target_1m,,,0.029609743915728348,0.028374582882537247,,,0.029609743915728348,0.028374582882537247,88,1,0,0,0,atr,0.007452857142857142,1.75,1.0,8,3,1,2025-11-19T07:13:59Z,40.0,1.1349833153014899,0.028374582882537247,2025-11
rank32b-bnbusdt-bae8a31a26a67b46,BNBUSDT,long,official_close,2025-11-19T07:30:00Z,2025-11-19T07:45:00Z,BNBUSDT|2025-11-19T07:30:00Z,2025-11-19T07:45:00Z,931.46,6.0,0,closed,realized,2025-11-19T08:49:59Z,926.7664285714286,stop_1m,,,-0.005038940403851444,-0.006232535489385516,,,-0.005038940403851444,-0.006232535489385516,64,0,1,0,0,atr,4.693571428571423,1.75,1.0,8,3,1,2025-11-19T08:49:59Z,100.0,-0.6232535489385516,-0.006232535489385516,2025-11
rank32b-aaveusdt-cc523eeeff6256af,AAVEUSDT,long,official_close,2025-11-19T08:15:00Z,2025-11-19T08:30:00Z,AAVEUSDT|2025-11-19T08:15:00Z,2025-11-19T08:30:00Z,175.83,6.0,0,closed,realized,2025-11-19T09:01:59Z,174.4807142857143,stop_1m,,,-0.007673808305099894,-0.0088642424977049,,,-0.007673808305099894,-0.0088642424977049,31,0,1,0,0,atr,1.3492857142857193,1.75,1.0,8,3,1,2025-11-19T09:01:59Z,100.0,-0.88642424977049,-0.0088642424977049,2025-11
rank32b-brettusdt-3d21596d4f6467ef,BRETTUSDT,long,official_close,2025-11-19T09:30:00Z,2025-11-19T09:45:00Z,BRETTUSDT|2025-11-19T09:30:00Z,2025-11-19T09:45:00Z,0.01745,6.0,0,closed,realized,2025-11-19T09:55:59Z,0.01769,target_1m,,,0.013753581661891223,0.012537442315186276,,,0.013753581661891223,0.012537442315186276,10,1,0,0,0,atr,0.00013714285714285676,1.75,1.0,8,3,1,2025-11-19T09:55:59Z,40.0,0.501497692607451,0.012537442315186276,2025-11
rank32b-adausdt-4fa68786a1b8b597,ADAUSDT,short,official_close,2025-11-19T08:30:00Z,2025-11-19T08:45:00Z,ADAUSDT|2025-11-19T08:30:00Z,2025-11-19T08:45:00Z,0.467,6.0,0,closed,realized,2025-11-19T10:08:59Z,0.47058571428571433,stop_1m,,,-0.007678189048638817,-0.00886861798592864,,,-0.007678189048638817,-0.00886861798592864,83,0,1,0,0,atr,0.0035857142857142832,1.75,1.0,8,3,1,2025-11-19T10:08:59Z,100.0,-0.886861798592864,-0.00886861798592864,2025-11
rank32b-fartcoinusdt-b954fa93da6b4c0c,FARTCOINUSDT,long,official_close,2025-11-19T15:00:00Z,2025-11-19T15:15:00Z,FARTCOINUSDT|2025-11-19T15:00:00Z,2025-11-19T15:15:00Z,0.2579,6.0,0,closed,realized,2025-11-19T15:20:59Z,0.2546214285714286,stop_1m,,,-0.012712568548163716,-0.01389695804243063,,,-0.012712568548163716,-0.01389695804243063,5,0,1,0,0,atr,0.0032785714285714263,1.75,1.0,8,3,1,2025-11-19T15:20:59Z,40.0,-0.5558783216972252,-0.01389695804243063,2025-11
rank32b-brettusdt-48b9c8fc9d74b7d1,BRETTUSDT,long,official_close,2025-11-19T14:30:00Z,2025-11-19T14:45:00Z,BRETTUSDT|2025-11-19T14:30:00Z,2025-11-19T14:45:00Z,0.0178,6.0,0,closed,realized,2025-11-19T15:23:59Z,0.017567857142857142,stop_1m,,,-0.013041733547351608,-0.014225728162118978,,,-0.013041733547351608,-0.014225728162118978,38,0,1,0,0,atr,0.0002321428571428576,1.75,1.0,8,3,1,2025-11-19T15:23:59Z,40.0,-0.5690291264847591,-0.014225728162118978,2025-11
rank32b-aaveusdt-6c94e1361859de0d,AAVEUSDT,short,official_close,2025-11-19T15:15:00Z,2025-11-19T15:30:00Z,AAVEUSDT|2025-11-19T15:15:00Z,2025-11-19T15:30:00Z,171.62,6.0,0,closed,realized,2025-11-19T15:50:59Z,168.51375000000002,target_1m,,,0.018099580468476817,0.016878227487763242,,,0.018099580468476817,0.016878227487763242,20,1,0,0,0,atr,1.7749999999999975,1.75,1.0,8,3,1,2025-11-19T15:50:59Z,100.0,1.6878227487763242,0.016878227487763242,2025-11
rank32b-zecusdt-3ac47aca3a09ebed,ZECUSDT,short,official_close,2025-11-19T16:15:00Z,2025-11-19T16:30:00Z,ZECUSDT|2025-11-19T16:15:00Z,2025-11-19T16:30:00Z,601.2,6.0,0,closed,realized,2025-11-19T17:42:59Z,614.125,stop_1m,,,-0.02149866932801059,-0.02267251866433795,,,-0.02149866932801059,-0.02267251866433795,72,0,1,0,0,atr,12.92499999999998,1.75,1.0,8,3,1,2025-11-19T17:42:59Z,100.0,-2.267251866433795,-0.02267251866433795,2025-11
rank32b-actusdt-bb368c8ca8ab63d9,ACTUSDT,long,official_close,2025-11-19T20:00:00Z,2025-11-19T20:15:00Z,ACTUSDT|2025-11-19T20:00:00Z,2025-11-19T20:15:00Z,0.02046,6.0,0,closed,realized,2025-11-19T21:20:59Z,0.021402499999999998,target_1m,,,0.046065493646138655,0.04481059163734091,,,0.046065493646138655,0.04481059163734091,65,1,0,0,0,atr,0.000538571428571429,1.75,1.0,8,3,1,2025-11-19T21:20:59Z,40.0,1.7924236654936365,0.04481059163734091,2025-11
rank32b-turbousdt-3b4b3e35928b530e,TURBOUSDT,short,official_close,2025-11-19T22:00:00Z,2025-11-19T22:15:00Z,TURBOUSDT|2025-11-19T22:00:00Z,2025-11-19T22:15:00Z,0.001638,6.0,0,closed,realized,2025-11-19T23:14:59Z,0.0016570071428571428,stop_1m,,,-0.011603872318158182,-0.012789591848770487,,,-0.011603872318158182,-0.012789591848770487,59,0,1,0,0,atr,1.9007142857142873e-05,1.75,1.0,8,3,1,2025-11-19T23:14:59Z,40.0,-0.5115836739508195,-0.012789591848770487,2025-11
rank32b-pippinusdt-6d8392f202fcf152,PIPPINUSDT,short,official_close,2025-11-19T22:45:00Z,2025-11-19T23:00:00Z,PIPPINUSDT|2025-11-19T22:45:00Z,2025-11-19T23:00:00Z,0.02534,6.0,0,closed,realized,2025-11-20T01:00:59Z,0.02532,timeout_1m,,,0.0007892659826362891,-0.0004113208524072487,,,0.0007892659826362891,-0.0004113208524072487,120,0,0,1,0,atr,0.00032428571428571445,1.75,1.0,8,3,1,2025-11-20T01:00:59Z,40.0,-0.016452834096289948,-0.0004113208524072487,2025-11
rank32b-turbousdt-4fab5f6ea0ac284e,TURBOUSDT,short,official_close,2025-11-20T00:00:00Z,2025-11-20T00:15:00Z,TURBOUSDT|2025-11-20T00:00:00Z,2025-11-20T00:15:00Z,0.0016416,6.0,0,closed,realized,2025-11-20T02:15:59Z,0.0016531,timeout_1m,,,-0.0070053606237816535,-0.008196596712963022,,,-0.0070053606237816535,-0.008196596712963022,120,0,0,1,0,atr,1.8935714285714307e-05,1.75,1.0,8,3,1,2025-11-20T02:15:59Z,40.0,-0.3278638685185209,-0.008196596712963022,2025-11
rank32b-actusdt-3b47e7893366e877,ACTUSDT,long,official_close,2025-11-20T05:15:00Z,2025-11-20T05:30:00Z,ACTUSDT|2025-11-20T05:15:00Z,2025-11-20T05:30:00Z,0.02059,6.0,0,closed,realized,2025-11-20T06:00:59Z,0.021070000000000002,target_1m,,,0.023312287518212793,0.02208468116561435,,,0.023312287518212793,0.02208468116561435,30,1,0,0,0,atr,0.0002742857142857145,1.75,1.0,8,3,1,2025-11-20T06:00:59Z,40.0,0.883387246624574,0.02208468116561435,2025-11
rank32b-actusdt-089586e2e0ccc99f,ACTUSDT,long,official_close,2025-11-20T12:15:00Z,2025-11-20T12:30:00Z,ACTUSDT|2025-11-20T12:15:00Z,2025-11-20T12:30:00Z,0.02074,6.0,0,closed,realized,2025-11-20T12:54:59Z,0.0211425,target_1m,,,0.01940694310511093,0.018184021759884317,,,0.01940694310511093,0.018184021759884317,24,1,0,0,0,atr,0.00023000000000000055,1.75,1.0,8,3,1,2025-11-20T12:54:59Z,40.0,0.7273608703953727,0.018184021759884317,2025-11
rank32b-linkusdt-64b3a8f01cbaf37d,LINKUSDT,long,official_close,2025-11-20T11:30:00Z,2025-11-20T11:45:00Z,LINKUSDT|2025-11-20T11:30:00Z,2025-11-20T11:45:00Z,13.692,6.0,0,closed,realized,2025-11-20T13:31:59Z,13.841750000000001,target_1m,,,0.010937043529068102,0.009724283014168833,,,0.010937043529068102,0.009724283014168833,106,1,0,0,0,atr,0.0855714285714286,1.75,1.0,8,3,1,2025-11-20T13:31:59Z,100.0,0.9724283014168833,0.009724283014168833,2025-11
rank32b-uniusdt-a5a266e6c1dddaf2,UNIUSDT,short,official_close,2025-11-20T14:00:00Z,2025-11-20T14:15:00Z,UNIUSDT|2025-11-20T14:00:00Z,2025-11-20T14:15:00Z,7.152,6.0,0,closed,realized,2025-11-20T14:18:59Z,7.214214285714286,stop_1m,,,-0.008698865452221094,-0.009888069945270028,,,-0.008698865452221094,-0.009888069945270028,3,0,1,0,0,atr,0.062214285714285875,1.75,1.0,8,3,1,2025-11-20T14:18:59Z,100.0,-0.9888069945270028,-0.009888069945270028,2025-11
rank32b-brettusdt-1c516876984f3c20,BRETTUSDT,long,official_close,2025-11-20T14:45:00Z,2025-11-20T15:00:00Z,BRETTUSDT|2025-11-20T14:45:00Z,2025-11-20T15:00:00Z,0.01763,6.0,0,closed,realized,2025-11-20T15:06:59Z,0.017319285714285714,stop_1m,,,-0.01762417956405482,-0.018802676893282633,,,-0.01762417956405482,-0.018802676893282633,6,0,1,0,0,atr,0.0003107142857142857,1.75,1.0,8,3,1,2025-11-20T15:06:59Z,40.0,-0.7521070757313053,-0.018802676893282633,2025-11
rank32b-dogeusdt-baf6e0f6efa8f60e,DOGEUSDT,long,official_close,2025-11-20T14:15:00Z,2025-11-20T14:30:00Z,DOGEUSDT|2025-11-20T14:15:00Z,2025-11-20T14:30:00Z,0.1588,6.0,0,closed,realized,2025-11-20T15:06:59Z,0.15771214285714286,stop_1m,,,-0.006850485786254024,-0.008041907669485537,,,-0.006850485786254024,-0.008041907669485537,36,0,1,0,0,atr,0.0010878571428571424,1.75,1.0,8,3,1,2025-11-20T15:06:59Z,100.0,-0.8041907669485537,-0.008041907669485537,2025-11
rank32b-xrpusdt-20eddc334dc7f1b9,XRPUSDT,short,official_close,2025-11-20T15:00:00Z,2025-11-20T15:15:00Z,XRPUSDT|2025-11-20T15:00:00Z,2025-11-20T15:15:00Z,2.0981,6.0,0,closed,realized,2025-11-20T16:05:59Z,2.0663875,target_1m,,,0.015114865830990087,0.013897093433344443,,,0.015114865830990087,0.013897093433344443,50,1,0,0,0,atr,0.01812142857142862,1.75,1.0,8,3,1,2025-11-20T16:05:59Z,100.0,1.3897093433344443,0.013897093433344443,2025-11
rank32b-avaxusdt-99e8a7dd9e4cda2c,AVAXUSDT,short,official_close,2025-11-20T15:45:00Z,2025-11-20T16:00:00Z,AVAXUSDT|2025-11-20T15:45:00Z,2025-11-20T16:00:00Z,14.22,6.0,0,closed,realized,2025-11-20T16:07:59Z,14.030125,target_1m,,,0.013352672292545775,0.012137013892756787,,,0.013352672292545775,0.012137013892756787,7,1,0,0,0,atr,0.10850000000000001,1.75,1.0,8,3,1,2025-11-20T16:07:59Z,100.0,1.2137013892756787,0.012137013892756787,2025-11
rank32b-dogeusdt-bc285d4f87cff639,DOGEUSDT,short,official_close,2025-11-20T16:00:00Z,2025-11-20T16:15:00Z,DOGEUSDT|2025-11-20T16:00:00Z,2025-11-20T16:15:00Z,0.15318,6.0,0,closed,realized,2025-11-20T16:54:59Z,0.150065,target_1m,,,0.020335552944248603,0.019111517601514416,,,0.020335552944248603,0.019111517601514416,39,1,0,0,0,atr,0.001779999999999998,1.75,1.0,8,3,1,2025-11-20T16:54:59Z,100.0,1.9111517601514416,0.019111517601514416,2025-11
rank32b-fartcoinusdt-930c0fafd128799b,FARTCOINUSDT,long,official_close,2025-11-20T21:30:00Z,2025-11-20T21:45:00Z,FARTCOINUSDT|2025-11-20T21:30:00Z,2025-11-20T21:45:00Z,0.2831,6.0,0,closed,realized,2025-11-20T23:33:59Z,0.27604285714285715,stop_1m,,,-0.024928092042186045,-0.026097827305848642,,,-0.024928092042186045,-0.026097827305848642,108,0,1,0,0,atr,0.007057142857142861,1.75,1.0,8,3,1,2025-11-20T23:33:59Z,40.0,-1.0439130922339457,-0.026097827305848642,2025-11
rank32b-wldusdt-17eaa815439a4b89,WLDUSDT,short,official_close,2025-11-20T23:00:00Z,2025-11-20T23:15:00Z,WLDUSDT|2025-11-20T23:00:00Z,2025-11-20T23:15:00Z,0.6667,6.0,0,closed,realized,2025-11-20T23:53:59Z,0.6533374999999999,target_1m,,,0.020042747862606958,0.018819063780560974,,,0.020042747862606958,0.018819063780560974,38,1,0,0,0,atr,0.007635714285714293,1.75,1.0,8,3,1,2025-11-20T23:53:59Z,100.0,1.8819063780560974,0.018819063780560974,2025-11
rank32b-tradoorusdt-85304eb5af931ab6,TRADOORUSDT,long,official_close,2025-11-21T05:00:00Z,2025-11-21T05:15:00Z,TRADOORUSDT|2025-11-21T05:00:00Z,2025-11-21T05:15:00Z,2.871,6.0,0,closed,realized,2025-11-21T07:15:59Z,2.839,timeout_1m,,,-0.011145942180424973,-0.01233221106234772,,,-0.011145942180424973,-0.01233221106234772,120,0,0,1,0,atr,0.037285714285714366,1.75,1.0,8,3,1,2025-11-21T07:15:59Z,40.0,-0.4932884424939088,-0.01233221106234772,2025-11
rank32b-beatusdt-0333b787bc827e9a,BEATUSDT,long,official_close,2025-11-21T06:15:00Z,2025-11-21T06:30:00Z,BEATUSDT|2025-11-21T06:15:00Z,2025-11-21T06:30:00Z,0.8011,6.0,0,closed,realized,2025-11-21T08:07:59Z,0.9029287500000001,target_1m,,,0.1271111596554737,0.1257590320239046,,,0.1271111596554737,0.1257590320239046,97,1,0,0,0,atr,0.05818785714285714,1.75,1.0,8,3,1,2025-11-21T08:07:59Z,40.0,5.030361280956184,0.1257590320239046,2025-11
rank32b-zecusdt-2bcd9281b352002d,ZECUSDT,long,official_close,2025-11-21T07:30:00Z,2025-11-21T07:45:00Z,ZECUSDT|2025-11-21T07:30:00Z,2025-11-21T07:45:00Z,679.24,6.0,0,closed,realized,2025-11-21T08:44:59Z,666.9057142857142,stop_1m,,,-0.01815895076009333,-0.019336806556403574,,,-0.01815895076009333,-0.019336806556403574,59,0,1,0,0,atr,12.334285714285736,1.75,1.0,8,3,1,2025-11-21T08:44:59Z,100.0,-1.9336806556403574,-0.019336806556403574,2025-11
rank32b-zecusdt-dd87f29f4366fade,ZECUSDT,long,official_close,2025-11-21T09:00:00Z,2025-11-21T09:15:00Z,ZECUSDT|2025-11-21T09:00:00Z,2025-11-21T09:15:00Z,679.17,6.0,0,closed,realized,2025-11-21T09:27:59Z,665.4514285714286,stop_1m,,,-0.020199024439494395,-0.02137443288181584,,,-0.020199024439494395,-0.02137443288181584,12,0,1,0,0,atr,13.71857142857145,1.75,1.0,8,3,1,2025-11-21T09:27:59Z,100.0,-2.137443288181584,-0.02137443288181584,2025-11
rank32b-pippinusdt-7dec0d22c03c7e27,PIPPINUSDT,short,official_close,2025-11-21T11:45:00Z,2025-11-21T12:00:00Z,PIPPINUSDT|2025-11-21T11:45:00Z,2025-11-21T12:00:00Z,0.02324,6.0,0,closed,realized,2025-11-21T12:14:59Z,0.02271,target_1m,,,0.022805507745266795,0.021578509345955066,,,0.022805507745266795,0.021578509345955066,14,1,0,0,0,atr,0.0003028571428571424,1.75,1.0,8,3,1,2025-11-21T12:14:59Z,40.0,0.8631403738382026,0.021578509345955066,2025-11
rank32b-ethusdt-2dd7b21c814f9b5d,ETHUSDT,short,official_close,2025-11-21T18:00:00Z,2025-11-21T18:15:00Z,ETHUSDT|2025-11-21T18:00:00Z,2025-11-21T18:15:00Z,2728.92,6.0,0,closed,realized,2025-11-21T18:36:59Z,2767.3607142857145,stop_1m,,,-0.014086420373522923,-0.01526916174018611,,,-0.014086420373522923,-0.01526916174018611,21,0,1,0,0,atr,38.44071428571426,1.75,1.0,8,3,1,2025-11-21T18:36:59Z,100.0,-1.526916174018611,-0.01526916174018611,2025-11
rank32b-uniusdt-12549684eb17c861,UNIUSDT,short,official_close,2025-11-21T19:00:00Z,2025-11-21T19:15:00Z,UNIUSDT|2025-11-21T19:00:00Z,2025-11-21T19:15:00Z,6.392,6.0,0,closed,realized,2025-11-21T21:15:59Z,6.331,timeout_1m,,,0.009543178973717148,0.008332090594493025,,,0.009543178973717148,0.008332090594493025,120,0,0,1,0,atr,0.0880714285714286,1.75,1.0,8,3,1,2025-11-21T21:15:59Z,100.0,0.8332090594493025,0.008332090594493025,2025-11
rank32b-xrpusdt-112ff6692cd611b4,XRPUSDT,short,official_close,2025-11-21T19:30:00Z,2025-11-21T19:45:00Z,XRPUSDT|2025-11-21T19:30:00Z,2025-11-21T19:45:00Z,1.9512,6.0,0,closed,realized,2025-11-21T21:45:59Z,1.9565,timeout_1m,,,-0.002716277162771563,-0.003912658608036024,,,-0.002716277162771563,-0.003912658608036024,120,0,0,1,0,atr,0.025592857142857146,1.75,1.0,8,3,1,2025-11-21T21:45:59Z,100.0,-0.39126586080360237,-0.003912658608036024,2025-11
rank32b-beatusdt-198c42384ea3203d,BEATUSDT,long,official_close,2025-11-21T20:45:00Z,2025-11-21T21:00:00Z,BEATUSDT|2025-11-21T20:45:00Z,2025-11-21T21:00:00Z,0.93455,6.0,0,closed,realized,2025-11-21T22:05:59Z,0.8655671428571429,stop_1m,,,-0.07381398228329905,-0.0749250720775928,,,-0.07381398228329905,-0.0749250720775928,65,0,1,0,0,atr,0.06898285714285714,1.75,1.0,8,3,1,2025-11-21T22:05:59Z,40.0,-2.997002883103712,-0.0749250720775928,2025-11
rank32b-aaveusdt-a8a8604ade1f8123,AAVEUSDT,short,official_close,2025-11-21T21:45:00Z,2025-11-21T22:00:00Z,AAVEUSDT|2025-11-21T21:45:00Z,2025-11-21T22:00:00Z,157.65,6.0,0,closed,realized,2025-11-21T22:51:59Z,154.73375000000001,target_1m,,,0.01849825562955909,0.01727642438217547,,,0.01849825562955909,0.01727642438217547,51,1,0,0,0,atr,1.6664285714285703,1.75,1.0,8,3,1,2025-11-21T22:51:59Z,100.0,1.727642438217547,0.01727642438217547,2025-11
rank32b-uniusdt-466fd7f2aed38817,UNIUSDT,short,official_close,2025-11-21T22:15:00Z,2025-11-21T22:30:00Z,UNIUSDT|2025-11-21T22:15:00Z,2025-11-21T22:30:00Z,6.38,6.0,0,closed,realized,2025-11-21T23:07:59Z,6.265874999999999,target_1m,,,0.01788793103448283,0.016666831956896555,,,0.01788793103448283,0.016666831956896555,37,1,0,0,0,atr,0.0652142857142858,1.75,1.0,8,3,1,2025-11-21T23:07:59Z,100.0,1.6666831956896555,0.016666831956896555,2025-11
rank32b-xrpusdt-f66db4244be034b0,XRPUSDT,short,official_close,2025-11-22T00:15:00Z,2025-11-22T00:30:00Z,XRPUSDT|2025-11-22T00:15:00Z,2025-11-22T00:30:00Z,1.9325,6.0,0,closed,realized,2025-11-22T00:38:59Z,1.9523285714285716,stop_1m,,,-0.010260580299390254,-0.011447911296839974,,,-0.010260580299390254,-0.011447911296839974,8,0,1,0,0,atr,0.01982857142857145,1.75,1.0,8,3,1,2025-11-22T00:38:59Z,100.0,-1.1447911296839974,-0.011447911296839974,2025-11
rank32b-wldusdt-332bbbbf2c2ba242,WLDUSDT,short,official_close,2025-11-22T02:30:00Z,2025-11-22T02:45:00Z,WLDUSDT|2025-11-22T02:30:00Z,2025-11-22T02:45:00Z,0.6039,6.0,0,closed,realized,2025-11-22T04:07:59Z,0.5937625,target_1m,,,0.016786719655572102,0.015566941635204445,,,0.016786719655572102,0.015566941635204445,82,1,0,0,0,atr,0.005792857142857147,1.75,1.0,8,3,1,2025-11-22T04:07:59Z,100.0,1.5566941635204445,0.015566941635204445,2025-11
rank32b-ltcusdt-f39f781fbe461cb8,LTCUSDT,short,official_close,2025-11-22T02:00:00Z,2025-11-22T02:15:00Z,LTCUSDT|2025-11-22T02:00:00Z,2025-11-22T02:15:00Z,83.28,6.0,0,closed,realized,2025-11-22T04:15:59Z,82.47,timeout_1m,,,0.009726224783861648,0.008514916815561824,,,0.009726224783861648,0.008514916815561824,120,0,0,1,0,atr,0.6907142857142868,1.75,1.0,8,3,1,2025-11-22T04:15:59Z,100.0,0.8514916815561824,0.008514916815561824,2025-11
rank32b-bnbusdt-2d6942708d67aebc,BNBUSDT,short,official_close,2025-11-22T04:00:00Z,2025-11-22T04:15:00Z,BNBUSDT|2025-11-22T04:00:00Z,2025-11-22T04:15:00Z,829.63,6.0,0,closed,realized,2025-11-22T05:21:59Z,821.3575000000001,target_1m,,,0.009971312512806807,0.008759710527463938,,,0.009971312512806807,0.008759710527463938,66,1,0,0,0,atr,4.727142857142829,1.75,1.0,8,3,1,2025-11-22T05:21:59Z,100.0,0.8759710527463938,0.008759710527463938,2025-11
rank32b-beatusdt-c9f7a6c0bd1b933b,BEATUSDT,long,official_close,2025-11-22T05:15:00Z,2025-11-22T05:30:00Z,BEATUSDT|2025-11-22T05:15:00Z,2025-11-22T05:30:00Z,0.92473,6.0,0,closed,realized,2025-11-22T05:42:59Z,0.890067142857143,stop_1m,,,-0.03748430043672979,-0.03863897277055395,,,-0.03748430043672979,-0.03863897277055395,12,0,1,0,0,atr,0.03466285714285713,1.75,1.0,8,3,1,2025-11-22T05:42:59Z,40.0,-1.545558910822158,-0.03863897277055395,2025-11
rank32b-aaveusdt-1224e7efa2b79d56,AAVEUSDT,short,official_close,2025-11-22T05:00:00Z,2025-11-22T05:15:00Z,AAVEUSDT|2025-11-22T05:00:00Z,2025-11-22T05:15:00Z,157.75,6.0,0,closed,realized,2025-11-22T06:26:59Z,158.87928571428571,stop_1m,,,-0.007158705003395882,-0.008349757134525682,,,-0.007158705003395882,-0.008349757134525682,71,0,1,0,0,atr,1.1292857142857184,1.75,1.0,8,3,1,2025-11-22T06:26:59Z,100.0,-0.8349757134525682,-0.008349757134525682,2025-11
rank32b-beatusdt-3c63d28cbc89b731,BEATUSDT,long,official_close,2025-11-22T05:45:00Z,2025-11-22T06:00:00Z,BEATUSDT|2025-11-22T05:45:00Z,2025-11-22T06:00:00Z,0.924,6.0,0,closed,realized,2025-11-22T06:58:59Z,0.8868157142857144,stop_1m,,,-0.04024273345701912,-0.041394096664254754,,,-0.04024273345701912,-0.041394096664254754,58,0,1,0,0,atr,0.03718428571428569,1.75,1.0,8,3,1,2025-11-22T06:58:59Z,40.0,-1.6557638665701901,-0.041394096664254754,2025-11
rank32b-turbousdt-0159f0c2a7fb60f5,TURBOUSDT,short,official_close,2025-11-22T11:45:00Z,2025-11-22T12:00:00Z,TURBOUSDT|2025-11-22T11:45:00Z,2025-11-22T12:00:00Z,0.0013717,6.0,0,closed,realized,2025-11-22T13:22:59Z,0.001345325,target_1m,,,0.019227965298534655,0.018005258662243895,,,0.019227965298534655,0.018005258662243895,82,1,0,0,0,atr,1.507142857142859e-05,1.75,1.0,8,3,1,2025-11-22T13:22:59Z,40.0,0.7202103464897558,0.018005258662243895,2025-11
rank32b-beatusdt-8ec91d6e18f24f46,BEATUSDT,long,official_close,2025-11-22T14:15:00Z,2025-11-22T14:30:00Z,BEATUSDT|2025-11-22T14:15:00Z,2025-11-22T14:30:00Z,0.87608,6.0,0,closed,realized,2025-11-22T15:06:59Z,0.9236399999999999,target_1m,,,0.05428727970048386,0.053022514508263674,,,0.05428727970048386,0.053022514508263674,36,1,0,0,0,atr,0.027177142857142844,1.75,1.0,8,3,1,2025-11-22T15:06:59Z,40.0,2.120900580330547,0.053022514508263674,2025-11
rank32b-wldusdt-264b476d1e8291c5,WLDUSDT,short,official_close,2025-11-22T15:30:00Z,2025-11-22T15:45:00Z,WLDUSDT|2025-11-22T15:30:00Z,2025-11-22T15:45:00Z,0.5944,6.0,0,closed,realized,2025-11-22T16:05:59Z,0.5995785714285715,stop_1m,,,-0.008712266871755414,-0.00990145528792541,,,-0.008712266871755414,-0.00990145528792541,20,0,1,0,0,atr,0.005178571428571437,1.75,1.0,8,3,1,2025-11-22T16:05:59Z,100.0,-0.9901455287925409,-0.00990145528792541,2025-11
rank32b-turbousdt-7e6af551368eb7f2,TURBOUSDT,short,official_close,2025-11-22T16:15:00Z,2025-11-22T16:30:00Z,TURBOUSDT|2025-11-22T16:15:00Z,2025-11-22T16:30:00Z,0.0013661,6.0,0,closed,realized,2025-11-22T18:30:59Z,0.0013744,timeout_1m,,,-0.006075689920210792,-0.007268041279554938,,,-0.006075689920210792,-0.007268041279554938,120,0,0,1,0,atr,1.4764285714285697e-05,1.75,1.0,8,3,1,2025-11-22T18:30:59Z,40.0,-0.2907216511821975,-0.007268041279554938,2025-11
rank32b-brettusdt-f8da6943c8febf5c,BRETTUSDT,short,official_close,2025-11-22T20:30:00Z,2025-11-22T20:45:00Z,BRETTUSDT|2025-11-22T20:30:00Z,2025-11-22T20:45:00Z,0.01315,6.0,0,closed,realized,2025-11-22T21:03:59Z,0.013275714285714287,stop_1m,,,-0.009560021727322177,-0.010748193142857243,,,-0.009560021727322177,-0.010748193142857243,18,0,1,0,0,atr,0.0001257142857142858,1.75,1.0,8,3,1,2025-11-22T21:03:59Z,40.0,-0.4299277257142897,-0.010748193142857243,2025-11
rank32b-bchusdt-92cf465b6d396594,BCHUSDT,long,official_close,2025-11-23T07:00:00Z,2025-11-23T07:15:00Z,BCHUSDT|2025-11-23T07:00:00Z,2025-11-23T07:15:00Z,548.88,6.0,0,closed,realized,2025-11-23T07:16:59Z,545.4564285714285,stop_1m,,,-0.006237376892164859,-0.007429534285349981,,,-0.006237376892164859,-0.007429534285349981,1,0,1,0,0,atr,3.4235714285714494,1.75,1.0,8,3,1,2025-11-23T07:16:59Z,100.0,-0.7429534285349981,-0.007429534285349981,2025-11
rank32b-suiusdt-b5162be78a68349d,SUIUSDT,short,official_close,2025-11-23T07:15:00Z,2025-11-23T07:30:00Z,SUIUSDT|2025-11-23T07:15:00Z,2025-11-23T07:30:00Z,1.3479,6.0,0,closed,realized,2025-11-23T07:42:59Z,1.3567785714285716,stop_1m,,,-0.006586965968225833,-0.007778703980371837,,,-0.006586965968225833,-0.007778703980371837,12,0,1,0,0,atr,0.008878571428571434,1.75,1.0,8,3,1,2025-11-23T07:42:59Z,100.0,-0.7778703980371837,-0.007778703980371837,2025-11
rank32b-beatusdt-5b079cac626fda0b,BEATUSDT,long,official_close,2025-11-23T10:15:00Z,2025-11-23T10:30:00Z,BEATUSDT|2025-11-23T10:15:00Z,2025-11-23T10:30:00Z,0.92988,6.0,0,closed,realized,2025-11-23T10:42:59Z,0.9699150000000001,target_1m,,,0.04305394244418648,0.041802653212672514,,,0.04305394244418648,0.041802653212672514,12,1,0,0,0,atr,0.022877142857142856,1.75,1.0,8,3,1,2025-11-23T10:42:59Z,40.0,1.6721061285069005,0.041802653212672514,2025-11
rank32b-brettusdt-6e94971bfbd03110,BRETTUSDT,short,official_close,2025-11-23T11:00:00Z,2025-11-23T11:15:00Z,BRETTUSDT|2025-11-23T11:00:00Z,2025-11-23T11:15:00Z,0.0137,6.0,0,closed,realized,2025-11-23T11:33:59Z,0.013812857142857142,stop_1m,,,-0.008237747653806027,-0.009427505322210705,,,-0.008237747653806027,-0.009427505322210705,18,0,1,0,0,atr,0.00011285714285714272,1.75,1.0,8,3,1,2025-11-23T11:33:59Z,40.0,-0.3771002128884282,-0.009427505322210705,2025-11
rank32b-tradoorusdt-c7869d1267c15d7a,TRADOORUSDT,short,official_close,2025-11-23T11:30:00Z,2025-11-23T11:45:00Z,TRADOORUSDT|2025-11-23T11:30:00Z,2025-11-23T11:45:00Z,1.129,6.0,0,closed,realized,2025-11-23T11:53:59Z,1.1794285714285715,stop_1m,,,-0.04466658231051501,-0.04581263849171213,,,-0.04466658231051501,-0.04581263849171213,8,0,1,0,0,atr,0.05042857142857145,1.75,1.0,8,3,1,2025-11-23T11:53:59Z,40.0,-1.8325055396684853,-0.04581263849171213,2025-11
rank32b-beatusdt-1b984d7451be09dc,BEATUSDT,long,official_close,2025-11-23T12:00:00Z,2025-11-23T12:15:00Z,BEATUSDT|2025-11-23T12:00:00Z,2025-11-23T12:15:00Z,0.93727,6.0,0,closed,realized,2025-11-23T14:15:59Z,0.91763,timeout_1m,,,-0.020954474164328385,-0.022128976338941952,,,-0.020954474164328385,-0.022128976338941952,120,0,0,1,0,atr,0.03064642857142858,1.75,1.0,8,3,1,2025-11-23T14:15:59Z,40.0,-0.8851590535576781,-0.022128976338941952,2025-11
rank32b-tradoorusdt-82cb8126e3b12cab,TRADOORUSDT,short,official_close,2025-11-23T14:30:00Z,2025-11-23T14:45:00Z,TRADOORUSDT|2025-11-23T14:30:00Z,2025-11-23T14:45:00Z,1.145,6.0,0,closed,realized,2025-11-23T14:57:59Z,1.0591249999999999,target_1m,,,0.07500000000000018,0.07371038700000021,,,0.07500000000000018,0.07371038700000021,12,1,0,0,0,atr,0.04907142857142862,1.75,1.0,8,3,1,2025-11-23T14:57:59Z,40.0,2.9484154800000084,0.07371038700000021,2025-11
rank32b-suiusdt-10f2f6a6cf83bf45,SUIUSDT,short,official_close,2025-11-23T14:45:00Z,2025-11-23T15:00:00Z,SUIUSDT|2025-11-23T14:45:00Z,2025-11-23T15:00:00Z,1.3551,6.0,0,closed,realized,2025-11-23T15:20:59Z,1.3636785714285713,stop_1m,,,-0.006330581823165371,-0.0075226274039871255,,,-0.006330581823165371,-0.0075226274039871255,20,0,1,0,0,atr,0.008578571428571435,1.75,1.0,8,3,1,2025-11-23T15:20:59Z,100.0,-0.7522627403987125,-0.0075226274039871255,2025-11
rank32b-brettusdt-4aa4e4fc710dde53,BRETTUSDT,short,official_close,2025-11-23T14:15:00Z,2025-11-23T14:30:00Z,BRETTUSDT|2025-11-23T14:15:00Z,2025-11-23T14:30:00Z,0.01376,6.0,0,closed,realized,2025-11-23T15:37:59Z,0.013920714285714286,stop_1m,,,-0.011679817275747517,-0.0128654456997509,,,-0.011679817275747517,-0.0128654456997509,67,0,1,0,0,atr,0.00016071428571428573,1.75,1.0,8,3,1,2025-11-23T15:37:59Z,40.0,-0.514617827990036,-0.0128654456997509,2025-11
rank32b-uniusdt-7e5159069498685b,UNIUSDT,short,official_close,2025-11-23T16:45:00Z,2025-11-23T17:00:00Z,UNIUSDT|2025-11-23T16:45:00Z,2025-11-23T17:00:00Z,6.13,6.0,0,closed,realized,2025-11-23T18:40:59Z,6.178142857142857,stop_1m,,,-0.00785364716849224,-0.009043865619203117,,,-0.00785364716849224,-0.009043865619203117,100,0,1,0,0,atr,0.04814285714285723,1.75,1.0,8,3,1,2025-11-23T18:40:59Z,100.0,-0.9043865619203117,-0.009043865619203117,2025-11
rank32b-uniusdt-46ee29a1330401b4,UNIUSDT,short,official_close,2025-11-23T18:45:00Z,2025-11-23T19:00:00Z,UNIUSDT|2025-11-23T18:45:00Z,2025-11-23T19:00:00Z,6.154,6.0,0,closed,realized,2025-11-23T19:32:59Z,6.210214285714286,stop_1m,,,-0.009134593063744756,-0.010323274840521868,,,-0.009134593063744756,-0.010323274840521868,32,0,1,0,0,atr,0.056214285714285835,1.75,1.0,8,3,1,2025-11-23T19:32:59Z,100.0,-1.0323274840521868,-0.010323274840521868,2025-11
rank32b-fartcoinusdt-6522679e22533f78,FARTCOINUSDT,short,official_close,2025-11-23T21:00:00Z,2025-11-23T21:15:00Z,FARTCOINUSDT|2025-11-23T21:00:00Z,2025-11-23T21:15:00Z,0.2213,6.0,0,closed,realized,2025-11-23T21:27:59Z,0.2241857142857143,stop_1m,,,-0.013039829578465056,-0.014223826477309576,,,-0.013039829578465056,-0.014223826477309576,12,0,1,0,0,atr,0.002885714285714289,1.75,1.0,8,3,1,2025-11-23T21:27:59Z,40.0,-0.568953059092383,-0.014223826477309576,2025-11
rank32b-bchusdt-6c1720983a2e2502,BCHUSDT,long,official_close,2025-11-23T20:00:00Z,2025-11-23T20:15:00Z,BCHUSDT|2025-11-23T20:00:00Z,2025-11-23T20:15:00Z,550.33,6.0,0,closed,realized,2025-11-23T22:15:59Z,549.86,timeout_1m,,,-0.0008540330347246439,-0.0020526485025349483,,,-0.0008540330347246439,-0.0020526485025349483,120,0,0,1,0,atr,3.8714285714285586,1.75,1.0,8,3,1,2025-11-23T22:15:59Z,100.0,-0.20526485025349483,-0.0020526485025349483,2025-11
rank32b-fartcoinusdt-59057702893702a9,FARTCOINUSDT,long,official_close,2025-11-23T22:15:00Z,2025-11-23T22:30:00Z,FARTCOINUSDT|2025-11-23T22:15:00Z,2025-11-23T22:30:00Z,0.2264,6.0,0,closed,realized,2025-11-23T23:04:59Z,0.22320714285714285,stop_1m,,,-0.014102725896012136,-0.015285447701918309,,,-0.014102725896012136,-0.015285447701918309,34,0,1,0,0,atr,0.003192857142857146,1.75,1.0,8,3,1,2025-11-23T23:04:59Z,40.0,-0.6114179080767324,-0.015285447701918309,2025-11
rank32b-dotusdt-70416a8547526ff6,DOTUSDT,short,official_close,2025-11-23T22:00:00Z,2025-11-23T22:15:00Z,DOTUSDT|2025-11-23T22:00:00Z,2025-11-23T22:15:00Z,2.305,6.0,0,closed,realized,2025-11-23T23:17:59Z,2.2805,target_1m,,,0.010629067245119361,0.009416676190889373,,,0.010629067245119361,0.009416676190889373,62,1,0,0,0,atr,0.014000000000000077,1.75,1.0,8,3,1,2025-11-23T23:17:59Z,100.0,0.9416676190889373,0.009416676190889373,2025-11
rank32b-brettusdt-471d5a724377ff1f,BRETTUSDT,short,official_close,2025-11-23T23:00:00Z,2025-11-23T23:15:00Z,BRETTUSDT|2025-11-23T23:00:00Z,2025-11-23T23:15:00Z,0.01374,6.0,0,closed,realized,2025-11-24T00:12:59Z,0.013525,target_1m,,,0.015647743813682724,0.014429332154293872,,,0.015647743813682724,0.014429332154293872,57,1,0,0,0,atr,0.00012285714285714282,1.75,1.0,8,3,1,2025-11-24T00:12:59Z,40.0,0.5771732861717549,0.014429332154293872,2025-11
rank32b-fartcoinusdt-1d98d907e672c7c0,FARTCOINUSDT,long,official_close,2025-11-24T00:15:00Z,2025-11-24T00:30:00Z,FARTCOINUSDT|2025-11-24T00:15:00Z,2025-11-24T00:30:00Z,0.227,6.0,0,closed,realized,2025-11-24T01:14:59Z,0.22341428571428573,stop_1m,,,-0.015796098174952755,-0.016976788543738186,,,-0.015796098174952755,-0.016976788543738186,44,0,1,0,0,atr,0.0035857142857142893,1.75,1.0,8,3,1,2025-11-24T01:14:59Z,40.0,-0.6790715417495274,-0.016976788543738186,2025-11
rank32b-xrpusdt-0844cf0fffaceeeb,XRPUSDT,long,official_close,2025-11-24T01:45:00Z,2025-11-24T02:00:00Z,XRPUSDT|2025-11-24T01:45:00Z,2025-11-24T02:00:00Z,2.057,6.0,0,closed,realized,2025-11-24T02:06:59Z,2.0864374999999997,target_1m,,,0.014310889645114067,0.01309408172946025,,,0.014310889645114067,0.01309408172946025,6,1,0,0,0,atr,0.016821428571428574,1.75,1.0,8,3,1,2025-11-24T02:06:59Z,100.0,1.309408172946025,0.01309408172946025,2025-11
rank32b-ethusdt-d2ba1ad738503119,ETHUSDT,long,official_close,2025-11-24T02:00:00Z,2025-11-24T02:15:00Z,ETHUSDT|2025-11-24T02:00:00Z,2025-11-24T02:15:00Z,2857.98,6.0,0,closed,realized,2025-11-24T02:47:59Z,2835.61,stop_1m,,,-0.007827206628457817,-0.009017456798298129,,,-0.007827206628457817,-0.009017456798298129,32,0,1,0,0,atr,22.370000000000054,1.75,1.0,8,3,1,2025-11-24T02:47:59Z,100.0,-0.9017456798298129,-0.009017456798298129,2025-11
rank32b-dotusdt-f5a8589b9fcd89f4,DOTUSDT,short,official_close,2025-11-24T04:15:00Z,2025-11-24T04:30:00Z,DOTUSDT|2025-11-24T04:15:00Z,2025-11-24T04:30:00Z,2.282,6.0,0,closed,realized,2025-11-24T05:08:59Z,2.3019285714285713,stop_1m,,,-0.008732941029172325,-0.00992210464379617,,,-0.008732941029172325,-0.00992210464379617,38,0,1,0,0,atr,0.019928571428571424,1.75,1.0,8,3,1,2025-11-24T05:08:59Z,100.0,-0.992210464379617,-0.00992210464379617,2025-11
rank32b-dogeusdt-31ceaba6b435617c,DOGEUSDT,long,official_close,2025-11-24T05:00:00Z,2025-11-24T05:15:00Z,DOGEUSDT|2025-11-24T05:00:00Z,2025-11-24T05:15:00Z,0.14789,6.0,0,closed,realized,2025-11-24T06:06:59Z,0.14645714285714284,stop_1m,,,-0.00968866821865677,-0.010876685304715084,,,-0.00968866821865677,-0.010876685304715084,51,0,1,0,0,atr,0.0014328571428571424,1.75,1.0,8,3,1,2025-11-24T06:06:59Z,100.0,-1.0876685304715084,-0.010876685304715084,2025-11
rank32b-bchusdt-cd32de59aed15705,BCHUSDT,long,official_close,2025-11-24T08:45:00Z,2025-11-24T09:00:00Z,BCHUSDT|2025-11-24T08:45:00Z,2025-11-24T09:00:00Z,550.61,6.0,0,closed,realized,2025-11-24T09:08:59Z,547.4821428571429,stop_1m,,,-0.005680712560355072,-0.006873537750339276,,,-0.005680712560355072,-0.006873537750339276,8,0,1,0,0,atr,3.1278571428571404,1.75,1.0,8,3,1,2025-11-24T09:08:59Z,100.0,-0.6873537750339276,-0.006873537750339276,2025-11
rank32b-linkusdt-cb70266115786fc6,LINKUSDT,long,official_close,2025-11-24T07:30:00Z,2025-11-24T07:45:00Z,LINKUSDT|2025-11-24T07:30:00Z,2025-11-24T07:45:00Z,12.631,6.0,0,closed,realized,2025-11-24T09:09:59Z,12.520857142857142,stop_1m,,,-0.008720042525758642,-0.009909221613943031,,,-0.008720042525758642,-0.009909221613943031,84,0,1,0,0,atr,0.11014285714285739,1.75,1.0,8,3,1,2025-11-24T09:09:59Z,100.0,-0.9909221613943031,-0.009909221613943031,2025-11
rank32b-ltcusdt-63d1807b899a02d1,LTCUSDT,short,official_close,2025-11-24T09:15:00Z,2025-11-24T09:30:00Z,LTCUSDT|2025-11-24T09:15:00Z,2025-11-24T09:30:00Z,82.66,6.0,0,closed,realized,2025-11-24T09:36:59Z,83.17428571428572,stop_1m,,,-0.006221699906674649,-0.007413876106598605,,,-0.006221699906674649,-0.007413876106598605,6,0,1,0,0,atr,0.5142857142857145,1.75,1.0,8,3,1,2025-11-24T09:36:59Z,100.0,-0.7413876106598605,-0.007413876106598605,2025-11
rank32b-nearusdt-3ff17a19172d5e3f,NEARUSDT,short,official_close,2025-11-24T09:00:00Z,2025-11-24T09:15:00Z,NEARUSDT|2025-11-24T09:00:00Z,2025-11-24T09:15:00Z,1.839,6.0,0,closed,realized,2025-11-24T11:15:59Z,1.844,timeout_1m,,,-0.002718868950516651,-0.00391524728656889,,,-0.002718868950516651,-0.00391524728656889,120,0,0,1,0,atr,0.013642857142857163,1.75,1.0,8,3,1,2025-11-24T11:15:59Z,100.0,-0.39152472865688903,-0.00391524728656889,2025-11
rank32b-beatusdt-a4155790733ef51a,BEATUSDT,short,official_close,2025-11-24T10:30:00Z,2025-11-24T10:45:00Z,BEATUSDT|2025-11-24T10:30:00Z,2025-11-24T10:45:00Z,0.86449,6.0,0,closed,realized,2025-11-24T12:45:59Z,0.85354,timeout_1m,,,0.012666427604714925,0.01145159245150329,,,0.012666427604714925,0.01145159245150329,120,0,0,1,0,atr,0.012815000000000005,1.75,1.0,8,3,1,2025-11-24T12:45:59Z,40.0,0.4580636980601316,0.01145159245150329,2025-11
rank32b-1000pepeusdt-d20b2841bdcab339,1000PEPEUSDT,long,official_close,2025-11-24T13:00:00Z,2025-11-24T13:15:00Z,1000PEPEUSDT|2025-11-24T13:00:00Z,2025-11-24T13:15:00Z,0.004245,6.0,0,closed,realized,2025-11-24T14:21:59Z,0.004220807142857143,stop_1m,,,-0.005699141847551714,-0.006891944929025784,,,-0.005699141847551714,-0.006891944929025784,66,0,1,0,0,atr,2.4192857142857262e-05,1.75,1.0,8,3,1,2025-11-24T14:21:59Z,40.0,-0.27567779716103136,-0.006891944929025784,2025-11
rank32b-dotusdt-85b745e0165efae5,DOTUSDT,short,official_close,2025-11-24T13:45:00Z,2025-11-24T14:00:00Z,DOTUSDT|2025-11-24T13:45:00Z,2025-11-24T14:00:00Z,2.275,6.0,0,closed,realized,2025-11-24T14:31:59Z,2.2895,stop_1m,,,-0.006373626373626262,-0.007565620316483446,,,-0.006373626373626262,-0.007565620316483446,31,0,1,0,0,atr,0.014499999999999957,1.75,1.0,8,3,1,2025-11-24T14:31:59Z,100.0,-0.7565620316483446,-0.007565620316483446,2025-11
rank32b-turbousdt-ceac1a7732fd2858,TURBOUSDT,long,official_close,2025-11-24T14:45:00Z,2025-11-24T15:00:00Z,TURBOUSDT|2025-11-24T14:45:00Z,2025-11-24T15:00:00Z,0.0014303,6.0,0,closed,realized,2025-11-24T15:45:59Z,0.0014606625,target_1m,,,0.021228064042508432,0.02000295800776053,,,0.021228064042508432,0.02000295800776053,45,1,0,0,0,atr,1.7349999999999978e-05,1.75,1.0,8,3,1,2025-11-24T15:45:59Z,40.0,0.8001183203104212,0.02000295800776053,2025-11
rank32b-dogeusdt-2fca1c820836bd85,DOGEUSDT,long,official_close,2025-11-24T15:30:00Z,2025-11-24T15:45:00Z,DOGEUSDT|2025-11-24T15:30:00Z,2025-11-24T15:45:00Z,0.14692,6.0,0,closed,realized,2025-11-24T17:24:59Z,0.14918499999999998,target_1m,,,0.015416553226245577,0.014198418912332977,,,0.015416553226245577,0.014198418912332977,99,1,0,0,0,atr,0.00129428571428571,1.75,1.0,8,3,1,2025-11-24T17:24:59Z,100.0,1.4198418912332977,0.014198418912332977,2025-11
rank32b-beatusdt-a2475f5b7f8df178,BEATUSDT,long,official_close,2025-11-24T22:45:00Z,2025-11-24T23:00:00Z,BEATUSDT|2025-11-24T22:45:00Z,2025-11-24T23:00:00Z,0.89902,6.0,0,closed,realized,2025-11-25T01:00:59Z,0.90733,timeout_1m,,,0.009243398367110744,0.008032669616693466,,,0.009243398367110744,0.008032669616693466,120,0,0,1,0,atr,0.01933500000000001,1.75,1.0,8,3,1,2025-11-25T01:00:59Z,40.0,0.32130678466773865,0.008032669616693466,2025-11
rank32b-uniusdt-0258b85a2e9fc5b6,UNIUSDT,long,official_close,2025-11-25T00:30:00Z,2025-11-25T00:45:00Z,UNIUSDT|2025-11-25T00:30:00Z,2025-11-25T00:45:00Z,6.299,6.0,0,closed,realized,2025-11-25T01:01:59Z,6.259071428571429,stop_1m,,,-0.006338874651305226,-0.0075309102837186614,,,-0.006338874651305226,-0.0075309102837186614,16,0,1,0,0,atr,0.03992857142857144,1.75,1.0,8,3,1,2025-11-25T01:01:59Z,100.0,-0.7530910283718661,-0.0075309102837186614,2025-11
rank32b-uniusdt-74cb81a6da6bfbea,UNIUSDT,long,official_close,2025-11-25T02:45:00Z,2025-11-25T03:00:00Z,UNIUSDT|2025-11-25T02:45:00Z,2025-11-25T03:00:00Z,6.309,6.0,0,closed,realized,2025-11-25T03:50:59Z,6.261214285714286,stop_1m,,,-0.007574213708307909,-0.008764767378575011,,,-0.007574213708307909,-0.008764767378575011,50,0,1,0,0,atr,0.047785714285714195,1.75,1.0,8,3,1,2025-11-25T03:50:59Z,100.0,-0.8764767378575011,-0.008764767378575011,2025-11
rank32b-uniusdt-2a64594ad31497a9,UNIUSDT,long,official_close,2025-11-25T04:00:00Z,2025-11-25T04:15:00Z,UNIUSDT|2025-11-25T04:00:00Z,2025-11-25T04:15:00Z,6.328,6.0,0,closed,realized,2025-11-25T05:28:59Z,6.282571428571429,stop_1m,,,-0.007178977785804563,-0.008370005596893715,,,-0.007178977785804563,-0.008370005596893715,73,0,1,0,0,atr,0.0454285714285715,1.75,1.0,8,3,1,2025-11-25T05:28:59Z,100.0,-0.8370005596893715,-0.008370005596893715,2025-11
rank32b-dotusdt-db336a3b26eb7a60,DOTUSDT,short,official_close,2025-11-25T03:30:00Z,2025-11-25T03:45:00Z,DOTUSDT|2025-11-25T03:30:00Z,2025-11-25T03:45:00Z,2.315,6.0,0,closed,realized,2025-11-25T05:45:59Z,2.313,timeout_1m,,,0.0008639308855290517,-0.00033674552051865536,,,0.0008639308855290517,-0.00033674552051865536,120,0,0,1,0,atr,0.013285714285714218,1.75,1.0,8,3,1,2025-11-25T05:45:59Z,100.0,-0.033674552051865536,-0.00033674552051865536,2025-11
rank32b-pippinusdt-7f35ece093dcb086,PIPPINUSDT,long,official_close,2025-11-25T05:00:00Z,2025-11-25T05:15:00Z,PIPPINUSDT|2025-11-25T05:00:00Z,2025-11-25T05:15:00Z,0.06052,6.0,0,closed,realized,2025-11-25T07:15:59Z,0.06132,timeout_1m,,,0.013218770654329193,0.012003272888301497,,,0.013218770654329193,0.012003272888301497,120,0,0,1,0,atr,0.0031814285714285716,1.75,1.0,8,3,1,2025-11-25T07:15:59Z,40.0,0.4801309155320599,0.012003272888301497,2025-11
rank32b-xrpusdt-dbe310412fb306e1,XRPUSDT,long,official_close,2025-11-25T12:00:00Z,2025-11-25T12:15:00Z,XRPUSDT|2025-11-25T12:00:00Z,2025-11-25T12:15:00Z,2.2129,6.0,0,closed,realized,2025-11-25T12:38:59Z,2.2008785714285715,stop_1m,,,-0.005432431909001001,-0.0066255549463858365,,,-0.005432431909001001,-0.0066255549463858365,23,0,1,0,0,atr,0.012021428571428627,1.75,1.0,8,3,1,2025-11-25T12:38:59Z,100.0,-0.6625554946385837,-0.0066255549463858365,2025-11
rank32b-actusdt-69ed7aac6dfc3b0d,ACTUSDT,long,official_close,2025-11-25T13:00:00Z,2025-11-25T13:15:00Z,ACTUSDT|2025-11-25T13:00:00Z,2025-11-25T13:15:00Z,0.02251,6.0,0,closed,realized,2025-11-25T13:35:59Z,0.022339285714285714,stop_1m,,,-0.007583930951323148,-0.008774472964396707,,,-0.007583930951323148,-0.008774472964396707,20,0,1,0,0,atr,0.0001707142857142857,1.75,1.0,8,3,1,2025-11-25T13:35:59Z,40.0,-0.35097891857586827,-0.008774472964396707,2025-11
rank32b-beatusdt-f17a02244e4ef98b,BEATUSDT,short,official_close,2025-11-25T12:45:00Z,2025-11-25T13:00:00Z,BEATUSDT|2025-11-25T12:45:00Z,2025-11-25T13:00:00Z,0.84891,6.0,0,closed,realized,2025-11-25T15:00:59Z,0.8308,timeout_1m,,,0.021333239094839307,0.020108006887891605,,,0.021333239094839307,0.020108006887891605,120,0,0,1,0,atr,0.032654285714285726,1.75,1.0,8,3,1,2025-11-25T15:00:59Z,40.0,0.8043202755156642,0.020108006887891605,2025-11
rank32b-ltcusdt-68ddb18b87881540,LTCUSDT,long,official_close,2025-11-25T16:00:00Z,2025-11-25T16:15:00Z,LTCUSDT|2025-11-25T16:00:00Z,2025-11-25T16:15:00Z,84.83,6.0,0,closed,realized,2025-11-25T17:22:59Z,85.83125,target_1m,,,0.01180301780030657,0.01058921842803251,,,0.01180301780030657,0.01058921842803251,67,1,0,0,0,atr,0.5721428571428575,1.75,1.0,8,3,1,2025-11-25T17:22:59Z,100.0,1.058921842803251,0.01058921842803251,2025-11
rank32b-turbousdt-d9ddf4e21d687b5f,TURBOUSDT,long,official_close,2025-11-25T15:30:00Z,2025-11-25T15:45:00Z,TURBOUSDT|2025-11-25T15:30:00Z,2025-11-25T15:45:00Z,0.0014911,6.0,0,closed,realized,2025-11-25T17:34:59Z,0.0015195,target_1m,,,0.019046341626986818,0.01782385287371735,,,0.019046341626986818,0.01782385287371735,109,1,0,0,0,atr,1.6228571428571437e-05,1.75,1.0,8,3,1,2025-11-25T17:34:59Z,40.0,0.712954114948694,0.01782385287371735,2025-11
rank32b-pippinusdt-a8253be775626ae2,PIPPINUSDT,long,official_close,2025-11-25T15:45:00Z,2025-11-25T16:00:00Z,PIPPINUSDT|2025-11-25T15:45:00Z,2025-11-25T16:00:00Z,0.06535,6.0,0,closed,realized,2025-11-25T18:00:59Z,0.06999,timeout_1m,,,0.0710022953328231,0.06971747813924978,,,0.0710022953328231,0.06971747813924978,120,0,0,1,0,atr,0.004767142857142859,1.75,1.0,8,3,1,2025-11-25T18:00:59Z,40.0,2.788699125569991,0.06971747813924978,2025-11
rank32b-aaveusdt-c2c5668f7a9ccff9,AAVEUSDT,long,official_close,2025-11-25T17:30:00Z,2025-11-25T17:45:00Z,AAVEUSDT|2025-11-25T17:30:00Z,2025-11-25T17:45:00Z,177.91,6.0,0,closed,realized,2025-11-25T19:05:59Z,176.20785714285714,stop_1m,,,-0.009567437789572586,-0.010755600308502755,,,-0.009567437789572586,-0.010755600308502755,80,0,1,0,0,atr,1.702142857142854,1.75,1.0,8,3,1,2025-11-25T19:05:59Z,100.0,-1.0755600308502755,-0.010755600308502755,2025-11
rank32b-nearusdt-469cc83464c92786,NEARUSDT,short,official_close,2025-11-25T19:15:00Z,2025-11-25T19:30:00Z,NEARUSDT|2025-11-25T19:15:00Z,2025-11-25T19:30:00Z,1.866,6.0,0,closed,realized,2025-11-25T19:50:59Z,1.8875000000000002,stop_1m,,,-0.011521972132904734,-0.012707789914255363,,,-0.011521972132904734,-0.012707789914255363,20,0,1,0,0,atr,0.021500000000000012,1.75,1.0,8,3,1,2025-11-25T19:50:59Z,100.0,-1.2707789914255363,-0.012707789914255363,2025-11
rank32b-beatusdt-655cd97202e488c2,BEATUSDT,short,official_close,2025-11-25T18:30:00Z,2025-11-25T18:45:00Z,BEATUSDT|2025-11-25T18:30:00Z,2025-11-25T18:45:00Z,0.84078,6.0,0,closed,realized,2025-11-25T20:45:59Z,0.82465,timeout_1m,,,0.01918456671186275,0.0179619121382526,,,0.01918456671186275,0.0179619121382526,120,0,0,1,0,atr,0.014582142857142853,1.75,1.0,8,3,1,2025-11-25T20:45:59Z,40.0,0.718476485530104,0.0179619121382526,2025-11
rank32b-1000pepeusdt-c6a01950ad074616,1000PEPEUSDT,long,official_close,2025-11-25T19:45:00Z,2025-11-25T20:00:00Z,1000PEPEUSDT|2025-11-25T19:45:00Z,2025-11-25T20:00:00Z,0.0044823,6.0,0,closed,realized,2025-11-25T21:16:59Z,0.004552437499999999,target_1m,,,0.01564765856814576,0.014429247011020774,,,0.01564765856814576,0.014429247011020774,76,1,0,0,0,atr,4.0078571428571255e-05,1.75,1.0,8,3,1,2025-11-25T21:16:59Z,40.0,0.577169880440831,0.014429247011020774,2025-11
rank32b-suiusdt-1b3cec15abdc8df0,SUIUSDT,long,official_close,2025-11-25T20:30:00Z,2025-11-25T20:45:00Z,SUIUSDT|2025-11-25T20:30:00Z,2025-11-25T20:45:00Z,1.511,6.0,0,closed,realized,2025-11-25T22:04:59Z,1.4974142857142856,stop_1m,,,-0.008991207336673912,-0.010180061124704709,,,-0.008991207336673912,-0.010180061124704709,79,0,1,0,0,atr,0.013585714285714296,1.75,1.0,8,3,1,2025-11-25T22:04:59Z,100.0,-1.018006112470471,-0.010180061124704709,2025-11
rank32b-dotusdt-080bdf764d4d1e7a,DOTUSDT,short,official_close,2025-11-25T22:00:00Z,2025-11-25T22:15:00Z,DOTUSDT|2025-11-25T22:00:00Z,2025-11-25T22:15:00Z,2.251,6.0,0,closed,realized,2025-11-25T22:25:59Z,2.267714285714286,stop_1m,,,-0.007425271307990089,-0.00861600365551829,,,-0.007425271307990089,-0.00861600365551829,10,0,1,0,0,atr,0.016714285714285713,1.75,1.0,8,3,1,2025-11-25T22:25:59Z,100.0,-0.861600365551829,-0.00861600365551829,2025-11
rank32b-linkusdt-fc7df0ac91dc27b7,LINKUSDT,long,official_close,2025-11-25T22:15:00Z,2025-11-25T22:30:00Z,LINKUSDT|2025-11-25T22:15:00Z,2025-11-25T22:30:00Z,12.977,6.0,0,closed,realized,2025-11-25T23:09:59Z,13.154625,target_1m,,,0.013687678199892028,0.012471617913616173,,,0.013687678199892028,0.012471617913616173,39,1,0,0,0,atr,0.10149999999999958,1.75,1.0,8,3,1,2025-11-25T23:09:59Z,100.0,1.2471617913616173,0.012471617913616173,2025-11
rank32b-adausdt-5e4227cbd5b9f2e5,ADAUSDT,long,official_close,2025-11-25T22:30:00Z,2025-11-25T22:45:00Z,ADAUSDT|2025-11-25T22:30:00Z,2025-11-25T22:45:00Z,0.4191,6.0,0,closed,realized,2025-11-25T23:10:59Z,0.424575,target_1m,,,0.013063707945597747,0.011848396198997913,,,0.013063707945597747,0.011848396198997913,25,1,0,0,0,atr,0.003128571428571425,1.75,1.0,8,3,1,2025-11-25T23:10:59Z,100.0,1.1848396198997913,0.011848396198997913,2025-11
rank32b-beatusdt-a0d66162f19f3e4c,BEATUSDT,short,official_close,2025-11-25T21:30:00Z,2025-11-25T21:45:00Z,BEATUSDT|2025-11-25T21:30:00Z,2025-11-25T21:45:00Z,0.83706,6.0,0,closed,realized,2025-11-25T23:45:59Z,0.84841,timeout_1m,,,-0.013559362530762398,-0.014742736177096094,,,-0.013559362530762398,-0.014742736177096094,120,0,0,1,0,atr,0.017291428571428576,1.75,1.0,8,3,1,2025-11-25T23:45:59Z,40.0,-0.5897094470838438,-0.014742736177096094,2025-11
rank32b-zecusdt-5fd58fe9c57d67ab,ZECUSDT,short,official_close,2025-11-26T04:45:00Z,2025-11-26T05:00:00Z,ZECUSDT|2025-11-26T04:45:00Z,2025-11-26T05:00:00Z,508.18,6.0,0,closed,realized,2025-11-26T06:03:59Z,514.3978571428572,stop_1m,,,-0.012235540837611136,-0.013420502593400885,,,-0.012235540837611136,-0.013420502593400885,63,0,1,0,0,atr,6.217857142857156,1.75,1.0,8,3,1,2025-11-26T06:03:59Z,100.0,-1.3420502593400885,-0.013420502593400885,2025-11
rank32b-fartcoinusdt-a4c8d67347396566,FARTCOINUSDT,long,official_close,2025-11-26T05:30:00Z,2025-11-26T05:45:00Z,FARTCOINUSDT|2025-11-26T05:30:00Z,2025-11-26T05:45:00Z,0.297,6.0,0,closed,realized,2025-11-26T06:41:59Z,0.30351249999999996,target_1m,,,0.021927609427609296,0.020701664190235336,,,0.021927609427609296,0.020701664190235336,56,1,0,0,0,atr,0.003721428571428562,1.75,1.0,8,3,1,2025-11-26T06:41:59Z,40.0,0.8280665676094134,0.020701664190235336,2025-11
rank32b-pippinusdt-9526febc6d3011f4,PIPPINUSDT,long,official_close,2025-11-26T09:30:00Z,2025-11-26T09:45:00Z,PIPPINUSDT|2025-11-26T09:30:00Z,2025-11-26T09:45:00Z,0.06442,6.0,0,closed,realized,2025-11-26T09:57:59Z,0.06278071428571429,stop_1m,,,-0.025446844369539257,-0.026615957317159822,,,-0.025446844369539257,-0.026615957317159822,12,0,1,0,0,atr,0.0016392857142857142,1.75,1.0,8,3,1,2025-11-26T09:57:59Z,40.0,-1.0646382926863929,-0.026615957317159822,2025-11
rank32b-turbousdt-c37c29f9aabf9657,TURBOUSDT,long,official_close,2025-11-26T10:00:00Z,2025-11-26T10:15:00Z,TURBOUSDT|2025-11-26T10:00:00Z,2025-11-26T10:15:00Z,0.0015333,6.0,0,closed,realized,2025-11-26T10:33:59Z,0.0015178714285714286,stop_1m,,,-0.010062330547558451,-0.011249899373340533,,,-0.010062330547558451,-0.011249899373340533,18,0,1,0,0,atr,1.542857142857143e-05,1.75,1.0,8,3,1,2025-11-26T10:33:59Z,40.0,-0.4499959749336213,-0.011249899373340533,2025-11
rank32b-tradoorusdt-e98460d0119f4c11,TRADOORUSDT,short,official_close,2025-11-26T09:45:00Z,2025-11-26T10:00:00Z,TRADOORUSDT|2025-11-26T09:45:00Z,2025-11-26T10:00:00Z,1.426,6.0,0,closed,realized,2025-11-26T12:00:59Z,1.42,timeout_1m,,,0.0042075736325385416,0.0030028860589057516,,,0.0042075736325385416,0.0030028860589057516,120,0,0,1,0,atr,0.04785714285714288,1.75,1.0,8,3,1,2025-11-26T12:00:59Z,40.0,0.12011544235623006,0.0030028860589057516,2025-11
rank32b-pippinusdt-7044b32622f84312,PIPPINUSDT,long,official_close,2025-11-26T11:45:00Z,2025-11-26T12:00:00Z,PIPPINUSDT|2025-11-26T11:45:00Z,2025-11-26T12:00:00Z,0.06429,6.0,0,closed,realized,2025-11-26T14:00:59Z,0.06439,timeout_1m,,,0.0015554518587650445,0.0003539458764971748,,,0.0015554518587650445,0.0003539458764971748,120,0,0,1,0,atr,0.0019371428571428575,1.75,1.0,8,3,1,2025-11-26T14:00:59Z,40.0,0.014157835059886992,0.0003539458764971748,2025-11
rank32b-brettusdt-3226ff1768b41432,BRETTUSDT,long,official_close,2025-11-26T14:00:00Z,2025-11-26T14:15:00Z,BRETTUSDT|2025-11-26T14:00:00Z,2025-11-26T14:15:00Z,0.01573,6.0,0,closed,realized,2025-11-26T14:34:59Z,0.01556357142857143,stop_1m,,,-0.010580328762146873,-0.011767276176550712,,,-0.010580328762146873,-0.011767276176550712,19,0,1,0,0,atr,0.00016642857142857147,1.75,1.0,8,3,1,2025-11-26T14:34:59Z,40.0,-0.47069104706202847,-0.011767276176550712,2025-11
rank32b-tradoorusdt-149ca5b66ecefd12,TRADOORUSDT,short,official_close,2025-11-26T13:00:00Z,2025-11-26T13:15:00Z,TRADOORUSDT|2025-11-26T13:00:00Z,2025-11-26T13:15:00Z,1.425,6.0,0,closed,realized,2025-11-26T15:14:59Z,1.357125,target_1m,,,0.04763157894736847,0.04637479819999979,,,0.04763157894736847,0.04637479819999979,119,1,0,0,0,atr,0.0387857142857143,1.75,1.0,8,3,1,2025-11-26T15:14:59Z,40.0,1.8549919279999916,0.04637479819999979,2025-11
rank32b-fartcoinusdt-bb978b10c46644d2,FARTCOINUSDT,long,official_close,2025-11-26T16:00:00Z,2025-11-26T16:15:00Z,FARTCOINUSDT|2025-11-26T16:00:00Z,2025-11-26T16:15:00Z,0.2952,6.0,0,closed,realized,2025-11-26T16:52:59Z,0.2896642857142857,stop_1m,,,-0.018752419667053877,-0.01992956351432451,,,-0.018752419667053877,-0.01992956351432451,37,0,1,0,0,atr,0.005535714285714287,1.75,1.0,8,3,1,2025-11-26T16:52:59Z,40.0,-0.7971825405729804,-0.01992956351432451,2025-11
rank32b-pippinusdt-9093e74b6addc93d,PIPPINUSDT,long,official_close,2025-11-26T15:15:00Z,2025-11-26T15:30:00Z,PIPPINUSDT|2025-11-26T15:15:00Z,2025-11-26T15:30:00Z,0.06488,6.0,0,closed,realized,2025-11-26T16:57:59Z,0.06359142857142856,stop_1m,,,-0.019860841994010947,-0.021036656133521348,,,-0.019860841994010947,-0.021036656133521348,87,0,1,0,0,atr,0.0012885714285714276,1.75,1.0,8,3,1,2025-11-26T16:57:59Z,40.0,-0.8414662453408539,-0.021036656133521348,2025-11
rank32b-fartcoinusdt-16d27c07df421c35,FARTCOINUSDT,long,official_close,2025-11-26T17:15:00Z,2025-11-26T17:30:00Z,FARTCOINUSDT|2025-11-26T17:15:00Z,2025-11-26T17:30:00Z,0.3013,6.0,0,closed,realized,2025-11-26T19:30:59Z,0.3037,timeout_1m,,,0.0079654829074014,0.006756287195486266,,,0.0079654829074014,0.006756287195486266,120,0,0,1,0,atr,0.005899999999999993,1.75,1.0,8,3,1,2025-11-26T19:30:59Z,40.0,0.27025148781945063,0.006756287195486266,2025-11
rank32b-beatusdt-1770b0218d32f572,BEATUSDT,short,official_close,2025-11-26T23:45:00Z,2025-11-27T00:00:00Z,BEATUSDT|2025-11-26T23:45:00Z,2025-11-27T00:00:00Z,0.8314,6.0,0,closed,realized,2025-11-27T02:00:59Z,0.82318,timeout_1m,,,0.009886937695453457,0.008675436929516556,,,0.009886937695453457,0.008675436929516556,120,0,0,1,0,atr,0.012483571428571427,1.75,1.0,8,3,1,2025-11-27T02:00:59Z,40.0,0.3470174771806622,0.008675436929516556,2025-11
rank32b-tradoorusdt-0b6f24fa655e1cb9,TRADOORUSDT,short,official_close,2025-11-27T05:45:00Z,2025-11-27T06:00:00Z,TRADOORUSDT|2025-11-27T05:45:00Z,2025-11-27T06:00:00Z,1.356,6.0,0,closed,realized,2025-11-27T06:43:59Z,1.3849285714285715,stop_1m,,,-0.02133375474083432,-0.02250780191529722,,,-0.02133375474083432,-0.02250780191529722,43,0,1,0,0,atr,0.028928571428571383,1.75,1.0,8,3,1,2025-11-27T06:43:59Z,40.0,-0.9003120766118888,-0.02250780191529722,2025-11
rank32b-pippinusdt-85baa6db572f4a6b,PIPPINUSDT,long,official_close,2025-11-27T04:30:00Z,2025-11-27T04:45:00Z,PIPPINUSDT|2025-11-27T04:30:00Z,2025-11-27T04:45:00Z,0.06178,6.0,0,closed,realized,2025-11-27T06:45:59Z,0.06204,timeout_1m,,,0.00420848170929089,0.0030037930462931683,,,0.00420848170929089,0.0030037930462931683,120,0,0,1,0,atr,0.002365714285714286,1.75,1.0,8,3,1,2025-11-27T06:45:59Z,40.0,0.12015172185172673,0.0030037930462931683,2025-11
rank32b-zecusdt-637a500ea3e3e58d,ZECUSDT,short,official_close,2025-11-27T05:15:00Z,2025-11-27T05:30:00Z,ZECUSDT|2025-11-27T05:15:00Z,2025-11-27T05:30:00Z,511.64,6.0,0,closed,realized,2025-11-27T07:30:59Z,509.93,timeout_1m,,,0.0033421937299663584,0.0021385443006798344,,,0.0033421937299663584,0.0021385443006798344,120,0,0,1,0,atr,7.793571428571421,1.75,1.0,8,3,1,2025-11-27T07:30:59Z,100.0,0.21385443006798344,0.0021385443006798344,2025-11
rank32b-tradoorusdt-a08b50950b68278f,TRADOORUSDT,short,official_close,2025-11-27T08:00:00Z,2025-11-27T08:15:00Z,TRADOORUSDT|2025-11-27T08:00:00Z,2025-11-27T08:15:00Z,1.349,6.0,0,closed,realized,2025-11-27T10:09:59Z,1.3744999999999998,stop_1m,,,-0.018902891030392777,-0.020079854366197192,,,-0.018902891030392777,-0.020079854366197192,114,0,1,0,0,atr,0.02549999999999995,1.75,1.0,8,3,1,2025-11-27T10:09:59Z,40.0,-0.8031941746478877,-0.020079854366197192,2025-11
rank32b-turbousdt-ea7f35918dbfc84b,TURBOUSDT,long,official_close,2025-11-27T13:00:00Z,2025-11-27T13:15:00Z,TURBOUSDT|2025-11-27T13:00:00Z,2025-11-27T13:15:00Z,0.0016034,6.0,0,closed,realized,2025-11-27T13:38:59Z,0.0016201625,target_1m,,,0.010454347012598175,0.009242165559747884,,,0.010454347012598175,0.009242165559747884,23,1,0,0,0,atr,9.578571428571448e-06,1.75,1.0,8,3,1,2025-11-27T13:38:59Z,40.0,0.36968662238991534,0.009242165559747884,2025-11
rank32b-fartcoinusdt-32a7748f5243264b,FARTCOINUSDT,long,official_close,2025-11-27T13:15:00Z,2025-11-27T13:30:00Z,FARTCOINUSDT|2025-11-27T13:15:00Z,2025-11-27T13:30:00Z,0.3345,6.0,0,closed,realized,2025-11-27T15:06:59Z,0.3275,stop_1m,,,-0.020926756352765308,-0.0221012917787744,,,-0.020926756352765308,-0.0221012917787744,96,0,1,0,0,atr,0.006999999999999994,1.75,1.0,8,3,1,2025-11-27T15:06:59Z,40.0,-0.884051671150976,-0.0221012917787744,2025-11
rank32b-fartcoinusdt-215bc914f012c0b0,FARTCOINUSDT,long,official_close,2025-11-27T16:00:00Z,2025-11-27T16:15:00Z,FARTCOINUSDT|2025-11-27T16:00:00Z,2025-11-27T16:15:00Z,0.338,6.0,0,closed,realized,2025-11-27T16:30:59Z,0.3330214285714286,stop_1m,,,-0.014729501267962797,-0.015911471169061775,,,-0.014729501267962797,-0.015911471169061775,15,0,1,0,0,atr,0.004978571428571431,1.75,1.0,8,3,1,2025-11-27T16:30:59Z,40.0,-0.636458846762471,-0.015911471169061775,2025-11
rank32b-dogeusdt-ae6a107ce65b42a0,DOGEUSDT,long,official_close,2025-11-27T18:30:00Z,2025-11-27T18:45:00Z,DOGEUSDT|2025-11-27T18:30:00Z,2025-11-27T18:45:00Z,0.15407,6.0,0,closed,realized,2025-11-27T20:45:59Z,0.15432,timeout_1m,,,0.0016226390601674634,0.0004210524774450608,,,0.0016226390601674634,0.0004210524774450608,120,0,0,1,0,atr,0.0006135714285714315,1.75,1.0,8,3,1,2025-11-27T20:45:59Z,100.0,0.04210524774450608,0.0004210524774450608,2025-11
rank32b-bchusdt-56e0f1d9f66d4818,BCHUSDT,short,official_close,2025-11-27T22:30:00Z,2025-11-27T22:45:00Z,BCHUSDT|2025-11-27T22:30:00Z,2025-11-27T22:45:00Z,535.05,6.0,0,closed,realized,2025-11-27T23:48:59Z,532.0112499999999,target_1m,,,0.005679375759274907,0.004472922552939185,,,0.005679375759274907,0.004472922552939185,63,1,0,0,0,atr,1.7364285714285757,1.75,1.0,8,3,1,2025-11-27T23:48:59Z,100.0,0.4472922552939185,0.004472922552939185,2025-11
rank32b-fartcoinusdt-a9cfe5cbe517ec1f,FARTCOINUSDT,long,official_close,2025-11-27T22:00:00Z,2025-11-27T22:15:00Z,FARTCOINUSDT|2025-11-27T22:00:00Z,2025-11-27T22:15:00Z,0.3368,6.0,0,closed,realized,2025-11-28T00:15:59Z,0.3375,timeout_1m,,,0.0020783847980998527,0.0008762514845606084,,,0.0020783847980998527,0.0008762514845606084,120,0,0,1,0,atr,0.005114285714285702,1.75,1.0,8,3,1,2025-11-28T00:15:59Z,40.0,0.03505005938242434,0.0008762514845606084,2025-11
rank32b-fartcoinusdt-e4a84a798d21ad3d,FARTCOINUSDT,long,official_close,2025-11-28T01:30:00Z,2025-11-28T01:45:00Z,FARTCOINUSDT|2025-11-28T01:30:00Z,2025-11-28T01:45:00Z,0.3376,6.0,0,closed,realized,2025-11-28T01:50:59Z,0.33275714285714286,stop_1m,,,-0.014344955991875463,-0.01552738720886937,,,-0.014344955991875463,-0.01552738720886937,5,0,1,0,0,atr,0.004842857142857153,1.75,1.0,8,3,1,2025-11-28T01:50:59Z,40.0,-0.6210954883547748,-0.01552738720886937,2025-11
rank32b-fartcoinusdt-85193756047c7c93,FARTCOINUSDT,long,official_close,2025-11-28T04:00:00Z,2025-11-28T04:15:00Z,FARTCOINUSDT|2025-11-28T04:00:00Z,2025-11-28T04:15:00Z,0.3367,6.0,0,closed,realized,2025-11-28T06:15:59Z,0.3356,timeout_1m,,,-0.0032670032670032434,-0.004462724039204113,,,-0.0032670032670032434,-0.004462724039204113,120,0,0,1,0,atr,0.005285714285714287,1.75,1.0,8,3,1,2025-11-28T06:15:59Z,40.0,-0.17850896156816454,-0.004462724039204113,2025-11
rank32b-beatusdt-1cc9589f2ed486e9,BEATUSDT,long,official_close,2025-11-28T07:30:00Z,2025-11-28T07:45:00Z,BEATUSDT|2025-11-28T07:30:00Z,2025-11-28T07:45:00Z,0.8986,6.0,0,closed,realized,2025-11-28T08:00:59Z,0.8865807142857143,stop_1m,,,-0.013375568344408673,-0.01455916247760014,,,-0.013375568344408673,-0.01455916247760014,15,0,1,0,0,atr,0.012019285714285724,1.75,1.0,8,3,1,2025-11-28T08:00:59Z,40.0,-0.5823664991040056,-0.01455916247760014,2025-11
rank32b-actusdt-230c97cb6c8399e9,ACTUSDT,long,official_close,2025-11-28T08:45:00Z,2025-11-28T09:00:00Z,ACTUSDT|2025-11-28T08:45:00Z,2025-11-28T09:00:00Z,0.0225,6.0,0,closed,realized,2025-11-28T09:12:59Z,0.02233285714285714,stop_1m,,,-0.007428571428571451,-0.008619299817142934,,,-0.007428571428571451,-0.008619299817142934,12,0,1,0,0,atr,0.00016714285714285727,1.75,1.0,8,3,1,2025-11-28T09:12:59Z,40.0,-0.34477199268571734,-0.008619299817142934,2025-11
rank32b-pippinusdt-410d3883805df558,PIPPINUSDT,long,official_close,2025-11-28T08:15:00Z,2025-11-28T08:30:00Z,PIPPINUSDT|2025-11-28T08:15:00Z,2025-11-28T08:30:00Z,0.06574,6.0,0,closed,realized,2025-11-28T09:34:59Z,0.07357875000000001,target_1m,,,0.11923866747794354,0.11789598400289014,,,0.11923866747794354,0.11789598400289014,64,1,0,0,0,atr,0.004479285714285715,1.75,1.0,8,3,1,2025-11-28T09:34:59Z,40.0,4.715839360115606,0.11789598400289014,2025-11
rank32b-fartcoinusdt-5baf3fe67281f05d,FARTCOINUSDT,long,official_close,2025-11-28T08:00:00Z,2025-11-28T08:15:00Z,FARTCOINUSDT|2025-11-28T08:00:00Z,2025-11-28T08:15:00Z,0.3399,6.0,0,closed,realized,2025-11-28T09:41:59Z,0.3348857142857143,stop_1m,,,-0.01475223805320891,-0.01593418067835084,,,-0.01475223805320891,-0.01593418067835084,86,0,1,0,0,atr,0.005014285714285717,1.75,1.0,8,3,1,2025-11-28T09:41:59Z,40.0,-0.6373672271340336,-0.01593418067835084,2025-11
rank32b-dogeusdt-ff0cca1505b0707d,DOGEUSDT,short,official_close,2025-11-28T11:00:00Z,2025-11-28T11:15:00Z,DOGEUSDT|2025-11-28T11:00:00Z,2025-11-28T11:15:00Z,0.15075,6.0,0,closed,realized,2025-11-28T13:15:59Z,0.15037,timeout_1m,,,0.0025207296849086847,0.001318065716749306,,,0.0025207296849086847,0.001318065716749306,120,0,0,1,0,atr,0.0007478571428571433,1.75,1.0,8,3,1,2025-11-28T13:15:59Z,100.0,0.1318065716749306,0.001318065716749306,2025-11
rank32b-1000pepeusdt-e988fcc2409317fc,1000PEPEUSDT,long,official_close,2025-11-28T13:30:00Z,2025-11-28T13:45:00Z,1000PEPEUSDT|2025-11-28T13:30:00Z,2025-11-28T13:45:00Z,0.0047116,6.0,0,closed,realized,2025-11-28T13:48:59Z,0.004758699999999999,target_1m,,,0.009996604125986908,0.008784971799812968,,,0.009996604125986908,0.008784971799812968,3,1,0,0,0,atr,2.6914285714285717e-05,1.75,1.0,8,3,1,2025-11-28T13:48:59Z,40.0,0.35139887199251874,0.008784971799812968,2025-11
rank32b-brettusdt-c84d2fb65da5d354,BRETTUSDT,long,official_close,2025-11-28T13:45:00Z,2025-11-28T14:00:00Z,BRETTUSDT|2025-11-28T13:45:00Z,2025-11-28T14:00:00Z,0.01822,6.0,0,closed,realized,2025-11-28T14:18:59Z,0.018495,target_1m,,,0.015093304061470914,0.013875557530186544,,,0.015093304061470914,0.013875557530186544,18,1,0,0,0,atr,0.0001571428571428572,1.75,1.0,8,3,1,2025-11-28T14:18:59Z,40.0,0.5550223012074618,0.013875557530186544,2025-11
rank32b-beatusdt-4df4a5ce53078139,BEATUSDT,long,official_close,2025-11-28T14:30:00Z,2025-11-28T14:45:00Z,BEATUSDT|2025-11-28T14:30:00Z,2025-11-28T14:45:00Z,0.9007,6.0,0,closed,realized,2025-11-28T15:55:59Z,0.9194787499999999,target_1m,,,0.020849061840790384,0.019624410472243614,,,0.020849061840790384,0.019624410472243614,70,1,0,0,0,atr,0.010730714285714276,1.75,1.0,8,3,1,2025-11-28T15:55:59Z,40.0,0.7849764188897446,0.019624410472243614,2025-11
rank32b-adausdt-19a3a20d94fc86ad,ADAUSDT,long,official_close,2025-11-28T15:15:00Z,2025-11-28T15:30:00Z,ADAUSDT|2025-11-28T15:15:00Z,2025-11-28T15:30:00Z,0.4332,6.0,0,closed,realized,2025-11-28T16:05:59Z,0.43013571428571423,stop_1m,,,-0.0070736050652948634,-0.008264759285714463,,,-0.0070736050652948634,-0.008264759285714463,35,0,1,0,0,atr,0.0030642857142857216,1.75,1.0,8,3,1,2025-11-28T16:05:59Z,100.0,-0.8264759285714463,-0.008264759285714463,2025-11
rank32b-dogeusdt-068dbb13048ae992,DOGEUSDT,short,official_close,2025-11-28T16:15:00Z,2025-11-28T16:30:00Z,DOGEUSDT|2025-11-28T16:15:00Z,2025-11-28T16:30:00Z,0.15117,6.0,0,closed,realized,2025-11-28T17:34:59Z,0.148935,target_1m,,,0.0147846794999007,0.013567303206985404,,,0.0147846794999007,0.013567303206985404,64,1,0,0,0,atr,0.0012771428571428556,1.75,1.0,8,3,1,2025-11-28T17:34:59Z,100.0,1.3567303206985404,0.013567303206985404,2025-11
rank32b-brettusdt-09ecdd98b9239f24,BRETTUSDT,long,official_close,2025-11-28T18:00:00Z,2025-11-28T18:15:00Z,BRETTUSDT|2025-11-28T18:00:00Z,2025-11-28T18:15:00Z,0.01829,6.0,0,closed,realized,2025-11-28T20:15:59Z,0.01825,timeout_1m,,,-0.002186987424822373,-0.0033840038272281436,,,-0.002186987424822373,-0.0033840038272281436,120,0,0,1,0,atr,0.0003135714285714287,1.75,1.0,8,3,1,2025-11-28T20:15:59Z,40.0,-0.13536015308912575,-0.0033840038272281436,2025-11
rank32b-uniusdt-8fcce60d573c7567,UNIUSDT,short,official_close,2025-11-28T21:45:00Z,2025-11-28T22:00:00Z,UNIUSDT|2025-11-28T21:45:00Z,2025-11-28T22:00:00Z,6.144,6.0,0,closed,realized,2025-11-28T23:02:59Z,6.180214285714285,stop_1m,,,-0.005894252232142794,-0.007086821251395037,,,-0.005894252232142794,-0.007086821251395037,62,0,1,0,0,atr,0.03621428571428569,1.75,1.0,8,3,1,2025-11-28T23:02:59Z,100.0,-0.7086821251395037,-0.007086821251395037,2025-11
rank32b-brettusdt-78a7ac3ead056fa1,BRETTUSDT,long,official_close,2025-11-29T00:45:00Z,2025-11-29T01:00:00Z,BRETTUSDT|2025-11-29T00:45:00Z,2025-11-29T01:00:00Z,0.01839,6.0,0,closed,realized,2025-11-29T01:40:59Z,0.01825642857142857,stop_1m,,,-0.007263264196380126,-0.008454190894119695,,,-0.007263264196380126,-0.008454190894119695,40,0,1,0,0,atr,0.00013357142857142932,1.75,1.0,8,3,1,2025-11-29T01:40:59Z,40.0,-0.3381676357647878,-0.008454190894119695,2025-11
rank32b-fartcoinusdt-d4b0826a84ce4266,FARTCOINUSDT,long,official_close,2025-11-29T00:15:00Z,2025-11-29T00:30:00Z,FARTCOINUSDT|2025-11-29T00:15:00Z,2025-11-29T00:30:00Z,0.3428,6.0,0,closed,realized,2025-11-29T02:30:59Z,0.3434,timeout_1m,,,0.0017502917152858455,0.0005485519953323248,,,0.0017502917152858455,0.0005485519953323248,120,0,0,1,0,atr,0.005807142857142852,1.75,1.0,8,3,1,2025-11-29T02:30:59Z,40.0,0.02194207981329299,0.0005485519953323248,2025-11
rank32b-beatusdt-e652b000b61efed4,BEATUSDT,long,official_close,2025-11-29T01:45:00Z,2025-11-29T02:00:00Z,BEATUSDT|2025-11-29T01:45:00Z,2025-11-29T02:00:00Z,0.9348,6.0,0,closed,realized,2025-11-29T02:35:59Z,0.9127921428571428,stop_1m,,,-0.023542851030014078,-0.024714248084204526,,,-0.023542851030014078,-0.024714248084204526,35,0,1,0,0,atr,0.02200785714285714,1.75,1.0,8,3,1,2025-11-29T02:35:59Z,40.0,-0.9885699233681811,-0.024714248084204526,2025-11
rank32b-actusdt-3a2eed6cf76a6388,ACTUSDT,long,official_close,2025-11-29T01:00:00Z,2025-11-29T01:15:00Z,ACTUSDT|2025-11-29T01:00:00Z,2025-11-29T01:15:00Z,0.02324,6.0,0,closed,realized,2025-11-29T02:56:59Z,0.0235975,target_1m,,,0.015382960413080848,0.014164866398450826,,,0.015382960413080848,0.014164866398450826,101,1,0,0,0,atr,0.00020428571428571438,1.75,1.0,8,3,1,2025-11-29T02:56:59Z,40.0,0.566594655938033,0.014164866398450826,2025-11
rank32b-beatusdt-636768d0b4f84bd4,BEATUSDT,long,official_close,2025-11-29T02:45:00Z,2025-11-29T03:00:00Z,BEATUSDT|2025-11-29T02:45:00Z,2025-11-29T03:00:00Z,0.9247,6.0,0,closed,realized,2025-11-29T04:37:59Z,0.95294875,target_1m,,,0.030549097004433978,0.02931280908570355,,,0.030549097004433978,0.02931280908570355,97,1,0,0,0,atr,0.016142142857142865,1.75,1.0,8,3,1,2025-11-29T04:37:59Z,40.0,1.172512363428142,0.02931280908570355,2025-11
rank32b-turbousdt-0f242eec95c5b26b,TURBOUSDT,long,official_close,2025-11-29T07:30:00Z,2025-11-29T07:45:00Z,TURBOUSDT|2025-11-29T07:30:00Z,2025-11-29T07:45:00Z,0.0023907,6.0,0,closed,realized,2025-11-29T07:55:59Z,0.0024919125,target_1m,,,0.0423359267160246,0.04108549884489898,,,0.0423359267160246,0.04108549884489898,10,1,0,0,0,atr,5.783571428571425e-05,1.75,1.0,8,3,1,2025-11-29T07:55:59Z,40.0,1.6434199537959593,0.04108549884489898,2025-11
rank32b-ltcusdt-f4414502ee0155e1,LTCUSDT,short,official_close,2025-11-29T06:15:00Z,2025-11-29T06:30:00Z,LTCUSDT|2025-11-29T06:15:00Z,2025-11-29T06:30:00Z,84.45,6.0,0,closed,realized,2025-11-29T08:30:59Z,84.04,timeout_1m,,,0.004854943753700325,0.0036494795689756554,,,0.004854943753700325,0.0036494795689756554,120,0,0,1,0,atr,0.35714285714285815,1.75,1.0,8,3,1,2025-11-29T08:30:59Z,100.0,0.36494795689756554,0.0036494795689756554,2025-11
rank32b-zecusdt-000fa3315e78d0d0,ZECUSDT,short,official_close,2025-11-29T11:15:00Z,2025-11-29T11:30:00Z,ZECUSDT|2025-11-29T11:15:00Z,2025-11-29T11:30:00Z,464.06,6.0,0,closed,realized,2025-11-29T13:06:59Z,457.56125,target_1m,,,0.014004115847088827,0.012787675949553767,,,0.014004115847088827,0.012787675949553767,96,1,0,0,0,atr,3.7135714285714294,1.75,1.0,8,3,1,2025-11-29T13:06:59Z,100.0,1.2787675949553767,0.012787675949553767,2025-11
rank32b-uniusdt-88fd8c298b50fda1,UNIUSDT,short,official_close,2025-11-29T12:00:00Z,2025-11-29T12:15:00Z,UNIUSDT|2025-11-29T12:00:00Z,2025-11-29T12:15:00Z,6.116,6.0,0,closed,realized,2025-11-29T14:15:59Z,6.093,timeout_1m,,,0.003760627861347232,0.0025564764617393987,,,0.003760627861347232,0.0025564764617393987,120,0,0,1,0,atr,0.023642857142857236,1.75,1.0,8,3,1,2025-11-29T14:15:59Z,100.0,0.25564764617393987,0.0025564764617393987,2025-11
rank32b-xrpusdt-c28de5ec6bbc4399,XRPUSDT,long,official_close,2025-11-29T20:45:00Z,2025-11-29T21:00:00Z,XRPUSDT|2025-11-29T20:45:00Z,2025-11-29T21:00:00Z,2.2079,6.0,0,closed,realized,2025-11-29T22:13:59Z,2.198035714285714,stop_1m,,,-0.004467723046463146,-0.005662003387187697,,,-0.004467723046463146,-0.005662003387187697,73,0,1,0,0,atr,0.00986428571428569,1.75,1.0,8,3,1,2025-11-29T22:13:59Z,100.0,-0.5662003387187697,-0.005662003387187697,2025-11
rank32b-nearusdt-4794ca73d64e5857,NEARUSDT,short,official_close,2025-11-30T02:30:00Z,2025-11-30T02:45:00Z,NEARUSDT|2025-11-30T02:30:00Z,2025-11-30T02:45:00Z,1.852,6.0,0,closed,realized,2025-11-30T03:11:59Z,1.8393750000000002,target_1m,,,0.0068169546436284145,0.005609136752159571,,,0.0068169546436284145,0.005609136752159571,26,1,0,0,0,atr,0.0072142857142856965,1.75,1.0,8,3,1,2025-11-30T03:11:59Z,100.0,0.5609136752159571,0.005609136752159571,2025-11
rank32b-aaveusdt-8a071849074e2956,AAVEUSDT,long,official_close,2025-11-30T03:45:00Z,2025-11-30T04:00:00Z,AAVEUSDT|2025-11-30T03:45:00Z,2025-11-30T04:00:00Z,189.87,6.0,0,closed,realized,2025-11-30T04:01:59Z,188.76642857142858,stop_1m,,,-0.005812247477597454,-0.007004914873033563,,,-0.005812247477597454,-0.007004914873033563,1,0,1,0,0,atr,1.1035714285714298,1.75,1.0,8,3,1,2025-11-30T04:01:59Z,100.0,-0.7004914873033563,-0.007004914873033563,2025-11
rank32b-brettusdt-57387950665fee12,BRETTUSDT,short,official_close,2025-11-30T04:15:00Z,2025-11-30T04:30:00Z,BRETTUSDT|2025-11-30T04:15:00Z,2025-11-30T04:30:00Z,0.0173,6.0,0,closed,realized,2025-11-30T05:13:59Z,0.0171,target_1m,,,0.01156069364161838,0.0103471849710981,,,0.01156069364161838,0.0103471849710981,43,1,0,0,0,atr,0.00011428571428571434,1.75,1.0,8,3,1,2025-11-30T05:13:59Z,40.0,0.413887398843924,0.0103471849710981,2025-11
rank32b-zecusdt-9d68b99699d1cb4f,ZECUSDT,short,official_close,2025-11-30T03:00:00Z,2025-11-30T03:15:00Z,ZECUSDT|2025-11-30T03:00:00Z,2025-11-30T03:15:00Z,457.67,6.0,0,closed,realized,2025-11-30T05:15:59Z,456.64,timeout_1m,,,0.002250529857757866,0.0010481900321190896,,,0.002250529857757866,0.0010481900321190896,120,0,0,1,0,atr,3.538571428571418,1.75,1.0,8,3,1,2025-11-30T05:15:59Z,100.0,0.10481900321190896,0.0010481900321190896,2025-11
rank32b-tradoorusdt-07f5ddf3766f244a,TRADOORUSDT,long,official_close,2025-11-30T03:30:00Z,2025-11-30T03:45:00Z,TRADOORUSDT|2025-11-30T03:30:00Z,2025-11-30T03:45:00Z,3.289,6.0,0,closed,realized,2025-11-30T05:45:59Z,3.388,timeout_1m,,,0.030100334448160515,0.028864584882942967,,,0.030100334448160515,0.028864584882942967,120,0,0,1,0,atr,0.14414285714285713,1.75,1.0,8,3,1,2025-11-30T05:45:59Z,40.0,1.1545833953177187,0.028864584882942967,2025-11
rank32b-zecusdt-f721df9d266b8235,ZECUSDT,short,official_close,2025-11-30T08:00:00Z,2025-11-30T08:15:00Z,ZECUSDT|2025-11-30T08:00:00Z,2025-11-30T08:15:00Z,457.68,6.0,0,closed,realized,2025-11-30T08:24:59Z,460.3571428571429,stop_1m,,,-0.005849376982046239,-0.007041999835443624,,,-0.005849376982046239,-0.007041999835443624,9,0,1,0,0,atr,2.6771428571428584,1.75,1.0,8,3,1,2025-11-30T08:24:59Z,100.0,-0.7041999835443624,-0.007041999835443624,2025-11
rank32b-turbousdt-825843500e1376d2,TURBOUSDT,short,official_close,2025-11-30T08:15:00Z,2025-11-30T08:30:00Z,TURBOUSDT|2025-11-30T08:15:00Z,2025-11-30T08:30:00Z,0.0021281,6.0,0,closed,realized,2025-11-30T10:30:59Z,0.0020788,timeout_1m,,,0.023166204595648665,0.021938773489967422,,,0.023166204595648665,0.021938773489967422,120,0,0,1,0,atr,4.249999999999994e-05,1.75,1.0,8,3,1,2025-11-30T10:30:59Z,40.0,0.8775509395986969,0.021938773489967422,2025-11
rank32b-nearusdt-6e0d35900b28c564,NEARUSDT,short,official_close,2025-11-30T10:30:00Z,2025-11-30T10:45:00Z,NEARUSDT|2025-11-30T10:30:00Z,2025-11-30T10:45:00Z,1.845,6.0,0,closed,realized,2025-11-30T12:02:59Z,1.8283749999999999,target_1m,,,0.009010840108401141,0.007800390344173236,,,0.009010840108401141,0.007800390344173236,77,1,0,0,0,atr,0.0095,1.75,1.0,8,3,1,2025-11-30T12:02:59Z,100.0,0.7800390344173236,0.007800390344173236,2025-11
rank32b-fartcoinusdt-7e5a9e64a46febb6,FARTCOINUSDT,short,official_close,2025-11-30T11:00:00Z,2025-11-30T11:15:00Z,FARTCOINUSDT|2025-11-30T11:00:00Z,2025-11-30T11:15:00Z,0.3199,6.0,0,closed,realized,2025-11-30T13:03:59Z,0.32499285714285714,stop_1m,,,-0.015920153619434663,-0.017100695166346713,,,-0.015920153619434663,-0.017100695166346713,108,0,1,0,0,atr,0.005092857142857145,1.75,1.0,8,3,1,2025-11-30T13:03:59Z,40.0,-0.6840278066538685,-0.017100695166346713,2025-11
rank32b-turbousdt-dd2e40d977060d4a,TURBOUSDT,short,official_close,2025-11-30T11:45:00Z,2025-11-30T12:00:00Z,TURBOUSDT|2025-11-30T11:45:00Z,2025-11-30T12:00:00Z,0.0021195,6.0,0,closed,realized,2025-11-30T14:00:59Z,0.0021083,timeout_1m,,,0.005284265156876522,0.004078285941023774,,,0.005284265156876522,0.004078285941023774,120,0,0,1,0,atr,3.1942857142857085e-05,1.75,1.0,8,3,1,2025-11-30T14:00:59Z,40.0,0.16313143764095095,0.004078285941023774,2025-11
rank32b-beatusdt-b2c5692162cbe20a,BEATUSDT,long,official_close,2025-11-30T14:30:00Z,2025-11-30T14:45:00Z,BEATUSDT|2025-11-30T14:30:00Z,2025-11-30T14:45:00Z,0.9861,6.0,0,closed,realized,2025-11-30T14:48:59Z,0.9754542857142857,stop_1m,,,-0.0107957755660828,-0.011982464521882785,,,-0.0107957755660828,-0.011982464521882785,3,0,1,0,0,atr,0.010645714285714267,1.75,1.0,8,3,1,2025-11-30T14:48:59Z,40.0,-0.4792985808753114,-0.011982464521882785,2025-11
rank32b-fartcoinusdt-7f556688d1bd2774,FARTCOINUSDT,short,official_close,2025-11-30T15:00:00Z,2025-11-30T15:15:00Z,FARTCOINUSDT|2025-11-30T15:00:00Z,2025-11-30T15:15:00Z,0.3203,6.0,0,closed,realized,2025-11-30T16:06:59Z,0.32553571428571426,stop_1m,,,-0.016346282503010512,-0.01752631284866868,,,-0.016346282503010512,-0.01752631284866868,51,0,1,0,0,atr,0.00523571428571428,1.75,1.0,8,3,1,2025-11-30T16:06:59Z,40.0,-0.7010525139467472,-0.01752631284866868,2025-11
rank32b-avaxusdt-a75a9e35fb287c7e,AVAXUSDT,short,official_close,2025-11-30T17:00:00Z,2025-11-30T17:15:00Z,AVAXUSDT|2025-11-30T17:00:00Z,2025-11-30T17:15:00Z,14.147,6.0,0,closed,realized,2025-11-30T17:40:59Z,14.210071428571428,stop_1m,,,-0.004458289995859843,-0.00565258165284932,,,-0.004458289995859843,-0.00565258165284932,25,0,1,0,0,atr,0.06307142857142889,1.75,1.0,8,3,1,2025-11-30T17:40:59Z,100.0,-0.565258165284932,-0.00565258165284932,2025-11
rank32b-uniusdt-667e694e4230612d,UNIUSDT,long,official_close,2025-11-30T16:00:00Z,2025-11-30T16:15:00Z,UNIUSDT|2025-11-30T16:00:00Z,2025-11-30T16:15:00Z,6.16,6.0,0,closed,realized,2025-11-30T18:15:59Z,6.154,timeout_1m,,,-0.0009740259740259605,-0.0021724974935065644,,,-0.0009740259740259605,-0.0021724974935065644,120,0,0,1,0,atr,0.0317142857142859,1.75,1.0,8,3,1,2025-11-30T18:15:59Z,100.0,-0.21724974935065644,-0.0021724974935065644,2025-11
rank32b-beatusdt-0b081425af1a7349,BEATUSDT,long,official_close,2025-11-30T20:00:00Z,2025-11-30T20:15:00Z,BEATUSDT|2025-11-30T20:00:00Z,2025-11-30T20:15:00Z,0.9843,6.0,0,closed,realized,2025-11-30T20:42:59Z,1.0057375,target_1m,,,0.02177943716346653,0.0205536696794677,,,0.02177943716346653,0.0205536696794677,27,1,0,0,0,atr,0.012250000000000007,1.75,1.0,8,3,1,2025-11-30T20:42:59Z,40.0,0.822146787178708,0.0205536696794677,2025-11
rank32b-uniusdt-caf807982bb28d6a,UNIUSDT,long,official_close,2025-11-30T22:00:00Z,2025-11-30T22:15:00Z,UNIUSDT|2025-11-30T22:00:00Z,2025-11-30T22:15:00Z,6.168,6.0,0,closed,realized,2025-11-30T22:32:59Z,6.144785714285715,stop_1m,,,-0.003763664999073546,-0.004958789955994081,,,-0.003763664999073546,-0.004958789955994081,17,0,1,0,0,atr,0.023214285714285725,1.75,1.0,8,3,1,2025-11-30T22:32:59Z,100.0,-0.49587899559940807,-0.004958789955994081,2025-11
rank32b-fartcoinusdt-6a060ef42e08c9be,FARTCOINUSDT,long,official_close,2025-11-30T22:45:00Z,2025-11-30T23:00:00Z,FARTCOINUSDT|2025-11-30T22:45:00Z,2025-11-30T23:00:00Z,0.3295,6.0,0,closed,realized,2025-11-30T23:04:59Z,0.3248642857142857,stop_1m,,,-0.01406893561673539,-0.015251697958812205,,,-0.01406893561673539,-0.015251697958812205,4,0,1,0,0,atr,0.004635714285714283,1.75,1.0,8,3,1,2025-11-30T23:04:59Z,40.0,-0.6100679183524882,-0.015251697958812205,2025-11
rank32b-brettusdt-876a065d85b2f523,BRETTUSDT,short,official_close,2025-11-30T23:00:00Z,2025-11-30T23:15:00Z,BRETTUSDT|2025-11-30T23:00:00Z,2025-11-30T23:15:00Z,0.0174,6.0,0,closed,realized,2025-11-30T23:37:59Z,0.017097499999999998,target_1m,,,0.017385057471264398,0.01616456166091962,,,0.017385057471264398,0.01616456166091962,22,1,0,0,0,atr,0.00017285714285714324,1.75,1.0,8,3,1,2025-11-30T23:37:59Z,40.0,0.6465824664367847,0.01616456166091962,2025-11
rank32b-tradoorusdt-b20eea68afd39b12,TRADOORUSDT,long,official_close,2025-12-01T01:00:00Z,2025-12-01T01:15:00Z,TRADOORUSDT|2025-12-01T01:00:00Z,2025-12-01T01:15:00Z,3.937,6.0,0,closed,realized,2025-12-01T03:15:59Z,4.238,timeout_1m,,,0.07645415290830604,0.07516279544831095,,,0.07645415290830604,0.07516279544831095,120,0,0,1,0,atr,0.21821428571428575,1.75,1.0,8,3,1,2025-12-01T03:15:59Z,40.0,3.006511817932438,0.07516279544831095,2025-12
rank32b-pippinusdt-4e9e47892b04b2e3,PIPPINUSDT,long,official_close,2025-12-01T05:30:00Z,2025-12-01T05:45:00Z,PIPPINUSDT|2025-12-01T05:30:00Z,2025-12-01T05:45:00Z,0.15221,6.0,0,closed,realized,2025-12-01T06:25:59Z,0.13520214285714288,stop_1m,,,-0.11173942016199412,-0.11280501308399105,,,-0.11173942016199412,-0.11280501308399105,40,0,1,0,0,atr,0.01700785714285714,1.75,1.0,8,3,1,2025-12-01T06:25:59Z,40.0,-4.512200523359642,-0.11280501308399105,2025-12
rank32b-pippinusdt-ca909960c8bc090f,PIPPINUSDT,long,official_close,2025-12-01T07:00:00Z,2025-12-01T07:15:00Z,PIPPINUSDT|2025-12-01T07:00:00Z,2025-12-01T07:15:00Z,0.14524,6.0,0,closed,realized,2025-12-01T09:15:59Z,0.14081,timeout_1m,,,-0.030501239328008967,-0.0316642888212616,,,-0.030501239328008967,-0.0316642888212616,120,0,0,1,0,atr,0.013812142857142856,1.75,1.0,8,3,1,2025-12-01T09:15:59Z,40.0,-1.266571552850464,-0.0316642888212616,2025-12
rank32b-pippinusdt-66924c3953da3566,PIPPINUSDT,long,official_close,2025-12-01T09:15:00Z,2025-12-01T09:30:00Z,PIPPINUSDT|2025-12-01T09:15:00Z,2025-12-01T09:30:00Z,0.14673,6.0,0,closed,realized,2025-12-01T11:30:59Z,0.14765,timeout_1m,,,0.006270019764192725,0.005062857997682579,,,0.006270019764192725,0.005062857997682579,120,0,0,1,0,atr,0.008531428571428567,1.75,1.0,8,3,1,2025-12-01T11:30:59Z,40.0,0.20251431990730318,0.005062857997682579,2025-12
rank32b-tradoorusdt-3e02c4f0a6546977,TRADOORUSDT,long,official_close,2025-12-01T10:15:00Z,2025-12-01T10:30:00Z,TRADOORUSDT|2025-12-01T10:15:00Z,2025-12-01T10:30:00Z,4.509,6.0,0,closed,realized,2025-12-01T11:41:59Z,5.386,target_1m,,,0.1944998891106675,0.19306691926369468,,,0.1944998891106675,0.19306691926369468,71,1,0,0,0,atr,0.5011428571428571,1.75,1.0,8,3,1,2025-12-01T11:41:59Z,40.0,7.722676770547787,0.19306691926369468,2025-12
rank32b-pippinusdt-c93aa9015b69239a,PIPPINUSDT,long,official_close,2025-12-01T13:15:00Z,2025-12-01T13:30:00Z,PIPPINUSDT|2025-12-01T13:15:00Z,2025-12-01T13:30:00Z,0.14784,6.0,0,closed,realized,2025-12-01T13:44:59Z,0.14162857142857144,stop_1m,,,-0.04201453308596159,-0.04316377077149047,,,-0.04201453308596159,-0.04316377077149047,14,0,1,0,0,atr,0.00621142857142857,1.75,1.0,8,3,1,2025-12-01T13:44:59Z,40.0,-1.726550830859619,-0.04316377077149047,2025-12
rank32b-pippinusdt-076f2803f405edf3,PIPPINUSDT,long,official_close,2025-12-01T14:30:00Z,2025-12-01T14:45:00Z,PIPPINUSDT|2025-12-01T14:30:00Z,2025-12-01T14:45:00Z,0.14971,6.0,0,closed,realized,2025-12-01T15:08:59Z,0.15960875000000002,target_1m,,,0.06611949769554482,0.06484053810132906,,,0.06611949769554482,0.06484053810132906,23,1,0,0,0,atr,0.005656428571428572,1.75,1.0,8,3,1,2025-12-01T15:08:59Z,40.0,2.5936215240531624,0.06484053810132906,2025-12
rank32b-fartcoinusdt-19b30d2a70c14ef5,FARTCOINUSDT,short,official_close,2025-12-01T15:45:00Z,2025-12-01T16:00:00Z,FARTCOINUSDT|2025-12-01T15:45:00Z,2025-12-01T16:00:00Z,0.2874,6.0,0,closed,realized,2025-12-01T16:25:59Z,0.2980785714285714,stop_1m,,,-0.03715578089273297,-0.03831084733174284,,,-0.03715578089273297,-0.03831084733174284,25,0,1,0,0,atr,0.01067857142857143,1.75,1.0,8,3,1,2025-12-01T16:25:59Z,40.0,-1.5324338932697135,-0.03831084733174284,2025-12
rank32b-avaxusdt-5f8b14ed5a5576a3,AVAXUSDT,short,official_close,2025-12-02T03:15:00Z,2025-12-02T03:30:00Z,AVAXUSDT|2025-12-02T03:15:00Z,2025-12-02T03:30:00Z,12.832,6.0,0,closed,realized,2025-12-02T03:42:59Z,12.906285714285715,stop_1m,,,-0.005789098681866722,-0.006981793847524065,,,-0.005789098681866722,-0.006981793847524065,12,0,1,0,0,atr,0.07428571428571448,1.75,1.0,8,3,1,2025-12-02T03:42:59Z,100.0,-0.6981793847524065,-0.006981793847524065,2025-12
rank32b-solusdt-11187ea226bdb744,SOLUSDT,short,official_close,2025-12-02T08:00:00Z,2025-12-02T08:15:00Z,SOLUSDT|2025-12-02T08:00:00Z,2025-12-02T08:15:00Z,126.43,6.0,0,closed,realized,2025-12-02T09:06:59Z,126.8907142857143,stop_1m,,,-0.0036440266211681394,-0.004839295101072394,,,-0.0036440266211681394,-0.004839295101072394,51,0,1,0,0,atr,0.4607142857142849,1.75,1.0,8,3,1,2025-12-02T09:06:59Z,100.0,-0.4839295101072394,-0.004839295101072394,2025-12
rank32b-fartcoinusdt-2ccf7687dde93bee,FARTCOINUSDT,long,official_close,2025-12-02T10:00:00Z,2025-12-02T10:15:00Z,FARTCOINUSDT|2025-12-02T10:00:00Z,2025-12-02T10:15:00Z,0.3145,6.0,0,closed,realized,2025-12-02T11:55:59Z,0.3222375,target_1m,,,0.024602543720190884,0.023373389524642185,,,0.024602543720190884,0.023373389524642185,100,1,0,0,0,atr,0.004421428571428572,1.75,1.0,8,3,1,2025-12-02T11:55:59Z,40.0,0.9349355809856874,0.023373389524642185,2025-12
rank32b-zecusdt-c1039f7d13cf6b9b,ZECUSDT,short,official_close,2025-12-02T18:15:00Z,2025-12-02T18:30:00Z,ZECUSDT|2025-12-02T18:15:00Z,2025-12-02T18:30:00Z,339.51,6.0,0,closed,realized,2025-12-02T20:30:59Z,319.87,timeout_1m,,,0.057848075167152624,0.056579038302258855,,,0.057848075167152624,0.056579038302258855,120,0,0,1,0,atr,11.929999999999998,1.75,1.0,8,3,1,2025-12-02T20:30:59Z,100.0,5.6579038302258855,0.056579038302258855,2025-12
rank32b-beatusdt-ccfd91812a7d18f4,BEATUSDT,short,official_close,2025-12-02T20:30:00Z,2025-12-02T20:45:00Z,BEATUSDT|2025-12-02T20:30:00Z,2025-12-02T20:45:00Z,0.7996,6.0,0,closed,realized,2025-12-02T21:01:59Z,0.8232628571428571,stop_1m,,,-0.029593368112627694,-0.030757506724505057,,,-0.029593368112627694,-0.030757506724505057,16,0,1,0,0,atr,0.023662857142857145,1.75,1.0,8,3,1,2025-12-02T21:01:59Z,40.0,-1.2303002689802023,-0.030757506724505057,2025-12
rank32b-pippinusdt-8f60d4adbcdbc73c,PIPPINUSDT,long,official_close,2025-12-03T01:45:00Z,2025-12-03T02:00:00Z,PIPPINUSDT|2025-12-03T01:45:00Z,2025-12-03T02:00:00Z,0.21475,6.0,0,closed,realized,2025-12-03T02:14:59Z,0.20676357142857144,stop_1m,,,-0.037189422917013104,-0.03834444899770506,,,-0.037189422917013104,-0.03834444899770506,14,0,1,0,0,atr,0.00798642857142857,1.75,1.0,8,3,1,2025-12-03T02:14:59Z,40.0,-1.5337779599082024,-0.03834444899770506,2025-12
rank32b-tradoorusdt-f2bf1ea3d724df42,TRADOORUSDT,short,official_close,2025-12-03T06:15:00Z,2025-12-03T06:30:00Z,TRADOORUSDT|2025-12-03T06:15:00Z,2025-12-03T06:30:00Z,1.653,6.0,0,closed,realized,2025-12-03T07:46:59Z,1.5490000000000002,target_1m,,,0.06291591046581968,0.06164079402298839,,,0.06291591046581968,0.06164079402298839,76,1,0,0,0,atr,0.0594285714285714,1.75,1.0,8,3,1,2025-12-03T07:46:59Z,40.0,2.4656317609195355,0.06164079402298839,2025-12
rank32b-pippinusdt-e34271d734f56f27,PIPPINUSDT,long,official_close,2025-12-03T08:00:00Z,2025-12-03T08:15:00Z,PIPPINUSDT|2025-12-03T08:00:00Z,2025-12-03T08:15:00Z,0.21137,6.0,0,closed,realized,2025-12-03T10:00:59Z,0.20280071428571428,stop_1m,,,-0.040541636534445424,-0.04169264116559335,,,-0.040541636534445424,-0.04169264116559335,105,0,1,0,0,atr,0.008569285714285713,1.75,1.0,8,3,1,2025-12-03T10:00:59Z,40.0,-1.6677056466237339,-0.04169264116559335,2025-12
rank32b-zecusdt-d568f087f3ccad17,ZECUSDT,short,official_close,2025-12-03T11:00:00Z,2025-12-03T11:15:00Z,ZECUSDT|2025-12-03T11:00:00Z,2025-12-03T11:15:00Z,322.63,6.0,0,closed,realized,2025-12-03T11:34:59Z,329.2442857142857,stop_1m,,,-0.02050114903848277,-0.02167619504005036,,,-0.02050114903848277,-0.02167619504005036,19,0,1,0,0,atr,6.614285714285724,1.75,1.0,8,3,1,2025-12-03T11:34:59Z,100.0,-2.167619504005036,-0.02167619504005036,2025-12
rank32b-fartcoinusdt-84d2f77d4373231d,FARTCOINUSDT,long,official_close,2025-12-03T13:15:00Z,2025-12-03T13:30:00Z,FARTCOINUSDT|2025-12-03T13:15:00Z,2025-12-03T13:30:00Z,0.3388,6.0,0,closed,realized,2025-12-03T14:01:59Z,0.3332,stop_1m,,,-0.016528925619834656,-0.017708736859504137,,,-0.016528925619834656,-0.017708736859504137,31,0,1,0,0,atr,0.005599999999999998,1.75,1.0,8,3,1,2025-12-03T14:01:59Z,40.0,-0.7083494743801655,-0.017708736859504137,2025-12
rank32b-adausdt-1c671a894b4e7bc0,ADAUSDT,long,official_close,2025-12-03T14:30:00Z,2025-12-03T14:45:00Z,ADAUSDT|2025-12-03T14:30:00Z,2025-12-03T14:45:00Z,0.4394,6.0,0,closed,realized,2025-12-03T14:46:59Z,0.4361285714285714,stop_1m,,,-0.007445217504389201,-0.008635925923662358,,,-0.007445217504389201,-0.008635925923662358,1,0,1,0,0,atr,0.0032714285714285757,1.75,1.0,8,3,1,2025-12-03T14:46:59Z,100.0,-0.8635925923662358,-0.008635925923662358,2025-12
rank32b-zecusdt-ae316a81fa9cb72b,ZECUSDT,short,official_close,2025-12-03T15:30:00Z,2025-12-03T15:45:00Z,ZECUSDT|2025-12-03T15:30:00Z,2025-12-03T15:45:00Z,329.37,6.0,0,closed,realized,2025-12-03T16:09:59Z,337.4371428571429,stop_1m,,,-0.024492646133961404,-0.02566290377595326,,,-0.024492646133961404,-0.02566290377595326,24,0,1,0,0,atr,8.067142857142857,1.75,1.0,8,3,1,2025-12-03T16:09:59Z,100.0,-2.566290377595326,-0.02566290377595326,2025-12
rank32b-fartcoinusdt-12ca270204e0824b,FARTCOINUSDT,long,official_close,2025-12-03T16:15:00Z,2025-12-03T16:30:00Z,FARTCOINUSDT|2025-12-03T16:15:00Z,2025-12-03T16:30:00Z,0.3375,6.0,0,closed,realized,2025-12-03T18:30:59Z,0.3344,timeout_1m,,,-0.009185185185185296,-0.010373806269629804,,,-0.009185185185185296,-0.010373806269629804,120,0,0,1,0,atr,0.00757857142857143,1.75,1.0,8,3,1,2025-12-03T18:30:59Z,40.0,-0.41495225078519216,-0.010373806269629804,2025-12
rank32b-nearusdt-ee817b4fdd33f3bf,NEARUSDT,long,official_close,2025-12-03T16:30:00Z,2025-12-03T16:45:00Z,NEARUSDT|2025-12-03T16:30:00Z,2025-12-03T16:45:00Z,1.804,6.0,0,closed,realized,2025-12-03T18:45:59Z,1.82,timeout_1m,,,0.008869179600886845,0.007658899778270278,,,0.008869179600886845,0.007658899778270278,120,0,0,1,0,atr,0.018714285714285732,1.75,1.0,8,3,1,2025-12-03T18:45:59Z,100.0,0.7658899778270278,0.007658899778270278,2025-12
rank32b-pippinusdt-0596204382e02053,PIPPINUSDT,long,official_close,2025-12-03T18:30:00Z,2025-12-03T18:45:00Z,PIPPINUSDT|2025-12-03T18:30:00Z,2025-12-03T18:45:00Z,0.20176,6.0,0,closed,realized,2025-12-03T20:45:59Z,0.19836,timeout_1m,,,-0.016851704996034833,-0.01803112901665349,,,-0.016851704996034833,-0.01803112901665349,120,0,0,1,0,atr,0.010436428571428572,1.75,1.0,8,3,1,2025-12-03T20:45:59Z,40.0,-0.7212451606661396,-0.01803112901665349,2025-12
rank32b-fartcoinusdt-cb4640d2c6b37678,FARTCOINUSDT,long,official_close,2025-12-03T21:45:00Z,2025-12-03T22:00:00Z,FARTCOINUSDT|2025-12-03T21:45:00Z,2025-12-03T22:00:00Z,0.3399,6.0,0,closed,realized,2025-12-03T22:11:59Z,0.3353357142857143,stop_1m,,,-0.013428319253561916,-0.014611850104652602,,,-0.013428319253561916,-0.014611850104652602,11,0,1,0,0,atr,0.0045642857142856996,1.75,1.0,8,3,1,2025-12-03T22:11:59Z,40.0,-0.5844740041861041,-0.014611850104652602,2025-12
rank32b-suiusdt-9587ef10d727ec57,SUIUSDT,long,official_close,2025-12-03T20:30:00Z,2025-12-03T20:45:00Z,SUIUSDT|2025-12-03T20:30:00Z,2025-12-03T20:45:00Z,1.6778,6.0,0,closed,realized,2025-12-03T22:45:59Z,1.6851,timeout_1m,,,0.004350935749195317,0.003146076192632963,,,0.004350935749195317,0.003146076192632963,120,0,0,1,0,atr,0.011342857142857163,1.75,1.0,8,3,1,2025-12-03T22:45:59Z,100.0,0.3146076192632963,0.003146076192632963,2025-12
rank32b-fartcoinusdt-67917a6b1bb0380f,FARTCOINUSDT,long,official_close,2025-12-03T22:30:00Z,2025-12-03T22:45:00Z,FARTCOINUSDT|2025-12-03T22:30:00Z,2025-12-03T22:45:00Z,0.3409,6.0,0,closed,realized,2025-12-03T22:48:59Z,0.34964999999999996,target_1m,,,0.02566735112936347,0.024436919548254554,,,0.02566735112936347,0.024436919548254554,3,1,0,0,0,atr,0.0049999999999999845,1.75,1.0,8,3,1,2025-12-03T22:48:59Z,40.0,0.9774767819301822,0.024436919548254554,2025-12
rank32b-zecusdt-3cea5aab26f93141,ZECUSDT,short,official_close,2025-12-03T23:45:00Z,2025-12-04T00:00:00Z,ZECUSDT|2025-12-03T23:45:00Z,2025-12-04T00:00:00Z,338.67,6.0,0,closed,realized,2025-12-04T01:04:59Z,345.14,stop_1m,,,-0.019104142675760993,-0.02028086458204148,,,-0.019104142675760993,-0.02028086458204148,64,0,1,0,0,atr,6.469999999999999,1.75,1.0,8,3,1,2025-12-04T01:04:59Z,100.0,-2.028086458204148,-0.02028086458204148,2025-12
rank32b-pippinusdt-2b4fc31cb60d7fbe,PIPPINUSDT,long,official_close,2025-12-04T01:00:00Z,2025-12-04T01:15:00Z,PIPPINUSDT|2025-12-04T01:00:00Z,2025-12-04T01:15:00Z,0.20057,6.0,0,closed,realized,2025-12-04T01:25:59Z,0.19512928571428573,stop_1m,,,-0.02712626158305964,-0.02829335983461423,,,-0.02712626158305964,-0.02829335983461423,10,0,1,0,0,atr,0.0054407142857142805,1.75,1.0,8,3,1,2025-12-04T01:25:59Z,40.0,-1.1317343933845692,-0.02829335983461423,2025-12
rank32b-pippinusdt-5b36916df85253b7,PIPPINUSDT,long,official_close,2025-12-04T07:30:00Z,2025-12-04T07:45:00Z,PIPPINUSDT|2025-12-04T07:30:00Z,2025-12-04T07:45:00Z,0.20069,6.0,0,closed,realized,2025-12-04T08:47:59Z,0.1950592857142857,stop_1m,,,-0.02805677555291397,-0.02922275752268977,,,-0.02805677555291397,-0.02922275752268977,62,0,1,0,0,atr,0.00563071428571429,1.75,1.0,8,3,1,2025-12-04T08:47:59Z,40.0,-1.1689103009075907,-0.02922275752268977,2025-12
rank32b-uniusdt-e635af624010d097,UNIUSDT,long,official_close,2025-12-04T08:30:00Z,2025-12-04T08:45:00Z,UNIUSDT|2025-12-04T08:30:00Z,2025-12-04T08:45:00Z,6.099,6.0,0,closed,realized,2025-12-04T08:54:59Z,6.065285714285714,stop_1m,,,-0.005527838287307074,-0.00672084687138419,,,-0.005527838287307074,-0.00672084687138419,9,0,1,0,0,atr,0.03371428571428581,1.75,1.0,8,3,1,2025-12-04T08:54:59Z,100.0,-0.672084687138419,-0.00672084687138419,2025-12
rank32b-pippinusdt-28658983b64bbc83,PIPPINUSDT,long,official_close,2025-12-04T09:45:00Z,2025-12-04T10:00:00Z,PIPPINUSDT|2025-12-04T09:45:00Z,2025-12-04T10:00:00Z,0.1996,6.0,0,closed,realized,2025-12-04T10:43:59Z,0.20769125,target_1m,,,0.0405373246492986,0.039289054453156114,,,0.0405373246492986,0.039289054453156114,43,1,0,0,0,atr,0.004623571428571429,1.75,1.0,8,3,1,2025-12-04T10:43:59Z,40.0,1.5715621781262445,0.039289054453156114,2025-12
rank32b-turbousdt-cf73977560a84d64,TURBOUSDT,long,official_close,2025-12-04T11:00:00Z,2025-12-04T11:15:00Z,TURBOUSDT|2025-12-04T11:00:00Z,2025-12-04T11:15:00Z,0.0024065,6.0,0,closed,realized,2025-12-04T11:30:59Z,0.0024538,target_1m,,,0.01965510076875132,0.018431881723665056,,,0.01965510076875132,0.018431881723665056,15,1,0,0,0,atr,2.7028571428571497e-05,1.75,1.0,8,3,1,2025-12-04T11:30:59Z,40.0,0.7372752689466022,0.018431881723665056,2025-12
rank32b-aaveusdt-4efae1b1a91ae6fa,AAVEUSDT,long,official_close,2025-12-04T12:00:00Z,2025-12-04T12:15:00Z,AAVEUSDT|2025-12-04T12:00:00Z,2025-12-04T12:15:00Z,195.14,6.0,0,closed,realized,2025-12-04T12:21:59Z,194.47714285714284,stop_1m,,,-0.0033968286504927336,-0.004592393678970463,,,-0.0033968286504927336,-0.004592393678970463,6,0,1,0,0,atr,0.6628571428571449,1.75,1.0,8,3,1,2025-12-04T12:21:59Z,100.0,-0.45923936789704634,-0.004592393678970463,2025-12
rank32b-ethusdt-f85548974f808df2,ETHUSDT,long,official_close,2025-12-04T13:15:00Z,2025-12-04T13:30:00Z,ETHUSDT|2025-12-04T13:15:00Z,2025-12-04T13:30:00Z,3184.21,6.0,0,closed,realized,2025-12-04T13:38:59Z,3171.397857142857,stop_1m,,,-0.0040236488350777755,-0.005218461904989424,,,-0.0040236488350777755,-0.005218461904989424,8,0,1,0,0,atr,12.812142857142849,1.75,1.0,8,3,1,2025-12-04T13:38:59Z,100.0,-0.5218461904989424,-0.005218461904989424,2025-12
rank32b-beatusdt-886cd8e18568140f,BEATUSDT,long,official_close,2025-12-04T14:30:00Z,2025-12-04T14:45:00Z,BEATUSDT|2025-12-04T14:30:00Z,2025-12-04T14:45:00Z,1.0382,6.0,0,closed,realized,2025-12-04T14:59:59Z,1.0211785714285715,stop_1m,,,-0.01639513443597429,-0.017575106176899613,,,-0.01639513443597429,-0.017575106176899613,14,0,1,0,0,atr,0.0170214285714286,1.75,1.0,8,3,1,2025-12-04T14:59:59Z,40.0,-0.7030042470759845,-0.017575106176899613,2025-12
rank32b-1000pepeusdt-c353fe9549ca0e1c,1000PEPEUSDT,long,official_close,2025-12-04T15:00:00Z,2025-12-04T15:15:00Z,1000PEPEUSDT|2025-12-04T15:00:00Z,2025-12-04T15:15:00Z,0.0048538,6.0,0,closed,realized,2025-12-04T15:26:59Z,0.004817792857142857,stop_1m,,,-0.007418340858119987,-0.008609081519693085,,,-0.007418340858119987,-0.008609081519693085,11,0,1,0,0,atr,3.600714285714301e-05,1.75,1.0,8,3,1,2025-12-04T15:26:59Z,40.0,-0.3443632607877234,-0.008609081519693085,2025-12
rank32b-aaveusdt-a6c2522f9000c5e8,AAVEUSDT,long,official_close,2025-12-04T15:30:00Z,2025-12-04T15:45:00Z,AAVEUSDT|2025-12-04T15:30:00Z,2025-12-04T15:45:00Z,195.7,6.0,0,closed,realized,2025-12-04T16:34:59Z,194.44857142857143,stop_1m,,,-0.0063946273450616875,-0.007586596094313558,,,-0.0063946273450616875,-0.007586596094313558,49,0,1,0,0,atr,1.251428571428566,1.75,1.0,8,3,1,2025-12-04T16:34:59Z,100.0,-0.7586596094313558,-0.007586596094313558,2025-12
rank32b-beatusdt-af89de3d956b3d3d,BEATUSDT,long,official_close,2025-12-04T15:45:00Z,2025-12-04T16:00:00Z,BEATUSDT|2025-12-04T15:45:00Z,2025-12-04T16:00:00Z,1.0377,6.0,0,closed,realized,2025-12-04T18:00:59Z,1.05,timeout_1m,,,0.01185313674472388,0.01063927724775926,,,0.01185313674472388,0.01063927724775926,120,0,0,1,0,atr,0.0206214285714286,1.75,1.0,8,3,1,2025-12-04T18:00:59Z,40.0,0.4255710899103704,0.01063927724775926,2025-12
rank32b-zecusdt-186486ad61a84b3c,ZECUSDT,long,official_close,2025-12-04T16:15:00Z,2025-12-04T16:30:00Z,ZECUSDT|2025-12-04T16:15:00Z,2025-12-04T16:30:00Z,358.77,6.0,0,closed,realized,2025-12-04T18:30:59Z,361.71,timeout_1m,,,0.008194665105778043,0.0069851944577303815,,,0.008194665105778043,0.0069851944577303815,120,0,0,1,0,atr,5.897142857142858,1.75,1.0,8,3,1,2025-12-04T18:30:59Z,100.0,0.6985194457730382,0.0069851944577303815,2025-12
rank32b-brettusdt-25c8a71e6d2b832a,BRETTUSDT,long,official_close,2025-12-05T01:15:00Z,2025-12-05T01:30:00Z,BRETTUSDT|2025-12-05T01:15:00Z,2025-12-05T01:30:00Z,0.01976,6.0,0,closed,realized,2025-12-05T02:10:59Z,0.019619285714285714,stop_1m,,,-0.007121168305378789,-0.008312265467033009,,,-0.007121168305378789,-0.008312265467033009,40,0,1,0,0,atr,0.00014071428571428592,1.75,1.0,8,3,1,2025-12-05T02:10:59Z,40.0,-0.33249061868132035,-0.008312265467033009,2025-12
rank32b-beatusdt-c2b655d8c331232b,BEATUSDT,long,official_close,2025-12-05T05:00:00Z,2025-12-05T05:15:00Z,BEATUSDT|2025-12-05T05:00:00Z,2025-12-05T05:15:00Z,1.0847,6.0,0,closed,realized,2025-12-05T06:08:59Z,1.061807142857143,stop_1m,,,-0.0211052430560128,-0.022279564362233217,,,-0.0211052430560128,-0.022279564362233217,53,0,1,0,0,atr,0.022892857142857128,1.75,1.0,8,3,1,2025-12-05T06:08:59Z,40.0,-0.8911825744893287,-0.022279564362233217,2025-12
rank32b-fartcoinusdt-0f9b21909b8d4294,FARTCOINUSDT,long,official_close,2025-12-05T06:30:00Z,2025-12-05T06:45:00Z,FARTCOINUSDT|2025-12-05T06:30:00Z,2025-12-05T06:45:00Z,0.3756,6.0,0,closed,realized,2025-12-05T07:20:59Z,0.383575,target_1m,,,0.021232694355697523,0.020007582766240484,,,0.021232694355697523,0.020007582766240484,35,1,0,0,0,atr,0.004557142857142855,1.75,1.0,8,3,1,2025-12-05T07:20:59Z,40.0,0.8003033106496193,0.020007582766240484,2025-12
rank32b-actusdt-f0a65d7ae6f3b9eb,ACTUSDT,long,official_close,2025-12-05T06:00:00Z,2025-12-05T06:15:00Z,ACTUSDT|2025-12-05T06:00:00Z,2025-12-05T06:15:00Z,0.02492,6.0,0,closed,realized,2025-12-05T07:22:59Z,0.02546125,target_1m,,,0.021719502407704594,0.020493806823836058,,,0.021719502407704594,0.020493806823836058,67,1,0,0,0,atr,0.0003092857142857141,1.75,1.0,8,3,1,2025-12-05T07:22:59Z,40.0,0.8197522729534423,0.020493806823836058,2025-12
rank32b-beatusdt-14221483dd57cdc9,BEATUSDT,long,official_close,2025-12-05T08:00:00Z,2025-12-05T08:15:00Z,BEATUSDT|2025-12-05T08:00:00Z,2025-12-05T08:15:00Z,1.0905,6.0,0,closed,realized,2025-12-05T08:29:59Z,1.1200125,target_1m,,,0.02706327372764794,0.025831167541953137,,,0.02706327372764794,0.025831167541953137,14,1,0,0,0,atr,0.016864285714285714,1.75,1.0,8,3,1,2025-12-05T08:29:59Z,40.0,1.0332467016781255,0.025831167541953137,2025-12
rank32b-actusdt-5e376bf22d2edc99,ACTUSDT,long,official_close,2025-12-05T10:00:00Z,2025-12-05T10:15:00Z,ACTUSDT|2025-12-05T10:00:00Z,2025-12-05T10:15:00Z,0.02493,6.0,0,closed,realized,2025-12-05T11:45:59Z,0.02458642857142857,stop_1m,,,-0.013781445189387398,-0.014964552416480537,,,-0.013781445189387398,-0.014964552416480537,90,0,1,0,0,atr,0.00034357142857142843,1.75,1.0,8,3,1,2025-12-05T11:45:59Z,40.0,-0.5985820966592215,-0.014964552416480537,2025-12
rank32b-bchusdt-9ebe5012731eb17e,BCHUSDT,long,official_close,2025-12-05T14:00:00Z,2025-12-05T14:15:00Z,BCHUSDT|2025-12-05T14:00:00Z,2025-12-05T14:15:00Z,578.78,6.0,0,closed,realized,2025-12-05T14:37:59Z,574.745,stop_1m,,,-0.006971560869414972,-0.008162837506133669,,,-0.006971560869414972,-0.008162837506133669,22,0,1,0,0,atr,4.034999999999992,1.75,1.0,8,3,1,2025-12-05T14:37:59Z,100.0,-0.8162837506133669,-0.008162837506133669,2025-12
rank32b-zecusdt-b3c0372fc06b5731,ZECUSDT,long,official_close,2025-12-05T15:00:00Z,2025-12-05T15:15:00Z,ZECUSDT|2025-12-05T15:00:00Z,2025-12-05T15:15:00Z,385.13,6.0,0,closed,realized,2025-12-05T15:46:59Z,378.7942857142857,stop_1m,,,-0.01645084591102819,-0.017630750818239505,,,-0.01645084591102819,-0.017630750818239505,31,0,1,0,0,atr,6.3357142857142845,1.75,1.0,8,3,1,2025-12-05T15:46:59Z,100.0,-1.7630750818239505,-0.017630750818239505,2025-12
rank32b-actusdt-5a9625c750bb14b9,ACTUSDT,long,official_close,2025-12-05T15:30:00Z,2025-12-05T15:45:00Z,ACTUSDT|2025-12-05T15:30:00Z,2025-12-05T15:45:00Z,0.02482,6.0,0,closed,realized,2025-12-05T15:55:59Z,0.024477142857142857,stop_1m,,,-0.013813744675952533,-0.014996813155289557,,,-0.013813744675952533,-0.014996813155289557,10,0,1,0,0,atr,0.00034285714285714274,1.75,1.0,8,3,1,2025-12-05T15:55:59Z,40.0,-0.5998725262115823,-0.014996813155289557,2025-12
rank32b-actusdt-c8feb263dbdcff62,ACTUSDT,long,official_close,2025-12-05T16:15:00Z,2025-12-05T16:30:00Z,ACTUSDT|2025-12-05T16:15:00Z,2025-12-05T16:30:00Z,0.0248,6.0,0,closed,realized,2025-12-05T16:37:59Z,0.02438642857142857,stop_1m,,,-0.01667626728110605,-0.01785590176382501,,,-0.01667626728110605,-0.01785590176382501,7,0,1,0,0,atr,0.00041357142857142835,1.75,1.0,8,3,1,2025-12-05T16:37:59Z,40.0,-0.7142360705530004,-0.01785590176382501,2025-12
rank32b-tradoorusdt-8034b323ecef69ac,TRADOORUSDT,short,official_close,2025-12-05T16:00:00Z,2025-12-05T16:15:00Z,TRADOORUSDT|2025-12-05T16:00:00Z,2025-12-05T16:15:00Z,1.397,6.0,0,closed,realized,2025-12-05T17:13:59Z,1.4725714285714286,stop_1m,,,-0.05409551078842423,-0.05523025564986206,,,-0.05409551078842423,-0.05523025564986206,58,0,1,0,0,atr,0.0755714285714286,1.75,1.0,8,3,1,2025-12-05T17:13:59Z,40.0,-2.2092102259944824,-0.05523025564986206,2025-12
rank32b-actusdt-e2d79496a0f2d24d,ACTUSDT,long,official_close,2025-12-05T17:00:00Z,2025-12-05T17:15:00Z,ACTUSDT|2025-12-05T17:00:00Z,2025-12-05T17:15:00Z,0.02463,6.0,0,closed,realized,2025-12-05T17:24:59Z,0.02417642857142857,stop_1m,,,-0.018415405138913044,-0.01959295328229227,,,-0.018415405138913044,-0.01959295328229227,9,0,1,0,0,atr,0.0004535714285714282,1.75,1.0,8,3,1,2025-12-05T17:24:59Z,40.0,-0.7837181312916908,-0.01959295328229227,2025-12
rank32b-actusdt-34f66b2ba19fc4e7,ACTUSDT,long,official_close,2025-12-05T17:30:00Z,2025-12-05T17:45:00Z,ACTUSDT|2025-12-05T17:30:00Z,2025-12-05T17:45:00Z,0.02463,6.0,0,closed,realized,2025-12-05T18:51:59Z,0.024145714285714284,stop_1m,,,-0.01966243257351663,-0.020838484732904172,,,-0.01966243257351663,-0.020838484732904172,66,0,1,0,0,atr,0.0004842857142857139,1.75,1.0,8,3,1,2025-12-05T18:51:59Z,40.0,-0.8335393893161669,-0.020838484732904172,2025-12
rank32b-tradoorusdt-698a81aa8c022335,TRADOORUSDT,short,official_close,2025-12-05T20:00:00Z,2025-12-05T20:15:00Z,TRADOORUSDT|2025-12-05T20:00:00Z,2025-12-05T20:15:00Z,1.432,6.0,0,closed,realized,2025-12-05T21:47:59Z,1.3695,target_1m,,,0.0436452513966481,0.04239325280726258,,,0.0436452513966481,0.04239325280726258,92,1,0,0,0,atr,0.03571428571428571,1.75,1.0,8,3,1,2025-12-05T21:47:59Z,40.0,1.6957301122905033,0.04239325280726258,2025-12
rank32b-actusdt-bc5f08974f71b047,ACTUSDT,long,official_close,2025-12-06T02:45:00Z,2025-12-06T03:00:00Z,ACTUSDT|2025-12-06T02:45:00Z,2025-12-06T03:00:00Z,0.02432,6.0,0,closed,realized,2025-12-06T03:06:59Z,0.02477375,target_1m,,,0.018657483552631637,0.01743546128906237,,,0.018657483552631637,0.01743546128906237,6,1,0,0,0,atr,0.0002592857142857141,1.75,1.0,8,3,1,2025-12-06T03:06:59Z,40.0,0.6974184515624948,0.01743546128906237,2025-12
rank32b-xrpusdt-e19b059f2c02ecb3,XRPUSDT,short,official_close,2025-12-06T06:30:00Z,2025-12-06T06:45:00Z,XRPUSDT|2025-12-06T06:30:00Z,2025-12-06T06:45:00Z,2.0363,6.0,0,closed,realized,2025-12-06T07:30:59Z,2.0270375000000005,target_1m,,,0.0045486912537443525,0.003343594461768351,,,0.0045486912537443525,0.003343594461768351,45,1,0,0,0,atr,0.005292857142857115,1.75,1.0,8,3,1,2025-12-06T07:30:59Z,100.0,0.3343594461768351,0.003343594461768351,2025-12
rank32b-tradoorusdt-38d36b4c6e3cf8ee,TRADOORUSDT,short,official_close,2025-12-06T11:00:00Z,2025-12-06T11:15:00Z,TRADOORUSDT|2025-12-06T11:00:00Z,2025-12-06T11:15:00Z,1.449,6.0,0,closed,realized,2025-12-06T13:15:59Z,1.431,timeout_1m,,,0.012422360248447228,0.01120781788819869,,,0.012422360248447228,0.01120781788819869,120,0,0,1,0,atr,0.037571428571428554,1.75,1.0,8,3,1,2025-12-06T13:15:59Z,40.0,0.4483127155279476,0.01120781788819869,2025-12
rank32b-turbousdt-f3bfdb5104e1f724,TURBOUSDT,short,official_close,2025-12-06T15:15:00Z,2025-12-06T15:30:00Z,TURBOUSDT|2025-12-06T15:15:00Z,2025-12-06T15:30:00Z,0.0021897,6.0,0,closed,realized,2025-12-06T16:09:59Z,0.002213014285714286,stop_1m,,,-0.010647251091147725,-0.011834118222848855,,,-0.010647251091147725,-0.011834118222848855,39,0,1,0,0,atr,2.3314285714285785e-05,1.75,1.0,8,3,1,2025-12-06T16:09:59Z,40.0,-0.4733647289139542,-0.011834118222848855,2025-12
rank32b-pippinusdt-e2a6c8ae1ce5b159,PIPPINUSDT,long,official_close,2025-12-06T17:15:00Z,2025-12-06T17:30:00Z,PIPPINUSDT|2025-12-06T17:15:00Z,2025-12-06T17:30:00Z,0.23791,6.0,0,closed,realized,2025-12-06T18:17:59Z,0.2572225,target_1m,,,0.08117565465932497,0.07987863309696919,,,0.08117565465932497,0.07987863309696919,47,1,0,0,0,atr,0.011035714285714288,1.75,1.0,8,3,1,2025-12-06T18:17:59Z,40.0,3.1951453238787675,0.07987863309696919,2025-12
rank32b-turbousdt-68790b75bfb18333,TURBOUSDT,short,official_close,2025-12-06T16:15:00Z,2025-12-06T16:30:00Z,TURBOUSDT|2025-12-06T16:15:00Z,2025-12-06T16:30:00Z,0.0021909,6.0,0,closed,realized,2025-12-06T18:30:59Z,0.0021873,timeout_1m,,,0.0016431603450636212,0.00044154914418714775,,,0.0016431603450636212,0.00044154914418714775,120,0,0,1,0,atr,2.8028571428571473e-05,1.75,1.0,8,3,1,2025-12-06T18:30:59Z,40.0,0.01766196576748591,0.00044154914418714775,2025-12
rank32b-zecusdt-2d92b28acfb74835,ZECUSDT,short,official_close,2025-12-07T00:00:00Z,2025-12-07T00:15:00Z,ZECUSDT|2025-12-07T00:00:00Z,2025-12-07T00:15:00Z,338.67,6.0,0,closed,realized,2025-12-07T01:56:59Z,332.81625,target_1m,,,0.017284524758614528,0.01606414955133295,,,0.017284524758614528,0.01606414955133295,101,1,0,0,0,atr,3.345000000000003,1.75,1.0,8,3,1,2025-12-07T01:56:59Z,100.0,1.6064149551332951,0.01606414955133295,2025-12
rank32b-turbousdt-cc7ffaf6f216a0e4,TURBOUSDT,short,official_close,2025-12-07T01:45:00Z,2025-12-07T02:00:00Z,TURBOUSDT|2025-12-07T01:45:00Z,2025-12-07T02:00:00Z,0.0021763,6.0,0,closed,realized,2025-12-07T04:00:59Z,0.0021851,timeout_1m,,,-0.0040435601709323254,-0.005238349354408922,,,-0.0040435601709323254,-0.005238349354408922,120,0,0,1,0,atr,2.097857142857143e-05,1.75,1.0,8,3,1,2025-12-07T04:00:59Z,40.0,-0.20953397417635689,-0.005238349354408922,2025-12
rank32b-turbousdt-fe378a69a14b3de9,TURBOUSDT,short,official_close,2025-12-07T04:00:00Z,2025-12-07T04:15:00Z,TURBOUSDT|2025-12-07T04:00:00Z,2025-12-07T04:15:00Z,0.0021778,6.0,0,closed,realized,2025-12-07T06:15:59Z,0.0021753,timeout_1m,,,0.0011479474699239711,-5.30696537790476e-05,,,0.0011479474699239711,-5.30696537790476e-05,120,0,0,1,0,atr,1.9899999999999935e-05,1.75,1.0,8,3,1,2025-12-07T06:15:59Z,40.0,-0.002122786151161904,-5.30696537790476e-05,2025-12
rank32b-zecusdt-1fecfce6c6c68e02,ZECUSDT,short,official_close,2025-12-07T07:30:00Z,2025-12-07T07:45:00Z,ZECUSDT|2025-12-07T07:30:00Z,2025-12-07T07:45:00Z,338.55,6.0,0,closed,realized,2025-12-07T09:45:59Z,336.83,timeout_1m,,,0.005080490326392018,0.0038747555669766953,,,0.005080490326392018,0.0038747555669766953,120,0,0,1,0,atr,3.294285714285723,1.75,1.0,8,3,1,2025-12-07T09:45:59Z,100.0,0.38747555669766953,0.0038747555669766953,2025-12
rank32b-wldusdt-eb089b5851964262,WLDUSDT,short,official_close,2025-12-07T09:15:00Z,2025-12-07T09:30:00Z,WLDUSDT|2025-12-07T09:15:00Z,2025-12-07T09:30:00Z,0.5749,6.0,0,closed,realized,2025-12-07T11:15:59Z,0.5776928571428571,stop_1m,,,-0.004857987724573132,-0.006051799888179388,,,-0.004857987724573132,-0.006051799888179388,105,0,1,0,0,atr,0.0027928571428571447,1.75,1.0,8,3,1,2025-12-07T11:15:59Z,100.0,-0.6051799888179388,-0.006051799888179388,2025-12
rank32b-tradoorusdt-73f07fab4d679a9f,TRADOORUSDT,long,official_close,2025-12-07T12:00:00Z,2025-12-07T12:15:00Z,TRADOORUSDT|2025-12-07T12:00:00Z,2025-12-07T12:15:00Z,1.569,6.0,0,closed,realized,2025-12-07T12:22:59Z,1.6119999999999999,target_1m,,,0.027405991077119163,0.02617347375398338,,,0.027405991077119163,0.02617347375398338,7,1,0,0,0,atr,0.02457142857142856,1.75,1.0,8,3,1,2025-12-07T12:22:59Z,40.0,1.0469389501593351,0.02617347375398338,2025-12
rank32b-dogeusdt-009a32cbd6cb01cd,DOGEUSDT,short,official_close,2025-12-07T13:00:00Z,2025-12-07T13:15:00Z,DOGEUSDT|2025-12-07T13:00:00Z,2025-12-07T13:15:00Z,0.13895,6.0,0,closed,realized,2025-12-07T13:22:59Z,0.1382425,target_1m,,,0.005091759625764691,0.003886011347247198,,,0.005091759625764691,0.003886011347247198,7,1,0,0,0,atr,0.0004042857142857102,1.75,1.0,8,3,1,2025-12-07T13:22:59Z,100.0,0.3886011347247198,0.003886011347247198,2025-12
rank32b-linkusdt-feafe2f521307854,LINKUSDT,short,official_close,2025-12-07T13:15:00Z,2025-12-07T13:30:00Z,LINKUSDT|2025-12-07T13:15:00Z,2025-12-07T13:30:00Z,13.812,6.0,0,closed,realized,2025-12-07T14:03:59Z,13.701374999999999,target_1m,,,0.008009339704604712,0.006800091380321449,,,0.008009339704604712,0.006800091380321449,33,1,0,0,0,atr,0.06321428571428608,1.75,1.0,8,3,1,2025-12-07T14:03:59Z,100.0,0.6800091380321449,0.006800091380321449,2025-12
rank32b-suiusdt-d90461d415f339cc,SUIUSDT,short,official_close,2025-12-07T13:30:00Z,2025-12-07T13:45:00Z,SUIUSDT|2025-12-07T13:30:00Z,2025-12-07T13:45:00Z,1.5607,6.0,0,closed,realized,2025-12-07T14:18:59Z,1.5407000000000002,target_1m,,,0.01281476260652259,0.0115997495047091,,,0.01281476260652259,0.0115997495047091,33,1,0,0,0,atr,0.011428571428571375,1.75,1.0,8,3,1,2025-12-07T14:18:59Z,100.0,1.15997495047091,0.0115997495047091,2025-12
rank32b-suiusdt-2ed4b2bfd3b291ae,SUIUSDT,short,official_close,2025-12-07T16:15:00Z,2025-12-07T16:30:00Z,SUIUSDT|2025-12-07T16:15:00Z,2025-12-07T16:30:00Z,1.5559,6.0,0,closed,realized,2025-12-07T17:16:59Z,1.5774928571428573,stop_1m,,,-0.013878049452315189,-0.015061040789070335,,,-0.013878049452315189,-0.015061040789070335,46,0,1,0,0,atr,0.021592857142857174,1.75,1.0,8,3,1,2025-12-07T17:16:59Z,100.0,-1.5061040789070335,-0.015061040789070335,2025-12
rank32b-fartcoinusdt-768cfd340e0a371d,FARTCOINUSDT,long,official_close,2025-12-07T15:15:00Z,2025-12-07T15:30:00Z,FARTCOINUSDT|2025-12-07T15:15:00Z,2025-12-07T15:30:00Z,0.3799,6.0,0,closed,realized,2025-12-07T17:22:59Z,0.3922,target_1m,,,0.03237694130034208,0.031138460626480402,,,0.03237694130034208,0.031138460626480402,112,1,0,0,0,atr,0.007028571428571424,1.75,1.0,8,3,1,2025-12-07T17:22:59Z,40.0,1.245538425059216,0.031138460626480402,2025-12
rank32b-zecusdt-d69d76a9ea0ccb37,ZECUSDT,short,official_close,2025-12-07T16:00:00Z,2025-12-07T16:15:00Z,ZECUSDT|2025-12-07T16:00:00Z,2025-12-07T16:15:00Z,338.59,6.0,0,closed,realized,2025-12-07T17:34:59Z,344.48214285714283,stop_1m,,,-0.017401999046465777,-0.018580762912329796,,,-0.017401999046465777,-0.018580762912329796,79,0,1,0,0,atr,5.892142857142853,1.75,1.0,8,3,1,2025-12-07T17:34:59Z,100.0,-1.8580762912329796,-0.018580762912329796,2025-12
rank32b-aaveusdt-c10775c86795ce53,AAVEUSDT,long,official_close,2025-12-07T17:15:00Z,2025-12-07T17:30:00Z,AAVEUSDT|2025-12-07T17:15:00Z,2025-12-07T17:30:00Z,190.89,6.0,0,closed,realized,2025-12-07T19:30:59Z,194.12,timeout_1m,,,0.016920739693017106,0.015700800896851774,,,0.016920739693017106,0.015700800896851774,120,0,0,1,0,atr,2.443571428571423,1.75,1.0,8,3,1,2025-12-07T19:30:59Z,100.0,1.5700800896851774,0.015700800896851774,2025-12
rank32b-actusdt-34a8f3da940a6f5a,ACTUSDT,short,official_close,2025-12-07T21:30:00Z,2025-12-07T21:45:00Z,ACTUSDT|2025-12-07T21:30:00Z,2025-12-07T21:45:00Z,0.0214,6.0,0,closed,realized,2025-12-07T22:04:59Z,0.021172499999999997,target_1m,,,0.010630841121495371,0.009418447939252284,,,0.010630841121495371,0.009418447939252284,19,1,0,0,0,atr,0.00013000000000000015,1.75,1.0,8,3,1,2025-12-07T22:04:59Z,40.0,0.37673791757009134,0.009418447939252284,2025-12
rank32b-turbousdt-218bcd6e85fe1932,TURBOUSDT,short,official_close,2025-12-07T21:45:00Z,2025-12-07T22:00:00Z,TURBOUSDT|2025-12-07T21:45:00Z,2025-12-07T22:00:00Z,0.0021714,6.0,0,closed,realized,2025-12-07T22:07:59Z,0.0021203625,target_1m,,,0.023504421110804086,0.02227658426706247,,,0.023504421110804086,0.02227658426706247,7,1,0,0,0,atr,2.9164285714285737e-05,1.75,1.0,8,3,1,2025-12-07T22:07:59Z,40.0,0.8910633706824989,0.02227658426706247,2025-12
rank32b-avaxusdt-42a7d9faff527fb2,AVAXUSDT,short,official_close,2025-12-07T22:00:00Z,2025-12-07T22:15:00Z,AVAXUSDT|2025-12-07T22:00:00Z,2025-12-07T22:15:00Z,13.367,6.0,0,closed,realized,2025-12-07T22:34:59Z,13.449928571428572,stop_1m,,,-0.006203977813164618,-0.007396175273220895,,,-0.006203977813164618,-0.007396175273220895,19,0,1,0,0,atr,0.0829285714285714,1.75,1.0,8,3,1,2025-12-07T22:34:59Z,100.0,-0.7396175273220895,-0.007396175273220895,2025-12
rank32b-beatusdt-41609b11df23bc6d,BEATUSDT,long,official_close,2025-12-07T22:15:00Z,2025-12-07T22:30:00Z,BEATUSDT|2025-12-07T22:15:00Z,2025-12-07T22:30:00Z,1.7795,6.0,0,closed,realized,2025-12-08T00:30:59Z,1.8183,timeout_1m,,,0.02180387749367796,0.02057808069008127,,,0.02180387749367796,0.02057808069008127,120,0,0,1,0,atr,0.07301428571428573,1.75,1.0,8,3,1,2025-12-08T00:30:59Z,40.0,0.8231232276032507,0.02057808069008127,2025-12
rank32b-nearusdt-80314a9af1b8ef61,NEARUSDT,short,official_close,2025-12-07T22:45:00Z,2025-12-07T23:00:00Z,NEARUSDT|2025-12-07T22:45:00Z,2025-12-07T23:00:00Z,1.696,6.0,0,closed,realized,2025-12-08T01:00:59Z,1.692,timeout_1m,,,0.002358490566037763,0.001156021226415005,,,0.002358490566037763,0.001156021226415005,120,0,0,1,0,atr,0.017071428571428533,1.75,1.0,8,3,1,2025-12-08T01:00:59Z,100.0,0.1156021226415005,0.001156021226415005,2025-12
rank32b-fartcoinusdt-e73ac51b771e365e,FARTCOINUSDT,long,official_close,2025-12-08T00:45:00Z,2025-12-08T01:00:00Z,FARTCOINUSDT|2025-12-08T00:45:00Z,2025-12-08T01:00:00Z,0.3822,6.0,0,closed,realized,2025-12-08T01:17:59Z,0.39426249999999996,target_1m,,,0.03156070120355836,0.030323199723966576,,,0.03156070120355836,0.030323199723966576,17,1,0,0,0,atr,0.006892857142857141,1.75,1.0,8,3,1,2025-12-08T01:17:59Z,40.0,1.212927988958663,0.030323199723966576,2025-12
rank32b-brettusdt-620ef3c2678565b4,BRETTUSDT,long,official_close,2025-12-08T00:15:00Z,2025-12-08T00:30:00Z,BRETTUSDT|2025-12-08T00:15:00Z,2025-12-08T00:30:00Z,0.01816,6.0,0,closed,realized,2025-12-08T01:29:59Z,0.01867125,target_1m,,,0.02815253303964771,0.026919120134911934,,,0.02815253303964771,0.026919120134911934,59,1,0,0,0,atr,0.00029214285714285686,1.75,1.0,8,3,1,2025-12-08T01:29:59Z,40.0,1.0767648053964773,0.026919120134911934,2025-12
rank32b-suiusdt-88103ca09ab14a5f,SUIUSDT,long,official_close,2025-12-08T01:00:00Z,2025-12-08T01:15:00Z,SUIUSDT|2025-12-08T01:00:00Z,2025-12-08T01:15:00Z,1.598,6.0,0,closed,realized,2025-12-08T01:39:59Z,1.6334750000000002,target_1m,,,0.022199624530663487,0.02097335297309133,,,0.022199624530663487,0.02097335297309133,24,1,0,0,0,atr,0.02027142857142859,1.75,1.0,8,3,1,2025-12-08T01:39:59Z,100.0,2.097335297309133,0.02097335297309133,2025-12
rank32b-adausdt-3e56c45538501b91,ADAUSDT,long,official_close,2025-12-08T01:15:00Z,2025-12-08T01:30:00Z,ADAUSDT|2025-12-08T01:15:00Z,2025-12-08T01:30:00Z,0.4222,6.0,0,closed,realized,2025-12-08T03:30:59Z,0.4246,timeout_1m,,,0.0056845097110374,0.004478050345807727,,,0.0056845097110374,0.004478050345807727,120,0,0,1,0,atr,0.003921428571428571,1.75,1.0,8,3,1,2025-12-08T03:30:59Z,100.0,0.4478050345807727,0.004478050345807727,2025-12
rank32b-pippinusdt-f1d6ab405505b4e6,PIPPINUSDT,short,official_close,2025-12-08T05:45:00Z,2025-12-08T06:00:00Z,PIPPINUSDT|2025-12-08T05:45:00Z,2025-12-08T06:00:00Z,0.16874,6.0,0,closed,realized,2025-12-08T07:00:59Z,0.17511214285714286,stop_1m,,,-0.03776308437325393,-0.03891742226671646,,,-0.03776308437325393,-0.03891742226671646,60,0,1,0,0,atr,0.00637214285714286,1.75,1.0,8,3,1,2025-12-08T07:00:59Z,40.0,-1.5566968906686585,-0.03891742226671646,2025-12
rank32b-pippinusdt-3fabba8de18e8b5e,PIPPINUSDT,short,official_close,2025-12-08T08:45:00Z,2025-12-08T09:00:00Z,PIPPINUSDT|2025-12-08T08:45:00Z,2025-12-08T09:00:00Z,0.16903,6.0,0,closed,realized,2025-12-08T09:21:59Z,0.17326500000000003,stop_1m,,,-0.02505472401348885,-0.026224307364373423,,,-0.02505472401348885,-0.026224307364373423,21,0,1,0,0,atr,0.004235000000000004,1.75,1.0,8,3,1,2025-12-08T09:21:59Z,40.0,-1.048972294574937,-0.026224307364373423,2025-12
rank32b-beatusdt-fe77f42e58e8a6b7,BEATUSDT,long,official_close,2025-12-08T11:00:00Z,2025-12-08T11:15:00Z,BEATUSDT|2025-12-08T11:00:00Z,2025-12-08T11:15:00Z,1.6964,6.0,0,closed,realized,2025-12-08T12:23:59Z,1.6341242857142857,stop_1m,,,-0.03671051301916661,-0.037866113619328456,,,-0.03671051301916661,-0.037866113619328456,68,0,1,0,0,atr,0.06227571428571431,1.75,1.0,8,3,1,2025-12-08T12:23:59Z,40.0,-1.5146445447731383,-0.037866113619328456,2025-12
rank32b-pippinusdt-18877777cec0e96a,PIPPINUSDT,short,official_close,2025-12-08T12:30:00Z,2025-12-08T12:45:00Z,PIPPINUSDT|2025-12-08T12:30:00Z,2025-12-08T12:45:00Z,0.17122,6.0,0,closed,realized,2025-12-08T13:19:59Z,0.16318375000000002,target_1m,,,0.04693522952926055,0.045679284150507815,,,0.04693522952926055,0.045679284150507815,34,1,0,0,0,atr,0.0045921428571428545,1.75,1.0,8,3,1,2025-12-08T13:19:59Z,40.0,1.8271713660203126,0.045679284150507815,2025-12
rank32b-linkusdt-7d98f9c63ee9b2de,LINKUSDT,long,official_close,2025-12-08T14:00:00Z,2025-12-08T14:15:00Z,LINKUSDT|2025-12-08T14:00:00Z,2025-12-08T14:15:00Z,13.989,6.0,0,closed,realized,2025-12-08T14:25:59Z,13.927785714285715,stop_1m,,,-0.0043758871766591545,-0.0055702776873666204,,,-0.0043758871766591545,-0.0055702776873666204,10,0,1,0,0,atr,0.06121428571428592,1.75,1.0,8,3,1,2025-12-08T14:25:59Z,100.0,-0.557027768736662,-0.0055702776873666204,2025-12
rank32b-linkusdt-37868509c4509c0d,LINKUSDT,long,official_close,2025-12-08T14:30:00Z,2025-12-08T14:45:00Z,LINKUSDT|2025-12-08T14:30:00Z,2025-12-08T14:45:00Z,14.044,6.0,0,closed,realized,2025-12-08T14:48:59Z,13.965357142857144,stop_1m,,,-0.005599747731618976,-0.006792670050250305,,,-0.005599747731618976,-0.006792670050250305,3,0,1,0,0,atr,0.07864285714285721,1.75,1.0,8,3,1,2025-12-08T14:48:59Z,100.0,-0.6792670050250305,-0.006792670050250305,2025-12
rank32b-beatusdt-3a6a10017e2401bc,BEATUSDT,long,official_close,2025-12-08T12:45:00Z,2025-12-08T13:00:00Z,BEATUSDT|2025-12-08T12:45:00Z,2025-12-08T13:00:00Z,1.703,6.0,0,closed,realized,2025-12-08T15:00:59Z,1.6884,timeout_1m,,,-0.008573106283030096,-0.009762461641808828,,,-0.008573106283030096,-0.009762461641808828,120,0,0,1,0,atr,0.06950428571428573,1.75,1.0,8,3,1,2025-12-08T15:00:59Z,40.0,-0.39049846567235313,-0.009762461641808828,2025-12
rank32b-beatusdt-9ab8c0b65dc24a2a,BEATUSDT,long,official_close,2025-12-08T15:30:00Z,2025-12-08T15:45:00Z,BEATUSDT|2025-12-08T15:30:00Z,2025-12-08T15:45:00Z,1.7035,6.0,0,closed,realized,2025-12-08T16:05:59Z,1.6449571428571428,stop_1m,,,-0.0343662208059039,-0.035524633712776366,,,-0.0343662208059039,-0.035524633712776366,20,0,1,0,0,atr,0.05854285714285715,1.75,1.0,8,3,1,2025-12-08T16:05:59Z,40.0,-1.4209853485110546,-0.035524633712776366,2025-12
rank32b-beatusdt-2892663c85dd6610,BEATUSDT,long,official_close,2025-12-08T16:30:00Z,2025-12-08T16:45:00Z,BEATUSDT|2025-12-08T16:30:00Z,2025-12-08T16:45:00Z,1.7242,6.0,0,closed,realized,2025-12-08T16:55:59Z,1.6713285714285713,stop_1m,,,-0.030664324655740982,-0.03182717850531103,,,-0.030664324655740982,-0.03182717850531103,10,0,1,0,0,atr,0.05287142857142858,1.75,1.0,8,3,1,2025-12-08T16:55:59Z,40.0,-1.273087140212441,-0.03182717850531103,2025-12
rank32b-brettusdt-bcbba52cc6e53050,BRETTUSDT,long,official_close,2025-12-08T16:15:00Z,2025-12-08T16:30:00Z,BRETTUSDT|2025-12-08T16:15:00Z,2025-12-08T16:30:00Z,0.01877,6.0,0,closed,realized,2025-12-08T17:51:59Z,0.018517142857142857,stop_1m,,,-0.013471344851206268,-0.014654824087069085,,,-0.013471344851206268,-0.014654824087069085,81,0,1,0,0,atr,0.0002528571428571432,1.75,1.0,8,3,1,2025-12-08T17:51:59Z,40.0,-0.5861929634827634,-0.014654824087069085,2025-12
rank32b-fartcoinusdt-ac0abac20cf960ab,FARTCOINUSDT,long,official_close,2025-12-08T17:45:00Z,2025-12-08T18:00:00Z,FARTCOINUSDT|2025-12-08T17:45:00Z,2025-12-08T18:00:00Z,0.3992,6.0,0,closed,realized,2025-12-08T18:55:59Z,0.3911071428571429,stop_1m,,,-0.02027268823361006,-0.021448008305897548,,,-0.02027268823361006,-0.021448008305897548,55,0,1,0,0,atr,0.008092857142857148,1.75,1.0,8,3,1,2025-12-08T18:55:59Z,40.0,-0.8579203322359019,-0.021448008305897548,2025-12
rank32b-tradoorusdt-67593dd23d63a18a,TRADOORUSDT,long,official_close,2025-12-08T17:00:00Z,2025-12-08T17:15:00Z,TRADOORUSDT|2025-12-08T17:00:00Z,2025-12-08T17:15:00Z,1.579,6.0,0,closed,realized,2025-12-08T19:03:59Z,1.6205,target_1m,,,0.026282457251425084,0.025051287764407792,,,0.026282457251425084,0.025051287764407792,108,1,0,0,0,atr,0.023714285714285736,1.75,1.0,8,3,1,2025-12-08T19:03:59Z,40.0,1.0020515105763117,0.025051287764407792,2025-12
rank32b-beatusdt-84f68c00fe8772f6,BEATUSDT,long,official_close,2025-12-08T17:30:00Z,2025-12-08T17:45:00Z,BEATUSDT|2025-12-08T17:30:00Z,2025-12-08T17:45:00Z,1.7116,6.0,0,closed,realized,2025-12-08T19:45:59Z,1.7396,timeout_1m,,,0.0163589623743865,0.015139697508763428,,,0.0163589623743865,0.015139697508763428,120,0,0,1,0,atr,0.06400000000000004,1.75,1.0,8,3,1,2025-12-08T19:45:59Z,40.0,0.6055879003505371,0.015139697508763428,2025-12
rank32b-dotusdt-175546ea87285719,DOTUSDT,short,official_close,2025-12-08T18:45:00Z,2025-12-08T19:00:00Z,DOTUSDT|2025-12-08T18:45:00Z,2025-12-08T19:00:00Z,2.12,6.0,0,closed,realized,2025-12-08T20:53:59Z,2.140142857142857,stop_1m,,,-0.00950134770889477,-0.010689589512129283,,,-0.00950134770889477,-0.010689589512129283,113,0,1,0,0,atr,0.02014285714285711,1.75,1.0,8,3,1,2025-12-08T20:53:59Z,100.0,-1.0689589512129283,-0.010689589512129283,2025-12
rank32b-wldusdt-c480acf682499278,WLDUSDT,long,official_close,2025-12-08T20:45:00Z,2025-12-08T21:00:00Z,WLDUSDT|2025-12-08T20:45:00Z,2025-12-08T21:00:00Z,0.5919,6.0,0,closed,realized,2025-12-08T21:05:59Z,0.6001624999999999,target_1m,,,0.013959283662780875,0.012742897547727505,,,0.013959283662780875,0.012742897547727505,5,1,0,0,0,atr,0.004721428571428575,1.75,1.0,8,3,1,2025-12-08T21:05:59Z,100.0,1.2742897547727505,0.012742897547727505,2025-12
rank32b-actusdt-c34028d6eb166ce3,ACTUSDT,short,official_close,2025-12-08T21:00:00Z,2025-12-08T21:15:00Z,ACTUSDT|2025-12-08T21:00:00Z,2025-12-08T21:15:00Z,0.02144,6.0,0,closed,realized,2025-12-08T23:13:59Z,0.021115000000000002,target_1m,,,0.01515858208955223,0.013940757248134261,,,0.01515858208955223,0.013940757248134261,118,1,0,0,0,atr,0.00018571428571428534,1.75,1.0,8,3,1,2025-12-08T23:13:59Z,40.0,0.5576302899253704,0.013940757248134261,2025-12
rank32b-pippinusdt-8c171e8377a72db3,PIPPINUSDT,short,official_close,2025-12-08T23:00:00Z,2025-12-08T23:15:00Z,PIPPINUSDT|2025-12-08T23:00:00Z,2025-12-08T23:15:00Z,0.17805,6.0,0,closed,realized,2025-12-09T00:23:59Z,0.18196857142857145,stop_1m,,,-0.022008264131263333,-0.023181502137280985,,,-0.022008264131263333,-0.023181502137280985,68,0,1,0,0,atr,0.003918571428571426,1.75,1.0,8,3,1,2025-12-09T00:23:59Z,40.0,-0.9272600854912394,-0.023181502137280985,2025-12
rank32b-pippinusdt-704beeb583d11d4b,PIPPINUSDT,short,official_close,2025-12-09T01:30:00Z,2025-12-09T01:45:00Z,PIPPINUSDT|2025-12-09T01:30:00Z,2025-12-09T01:45:00Z,0.17766,6.0,0,closed,realized,2025-12-09T02:05:59Z,0.18206785714285717,stop_1m,,,-0.024810633473247634,-0.025980509644907834,,,-0.024810633473247634,-0.025980509644907834,20,0,1,0,0,atr,0.004407857142857144,1.75,1.0,8,3,1,2025-12-09T02:05:59Z,40.0,-1.0392203857963134,-0.025980509644907834,2025-12
rank32b-pippinusdt-b472d0fc0a0a8855,PIPPINUSDT,short,official_close,2025-12-09T02:45:00Z,2025-12-09T03:00:00Z,PIPPINUSDT|2025-12-09T02:45:00Z,2025-12-09T03:00:00Z,0.1778,6.0,0,closed,realized,2025-12-09T05:00:59Z,0.18106,timeout_1m,,,-0.018335208098987588,-0.01951285244994383,,,-0.018335208098987588,-0.01951285244994383,120,0,0,1,0,atr,0.004100714285714285,1.75,1.0,8,3,1,2025-12-09T05:00:59Z,40.0,-0.7805140979977532,-0.01951285244994383,2025-12
rank32b-zecusdt-3673835537051ae0,ZECUSDT,long,official_close,2025-12-09T03:30:00Z,2025-12-09T03:45:00Z,ZECUSDT|2025-12-09T03:30:00Z,2025-12-09T03:45:00Z,399.98,6.0,0,closed,realized,2025-12-09T05:09:59Z,393.70285714285717,stop_1m,,,-0.015693641824948368,-0.01687445510446961,,,-0.015693641824948368,-0.01687445510446961,84,0,1,0,0,atr,6.277142857142857,1.75,1.0,8,3,1,2025-12-09T05:09:59Z,100.0,-1.687445510446961,-0.01687445510446961,2025-12
rank32b-zecusdt-f661a2b651252a00,ZECUSDT,long,official_close,2025-12-09T05:30:00Z,2025-12-09T05:45:00Z,ZECUSDT|2025-12-09T05:30:00Z,2025-12-09T05:45:00Z,406.01,6.0,0,closed,realized,2025-12-09T06:48:59Z,417.22249999999997,target_1m,,,0.027616314869091774,0.02638354523312203,,,0.027616314869091774,0.02638354523312203,63,1,0,0,0,atr,6.407142857142857,1.75,1.0,8,3,1,2025-12-09T06:48:59Z,100.0,2.638354523312203,0.02638354523312203,2025-12
rank32b-wldusdt-39788451ea86a7fb,WLDUSDT,long,official_close,2025-12-09T07:15:00Z,2025-12-09T07:30:00Z,WLDUSDT|2025-12-09T07:15:00Z,2025-12-09T07:30:00Z,0.6039,6.0,0,closed,realized,2025-12-09T07:47:59Z,0.5982357142857143,stop_1m,,,-0.009379509379509265,-0.010567897344877286,,,-0.009379509379509265,-0.010567897344877286,17,0,1,0,0,atr,0.005664285714285717,1.75,1.0,8,3,1,2025-12-09T07:47:59Z,100.0,-1.0567897344877286,-0.010567897344877286,2025-12
rank32b-suiusdt-eabba428a51a080f,SUIUSDT,long,official_close,2025-12-09T10:15:00Z,2025-12-09T10:30:00Z,SUIUSDT|2025-12-09T10:15:00Z,2025-12-09T10:30:00Z,1.61,6.0,0,closed,realized,2025-12-09T10:39:59Z,1.6005285714285715,stop_1m,,,-0.0058828748890861204,-0.007075457557054299,,,-0.0058828748890861204,-0.007075457557054299,9,0,1,0,0,atr,0.009471428571428528,1.75,1.0,8,3,1,2025-12-09T10:39:59Z,100.0,-0.7075457557054299,-0.007075457557054299,2025-12
rank32b-brettusdt-dd849151275881c3,BRETTUSDT,short,official_close,2025-12-09T10:30:00Z,2025-12-09T10:45:00Z,BRETTUSDT|2025-12-09T10:30:00Z,2025-12-09T10:45:00Z,0.0181,6.0,0,closed,realized,2025-12-09T12:03:59Z,0.01824357142857143,stop_1m,,,-0.007932123125493185,-0.009122247433306918,,,-0.007932123125493185,-0.009122247433306918,78,0,1,0,0,atr,0.00014357142857142818,1.75,1.0,8,3,1,2025-12-09T12:03:59Z,40.0,-0.3648898973322767,-0.009122247433306918,2025-12
rank32b-wldusdt-0190cbe9ebfbdece,WLDUSDT,long,official_close,2025-12-09T12:00:00Z,2025-12-09T12:15:00Z,WLDUSDT|2025-12-09T12:00:00Z,2025-12-09T12:15:00Z,0.6002,6.0,0,closed,realized,2025-12-09T12:21:59Z,0.606375,target_1m,,,0.010288237254248545,0.009076255073308781,,,0.010288237254248545,0.009076255073308781,6,1,0,0,0,atr,0.0035285714285714365,1.75,1.0,8,3,1,2025-12-09T12:21:59Z,100.0,0.9076255073308781,0.009076255073308781,2025-12
rank32b-ltcusdt-4aaf054549f1952e,LTCUSDT,long,official_close,2025-12-09T12:15:00Z,2025-12-09T12:30:00Z,LTCUSDT|2025-12-09T12:15:00Z,2025-12-09T12:30:00Z,83.77,6.0,0,closed,realized,2025-12-09T13:16:59Z,84.30624999999999,target_1m,,,0.006401456368628322,0.005194136925510184,,,0.006401456368628322,0.005194136925510184,46,1,0,0,0,atr,0.30642857142856883,1.75,1.0,8,3,1,2025-12-09T13:16:59Z,100.0,0.5194136925510184,0.005194136925510184,2025-12
rank32b-actusdt-7aa51f079873dcdb,ACTUSDT,short,official_close,2025-12-09T13:00:00Z,2025-12-09T13:15:00Z,ACTUSDT|2025-12-09T13:00:00Z,2025-12-09T13:15:00Z,0.02104,6.0,0,closed,realized,2025-12-09T13:30:59Z,0.021170714285714286,stop_1m,,,-0.006212656165127672,-0.007404843214285917,,,-0.006212656165127672,-0.007404843214285917,15,0,1,0,0,atr,0.00013071428571428484,1.75,1.0,8,3,1,2025-12-09T13:30:59Z,40.0,-0.29619372857143667,-0.007404843214285917,2025-12
rank32b-1000pepeusdt-da919a09d3da85cd,1000PEPEUSDT,long,official_close,2025-12-09T13:15:00Z,2025-12-09T13:30:00Z,1000PEPEUSDT|2025-12-09T13:15:00Z,2025-12-09T13:30:00Z,0.004673,6.0,0,closed,realized,2025-12-09T13:35:59Z,0.00464675,stop_1m,,,-0.005617376417718867,-0.006810277588273239,,,-0.005617376417718867,-0.006810277588273239,5,0,1,0,0,atr,2.6249999999999923e-05,1.75,1.0,8,3,1,2025-12-09T13:35:59Z,40.0,-0.27241110353092957,-0.006810277588273239,2025-12
rank32b-aaveusdt-33820c6d5b00042a,AAVEUSDT,short,official_close,2025-12-09T13:30:00Z,2025-12-09T13:45:00Z,AAVEUSDT|2025-12-09T13:30:00Z,2025-12-09T13:45:00Z,187.94,6.0,0,closed,realized,2025-12-09T14:34:59Z,188.825,stop_1m,,,-0.0047089496647865214,-0.005902940620410746,,,-0.0047089496647865214,-0.005902940620410746,49,0,1,0,0,atr,0.884999999999999,1.75,1.0,8,3,1,2025-12-09T14:34:59Z,100.0,-0.5902940620410746,-0.005902940620410746,2025-12
rank32b-turbousdt-871890fb6f668e92,TURBOUSDT,short,official_close,2025-12-09T14:15:00Z,2025-12-09T14:30:00Z,TURBOUSDT|2025-12-09T14:15:00Z,2025-12-09T14:30:00Z,0.0021709,6.0,0,closed,realized,2025-12-09T15:01:59Z,0.0021855214285714285,stop_1m,,,-0.0067351921191343145,-0.007926752313260566,,,-0.0067351921191343145,-0.007926752313260566,31,0,1,0,0,atr,1.462142857142866e-05,1.75,1.0,8,3,1,2025-12-09T15:01:59Z,40.0,-0.3170700925304226,-0.007926752313260566,2025-12
rank32b-avaxusdt-b72b207b2fa8ed57,AVAXUSDT,long,official_close,2025-12-09T15:00:00Z,2025-12-09T15:15:00Z,AVAXUSDT|2025-12-09T15:00:00Z,2025-12-09T15:15:00Z,13.696,6.0,0,closed,realized,2025-12-09T15:29:59Z,13.836375,target_1m,,,0.010249342873831724,0.00903740735214642,,,0.010249342873831724,0.00903740735214642,14,1,0,0,0,atr,0.0802142857142858,1.75,1.0,8,3,1,2025-12-09T15:29:59Z,100.0,0.903740735214642,0.00903740735214642,2025-12
rank32b-tradoorusdt-cf79ba7149313c5e,TRADOORUSDT,long,official_close,2025-12-09T16:00:00Z,2025-12-09T16:15:00Z,TRADOORUSDT|2025-12-09T16:00:00Z,2025-12-09T16:15:00Z,1.564,6.0,0,closed,realized,2025-12-09T17:13:59Z,1.5485,stop_1m,,,-0.009910485933503854,-0.011098236918158588,,,-0.009910485933503854,-0.011098236918158588,58,0,1,0,0,atr,0.015500000000000022,1.75,1.0,8,3,1,2025-12-09T17:13:59Z,40.0,-0.44392947672634353,-0.011098236918158588,2025-12
rank32b-fartcoinusdt-b980e5ef7b45a68f,FARTCOINUSDT,short,official_close,2025-12-09T20:15:00Z,2025-12-09T20:30:00Z,FARTCOINUSDT|2025-12-09T20:15:00Z,2025-12-09T20:30:00Z,0.3733,6.0,0,closed,realized,2025-12-09T21:54:59Z,0.35845000000000005,target_1m,,,0.039780337530136545,0.038532975446021966,,,0.039780337530136545,0.038532975446021966,84,1,0,0,0,atr,0.008485714285714282,1.75,1.0,8,3,1,2025-12-09T21:54:59Z,40.0,1.5413190178408787,0.038532975446021966,2025-12
rank32b-bchusdt-cb70ee13ade73743,BCHUSDT,short,official_close,2025-12-10T01:00:00Z,2025-12-10T01:15:00Z,BCHUSDT|2025-12-10T01:00:00Z,2025-12-10T01:15:00Z,576.14,6.0,0,closed,realized,2025-12-10T03:15:59Z,576.1,timeout_1m,,,6.942756968786323e-05,-0.0011302957184017304,,,6.942756968786323e-05,-0.0011302957184017304,120,0,0,1,0,atr,3.837857142857128,1.75,1.0,8,3,1,2025-12-10T03:15:59Z,100.0,-0.11302957184017304,-0.0011302957184017304,2025-12
rank32b-beatusdt-5b139c6497c7b356,BEATUSDT,short,official_close,2025-12-10T03:45:00Z,2025-12-10T04:00:00Z,BEATUSDT|2025-12-10T03:45:00Z,2025-12-10T04:00:00Z,1.2533,6.0,0,closed,realized,2025-12-10T05:01:59Z,1.2803357142857144,stop_1m,,,-0.021571622345579078,-0.02274538416454852,,,-0.021571622345579078,-0.02274538416454852,61,0,1,0,0,atr,0.02703571428571429,1.75,1.0,8,3,1,2025-12-10T05:01:59Z,40.0,-0.9098153665819408,-0.02274538416454852,2025-12
rank32b-fartcoinusdt-b6a2cd241377c59a,FARTCOINUSDT,short,official_close,2025-12-10T06:00:00Z,2025-12-10T06:15:00Z,FARTCOINUSDT|2025-12-10T06:00:00Z,2025-12-10T06:15:00Z,0.3726,6.0,0,closed,realized,2025-12-10T07:31:59Z,0.36534999999999995,target_1m,,,0.019457863660762298,0.01823488122920014,,,0.019457863660762298,0.01823488122920014,76,1,0,0,0,atr,0.004142857142857147,1.75,1.0,8,3,1,2025-12-10T07:31:59Z,40.0,0.7293952491680056,0.01823488122920014,2025-12
rank32b-beatusdt-bbc792449da0ea9d,BEATUSDT,short,official_close,2025-12-10T07:00:00Z,2025-12-10T07:15:00Z,BEATUSDT|2025-12-10T07:00:00Z,2025-12-10T07:15:00Z,1.2543,6.0,0,closed,realized,2025-12-10T08:07:59Z,1.2855642857142857,stop_1m,,,-0.02492568421771968,-0.026095422369904808,,,-0.02492568421771968,-0.026095422369904808,52,0,1,0,0,atr,0.03126428571428573,1.75,1.0,8,3,1,2025-12-10T08:07:59Z,40.0,-1.0438168947961923,-0.026095422369904808,2025-12
rank32b-aaveusdt-731834b14fc8eca9,AAVEUSDT,long,official_close,2025-12-10T09:45:00Z,2025-12-10T10:00:00Z,AAVEUSDT|2025-12-10T09:45:00Z,2025-12-10T10:00:00Z,199.95,6.0,0,closed,realized,2025-12-10T10:03:59Z,201.515,target_1m,,,0.007826956739184876,0.006617927208802277,,,0.007826956739184876,0.006617927208802277,3,1,0,0,0,atr,0.894285714285713,1.75,1.0,8,3,1,2025-12-10T10:03:59Z,100.0,0.6617927208802277,0.006617927208802277,2025-12
rank32b-brettusdt-45e508c9118d5548,BRETTUSDT,short,official_close,2025-12-10T14:30:00Z,2025-12-10T14:45:00Z,BRETTUSDT|2025-12-10T14:30:00Z,2025-12-10T14:45:00Z,0.01847,6.0,0,closed,realized,2025-12-10T15:03:59Z,0.018637857142857144,stop_1m,,,-0.009088096527186895,-0.01027683408306912,,,-0.009088096527186895,-0.01027683408306912,18,0,1,0,0,atr,0.0001678571428571422,1.75,1.0,8,3,1,2025-12-10T15:03:59Z,40.0,-0.4110733633227648,-0.01027683408306912,2025-12
rank32b-aaveusdt-248ff96f5c1c8219,AAVEUSDT,long,official_close,2025-12-10T15:00:00Z,2025-12-10T15:15:00Z,AAVEUSDT|2025-12-10T15:00:00Z,2025-12-10T15:15:00Z,199.5,6.0,0,closed,realized,2025-12-10T15:20:59Z,198.33642857142857,stop_1m,,,-0.0058324382384532525,-0.0070250814122448935,,,-0.0058324382384532525,-0.0070250814122448935,5,0,1,0,0,atr,1.163571428571424,1.75,1.0,8,3,1,2025-12-10T15:20:59Z,100.0,-0.7025081412244893,-0.0070250814122448935,2025-12
rank32b-brettusdt-8ffa16916f2ed9bd,BRETTUSDT,short,official_close,2025-12-10T15:30:00Z,2025-12-10T15:45:00Z,BRETTUSDT|2025-12-10T15:30:00Z,2025-12-10T15:45:00Z,0.01844,6.0,0,closed,realized,2025-12-10T17:17:59Z,0.018630714285714285,stop_1m,,,-0.010342423303377535,-0.01152965611868595,,,-0.010342423303377535,-0.01152965611868595,92,0,1,0,0,atr,0.00019071428571428513,1.75,1.0,8,3,1,2025-12-10T17:17:59Z,40.0,-0.46118624474743797,-0.01152965611868595,2025-12
rank32b-zecusdt-8a73bb204c368e53,ZECUSDT,long,official_close,2025-12-10T16:15:00Z,2025-12-10T16:30:00Z,ZECUSDT|2025-12-10T16:15:00Z,2025-12-10T16:30:00Z,433.77,6.0,0,closed,realized,2025-12-10T18:18:59Z,428.275,stop_1m,,,-0.012668003780805459,-0.013852446736749902,,,-0.012668003780805459,-0.013852446736749902,108,0,1,0,0,atr,5.495000000000009,1.75,1.0,8,3,1,2025-12-10T18:18:59Z,100.0,-1.3852446736749902,-0.013852446736749902,2025-12
rank32b-1000pepeusdt-0bec569b449193bd,1000PEPEUSDT,long,official_close,2025-12-10T18:30:00Z,2025-12-10T18:45:00Z,1000PEPEUSDT|2025-12-10T18:30:00Z,2025-12-10T18:45:00Z,0.0048129,6.0,0,closed,realized,2025-12-10T19:00:59Z,0.0048870875,target_1m,,,0.015414303226744641,0.014196171612021802,,,0.015414303226744641,0.014196171612021802,15,1,0,0,0,atr,4.239285714285704e-05,1.75,1.0,8,3,1,2025-12-10T19:00:59Z,40.0,0.5678468644808721,0.014196171612021802,2025-12
rank32b-turbousdt-67ed60550819a4a8,TURBOUSDT,short,official_close,2025-12-10T19:15:00Z,2025-12-10T19:30:00Z,TURBOUSDT|2025-12-10T19:15:00Z,2025-12-10T19:30:00Z,0.002113,6.0,0,closed,realized,2025-12-10T19:34:59Z,0.0021332857142857143,stop_1m,,,-0.009600432695558103,-0.01078855563247938,,,-0.009600432695558103,-0.01078855563247938,4,0,1,0,0,atr,2.0285714285714408e-05,1.75,1.0,8,3,1,2025-12-10T19:34:59Z,40.0,-0.4315422252991752,-0.01078855563247938,2025-12
rank32b-turbousdt-45cc0ebc4e058246,TURBOUSDT,short,official_close,2025-12-10T20:45:00Z,2025-12-10T21:00:00Z,TURBOUSDT|2025-12-10T20:45:00Z,2025-12-10T21:00:00Z,0.0020941,6.0,0,closed,realized,2025-12-10T23:00:59Z,0.0020907,timeout_1m,,,0.0016236091877179781,0.0004220214411920775,,,0.0016236091877179781,0.0004220214411920775,120,0,0,1,0,atr,3.0257142857142926e-05,1.75,1.0,8,3,1,2025-12-10T23:00:59Z,40.0,0.0168808576476831,0.0004220214411920775,2025-12
rank32b-uniusdt-d683e5b29fb4e9b1,UNIUSDT,long,official_close,2025-12-10T22:30:00Z,2025-12-10T22:45:00Z,UNIUSDT|2025-12-10T22:30:00Z,2025-12-10T22:45:00Z,5.683,6.0,0,closed,realized,2025-12-10T23:58:59Z,5.599428571428572,stop_1m,,,-0.014705512681933541,-0.01588751136069988,,,-0.014705512681933541,-0.01588751136069988,73,0,1,0,0,atr,0.08357142857142856,1.75,1.0,8,3,1,2025-12-10T23:58:59Z,100.0,-1.588751136069988,-0.01588751136069988,2025-12
rank32b-tradoorusdt-c20d8f199bc1f56f,TRADOORUSDT,short,official_close,2025-12-11T01:15:00Z,2025-12-11T01:30:00Z,TRADOORUSDT|2025-12-11T01:15:00Z,2025-12-11T01:30:00Z,1.433,6.0,0,closed,realized,2025-12-11T01:55:59Z,1.4481428571428572,stop_1m,,,-0.010567241551191264,-0.011754204665536894,,,-0.010567241551191264,-0.011754204665536894,25,0,1,0,0,atr,0.015142857142857171,1.75,1.0,8,3,1,2025-12-11T01:55:59Z,40.0,-0.47016818662147575,-0.011754204665536894,2025-12
rank32b-pippinusdt-935ac8b9f1711bbd,PIPPINUSDT,long,official_close,2025-12-11T04:45:00Z,2025-12-11T05:00:00Z,PIPPINUSDT|2025-12-11T04:45:00Z,2025-12-11T05:00:00Z,0.33898,6.0,0,closed,realized,2025-12-11T07:00:59Z,0.34705,timeout_1m,,,0.023806714260428352,0.02257851477373274,,,0.023806714260428352,0.02257851477373274,120,0,0,1,0,atr,0.010205714285714282,1.75,1.0,8,3,1,2025-12-11T07:00:59Z,40.0,0.9031405909493095,0.02257851477373274,2025-12
rank32b-tradoorusdt-8f248c3c59d5a6d4,TRADOORUSDT,short,official_close,2025-12-11T11:45:00Z,2025-12-11T12:00:00Z,TRADOORUSDT|2025-12-11T11:45:00Z,2025-12-11T12:00:00Z,1.414,6.0,0,closed,realized,2025-12-11T13:03:59Z,1.4327142857142856,stop_1m,,,-0.01323499696908459,-0.014418759737320652,,,-0.01323499696908459,-0.014418759737320652,63,0,1,0,0,atr,0.018714285714285732,1.75,1.0,8,3,1,2025-12-11T13:03:59Z,40.0,-0.5767503894928261,-0.014418759737320652,2025-12
rank32b-pippinusdt-3fdf5cbbfd6be6c6,PIPPINUSDT,long,official_close,2025-12-11T15:00:00Z,2025-12-11T15:15:00Z,PIPPINUSDT|2025-12-11T15:00:00Z,2025-12-11T15:15:00Z,0.33784,6.0,0,closed,realized,2025-12-11T15:35:59Z,0.3289092857142857,stop_1m,,,-0.026434745103345647,-0.027602672925730043,,,-0.026434745103345647,-0.027602672925730043,20,0,1,0,0,atr,0.008930714285714288,1.75,1.0,8,3,1,2025-12-11T15:35:59Z,40.0,-1.1041069170292017,-0.027602672925730043,2025-12
rank32b-fartcoinusdt-946a8ea6e02a5309,FARTCOINUSDT,short,official_close,2025-12-11T15:30:00Z,2025-12-11T15:45:00Z,FARTCOINUSDT|2025-12-11T15:30:00Z,2025-12-11T15:45:00Z,0.3454,6.0,0,closed,realized,2025-12-11T17:45:59Z,0.3427,timeout_1m,,,0.007817023740590567,0.006608006126230137,,,0.007817023740590567,0.006608006126230137,120,0,0,1,0,atr,0.00527857142857143,1.75,1.0,8,3,1,2025-12-11T17:45:59Z,40.0,0.2643202450492055,0.006608006126230137,2025-12
rank32b-beatusdt-8057e0a7a86dfe65,BEATUSDT,long,official_close,2025-12-11T17:45:00Z,2025-12-11T18:00:00Z,BEATUSDT|2025-12-11T17:45:00Z,2025-12-11T18:00:00Z,1.7322,6.0,0,closed,realized,2025-12-11T20:00:59Z,1.7705,timeout_1m,,,0.02211061078397414,0.020884446010853264,,,0.02211061078397414,0.020884446010853264,120,0,0,1,0,atr,0.055242857142857114,1.75,1.0,8,3,1,2025-12-11T20:00:59Z,40.0,0.8353778404341305,0.020884446010853264,2025-12
rank32b-ethusdt-66e1a8b543b9a047,ETHUSDT,short,official_close,2025-12-11T19:45:00Z,2025-12-11T20:00:00Z,ETHUSDT|2025-12-11T19:45:00Z,2025-12-11T20:00:00Z,3192.69,6.0,0,closed,realized,2025-12-11T20:12:59Z,3217.220714285714,stop_1m,,,-0.007683399981117445,-0.008873822667164188,,,-0.007683399981117445,-0.008873822667164188,12,0,1,0,0,atr,24.530714285714243,1.75,1.0,8,3,1,2025-12-11T20:12:59Z,100.0,-0.8873822667164188,-0.008873822667164188,2025-12
rank32b-turbousdt-545cff4939913405,TURBOUSDT,short,official_close,2025-12-11T18:45:00Z,2025-12-11T19:00:00Z,TURBOUSDT|2025-12-11T18:45:00Z,2025-12-11T19:00:00Z,0.0020064,6.0,0,closed,realized,2025-12-11T20:57:59Z,0.0020242000000000003,stop_1m,,,-0.008871610845295086,-0.010060608106060798,,,-0.008871610845295086,-0.010060608106060798,117,0,1,0,0,atr,1.779999999999995e-05,1.75,1.0,8,3,1,2025-12-11T20:57:59Z,40.0,-0.4024243242424319,-0.010060608106060798,2025-12
rank32b-pippinusdt-7e2922ac1813723a,PIPPINUSDT,long,official_close,2025-12-11T22:45:00Z,2025-12-11T23:00:00Z,PIPPINUSDT|2025-12-11T22:45:00Z,2025-12-11T23:00:00Z,0.32602,6.0,0,closed,realized,2025-12-12T00:06:59Z,0.319625,stop_1m,,,-0.019615361020796196,-0.02079146964910128,,,-0.019615361020796196,-0.02079146964910128,66,0,1,0,0,atr,0.006395000000000004,1.75,1.0,8,3,1,2025-12-12T00:06:59Z,40.0,-0.8316587859640512,-0.02079146964910128,2025-12
rank32b-adausdt-eebddacbc343f0b2,ADAUSDT,short,official_close,2025-12-11T22:15:00Z,2025-12-11T22:30:00Z,ADAUSDT|2025-12-11T22:15:00Z,2025-12-11T22:30:00Z,0.4227,6.0,0,closed,realized,2025-12-12T00:20:59Z,0.4264071428571429,stop_1m,,,-0.008770151069654286,-0.009959270045625135,,,-0.008770151069654286,-0.009959270045625135,110,0,1,0,0,atr,0.003707142857142857,1.75,1.0,8,3,1,2025-12-12T00:20:59Z,100.0,-0.9959270045625135,-0.009959270045625135,2025-12
rank32b-nearusdt-6e91181c466182fa,NEARUSDT,short,official_close,2025-12-11T23:00:00Z,2025-12-11T23:15:00Z,NEARUSDT|2025-12-11T23:00:00Z,2025-12-11T23:15:00Z,1.671,6.0,0,closed,realized,2025-12-12T01:15:59Z,1.663,timeout_1m,,,0.004787552363853975,0.0035821690245361193,,,0.004787552363853975,0.0035821690245361193,120,0,0,1,0,atr,0.01735714285714288,1.75,1.0,8,3,1,2025-12-12T01:15:59Z,100.0,0.35821690245361193,0.0035821690245361193,2025-12
rank32b-turbousdt-51655df6876efb58,TURBOUSDT,short,official_close,2025-12-12T00:45:00Z,2025-12-12T01:00:00Z,TURBOUSDT|2025-12-12T00:45:00Z,2025-12-12T01:00:00Z,0.0020106,6.0,0,closed,realized,2025-12-12T01:19:59Z,0.002026957142857143,stop_1m,,,-0.008135453524889646,-0.009325333909423139,,,-0.008135453524889646,-0.009325333909423139,19,0,1,0,0,atr,1.635714285714286e-05,1.75,1.0,8,3,1,2025-12-12T01:19:59Z,40.0,-0.37301335637692556,-0.009325333909423139,2025-12
rank32b-pippinusdt-eff83a9615a1909b,PIPPINUSDT,long,official_close,2025-12-12T01:15:00Z,2025-12-12T01:30:00Z,PIPPINUSDT|2025-12-12T01:15:00Z,2025-12-12T01:30:00Z,0.32795,6.0,0,closed,realized,2025-12-12T02:18:59Z,0.3214835714285714,stop_1m,,,-0.019717727005423402,-0.020893712831398736,,,-0.019717727005423402,-0.020893712831398736,48,0,1,0,0,atr,0.006466428571428572,1.75,1.0,8,3,1,2025-12-12T02:18:59Z,40.0,-0.8357485132559495,-0.020893712831398736,2025-12
rank32b-adausdt-0370001643b27c21,ADAUSDT,short,official_close,2025-12-12T00:30:00Z,2025-12-12T00:45:00Z,ADAUSDT|2025-12-12T00:30:00Z,2025-12-12T00:45:00Z,0.4223,6.0,0,closed,realized,2025-12-12T02:45:59Z,0.4221,timeout_1m,,,0.0004735969689795283,-0.0007266111768884365,,,0.0004735969689795283,-0.0007266111768884365,120,0,0,1,0,atr,0.0030142857142857076,1.75,1.0,8,3,1,2025-12-12T02:45:59Z,100.0,-0.07266111768884365,-0.0007266111768884365,2025-12
rank32b-beatusdt-da61d2e679565966,BEATUSDT,long,official_close,2025-12-12T04:30:00Z,2025-12-12T04:45:00Z,BEATUSDT|2025-12-12T04:30:00Z,2025-12-12T04:45:00Z,1.767,6.0,0,closed,realized,2025-12-12T06:02:59Z,1.8913125,target_1m,,,0.07035229202037363,0.06906825459677424,,,0.07035229202037363,0.06906825459677424,77,1,0,0,0,atr,0.0710357142857143,1.75,1.0,8,3,1,2025-12-12T06:02:59Z,40.0,2.7627301838709695,0.06906825459677424,2025-12
rank32b-turbousdt-8c79b13715590aec,TURBOUSDT,short,official_close,2025-12-12T06:15:00Z,2025-12-12T06:30:00Z,TURBOUSDT|2025-12-12T06:15:00Z,2025-12-12T06:30:00Z,0.0020102,6.0,0,closed,realized,2025-12-12T08:30:59Z,0.0019933,timeout_1m,,,0.008407123669286753,0.007197398147448242,,,0.008407123669286753,0.007197398147448242,120,0,0,1,0,atr,1.0864285714285657e-05,1.75,1.0,8,3,1,2025-12-12T08:30:59Z,40.0,0.28789592589792967,0.007197398147448242,2025-12
rank32b-adausdt-0deae1329aed43fc,ADAUSDT,short,official_close,2025-12-12T09:15:00Z,2025-12-12T09:30:00Z,ADAUSDT|2025-12-12T09:15:00Z,2025-12-12T09:30:00Z,0.4213,6.0,0,closed,realized,2025-12-12T09:50:59Z,0.42352142857142855,stop_1m,,,-0.005272795090027316,-0.0064661096341256386,,,-0.005272795090027316,-0.0064661096341256386,20,0,1,0,0,atr,0.002221428571428561,1.75,1.0,8,3,1,2025-12-12T09:50:59Z,100.0,-0.6466109634125639,-0.0064661096341256386,2025-12
rank32b-pippinusdt-814e52afa0945844,PIPPINUSDT,long,official_close,2025-12-12T11:00:00Z,2025-12-12T11:15:00Z,PIPPINUSDT|2025-12-12T11:00:00Z,2025-12-12T11:15:00Z,0.34495,6.0,0,closed,realized,2025-12-12T11:22:59Z,0.3358014285714286,stop_1m,,,-0.026521442030936093,-0.027689265848218292,,,-0.026521442030936093,-0.027689265848218292,7,0,1,0,0,atr,0.009148571428571423,1.75,1.0,8,3,1,2025-12-12T11:22:59Z,40.0,-1.1075706339287317,-0.027689265848218292,2025-12
rank32b-beatusdt-32974e15532d2a66,BEATUSDT,long,official_close,2025-12-12T10:45:00Z,2025-12-12T11:00:00Z,BEATUSDT|2025-12-12T10:45:00Z,2025-12-12T11:00:00Z,1.8084,6.0,0,closed,realized,2025-12-12T12:04:59Z,1.7085285714285714,stop_1m,,,-0.05522640376654975,-0.056359791963535355,,,-0.05522640376654975,-0.056359791963535355,64,0,1,0,0,atr,0.09987142857142864,1.75,1.0,8,3,1,2025-12-12T12:04:59Z,40.0,-2.254391678541414,-0.056359791963535355,2025-12
rank32b-avaxusdt-318d7a725cd8fc2f,AVAXUSDT,short,official_close,2025-12-12T14:15:00Z,2025-12-12T14:30:00Z,AVAXUSDT|2025-12-12T14:15:00Z,2025-12-12T14:30:00Z,13.465,6.0,0,closed,realized,2025-12-12T14:31:59Z,13.515571428571429,stop_1m,,,-0.0037557689247254,-0.004950903354092651,,,-0.0037557689247254,-0.004950903354092651,1,0,1,0,0,atr,0.05057142857142859,1.75,1.0,8,3,1,2025-12-12T14:31:59Z,100.0,-0.49509033540926506,-0.004950903354092651,2025-12
rank32b-brettusdt-6e3da8611f7199a9,BRETTUSDT,short,official_close,2025-12-12T15:00:00Z,2025-12-12T15:15:00Z,BRETTUSDT|2025-12-12T15:00:00Z,2025-12-12T15:15:00Z,0.01724,6.0,0,closed,realized,2025-12-12T15:26:59Z,0.01699125,target_1m,,,0.014428654292343301,0.013211705101507931,,,0.014428654292343301,0.013211705101507931,11,1,0,0,0,atr,0.00014214285714285755,1.75,1.0,8,3,1,2025-12-12T15:26:59Z,40.0,0.5284682040603172,0.013211705101507931,2025-12
rank32b-beatusdt-e315ba9af81b3888,BEATUSDT,long,official_close,2025-12-12T15:15:00Z,2025-12-12T15:30:00Z,BEATUSDT|2025-12-12T15:15:00Z,2025-12-12T15:30:00Z,1.8432,6.0,0,closed,realized,2025-12-12T17:30:59Z,1.9076,timeout_1m,,,0.03493923611111116,0.033697681605902696,,,0.03493923611111116,0.033697681605902696,120,0,0,1,0,atr,0.15684285714285714,1.75,1.0,8,3,1,2025-12-12T17:30:59Z,40.0,1.3479072642361078,0.033697681605902696,2025-12
rank32b-zecusdt-2ccfaf1df2b85dff,ZECUSDT,long,official_close,2025-12-12T16:15:00Z,2025-12-12T16:30:00Z,ZECUSDT|2025-12-12T16:15:00Z,2025-12-12T16:30:00Z,456.72,6.0,0,closed,realized,2025-12-12T17:35:59Z,449.5757142857143,stop_1m,,,-0.015642594399819854,-0.016823468917874118,,,-0.015642594399819854,-0.016823468917874118,65,0,1,0,0,atr,7.144285714285717,1.75,1.0,8,3,1,2025-12-12T17:35:59Z,100.0,-1.6823468917874118,-0.016823468917874118,2025-12
rank32b-tradoorusdt-c5bf67f00900f2c7,TRADOORUSDT,short,official_close,2025-12-12T20:30:00Z,2025-12-12T20:45:00Z,TRADOORUSDT|2025-12-12T20:30:00Z,2025-12-12T20:45:00Z,1.375,6.0,0,closed,realized,2025-12-12T22:45:59Z,1.375,timeout_1m,,,-0.0,-0.0011996400000000573,,,-0.0,-0.0011996400000000573,120,0,0,1,0,atr,0.012785714285714242,1.75,1.0,8,3,1,2025-12-12T22:45:59Z,40.0,-0.04798560000000229,-0.0011996400000000573,2025-12
rank32b-dotusdt-3225ac9c65961521,DOTUSDT,short,official_close,2025-12-13T00:15:00Z,2025-12-13T00:30:00Z,DOTUSDT|2025-12-13T00:15:00Z,2025-12-13T00:30:00Z,2.007,6.0,0,closed,realized,2025-12-13T00:55:59Z,2.015357142857143,stop_1m,,,-0.004163997437540035,-0.005358642139654091,,,-0.004163997437540035,-0.005358642139654091,25,0,1,0,0,atr,0.008357142857142794,1.75,1.0,8,3,1,2025-12-13T00:55:59Z,100.0,-0.5358642139654091,-0.005358642139654091,2025-12
rank32b-zecusdt-468d5a0c68b30ee6,ZECUSDT,long,official_close,2025-12-13T00:00:00Z,2025-12-13T00:15:00Z,ZECUSDT|2025-12-13T00:00:00Z,2025-12-13T00:15:00Z,456.98,6.0,0,closed,realized,2025-12-13T02:15:59Z,459.29,timeout_1m,,,0.005054925817322475,0.003849221726114793,,,0.005054925817322475,0.003849221726114793,120,0,0,1,0,atr,3.9364285714285807,1.75,1.0,8,3,1,2025-12-13T02:15:59Z,100.0,0.3849221726114793,0.003849221726114793,2025-12
rank32b-suiusdt-4f39820a8346aa8c,SUIUSDT,short,official_close,2025-12-13T02:45:00Z,2025-12-13T03:00:00Z,SUIUSDT|2025-12-13T02:45:00Z,2025-12-13T03:00:00Z,1.574,6.0,0,closed,realized,2025-12-13T03:32:59Z,1.5804285714285715,stop_1m,,,-0.004084225812307052,-0.00527896621165358,,,-0.004084225812307052,-0.00527896621165358,32,0,1,0,0,atr,0.0064285714285714345,1.75,1.0,8,3,1,2025-12-13T03:32:59Z,100.0,-0.527896621165358,-0.00527896621165358,2025-12
rank32b-aaveusdt-a1cf5a858eaa9db6,AAVEUSDT,short,official_close,2025-12-13T06:00:00Z,2025-12-13T06:15:00Z,AAVEUSDT|2025-12-13T06:00:00Z,2025-12-13T06:15:00Z,194.22,6.0,0,closed,realized,2025-12-13T07:04:59Z,194.85285714285715,stop_1m,,,-0.0032584550656840072,-0.004454186092649026,,,-0.0032584550656840072,-0.004454186092649026,49,0,1,0,0,atr,0.6328571428571438,1.75,1.0,8,3,1,2025-12-13T07:04:59Z,100.0,-0.4454186092649026,-0.004454186092649026,2025-12
rank32b-solusdt-2b5ccab05c520024,SOLUSDT,short,official_close,2025-12-13T12:15:00Z,2025-12-13T12:30:00Z,SOLUSDT|2025-12-13T12:15:00Z,2025-12-13T12:30:00Z,132.87,6.0,0,closed,realized,2025-12-13T13:21:59Z,133.26285714285714,stop_1m,,,-0.0029567031147523792,-0.00415279613542785,,,-0.0029567031147523792,-0.00415279613542785,51,0,1,0,0,atr,0.39285714285714085,1.75,1.0,8,3,1,2025-12-13T13:21:59Z,100.0,-0.415279613542785,-0.00415279613542785,2025-12
rank32b-fartcoinusdt-d5ec1f6210aefe76,FARTCOINUSDT,long,official_close,2025-12-13T11:45:00Z,2025-12-13T12:00:00Z,FARTCOINUSDT|2025-12-13T11:45:00Z,2025-12-13T12:00:00Z,0.3706,6.0,0,closed,realized,2025-12-13T14:00:59Z,0.3719,timeout_1m,,,0.0035078251484079725,0.002303977021046899,,,0.0035078251484079725,0.002303977021046899,120,0,0,1,0,atr,0.002842857142857143,1.75,1.0,8,3,1,2025-12-13T14:00:59Z,40.0,0.09215908084187596,0.002303977021046899,2025-12
rank32b-adausdt-4ab1e9c001890f8c,ADAUSDT,short,official_close,2025-12-13T14:15:00Z,2025-12-13T14:30:00Z,ADAUSDT|2025-12-13T14:15:00Z,2025-12-13T14:30:00Z,0.4102,6.0,0,closed,realized,2025-12-13T14:39:59Z,0.4119714285714286,stop_1m,,,-0.0043184509298599405,-0.005512910343386523,,,-0.0043184509298599405,-0.005512910343386523,9,0,1,0,0,atr,0.0017714285714285707,1.75,1.0,8,3,1,2025-12-13T14:39:59Z,100.0,-0.5512910343386523,-0.005512910343386523,2025-12
rank32b-tradoorusdt-8e5fe44b4b4d5f29,TRADOORUSDT,short,official_close,2025-12-13T14:00:00Z,2025-12-13T14:15:00Z,TRADOORUSDT|2025-12-13T14:00:00Z,2025-12-13T14:15:00Z,1.374,6.0,0,closed,realized,2025-12-13T15:12:59Z,1.3577500000000002,target_1m,,,0.011826783114992634,0.010612955232896404,,,0.011826783114992634,0.010612955232896404,57,1,0,0,0,atr,0.0092857142857142,1.75,1.0,8,3,1,2025-12-13T15:12:59Z,40.0,0.42451820931585615,0.010612955232896404,2025-12
rank32b-pippinusdt-f74314aa4d19f733,PIPPINUSDT,short,official_close,2025-12-13T19:00:00Z,2025-12-13T19:15:00Z,PIPPINUSDT|2025-12-13T19:00:00Z,2025-12-13T19:15:00Z,0.31616,6.0,0,closed,realized,2025-12-13T19:40:59Z,0.32080214285714287,stop_1m,,,-0.014682891122035802,-0.015864916938530316,,,-0.014682891122035802,-0.015864916938530316,25,0,1,0,0,atr,0.004642142857142865,1.75,1.0,8,3,1,2025-12-13T19:40:59Z,40.0,-0.6345966775412126,-0.015864916938530316,2025-12
rank32b-beatusdt-4207a9940e24f3e5,BEATUSDT,long,official_close,2025-12-13T18:45:00Z,2025-12-13T19:00:00Z,BEATUSDT|2025-12-13T18:45:00Z,2025-12-13T19:00:00Z,2.5029,6.0,0,closed,realized,2025-12-13T20:02:59Z,2.3973,stop_1m,,,-0.04219105837228809,-0.04334008429102243,,,-0.04219105837228809,-0.04334008429102243,62,0,1,0,0,atr,0.10560000000000007,1.75,1.0,8,3,1,2025-12-13T20:02:59Z,40.0,-1.7336033716408972,-0.04334008429102243,2025-12
rank32b-beatusdt-84073eab44767c9c,BEATUSDT,long,official_close,2025-12-13T21:00:00Z,2025-12-13T21:15:00Z,BEATUSDT|2025-12-13T21:00:00Z,2025-12-13T21:15:00Z,2.4651,6.0,0,closed,realized,2025-12-13T21:54:59Z,2.403514285714286,stop_1m,,,-0.024983049079434605,-0.026152718414437004,,,-0.024983049079434605,-0.026152718414437004,39,0,1,0,0,atr,0.06158571428571429,1.75,1.0,8,3,1,2025-12-13T21:54:59Z,40.0,-1.0461087365774802,-0.026152718414437004,2025-12
rank32b-turbousdt-622a4aa28f0540e9,TURBOUSDT,long,official_close,2025-12-14T02:00:00Z,2025-12-14T02:15:00Z,TURBOUSDT|2025-12-14T02:00:00Z,2025-12-14T02:15:00Z,0.0020448,6.0,0,closed,realized,2025-12-14T04:15:59Z,0.0020521,timeout_1m,,,0.0035700312989046523,0.0023661085465571663,,,0.0035700312989046523,0.0023661085465571663,120,0,0,1,0,atr,1.3957142857142864e-05,1.75,1.0,8,3,1,2025-12-14T04:15:59Z,40.0,0.09464434186228665,0.0023661085465571663,2025-12
rank32b-turbousdt-1c71a0954467b9d5,TURBOUSDT,long,official_close,2025-12-14T06:45:00Z,2025-12-14T07:00:00Z,TURBOUSDT|2025-12-14T06:45:00Z,2025-12-14T07:00:00Z,0.0020522,6.0,0,closed,realized,2025-12-14T07:11:59Z,0.00207785,target_1m,,,0.012498781795146519,0.011284147756553509,,,0.012498781795146519,0.011284147756553509,11,1,0,0,0,atr,1.4657142857142857e-05,1.75,1.0,8,3,1,2025-12-14T07:11:59Z,40.0,0.45136591026214035,0.011284147756553509,2025-12
rank32b-tradoorusdt-91f87d7307ccd35f,TRADOORUSDT,short,official_close,2025-12-14T11:00:00Z,2025-12-14T11:15:00Z,TRADOORUSDT|2025-12-14T11:00:00Z,2025-12-14T11:15:00Z,1.318,6.0,0,closed,realized,2025-12-14T11:39:59Z,1.3302142857142858,stop_1m,,,-0.009267288098851134,-0.010455810689356415,,,-0.009267288098851134,-0.010455810689356415,24,0,1,0,0,atr,0.012214285714285717,1.75,1.0,8,3,1,2025-12-14T11:39:59Z,40.0,-0.4182324275742566,-0.010455810689356415,2025-12
rank32b-actusdt-b2904fa78d428a06,ACTUSDT,long,official_close,2025-12-14T12:00:00Z,2025-12-14T12:15:00Z,ACTUSDT|2025-12-14T12:00:00Z,2025-12-14T12:15:00Z,0.02091,6.0,0,closed,realized,2025-12-14T12:42:59Z,0.02128,target_1m,,,0.017694882831181147,0.016474015341941595,,,0.017694882831181147,0.016474015341941595,27,1,0,0,0,atr,0.00021142857142857148,1.75,1.0,8,3,1,2025-12-14T12:42:59Z,40.0,0.6589606136776638,0.016474015341941595,2025-12
rank32b-turbousdt-3c10d4d7e1cc91fa,TURBOUSDT,long,official_close,2025-12-14T14:00:00Z,2025-12-14T14:15:00Z,TURBOUSDT|2025-12-14T14:00:00Z,2025-12-14T14:15:00Z,0.0020567,6.0,0,closed,realized,2025-12-14T14:20:59Z,0.0020960375,target_1m,,,0.01912651334662341,0.01790392841615218,,,0.01912651334662341,0.01790392841615218,5,1,0,0,0,atr,2.2478571428571474e-05,1.75,1.0,8,3,1,2025-12-14T14:20:59Z,40.0,0.7161571366460873,0.01790392841615218,2025-12
rank32b-turbousdt-f016a2c2c7833a58,TURBOUSDT,long,official_close,2025-12-14T15:30:00Z,2025-12-14T15:45:00Z,TURBOUSDT|2025-12-14T15:30:00Z,2025-12-14T15:45:00Z,0.0020663,6.0,0,closed,realized,2025-12-14T16:00:59Z,0.002043607142857143,stop_1m,,,-0.010982363230342629,-0.012168828348117056,,,-0.010982363230342629,-0.012168828348117056,15,0,1,0,0,atr,2.2692857142857155e-05,1.75,1.0,8,3,1,2025-12-14T16:00:59Z,40.0,-0.4867531339246822,-0.012168828348117056,2025-12
rank32b-pippinusdt-6a82e6cf52d8c04d,PIPPINUSDT,long,official_close,2025-12-14T16:00:00Z,2025-12-14T16:15:00Z,PIPPINUSDT|2025-12-14T16:00:00Z,2025-12-14T16:15:00Z,0.34301,6.0,0,closed,realized,2025-12-14T16:28:59Z,0.3533925,target_1m,,,0.030268796828080813,0.029032845168653898,,,0.030268796828080813,0.029032845168653898,13,1,0,0,0,atr,0.005932857142857136,1.75,1.0,8,3,1,2025-12-14T16:28:59Z,40.0,1.161313806746156,0.029032845168653898,2025-12
rank32b-turbousdt-7e3719a1f45b027a,TURBOUSDT,long,official_close,2025-12-14T18:45:00Z,2025-12-14T19:00:00Z,TURBOUSDT|2025-12-14T18:45:00Z,2025-12-14T19:00:00Z,0.0020583,6.0,0,closed,realized,2025-12-14T19:18:59Z,0.0020374285714285715,stop_1m,,,-0.010140129510483598,-0.011327605005517771,,,-0.010140129510483598,-0.011327605005517771,18,0,1,0,0,atr,2.087142857142853e-05,1.75,1.0,8,3,1,2025-12-14T19:18:59Z,40.0,-0.45310420022071085,-0.011327605005517771,2025-12
rank32b-tradoorusdt-5dce3a1206d682d7,TRADOORUSDT,short,official_close,2025-12-14T19:30:00Z,2025-12-14T19:45:00Z,TRADOORUSDT|2025-12-14T19:30:00Z,2025-12-14T19:45:00Z,1.333,6.0,0,closed,realized,2025-12-14T21:41:59Z,1.350142857142857,stop_1m,,,-0.012860357946629541,-0.014044570146822477,,,-0.012860357946629541,-0.014044570146822477,116,0,1,0,0,atr,0.017142857142857158,1.75,1.0,8,3,1,2025-12-14T21:41:59Z,40.0,-0.5617828058728991,-0.014044570146822477,2025-12
rank32b-beatusdt-e0948c40742b0c52,BEATUSDT,short,official_close,2025-12-14T20:00:00Z,2025-12-14T20:15:00Z,BEATUSDT|2025-12-14T20:00:00Z,2025-12-14T20:15:00Z,1.7729,6.0,0,closed,realized,2025-12-14T22:15:59Z,1.6766,timeout_1m,,,0.05431778442100499,0.053052982634102186,,,0.05431778442100499,0.053052982634102186,120,0,0,1,0,atr,0.12699999999999997,1.75,1.0,8,3,1,2025-12-14T22:15:59Z,40.0,2.1221193053640874,0.053052982634102186,2025-12
rank32b-actusdt-6857c941f3c7fd35,ACTUSDT,long,official_close,2025-12-15T01:45:00Z,2025-12-15T02:00:00Z,ACTUSDT|2025-12-15T01:45:00Z,2025-12-15T02:00:00Z,0.02064,6.0,0,closed,realized,2025-12-15T02:20:59Z,0.020986249999999998,target_1m,,,0.016775678294573604,0.015555913519864184,,,0.016775678294573604,0.015555913519864184,20,1,0,0,0,atr,0.00019785714285714347,1.75,1.0,8,3,1,2025-12-15T02:20:59Z,40.0,0.6222365407945674,0.015555913519864184,2025-12
rank32b-pippinusdt-4fbea06e001b2869,PIPPINUSDT,long,official_close,2025-12-15T01:00:00Z,2025-12-15T01:15:00Z,PIPPINUSDT|2025-12-15T01:00:00Z,2025-12-15T01:15:00Z,0.34774,6.0,0,closed,realized,2025-12-15T02:49:59Z,0.357505,target_1m,,,0.028081325127969237,0.02684799764709256,,,0.028081325127969237,0.02684799764709256,94,1,0,0,0,atr,0.005580000000000002,1.75,1.0,8,3,1,2025-12-15T02:49:59Z,40.0,1.0739199058837023,0.02684799764709256,2025-12
rank32b-zecusdt-922c4effca97b997,ZECUSDT,short,official_close,2025-12-15T02:00:00Z,2025-12-15T02:15:00Z,ZECUSDT|2025-12-15T02:00:00Z,2025-12-15T02:15:00Z,408.71,6.0,0,closed,realized,2025-12-15T03:01:59Z,397.8025,target_1m,,,0.026687626923735608,0.025455971378972597,,,0.026687626923735608,0.025455971378972597,46,1,0,0,0,atr,6.232857142857138,1.75,1.0,8,3,1,2025-12-15T03:01:59Z,100.0,2.5455971378972597,0.025455971378972597,2025-12
rank32b-tradoorusdt-c26c2d955e95acaa,TRADOORUSDT,short,official_close,2025-12-15T02:45:00Z,2025-12-15T03:00:00Z,TRADOORUSDT|2025-12-15T02:45:00Z,2025-12-15T03:00:00Z,1.333,6.0,0,closed,realized,2025-12-15T04:12:59Z,1.3440714285714286,stop_1m,,,-0.008305647840531671,-0.00949532405315634,,,-0.008305647840531671,-0.00949532405315634,72,0,1,0,0,atr,0.01107142857142859,1.75,1.0,8,3,1,2025-12-15T04:12:59Z,40.0,-0.3798129621262536,-0.00949532405315634,2025-12
rank32b-turbousdt-05e6a31a507f6863,TURBOUSDT,short,official_close,2025-12-15T03:00:00Z,2025-12-15T03:15:00Z,TURBOUSDT|2025-12-15T03:00:00Z,2025-12-15T03:15:00Z,0.0020101,6.0,0,closed,realized,2025-12-15T05:15:59Z,0.002,timeout_1m,,,0.005024625640515312,0.0038189578986118633,,,0.005024625640515312,0.0038189578986118633,120,0,0,1,0,atr,1.644285714285713e-05,1.75,1.0,8,3,1,2025-12-15T05:15:59Z,40.0,0.15275831594447453,0.0038189578986118633,2025-12
rank32b-fartcoinusdt-68c33d2ac7ac28c0,FARTCOINUSDT,short,official_close,2025-12-15T08:45:00Z,2025-12-15T09:00:00Z,FARTCOINUSDT|2025-12-15T08:45:00Z,2025-12-15T09:00:00Z,0.3509,6.0,0,closed,realized,2025-12-15T09:49:59Z,0.3538642857142857,stop_1m,,,-0.008447665187476971,-0.009637171030411507,,,-0.008447665187476971,-0.009637171030411507,49,0,1,0,0,atr,0.002964285714285709,1.75,1.0,8,3,1,2025-12-15T09:49:59Z,40.0,-0.38548684121646026,-0.009637171030411507,2025-12
rank32b-brettusdt-d862ede9a60094e3,BRETTUSDT,short,official_close,2025-12-15T09:15:00Z,2025-12-15T09:30:00Z,BRETTUSDT|2025-12-15T09:15:00Z,2025-12-15T09:30:00Z,0.01624,6.0,0,closed,realized,2025-12-15T09:51:59Z,0.016342857142857145,stop_1m,,,-0.006333567909922566,-0.007525609908515141,,,-0.006333567909922566,-0.007525609908515141,21,0,1,0,0,atr,0.00010285714285714288,1.75,1.0,8,3,1,2025-12-15T09:51:59Z,40.0,-0.3010243963406056,-0.007525609908515141,2025-12
rank32b-tradoorusdt-d7ec5616395f45dc,TRADOORUSDT,short,official_close,2025-12-15T08:15:00Z,2025-12-15T08:30:00Z,TRADOORUSDT|2025-12-15T08:15:00Z,2025-12-15T08:30:00Z,1.332,6.0,0,closed,realized,2025-12-15T10:30:59Z,1.328,timeout_1m,,,0.0030030030030030463,0.0017997604804804723,,,0.0030030030030030463,0.0017997604804804723,120,0,0,1,0,atr,0.010928571428571494,1.75,1.0,8,3,1,2025-12-15T10:30:59Z,40.0,0.07199041921921889,0.0017997604804804723,2025-12
rank32b-brettusdt-c6e6594e972076ef,BRETTUSDT,short,official_close,2025-12-15T13:00:00Z,2025-12-15T13:15:00Z,BRETTUSDT|2025-12-15T13:00:00Z,2025-12-15T13:15:00Z,0.01616,6.0,0,closed,realized,2025-12-15T13:33:59Z,0.015946250000000002,target_1m,,,0.013227103960395947,0.012011596197400776,,,0.013227103960395947,0.012011596197400776,18,1,0,0,0,atr,0.00012214285714285663,1.75,1.0,8,3,1,2025-12-15T13:33:59Z,40.0,0.480463847896031,0.012011596197400776,2025-12
rank32b-zecusdt-2c3393d6eae9a6bb,ZECUSDT,short,official_close,2025-12-15T13:30:00Z,2025-12-15T13:45:00Z,ZECUSDT|2025-12-15T13:30:00Z,2025-12-15T13:45:00Z,407.23,6.0,0,closed,realized,2025-12-15T14:02:59Z,410.75,stop_1m,,,-0.008643763966308837,-0.009833034561304466,,,-0.008643763966308837,-0.009833034561304466,17,0,1,0,0,atr,3.519999999999994,1.75,1.0,8,3,1,2025-12-15T14:02:59Z,100.0,-0.9833034561304466,-0.009833034561304466,2025-12
rank32b-uniusdt-541fb4f8edbc0ae3,UNIUSDT,short,official_close,2025-12-15T13:15:00Z,2025-12-15T13:30:00Z,UNIUSDT|2025-12-15T13:15:00Z,2025-12-15T13:30:00Z,5.367,6.0,0,closed,realized,2025-12-15T14:15:59Z,5.392214285714286,stop_1m,,,-0.0046980223056243275,-0.005892026370145742,,,-0.0046980223056243275,-0.005892026370145742,45,0,1,0,0,atr,0.025214285714285696,1.75,1.0,8,3,1,2025-12-15T14:15:59Z,100.0,-0.5892026370145742,-0.005892026370145742,2025-12
rank32b-tradoorusdt-beae4f96ac1e0c0b,TRADOORUSDT,short,official_close,2025-12-15T13:45:00Z,2025-12-15T14:00:00Z,TRADOORUSDT|2025-12-15T13:45:00Z,2025-12-15T14:00:00Z,1.322,6.0,0,closed,realized,2025-12-15T14:39:59Z,1.303125,target_1m,,,0.014277609682299519,0.013060841690620384,,,0.014277609682299519,0.013060841690620384,39,1,0,0,0,atr,0.010785714285714303,1.75,1.0,8,3,1,2025-12-15T14:39:59Z,40.0,0.5224336676248154,0.013060841690620384,2025-12
rank32b-adausdt-43eae408c820dd81,ADAUSDT,short,official_close,2025-12-15T14:45:00Z,2025-12-15T15:00:00Z,ADAUSDT|2025-12-15T14:45:00Z,2025-12-15T15:00:00Z,0.3923,6.0,0,closed,realized,2025-12-15T15:16:59Z,0.38715,target_1m,,,0.013127708386438952,0.011912319862350085,,,0.013127708386438952,0.011912319862350085,16,1,0,0,0,atr,0.002942857142857136,1.75,1.0,8,3,1,2025-12-15T15:16:59Z,100.0,1.1912319862350085,0.011912319862350085,2025-12
rank32b-zecusdt-974d6ea27a071fda,ZECUSDT,short,official_close,2025-12-15T17:45:00Z,2025-12-15T18:00:00Z,ZECUSDT|2025-12-15T17:45:00Z,2025-12-15T18:00:00Z,407.06,6.0,0,closed,realized,2025-12-15T18:04:59Z,395.40749999999997,target_1m,,,0.028626001080921837,0.0273920201849851,,,0.028626001080921837,0.0273920201849851,4,1,0,0,0,atr,6.658571428571435,1.75,1.0,8,3,1,2025-12-15T18:04:59Z,100.0,2.73920201849851,0.0273920201849851,2025-12
rank32b-beatusdt-9f4ac79a9acb2d60,BEATUSDT,long,official_close,2025-12-16T01:45:00Z,2025-12-16T02:00:00Z,BEATUSDT|2025-12-16T01:45:00Z,2025-12-16T02:00:00Z,2.8174,6.0,0,closed,realized,2025-12-16T02:24:59Z,3.0575125,target_1m,,,0.08522485270107194,0.08392297355877743,,,0.08522485270107194,0.08392297355877743,24,1,0,0,0,atr,0.1372071428571429,1.75,1.0,8,3,1,2025-12-16T02:24:59Z,40.0,3.356918942351097,0.08392297355877743,2025-12
rank32b-aaveusdt-2104082ad4931a60,AAVEUSDT,short,official_close,2025-12-16T03:30:00Z,2025-12-16T03:45:00Z,AAVEUSDT|2025-12-16T03:30:00Z,2025-12-16T03:45:00Z,187.53,6.0,0,closed,realized,2025-12-16T04:34:59Z,184.78375,target_1m,,,0.014644323574894647,0.01342711565856125,,,0.014644323574894647,0.01342711565856125,49,1,0,0,0,atr,1.5692857142857162,1.75,1.0,8,3,1,2025-12-16T04:34:59Z,100.0,1.342711565856125,0.01342711565856125,2025-12
rank32b-beatusdt-f922f504d2c1014f,BEATUSDT,long,official_close,2025-12-16T03:45:00Z,2025-12-16T04:00:00Z,BEATUSDT|2025-12-16T03:45:00Z,2025-12-16T04:00:00Z,2.8126,6.0,0,closed,realized,2025-12-16T06:00:59Z,2.8246,timeout_1m,,,0.004266514968356727,0.0030617566863400114,,,0.004266514968356727,0.0030617566863400114,120,0,0,1,0,atr,0.16275714285714285,1.75,1.0,8,3,1,2025-12-16T06:00:59Z,40.0,0.12247026745360046,0.0030617566863400114,2025-12
rank32b-beatusdt-fa33888c4da47aed,BEATUSDT,long,official_close,2025-12-16T06:30:00Z,2025-12-16T06:45:00Z,BEATUSDT|2025-12-16T06:30:00Z,2025-12-16T06:45:00Z,2.8487,6.0,0,closed,realized,2025-12-16T08:12:59Z,3.0369125,target_1m,,,0.06606961069961748,0.06479071095183775,,,0.06606961069961748,0.06479071095183775,87,1,0,0,0,atr,0.10755,1.75,1.0,8,3,1,2025-12-16T08:12:59Z,40.0,2.59162843807351,0.06479071095183775,2025-12
rank32b-tradoorusdt-2ff31b6073da460a,TRADOORUSDT,short,official_close,2025-12-16T07:15:00Z,2025-12-16T07:30:00Z,TRADOORUSDT|2025-12-16T07:15:00Z,2025-12-16T07:30:00Z,1.266,6.0,0,closed,realized,2025-12-16T09:02:59Z,1.2792142857142856,stop_1m,,,-0.010437824418866981,-0.01162494278718118,,,-0.010437824418866981,-0.01162494278718118,92,0,1,0,0,atr,0.013214285714285703,1.75,1.0,8,3,1,2025-12-16T09:02:59Z,40.0,-0.4649977114872472,-0.01162494278718118,2025-12
rank32b-turbousdt-ad4ad10000a6baf2,TURBOUSDT,short,official_close,2025-12-16T10:45:00Z,2025-12-16T11:00:00Z,TURBOUSDT|2025-12-16T10:45:00Z,2025-12-16T11:00:00Z,0.0019045,6.0,0,closed,realized,2025-12-16T11:25:59Z,0.0019197714285714286,stop_1m,,,-0.008018602557851695,-0.009208623121479298,,,-0.008018602557851695,-0.009208623121479298,25,0,1,0,0,atr,1.527142857142861e-05,1.75,1.0,8,3,1,2025-12-16T11:25:59Z,40.0,-0.3683449248591719,-0.009208623121479298,2025-12
rank32b-ethusdt-77f6b53e27cd3575,ETHUSDT,short,official_close,2025-12-16T13:30:00Z,2025-12-16T13:45:00Z,ETHUSDT|2025-12-16T13:30:00Z,2025-12-16T13:45:00Z,2931.23,6.0,0,closed,realized,2025-12-16T14:01:59Z,2900.24,target_1m,,,0.010572353585355021,0.009360030567099775,,,0.010572353585355021,0.009360030567099775,16,1,0,0,0,atr,17.708571428571435,1.75,1.0,8,3,1,2025-12-16T14:01:59Z,100.0,0.9360030567099775,0.009360030567099775,2025-12
rank32b-solusdt-800aa50d2e36c190,SOLUSDT,short,official_close,2025-12-16T13:45:00Z,2025-12-16T14:00:00Z,SOLUSDT|2025-12-16T13:45:00Z,2025-12-16T14:00:00Z,126.69,6.0,0,closed,realized,2025-12-16T14:06:59Z,127.59428571428572,stop_1m,,,-0.007137782889618194,-0.008328860119752646,,,-0.007137782889618194,-0.008328860119752646,6,0,1,0,0,atr,0.9042857142857181,1.75,1.0,8,3,1,2025-12-16T14:06:59Z,100.0,-0.8328860119752646,-0.008328860119752646,2025-12
rank32b-brettusdt-9c9489abfefc1246,BRETTUSDT,short,official_close,2025-12-16T16:30:00Z,2025-12-16T16:45:00Z,BRETTUSDT|2025-12-16T16:30:00Z,2025-12-16T16:45:00Z,0.01512,6.0,0,closed,realized,2025-12-16T18:45:59Z,0.01531,timeout_1m,,,-0.01256613756613767,-0.013750702724868002,,,-0.01256613756613767,-0.013750702724868002,120,0,0,1,0,atr,0.00024571428571428585,1.75,1.0,8,3,1,2025-12-16T18:45:59Z,40.0,-0.5500281089947201,-0.013750702724868002,2025-12
rank32b-avaxusdt-f730deeb0750b0b4,AVAXUSDT,short,official_close,2025-12-16T17:15:00Z,2025-12-16T17:30:00Z,AVAXUSDT|2025-12-16T17:15:00Z,2025-12-16T17:30:00Z,12.235,6.0,0,closed,realized,2025-12-16T19:30:59Z,12.238,timeout_1m,,,-0.0002451982018798482,-0.0014445440523089825,,,-0.0002451982018798482,-0.0014445440523089825,120,0,0,1,0,atr,0.11885714285714309,1.75,1.0,8,3,1,2025-12-16T19:30:59Z,100.0,-0.14445440523089825,-0.0014445440523089825,2025-12
rank32b-brettusdt-0ed72fdae029e902,BRETTUSDT,short,official_close,2025-12-16T19:00:00Z,2025-12-16T19:15:00Z,BRETTUSDT|2025-12-16T19:00:00Z,2025-12-16T19:15:00Z,0.01503,6.0,0,closed,realized,2025-12-16T19:51:59Z,0.01520357142857143,stop_1m,,,-0.011548331907613285,-0.012734118066723754,,,-0.011548331907613285,-0.012734118066723754,36,0,1,0,0,atr,0.00017357142857142845,1.75,1.0,8,3,1,2025-12-16T19:51:59Z,40.0,-0.5093647226689502,-0.012734118066723754,2025-12
rank32b-brettusdt-e74ef2344dc69602,BRETTUSDT,short,official_close,2025-12-17T00:00:00Z,2025-12-17T00:15:00Z,BRETTUSDT|2025-12-17T00:00:00Z,2025-12-17T00:15:00Z,0.01504,6.0,0,closed,realized,2025-12-17T01:04:59Z,0.015142857142857142,stop_1m,,,-0.006838905775075954,-0.008030341550152031,,,-0.006838905775075954,-0.008030341550152031,49,0,1,0,0,atr,0.00010285714285714263,1.75,1.0,8,3,1,2025-12-17T01:04:59Z,40.0,-0.32121366200608126,-0.008030341550152031,2025-12
rank32b-brettusdt-0c4cc76f59f436e7,BRETTUSDT,short,official_close,2025-12-17T01:30:00Z,2025-12-17T01:45:00Z,BRETTUSDT|2025-12-17T01:30:00Z,2025-12-17T01:45:00Z,0.01512,6.0,0,closed,realized,2025-12-17T02:16:59Z,0.01494875,target_1m,,,0.011326058201058142,0.010112831008597611,,,0.011326058201058142,0.010112831008597611,31,1,0,0,0,atr,9.785714285714259e-05,1.75,1.0,8,3,1,2025-12-17T02:16:59Z,40.0,0.40451324034390446,0.010112831008597611,2025-12
rank32b-zecusdt-895887b0fbcf5c71,ZECUSDT,short,official_close,2025-12-17T02:30:00Z,2025-12-17T02:45:00Z,ZECUSDT|2025-12-17T02:30:00Z,2025-12-17T02:45:00Z,398.12,6.0,0,closed,realized,2025-12-17T03:07:59Z,401.29785714285714,stop_1m,,,-0.007982159004463751,-0.009172223287235659,,,-0.007982159004463751,-0.009172223287235659,22,0,1,0,0,atr,3.177857142857152,1.75,1.0,8,3,1,2025-12-17T03:07:59Z,100.0,-0.9172223287235659,-0.009172223287235659,2025-12
rank32b-beatusdt-c139b085915bc5b8,BEATUSDT,short,official_close,2025-12-17T04:15:00Z,2025-12-17T04:30:00Z,BEATUSDT|2025-12-17T04:15:00Z,2025-12-17T04:30:00Z,2.0735,6.0,0,closed,realized,2025-12-17T04:41:59Z,1.8093750000000002,target_1m,,,0.12738123945020496,0.12602878782011073,,,0.12738123945020496,0.12602878782011073,11,1,0,0,0,atr,0.15092857142857138,1.75,1.0,8,3,1,2025-12-17T04:41:59Z,40.0,5.041151512804429,0.12602878782011073,2025-12
rank32b-bchusdt-717cec663f11cfb8,BCHUSDT,short,official_close,2025-12-17T07:00:00Z,2025-12-17T07:15:00Z,BCHUSDT|2025-12-17T07:00:00Z,2025-12-17T07:15:00Z,541.97,6.0,0,closed,realized,2025-12-17T07:25:59Z,543.9807142857143,stop_1m,,,-0.003710010306316347,-0.0049051996295524924,,,-0.003710010306316347,-0.0049051996295524924,10,0,1,0,0,atr,2.0107142857142923,1.75,1.0,8,3,1,2025-12-17T07:25:59Z,100.0,-0.49051996295524924,-0.0049051996295524924,2025-12
rank32b-beatusdt-d51eb7dece186542,BEATUSDT,short,official_close,2025-12-17T09:15:00Z,2025-12-17T09:30:00Z,BEATUSDT|2025-12-17T09:15:00Z,2025-12-17T09:30:00Z,1.9662,6.0,0,closed,realized,2025-12-17T09:43:59Z,2.1101714285714284,stop_1m,,,-0.07322318613133372,-0.07433498466832322,,,-0.07322318613133372,-0.07433498466832322,13,0,1,0,0,atr,0.1439714285714286,1.75,1.0,8,3,1,2025-12-17T09:43:59Z,40.0,-2.973399386732929,-0.07433498466832322,2025-12
rank32b-beatusdt-514e7924104ef443,BEATUSDT,short,official_close,2025-12-17T10:15:00Z,2025-12-17T10:30:00Z,BEATUSDT|2025-12-17T10:15:00Z,2025-12-17T10:30:00Z,2.0967,6.0,0,closed,realized,2025-12-17T10:36:59Z,2.2394071428571425,stop_1m,,,-0.06806273804413743,-0.06918072726107027,,,-0.06806273804413743,-0.06918072726107027,6,0,1,0,0,atr,0.14270714285714287,1.75,1.0,8,3,1,2025-12-17T10:36:59Z,40.0,-2.767229090442811,-0.06918072726107027,2025-12
rank32b-beatusdt-ee400143bfd900ee,BEATUSDT,short,official_close,2025-12-17T12:15:00Z,2025-12-17T12:30:00Z,BEATUSDT|2025-12-17T12:15:00Z,2025-12-17T12:30:00Z,2.1352,6.0,0,closed,realized,2025-12-17T13:13:59Z,2.260657142857143,stop_1m,,,-0.0587566236685757,-0.05988577687255803,,,-0.0587566236685757,-0.05988577687255803,43,0,1,0,0,atr,0.12545714285714282,1.75,1.0,8,3,1,2025-12-17T13:13:59Z,40.0,-2.395431074902321,-0.05988577687255803,2025-12
rank32b-aaveusdt-2272c35a9f0e6976,AAVEUSDT,short,official_close,2025-12-17T14:30:00Z,2025-12-17T14:45:00Z,AAVEUSDT|2025-12-17T14:30:00Z,2025-12-17T14:45:00Z,184.17,6.0,0,closed,realized,2025-12-17T14:46:59Z,182.29749999999999,target_1m,,,0.010167236792094303,0.008955399768149075,,,0.010167236792094303,0.008955399768149075,1,1,0,0,0,atr,1.0699999999999992,1.75,1.0,8,3,1,2025-12-17T14:46:59Z,100.0,0.8955399768149075,0.008955399768149075,2025-12
rank32b-fartcoinusdt-9716ae95faff0590,FARTCOINUSDT,long,official_close,2025-12-17T14:45:00Z,2025-12-17T15:00:00Z,FARTCOINUSDT|2025-12-17T14:45:00Z,2025-12-17T15:00:00Z,0.356,6.0,0,closed,realized,2025-12-17T15:25:59Z,0.3516142857142857,stop_1m,,,-0.012319422150882775,-0.01350428327929376,,,-0.012319422150882775,-0.01350428327929376,25,0,1,0,0,atr,0.004385714285714263,1.75,1.0,8,3,1,2025-12-17T15:25:59Z,40.0,-0.5401713311717504,-0.01350428327929376,2025-12
rank32b-beatusdt-2e755f4a09bd2037,BEATUSDT,short,official_close,2025-12-17T15:00:00Z,2025-12-17T15:15:00Z,BEATUSDT|2025-12-17T15:00:00Z,2025-12-17T15:15:00Z,2.1636,6.0,0,closed,realized,2025-12-17T15:41:59Z,1.9825125000000003,target_1m,,,0.08369731003882408,0.08239726339780895,,,0.08369731003882408,0.08239726339780895,26,1,0,0,0,atr,0.1034785714285714,1.75,1.0,8,3,1,2025-12-17T15:41:59Z,40.0,3.295890535912358,0.08239726339780895,2025-12
rank32b-turbousdt-813eba5b765e4156,TURBOUSDT,short,official_close,2025-12-17T15:45:00Z,2025-12-17T16:00:00Z,TURBOUSDT|2025-12-17T15:45:00Z,2025-12-17T16:00:00Z,0.001835,6.0,0,closed,realized,2025-12-17T16:20:59Z,0.00179315,target_1m,,,0.022806539509536816,0.021579539872479403,,,0.022806539509536816,0.021579539872479403,20,1,0,0,0,atr,2.3914285714285708e-05,1.75,1.0,8,3,1,2025-12-17T16:20:59Z,40.0,0.8631815948991761,0.021579539872479403,2025-12
rank32b-beatusdt-8c1d8ce8b9327d12,BEATUSDT,short,official_close,2025-12-17T17:15:00Z,2025-12-17T17:30:00Z,BEATUSDT|2025-12-17T17:15:00Z,2025-12-17T17:30:00Z,2.1434,6.0,0,closed,realized,2025-12-17T17:53:59Z,2.2563857142857144,stop_1m,,,-0.0527133126274677,-0.05384971562910734,,,-0.0527133126274677,-0.05384971562910734,23,0,1,0,0,atr,0.11298571428571426,1.75,1.0,8,3,1,2025-12-17T17:53:59Z,40.0,-2.1539886251642937,-0.05384971562910734,2025-12
rank32b-zecusdt-ae2afdd907717876,ZECUSDT,short,official_close,2025-12-17T17:45:00Z,2025-12-17T18:00:00Z,ZECUSDT|2025-12-17T17:45:00Z,2025-12-17T18:00:00Z,392.77,6.0,0,closed,realized,2025-12-17T19:27:59Z,380.81125,target_1m,,,0.030447208289838823,0.029211042600885806,,,0.030447208289838823,0.029211042600885806,87,1,0,0,0,atr,6.8335714285714335,1.75,1.0,8,3,1,2025-12-17T19:27:59Z,100.0,2.9211042600885806,0.029211042600885806,2025-12
rank32b-beatusdt-de74b4ce6b22f3a6,BEATUSDT,short,official_close,2025-12-17T21:00:00Z,2025-12-17T21:15:00Z,BEATUSDT|2025-12-17T21:00:00Z,2025-12-17T21:15:00Z,2.1662,6.0,0,closed,realized,2025-12-17T21:35:59Z,2.0657625,target_1m,,,0.04636575570122792,0.045110493486058445,,,0.04636575570122792,0.045110493486058445,20,1,0,0,0,atr,0.05739285714285721,1.75,1.0,8,3,1,2025-12-17T21:35:59Z,40.0,1.8044197394423378,0.045110493486058445,2025-12
rank32b-bchusdt-197fe54682235f51,BCHUSDT,long,official_close,2025-12-18T00:45:00Z,2025-12-18T01:00:00Z,BCHUSDT|2025-12-18T00:45:00Z,2025-12-18T01:00:00Z,550.73,6.0,0,closed,realized,2025-12-18T01:05:59Z,548.5878571428572,stop_1m,,,-0.003889642578292163,-0.005084616407469711,,,-0.003889642578292163,-0.005084616407469711,5,0,1,0,0,atr,2.1421428571428742,1.75,1.0,8,3,1,2025-12-18T01:05:59Z,100.0,-0.5084616407469711,-0.005084616407469711,2025-12
rank32b-pippinusdt-71aa62170a830f34,PIPPINUSDT,long,official_close,2025-12-18T00:30:00Z,2025-12-18T00:45:00Z,PIPPINUSDT|2025-12-18T00:30:00Z,2025-12-18T00:45:00Z,0.39634,6.0,0,closed,realized,2025-12-18T02:19:59Z,0.3876192857142857,stop_1m,,,-0.0220031142093009,-0.023176358393370955,,,-0.0220031142093009,-0.023176358393370955,94,0,1,0,0,atr,0.008720714285714288,1.75,1.0,8,3,1,2025-12-18T02:19:59Z,40.0,-0.9270543357348382,-0.023176358393370955,2025-12
rank32b-tradoorusdt-29875c5e98f06162,TRADOORUSDT,short,official_close,2025-12-18T04:15:00Z,2025-12-18T04:30:00Z,TRADOORUSDT|2025-12-18T04:15:00Z,2025-12-18T04:30:00Z,1.158,6.0,0,closed,realized,2025-12-18T06:30:59Z,1.148,timeout_1m,,,0.008635578583765069,0.007425578998272675,,,0.008635578583765069,0.007425578998272675,120,0,0,1,0,atr,0.031071428571428576,1.75,1.0,8,3,1,2025-12-18T06:30:59Z,40.0,0.297023159930907,0.007425578998272675,2025-12
rank32b-turbousdt-3e91049a22a7a338,TURBOUSDT,short,official_close,2025-12-18T14:30:00Z,2025-12-18T14:45:00Z,TURBOUSDT|2025-12-18T14:30:00Z,2025-12-18T14:45:00Z,0.0017416,6.0,0,closed,realized,2025-12-18T15:27:59Z,0.0017625428571428573,stop_1m,,,-0.012025067261631328,-0.013210281509941746,,,-0.012025067261631328,-0.013210281509941746,42,0,1,0,0,atr,2.0942857142857156e-05,1.75,1.0,8,3,1,2025-12-18T15:27:59Z,40.0,-0.5284112603976698,-0.013210281509941746,2025-12
rank32b-pippinusdt-5d719afbf3e1ad68,PIPPINUSDT,long,official_close,2025-12-18T16:00:00Z,2025-12-18T16:15:00Z,PIPPINUSDT|2025-12-18T16:00:00Z,2025-12-18T16:15:00Z,0.41962,6.0,0,closed,realized,2025-12-18T17:08:59Z,0.4107414285714286,stop_1m,,,-0.021158599276896672,-0.02233285657486017,,,-0.021158599276896672,-0.02233285657486017,53,0,1,0,0,atr,0.008878571428571421,1.75,1.0,8,3,1,2025-12-18T17:08:59Z,40.0,-0.8933142629944069,-0.02233285657486017,2025-12
rank32b-1000pepeusdt-fa19fa41a22b579d,1000PEPEUSDT,short,official_close,2025-12-18T17:00:00Z,2025-12-18T17:15:00Z,1000PEPEUSDT|2025-12-18T17:00:00Z,2025-12-18T17:15:00Z,0.0038027,6.0,0,closed,realized,2025-12-18T17:23:59Z,0.0037017000000000005,target_1m,,,0.026560075735661326,0.02532857320640569,,,0.026560075735661326,0.02532857320640569,8,1,0,0,0,atr,5.771428571428554e-05,1.75,1.0,8,3,1,2025-12-18T17:23:59Z,40.0,1.0131429282562276,0.02532857320640569,2025-12
rank32b-beatusdt-5bf537327cb2afdd,BEATUSDT,long,official_close,2025-12-18T18:00:00Z,2025-12-18T18:15:00Z,BEATUSDT|2025-12-18T18:00:00Z,2025-12-18T18:15:00Z,2.691,6.0,0,closed,realized,2025-12-18T20:15:59Z,2.6589,timeout_1m,,,-0.011928651059085804,-0.013113980972129347,,,-0.011928651059085804,-0.013113980972129347,120,0,0,1,0,atr,0.13144999999999993,1.75,1.0,8,3,1,2025-12-18T20:15:59Z,40.0,-0.5245592388851739,-0.013113980972129347,2025-12
rank32b-zecusdt-e91c3b3aaf69e00d,ZECUSDT,short,official_close,2025-12-18T23:15:00Z,2025-12-18T23:30:00Z,ZECUSDT|2025-12-18T23:15:00Z,2025-12-18T23:30:00Z,388.75,6.0,0,closed,realized,2025-12-19T01:30:59Z,388.15,timeout_1m,,,0.001543408360128673,0.00034191682572348725,,,0.001543408360128673,0.00034191682572348725,120,0,0,1,0,atr,4.442142857142853,1.75,1.0,8,3,1,2025-12-19T01:30:59Z,100.0,0.034191682572348725,0.00034191682572348725,2025-12
rank32b-beatusdt-9ba91d32f7a7d8e5,BEATUSDT,long,official_close,2025-12-19T02:00:00Z,2025-12-19T02:15:00Z,BEATUSDT|2025-12-19T02:00:00Z,2025-12-19T02:15:00Z,2.6204,6.0,0,closed,realized,2025-12-19T03:00:59Z,2.517385714285714,stop_1m,,,-0.039312427764572555,-0.04046490700372918,,,-0.039312427764572555,-0.04046490700372918,45,0,1,0,0,atr,0.10301428571428572,1.75,1.0,8,3,1,2025-12-19T03:00:59Z,40.0,-1.6185962801491671,-0.04046490700372918,2025-12
rank32b-actusdt-6c353b53039a7394,ACTUSDT,long,official_close,2025-12-19T03:00:00Z,2025-12-19T03:15:00Z,ACTUSDT|2025-12-19T03:00:00Z,2025-12-19T03:15:00Z,0.02848,6.0,0,closed,realized,2025-12-19T04:01:59Z,0.029484999999999997,target_1m,,,0.0352879213483146,0.03404594854634824,,,0.0352879213483146,0.03404594854634824,46,1,0,0,0,atr,0.0005742857142857141,1.75,1.0,8,3,1,2025-12-19T04:01:59Z,40.0,1.3618379418539295,0.03404594854634824,2025-12
rank32b-turbousdt-ea5949546673c6c4,TURBOUSDT,short,official_close,2025-12-19T12:00:00Z,2025-12-19T12:15:00Z,TURBOUSDT|2025-12-19T12:00:00Z,2025-12-19T12:15:00Z,0.0017626,6.0,0,closed,realized,2025-12-19T14:15:59Z,0.0017665,timeout_1m,,,-0.0022126404175650816,-0.0034096260456146776,,,-0.0022126404175650816,-0.0034096260456146776,120,0,0,1,0,atr,3.352857142857143e-05,1.75,1.0,8,3,1,2025-12-19T14:15:59Z,40.0,-0.1363850418245871,-0.0034096260456146776,2025-12
rank32b-tradoorusdt-dd04839a09f60781,TRADOORUSDT,short,official_close,2025-12-19T14:45:00Z,2025-12-19T15:00:00Z,TRADOORUSDT|2025-12-19T14:45:00Z,2025-12-19T15:00:00Z,1.093,6.0,0,closed,realized,2025-12-19T15:16:59Z,1.1057142857142856,stop_1m,,,-0.011632466344268622,-0.01281815157234345,,,-0.011632466344268622,-0.01281815157234345,16,0,1,0,0,atr,0.012714285714285694,1.75,1.0,8,3,1,2025-12-19T15:16:59Z,40.0,-0.512726062893738,-0.01281815157234345,2025-12
rank32b-fartcoinusdt-c6b42e296aa12cc8,FARTCOINUSDT,short,official_close,2025-12-19T18:30:00Z,2025-12-19T18:45:00Z,FARTCOINUSDT|2025-12-19T18:30:00Z,2025-12-19T18:45:00Z,0.2736,6.0,0,closed,realized,2025-12-19T19:16:59Z,0.2779642857142857,stop_1m,,,-0.0159513366750208,-0.01713184081349206,,,-0.0159513366750208,-0.01713184081349206,31,0,1,0,0,atr,0.004364285714285717,1.75,1.0,8,3,1,2025-12-19T19:16:59Z,40.0,-0.6852736325396824,-0.01713184081349206,2025-12
rank32b-pippinusdt-325bfe665f51aeba,PIPPINUSDT,short,official_close,2025-12-19T21:15:00Z,2025-12-19T21:30:00Z,PIPPINUSDT|2025-12-19T21:15:00Z,2025-12-19T21:30:00Z,0.36419,6.0,0,closed,realized,2025-12-19T22:08:59Z,0.37339214285714284,stop_1m,,,-0.025267423205312722,-0.0264367513937388,,,-0.025267423205312722,-0.0264367513937388,38,0,1,0,0,atr,0.009202142857142853,1.75,1.0,8,3,1,2025-12-19T22:08:59Z,40.0,-1.057470055749552,-0.0264367513937388,2025-12
rank32b-beatusdt-668a6cdce6ca2dd7,BEATUSDT,short,official_close,2025-12-19T21:45:00Z,2025-12-19T22:00:00Z,BEATUSDT|2025-12-19T21:45:00Z,2025-12-19T22:00:00Z,2.069,6.0,0,closed,realized,2025-12-20T00:00:59Z,2.0595,timeout_1m,,,0.004591590140164414,0.003386441884968505,,,0.004591590140164414,0.003386441884968505,120,0,0,1,0,atr,0.06308571428571426,1.75,1.0,8,3,1,2025-12-20T00:00:59Z,40.0,0.1354576753987402,0.003386441884968505,2025-12
rank32b-actusdt-fa38d3926c0bdef7,ACTUSDT,long,official_close,2025-12-20T01:15:00Z,2025-12-20T01:30:00Z,ACTUSDT|2025-12-20T01:15:00Z,2025-12-20T01:30:00Z,0.02953,6.0,0,closed,realized,2025-12-20T01:58:59Z,0.030156250000000002,target_1m,,,0.021207246867592344,0.019982165805960017,,,0.021207246867592344,0.019982165805960017,28,1,0,0,0,atr,0.0003578571428571429,1.75,1.0,8,3,1,2025-12-20T01:58:59Z,40.0,0.7992866322384007,0.019982165805960017,2025-12
rank32b-bchusdt-7d9c562c1ee5ec8f,BCHUSDT,long,official_close,2025-12-20T05:15:00Z,2025-12-20T05:30:00Z,BCHUSDT|2025-12-20T05:15:00Z,2025-12-20T05:30:00Z,606.62,6.0,0,closed,realized,2025-12-20T07:12:59Z,602.8021428571428,stop_1m,,,-0.006293655241926044,-0.0074857451213516946,,,-0.006293655241926044,-0.0074857451213516946,102,0,1,0,0,atr,3.817857142857138,1.75,1.0,8,3,1,2025-12-20T07:12:59Z,100.0,-0.7485745121351695,-0.0074857451213516946,2025-12
rank32b-beatusdt-8c37c41f42c1d8a9,BEATUSDT,short,official_close,2025-12-20T07:45:00Z,2025-12-20T08:00:00Z,BEATUSDT|2025-12-20T07:45:00Z,2025-12-20T08:00:00Z,2.0374,6.0,0,closed,realized,2025-12-20T08:48:59Z,2.0987785714285714,stop_1m,,,-0.03012593080817294,-0.03128943053653832,,,-0.03012593080817294,-0.03128943053653832,48,0,1,0,0,atr,0.06137857142857141,1.75,1.0,8,3,1,2025-12-20T08:48:59Z,40.0,-1.2515772214615328,-0.03128943053653832,2025-12
rank32b-brettusdt-2631f7be64e1557f,BRETTUSDT,short,official_close,2025-12-20T10:15:00Z,2025-12-20T10:30:00Z,BRETTUSDT|2025-12-20T10:15:00Z,2025-12-20T10:30:00Z,0.01417,6.0,0,closed,realized,2025-12-20T11:23:59Z,0.014242142857142858,stop_1m,,,-0.00509123903619324,-0.006284771382195853,,,-0.00509123903619324,-0.006284771382195853,53,0,1,0,0,atr,7.21428571428573e-05,1.75,1.0,8,3,1,2025-12-20T11:23:59Z,40.0,-0.2513908552878341,-0.006284771382195853,2025-12
rank32b-1000pepeusdt-8180e1a3ba39f9c9,1000PEPEUSDT,long,official_close,2025-12-20T13:30:00Z,2025-12-20T13:45:00Z,1000PEPEUSDT|2025-12-20T13:30:00Z,2025-12-20T13:45:00Z,0.0040807,6.0,0,closed,realized,2025-12-20T14:05:59Z,0.004065535714285714,stop_1m,,,-0.003716099128650785,-0.004911281147492175,,,-0.003716099128650785,-0.004911281147492175,20,0,1,0,0,atr,1.5164285714285614e-05,1.75,1.0,8,3,1,2025-12-20T14:05:59Z,40.0,-0.196451245899687,-0.004911281147492175,2025-12
rank32b-brettusdt-0f048f8150f19cce,BRETTUSDT,short,official_close,2025-12-20T14:00:00Z,2025-12-20T14:15:00Z,BRETTUSDT|2025-12-20T14:00:00Z,2025-12-20T14:15:00Z,0.01417,6.0,0,closed,realized,2025-12-20T14:30:59Z,0.014245,stop_1m,,,-0.005292872265349358,-0.006486162724065103,,,-0.005292872265349358,-0.006486162724065103,15,0,1,0,0,atr,7.500000000000005e-05,1.75,1.0,8,3,1,2025-12-20T14:30:59Z,40.0,-0.2594465089626041,-0.006486162724065103,2025-12
rank32b-fartcoinusdt-db8b1807d3052a77,FARTCOINUSDT,long,official_close,2025-12-20T23:45:00Z,2025-12-21T00:00:00Z,FARTCOINUSDT|2025-12-20T23:45:00Z,2025-12-21T00:00:00Z,0.2903,6.0,0,closed,realized,2025-12-21T01:44:59Z,0.28755714285714284,stop_1m,,,-0.009448353919590646,-0.010636659296294648,,,-0.009448353919590646,-0.010636659296294648,104,0,1,0,0,atr,0.002742857142857138,1.75,1.0,8,3,1,2025-12-21T01:44:59Z,40.0,-0.42546637185178593,-0.010636659296294648,2025-12
rank32b-pippinusdt-c40f10d50b05c68c,PIPPINUSDT,long,official_close,2025-12-21T12:15:00Z,2025-12-21T12:30:00Z,PIPPINUSDT|2025-12-21T12:15:00Z,2025-12-21T12:30:00Z,0.43044,6.0,0,closed,realized,2025-12-21T12:40:59Z,0.4149528571428571,stop_1m,,,-0.03597979476150648,-0.03713627196051883,,,-0.03597979476150648,-0.03713627196051883,10,0,1,0,0,atr,0.01548714285714285,1.75,1.0,8,3,1,2025-12-21T12:40:59Z,40.0,-1.4854508784207532,-0.03713627196051883,2025-12
rank32b-brettusdt-afd7c942f3da9a68,BRETTUSDT,short,official_close,2025-12-21T10:30:00Z,2025-12-21T10:45:00Z,BRETTUSDT|2025-12-21T10:30:00Z,2025-12-21T10:45:00Z,0.01415,6.0,0,closed,realized,2025-12-21T12:41:59Z,0.013989999999999999,target_1m,,,0.011307420494699683,0.010094215660777506,,,0.011307420494699683,0.010094215660777506,116,1,0,0,0,atr,9.142857142857142e-05,1.75,1.0,8,3,1,2025-12-21T12:41:59Z,40.0,0.40376862643110023,0.010094215660777506,2025-12
rank32b-adausdt-b447177d28cd431e,ADAUSDT,short,official_close,2025-12-21T12:30:00Z,2025-12-21T12:45:00Z,ADAUSDT|2025-12-21T12:30:00Z,2025-12-21T12:45:00Z,0.3676,6.0,0,closed,realized,2025-12-21T13:04:59Z,0.36451249999999996,target_1m,,,0.00839907508161053,0.007189359215179492,,,0.00839907508161053,0.007189359215179492,19,1,0,0,0,atr,0.0017642857142857143,1.75,1.0,8,3,1,2025-12-21T13:04:59Z,100.0,0.7189359215179492,0.007189359215179492,2025-12
rank32b-pippinusdt-989ff275feb20482,PIPPINUSDT,long,official_close,2025-12-21T13:30:00Z,2025-12-21T13:45:00Z,PIPPINUSDT|2025-12-21T13:30:00Z,2025-12-21T13:45:00Z,0.43542,6.0,0,closed,realized,2025-12-21T15:45:59Z,0.44107,timeout_1m,,,0.012975977217399404,0.011760770716090274,,,0.012975977217399404,0.011760770716090274,120,0,0,1,0,atr,0.019966428571428562,1.75,1.0,8,3,1,2025-12-21T15:45:59Z,40.0,0.47043082864361097,0.011760770716090274,2025-12
rank32b-tradoorusdt-c9e3887b2a6be310,TRADOORUSDT,long,official_close,2025-12-21T14:30:00Z,2025-12-21T14:45:00Z,TRADOORUSDT|2025-12-21T14:30:00Z,2025-12-21T14:45:00Z,1.173,6.0,0,closed,realized,2025-12-21T15:59:59Z,1.203,target_1m,,,0.025575447570332477,0.024345126240409076,,,0.025575447570332477,0.024345126240409076,74,1,0,0,0,atr,0.017142857142857206,1.75,1.0,8,3,1,2025-12-21T15:59:59Z,40.0,0.973805049616363,0.024345126240409076,2025-12
rank32b-solusdt-44221fa5cd5ea76a,SOLUSDT,short,official_close,2025-12-21T18:00:00Z,2025-12-21T18:15:00Z,SOLUSDT|2025-12-21T18:00:00Z,2025-12-21T18:15:00Z,124.36,6.0,0,closed,realized,2025-12-21T18:36:59Z,124.95,stop_1m,,,-0.004744290768736059,-0.005938239327758277,,,-0.004744290768736059,-0.005938239327758277,21,0,1,0,0,atr,0.5900000000000014,1.75,1.0,8,3,1,2025-12-21T18:36:59Z,100.0,-0.5938239327758277,-0.005938239327758277,2025-12
rank32b-pippinusdt-7feade7e9c616439,PIPPINUSDT,long,official_close,2025-12-21T20:15:00Z,2025-12-21T20:30:00Z,PIPPINUSDT|2025-12-21T20:15:00Z,2025-12-21T20:30:00Z,0.43329,6.0,0,closed,realized,2025-12-21T20:46:59Z,0.4251357142857143,stop_1m,,,-0.018819464364018823,-0.019996527781789175,,,-0.018819464364018823,-0.019996527781789175,16,0,1,0,0,atr,0.008154285714285716,1.75,1.0,8,3,1,2025-12-21T20:46:59Z,40.0,-0.799861111271567,-0.019996527781789175,2025-12
rank32b-fartcoinusdt-70d8a3f94df1cbab,FARTCOINUSDT,long,official_close,2025-12-21T19:45:00Z,2025-12-21T20:00:00Z,FARTCOINUSDT|2025-12-21T19:45:00Z,2025-12-21T20:00:00Z,0.2897,6.0,0,closed,realized,2025-12-21T21:46:59Z,0.2870857142857143,stop_1m,,,-0.009024113615069829,-0.010212927927412685,,,-0.009024113615069829,-0.010212927927412685,106,0,1,0,0,atr,0.0026142857142857157,1.75,1.0,8,3,1,2025-12-21T21:46:59Z,40.0,-0.4085171170965074,-0.010212927927412685,2025-12
rank32b-fartcoinusdt-853656cd6a6ba16b,FARTCOINUSDT,long,official_close,2025-12-21T22:00:00Z,2025-12-21T22:15:00Z,FARTCOINUSDT|2025-12-21T22:00:00Z,2025-12-21T22:15:00Z,0.2896,6.0,0,closed,realized,2025-12-21T23:01:59Z,0.2933,target_1m,,,0.012776243093922668,0.011561276201657256,,,0.012776243093922668,0.011561276201657256,46,1,0,0,0,atr,0.0021142857142857074,1.75,1.0,8,3,1,2025-12-21T23:01:59Z,40.0,0.4624510480662902,0.011561276201657256,2025-12
rank32b-beatusdt-1d8d54cc33d2d023,BEATUSDT,long,official_close,2025-12-21T21:30:00Z,2025-12-21T21:45:00Z,BEATUSDT|2025-12-21T21:30:00Z,2025-12-21T21:45:00Z,3.3382,6.0,0,closed,realized,2025-12-21T23:45:59Z,3.5702,timeout_1m,,,0.069498532143071,0.06821551892397082,,,0.069498532143071,0.06821551892397082,120,0,0,1,0,atr,0.3515428571428572,1.75,1.0,8,3,1,2025-12-21T23:45:59Z,40.0,2.7286207569588328,0.06821551892397082,2025-12
rank32b-uniusdt-9f3087eb98c98679,UNIUSDT,long,official_close,2025-12-22T00:00:00Z,2025-12-22T00:15:00Z,UNIUSDT|2025-12-22T00:00:00Z,2025-12-22T00:15:00Z,6.174,6.0,0,closed,realized,2025-12-22T00:19:59Z,6.133500000000001,stop_1m,,,-0.006559766763848396,-0.007751537405247921,,,-0.006559766763848396,-0.007751537405247921,4,0,1,0,0,atr,0.040499999999999946,1.75,1.0,8,3,1,2025-12-22T00:19:59Z,100.0,-0.7751537405247921,-0.007751537405247921,2025-12
rank32b-uniusdt-a3e96989e6a5fd32,UNIUSDT,long,official_close,2025-12-22T01:00:00Z,2025-12-22T01:15:00Z,UNIUSDT|2025-12-22T01:00:00Z,2025-12-22T01:15:00Z,6.182,6.0,0,closed,realized,2025-12-22T01:25:59Z,6.266500000000001,target_1m,,,0.01366871562601113,0.01245267808799766,,,0.01366871562601113,0.01245267808799766,10,1,0,0,0,atr,0.0482857142857143,1.75,1.0,8,3,1,2025-12-22T01:25:59Z,100.0,1.245267808799766,0.01245267808799766,2025-12
rank32b-tradoorusdt-2224497dd1d43e42,TRADOORUSDT,long,official_close,2025-12-22T01:15:00Z,2025-12-22T01:30:00Z,TRADOORUSDT|2025-12-22T01:15:00Z,2025-12-22T01:30:00Z,1.18,6.0,0,closed,realized,2025-12-22T01:53:59Z,1.1630714285714285,stop_1m,,,-0.014346246973365617,-0.015528676641646588,,,-0.014346246973365617,-0.015528676641646588,23,0,1,0,0,atr,0.01692857142857142,1.75,1.0,8,3,1,2025-12-22T01:53:59Z,40.0,-0.6211470656658635,-0.015528676641646588,2025-12
rank32b-turbousdt-9576023c993c71bc,TURBOUSDT,short,official_close,2025-12-22T01:45:00Z,2025-12-22T02:00:00Z,TURBOUSDT|2025-12-22T01:45:00Z,2025-12-22T02:00:00Z,0.0016901,6.0,0,closed,realized,2025-12-22T02:06:59Z,0.0016648625,target_1m,,,0.014932548369918863,0.013714994687592297,,,0.014932548369918863,0.013714994687592297,6,1,0,0,0,atr,1.4421428571428562e-05,1.75,1.0,8,3,1,2025-12-22T02:06:59Z,40.0,0.5485997875036919,0.013714994687592297,2025-12
rank32b-adausdt-78bd8544c7b76841,ADAUSDT,short,official_close,2025-12-22T02:00:00Z,2025-12-22T02:15:00Z,ADAUSDT|2025-12-22T02:00:00Z,2025-12-22T02:15:00Z,0.3635,6.0,0,closed,realized,2025-12-22T03:22:59Z,0.36715,stop_1m,,,-0.010041265474552974,-0.01122885957083919,,,-0.010041265474552974,-0.01122885957083919,67,0,1,0,0,atr,0.0036499999999999983,1.75,1.0,8,3,1,2025-12-22T03:22:59Z,100.0,-1.122885957083919,-0.01122885957083919,2025-12
rank32b-tradoorusdt-b21292b8ff3d1833,TRADOORUSDT,long,official_close,2025-12-22T04:15:00Z,2025-12-22T04:30:00Z,TRADOORUSDT|2025-12-22T04:15:00Z,2025-12-22T04:30:00Z,1.172,6.0,0,closed,realized,2025-12-22T05:27:59Z,1.159142857142857,stop_1m,,,-0.010970258410531453,-0.012156738049731941,,,-0.010970258410531453,-0.012156738049731941,57,0,1,0,0,atr,0.01285714285714282,1.75,1.0,8,3,1,2025-12-22T05:27:59Z,40.0,-0.48626952198927764,-0.012156738049731941,2025-12
rank32b-solusdt-44abc08c25247274,SOLUSDT,long,official_close,2025-12-22T03:15:00Z,2025-12-22T03:30:00Z,SOLUSDT|2025-12-22T03:15:00Z,2025-12-22T03:30:00Z,126.08,6.0,0,closed,realized,2025-12-22T05:30:59Z,126.12,timeout_1m,,,0.00031725888324873885,-0.0008827617131980103,,,0.00031725888324873885,-0.0008827617131980103,120,0,0,1,0,atr,1.001428571428568,1.75,1.0,8,3,1,2025-12-22T05:30:59Z,100.0,-0.08827617131980103,-0.0008827617131980103,2025-12
rank32b-tradoorusdt-b8efd5c2c74583fe,TRADOORUSDT,long,official_close,2025-12-22T06:00:00Z,2025-12-22T06:15:00Z,TRADOORUSDT|2025-12-22T06:00:00Z,2025-12-22T06:15:00Z,1.172,6.0,0,closed,realized,2025-12-22T08:09:59Z,1.1604999999999999,stop_1m,,,-0.009812286689419802,-0.011000155477815743,,,-0.009812286689419802,-0.011000155477815743,114,0,1,0,0,atr,0.011500000000000002,1.75,1.0,8,3,1,2025-12-22T08:09:59Z,40.0,-0.4400062191126297,-0.011000155477815743,2025-12
rank32b-tradoorusdt-dfb43642aa3289db,TRADOORUSDT,long,official_close,2025-12-22T09:00:00Z,2025-12-22T09:15:00Z,TRADOORUSDT|2025-12-22T09:00:00Z,2025-12-22T09:15:00Z,1.173,6.0,0,closed,realized,2025-12-22T09:29:59Z,1.1639285714285714,stop_1m,,,-0.007733528193886285,-0.008923890744123808,,,-0.007733528193886285,-0.008923890744123808,14,0,1,0,0,atr,0.009071428571428588,1.75,1.0,8,3,1,2025-12-22T09:29:59Z,40.0,-0.3569556297649523,-0.008923890744123808,2025-12
rank32b-tradoorusdt-19df46f926308a55,TRADOORUSDT,long,official_close,2025-12-22T14:30:00Z,2025-12-22T14:45:00Z,TRADOORUSDT|2025-12-22T14:30:00Z,2025-12-22T14:45:00Z,1.171,6.0,0,closed,realized,2025-12-22T14:52:59Z,1.1603571428571429,stop_1m,,,-0.009088690984506598,-0.010277427827254049,,,-0.009088690984506598,-0.010277427827254049,7,0,1,0,0,atr,0.01064285714285716,1.75,1.0,8,3,1,2025-12-22T14:52:59Z,40.0,-0.41109711309016195,-0.010277427827254049,2025-12
rank32b-actusdt-ed6945f0a48e18fb,ACTUSDT,short,official_close,2025-12-22T16:00:00Z,2025-12-22T16:15:00Z,ACTUSDT|2025-12-22T16:00:00Z,2025-12-22T16:15:00Z,0.03295,6.0,0,closed,realized,2025-12-22T17:24:59Z,0.033789285714285716,stop_1m,,,-0.025471493605029316,-0.026640576982441044,,,-0.025471493605029316,-0.026640576982441044,69,0,1,0,0,atr,0.0008392857142857141,1.75,1.0,8,3,1,2025-12-22T17:24:59Z,40.0,-1.0656230792976418,-0.026640576982441044,2025-12
rank32b-beatusdt-38c4130c8c088224,BEATUSDT,long,official_close,2025-12-22T17:00:00Z,2025-12-22T17:15:00Z,BEATUSDT|2025-12-22T17:00:00Z,2025-12-22T17:15:00Z,4.0498,6.0,0,closed,realized,2025-12-22T17:56:59Z,3.854014285714286,stop_1m,,,-0.04834453906013003,-0.04948618301729202,,,-0.04834453906013003,-0.04948618301729202,41,0,1,0,0,atr,0.19578571428571429,1.75,1.0,8,3,1,2025-12-22T17:56:59Z,40.0,-1.9794473206916807,-0.04948618301729202,2025-12
rank32b-fartcoinusdt-f0717f6dc8096b87,FARTCOINUSDT,long,official_close,2025-12-22T15:45:00Z,2025-12-22T16:00:00Z,FARTCOINUSDT|2025-12-22T15:45:00Z,2025-12-22T16:00:00Z,0.3019,6.0,0,closed,realized,2025-12-22T18:00:59Z,0.2998,timeout_1m,,,-0.006955945677376563,-0.008147241046704168,,,-0.006955945677376563,-0.008147241046704168,120,0,0,1,0,atr,0.004785714285714282,1.75,1.0,8,3,1,2025-12-22T18:00:59Z,40.0,-0.3258896418681667,-0.008147241046704168,2025-12
rank32b-beatusdt-546c156dd7a54f76,BEATUSDT,long,official_close,2025-12-22T19:00:00Z,2025-12-22T19:15:00Z,BEATUSDT|2025-12-22T19:00:00Z,2025-12-22T19:15:00Z,4.0146,6.0,0,closed,realized,2025-12-22T21:11:59Z,3.732585714285714,stop_1m,,,-0.07024716926076968,-0.07136253794663783,,,-0.07024716926076968,-0.07136253794663783,116,0,1,0,0,atr,0.28201428571428566,1.75,1.0,8,3,1,2025-12-22T21:11:59Z,40.0,-2.854501517865513,-0.07136253794663783,2025-12
rank32b-tradoorusdt-2a79a1d0897d664a,TRADOORUSDT,long,official_close,2025-12-22T20:45:00Z,2025-12-22T21:00:00Z,TRADOORUSDT|2025-12-22T20:45:00Z,2025-12-22T21:00:00Z,1.176,6.0,0,closed,realized,2025-12-22T22:18:59Z,1.197875,target_1m,,,0.018601190476190466,0.017379235744047428,,,0.018601190476190466,0.017379235744047428,78,1,0,0,0,atr,0.012500000000000002,1.75,1.0,8,3,1,2025-12-22T22:18:59Z,40.0,0.6951694297618971,0.017379235744047428,2025-12
rank32b-avaxusdt-e87d6bee880b11b3,AVAXUSDT,long,official_close,2025-12-22T21:30:00Z,2025-12-22T21:45:00Z,AVAXUSDT|2025-12-22T21:30:00Z,2025-12-22T21:45:00Z,12.331,6.0,0,closed,realized,2025-12-22T23:45:59Z,12.385,timeout_1m,,,0.004379206876976793,0.003174313405238882,,,0.004379206876976793,0.003174313405238882,120,0,0,1,0,atr,0.0709285714285712,1.75,1.0,8,3,1,2025-12-22T23:45:59Z,100.0,0.3174313405238882,0.003174313405238882,2025-12
rank32b-actusdt-b38c0bf58eac7878,ACTUSDT,long,official_close,2025-12-22T22:30:00Z,2025-12-22T22:45:00Z,ACTUSDT|2025-12-22T22:30:00Z,2025-12-22T22:45:00Z,0.03473,6.0,0,closed,realized,2025-12-23T00:12:59Z,0.033704285714285714,stop_1m,,,-0.029533955822467095,-0.03069816570770434,,,-0.029533955822467095,-0.03069816570770434,87,0,1,0,0,atr,0.001025714285714284,1.75,1.0,8,3,1,2025-12-23T00:12:59Z,40.0,-1.2279266283081736,-0.03069816570770434,2025-12
rank32b-pippinusdt-5767b446d26c6ff7,PIPPINUSDT,short,official_close,2025-12-23T00:15:00Z,2025-12-23T00:30:00Z,PIPPINUSDT|2025-12-23T00:15:00Z,2025-12-23T00:30:00Z,0.35172,6.0,0,closed,realized,2025-12-23T02:30:59Z,0.35072,timeout_1m,,,0.002843170703969111,0.0016401199226656615,,,0.002843170703969111,0.0016401199226656615,120,0,0,1,0,atr,0.014241428571428568,1.75,1.0,8,3,1,2025-12-23T02:30:59Z,40.0,0.06560479690662646,0.0016401199226656615,2025-12
rank32b-wldusdt-0cca1d1e10a112d5,WLDUSDT,short,official_close,2025-12-23T01:15:00Z,2025-12-23T01:30:00Z,WLDUSDT|2025-12-23T01:15:00Z,2025-12-23T01:30:00Z,0.5054,6.0,0,closed,realized,2025-12-23T02:39:59Z,0.500875,target_1m,,,0.008953304313415122,0.007742923571428584,,,0.008953304313415122,0.007742923571428584,69,1,0,0,0,atr,0.0025857142857142945,1.75,1.0,8,3,1,2025-12-23T02:39:59Z,100.0,0.7742923571428584,0.007742923571428584,2025-12
rank32b-turbousdt-bbcc049061078b67,TURBOUSDT,short,official_close,2025-12-23T02:30:00Z,2025-12-23T02:45:00Z,TURBOUSDT|2025-12-23T02:30:00Z,2025-12-23T02:45:00Z,0.0016936,6.0,0,closed,realized,2025-12-23T03:32:59Z,0.0017038857142857144,stop_1m,,,-0.00607328429718601,-0.007265638542411801,,,-0.00607328429718601,-0.007265638542411801,47,0,1,0,0,atr,1.0285714285714319e-05,1.75,1.0,8,3,1,2025-12-23T03:32:59Z,40.0,-0.29062554169647203,-0.007265638542411801,2025-12
rank32b-pippinusdt-a6968565fbf83c83,PIPPINUSDT,short,official_close,2025-12-23T03:15:00Z,2025-12-23T03:30:00Z,PIPPINUSDT|2025-12-23T03:15:00Z,2025-12-23T03:30:00Z,0.35231,6.0,0,closed,realized,2025-12-23T03:59:59Z,0.35923285714285713,stop_1m,,,-0.019649902480364245,-0.02082596967135275,,,-0.019649902480364245,-0.02082596967135275,29,0,1,0,0,atr,0.006922857142857143,1.75,1.0,8,3,1,2025-12-23T03:59:59Z,40.0,-0.83303878685411,-0.02082596967135275,2025-12
rank32b-tradoorusdt-42c4a58ba6771428,TRADOORUSDT,long,official_close,2025-12-23T03:30:00Z,2025-12-23T03:45:00Z,TRADOORUSDT|2025-12-23T03:30:00Z,2025-12-23T03:45:00Z,1.2,6.0,0,closed,realized,2025-12-23T04:41:59Z,1.186785714285714,stop_1m,,,-0.011011904761904834,-0.012198334440476355,,,-0.011011904761904834,-0.012198334440476355,56,0,1,0,0,atr,0.013214285714285734,1.75,1.0,8,3,1,2025-12-23T04:41:59Z,40.0,-0.4879333776190542,-0.012198334440476355,2025-12
rank32b-beatusdt-604634450bf24d85,BEATUSDT,long,official_close,2025-12-23T04:00:00Z,2025-12-23T04:15:00Z,BEATUSDT|2025-12-23T04:00:00Z,2025-12-23T04:15:00Z,3.842,6.0,0,closed,realized,2025-12-23T05:53:59Z,3.6840428571428574,stop_1m,,,-0.0411132594630772,-0.04226357835249506,,,-0.0411132594630772,-0.04226357835249506,98,0,1,0,0,atr,0.15795714285714282,1.75,1.0,8,3,1,2025-12-23T05:53:59Z,40.0,-1.6905431340998023,-0.04226357835249506,2025-12
rank32b-nearusdt-f9675045561cb17e,NEARUSDT,short,official_close,2025-12-23T17:45:00Z,2025-12-23T18:00:00Z,NEARUSDT|2025-12-23T17:45:00Z,2025-12-23T18:00:00Z,1.486,6.0,0,closed,realized,2025-12-23T18:23:59Z,1.5011428571428571,stop_1m,,,-0.010190348009998074,-0.011377763260911444,,,-0.010190348009998074,-0.011377763260911444,23,0,1,0,0,atr,0.015142857142857109,1.75,1.0,8,3,1,2025-12-23T18:23:59Z,100.0,-1.1377763260911444,-0.011377763260911444,2025-12
rank32b-xrpusdt-429160497ebc7e22,XRPUSDT,short,official_close,2025-12-23T20:45:00Z,2025-12-23T21:00:00Z,XRPUSDT|2025-12-23T20:45:00Z,2025-12-23T21:00:00Z,1.8797,6.0,0,closed,realized,2025-12-23T23:00:59Z,1.8762,timeout_1m,,,0.0018619992552002529,0.0006601255264135908,,,0.0018619992552002529,0.0006601255264135908,120,0,0,1,0,atr,0.007964285714285726,1.75,1.0,8,3,1,2025-12-23T23:00:59Z,100.0,0.06601255264135908,0.0006601255264135908,2025-12
rank32b-uniusdt-01353fa61cc9b980,UNIUSDT,short,official_close,2025-12-24T02:00:00Z,2025-12-24T02:15:00Z,UNIUSDT|2025-12-24T02:00:00Z,2025-12-24T02:15:00Z,5.789,6.0,0,closed,realized,2025-12-24T03:04:59Z,5.7353749999999994,target_1m,,,0.009263257902919375,0.008052505328208559,,,0.009263257902919375,0.008052505328208559,49,1,0,0,0,atr,0.030642857142857288,1.75,1.0,8,3,1,2025-12-24T03:04:59Z,100.0,0.8052505328208559,0.008052505328208559,2025-12
rank32b-brettusdt-446e2a7a5e82dbaf,BRETTUSDT,long,official_close,2025-12-24T07:00:00Z,2025-12-24T07:15:00Z,BRETTUSDT|2025-12-24T07:00:00Z,2025-12-24T07:15:00Z,0.01423,6.0,0,closed,realized,2025-12-24T08:24:59Z,0.014122857142857142,stop_1m,,,-0.007529364521634441,-0.008719971994779807,,,-0.007529364521634441,-0.008719971994779807,69,0,1,0,0,atr,0.00010714285714285737,1.75,1.0,8,3,1,2025-12-24T08:24:59Z,40.0,-0.3487988797911923,-0.008719971994779807,2025-12
rank32b-pippinusdt-752b35b38e6e1c7c,PIPPINUSDT,long,official_close,2025-12-24T07:15:00Z,2025-12-24T07:30:00Z,PIPPINUSDT|2025-12-24T07:15:00Z,2025-12-24T07:30:00Z,0.45942,6.0,0,closed,realized,2025-12-24T09:30:59Z,0.47414,timeout_1m,,,0.032040398763658606,0.030802321819685785,,,0.032040398763658606,0.030802321819685785,120,0,0,1,0,atr,0.016096428571428584,1.75,1.0,8,3,1,2025-12-24T09:30:59Z,40.0,1.2320928727874314,0.030802321819685785,2025-12
rank32b-beatusdt-744c5ade8c049e01,BEATUSDT,short,official_close,2025-12-24T11:00:00Z,2025-12-24T11:15:00Z,BEATUSDT|2025-12-24T11:00:00Z,2025-12-24T11:15:00Z,2.3726,6.0,0,closed,realized,2025-12-24T11:16:59Z,2.5527499999999996,stop_1m,,,-0.07592936019556595,-0.07703791229790102,,,-0.07592936019556595,-0.07703791229790102,1,0,1,0,0,atr,0.1801499999999999,1.75,1.0,8,3,1,2025-12-24T11:16:59Z,40.0,-3.081516491916041,-0.07703791229790102,2025-12
rank32b-fartcoinusdt-9744c1e4c1566358,FARTCOINUSDT,short,official_close,2025-12-24T11:15:00Z,2025-12-24T11:30:00Z,FARTCOINUSDT|2025-12-24T11:15:00Z,2025-12-24T11:30:00Z,0.2782,6.0,0,closed,realized,2025-12-24T13:16:59Z,0.28022857142857144,stop_1m,,,-0.007291773646913802,-0.008482666143576068,,,-0.007291773646913802,-0.008482666143576068,106,0,1,0,0,atr,0.002028571428571419,1.75,1.0,8,3,1,2025-12-24T13:16:59Z,40.0,-0.3393066457430427,-0.008482666143576068,2025-12
rank32b-beatusdt-ca78df1cdb7f3f50,BEATUSDT,short,official_close,2025-12-24T12:30:00Z,2025-12-24T12:45:00Z,BEATUSDT|2025-12-24T12:30:00Z,2025-12-24T12:45:00Z,2.5683,6.0,0,closed,realized,2025-12-24T13:51:59Z,2.2434875,target_1m,,,0.1264698438655919,0.1251184855820966,,,0.1264698438655919,0.1251184855820966,66,1,0,0,0,atr,0.1856071428571428,1.75,1.0,8,3,1,2025-12-24T13:51:59Z,40.0,5.004739423283864,0.1251184855820966,2025-12
rank32b-pippinusdt-b9198bdf350e9535,PIPPINUSDT,long,official_close,2025-12-24T12:15:00Z,2025-12-24T12:30:00Z,PIPPINUSDT|2025-12-24T12:15:00Z,2025-12-24T12:30:00Z,0.4718,6.0,0,closed,realized,2025-12-24T14:30:59Z,0.4934,timeout_1m,,,0.0457821110640102,0.04452754901229339,,,0.0457821110640102,0.04452754901229339,120,0,0,1,0,atr,0.05377142857142858,1.75,1.0,8,3,1,2025-12-24T14:30:59Z,40.0,1.7811019604917355,0.04452754901229339,2025-12
rank32b-1000pepeusdt-dfa4f01c9ed2d896,1000PEPEUSDT,short,official_close,2025-12-24T14:15:00Z,2025-12-24T14:30:00Z,1000PEPEUSDT|2025-12-24T14:15:00Z,2025-12-24T14:30:00Z,0.0038922,6.0,0,closed,realized,2025-12-24T14:36:59Z,0.00386505,target_1m,,,0.006975489440419369,0.005767481364267191,,,0.006975489440419369,0.005767481364267191,6,1,0,0,0,atr,1.5514285714285673e-05,1.75,1.0,8,3,1,2025-12-24T14:36:59Z,40.0,0.23069925457068763,0.005767481364267191,2025-12
rank32b-ltcusdt-2332fba98b10380e,LTCUSDT,short,official_close,2025-12-24T14:45:00Z,2025-12-24T15:00:00Z,LTCUSDT|2025-12-24T14:45:00Z,2025-12-24T15:00:00Z,75.3,6.0,0,closed,realized,2025-12-24T15:05:59Z,75.66499999999999,stop_1m,,,-0.0048472775564407655,-0.006041102568393075,,,-0.0048472775564407655,-0.006041102568393075,5,0,1,0,0,atr,0.36499999999999994,1.75,1.0,8,3,1,2025-12-24T15:05:59Z,100.0,-0.6041102568393075,-0.006041102568393075,2025-12
rank32b-brettusdt-2ca70d20ccbf6b93,BRETTUSDT,long,official_close,2025-12-24T14:30:00Z,2025-12-24T14:45:00Z,BRETTUSDT|2025-12-24T14:30:00Z,2025-12-24T14:45:00Z,0.01428,6.0,0,closed,realized,2025-12-24T15:35:59Z,0.01448375,target_1m,,,0.014268207282913226,0.013051450570728207,,,0.014268207282913226,0.013051450570728207,50,1,0,0,0,atr,0.00011642857142857151,1.75,1.0,8,3,1,2025-12-24T15:35:59Z,40.0,0.5220580228291283,0.013051450570728207,2025-12
rank32b-beatusdt-51c138dd70999c03,BEATUSDT,short,official_close,2025-12-24T17:15:00Z,2025-12-24T17:30:00Z,BEATUSDT|2025-12-24T17:15:00Z,2025-12-24T17:30:00Z,2.5119,6.0,0,closed,realized,2025-12-24T19:30:59Z,2.3823,timeout_1m,,,0.051594410605517727,0.05033287588677893,,,0.051594410605517727,0.05033287588677893,120,0,0,1,0,atr,0.12952857142857144,1.75,1.0,8,3,1,2025-12-24T19:30:59Z,40.0,2.013315035471157,0.05033287588677893,2025-12
rank32b-pippinusdt-0c454f6482edd077,PIPPINUSDT,long,official_close,2025-12-24T19:00:00Z,2025-12-24T19:15:00Z,PIPPINUSDT|2025-12-24T19:00:00Z,2025-12-24T19:15:00Z,0.48254,6.0,0,closed,realized,2025-12-24T20:18:59Z,0.5051925,target_1m,,,0.04694429477349038,0.045688338519708216,,,0.04694429477349038,0.045688338519708216,63,1,0,0,0,atr,0.01294428571428573,1.75,1.0,8,3,1,2025-12-24T20:18:59Z,40.0,1.8275335407883286,0.045688338519708216,2025-12
rank32b-beatusdt-b93ad0061e5b603e,BEATUSDT,short,official_close,2025-12-25T00:15:00Z,2025-12-25T00:30:00Z,BEATUSDT|2025-12-25T00:15:00Z,2025-12-25T00:30:00Z,2.4266,6.0,0,closed,realized,2025-12-25T00:42:59Z,2.3007125000000004,target_1m,,,0.051878142256655324,0.05061626716207823,,,0.051878142256655324,0.05061626716207823,12,1,0,0,0,atr,0.07193571428571424,1.75,1.0,8,3,1,2025-12-25T00:42:59Z,40.0,2.0246506864831293,0.05061626716207823,2025-12
rank32b-pippinusdt-184bf8e57906f493,PIPPINUSDT,long,official_close,2025-12-25T01:00:00Z,2025-12-25T01:15:00Z,PIPPINUSDT|2025-12-25T01:00:00Z,2025-12-25T01:15:00Z,0.49214,6.0,0,closed,realized,2025-12-25T02:52:59Z,0.48117785714285716,stop_1m,,,-0.02227443990966571,-0.023447358600572565,,,-0.02227443990966571,-0.023447358600572565,97,0,1,0,0,atr,0.010962142857142868,1.75,1.0,8,3,1,2025-12-25T02:52:59Z,40.0,-0.9378943440229026,-0.023447358600572565,2025-12
rank32b-pippinusdt-1d7f8fcaecbe4d98,PIPPINUSDT,long,official_close,2025-12-25T03:30:00Z,2025-12-25T03:45:00Z,PIPPINUSDT|2025-12-25T03:30:00Z,2025-12-25T03:45:00Z,0.48722,6.0,0,closed,realized,2025-12-25T05:36:59Z,0.475695,stop_1m,,,-0.023654611879643683,-0.02482587486104848,,,-0.023654611879643683,-0.02482587486104848,111,0,1,0,0,atr,0.011524999999999992,1.75,1.0,8,3,1,2025-12-25T05:36:59Z,40.0,-0.9930349944419392,-0.02482587486104848,2025-12
rank32b-actusdt-e5fe24a79c668013,ACTUSDT,long,official_close,2025-12-25T08:00:00Z,2025-12-25T08:15:00Z,ACTUSDT|2025-12-25T08:00:00Z,2025-12-25T08:15:00Z,0.04017,6.0,0,closed,realized,2025-12-25T08:18:59Z,0.03959428571428571,stop_1m,,,-0.01433194637078139,-0.01551439319463721,,,-0.01433194637078139,-0.01551439319463721,3,0,1,0,0,atr,0.000575714285714287,1.75,1.0,8,3,1,2025-12-25T08:18:59Z,40.0,-0.6205757277854884,-0.01551439319463721,2025-12
rank32b-uniusdt-aa9fcf6b38c8cf8f,UNIUSDT,short,official_close,2025-12-25T08:15:00Z,2025-12-25T08:30:00Z,UNIUSDT|2025-12-25T08:15:00Z,2025-12-25T08:30:00Z,5.754,6.0,0,closed,realized,2025-12-25T08:52:59Z,5.7785714285714285,stop_1m,,,-0.004270321267193067,-0.00546483841898826,,,-0.004270321267193067,-0.00546483841898826,22,0,1,0,0,atr,0.024571428571428466,1.75,1.0,8,3,1,2025-12-25T08:52:59Z,100.0,-0.546483841898826,-0.00546483841898826,2025-12
rank32b-actusdt-d8f7dd341c73002b,ACTUSDT,long,official_close,2025-12-25T08:45:00Z,2025-12-25T09:00:00Z,ACTUSDT|2025-12-25T08:45:00Z,2025-12-25T09:00:00Z,0.03995,6.0,0,closed,realized,2025-12-25T10:00:59Z,0.039263571428571425,stop_1m,,,-0.017182192025746557,-0.018361219580904975,,,-0.017182192025746557,-0.018361219580904975,60,0,1,0,0,atr,0.000686428571428573,1.75,1.0,8,3,1,2025-12-25T10:00:59Z,40.0,-0.734448783236199,-0.018361219580904975,2025-12
rank32b-actusdt-f0c1c6184bb57f13,ACTUSDT,long,official_close,2025-12-25T11:15:00Z,2025-12-25T11:30:00Z,ACTUSDT|2025-12-25T11:15:00Z,2025-12-25T11:30:00Z,0.03999,6.0,0,closed,realized,2025-12-25T12:39:59Z,0.04126125,target_1m,,,0.031789197299324945,0.030551421706676907,,,0.031789197299324945,0.030551421706676907,69,1,0,0,0,atr,0.0007264285714285713,1.75,1.0,8,3,1,2025-12-25T12:39:59Z,40.0,1.2220568682670763,0.030551421706676907,2025-12
rank32b-zecusdt-d2e233cef8c883c4,ZECUSDT,long,official_close,2025-12-25T12:15:00Z,2025-12-25T12:30:00Z,ZECUSDT|2025-12-25T12:15:00Z,2025-12-25T12:30:00Z,443.7,6.0,0,closed,realized,2025-12-25T13:14:59Z,440.9157142857143,stop_1m,,,-0.0062751537396568136,-0.007467265814224744,,,-0.0062751537396568136,-0.007467265814224744,44,0,1,0,0,atr,2.7842857142857156,1.75,1.0,8,3,1,2025-12-25T13:14:59Z,100.0,-0.7467265814224744,-0.007467265814224744,2025-12
rank32b-tradoorusdt-9754fac6cf426ebb,TRADOORUSDT,short,official_close,2025-12-25T15:30:00Z,2025-12-25T15:45:00Z,TRADOORUSDT|2025-12-25T15:30:00Z,2025-12-25T15:45:00Z,1.17,6.0,0,closed,realized,2025-12-25T16:18:59Z,1.1789285714285713,stop_1m,,,-0.007631257631257604,-0.008821742869353,,,-0.007631257631257604,-0.008821742869353,33,0,1,0,0,atr,0.008928571428571444,1.75,1.0,8,3,1,2025-12-25T16:18:59Z,40.0,-0.35286971477412,-0.008821742869353,2025-12
rank32b-adausdt-7c91bea2d64c7cd5,ADAUSDT,short,official_close,2025-12-25T22:00:00Z,2025-12-25T22:15:00Z,ADAUSDT|2025-12-25T22:00:00Z,2025-12-25T22:15:00Z,0.3538,6.0,0,closed,realized,2025-12-25T22:46:59Z,0.3510625,target_1m,,,0.007737422272470318,0.006528500151215422,,,0.007737422272470318,0.006528500151215422,31,1,0,0,0,atr,0.0015642857142857164,1.75,1.0,8,3,1,2025-12-25T22:46:59Z,100.0,0.6528500151215422,0.006528500151215422,2025-12
rank32b-tradoorusdt-effd480beee3ef6a,TRADOORUSDT,long,official_close,2025-12-25T23:00:00Z,2025-12-25T23:15:00Z,TRADOORUSDT|2025-12-25T23:00:00Z,2025-12-25T23:15:00Z,1.196,6.0,0,closed,realized,2025-12-25T23:37:59Z,1.1835714285714285,stop_1m,,,-0.01039178213091263,-0.011578955733397178,,,-0.01039178213091263,-0.011578955733397178,22,0,1,0,0,atr,0.012428571428571424,1.75,1.0,8,3,1,2025-12-25T23:37:59Z,40.0,-0.46315822933588713,-0.011578955733397178,2025-12
rank32b-pippinusdt-22f51faadc4a1017,PIPPINUSDT,long,official_close,2025-12-25T22:45:00Z,2025-12-25T23:00:00Z,PIPPINUSDT|2025-12-25T22:45:00Z,2025-12-25T23:00:00Z,0.50344,6.0,0,closed,realized,2025-12-26T01:00:59Z,0.50529,timeout_1m,,,0.00367471794056895,0.0024706696019387575,,,0.00367471794056895,0.0024706696019387575,120,0,0,1,0,atr,0.011131428571428554,1.75,1.0,8,3,1,2025-12-26T01:00:59Z,40.0,0.0988267840775503,0.0024706696019387575,2025-12
rank32b-bchusdt-8b89048369196730,BCHUSDT,long,official_close,2025-12-26T00:45:00Z,2025-12-26T01:00:00Z,BCHUSDT|2025-12-26T00:45:00Z,2025-12-26T01:00:00Z,590.79,6.0,0,closed,realized,2025-12-26T02:15:59Z,596.99375,target_1m,,,0.010500770155216,0.009288533011307054,,,0.010500770155216,0.009288533011307054,75,1,0,0,0,atr,3.545000000000008,1.75,1.0,8,3,1,2025-12-26T02:15:59Z,100.0,0.9288533011307054,0.009288533011307054,2025-12
rank32b-fartcoinusdt-e1ec02e06cc7da42,FARTCOINUSDT,long,official_close,2025-12-26T02:00:00Z,2025-12-26T02:15:00Z,FARTCOINUSDT|2025-12-26T02:00:00Z,2025-12-26T02:15:00Z,0.2997,6.0,0,closed,realized,2025-12-26T02:24:59Z,0.3067375,target_1m,,,0.02348181514848169,0.022254005423756995,,,0.02348181514848169,0.022254005423756995,9,1,0,0,0,atr,0.0040214285714285725,1.75,1.0,8,3,1,2025-12-26T02:24:59Z,40.0,0.8901602169502798,0.022254005423756995,2025-12
rank32b-actusdt-08912f90af1c7145,ACTUSDT,long,official_close,2025-12-26T04:00:00Z,2025-12-26T04:15:00Z,ACTUSDT|2025-12-26T04:00:00Z,2025-12-26T04:15:00Z,0.04337,6.0,0,closed,realized,2025-12-26T04:48:59Z,0.04219928571428571,stop_1m,,,-0.026993642741855894,-0.028160900088277208,,,-0.026993642741855894,-0.028160900088277208,33,0,1,0,0,atr,0.0011707142857142858,1.75,1.0,8,3,1,2025-12-26T04:48:59Z,40.0,-1.1264360035310883,-0.028160900088277208,2025-12
rank32b-pippinusdt-5e712fa56fc63299,PIPPINUSDT,long,official_close,2025-12-26T05:15:00Z,2025-12-26T05:30:00Z,PIPPINUSDT|2025-12-26T05:15:00Z,2025-12-26T05:30:00Z,0.51007,6.0,0,closed,realized,2025-12-26T06:39:59Z,0.5000128571428571,stop_1m,,,-0.01971718167534431,-0.020893168155519448,,,-0.01971718167534431,-0.020893168155519448,69,0,1,0,0,atr,0.01005714285714286,1.75,1.0,8,3,1,2025-12-26T06:39:59Z,40.0,-0.8357267262207779,-0.020893168155519448,2025-12
rank32b-actusdt-66412a044b31578d,ACTUSDT,long,official_close,2025-12-26T06:15:00Z,2025-12-26T06:30:00Z,ACTUSDT|2025-12-26T06:15:00Z,2025-12-26T06:30:00Z,0.04362,6.0,0,closed,realized,2025-12-26T08:30:59Z,0.04326,timeout_1m,,,-0.008253094910591452,-0.009442834167812997,,,-0.008253094910591452,-0.009442834167812997,120,0,0,1,0,atr,0.0010035714285714285,1.75,1.0,8,3,1,2025-12-26T08:30:59Z,40.0,-0.37771336671251987,-0.009442834167812997,2025-12
rank32b-brettusdt-20bdfeb1ae21e536,BRETTUSDT,long,official_close,2025-12-26T08:00:00Z,2025-12-26T08:15:00Z,BRETTUSDT|2025-12-26T08:00:00Z,2025-12-26T08:15:00Z,0.01461,6.0,0,closed,realized,2025-12-26T08:41:59Z,0.01452,stop_1m,,,-0.006160164271047264,-0.007352414291581177,,,-0.006160164271047264,-0.007352414291581177,26,0,1,0,0,atr,9.000000000000005e-05,1.75,1.0,8,3,1,2025-12-26T08:41:59Z,40.0,-0.2940965716632471,-0.007352414291581177,2025-12
rank32b-uniusdt-0fe84b5d54ae0825,UNIUSDT,long,official_close,2025-12-26T13:00:00Z,2025-12-26T13:15:00Z,UNIUSDT|2025-12-26T13:00:00Z,2025-12-26T13:15:00Z,5.929,6.0,0,closed,realized,2025-12-26T13:51:59Z,5.908428571428572,stop_1m,,,-0.003469628701539662,-0.0046651063961642425,,,-0.003469628701539662,-0.0046651063961642425,36,0,1,0,0,atr,0.020571428571428654,1.75,1.0,8,3,1,2025-12-26T13:51:59Z,100.0,-0.46651063961642425,-0.0046651063961642425,2025-12
rank32b-actusdt-317784cbac7fdc07,ACTUSDT,long,official_close,2025-12-26T14:00:00Z,2025-12-26T14:15:00Z,ACTUSDT|2025-12-26T14:00:00Z,2025-12-26T14:15:00Z,0.04316,6.0,0,closed,realized,2025-12-26T14:19:59Z,0.04259428571428571,stop_1m,,,-0.013107374553157691,-0.01429129042234889,,,-0.013107374553157691,-0.01429129042234889,4,0,1,0,0,atr,0.0005657142857142869,1.75,1.0,8,3,1,2025-12-26T14:19:59Z,40.0,-0.5716516168939556,-0.01429129042234889,2025-12
rank32b-dogeusdt-12ade0d9f7521b4c,DOGEUSDT,short,official_close,2025-12-26T14:30:00Z,2025-12-26T14:45:00Z,DOGEUSDT|2025-12-26T14:30:00Z,2025-12-26T14:45:00Z,0.12505,6.0,0,closed,realized,2025-12-26T14:48:59Z,0.12441124999999999,target_1m,,,0.005107956817273163,0.0039021891079566995,,,0.005107956817273163,0.0039021891079566995,3,1,0,0,0,atr,0.0003650000000000022,1.75,1.0,8,3,1,2025-12-26T14:48:59Z,100.0,0.39021891079566995,0.0039021891079566995,2025-12
rank32b-dotusdt-d9999519abe96759,DOTUSDT,short,official_close,2025-12-26T14:45:00Z,2025-12-26T15:00:00Z,DOTUSDT|2025-12-26T14:45:00Z,2025-12-26T15:00:00Z,1.7,6.0,0,closed,realized,2025-12-26T15:01:59Z,1.6849999999999998,target_1m,,,0.008823529411764786,0.007613304352941164,,,0.008823529411764786,0.007613304352941164,1,1,0,0,0,atr,0.008571428571428594,1.75,1.0,8,3,1,2025-12-26T15:01:59Z,100.0,0.7613304352941164,0.007613304352941164,2025-12
rank32b-bchusdt-ada06a1c3e60a7c7,BCHUSDT,long,official_close,2025-12-26T15:15:00Z,2025-12-26T15:30:00Z,BCHUSDT|2025-12-26T15:15:00Z,2025-12-26T15:30:00Z,602.9,6.0,0,closed,realized,2025-12-26T15:39:59Z,599.9821428571428,stop_1m,,,-0.0048397033386252675,-0.006033537436912151,,,-0.0048397033386252675,-0.006033537436912151,9,0,1,0,0,atr,2.9178571428571525,1.75,1.0,8,3,1,2025-12-26T15:39:59Z,100.0,-0.6033537436912151,-0.006033537436912151,2025-12
rank32b-pippinusdt-a5f3853ceb4522aa,PIPPINUSDT,long,official_close,2025-12-26T22:00:00Z,2025-12-26T22:15:00Z,PIPPINUSDT|2025-12-26T22:00:00Z,2025-12-26T22:15:00Z,0.49073,6.0,0,closed,realized,2025-12-26T22:39:59Z,0.48303285714285715,stop_1m,,,-0.015685087231558814,-0.016865910773512405,,,-0.015685087231558814,-0.016865910773512405,24,0,1,0,0,atr,0.007697142857142867,1.75,1.0,8,3,1,2025-12-26T22:39:59Z,40.0,-0.6746364309404962,-0.016865910773512405,2025-12
rank32b-beatusdt-2146e6080db3f633,BEATUSDT,short,official_close,2025-12-26T23:30:00Z,2025-12-26T23:45:00Z,BEATUSDT|2025-12-26T23:30:00Z,2025-12-26T23:45:00Z,1.8984,6.0,0,closed,realized,2025-12-27T00:31:59Z,1.9389214285714287,stop_1m,,,-0.02134504244175539,-0.022519076075040667,,,-0.02134504244175539,-0.022519076075040667,46,0,1,0,0,atr,0.040521428571428535,1.75,1.0,8,3,1,2025-12-27T00:31:59Z,40.0,-0.9007630430016267,-0.022519076075040667,2025-12
rank32b-pippinusdt-a318db2305904f91,PIPPINUSDT,long,official_close,2025-12-26T23:45:00Z,2025-12-27T00:00:00Z,PIPPINUSDT|2025-12-26T23:45:00Z,2025-12-27T00:00:00Z,0.4894,6.0,0,closed,realized,2025-12-27T01:00:59Z,0.4820207142857143,stop_1m,,,-0.015078229902504514,-0.01625978145478446,,,-0.015078229902504514,-0.01625978145478446,60,0,1,0,0,atr,0.0073792857142857115,1.75,1.0,8,3,1,2025-12-27T01:00:59Z,40.0,-0.6503912581913784,-0.01625978145478446,2025-12
rank32b-fartcoinusdt-33da3cb4333e4c18,FARTCOINUSDT,long,official_close,2025-12-27T00:30:00Z,2025-12-27T00:45:00Z,FARTCOINUSDT|2025-12-27T00:30:00Z,2025-12-27T00:45:00Z,0.3024,6.0,0,closed,realized,2025-12-27T01:58:59Z,0.3053,target_1m,,,0.009589947089947204,0.008378802605820024,,,0.009589947089947204,0.008378802605820024,73,1,0,0,0,atr,0.001657142857142865,1.75,1.0,8,3,1,2025-12-27T01:58:59Z,40.0,0.33515210423280095,0.008378802605820024,2025-12
rank32b-actusdt-ed7c212a73178bca,ACTUSDT,long,official_close,2025-12-27T01:45:00Z,2025-12-27T02:00:00Z,ACTUSDT|2025-12-27T01:45:00Z,2025-12-27T02:00:00Z,0.04287,6.0,0,closed,realized,2025-12-27T02:30:59Z,0.04375,target_1m,,,0.020527175180779178,0.019302909960345227,,,0.020527175180779178,0.019302909960345227,30,1,0,0,0,atr,0.0005028571428571432,1.75,1.0,8,3,1,2025-12-27T02:30:59Z,40.0,0.7721163984138091,0.019302909960345227,2025-12
rank32b-beatusdt-c405a8590774d7fe,BEATUSDT,short,official_close,2025-12-27T02:00:00Z,2025-12-27T02:15:00Z,BEATUSDT|2025-12-27T02:00:00Z,2025-12-27T02:15:00Z,1.9187,6.0,0,closed,realized,2025-12-27T02:31:59Z,1.9713928571428572,stop_1m,,,-0.02746279102666227,-0.028629485564035106,,,-0.02746279102666227,-0.028629485564035106,16,0,1,0,0,atr,0.0526928571428571,1.75,1.0,8,3,1,2025-12-27T02:31:59Z,40.0,-1.1451794225614043,-0.028629485564035106,2025-12
rank32b-pippinusdt-36733c5d422feb47,PIPPINUSDT,short,official_close,2025-12-27T03:00:00Z,2025-12-27T03:15:00Z,PIPPINUSDT|2025-12-27T03:00:00Z,2025-12-27T03:15:00Z,0.48018,6.0,0,closed,realized,2025-12-27T03:57:59Z,0.48578571428571427,stop_1m,,,-0.011674193605969219,-0.012859828776351945,,,-0.011674193605969219,-0.012859828776351945,42,0,1,0,0,atr,0.005605714285714282,1.75,1.0,8,3,1,2025-12-27T03:57:59Z,40.0,-0.5143931510540778,-0.012859828776351945,2025-12
rank32b-beatusdt-3b5921650ac52a23,BEATUSDT,short,official_close,2025-12-27T04:30:00Z,2025-12-27T04:45:00Z,BEATUSDT|2025-12-27T04:30:00Z,2025-12-27T04:45:00Z,1.9124,6.0,0,closed,realized,2025-12-27T06:45:59Z,1.9074,timeout_1m,,,0.002614515791675487,0.0014117393139509993,,,0.002614515791675487,0.0014117393139509993,120,0,0,1,0,atr,0.049742857142857165,1.75,1.0,8,3,1,2025-12-27T06:45:59Z,40.0,0.05646957255803997,0.0014117393139509993,2025-12
rank32b-pippinusdt-edc5e027cb5ac0e5,PIPPINUSDT,short,official_close,2025-12-27T07:15:00Z,2025-12-27T07:30:00Z,PIPPINUSDT|2025-12-27T07:15:00Z,2025-12-27T07:30:00Z,0.48316,6.0,0,closed,realized,2025-12-27T08:29:59Z,0.47556999999999994,target_1m,,,0.015709081877638975,0.01449059663465535,,,0.015709081877638975,0.01449059663465535,59,1,0,0,0,atr,0.004337142857142868,1.75,1.0,8,3,1,2025-12-27T08:29:59Z,40.0,0.579623865386214,0.01449059663465535,2025-12
rank32b-nearusdt-c7c89bfed6e1a9dd,NEARUSDT,long,official_close,2025-12-27T11:15:00Z,2025-12-27T11:30:00Z,NEARUSDT|2025-12-27T11:15:00Z,2025-12-27T11:30:00Z,1.527,6.0,0,closed,realized,2025-12-27T13:30:59Z,1.529,timeout_1m,,,0.0013097576948264411,0.00010854645710534072,,,0.0013097576948264411,0.00010854645710534072,120,0,0,1,0,atr,0.0072857142857142764,1.75,1.0,8,3,1,2025-12-27T13:30:59Z,100.0,0.010854645710534072,0.00010854645710534072,2025-12
rank32b-turbousdt-8faadd7308b98371,TURBOUSDT,long,official_close,2025-12-27T20:00:00Z,2025-12-27T20:15:00Z,TURBOUSDT|2025-12-27T20:00:00Z,2025-12-27T20:15:00Z,0.0017164,6.0,0,closed,realized,2025-12-27T20:42:59Z,0.0017091214285714286,stop_1m,,,-0.004240603255984299,-0.005435156058694379,,,-0.004240603255984299,-0.005435156058694379,27,0,1,0,0,atr,7.2785714285714315e-06,1.75,1.0,8,3,1,2025-12-27T20:42:59Z,40.0,-0.21740624234777517,-0.005435156058694379,2025-12
rank32b-pippinusdt-18f78be55272e5b8,PIPPINUSDT,short,official_close,2025-12-27T22:00:00Z,2025-12-27T22:15:00Z,PIPPINUSDT|2025-12-27T22:00:00Z,2025-12-27T22:15:00Z,0.47023,6.0,0,closed,realized,2025-12-27T23:31:59Z,0.46157125,target_1m,,,0.018413861301916024,0.01719213129734376,,,0.018413861301916024,0.01719213129734376,76,1,0,0,0,atr,0.004947857142857138,1.75,1.0,8,3,1,2025-12-27T23:31:59Z,40.0,0.6876852518937504,0.01719213129734376,2025-12
rank32b-pippinusdt-96a7ef982b6e513b,PIPPINUSDT,short,official_close,2025-12-28T01:30:00Z,2025-12-28T01:45:00Z,PIPPINUSDT|2025-12-28T01:30:00Z,2025-12-28T01:45:00Z,0.46758,6.0,0,closed,realized,2025-12-28T03:45:59Z,0.46086,timeout_1m,,,0.01437187219299374,0.013154991120236215,,,0.01437187219299374,0.013154991120236215,120,0,0,1,0,atr,0.004309285714285718,1.75,1.0,8,3,1,2025-12-28T03:45:59Z,40.0,0.5261996448094486,0.013154991120236215,2025-12
rank32b-tradoorusdt-6251972be4ea0dac,TRADOORUSDT,long,official_close,2025-12-28T04:00:00Z,2025-12-28T04:15:00Z,TRADOORUSDT|2025-12-28T04:00:00Z,2025-12-28T04:15:00Z,1.453,6.0,0,closed,realized,2025-12-28T04:30:59Z,1.4337142857142857,stop_1m,,,-0.013273031167043592,-0.01445674830793442,,,-0.013273031167043592,-0.01445674830793442,15,0,1,0,0,atr,0.019285714285714302,1.75,1.0,8,3,1,2025-12-28T04:30:59Z,40.0,-0.5782699323173768,-0.01445674830793442,2025-12
rank32b-bchusdt-e7d6045f7882d423,BCHUSDT,long,official_close,2025-12-28T06:45:00Z,2025-12-28T07:00:00Z,BCHUSDT|2025-12-28T06:45:00Z,2025-12-28T07:00:00Z,622.04,6.0,0,closed,realized,2025-12-28T09:00:59Z,620.88,timeout_1m,,,-0.0018648318436113032,-0.003062234716738499,,,-0.0018648318436113032,-0.003062234716738499,120,0,0,1,0,atr,2.9971428571428436,1.75,1.0,8,3,1,2025-12-28T09:00:59Z,100.0,-0.3062234716738499,-0.003062234716738499,2025-12
rank32b-brettusdt-38c9051d0b577a77,BRETTUSDT,long,official_close,2025-12-28T10:00:00Z,2025-12-28T10:15:00Z,BRETTUSDT|2025-12-28T10:00:00Z,2025-12-28T10:15:00Z,0.01462,6.0,0,closed,realized,2025-12-28T11:39:59Z,0.014544285714285714,stop_1m,,,-0.005178815712331364,-0.00637224299785033,,,-0.005178815712331364,-0.00637224299785033,84,0,1,0,0,atr,7.571428571428548e-05,1.75,1.0,8,3,1,2025-12-28T11:39:59Z,40.0,-0.2548897199140132,-0.00637224299785033,2025-12
rank32b-tradoorusdt-7fb27a4552f23e1f,TRADOORUSDT,long,official_close,2025-12-28T09:30:00Z,2025-12-28T09:45:00Z,TRADOORUSDT|2025-12-28T09:30:00Z,2025-12-28T09:45:00Z,1.437,6.0,0,closed,realized,2025-12-28T11:45:59Z,1.435,timeout_1m,,,-0.0013917884481559062,-0.0025897588030620033,,,-0.0013917884481559062,-0.0025897588030620033,120,0,0,1,0,atr,0.026071428571428603,1.75,1.0,8,3,1,2025-12-28T11:45:59Z,40.0,-0.10359035212248013,-0.0025897588030620033,2025-12
rank32b-actusdt-acd861fa83f7a9f1,ACTUSDT,long,official_close,2025-12-28T11:00:00Z,2025-12-28T11:15:00Z,ACTUSDT|2025-12-28T11:00:00Z,2025-12-28T11:15:00Z,0.0437,6.0,0,closed,realized,2025-12-28T11:57:59Z,0.04319,stop_1m,,,-0.01167048054919917,-0.012856120173913244,,,-0.01167048054919917,-0.012856120173913244,42,0,1,0,0,atr,0.0005100000000000016,1.75,1.0,8,3,1,2025-12-28T11:57:59Z,40.0,-0.5142448069565297,-0.012856120173913244,2025-12
rank32b-actusdt-d71b2ddc90a11483,ACTUSDT,long,official_close,2025-12-28T12:15:00Z,2025-12-28T12:30:00Z,ACTUSDT|2025-12-28T12:15:00Z,2025-12-28T12:30:00Z,0.04354,6.0,0,closed,realized,2025-12-28T13:11:59Z,0.0443875,target_1m,,,0.019464859898943532,0.018241869074414385,,,0.019464859898943532,0.018241869074414385,41,1,0,0,0,atr,0.00048428571428571585,1.75,1.0,8,3,1,2025-12-28T13:11:59Z,40.0,0.7296747629765754,0.018241869074414385,2025-12
rank32b-fartcoinusdt-60b678d3368568c3,FARTCOINUSDT,long,official_close,2025-12-28T14:30:00Z,2025-12-28T14:45:00Z,FARTCOINUSDT|2025-12-28T14:30:00Z,2025-12-28T14:45:00Z,0.3155,6.0,0,closed,realized,2025-12-28T14:58:59Z,0.31316428571428573,stop_1m,,,-0.00740321485170925,-0.008593973659044685,,,-0.00740321485170925,-0.008593973659044685,13,0,1,0,0,atr,0.002335714285714278,1.75,1.0,8,3,1,2025-12-28T14:58:59Z,40.0,-0.3437589463617874,-0.008593973659044685,2025-12
rank32b-actusdt-2c1c784091e310a1,ACTUSDT,long,official_close,2025-12-28T16:00:00Z,2025-12-28T16:15:00Z,ACTUSDT|2025-12-28T16:00:00Z,2025-12-28T16:15:00Z,0.04349,6.0,0,closed,realized,2025-12-28T17:56:59Z,0.04289857142857143,stop_1m,,,-0.01359918536280913,-0.014782511236080542,,,-0.01359918536280913,-0.014782511236080542,101,0,1,0,0,atr,0.0005914285714285691,1.75,1.0,8,3,1,2025-12-28T17:56:59Z,40.0,-0.5913004494432217,-0.014782511236080542,2025-12
rank32b-suiusdt-6406fce805a8eb70,SUIUSDT,long,official_close,2025-12-29T00:15:00Z,2025-12-29T00:30:00Z,SUIUSDT|2025-12-29T00:15:00Z,2025-12-29T00:30:00Z,1.4555,6.0,0,closed,realized,2025-12-29T01:03:59Z,1.449792857142857,stop_1m,,,-0.003921087500613485,-0.005116023607204312,,,-0.003921087500613485,-0.005116023607204312,33,0,1,0,0,atr,0.0057071428571428785,1.75,1.0,8,3,1,2025-12-29T01:03:59Z,100.0,-0.5116023607204312,-0.005116023607204312,2025-12
rank32b-actusdt-802f29068742c848,ACTUSDT,long,official_close,2025-12-29T02:30:00Z,2025-12-29T02:45:00Z,ACTUSDT|2025-12-29T02:30:00Z,2025-12-29T02:45:00Z,0.04305,6.0,0,closed,realized,2025-12-29T03:29:59Z,0.04258928571428571,stop_1m,,,-0.010701841712294713,-0.011888643354903139,,,-0.010701841712294713,-0.011888643354903139,44,0,1,0,0,atr,0.00046071428571428603,1.75,1.0,8,3,1,2025-12-29T03:29:59Z,40.0,-0.47554573419612556,-0.011888643354903139,2025-12
rank32b-fartcoinusdt-ce66f81e5842955c,FARTCOINUSDT,long,official_close,2025-12-29T01:30:00Z,2025-12-29T01:45:00Z,FARTCOINUSDT|2025-12-29T01:30:00Z,2025-12-29T01:45:00Z,0.3144,6.0,0,closed,realized,2025-12-29T03:45:59Z,0.3174,timeout_1m,,,0.009541984732824416,0.008330897786259284,,,0.009541984732824416,0.008330897786259284,120,0,0,1,0,atr,0.003807142857142854,1.75,1.0,8,3,1,2025-12-29T03:45:59Z,40.0,0.33323591145037135,0.008330897786259284,2025-12
rank32b-tradoorusdt-0b620c18c9407490,TRADOORUSDT,long,official_close,2025-12-29T15:15:00Z,2025-12-29T15:30:00Z,TRADOORUSDT|2025-12-29T15:15:00Z,2025-12-29T15:30:00Z,1.456,6.0,0,closed,realized,2025-12-29T15:38:59Z,1.483125,target_1m,,,0.01862980769230771,0.01740781862980767,,,0.01862980769230771,0.01740781862980767,8,1,0,0,0,atr,0.015500000000000005,1.75,1.0,8,3,1,2025-12-29T15:38:59Z,40.0,0.6963127451923068,0.01740781862980767,2025-12
rank32b-dotusdt-70fbd8ce9d25853e,DOTUSDT,long,official_close,2025-12-29T15:30:00Z,2025-12-29T15:45:00Z,DOTUSDT|2025-12-29T15:30:00Z,2025-12-29T15:45:00Z,1.868,6.0,0,closed,realized,2025-12-29T15:53:59Z,1.8541428571428573,stop_1m,,,-0.007418170694401871,-0.008608911560110122,,,-0.007418170694401871,-0.008608911560110122,8,0,1,0,0,atr,0.013857142857142854,1.75,1.0,8,3,1,2025-12-29T15:53:59Z,100.0,-0.8608911560110122,-0.008608911560110122,2025-12
rank32b-turbousdt-ed637edb7d6e11a0,TURBOUSDT,long,official_close,2025-12-29T15:00:00Z,2025-12-29T15:15:00Z,TURBOUSDT|2025-12-29T15:00:00Z,2025-12-29T15:15:00Z,0.0017292,6.0,0,closed,realized,2025-12-29T16:38:59Z,0.0017138499999999998,stop_1m,,,-0.008876937312051858,-0.010065928182974915,,,-0.008876937312051858,-0.010065928182974915,83,0,1,0,0,atr,1.535000000000005e-05,1.75,1.0,8,3,1,2025-12-29T16:38:59Z,40.0,-0.4026371273189966,-0.010065928182974915,2025-12
rank32b-pippinusdt-6111e6396ab23319,PIPPINUSDT,short,official_close,2025-12-29T18:00:00Z,2025-12-29T18:15:00Z,PIPPINUSDT|2025-12-29T18:00:00Z,2025-12-29T18:15:00Z,0.4181,6.0,0,closed,realized,2025-12-29T18:41:59Z,0.4248107142857143,stop_1m,,,-0.016050500563774994,-0.017230885741278734,,,-0.016050500563774994,-0.017230885741278734,26,0,1,0,0,atr,0.0067107142857143,1.75,1.0,8,3,1,2025-12-29T18:41:59Z,40.0,-0.6892354296511494,-0.017230885741278734,2025-12
rank32b-pippinusdt-8a39d94f0e3355e5,PIPPINUSDT,short,official_close,2025-12-29T19:45:00Z,2025-12-29T20:00:00Z,PIPPINUSDT|2025-12-29T19:45:00Z,2025-12-29T20:00:00Z,0.42041,6.0,0,closed,realized,2025-12-29T20:22:59Z,0.40798,target_1m,,,0.02956637568088294,0.02833126667396102,,,0.02956637568088294,0.02833126667396102,22,1,0,0,0,atr,0.007102857142857149,1.75,1.0,8,3,1,2025-12-29T20:22:59Z,40.0,1.1332506669584408,0.02833126667396102,2025-12
rank32b-pippinusdt-0df86c25c0c7ac39,PIPPINUSDT,short,official_close,2025-12-30T00:45:00Z,2025-12-30T01:00:00Z,PIPPINUSDT|2025-12-30T00:45:00Z,2025-12-30T01:00:00Z,0.41699,6.0,0,closed,realized,2025-12-30T01:38:59Z,0.4212607142857143,stop_1m,,,-0.010241766674774722,-0.011429120241801094,,,-0.010241766674774722,-0.011429120241801094,38,0,1,0,0,atr,0.0042707142857142865,1.75,1.0,8,3,1,2025-12-30T01:38:59Z,40.0,-0.45716480967204376,-0.011429120241801094,2025-12
rank32b-pippinusdt-ec2cac51c19e1f96,PIPPINUSDT,short,official_close,2025-12-30T01:45:00Z,2025-12-30T02:00:00Z,PIPPINUSDT|2025-12-30T01:45:00Z,2025-12-30T02:00:00Z,0.41599,6.0,0,closed,realized,2025-12-30T02:44:59Z,0.4211371428571429,stop_1m,,,-0.012373236994021042,-0.013558033563993543,,,-0.012373236994021042,-0.013558033563993543,44,0,1,0,0,atr,0.0051471428571428545,1.75,1.0,8,3,1,2025-12-30T02:44:59Z,40.0,-0.5423213425597417,-0.013558033563993543,2025-12
rank32b-tradoorusdt-184b28c8050eecf4,TRADOORUSDT,long,official_close,2025-12-30T02:30:00Z,2025-12-30T02:45:00Z,TRADOORUSDT|2025-12-30T02:30:00Z,2025-12-30T02:45:00Z,1.464,6.0,0,closed,realized,2025-12-30T03:15:59Z,1.4500714285714285,stop_1m,,,-0.009514051522248268,-0.010702278085480299,,,-0.009514051522248268,-0.010702278085480299,30,0,1,0,0,atr,0.013928571428571417,1.75,1.0,8,3,1,2025-12-30T03:15:59Z,40.0,-0.42809112341921196,-0.010702278085480299,2025-12
rank32b-actusdt-0a458dfc97f0ca20,ACTUSDT,short,official_close,2025-12-30T03:15:00Z,2025-12-30T03:30:00Z,ACTUSDT|2025-12-30T03:15:00Z,2025-12-30T03:30:00Z,0.04163,6.0,0,closed,realized,2025-12-30T04:31:59Z,0.04218642857142857,stop_1m,,,-0.013366047836381734,-0.014549653390755424,,,-0.013366047836381734,-0.014549653390755424,61,0,1,0,0,atr,0.0005564285714285718,1.75,1.0,8,3,1,2025-12-30T04:31:59Z,40.0,-0.581986135630217,-0.014549653390755424,2025-12
rank32b-tradoorusdt-f3d1b31372a3a2db,TRADOORUSDT,long,official_close,2025-12-30T03:30:00Z,2025-12-30T03:45:00Z,TRADOORUSDT|2025-12-30T03:30:00Z,2025-12-30T03:45:00Z,1.464,6.0,0,closed,realized,2025-12-30T04:49:59Z,1.4497142857142857,stop_1m,,,-0.00975800156128026,-0.010945935472287394,,,-0.00975800156128026,-0.010945935472287394,64,0,1,0,0,atr,0.01428571428571425,1.75,1.0,8,3,1,2025-12-30T04:49:59Z,40.0,-0.43783741889149574,-0.010945935472287394,2025-12
rank32b-actusdt-f5125aedc65c0649,ACTUSDT,short,official_close,2025-12-30T05:00:00Z,2025-12-30T05:15:00Z,ACTUSDT|2025-12-30T05:00:00Z,2025-12-30T05:15:00Z,0.04188,6.0,0,closed,realized,2025-12-30T07:00:59Z,0.041092500000000004,target_1m,,,0.018803724928366683,0.017581527227793492,,,0.018803724928366683,0.017581527227793492,105,1,0,0,0,atr,0.00045,1.75,1.0,8,3,1,2025-12-30T07:00:59Z,40.0,0.7032610891117397,0.017581527227793492,2025-12
rank32b-tradoorusdt-e01039e67e196f55,TRADOORUSDT,long,official_close,2025-12-30T13:30:00Z,2025-12-30T13:45:00Z,TRADOORUSDT|2025-12-30T13:30:00Z,2025-12-30T13:45:00Z,1.463,6.0,0,closed,realized,2025-12-30T13:57:59Z,1.4896250000000002,target_1m,,,0.018198906356801103,0.01697743422077913,,,0.018198906356801103,0.01697743422077913,12,1,0,0,0,atr,0.01521428571428572,1.75,1.0,8,3,1,2025-12-30T13:57:59Z,40.0,0.6790973688311652,0.01697743422077913,2025-12
rank32b-wldusdt-a049763ef5350bba,WLDUSDT,short,official_close,2025-12-30T14:00:00Z,2025-12-30T14:15:00Z,WLDUSDT|2025-12-30T14:00:00Z,2025-12-30T14:15:00Z,0.4938,6.0,0,closed,realized,2025-12-30T14:20:59Z,0.4958571428571429,stop_1m,,,-0.004165943412602013,-0.005360585780246563,,,-0.004165943412602013,-0.005360585780246563,5,0,1,0,0,atr,0.0020571428571428568,1.75,1.0,8,3,1,2025-12-30T14:20:59Z,100.0,-0.5360585780246563,-0.005360585780246563,2025-12
rank32b-adausdt-bad3ef299972cd1e,ADAUSDT,short,official_close,2025-12-30T15:00:00Z,2025-12-30T15:15:00Z,ADAUSDT|2025-12-30T15:00:00Z,2025-12-30T15:15:00Z,0.3526,6.0,0,closed,realized,2025-12-30T15:55:59Z,0.35459285714285715,stop_1m,,,-0.005651892067093378,-0.006844751831294071,,,-0.005651892067093378,-0.006844751831294071,40,0,1,0,0,atr,0.0019928571428571456,1.75,1.0,8,3,1,2025-12-30T15:55:59Z,100.0,-0.6844751831294071,-0.006844751831294071,2025-12
rank32b-wldusdt-1b4cead5ede17c8d,WLDUSDT,short,official_close,2025-12-30T16:30:00Z,2025-12-30T16:45:00Z,WLDUSDT|2025-12-30T16:30:00Z,2025-12-30T16:45:00Z,0.4932,6.0,0,closed,realized,2025-12-30T18:45:59Z,0.4912,timeout_1m,,,0.0040551500405514584,0.002850645320356726,,,0.0040551500405514584,0.002850645320356726,120,0,0,1,0,atr,0.0034857142857142786,1.75,1.0,8,3,1,2025-12-30T18:45:59Z,100.0,0.2850645320356726,0.002850645320356726,2025-12
rank32b-aaveusdt-efb1bcbbbd26797f,AAVEUSDT,short,official_close,2025-12-31T08:30:00Z,2025-12-31T08:45:00Z,AAVEUSDT|2025-12-31T08:30:00Z,2025-12-31T08:45:00Z,149.22,6.0,0,closed,realized,2025-12-31T09:06:59Z,149.70285714285714,stop_1m,,,-0.0032358741647040556,-0.004431632280621156,,,-0.0032358741647040556,-0.004431632280621156,21,0,1,0,0,atr,0.48285714285714426,1.75,1.0,8,3,1,2025-12-31T09:06:59Z,100.0,-0.4431632280621156,-0.004431632280621156,2025-12
rank32b-aaveusdt-ab12e61d0eab39c7,AAVEUSDT,short,official_close,2025-12-31T14:15:00Z,2025-12-31T14:30:00Z,AAVEUSDT|2025-12-31T14:15:00Z,2025-12-31T14:30:00Z,148.77,6.0,0,closed,realized,2025-12-31T14:34:59Z,147.79875,target_1m,,,0.00652853397862474,0.00532106208812233,,,0.00652853397862474,0.00532106208812233,4,1,0,0,0,atr,0.5550000000000007,1.75,1.0,8,3,1,2025-12-31T14:34:59Z,100.0,0.532106208812233,0.00532106208812233,2025-12
rank32b-avaxusdt-da9b7f30d0513e7c,AVAXUSDT,short,official_close,2025-12-31T15:00:00Z,2025-12-31T15:15:00Z,AVAXUSDT|2025-12-31T15:00:00Z,2025-12-31T15:15:00Z,12.483,6.0,0,closed,realized,2025-12-31T16:32:59Z,12.402000000000001,target_1m,,,0.006488824801730297,0.005281400547945125,,,0.006488824801730297,0.005281400547945125,77,1,0,0,0,atr,0.04628571428571439,1.75,1.0,8,3,1,2025-12-31T16:32:59Z,100.0,0.5281400547945125,0.005281400547945125,2025-12
rank32b-pippinusdt-04f4e2c2d500ba99,PIPPINUSDT,short,official_close,2025-12-31T22:30:00Z,2025-12-31T22:45:00Z,PIPPINUSDT|2025-12-31T22:30:00Z,2025-12-31T22:45:00Z,0.38791,6.0,0,closed,realized,2026-01-01T00:45:59Z,0.39194,timeout_1m,,,-0.010389007759531887,-0.011576184690263336,,,-0.010389007759531887,-0.011576184690263336,120,0,0,1,0,atr,0.006199285714285717,1.75,1.0,8,3,1,2026-01-01T00:45:59Z,40.0,-0.46304738761053343,-0.011576184690263336,2026-01
rank32b-wldusdt-b70c93ca6bdcc03e,WLDUSDT,short,official_close,2026-01-01T01:15:00Z,2026-01-01T01:30:00Z,WLDUSDT|2026-01-01T01:15:00Z,2026-01-01T01:30:00Z,0.4806,6.0,0,closed,realized,2026-01-01T03:30:59Z,0.4801,timeout_1m,,,0.0010403662089055743,-0.00016052185601334035,,,0.0010403662089055743,-0.00016052185601334035,120,0,0,1,0,atr,0.002121428571428572,1.75,1.0,8,3,1,2026-01-01T03:30:59Z,100.0,-0.016052185601334035,-0.00016052185601334035,2026-01
rank32b-adausdt-fabd5ba10007c90e,ADAUSDT,short,official_close,2026-01-01T07:15:00Z,2026-01-01T07:30:00Z,ADAUSDT|2026-01-01T07:15:00Z,2026-01-01T07:30:00Z,0.3358,6.0,0,closed,realized,2026-01-01T08:07:59Z,0.3371571428571428,stop_1m,,,-0.004041521313707053,-0.005236312943078358,,,-0.004041521313707053,-0.005236312943078358,37,0,1,0,0,atr,0.0013571428571428584,1.75,1.0,8,3,1,2026-01-01T08:07:59Z,100.0,-0.5236312943078358,-0.005236312943078358,2026-01
rank32b-tradoorusdt-a05b88e81ec50ca0,TRADOORUSDT,short,official_close,2026-01-01T07:45:00Z,2026-01-01T08:00:00Z,TRADOORUSDT|2026-01-01T07:45:00Z,2026-01-01T08:00:00Z,1.564,6.0,0,closed,realized,2026-01-01T09:41:59Z,1.5015,target_1m,,,0.03996163682864451,0.038714057250639256,,,0.03996163682864451,0.038714057250639256,101,1,0,0,0,atr,0.03571428571428571,1.75,1.0,8,3,1,2026-01-01T09:41:59Z,40.0,1.5485622900255702,0.038714057250639256,2026-01
rank32b-pippinusdt-f48023495685e416,PIPPINUSDT,short,official_close,2026-01-01T09:15:00Z,2026-01-01T09:30:00Z,PIPPINUSDT|2026-01-01T09:15:00Z,2026-01-01T09:30:00Z,0.39032,6.0,0,closed,realized,2026-01-01T11:30:59Z,0.38834,timeout_1m,,,0.005072760811641652,0.0038670353248615452,,,0.005072760811641652,0.0038670353248615452,120,0,0,1,0,atr,0.0055107142857142855,1.75,1.0,8,3,1,2026-01-01T11:30:59Z,40.0,0.1546814129944618,0.0038670353248615452,2026-01
rank32b-beatusdt-14005f3b088e7e67,BEATUSDT,short,official_close,2026-01-01T17:45:00Z,2026-01-01T18:00:00Z,BEATUSDT|2026-01-01T17:45:00Z,2026-01-01T18:00:00Z,1.1843,6.0,0,closed,realized,2026-01-01T20:00:59Z,1.1455,timeout_1m,,,0.03276196909566831,0.031523026527062514,,,0.03276196909566831,0.031523026527062514,120,0,0,1,0,atr,0.0661,1.75,1.0,8,3,1,2026-01-01T20:00:59Z,40.0,1.2609210610825006,0.031523026527062514,2026-01
rank32b-bchusdt-b8ffdff40563a7e1,BCHUSDT,short,official_close,2026-01-02T00:00:00Z,2026-01-02T00:15:00Z,BCHUSDT|2026-01-02T00:00:00Z,2026-01-02T00:15:00Z,590.15,6.0,0,closed,realized,2026-01-02T01:00:59Z,591.8892857142857,stop_1m,,,-0.0029471926023649786,-0.0041432970322315965,,,-0.0029471926023649786,-0.0041432970322315965,45,0,1,0,0,atr,1.7392857142857079,1.75,1.0,8,3,1,2026-01-02T01:00:59Z,100.0,-0.41432970322315965,-0.0041432970322315965,2026-01
rank32b-beatusdt-183837f5c62eb76a,BEATUSDT,short,official_close,2026-01-02T02:15:00Z,2026-01-02T02:30:00Z,BEATUSDT|2026-01-02T02:15:00Z,2026-01-02T02:30:00Z,1.1546,6.0,0,closed,realized,2026-01-02T03:02:59Z,1.0922125,target_1m,,,0.05403386454183268,0.05276940335657376,,,0.05403386454183268,0.05276940335657376,32,1,0,0,0,atr,0.035650000000000036,1.75,1.0,8,3,1,2026-01-02T03:02:59Z,40.0,2.1107761342629505,0.05276940335657376,2026-01
rank32b-pippinusdt-babcccbf5f981611,PIPPINUSDT,short,official_close,2026-01-02T02:00:00Z,2026-01-02T02:15:00Z,PIPPINUSDT|2026-01-02T02:00:00Z,2026-01-02T02:15:00Z,0.39146,6.0,0,closed,realized,2026-01-02T04:15:59Z,0.38716,timeout_1m,,,0.010984519491135658,0.009771702022173034,,,0.010984519491135658,0.009771702022173034,120,0,0,1,0,atr,0.0037878571428571406,1.75,1.0,8,3,1,2026-01-02T04:15:59Z,40.0,0.3908680808869214,0.009771702022173034,2026-01
rank32b-bchusdt-337a60e2fe73d4a1,BCHUSDT,short,official_close,2026-01-02T14:15:00Z,2026-01-02T14:30:00Z,BCHUSDT|2026-01-02T14:15:00Z,2026-01-02T14:30:00Z,590.78,6.0,0,closed,realized,2026-01-02T14:38:59Z,593.2007142857143,stop_1m,,,-0.004097488550246053,-0.005292213039081672,,,-0.004097488550246053,-0.005292213039081672,8,0,1,0,0,atr,2.4207142857142765,1.75,1.0,8,3,1,2026-01-02T14:38:59Z,100.0,-0.5292213039081672,-0.005292213039081672,2026-01
rank32b-btcusdt-d7569c6af6ddd129,BTCUSDT,long,official_close,2026-01-02T14:30:00Z,2026-01-02T14:45:00Z,BTCUSDT|2026-01-02T14:30:00Z,2026-01-02T14:45:00Z,89356.5,6.0,0,closed,realized,2026-01-02T14:46:59Z,89093.47142857143,stop_1m,,,-0.002943586324761771,-0.004139695080863315,,,-0.002943586324761771,-0.004139695080863315,1,0,1,0,0,atr,263.0285714285731,1.75,1.0,8,3,1,2026-01-02T14:46:59Z,100.0,-0.4139695080863315,-0.004139695080863315,2026-01
rank32b-avaxusdt-050c7710c0013d34,AVAXUSDT,long,official_close,2026-01-02T16:15:00Z,2026-01-02T16:30:00Z,AVAXUSDT|2026-01-02T16:15:00Z,2026-01-02T16:30:00Z,13.426,6.0,0,closed,realized,2026-01-02T17:42:59Z,13.613875,target_1m,,,0.013993371071056249,0.012776944063384477,,,0.013993371071056249,0.012776944063384477,72,1,0,0,0,atr,0.10735714285714273,1.75,1.0,8,3,1,2026-01-02T17:42:59Z,100.0,1.2776944063384477,0.012776944063384477,2026-01
rank32b-tradoorusdt-77113be1ba9a2c86,TRADOORUSDT,long,official_close,2026-01-03T05:15:00Z,2026-01-03T05:30:00Z,TRADOORUSDT|2026-01-03T05:15:00Z,2026-01-03T05:30:00Z,1.73,6.0,0,closed,realized,2026-01-03T06:40:59Z,1.7107857142857144,stop_1m,,,-0.011106523534269108,-0.012292839704376557,,,-0.011106523534269108,-0.012292839704376557,70,0,1,0,0,atr,0.01921428571428569,1.75,1.0,8,3,1,2026-01-03T06:40:59Z,40.0,-0.4917135881750623,-0.012292839704376557,2026-01
rank32b-tradoorusdt-3eb6a2626b9fb980,TRADOORUSDT,long,official_close,2026-01-03T08:00:00Z,2026-01-03T08:15:00Z,TRADOORUSDT|2026-01-03T08:00:00Z,2026-01-03T08:15:00Z,1.722,6.0,0,closed,realized,2026-01-03T09:13:59Z,1.758,target_1m,,,0.020905923344947785,0.019681203763066257,,,0.020905923344947785,0.019681203763066257,58,1,0,0,0,atr,0.020571428571428574,1.75,1.0,8,3,1,2026-01-03T09:13:59Z,40.0,0.7872481505226503,0.019681203763066257,2026-01
rank32b-xrpusdt-e72fac02e95c7727,XRPUSDT,long,official_close,2026-01-03T07:30:00Z,2026-01-03T07:45:00Z,XRPUSDT|2026-01-03T07:30:00Z,2026-01-03T07:45:00Z,1.9987,6.0,0,closed,realized,2026-01-03T09:37:59Z,2.0178624999999997,target_1m,,,0.0095874818632109,0.008376340336468502,,,0.0095874818632109,0.008376340336468502,112,1,0,0,0,atr,0.010949999999999951,1.75,1.0,8,3,1,2026-01-03T09:37:59Z,100.0,0.8376340336468502,0.008376340336468502,2026-01
rank32b-fartcoinusdt-3e742f7ffbb8934f,FARTCOINUSDT,long,official_close,2026-01-03T08:15:00Z,2026-01-03T08:30:00Z,FARTCOINUSDT|2026-01-03T08:15:00Z,2026-01-03T08:30:00Z,0.3276,6.0,0,closed,realized,2026-01-03T10:30:59Z,0.333,timeout_1m,,,0.016483516483516425,0.015264102197802165,,,0.016483516483516425,0.015264102197802165,120,0,0,1,0,atr,0.004685714285714293,1.75,1.0,8,3,1,2026-01-03T10:30:59Z,40.0,0.6105640879120866,0.015264102197802165,2026-01
rank32b-zecusdt-23259839c831a7de,ZECUSDT,short,official_close,2026-01-03T17:00:00Z,2026-01-03T17:15:00Z,ZECUSDT|2026-01-03T17:00:00Z,2026-01-03T17:15:00Z,502.84,6.0,0,closed,realized,2026-01-03T18:15:59Z,505.88,stop_1m,,,-0.0060456606475221,-0.0072380480311829976,,,-0.0060456606475221,-0.0072380480311829976,60,0,1,0,0,atr,3.0400000000000085,1.75,1.0,8,3,1,2026-01-03T18:15:59Z,100.0,-0.7238048031182998,-0.0072380480311829976,2026-01
rank32b-beatusdt-60e19f60914e5837,BEATUSDT,short,official_close,2026-01-03T18:00:00Z,2026-01-03T18:15:00Z,BEATUSDT|2026-01-03T18:00:00Z,2026-01-03T18:15:00Z,0.8155,6.0,0,closed,realized,2026-01-03T18:41:59Z,0.7782,target_1m,,,0.04573881054567752,0.04448430043899454,,,0.04573881054567752,0.04448430043899454,26,1,0,0,0,atr,0.0213142857142857,1.75,1.0,8,3,1,2026-01-03T18:41:59Z,40.0,1.7793720175597816,0.04448430043899454,2026-01
rank32b-actusdt-65fb745f995b104a,ACTUSDT,short,official_close,2026-01-03T16:30:00Z,2026-01-03T16:45:00Z,ACTUSDT|2026-01-03T16:30:00Z,2026-01-03T16:45:00Z,0.02842,6.0,0,closed,realized,2026-01-03T18:45:59Z,0.02811,timeout_1m,,,0.010907811400422296,0.00969508595355384,,,0.010907811400422296,0.00969508595355384,120,0,0,1,0,atr,0.000342857142857143,1.75,1.0,8,3,1,2026-01-03T18:45:59Z,40.0,0.38780343814215357,0.00969508595355384,2026-01
rank32b-beatusdt-4b769350d7198de0,BEATUSDT,short,official_close,2026-01-03T20:30:00Z,2026-01-03T20:45:00Z,BEATUSDT|2026-01-03T20:30:00Z,2026-01-03T20:45:00Z,0.8085,6.0,0,closed,realized,2026-01-03T22:45:59Z,0.7995,timeout_1m,,,0.011131725417439675,0.009918731354359833,,,0.011131725417439675,0.009918731354359833,120,0,0,1,0,atr,0.024799999999999982,1.75,1.0,8,3,1,2026-01-03T22:45:59Z,40.0,0.39674925417439333,0.009918731354359833,2026-01
rank32b-beatusdt-5e86de4c197876d9,BEATUSDT,short,official_close,2026-01-04T04:00:00Z,2026-01-04T04:15:00Z,BEATUSDT|2026-01-04T04:00:00Z,2026-01-04T04:15:00Z,0.8018,6.0,0,closed,realized,2026-01-04T05:15:59Z,0.8153285714285714,stop_1m,,,-0.016872750596871322,-0.018052149370345383,,,-0.016872750596871322,-0.018052149370345383,60,0,1,0,0,atr,0.013528571428571445,1.75,1.0,8,3,1,2026-01-04T05:15:59Z,40.0,-0.7220859748138153,-0.018052149370345383,2026-01
rank32b-fartcoinusdt-5ba966b5339396c6,FARTCOINUSDT,long,official_close,2026-01-04T08:30:00Z,2026-01-04T08:45:00Z,FARTCOINUSDT|2026-01-04T08:30:00Z,2026-01-04T08:45:00Z,0.3484,6.0,0,closed,realized,2026-01-04T09:21:59Z,0.3560875,target_1m,,,0.02206515499425943,0.020839044751721936,,,0.02206515499425943,0.020839044751721936,36,1,0,0,0,atr,0.004392857142857135,1.75,1.0,8,3,1,2026-01-04T09:21:59Z,40.0,0.8335617900688774,0.020839044751721936,2026-01
rank32b-tradoorusdt-d6603c43819c3cce,TRADOORUSDT,long,official_close,2026-01-04T09:30:00Z,2026-01-04T09:45:00Z,TRADOORUSDT|2026-01-04T09:30:00Z,2026-01-04T09:45:00Z,1.795,6.0,0,closed,realized,2026-01-04T09:48:59Z,1.819,target_1m,,,0.013370473537604566,0.012154793782729767,,,0.013370473537604566,0.012154793782729767,3,1,0,0,0,atr,0.013714285714285679,1.75,1.0,8,3,1,2026-01-04T09:48:59Z,40.0,0.4861917513091907,0.012154793782729767,2026-01
rank32b-tradoorusdt-77264ec5cb77ead1,TRADOORUSDT,long,official_close,2026-01-04T12:00:00Z,2026-01-04T12:15:00Z,TRADOORUSDT|2026-01-04T12:00:00Z,2026-01-04T12:15:00Z,1.796,6.0,0,closed,realized,2026-01-04T13:14:59Z,1.7522142857142857,stop_1m,,,-0.024379573655742948,-0.025549966944002578,,,-0.024379573655742948,-0.025549966944002578,59,0,1,0,0,atr,0.04378571428571424,1.75,1.0,8,3,1,2026-01-04T13:14:59Z,40.0,-1.0219986777601031,-0.025549966944002578,2026-01
rank32b-aaveusdt-520b9249b27d5322,AAVEUSDT,long,official_close,2026-01-04T21:00:00Z,2026-01-04T21:15:00Z,AAVEUSDT|2026-01-04T21:00:00Z,2026-01-04T21:15:00Z,164.75,6.0,0,closed,realized,2026-01-04T21:40:59Z,163.9307142857143,stop_1m,,,-0.004972902666377621,-0.0061665769734230436,,,-0.004972902666377621,-0.0061665769734230436,25,0,1,0,0,atr,0.8192857142857142,1.75,1.0,8,3,1,2026-01-04T21:40:59Z,100.0,-0.6166576973423044,-0.0061665769734230436,2026-01
rank32b-tradoorusdt-d9dd6a812618daaf,TRADOORUSDT,long,official_close,2026-01-04T21:30:00Z,2026-01-04T21:45:00Z,TRADOORUSDT|2026-01-04T21:30:00Z,2026-01-04T21:45:00Z,1.789,6.0,0,closed,realized,2026-01-04T22:06:59Z,1.771642857142857,stop_1m,,,-0.009702148047592396,-0.010890148962708679,,,-0.009702148047592396,-0.010890148962708679,21,0,1,0,0,atr,0.017357142857142897,1.75,1.0,8,3,1,2026-01-04T22:06:59Z,40.0,-0.43560595850834716,-0.010890148962708679,2026-01
rank32b-wldusdt-74a050cc075e668f,WLDUSDT,long,official_close,2026-01-04T21:45:00Z,2026-01-04T22:00:00Z,WLDUSDT|2026-01-04T21:45:00Z,2026-01-04T22:00:00Z,0.599,6.0,0,closed,realized,2026-01-04T22:12:59Z,0.6073,target_1m,,,0.013856427378964975,0.012640164654423858,,,0.013856427378964975,0.012640164654423858,12,1,0,0,0,atr,0.004742857142857152,1.75,1.0,8,3,1,2026-01-04T22:12:59Z,100.0,1.2640164654423858,0.012640164654423858,2026-01
rank32b-fartcoinusdt-08e99f0dd05d7187,FARTCOINUSDT,long,official_close,2026-01-04T20:00:00Z,2026-01-04T20:15:00Z,FARTCOINUSDT|2026-01-04T20:00:00Z,2026-01-04T20:15:00Z,0.3685,6.0,0,closed,realized,2026-01-04T22:15:59Z,0.3699,timeout_1m,,,0.003799185888738066,0.002594988233378448,,,0.003799185888738066,0.002594988233378448,120,0,0,1,0,atr,0.004592857142857133,1.75,1.0,8,3,1,2026-01-04T22:15:59Z,40.0,0.10379952933513792,0.002594988233378448,2026-01
rank32b-beatusdt-3a42b9cddbb9014b,BEATUSDT,short,official_close,2026-01-04T22:45:00Z,2026-01-04T23:00:00Z,BEATUSDT|2026-01-04T22:45:00Z,2026-01-04T23:00:00Z,0.7906,6.0,0,closed,realized,2026-01-05T00:15:59Z,0.8069571428571428,stop_1m,,,-0.020689530555455082,-0.02186435056701963,,,-0.020689530555455082,-0.02186435056701963,75,0,1,0,0,atr,0.016357142857142865,1.75,1.0,8,3,1,2026-01-05T00:15:59Z,40.0,-0.8745740226807852,-0.02186435056701963,2026-01
rank32b-pippinusdt-6d42d9c129bf9fb2,PIPPINUSDT,long,official_close,2026-01-05T00:45:00Z,2026-01-05T01:00:00Z,PIPPINUSDT|2026-01-05T00:45:00Z,2026-01-05T01:00:00Z,0.48458,6.0,0,closed,realized,2026-01-05T01:04:59Z,0.4772221428571429,stop_1m,,,-0.015183988490769629,-0.016365413170816634,,,-0.015183988490769629,-0.016365413170816634,4,0,1,0,0,atr,0.007357857142857123,1.75,1.0,8,3,1,2026-01-05T01:04:59Z,40.0,-0.6546165268326654,-0.016365413170816634,2026-01
rank32b-tradoorusdt-92cbc6a104c38077,TRADOORUSDT,long,official_close,2026-01-05T00:00:00Z,2026-01-05T00:15:00Z,TRADOORUSDT|2026-01-05T00:00:00Z,2026-01-05T00:15:00Z,1.782,6.0,0,closed,realized,2026-01-05T01:21:59Z,1.804375,target_1m,,,0.01255611672278345,0.011341413902917985,,,0.01255611672278345,0.011341413902917985,66,1,0,0,0,atr,0.012785714285714305,1.75,1.0,8,3,1,2026-01-05T01:21:59Z,40.0,0.4536565561167194,0.011341413902917985,2026-01
rank32b-pippinusdt-0a803427327a057c,PIPPINUSDT,long,official_close,2026-01-05T01:30:00Z,2026-01-05T01:45:00Z,PIPPINUSDT|2026-01-05T01:30:00Z,2026-01-05T01:45:00Z,0.48971,6.0,0,closed,realized,2026-01-05T02:25:59Z,0.48017785714285716,stop_1m,,,-0.019464872796436272,-0.02064116195643484,,,-0.019464872796436272,-0.02064116195643484,40,0,1,0,0,atr,0.009532142857142838,1.75,1.0,8,3,1,2026-01-05T02:25:59Z,40.0,-0.8256464782573936,-0.02064116195643484,2026-01
rank32b-turbousdt-0fe2c0b74e32e656,TURBOUSDT,long,official_close,2026-01-05T01:00:00Z,2026-01-05T01:15:00Z,TURBOUSDT|2026-01-05T01:00:00Z,2026-01-05T01:15:00Z,0.0021282,6.0,0,closed,realized,2026-01-05T03:15:59Z,0.00212,timeout_1m,,,-0.0038530213325814744,-0.005048039094070145,,,-0.0038530213325814744,-0.005048039094070145,120,0,0,1,0,atr,2.0007142857142836e-05,1.75,1.0,8,3,1,2026-01-05T03:15:59Z,40.0,-0.2019215637628058,-0.005048039094070145,2026-01
rank32b-beatusdt-e0220490d6163215,BEATUSDT,short,official_close,2026-01-05T03:30:00Z,2026-01-05T03:45:00Z,BEATUSDT|2026-01-05T03:30:00Z,2026-01-05T03:45:00Z,0.8004,6.0,0,closed,realized,2026-01-05T04:31:59Z,0.8144785714285715,stop_1m,,,-0.0175894195759263,-0.018767958604626322,,,-0.0175894195759263,-0.018767958604626322,46,0,1,0,0,atr,0.014078571428571449,1.75,1.0,8,3,1,2026-01-05T04:31:59Z,40.0,-0.7507183441850529,-0.018767958604626322,2026-01
rank32b-beatusdt-b71964ca8d64b025,BEATUSDT,short,official_close,2026-01-05T04:45:00Z,2026-01-05T05:00:00Z,BEATUSDT|2026-01-05T04:45:00Z,2026-01-05T05:00:00Z,0.7916,6.0,0,closed,realized,2026-01-05T05:24:59Z,0.7694375,target_1m,,,0.027997094492167696,0.0267638680577309,,,0.027997094492167696,0.0267638680577309,24,1,0,0,0,atr,0.012664285714285723,1.75,1.0,8,3,1,2026-01-05T05:24:59Z,40.0,1.070554722309236,0.0267638680577309,2026-01
rank32b-avaxusdt-25aa05181b68ccf2,AVAXUSDT,long,official_close,2026-01-05T10:00:00Z,2026-01-05T10:15:00Z,AVAXUSDT|2026-01-05T10:00:00Z,2026-01-05T10:15:00Z,14.327,6.0,0,closed,realized,2026-01-05T10:32:59Z,14.242785714285715,stop_1m,,,-0.005878012543748534,-0.007070601044780633,,,-0.005878012543748534,-0.007070601044780633,17,0,1,0,0,atr,0.08421428571428587,1.75,1.0,8,3,1,2026-01-05T10:32:59Z,100.0,-0.7070601044780633,-0.007070601044780633,2026-01
rank32b-adausdt-5fbcdd3300cc75f7,ADAUSDT,long,official_close,2026-01-05T14:15:00Z,2026-01-05T14:30:00Z,ADAUSDT|2026-01-05T14:15:00Z,2026-01-05T14:30:00Z,0.4012,6.0,0,closed,realized,2026-01-05T14:36:59Z,0.3989285714285714,stop_1m,,,-0.0056615866685657545,-0.006854434802734732,,,-0.0056615866685657545,-0.006854434802734732,6,0,1,0,0,atr,0.002271428571428567,1.75,1.0,8,3,1,2026-01-05T14:36:59Z,100.0,-0.6854434802734732,-0.006854434802734732,2026-01
rank32b-nearusdt-050e4de1396f20d0,NEARUSDT,long,official_close,2026-01-05T14:30:00Z,2026-01-05T14:45:00Z,NEARUSDT|2026-01-05T14:30:00Z,2026-01-05T14:45:00Z,1.747,6.0,0,closed,realized,2026-01-05T14:49:59Z,1.7352142857142858,stop_1m,,,-0.006746258892795787,-0.007937805810777743,,,-0.006746258892795787,-0.007937805810777743,4,0,1,0,0,atr,0.011785714285714335,1.75,1.0,8,3,1,2026-01-05T14:49:59Z,100.0,-0.7937805810777743,-0.007937805810777743,2026-01
rank32b-fartcoinusdt-7babd179c9d632f0,FARTCOINUSDT,long,official_close,2026-01-05T14:45:00Z,2026-01-05T15:00:00Z,FARTCOINUSDT|2026-01-05T14:45:00Z,2026-01-05T15:00:00Z,0.3841,6.0,0,closed,realized,2026-01-05T15:13:59Z,0.3785142857142857,stop_1m,,,-0.014542343883661268,-0.015724538306244762,,,-0.014542343883661268,-0.015724538306244762,13,0,1,0,0,atr,0.005585714285714289,1.75,1.0,8,3,1,2026-01-05T15:13:59Z,40.0,-0.6289815322497905,-0.015724538306244762,2026-01
rank32b-fartcoinusdt-0ad9a0cd895f9bff,FARTCOINUSDT,long,official_close,2026-01-05T15:30:00Z,2026-01-05T15:45:00Z,FARTCOINUSDT|2026-01-05T15:30:00Z,2026-01-05T15:45:00Z,0.3853,6.0,0,closed,realized,2026-01-05T16:10:59Z,0.39668749999999997,target_1m,,,0.029554892291720813,0.028319797060731844,,,0.029554892291720813,0.028319797060731844,25,1,0,0,0,atr,0.006507142857142855,1.75,1.0,8,3,1,2026-01-05T16:10:59Z,40.0,1.1327918824292738,0.028319797060731844,2026-01
rank32b-1000pepeusdt-000389a366b18fda,1000PEPEUSDT,long,official_close,2026-01-05T17:30:00Z,2026-01-05T17:45:00Z,1000PEPEUSDT|2026-01-05T17:30:00Z,2026-01-05T17:45:00Z,0.0068817,6.0,0,closed,realized,2026-01-05T19:45:59Z,0.0068627,timeout_1m,,,-0.002760945696557493,-0.003957273555662222,,,-0.002760945696557493,-0.003957273555662222,120,0,0,1,0,atr,9.250714285714282e-05,1.75,1.0,8,3,1,2026-01-05T19:45:59Z,40.0,-0.15829094222648887,-0.003957273555662222,2026-01
rank32b-brettusdt-9bcdbdc4c90716f3,BRETTUSDT,long,official_close,2026-01-05T20:00:00Z,2026-01-05T20:15:00Z,BRETTUSDT|2026-01-05T20:00:00Z,2026-01-05T20:15:00Z,0.01964,6.0,0,closed,realized,2026-01-05T20:28:59Z,0.01997875,target_1m,,,0.01724796334012213,0.016027631993380753,,,0.01724796334012213,0.016027631993380753,13,1,0,0,0,atr,0.0001935714285714286,1.75,1.0,8,3,1,2026-01-05T20:28:59Z,40.0,0.6411052797352301,0.016027631993380753,2026-01
rank32b-1000pepeusdt-fb74829d4fd0ce60,1000PEPEUSDT,long,official_close,2026-01-05T21:30:00Z,2026-01-05T21:45:00Z,1000PEPEUSDT|2026-01-05T21:30:00Z,2026-01-05T21:45:00Z,0.0068953,6.0,0,closed,realized,2026-01-05T22:57:59Z,0.0069993,target_1m,,,0.015082737516859401,0.013865003661624575,,,0.015082737516859401,0.013865003661624575,72,1,0,0,0,atr,5.9428571428571325e-05,1.75,1.0,8,3,1,2026-01-05T22:57:59Z,40.0,0.554600146464983,0.013865003661624575,2026-01
rank32b-actusdt-53e0d6d0bf728ad5,ACTUSDT,short,official_close,2026-01-06T00:30:00Z,2026-01-06T00:45:00Z,ACTUSDT|2026-01-06T00:30:00Z,2026-01-06T00:45:00Z,0.0273,6.0,0,closed,realized,2026-01-06T01:01:59Z,0.02752,stop_1m,,,-0.00805860805860803,-0.00924858063003664,,,-0.00805860805860803,-0.00924858063003664,16,0,1,0,0,atr,0.00021999999999999922,1.75,1.0,8,3,1,2026-01-06T01:01:59Z,40.0,-0.3699432252014656,-0.00924858063003664,2026-01
rank32b-brettusdt-6430361281041930,BRETTUSDT,long,official_close,2026-01-06T00:45:00Z,2026-01-06T01:00:00Z,BRETTUSDT|2026-01-06T00:45:00Z,2026-01-06T01:00:00Z,0.01973,6.0,0,closed,realized,2026-01-06T01:19:59Z,0.02007,target_1m,,,0.01723264064875818,0.016012327683730287,,,0.01723264064875818,0.016012327683730287,19,1,0,0,0,atr,0.0001942857142857143,1.75,1.0,8,3,1,2026-01-06T01:19:59Z,40.0,0.6404931073492115,0.016012327683730287,2026-01
rank32b-1000pepeusdt-a28e092f0ebfbe62,1000PEPEUSDT,long,official_close,2026-01-06T03:00:00Z,2026-01-06T03:15:00Z,1000PEPEUSDT|2026-01-06T03:00:00Z,2026-01-06T03:15:00Z,0.0069627,6.0,0,closed,realized,2026-01-06T05:11:59Z,0.006882007142857143,stop_1m,,,-0.011589305462371913,-0.012775042467967124,,,-0.011589305462371913,-0.012775042467967124,116,0,1,0,0,atr,8.06928571428572e-05,1.75,1.0,8,3,1,2026-01-06T05:11:59Z,40.0,-0.511001698718685,-0.012775042467967124,2026-01
rank32b-actusdt-1cb3778ee30d4342,ACTUSDT,short,official_close,2026-01-06T05:00:00Z,2026-01-06T05:15:00Z,ACTUSDT|2026-01-06T05:00:00Z,2026-01-06T05:15:00Z,0.0274,6.0,0,closed,realized,2026-01-06T05:33:59Z,0.027006250000000002,target_1m,,,0.014370437956204296,0.013153558604014348,,,0.014370437956204296,0.013153558604014348,18,1,0,0,0,atr,0.00022499999999999975,1.75,1.0,8,3,1,2026-01-06T05:33:59Z,40.0,0.5261423441605739,0.013153558604014348,2026-01
rank32b-actusdt-6ae2da7c2c6e9cc3,ACTUSDT,short,official_close,2026-01-06T08:15:00Z,2026-01-06T08:30:00Z,ACTUSDT|2026-01-06T08:15:00Z,2026-01-06T08:30:00Z,0.02728,6.0,0,closed,realized,2026-01-06T09:20:59Z,0.027555714285714284,stop_1m,,,-0.010106828655215727,-0.011294344099287867,,,-0.010106828655215727,-0.011294344099287867,50,0,1,0,0,atr,0.00027571428571428614,1.75,1.0,8,3,1,2026-01-06T09:20:59Z,40.0,-0.4517737639715147,-0.011294344099287867,2026-01
rank32b-brettusdt-116a9b9064455ce8,BRETTUSDT,long,official_close,2026-01-06T11:00:00Z,2026-01-06T11:15:00Z,BRETTUSDT|2026-01-06T11:00:00Z,2026-01-06T11:15:00Z,0.01974,6.0,0,closed,realized,2026-01-06T13:15:59Z,0.01989,timeout_1m,,,0.0075987841945288626,0.006390028389057667,,,0.0075987841945288626,0.006390028389057667,120,0,0,1,0,atr,0.00016785714285714272,1.75,1.0,8,3,1,2026-01-06T13:15:59Z,40.0,0.2556011355623067,0.006390028389057667,2026-01
rank32b-tradoorusdt-3f6cb0c8a5200bb2,TRADOORUSDT,short,official_close,2026-01-06T14:30:00Z,2026-01-06T14:45:00Z,TRADOORUSDT|2026-01-06T14:30:00Z,2026-01-06T14:45:00Z,1.539,6.0,0,closed,realized,2026-01-06T15:20:59Z,1.561642857142857,stop_1m,,,-0.014712707695163862,-0.015894697742504516,,,-0.014712707695163862,-0.015894697742504516,35,0,1,0,0,atr,0.02264285714285717,1.75,1.0,8,3,1,2026-01-06T15:20:59Z,40.0,-0.6357879097001806,-0.015894697742504516,2026-01
rank32b-pippinusdt-e226e2c385386a3b,PIPPINUSDT,short,official_close,2026-01-06T16:00:00Z,2026-01-06T16:15:00Z,PIPPINUSDT|2026-01-06T16:00:00Z,2026-01-06T16:15:00Z,0.32813,6.0,0,closed,realized,2026-01-06T18:15:59Z,0.32869,timeout_1m,,,-0.0017066406607137985,-0.002904233306311732,,,-0.0017066406607137985,-0.002904233306311732,120,0,0,1,0,atr,0.009964285714285722,1.75,1.0,8,3,1,2026-01-06T18:15:59Z,40.0,-0.11616933225246928,-0.002904233306311732,2026-01
rank32b-fartcoinusdt-f6f0619dcbaef1d3,FARTCOINUSDT,long,official_close,2026-01-06T20:15:00Z,2026-01-06T20:30:00Z,FARTCOINUSDT|2026-01-06T20:15:00Z,2026-01-06T20:30:00Z,0.4348,6.0,0,closed,realized,2026-01-06T20:49:59Z,0.44955,target_1m,,,0.03392364305427775,0.03268330689512422,,,0.03392364305427775,0.03268330689512422,19,1,0,0,0,atr,0.008428571428571428,1.75,1.0,8,3,1,2026-01-06T20:49:59Z,40.0,1.3073322758049688,0.03268330689512422,2026-01
rank32b-linkusdt-a3f8d449c1c92896,LINKUSDT,long,official_close,2026-01-06T21:00:00Z,2026-01-06T21:15:00Z,LINKUSDT|2026-01-06T21:00:00Z,2026-01-06T21:15:00Z,13.839,6.0,0,closed,realized,2026-01-06T21:17:59Z,13.99525,target_1m,,,0.011290555675988134,0.010077371073776709,,,0.011290555675988134,0.010077371073776709,2,1,0,0,0,atr,0.08928571428571429,1.75,1.0,8,3,1,2026-01-06T21:17:59Z,100.0,1.0077371073776709,0.010077371073776709,2026-01
rank32b-dotusdt-05baaf097e02efa3,DOTUSDT,long,official_close,2026-01-06T21:15:00Z,2026-01-06T21:30:00Z,DOTUSDT|2026-01-06T21:15:00Z,2026-01-06T21:30:00Z,2.208,6.0,0,closed,realized,2026-01-06T23:10:59Z,2.2355,target_1m,,,0.012454710144927494,0.011240128976449215,,,0.012454710144927494,0.011240128976449215,100,1,0,0,0,atr,0.015714285714285698,1.75,1.0,8,3,1,2026-01-06T23:10:59Z,100.0,1.1240128976449215,0.011240128976449215,2026-01
rank32b-zecusdt-381ca5e12a7b6e6d,ZECUSDT,long,official_close,2026-01-07T00:15:00Z,2026-01-07T00:30:00Z,ZECUSDT|2026-01-07T00:15:00Z,2026-01-07T00:30:00Z,505.96,6.0,0,closed,realized,2026-01-07T00:37:59Z,502.8792857142857,stop_1m,,,-0.0060888494855606545,-0.007281185058163886,,,-0.0060888494855606545,-0.007281185058163886,7,0,1,0,0,atr,3.0807142857142935,1.75,1.0,8,3,1,2026-01-07T00:37:59Z,100.0,-0.7281185058163886,-0.007281185058163886,2026-01
rank32b-1000pepeusdt-dc67cda6c461c78d,1000PEPEUSDT,short,official_close,2026-01-07T00:00:00Z,2026-01-07T00:15:00Z,1000PEPEUSDT|2026-01-07T00:00:00Z,2026-01-07T00:15:00Z,0.0066622,6.0,0,closed,realized,2026-01-07T00:57:59Z,0.0065647625,target_1m,,,0.01462542403410294,0.01340823879041464,,,0.01462542403410294,0.01340823879041464,42,1,0,0,0,atr,5.5678571428571356e-05,1.75,1.0,8,3,1,2026-01-07T00:57:59Z,40.0,0.5363295516165856,0.01340823879041464,2026-01
rank32b-dogeusdt-a129d8ca122158b4,DOGEUSDT,short,official_close,2026-01-07T00:45:00Z,2026-01-07T01:00:00Z,DOGEUSDT|2026-01-07T00:45:00Z,2026-01-07T01:00:00Z,0.14813,6.0,0,closed,realized,2026-01-07T03:00:59Z,0.14861,timeout_1m,,,-0.003240396948626101,-0.004436149638830766,,,-0.003240396948626101,-0.004436149638830766,120,0,0,1,0,atr,0.0007971428571428574,1.75,1.0,8,3,1,2026-01-07T03:00:59Z,100.0,-0.44361496388307664,-0.004436149638830766,2026-01
rank32b-fartcoinusdt-c08b067bddc528ed,FARTCOINUSDT,long,official_close,2026-01-07T04:30:00Z,2026-01-07T04:45:00Z,FARTCOINUSDT|2026-01-07T04:30:00Z,2026-01-07T04:45:00Z,0.444,6.0,0,closed,realized,2026-01-07T04:56:59Z,0.4377642857142857,stop_1m,,,-0.014044401544401564,-0.01522719331853295,,,-0.014044401544401564,-0.01522719331853295,11,0,1,0,0,atr,0.006235714285714289,1.75,1.0,8,3,1,2026-01-07T04:56:59Z,40.0,-0.609087732741318,-0.01522719331853295,2026-01
rank32b-dotusdt-3597c01efa1f32e9,DOTUSDT,long,official_close,2026-01-07T07:00:00Z,2026-01-07T07:15:00Z,DOTUSDT|2026-01-07T07:00:00Z,2026-01-07T07:15:00Z,2.204,6.0,0,closed,realized,2026-01-07T07:33:59Z,2.226125,target_1m,,,0.010038566243194103,0.008826883577585987,,,0.010038566243194103,0.008826883577585987,18,1,0,0,0,atr,0.012642857142857178,1.75,1.0,8,3,1,2026-01-07T07:33:59Z,100.0,0.8826883577585987,0.008826883577585987,2026-01
rank32b-fartcoinusdt-ed0af88191c71e1c,FARTCOINUSDT,long,official_close,2026-01-07T07:15:00Z,2026-01-07T07:30:00Z,FARTCOINUSDT|2026-01-07T07:15:00Z,2026-01-07T07:30:00Z,0.4433,6.0,0,closed,realized,2026-01-07T08:21:59Z,0.4511875,target_1m,,,0.01779269117978788,0.0165717063557409,,,0.01779269117978788,0.0165717063557409,51,1,0,0,0,atr,0.004507142857142856,1.75,1.0,8,3,1,2026-01-07T08:21:59Z,40.0,0.662868254229636,0.0165717063557409,2026-01
rank32b-pippinusdt-a4a9cfb83af50e66,PIPPINUSDT,short,official_close,2026-01-07T06:30:00Z,2026-01-07T06:45:00Z,PIPPINUSDT|2026-01-07T06:30:00Z,2026-01-07T06:45:00Z,0.32818,6.0,0,closed,realized,2026-01-07T08:45:59Z,0.32543,timeout_1m,,,0.008379547809129195,0.007169855368395428,,,0.008379547809129195,0.007169855368395428,120,0,0,1,0,atr,0.003823571428571426,1.75,1.0,8,3,1,2026-01-07T08:45:59Z,40.0,0.2867942147358171,0.007169855368395428,2026-01
rank32b-brettusdt-398d814ecbb543a3,BRETTUSDT,short,official_close,2026-01-07T09:00:00Z,2026-01-07T09:15:00Z,BRETTUSDT|2026-01-07T09:00:00Z,2026-01-07T09:15:00Z,0.01873,6.0,0,closed,realized,2026-01-07T09:34:59Z,0.018405,target_1m,,,0.01735184196476236,0.01613138600106767,,,0.01735184196476236,0.01613138600106767,19,1,0,0,0,atr,0.00018571428571428558,1.75,1.0,8,3,1,2026-01-07T09:34:59Z,40.0,0.6452554400427069,0.01613138600106767,2026-01
rank32b-actusdt-c453f27e49d7d1a5,ACTUSDT,short,official_close,2026-01-07T13:00:00Z,2026-01-07T13:15:00Z,ACTUSDT|2026-01-07T13:00:00Z,2026-01-07T13:15:00Z,0.02702,6.0,0,closed,realized,2026-01-07T13:26:59Z,0.027243571428571426,stop_1m,,,-0.008274294173628016,-0.009464007999365642,,,-0.008274294173628016,-0.009464007999365642,11,0,1,0,0,atr,0.0002235714285714284,1.75,1.0,8,3,1,2026-01-07T13:26:59Z,40.0,-0.3785603199746257,-0.009464007999365642,2026-01
rank32b-1000pepeusdt-bdd19d5cfe139cc2,1000PEPEUSDT,short,official_close,2026-01-07T15:00:00Z,2026-01-07T15:15:00Z,1000PEPEUSDT|2026-01-07T15:00:00Z,2026-01-07T15:15:00Z,0.0066247,6.0,0,closed,realized,2026-01-07T16:12:59Z,0.006705971428571428,stop_1m,,,-0.012267940974146407,-0.013452863861436293,,,-0.012267940974146407,-0.013452863861436293,57,0,1,0,0,atr,8.127142857142873e-05,1.75,1.0,8,3,1,2026-01-07T16:12:59Z,40.0,-0.5381145544574517,-0.013452863861436293,2026-01
rank32b-beatusdt-84b187ba015b57c0,BEATUSDT,short,official_close,2026-01-07T16:30:00Z,2026-01-07T16:45:00Z,BEATUSDT|2026-01-07T16:30:00Z,2026-01-07T16:45:00Z,0.5704,6.0,0,closed,realized,2026-01-07T18:16:59Z,0.5868928571428571,stop_1m,,,-0.028914546183129497,-0.03007949913694652,,,-0.028914546183129497,-0.03007949913694652,91,0,1,0,0,atr,0.016492857142857125,1.75,1.0,8,3,1,2026-01-07T18:16:59Z,40.0,-1.2031799654778608,-0.03007949913694652,2026-01
rank32b-tradoorusdt-ea2e79059118a704,TRADOORUSDT,long,official_close,2026-01-07T16:45:00Z,2026-01-07T17:00:00Z,TRADOORUSDT|2026-01-07T16:45:00Z,2026-01-07T17:00:00Z,1.754,6.0,0,closed,realized,2026-01-07T18:54:59Z,1.8083749999999998,target_1m,,,0.03100057012542745,0.029763740601481903,,,0.03100057012542745,0.029763740601481903,114,1,0,0,0,atr,0.031071428571428528,1.75,1.0,8,3,1,2026-01-07T18:54:59Z,40.0,1.1905496240592761,0.029763740601481903,2026-01
rank32b-beatusdt-440d728971bd44e7,BEATUSDT,short,official_close,2026-01-07T22:45:00Z,2026-01-07T23:00:00Z,BEATUSDT|2026-01-07T22:45:00Z,2026-01-07T23:00:00Z,0.5753,6.0,0,closed,realized,2026-01-07T23:36:59Z,0.55805,target_1m,,,0.029984355988180056,0.02874874555536233,,,0.029984355988180056,0.02874874555536233,36,1,0,0,0,atr,0.009857142857142858,1.75,1.0,8,3,1,2026-01-07T23:36:59Z,40.0,1.1499498222144933,0.02874874555536233,2026-01
rank32b-pippinusdt-4572091906fca662,PIPPINUSDT,short,official_close,2026-01-07T22:15:00Z,2026-01-07T22:30:00Z,PIPPINUSDT|2026-01-07T22:15:00Z,2026-01-07T22:30:00Z,0.28995,6.0,0,closed,realized,2026-01-08T00:30:59Z,0.27965,timeout_1m,,,0.03552336609760298,0.03428111084669738,,,0.03552336609760298,0.03428111084669738,120,0,0,1,0,atr,0.01502357142857143,1.75,1.0,8,3,1,2026-01-08T00:30:59Z,40.0,1.3712444338678953,0.03428111084669738,2026-01
rank32b-beatusdt-9920aa7a8eb91a4a,BEATUSDT,short,official_close,2026-01-08T01:30:00Z,2026-01-08T01:45:00Z,BEATUSDT|2026-01-08T01:30:00Z,2026-01-08T01:45:00Z,0.5755,6.0,0,closed,realized,2026-01-08T03:27:59Z,0.556625,target_1m,,,0.032797567332754074,0.03155858205907891,,,0.032797567332754074,0.03155858205907891,102,1,0,0,0,atr,0.010785714285714279,1.75,1.0,8,3,1,2026-01-08T03:27:59Z,40.0,1.2623432823631564,0.03155858205907891,2026-01
rank32b-1000pepeusdt-7311ef784ed55563,1000PEPEUSDT,short,official_close,2026-01-08T02:15:00Z,2026-01-08T02:30:00Z,1000PEPEUSDT|2026-01-08T02:15:00Z,2026-01-08T02:30:00Z,0.0065824,6.0,0,closed,realized,2026-01-08T03:43:59Z,0.006472800000000001,target_1m,,,0.016650461837627528,0.015430847277588589,,,0.016650461837627528,0.015430847277588589,73,1,0,0,0,atr,6.262857142857127e-05,1.75,1.0,8,3,1,2026-01-08T03:43:59Z,40.0,0.6172338911035435,0.015430847277588589,2026-01
rank32b-tradoorusdt-d1487ff1935d7cd5,TRADOORUSDT,long,official_close,2026-01-08T03:15:00Z,2026-01-08T03:30:00Z,TRADOORUSDT|2026-01-08T03:15:00Z,2026-01-08T03:30:00Z,1.776,6.0,0,closed,realized,2026-01-08T04:41:59Z,1.7430714285714286,stop_1m,,,-0.01854086229086227,-0.019718259930823767,,,-0.01854086229086227,-0.019718259930823767,71,0,1,0,0,atr,0.03292857142857143,1.75,1.0,8,3,1,2026-01-08T04:41:59Z,40.0,-0.7887303972329507,-0.019718259930823767,2026-01
rank32b-pippinusdt-07bfaca93d7572dd,PIPPINUSDT,short,official_close,2026-01-08T04:30:00Z,2026-01-08T04:45:00Z,PIPPINUSDT|2026-01-08T04:30:00Z,2026-01-08T04:45:00Z,0.28118,6.0,0,closed,realized,2026-01-08T06:45:59Z,0.27928,timeout_1m,,,0.006757237356853296,0.005549491104630322,,,0.006757237356853296,0.005549491104630322,120,0,0,1,0,atr,0.005717142857142853,1.75,1.0,8,3,1,2026-01-08T06:45:59Z,40.0,0.22197964418521288,0.005549491104630322,2026-01
rank32b-tradoorusdt-701e1fba4889a848,TRADOORUSDT,long,official_close,2026-01-08T05:15:00Z,2026-01-08T05:30:00Z,TRADOORUSDT|2026-01-08T05:15:00Z,2026-01-08T05:30:00Z,1.783,6.0,0,closed,realized,2026-01-08T07:30:59Z,1.822,timeout_1m,,,0.02187324733595064,0.020647367313516574,,,0.02187324733595064,0.020647367313516574,120,0,0,1,0,atr,0.03071428571428571,1.75,1.0,8,3,1,2026-01-08T07:30:59Z,40.0,0.825894692540663,0.020647367313516574,2026-01
rank32b-beatusdt-556cd368d4fded3b,BEATUSDT,short,official_close,2026-01-08T14:45:00Z,2026-01-08T15:00:00Z,BEATUSDT|2026-01-08T14:45:00Z,2026-01-08T15:00:00Z,0.5204,6.0,0,closed,realized,2026-01-08T16:26:59Z,0.5295214285714286,stop_1m,,,-0.017527725925112536,-0.01870633896398377,,,-0.017527725925112536,-0.01870633896398377,86,0,1,0,0,atr,0.009121428571428586,1.75,1.0,8,3,1,2026-01-08T16:26:59Z,40.0,-0.7482535585593508,-0.01870633896398377,2026-01
rank32b-nearusdt-cfdbdf713236e3e9,NEARUSDT,short,official_close,2026-01-08T16:00:00Z,2026-01-08T16:15:00Z,NEARUSDT|2026-01-08T16:00:00Z,2026-01-08T16:15:00Z,1.693,6.0,0,closed,realized,2026-01-08T17:08:59Z,1.7089285714285716,stop_1m,,,-0.009408488735127785,-0.01059684193570165,,,-0.009408488735127785,-0.01059684193570165,53,0,1,0,0,atr,0.01592857142857145,1.75,1.0,8,3,1,2026-01-08T17:08:59Z,100.0,-1.059684193570165,-0.01059684193570165,2026-01
rank32b-beatusdt-782056b2e2010989,BEATUSDT,short,official_close,2026-01-08T16:30:00Z,2026-01-08T16:45:00Z,BEATUSDT|2026-01-08T16:30:00Z,2026-01-08T16:45:00Z,0.516,6.0,0,closed,realized,2026-01-08T17:18:59Z,0.4962125,target_1m,,,0.03834786821705427,0.037102224580426224,,,0.03834786821705427,0.037102224580426224,33,1,0,0,0,atr,0.011307142857142865,1.75,1.0,8,3,1,2026-01-08T17:18:59Z,40.0,1.484088983217049,0.037102224580426224,2026-01
rank32b-bchusdt-0c27efb74f934bb1,BCHUSDT,short,official_close,2026-01-08T17:45:00Z,2026-01-08T18:00:00Z,BCHUSDT|2026-01-08T17:45:00Z,2026-01-08T18:00:00Z,628.11,6.0,0,closed,realized,2026-01-08T18:30:59Z,633.2678571428571,stop_1m,,,-0.008211709959811353,-0.009401498864075264,,,-0.008211709959811353,-0.009401498864075264,30,0,1,0,0,atr,5.15785714285713,1.75,1.0,8,3,1,2026-01-08T18:30:59Z,100.0,-0.9401498864075264,-0.009401498864075264,2026-01
rank32b-wldusdt-6725714f93305442,WLDUSDT,short,official_close,2026-01-08T17:15:00Z,2026-01-08T17:30:00Z,WLDUSDT|2026-01-08T17:15:00Z,2026-01-08T17:30:00Z,0.5833,6.0,0,closed,realized,2026-01-08T19:30:59Z,0.5833,timeout_1m,,,-0.0,-0.0011996400000000573,,,-0.0,-0.0011996400000000573,120,0,0,1,0,atr,0.006114285714285707,1.75,1.0,8,3,1,2026-01-08T19:30:59Z,100.0,-0.11996400000000573,-0.0011996400000000573,2026-01
rank32b-dotusdt-057263a086af115c,DOTUSDT,short,official_close,2026-01-08T18:30:00Z,2026-01-08T18:45:00Z,DOTUSDT|2026-01-08T18:30:00Z,2026-01-08T18:45:00Z,2.118,6.0,0,closed,realized,2026-01-08T20:45:59Z,2.105,timeout_1m,,,0.006137865911236995,0.004930862681775228,,,0.006137865911236995,0.004930862681775228,120,0,0,1,0,atr,0.017285714285714286,1.75,1.0,8,3,1,2026-01-08T20:45:59Z,100.0,0.49308626817752277,0.004930862681775228,2026-01
rank32b-brettusdt-9700bf2e77e1d8af,BRETTUSDT,short,official_close,2026-01-08T19:15:00Z,2026-01-08T19:30:00Z,BRETTUSDT|2026-01-08T19:15:00Z,2026-01-08T19:30:00Z,0.01763,6.0,0,closed,realized,2026-01-08T21:30:59Z,0.01768,timeout_1m,,,-0.0028360748723768037,-0.0040323126035169965,,,-0.0028360748723768037,-0.0040323126035169965,120,0,0,1,0,atr,0.000192142857142857,1.75,1.0,8,3,1,2026-01-08T21:30:59Z,40.0,-0.16129250414067986,-0.0040323126035169965,2026-01
rank32b-xrpusdt-4200df9f6fd985dc,XRPUSDT,short,official_close,2026-01-08T22:30:00Z,2026-01-08T22:45:00Z,XRPUSDT|2026-01-08T22:30:00Z,2026-01-08T22:45:00Z,2.1237,6.0,0,closed,realized,2026-01-09T00:45:59Z,2.1347,timeout_1m,,,-0.0051796393087537584,-0.006373065606253503,,,-0.0051796393087537584,-0.006373065606253503,120,0,0,1,0,atr,0.012785714285714242,1.75,1.0,8,3,1,2026-01-09T00:45:59Z,100.0,-0.6373065606253503,-0.006373065606253503,2026-01
rank32b-fartcoinusdt-8daa06570a10ffdb,FARTCOINUSDT,short,official_close,2026-01-08T23:30:00Z,2026-01-08T23:45:00Z,FARTCOINUSDT|2026-01-08T23:30:00Z,2026-01-08T23:45:00Z,0.3997,6.0,0,closed,realized,2026-01-09T01:29:59Z,0.4040214285714286,stop_1m,,,-0.010811680188713035,-0.011998350064691521,,,-0.010811680188713035,-0.011998350064691521,104,0,1,0,0,atr,0.0043214285714285715,1.75,1.0,8,3,1,2026-01-09T01:29:59Z,40.0,-0.47993400258766084,-0.011998350064691521,2026-01
rank32b-fartcoinusdt-4a784b86860dc92a,FARTCOINUSDT,short,official_close,2026-01-09T01:30:00Z,2026-01-09T01:45:00Z,FARTCOINUSDT|2026-01-09T01:30:00Z,2026-01-09T01:45:00Z,0.3933,6.0,0,closed,realized,2026-01-09T02:06:59Z,0.3976142857142857,stop_1m,,,-0.010969452617049846,-0.012155933222912418,,,-0.010969452617049846,-0.012155933222912418,21,0,1,0,0,atr,0.004314285714285715,1.75,1.0,8,3,1,2026-01-09T02:06:59Z,40.0,-0.48623732891649674,-0.012155933222912418,2026-01
rank32b-fartcoinusdt-535a5a5347c46f68,FARTCOINUSDT,short,official_close,2026-01-09T04:30:00Z,2026-01-09T04:45:00Z,FARTCOINUSDT|2026-01-09T04:30:00Z,2026-01-09T04:45:00Z,0.3958,6.0,0,closed,realized,2026-01-09T05:56:59Z,0.40135714285714286,stop_1m,,,-0.014040280083736478,-0.015223076802136859,,,-0.014040280083736478,-0.015223076802136859,71,0,1,0,0,atr,0.005557142857142856,1.75,1.0,8,3,1,2026-01-09T05:56:59Z,40.0,-0.6089230720854744,-0.015223076802136859,2026-01
rank32b-fartcoinusdt-2a571e865e613bbf,FARTCOINUSDT,short,official_close,2026-01-09T06:00:00Z,2026-01-09T06:15:00Z,FARTCOINUSDT|2026-01-09T06:00:00Z,2026-01-09T06:15:00Z,0.3969,6.0,0,closed,realized,2026-01-09T06:39:59Z,0.4008428571428571,stop_1m,,,-0.009934132383111915,-0.01112185500053986,,,-0.009934132383111915,-0.01112185500053986,24,0,1,0,0,atr,0.003942857142857137,1.75,1.0,8,3,1,2026-01-09T06:39:59Z,40.0,-0.4448742000215944,-0.01112185500053986,2026-01
rank32b-bchusdt-5bd666218bf370c2,BCHUSDT,short,official_close,2026-01-09T07:45:00Z,2026-01-09T08:00:00Z,BCHUSDT|2026-01-09T07:45:00Z,2026-01-09T08:00:00Z,630.82,6.0,0,closed,realized,2026-01-09T08:11:59Z,626.50625,target_1m,,,0.006838321549728965,0.0056304780256650755,,,0.006838321549728965,0.0056304780256650755,11,1,0,0,0,atr,2.4650000000000074,1.75,1.0,8,3,1,2026-01-09T08:11:59Z,100.0,0.5630478025665075,0.0056304780256650755,2026-01
rank32b-adausdt-c0b730bd70e1acf7,ADAUSDT,short,official_close,2026-01-09T08:30:00Z,2026-01-09T08:45:00Z,ADAUSDT|2026-01-09T08:30:00Z,2026-01-09T08:45:00Z,0.3935,6.0,0,closed,realized,2026-01-09T08:48:59Z,0.3903375,target_1m,,,0.008036848792884355,0.006827567467598383,,,0.008036848792884355,0.006827567467598383,3,1,0,0,0,atr,0.0018071428571428602,1.75,1.0,8,3,1,2026-01-09T08:48:59Z,100.0,0.6827567467598383,0.006827567467598383,2026-01
rank32b-brettusdt-41dedbf7c4845e5b,BRETTUSDT,short,official_close,2026-01-09T08:45:00Z,2026-01-09T09:00:00Z,BRETTUSDT|2026-01-09T08:45:00Z,2026-01-09T09:00:00Z,0.01764,6.0,0,closed,realized,2026-01-09T09:01:59Z,0.017787857142857143,stop_1m,,,-0.00838192419825079,-0.009571508906705661,,,-0.00838192419825079,-0.009571508906705661,1,0,1,0,0,atr,0.00014785714285714277,1.75,1.0,8,3,1,2026-01-09T09:01:59Z,40.0,-0.38286035626822645,-0.009571508906705661,2026-01
rank32b-brettusdt-122e1bfa1ea5a651,BRETTUSDT,short,official_close,2026-01-09T09:45:00Z,2026-01-09T10:00:00Z,BRETTUSDT|2026-01-09T09:45:00Z,2026-01-09T10:00:00Z,0.01767,6.0,0,closed,realized,2026-01-09T11:19:59Z,0.017839285714285717,stop_1m,,,-0.009580402619451922,-0.01076854958525364,,,-0.009580402619451922,-0.01076854958525364,79,0,1,0,0,atr,0.00016928571428571456,1.75,1.0,8,3,1,2026-01-09T11:19:59Z,40.0,-0.4307419834101456,-0.01076854958525364,2026-01
rank32b-fartcoinusdt-d26984633bb75d66,FARTCOINUSDT,short,official_close,2026-01-09T12:00:00Z,2026-01-09T12:15:00Z,FARTCOINUSDT|2026-01-09T12:00:00Z,2026-01-09T12:15:00Z,0.4002,6.0,0,closed,realized,2026-01-09T13:12:59Z,0.40637142857142855,stop_1m,,,-0.015420860998072383,-0.01660200151638469,,,-0.015420860998072383,-0.01660200151638469,57,0,1,0,0,atr,0.006171428571428562,1.75,1.0,8,3,1,2026-01-09T13:12:59Z,40.0,-0.6640800606553876,-0.01660200151638469,2026-01
rank32b-1000pepeusdt-aae92ea839b367b4,1000PEPEUSDT,short,official_close,2026-01-09T14:00:00Z,2026-01-09T14:15:00Z,1000PEPEUSDT|2026-01-09T14:00:00Z,2026-01-09T14:15:00Z,0.0060973,6.0,0,closed,realized,2026-01-09T15:27:59Z,0.006159657142857143,stop_1m,,,-0.01022700914456287,-0.01141438041531273,,,-0.01022700914456287,-0.01141438041531273,72,0,1,0,0,atr,6.235714285714301e-05,1.75,1.0,8,3,1,2026-01-09T15:27:59Z,40.0,-0.4565752166125092,-0.01141438041531273,2026-01
rank32b-solusdt-fe9901c62b2f6c41,SOLUSDT,long,official_close,2026-01-09T15:15:00Z,2026-01-09T15:30:00Z,SOLUSDT|2026-01-09T15:15:00Z,2026-01-09T15:30:00Z,139.8,6.0,0,closed,realized,2026-01-09T15:42:59Z,138.79500000000002,stop_1m,,,-0.0071888412017167,-0.008379857180257577,,,-0.0071888412017167,-0.008379857180257577,12,0,1,0,0,atr,1.0049999999999975,1.75,1.0,8,3,1,2026-01-09T15:42:59Z,100.0,-0.8379857180257577,-0.008379857180257577,2026-01
rank32b-tradoorusdt-3231fbb8e769344b,TRADOORUSDT,long,official_close,2026-01-09T14:30:00Z,2026-01-09T14:45:00Z,TRADOORUSDT|2026-01-09T14:30:00Z,2026-01-09T14:45:00Z,2.098,6.0,0,closed,realized,2026-01-09T16:45:59Z,2.187,timeout_1m,,,0.04242135367016209,0.04117082331744526,,,0.04242135367016209,0.04117082331744526,120,0,0,1,0,atr,0.11335714285714275,1.75,1.0,8,3,1,2026-01-09T16:45:59Z,40.0,1.6468329326978104,0.04117082331744526,2026-01
rank32b-zecusdt-c05136a05d16588a,ZECUSDT,short,official_close,2026-01-09T15:30:00Z,2026-01-09T15:45:00Z,ZECUSDT|2026-01-09T15:30:00Z,2026-01-09T15:45:00Z,431.03,6.0,0,closed,realized,2026-01-09T16:49:59Z,422.66625,target_1m,,,0.019404101802658724,0.018181183865972228,,,0.019404101802658724,0.018181183865972228,64,1,0,0,0,atr,4.779285714285712,1.75,1.0,8,3,1,2026-01-09T16:49:59Z,100.0,1.8181183865972228,0.018181183865972228,2026-01
rank32b-dogeusdt-a00a85f9e56dd8dd,DOGEUSDT,short,official_close,2026-01-09T18:15:00Z,2026-01-09T18:30:00Z,DOGEUSDT|2026-01-09T18:15:00Z,2026-01-09T18:30:00Z,0.13983,6.0,0,closed,realized,2026-01-09T20:30:59Z,0.13968,timeout_1m,,,0.0010727311735679868,-0.00012819571765709803,,,0.0010727311735679868,-0.00012819571765709803,120,0,0,1,0,atr,0.001607857142857143,1.75,1.0,8,3,1,2026-01-09T20:30:59Z,100.0,-0.012819571765709803,-0.00012819571765709803,2026-01
rank32b-tradoorusdt-a3b3f12f91602024,TRADOORUSDT,long,official_close,2026-01-09T18:30:00Z,2026-01-09T18:45:00Z,TRADOORUSDT|2026-01-09T18:30:00Z,2026-01-09T18:45:00Z,2.119,6.0,0,closed,realized,2026-01-09T20:45:59Z,2.127,timeout_1m,,,0.003775365738555747,0.0025711966588009005,,,0.003775365738555747,0.0025711966588009005,120,0,0,1,0,atr,0.06607142857142849,1.75,1.0,8,3,1,2026-01-09T20:45:59Z,40.0,0.10284786635203602,0.0025711966588009005,2026-01
rank32b-suiusdt-3d6a10fa7a4d6802,SUIUSDT,short,official_close,2026-01-09T19:00:00Z,2026-01-09T19:15:00Z,SUIUSDT|2026-01-09T19:00:00Z,2026-01-09T19:15:00Z,1.7968,6.0,0,closed,realized,2026-01-09T21:15:59Z,1.8015,timeout_1m,,,-0.0026157613535173763,-0.003812263381567371,,,-0.0026157613535173763,-0.003812263381567371,120,0,0,1,0,atr,0.01891428571428574,1.75,1.0,8,3,1,2026-01-09T21:15:59Z,100.0,-0.3812263381567371,-0.003812263381567371,2026-01
rank32b-pippinusdt-2691b6b778894298,PIPPINUSDT,long,official_close,2026-01-10T00:30:00Z,2026-01-10T00:45:00Z,PIPPINUSDT|2026-01-10T00:30:00Z,2026-01-10T00:45:00Z,0.41355,6.0,0,closed,realized,2026-01-10T02:22:59Z,0.42485124999999996,target_1m,,,0.02732740901946551,0.026094985966509165,,,0.02732740901946551,0.026094985966509165,97,1,0,0,0,atr,0.006457857142857134,1.75,1.0,8,3,1,2026-01-10T02:22:59Z,40.0,1.0437994386603666,0.026094985966509165,2026-01
rank32b-suiusdt-9280bad684101555,SUIUSDT,short,official_close,2026-01-10T02:30:00Z,2026-01-10T02:45:00Z,SUIUSDT|2026-01-10T02:30:00Z,2026-01-10T02:45:00Z,1.7979,6.0,0,closed,realized,2026-01-10T03:07:59Z,1.7847875,target_1m,,,0.00729323099171264,0.0060848417400858335,,,0.00729323099171264,0.0060848417400858335,22,1,0,0,0,atr,0.007492857142857174,1.75,1.0,8,3,1,2026-01-10T03:07:59Z,100.0,0.6084841740085833,0.0060848417400858335,2026-01
rank32b-tradoorusdt-4bdf9a6b3bd8cff0,TRADOORUSDT,long,official_close,2026-01-10T05:00:00Z,2026-01-10T05:15:00Z,TRADOORUSDT|2026-01-10T05:00:00Z,2026-01-10T05:15:00Z,2.122,6.0,0,closed,realized,2026-01-10T06:32:59Z,2.1651249999999997,target_1m,,,0.02032280867106495,0.019098788616870754,,,0.02032280867106495,0.019098788616870754,77,1,0,0,0,atr,0.024642857142857157,1.75,1.0,8,3,1,2026-01-10T06:32:59Z,40.0,0.7639515446748302,0.019098788616870754,2026-01
rank32b-pippinusdt-cfe4f68242f56a84,PIPPINUSDT,long,official_close,2026-01-10T05:15:00Z,2026-01-10T05:30:00Z,PIPPINUSDT|2026-01-10T05:15:00Z,2026-01-10T05:30:00Z,0.41662,6.0,0,closed,realized,2026-01-10T07:30:59Z,0.41707,timeout_1m,,,0.001080120973549148,-0.00012081478277570223,,,0.001080120973549148,-0.00012081478277570223,120,0,0,1,0,atr,0.005825000000000005,1.75,1.0,8,3,1,2026-01-10T07:30:59Z,40.0,-0.004832591311028089,-0.00012081478277570223,2026-01
rank32b-pippinusdt-c10ed73ef7bab7bb,PIPPINUSDT,long,official_close,2026-01-10T08:00:00Z,2026-01-10T08:15:00Z,PIPPINUSDT|2026-01-10T08:00:00Z,2026-01-10T08:15:00Z,0.41644,6.0,0,closed,realized,2026-01-10T08:31:59Z,0.41096999999999995,stop_1m,,,-0.013135145519162506,-0.014319028073191964,,,-0.013135145519162506,-0.014319028073191964,16,0,1,0,0,atr,0.0054700000000000104,1.75,1.0,8,3,1,2026-01-10T08:31:59Z,40.0,-0.5727611229276786,-0.014319028073191964,2026-01
rank32b-tradoorusdt-dec0347d7e7400be,TRADOORUSDT,long,official_close,2026-01-10T07:30:00Z,2026-01-10T07:45:00Z,TRADOORUSDT|2026-01-10T07:30:00Z,2026-01-10T07:45:00Z,2.115,6.0,0,closed,realized,2026-01-10T08:52:59Z,2.176625,target_1m,,,0.0291371158392435,0.027902521789598067,,,0.0291371158392435,0.027902521789598067,67,1,0,0,0,atr,0.03521428571428564,1.75,1.0,8,3,1,2026-01-10T08:52:59Z,40.0,1.1161008715839227,0.027902521789598067,2026-01
rank32b-pippinusdt-5b702a1d403a9c59,PIPPINUSDT,long,official_close,2026-01-10T10:45:00Z,2026-01-10T11:00:00Z,PIPPINUSDT|2026-01-10T10:45:00Z,2026-01-10T11:00:00Z,0.4163,6.0,0,closed,realized,2026-01-10T13:00:59Z,0.41711,timeout_1m,,,0.001945712226759433,0.0007437380725436871,,,0.001945712226759433,0.0007437380725436871,120,0,0,1,0,atr,0.005173571428571432,1.75,1.0,8,3,1,2026-01-10T13:00:59Z,40.0,0.029749522901747483,0.0007437380725436871,2026-01
rank32b-tradoorusdt-6b272472d39b50ef,TRADOORUSDT,long,official_close,2026-01-10T13:00:00Z,2026-01-10T13:15:00Z,TRADOORUSDT|2026-01-10T13:00:00Z,2026-01-10T13:15:00Z,2.129,6.0,0,closed,realized,2026-01-10T14:24:59Z,2.0965,stop_1m,,,-0.015265382808830497,-0.016446709844997853,,,-0.015265382808830497,-0.016446709844997853,69,0,1,0,0,atr,0.03250000000000001,1.75,1.0,8,3,1,2026-01-10T14:24:59Z,40.0,-0.6578683937999141,-0.016446709844997853,2026-01
rank32b-tradoorusdt-b0548927ea7e0867,TRADOORUSDT,long,official_close,2026-01-10T14:30:00Z,2026-01-10T14:45:00Z,TRADOORUSDT|2026-01-10T14:30:00Z,2026-01-10T14:45:00Z,2.125,6.0,0,closed,realized,2026-01-10T15:14:59Z,2.0969285714285713,stop_1m,,,-0.013210084033613567,-0.014393876688403529,,,-0.013210084033613567,-0.014393876688403529,29,0,1,0,0,atr,0.028071428571428556,1.75,1.0,8,3,1,2026-01-10T15:14:59Z,40.0,-0.5757550675361411,-0.014393876688403529,2026-01
rank32b-actusdt-a87a8277d32d1286,ACTUSDT,short,official_close,2026-01-10T15:30:00Z,2026-01-10T15:45:00Z,ACTUSDT|2026-01-10T15:30:00Z,2026-01-10T15:45:00Z,0.02483,6.0,0,closed,realized,2026-01-10T17:00:59Z,0.02506142857142857,stop_1m,,,-0.009320522409527632,-0.010508981138024343,,,-0.009320522409527632,-0.010508981138024343,75,0,1,0,0,atr,0.00023142857142857142,1.75,1.0,8,3,1,2026-01-10T17:00:59Z,40.0,-0.4203592455209737,-0.010508981138024343,2026-01
rank32b-beatusdt-541bed15395beb08,BEATUSDT,short,official_close,2026-01-10T16:00:00Z,2026-01-10T16:15:00Z,BEATUSDT|2026-01-10T16:00:00Z,2026-01-10T16:15:00Z,0.4704,6.0,0,closed,realized,2026-01-10T17:54:59Z,0.455325,target_1m,,,0.03204719387755106,0.030809108781887584,,,0.03204719387755106,0.030809108781887584,99,1,0,0,0,atr,0.00861428571428571,1.75,1.0,8,3,1,2026-01-10T17:54:59Z,40.0,1.2323643512755034,0.030809108781887584,2026-01
rank32b-fartcoinusdt-5a32e0b3e579223e,FARTCOINUSDT,short,official_close,2026-01-10T17:45:00Z,2026-01-10T18:00:00Z,FARTCOINUSDT|2026-01-10T17:45:00Z,2026-01-10T18:00:00Z,0.3809,6.0,0,closed,realized,2026-01-10T20:00:59Z,0.3815,timeout_1m,,,-0.0015752165922813255,-0.0027729668994486145,,,-0.0015752165922813255,-0.0027729668994486145,120,0,0,1,0,atr,0.003414285714285719,1.75,1.0,8,3,1,2026-01-10T20:00:59Z,40.0,-0.11091867597794458,-0.0027729668994486145,2026-01
rank32b-tradoorusdt-77c7986e932005af,TRADOORUSDT,long,official_close,2026-01-11T04:45:00Z,2026-01-11T05:00:00Z,TRADOORUSDT|2026-01-11T04:45:00Z,2026-01-11T05:00:00Z,2.133,6.0,0,closed,realized,2026-01-11T06:07:59Z,2.1094285714285714,stop_1m,,,-0.01105083383564398,-0.012237216813341556,,,-0.01105083383564398,-0.012237216813341556,67,0,1,0,0,atr,0.023571428571428577,1.75,1.0,8,3,1,2026-01-11T06:07:59Z,40.0,-0.48948867253366224,-0.012237216813341556,2026-01
rank32b-zecusdt-f534a9c180806452,ZECUSDT,short,official_close,2026-01-11T08:15:00Z,2026-01-11T08:30:00Z,ZECUSDT|2026-01-11T08:15:00Z,2026-01-11T08:30:00Z,377.94,6.0,0,closed,realized,2026-01-11T09:20:59Z,380.68642857142856,stop_1m,,,-0.007266837517670988,-0.00845775992871134,,,-0.007266837517670988,-0.00845775992871134,50,0,1,0,0,atr,2.7464285714285745,1.75,1.0,8,3,1,2026-01-11T09:20:59Z,100.0,-0.8457759928711339,-0.00845775992871134,2026-01
rank32b-tradoorusdt-1fc71d38d304e5d7,TRADOORUSDT,long,official_close,2026-01-11T09:30:00Z,2026-01-11T09:45:00Z,TRADOORUSDT|2026-01-11T09:30:00Z,2026-01-11T09:45:00Z,2.176,6.0,0,closed,realized,2026-01-11T09:50:59Z,2.211125,target_1m,,,0.016142003676470562,0.014922999083180066,,,0.016142003676470562,0.014922999083180066,5,1,0,0,0,atr,0.02007142857142861,1.75,1.0,8,3,1,2026-01-11T09:50:59Z,40.0,0.5969199633272027,0.014922999083180066,2026-01
rank32b-dogeusdt-5ade0c43deb3a3a1,DOGEUSDT,short,official_close,2026-01-11T15:30:00Z,2026-01-11T15:45:00Z,DOGEUSDT|2026-01-11T15:30:00Z,2026-01-11T15:45:00Z,0.13919,6.0,0,closed,realized,2026-01-11T15:48:59Z,0.13818,target_1m,,,0.0072562684100869745,0.0060479235002515175,,,0.0072562684100869745,0.0060479235002515175,3,1,0,0,0,atr,0.0005771428571428634,1.75,1.0,8,3,1,2026-01-11T15:48:59Z,100.0,0.6047923500251517,0.0060479235002515175,2026-01
rank32b-brettusdt-97c6c5e1ddf1ac67,BRETTUSDT,long,official_close,2026-01-11T16:15:00Z,2026-01-11T16:30:00Z,BRETTUSDT|2026-01-11T16:15:00Z,2026-01-11T16:30:00Z,0.01796,6.0,0,closed,realized,2026-01-11T16:31:59Z,0.01824,target_1m,,,0.015590200445434244,0.014371857817371714,,,0.015590200445434244,0.014371857817371714,1,1,0,0,0,atr,0.00015999999999999942,1.75,1.0,8,3,1,2026-01-11T16:31:59Z,40.0,0.5748743126948686,0.014371857817371714,2026-01
rank32b-fartcoinusdt-a309eb9ed5e89d09,FARTCOINUSDT,short,official_close,2026-01-11T19:30:00Z,2026-01-11T19:45:00Z,FARTCOINUSDT|2026-01-11T19:30:00Z,2026-01-11T19:45:00Z,0.3838,6.0,0,closed,realized,2026-01-11T21:00:59Z,0.3741375,target_1m,,,0.02517587285044287,0.02394603086633662,,,0.02517587285044287,0.02394603086633662,75,1,0,0,0,atr,0.005521428571428566,1.75,1.0,8,3,1,2026-01-11T21:00:59Z,40.0,0.9578412346534648,0.02394603086633662,2026-01
rank32b-pippinusdt-35f435d0f999d1b2,PIPPINUSDT,short,official_close,2026-01-11T23:30:00Z,2026-01-11T23:45:00Z,PIPPINUSDT|2026-01-11T23:30:00Z,2026-01-11T23:45:00Z,0.32657,6.0,0,closed,realized,2026-01-11T23:59:59Z,0.33433357142857145,stop_1m,,,-0.023773069873446406,-0.02494419074790355,,,-0.023773069873446406,-0.02494419074790355,14,0,1,0,0,atr,0.007763571428571433,1.75,1.0,8,3,1,2026-01-11T23:59:59Z,40.0,-0.997767629916142,-0.02494419074790355,2026-01
rank32b-actusdt-a02867e0c8ec50f8,ACTUSDT,short,official_close,2026-01-12T00:00:00Z,2026-01-12T00:15:00Z,ACTUSDT|2026-01-12T00:00:00Z,2026-01-12T00:15:00Z,0.02494,6.0,0,closed,realized,2026-01-12T00:20:59Z,0.025127857142857143,stop_1m,,,-0.007532363386413055,-0.00872296726200028,,,-0.007532363386413055,-0.00872296726200028,5,0,1,0,0,atr,0.00018785714285714263,1.75,1.0,8,3,1,2026-01-12T00:20:59Z,40.0,-0.34891869048001123,-0.00872296726200028,2026-01
rank32b-nearusdt-b25e9784d0c2d200,NEARUSDT,short,official_close,2026-01-12T00:30:00Z,2026-01-12T00:45:00Z,NEARUSDT|2026-01-12T00:30:00Z,2026-01-12T00:45:00Z,1.684,6.0,0,closed,realized,2026-01-12T00:58:59Z,1.698357142857143,stop_1m,,,-0.008525619273837881,-0.009715031599932256,,,-0.008525619273837881,-0.009715031599932256,13,0,1,0,0,atr,0.014357142857142877,1.75,1.0,8,3,1,2026-01-12T00:58:59Z,100.0,-0.9715031599932256,-0.009715031599932256,2026-01
rank32b-bchusdt-0d06ea873a3a2f42,BCHUSDT,long,official_close,2026-01-12T00:45:00Z,2026-01-12T01:00:00Z,BCHUSDT|2026-01-12T00:45:00Z,2026-01-12T01:00:00Z,655.8,6.0,0,closed,realized,2026-01-12T01:07:59Z,651.8921428571427,stop_1m,,,-0.005958916045832874,-0.007151407491787776,,,-0.005958916045832874,-0.007151407491787776,7,0,1,0,0,atr,3.9078571428571616,1.75,1.0,8,3,1,2026-01-12T01:07:59Z,100.0,-0.7151407491787776,-0.007151407491787776,2026-01
rank32b-fartcoinusdt-8866dd18a2932c18,FARTCOINUSDT,short,official_close,2026-01-12T01:30:00Z,2026-01-12T01:45:00Z,FARTCOINUSDT|2026-01-12T01:30:00Z,2026-01-12T01:45:00Z,0.3788,6.0,0,closed,realized,2026-01-12T02:07:59Z,0.38506428571428575,stop_1m,,,-0.016537185095791163,-0.017716986427062986,,,-0.016537185095791163,-0.017716986427062986,22,0,1,0,0,atr,0.006264285714285718,1.75,1.0,8,3,1,2026-01-12T02:07:59Z,40.0,-0.7086794570825194,-0.017716986427062986,2026-01
rank32b-nearusdt-46571e9fdbfc7216,NEARUSDT,long,official_close,2026-01-12T01:00:00Z,2026-01-12T01:15:00Z,NEARUSDT|2026-01-12T01:00:00Z,2026-01-12T01:15:00Z,1.712,6.0,0,closed,realized,2026-01-12T02:38:59Z,1.741375,target_1m,,,0.017158294392523255,0.015938070616238198,,,0.017158294392523255,0.015938070616238198,83,1,0,0,0,atr,0.016785714285714293,1.75,1.0,8,3,1,2026-01-12T02:38:59Z,100.0,1.5938070616238198,0.015938070616238198,2026-01
rank32b-aaveusdt-16ede70f2c856fe9,AAVEUSDT,long,official_close,2026-01-12T02:00:00Z,2026-01-12T02:15:00Z,AAVEUSDT|2026-01-12T02:00:00Z,2026-01-12T02:15:00Z,168.73,6.0,0,closed,realized,2026-01-12T03:13:59Z,171.02624999999998,target_1m,,,0.01360902032833522,0.012393054403188497,,,0.01360902032833522,0.012393054403188497,58,1,0,0,0,atr,1.3121428571428535,1.75,1.0,8,3,1,2026-01-12T03:13:59Z,100.0,1.2393054403188497,0.012393054403188497,2026-01
rank32b-actusdt-bf42d007ce9fbfbd,ACTUSDT,short,official_close,2026-01-12T02:15:00Z,2026-01-12T02:30:00Z,ACTUSDT|2026-01-12T02:15:00Z,2026-01-12T02:30:00Z,0.02493,6.0,0,closed,realized,2026-01-12T03:17:59Z,0.025166428571428572,stop_1m,,,-0.009483697209329067,-0.010671960186808938,,,-0.009483697209329067,-0.010671960186808938,47,0,1,0,0,atr,0.0002364285714285702,1.75,1.0,8,3,1,2026-01-12T03:17:59Z,40.0,-0.4268784074723575,-0.010671960186808938,2026-01
rank32b-actusdt-7de85eca3e0af9f5,ACTUSDT,short,official_close,2026-01-12T03:45:00Z,2026-01-12T04:00:00Z,ACTUSDT|2026-01-12T03:45:00Z,2026-01-12T04:00:00Z,0.02488,6.0,0,closed,realized,2026-01-12T06:00:59Z,0.02501,timeout_1m,,,-0.005225080385852232,-0.006418452170418254,,,-0.005225080385852232,-0.006418452170418254,120,0,0,1,0,atr,0.0002449999999999992,1.75,1.0,8,3,1,2026-01-12T06:00:59Z,40.0,-0.25673808681673016,-0.006418452170418254,2026-01
rank32b-1000pepeusdt-eba5905c107438da,1000PEPEUSDT,short,official_close,2026-01-12T07:30:00Z,2026-01-12T07:45:00Z,1000PEPEUSDT|2026-01-12T07:30:00Z,2026-01-12T07:45:00Z,0.0058764,6.0,0,closed,realized,2026-01-12T08:32:59Z,0.005804325,target_1m,,,0.012265162344292535,0.011050808564937453,,,0.012265162344292535,0.011050808564937453,47,1,0,0,0,atr,4.118571428571435e-05,1.75,1.0,8,3,1,2026-01-12T08:32:59Z,40.0,0.44203234259749813,0.011050808564937453,2026-01
rank32b-pippinusdt-22c7aa6fabda9b8d,PIPPINUSDT,short,official_close,2026-01-12T08:45:00Z,2026-01-12T09:00:00Z,PIPPINUSDT|2026-01-12T08:45:00Z,2026-01-12T09:00:00Z,0.34126,6.0,0,closed,realized,2026-01-12T11:00:59Z,0.34048,timeout_1m,,,0.0022856473070386185,0.0010832653531032133,,,0.0022856473070386185,0.0010832653531032133,120,0,0,1,0,atr,0.008366428571428577,1.75,1.0,8,3,1,2026-01-12T11:00:59Z,40.0,0.04333061412412853,0.0010832653531032133,2026-01
rank32b-actusdt-7ddf6dc9c73aca9f,ACTUSDT,short,official_close,2026-01-12T11:45:00Z,2026-01-12T12:00:00Z,ACTUSDT|2026-01-12T11:45:00Z,2026-01-12T12:00:00Z,0.02465,6.0,0,closed,realized,2026-01-12T13:24:59Z,0.02429625,target_1m,,,0.014350912778904656,0.013134056849898545,,,0.014350912778904656,0.013134056849898545,84,1,0,0,0,atr,0.00020214285714285684,1.75,1.0,8,3,1,2026-01-12T13:24:59Z,40.0,0.5253622739959418,0.013134056849898545,2026-01
rank32b-zecusdt-034530f11859a052,ZECUSDT,long,official_close,2026-01-12T16:15:00Z,2026-01-12T16:30:00Z,ZECUSDT|2026-01-12T16:15:00Z,2026-01-12T16:30:00Z,403.1,6.0,0,closed,realized,2026-01-12T17:32:59Z,398.7742857142857,stop_1m,,,-0.010731119537867317,-0.011917886057625005,,,-0.010731119537867317,-0.011917886057625005,62,0,1,0,0,atr,4.32571428571429,1.75,1.0,8,3,1,2026-01-12T17:32:59Z,100.0,-1.1917886057625005,-0.011917886057625005,2026-01
rank32b-fartcoinusdt-05410eb293cc4aaa,FARTCOINUSDT,short,official_close,2026-01-12T16:30:00Z,2026-01-12T16:45:00Z,FARTCOINUSDT|2026-01-12T16:30:00Z,2026-01-12T16:45:00Z,0.3752,6.0,0,closed,realized,2026-01-12T17:34:59Z,0.36477499999999996,target_1m,,,0.02778518123667384,0.026552209021854845,,,0.02778518123667384,0.026552209021854845,49,1,0,0,0,atr,0.005957142857142855,1.75,1.0,8,3,1,2026-01-12T17:34:59Z,40.0,1.0620883608741938,0.026552209021854845,2026-01
rank32b-1000pepeusdt-1f858a30eb8fae75,1000PEPEUSDT,short,official_close,2026-01-12T17:30:00Z,2026-01-12T17:45:00Z,1000PEPEUSDT|2026-01-12T17:30:00Z,2026-01-12T17:45:00Z,0.0058383,6.0,0,closed,realized,2026-01-12T18:10:59Z,0.005906357142857143,stop_1m,,,-0.011657013661021676,-0.01284266944115342,,,-0.011657013661021676,-0.01284266944115342,25,0,1,0,0,atr,6.805714285714281e-05,1.75,1.0,8,3,1,2026-01-12T18:10:59Z,40.0,-0.5137067776461368,-0.01284266944115342,2026-01
rank32b-wldusdt-f40f9d40db27a131,WLDUSDT,short,official_close,2026-01-12T17:15:00Z,2026-01-12T17:30:00Z,WLDUSDT|2026-01-12T17:15:00Z,2026-01-12T17:30:00Z,0.5667,6.0,0,closed,realized,2026-01-12T19:30:59Z,0.564,timeout_1m,,,0.004764425622022284,0.0035590700264689357,,,0.004764425622022284,0.0035590700264689357,120,0,0,1,0,atr,0.005528571428571423,1.75,1.0,8,3,1,2026-01-12T19:30:59Z,100.0,0.35590700264689357,0.0035590700264689357,2026-01
rank32b-zecusdt-449724b31cac42ff,ZECUSDT,long,official_close,2026-01-12T18:00:00Z,2026-01-12T18:15:00Z,ZECUSDT|2026-01-12T18:00:00Z,2026-01-12T18:15:00Z,403.84,6.0,0,closed,realized,2026-01-12T20:03:59Z,412.14625,target_1m,,,0.020568170562599075,0.019343856162465256,,,0.020568170562599075,0.019343856162465256,108,1,0,0,0,atr,4.746428571428587,1.75,1.0,8,3,1,2026-01-12T20:03:59Z,100.0,1.9343856162465256,0.019343856162465256,2026-01
rank32b-nearusdt-f784b879de5f9a1e,NEARUSDT,short,official_close,2026-01-12T18:30:00Z,2026-01-12T18:45:00Z,NEARUSDT|2026-01-12T18:30:00Z,2026-01-12T18:45:00Z,1.688,6.0,0,closed,realized,2026-01-12T20:06:59Z,1.7062142857142857,stop_1m,,,-0.010790453622207208,-0.011977148962423856,,,-0.010790453622207208,-0.011977148962423856,81,0,1,0,0,atr,0.018214285714285707,1.75,1.0,8,3,1,2026-01-12T20:06:59Z,100.0,-1.1977148962423856,-0.011977148962423856,2026-01
rank32b-1000pepeusdt-1da5a696a6892406,1000PEPEUSDT,short,official_close,2026-01-12T20:15:00Z,2026-01-12T20:30:00Z,1000PEPEUSDT|2026-01-12T20:15:00Z,2026-01-12T20:30:00Z,0.005826,6.0,0,closed,realized,2026-01-12T21:52:59Z,0.0057394874999999995,target_1m,,,0.014849382080329598,0.013631928167610496,,,0.014849382080329598,0.013631928167610496,82,1,0,0,0,atr,4.943571428571436e-05,1.75,1.0,8,3,1,2026-01-12T21:52:59Z,40.0,0.5452771267044199,0.013631928167610496,2026-01
rank32b-fartcoinusdt-c195c876ad45514b,FARTCOINUSDT,short,official_close,2026-01-12T20:30:00Z,2026-01-12T20:45:00Z,FARTCOINUSDT|2026-01-12T20:30:00Z,2026-01-12T20:45:00Z,0.3741,6.0,0,closed,realized,2026-01-12T21:53:59Z,0.36419999999999997,target_1m,,,0.026463512429831693,0.025232125741780242,,,0.026463512429831693,0.025232125741780242,68,1,0,0,0,atr,0.005657142857142856,1.75,1.0,8,3,1,2026-01-12T21:53:59Z,40.0,1.0092850296712097,0.025232125741780242,2026-01
rank32b-pippinusdt-67d16eeea7d82348,PIPPINUSDT,short,official_close,2026-01-12T21:00:00Z,2026-01-12T21:15:00Z,PIPPINUSDT|2026-01-12T21:00:00Z,2026-01-12T21:15:00Z,0.33962,6.0,0,closed,realized,2026-01-12T23:15:59Z,0.33171,timeout_1m,,,0.023290736705729898,0.022063156206348244,,,0.023290736705729898,0.022063156206348244,120,0,0,1,0,atr,0.005664285714285717,1.75,1.0,8,3,1,2026-01-12T23:15:59Z,40.0,0.8825262482539298,0.022063156206348244,2026-01
rank32b-bchusdt-cf8c96b32e8d9217,BCHUSDT,short,official_close,2026-01-13T03:15:00Z,2026-01-13T03:30:00Z,BCHUSDT|2026-01-13T03:15:00Z,2026-01-13T03:30:00Z,620.81,6.0,0,closed,realized,2026-01-13T03:47:59Z,617.26375,target_1m,,,0.005712295227203179,0.004505802529356728,,,0.005712295227203179,0.004505802529356728,17,1,0,0,0,atr,2.0264285714285797,1.75,1.0,8,3,1,2026-01-13T03:47:59Z,100.0,0.45058025293567283,0.004505802529356728,2026-01
rank32b-tradoorusdt-47917f5689eb7bf2,TRADOORUSDT,short,official_close,2026-01-13T04:15:00Z,2026-01-13T04:30:00Z,TRADOORUSDT|2026-01-13T04:15:00Z,2026-01-13T04:30:00Z,1.799,6.0,0,closed,realized,2026-01-13T04:52:59Z,1.7374999999999998,target_1m,,,0.03418565869927748,0.032945008215675475,,,0.03418565869927748,0.032945008215675475,22,1,0,0,0,atr,0.03514285714285714,1.75,1.0,8,3,1,2026-01-13T04:52:59Z,40.0,1.317800328627019,0.032945008215675475,2026-01
rank32b-beatusdt-eb5597236860c389,BEATUSDT,short,official_close,2026-01-13T14:30:00Z,2026-01-13T14:45:00Z,BEATUSDT|2026-01-13T14:30:00Z,2026-01-13T14:45:00Z,0.3902,6.0,0,closed,realized,2026-01-13T15:07:59Z,0.38258749999999997,target_1m,,,0.019509226037929372,0.018286181990005312,,,0.019509226037929372,0.018286181990005312,22,1,0,0,0,atr,0.004350000000000001,1.75,1.0,8,3,1,2026-01-13T15:07:59Z,40.0,0.7314472796002125,0.018286181990005312,2026-01
rank32b-ltcusdt-b7f0dec3f4715d92,LTCUSDT,short,official_close,2026-01-13T15:15:00Z,2026-01-13T15:30:00Z,LTCUSDT|2026-01-13T15:15:00Z,2026-01-13T15:30:00Z,76.13,6.0,0,closed,realized,2026-01-13T15:36:59Z,76.61642857142857,stop_1m,,,-0.0063894466232572444,-0.007581421587510184,,,-0.0063894466232572444,-0.007581421587510184,6,0,1,0,0,atr,0.4864285714285716,1.75,1.0,8,3,1,2026-01-13T15:36:59Z,100.0,-0.7581421587510184,-0.007581421587510184,2026-01
rank32b-pippinusdt-c3ba0a7ec15f7b61,PIPPINUSDT,short,official_close,2026-01-13T14:45:00Z,2026-01-13T15:00:00Z,PIPPINUSDT|2026-01-13T14:45:00Z,2026-01-13T15:00:00Z,0.33072,6.0,0,closed,realized,2026-01-13T16:15:59Z,0.33555,stop_1m,,,-0.014604499274310623,-0.015786619132801216,,,-0.014604499274310623,-0.015786619132801216,75,0,1,0,0,atr,0.004829999999999997,1.75,1.0,8,3,1,2026-01-13T16:15:59Z,40.0,-0.6314647653120486,-0.015786619132801216,2026-01
rank32b-tradoorusdt-b3bb17978334a652,TRADOORUSDT,short,official_close,2026-01-13T15:45:00Z,2026-01-13T16:00:00Z,TRADOORUSDT|2026-01-13T15:45:00Z,2026-01-13T16:00:00Z,1.73,6.0,0,closed,realized,2026-01-13T17:52:59Z,1.662375,target_1m,,,0.03908959537572254,0.037843061933526156,,,0.03908959537572254,0.037843061933526156,112,1,0,0,0,atr,0.03864285714285714,1.75,1.0,8,3,1,2026-01-13T17:52:59Z,40.0,1.5137224773410463,0.037843061933526156,2026-01
rank32b-pippinusdt-5eace88665700d05,PIPPINUSDT,short,official_close,2026-01-13T23:30:00Z,2026-01-13T23:45:00Z,PIPPINUSDT|2026-01-13T23:30:00Z,2026-01-13T23:45:00Z,0.32804,6.0,0,closed,realized,2026-01-14T00:27:59Z,0.33290214285714287,stop_1m,,,-0.014821798735345837,-0.016003657912711078,,,-0.014821798735345837,-0.016003657912711078,42,0,1,0,0,atr,0.004862142857142866,1.75,1.0,8,3,1,2026-01-14T00:27:59Z,40.0,-0.6401463165084431,-0.016003657912711078,2026-01
rank32b-pippinusdt-0021bd5305b31124,PIPPINUSDT,short,official_close,2026-01-14T02:15:00Z,2026-01-14T02:30:00Z,PIPPINUSDT|2026-01-14T02:15:00Z,2026-01-14T02:30:00Z,0.33056,6.0,0,closed,realized,2026-01-14T03:22:59Z,0.3345757142857143,stop_1m,,,-0.01214821601438243,-0.01333328252852295,,,-0.01214821601438243,-0.01333328252852295,52,0,1,0,0,atr,0.004015714285714277,1.75,1.0,8,3,1,2026-01-14T03:22:59Z,40.0,-0.533331301140918,-0.01333328252852295,2026-01
rank32b-pippinusdt-e7aaff96e4ce2700,PIPPINUSDT,short,official_close,2026-01-14T05:00:00Z,2026-01-14T05:15:00Z,PIPPINUSDT|2026-01-14T05:00:00Z,2026-01-14T05:15:00Z,0.32873,6.0,0,closed,realized,2026-01-14T07:15:59Z,0.32647,timeout_1m,,,0.006874942962309616,0.00566705550573432,,,0.006874942962309616,0.00566705550573432,120,0,0,1,0,atr,0.0036857142857142883,1.75,1.0,8,3,1,2026-01-14T07:15:59Z,40.0,0.2266822202293728,0.00566705550573432,2026-01
rank32b-beatusdt-00d863222f5b7a8f,BEATUSDT,long,official_close,2026-01-14T10:00:00Z,2026-01-14T10:15:00Z,BEATUSDT|2026-01-14T10:00:00Z,2026-01-14T10:15:00Z,0.4292,6.0,0,closed,realized,2026-01-14T11:07:59Z,0.4168357142857143,stop_1m,,,-0.028807748635334862,-0.02997282970776205,,,-0.028807748635334862,-0.02997282970776205,52,0,1,0,0,atr,0.01236428571428572,1.75,1.0,8,3,1,2026-01-14T11:07:59Z,40.0,-1.198913188310482,-0.02997282970776205,2026-01
rank32b-brettusdt-19da29564e666cd9,BRETTUSDT,long,official_close,2026-01-14T12:00:00Z,2026-01-14T12:15:00Z,BRETTUSDT|2026-01-14T12:00:00Z,2026-01-14T12:15:00Z,0.01837,6.0,0,closed,realized,2026-01-14T13:03:59Z,0.01823857142857143,stop_1m,,,-0.007154522124582008,-0.00834557927366053,,,-0.007154522124582008,-0.00834557927366053,48,0,1,0,0,atr,0.00013142857142857154,1.75,1.0,8,3,1,2026-01-14T13:03:59Z,40.0,-0.3338231709464212,-0.00834557927366053,2026-01
rank32b-pippinusdt-b36c9b4d31b342fa,PIPPINUSDT,short,official_close,2026-01-14T12:30:00Z,2026-01-14T12:45:00Z,PIPPINUSDT|2026-01-14T12:30:00Z,2026-01-14T12:45:00Z,0.32711,6.0,0,closed,realized,2026-01-14T14:41:59Z,0.33250285714285716,stop_1m,,,-0.016486371993693627,-0.01766623428239522,,,-0.016486371993693627,-0.01766623428239522,116,0,1,0,0,atr,0.005392857142857139,1.75,1.0,8,3,1,2026-01-14T14:41:59Z,40.0,-0.7066493712958088,-0.01766623428239522,2026-01
rank32b-uniusdt-c501dcc5d90ef31c,UNIUSDT,long,official_close,2026-01-14T14:00:00Z,2026-01-14T14:15:00Z,UNIUSDT|2026-01-14T14:00:00Z,2026-01-14T14:15:00Z,5.728,6.0,0,closed,realized,2026-01-14T14:51:59Z,5.7775,target_1m,,,0.00864175977653625,0.007431752775837852,,,0.00864175977653625,0.007431752775837852,36,1,0,0,0,atr,0.028285714285714407,1.75,1.0,8,3,1,2026-01-14T14:51:59Z,100.0,0.7431752775837852,0.007431752775837852,2026-01
rank32b-pippinusdt-adb7d45f5cbfe773,PIPPINUSDT,short,official_close,2026-01-14T16:30:00Z,2026-01-14T16:45:00Z,PIPPINUSDT|2026-01-14T16:30:00Z,2026-01-14T16:45:00Z,0.32467,6.0,0,closed,realized,2026-01-14T16:57:59Z,0.3290807142857143,stop_1m,,,-0.01358522279765384,-0.014768565420976931,,,-0.01358522279765384,-0.014768565420976931,12,0,1,0,0,atr,0.004410714285714291,1.75,1.0,8,3,1,2026-01-14T16:57:59Z,40.0,-0.5907426168390773,-0.014768565420976931,2026-01
rank32b-pippinusdt-f6abf14e56330888,PIPPINUSDT,short,official_close,2026-01-14T17:00:00Z,2026-01-14T17:15:00Z,PIPPINUSDT|2026-01-14T17:00:00Z,2026-01-14T17:15:00Z,0.3263,6.0,0,closed,realized,2026-01-14T19:15:59Z,0.32437,timeout_1m,,,0.005914802329144875,0.004708066695678692,,,0.005914802329144875,0.004708066695678692,120,0,0,1,0,atr,0.004768571428571428,1.75,1.0,8,3,1,2026-01-14T19:15:59Z,40.0,0.18832266782714768,0.004708066695678692,2026-01
rank32b-aaveusdt-50c11c72ddc54e93,AAVEUSDT,long,official_close,2026-01-14T18:45:00Z,2026-01-14T19:00:00Z,AAVEUSDT|2026-01-14T18:45:00Z,2026-01-14T19:00:00Z,177.38,6.0,0,closed,realized,2026-01-14T19:30:59Z,180.17499999999998,target_1m,,,0.015757131581914496,0.014538588696583421,,,0.015757131581914496,0.014538588696583421,30,1,0,0,0,atr,1.597142857142856,1.75,1.0,8,3,1,2026-01-14T19:30:59Z,100.0,1.453858869658342,0.014538588696583421,2026-01
rank32b-turbousdt-e3109a2a62dcaf16,TURBOUSDT,long,official_close,2026-01-14T19:15:00Z,2026-01-14T19:30:00Z,TURBOUSDT|2026-01-14T19:15:00Z,2026-01-14T19:30:00Z,0.001995,6.0,0,closed,realized,2026-01-14T19:36:59Z,0.001969692857142857,stop_1m,,,-0.012685284640171823,-0.013869706865306197,,,-0.012685284640171823,-0.013869706865306197,6,0,1,0,0,atr,2.5307142857142863e-05,1.75,1.0,8,3,1,2026-01-14T19:36:59Z,40.0,-0.5547882746122479,-0.013869706865306197,2026-01
rank32b-fartcoinusdt-9c1660f31f578a7d,FARTCOINUSDT,long,official_close,2026-01-14T18:00:00Z,2026-01-14T18:15:00Z,FARTCOINUSDT|2026-01-14T18:00:00Z,2026-01-14T18:15:00Z,0.4223,6.0,0,closed,realized,2026-01-14T20:15:59Z,0.4257,timeout_1m,,,0.00805114847264976,0.006841849992895943,,,0.00805114847264976,0.006841849992895943,120,0,0,1,0,atr,0.008207142857142849,1.75,1.0,8,3,1,2026-01-14T20:15:59Z,40.0,0.2736739997158377,0.006841849992895943,2026-01
rank32b-suiusdt-0a200a86a83f4ec3,SUIUSDT,long,official_close,2026-01-14T20:00:00Z,2026-01-14T20:15:00Z,SUIUSDT|2026-01-14T20:00:00Z,2026-01-14T20:15:00Z,1.8546,6.0,0,closed,realized,2026-01-14T22:15:59Z,1.8419,timeout_1m,,,-0.0068478378086919145,-0.008039262868543173,,,-0.0068478378086919145,-0.008039262868543173,120,0,0,1,0,atr,0.02513571428571428,1.75,1.0,8,3,1,2026-01-14T22:15:59Z,100.0,-0.8039262868543173,-0.008039262868543173,2026-01
rank32b-brettusdt-cf3197f2cd114059,BRETTUSDT,long,official_close,2026-01-14T21:30:00Z,2026-01-14T21:45:00Z,BRETTUSDT|2026-01-14T21:30:00Z,2026-01-14T21:45:00Z,0.01856,6.0,0,closed,realized,2026-01-14T22:40:59Z,0.018302142857142857,stop_1m,,,-0.01389316502463056,-0.015076138228140468,,,-0.01389316502463056,-0.015076138228140468,55,0,1,0,0,atr,0.0002578571428571425,1.75,1.0,8,3,1,2026-01-14T22:40:59Z,40.0,-0.6030455291256187,-0.015076138228140468,2026-01
rank32b-actusdt-575719da03b4480f,ACTUSDT,long,official_close,2026-01-14T23:00:00Z,2026-01-14T23:15:00Z,ACTUSDT|2026-01-14T23:00:00Z,2026-01-14T23:15:00Z,0.02506,6.0,0,closed,realized,2026-01-14T23:21:59Z,0.02541375,target_1m,,,0.014116121308858753,0.012899547045091886,,,0.014116121308858753,0.012899547045091886,6,1,0,0,0,atr,0.00020214285714285733,1.75,1.0,8,3,1,2026-01-14T23:21:59Z,40.0,0.5159818818036754,0.012899547045091886,2026-01
rank32b-pippinusdt-6c548afdee5e72ba,PIPPINUSDT,short,official_close,2026-01-15T02:45:00Z,2026-01-15T03:00:00Z,PIPPINUSDT|2026-01-15T02:45:00Z,2026-01-15T03:00:00Z,0.32414,6.0,0,closed,realized,2026-01-15T03:36:59Z,0.31783999999999996,target_1m,,,0.019436046152896957,0.018213089894489887,,,0.019436046152896957,0.018213089894489887,36,1,0,0,0,atr,0.003600000000000004,1.75,1.0,8,3,1,2026-01-15T03:36:59Z,40.0,0.7285235957795955,0.018213089894489887,2026-01
rank32b-beatusdt-7094d2713d4e06ca,BEATUSDT,short,official_close,2026-01-15T03:30:00Z,2026-01-15T03:45:00Z,BEATUSDT|2026-01-15T03:30:00Z,2026-01-15T03:45:00Z,0.3867,6.0,0,closed,realized,2026-01-15T04:02:59Z,0.39372857142857143,stop_1m,,,-0.018175773024492914,-0.019353608640141906,,,-0.018175773024492914,-0.019353608640141906,17,0,1,0,0,atr,0.007028571428571435,1.75,1.0,8,3,1,2026-01-15T04:02:59Z,40.0,-0.7741443456056762,-0.019353608640141906,2026-01
rank32b-zecusdt-1e659aa04efc8d12,ZECUSDT,long,official_close,2026-01-15T06:15:00Z,2026-01-15T06:30:00Z,ZECUSDT|2026-01-15T06:15:00Z,2026-01-15T06:30:00Z,432.65,6.0,0,closed,realized,2026-01-15T07:39:59Z,438.27125,target_1m,,,0.012992603721252882,0.011777377274124534,,,0.012992603721252882,0.011777377274124534,69,1,0,0,0,atr,3.212142857142863,1.75,1.0,8,3,1,2026-01-15T07:39:59Z,100.0,1.1777377274124534,0.011777377274124534,2026-01
rank32b-aaveusdt-c6a8d95094b10e5e,AAVEUSDT,long,official_close,2026-01-15T09:15:00Z,2026-01-15T09:30:00Z,AAVEUSDT|2026-01-15T09:15:00Z,2026-01-15T09:30:00Z,176.73,6.0,0,closed,realized,2026-01-15T09:41:59Z,178.21374999999998,target_1m,,,0.00839557517116507,0.007185863503366585,,,0.00839557517116507,0.007185863503366585,11,1,0,0,0,atr,0.8478571428571412,1.75,1.0,8,3,1,2026-01-15T09:41:59Z,100.0,0.7185863503366585,0.007185863503366585,2026-01
rank32b-linkusdt-dedadd86b42328a9,LINKUSDT,long,official_close,2026-01-15T09:30:00Z,2026-01-15T09:45:00Z,LINKUSDT|2026-01-15T09:30:00Z,2026-01-15T09:45:00Z,14.051,6.0,0,closed,realized,2026-01-15T10:17:59Z,13.993214285714286,stop_1m,,,-0.004112569517167097,-0.005307275914271603,,,-0.004112569517167097,-0.005307275914271603,32,0,1,0,0,atr,0.057785714285714364,1.75,1.0,8,3,1,2026-01-15T10:17:59Z,100.0,-0.5307275914271603,-0.005307275914271603,2026-01
rank32b-pippinusdt-a8372cae503e5ed3,PIPPINUSDT,short,official_close,2026-01-15T12:15:00Z,2026-01-15T12:30:00Z,PIPPINUSDT|2026-01-15T12:15:00Z,2026-01-15T12:30:00Z,0.31859,6.0,0,closed,realized,2026-01-15T13:16:59Z,0.3225942857142857,stop_1m,,,-0.012568774017658324,-0.013753336013595852,,,-0.012568774017658324,-0.013753336013595852,46,0,1,0,0,atr,0.004004285714285726,1.75,1.0,8,3,1,2026-01-15T13:16:59Z,40.0,-0.5501334405438341,-0.013753336013595852,2026-01
rank32b-wldusdt-c88cb7f322ff5ffb,WLDUSDT,short,official_close,2026-01-15T14:15:00Z,2026-01-15T14:30:00Z,WLDUSDT|2026-01-15T14:15:00Z,2026-01-15T14:30:00Z,0.5904,6.0,0,closed,realized,2026-01-15T14:37:59Z,0.5853375000000001,target_1m,,,0.008574695121951192,0.007364768574694924,,,0.008574695121951192,0.007364768574694924,7,1,0,0,0,atr,0.0028928571428571575,1.75,1.0,8,3,1,2026-01-15T14:37:59Z,100.0,0.7364768574694924,0.007364768574694924,2026-01
rank32b-xrpusdt-9444c5ca18624ca3,XRPUSDT,short,official_close,2026-01-15T14:30:00Z,2026-01-15T14:45:00Z,XRPUSDT|2026-01-15T14:30:00Z,2026-01-15T14:45:00Z,2.0949,6.0,0,closed,realized,2026-01-15T14:49:59Z,2.103907142857143,stop_1m,,,-0.004299557428585121,-0.005494039507511594,,,-0.004299557428585121,-0.005494039507511594,4,0,1,0,0,atr,0.0090071428571428,1.75,1.0,8,3,1,2026-01-15T14:49:59Z,100.0,-0.5494039507511594,-0.005494039507511594,2026-01
rank32b-beatusdt-fa554e5e92e42489,BEATUSDT,short,official_close,2026-01-15T15:30:00Z,2026-01-15T15:45:00Z,BEATUSDT|2026-01-15T15:30:00Z,2026-01-15T15:45:00Z,0.3918,6.0,0,closed,realized,2026-01-15T16:05:59Z,0.3972785714285714,stop_1m,,,-0.013983081747247272,-0.015165947083060072,,,-0.013983081747247272,-0.015165947083060072,20,0,1,0,0,atr,0.005478571428571424,1.75,1.0,8,3,1,2026-01-15T16:05:59Z,40.0,-0.6066378833224029,-0.015165947083060072,2026-01
rank32b-actusdt-d1556ba506ddae0c,ACTUSDT,long,official_close,2026-01-15T16:15:00Z,2026-01-15T16:30:00Z,ACTUSDT|2026-01-15T16:15:00Z,2026-01-15T16:30:00Z,0.02618,6.0,0,closed,realized,2026-01-15T18:10:59Z,0.02566785714285714,stop_1m,,,-0.019562370402706475,-0.020738542600676646,,,-0.019562370402706475,-0.020738542600676646,100,0,1,0,0,atr,0.0005121428571428578,1.75,1.0,8,3,1,2026-01-15T18:10:59Z,40.0,-0.8295417040270658,-0.020738542600676646,2026-01
rank32b-beatusdt-8b978e00d9acc468,BEATUSDT,short,official_close,2026-01-15T17:00:00Z,2026-01-15T17:15:00Z,BEATUSDT|2026-01-15T17:00:00Z,2026-01-15T17:15:00Z,0.3928,6.0,0,closed,realized,2026-01-15T18:11:59Z,0.379,target_1m,,,0.035132382892057,0.03389059668024452,,,0.035132382892057,0.03389059668024452,56,1,0,0,0,atr,0.00788571428571429,1.75,1.0,8,3,1,2026-01-15T18:11:59Z,40.0,1.355623867209781,0.03389059668024452,2026-01
rank32b-actusdt-092bba68a42de04f,ACTUSDT,long,official_close,2026-01-15T21:30:00Z,2026-01-15T21:45:00Z,ACTUSDT|2026-01-15T21:30:00Z,2026-01-15T21:45:00Z,0.02602,6.0,0,closed,realized,2026-01-15T22:34:59Z,0.025715714285714286,stop_1m,,,-0.01169430108707592,-0.012879912135719929,,,-0.01169430108707592,-0.012879912135719929,49,0,1,0,0,atr,0.000304285714285715,1.75,1.0,8,3,1,2026-01-15T22:34:59Z,40.0,-0.5151964854287971,-0.012879912135719929,2026-01
rank32b-actusdt-30c21cfd97b80e8e,ACTUSDT,long,official_close,2026-01-16T00:15:00Z,2026-01-16T00:30:00Z,ACTUSDT|2026-01-16T00:15:00Z,2026-01-16T00:30:00Z,0.02624,6.0,0,closed,realized,2026-01-16T00:47:59Z,0.02594642857142857,stop_1m,,,-0.011187935540069693,-0.012374154045078467,,,-0.011187935540069693,-0.012374154045078467,17,0,1,0,0,atr,0.00029357142857142874,1.75,1.0,8,3,1,2026-01-16T00:47:59Z,40.0,-0.4949661618031387,-0.012374154045078467,2026-01
rank32b-actusdt-84434504607cb20f,ACTUSDT,long,official_close,2026-01-16T02:15:00Z,2026-01-16T02:30:00Z,ACTUSDT|2026-01-16T02:15:00Z,2026-01-16T02:30:00Z,0.02601,6.0,0,closed,realized,2026-01-16T04:30:59Z,0.02603,timeout_1m,,,0.0007689350249904248,-0.00043162742022306855,,,0.0007689350249904248,-0.00043162742022306855,120,0,0,1,0,atr,0.00033928571428571433,1.75,1.0,8,3,1,2026-01-16T04:30:59Z,40.0,-0.017265096808922742,-0.00043162742022306855,2026-01
rank32b-pippinusdt-3a3164845f4187bd,PIPPINUSDT,short,official_close,2026-01-16T04:30:00Z,2026-01-16T04:45:00Z,PIPPINUSDT|2026-01-16T04:30:00Z,2026-01-16T04:45:00Z,0.31326,6.0,0,closed,realized,2026-01-16T06:45:59Z,0.31349,timeout_1m,,,-0.0007342143906021725,-0.0019329735976507667,,,-0.0007342143906021725,-0.0019329735976507667,120,0,0,1,0,atr,0.002854285714285714,1.75,1.0,8,3,1,2026-01-16T06:45:59Z,40.0,-0.07731894390603067,-0.0019329735976507667,2026-01
rank32b-fartcoinusdt-ba5404e95d7ca626,FARTCOINUSDT,short,official_close,2026-01-16T07:00:00Z,2026-01-16T07:15:00Z,FARTCOINUSDT|2026-01-16T07:00:00Z,2026-01-16T07:15:00Z,0.3739,6.0,0,closed,realized,2026-01-16T09:15:59Z,0.3737,timeout_1m,,,0.0005349023803157271,-0.0006653793099757888,,,0.0005349023803157271,-0.0006653793099757888,120,0,0,1,0,atr,0.0031428571428571378,1.75,1.0,8,3,1,2026-01-16T09:15:59Z,40.0,-0.02661517239903155,-0.0006653793099757888,2026-01
rank32b-linkusdt-596204789c5884f3,LINKUSDT,short,official_close,2026-01-16T14:30:00Z,2026-01-16T14:45:00Z,LINKUSDT|2026-01-16T14:30:00Z,2026-01-16T14:45:00Z,13.705,6.0,0,closed,realized,2026-01-16T15:08:59Z,13.749428571428572,stop_1m,,,-0.0032417782873821466,-0.0044375293204775845,,,-0.0032417782873821466,-0.0044375293204775845,23,0,1,0,0,atr,0.044428571428571546,1.75,1.0,8,3,1,2026-01-16T15:08:59Z,100.0,-0.44375293204775845,-0.0044375293204775845,2026-01
rank32b-1000pepeusdt-ca8345fd6c0445ec,1000PEPEUSDT,short,official_close,2026-01-16T13:15:00Z,2026-01-16T13:30:00Z,1000PEPEUSDT|2026-01-16T13:15:00Z,2026-01-16T13:30:00Z,0.005888,6.0,0,closed,realized,2026-01-16T15:18:59Z,0.0058362875000000005,target_1m,,,0.00878269361413031,0.007572517543562807,,,0.00878269361413031,0.007572517543562807,108,1,0,0,0,atr,2.9549999999999963e-05,1.75,1.0,8,3,1,2026-01-16T15:18:59Z,40.0,0.30290070174251227,0.007572517543562807,2026-01
rank32b-ltcusdt-48b09e4f1cb21869,LTCUSDT,short,official_close,2026-01-16T15:15:00Z,2026-01-16T15:30:00Z,LTCUSDT|2026-01-16T15:15:00Z,2026-01-16T15:30:00Z,71.96,6.0,0,closed,realized,2026-01-16T15:32:59Z,71.35125,target_1m,,,0.008459560867148386,0.007249772439549718,,,0.008459560867148386,0.007249772439549718,2,1,0,0,0,atr,0.3478571428571442,1.75,1.0,8,3,1,2026-01-16T15:32:59Z,100.0,0.7249772439549718,0.007249772439549718,2026-01
rank32b-actusdt-5e9e2ddb5aa7935b,ACTUSDT,long,official_close,2026-01-16T16:00:00Z,2026-01-16T16:15:00Z,ACTUSDT|2026-01-16T16:00:00Z,2026-01-16T16:15:00Z,0.02696,6.0,0,closed,realized,2026-01-16T16:16:59Z,0.026497857142857142,stop_1m,,,-0.017141797371767797,-0.018320873385968883,,,-0.017141797371767797,-0.018320873385968883,1,0,1,0,0,atr,0.00046214285714285715,1.75,1.0,8,3,1,2026-01-16T16:16:59Z,40.0,-0.7328349354387553,-0.018320873385968883,2026-01
rank32b-turbousdt-a43e54237c2e09ce,TURBOUSDT,short,official_close,2026-01-16T20:00:00Z,2026-01-16T20:15:00Z,TURBOUSDT|2026-01-16T20:00:00Z,2026-01-16T20:15:00Z,0.0017892,6.0,0,closed,realized,2026-01-16T20:45:59Z,0.0018015499999999999,stop_1m,,,-0.006902526268723452,-0.008093885722110561,,,-0.006902526268723452,-0.008093885722110561,30,0,1,0,0,atr,1.2349999999999978e-05,1.75,1.0,8,3,1,2026-01-16T20:45:59Z,40.0,-0.32375542888442244,-0.008093885722110561,2026-01
rank32b-beatusdt-788300beef90d5a0,BEATUSDT,short,official_close,2026-01-16T19:15:00Z,2026-01-16T19:30:00Z,BEATUSDT|2026-01-16T19:15:00Z,2026-01-16T19:30:00Z,0.3805,6.0,0,closed,realized,2026-01-16T21:30:59Z,0.3826,timeout_1m,,,-0.005519053876478219,-0.006712072998685925,,,-0.005519053876478219,-0.006712072998685925,120,0,0,1,0,atr,0.00667142857142857,1.75,1.0,8,3,1,2026-01-16T21:30:59Z,40.0,-0.268482919947437,-0.006712072998685925,2026-01
rank32b-tradoorusdt-17a268603902d33f,TRADOORUSDT,short,official_close,2026-01-16T21:15:00Z,2026-01-16T21:30:00Z,TRADOORUSDT|2026-01-16T21:15:00Z,2026-01-16T21:30:00Z,1.142,6.0,0,closed,realized,2026-01-16T23:02:59Z,1.1538571428571427,stop_1m,,,-0.010382787090317702,-0.011569971483612829,,,-0.010382787090317702,-0.011569971483612829,92,0,1,0,0,atr,0.011857142857142804,1.75,1.0,8,3,1,2026-01-16T23:02:59Z,40.0,-0.46279885934451315,-0.011569971483612829,2026-01
rank32b-tradoorusdt-db5132c0c3a102ca,TRADOORUSDT,short,official_close,2026-01-16T23:15:00Z,2026-01-16T23:30:00Z,TRADOORUSDT|2026-01-16T23:15:00Z,2026-01-16T23:30:00Z,1.141,6.0,0,closed,realized,2026-01-17T00:53:59Z,1.119625,target_1m,,,0.01873356704645046,0.017511453510078656,,,0.01873356704645046,0.017511453510078656,83,1,0,0,0,atr,0.012214285714285733,1.75,1.0,8,3,1,2026-01-17T00:53:59Z,40.0,0.7004581404031462,0.017511453510078656,2026-01
rank32b-zecusdt-8458e37ef835009b,ZECUSDT,short,official_close,2026-01-17T03:00:00Z,2026-01-17T03:15:00Z,ZECUSDT|2026-01-17T03:00:00Z,2026-01-17T03:15:00Z,408.48,6.0,0,closed,realized,2026-01-17T03:49:59Z,404.1875,target_1m,,,0.01050847042694869,0.00929622404548569,,,0.01050847042694869,0.00929622404548569,34,1,0,0,0,atr,2.452857142857145,1.75,1.0,8,3,1,2026-01-17T03:49:59Z,100.0,0.929622404548569,0.00929622404548569,2026-01
rank32b-brettusdt-67612f9008b8a16d,BRETTUSDT,short,official_close,2026-01-17T02:00:00Z,2026-01-17T02:15:00Z,BRETTUSDT|2026-01-17T02:00:00Z,2026-01-17T02:15:00Z,0.01671,6.0,0,closed,realized,2026-01-17T04:15:59Z,0.01673,timeout_1m,,,-0.0011968880909634105,-0.0023950922561339905,,,-0.0011968880909634105,-0.0023950922561339905,120,0,0,1,0,atr,7.357142857142855e-05,1.75,1.0,8,3,1,2026-01-17T04:15:59Z,40.0,-0.09580369024535962,-0.0023950922561339905,2026-01
rank32b-actusdt-8363db28a08c5c07,ACTUSDT,long,official_close,2026-01-17T07:15:00Z,2026-01-17T07:30:00Z,ACTUSDT|2026-01-17T07:15:00Z,2026-01-17T07:30:00Z,0.02693,6.0,0,closed,realized,2026-01-17T07:41:59Z,0.027225,target_1m,,,0.010954326030449213,0.009741544782770006,,,0.010954326030449213,0.009741544782770006,11,1,0,0,0,atr,0.00016857142857142765,1.75,1.0,8,3,1,2026-01-17T07:41:59Z,40.0,0.38966179131080025,0.009741544782770006,2026-01
rank32b-tradoorusdt-cf241455a4d2e43e,TRADOORUSDT,short,official_close,2026-01-17T06:00:00Z,2026-01-17T06:15:00Z,TRADOORUSDT|2026-01-17T06:00:00Z,2026-01-17T06:15:00Z,1.12,6.0,0,closed,realized,2026-01-17T08:15:59Z,1.124,timeout_1m,,,-0.0035714285714285587,-0.00476678414285725,,,-0.0035714285714285587,-0.00476678414285725,120,0,0,1,0,atr,0.015499999999999974,1.75,1.0,8,3,1,2026-01-17T08:15:59Z,40.0,-0.19067136571429,-0.00476678414285725,2026-01
rank32b-1000pepeusdt-c32f6dcc770c44a8,1000PEPEUSDT,short,official_close,2026-01-17T12:30:00Z,2026-01-17T12:45:00Z,1000PEPEUSDT|2026-01-17T12:30:00Z,2026-01-17T12:45:00Z,0.005838,6.0,0,closed,realized,2026-01-17T14:23:59Z,0.005859292857142858,stop_1m,,,-0.003647286252630666,-0.004842550822150682,,,-0.003647286252630666,-0.004842550822150682,98,0,1,0,0,atr,2.12928571428572e-05,1.75,1.0,8,3,1,2026-01-17T14:23:59Z,40.0,-0.19370203288602728,-0.004842550822150682,2026-01
rank32b-beatusdt-dfc95ce01ae8e588,BEATUSDT,long,official_close,2026-01-17T16:00:00Z,2026-01-17T16:15:00Z,BEATUSDT|2026-01-17T16:00:00Z,2026-01-17T16:15:00Z,0.4031,6.0,0,closed,realized,2026-01-17T16:31:59Z,0.39834285714285717,stop_1m,,,-0.011801396321366564,-0.012986878894283738,,,-0.011801396321366564,-0.012986878894283738,16,0,1,0,0,atr,0.004757142857142861,1.75,1.0,8,3,1,2026-01-17T16:31:59Z,40.0,-0.5194751557713495,-0.012986878894283738,2026-01
rank32b-tradoorusdt-b2229939781e1916,TRADOORUSDT,short,official_close,2026-01-17T18:00:00Z,2026-01-17T18:15:00Z,TRADOORUSDT|2026-01-17T18:00:00Z,2026-01-17T18:15:00Z,1.118,6.0,0,closed,realized,2026-01-17T18:50:59Z,1.127714285714286,stop_1m,,,-0.008688985433171537,-0.00987820177868659,,,-0.008688985433171537,-0.00987820177868659,35,0,1,0,0,atr,0.009714285714285707,1.75,1.0,8,3,1,2026-01-17T18:50:59Z,40.0,-0.3951280711474636,-0.00987820177868659,2026-01
rank32b-beatusdt-2ab0f5c6343ff9c2,BEATUSDT,long,official_close,2026-01-17T18:15:00Z,2026-01-17T18:30:00Z,BEATUSDT|2026-01-17T18:15:00Z,2026-01-17T18:30:00Z,0.3934,6.0,0,closed,realized,2026-01-17T20:30:59Z,0.3906,timeout_1m,,,-0.007117437722420017,-0.008308539359430878,,,-0.007117437722420017,-0.008308539359430878,120,0,0,1,0,atr,0.006114285714285723,1.75,1.0,8,3,1,2026-01-17T20:30:59Z,40.0,-0.3323415743772351,-0.008308539359430878,2026-01
rank32b-dotusdt-9ef485bebc120a62,DOTUSDT,long,official_close,2026-01-18T00:00:00Z,2026-01-18T00:15:00Z,DOTUSDT|2026-01-18T00:00:00Z,2026-01-18T00:15:00Z,2.191,6.0,0,closed,realized,2026-01-18T01:05:59Z,2.181285714285714,stop_1m,,,-0.0044337223707374696,-0.0056280435000327644,,,-0.0044337223707374696,-0.0056280435000327644,50,0,1,0,0,atr,0.009714285714285722,1.75,1.0,8,3,1,2026-01-18T01:05:59Z,100.0,-0.5628043500032764,-0.0056280435000327644,2026-01
rank32b-uniusdt-14146e39a13016db,UNIUSDT,short,official_close,2026-01-18T01:00:00Z,2026-01-18T01:15:00Z,UNIUSDT|2026-01-18T01:00:00Z,2026-01-18T01:15:00Z,5.328,6.0,0,closed,realized,2026-01-18T01:54:59Z,5.2878750000000005,target_1m,,,0.0075309684684684575,0.006322294017454766,,,0.0075309684684684575,0.006322294017454766,39,1,0,0,0,atr,0.02292857142857141,1.75,1.0,8,3,1,2026-01-18T01:54:59Z,100.0,0.6322294017454766,0.006322294017454766,2026-01
rank32b-tradoorusdt-c5cef8dd9dfcb63e,TRADOORUSDT,short,official_close,2026-01-18T00:30:00Z,2026-01-18T00:45:00Z,TRADOORUSDT|2026-01-18T00:30:00Z,2026-01-18T00:45:00Z,1.113,6.0,0,closed,realized,2026-01-18T02:45:59Z,1.107,timeout_1m,,,0.005390835579514808,0.004184728517520053,,,0.005390835579514808,0.004184728517520053,120,0,0,1,0,atr,0.009000000000000008,1.75,1.0,8,3,1,2026-01-18T02:45:59Z,40.0,0.16738914070080213,0.004184728517520053,2026-01
rank32b-beatusdt-a6d1843b6eb81119,BEATUSDT,long,official_close,2026-01-18T15:15:00Z,2026-01-18T15:30:00Z,BEATUSDT|2026-01-18T15:15:00Z,2026-01-18T15:30:00Z,0.3952,6.0,0,closed,realized,2026-01-18T16:56:59Z,0.39057142857142857,stop_1m,,,-0.011711972238288015,-0.012897562087912151,,,-0.011711972238288015,-0.012897562087912151,86,0,1,0,0,atr,0.004628571428571422,1.75,1.0,8,3,1,2026-01-18T16:56:59Z,40.0,-0.515902483516486,-0.012897562087912151,2026-01
rank32b-fartcoinusdt-2ba7126282f7ce4e,FARTCOINUSDT,short,official_close,2026-01-18T19:30:00Z,2026-01-18T19:45:00Z,FARTCOINUSDT|2026-01-18T19:30:00Z,2026-01-18T19:45:00Z,0.3449,6.0,0,closed,realized,2026-01-18T20:30:59Z,0.3475857142857143,stop_1m,,,-0.007786936171975345,-0.008977234651866062,,,-0.007786936171975345,-0.008977234651866062,45,0,1,0,0,atr,0.0026857142857142874,1.75,1.0,8,3,1,2026-01-18T20:30:59Z,40.0,-0.35908938607464247,-0.008977234651866062,2026-01
rank32b-beatusdt-7b112ddb3c254aa2,BEATUSDT,long,official_close,2026-01-18T22:30:00Z,2026-01-18T22:45:00Z,BEATUSDT|2026-01-18T22:30:00Z,2026-01-18T22:45:00Z,0.392,6.0,0,closed,realized,2026-01-18T22:55:59Z,0.3977125,target_1m,,,0.014572704081632581,0.01335558208290788,,,0.014572704081632581,0.01335558208290788,10,1,0,0,0,atr,0.0032642857142857035,1.75,1.0,8,3,1,2026-01-18T22:55:59Z,40.0,0.5342232833163152,0.01335558208290788,2026-01
rank32b-wldusdt-2336b9b573f7114f,WLDUSDT,short,official_close,2026-01-18T23:00:00Z,2026-01-18T23:15:00Z,WLDUSDT|2026-01-18T23:00:00Z,2026-01-18T23:15:00Z,0.5337,6.0,0,closed,realized,2026-01-18T23:22:59Z,0.5284875,target_1m,,,0.009766722878021272,0.008555366326587821,,,0.009766722878021272,0.008555366326587821,7,1,0,0,0,atr,0.0029785714285714177,1.75,1.0,8,3,1,2026-01-18T23:22:59Z,100.0,0.8555366326587821,0.008555366326587821,2026-01
rank32b-pippinusdt-1cf926b80fb7ff8c,PIPPINUSDT,long,official_close,2026-01-18T22:45:00Z,2026-01-18T23:00:00Z,PIPPINUSDT|2026-01-18T22:45:00Z,2026-01-18T23:00:00Z,0.32726,6.0,0,closed,realized,2026-01-18T23:53:59Z,0.3251592857142857,stop_1m,,,-0.006419098837970649,-0.007611038230240674,,,-0.006419098837970649,-0.007611038230240674,53,0,1,0,0,atr,0.002100714285714301,1.75,1.0,8,3,1,2026-01-18T23:53:59Z,40.0,-0.30444152920962697,-0.007611038230240674,2026-01
rank32b-beatusdt-7dab2411422bc252,BEATUSDT,short,official_close,2026-01-19T00:00:00Z,2026-01-19T00:15:00Z,BEATUSDT|2026-01-19T00:00:00Z,2026-01-19T00:15:00Z,0.346,6.0,0,closed,realized,2026-01-19T01:00:59Z,0.324125,target_1m,,,0.06322254335260113,0.06194705906069364,,,0.06322254335260113,0.06194705906069364,45,1,0,0,0,atr,0.012499999999999999,1.75,1.0,8,3,1,2026-01-19T01:00:59Z,40.0,2.4778823624277457,0.06194705906069364,2026-01
rank32b-fartcoinusdt-709d16e37c78f457,FARTCOINUSDT,short,official_close,2026-01-19T10:00:00Z,2026-01-19T10:15:00Z,FARTCOINUSDT|2026-01-19T10:00:00Z,2026-01-19T10:15:00Z,0.3251,6.0,0,closed,realized,2026-01-19T10:59:59Z,0.3280214285714286,stop_1m,,,-0.008986245990244779,-0.01017510573010505,,,-0.008986245990244779,-0.01017510573010505,44,0,1,0,0,atr,0.002921428571428571,1.75,1.0,8,3,1,2026-01-19T10:59:59Z,40.0,-0.407004229204202,-0.01017510573010505,2026-01
rank32b-fartcoinusdt-9b2a630e840fd4d2,FARTCOINUSDT,short,official_close,2026-01-19T12:45:00Z,2026-01-19T13:00:00Z,FARTCOINUSDT|2026-01-19T12:45:00Z,2026-01-19T13:00:00Z,0.3254,6.0,0,closed,realized,2026-01-19T15:00:59Z,0.3253,timeout_1m,,,0.0003073140749847436,-0.0008926945912722806,,,0.0003073140749847436,-0.0008926945912722806,120,0,0,1,0,atr,0.003378571428571437,1.75,1.0,8,3,1,2026-01-19T15:00:59Z,40.0,-0.03570778365089122,-0.0008926945912722806,2026-01
rank32b-zecusdt-3a41d49d7842eae0,ZECUSDT,short,official_close,2026-01-19T15:15:00Z,2026-01-19T15:30:00Z,ZECUSDT|2026-01-19T15:15:00Z,2026-01-19T15:30:00Z,373.18,6.0,0,closed,realized,2026-01-19T16:51:59Z,376.4771428571429,stop_1m,,,-0.00883526142114488,-0.010024302288133669,,,-0.00883526142114488,-0.010024302288133669,81,0,1,0,0,atr,3.297142857142863,1.75,1.0,8,3,1,2026-01-19T16:51:59Z,100.0,-1.0024302288133669,-0.010024302288133669,2026-01
rank32b-xrpusdt-2878978cac7d3f37,XRPUSDT,short,official_close,2026-01-19T22:00:00Z,2026-01-19T22:15:00Z,XRPUSDT|2026-01-19T22:00:00Z,2026-01-19T22:15:00Z,1.9858,6.0,0,closed,realized,2026-01-19T22:18:59Z,1.9931214285714285,stop_1m,,,-0.003686891213328769,-0.004882108271153762,,,-0.003686891213328769,-0.004882108271153762,3,0,1,0,0,atr,0.007321428571428574,1.75,1.0,8,3,1,2026-01-19T22:18:59Z,100.0,-0.4882108271153762,-0.004882108271153762,2026-01
rank32b-pippinusdt-230037977ddb4e97,PIPPINUSDT,short,official_close,2026-01-19T23:15:00Z,2026-01-19T23:30:00Z,PIPPINUSDT|2026-01-19T23:15:00Z,2026-01-19T23:30:00Z,0.31256,6.0,0,closed,realized,2026-01-20T00:05:59Z,0.30716125,target_1m,,,0.017272683644740217,0.016052322642532424,,,0.017272683644740217,0.016052322642532424,35,1,0,0,0,atr,0.0030850000000000044,1.75,1.0,8,3,1,2026-01-20T00:05:59Z,40.0,0.642092905701297,0.016052322642532424,2026-01
rank32b-dotusdt-db6ba965074bd3b4,DOTUSDT,short,official_close,2026-01-20T06:00:00Z,2026-01-20T06:15:00Z,DOTUSDT|2026-01-20T06:00:00Z,2026-01-20T06:15:00Z,2.009,6.0,0,closed,realized,2026-01-20T08:12:59Z,1.9819999999999998,target_1m,,,0.013439522150323624,0.012223759561971193,,,0.013439522150323624,0.012223759561971193,117,1,0,0,0,atr,0.015428571428571443,1.75,1.0,8,3,1,2026-01-20T08:12:59Z,100.0,1.2223759561971193,0.012223759561971193,2026-01
rank32b-zecusdt-b28a6d390d8c5037,ZECUSDT,short,official_close,2026-01-20T12:30:00Z,2026-01-20T12:45:00Z,ZECUSDT|2026-01-20T12:30:00Z,2026-01-20T12:45:00Z,363.0,6.0,0,closed,realized,2026-01-20T13:53:59Z,356.44375,target_1m,,,0.018061294765840175,0.016839987714187155,,,0.018061294765840175,0.016839987714187155,68,1,0,0,0,atr,3.7464285714285666,1.75,1.0,8,3,1,2026-01-20T13:53:59Z,100.0,1.6839987714187155,0.016839987714187155,2026-01
rank32b-1000pepeusdt-73b93e6ef7034b2f,1000PEPEUSDT,short,official_close,2026-01-21T02:15:00Z,2026-01-21T02:30:00Z,1000PEPEUSDT|2026-01-21T02:15:00Z,2026-01-21T02:30:00Z,0.0050683,6.0,0,closed,realized,2026-01-21T04:30:59Z,0.0050583,timeout_1m,,,0.0019730481621057505,0.000771041214608692,,,0.0019730481621057505,0.000771041214608692,120,0,0,1,0,atr,4.0464285714285914e-05,1.75,1.0,8,3,1,2026-01-21T04:30:59Z,40.0,0.03084164858434768,0.000771041214608692,2026-01
rank32b-linkusdt-2f2cfd3c99b16556,LINKUSDT,short,official_close,2026-01-21T07:30:00Z,2026-01-21T07:45:00Z,LINKUSDT|2026-01-21T07:30:00Z,2026-01-21T07:45:00Z,12.315,6.0,0,closed,realized,2026-01-21T08:37:59Z,12.246749999999999,target_1m,,,0.005542021924482388,0.004335733493300742,,,0.005542021924482388,0.004335733493300742,52,1,0,0,0,atr,0.03900000000000008,1.75,1.0,8,3,1,2026-01-21T08:37:59Z,100.0,0.4335733493300742,0.004335733493300742,2026-01
rank32b-fartcoinusdt-a31122f9496ea886,FARTCOINUSDT,short,official_close,2026-01-21T08:00:00Z,2026-01-21T08:15:00Z,FARTCOINUSDT|2026-01-21T08:00:00Z,2026-01-21T08:15:00Z,0.3038,6.0,0,closed,realized,2026-01-21T10:15:59Z,0.3057,timeout_1m,,,-0.006254114549045564,-0.007446251863068021,,,-0.006254114549045564,-0.007446251863068021,120,0,0,1,0,atr,0.002171428571428558,1.75,1.0,8,3,1,2026-01-21T10:15:59Z,40.0,-0.29785007452272083,-0.007446251863068021,2026-01
rank32b-uniusdt-35dca1d062756857,UNIUSDT,short,official_close,2026-01-21T11:45:00Z,2026-01-21T12:00:00Z,UNIUSDT|2026-01-21T11:45:00Z,2026-01-21T12:00:00Z,4.846,6.0,0,closed,realized,2026-01-21T12:13:59Z,4.80625,target_1m,,,0.008202641353693751,0.0069931611370199764,,,0.008202641353693751,0.0069931611370199764,13,1,0,0,0,atr,0.02271428571428575,1.75,1.0,8,3,1,2026-01-21T12:13:59Z,100.0,0.6993161137019976,0.0069931611370199764,2026-01
rank32b-bchusdt-17437066621081a0,BCHUSDT,long,official_close,2026-01-21T14:00:00Z,2026-01-21T14:15:00Z,BCHUSDT|2026-01-21T14:00:00Z,2026-01-21T14:15:00Z,590.66,6.0,0,closed,realized,2026-01-21T16:15:59Z,587.94,timeout_1m,,,-0.00460501811532843,-0.0057991337513966235,,,-0.00460501811532843,-0.0057991337513966235,120,0,0,1,0,atr,3.9650000000000074,1.75,1.0,8,3,1,2026-01-21T16:15:59Z,100.0,-0.5799133751396623,-0.0057991337513966235,2026-01
rank32b-ethusdt-f8109f5a8b9c6f18,ETHUSDT,short,official_close,2026-01-21T16:15:00Z,2026-01-21T16:30:00Z,ETHUSDT|2026-01-21T16:15:00Z,2026-01-21T16:30:00Z,2960.44,6.0,0,closed,realized,2026-01-21T16:38:59Z,2918.3399999999997,target_1m,,,0.014220859061490954,0.013004159150126204,,,0.014220859061490954,0.013004159150126204,8,1,0,0,0,atr,24.057142857142967,1.75,1.0,8,3,1,2026-01-21T16:38:59Z,100.0,1.3004159150126204,0.013004159150126204,2026-01
rank32b-tradoorusdt-564ad132dbc88481,TRADOORUSDT,short,official_close,2026-01-21T16:30:00Z,2026-01-21T16:45:00Z,TRADOORUSDT|2026-01-21T16:30:00Z,2026-01-21T16:45:00Z,0.75,6.0,0,closed,realized,2026-01-21T18:45:59Z,0.752,timeout_1m,,,-0.002666666666666595,-0.0038631076266666398,,,-0.002666666666666595,-0.0038631076266666398,120,0,0,1,0,atr,0.012071428571428582,1.75,1.0,8,3,1,2026-01-21T18:45:59Z,40.0,-0.1545243050666656,-0.0038631076266666398,2026-01
rank32b-zecusdt-1dfe874a8f4f836b,ZECUSDT,short,official_close,2026-01-21T17:00:00Z,2026-01-21T17:15:00Z,ZECUSDT|2026-01-21T17:00:00Z,2026-01-21T17:15:00Z,354.36,6.0,0,closed,realized,2026-01-21T18:48:59Z,359.79285714285714,stop_1m,,,-0.015331462757808723,-0.016512710521826013,,,-0.015331462757808723,-0.016512710521826013,93,0,1,0,0,atr,5.432857142857143,1.75,1.0,8,3,1,2026-01-21T18:48:59Z,100.0,-1.6512710521826013,-0.016512710521826013,2026-01
rank32b-tradoorusdt-5aa3a0954f55e9a0,TRADOORUSDT,short,official_close,2026-01-21T23:45:00Z,2026-01-22T00:00:00Z,TRADOORUSDT|2026-01-21T23:45:00Z,2026-01-22T00:00:00Z,0.761,6.0,0,closed,realized,2026-01-22T01:10:59Z,0.7730714285714286,stop_1m,,,-0.015862586821850932,-0.017043197428196044,,,-0.015862586821850932,-0.017043197428196044,70,0,1,0,0,atr,0.012071428571428582,1.75,1.0,8,3,1,2026-01-22T01:10:59Z,40.0,-0.6817278971278418,-0.017043197428196044,2026-01
rank32b-bchusdt-a891fd6f1c2c5277,BCHUSDT,long,official_close,2026-01-22T00:15:00Z,2026-01-22T00:30:00Z,BCHUSDT|2026-01-22T00:15:00Z,2026-01-22T00:30:00Z,588.08,6.0,0,closed,realized,2026-01-22T01:33:59Z,592.48875,target_1m,,,0.007496854169500633,0.006288220643364539,,,0.007496854169500633,0.006288220643364539,63,1,0,0,0,atr,2.519285714285713,1.75,1.0,8,3,1,2026-01-22T01:33:59Z,100.0,0.6288220643364539,0.006288220643364539,2026-01
rank32b-zecusdt-ce5bd88a4039be08,ZECUSDT,short,official_close,2026-01-21T23:30:00Z,2026-01-21T23:45:00Z,ZECUSDT|2026-01-21T23:30:00Z,2026-01-21T23:45:00Z,357.73,6.0,0,closed,realized,2026-01-22T01:45:59Z,353.4,timeout_1m,,,0.012104100858189248,0.010889940294635636,,,0.012104100858189248,0.010889940294635636,120,0,0,1,0,atr,2.8628571428571457,1.75,1.0,8,3,1,2026-01-22T01:45:59Z,100.0,1.0889940294635636,0.010889940294635636,2026-01
rank32b-tradoorusdt-83be90b9af7f1629,TRADOORUSDT,short,official_close,2026-01-22T03:30:00Z,2026-01-22T03:45:00Z,TRADOORUSDT|2026-01-22T03:30:00Z,2026-01-22T03:45:00Z,0.757,6.0,0,closed,realized,2026-01-22T04:41:59Z,0.7659285714285714,stop_1m,,,-0.011794678241177525,-0.012980168873372389,,,-0.011794678241177525,-0.012980168873372389,56,0,1,0,0,atr,0.008928571428571437,1.75,1.0,8,3,1,2026-01-22T04:41:59Z,40.0,-0.5192067549348955,-0.012980168873372389,2026-01
rank32b-brettusdt-0b932d078c05e62e,BRETTUSDT,short,official_close,2026-01-22T06:15:00Z,2026-01-22T06:30:00Z,BRETTUSDT|2026-01-22T06:15:00Z,2026-01-22T06:30:00Z,0.01397,6.0,0,closed,realized,2026-01-22T06:37:59Z,0.014045,stop_1m,,,-0.005368647100930657,-0.006561846657122561,,,-0.005368647100930657,-0.006561846657122561,7,0,1,0,0,atr,7.499999999999991e-05,1.75,1.0,8,3,1,2026-01-22T06:37:59Z,40.0,-0.26247386628490244,-0.006561846657122561,2026-01
rank32b-adausdt-d941cd3f871da8ac,ADAUSDT,long,official_close,2026-01-22T13:15:00Z,2026-01-22T13:30:00Z,ADAUSDT|2026-01-22T13:15:00Z,2026-01-22T13:30:00Z,0.3652,6.0,0,closed,realized,2026-01-22T13:32:59Z,0.36413571428571434,stop_1m,,,-0.0029142544202784837,-0.004110398364105872,,,-0.0029142544202784837,-0.004110398364105872,2,0,1,0,0,atr,0.001064285714285712,1.75,1.0,8,3,1,2026-01-22T13:32:59Z,100.0,-0.41103983641058717,-0.004110398364105872,2026-01
rank32b-aaveusdt-7beb830876eee052,AAVEUSDT,short,official_close,2026-01-22T13:30:00Z,2026-01-22T13:45:00Z,AAVEUSDT|2026-01-22T13:30:00Z,2026-01-22T13:45:00Z,157.91,6.0,0,closed,realized,2026-01-22T14:12:59Z,158.52785714285713,stop_1m,,,-0.003912717008784261,-0.0051076631569519915,,,-0.003912717008784261,-0.0051076631569519915,27,0,1,0,0,atr,0.6178571428571432,1.75,1.0,8,3,1,2026-01-22T14:12:59Z,100.0,-0.5107663156951991,-0.0051076631569519915,2026-01
rank32b-actusdt-c14afaba7d65f906,ACTUSDT,short,official_close,2026-01-22T18:00:00Z,2026-01-22T18:15:00Z,ACTUSDT|2026-01-22T18:00:00Z,2026-01-22T18:15:00Z,0.02322,6.0,0,closed,realized,2026-01-22T19:21:59Z,0.022898750000000002,target_1m,,,0.013835055986218703,0.012618818899655215,,,0.013835055986218703,0.012618818899655215,66,1,0,0,0,atr,0.00018357142857142853,1.75,1.0,8,3,1,2026-01-22T19:21:59Z,40.0,0.5047527559862086,0.012618818899655215,2026-01
rank32b-fartcoinusdt-759f7940c62b80c9,FARTCOINUSDT,short,official_close,2026-01-22T18:45:00Z,2026-01-22T19:00:00Z,FARTCOINUSDT|2026-01-22T18:45:00Z,2026-01-22T19:00:00Z,0.3016,6.0,0,closed,realized,2026-01-22T19:35:59Z,0.30517142857142854,stop_1m,,,-0.011841606669192872,-0.013027041004168405,,,-0.011841606669192872,-0.013027041004168405,35,0,1,0,0,atr,0.0035714285714285704,1.75,1.0,8,3,1,2026-01-22T19:35:59Z,40.0,-0.5210816401667362,-0.013027041004168405,2026-01
rank32b-tradoorusdt-7d52747712f7cb44,TRADOORUSDT,short,official_close,2026-01-22T20:30:00Z,2026-01-22T20:45:00Z,TRADOORUSDT|2026-01-22T20:30:00Z,2026-01-22T20:45:00Z,0.757,6.0,0,closed,realized,2026-01-22T21:16:59Z,0.7661428571428571,stop_1m,,,-0.012077750518965757,-0.013262901566333252,,,-0.012077750518965757,-0.013262901566333252,31,0,1,0,0,atr,0.00914285714285715,1.75,1.0,8,3,1,2026-01-22T21:16:59Z,40.0,-0.5305160626533301,-0.013262901566333252,2026-01
rank32b-fartcoinusdt-2e5238659e66c57f,FARTCOINUSDT,short,official_close,2026-01-22T20:15:00Z,2026-01-22T20:30:00Z,FARTCOINUSDT|2026-01-22T20:15:00Z,2026-01-22T20:30:00Z,0.2991,6.0,0,closed,realized,2026-01-22T22:30:59Z,0.3007,timeout_1m,,,-0.005349381477766757,-0.006542604145770903,,,-0.005349381477766757,-0.006542604145770903,120,0,0,1,0,atr,0.0033428571428571435,1.75,1.0,8,3,1,2026-01-22T22:30:59Z,40.0,-0.2617041658308361,-0.006542604145770903,2026-01
rank32b-tradoorusdt-f2358f8714ac84b0,TRADOORUSDT,short,official_close,2026-01-22T22:30:00Z,2026-01-22T22:45:00Z,TRADOORUSDT|2026-01-22T22:30:00Z,2026-01-22T22:45:00Z,0.758,6.0,0,closed,realized,2026-01-22T23:11:59Z,0.765,stop_1m,,,-0.00923482849604218,-0.01042339002638526,,,-0.00923482849604218,-0.01042339002638526,26,0,1,0,0,atr,0.007000000000000006,1.75,1.0,8,3,1,2026-01-22T23:11:59Z,40.0,-0.4169356010554104,-0.01042339002638526,2026-01
rank32b-beatusdt-9eb3e7b840b3bdcd,BEATUSDT,short,official_close,2026-01-22T23:30:00Z,2026-01-22T23:45:00Z,BEATUSDT|2026-01-22T23:30:00Z,2026-01-22T23:45:00Z,0.2652,6.0,0,closed,realized,2026-01-23T00:23:59Z,0.26832142857142854,stop_1m,,,-0.011770092652445552,-0.012955612778496106,,,-0.011770092652445552,-0.012955612778496106,38,0,1,0,0,atr,0.003121428571428569,1.75,1.0,8,3,1,2026-01-23T00:23:59Z,40.0,-0.5182245111398442,-0.012955612778496106,2026-01
rank32b-ethusdt-284ead108914f791,ETHUSDT,short,official_close,2026-01-23T06:15:00Z,2026-01-23T06:30:00Z,ETHUSDT|2026-01-23T06:15:00Z,2026-01-23T06:30:00Z,2944.8,6.0,0,closed,realized,2026-01-23T08:30:59Z,2936.56,timeout_1m,,,0.0027981526759033315,0.0015951559000271232,,,0.0027981526759033315,0.0015951559000271232,120,0,0,1,0,atr,10.364285714285709,1.75,1.0,8,3,1,2026-01-23T08:30:59Z,100.0,0.15951559000271232,0.0015951559000271232,2026-01
rank32b-nearusdt-87a8f33dd7a5f707,NEARUSDT,short,official_close,2026-01-23T06:45:00Z,2026-01-23T07:00:00Z,NEARUSDT|2026-01-23T06:45:00Z,2026-01-23T07:00:00Z,1.517,6.0,0,closed,realized,2026-01-23T08:38:59Z,1.504375,target_1m,,,0.008322346736980846,0.007112722916941205,,,0.008322346736980846,0.007112722916941205,98,1,0,0,0,atr,0.007214285714285713,1.75,1.0,8,3,1,2026-01-23T08:38:59Z,100.0,0.7112722916941205,0.007112722916941205,2026-01
rank32b-pippinusdt-34f5e87a78cf40ed,PIPPINUSDT,long,official_close,2026-01-23T08:00:00Z,2026-01-23T08:15:00Z,PIPPINUSDT|2026-01-23T08:00:00Z,2026-01-23T08:15:00Z,0.37816,6.0,0,closed,realized,2026-01-23T10:01:59Z,0.390475,target_1m,,,0.03256558070657922,0.03132687373334031,,,0.03256558070657922,0.03132687373334031,106,1,0,0,0,atr,0.007037142857142861,1.75,1.0,8,3,1,2026-01-23T10:01:59Z,40.0,1.2530749493336124,0.03132687373334031,2026-01
rank32b-tradoorusdt-f97ea34ac654bbfd,TRADOORUSDT,short,official_close,2026-01-23T09:00:00Z,2026-01-23T09:15:00Z,TRADOORUSDT|2026-01-23T09:00:00Z,2026-01-23T09:15:00Z,0.769,6.0,0,closed,realized,2026-01-23T11:05:59Z,0.7825,stop_1m,,,-0.01755526657997386,-0.0187338465799739,,,-0.01755526657997386,-0.0187338465799739,110,0,1,0,0,atr,0.013499999999999996,1.75,1.0,8,3,1,2026-01-23T11:05:59Z,40.0,-0.749353863198956,-0.0187338465799739,2026-01
rank32b-pippinusdt-03fb581ec85711e5,PIPPINUSDT,long,official_close,2026-01-23T12:45:00Z,2026-01-23T13:00:00Z,PIPPINUSDT|2026-01-23T12:45:00Z,2026-01-23T13:00:00Z,0.38262,6.0,0,closed,realized,2026-01-23T14:59:59Z,0.3761257142857143,stop_1m,,,-0.016973199817797657,-0.018152478088368285,,,-0.016973199817797657,-0.018152478088368285,119,0,1,0,0,atr,0.006494285714285715,1.75,1.0,8,3,1,2026-01-23T14:59:59Z,40.0,-0.7260991235347314,-0.018152478088368285,2026-01
rank32b-turbousdt-59b7ef762953f6ca,TURBOUSDT,short,official_close,2026-01-23T14:30:00Z,2026-01-23T14:45:00Z,TURBOUSDT|2026-01-23T14:30:00Z,2026-01-23T14:45:00Z,0.0015157,6.0,0,closed,realized,2026-01-23T15:01:59Z,0.0015235357142857143,stop_1m,,,-0.005169699997172428,-0.00636313821826795,,,-0.005169699997172428,-0.00636313821826795,16,0,1,0,0,atr,7.83571428571428e-06,1.75,1.0,8,3,1,2026-01-23T15:01:59Z,40.0,-0.254525528730718,-0.00636313821826795,2026-01
rank32b-brettusdt-f23670346810015e,BRETTUSDT,short,official_close,2026-01-23T16:15:00Z,2026-01-23T16:30:00Z,BRETTUSDT|2026-01-23T16:15:00Z,2026-01-23T16:30:00Z,0.01371,6.0,0,closed,realized,2026-01-23T16:36:59Z,0.013853571428571429,stop_1m,,,-0.010472022507033385,-0.011659099849953058,,,-0.010472022507033385,-0.011659099849953058,6,0,1,0,0,atr,0.00014357142857142853,1.75,1.0,8,3,1,2026-01-23T16:36:59Z,40.0,-0.46636399399812234,-0.011659099849953058,2026-01
rank32b-zecusdt-253385c10606979d,ZECUSDT,long,official_close,2026-01-23T15:30:00Z,2026-01-23T15:45:00Z,ZECUSDT|2026-01-23T15:30:00Z,2026-01-23T15:45:00Z,364.82,6.0,0,closed,realized,2026-01-23T16:41:59Z,369.43,target_1m,,,0.012636368620141392,0.011421569526889774,,,0.012636368620141392,0.011421569526889774,56,1,0,0,0,atr,2.634285714285714,1.75,1.0,8,3,1,2026-01-23T16:41:59Z,100.0,1.1421569526889774,0.011421569526889774,2026-01
rank32b-beatusdt-e28f5a788fb4c846,BEATUSDT,short,official_close,2026-01-23T17:45:00Z,2026-01-23T18:00:00Z,BEATUSDT|2026-01-23T17:45:00Z,2026-01-23T18:00:00Z,0.2694,6.0,0,closed,realized,2026-01-23T19:16:59Z,0.2635125,target_1m,,,0.021854120267260524,0.02062826319042288,,,0.021854120267260524,0.02062826319042288,76,1,0,0,0,atr,0.0033642857142857164,1.75,1.0,8,3,1,2026-01-23T19:16:59Z,40.0,0.8251305276169152,0.02062826319042288,2026-01
rank32b-actusdt-4280a74d52b63d10,ACTUSDT,short,official_close,2026-01-23T19:00:00Z,2026-01-23T19:15:00Z,ACTUSDT|2026-01-23T19:00:00Z,2026-01-23T19:15:00Z,0.02303,6.0,0,closed,realized,2026-01-23T21:15:59Z,0.02293,timeout_1m,,,0.004342162396873572,0.0031373133651757534,,,0.004342162396873572,0.0031373133651757534,120,0,0,1,0,atr,0.00022785714285714298,1.75,1.0,8,3,1,2026-01-23T21:15:59Z,40.0,0.12549253460703014,0.0031373133651757534,2026-01
rank32b-fartcoinusdt-02f2876d2f7259be,FARTCOINUSDT,short,official_close,2026-01-23T19:15:00Z,2026-01-23T19:30:00Z,FARTCOINUSDT|2026-01-23T19:15:00Z,2026-01-23T19:30:00Z,0.3026,6.0,0,closed,realized,2026-01-23T21:30:59Z,0.3022,timeout_1m,,,0.0013218770654327416,0.00012065128882987608,,,0.0013218770654327416,0.00012065128882987608,120,0,0,1,0,atr,0.004642857142857139,1.75,1.0,8,3,1,2026-01-23T21:30:59Z,40.0,0.004826051553195043,0.00012065128882987608,2026-01
rank32b-pippinusdt-318a8510eb6a38e3,PIPPINUSDT,long,official_close,2026-01-23T22:00:00Z,2026-01-23T22:15:00Z,PIPPINUSDT|2026-01-23T22:00:00Z,2026-01-23T22:15:00Z,0.38044,6.0,0,closed,realized,2026-01-23T22:38:59Z,0.3776507142857143,stop_1m,,,-0.007331736185169024,-0.008522580741171959,,,-0.007331736185169024,-0.008522580741171959,23,0,1,0,0,atr,0.0027892857142857203,1.75,1.0,8,3,1,2026-01-23T22:38:59Z,40.0,-0.34090322964687836,-0.008522580741171959,2026-01
rank32b-pippinusdt-5d7f6ae0009a9712,PIPPINUSDT,long,official_close,2026-01-24T01:15:00Z,2026-01-24T01:30:00Z,PIPPINUSDT|2026-01-24T01:15:00Z,2026-01-24T01:30:00Z,0.38016,6.0,0,closed,realized,2026-01-24T02:03:59Z,0.3772392857142857,stop_1m,,,-0.007682855339105288,-0.008873278678526386,,,-0.007682855339105288,-0.008873278678526386,33,0,1,0,0,atr,0.0029207142857142804,1.75,1.0,8,3,1,2026-01-24T02:03:59Z,40.0,-0.35493114714105545,-0.008873278678526386,2026-01
rank32b-pippinusdt-f2262c271bfc7c55,PIPPINUSDT,long,official_close,2026-01-24T02:30:00Z,2026-01-24T02:45:00Z,PIPPINUSDT|2026-01-24T02:30:00Z,2026-01-24T02:45:00Z,0.38028,6.0,0,closed,realized,2026-01-24T03:06:59Z,0.3774335714285714,stop_1m,,,-0.00748508617710264,-0.008675746768321169,,,-0.00748508617710264,-0.008675746768321169,21,0,1,0,0,atr,0.0028464285714285714,1.75,1.0,8,3,1,2026-01-24T03:06:59Z,40.0,-0.34702987073284675,-0.008675746768321169,2026-01
rank32b-uniusdt-1f310c93abe88933,UNIUSDT,short,official_close,2026-01-24T13:45:00Z,2026-01-24T14:00:00Z,UNIUSDT|2026-01-24T13:45:00Z,2026-01-24T14:00:00Z,4.851,6.0,0,closed,realized,2026-01-24T14:01:59Z,4.862214285714286,stop_1m,,,-0.002311747209706505,-0.0035086139452839005,,,-0.002311747209706505,-0.0035086139452839005,1,0,1,0,0,atr,0.011214285714285717,1.75,1.0,8,3,1,2026-01-24T14:01:59Z,100.0,-0.35086139452839005,-0.0035086139452839005,2026-01
rank32b-1000pepeusdt-1161ecd588519b5b,1000PEPEUSDT,short,official_close,2026-01-24T15:15:00Z,2026-01-24T15:30:00Z,1000PEPEUSDT|2026-01-24T15:15:00Z,2026-01-24T15:30:00Z,0.0050069,6.0,0,closed,realized,2026-01-24T16:13:59Z,0.00496915,target_1m,,,0.0075395953584053155,0.00633091055822943,,,0.0075395953584053155,0.00633091055822943,43,1,0,0,0,atr,2.1571428571428397e-05,1.75,1.0,8,3,1,2026-01-24T16:13:59Z,40.0,0.2532364223291772,0.00633091055822943,2026-01
rank32b-beatusdt-634584c9b0fabd62,BEATUSDT,long,official_close,2026-01-24T18:45:00Z,2026-01-24T19:00:00Z,BEATUSDT|2026-01-24T18:45:00Z,2026-01-24T19:00:00Z,0.2847,6.0,0,closed,realized,2026-01-24T21:00:59Z,0.2826,timeout_1m,,,-0.00737618545837726,-0.008566976691254058,,,-0.00737618545837726,-0.008566976691254058,120,0,0,1,0,atr,0.003421428571428559,1.75,1.0,8,3,1,2026-01-24T21:00:59Z,40.0,-0.3426790676501623,-0.008566976691254058,2026-01
rank32b-tradoorusdt-b28988657936257d,TRADOORUSDT,short,official_close,2026-01-24T22:30:00Z,2026-01-24T22:45:00Z,TRADOORUSDT|2026-01-24T22:30:00Z,2026-01-24T22:45:00Z,0.764,6.0,0,closed,realized,2026-01-24T23:12:59Z,0.7697857142857143,stop_1m,,,-0.007572924457741159,-0.008763479674644747,,,-0.007572924457741159,-0.008763479674644747,27,0,1,0,0,atr,0.005785714285714291,1.75,1.0,8,3,1,2026-01-24T23:12:59Z,40.0,-0.3505391869857899,-0.008763479674644747,2026-01
rank32b-tradoorusdt-965ad24c0dacc36e,TRADOORUSDT,long,official_close,2026-01-25T01:00:00Z,2026-01-25T01:15:00Z,TRADOORUSDT|2026-01-25T01:00:00Z,2026-01-25T01:15:00Z,0.777,6.0,0,closed,realized,2026-01-25T01:38:59Z,0.7703571428571429,stop_1m,,,-0.008549365692222866,-0.009738749531163937,,,-0.008549365692222866,-0.009738749531163937,23,0,1,0,0,atr,0.006642857142857149,1.75,1.0,8,3,1,2026-01-25T01:38:59Z,40.0,-0.3895499812465575,-0.009738749531163937,2026-01
rank32b-actusdt-a3047afc86d93f47,ACTUSDT,short,official_close,2026-01-25T01:15:00Z,2026-01-25T01:30:00Z,ACTUSDT|2026-01-25T01:15:00Z,2026-01-25T01:30:00Z,0.02298,6.0,0,closed,realized,2026-01-25T01:39:59Z,0.02277125,target_1m,,,0.009083986074847727,0.007873448561792618,,,0.009083986074847727,0.007873448561792618,9,1,0,0,0,atr,0.00011928571428571389,1.75,1.0,8,3,1,2026-01-25T01:39:59Z,40.0,0.3149379424717047,0.007873448561792618,2026-01
rank32b-beatusdt-b047d03b0376e30b,BEATUSDT,long,official_close,2026-01-25T02:00:00Z,2026-01-25T02:15:00Z,BEATUSDT|2026-01-25T02:00:00Z,2026-01-25T02:15:00Z,0.2839,6.0,0,closed,realized,2026-01-25T02:29:59Z,0.28032142857142855,stop_1m,,,-0.012605042016806678,-0.013789560504201659,,,-0.012605042016806678,-0.013789560504201659,14,0,1,0,0,atr,0.003578571428571435,1.75,1.0,8,3,1,2026-01-25T02:29:59Z,40.0,-0.5515824201680664,-0.013789560504201659,2026-01
rank32b-suiusdt-25b0fa07e5a8ccdf,SUIUSDT,short,official_close,2026-01-25T03:15:00Z,2026-01-25T03:30:00Z,SUIUSDT|2026-01-25T03:15:00Z,2026-01-25T03:30:00Z,1.4792,6.0,0,closed,realized,2026-01-25T05:30:59Z,1.4782,timeout_1m,,,0.0006760411032991076,-0.0005244099026501248,,,0.0006760411032991076,-0.0005244099026501248,120,0,0,1,0,atr,0.004592857142857081,1.75,1.0,8,3,1,2026-01-25T05:30:59Z,100.0,-0.05244099026501248,-0.0005244099026501248,2026-01
rank32b-actusdt-b99f0b9999d4b0b7,ACTUSDT,short,official_close,2026-01-25T04:00:00Z,2026-01-25T04:15:00Z,ACTUSDT|2026-01-25T04:00:00Z,2026-01-25T04:15:00Z,0.02295,6.0,0,closed,realized,2026-01-25T06:15:59Z,0.02305,timeout_1m,,,-0.004357298474945592,-0.005551711285403216,,,-0.004357298474945592,-0.005551711285403216,120,0,0,1,0,atr,0.00023142857142857066,1.75,1.0,8,3,1,2026-01-25T06:15:59Z,40.0,-0.22206845141612863,-0.005551711285403216,2026-01
rank32b-actusdt-3e90d620da8faf7b,ACTUSDT,short,official_close,2026-01-25T08:00:00Z,2026-01-25T08:15:00Z,ACTUSDT|2026-01-25T08:00:00Z,2026-01-25T08:15:00Z,0.02293,6.0,0,closed,realized,2026-01-25T08:22:59Z,0.022695,target_1m,,,0.01024858264282591,0.009036648033144079,,,0.01024858264282591,0.009036648033144079,7,1,0,0,0,atr,0.000134285714285714,1.75,1.0,8,3,1,2026-01-25T08:22:59Z,40.0,0.36146592132576316,0.009036648033144079,2026-01
rank32b-1000pepeusdt-f252361644f8bbd7,1000PEPEUSDT,short,official_close,2026-01-25T13:15:00Z,2026-01-25T13:30:00Z,1000PEPEUSDT|2026-01-25T13:15:00Z,2026-01-25T13:30:00Z,0.0049642,6.0,0,closed,realized,2026-01-25T14:28:59Z,0.004908662500000001,target_1m,,,0.011187603239192434,0.009974542142842546,,,0.011187603239192434,0.009974542142842546,58,1,0,0,0,atr,3.173571428571409e-05,1.75,1.0,8,3,1,2026-01-25T14:28:59Z,40.0,0.39898168571370185,0.009974542142842546,2026-01
rank32b-fartcoinusdt-886f7aeeaa920915,FARTCOINUSDT,short,official_close,2026-01-26T01:15:00Z,2026-01-26T01:30:00Z,FARTCOINUSDT|2026-01-26T01:15:00Z,2026-01-26T01:30:00Z,0.2831,6.0,0,closed,realized,2026-01-26T01:53:59Z,0.2866571428571429,stop_1m,,,-0.012564969470656662,-0.013749536030680964,,,-0.012564969470656662,-0.013749536030680964,23,0,1,0,0,atr,0.0035571428571428538,1.75,1.0,8,3,1,2026-01-26T01:53:59Z,40.0,-0.5499814412272386,-0.013749536030680964,2026-01
rank32b-fartcoinusdt-d26eaf26de84d670,FARTCOINUSDT,short,official_close,2026-01-26T02:00:00Z,2026-01-26T02:15:00Z,FARTCOINUSDT|2026-01-26T02:00:00Z,2026-01-26T02:15:00Z,0.2826,6.0,0,closed,realized,2026-01-26T04:15:59Z,0.2851,timeout_1m,,,-0.008846426043878308,-0.010035453517339143,,,-0.008846426043878308,-0.010035453517339143,120,0,0,1,0,atr,0.003457142857142857,1.75,1.0,8,3,1,2026-01-26T04:15:59Z,40.0,-0.40141814069356574,-0.010035453517339143,2026-01
rank32b-tradoorusdt-7e7ed6c6af265c9a,TRADOORUSDT,short,official_close,2026-01-26T09:00:00Z,2026-01-26T09:15:00Z,TRADOORUSDT|2026-01-26T09:00:00Z,2026-01-26T09:15:00Z,0.709,6.0,0,closed,realized,2026-01-26T10:01:59Z,0.7172142857142857,stop_1m,,,-0.011585734434817585,-0.012771475724360326,,,-0.011585734434817585,-0.012771475724360326,46,0,1,0,0,atr,0.00821428571428572,1.75,1.0,8,3,1,2026-01-26T10:01:59Z,40.0,-0.510859028974413,-0.012771475724360326,2026-01
rank32b-dogeusdt-3d8e0db01d53393f,DOGEUSDT,short,official_close,2026-01-26T11:15:00Z,2026-01-26T11:30:00Z,DOGEUSDT|2026-01-26T11:15:00Z,2026-01-26T11:30:00Z,0.12072,6.0,0,closed,realized,2026-01-26T12:01:59Z,0.12120642857142856,stop_1m,,,-0.004029395058221974,-0.005224201234734438,,,-0.004029395058221974,-0.005224201234734438,31,0,1,0,0,atr,0.00048642857142857315,1.75,1.0,8,3,1,2026-01-26T12:01:59Z,100.0,-0.5224201234734438,-0.005224201234734438,2026-01
rank32b-tradoorusdt-39581a107ec1e667,TRADOORUSDT,short,official_close,2026-01-26T14:00:00Z,2026-01-26T14:15:00Z,TRADOORUSDT|2026-01-26T14:00:00Z,2026-01-26T14:15:00Z,0.713,6.0,0,closed,realized,2026-01-26T14:58:59Z,0.7179285714285714,stop_1m,,,-0.00691244239631339,-0.008103789953917251,,,-0.00691244239631339,-0.008103789953917251,43,0,1,0,0,atr,0.004928571428571433,1.75,1.0,8,3,1,2026-01-26T14:58:59Z,40.0,-0.32415159815669004,-0.008103789953917251,2026-01
rank32b-pippinusdt-6ce6aa9ecb61c055,PIPPINUSDT,short,official_close,2026-01-26T13:15:00Z,2026-01-26T13:30:00Z,PIPPINUSDT|2026-01-26T13:15:00Z,2026-01-26T13:30:00Z,0.31711,6.0,0,closed,realized,2026-01-26T15:30:59Z,0.31411,timeout_1m,,,0.00946043959509324,0.00824945047333725,,,0.00946043959509324,0.00824945047333725,120,0,0,1,0,atr,0.004898571428571431,1.75,1.0,8,3,1,2026-01-26T15:30:59Z,40.0,0.32997801893349,0.00824945047333725,2026-01
rank32b-fartcoinusdt-cfed06643d67b064,FARTCOINUSDT,short,official_close,2026-01-26T15:30:00Z,2026-01-26T15:45:00Z,FARTCOINUSDT|2026-01-26T15:30:00Z,2026-01-26T15:45:00Z,0.2813,6.0,0,closed,realized,2026-01-26T15:53:59Z,0.28427857142857144,stop_1m,,,-0.010588593773805277,-0.011775531273170547,,,-0.010588593773805277,-0.011775531273170547,8,0,1,0,0,atr,0.0029785714285714255,1.75,1.0,8,3,1,2026-01-26T15:53:59Z,40.0,-0.4710212509268219,-0.011775531273170547,2026-01
rank32b-pippinusdt-ada0155aa1f2fb36,PIPPINUSDT,short,official_close,2026-01-27T07:45:00Z,2026-01-27T08:00:00Z,PIPPINUSDT|2026-01-27T07:45:00Z,2026-01-27T08:00:00Z,0.30295,6.0,0,closed,realized,2026-01-27T08:06:59Z,0.30716571428571426,stop_1m,,,-0.013915544762219012,-0.015098491118100577,,,-0.013915544762219012,-0.015098491118100577,6,0,1,0,0,atr,0.004215714285714283,1.75,1.0,8,3,1,2026-01-27T08:06:59Z,40.0,-0.6039396447240231,-0.015098491118100577,2026-01
rank32b-tradoorusdt-24b0372b96f6622c,TRADOORUSDT,short,official_close,2026-01-27T09:00:00Z,2026-01-27T09:15:00Z,TRADOORUSDT|2026-01-27T09:00:00Z,2026-01-27T09:15:00Z,0.728,6.0,0,closed,realized,2026-01-27T09:38:59Z,0.7335,stop_1m,,,-0.007554945054945028,-0.008745521840659465,,,-0.007554945054945028,-0.008745521840659465,23,0,1,0,0,atr,0.005500000000000005,1.75,1.0,8,3,1,2026-01-27T09:38:59Z,40.0,-0.3498208736263786,-0.008745521840659465,2026-01
rank32b-pippinusdt-014bb9b22ff9a9ca,PIPPINUSDT,short,official_close,2026-01-27T12:00:00Z,2026-01-27T12:15:00Z,PIPPINUSDT|2026-01-27T12:00:00Z,2026-01-27T12:15:00Z,0.30321,6.0,0,closed,realized,2026-01-27T12:20:59Z,0.30776785714285715,stop_1m,,,-0.015032014586778608,-0.016213621580799864,,,-0.015032014586778608,-0.016213621580799864,5,0,1,0,0,atr,0.004557857142857146,1.75,1.0,8,3,1,2026-01-27T12:20:59Z,40.0,-0.6485448632319946,-0.016213621580799864,2026-01
rank32b-ltcusdt-290be52a911b9306,LTCUSDT,long,official_close,2026-01-27T14:00:00Z,2026-01-27T14:15:00Z,LTCUSDT|2026-01-27T14:00:00Z,2026-01-27T14:15:00Z,69.53,6.0,0,closed,realized,2026-01-27T14:31:59Z,69.28642857142857,stop_1m,,,-0.0035031127365371395,-0.0046985502623739794,,,-0.0035031127365371395,-0.0046985502623739794,16,0,1,0,0,atr,0.24357142857142833,1.75,1.0,8,3,1,2026-01-27T14:31:59Z,100.0,-0.46985502623739794,-0.0046985502623739794,2026-01
rank32b-tradoorusdt-4f55b18ad436bbe5,TRADOORUSDT,short,official_close,2026-01-27T14:30:00Z,2026-01-27T14:45:00Z,TRADOORUSDT|2026-01-27T14:30:00Z,2026-01-27T14:45:00Z,0.724,6.0,0,closed,realized,2026-01-27T15:08:59Z,0.7296428571428571,stop_1m,,,-0.0077940015785320504,-0.008984291582478487,,,-0.0077940015785320504,-0.008984291582478487,23,0,1,0,0,atr,0.005642857142857148,1.75,1.0,8,3,1,2026-01-27T15:08:59Z,40.0,-0.3593716632991395,-0.008984291582478487,2026-01
rank32b-aaveusdt-8ab747a14464351f,AAVEUSDT,long,official_close,2026-01-27T15:00:00Z,2026-01-27T15:15:00Z,AAVEUSDT|2026-01-27T15:00:00Z,2026-01-27T15:15:00Z,154.43,6.0,0,closed,realized,2026-01-27T15:29:59Z,153.52142857142857,stop_1m,,,-0.005883386832684301,-0.0070759688865044135,,,-0.005883386832684301,-0.0070759688865044135,14,0,1,0,0,atr,0.9085714285714305,1.75,1.0,8,3,1,2026-01-27T15:29:59Z,100.0,-0.7075968886504413,-0.0070759688865044135,2026-01
rank32b-nearusdt-37a6543b8d36eeb4,NEARUSDT,short,official_close,2026-01-27T15:15:00Z,2026-01-27T15:30:00Z,NEARUSDT|2026-01-27T15:15:00Z,2026-01-27T15:30:00Z,1.451,6.0,0,closed,realized,2026-01-27T15:45:59Z,1.459357142857143,stop_1m,,,-0.005759574677562274,-0.006952305261396119,,,-0.005759574677562274,-0.006952305261396119,15,0,1,0,0,atr,0.008357142857142888,1.75,1.0,8,3,1,2026-01-27T15:45:59Z,100.0,-0.6952305261396119,-0.006952305261396119,2026-01
rank32b-aaveusdt-fc0e20832df8357f,AAVEUSDT,long,official_close,2026-01-27T15:45:00Z,2026-01-27T16:00:00Z,AAVEUSDT|2026-01-27T15:45:00Z,2026-01-27T16:00:00Z,154.7,6.0,0,closed,realized,2026-01-27T16:11:59Z,156.605,target_1m,,,0.012314156431803447,0.0110997438771816,,,0.012314156431803447,0.0110997438771816,11,1,0,0,0,atr,1.0885714285714272,1.75,1.0,8,3,1,2026-01-27T16:11:59Z,100.0,1.10997438771816,0.0110997438771816,2026-01
rank32b-fartcoinusdt-01d9f7c81cf7302b,FARTCOINUSDT,short,official_close,2026-01-27T17:30:00Z,2026-01-27T17:45:00Z,FARTCOINUSDT|2026-01-27T17:30:00Z,2026-01-27T17:45:00Z,0.2869,6.0,0,closed,realized,2026-01-27T18:04:59Z,0.2910285714285714,stop_1m,,,-0.014390280336603167,-0.015572657180700222,,,-0.014390280336603167,-0.015572657180700222,19,0,1,0,0,atr,0.004128571428571426,1.75,1.0,8,3,1,2026-01-27T18:04:59Z,40.0,-0.6229062872280089,-0.015572657180700222,2026-01
rank32b-wldusdt-fac81a46b38041c7,WLDUSDT,short,official_close,2026-01-27T17:15:00Z,2026-01-27T17:30:00Z,WLDUSDT|2026-01-27T17:15:00Z,2026-01-27T17:30:00Z,0.4543,6.0,0,closed,realized,2026-01-27T18:57:59Z,0.4586642857142857,stop_1m,,,-0.009606616144146374,-0.010794731663155366,,,-0.009606616144146374,-0.010794731663155366,87,0,1,0,0,atr,0.004364285714285705,1.75,1.0,8,3,1,2026-01-27T18:57:59Z,100.0,-1.0794731663155366,-0.010794731663155366,2026-01
rank32b-actusdt-a73bea92a212c14d,ACTUSDT,short,official_close,2026-01-27T17:00:00Z,2026-01-27T17:15:00Z,ACTUSDT|2026-01-27T17:00:00Z,2026-01-27T17:15:00Z,0.02172,6.0,0,closed,realized,2026-01-27T19:15:59Z,0.0217,timeout_1m,,,0.0009208103130754486,-0.00027993432780848426,,,0.0009208103130754486,-0.00027993432780848426,120,0,0,1,0,atr,0.00021285714285714237,1.75,1.0,8,3,1,2026-01-27T19:15:59Z,40.0,-0.01119737311233937,-0.00027993432780848426,2026-01
rank32b-turbousdt-23cfb5fa4129ed64,TURBOUSDT,long,official_close,2026-01-27T18:45:00Z,2026-01-27T19:00:00Z,TURBOUSDT|2026-01-27T18:45:00Z,2026-01-27T19:00:00Z,0.0015015,6.0,0,closed,realized,2026-01-27T20:20:59Z,0.0015281125,target_1m,,,0.017723942723942843,0.01650304037329331,,,0.017723942723942843,0.01650304037329331,80,1,0,0,0,atr,1.5207142857142874e-05,1.75,1.0,8,3,1,2026-01-27T20:20:59Z,40.0,0.6601216149317324,0.01650304037329331,2026-01
rank32b-brettusdt-da51b49913cdffd7,BRETTUSDT,long,official_close,2026-01-28T00:45:00Z,2026-01-28T01:00:00Z,BRETTUSDT|2026-01-28T00:45:00Z,2026-01-28T01:00:00Z,0.01324,6.0,0,closed,realized,2026-01-28T01:22:59Z,0.013152142857142857,stop_1m,,,-0.006635735865343162,-0.00782741537116971,,,-0.006635735865343162,-0.00782741537116971,22,0,1,0,0,atr,8.785714285714249e-05,1.75,1.0,8,3,1,2026-01-28T01:22:59Z,40.0,-0.3130966148467884,-0.00782741537116971,2026-01
rank32b-1000pepeusdt-f28e4dc0f805ebc9,1000PEPEUSDT,long,official_close,2026-01-28T02:15:00Z,2026-01-28T02:30:00Z,1000PEPEUSDT|2026-01-28T02:15:00Z,2026-01-28T02:30:00Z,0.0050304,6.0,0,closed,realized,2026-01-28T03:20:59Z,0.004996885714285714,stop_1m,,,-0.006662350054525645,-0.007853997632906284,,,-0.006662350054525645,-0.007853997632906284,50,0,1,0,0,atr,3.351428571428568e-05,1.75,1.0,8,3,1,2026-01-28T03:20:59Z,40.0,-0.3141599053162514,-0.007853997632906284,2026-01
rank32b-brettusdt-c86ec3a401f4bbb1,BRETTUSDT,long,official_close,2026-01-28T01:45:00Z,2026-01-28T02:00:00Z,BRETTUSDT|2026-01-28T01:45:00Z,2026-01-28T02:00:00Z,0.01322,6.0,0,closed,realized,2026-01-28T04:00:59Z,0.01318,timeout_1m,,,-0.00302571860816947,-0.004221728835098415,,,-0.00302571860816947,-0.004221728835098415,120,0,0,1,0,atr,8.857142857142843e-05,1.75,1.0,8,3,1,2026-01-28T04:00:59Z,40.0,-0.1688691534039366,-0.004221728835098415,2026-01
rank32b-tradoorusdt-fd81e011bea043aa,TRADOORUSDT,long,official_close,2026-01-28T06:15:00Z,2026-01-28T06:30:00Z,TRADOORUSDT|2026-01-28T06:15:00Z,2026-01-28T06:30:00Z,0.751,6.0,0,closed,realized,2026-01-28T07:53:59Z,0.746,stop_1m,,,-0.0066577896138482195,-0.007849442663115935,,,-0.0066577896138482195,-0.007849442663115935,83,0,1,0,0,atr,0.0050000000000000044,1.75,1.0,8,3,1,2026-01-28T07:53:59Z,40.0,-0.3139777065246374,-0.007849442663115935,2026-01
rank32b-beatusdt-9725d717eca1c219,BEATUSDT,long,official_close,2026-01-28T08:00:00Z,2026-01-28T08:15:00Z,BEATUSDT|2026-01-28T08:00:00Z,2026-01-28T08:15:00Z,0.2784,6.0,0,closed,realized,2026-01-28T08:38:59Z,0.27365,stop_1m,,,-0.01706178160919536,-0.01824095361350575,,,-0.01706178160919536,-0.01824095361350575,23,0,1,0,0,atr,0.004749999999999992,1.75,1.0,8,3,1,2026-01-28T08:38:59Z,40.0,-0.72963814454023,-0.01824095361350575,2026-01
rank32b-brettusdt-c386bccb160737ea,BRETTUSDT,long,official_close,2026-01-28T06:45:00Z,2026-01-28T07:00:00Z,BRETTUSDT|2026-01-28T06:45:00Z,2026-01-28T07:00:00Z,0.01325,6.0,0,closed,realized,2026-01-28T09:00:59Z,0.01327,timeout_1m,,,0.0015094339622643282,0.00030798318490576904,,,0.0015094339622643282,0.00030798318490576904,120,0,0,1,0,atr,8.642857142857187e-05,1.75,1.0,8,3,1,2026-01-28T09:00:59Z,40.0,0.012319327396230761,0.00030798318490576904,2026-01
rank32b-suiusdt-3fd8b5b8ff52d2f0,SUIUSDT,short,official_close,2026-01-28T07:00:00Z,2026-01-28T07:15:00Z,SUIUSDT|2026-01-28T07:00:00Z,2026-01-28T07:15:00Z,1.4265,6.0,0,closed,realized,2026-01-28T09:15:59Z,1.4183,timeout_1m,,,0.0057483350858746896,0.00454179915317221,,,0.0057483350858746896,0.00454179915317221,120,0,0,1,0,atr,0.006214285714285696,1.75,1.0,8,3,1,2026-01-28T09:15:59Z,100.0,0.454179915317221,0.00454179915317221,2026-01
rank32b-1000pepeusdt-a924e7bdefc92ea4,1000PEPEUSDT,long,official_close,2026-01-28T09:30:00Z,2026-01-28T09:45:00Z,1000PEPEUSDT|2026-01-28T09:30:00Z,2026-01-28T09:45:00Z,0.0050772,6.0,0,closed,realized,2026-01-28T11:16:59Z,0.005044692857142857,stop_1m,,,-0.006402572846675891,-0.007594532064186144,,,-0.006402572846675891,-0.007594532064186144,91,0,1,0,0,atr,3.2507142857142916e-05,1.75,1.0,8,3,1,2026-01-28T11:16:59Z,40.0,-0.30378128256744574,-0.007594532064186144,2026-01
rank32b-aaveusdt-ecd62bb017b67347,AAVEUSDT,long,official_close,2026-01-28T16:15:00Z,2026-01-28T16:30:00Z,AAVEUSDT|2026-01-28T16:15:00Z,2026-01-28T16:30:00Z,160.5,6.0,0,closed,realized,2026-01-28T16:42:59Z,159.33,stop_1m,,,-0.007289719626168201,-0.008480614586915958,,,-0.007289719626168201,-0.008480614586915958,12,0,1,0,0,atr,1.1699999999999935,1.75,1.0,8,3,1,2026-01-28T16:42:59Z,100.0,-0.8480614586915958,-0.008480614586915958,2026-01
rank32b-adausdt-77e40a2de7119ea7,ADAUSDT,long,official_close,2026-01-28T17:45:00Z,2026-01-28T18:00:00Z,ADAUSDT|2026-01-28T17:45:00Z,2026-01-28T18:00:00Z,0.3598,6.0,0,closed,realized,2026-01-28T18:01:59Z,0.3571857142857143,stop_1m,,,-0.007265941396013664,-0.00845686488207742,,,-0.007265941396013664,-0.00845686488207742,1,0,1,0,0,atr,0.0026142857142857157,1.75,1.0,8,3,1,2026-01-28T18:01:59Z,100.0,-0.845686488207742,-0.00845686488207742,2026-01
rank32b-tradoorusdt-cf0a315398f9f270,TRADOORUSDT,long,official_close,2026-01-28T19:00:00Z,2026-01-28T19:15:00Z,TRADOORUSDT|2026-01-28T19:00:00Z,2026-01-28T19:15:00Z,0.761,6.0,0,closed,realized,2026-01-28T19:46:59Z,0.773625,target_1m,,,0.016590013140604487,0.015370471097240435,,,0.016590013140604487,0.015370471097240435,31,1,0,0,0,atr,0.007214285714285721,1.75,1.0,8,3,1,2026-01-28T19:46:59Z,40.0,0.6148188438896174,0.015370471097240435,2026-01
rank32b-fartcoinusdt-a7d8604e7a32f8e6,FARTCOINUSDT,long,official_close,2026-01-28T20:15:00Z,2026-01-28T20:30:00Z,FARTCOINUSDT|2026-01-28T20:15:00Z,2026-01-28T20:30:00Z,0.3076,6.0,0,closed,realized,2026-01-28T20:34:59Z,0.30455,stop_1m,,,-0.00991547464239273,-0.011103219642392803,,,-0.00991547464239273,-0.011103219642392803,4,0,1,0,0,atr,0.003050000000000009,1.75,1.0,8,3,1,2026-01-28T20:34:59Z,40.0,-0.4441287856957121,-0.011103219642392803,2026-01
rank32b-wldusdt-f33ae5858b45c47f,WLDUSDT,long,official_close,2026-01-28T21:00:00Z,2026-01-28T21:15:00Z,WLDUSDT|2026-01-28T21:00:00Z,2026-01-28T21:15:00Z,0.5307,6.0,0,closed,realized,2026-01-28T21:16:59Z,0.5196571428571428,stop_1m,,,-0.02080809712239895,-0.021982774896767143,,,-0.02080809712239895,-0.021982774896767143,1,0,1,0,0,atr,0.01104285714285714,1.75,1.0,8,3,1,2026-01-28T21:16:59Z,100.0,-2.1982774896767143,-0.021982774896767143,2026-01
rank32b-linkusdt-59cbe59be681211d,LINKUSDT,short,official_close,2026-01-28T20:30:00Z,2026-01-28T20:45:00Z,LINKUSDT|2026-01-28T20:30:00Z,2026-01-28T20:45:00Z,11.831,6.0,0,closed,realized,2026-01-28T22:45:59Z,11.864,timeout_1m,,,-0.0027892823937114564,-0.003985576258980772,,,-0.0027892823937114564,-0.003985576258980772,120,0,0,1,0,atr,0.07271428571428576,1.75,1.0,8,3,1,2026-01-28T22:45:59Z,100.0,-0.3985576258980772,-0.003985576258980772,2026-01
rank32b-wldusdt-191e1e90ae06d21d,WLDUSDT,long,official_close,2026-01-29T07:15:00Z,2026-01-29T07:30:00Z,WLDUSDT|2026-01-29T07:15:00Z,2026-01-29T07:30:00Z,0.5146,6.0,0,closed,realized,2026-01-29T07:42:59Z,0.5072571428571429,stop_1m,,,-0.014269057798012241,-0.015451580065515613,,,-0.014269057798012241,-0.015451580065515613,12,0,1,0,0,atr,0.007342857142857143,1.75,1.0,8,3,1,2026-01-29T07:42:59Z,100.0,-1.5451580065515613,-0.015451580065515613,2026-01
rank32b-tradoorusdt-bc07747ec286041a,TRADOORUSDT,long,official_close,2026-01-29T23:15:00Z,2026-01-29T23:30:00Z,TRADOORUSDT|2026-01-29T23:15:00Z,2026-01-29T23:30:00Z,0.77,6.0,0,closed,realized,2026-01-29T23:40:59Z,0.7625714285714286,stop_1m,,,-0.009647495361781111,-0.010835561840445318,,,-0.009647495361781111,-0.010835561840445318,10,0,1,0,0,atr,0.007428571428571435,1.75,1.0,8,3,1,2026-01-29T23:40:59Z,40.0,-0.4334224736178127,-0.010835561840445318,2026-01
rank32b-tradoorusdt-6dcf6f2fe6fd0d5e,TRADOORUSDT,long,official_close,2026-01-30T09:30:00Z,2026-01-30T09:45:00Z,TRADOORUSDT|2026-01-30T09:30:00Z,2026-01-30T09:45:00Z,0.765,6.0,0,closed,realized,2026-01-30T10:02:59Z,0.7564285714285715,stop_1m,,,-0.011204481792717047,-0.012390680448179259,,,-0.011204481792717047,-0.012390680448179259,17,0,1,0,0,atr,0.008571428571428579,1.75,1.0,8,3,1,2026-01-30T10:02:59Z,40.0,-0.49562721792717035,-0.012390680448179259,2026-01
rank32b-brettusdt-58a66ea574c2b10b,BRETTUSDT,short,official_close,2026-01-30T14:45:00Z,2026-01-30T15:00:00Z,BRETTUSDT|2026-01-30T14:45:00Z,2026-01-30T15:00:00Z,0.01185,6.0,0,closed,realized,2026-01-30T15:31:59Z,0.0116525,target_1m,,,0.016666666666666607,0.015447032666666471,,,0.016666666666666607,0.015447032666666471,31,1,0,0,0,atr,0.00011285714285714297,1.75,1.0,8,3,1,2026-01-30T15:31:59Z,40.0,0.6178813066666589,0.015447032666666471,2026-01
rank32b-turbousdt-fefc12a35281447f,TURBOUSDT,short,official_close,2026-01-30T15:15:00Z,2026-01-30T15:30:00Z,TURBOUSDT|2026-01-30T15:15:00Z,2026-01-30T15:30:00Z,0.0013678,6.0,0,closed,realized,2026-01-30T15:35:59Z,0.0013817714285714285,stop_1m,,,-0.01021452593319827,-0.01140191217930786,,,-0.01021452593319827,-0.01140191217930786,5,0,1,0,0,atr,1.397142857142854e-05,1.75,1.0,8,3,1,2026-01-30T15:35:59Z,40.0,-0.4560764871723144,-0.01140191217930786,2026-01
rank32b-fartcoinusdt-754e0839f2402f92,FARTCOINUSDT,short,official_close,2026-01-30T15:45:00Z,2026-01-30T16:00:00Z,FARTCOINUSDT|2026-01-30T15:45:00Z,2026-01-30T16:00:00Z,0.2553,6.0,0,closed,realized,2026-01-30T16:37:59Z,0.25877857142857147,stop_1m,,,-0.013625426668904872,-0.014808721062055885,,,-0.013625426668904872,-0.014808721062055885,37,0,1,0,0,atr,0.0034785714285714203,1.75,1.0,8,3,1,2026-01-30T16:37:59Z,40.0,-0.5923488424822354,-0.014808721062055885,2026-01
rank32b-dogeusdt-cf4588f7373db880,DOGEUSDT,short,official_close,2026-01-30T18:15:00Z,2026-01-30T18:30:00Z,DOGEUSDT|2026-01-30T18:15:00Z,2026-01-30T18:30:00Z,0.11504,6.0,0,closed,realized,2026-01-30T18:43:59Z,0.11623642857142857,stop_1m,,,-0.010400109278760228,-0.011587272891665168,,,-0.010400109278760228,-0.011587272891665168,13,0,1,0,0,atr,0.0011964285714285744,1.75,1.0,8,3,1,2026-01-30T18:43:59Z,100.0,-1.1587272891665168,-0.011587272891665168,2026-01
rank32b-tradoorusdt-ea7273215dfa5451,TRADOORUSDT,long,official_close,2026-01-30T18:30:00Z,2026-01-30T18:45:00Z,TRADOORUSDT|2026-01-30T18:30:00Z,2026-01-30T18:45:00Z,0.774,6.0,0,closed,realized,2026-01-30T19:21:59Z,0.788875,target_1m,,,0.019218346253230045,0.01799565115633084,,,0.019218346253230045,0.01799565115633084,36,1,0,0,0,atr,0.008500000000000008,1.75,1.0,8,3,1,2026-01-30T19:21:59Z,40.0,0.7198260462532335,0.01799565115633084,2026-01
rank32b-pippinusdt-7f9ef6fd066d401a,PIPPINUSDT,short,official_close,2026-01-30T19:30:00Z,2026-01-30T19:45:00Z,PIPPINUSDT|2026-01-30T19:30:00Z,2026-01-30T19:45:00Z,0.24634,6.0,0,closed,realized,2026-01-30T20:53:59Z,0.25684214285714285,stop_1m,,,-0.042632714366902746,-0.04378121045743966,,,-0.042632714366902746,-0.04378121045743966,68,0,1,0,0,atr,0.010502142857142854,1.75,1.0,8,3,1,2026-01-30T20:53:59Z,40.0,-1.7512484182975863,-0.04378121045743966,2026-01
rank32b-nearusdt-727effba9e20a717,NEARUSDT,short,official_close,2026-01-30T20:00:00Z,2026-01-30T20:15:00Z,NEARUSDT|2026-01-30T20:00:00Z,2026-01-30T20:15:00Z,1.329,6.0,0,closed,realized,2026-01-30T22:15:59Z,1.322,timeout_1m,,,0.005267118133935211,0.004061159488336852,,,0.005267118133935211,0.004061159488336852,120,0,0,1,0,atr,0.015857142857142903,1.75,1.0,8,3,1,2026-01-30T22:15:59Z,100.0,0.4061159488336852,0.004061159488336852,2026-01
rank32b-zecusdt-3d9fa3b996d022f9,ZECUSDT,short,official_close,2026-01-30T23:00:00Z,2026-01-30T23:15:00Z,ZECUSDT|2026-01-30T23:00:00Z,2026-01-30T23:15:00Z,337.24,6.0,0,closed,realized,2026-01-30T23:44:59Z,340.2807142857143,stop_1m,,,-0.009016469830726681,-0.01020529331285902,,,-0.009016469830726681,-0.01020529331285902,29,0,1,0,0,atr,3.040714285714281,1.75,1.0,8,3,1,2026-01-30T23:44:59Z,100.0,-1.020529331285902,-0.01020529331285902,2026-01
rank32b-pippinusdt-50ed91f63f0819a3,PIPPINUSDT,short,official_close,2026-01-30T21:30:00Z,2026-01-30T21:45:00Z,PIPPINUSDT|2026-01-30T21:30:00Z,2026-01-30T21:45:00Z,0.2511,6.0,0,closed,realized,2026-01-30T23:45:59Z,0.23773,timeout_1m,,,0.05324571883711671,0.05198220314297086,,,0.05324571883711671,0.05198220314297086,120,0,0,1,0,atr,0.012544999999999992,1.75,1.0,8,3,1,2026-01-30T23:45:59Z,40.0,2.0792881257188345,0.05198220314297086,2026-01
rank32b-fartcoinusdt-f22c740e0dc93246,FARTCOINUSDT,short,official_close,2026-01-30T22:00:00Z,2026-01-30T22:15:00Z,FARTCOINUSDT|2026-01-30T22:00:00Z,2026-01-30T22:15:00Z,0.2547,6.0,0,closed,realized,2026-01-31T00:15:59Z,0.2554,timeout_1m,,,-0.002748331370239665,-0.003944674361994749,,,-0.002748331370239665,-0.003944674361994749,120,0,0,1,0,atr,0.003600000000000008,1.75,1.0,8,3,1,2026-01-31T00:15:59Z,40.0,-0.15778697447978995,-0.003944674361994749,2026-01
rank32b-beatusdt-6e21639659bd9ed2,BEATUSDT,short,official_close,2026-01-31T07:00:00Z,2026-01-31T07:15:00Z,BEATUSDT|2026-01-31T07:00:00Z,2026-01-31T07:15:00Z,0.2302,6.0,0,closed,realized,2026-01-31T09:15:59Z,0.2312,timeout_1m,,,-0.004344048653344812,-0.0055384773588184055,,,-0.004344048653344812,-0.0055384773588184055,120,0,0,1,0,atr,0.0038571428571428546,1.75,1.0,8,3,1,2026-01-31T09:15:59Z,40.0,-0.22153909435273622,-0.0055384773588184055,2026-01
rank32b-pippinusdt-ad621bc3cc507ff2,PIPPINUSDT,short,official_close,2026-01-31T09:45:00Z,2026-01-31T10:00:00Z,PIPPINUSDT|2026-01-31T09:45:00Z,2026-01-31T10:00:00Z,0.23118,6.0,0,closed,realized,2026-01-31T10:11:59Z,0.23735,stop_1m,,,-0.02668915996193455,-0.027856782578077888,,,-0.02668915996193455,-0.027856782578077888,11,0,1,0,0,atr,0.006169999999999999,1.75,1.0,8,3,1,2026-01-31T10:11:59Z,40.0,-1.1142713031231155,-0.027856782578077888,2026-01
rank32b-tradoorusdt-833acbeedc852d15,TRADOORUSDT,short,official_close,2026-01-31T16:15:00Z,2026-01-31T16:30:00Z,TRADOORUSDT|2026-01-31T16:15:00Z,2026-01-31T16:30:00Z,0.753,6.0,0,closed,realized,2026-01-31T17:11:59Z,0.720375,target_1m,,,0.043326693227091706,0.042075076792828625,,,0.043326693227091706,0.042075076792828625,41,1,0,0,0,atr,0.018642857142857152,1.75,1.0,8,3,1,2026-01-31T17:11:59Z,40.0,1.683003071713145,0.042075076792828625,2026-01
rank32b-bchusdt-1b577673b2fca106,BCHUSDT,short,official_close,2026-02-01T02:15:00Z,2026-02-01T02:30:00Z,BCHUSDT|2026-02-01T02:15:00Z,2026-02-01T02:30:00Z,509.67,6.0,0,closed,realized,2026-02-01T02:45:59Z,515.3507142857143,stop_1m,,,-0.011145867494092743,-0.012332136465612153,,,-0.011145867494092743,-0.012332136465612153,15,0,1,0,0,atr,5.680714285714296,1.75,1.0,8,3,1,2026-02-01T02:45:59Z,100.0,-1.2332136465612153,-0.012332136465612153,2026-02
rank32b-actusdt-0caf2cc1245f97d1,ACTUSDT,short,official_close,2026-02-01T02:45:00Z,2026-02-01T03:00:00Z,ACTUSDT|2026-02-01T02:45:00Z,2026-02-01T03:00:00Z,0.01563,6.0,0,closed,realized,2026-02-01T05:00:59Z,0.01565,timeout_1m,,,-0.001279590531030106,-0.00247769548304555,,,-0.001279590531030106,-0.00247769548304555,120,0,0,1,0,atr,0.00018642857142857103,1.75,1.0,8,3,1,2026-02-01T05:00:59Z,40.0,-0.099107819321822,-0.00247769548304555,2026-02
rank32b-uniusdt-e86c5eb8a7d22087,UNIUSDT,short,official_close,2026-02-01T05:30:00Z,2026-02-01T05:45:00Z,UNIUSDT|2026-02-01T05:30:00Z,2026-02-01T05:45:00Z,3.962,6.0,0,closed,realized,2026-02-01T06:22:59Z,3.983714285714286,stop_1m,,,-0.005480637484675865,-0.006673702692723937,,,-0.005480637484675865,-0.006673702692723937,37,0,1,0,0,atr,0.02171428571428567,1.75,1.0,8,3,1,2026-02-01T06:22:59Z,100.0,-0.6673702692723937,-0.006673702692723937,2026-02
rank32b-turbousdt-a9129cc24cbd3fae,TURBOUSDT,short,official_close,2026-02-01T09:15:00Z,2026-02-01T09:30:00Z,TURBOUSDT|2026-02-01T09:15:00Z,2026-02-01T09:30:00Z,0.0012522,6.0,0,closed,realized,2026-02-01T09:36:59Z,0.0012608857142857141,stop_1m,,,-0.006936363428936332,-0.008127682289912452,,,-0.006936363428936332,-0.008127682289912452,6,0,1,0,0,atr,8.68571428571425e-06,1.75,1.0,8,3,1,2026-02-01T09:36:59Z,40.0,-0.3251072915964981,-0.008127682289912452,2026-02
rank32b-suiusdt-e0ed9d594be60b1a,SUIUSDT,short,official_close,2026-02-01T08:45:00Z,2026-02-01T09:00:00Z,SUIUSDT|2026-02-01T08:45:00Z,2026-02-01T09:00:00Z,1.1515,6.0,0,closed,realized,2026-02-01T09:46:59Z,1.1595,stop_1m,,,-0.006947459834997893,-0.008138765384281488,,,-0.006947459834997893,-0.008138765384281488,46,0,1,0,0,atr,0.00799999999999996,1.75,1.0,8,3,1,2026-02-01T09:46:59Z,100.0,-0.8138765384281488,-0.008138765384281488,2026-02
rank32b-actusdt-2cf5c537656337ba,ACTUSDT,short,official_close,2026-02-01T07:45:00Z,2026-02-01T08:00:00Z,ACTUSDT|2026-02-01T07:45:00Z,2026-02-01T08:00:00Z,0.01561,6.0,0,closed,realized,2026-02-01T09:56:59Z,0.015740714285714285,stop_1m,,,-0.008373753088679381,-0.009563347599524152,,,-0.008373753088679381,-0.009563347599524152,116,0,1,0,0,atr,0.0001307142857142857,1.75,1.0,8,3,1,2026-02-01T09:56:59Z,40.0,-0.3825339039809661,-0.009563347599524152,2026-02
rank32b-actusdt-745cf277f59b8312,ACTUSDT,short,official_close,2026-02-01T10:30:00Z,2026-02-01T10:45:00Z,ACTUSDT|2026-02-01T10:30:00Z,2026-02-01T10:45:00Z,0.01551,6.0,0,closed,realized,2026-02-01T12:45:59Z,0.0153,timeout_1m,,,0.013539651837524147,0.012323769129593654,,,0.013539651837524147,0.012323769129593654,120,0,0,1,0,atr,0.000150714285714286,1.75,1.0,8,3,1,2026-02-01T12:45:59Z,40.0,0.49295076518374614,0.012323769129593654,2026-02
rank32b-solusdt-a9b8236a89671e43,SOLUSDT,short,official_close,2026-02-01T13:15:00Z,2026-02-01T13:30:00Z,SOLUSDT|2026-02-01T13:15:00Z,2026-02-01T13:30:00Z,105.45,6.0,0,closed,realized,2026-02-01T13:56:59Z,104.06500000000001,target_1m,,,0.013134186818397287,0.011918790522522205,,,0.013134186818397287,0.011918790522522205,26,1,0,0,0,atr,0.7914285714285683,1.75,1.0,8,3,1,2026-02-01T13:56:59Z,100.0,1.1918790522522205,0.011918790522522205,2026-02
rank32b-1000pepeusdt-21a7e97e7b50f4de,1000PEPEUSDT,short,official_close,2026-02-01T15:00:00Z,2026-02-01T15:15:00Z,1000PEPEUSDT|2026-02-01T15:00:00Z,2026-02-01T15:15:00Z,0.0042035,6.0,0,closed,realized,2026-02-01T15:35:59Z,0.004127775,target_1m,,,0.018014749613417314,0.016793498399191087,,,0.018014749613417314,0.016793498399191087,20,1,0,0,0,atr,4.3271428571428576e-05,1.75,1.0,8,3,1,2026-02-01T15:35:59Z,40.0,0.6717399359676435,0.016793498399191087,2026-02
rank32b-bchusdt-f5c9386ddfad5e92,BCHUSDT,short,official_close,2026-02-01T15:15:00Z,2026-02-01T15:30:00Z,BCHUSDT|2026-02-01T15:15:00Z,2026-02-01T15:30:00Z,518.7,6.0,0,closed,realized,2026-02-01T15:57:59Z,523.6964285714287,stop_1m,,,-0.009632597978462831,-0.010820682328623987,,,-0.009632597978462831,-0.010820682328623987,27,0,1,0,0,atr,4.9964285714285745,1.75,1.0,8,3,1,2026-02-01T15:57:59Z,100.0,-1.0820682328623987,-0.010820682328623987,2026-02
rank32b-pippinusdt-65cb4705fe95bdca,PIPPINUSDT,short,official_close,2026-02-01T17:15:00Z,2026-02-01T17:30:00Z,PIPPINUSDT|2026-02-01T17:15:00Z,2026-02-01T17:30:00Z,0.18336,6.0,0,closed,realized,2026-02-01T17:50:59Z,0.18949,stop_1m,,,-0.03343150087260027,-0.03459103510689354,,,-0.03343150087260027,-0.03459103510689354,20,0,1,0,0,atr,0.006129999999999998,1.75,1.0,8,3,1,2026-02-01T17:50:59Z,40.0,-1.3836414042757417,-0.03459103510689354,2026-02
rank32b-tradoorusdt-6514aeaac2639f3f,TRADOORUSDT,long,official_close,2026-02-01T16:15:00Z,2026-02-01T16:30:00Z,TRADOORUSDT|2026-02-01T16:15:00Z,2026-02-01T16:30:00Z,0.779,6.0,0,closed,realized,2026-02-01T18:30:59Z,0.774,timeout_1m,,,-0.006418485237484006,-0.007610425365853768,,,-0.006418485237484006,-0.007610425365853768,120,0,0,1,0,atr,0.019928571428571445,1.75,1.0,8,3,1,2026-02-01T18:30:59Z,40.0,-0.3044170146341507,-0.007610425365853768,2026-02
rank32b-pippinusdt-96e540dc822ea2ad,PIPPINUSDT,short,official_close,2026-02-01T20:30:00Z,2026-02-01T20:45:00Z,PIPPINUSDT|2026-02-01T20:30:00Z,2026-02-01T20:45:00Z,0.18615,6.0,0,closed,realized,2026-02-01T22:45:59Z,0.18078,timeout_1m,,,0.028847703464947694,0.027613456605962927,,,0.028847703464947694,0.027613456605962927,120,0,0,1,0,atr,0.005164285714285714,1.75,1.0,8,3,1,2026-02-01T22:45:59Z,40.0,1.104538264238517,0.027613456605962927,2026-02
rank32b-tradoorusdt-f9d8a4f9c61012de,TRADOORUSDT,long,official_close,2026-02-01T22:00:00Z,2026-02-01T22:15:00Z,TRADOORUSDT|2026-02-01T22:00:00Z,2026-02-01T22:15:00Z,0.779,6.0,0,closed,realized,2026-02-01T23:01:59Z,0.798875,target_1m,,,0.02551347881899879,0.02428323182926828,,,0.02551347881899879,0.02428323182926828,46,1,0,0,0,atr,0.011357142857142868,1.75,1.0,8,3,1,2026-02-01T23:01:59Z,40.0,0.9713292731707313,0.02428323182926828,2026-02
rank32b-fartcoinusdt-49e982e25de202f8,FARTCOINUSDT,short,official_close,2026-02-02T01:00:00Z,2026-02-02T01:15:00Z,FARTCOINUSDT|2026-02-02T01:00:00Z,2026-02-02T01:15:00Z,0.218,6.0,0,closed,realized,2026-02-02T01:23:59Z,0.2224,stop_1m,,,-0.020183486238531945,-0.021358913321100848,,,-0.020183486238531945,-0.021358913321100848,8,0,1,0,0,atr,0.004400000000000001,1.75,1.0,8,3,1,2026-02-02T01:23:59Z,40.0,-0.8543565328440339,-0.021358913321100848,2026-02
rank32b-avaxusdt-599e5f4e4b124940,AVAXUSDT,short,official_close,2026-02-02T02:30:00Z,2026-02-02T02:45:00Z,AVAXUSDT|2026-02-02T02:30:00Z,2026-02-02T02:45:00Z,9.961,6.0,0,closed,realized,2026-02-02T03:18:59Z,9.74875,target_1m,,,0.021308101596225426,0.020082899545226462,,,0.021308101596225426,0.020082899545226462,33,1,0,0,0,atr,0.12128571428571444,1.75,1.0,8,3,1,2026-02-02T03:18:59Z,100.0,2.0082899545226462,0.020082899545226462,2026-02
rank32b-beatusdt-031a199a4caee122,BEATUSDT,short,official_close,2026-02-02T01:30:00Z,2026-02-02T01:45:00Z,BEATUSDT|2026-02-02T01:30:00Z,2026-02-02T01:45:00Z,0.1867,6.0,0,closed,realized,2026-02-02T03:18:59Z,0.1807,target_1m,,,0.0321371183717194,0.030898925399035715,,,0.0321371183717194,0.030898925399035715,93,1,0,0,0,atr,0.0034285714285714297,1.75,1.0,8,3,1,2026-02-02T03:18:59Z,40.0,1.2359570159614286,0.030898925399035715,2026-02
rank32b-zecusdt-e33204985a85a860,ZECUSDT,short,official_close,2026-02-02T03:15:00Z,2026-02-02T03:30:00Z,ZECUSDT|2026-02-02T03:15:00Z,2026-02-02T03:30:00Z,295.66,6.0,0,closed,realized,2026-02-02T03:49:59Z,301.18857142857144,stop_1m,,,-0.01869908485615701,-0.01987629268600033,,,-0.01869908485615701,-0.01987629268600033,19,0,1,0,0,atr,5.528571428571435,1.75,1.0,8,3,1,2026-02-02T03:49:59Z,100.0,-1.987629268600033,-0.01987629268600033,2026-02
rank32b-tradoorusdt-c27c29cc94756e2d,TRADOORUSDT,long,official_close,2026-02-02T03:45:00Z,2026-02-02T04:00:00Z,TRADOORUSDT|2026-02-02T03:45:00Z,2026-02-02T04:00:00Z,0.782,6.0,0,closed,realized,2026-02-02T04:12:59Z,0.7725,stop_1m,,,-0.012148337595908054,-0.013333403964194579,,,-0.012148337595908054,-0.013333403964194579,12,0,1,0,0,atr,0.009500000000000008,1.75,1.0,8,3,1,2026-02-02T04:12:59Z,40.0,-0.5333361585677832,-0.013333403964194579,2026-02
rank32b-zecusdt-8c9956e4af14a200,ZECUSDT,short,official_close,2026-02-02T04:00:00Z,2026-02-02T04:15:00Z,ZECUSDT|2026-02-02T04:00:00Z,2026-02-02T04:15:00Z,296.77,6.0,0,closed,realized,2026-02-02T04:29:59Z,302.1278571428571,stop_1m,,,-0.018053904177838476,-0.01923188599223069,,,-0.018053904177838476,-0.01923188599223069,14,0,1,0,0,atr,5.357857142857147,1.75,1.0,8,3,1,2026-02-02T04:29:59Z,100.0,-1.923188599223069,-0.01923188599223069,2026-02
rank32b-tradoorusdt-60f6c4db465ce7eb,TRADOORUSDT,long,official_close,2026-02-02T04:15:00Z,2026-02-02T04:30:00Z,TRADOORUSDT|2026-02-02T04:15:00Z,2026-02-02T04:30:00Z,0.792,6.0,0,closed,realized,2026-02-02T04:59:59Z,0.7811428571428571,stop_1m,,,-0.013708513708513781,-0.014891708427128614,,,-0.013708513708513781,-0.014891708427128614,29,0,1,0,0,atr,0.010857142857142867,1.75,1.0,8,3,1,2026-02-02T04:59:59Z,40.0,-0.5956683370851446,-0.014891708427128614,2026-02
rank32b-wldusdt-9d5eec9712b2e605,WLDUSDT,short,official_close,2026-02-02T04:45:00Z,2026-02-02T05:00:00Z,WLDUSDT|2026-02-02T04:45:00Z,2026-02-02T05:00:00Z,0.3952,6.0,0,closed,realized,2026-02-02T07:00:59Z,0.3948,timeout_1m,,,0.0010121457489878916,-0.0001887084615385115,,,0.0010121457489878916,-0.0001887084615385115,120,0,0,1,0,atr,0.006021428571428571,1.75,1.0,8,3,1,2026-02-02T07:00:59Z,100.0,-0.01887084615385115,-0.0001887084615385115,2026-02
rank32b-pippinusdt-99478d8c562686c6,PIPPINUSDT,short,official_close,2026-02-02T07:15:00Z,2026-02-02T07:30:00Z,PIPPINUSDT|2026-02-02T07:15:00Z,2026-02-02T07:30:00Z,0.18067,6.0,0,closed,realized,2026-02-02T07:45:59Z,0.185255,stop_1m,,,-0.02537776055792329,-0.0265469563812476,,,-0.02537776055792329,-0.0265469563812476,15,0,1,0,0,atr,0.004585,1.75,1.0,8,3,1,2026-02-02T07:45:59Z,40.0,-1.061878255249904,-0.0265469563812476,2026-02
rank32b-tradoorusdt-c39aee6f8124b0bb,TRADOORUSDT,long,official_close,2026-02-02T06:30:00Z,2026-02-02T06:45:00Z,TRADOORUSDT|2026-02-02T06:30:00Z,2026-02-02T06:45:00Z,0.782,6.0,0,closed,realized,2026-02-02T08:45:59Z,0.788,timeout_1m,,,0.007672634271099765,0.006463789872122705,,,0.007672634271099765,0.006463789872122705,120,0,0,1,0,atr,0.01200000000000001,1.75,1.0,8,3,1,2026-02-02T08:45:59Z,40.0,0.2585515948849082,0.006463789872122705,2026-02
rank32b-zecusdt-22da591ac6a5f839,ZECUSDT,short,official_close,2026-02-02T07:00:00Z,2026-02-02T07:15:00Z,ZECUSDT|2026-02-02T07:00:00Z,2026-02-02T07:15:00Z,299.14,6.0,0,closed,realized,2026-02-02T09:15:59Z,294.52,timeout_1m,,,0.015444273584274915,0.014226106015912121,,,0.015444273584274915,0.014226106015912121,120,0,0,1,0,atr,5.720714285714296,1.75,1.0,8,3,1,2026-02-02T09:15:59Z,100.0,1.422610601591212,0.014226106015912121,2026-02
rank32b-avaxusdt-2ab41820ed511c2a,AVAXUSDT,short,official_close,2026-02-02T09:00:00Z,2026-02-02T09:15:00Z,AVAXUSDT|2026-02-02T09:00:00Z,2026-02-02T09:15:00Z,9.884,6.0,0,closed,realized,2026-02-02T09:36:59Z,9.999285714285715,stop_1m,,,-0.01166387234780597,-0.012849519899982731,,,-0.01166387234780597,-0.012849519899982731,21,0,1,0,0,atr,0.11528571428571434,1.75,1.0,8,3,1,2026-02-02T09:36:59Z,100.0,-1.284951989998273,-0.012849519899982731,2026-02
rank32b-brettusdt-c9125a71a2883813,BRETTUSDT,short,official_close,2026-02-02T07:45:00Z,2026-02-02T08:00:00Z,BRETTUSDT|2026-02-02T07:45:00Z,2026-02-02T08:00:00Z,0.00946,6.0,0,closed,realized,2026-02-02T09:37:59Z,0.009642142857142858,stop_1m,,,-0.01925400181214143,-0.020430543941407642,,,-0.01925400181214143,-0.020430543941407642,97,0,1,0,0,atr,0.00018214285714285742,1.75,1.0,8,3,1,2026-02-02T09:37:59Z,40.0,-0.8172217576563057,-0.020430543941407642,2026-02
rank32b-zecusdt-7a327e36b7d35ef2,ZECUSDT,short,official_close,2026-02-02T13:00:00Z,2026-02-02T13:15:00Z,ZECUSDT|2026-02-02T13:00:00Z,2026-02-02T13:15:00Z,297.72,6.0,0,closed,realized,2026-02-02T13:57:59Z,300.46500000000003,stop_1m,,,-0.009220072551390679,-0.010408651783555212,,,-0.009220072551390679,-0.010408651783555212,42,0,1,0,0,atr,2.7449999999999926,1.75,1.0,8,3,1,2026-02-02T13:57:59Z,100.0,-1.0408651783555212,-0.010408651783555212,2026-02
rank32b-pippinusdt-56ce647cf9598568,PIPPINUSDT,short,official_close,2026-02-02T12:30:00Z,2026-02-02T12:45:00Z,PIPPINUSDT|2026-02-02T12:30:00Z,2026-02-02T12:45:00Z,0.18091,6.0,0,closed,realized,2026-02-02T14:00:59Z,0.17611125,target_1m,,,0.026525620474268874,0.025294159278922868,,,0.026525620474268874,0.025294159278922868,75,1,0,0,0,atr,0.0027421428571428558,1.75,1.0,8,3,1,2026-02-02T14:00:59Z,40.0,1.0117663711569147,0.025294159278922868,2026-02
rank32b-zecusdt-8a55cd05b42f6de5,ZECUSDT,short,official_close,2026-02-02T14:00:00Z,2026-02-02T14:15:00Z,ZECUSDT|2026-02-02T14:00:00Z,2026-02-02T14:15:00Z,298.08,6.0,0,closed,realized,2026-02-02T14:30:59Z,300.8878571428571,stop_1m,,,-0.009419810597346867,-0.010608150215762002,,,-0.009419810597346867,-0.010608150215762002,15,0,1,0,0,atr,2.807857142857139,1.75,1.0,8,3,1,2026-02-02T14:30:59Z,100.0,-1.0608150215762002,-0.010608150215762002,2026-02
rank32b-zecusdt-0f5113e1b4584b30,ZECUSDT,short,official_close,2026-02-02T16:45:00Z,2026-02-02T17:00:00Z,ZECUSDT|2026-02-02T16:45:00Z,2026-02-02T17:00:00Z,298.14,6.0,0,closed,realized,2026-02-02T18:22:59Z,291.53625,target_1m,,,0.02214982893942441,0.02092361711863555,,,0.02214982893942441,0.02092361711863555,82,1,0,0,0,atr,3.7735714285714317,1.75,1.0,8,3,1,2026-02-02T18:22:59Z,100.0,2.092361711863555,0.02092361711863555,2026-02
rank32b-aaveusdt-c4dab6890fbb2f58,AAVEUSDT,short,official_close,2026-02-02T20:30:00Z,2026-02-02T20:45:00Z,AAVEUSDT|2026-02-02T20:30:00Z,2026-02-02T20:45:00Z,126.62,6.0,0,closed,realized,2026-02-02T21:00:59Z,127.28857142857143,stop_1m,,,-0.005280140803754829,-0.006473446535641081,,,-0.005280140803754829,-0.006473446535641081,15,0,1,0,0,atr,0.6685714285714285,1.75,1.0,8,3,1,2026-02-02T21:00:59Z,100.0,-0.6473446535641081,-0.006473446535641081,2026-02
rank32b-beatusdt-0ef9e3859af610cd,BEATUSDT,short,official_close,2026-02-02T20:15:00Z,2026-02-02T20:30:00Z,BEATUSDT|2026-02-02T20:15:00Z,2026-02-02T20:30:00Z,0.1884,6.0,0,closed,realized,2026-02-02T21:30:59Z,0.1910214285714286,stop_1m,,,-0.01391416439187143,-0.015097112403700486,,,-0.01391416439187143,-0.015097112403700486,60,0,1,0,0,atr,0.00262142857142857,1.75,1.0,8,3,1,2026-02-02T21:30:59Z,40.0,-0.6038844961480194,-0.015097112403700486,2026-02
rank32b-fartcoinusdt-af459a9e2a737c1c,FARTCOINUSDT,short,official_close,2026-02-03T00:00:00Z,2026-02-03T00:15:00Z,FARTCOINUSDT|2026-02-03T00:00:00Z,2026-02-03T00:15:00Z,0.2231,6.0,0,closed,realized,2026-02-03T01:20:59Z,0.2203125,target_1m,,,0.01249439713133127,0.01127976835275657,,,0.01249439713133127,0.01127976835275657,65,1,0,0,0,atr,0.001592857142857144,1.75,1.0,8,3,1,2026-02-03T01:20:59Z,40.0,0.4511907341102628,0.01127976835275657,2026-02
rank32b-nearusdt-f0f81aa921020277,NEARUSDT,short,official_close,2026-02-03T01:00:00Z,2026-02-03T01:15:00Z,NEARUSDT|2026-02-03T01:00:00Z,2026-02-03T01:15:00Z,1.194,6.0,0,closed,realized,2026-02-03T02:11:59Z,1.182875,target_1m,,,0.009317420435510981,0.008106602885259884,,,0.009317420435510981,0.008106602885259884,56,1,0,0,0,atr,0.006357142857142887,1.75,1.0,8,3,1,2026-02-03T02:11:59Z,100.0,0.8106602885259884,0.008106602885259884,2026-02
rank32b-actusdt-321f19e92c98951d,ACTUSDT,short,official_close,2026-02-03T02:00:00Z,2026-02-03T02:15:00Z,ACTUSDT|2026-02-03T02:00:00Z,2026-02-03T02:15:00Z,0.01529,6.0,0,closed,realized,2026-02-03T02:51:59Z,0.01508375,target_1m,,,0.013489208633093552,0.012273386438848677,,,0.013489208633093552,0.012273386438848677,36,1,0,0,0,atr,0.00011785714285714264,1.75,1.0,8,3,1,2026-02-03T02:51:59Z,40.0,0.4909354575539471,0.012273386438848677,2026-02
rank32b-btcusdt-ce245217b1bd7303,BTCUSDT,short,official_close,2026-02-03T02:45:00Z,2026-02-03T03:00:00Z,BTCUSDT|2026-02-03T02:45:00Z,2026-02-03T03:00:00Z,77774.8,6.0,0,closed,realized,2026-02-03T03:25:59Z,78113.1,stop_1m,,,-0.004349737961396372,-0.005544159841748386,,,-0.004349737961396372,-0.005544159841748386,25,0,1,0,0,atr,338.29999999999876,1.75,1.0,8,3,1,2026-02-03T03:25:59Z,100.0,-0.5544159841748386,-0.005544159841748386,2026-02
rank32b-xrpusdt-811a11de2d356ffa,XRPUSDT,short,official_close,2026-02-03T05:00:00Z,2026-02-03T05:15:00Z,XRPUSDT|2026-02-03T05:00:00Z,2026-02-03T05:15:00Z,1.6097,6.0,0,closed,realized,2026-02-03T07:15:59Z,1.6139,timeout_1m,,,-0.0026091818351245966,-0.0038056917562280246,,,-0.0026091818351245966,-0.0038056917562280246,120,0,0,1,0,atr,0.009692857142857138,1.75,1.0,8,3,1,2026-02-03T07:15:59Z,100.0,-0.38056917562280246,-0.0038056917562280246,2026-02
rank32b-1000pepeusdt-d4d2bbdc01108bac,1000PEPEUSDT,short,official_close,2026-02-03T08:00:00Z,2026-02-03T08:15:00Z,1000PEPEUSDT|2026-02-03T08:00:00Z,2026-02-03T08:15:00Z,0.0042036,6.0,0,closed,realized,2026-02-03T08:25:59Z,0.004231414285714286,stop_1m,,,-0.006616777456058154,-0.007808479705150861,,,-0.006616777456058154,-0.007808479705150861,10,0,1,0,0,atr,2.7814285714285576e-05,1.75,1.0,8,3,1,2026-02-03T08:25:59Z,40.0,-0.31233918820603446,-0.007808479705150861,2026-02
rank32b-pippinusdt-c88791814af7b720,PIPPINUSDT,short,official_close,2026-02-03T06:30:00Z,2026-02-03T06:45:00Z,PIPPINUSDT|2026-02-03T06:30:00Z,2026-02-03T06:45:00Z,0.17858,6.0,0,closed,realized,2026-02-03T08:45:59Z,0.17461,timeout_1m,,,0.022230932915220047,0.021004623798857702,,,0.022230932915220047,0.021004623798857702,120,0,0,1,0,atr,0.0034100000000000003,1.75,1.0,8,3,1,2026-02-03T08:45:59Z,40.0,0.8401849519543081,0.021004623798857702,2026-02
rank32b-ethusdt-220e47a716b265c2,ETHUSDT,short,official_close,2026-02-03T08:45:00Z,2026-02-03T09:00:00Z,ETHUSDT|2026-02-03T08:45:00Z,2026-02-03T09:00:00Z,2314.62,6.0,0,closed,realized,2026-02-03T09:12:59Z,2288.3925,target_1m,,,0.011331233636622806,0.010118000235502578,,,0.011331233636622806,0.010118000235502578,12,1,0,0,0,atr,14.987142857142869,1.75,1.0,8,3,1,2026-02-03T09:12:59Z,100.0,1.0118000235502578,0.010118000235502578,2026-02
rank32b-fartcoinusdt-a4c6364828706b9d,FARTCOINUSDT,short,official_close,2026-02-03T09:00:00Z,2026-02-03T09:15:00Z,FARTCOINUSDT|2026-02-03T09:00:00Z,2026-02-03T09:15:00Z,0.2208,6.0,0,closed,realized,2026-02-03T10:23:59Z,0.22324285714285713,stop_1m,,,-0.01106366459627317,-0.012250032181676973,,,-0.01106366459627317,-0.012250032181676973,68,0,1,0,0,atr,0.0024428571428571394,1.75,1.0,8,3,1,2026-02-03T10:23:59Z,40.0,-0.4900012872670789,-0.012250032181676973,2026-02
rank32b-beatusdt-8c20046b983da06e,BEATUSDT,short,official_close,2026-02-03T09:15:00Z,2026-02-03T09:30:00Z,BEATUSDT|2026-02-03T09:15:00Z,2026-02-03T09:30:00Z,0.1877,6.0,0,closed,realized,2026-02-03T11:24:59Z,0.19058571428571427,stop_1m,,,-0.015374077174822975,-0.016555273816881044,,,-0.015374077174822975,-0.016555273816881044,114,0,1,0,0,atr,0.0028857142857142792,1.75,1.0,8,3,1,2026-02-03T11:24:59Z,40.0,-0.6622109526752418,-0.016555273816881044,2026-02
rank32b-wldusdt-3a4fd3b072d64114,WLDUSDT,short,official_close,2026-02-03T10:30:00Z,2026-02-03T10:45:00Z,WLDUSDT|2026-02-03T10:30:00Z,2026-02-03T10:45:00Z,0.4023,6.0,0,closed,realized,2026-02-03T11:33:59Z,0.4050642857142857,stop_1m,,,-0.006871204857782143,-0.008062601885586607,,,-0.006871204857782143,-0.008062601885586607,48,0,1,0,0,atr,0.002764285714285703,1.75,1.0,8,3,1,2026-02-03T11:33:59Z,100.0,-0.8062601885586607,-0.008062601885586607,2026-02
rank32b-dogeusdt-0ebc4615187d2be5,DOGEUSDT,long,official_close,2026-02-03T12:15:00Z,2026-02-03T12:30:00Z,DOGEUSDT|2026-02-03T12:15:00Z,2026-02-03T12:30:00Z,0.10765,6.0,0,closed,realized,2026-02-03T14:30:59Z,0.10806,timeout_1m,,,0.003808639108221268,0.0026044301124013014,,,0.003808639108221268,0.0026044301124013014,120,0,0,1,0,atr,0.0006671428571428592,1.75,1.0,8,3,1,2026-02-03T14:30:59Z,100.0,0.26044301124013014,0.0026044301124013014,2026-02
rank32b-linkusdt-6fed3973e8698139,LINKUSDT,short,official_close,2026-02-03T14:30:00Z,2026-02-03T14:45:00Z,LINKUSDT|2026-02-03T14:30:00Z,2026-02-03T14:45:00Z,9.596,6.0,0,closed,realized,2026-02-03T14:48:59Z,9.651214285714286,stop_1m,,,-0.005753885547549631,-0.006946622956291559,,,-0.005753885547549631,-0.006946622956291559,3,0,1,0,0,atr,0.05521428571428556,1.75,1.0,8,3,1,2026-02-03T14:48:59Z,100.0,-0.6946622956291559,-0.006946622956291559,2026-02
rank32b-beatusdt-e7ccbbcf85be92b7,BEATUSDT,short,official_close,2026-02-03T14:45:00Z,2026-02-03T15:00:00Z,BEATUSDT|2026-02-03T14:45:00Z,2026-02-03T15:00:00Z,0.1873,6.0,0,closed,realized,2026-02-03T15:06:59Z,0.19007857142857143,stop_1m,,,-0.01483487148196172,-0.01601671497673718,,,-0.01483487148196172,-0.01601671497673718,6,0,1,0,0,atr,0.002778571428571428,1.75,1.0,8,3,1,2026-02-03T15:06:59Z,40.0,-0.6406685990694871,-0.01601671497673718,2026-02
rank32b-bchusdt-b1c2c13dc62eb72c,BCHUSDT,long,official_close,2026-02-03T15:45:00Z,2026-02-03T16:00:00Z,BCHUSDT|2026-02-03T15:45:00Z,2026-02-03T16:00:00Z,532.66,6.0,0,closed,realized,2026-02-03T16:10:59Z,528.875,stop_1m,,,-0.007105846130739946,-0.008296961673487702,,,-0.007105846130739946,-0.008296961673487702,10,0,1,0,0,atr,3.7850000000000086,1.75,1.0,8,3,1,2026-02-03T16:10:59Z,100.0,-0.8296961673487702,-0.008296961673487702,2026-02
rank32b-adausdt-db0d743f4c78a274,ADAUSDT,long,official_close,2026-02-03T15:15:00Z,2026-02-03T15:30:00Z,ADAUSDT|2026-02-03T15:15:00Z,2026-02-03T15:30:00Z,0.3003,6.0,0,closed,realized,2026-02-03T16:24:59Z,0.29764999999999997,stop_1m,,,-0.008824508824508914,-0.010013562590742708,,,-0.008824508824508914,-0.010013562590742708,54,0,1,0,0,atr,0.0026500000000000135,1.75,1.0,8,3,1,2026-02-03T16:24:59Z,100.0,-1.0013562590742708,-0.010013562590742708,2026-02
rank32b-brettusdt-ae3ac96056ebf2b0,BRETTUSDT,short,official_close,2026-02-03T16:00:00Z,2026-02-03T16:15:00Z,BRETTUSDT|2026-02-03T16:00:00Z,2026-02-03T16:15:00Z,0.00935,6.0,0,closed,realized,2026-02-03T17:12:59Z,0.009128750000000001,target_1m,,,0.02366310160427798,0.022435074401069288,,,0.02366310160427798,0.022435074401069288,57,1,0,0,0,atr,0.00012642857142857123,1.75,1.0,8,3,1,2026-02-03T17:12:59Z,40.0,0.8974029760427715,0.022435074401069288,2026-02
rank32b-aaveusdt-3b36f2dec78f92c0,AAVEUSDT,short,official_close,2026-02-03T16:15:00Z,2026-02-03T16:30:00Z,AAVEUSDT|2026-02-03T16:15:00Z,2026-02-03T16:30:00Z,126.32,6.0,0,closed,realized,2026-02-03T17:40:59Z,123.87124999999999,target_1m,,,0.019385291323622544,0.018162395952739052,,,0.019385291323622544,0.018162395952739052,70,1,0,0,0,atr,1.3992857142857176,1.75,1.0,8,3,1,2026-02-03T17:40:59Z,100.0,1.8162395952739052,0.018162395952739052,2026-02
rank32b-1000pepeusdt-4d247ecb9f19d228,1000PEPEUSDT,short,official_close,2026-02-03T17:00:00Z,2026-02-03T17:15:00Z,1000PEPEUSDT|2026-02-03T17:00:00Z,2026-02-03T17:15:00Z,0.0041924,6.0,0,closed,realized,2026-02-03T18:02:59Z,0.0040765875,target_1m,,,0.027624391756511657,0.026391612431184708,,,0.027624391756511657,0.026391612431184708,47,1,0,0,0,atr,6.617857142857139e-05,1.75,1.0,8,3,1,2026-02-03T18:02:59Z,40.0,1.0556644972473883,0.026391612431184708,2026-02
rank32b-wldusdt-ef590722bf73a59c,WLDUSDT,short,official_close,2026-02-03T17:30:00Z,2026-02-03T17:45:00Z,WLDUSDT|2026-02-03T17:30:00Z,2026-02-03T17:45:00Z,0.4044,6.0,0,closed,realized,2026-02-03T18:38:59Z,0.41033571428571425,stop_1m,,,-0.01467782958880881,-0.01585986147732099,,,-0.01467782958880881,-0.01585986147732099,53,0,1,0,0,atr,0.0059357142857142785,1.75,1.0,8,3,1,2026-02-03T18:38:59Z,100.0,-1.5859861477320991,-0.01585986147732099,2026-02
rank32b-uniusdt-ddc386bd77b9fbe0,UNIUSDT,short,official_close,2026-02-03T20:00:00Z,2026-02-03T20:15:00Z,UNIUSDT|2026-02-03T20:00:00Z,2026-02-03T20:15:00Z,3.84,6.0,0,closed,realized,2026-02-03T20:25:59Z,3.8914999999999997,stop_1m,,,-0.013411458333333348,-0.014595009411458415,,,-0.013411458333333348,-0.014595009411458415,10,0,1,0,0,atr,0.051500000000000004,1.75,1.0,8,3,1,2026-02-03T20:25:59Z,100.0,-1.4595009411458415,-0.014595009411458415,2026-02
rank32b-actusdt-a610e0a1efb80dd5,ACTUSDT,long,official_close,2026-02-03T20:15:00Z,2026-02-03T20:30:00Z,ACTUSDT|2026-02-03T20:15:00Z,2026-02-03T20:30:00Z,0.01641,6.0,0,closed,realized,2026-02-03T20:46:59Z,0.017022500000000003,target_1m,,,0.03732480195003052,0.036080385624619016,,,0.03732480195003052,0.036080385624619016,16,1,0,0,0,atr,0.0003500000000000002,1.75,1.0,8,3,1,2026-02-03T20:46:59Z,40.0,1.4432154249847606,0.036080385624619016,2026-02
rank32b-brettusdt-de75ba1a1de18b54,BRETTUSDT,short,official_close,2026-02-03T22:00:00Z,2026-02-03T22:15:00Z,BRETTUSDT|2026-02-03T22:00:00Z,2026-02-03T22:15:00Z,0.0093,6.0,0,closed,realized,2026-02-04T00:15:59Z,0.00908,timeout_1m,,,0.023655913978494647,0.022427895397849396,,,0.023655913978494647,0.022427895397849396,120,0,0,1,0,atr,0.00018785714285714288,1.75,1.0,8,3,1,2026-02-04T00:15:59Z,40.0,0.8971158159139758,0.022427895397849396,2026-02
rank32b-fartcoinusdt-f387df62ae9d191a,FARTCOINUSDT,short,official_close,2026-02-03T22:45:00Z,2026-02-03T23:00:00Z,FARTCOINUSDT|2026-02-03T22:45:00Z,2026-02-03T23:00:00Z,0.2198,6.0,0,closed,realized,2026-02-04T01:00:59Z,0.2198,timeout_1m,,,-0.0,-0.0011996400000000573,,,-0.0,-0.0011996400000000573,120,0,0,1,0,atr,0.0037499999999999994,1.75,1.0,8,3,1,2026-02-04T01:00:59Z,40.0,-0.04798560000000229,-0.0011996400000000573,2026-02
rank32b-zecusdt-b951357f8e2046ea,ZECUSDT,short,official_close,2026-02-04T01:15:00Z,2026-02-04T01:30:00Z,ZECUSDT|2026-02-04T01:15:00Z,2026-02-04T01:30:00Z,278.49,6.0,0,closed,realized,2026-02-04T03:30:59Z,277.54,timeout_1m,,,0.0034112535459082105,0.00220752126970436,,,0.0034112535459082105,0.00220752126970436,120,0,0,1,0,atr,3.0585714285714323,1.75,1.0,8,3,1,2026-02-04T03:30:59Z,100.0,0.220752126970436,0.00220752126970436,2026-02
rank32b-beatusdt-0e62b9981948e23d,BEATUSDT,short,official_close,2026-02-04T03:15:00Z,2026-02-04T03:30:00Z,BEATUSDT|2026-02-04T03:15:00Z,2026-02-04T03:30:00Z,0.1825,6.0,0,closed,realized,2026-02-04T03:37:59Z,0.1853857142857143,stop_1m,,,-0.01581213307240703,-0.016992804205088197,,,-0.01581213307240703,-0.016992804205088197,7,0,1,0,0,atr,0.002885714285714287,1.75,1.0,8,3,1,2026-02-04T03:37:59Z,40.0,-0.6797121682035279,-0.016992804205088197,2026-02
rank32b-actusdt-3a905c9ea4bf380d,ACTUSDT,long,official_close,2026-02-04T04:00:00Z,2026-02-04T04:15:00Z,ACTUSDT|2026-02-04T04:00:00Z,2026-02-04T04:15:00Z,0.01592,6.0,0,closed,realized,2026-02-04T06:15:59Z,0.01594,timeout_1m,,,0.0012562814070351536,5.513432160797471e-05,,,0.0012562814070351536,5.513432160797471e-05,120,0,0,1,0,atr,0.00015928571428571462,1.75,1.0,8,3,1,2026-02-04T06:15:59Z,40.0,0.0022053728643189885,5.513432160797471e-05,2026-02
rank32b-actusdt-7acec5e76f9401b6,ACTUSDT,long,official_close,2026-02-04T06:30:00Z,2026-02-04T06:45:00Z,ACTUSDT|2026-02-04T06:30:00Z,2026-02-04T06:45:00Z,0.01612,6.0,0,closed,realized,2026-02-04T07:02:59Z,0.015984285714285715,stop_1m,,,-0.008419000354484174,-0.009608540584899017,,,-0.008419000354484174,-0.009608540584899017,17,0,1,0,0,atr,0.00013571428571428564,1.75,1.0,8,3,1,2026-02-04T07:02:59Z,40.0,-0.3843416233959607,-0.009608540584899017,2026-02
rank32b-beatusdt-eee6769d306e8c6e,BEATUSDT,short,official_close,2026-02-04T08:15:00Z,2026-02-04T08:30:00Z,BEATUSDT|2026-02-04T08:15:00Z,2026-02-04T08:30:00Z,0.1833,6.0,0,closed,realized,2026-02-04T08:47:59Z,0.1856642857142857,stop_1m,,,-0.012898449068661888,-0.014082615573221213,,,-0.012898449068661888,-0.014082615573221213,17,0,1,0,0,atr,0.0023642857142857155,1.75,1.0,8,3,1,2026-02-04T08:47:59Z,40.0,-0.5633046229288485,-0.014082615573221213,2026-02
rank32b-pippinusdt-7f399a4c0cb47ae9,PIPPINUSDT,short,official_close,2026-02-04T07:15:00Z,2026-02-04T07:30:00Z,PIPPINUSDT|2026-02-04T07:15:00Z,2026-02-04T07:30:00Z,0.17762,6.0,0,closed,realized,2026-02-04T09:30:59Z,0.17588,timeout_1m,,,0.009796194122283497,0.00858480221596647,,,0.009796194122283497,0.00858480221596647,120,0,0,1,0,atr,0.0018078571428571469,1.75,1.0,8,3,1,2026-02-04T09:30:59Z,40.0,0.3433920886386588,0.00858480221596647,2026-02
rank32b-uniusdt-e9b2e5999e548c19,UNIUSDT,short,official_close,2026-02-04T08:45:00Z,2026-02-04T09:00:00Z,UNIUSDT|2026-02-04T08:45:00Z,2026-02-04T09:00:00Z,3.873,6.0,0,closed,realized,2026-02-04T11:00:59Z,3.862,timeout_1m,,,0.0028401755744901225,0.001637128386263731,,,0.0028401755744901225,0.001637128386263731,120,0,0,1,0,atr,0.023000000000000003,1.75,1.0,8,3,1,2026-02-04T11:00:59Z,100.0,0.1637128386263731,0.001637128386263731,2026-02
rank32b-fartcoinusdt-be8ceb59db334c0f,FARTCOINUSDT,short,official_close,2026-02-04T11:00:00Z,2026-02-04T11:15:00Z,FARTCOINUSDT|2026-02-04T11:00:00Z,2026-02-04T11:15:00Z,0.2174,6.0,0,closed,realized,2026-02-04T11:25:59Z,0.21901428571428572,stop_1m,,,-0.007425417269023571,-0.00861614944145106,,,-0.007425417269023571,-0.00861614944145106,10,0,1,0,0,atr,0.0016142857142857129,1.75,1.0,8,3,1,2026-02-04T11:25:59Z,40.0,-0.3446459776580424,-0.00861614944145106,2026-02
rank32b-zecusdt-28cf406f70b85bd1,ZECUSDT,short,official_close,2026-02-04T09:15:00Z,2026-02-04T09:30:00Z,ZECUSDT|2026-02-04T09:15:00Z,2026-02-04T09:30:00Z,278.59,6.0,0,closed,realized,2026-02-04T11:30:59Z,278.57,timeout_1m,,,7.179008578905854e-05,-0.0011279360364696567,,,7.179008578905854e-05,-0.0011279360364696567,120,0,0,1,0,atr,2.2635714285714283,1.75,1.0,8,3,1,2026-02-04T11:30:59Z,100.0,-0.11279360364696567,-0.0011279360364696567,2026-02
rank32b-actusdt-f08489b1c36e4098,ACTUSDT,long,official_close,2026-02-04T11:45:00Z,2026-02-04T12:00:00Z,ACTUSDT|2026-02-04T11:45:00Z,2026-02-04T12:00:00Z,0.01603,6.0,0,closed,realized,2026-02-04T12:36:59Z,0.015865714285714285,stop_1m,,,-0.010248640941092568,-0.01143598626147413,,,-0.010248640941092568,-0.01143598626147413,36,0,1,0,0,atr,0.0001642857142857133,1.75,1.0,8,3,1,2026-02-04T12:36:59Z,40.0,-0.45743945045896517,-0.01143598626147413,2026-02
rank32b-zecusdt-2a7e12d1024c4a7c,ZECUSDT,short,official_close,2026-02-04T13:15:00Z,2026-02-04T13:30:00Z,ZECUSDT|2026-02-04T13:15:00Z,2026-02-04T13:30:00Z,277.39,6.0,0,closed,realized,2026-02-04T13:41:59Z,273.89124999999996,target_1m,,,0.012613107898626574,0.011398336709866896,,,0.012613107898626574,0.011398336709866896,11,1,0,0,0,atr,1.999285714285723,1.75,1.0,8,3,1,2026-02-04T13:41:59Z,100.0,1.1398336709866896,0.011398336709866896,2026-02
rank32b-actusdt-bea96d27e3d88fe4,ACTUSDT,long,official_close,2026-02-04T14:00:00Z,2026-02-04T14:15:00Z,ACTUSDT|2026-02-04T14:00:00Z,2026-02-04T14:15:00Z,0.01601,6.0,0,closed,realized,2026-02-04T14:32:59Z,0.01586357142857143,stop_1m,,,-0.009146069420897684,-0.010334737430177654,,,-0.009146069420897684,-0.010334737430177654,17,0,1,0,0,atr,0.00014642857142857117,1.75,1.0,8,3,1,2026-02-04T14:32:59Z,40.0,-0.41338949720710616,-0.010334737430177654,2026-02
rank32b-actusdt-124c5f323fe17ca2,ACTUSDT,long,official_close,2026-02-04T15:00:00Z,2026-02-04T15:15:00Z,ACTUSDT|2026-02-04T15:00:00Z,2026-02-04T15:15:00Z,0.01614,6.0,0,closed,realized,2026-02-04T15:33:59Z,0.015950714285714287,stop_1m,,,-0.011727739422906724,-0.012913310357585472,,,-0.011727739422906724,-0.012913310357585472,18,0,1,0,0,atr,0.00018928571428571426,1.75,1.0,8,3,1,2026-02-04T15:33:59Z,40.0,-0.5165324143034189,-0.012913310357585472,2026-02
rank32b-beatusdt-c0f900835439b0d4,BEATUSDT,short,official_close,2026-02-04T16:15:00Z,2026-02-04T16:30:00Z,BEATUSDT|2026-02-04T16:15:00Z,2026-02-04T16:30:00Z,0.1841,6.0,0,closed,realized,2026-02-04T17:28:59Z,0.17848750000000002,target_1m,,,0.03048614883215639,0.02924993642857121,,,0.03048614883215639,0.02924993642857121,58,1,0,0,0,atr,0.0032071428571428607,1.75,1.0,8,3,1,2026-02-04T17:28:59Z,40.0,1.1699974571428484,0.02924993642857121,2026-02
rank32b-pippinusdt-e7b5e6893997c943,PIPPINUSDT,short,official_close,2026-02-04T17:00:00Z,2026-02-04T17:15:00Z,PIPPINUSDT|2026-02-04T17:00:00Z,2026-02-04T17:15:00Z,0.17645,6.0,0,closed,realized,2026-02-04T17:55:59Z,0.17901571428571428,stop_1m,,,-0.014540744039185594,-0.015722940381006523,,,-0.014540744039185594,-0.015722940381006523,40,0,1,0,0,atr,0.0025657142857142884,1.75,1.0,8,3,1,2026-02-04T17:55:59Z,40.0,-0.6289176152402609,-0.015722940381006523,2026-02
rank32b-beatusdt-858ed1a7a8bf862c,BEATUSDT,short,official_close,2026-02-04T18:45:00Z,2026-02-04T19:00:00Z,BEATUSDT|2026-02-04T18:45:00Z,2026-02-04T19:00:00Z,0.1817,6.0,0,closed,realized,2026-02-04T19:56:59Z,0.1854,stop_1m,,,-0.020363236103467353,-0.02153844755090828,,,-0.020363236103467353,-0.02153844755090828,56,0,1,0,0,atr,0.003700000000000005,1.75,1.0,8,3,1,2026-02-04T19:56:59Z,40.0,-0.8615379020363312,-0.02153844755090828,2026-02
rank32b-actusdt-1745ff1e6fe310fc,ACTUSDT,long,official_close,2026-02-04T18:30:00Z,2026-02-04T18:45:00Z,ACTUSDT|2026-02-04T18:30:00Z,2026-02-04T18:45:00Z,0.01636,6.0,0,closed,realized,2026-02-04T20:10:59Z,0.016075,stop_1m,,,-0.017420537897310573,-0.018599279523227485,,,-0.017420537897310573,-0.018599279523227485,85,0,1,0,0,atr,0.0002849999999999993,1.75,1.0,8,3,1,2026-02-04T20:10:59Z,40.0,-0.7439711809290994,-0.018599279523227485,2026-02
rank32b-tradoorusdt-947ca247cc29dfe3,TRADOORUSDT,long,official_close,2026-02-04T19:00:00Z,2026-02-04T19:15:00Z,TRADOORUSDT|2026-02-04T19:00:00Z,2026-02-04T19:15:00Z,0.927,6.0,0,closed,realized,2026-02-04T21:06:59Z,0.9125000000000001,stop_1m,,,-0.015641855447680597,-0.01682273085221142,,,-0.015641855447680597,-0.01682273085221142,111,0,1,0,0,atr,0.014500000000000013,1.75,1.0,8,3,1,2026-02-04T21:06:59Z,40.0,-0.6729092340884568,-0.01682273085221142,2026-02
rank32b-tradoorusdt-cbcf5ce764e2a16a,TRADOORUSDT,long,official_close,2026-02-04T21:15:00Z,2026-02-04T21:30:00Z,TRADOORUSDT|2026-02-04T21:15:00Z,2026-02-04T21:30:00Z,0.927,6.0,0,closed,realized,2026-02-04T21:37:59Z,0.9142857142857144,stop_1m,,,-0.013715518569887508,-0.014898704885190406,,,-0.013715518569887508,-0.014898704885190406,7,0,1,0,0,atr,0.012714285714285725,1.75,1.0,8,3,1,2026-02-04T21:37:59Z,40.0,-0.5959481954076162,-0.014898704885190406,2026-02
rank32b-brettusdt-9cb8cfb7f4f0a004,BRETTUSDT,short,official_close,2026-02-04T20:00:00Z,2026-02-04T20:15:00Z,BRETTUSDT|2026-02-04T20:00:00Z,2026-02-04T20:15:00Z,0.00898,6.0,0,closed,realized,2026-02-04T22:04:59Z,0.00871875,target_1m,,,0.02909242761692643,0.02785788717706006,,,0.02909242761692643,0.02785788717706006,109,1,0,0,0,atr,0.00014928571428571391,1.75,1.0,8,3,1,2026-02-04T22:04:59Z,40.0,1.1143154870824024,0.02785788717706006,2026-02
rank32b-tradoorusdt-47461c836297f4e1,TRADOORUSDT,long,official_close,2026-02-04T21:45:00Z,2026-02-04T22:00:00Z,TRADOORUSDT|2026-02-04T21:45:00Z,2026-02-04T22:00:00Z,0.924,6.0,0,closed,realized,2026-02-04T22:06:59Z,0.9106428571428572,stop_1m,,,-0.014455782312925103,-0.01563808057823135,,,-0.014455782312925103,-0.01563808057823135,6,0,1,0,0,atr,0.01335714285714287,1.75,1.0,8,3,1,2026-02-04T22:06:59Z,40.0,-0.625523223129254,-0.01563808057823135,2026-02
rank32b-1000pepeusdt-6ffe05d55a98124d,1000PEPEUSDT,short,official_close,2026-02-04T22:00:00Z,2026-02-04T22:15:00Z,1000PEPEUSDT|2026-02-04T22:00:00Z,2026-02-04T22:15:00Z,0.0041578,6.0,0,closed,realized,2026-02-04T22:21:59Z,0.004207478571428571,stop_1m,,,-0.011948283089270983,-0.013133589450945893,,,-0.011948283089270983,-0.013133589450945893,6,0,1,0,0,atr,4.967857142857136e-05,1.75,1.0,8,3,1,2026-02-04T22:21:59Z,40.0,-0.5253435780378357,-0.013133589450945893,2026-02
rank32b-actusdt-1c5d20e725c05ff1,ACTUSDT,long,official_close,2026-02-04T22:15:00Z,2026-02-04T22:30:00Z,ACTUSDT|2026-02-04T22:15:00Z,2026-02-04T22:30:00Z,0.01618,6.0,0,closed,realized,2026-02-04T22:35:59Z,0.015998571428571428,stop_1m,,,-0.011213137912767124,-0.012399326184001525,,,-0.011213137912767124,-0.012399326184001525,5,0,1,0,0,atr,0.0001814285714285722,1.75,1.0,8,3,1,2026-02-04T22:35:59Z,40.0,-0.495973047360061,-0.012399326184001525,2026-02
rank32b-aaveusdt-1f96b5f8b83c894f,AAVEUSDT,short,official_close,2026-02-04T22:30:00Z,2026-02-04T22:45:00Z,AAVEUSDT|2026-02-04T22:30:00Z,2026-02-04T22:45:00Z,122.9,6.0,0,closed,realized,2026-02-04T23:32:59Z,124.36,stop_1m,,,-0.011879576891781873,-0.013064965676159446,,,-0.011879576891781873,-0.013064965676159446,47,0,1,0,0,atr,1.4599999999999989,1.75,1.0,8,3,1,2026-02-04T23:32:59Z,100.0,-1.3064965676159446,-0.013064965676159446,2026-02
rank32b-actusdt-13ca48fce5d96da8,ACTUSDT,long,official_close,2026-02-05T01:15:00Z,2026-02-05T01:30:00Z,ACTUSDT|2026-02-05T01:15:00Z,2026-02-05T01:30:00Z,0.01605,6.0,0,closed,realized,2026-02-05T02:04:59Z,0.015854285714285713,stop_1m,,,-0.012194036493101912,-0.013379048039163344,,,-0.012194036493101912,-0.013379048039163344,34,0,1,0,0,atr,0.00019571428571428566,1.75,1.0,8,3,1,2026-02-05T02:04:59Z,40.0,-0.5351619215665337,-0.013379048039163344,2026-02
rank32b-aaveusdt-2a3ee5011f5a945a,AAVEUSDT,short,official_close,2026-02-05T01:45:00Z,2026-02-05T02:00:00Z,AAVEUSDT|2026-02-05T01:45:00Z,2026-02-05T02:00:00Z,123.86,6.0,0,closed,realized,2026-02-05T03:06:59Z,121.67125,target_1m,,,0.01767116098821253,0.01645032195664453,,,0.01767116098821253,0.01645032195664453,66,1,0,0,0,atr,1.2507142857142841,1.75,1.0,8,3,1,2026-02-05T03:06:59Z,100.0,1.6450321956644531,0.01645032195664453,2026-02
rank32b-ltcusdt-77ae0548f22131ce,LTCUSDT,short,official_close,2026-02-05T02:45:00Z,2026-02-05T03:00:00Z,LTCUSDT|2026-02-05T02:45:00Z,2026-02-05T03:00:00Z,58.25,6.0,0,closed,realized,2026-02-05T05:00:59Z,58.14,timeout_1m,,,0.0018884120171673846,0.0006865066025749655,,,0.0018884120171673846,0.0006865066025749655,120,0,0,1,0,atr,0.5021428571428572,1.75,1.0,8,3,1,2026-02-05T05:00:59Z,100.0,0.06865066025749655,0.0006865066025749655,2026-02
rank32b-pippinusdt-f14503fe38bcf073,PIPPINUSDT,short,official_close,2026-02-05T04:00:00Z,2026-02-05T04:15:00Z,PIPPINUSDT|2026-02-05T04:00:00Z,2026-02-05T04:15:00Z,0.17805,6.0,0,closed,realized,2026-02-05T06:15:59Z,0.17511,timeout_1m,,,0.016512215669755803,0.015292766955349757,,,0.016512215669755803,0.015292766955349757,120,0,0,1,0,atr,0.0027292857142857097,1.75,1.0,8,3,1,2026-02-05T06:15:59Z,40.0,0.6117106782139903,0.015292766955349757,2026-02
rank32b-bchusdt-d94f283034b61fbe,BCHUSDT,long,official_close,2026-02-05T07:15:00Z,2026-02-05T07:30:00Z,BCHUSDT|2026-02-05T07:15:00Z,2026-02-05T07:30:00Z,531.72,6.0,0,closed,realized,2026-02-05T07:57:59Z,526.4857142857143,stop_1m,,,-0.009844064007909714,-0.01103189467496335,,,-0.009844064007909714,-0.01103189467496335,27,0,1,0,0,atr,5.23428571428572,1.75,1.0,8,3,1,2026-02-05T07:57:59Z,100.0,-1.103189467496335,-0.01103189467496335,2026-02
rank32b-tradoorusdt-7a5077201fdc5e13,TRADOORUSDT,long,official_close,2026-02-05T07:45:00Z,2026-02-05T08:00:00Z,TRADOORUSDT|2026-02-05T07:45:00Z,2026-02-05T08:00:00Z,0.928,6.0,0,closed,realized,2026-02-05T08:04:59Z,0.9172142857142858,stop_1m,,,-0.011622536945812834,-0.012808234085591286,,,-0.011622536945812834,-0.012808234085591286,4,0,1,0,0,atr,0.010785714285714296,1.75,1.0,8,3,1,2026-02-05T08:04:59Z,40.0,-0.5123293634236514,-0.012808234085591286,2026-02
rank32b-solusdt-9df1da55ea4ac8c7,SOLUSDT,short,official_close,2026-02-05T10:00:00Z,2026-02-05T10:15:00Z,SOLUSDT|2026-02-05T10:00:00Z,2026-02-05T10:15:00Z,91.99,6.0,0,closed,realized,2026-02-05T10:52:59Z,90.42875,target_1m,,,0.01697195347320357,0.015751953238938965,,,0.01697195347320357,0.015751953238938965,37,1,0,0,0,atr,0.8921428571428578,1.75,1.0,8,3,1,2026-02-05T10:52:59Z,100.0,1.5751953238938965,0.015751953238938965,2026-02
rank32b-actusdt-f680172d543e4534,ACTUSDT,short,official_close,2026-02-05T14:45:00Z,2026-02-05T15:00:00Z,ACTUSDT|2026-02-05T14:45:00Z,2026-02-05T15:00:00Z,0.01574,6.0,0,closed,realized,2026-02-05T15:10:59Z,0.0153775,target_1m,,,0.023030495552731844,0.02180322724904693,,,0.023030495552731844,0.02180322724904693,10,1,0,0,0,atr,0.00020714285714285713,1.75,1.0,8,3,1,2026-02-05T15:10:59Z,40.0,0.8721290899618772,0.02180322724904693,2026-02
rank32b-dogeusdt-69b5afd615923a34,DOGEUSDT,short,official_close,2026-02-06T06:15:00Z,2026-02-06T06:30:00Z,DOGEUSDT|2026-02-06T06:15:00Z,2026-02-06T06:30:00Z,0.09228,6.0,0,closed,realized,2026-02-06T07:08:59Z,0.09065000000000001,target_1m,,,0.017663632423060127,0.016442802423059844,,,0.017663632423060127,0.016442802423059844,38,1,0,0,0,atr,0.0009314285714285701,1.75,1.0,8,3,1,2026-02-06T07:08:59Z,100.0,1.6442802423059844,0.016442802423059844,2026-02
rank32b-xrpusdt-ef82fa668745ed17,XRPUSDT,short,official_close,2026-02-06T08:15:00Z,2026-02-06T08:30:00Z,XRPUSDT|2026-02-06T08:15:00Z,2026-02-06T08:30:00Z,1.2886,6.0,0,closed,realized,2026-02-06T08:55:59Z,1.3066428571428572,stop_1m,,,-0.014001906831334177,-0.015184749583823098,,,-0.014001906831334177,-0.015184749583823098,25,0,1,0,0,atr,0.0180428571428572,1.75,1.0,8,3,1,2026-02-06T08:55:59Z,100.0,-1.5184749583823098,-0.015184749583823098,2026-02
rank32b-solusdt-084c1dfbd4b57150,SOLUSDT,short,official_close,2026-02-06T10:45:00Z,2026-02-06T11:00:00Z,SOLUSDT|2026-02-06T10:45:00Z,2026-02-06T11:00:00Z,80.73,6.0,0,closed,realized,2026-02-06T11:37:59Z,81.64214285714286,stop_1m,,,-0.01129868521172872,-0.012484770857001393,,,-0.01129868521172872,-0.012484770857001393,37,0,1,0,0,atr,0.9121428571428599,1.75,1.0,8,3,1,2026-02-06T11:37:59Z,100.0,-1.2484770857001393,-0.012484770857001393,2026-02
rank32b-pippinusdt-ec6f6eef31166b0b,PIPPINUSDT,long,official_close,2026-02-06T23:00:00Z,2026-02-06T23:15:00Z,PIPPINUSDT|2026-02-06T23:00:00Z,2026-02-06T23:15:00Z,0.18415,6.0,0,closed,realized,2026-02-06T23:44:59Z,0.18900625000000001,target_1m,,,0.0263711648112952,0.025139888907140806,,,0.0263711648112952,0.025139888907140806,29,1,0,0,0,atr,0.002775000000000002,1.75,1.0,8,3,1,2026-02-06T23:44:59Z,40.0,1.0055955562856322,0.025139888907140806,2026-02
rank32b-zecusdt-ec814f8de4947ab3,ZECUSDT,short,official_close,2026-02-07T00:15:00Z,2026-02-07T00:30:00Z,ZECUSDT|2026-02-07T00:15:00Z,2026-02-07T00:30:00Z,234.52,6.0,0,closed,realized,2026-02-07T00:34:59Z,237.30785714285716,stop_1m,,,-0.011887502741161349,-0.013072882017373,,,-0.011887502741161349,-0.013072882017373,4,0,1,0,0,atr,2.787857142857149,1.75,1.0,8,3,1,2026-02-07T00:34:59Z,100.0,-1.3072882017373,-0.013072882017373,2026-02
rank32b-turbousdt-5cd29889c4156bfb,TURBOUSDT,short,official_close,2026-02-07T06:45:00Z,2026-02-07T07:00:00Z,TURBOUSDT|2026-02-07T06:45:00Z,2026-02-07T07:00:00Z,0.0010977,6.0,0,closed,realized,2026-02-07T07:15:59Z,0.0010825875,target_1m,,,0.013767422793112938,0.012551266842033337,,,0.013767422793112938,0.012551266842033337,15,1,0,0,0,atr,8.635714285714267e-06,1.75,1.0,8,3,1,2026-02-07T07:15:59Z,40.0,0.5020506736813335,0.012551266842033337,2026-02
rank32b-actusdt-309601e891e18826,ACTUSDT,long,official_close,2026-02-07T07:15:00Z,2026-02-07T07:30:00Z,ACTUSDT|2026-02-07T07:15:00Z,2026-02-07T07:30:00Z,0.0154,6.0,0,closed,realized,2026-02-07T07:34:59Z,0.015211428571428572,stop_1m,,,-0.01224489795918371,-0.013429848489796115,,,-0.01224489795918371,-0.013429848489796115,4,0,1,0,0,atr,0.00018857142857142857,1.75,1.0,8,3,1,2026-02-07T07:34:59Z,40.0,-0.5371939395918446,-0.013429848489796115,2026-02
rank32b-solusdt-47bfa6f447b355ea,SOLUSDT,short,official_close,2026-02-07T07:00:00Z,2026-02-07T07:15:00Z,SOLUSDT|2026-02-07T07:00:00Z,2026-02-07T07:15:00Z,84.82,6.0,0,closed,realized,2026-02-07T07:40:59Z,85.625,stop_1m,,,-0.009490686158924788,-0.01067894075218112,,,-0.009490686158924788,-0.01067894075218112,25,0,1,0,0,atr,0.8050000000000017,1.75,1.0,8,3,1,2026-02-07T07:40:59Z,100.0,-1.067894075218112,-0.01067894075218112,2026-02
rank32b-actusdt-a403f4ef1eed234e,ACTUSDT,long,official_close,2026-02-07T08:15:00Z,2026-02-07T08:30:00Z,ACTUSDT|2026-02-07T08:15:00Z,2026-02-07T08:30:00Z,0.01521,6.0,0,closed,realized,2026-02-07T10:30:59Z,0.0154,timeout_1m,,,0.012491781722550943,0.011277156081525241,,,0.012491781722550943,0.011277156081525241,120,0,0,1,0,atr,0.00020785714285714293,1.75,1.0,8,3,1,2026-02-07T10:30:59Z,40.0,0.45108624326100966,0.011277156081525241,2026-02
rank32b-zecusdt-780268628ba6218b,ZECUSDT,short,official_close,2026-02-07T09:15:00Z,2026-02-07T09:30:00Z,ZECUSDT|2026-02-07T09:15:00Z,2026-02-07T09:30:00Z,232.97,6.0,0,closed,realized,2026-02-07T11:26:59Z,227.47625,target_1m,,,0.023581362407176898,0.02235343326157868,,,0.023581362407176898,0.02235343326157868,116,1,0,0,0,atr,3.1392857142857156,1.75,1.0,8,3,1,2026-02-07T11:26:59Z,100.0,2.235343326157868,0.02235343326157868,2026-02
rank32b-pippinusdt-18b866ed394b9b52,PIPPINUSDT,long,official_close,2026-02-07T11:30:00Z,2026-02-07T11:45:00Z,PIPPINUSDT|2026-02-07T11:30:00Z,2026-02-07T11:45:00Z,0.18289,6.0,0,closed,realized,2026-02-07T13:30:59Z,0.18707000000000001,target_1m,,,0.022855268193996414,0.021628210100059997,,,0.022855268193996414,0.021628210100059997,105,1,0,0,0,atr,0.0023885714285714304,1.75,1.0,8,3,1,2026-02-07T13:30:59Z,40.0,0.8651284040023999,0.021628210100059997,2026-02
rank32b-beatusdt-cd13e9c55aba1377,BEATUSDT,long,official_close,2026-02-07T12:00:00Z,2026-02-07T12:15:00Z,BEATUSDT|2026-02-07T12:00:00Z,2026-02-07T12:15:00Z,0.1848,6.0,0,closed,realized,2026-02-07T13:34:59Z,0.190025,target_1m,,,0.028273809523809534,0.02704025113095221,,,0.028273809523809534,0.02704025113095221,79,1,0,0,0,atr,0.00298571428571429,1.75,1.0,8,3,1,2026-02-07T13:34:59Z,40.0,1.0816100452380883,0.02704025113095221,2026-02
rank32b-linkusdt-e7398a650d798b00,LINKUSDT,short,official_close,2026-02-07T14:45:00Z,2026-02-07T15:00:00Z,LINKUSDT|2026-02-07T14:45:00Z,2026-02-07T15:00:00Z,8.685,6.0,0,closed,realized,2026-02-07T15:14:59Z,8.757785714285715,stop_1m,,,-0.00838062340653023,-0.009570209675466956,,,-0.00838062340653023,-0.009570209675466956,14,0,1,0,0,atr,0.07278571428571404,1.75,1.0,8,3,1,2026-02-07T15:14:59Z,100.0,-0.9570209675466956,-0.009570209675466956,2026-02
rank32b-actusdt-879a89891534fedb,ACTUSDT,long,official_close,2026-02-07T16:00:00Z,2026-02-07T16:15:00Z,ACTUSDT|2026-02-07T16:00:00Z,2026-02-07T16:15:00Z,0.01544,6.0,0,closed,realized,2026-02-07T16:18:59Z,0.015295714285714286,stop_1m,,,-0.009344929681717296,-0.010533359130273978,,,-0.009344929681717296,-0.010533359130273978,3,0,1,0,0,atr,0.00014428571428571436,1.75,1.0,8,3,1,2026-02-07T16:18:59Z,40.0,-0.4213343652109591,-0.010533359130273978,2026-02
rank32b-wldusdt-a7cf058fb05a8e0b,WLDUSDT,long,official_close,2026-02-07T15:15:00Z,2026-02-07T15:30:00Z,WLDUSDT|2026-02-07T15:15:00Z,2026-02-07T15:30:00Z,0.3977,6.0,0,closed,realized,2026-02-07T17:08:59Z,0.39375714285714286,stop_1m,,,-0.009914149215129786,-0.011101895805165407,,,-0.009914149215129786,-0.011101895805165407,98,0,1,0,0,atr,0.003942857142857145,1.75,1.0,8,3,1,2026-02-07T17:08:59Z,100.0,-1.1101895805165407,-0.011101895805165407,2026-02
rank32b-beatusdt-4982018d7ab6fb4d,BEATUSDT,long,official_close,2026-02-07T15:00:00Z,2026-02-07T15:15:00Z,BEATUSDT|2026-02-07T15:00:00Z,2026-02-07T15:15:00Z,0.1858,6.0,0,closed,realized,2026-02-07T17:15:59Z,0.1886,timeout_1m,,,0.01506996770721214,0.013852249171151687,,,0.01506996770721214,0.013852249171151687,120,0,0,1,0,atr,0.003942857142857141,1.75,1.0,8,3,1,2026-02-07T17:15:59Z,40.0,0.5540899668460675,0.013852249171151687,2026-02
rank32b-brettusdt-d44a8bbc2700fb7c,BRETTUSDT,short,official_close,2026-02-07T17:00:00Z,2026-02-07T17:15:00Z,BRETTUSDT|2026-02-07T17:00:00Z,2026-02-07T17:15:00Z,0.00778,6.0,0,closed,realized,2026-02-07T18:19:59Z,0.007887142857142856,stop_1m,,,-0.013771575468233488,-0.014954694535438962,,,-0.013771575468233488,-0.014954694535438962,64,0,1,0,0,atr,0.00010714285714285693,1.75,1.0,8,3,1,2026-02-07T18:19:59Z,40.0,-0.5981877814175585,-0.014954694535438962,2026-02
rank32b-pippinusdt-9b7e09b9ee0b0f41,PIPPINUSDT,long,official_close,2026-02-07T19:15:00Z,2026-02-07T19:30:00Z,PIPPINUSDT|2026-02-07T19:15:00Z,2026-02-07T19:30:00Z,0.18452,6.0,0,closed,realized,2026-02-07T21:30:59Z,0.18484,timeout_1m,,,0.001734229351831873,0.0005325089009322603,,,0.001734229351831873,0.0005325089009322603,120,0,0,1,0,atr,0.002397857142857142,1.75,1.0,8,3,1,2026-02-07T21:30:59Z,40.0,0.021300356037290413,0.0005325089009322603,2026-02
rank32b-beatusdt-2fdf51dca1885d36,BEATUSDT,long,official_close,2026-02-08T01:00:00Z,2026-02-08T01:15:00Z,BEATUSDT|2026-02-08T01:00:00Z,2026-02-08T01:15:00Z,0.189,6.0,0,closed,realized,2026-02-08T01:31:59Z,0.1932375,target_1m,,,0.02242063492063484,0.02119409823015861,,,0.02242063492063484,0.02119409823015861,16,1,0,0,0,atr,0.0024214285714285705,1.75,1.0,8,3,1,2026-02-08T01:31:59Z,40.0,0.8477639292063444,0.02119409823015861,2026-02
rank32b-adausdt-c7553eecd2d3b98c,ADAUSDT,long,official_close,2026-02-08T08:15:00Z,2026-02-08T08:30:00Z,ADAUSDT|2026-02-08T08:15:00Z,2026-02-08T08:30:00Z,0.2737,6.0,0,closed,realized,2026-02-08T08:34:59Z,0.27585,target_1m,,,0.007855316039459215,0.00664625248812567,,,0.007855316039459215,0.00664625248812567,4,1,0,0,0,atr,0.001228571428571428,1.75,1.0,8,3,1,2026-02-08T08:34:59Z,100.0,0.664625248812567,0.00664625248812567,2026-02
rank32b-uniusdt-2e0b9971272f148c,UNIUSDT,long,official_close,2026-02-08T08:45:00Z,2026-02-08T09:00:00Z,UNIUSDT|2026-02-08T08:45:00Z,2026-02-08T09:00:00Z,3.531,6.0,0,closed,realized,2026-02-08T09:11:59Z,3.5124285714285715,stop_1m,,,-0.005259537969818373,-0.006452868417688329,,,-0.005259537969818373,-0.006452868417688329,11,0,1,0,0,atr,0.018571428571428555,1.75,1.0,8,3,1,2026-02-08T09:11:59Z,100.0,-0.6452868417688329,-0.006452868417688329,2026-02
rank32b-bnbusdt-21f1b254c8f10829,BNBUSDT,short,official_close,2026-02-08T09:30:00Z,2026-02-08T09:45:00Z,BNBUSDT|2026-02-08T09:30:00Z,2026-02-08T09:45:00Z,640.74,6.0,0,closed,realized,2026-02-08T10:08:59Z,644.1528571428571,stop_1m,,,-0.005326430600332666,-0.006519680801127414,,,-0.005326430600332666,-0.006519680801127414,23,0,1,0,0,atr,3.4128571428571166,1.75,1.0,8,3,1,2026-02-08T10:08:59Z,100.0,-0.6519680801127414,-0.006519680801127414,2026-02
rank32b-fartcoinusdt-4c577f862b7c36a6,FARTCOINUSDT,short,official_close,2026-02-08T10:15:00Z,2026-02-08T10:30:00Z,FARTCOINUSDT|2026-02-08T10:15:00Z,2026-02-08T10:30:00Z,0.1958,6.0,0,closed,realized,2026-02-08T11:16:59Z,0.19792142857142858,stop_1m,,,-0.010834670947030611,-0.012021313242375764,,,-0.010834670947030611,-0.012021313242375764,46,0,1,0,0,atr,0.002121428571428568,1.75,1.0,8,3,1,2026-02-08T11:16:59Z,40.0,-0.48085252969503056,-0.012021313242375764,2026-02
rank32b-linkusdt-c4aa651114f8e26c,LINKUSDT,long,official_close,2026-02-08T11:00:00Z,2026-02-08T11:15:00Z,LINKUSDT|2026-02-08T11:00:00Z,2026-02-08T11:15:00Z,8.916,6.0,0,closed,realized,2026-02-08T12:37:59Z,9.02825,target_1m,,,0.012589726334679252,0.011374983195379107,,,0.012589726334679252,0.011374983195379107,82,1,0,0,0,atr,0.06414285714285725,1.75,1.0,8,3,1,2026-02-08T12:37:59Z,100.0,1.1374983195379107,0.011374983195379107,2026-02
rank32b-turbousdt-6c71b066f86e7645,TURBOUSDT,short,official_close,2026-02-08T12:30:00Z,2026-02-08T12:45:00Z,TURBOUSDT|2026-02-08T12:30:00Z,2026-02-08T12:45:00Z,0.0010884,6.0,0,closed,realized,2026-02-08T13:01:59Z,0.0010962714285714286,stop_1m,,,-0.0072321100435763785,-0.008423074115083806,,,-0.0072321100435763785,-0.008423074115083806,16,0,1,0,0,atr,7.871428571428584e-06,1.75,1.0,8,3,1,2026-02-08T13:01:59Z,40.0,-0.33692296460335225,-0.008423074115083806,2026-02
rank32b-bnbusdt-54c9c100a2e432cd,BNBUSDT,short,official_close,2026-02-08T13:00:00Z,2026-02-08T13:15:00Z,BNBUSDT|2026-02-08T13:00:00Z,2026-02-08T13:15:00Z,641.43,6.0,0,closed,realized,2026-02-08T13:24:59Z,644.6992857142857,stop_1m,,,-0.005096870608306103,-0.0062903961984496215,,,-0.005096870608306103,-0.0062903961984496215,9,0,1,0,0,atr,3.269285714285713,1.75,1.0,8,3,1,2026-02-08T13:24:59Z,100.0,-0.6290396198449622,-0.0062903961984496215,2026-02
rank32b-tradoorusdt-77a21940eeff1610,TRADOORUSDT,long,official_close,2026-02-08T13:15:00Z,2026-02-08T13:30:00Z,TRADOORUSDT|2026-02-08T13:15:00Z,2026-02-08T13:30:00Z,1.257,6.0,0,closed,realized,2026-02-08T14:20:59Z,1.223642857142857,stop_1m,,,-0.026537106489373796,-0.02770491151494503,,,-0.026537106489373796,-0.02770491151494503,50,0,1,0,0,atr,0.03335714285714286,1.75,1.0,8,3,1,2026-02-08T14:20:59Z,40.0,-1.1081964605978012,-0.02770491151494503,2026-02
rank32b-turbousdt-c48d638191b904c2,TURBOUSDT,short,official_close,2026-02-08T13:30:00Z,2026-02-08T13:45:00Z,TURBOUSDT|2026-02-08T13:30:00Z,2026-02-08T13:45:00Z,0.0010884,6.0,0,closed,realized,2026-02-08T14:33:59Z,0.0010966142857142857,stop_1m,,,-0.0075471202814090255,-0.008737706454034821,,,-0.0075471202814090255,-0.008737706454034821,48,0,1,0,0,atr,8.214285714285721e-06,1.75,1.0,8,3,1,2026-02-08T14:33:59Z,40.0,-0.34950825816139286,-0.008737706454034821,2026-02
rank32b-nearusdt-5bbd0d04859bc8c3,NEARUSDT,short,official_close,2026-02-08T15:15:00Z,2026-02-08T15:30:00Z,NEARUSDT|2026-02-08T15:15:00Z,2026-02-08T15:30:00Z,1.053,6.0,0,closed,realized,2026-02-08T16:45:59Z,1.041,target_1m,,,0.01139601139601143,0.010182700284900426,,,0.01139601139601143,0.010182700284900426,75,1,0,0,0,atr,0.006857142857142879,1.75,1.0,8,3,1,2026-02-08T16:45:59Z,100.0,1.0182700284900426,0.010182700284900426,2026-02
rank32b-tradoorusdt-b9e81b82829a403d,TRADOORUSDT,long,official_close,2026-02-08T16:15:00Z,2026-02-08T16:30:00Z,TRADOORUSDT|2026-02-08T16:15:00Z,2026-02-08T16:30:00Z,1.255,6.0,0,closed,realized,2026-02-08T18:01:59Z,1.3108749999999998,target_1m,,,0.04452191235059755,0.043268862083665205,,,0.04452191235059755,0.043268862083665205,91,1,0,0,0,atr,0.03192857142857143,1.75,1.0,8,3,1,2026-02-08T18:01:59Z,40.0,1.7307544833466082,0.043268862083665205,2026-02
rank32b-solusdt-290227a34cbf01ee,SOLUSDT,long,official_close,2026-02-08T18:30:00Z,2026-02-08T18:45:00Z,SOLUSDT|2026-02-08T18:30:00Z,2026-02-08T18:45:00Z,88.16,6.0,0,closed,realized,2026-02-08T20:03:59Z,87.46357142857143,stop_1m,,,-0.00789959813326413,-0.009089761459359691,,,-0.00789959813326413,-0.009089761459359691,78,0,1,0,0,atr,0.6964285714285684,1.75,1.0,8,3,1,2026-02-08T20:03:59Z,100.0,-0.9089761459359691,-0.009089761459359691,2026-02
rank32b-suiusdt-ffbbd191e1f2fa85,SUIUSDT,short,official_close,2026-02-08T20:00:00Z,2026-02-08T20:15:00Z,SUIUSDT|2026-02-08T20:00:00Z,2026-02-08T20:15:00Z,0.9845,6.0,0,closed,realized,2026-02-08T21:35:59Z,0.9726375,target_1m,,,0.012049263585576453,0.010835168807008522,,,0.012049263585576453,0.010835168807008522,80,1,0,0,0,atr,0.006778571428571419,1.75,1.0,8,3,1,2026-02-08T21:35:59Z,100.0,1.0835168807008522,0.010835168807008522,2026-02
rank32b-zecusdt-b98045d200616543,ZECUSDT,long,official_close,2026-02-08T23:00:00Z,2026-02-08T23:15:00Z,ZECUSDT|2026-02-08T23:00:00Z,2026-02-08T23:15:00Z,242.04,6.0,0,closed,realized,2026-02-08T23:23:59Z,239.82285714285715,stop_1m,,,-0.009160233255424144,-0.010348884273201686,,,-0.009160233255424144,-0.010348884273201686,8,0,1,0,0,atr,2.2171428571428544,1.75,1.0,8,3,1,2026-02-08T23:23:59Z,100.0,-1.0348884273201686,-0.010348884273201686,2026-02
rank32b-beatusdt-10fbe88f90b1acfa,BEATUSDT,long,official_close,2026-02-08T22:45:00Z,2026-02-08T23:00:00Z,BEATUSDT|2026-02-08T22:45:00Z,2026-02-08T23:00:00Z,0.2023,6.0,0,closed,realized,2026-02-08T23:24:59Z,0.1987357142857143,stop_1m,,,-0.01761881223077466,-0.018797315998870134,,,-0.01761881223077466,-0.018797315998870134,24,0,1,0,0,atr,0.003564285714285718,1.75,1.0,8,3,1,2026-02-08T23:24:59Z,40.0,-0.7518926399548054,-0.018797315998870134,2026-02
rank32b-brettusdt-bb8970fff587b477,BRETTUSDT,short,official_close,2026-02-08T23:15:00Z,2026-02-08T23:30:00Z,BRETTUSDT|2026-02-08T23:15:00Z,2026-02-08T23:30:00Z,0.00758,6.0,0,closed,realized,2026-02-08T23:50:59Z,0.00765,stop_1m,,,-0.00923482849604218,-0.01042339002638526,,,-0.00923482849604218,-0.01042339002638526,20,0,1,0,0,atr,7e-05,1.75,1.0,8,3,1,2026-02-08T23:50:59Z,40.0,-0.4169356010554104,-0.01042339002638526,2026-02
rank32b-tradoorusdt-8b0bbb7ab9359904,TRADOORUSDT,long,official_close,2026-02-08T21:45:00Z,2026-02-08T22:00:00Z,TRADOORUSDT|2026-02-08T21:45:00Z,2026-02-08T22:00:00Z,1.27,6.0,0,closed,realized,2026-02-09T00:00:59Z,1.288,timeout_1m,,,0.014173228346456623,0.012956585574803059,,,0.014173228346456623,0.012956585574803059,120,0,0,1,0,atr,0.038214285714285694,1.75,1.0,8,3,1,2026-02-09T00:00:59Z,40.0,0.5182634229921224,0.012956585574803059,2026-02
rank32b-beatusdt-a17936495c767083,BEATUSDT,long,official_close,2026-02-08T23:30:00Z,2026-02-08T23:45:00Z,BEATUSDT|2026-02-08T23:30:00Z,2026-02-08T23:45:00Z,0.2042,6.0,0,closed,realized,2026-02-09T01:09:59Z,0.21055000000000001,target_1m,,,0.03109696376101878,0.029860018599412452,,,0.03109696376101878,0.029860018599412452,84,1,0,0,0,atr,0.0036285714285714333,1.75,1.0,8,3,1,2026-02-09T01:09:59Z,40.0,1.194400743976498,0.029860018599412452,2026-02
rank32b-zecusdt-430cb8a254dd4d21,ZECUSDT,long,official_close,2026-02-09T01:15:00Z,2026-02-09T01:30:00Z,ZECUSDT|2026-02-09T01:15:00Z,2026-02-09T01:30:00Z,241.73,6.0,0,closed,realized,2026-02-09T01:42:59Z,238.7392857142857,stop_1m,,,-0.012372127107575737,-0.01355692500901251,,,-0.012372127107575737,-0.01355692500901251,12,0,1,0,0,atr,2.990714285714286,1.75,1.0,8,3,1,2026-02-09T01:42:59Z,100.0,-1.355692500901251,-0.01355692500901251,2026-02
rank32b-suiusdt-a0a06f7023bccd44,SUIUSDT,short,official_close,2026-02-09T02:45:00Z,2026-02-09T03:00:00Z,SUIUSDT|2026-02-09T02:45:00Z,2026-02-09T03:00:00Z,0.9771,6.0,0,closed,realized,2026-02-09T03:42:59Z,0.9857214285714285,stop_1m,,,-0.00882348641022257,-0.010012541402985464,,,-0.00882348641022257,-0.010012541402985464,42,0,1,0,0,atr,0.008621428571428566,1.75,1.0,8,3,1,2026-02-09T03:42:59Z,100.0,-1.0012541402985464,-0.010012541402985464,2026-02
rank32b-xrpusdt-2f91ef1311796b7a,XRPUSDT,long,official_close,2026-02-09T02:30:00Z,2026-02-09T02:45:00Z,XRPUSDT|2026-02-09T02:30:00Z,2026-02-09T02:45:00Z,1.4455,6.0,0,closed,realized,2026-02-09T04:45:59Z,1.4453,timeout_1m,,,-0.00013836042891735012,-0.0013378344462124936,,,-0.00013836042891735012,-0.0013378344462124936,120,0,0,1,0,atr,0.013607142857142865,1.75,1.0,8,3,1,2026-02-09T04:45:59Z,100.0,-0.13378344462124936,-0.0013378344462124936,2026-02
rank32b-solusdt-cf9f3fc82a2ba510,SOLUSDT,long,official_close,2026-02-09T03:30:00Z,2026-02-09T03:45:00Z,SOLUSDT|2026-02-09T03:30:00Z,2026-02-09T03:45:00Z,87.6,6.0,0,closed,realized,2026-02-09T05:45:59Z,87.01,timeout_1m,,,-0.00673515981735151,-0.00792672005022832,,,-0.00673515981735151,-0.00792672005022832,120,0,0,1,0,atr,0.8071428571428589,1.75,1.0,8,3,1,2026-02-09T05:45:59Z,100.0,-0.792672005022832,-0.00792672005022832,2026-02
rank32b-actusdt-20e60a2d3f52efa9,ACTUSDT,short,official_close,2026-02-09T04:00:00Z,2026-02-09T04:15:00Z,ACTUSDT|2026-02-09T04:00:00Z,2026-02-09T04:15:00Z,0.01483,6.0,0,closed,realized,2026-02-09T06:15:59Z,0.01474,timeout_1m,,,0.006068779501011479,0.004861859150370851,,,0.006068779501011479,0.004861859150370851,120,0,0,1,0,atr,0.00012428571428571442,1.75,1.0,8,3,1,2026-02-09T06:15:59Z,40.0,0.19447436601483403,0.004861859150370851,2026-02
rank32b-1000pepeusdt-c279cacbd0cda47e,1000PEPEUSDT,short,official_close,2026-02-09T06:00:00Z,2026-02-09T06:15:00Z,1000PEPEUSDT|2026-02-09T06:00:00Z,2026-02-09T06:15:00Z,0.0037775,6.0,0,closed,realized,2026-02-09T08:15:59Z,0.0037442,timeout_1m,,,0.008815354070152215,0.00760513881879521,,,0.008815354070152215,0.00760513881879521,120,0,0,1,0,atr,2.2164285714285676e-05,1.75,1.0,8,3,1,2026-02-09T08:15:59Z,40.0,0.3042055527518084,0.00760513881879521,2026-02
rank32b-pippinusdt-1bede54f3c0426d7,PIPPINUSDT,long,official_close,2026-02-09T11:00:00Z,2026-02-09T11:15:00Z,PIPPINUSDT|2026-02-09T11:00:00Z,2026-02-09T11:15:00Z,0.26408,6.0,0,closed,realized,2026-02-09T13:03:59Z,0.25368857142857143,stop_1m,,,-0.03934954775609112,-0.04050198246462111,,,-0.03934954775609112,-0.04050198246462111,108,0,1,0,0,atr,0.010391428571428576,1.75,1.0,8,3,1,2026-02-09T13:03:59Z,40.0,-1.6200792985848445,-0.04050198246462111,2026-02
rank32b-tradoorusdt-dc7a47a8a0097aae,TRADOORUSDT,long,official_close,2026-02-09T13:00:00Z,2026-02-09T13:15:00Z,TRADOORUSDT|2026-02-09T13:00:00Z,2026-02-09T13:15:00Z,1.283,6.0,0,closed,realized,2026-02-09T13:36:59Z,1.2690714285714284,stop_1m,,,-0.01085625208774088,-0.012042868493486458,,,-0.01085625208774088,-0.012042868493486458,21,0,1,0,0,atr,0.013928571428571448,1.75,1.0,8,3,1,2026-02-09T13:36:59Z,40.0,-0.48171473973945833,-0.012042868493486458,2026-02
rank32b-dotusdt-653183d91259ed6f,DOTUSDT,short,official_close,2026-02-09T15:15:00Z,2026-02-09T15:30:00Z,DOTUSDT|2026-02-09T15:15:00Z,2026-02-09T15:30:00Z,1.293,6.0,0,closed,realized,2026-02-09T15:36:59Z,1.3035714285714284,stop_1m,,,-0.008175892166611298,-0.009365724039332668,,,-0.008175892166611298,-0.009365724039332668,6,0,1,0,0,atr,0.010571428571428565,1.75,1.0,8,3,1,2026-02-09T15:36:59Z,100.0,-0.9365724039332668,-0.009365724039332668,2026-02
rank32b-pippinusdt-fe09135e14efea5f,PIPPINUSDT,long,official_close,2026-02-09T13:30:00Z,2026-02-09T13:45:00Z,PIPPINUSDT|2026-02-09T13:30:00Z,2026-02-09T13:45:00Z,0.26345,6.0,0,closed,realized,2026-02-09T15:45:59Z,0.26866,timeout_1m,,,0.019776048586069406,0.01855268444714353,,,0.019776048586069406,0.01855268444714353,120,0,0,1,0,atr,0.007274285714285721,1.75,1.0,8,3,1,2026-02-09T15:45:59Z,40.0,0.7421073778857412,0.01855268444714353,2026-02
rank32b-brettusdt-78d2650a38a92e12,BRETTUSDT,short,official_close,2026-02-09T16:00:00Z,2026-02-09T16:15:00Z,BRETTUSDT|2026-02-09T16:00:00Z,2026-02-09T16:15:00Z,0.00739,6.0,0,closed,realized,2026-02-09T16:44:59Z,0.007487142857142857,stop_1m,,,-0.013145176879953535,-0.014329047399961325,,,-0.013145176879953535,-0.014329047399961325,29,0,1,0,0,atr,9.714285714285734e-05,1.75,1.0,8,3,1,2026-02-09T16:44:59Z,40.0,-0.573161895998453,-0.014329047399961325,2026-02
rank32b-wldusdt-4bcd7a89d99a222a,WLDUSDT,short,official_close,2026-02-09T17:00:00Z,2026-02-09T17:15:00Z,WLDUSDT|2026-02-09T17:00:00Z,2026-02-09T17:15:00Z,0.384,6.0,0,closed,realized,2026-02-09T17:35:59Z,0.38776428571428573,stop_1m,,,-0.009802827380952506,-0.010990707517113285,,,-0.009802827380952506,-0.010990707517113285,20,0,1,0,0,atr,0.00376428571428572,1.75,1.0,8,3,1,2026-02-09T17:35:59Z,100.0,-1.0990707517113285,-0.010990707517113285,2026-02
rank32b-brettusdt-4e488fe35ad62974,BRETTUSDT,short,official_close,2026-02-09T20:15:00Z,2026-02-09T20:30:00Z,BRETTUSDT|2026-02-09T20:15:00Z,2026-02-09T20:30:00Z,0.00743,6.0,0,closed,realized,2026-02-09T20:49:59Z,0.0075,stop_1m,,,-0.009421265141319024,-0.010609603014804958,,,-0.009421265141319024,-0.010609603014804958,19,0,1,0,0,atr,6.999999999999994e-05,1.75,1.0,8,3,1,2026-02-09T20:49:59Z,40.0,-0.4243841205921983,-0.010609603014804958,2026-02
rank32b-tradoorusdt-f43fa890eeb49d2f,TRADOORUSDT,long,official_close,2026-02-09T20:45:00Z,2026-02-09T21:00:00Z,TRADOORUSDT|2026-02-09T20:45:00Z,2026-02-09T21:00:00Z,1.276,6.0,0,closed,realized,2026-02-09T21:01:59Z,1.264,stop_1m,,,-0.009404388714733591,-0.010592746833855915,,,-0.009404388714733591,-0.010592746833855915,1,0,1,0,0,atr,0.011999999999999964,1.75,1.0,8,3,1,2026-02-09T21:01:59Z,40.0,-0.4237098733542366,-0.010592746833855915,2026-02
rank32b-brettusdt-afb54c88c7990ee8,BRETTUSDT,short,official_close,2026-02-09T21:30:00Z,2026-02-09T21:45:00Z,BRETTUSDT|2026-02-09T21:30:00Z,2026-02-09T21:45:00Z,0.00741,6.0,0,closed,realized,2026-02-09T21:54:59Z,0.007470714285714285,stop_1m,,,-0.008193560825139778,-0.00938337150183155,,,-0.008193560825139778,-0.00938337150183155,9,0,1,0,0,atr,6.0714285714285654e-05,1.75,1.0,8,3,1,2026-02-09T21:54:59Z,40.0,-0.375334860073262,-0.00938337150183155,2026-02
rank32b-actusdt-094ac7018db6b457,ACTUSDT,short,official_close,2026-02-09T22:15:00Z,2026-02-09T22:30:00Z,ACTUSDT|2026-02-09T22:15:00Z,2026-02-09T22:30:00Z,0.01477,6.0,0,closed,realized,2026-02-10T00:30:59Z,0.01456,timeout_1m,,,0.014218009478673022,0.013001312985781777,,,0.014218009478673022,0.013001312985781777,120,0,0,1,0,atr,0.00017,1.75,1.0,8,3,1,2026-02-10T00:30:59Z,40.0,0.5200525194312711,0.013001312985781777,2026-02
rank32b-turbousdt-bf32f19c7c6361d9,TURBOUSDT,short,official_close,2026-02-10T03:00:00Z,2026-02-10T03:15:00Z,TURBOUSDT|2026-02-10T03:00:00Z,2026-02-10T03:15:00Z,0.0010497,6.0,0,closed,realized,2026-02-10T03:26:59Z,0.0010406249999999999,target_1m,,,0.008645327236353362,0.007435315955987454,,,0.008645327236353362,0.007435315955987454,11,1,0,0,0,atr,5.18571428571428e-06,1.75,1.0,8,3,1,2026-02-10T03:26:59Z,40.0,0.29741263823949815,0.007435315955987454,2026-02
rank32b-bnbusdt-34de010497568183,BNBUSDT,short,official_close,2026-02-10T03:15:00Z,2026-02-10T03:30:00Z,BNBUSDT|2026-02-10T03:15:00Z,2026-02-10T03:30:00Z,633.27,6.0,0,closed,realized,2026-02-10T04:11:59Z,635.6107142857143,stop_1m,,,-0.003696234285082589,-0.004891440134584868,,,-0.003696234285082589,-0.004891440134584868,41,0,1,0,0,atr,2.3407142857142844,1.75,1.0,8,3,1,2026-02-10T04:11:59Z,100.0,-0.4891440134584868,-0.004891440134584868,2026-02
rank32b-xrpusdt-e69d4defd15015d5,XRPUSDT,long,official_close,2026-02-10T04:00:00Z,2026-02-10T04:15:00Z,XRPUSDT|2026-02-10T04:00:00Z,2026-02-10T04:15:00Z,1.4491,6.0,0,closed,realized,2026-02-10T05:30:59Z,1.4413642857142859,stop_1m,,,-0.005338288790086354,-0.006531524765322261,,,-0.005338288790086354,-0.006531524765322261,75,0,1,0,0,atr,0.007735714285714275,1.75,1.0,8,3,1,2026-02-10T05:30:59Z,100.0,-0.6531524765322261,-0.006531524765322261,2026-02
rank32b-solusdt-2917f0c4aed3d071,SOLUSDT,short,official_close,2026-02-10T05:15:00Z,2026-02-10T05:30:00Z,SOLUSDT|2026-02-10T05:15:00Z,2026-02-10T05:30:00Z,86.04,6.0,0,closed,realized,2026-02-10T05:36:59Z,86.5,stop_1m,,,-0.005346350534634947,-0.006539576838679673,,,-0.005346350534634947,-0.006539576838679673,6,0,1,0,0,atr,0.4599999999999988,1.75,1.0,8,3,1,2026-02-10T05:36:59Z,100.0,-0.6539576838679673,-0.006539576838679673,2026-02
rank32b-beatusdt-4a3179fae7753341,BEATUSDT,long,official_close,2026-02-10T07:00:00Z,2026-02-10T07:15:00Z,BEATUSDT|2026-02-10T07:00:00Z,2026-02-10T07:15:00Z,0.2193,6.0,0,closed,realized,2026-02-10T08:29:59Z,0.227375,target_1m,,,0.036821705426356655,0.035577892635658914,,,0.036821705426356655,0.035577892635658914,74,1,0,0,0,atr,0.00461428571428571,1.75,1.0,8,3,1,2026-02-10T08:29:59Z,40.0,1.4231157054263566,0.035577892635658914,2026-02
rank32b-wldusdt-c5e7d768ae97a541,WLDUSDT,short,official_close,2026-02-10T10:30:00Z,2026-02-10T10:45:00Z,WLDUSDT|2026-02-10T10:30:00Z,2026-02-10T10:45:00Z,0.3814,6.0,0,closed,realized,2026-02-10T11:01:59Z,0.3843714285714286,stop_1m,,,-0.007790845756236342,-0.008981139546033412,,,-0.007790845756236342,-0.008981139546033412,16,0,1,0,0,atr,0.0029714285714285693,1.75,1.0,8,3,1,2026-02-10T11:01:59Z,100.0,-0.8981139546033412,-0.008981139546033412,2026-02
rank32b-beatusdt-4010147a1e340f2e,BEATUSDT,long,official_close,2026-02-10T15:00:00Z,2026-02-10T15:15:00Z,BEATUSDT|2026-02-10T15:00:00Z,2026-02-10T15:15:00Z,0.2282,6.0,0,closed,realized,2026-02-10T17:15:59Z,0.2254,timeout_1m,,,-0.012269938650306789,-0.013454859141104447,,,-0.012269938650306789,-0.013454859141104447,120,0,0,1,0,atr,0.009021428571428567,1.75,1.0,8,3,1,2026-02-10T17:15:59Z,40.0,-0.5381943656441779,-0.013454859141104447,2026-02
rank32b-ethusdt-061158b0f8b13d27,ETHUSDT,short,official_close,2026-02-10T18:00:00Z,2026-02-10T18:15:00Z,ETHUSDT|2026-02-10T18:00:00Z,2026-02-10T18:15:00Z,2026.78,6.0,0,closed,realized,2026-02-10T18:47:59Z,1998.87375,target_1m,,,0.013768761286375386,0.012552603729585776,,,0.013768761286375386,0.012552603729585776,32,1,0,0,0,atr,15.946428571428587,1.75,1.0,8,3,1,2026-02-10T18:47:59Z,100.0,1.2552603729585776,0.012552603729585776,2026-02
rank32b-ltcusdt-e0b081aa07e70136,LTCUSDT,short,official_close,2026-02-10T18:15:00Z,2026-02-10T18:30:00Z,LTCUSDT|2026-02-10T18:15:00Z,2026-02-10T18:30:00Z,53.2,6.0,0,closed,realized,2026-02-10T20:30:59Z,53.29,timeout_1m,,,-0.0016917293233082997,-0.002889339857143014,,,-0.0016917293233082997,-0.002889339857143014,120,0,0,1,0,atr,0.3471428571428566,1.75,1.0,8,3,1,2026-02-10T20:30:59Z,100.0,-0.2889339857143014,-0.002889339857143014,2026-02
rank32b-tradoorusdt-9344b4b45fde1282,TRADOORUSDT,long,official_close,2026-02-11T00:30:00Z,2026-02-11T00:45:00Z,TRADOORUSDT|2026-02-11T00:30:00Z,2026-02-11T00:45:00Z,1.291,6.0,0,closed,realized,2026-02-11T02:04:59Z,1.308125,target_1m,,,0.013264910921766182,0.012049357804027938,,,0.013264910921766182,0.012049357804027938,79,1,0,0,0,atr,0.009785714285714302,1.75,1.0,8,3,1,2026-02-11T02:04:59Z,40.0,0.4819743121611175,0.012049357804027938,2026-02
rank32b-brettusdt-0da6f6b0a7e183cd,BRETTUSDT,short,official_close,2026-02-11T02:45:00Z,2026-02-11T03:00:00Z,BRETTUSDT|2026-02-11T02:45:00Z,2026-02-11T03:00:00Z,0.00714,6.0,0,closed,realized,2026-02-11T03:17:59Z,0.0070799999999999995,target_1m,,,0.008403361344537785,0.007193640336134344,,,0.008403361344537785,0.007193640336134344,17,1,0,0,0,atr,3.428571428571444e-05,1.75,1.0,8,3,1,2026-02-11T03:17:59Z,40.0,0.28774561344537375,0.007193640336134344,2026-02
rank32b-1000pepeusdt-eb2ca18ba4b75434,1000PEPEUSDT,short,official_close,2026-02-11T03:00:00Z,2026-02-11T03:15:00Z,1000PEPEUSDT|2026-02-11T03:00:00Z,2026-02-11T03:15:00Z,0.0036552,6.0,0,closed,realized,2026-02-11T03:20:59Z,0.0036272625,target_1m,,,0.007643220617202795,0.006434411504021353,,,0.007643220617202795,0.006434411504021353,5,1,0,0,0,atr,1.5964285714285633e-05,1.75,1.0,8,3,1,2026-02-11T03:20:59Z,40.0,0.25737646016085414,0.006434411504021353,2026-02
rank32b-actusdt-972f4709dd0eceba,ACTUSDT,short,official_close,2026-02-11T06:00:00Z,2026-02-11T06:15:00Z,ACTUSDT|2026-02-11T06:00:00Z,2026-02-11T06:15:00Z,0.014,6.0,0,closed,realized,2026-02-11T07:08:59Z,0.01380375,target_1m,,,0.014017857142857193,0.01280140076071401,,,0.014017857142857193,0.01280140076071401,53,1,0,0,0,atr,0.00011214285714285741,1.75,1.0,8,3,1,2026-02-11T07:08:59Z,40.0,0.5120560304285604,0.01280140076071401,2026-02
rank32b-zecusdt-c4f397ee506fc7e0,ZECUSDT,short,official_close,2026-02-11T07:00:00Z,2026-02-11T07:15:00Z,ZECUSDT|2026-02-11T07:00:00Z,2026-02-11T07:15:00Z,233.23,6.0,0,closed,realized,2026-02-11T07:58:59Z,228.55,target_1m,,,0.02006602924152112,0.01884231723020191,,,0.02006602924152112,0.01884231723020191,43,1,0,0,0,atr,2.67428571428571,1.75,1.0,8,3,1,2026-02-11T07:58:59Z,100.0,1.884231723020191,0.01884231723020191,2026-02
rank32b-actusdt-d4c1a72977c771e0,ACTUSDT,short,official_close,2026-02-11T09:30:00Z,2026-02-11T09:45:00Z,ACTUSDT|2026-02-11T09:30:00Z,2026-02-11T09:45:00Z,0.0139,6.0,0,closed,realized,2026-02-11T11:45:59Z,0.01393,timeout_1m,,,-0.0021582733812950394,-0.003355324230216006,,,-0.0021582733812950394,-0.003355324230216006,120,0,0,1,0,atr,0.00015928571428571437,1.75,1.0,8,3,1,2026-02-11T11:45:59Z,40.0,-0.13421296920864023,-0.003355324230216006,2026-02
rank32b-actusdt-27170966525c28f3,ACTUSDT,short,official_close,2026-02-11T12:00:00Z,2026-02-11T12:15:00Z,ACTUSDT|2026-02-11T12:00:00Z,2026-02-11T12:15:00Z,0.0139,6.0,0,closed,realized,2026-02-11T12:21:59Z,0.01402142857142857,stop_1m,,,-0.008735868448098705,-0.009925028550873738,,,-0.008735868448098705,-0.009925028550873738,6,0,1,0,0,atr,0.00012142857142857144,1.75,1.0,8,3,1,2026-02-11T12:21:59Z,40.0,-0.3970011420349495,-0.009925028550873738,2026-02
rank32b-fartcoinusdt-01dcaa18c84abd98,FARTCOINUSDT,short,official_close,2026-02-11T14:15:00Z,2026-02-11T14:30:00Z,FARTCOINUSDT|2026-02-11T14:15:00Z,2026-02-11T14:30:00Z,0.1773,6.0,0,closed,realized,2026-02-11T15:00:59Z,0.1741125,target_1m,,,0.01797800338409483,0.016756796252115125,,,0.01797800338409483,0.016756796252115125,30,1,0,0,0,atr,0.001821428571428571,1.75,1.0,8,3,1,2026-02-11T15:00:59Z,40.0,0.670271850084605,0.016756796252115125,2026-02
rank32b-suiusdt-67c5df3218a64670,SUIUSDT,short,official_close,2026-02-11T14:30:00Z,2026-02-11T14:45:00Z,SUIUSDT|2026-02-11T14:30:00Z,2026-02-11T14:45:00Z,0.898,6.0,0,closed,realized,2026-02-11T15:07:59Z,0.8811875,target_1m,,,0.01872216035634744,0.01750006050389752,,,0.01872216035634744,0.01750006050389752,22,1,0,0,0,atr,0.009607142857142854,1.75,1.0,8,3,1,2026-02-11T15:07:59Z,100.0,1.7500060503897519,0.01750006050389752,2026-02
rank32b-aaveusdt-beb412f74092b23f,AAVEUSDT,short,official_close,2026-02-11T14:45:00Z,2026-02-11T15:00:00Z,AAVEUSDT|2026-02-11T14:45:00Z,2026-02-11T15:00:00Z,106.46,6.0,0,closed,realized,2026-02-11T16:20:59Z,108.12714285714286,stop_1m,,,-0.015659805158208417,-0.016840659029548566,,,-0.015659805158208417,-0.016840659029548566,80,0,1,0,0,atr,1.6671428571428575,1.75,1.0,8,3,1,2026-02-11T16:20:59Z,100.0,-1.6840659029548566,-0.016840659029548566,2026-02
rank32b-turbousdt-5e8f864f887c54ad,TURBOUSDT,short,official_close,2026-02-11T16:15:00Z,2026-02-11T16:30:00Z,TURBOUSDT|2026-02-11T16:15:00Z,2026-02-11T16:30:00Z,0.000996,6.0,0,closed,realized,2026-02-11T18:24:59Z,0.0010117357142857143,stop_1m,,,-0.015798909925416105,-0.01697959692111317,,,-0.015798909925416105,-0.01697959692111317,114,0,1,0,0,atr,1.5735714285714277e-05,1.75,1.0,8,3,1,2026-02-11T18:24:59Z,40.0,-0.6791838768445269,-0.01697959692111317,2026-02
rank32b-aaveusdt-651bdc54119342a6,AAVEUSDT,short,official_close,2026-02-11T16:30:00Z,2026-02-11T16:45:00Z,AAVEUSDT|2026-02-11T16:30:00Z,2026-02-11T16:45:00Z,106.46,6.0,0,closed,realized,2026-02-11T18:45:59Z,107.03,timeout_1m,,,-0.005354123614503159,-0.006547340593650364,,,-0.005354123614503159,-0.006547340593650364,120,0,0,1,0,atr,2.131428571428571,1.75,1.0,8,3,1,2026-02-11T18:45:59Z,100.0,-0.6547340593650364,-0.006547340593650364,2026-02
rank32b-nearusdt-50591900030d382f,NEARUSDT,short,official_close,2026-02-11T20:15:00Z,2026-02-11T20:30:00Z,NEARUSDT|2026-02-11T20:15:00Z,2026-02-11T20:30:00Z,0.957,6.0,0,closed,realized,2026-02-11T20:47:59Z,0.9662142857142857,stop_1m,,,-0.00962830273175097,-0.010816392234661909,,,-0.00962830273175097,-0.010816392234661909,17,0,1,0,0,atr,0.009214285714285722,1.75,1.0,8,3,1,2026-02-11T20:47:59Z,100.0,-1.081639223466191,-0.010816392234661909,2026-02
rank32b-wldusdt-da1cc5fb5268e6dc,WLDUSDT,short,official_close,2026-02-11T19:15:00Z,2026-02-11T19:30:00Z,WLDUSDT|2026-02-11T19:15:00Z,2026-02-11T19:30:00Z,0.3682,6.0,0,closed,realized,2026-02-11T21:29:59Z,0.3713,stop_1m,,,-0.008419337316675657,-0.009608877142857075,,,-0.008419337316675657,-0.009608877142857075,119,0,1,0,0,atr,0.0030999999999999917,1.75,1.0,8,3,1,2026-02-11T21:29:59Z,100.0,-0.9608877142857075,-0.009608877142857075,2026-02
rank32b-nearusdt-fab63acc04ab9c06,NEARUSDT,short,official_close,2026-02-11T23:00:00Z,2026-02-11T23:15:00Z,NEARUSDT|2026-02-11T23:00:00Z,2026-02-11T23:15:00Z,0.96,6.0,0,closed,realized,2026-02-12T00:18:59Z,0.9682142857142857,stop_1m,,,-0.008556547619047672,-0.009745922842262056,,,-0.008556547619047672,-0.009745922842262056,63,0,1,0,0,atr,0.00821428571428572,1.75,1.0,8,3,1,2026-02-12T00:18:59Z,100.0,-0.9745922842262056,-0.009745922842262056,2026-02
rank32b-brettusdt-e7e6dac80e9cc772,BRETTUSDT,short,official_close,2026-02-11T22:45:00Z,2026-02-11T23:00:00Z,BRETTUSDT|2026-02-11T22:45:00Z,2026-02-11T23:00:00Z,0.00684,6.0,0,closed,realized,2026-02-12T01:00:59Z,0.00684,timeout_1m,,,-0.0,-0.0011996400000000573,,,-0.0,-0.0011996400000000573,120,0,0,1,0,atr,6.357142857142853e-05,1.75,1.0,8,3,1,2026-02-12T01:00:59Z,40.0,-0.04798560000000229,-0.0011996400000000573,2026-02
rank32b-brettusdt-45a831849d03b67b,BRETTUSDT,short,official_close,2026-02-12T01:45:00Z,2026-02-12T02:00:00Z,BRETTUSDT|2026-02-12T01:45:00Z,2026-02-12T02:00:00Z,0.00685,6.0,0,closed,realized,2026-02-12T03:05:59Z,0.006900714285714286,stop_1m,,,-0.007403545359749852,-0.008594303770594558,,,-0.007403545359749852,-0.008594303770594558,65,0,1,0,0,atr,5.071428571428582e-05,1.75,1.0,8,3,1,2026-02-12T03:05:59Z,40.0,-0.3437721508237823,-0.008594303770594558,2026-02
rank32b-fartcoinusdt-59abf82327a97bb2,FARTCOINUSDT,short,official_close,2026-02-12T04:45:00Z,2026-02-12T05:00:00Z,FARTCOINUSDT|2026-02-12T04:45:00Z,2026-02-12T05:00:00Z,0.1726,6.0,0,closed,realized,2026-02-12T05:32:59Z,0.1741214285714286,stop_1m,,,-0.00881476576725726,-0.01000383122165227,,,-0.00881476576725726,-0.01000383122165227,32,0,1,0,0,atr,0.0015214285714285763,1.75,1.0,8,3,1,2026-02-12T05:32:59Z,40.0,-0.4001532488660908,-0.01000383122165227,2026-02
rank32b-tradoorusdt-273cf706700e99e0,TRADOORUSDT,long,official_close,2026-02-12T05:15:00Z,2026-02-12T05:30:00Z,TRADOORUSDT|2026-02-12T05:15:00Z,2026-02-12T05:30:00Z,1.275,6.0,0,closed,realized,2026-02-12T05:32:59Z,1.296125,target_1m,,,0.016568627450980422,0.015349111062745058,,,0.016568627450980422,0.015349111062745058,2,1,0,0,0,atr,0.012071428571428606,1.75,1.0,8,3,1,2026-02-12T05:32:59Z,40.0,0.6139644425098023,0.015349111062745058,2026-02
rank32b-beatusdt-06cbf535be2765ef,BEATUSDT,long,official_close,2026-02-12T07:45:00Z,2026-02-12T08:00:00Z,BEATUSDT|2026-02-12T07:45:00Z,2026-02-12T08:00:00Z,0.245,6.0,0,closed,realized,2026-02-12T10:00:59Z,0.2488,timeout_1m,,,0.015510204081632617,0.014291957420408119,,,0.015510204081632617,0.014291957420408119,120,0,0,1,0,atr,0.004585714285714281,1.75,1.0,8,3,1,2026-02-12T10:00:59Z,40.0,0.5716782968163248,0.014291957420408119,2026-02
rank32b-zecusdt-c4e58e7a8dace369,ZECUSDT,long,official_close,2026-02-12T10:45:00Z,2026-02-12T11:00:00Z,ZECUSDT|2026-02-12T10:45:00Z,2026-02-12T11:00:00Z,239.0,6.0,0,closed,realized,2026-02-12T13:00:59Z,238.94,timeout_1m,,,-0.0002510460251046176,-0.0014503848602511749,,,-0.0002510460251046176,-0.0014503848602511749,120,0,0,1,0,atr,1.9407142857142827,1.75,1.0,8,3,1,2026-02-12T13:00:59Z,100.0,-0.14503848602511749,-0.0014503848602511749,2026-02
rank32b-actusdt-050bca6195f7ecb2,ACTUSDT,long,official_close,2026-02-12T13:30:00Z,2026-02-12T13:45:00Z,ACTUSDT|2026-02-12T13:30:00Z,2026-02-12T13:45:00Z,0.01424,6.0,0,closed,realized,2026-02-12T14:02:59Z,0.014127857142857142,stop_1m,,,-0.007875200642054603,-0.009065393236356467,,,-0.007875200642054603,-0.009065393236356467,17,0,1,0,0,atr,0.00011214285714285741,1.75,1.0,8,3,1,2026-02-12T14:02:59Z,40.0,-0.3626157294542587,-0.009065393236356467,2026-02
rank32b-beatusdt-69fa464652511244,BEATUSDT,long,official_close,2026-02-12T12:15:00Z,2026-02-12T12:30:00Z,BEATUSDT|2026-02-12T12:15:00Z,2026-02-12T12:30:00Z,0.2469,6.0,0,closed,realized,2026-02-12T14:30:59Z,0.2483,timeout_1m,,,0.005670311867152611,0.004463869534224063,,,0.005670311867152611,0.004463869534224063,120,0,0,1,0,atr,0.003971428571428572,1.75,1.0,8,3,1,2026-02-12T14:30:59Z,40.0,0.17855478136896252,0.004463869534224063,2026-02
rank32b-suiusdt-5de56d5b030a9ea1,SUIUSDT,long,official_close,2026-02-12T15:15:00Z,2026-02-12T15:30:00Z,SUIUSDT|2026-02-12T15:15:00Z,2026-02-12T15:30:00Z,0.9324,6.0,0,closed,realized,2026-02-12T15:36:59Z,0.9238142857142857,stop_1m,,,-0.009208187779616406,-0.010396781269228494,,,-0.009208187779616406,-0.010396781269228494,6,0,1,0,0,atr,0.008585714285714299,1.75,1.0,8,3,1,2026-02-12T15:36:59Z,100.0,-1.0396781269228494,-0.010396781269228494,2026-02
rank32b-ethusdt-8cac6d687cfa0294,ETHUSDT,short,official_close,2026-02-12T15:30:00Z,2026-02-12T15:45:00Z,ETHUSDT|2026-02-12T15:30:00Z,2026-02-12T15:45:00Z,1954.84,6.0,0,closed,realized,2026-02-12T16:07:59Z,1929.5037499999999,target_1m,,,0.012960779398825562,0.011745591129427524,,,0.012960779398825562,0.011745591129427524,22,1,0,0,0,atr,14.477857142857163,1.75,1.0,8,3,1,2026-02-12T16:07:59Z,100.0,1.1745591129427524,0.011745591129427524,2026-02
rank32b-brettusdt-fcd2935f7248f60b,BRETTUSDT,short,official_close,2026-02-12T16:00:00Z,2026-02-12T16:15:00Z,BRETTUSDT|2026-02-12T16:00:00Z,2026-02-12T16:15:00Z,0.00695,6.0,0,closed,realized,2026-02-12T18:15:59Z,0.00699,timeout_1m,,,-0.0057553956834532904,-0.006948131280575698,,,-0.0057553956834532904,-0.006948131280575698,120,0,0,1,0,atr,0.0001371428571428572,1.75,1.0,8,3,1,2026-02-12T18:15:59Z,40.0,-0.2779252512230279,-0.006948131280575698,2026-02
rank32b-beatusdt-9b715d277682909a,BEATUSDT,long,official_close,2026-02-12T17:30:00Z,2026-02-12T17:45:00Z,BEATUSDT|2026-02-12T17:30:00Z,2026-02-12T17:45:00Z,0.2449,6.0,0,closed,realized,2026-02-12T18:38:59Z,0.2535,target_1m,,,0.0351163740302165,0.033874607023274717,,,0.0351163740302165,0.033874607023274717,53,1,0,0,0,atr,0.004914285714285709,1.75,1.0,8,3,1,2026-02-12T18:38:59Z,40.0,1.3549842809309887,0.033874607023274717,2026-02
rank32b-1000pepeusdt-cc99ba1665c9f651,1000PEPEUSDT,long,official_close,2026-02-12T19:15:00Z,2026-02-12T19:30:00Z,1000PEPEUSDT|2026-02-12T19:15:00Z,2026-02-12T19:30:00Z,0.0036837,6.0,0,closed,realized,2026-02-12T20:08:59Z,0.0036402642857142854,stop_1m,,,-0.011791327818691633,-0.012976822470187277,,,-0.011791327818691633,-0.012976822470187277,38,0,1,0,0,atr,4.343571428571431e-05,1.75,1.0,8,3,1,2026-02-12T20:08:59Z,40.0,-0.5190728988074911,-0.012976822470187277,2026-02
rank32b-pippinusdt-f8101f2dfc8726b2,PIPPINUSDT,long,official_close,2026-02-12T19:45:00Z,2026-02-12T20:00:00Z,PIPPINUSDT|2026-02-12T19:45:00Z,2026-02-12T20:00:00Z,0.50153,6.0,0,closed,realized,2026-02-12T20:51:59Z,0.4810385714285715,stop_1m,,,-0.04085783217639727,-0.0420084574866052,,,-0.04085783217639727,-0.0420084574866052,51,0,1,0,0,atr,0.02049142857142857,1.75,1.0,8,3,1,2026-02-12T20:51:59Z,40.0,-1.680338299464208,-0.0420084574866052,2026-02
rank32b-tradoorusdt-4ff252946b0855eb,TRADOORUSDT,long,official_close,2026-02-12T21:30:00Z,2026-02-12T21:45:00Z,TRADOORUSDT|2026-02-12T21:30:00Z,2026-02-12T21:45:00Z,1.296,6.0,0,closed,realized,2026-02-12T21:51:59Z,1.31525,target_1m,,,0.014853395061728447,0.013635936334876364,,,0.014853395061728447,0.013635936334876364,6,1,0,0,0,atr,0.010999999999999963,1.75,1.0,8,3,1,2026-02-12T21:51:59Z,40.0,0.5454374533950546,0.013635936334876364,2026-02
rank32b-bchusdt-a159625d1e9c504e,BCHUSDT,short,official_close,2026-02-12T23:30:00Z,2026-02-12T23:45:00Z,BCHUSDT|2026-02-12T23:30:00Z,2026-02-12T23:45:00Z,502.69,6.0,0,closed,realized,2026-02-13T01:07:59Z,505.5842857142857,stop_1m,,,-0.005757595564434892,-0.006950328522492111,,,-0.005757595564434892,-0.006950328522492111,82,0,1,0,0,atr,2.894285714285713,1.75,1.0,8,3,1,2026-02-13T01:07:59Z,100.0,-0.6950328522492111,-0.006950328522492111,2026-02
rank32b-ethusdt-ff868d9f7063f096,ETHUSDT,short,official_close,2026-02-13T00:15:00Z,2026-02-13T00:30:00Z,ETHUSDT|2026-02-13T00:15:00Z,2026-02-13T00:30:00Z,1934.26,6.0,0,closed,realized,2026-02-13T01:07:59Z,1943.4335714285714,stop_1m,,,-0.004742677524516514,-0.005936628018851087,,,-0.004742677524516514,-0.005936628018851087,37,0,1,0,0,atr,9.173571428571433,1.75,1.0,8,3,1,2026-02-13T01:07:59Z,100.0,-0.5936628018851087,-0.005936628018851087,2026-02
rank32b-actusdt-446001909ba1b0ab,ACTUSDT,short,official_close,2026-02-13T04:00:00Z,2026-02-13T04:15:00Z,ACTUSDT|2026-02-13T04:00:00Z,2026-02-13T04:15:00Z,0.01404,6.0,0,closed,realized,2026-02-13T05:06:59Z,0.01387125,target_1m,,,0.012019230769230838,0.010805172019230591,,,0.012019230769230838,0.010805172019230591,51,1,0,0,0,atr,9.642857142857134e-05,1.75,1.0,8,3,1,2026-02-13T05:06:59Z,40.0,0.43220688076922364,0.010805172019230591,2026-02
rank32b-tradoorusdt-27b4b86e71e9001f,TRADOORUSDT,long,official_close,2026-02-13T06:30:00Z,2026-02-13T06:45:00Z,TRADOORUSDT|2026-02-13T06:30:00Z,2026-02-13T06:45:00Z,1.287,6.0,0,closed,realized,2026-02-13T07:12:59Z,1.301875,target_1m,,,0.011557886557886476,0.010344381254856039,,,0.011557886557886476,0.010344381254856039,27,1,0,0,0,atr,0.008499999999999983,1.75,1.0,8,3,1,2026-02-13T07:12:59Z,40.0,0.41377525019424155,0.010344381254856039,2026-02
rank32b-beatusdt-3c89f38cfdfea359,BEATUSDT,long,official_close,2026-02-13T07:00:00Z,2026-02-13T07:15:00Z,BEATUSDT|2026-02-13T07:00:00Z,2026-02-13T07:15:00Z,0.249,6.0,0,closed,realized,2026-02-13T07:20:59Z,0.24459285714285714,stop_1m,,,-0.017699368904188217,-0.018877776033276117,,,-0.017699368904188217,-0.018877776033276117,5,0,1,0,0,atr,0.004407142857142855,1.75,1.0,8,3,1,2026-02-13T07:20:59Z,40.0,-0.7551110413310447,-0.018877776033276117,2026-02
rank32b-pippinusdt-8b5c72d65c16aed5,PIPPINUSDT,long,official_close,2026-02-13T06:45:00Z,2026-02-13T07:00:00Z,PIPPINUSDT|2026-02-13T06:45:00Z,2026-02-13T07:00:00Z,0.50893,6.0,0,closed,realized,2026-02-13T07:32:59Z,0.52732625,target_1m,,,0.036146916078832136,0.03490391279242733,,,0.036146916078832136,0.03490391279242733,32,1,0,0,0,atr,0.010512142857142871,1.75,1.0,8,3,1,2026-02-13T07:32:59Z,40.0,1.396156511697093,0.03490391279242733,2026-02
rank32b-btcusdt-c77e63d8fc5d087b,BTCUSDT,short,official_close,2026-02-13T07:30:00Z,2026-02-13T07:45:00Z,BTCUSDT|2026-02-13T07:30:00Z,2026-02-13T07:45:00Z,66094.0,6.0,0,closed,realized,2026-02-13T08:04:59Z,66316.87142857142,stop_1m,,,-0.0033720372283629896,-0.0045676319976224455,,,-0.0033720372283629896,-0.0045676319976224455,19,0,1,0,0,atr,222.8714285714294,1.75,1.0,8,3,1,2026-02-13T08:04:59Z,100.0,-0.45676319976224455,-0.0045676319976224455,2026-02
rank32b-beatusdt-b0809f50206a72d1,BEATUSDT,long,official_close,2026-02-13T11:15:00Z,2026-02-13T11:30:00Z,BEATUSDT|2026-02-13T11:15:00Z,2026-02-13T11:30:00Z,0.2465,6.0,0,closed,realized,2026-02-13T13:30:59Z,0.2488,timeout_1m,,,0.009330628803245311,0.008119795407707686,,,0.009330628803245311,0.008119795407707686,120,0,0,1,0,atr,0.0037928571428571417,1.75,1.0,8,3,1,2026-02-13T13:30:59Z,40.0,0.32479181630830745,0.008119795407707686,2026-02
rank32b-tradoorusdt-c0091df449c772b1,TRADOORUSDT,long,official_close,2026-02-13T13:15:00Z,2026-02-13T13:30:00Z,TRADOORUSDT|2026-02-13T13:15:00Z,2026-02-13T13:30:00Z,1.3,6.0,0,closed,realized,2026-02-13T14:39:59Z,1.324375,target_1m,,,0.018750000000000044,0.017527866750000065,,,0.018750000000000044,0.017527866750000065,69,1,0,0,0,atr,0.013928571428571465,1.75,1.0,8,3,1,2026-02-13T14:39:59Z,40.0,0.7011146700000026,0.017527866750000065,2026-02
rank32b-dogeusdt-cd94a38a6d73769c,DOGEUSDT,long,official_close,2026-02-13T14:15:00Z,2026-02-13T14:30:00Z,DOGEUSDT|2026-02-13T14:15:00Z,2026-02-13T14:30:00Z,0.09339,6.0,0,closed,realized,2026-02-13T14:45:59Z,0.09415124999999999,target_1m,,,0.00815130099582384,0.006941882369097208,,,0.00815130099582384,0.006941882369097208,15,1,0,0,0,atr,0.0004349999999999969,1.75,1.0,8,3,1,2026-02-13T14:45:59Z,100.0,0.6941882369097208,0.006941882369097208,2026-02
rank32b-pippinusdt-d2b6f11988188575,PIPPINUSDT,long,official_close,2026-02-13T15:30:00Z,2026-02-13T15:45:00Z,PIPPINUSDT|2026-02-13T15:30:00Z,2026-02-13T15:45:00Z,0.54,6.0,0,closed,realized,2026-02-13T16:05:59Z,0.56391625,target_1m,,,0.0442893518518519,0.043036580573796446,,,0.0442893518518519,0.043036580573796446,20,1,0,0,0,atr,0.013666428571428548,1.75,1.0,8,3,1,2026-02-13T16:05:59Z,40.0,1.7214632229518578,0.043036580573796446,2026-02
rank32b-beatusdt-f76df5b802670aa0,BEATUSDT,long,official_close,2026-02-13T16:00:00Z,2026-02-13T16:15:00Z,BEATUSDT|2026-02-13T16:00:00Z,2026-02-13T16:15:00Z,0.2483,6.0,0,closed,realized,2026-02-13T17:15:59Z,0.2446357142857143,stop_1m,,,-0.014757493815085398,-0.015939430135205157,,,-0.014757493815085398,-0.015939430135205157,60,0,1,0,0,atr,0.003664285714285715,1.75,1.0,8,3,1,2026-02-13T17:15:59Z,40.0,-0.6375772054082063,-0.015939430135205157,2026-02
rank32b-beatusdt-0b51404362484c70,BEATUSDT,long,official_close,2026-02-13T20:15:00Z,2026-02-13T20:30:00Z,BEATUSDT|2026-02-13T20:15:00Z,2026-02-13T20:30:00Z,0.2486,6.0,0,closed,realized,2026-02-13T21:09:59Z,0.2539125,target_1m,,,0.02136967015285607,0.02014439424175385,,,0.02136967015285607,0.02014439424175385,39,1,0,0,0,atr,0.0030357142857142805,1.75,1.0,8,3,1,2026-02-13T21:09:59Z,40.0,0.805775769670154,0.02014439424175385,2026-02
rank32b-tradoorusdt-5338710c9f7261fc,TRADOORUSDT,long,official_close,2026-02-14T00:00:00Z,2026-02-14T00:15:00Z,TRADOORUSDT|2026-02-14T00:00:00Z,2026-02-14T00:15:00Z,1.333,6.0,0,closed,realized,2026-02-14T00:59:59Z,1.375375,target_1m,,,0.031789197299324945,0.030551421706676907,,,0.031789197299324945,0.030551421706676907,44,1,0,0,0,atr,0.024214285714285695,1.75,1.0,8,3,1,2026-02-14T00:59:59Z,40.0,1.2220568682670763,0.030551421706676907,2026-02
rank32b-tradoorusdt-61849d81eda00a05,TRADOORUSDT,long,official_close,2026-02-14T10:30:00Z,2026-02-14T10:45:00Z,TRADOORUSDT|2026-02-14T10:30:00Z,2026-02-14T10:45:00Z,1.338,6.0,0,closed,realized,2026-02-14T11:11:59Z,1.35925,target_1m,,,0.015881913303438022,0.014663220724962622,,,0.015881913303438022,0.014663220724962622,26,1,0,0,0,atr,0.012142857142857138,1.75,1.0,8,3,1,2026-02-14T11:11:59Z,40.0,0.5865288289985049,0.014663220724962622,2026-02
rank32b-actusdt-e0e5903479a47360,ACTUSDT,long,official_close,2026-02-14T16:00:00Z,2026-02-14T16:15:00Z,ACTUSDT|2026-02-14T16:00:00Z,2026-02-14T16:15:00Z,0.01497,6.0,0,closed,realized,2026-02-14T16:20:59Z,0.014748571428571429,stop_1m,,,-0.014791487737379594,-0.01597338327703035,,,-0.014791487737379594,-0.01597338327703035,5,0,1,0,0,atr,0.0002214285714285717,1.75,1.0,8,3,1,2026-02-14T16:20:59Z,40.0,-0.638935331081214,-0.01597338327703035,2026-02
rank32b-tradoorusdt-c55883cf457ffed2,TRADOORUSDT,long,official_close,2026-02-14T21:00:00Z,2026-02-14T21:15:00Z,TRADOORUSDT|2026-02-14T21:00:00Z,2026-02-14T21:15:00Z,1.383,6.0,0,closed,realized,2026-02-14T22:32:59Z,1.3638571428571429,stop_1m,,,-0.013841545294907553,-0.01502458042351007,,,-0.013841545294907553,-0.01502458042351007,77,0,1,0,0,atr,0.01914285714285711,1.75,1.0,8,3,1,2026-02-14T22:32:59Z,40.0,-0.6009832169404028,-0.01502458042351007,2026-02
rank32b-suiusdt-66b75c8269436d91,SUIUSDT,long,official_close,2026-02-15T03:45:00Z,2026-02-15T04:00:00Z,SUIUSDT|2026-02-15T03:45:00Z,2026-02-15T04:00:00Z,1.0207,6.0,0,closed,realized,2026-02-15T04:16:59Z,1.0375999999999999,target_1m,,,0.01655726462231799,0.015337761865386268,,,0.01655726462231799,0.015337761865386268,16,1,0,0,0,atr,0.00965714285714284,1.75,1.0,8,3,1,2026-02-15T04:16:59Z,100.0,1.5337761865386268,0.015337761865386268,2026-02
rank32b-tradoorusdt-55dc8ec44c56f05a,TRADOORUSDT,long,official_close,2026-02-15T03:15:00Z,2026-02-15T03:30:00Z,TRADOORUSDT|2026-02-15T03:15:00Z,2026-02-15T03:30:00Z,1.381,6.0,0,closed,realized,2026-02-15T04:32:59Z,1.4032499999999999,target_1m,,,0.016111513396089627,0.01489254538015894,,,0.016111513396089627,0.01489254538015894,62,1,0,0,0,atr,0.012714285714285662,1.75,1.0,8,3,1,2026-02-15T04:32:59Z,40.0,0.5957018152063576,0.01489254538015894,2026-02
rank32b-ethusdt-126ed9c2d14b83ed,ETHUSDT,long,official_close,2026-02-15T04:00:00Z,2026-02-15T04:15:00Z,ETHUSDT|2026-02-15T04:00:00Z,2026-02-15T04:15:00Z,2080.84,6.0,0,closed,realized,2026-02-15T06:15:59Z,2085.01,timeout_1m,,,0.002003998385267547,0.0008019543086446035,,,0.002003998385267547,0.0008019543086446035,120,0,0,1,0,atr,14.707857142857165,1.75,1.0,8,3,1,2026-02-15T06:15:59Z,100.0,0.08019543086446035,0.0008019543086446035,2026-02
rank32b-zecusdt-a4a93adcaf47a826,ZECUSDT,long,official_close,2026-02-15T09:45:00Z,2026-02-15T10:00:00Z,ZECUSDT|2026-02-15T09:45:00Z,2026-02-15T10:00:00Z,310.0,6.0,0,closed,realized,2026-02-15T11:39:59Z,306.60214285714284,stop_1m,,,-0.010960829493087632,-0.012147320443594567,,,-0.010960829493087632,-0.012147320443594567,99,0,1,0,0,atr,3.3978571428571382,1.75,1.0,8,3,1,2026-02-15T11:39:59Z,100.0,-1.2147320443594567,-0.012147320443594567,2026-02
rank32b-1000pepeusdt-8d0792abdc0346bb,1000PEPEUSDT,long,official_close,2026-02-15T12:15:00Z,2026-02-15T12:30:00Z,1000PEPEUSDT|2026-02-15T12:15:00Z,2026-02-15T12:30:00Z,0.0046938,6.0,0,closed,realized,2026-02-15T12:51:59Z,0.004631871428571428,stop_1m,,,-0.013193696243677056,-0.01437750855791542,,,-0.013193696243677056,-0.01437750855791542,21,0,1,0,0,atr,6.192857142857147e-05,1.75,1.0,8,3,1,2026-02-15T12:51:59Z,40.0,-0.5751003423166168,-0.01437750855791542,2026-02
rank32b-pippinusdt-69332e71930213af,PIPPINUSDT,long,official_close,2026-02-15T14:30:00Z,2026-02-15T14:45:00Z,PIPPINUSDT|2026-02-15T14:30:00Z,2026-02-15T14:45:00Z,0.7238,6.0,0,closed,realized,2026-02-15T15:19:59Z,0.703095,stop_1m,,,-0.02860596849958552,-0.029771291635534824,,,-0.02860596849958552,-0.029771291635534824,34,0,1,0,0,atr,0.020704999999999998,1.75,1.0,8,3,1,2026-02-15T15:19:59Z,40.0,-1.190851665421393,-0.029771291635534824,2026-02
rank32b-pippinusdt-20d7ec6e77ee29bf,PIPPINUSDT,long,official_close,2026-02-15T15:30:00Z,2026-02-15T15:45:00Z,PIPPINUSDT|2026-02-15T15:30:00Z,2026-02-15T15:45:00Z,0.72315,6.0,0,closed,realized,2026-02-15T16:52:59Z,0.6982121428571428,stop_1m,,,-0.034485040645588216,-0.03564331101142815,,,-0.034485040645588216,-0.03564331101142815,67,0,1,0,0,atr,0.024937857142857123,1.75,1.0,8,3,1,2026-02-15T16:52:59Z,40.0,-1.4257324404571259,-0.03564331101142815,2026-02
rank32b-actusdt-aa1cb932b03756c8,ACTUSDT,long,official_close,2026-02-15T22:30:00Z,2026-02-15T22:45:00Z,ACTUSDT|2026-02-15T22:30:00Z,2026-02-15T22:45:00Z,0.01534,6.0,0,closed,realized,2026-02-15T23:03:59Z,0.015225714285714285,stop_1m,,,-0.007450176941702358,-0.008640879411436098,,,-0.007450176941702358,-0.008640879411436098,18,0,1,0,0,atr,0.00011428571428571446,1.75,1.0,8,3,1,2026-02-15T23:03:59Z,40.0,-0.3456351764574439,-0.008640879411436098,2026-02
rank32b-zecusdt-8ce5e79ee9485b88,ZECUSDT,long,official_close,2026-02-16T00:00:00Z,2026-02-16T00:15:00Z,ZECUSDT|2026-02-16T00:00:00Z,2026-02-16T00:15:00Z,306.11,6.0,0,closed,realized,2026-02-16T00:16:59Z,303.05642857142857,stop_1m,,,-0.009975405666497128,-0.011163078770843438,,,-0.009975405666497128,-0.011163078770843438,1,0,1,0,0,atr,3.0535714285714284,1.75,1.0,8,3,1,2026-02-16T00:16:59Z,100.0,-1.1163078770843438,-0.011163078770843438,2026-02
rank32b-pippinusdt-f91c5e1e488cb451,PIPPINUSDT,long,official_close,2026-02-16T01:30:00Z,2026-02-16T01:45:00Z,PIPPINUSDT|2026-02-16T01:30:00Z,2026-02-16T01:45:00Z,0.7102,6.0,0,closed,realized,2026-02-16T02:29:59Z,0.69816,stop_1m,,,-0.016952970994086214,-0.018132273531963006,,,-0.016952970994086214,-0.018132273531963006,44,0,1,0,0,atr,0.01204000000000001,1.75,1.0,8,3,1,2026-02-16T02:29:59Z,40.0,-0.7252909412785202,-0.018132273531963006,2026-02
rank32b-bchusdt-6e63eec251c31beb,BCHUSDT,long,official_close,2026-02-16T03:00:00Z,2026-02-16T03:15:00Z,BCHUSDT|2026-02-16T03:00:00Z,2026-02-16T03:15:00Z,560.03,6.0,0,closed,realized,2026-02-16T04:09:59Z,564.55625,target_1m,,,0.008082156313054645,0.006872820635055232,,,0.008082156313054645,0.006872820635055232,54,1,0,0,0,atr,2.586428571428558,1.75,1.0,8,3,1,2026-02-16T04:09:59Z,100.0,0.6872820635055232,0.006872820635055232,2026-02
rank32b-tradoorusdt-51b869b4d2bcf1f8,TRADOORUSDT,short,official_close,2026-02-16T03:45:00Z,2026-02-16T04:00:00Z,TRADOORUSDT|2026-02-16T03:45:00Z,2026-02-16T04:00:00Z,1.331,6.0,0,closed,realized,2026-02-16T04:38:59Z,1.3425,stop_1m,,,-0.008640120210368085,-0.009829395176559008,,,-0.008640120210368085,-0.009829395176559008,38,0,1,0,0,atr,0.011500000000000035,1.75,1.0,8,3,1,2026-02-16T04:38:59Z,40.0,-0.3931758070623603,-0.009829395176559008,2026-02
rank32b-1000pepeusdt-5ce3d3284cfa805f,1000PEPEUSDT,long,official_close,2026-02-16T04:45:00Z,2026-02-16T05:00:00Z,1000PEPEUSDT|2026-02-16T04:45:00Z,2026-02-16T05:00:00Z,0.0045524,6.0,0,closed,realized,2026-02-16T05:05:59Z,0.004514878571428571,stop_1m,,,-0.008242120325856472,-0.009431872748628889,,,-0.008242120325856472,-0.009431872748628889,5,0,1,0,0,atr,3.7521428571428524e-05,1.75,1.0,8,3,1,2026-02-16T05:05:59Z,40.0,-0.37727490994515556,-0.009431872748628889,2026-02
rank32b-dotusdt-c1a236a11fb20647,DOTUSDT,short,official_close,2026-02-16T05:00:00Z,2026-02-16T05:15:00Z,DOTUSDT|2026-02-16T05:00:00Z,2026-02-16T05:15:00Z,1.352,6.0,0,closed,realized,2026-02-16T05:26:59Z,1.3398750000000001,target_1m,,,0.008968195266272128,0.007757796660502914,,,0.008968195266272128,0.007757796660502914,11,1,0,0,0,atr,0.006928571428571443,1.75,1.0,8,3,1,2026-02-16T05:26:59Z,100.0,0.7757796660502914,0.007757796660502914,2026-02
rank32b-actusdt-c951c9e52d4da5f9,ACTUSDT,long,official_close,2026-02-16T04:15:00Z,2026-02-16T04:30:00Z,ACTUSDT|2026-02-16T04:15:00Z,2026-02-16T04:30:00Z,0.01547,6.0,0,closed,realized,2026-02-16T05:49:59Z,0.015264999999999999,stop_1m,,,-0.01325145442792508,-0.014435197453135262,,,-0.01325145442792508,-0.014435197453135262,79,0,1,0,0,atr,0.00020500000000000008,1.75,1.0,8,3,1,2026-02-16T05:49:59Z,40.0,-0.5774078981254105,-0.014435197453135262,2026-02
rank32b-pippinusdt-5b92cfeadecd8f6f,PIPPINUSDT,long,official_close,2026-02-16T06:30:00Z,2026-02-16T06:45:00Z,PIPPINUSDT|2026-02-16T06:30:00Z,2026-02-16T06:45:00Z,0.70561,6.0,0,closed,realized,2026-02-16T07:11:59Z,0.7251049999999999,target_1m,,,0.027628576692507067,0.02639579234676348,,,0.027628576692507067,0.02639579234676348,26,1,0,0,0,atr,0.011139999999999992,1.75,1.0,8,3,1,2026-02-16T07:11:59Z,40.0,1.0558316938705392,0.02639579234676348,2026-02
rank32b-pippinusdt-da2a8d06bfe036cf,PIPPINUSDT,long,official_close,2026-02-16T07:00:00Z,2026-02-16T07:15:00Z,PIPPINUSDT|2026-02-16T07:00:00Z,2026-02-16T07:15:00Z,0.72045,6.0,0,closed,realized,2026-02-16T08:31:59Z,0.7079150000000001,stop_1m,,,-0.01739884794225821,-0.018577615588312835,,,-0.01739884794225821,-0.018577615588312835,76,0,1,0,0,atr,0.012534999999999994,1.75,1.0,8,3,1,2026-02-16T08:31:59Z,40.0,-0.7431046235325134,-0.018577615588312835,2026-02
rank32b-beatusdt-251b950d1f6c18e0,BEATUSDT,short,official_close,2026-02-16T11:00:00Z,2026-02-16T11:15:00Z,BEATUSDT|2026-02-16T11:00:00Z,2026-02-16T11:15:00Z,0.2521,6.0,0,closed,realized,2026-02-16T11:23:59Z,0.24225,target_1m,,,0.03907179690598972,0.037825284815549365,,,0.03907179690598972,0.037825284815549365,8,1,0,0,0,atr,0.0056285714285714316,1.75,1.0,8,3,1,2026-02-16T11:23:59Z,40.0,1.5130113926219746,0.037825284815549365,2026-02
rank32b-zecusdt-96e930d056a19553,ZECUSDT,long,official_close,2026-02-16T11:15:00Z,2026-02-16T11:30:00Z,ZECUSDT|2026-02-16T11:15:00Z,2026-02-16T11:30:00Z,294.84,6.0,0,closed,realized,2026-02-16T12:49:59Z,299.79875,target_1m,,,0.016818443901777336,0.015598627823735,,,0.016818443901777336,0.015598627823735,79,1,0,0,0,atr,2.833571428571438,1.75,1.0,8,3,1,2026-02-16T12:49:59Z,100.0,1.5598627823735,0.015598627823735,2026-02
rank32b-1000pepeusdt-af032e7b1cb99419,1000PEPEUSDT,long,official_close,2026-02-16T12:15:00Z,2026-02-16T12:30:00Z,1000PEPEUSDT|2026-02-16T12:15:00Z,2026-02-16T12:30:00Z,0.0045293,6.0,0,closed,realized,2026-02-16T13:21:59Z,0.004488657142857143,stop_1m,,,-0.008973319749819408,-0.010162194996514828,,,-0.008973319749819408,-0.010162194996514828,51,0,1,0,0,atr,4.0642857142857086e-05,1.75,1.0,8,3,1,2026-02-16T13:21:59Z,40.0,-0.40648779986059314,-0.010162194996514828,2026-02
rank32b-beatusdt-941d423ac3b472da,BEATUSDT,short,official_close,2026-02-16T12:45:00Z,2026-02-16T13:00:00Z,BEATUSDT|2026-02-16T12:45:00Z,2026-02-16T13:00:00Z,0.2521,6.0,0,closed,realized,2026-02-16T14:24:59Z,0.25843571428571427,stop_1m,,,-0.025131750439168155,-0.026301241386071372,,,-0.025131750439168155,-0.026301241386071372,84,0,1,0,0,atr,0.006335714285714296,1.75,1.0,8,3,1,2026-02-16T14:24:59Z,40.0,-1.052049655442855,-0.026301241386071372,2026-02
rank32b-adausdt-119f3d969ee26371,ADAUSDT,short,official_close,2026-02-16T13:45:00Z,2026-02-16T14:00:00Z,ADAUSDT|2026-02-16T13:45:00Z,2026-02-16T14:00:00Z,0.2809,6.0,0,closed,realized,2026-02-16T14:37:59Z,0.28350714285714285,stop_1m,,,-0.009281391445862708,-0.01046989711742874,,,-0.009281391445862708,-0.01046989711742874,37,0,1,0,0,atr,0.0026071428571428474,1.75,1.0,8,3,1,2026-02-16T14:37:59Z,100.0,-1.046989711742874,-0.01046989711742874,2026-02
rank32b-wldusdt-75451998c2cff667,WLDUSDT,short,official_close,2026-02-16T13:15:00Z,2026-02-16T13:30:00Z,WLDUSDT|2026-02-16T13:15:00Z,2026-02-16T13:30:00Z,0.4005,6.0,0,closed,realized,2026-02-16T14:37:59Z,0.40430714285714286,stop_1m,,,-0.009505974674513862,-0.01069421092705547,,,-0.009505974674513862,-0.01069421092705547,67,0,1,0,0,atr,0.003807142857142866,1.75,1.0,8,3,1,2026-02-16T14:37:59Z,100.0,-1.069421092705547,-0.01069421092705547,2026-02
rank32b-tradoorusdt-3c612b753bd20acb,TRADOORUSDT,long,official_close,2026-02-16T16:00:00Z,2026-02-16T16:15:00Z,TRADOORUSDT|2026-02-16T16:00:00Z,2026-02-16T16:15:00Z,1.365,6.0,0,closed,realized,2026-02-16T16:35:59Z,1.3517857142857144,stop_1m,,,-0.009680795395081043,-0.010868821925693384,,,-0.009680795395081043,-0.010868821925693384,20,0,1,0,0,atr,0.013214285714285718,1.75,1.0,8,3,1,2026-02-16T16:35:59Z,40.0,-0.43475287702773535,-0.010868821925693384,2026-02
rank32b-pippinusdt-015bc6a64f826b2f,PIPPINUSDT,long,official_close,2026-02-16T17:30:00Z,2026-02-16T17:45:00Z,PIPPINUSDT|2026-02-16T17:30:00Z,2026-02-16T17:45:00Z,0.72406,6.0,0,closed,realized,2026-02-16T18:33:59Z,0.74589875,target_1m,,,0.030161519763555633,0.02892569679798651,,,0.030161519763555633,0.02892569679798651,48,1,0,0,0,atr,0.012479285714285724,1.75,1.0,8,3,1,2026-02-16T18:33:59Z,40.0,1.1570278719194604,0.02892569679798651,2026-02
rank32b-1000pepeusdt-fd4ac6218642a461,1000PEPEUSDT,long,official_close,2026-02-16T19:30:00Z,2026-02-16T19:45:00Z,1000PEPEUSDT|2026-02-16T19:30:00Z,2026-02-16T19:45:00Z,0.0044928,6.0,0,closed,realized,2026-02-16T20:05:59Z,0.004455828571428571,stop_1m,,,-0.008229039479039524,-0.00941880759411895,,,-0.008229039479039524,-0.00941880759411895,20,0,1,0,0,atr,3.6971428571428694e-05,1.75,1.0,8,3,1,2026-02-16T20:05:59Z,40.0,-0.376752303764758,-0.00941880759411895,2026-02
rank32b-zecusdt-6ece2879d6373dab,ZECUSDT,long,official_close,2026-02-16T21:45:00Z,2026-02-16T22:00:00Z,ZECUSDT|2026-02-16T21:45:00Z,2026-02-16T22:00:00Z,293.18,6.0,0,closed,realized,2026-02-16T22:17:59Z,290.6221428571429,stop_1m,,,-0.008724528081237248,-0.009913701788369922,,,-0.008724528081237248,-0.009913701788369922,17,0,1,0,0,atr,2.557857142857143,1.75,1.0,8,3,1,2026-02-16T22:17:59Z,100.0,-0.9913701788369922,-0.009913701788369922,2026-02
rank32b-beatusdt-3586214c13f3253b,BEATUSDT,short,official_close,2026-02-16T22:30:00Z,2026-02-16T22:45:00Z,BEATUSDT|2026-02-16T22:30:00Z,2026-02-16T22:45:00Z,0.2546,6.0,0,closed,realized,2026-02-17T00:03:59Z,0.2481875,target_1m,,,0.025186567164179108,0.023956712350746034,,,0.025186567164179108,0.023956712350746034,78,1,0,0,0,atr,0.003664285714285707,1.75,1.0,8,3,1,2026-02-17T00:03:59Z,40.0,0.9582684940298414,0.023956712350746034,2026-02
rank32b-1000pepeusdt-dcc3046728cd2c13,1000PEPEUSDT,long,official_close,2026-02-16T23:00:00Z,2026-02-16T23:15:00Z,1000PEPEUSDT|2026-02-16T23:00:00Z,2026-02-16T23:15:00Z,0.0044964,6.0,0,closed,realized,2026-02-17T00:05:59Z,0.004463921428571428,stop_1m,,,-0.007223238908587226,-0.008414213622263023,,,-0.007223238908587226,-0.008414213622263023,50,0,1,0,0,atr,3.247857142857147e-05,1.75,1.0,8,3,1,2026-02-17T00:05:59Z,40.0,-0.3365685448905209,-0.008414213622263023,2026-02
rank32b-zecusdt-e7d41f116dba3945,ZECUSDT,long,official_close,2026-02-16T23:45:00Z,2026-02-17T00:00:00Z,ZECUSDT|2026-02-16T23:45:00Z,2026-02-17T00:00:00Z,294.0,6.0,0,closed,realized,2026-02-17T00:10:59Z,291.25928571428574,stop_1m,,,-0.009322157434402234,-0.010510614201457713,,,-0.009322157434402234,-0.010510614201457713,10,0,1,0,0,atr,2.740714285714282,1.75,1.0,8,3,1,2026-02-17T00:10:59Z,100.0,-1.0510614201457713,-0.010510614201457713,2026-02
rank32b-tradoorusdt-f6fd0af05f81c3e1,TRADOORUSDT,long,official_close,2026-02-17T04:00:00Z,2026-02-17T04:15:00Z,TRADOORUSDT|2026-02-17T04:00:00Z,2026-02-17T04:15:00Z,1.362,6.0,0,closed,realized,2026-02-17T06:15:59Z,1.377,timeout_1m,,,0.011013215859030812,0.009800363964757475,,,0.011013215859030812,0.009800363964757475,120,0,0,1,0,atr,0.017499999999999977,1.75,1.0,8,3,1,2026-02-17T06:15:59Z,40.0,0.392014558590299,0.009800363964757475,2026-02
rank32b-beatusdt-e88d17c4f65d199d,BEATUSDT,short,official_close,2026-02-17T12:30:00Z,2026-02-17T12:45:00Z,BEATUSDT|2026-02-17T12:30:00Z,2026-02-17T12:45:00Z,0.249,6.0,0,closed,realized,2026-02-17T12:55:59Z,0.25207142857142856,stop_1m,,,-0.01233505450372907,-0.013519896878944282,,,-0.01233505450372907,-0.013519896878944282,10,0,1,0,0,atr,0.003071428571428576,1.75,1.0,8,3,1,2026-02-17T12:55:59Z,40.0,-0.5407958751577713,-0.013519896878944282,2026-02
rank32b-zecusdt-89e8bb7514c3f287,ZECUSDT,short,official_close,2026-02-17T12:45:00Z,2026-02-17T13:00:00Z,ZECUSDT|2026-02-17T12:45:00Z,2026-02-17T13:00:00Z,286.94,6.0,0,closed,realized,2026-02-17T13:19:59Z,290.5592857142857,stop_1m,,,-0.012613388563064376,-0.013797897037608697,,,-0.012613388563064376,-0.013797897037608697,19,0,1,0,0,atr,3.6192857142857116,1.75,1.0,8,3,1,2026-02-17T13:19:59Z,100.0,-1.3797897037608697,-0.013797897037608697,2026-02
rank32b-dotusdt-1355511c1e9554f6,DOTUSDT,long,official_close,2026-02-17T13:45:00Z,2026-02-17T14:00:00Z,DOTUSDT|2026-02-17T13:45:00Z,2026-02-17T14:00:00Z,1.372,6.0,0,closed,realized,2026-02-17T14:38:59Z,1.3649285714285715,stop_1m,,,-0.005154102457309517,-0.006347559389837776,,,-0.005154102457309517,-0.006347559389837776,38,0,1,0,0,atr,0.007071428571428554,1.75,1.0,8,3,1,2026-02-17T14:38:59Z,100.0,-0.6347559389837776,-0.006347559389837776,2026-02
rank32b-dogeusdt-6a215f1ef0c57baa,DOGEUSDT,short,official_close,2026-02-17T14:30:00Z,2026-02-17T14:45:00Z,DOGEUSDT|2026-02-17T14:30:00Z,2026-02-17T14:45:00Z,0.09903,6.0,0,closed,realized,2026-02-17T15:08:59Z,0.09972428571428572,stop_1m,,,-0.007010862509196469,-0.008202091998095962,,,-0.007010862509196469,-0.008202091998095962,23,0,1,0,0,atr,0.0006942857142857127,1.75,1.0,8,3,1,2026-02-17T15:08:59Z,100.0,-0.8202091998095962,-0.008202091998095962,2026-02
rank32b-aaveusdt-7dcc7140fdad90f9,AAVEUSDT,long,official_close,2026-02-17T15:30:00Z,2026-02-17T15:45:00Z,AAVEUSDT|2026-02-17T15:30:00Z,2026-02-17T15:45:00Z,126.24,6.0,0,closed,realized,2026-02-17T16:02:59Z,128.33499999999998,target_1m,,,0.016595373891001186,0.015375825416666489,,,0.016595373891001186,0.015375825416666489,17,1,0,0,0,atr,1.1971428571428555,1.75,1.0,8,3,1,2026-02-17T16:02:59Z,100.0,1.5375825416666489,0.015375825416666489,2026-02
rank32b-beatusdt-8d8dee00d4b63b50,BEATUSDT,short,official_close,2026-02-17T16:00:00Z,2026-02-17T16:15:00Z,BEATUSDT|2026-02-17T16:00:00Z,2026-02-17T16:15:00Z,0.2485,6.0,0,closed,realized,2026-02-17T16:29:59Z,0.2530857142857143,stop_1m,,,-0.018453578614544552,-0.019631080963495418,,,-0.018453578614544552,-0.019631080963495418,14,0,1,0,0,atr,0.0045857142857142945,1.75,1.0,8,3,1,2026-02-17T16:29:59Z,40.0,-0.7852432385398167,-0.019631080963495418,2026-02
rank32b-turbousdt-c7f64d26316ccaa0,TURBOUSDT,short,official_close,2026-02-17T16:15:00Z,2026-02-17T16:30:00Z,TURBOUSDT|2026-02-17T16:15:00Z,2026-02-17T16:30:00Z,0.0010984,6.0,0,closed,realized,2026-02-17T16:36:59Z,0.001110807142857143,stop_1m,,,-0.011295650816772529,-0.012481740102226802,,,-0.011295650816772529,-0.012481740102226802,6,0,1,0,0,atr,1.2407142857142853e-05,1.75,1.0,8,3,1,2026-02-17T16:36:59Z,40.0,-0.49926960408907206,-0.012481740102226802,2026-02
rank32b-beatusdt-b4aa78bbb8451ae3,BEATUSDT,short,official_close,2026-02-17T16:30:00Z,2026-02-17T16:45:00Z,BEATUSDT|2026-02-17T16:30:00Z,2026-02-17T16:45:00Z,0.2493,6.0,0,closed,realized,2026-02-17T17:14:59Z,0.2407375,target_1m,,,0.034346169273967164,0.03310532623545903,,,0.034346169273967164,0.03310532623545903,29,1,0,0,0,atr,0.004892857142857145,1.75,1.0,8,3,1,2026-02-17T17:14:59Z,40.0,1.3242130494183613,0.03310532623545903,2026-02
rank32b-fartcoinusdt-bdfcf4146126a473,FARTCOINUSDT,short,official_close,2026-02-17T17:30:00Z,2026-02-17T17:45:00Z,FARTCOINUSDT|2026-02-17T17:30:00Z,2026-02-17T17:45:00Z,0.1936,6.0,0,closed,realized,2026-02-17T18:20:59Z,0.1968,stop_1m,,,-0.016528925619834656,-0.017708736859504137,,,-0.016528925619834656,-0.017708736859504137,35,0,1,0,0,atr,0.0031999999999999967,1.75,1.0,8,3,1,2026-02-17T18:20:59Z,40.0,-0.7083494743801655,-0.017708736859504137,2026-02
rank32b-turbousdt-b022946125997faf,TURBOUSDT,short,official_close,2026-02-17T17:00:00Z,2026-02-17T17:15:00Z,TURBOUSDT|2026-02-17T17:00:00Z,2026-02-17T17:15:00Z,0.0010942,6.0,0,closed,realized,2026-02-17T18:40:59Z,0.0011085285714285715,stop_1m,,,-0.01309502049768918,-0.014278951187299382,,,-0.01309502049768918,-0.014278951187299382,85,0,1,0,0,atr,1.4328571428571428e-05,1.75,1.0,8,3,1,2026-02-17T18:40:59Z,40.0,-0.5711580474919753,-0.014278951187299382,2026-02
rank32b-zecusdt-51929ff354b1534d,ZECUSDT,short,official_close,2026-02-17T16:45:00Z,2026-02-17T17:00:00Z,ZECUSDT|2026-02-17T16:45:00Z,2026-02-17T17:00:00Z,286.4,6.0,0,closed,realized,2026-02-17T19:00:59Z,288.94,timeout_1m,,,-0.00886871508379894,-0.010057715818435953,,,-0.00886871508379894,-0.010057715818435953,120,0,0,1,0,atr,4.1671428571428555,1.75,1.0,8,3,1,2026-02-17T19:00:59Z,100.0,-1.0057715818435953,-0.010057715818435953,2026-02
rank32b-tradoorusdt-f95b9ed2d0329541,TRADOORUSDT,long,official_close,2026-02-18T01:30:00Z,2026-02-18T01:45:00Z,TRADOORUSDT|2026-02-18T01:30:00Z,2026-02-18T01:45:00Z,1.389,6.0,0,closed,realized,2026-02-18T02:30:59Z,1.40525,target_1m,,,0.011699064074873977,0.010485389409647272,,,0.011699064074873977,0.010485389409647272,45,1,0,0,0,atr,0.009285714285714295,1.75,1.0,8,3,1,2026-02-18T02:30:59Z,40.0,0.4194155763858909,0.010485389409647272,2026-02
rank32b-beatusdt-2c468a499f3bef81,BEATUSDT,short,official_close,2026-02-18T02:00:00Z,2026-02-18T02:15:00Z,BEATUSDT|2026-02-18T02:00:00Z,2026-02-18T02:15:00Z,0.2467,6.0,0,closed,realized,2026-02-18T02:50:59Z,0.24990714285714286,stop_1m,,,-0.013000173721697816,-0.014184218193294407,,,-0.013000173721697816,-0.014184218193294407,35,0,1,0,0,atr,0.003207142857142855,1.75,1.0,8,3,1,2026-02-18T02:50:59Z,40.0,-0.5673687277317763,-0.014184218193294407,2026-02
rank32b-zecusdt-97c0940c7b81a4eb,ZECUSDT,long,official_close,2026-02-18T01:45:00Z,2026-02-18T02:00:00Z,ZECUSDT|2026-02-18T01:45:00Z,2026-02-18T02:00:00Z,292.7,6.0,0,closed,realized,2026-02-18T04:00:59Z,296.17,timeout_1m,,,0.011855141783396084,0.01064127988110708,,,0.011855141783396084,0.01064127988110708,120,0,0,1,0,atr,4.130000000000016,1.75,1.0,8,3,1,2026-02-18T04:00:59Z,100.0,1.064127988110708,0.01064127988110708,2026-02
rank32b-beatusdt-6d5d8f272f845dd6,BEATUSDT,short,official_close,2026-02-18T04:00:00Z,2026-02-18T04:15:00Z,BEATUSDT|2026-02-18T04:00:00Z,2026-02-18T04:15:00Z,0.2464,6.0,0,closed,realized,2026-02-18T05:31:59Z,0.24176250000000002,target_1m,,,0.018821022727272707,0.017598804275568147,,,0.018821022727272707,0.017598804275568147,76,1,0,0,0,atr,0.0026499999999999974,1.75,1.0,8,3,1,2026-02-18T05:31:59Z,40.0,0.7039521710227259,0.017598804275568147,2026-02
rank32b-dogeusdt-96980213b3ec5549,DOGEUSDT,short,official_close,2026-02-18T10:30:00Z,2026-02-18T10:45:00Z,DOGEUSDT|2026-02-18T10:30:00Z,2026-02-18T10:45:00Z,0.10039,6.0,0,closed,realized,2026-02-18T11:08:59Z,0.09960874999999998,target_1m,,,0.007782149616495815,0.006573173838529955,,,0.007782149616495815,0.006573173838529955,23,1,0,0,0,atr,0.0004464285714285748,1.75,1.0,8,3,1,2026-02-18T11:08:59Z,100.0,0.6573173838529955,0.006573173838529955,2026-02
rank32b-suiusdt-23d56eb9f8595af9,SUIUSDT,short,official_close,2026-02-18T11:00:00Z,2026-02-18T11:15:00Z,SUIUSDT|2026-02-18T11:00:00Z,2026-02-18T11:15:00Z,0.9654,6.0,0,closed,realized,2026-02-18T11:35:59Z,0.9701500000000001,stop_1m,,,-0.004920240314895352,-0.006113977797804093,,,-0.004920240314895352,-0.006113977797804093,20,0,1,0,0,atr,0.004749999999999984,1.75,1.0,8,3,1,2026-02-18T11:35:59Z,100.0,-0.6113977797804093,-0.006113977797804093,2026-02
rank32b-fartcoinusdt-1575cee3f72d79d1,FARTCOINUSDT,short,official_close,2026-02-18T11:45:00Z,2026-02-18T12:00:00Z,FARTCOINUSDT|2026-02-18T11:45:00Z,2026-02-18T12:00:00Z,0.1945,6.0,0,closed,realized,2026-02-18T13:47:59Z,0.19135,target_1m,,,0.016195372750642756,0.014976304133676122,,,0.016195372750642756,0.014976304133676122,107,1,0,0,0,atr,0.001800000000000002,1.75,1.0,8,3,1,2026-02-18T13:47:59Z,40.0,0.5990521653470449,0.014976304133676122,2026-02
rank32b-aaveusdt-3bd298b6053d86e0,AAVEUSDT,long,official_close,2026-02-18T15:30:00Z,2026-02-18T15:45:00Z,AAVEUSDT|2026-02-18T15:30:00Z,2026-02-18T15:45:00Z,128.39,6.0,0,closed,realized,2026-02-18T15:58:59Z,127.44285714285714,stop_1m,,,-0.007377076541341565,-0.008567866705239569,,,-0.007377076541341565,-0.008567866705239569,13,0,1,0,0,atr,0.9471428571428565,1.75,1.0,8,3,1,2026-02-18T15:58:59Z,100.0,-0.8567866705239569,-0.008567866705239569,2026-02
rank32b-suiusdt-bed4f4b0093384d6,SUIUSDT,short,official_close,2026-02-18T15:45:00Z,2026-02-18T16:00:00Z,SUIUSDT|2026-02-18T15:45:00Z,2026-02-18T16:00:00Z,0.9608,6.0,0,closed,realized,2026-02-18T18:00:59Z,0.9514,timeout_1m,,,0.00978351373855113,0.008572137044129624,,,0.00978351373855113,0.008572137044129624,120,0,0,1,0,atr,0.008328571428571432,1.75,1.0,8,3,1,2026-02-18T18:00:59Z,100.0,0.8572137044129624,0.008572137044129624,2026-02
rank32b-1000pepeusdt-70c09b8939e3bc37,1000PEPEUSDT,short,official_close,2026-02-18T16:00:00Z,2026-02-18T16:15:00Z,1000PEPEUSDT|2026-02-18T16:00:00Z,2026-02-18T16:15:00Z,0.0043332,6.0,0,closed,realized,2026-02-18T18:15:59Z,0.0043116,timeout_1m,,,0.004984768762115732,0.003779148834117896,,,0.004984768762115732,0.003779148834117896,120,0,0,1,0,atr,3.706428571428566e-05,1.75,1.0,8,3,1,2026-02-18T18:15:59Z,40.0,0.15116595336471583,0.003779148834117896,2026-02
rank32b-beatusdt-d4350e5a4c7abae3,BEATUSDT,short,official_close,2026-02-19T05:00:00Z,2026-02-19T05:15:00Z,BEATUSDT|2026-02-19T05:00:00Z,2026-02-19T05:15:00Z,0.2188,6.0,0,closed,realized,2026-02-19T06:09:59Z,0.2223642857142857,stop_1m,,,-0.016290154087229114,-0.017470251766780076,,,-0.016290154087229114,-0.017470251766780076,54,0,1,0,0,atr,0.003564285714285708,1.75,1.0,8,3,1,2026-02-19T06:09:59Z,40.0,-0.698810070671203,-0.017470251766780076,2026-02
rank32b-tradoorusdt-73acf1c25eca4783,TRADOORUSDT,long,official_close,2026-02-19T06:00:00Z,2026-02-19T06:15:00Z,TRADOORUSDT|2026-02-19T06:00:00Z,2026-02-19T06:15:00Z,1.42,6.0,0,closed,realized,2026-02-19T06:43:59Z,1.4097857142857142,stop_1m,,,-0.007193158953722301,-0.008384169752515214,,,-0.007193158953722301,-0.008384169752515214,28,0,1,0,0,atr,0.010214285714285716,1.75,1.0,8,3,1,2026-02-19T06:43:59Z,40.0,-0.33536679010060855,-0.008384169752515214,2026-02
rank32b-pippinusdt-0f694f843bc9cff5,PIPPINUSDT,short,official_close,2026-02-19T10:00:00Z,2026-02-19T10:15:00Z,PIPPINUSDT|2026-02-19T10:00:00Z,2026-02-19T10:15:00Z,0.49301,6.0,0,closed,realized,2026-02-19T12:15:59Z,0.48612,timeout_1m,,,0.01397537575302732,0.012758970333258679,,,0.01397537575302732,0.012758970333258679,120,0,0,1,0,atr,0.012274285714285722,1.75,1.0,8,3,1,2026-02-19T12:15:59Z,40.0,0.5103588133303472,0.012758970333258679,2026-02
rank32b-pippinusdt-eb2dc63e7fc1e271,PIPPINUSDT,short,official_close,2026-02-19T12:45:00Z,2026-02-19T13:00:00Z,PIPPINUSDT|2026-02-19T12:45:00Z,2026-02-19T13:00:00Z,0.49736,6.0,0,closed,realized,2026-02-19T14:39:59Z,0.5080835714285714,stop_1m,,,-0.021560984857188714,-0.022734759437314733,,,-0.021560984857188714,-0.022734759437314733,99,0,1,0,0,atr,0.010723571428571431,1.75,1.0,8,3,1,2026-02-19T14:39:59Z,40.0,-0.9093903774925893,-0.022734759437314733,2026-02
rank32b-pippinusdt-0adc6720669601e8,PIPPINUSDT,short,official_close,2026-02-19T17:15:00Z,2026-02-19T17:30:00Z,PIPPINUSDT|2026-02-19T17:15:00Z,2026-02-19T17:30:00Z,0.49318,6.0,0,closed,realized,2026-02-19T17:58:59Z,0.5032892857142858,stop_1m,,,-0.020498166418520203,-0.02167321599815797,,,-0.020498166418520203,-0.02167321599815797,28,0,1,0,0,atr,0.010109285714285722,1.75,1.0,8,3,1,2026-02-19T17:58:59Z,40.0,-0.8669286399263187,-0.02167321599815797,2026-02
rank32b-pippinusdt-0ca3f6eb56fbc05c,PIPPINUSDT,short,official_close,2026-02-19T18:15:00Z,2026-02-19T18:30:00Z,PIPPINUSDT|2026-02-19T18:15:00Z,2026-02-19T18:30:00Z,0.49873,6.0,0,closed,realized,2026-02-19T20:30:59Z,0.49199,timeout_1m,,,0.013514326389028164,0.012298474062518716,,,0.013514326389028164,0.012298474062518716,120,0,0,1,0,atr,0.009733571428571444,1.75,1.0,8,3,1,2026-02-19T20:30:59Z,40.0,0.49193896250074864,0.012298474062518716,2026-02
rank32b-nearusdt-9e34b14cb1e7f7c7,NEARUSDT,short,official_close,2026-02-19T18:45:00Z,2026-02-19T19:00:00Z,NEARUSDT|2026-02-19T18:45:00Z,2026-02-19T19:00:00Z,1.001,6.0,0,closed,realized,2026-02-19T21:00:59Z,1.001,timeout_1m,,,-0.0,-0.0011996400000000573,,,-0.0,-0.0011996400000000573,120,0,0,1,0,atr,0.009499999999999984,1.75,1.0,8,3,1,2026-02-19T21:00:59Z,100.0,-0.11996400000000573,-0.0011996400000000573,2026-02
rank32b-fartcoinusdt-7fc85a8310e7455c,FARTCOINUSDT,short,official_close,2026-02-20T04:00:00Z,2026-02-20T04:15:00Z,FARTCOINUSDT|2026-02-20T04:00:00Z,2026-02-20T04:15:00Z,0.1815,6.0,0,closed,realized,2026-02-20T04:21:59Z,0.1796875,target_1m,,,0.009986225895316725,0.008774606019283704,,,0.009986225895316725,0.008774606019283704,6,1,0,0,0,atr,0.0010357142857142867,1.75,1.0,8,3,1,2026-02-20T04:21:59Z,40.0,0.35098424077134815,0.008774606019283704,2026-02
rank32b-nearusdt-4795051f213936b3,NEARUSDT,short,official_close,2026-02-20T04:15:00Z,2026-02-20T04:30:00Z,NEARUSDT|2026-02-20T04:15:00Z,2026-02-20T04:30:00Z,1.002,6.0,0,closed,realized,2026-02-20T04:40:59Z,1.0067857142857144,stop_1m,,,-0.004776161961790759,-0.005970072286854977,,,-0.004776161961790759,-0.005970072286854977,10,0,1,0,0,atr,0.004785714285714314,1.75,1.0,8,3,1,2026-02-20T04:40:59Z,100.0,-0.5970072286854977,-0.005970072286854977,2026-02
rank32b-1000pepeusdt-b33743b6a2869e4e,1000PEPEUSDT,short,official_close,2026-02-20T11:00:00Z,2026-02-20T11:15:00Z,1000PEPEUSDT|2026-02-20T11:00:00Z,2026-02-20T11:15:00Z,0.0041901,6.0,0,closed,realized,2026-02-20T12:28:59Z,0.004155025,target_1m,,,0.008370921935037523,0.007161239842247147,,,0.008370921935037523,0.007161239842247147,73,1,0,0,0,atr,2.0042857142857314e-05,1.75,1.0,8,3,1,2026-02-20T12:28:59Z,40.0,0.2864495936898859,0.007161239842247147,2026-02
rank32b-turbousdt-4957a9fbd3c59362,TURBOUSDT,short,official_close,2026-02-20T13:00:00Z,2026-02-20T13:15:00Z,TURBOUSDT|2026-02-20T13:00:00Z,2026-02-20T13:15:00Z,0.0010412,6.0,0,closed,realized,2026-02-20T13:31:59Z,0.0010292625,target_1m,,,0.011465136381098695,0.010251742344890236,,,0.011465136381098695,0.010251742344890236,16,1,0,0,0,atr,6.821428571428548e-06,1.75,1.0,8,3,1,2026-02-20T13:31:59Z,40.0,0.4100696937956094,0.010251742344890236,2026-02
rank32b-nearusdt-d889c8be0559eddb,NEARUSDT,short,official_close,2026-02-20T13:30:00Z,2026-02-20T13:45:00Z,NEARUSDT|2026-02-20T13:30:00Z,2026-02-20T13:45:00Z,1.004,6.0,0,closed,realized,2026-02-20T13:53:59Z,1.0120714285714285,stop_1m,,,-0.008039271485486665,-0.009229267253841877,,,-0.008039271485486665,-0.009229267253841877,8,0,1,0,0,atr,0.008071428571428571,1.75,1.0,8,3,1,2026-02-20T13:53:59Z,100.0,-0.9229267253841877,-0.009229267253841877,2026-02
rank32b-beatusdt-cfc2aacf28a2d71c,BEATUSDT,long,official_close,2026-02-20T13:45:00Z,2026-02-20T14:00:00Z,BEATUSDT|2026-02-20T13:45:00Z,2026-02-20T14:00:00Z,0.2578,6.0,0,closed,realized,2026-02-20T15:18:59Z,0.2655875,target_1m,,,0.0302075252133438,0.028971647057796757,,,0.0302075252133438,0.028971647057796757,78,1,0,0,0,atr,0.004450000000000002,1.75,1.0,8,3,1,2026-02-20T15:18:59Z,40.0,1.1588658823118703,0.028971647057796757,2026-02
rank32b-actusdt-daaf456d69e55709,ACTUSDT,short,official_close,2026-02-20T15:30:00Z,2026-02-20T15:45:00Z,ACTUSDT|2026-02-20T15:30:00Z,2026-02-20T15:45:00Z,0.01465,6.0,0,closed,realized,2026-02-20T15:55:59Z,0.014807857142857143,stop_1m,,,-0.010775231594344348,-0.011961945195514523,,,-0.010775231594344348,-0.011961945195514523,10,0,1,0,0,atr,0.00015785714285714274,1.75,1.0,8,3,1,2026-02-20T15:55:59Z,40.0,-0.4784778078205809,-0.011961945195514523,2026-02
rank32b-zecusdt-3eb517d5dd1d6ec1,ZECUSDT,short,official_close,2026-02-20T17:00:00Z,2026-02-20T17:15:00Z,ZECUSDT|2026-02-20T17:00:00Z,2026-02-20T17:15:00Z,256.22,6.0,0,closed,realized,2026-02-20T17:50:59Z,259.20785714285716,stop_1m,,,-0.011661295538432315,-0.01284694618185267,,,-0.011661295538432315,-0.01284694618185267,35,0,1,0,0,atr,2.987857142857144,1.75,1.0,8,3,1,2026-02-20T17:50:59Z,100.0,-1.284694618185267,-0.01284694618185267,2026-02
rank32b-brettusdt-a338a68e6b701c5d,BRETTUSDT,long,official_close,2026-02-20T17:30:00Z,2026-02-20T17:45:00Z,BRETTUSDT|2026-02-20T17:30:00Z,2026-02-20T17:45:00Z,0.00756,6.0,0,closed,realized,2026-02-20T18:01:59Z,0.00783625,target_1m,,,0.036541005291005346,0.03529752923941798,,,0.036541005291005346,0.03529752923941798,16,1,0,0,0,atr,0.000157857142857143,1.75,1.0,8,3,1,2026-02-20T18:01:59Z,40.0,1.4119011695767192,0.03529752923941798,2026-02
rank32b-pippinusdt-d095ee2f0b498967,PIPPINUSDT,short,official_close,2026-02-20T18:00:00Z,2026-02-20T18:15:00Z,PIPPINUSDT|2026-02-20T18:00:00Z,2026-02-20T18:15:00Z,0.48664,6.0,0,closed,realized,2026-02-20T20:15:59Z,0.48346,timeout_1m,,,0.006534604635870522,0.005327125462765148,,,0.006534604635870522,0.005327125462765148,120,0,0,1,0,atr,0.0066535714285714176,1.75,1.0,8,3,1,2026-02-20T20:15:59Z,40.0,0.2130850185106059,0.005327125462765148,2026-02
rank32b-beatusdt-a04bb54a37def0c4,BEATUSDT,long,official_close,2026-02-21T01:15:00Z,2026-02-21T01:30:00Z,BEATUSDT|2026-02-21T01:15:00Z,2026-02-21T01:30:00Z,0.2624,6.0,0,closed,realized,2026-02-21T02:06:59Z,0.25874285714285716,stop_1m,,,-0.013937282229965153,-0.015120202508710823,,,-0.013937282229965153,-0.015120202508710823,36,0,1,0,0,atr,0.003657142857142855,1.75,1.0,8,3,1,2026-02-21T02:06:59Z,40.0,-0.6048081003484329,-0.015120202508710823,2026-02
rank32b-turbousdt-6238f49b6b13664c,TURBOUSDT,long,official_close,2026-02-21T13:45:00Z,2026-02-21T14:00:00Z,TURBOUSDT|2026-02-21T13:45:00Z,2026-02-21T14:00:00Z,0.0010872,6.0,0,closed,realized,2026-02-21T15:05:59Z,0.00108265,stop_1m,,,-0.004185062545989604,-0.005379681977557005,,,-0.004185062545989604,-0.005379681977557005,65,0,1,0,0,atr,4.549999999999975e-06,1.75,1.0,8,3,1,2026-02-21T15:05:59Z,40.0,-0.2151872791022802,-0.005379681977557005,2026-02
rank32b-pippinusdt-24ac17121bd37682,PIPPINUSDT,short,official_close,2026-02-21T15:30:00Z,2026-02-21T15:45:00Z,PIPPINUSDT|2026-02-21T15:30:00Z,2026-02-21T15:45:00Z,0.48863,6.0,0,closed,realized,2026-02-21T17:45:59Z,0.4869,timeout_1m,,,0.0035405112252624438,0.0023366238863762323,,,0.0035405112252624438,0.0023366238863762323,120,0,0,1,0,atr,0.006749285714285712,1.75,1.0,8,3,1,2026-02-21T17:45:59Z,40.0,0.09346495545504929,0.0023366238863762323,2026-02
rank32b-zecusdt-b75e19ce58663ac8,ZECUSDT,short,official_close,2026-02-21T15:45:00Z,2026-02-21T16:00:00Z,ZECUSDT|2026-02-21T15:45:00Z,2026-02-21T16:00:00Z,259.76,6.0,0,closed,realized,2026-02-21T18:00:59Z,259.55,timeout_1m,,,0.0008084385586694109,-0.00039217127656299144,,,0.0008084385586694109,-0.00039217127656299144,120,0,0,1,0,atr,1.7400000000000009,1.75,1.0,8,3,1,2026-02-21T18:00:59Z,100.0,-0.039217127656299144,-0.00039217127656299144,2026-02
rank32b-beatusdt-f90587c1bc1d3524,BEATUSDT,short,official_close,2026-02-21T22:45:00Z,2026-02-21T23:00:00Z,BEATUSDT|2026-02-21T22:45:00Z,2026-02-21T23:00:00Z,0.2466,6.0,0,closed,realized,2026-02-22T00:05:59Z,0.241525,target_1m,,,0.020579886455799,0.019355558000811124,,,0.020579886455799,0.019355558000811124,65,1,0,0,0,atr,0.002900000000000006,1.75,1.0,8,3,1,2026-02-22T00:05:59Z,40.0,0.774222320032445,0.019355558000811124,2026-02
rank32b-beatusdt-5dd8a14d81f20aca,BEATUSDT,short,official_close,2026-02-22T02:00:00Z,2026-02-22T02:15:00Z,BEATUSDT|2026-02-22T02:00:00Z,2026-02-22T02:15:00Z,0.2457,6.0,0,closed,realized,2026-02-22T03:26:59Z,0.2411125,target_1m,,,0.018671143671143642,0.01744910502035002,,,0.018671143671143642,0.01744910502035002,71,1,0,0,0,atr,0.00262142857142857,1.75,1.0,8,3,1,2026-02-22T03:26:59Z,40.0,0.6979642008140008,0.01744910502035002,2026-02
rank32b-bchusdt-88e43cc496e37103,BCHUSDT,long,official_close,2026-02-22T03:45:00Z,2026-02-22T04:00:00Z,BCHUSDT|2026-02-22T03:45:00Z,2026-02-22T04:00:00Z,569.15,6.0,0,closed,realized,2026-02-22T04:24:59Z,566.8178571428572,stop_1m,,,-0.004097589136682456,-0.005292313504850599,,,-0.004097589136682456,-0.005292313504850599,24,0,1,0,0,atr,2.3321428571428475,1.75,1.0,8,3,1,2026-02-22T04:24:59Z,100.0,-0.5292313504850599,-0.005292313504850599,2026-02
rank32b-actusdt-78344ea647b58b2a,ACTUSDT,short,official_close,2026-02-22T11:30:00Z,2026-02-22T11:45:00Z,ACTUSDT|2026-02-22T11:30:00Z,2026-02-22T11:45:00Z,0.01425,6.0,0,closed,realized,2026-02-22T12:06:59Z,0.014115,target_1m,,,0.0094736842105263,0.00826267919999979,,,0.0094736842105263,0.00826267919999979,21,1,0,0,0,atr,7.714285714285698e-05,1.75,1.0,8,3,1,2026-02-22T12:06:59Z,40.0,0.3305071679999916,0.00826267919999979,2026-02
rank32b-bchusdt-439bf6f7f6dae936,BCHUSDT,long,official_close,2026-02-22T16:00:00Z,2026-02-22T16:15:00Z,BCHUSDT|2026-02-22T16:00:00Z,2026-02-22T16:15:00Z,572.42,6.0,0,closed,realized,2026-02-22T18:15:59Z,570.3,timeout_1m,,,-0.0037035742985919162,-0.004898771342720432,,,-0.0037035742985919162,-0.004898771342720432,120,0,0,1,0,atr,2.928571428571437,1.75,1.0,8,3,1,2026-02-22T18:15:59Z,100.0,-0.48987713427204316,-0.004898771342720432,2026-02
rank32b-tradoorusdt-f9d950db91ffa62f,TRADOORUSDT,long,official_close,2026-02-22T16:45:00Z,2026-02-22T17:00:00Z,TRADOORUSDT|2026-02-22T16:45:00Z,2026-02-22T17:00:00Z,1.491,6.0,0,closed,realized,2026-02-22T18:46:59Z,1.5446250000000001,target_1m,,,0.035965794768611614,0.03472300876257539,,,0.035965794768611614,0.03472300876257539,106,1,0,0,0,atr,0.030642857142857145,1.75,1.0,8,3,1,2026-02-22T18:46:59Z,40.0,1.3889203505030157,0.03472300876257539,2026-02
rank32b-nearusdt-d1bda80c955fe755,NEARUSDT,short,official_close,2026-02-23T00:30:00Z,2026-02-23T00:45:00Z,NEARUSDT|2026-02-23T00:30:00Z,2026-02-23T00:45:00Z,1.017,6.0,0,closed,realized,2026-02-23T01:00:59Z,1.007375,target_1m,,,0.009464110127826886,0.008253116602752852,,,0.009464110127826886,0.008253116602752852,15,1,0,0,0,atr,0.005499999999999997,1.75,1.0,8,3,1,2026-02-23T01:00:59Z,100.0,0.8253116602752852,0.008253116602752852,2026-02
rank32b-beatusdt-7119b75b66a47104,BEATUSDT,short,official_close,2026-02-23T02:45:00Z,2026-02-23T03:00:00Z,BEATUSDT|2026-02-23T02:45:00Z,2026-02-23T03:00:00Z,0.2329,6.0,0,closed,realized,2026-02-23T04:03:59Z,0.2243625,target_1m,,,0.03665736367539718,0.03541374803563757,,,0.03665736367539718,0.03541374803563757,63,1,0,0,0,atr,0.004878571428571434,1.75,1.0,8,3,1,2026-02-23T04:03:59Z,40.0,1.4165499214255028,0.03541374803563757,2026-02
rank32b-tradoorusdt-7099070144473b0b,TRADOORUSDT,long,official_close,2026-02-23T09:15:00Z,2026-02-23T09:30:00Z,TRADOORUSDT|2026-02-23T09:15:00Z,2026-02-23T09:30:00Z,1.521,6.0,0,closed,realized,2026-02-23T09:34:59Z,1.5062142857142857,stop_1m,,,-0.009721048182586567,-0.010909026424344881,,,-0.009721048182586567,-0.010909026424344881,4,0,1,0,0,atr,0.014785714285714244,1.75,1.0,8,3,1,2026-02-23T09:34:59Z,40.0,-0.43636105697379524,-0.010909026424344881,2026-02
rank32b-avaxusdt-7685e707975bedea,AVAXUSDT,short,official_close,2026-02-23T14:15:00Z,2026-02-23T14:30:00Z,AVAXUSDT|2026-02-23T14:15:00Z,2026-02-23T14:30:00Z,8.621,6.0,0,closed,realized,2026-02-23T14:35:59Z,8.662357142857143,stop_1m,,,-0.004797255870217176,-0.005991140890185154,,,-0.004797255870217176,-0.005991140890185154,5,0,1,0,0,atr,0.04135714285714341,1.75,1.0,8,3,1,2026-02-23T14:35:59Z,100.0,-0.5991140890185154,-0.005991140890185154,2026-02
rank32b-aaveusdt-63be1750e2a1bb4c,AAVEUSDT,short,official_close,2026-02-23T16:00:00Z,2026-02-23T16:15:00Z,AAVEUSDT|2026-02-23T16:00:00Z,2026-02-23T16:15:00Z,115.83,6.0,0,closed,realized,2026-02-23T16:28:59Z,116.85428571428571,stop_1m,,,-0.008843008843008704,-0.01003204041588035,,,-0.008843008843008704,-0.01003204041588035,13,0,1,0,0,atr,1.0242857142857156,1.75,1.0,8,3,1,2026-02-23T16:28:59Z,100.0,-1.003204041588035,-0.01003204041588035,2026-02
rank32b-dogeusdt-b73869b49fad9a18,DOGEUSDT,short,official_close,2026-02-23T15:45:00Z,2026-02-23T16:00:00Z,DOGEUSDT|2026-02-23T15:45:00Z,2026-02-23T16:00:00Z,0.09491,6.0,0,closed,realized,2026-02-23T17:34:59Z,0.09365,target_1m,,,0.013275734906753711,0.012060168804130189,,,0.013275734906753711,0.012060168804130189,94,1,0,0,0,atr,0.0007200000000000004,1.75,1.0,8,3,1,2026-02-23T17:34:59Z,100.0,1.206016880413019,0.012060168804130189,2026-02
rank32b-1000pepeusdt-0d45e462ebda0ee6,1000PEPEUSDT,short,official_close,2026-02-23T18:45:00Z,2026-02-23T19:00:00Z,1000PEPEUSDT|2026-02-23T18:45:00Z,2026-02-23T19:00:00Z,0.0040068,6.0,0,closed,realized,2026-02-23T21:00:59Z,0.003976,timeout_1m,,,0.007686932215233866,0.006478070663871183,,,0.007686932215233866,0.006478070663871183,120,0,0,1,0,atr,3.766428571428563e-05,1.75,1.0,8,3,1,2026-02-23T21:00:59Z,40.0,0.2591228265548473,0.006478070663871183,2026-02
rank32b-beatusdt-799a779ecff08587,BEATUSDT,short,official_close,2026-02-23T22:00:00Z,2026-02-23T22:15:00Z,BEATUSDT|2026-02-23T22:00:00Z,2026-02-23T22:15:00Z,0.2123,6.0,0,closed,realized,2026-02-23T23:54:59Z,0.21510714285714283,stop_1m,,,-0.013222528766570152,-0.014406306492160792,,,-0.013222528766570152,-0.014406306492160792,99,0,1,0,0,atr,0.0028071428571428553,1.75,1.0,8,3,1,2026-02-23T23:54:59Z,40.0,-0.5762522596864317,-0.014406306492160792,2026-02
rank32b-beatusdt-0459815098b004e0,BEATUSDT,short,official_close,2026-02-24T01:00:00Z,2026-02-24T01:15:00Z,BEATUSDT|2026-02-24T01:00:00Z,2026-02-24T01:15:00Z,0.2109,6.0,0,closed,realized,2026-02-24T01:36:59Z,0.21396428571428572,stop_1m,,,-0.014529567161146062,-0.015711776911196962,,,-0.014529567161146062,-0.015711776911196962,21,0,1,0,0,atr,0.003064285714285716,1.75,1.0,8,3,1,2026-02-24T01:36:59Z,40.0,-0.6284710764478785,-0.015711776911196962,2026-02
rank32b-tradoorusdt-2669817cad006e36,TRADOORUSDT,long,official_close,2026-02-24T09:45:00Z,2026-02-24T10:00:00Z,TRADOORUSDT|2026-02-24T09:45:00Z,2026-02-24T10:00:00Z,1.506,6.0,0,closed,realized,2026-02-24T10:03:59Z,1.493,stop_1m,,,-0.008632138114209709,-0.009821422656042467,,,-0.008632138114209709,-0.009821422656042467,3,0,1,0,0,atr,0.012999999999999947,1.75,1.0,8,3,1,2026-02-24T10:03:59Z,40.0,-0.39285690624169867,-0.009821422656042467,2026-02
rank32b-pippinusdt-063dfcf881a24cca,PIPPINUSDT,long,official_close,2026-02-24T10:30:00Z,2026-02-24T10:45:00Z,PIPPINUSDT|2026-02-24T10:30:00Z,2026-02-24T10:45:00Z,0.77154,6.0,0,closed,realized,2026-02-24T11:15:59Z,0.7434171428571429,stop_1m,,,-0.0364502905135925,-0.037606203287080864,,,-0.0364502905135925,-0.037606203287080864,30,0,1,0,0,atr,0.028122857142857147,1.75,1.0,8,3,1,2026-02-24T11:15:59Z,40.0,-1.5042481314832346,-0.037606203287080864,2026-02
rank32b-pippinusdt-5dbc4b47d794cb92,PIPPINUSDT,long,official_close,2026-02-24T12:15:00Z,2026-02-24T12:30:00Z,PIPPINUSDT|2026-02-24T12:15:00Z,2026-02-24T12:30:00Z,0.73704,6.0,0,closed,realized,2026-02-24T14:30:59Z,0.78729,timeout_1m,,,0.06817811787691297,0.06689668867958298,,,0.06817811787691297,0.06689668867958298,120,0,0,1,0,atr,0.044800714285714284,1.75,1.0,8,3,1,2026-02-24T14:30:59Z,40.0,2.6758675471833193,0.06689668867958298,2026-02
rank32b-linkusdt-e483d7c1274f06d0,LINKUSDT,short,official_close,2026-02-24T18:00:00Z,2026-02-24T18:15:00Z,LINKUSDT|2026-02-24T18:00:00Z,2026-02-24T18:15:00Z,8.181,6.0,0,closed,realized,2026-02-24T18:31:59Z,8.231571428571428,stop_1m,,,-0.006181570538006165,-0.0073737948787260255,,,-0.006181570538006165,-0.0073737948787260255,16,0,1,0,0,atr,0.05057142857142871,1.75,1.0,8,3,1,2026-02-24T18:31:59Z,100.0,-0.7373794878726025,-0.0073737948787260255,2026-02
rank32b-bchusdt-2a74942361a5a4f8,BCHUSDT,short,official_close,2026-02-24T18:45:00Z,2026-02-24T19:00:00Z,BCHUSDT|2026-02-24T18:45:00Z,2026-02-24T19:00:00Z,483.87,6.0,0,closed,realized,2026-02-24T21:00:59Z,481.46,timeout_1m,,,0.004980676628019931,0.0037750616091098976,,,0.004980676628019931,0.0037750616091098976,120,0,0,1,0,atr,4.429285714285721,1.75,1.0,8,3,1,2026-02-24T21:00:59Z,100.0,0.37750616091098976,0.0037750616091098976,2026-02
rank32b-aaveusdt-fde972d220e878b6,AAVEUSDT,short,official_close,2026-02-24T21:00:00Z,2026-02-24T21:15:00Z,AAVEUSDT|2026-02-24T21:00:00Z,2026-02-24T21:15:00Z,113.76,6.0,0,closed,realized,2026-02-24T22:28:59Z,114.41642857142858,stop_1m,,,-0.005770293349407263,-0.006963011074693659,,,-0.005770293349407263,-0.006963011074693659,73,0,1,0,0,atr,0.6564285714285722,1.75,1.0,8,3,1,2026-02-24T22:28:59Z,100.0,-0.6963011074693659,-0.006963011074693659,2026-02
rank32b-suiusdt-bc71bacedd64a5d6,SUIUSDT,short,official_close,2026-02-25T05:30:00Z,2026-02-25T05:45:00Z,SUIUSDT|2026-02-25T05:30:00Z,2026-02-25T05:45:00Z,0.8678,6.0,0,closed,realized,2026-02-25T06:23:59Z,0.8733428571428572,stop_1m,,,-0.00638725183551192,-0.007579229432720047,,,-0.00638725183551192,-0.007579229432720047,38,0,1,0,0,atr,0.005542857142857143,1.75,1.0,8,3,1,2026-02-25T06:23:59Z,100.0,-0.7579229432720047,-0.007579229432720047,2026-02
rank32b-1000pepeusdt-898f8426915be058,1000PEPEUSDT,short,official_close,2026-02-25T05:15:00Z,2026-02-25T05:30:00Z,1000PEPEUSDT|2026-02-25T05:15:00Z,2026-02-25T05:30:00Z,0.0039521,6.0,0,closed,realized,2026-02-25T07:30:59Z,0.0039283,timeout_1m,,,0.0060221148250297896,0.004815250455200815,,,0.0060221148250297896,0.004815250455200815,120,0,0,1,0,atr,3.212857142857138e-05,1.75,1.0,8,3,1,2026-02-25T07:30:59Z,40.0,0.19261001820803259,0.004815250455200815,2026-02
rank32b-pippinusdt-6c3a2544c3b7a623,PIPPINUSDT,long,official_close,2026-02-25T07:00:00Z,2026-02-25T07:15:00Z,PIPPINUSDT|2026-02-25T07:00:00Z,2026-02-25T07:15:00Z,0.7995,6.0,0,closed,realized,2026-02-25T08:32:59Z,0.783725,stop_1m,,,-0.019731081926203875,-0.020907051731081983,,,-0.019731081926203875,-0.020907051731081983,77,0,1,0,0,atr,0.015774999999999983,1.75,1.0,8,3,1,2026-02-25T08:32:59Z,40.0,-0.8362820692432793,-0.020907051731081983,2026-02
rank32b-actusdt-6941c93d8cb63184,ACTUSDT,long,official_close,2026-02-25T09:00:00Z,2026-02-25T09:15:00Z,ACTUSDT|2026-02-25T09:00:00Z,2026-02-25T09:15:00Z,0.01389,6.0,0,closed,realized,2026-02-25T11:15:59Z,0.01392,timeout_1m,,,0.002159827213823018,0.0009575961987040582,,,0.002159827213823018,0.0009575961987040582,120,0,0,1,0,atr,7.57142857142856e-05,1.75,1.0,8,3,1,2026-02-25T11:15:59Z,40.0,0.03830384794816233,0.0009575961987040582,2026-02
rank32b-beatusdt-4fd238d3c55736dd,BEATUSDT,long,official_close,2026-02-25T13:15:00Z,2026-02-25T13:30:00Z,BEATUSDT|2026-02-25T13:15:00Z,2026-02-25T13:30:00Z,0.2229,6.0,0,closed,realized,2026-02-25T14:11:59Z,0.2209642857142857,stop_1m,,,-0.008684227392168231,-0.00987344944561952,,,-0.008684227392168231,-0.00987344944561952,41,0,1,0,0,atr,0.0019357142857142887,1.75,1.0,8,3,1,2026-02-25T14:11:59Z,40.0,-0.3949379778247808,-0.00987344944561952,2026-02
rank32b-tradoorusdt-b6f57221aa12c481,TRADOORUSDT,short,official_close,2026-02-25T14:30:00Z,2026-02-25T14:45:00Z,TRADOORUSDT|2026-02-25T14:30:00Z,2026-02-25T14:45:00Z,1.471,6.0,0,closed,realized,2026-02-25T15:02:59Z,1.481857142857143,stop_1m,,,-0.0073807905215110825,-0.008571576229969957,,,-0.0073807905215110825,-0.008571576229969957,17,0,1,0,0,atr,0.010857142857142819,1.75,1.0,8,3,1,2026-02-25T15:02:59Z,40.0,-0.3428630491987983,-0.008571576229969957,2026-02
rank32b-beatusdt-36c200a70bf34995,BEATUSDT,long,official_close,2026-02-25T15:00:00Z,2026-02-25T15:15:00Z,BEATUSDT|2026-02-25T15:00:00Z,2026-02-25T15:15:00Z,0.2232,6.0,0,closed,realized,2026-02-25T16:21:59Z,0.2275375,target_1m,,,0.01943324372759858,0.018210290831093046,,,0.01943324372759858,0.018210290831093046,66,1,0,0,0,atr,0.002478571428571425,1.75,1.0,8,3,1,2026-02-25T16:21:59Z,40.0,0.7284116332437218,0.018210290831093046,2026-02
rank32b-pippinusdt-235f9d93fb47cfa7,PIPPINUSDT,long,official_close,2026-02-25T17:00:00Z,2026-02-25T17:15:00Z,PIPPINUSDT|2026-02-25T17:00:00Z,2026-02-25T17:15:00Z,0.7763,6.0,0,closed,realized,2026-02-25T17:38:59Z,0.7505085714285714,stop_1m,,,-0.03322353287572921,-0.0343833165967502,,,-0.03322353287572921,-0.0343833165967502,23,0,1,0,0,atr,0.02579142857142857,1.75,1.0,8,3,1,2026-02-25T17:38:59Z,40.0,-1.375332663870008,-0.0343833165967502,2026-02
rank32b-beatusdt-a55d3d9c8b7be9b6,BEATUSDT,long,official_close,2026-02-25T20:15:00Z,2026-02-25T20:30:00Z,BEATUSDT|2026-02-25T20:15:00Z,2026-02-25T20:30:00Z,0.2255,6.0,0,closed,realized,2026-02-25T21:37:59Z,0.2302125,target_1m,,,0.020898004434589668,0.01967329435254972,,,0.020898004434589668,0.01967329435254972,67,1,0,0,0,atr,0.002692857142857138,1.75,1.0,8,3,1,2026-02-25T21:37:59Z,40.0,0.7869317741019888,0.01967329435254972,2026-02
rank32b-aaveusdt-922c66f870dc4fb4,AAVEUSDT,long,official_close,2026-02-26T01:00:00Z,2026-02-26T01:15:00Z,AAVEUSDT|2026-02-26T01:00:00Z,2026-02-26T01:15:00Z,120.09,6.0,0,closed,realized,2026-02-26T01:45:59Z,118.8907142857143,stop_1m,,,-0.009986557700771947,-0.01117421742669189,,,-0.009986557700771947,-0.01117421742669189,30,0,1,0,0,atr,1.1992857142857147,1.75,1.0,8,3,1,2026-02-26T01:45:59Z,100.0,-1.117421742669189,-0.01117421742669189,2026-02
rank32b-brettusdt-1abae29b398d6c70,BRETTUSDT,long,official_close,2026-02-25T23:45:00Z,2026-02-26T00:00:00Z,BRETTUSDT|2026-02-25T23:45:00Z,2026-02-26T00:00:00Z,0.00753,6.0,0,closed,realized,2026-02-26T02:00:59Z,0.00746,timeout_1m,,,-0.009296148738379917,-0.010484636706507455,,,-0.009296148738379917,-0.010484636706507455,120,0,0,1,0,atr,0.00011214285714285685,1.75,1.0,8,3,1,2026-02-26T02:00:59Z,40.0,-0.4193854682602982,-0.010484636706507455,2026-02
rank32b-zecusdt-eefe36aa2a3777f6,ZECUSDT,long,official_close,2026-02-26T01:15:00Z,2026-02-26T01:30:00Z,ZECUSDT|2026-02-26T01:15:00Z,2026-02-26T01:30:00Z,248.93,6.0,0,closed,realized,2026-02-26T03:30:59Z,251.97,timeout_1m,,,0.012212268509219415,0.01099797818342485,,,0.012212268509219415,0.01099797818342485,120,0,0,1,0,atr,3.126428571428566,1.75,1.0,8,3,1,2026-02-26T03:30:59Z,100.0,1.099797818342485,0.01099797818342485,2026-02
rank32b-bchusdt-b6071b8a76510f92,BCHUSDT,short,official_close,2026-02-26T03:00:00Z,2026-02-26T03:15:00Z,BCHUSDT|2026-02-26T03:00:00Z,2026-02-26T03:15:00Z,497.01,6.0,0,closed,realized,2026-02-26T03:43:59Z,500.6385714285714,stop_1m,,,-0.007300801651015876,-0.008491683317323306,,,-0.007300801651015876,-0.008491683317323306,28,0,1,0,0,atr,3.6285714285714334,1.75,1.0,8,3,1,2026-02-26T03:43:59Z,100.0,-0.8491683317323306,-0.008491683317323306,2026-02
rank32b-turbousdt-def346d1807ee373,TURBOUSDT,long,official_close,2026-02-26T02:30:00Z,2026-02-26T02:45:00Z,TURBOUSDT|2026-02-26T02:30:00Z,2026-02-26T02:45:00Z,0.0010499,6.0,0,closed,realized,2026-02-26T04:45:59Z,0.0010471,timeout_1m,,,-0.00266692065911045,-0.003863361314411007,,,-0.00266692065911045,-0.003863361314411007,120,0,0,1,0,atr,1.0878571428571441e-05,1.75,1.0,8,3,1,2026-02-26T04:45:59Z,40.0,-0.15453445257644027,-0.003863361314411007,2026-02
rank32b-tradoorusdt-dbd16c8c08d1e67a,TRADOORUSDT,short,official_close,2026-02-26T05:00:00Z,2026-02-26T05:15:00Z,TRADOORUSDT|2026-02-26T05:00:00Z,2026-02-26T05:15:00Z,1.459,6.0,0,closed,realized,2026-02-26T06:12:59Z,1.445625,target_1m,,,0.00916723783413309,0.007956600448937534,,,0.00916723783413309,0.007956600448937534,57,1,0,0,0,atr,0.007642857142857189,1.75,1.0,8,3,1,2026-02-26T06:12:59Z,40.0,0.31826401795750137,0.007956600448937534,2026-02
rank32b-pippinusdt-d08f0a99fc5f4928,PIPPINUSDT,long,official_close,2026-02-26T06:00:00Z,2026-02-26T06:15:00Z,PIPPINUSDT|2026-02-26T06:00:00Z,2026-02-26T06:15:00Z,0.76936,6.0,0,closed,realized,2026-02-26T06:30:59Z,0.7557314285714286,stop_1m,,,-0.017714166877107473,-0.01889255625395514,,,-0.017714166877107473,-0.01889255625395514,15,0,1,0,0,atr,0.013628571428571443,1.75,1.0,8,3,1,2026-02-26T06:30:59Z,40.0,-0.7557022501582056,-0.01889255625395514,2026-02
rank32b-pippinusdt-bc3e5c3410dafdee,PIPPINUSDT,long,official_close,2026-02-26T07:00:00Z,2026-02-26T07:15:00Z,PIPPINUSDT|2026-02-26T07:00:00Z,2026-02-26T07:15:00Z,0.76351,6.0,0,closed,realized,2026-02-26T08:14:59Z,0.7893862500000001,target_1m,,,0.033891173658498364,0.032650876450930566,,,0.033891173658498364,0.032650876450930566,59,1,0,0,0,atr,0.01478642857142858,1.75,1.0,8,3,1,2026-02-26T08:14:59Z,40.0,1.3060350580372226,0.032650876450930566,2026-02
rank32b-xrpusdt-dd5968b2f461ba76,XRPUSDT,long,official_close,2026-02-26T08:00:00Z,2026-02-26T08:15:00Z,XRPUSDT|2026-02-26T08:00:00Z,2026-02-26T08:15:00Z,1.4404,6.0,0,closed,realized,2026-02-26T10:08:59Z,1.4535999999999998,target_1m,,,0.009164121077478438,0.007953487431269002,,,0.009164121077478438,0.007953487431269002,113,1,0,0,0,atr,0.007542857142857137,1.75,1.0,8,3,1,2026-02-26T10:08:59Z,100.0,0.7953487431269002,0.007953487431269002,2026-02
rank32b-adausdt-f8cfb25fb0bb9ea8,ADAUSDT,long,official_close,2026-02-26T09:00:00Z,2026-02-26T09:15:00Z,ADAUSDT|2026-02-26T09:00:00Z,2026-02-26T09:15:00Z,0.2944,6.0,0,closed,realized,2026-02-26T10:48:59Z,0.29250714285714285,stop_1m,,,-0.006429541925465854,-0.00762146878979042,,,-0.006429541925465854,-0.00762146878979042,93,0,1,0,0,atr,0.0018928571428571406,1.75,1.0,8,3,1,2026-02-26T10:48:59Z,100.0,-0.762146878979042,-0.00762146878979042,2026-02
rank32b-nearusdt-d88c9948d350e80e,NEARUSDT,long,official_close,2026-02-26T12:15:00Z,2026-02-26T12:30:00Z,NEARUSDT|2026-02-26T12:15:00Z,2026-02-26T12:30:00Z,1.15,6.0,0,closed,realized,2026-02-26T12:32:59Z,1.1414285714285715,stop_1m,,,-0.007453416149068248,-0.008644114732919261,,,-0.007453416149068248,-0.008644114732919261,2,0,1,0,0,atr,0.008571428571428563,1.75,1.0,8,3,1,2026-02-26T12:32:59Z,100.0,-0.8644114732919261,-0.008644114732919261,2026-02
rank32b-bchusdt-944843e021fd3978,BCHUSDT,short,official_close,2026-02-26T13:00:00Z,2026-02-26T13:15:00Z,BCHUSDT|2026-02-26T13:00:00Z,2026-02-26T13:15:00Z,497.81,6.0,0,closed,realized,2026-02-26T13:29:59Z,500.265,stop_1m,,,-0.00493160040979479,-0.006125324264679377,,,-0.00493160040979479,-0.006125324264679377,14,0,1,0,0,atr,2.4550000000000005,1.75,1.0,8,3,1,2026-02-26T13:29:59Z,100.0,-0.6125324264679377,-0.006125324264679377,2026-02
rank32b-xrpusdt-896223b89ac75b1e,XRPUSDT,long,official_close,2026-02-26T13:15:00Z,2026-02-26T13:30:00Z,XRPUSDT|2026-02-26T13:15:00Z,2026-02-26T13:30:00Z,1.4441,6.0,0,closed,realized,2026-02-26T13:56:59Z,1.4373142857142858,stop_1m,,,-0.004698922710140718,-0.005892925694500728,,,-0.004698922710140718,-0.005892925694500728,26,0,1,0,0,atr,0.006785714285714284,1.75,1.0,8,3,1,2026-02-26T13:56:59Z,100.0,-0.5892925694500728,-0.005892925694500728,2026-02
rank32b-beatusdt-d286681bf5452807,BEATUSDT,short,official_close,2026-02-26T16:45:00Z,2026-02-26T17:00:00Z,BEATUSDT|2026-02-26T16:45:00Z,2026-02-26T17:00:00Z,0.2093,6.0,0,closed,realized,2026-02-26T17:05:59Z,0.21311428571428573,stop_1m,,,-0.01822401201283186,-0.019401789759060928,,,-0.01822401201283186,-0.019401789759060928,5,0,1,0,0,atr,0.0038142857142857167,1.75,1.0,8,3,1,2026-02-26T17:05:59Z,40.0,-0.7760715903624371,-0.019401789759060928,2026-02
rank32b-fartcoinusdt-d1de1d84ede6643e,FARTCOINUSDT,long,official_close,2026-02-26T19:00:00Z,2026-02-26T19:15:00Z,FARTCOINUSDT|2026-02-26T19:00:00Z,2026-02-26T19:15:00Z,0.1683,6.0,0,closed,realized,2026-02-26T20:31:59Z,0.16576428571428573,stop_1m,,,-0.015066632713691464,-0.016248198178422935,,,-0.015066632713691464,-0.016248198178422935,76,0,1,0,0,atr,0.002535714285714284,1.75,1.0,8,3,1,2026-02-26T20:31:59Z,40.0,-0.6499279271369174,-0.016248198178422935,2026-02
rank32b-dotusdt-2f17f09eb4e6d7fc,DOTUSDT,long,official_close,2026-02-26T21:15:00Z,2026-02-26T21:30:00Z,DOTUSDT|2026-02-26T21:15:00Z,2026-02-26T21:30:00Z,1.586,6.0,0,closed,realized,2026-02-26T21:45:59Z,1.5709285714285715,stop_1m,,,-0.009502792289677542,-0.010691032359935182,,,-0.009502792289677542,-0.010691032359935182,15,0,1,0,0,atr,0.01507142857142856,1.75,1.0,8,3,1,2026-02-26T21:45:59Z,100.0,-1.0691032359935182,-0.010691032359935182,2026-02
rank32b-nearusdt-66405617d4dfbdc9,NEARUSDT,long,official_close,2026-02-26T22:30:00Z,2026-02-26T22:45:00Z,NEARUSDT|2026-02-26T22:30:00Z,2026-02-26T22:45:00Z,1.124,6.0,0,closed,realized,2026-02-27T00:45:59Z,1.125,timeout_1m,,,0.000889679715302405,-0.00031102758007128806,,,0.000889679715302405,-0.00031102758007128806,120,0,0,1,0,atr,0.006142857142857164,1.75,1.0,8,3,1,2026-02-27T00:45:59Z,100.0,-0.031102758007128806,-0.00031102758007128806,2026-02
rank32b-fartcoinusdt-128ef520faac10f7,FARTCOINUSDT,long,official_close,2026-02-27T02:15:00Z,2026-02-27T02:30:00Z,FARTCOINUSDT|2026-02-27T02:15:00Z,2026-02-27T02:30:00Z,0.1692,6.0,0,closed,realized,2026-02-27T03:23:59Z,0.16793571428571427,stop_1m,,,-0.007472137791286748,-0.008662813915906953,,,-0.007472137791286748,-0.008662813915906953,53,0,1,0,0,atr,0.0012642857142857158,1.75,1.0,8,3,1,2026-02-27T03:23:59Z,40.0,-0.3465125566362781,-0.008662813915906953,2026-02
rank32b-uniusdt-f9a1cb3462d129aa,UNIUSDT,long,official_close,2026-02-27T03:30:00Z,2026-02-27T03:45:00Z,UNIUSDT|2026-02-27T03:30:00Z,2026-02-27T03:45:00Z,3.891,6.0,0,closed,realized,2026-02-27T04:03:59Z,3.928125,target_1m,,,0.009541249036237431,0.008330162972243427,,,0.009541249036237431,0.008330162972243427,18,1,0,0,0,atr,0.021214285714285692,1.75,1.0,8,3,1,2026-02-27T04:03:59Z,100.0,0.8330162972243427,0.008330162972243427,2026-02
rank32b-beatusdt-19a91df38b9dd16c,BEATUSDT,short,official_close,2026-02-27T03:00:00Z,2026-02-27T03:15:00Z,BEATUSDT|2026-02-27T03:00:00Z,2026-02-27T03:15:00Z,0.2125,6.0,0,closed,realized,2026-02-27T04:07:59Z,0.20637499999999998,target_1m,,,0.028823529411764803,0.027589311552940865,,,0.028823529411764803,0.027589311552940865,52,1,0,0,0,atr,0.003500000000000003,1.75,1.0,8,3,1,2026-02-27T04:07:59Z,40.0,1.1035724621176346,0.027589311552940865,2026-02
rank32b-dogeusdt-5d0a6a78cd82a685,DOGEUSDT,long,official_close,2026-02-27T04:00:00Z,2026-02-27T04:15:00Z,DOGEUSDT|2026-02-27T04:00:00Z,2026-02-27T04:15:00Z,0.09854,6.0,0,closed,realized,2026-02-27T06:15:59Z,0.09871,timeout_1m,,,0.0017251877410189298,0.0005234781367973174,,,0.0017251877410189298,0.0005234781367973174,120,0,0,1,0,atr,0.0005378571428571405,1.75,1.0,8,3,1,2026-02-27T06:15:59Z,100.0,0.052347813679731736,0.0005234781367973174,2026-02
rank32b-dotusdt-535574c962aa2744,DOTUSDT,long,official_close,2026-02-27T06:30:00Z,2026-02-27T06:45:00Z,DOTUSDT|2026-02-27T06:30:00Z,2026-02-27T06:45:00Z,1.615,6.0,0,closed,realized,2026-02-27T08:45:59Z,1.617,timeout_1m,,,0.0012383900928791824,3.726447058816085e-05,,,0.0012383900928791824,3.726447058816085e-05,120,0,0,1,0,atr,0.020142857142857098,1.75,1.0,8,3,1,2026-02-27T08:45:59Z,100.0,0.0037264470588160847,3.726447058816085e-05,2026-02
rank32b-actusdt-e2fbdf3899c49c1d,ACTUSDT,long,official_close,2026-02-27T13:00:00Z,2026-02-27T13:15:00Z,ACTUSDT|2026-02-27T13:00:00Z,2026-02-27T13:15:00Z,0.01427,6.0,0,closed,realized,2026-02-27T13:30:59Z,0.014104285714285713,stop_1m,,,-0.011612774051456665,-0.012798482903193631,,,-0.011612774051456665,-0.012798482903193631,15,0,1,0,0,atr,0.00016571428571428602,1.75,1.0,8,3,1,2026-02-27T13:30:59Z,40.0,-0.5119393161277452,-0.012798482903193631,2026-02
rank32b-tradoorusdt-d97197e012582680,TRADOORUSDT,short,official_close,2026-02-27T12:00:00Z,2026-02-27T12:15:00Z,TRADOORUSDT|2026-02-27T12:00:00Z,2026-02-27T12:15:00Z,1.418,6.0,0,closed,realized,2026-02-27T13:50:59Z,1.4267142857142856,stop_1m,,,-0.006145476526294491,-0.007337744166834526,,,-0.006145476526294491,-0.007337744166834526,95,0,1,0,0,atr,0.008714285714285706,1.75,1.0,8,3,1,2026-02-27T13:50:59Z,40.0,-0.293509766673381,-0.007337744166834526,2026-02
rank32b-dotusdt-8079c6a7a438015d,DOTUSDT,long,official_close,2026-02-27T17:45:00Z,2026-02-27T18:00:00Z,DOTUSDT|2026-02-27T17:45:00Z,2026-02-27T18:00:00Z,1.593,6.0,0,closed,realized,2026-02-27T18:45:59Z,1.61975,target_1m,,,0.016792215944758437,0.015572431330822534,,,0.016792215944758437,0.015572431330822534,45,1,0,0,0,atr,0.0152857142857143,1.75,1.0,8,3,1,2026-02-27T18:45:59Z,100.0,1.5572431330822534,0.015572431330822534,2026-02
rank32b-pippinusdt-c8d6267dd2550f13,PIPPINUSDT,short,official_close,2026-02-28T00:30:00Z,2026-02-28T00:45:00Z,PIPPINUSDT|2026-02-28T00:30:00Z,2026-02-28T00:45:00Z,0.64254,6.0,0,closed,realized,2026-02-28T01:17:59Z,0.6554978571428571,stop_1m,,,-0.02016661553032817,-0.021342062851673504,,,-0.02016661553032817,-0.021342062851673504,32,0,1,0,0,atr,0.012957857142857148,1.75,1.0,8,3,1,2026-02-28T01:17:59Z,40.0,-0.8536825140669402,-0.021342062851673504,2026-02
rank32b-pippinusdt-86be87399a545ce9,PIPPINUSDT,short,official_close,2026-02-28T02:00:00Z,2026-02-28T02:15:00Z,PIPPINUSDT|2026-02-28T02:00:00Z,2026-02-28T02:15:00Z,0.65571,6.0,0,closed,realized,2026-02-28T02:29:59Z,0.6713278571428571,stop_1m,,,-0.02381823846343223,-0.024989305151842056,,,-0.02381823846343223,-0.024989305151842056,14,0,1,0,0,atr,0.015617857142857143,1.75,1.0,8,3,1,2026-02-28T02:29:59Z,40.0,-0.9995722060736822,-0.024989305151842056,2026-02
rank32b-beatusdt-9a8d35af49aa35e9,BEATUSDT,short,official_close,2026-02-28T02:15:00Z,2026-02-28T02:30:00Z,BEATUSDT|2026-02-28T02:15:00Z,2026-02-28T02:30:00Z,0.2005,6.0,0,closed,realized,2026-02-28T02:55:59Z,0.2029857142857143,stop_1m,,,-0.012397577484859257,-0.013582344855005424,,,-0.012397577484859257,-0.013582344855005424,25,0,1,0,0,atr,0.0024857142857142855,1.75,1.0,8,3,1,2026-02-28T02:55:59Z,40.0,-0.543293794200217,-0.013582344855005424,2026-02
rank32b-pippinusdt-a03bcfce2c0b027c,PIPPINUSDT,short,official_close,2026-02-28T06:15:00Z,2026-02-28T06:30:00Z,PIPPINUSDT|2026-02-28T06:15:00Z,2026-02-28T06:30:00Z,0.64492,6.0,0,closed,realized,2026-02-28T07:45:59Z,0.6106275000000001,target_1m,,,0.05317326179991311,0.05190983302812735,,,0.05317326179991311,0.05190983302812735,75,1,0,0,0,atr,0.01959571428571429,1.75,1.0,8,3,1,2026-02-28T07:45:59Z,40.0,2.076393321125094,0.05190983302812735,2026-02
rank32b-dotusdt-183c465796237a75,DOTUSDT,short,official_close,2026-02-28T14:00:00Z,2026-02-28T14:15:00Z,DOTUSDT|2026-02-28T14:00:00Z,2026-02-28T14:15:00Z,1.503,6.0,0,closed,realized,2026-02-28T16:15:59Z,1.502,timeout_1m,,,0.0006653359946772186,-0.0005351021689956603,,,0.0006653359946772186,-0.0005351021689956603,120,0,0,1,0,atr,0.019214285714285677,1.75,1.0,8,3,1,2026-02-28T16:15:59Z,100.0,-0.05351021689956603,-0.0005351021689956603,2026-02
rank32b-brettusdt-1537e0becbe2e90e,BRETTUSDT,short,official_close,2026-02-28T14:45:00Z,2026-02-28T15:00:00Z,BRETTUSDT|2026-02-28T14:45:00Z,2026-02-28T15:00:00Z,0.006657,6.0,0,closed,realized,2026-02-28T17:00:59Z,0.006634,timeout_1m,,,0.0034550097641579125,0.0022512249962445274,,,0.0034550097641579125,0.0022512249962445274,120,0,0,1,0,atr,7.371428571428565e-05,1.75,1.0,8,3,1,2026-02-28T17:00:59Z,40.0,0.0900489998497811,0.0022512249962445274,2026-02
rank32b-ethusdt-d693b6020999737e,ETHUSDT,short,official_close,2026-02-28T17:30:00Z,2026-02-28T17:45:00Z,ETHUSDT|2026-02-28T17:30:00Z,2026-02-28T17:45:00Z,1889.7,6.0,0,closed,realized,2026-02-28T17:58:59Z,1904.237142857143,stop_1m,,,-0.007692831061619776,-0.008883242433765148,,,-0.007692831061619776,-0.008883242433765148,13,0,1,0,0,atr,14.537142857142905,1.75,1.0,8,3,1,2026-02-28T17:58:59Z,100.0,-0.8883242433765148,-0.008883242433765148,2026-02
rank32b-wldusdt-5a8abf4ad670e98f,WLDUSDT,short,official_close,2026-02-28T16:00:00Z,2026-02-28T16:15:00Z,WLDUSDT|2026-02-28T16:00:00Z,2026-02-28T16:15:00Z,0.378,6.0,0,closed,realized,2026-02-28T18:15:59Z,0.3796,timeout_1m,,,-0.004232804232804144,-0.005427366391534405,,,-0.004232804232804144,-0.005427366391534405,120,0,0,1,0,atr,0.003964285714285714,1.75,1.0,8,3,1,2026-02-28T18:15:59Z,100.0,-0.5427366391534405,-0.005427366391534405,2026-02
rank32b-dotusdt-f12578104a9aa986,DOTUSDT,long,official_close,2026-03-01T06:15:00Z,2026-03-01T06:30:00Z,DOTUSDT|2026-03-01T06:15:00Z,2026-03-01T06:30:00Z,1.601,6.0,0,closed,realized,2026-03-01T08:03:59Z,1.589,stop_1m,,,-0.007495315427857641,-0.008685963747657843,,,-0.007495315427857641,-0.008685963747657843,93,0,1,0,0,atr,0.01200000000000001,1.75,1.0,8,3,1,2026-03-01T08:03:59Z,100.0,-0.8685963747657843,-0.008685963747657843,2026-03
rank32b-fartcoinusdt-86aa3aaf912d2111,FARTCOINUSDT,long,official_close,2026-03-01T08:00:00Z,2026-03-01T08:15:00Z,FARTCOINUSDT|2026-03-01T08:00:00Z,2026-03-01T08:15:00Z,0.1621,6.0,0,closed,realized,2026-03-01T08:50:59Z,0.1607642857142857,stop_1m,,,-0.008240063452895185,-0.00942981834317469,,,-0.008240063452895185,-0.00942981834317469,35,0,1,0,0,atr,0.0013357142857142873,1.75,1.0,8,3,1,2026-03-01T08:50:59Z,40.0,-0.3771927337269876,-0.00942981834317469,2026-03
rank32b-nearusdt-3602f3aff4471b34,NEARUSDT,long,official_close,2026-03-01T13:45:00Z,2026-03-01T14:00:00Z,NEARUSDT|2026-03-01T13:45:00Z,2026-03-01T14:00:00Z,1.165,6.0,0,closed,realized,2026-03-01T14:06:59Z,1.182,target_1m,,,0.014592274678111528,0.013375129201716573,,,0.014592274678111528,0.013375129201716573,6,1,0,0,0,atr,0.009714285714285691,1.75,1.0,8,3,1,2026-03-01T14:06:59Z,100.0,1.3375129201716573,0.013375129201716573,2026-03
rank32b-zecusdt-3941a6656a5ef75e,ZECUSDT,short,official_close,2026-03-01T14:30:00Z,2026-03-01T14:45:00Z,ZECUSDT|2026-03-01T14:30:00Z,2026-03-01T14:45:00Z,220.3,6.0,0,closed,realized,2026-03-01T15:35:59Z,222.51928571428573,stop_1m,,,-0.010073925166980136,-0.011261480083392894,,,-0.010073925166980136,-0.011261480083392894,50,0,1,0,0,atr,2.219285714285714,1.75,1.0,8,3,1,2026-03-01T15:35:59Z,100.0,-1.1261480083392894,-0.011261480083392894,2026-03
rank32b-bchusdt-281d4814f69a585f,BCHUSDT,short,official_close,2026-03-01T14:15:00Z,2026-03-01T14:30:00Z,BCHUSDT|2026-03-01T14:15:00Z,2026-03-01T14:30:00Z,448.61,6.0,0,closed,realized,2026-03-01T16:30:59Z,448.58,timeout_1m,,,6.687323064580308e-05,-0.0011328469931566332,,,6.687323064580308e-05,-0.0011328469931566332,120,0,0,1,0,atr,2.531428571428575,1.75,1.0,8,3,1,2026-03-01T16:30:59Z,100.0,-0.11328469931566332,-0.0011328469931566332,2026-03
rank32b-adausdt-99a49aacb6152c74,ADAUSDT,long,official_close,2026-03-01T15:00:00Z,2026-03-01T15:15:00Z,ADAUSDT|2026-03-01T15:00:00Z,2026-03-01T15:15:00Z,0.2802,6.0,0,closed,realized,2026-03-01T16:48:59Z,0.27795,stop_1m,,,-0.00802997858672383,-0.009219985503212125,,,-0.00802997858672383,-0.009219985503212125,93,0,1,0,0,atr,0.002250000000000006,1.75,1.0,8,3,1,2026-03-01T16:48:59Z,100.0,-0.9219985503212125,-0.009219985503212125,2026-03
rank32b-zecusdt-eb689891197760b6,ZECUSDT,short,official_close,2026-03-01T15:45:00Z,2026-03-01T16:00:00Z,ZECUSDT|2026-03-01T15:45:00Z,2026-03-01T16:00:00Z,220.25,6.0,0,closed,realized,2026-03-01T16:50:59Z,216.235,target_1m,,,0.018229284903518717,0.017007776324176938,,,0.018229284903518717,0.017007776324176938,50,1,0,0,0,atr,2.2942857142857145,1.75,1.0,8,3,1,2026-03-01T16:50:59Z,100.0,1.7007776324176938,0.017007776324176938,2026-03
rank32b-pippinusdt-f40e8faca08f24af,PIPPINUSDT,short,official_close,2026-03-01T17:15:00Z,2026-03-01T17:30:00Z,PIPPINUSDT|2026-03-01T17:15:00Z,2026-03-01T17:30:00Z,0.57888,6.0,0,closed,realized,2026-03-01T17:39:59Z,0.5983492857142857,stop_1m,,,-0.03363267985469487,-0.03479197274663415,,,-0.03363267985469487,-0.03479197274663415,9,0,1,0,0,atr,0.019469285714285713,1.75,1.0,8,3,1,2026-03-01T17:39:59Z,40.0,-1.391678909865366,-0.03479197274663415,2026-03
rank32b-dogeusdt-2dc6040505d818ab,DOGEUSDT,short,official_close,2026-03-01T16:45:00Z,2026-03-01T17:00:00Z,DOGEUSDT|2026-03-01T16:45:00Z,2026-03-01T17:00:00Z,0.09285,6.0,0,closed,realized,2026-03-01T19:00:59Z,0.0927,timeout_1m,,,0.001615508885298822,0.00041393085621965753,,,0.001615508885298822,0.00041393085621965753,120,0,0,1,0,atr,0.0009057142857142855,1.75,1.0,8,3,1,2026-03-01T19:00:59Z,100.0,0.04139308562196575,0.00041393085621965753,2026-03
rank32b-aaveusdt-85af495691a81deb,AAVEUSDT,long,official_close,2026-03-01T18:00:00Z,2026-03-01T18:15:00Z,AAVEUSDT|2026-03-01T18:00:00Z,2026-03-01T18:15:00Z,114.44,6.0,0,closed,realized,2026-03-01T19:06:59Z,113.25714285714285,stop_1m,,,-0.010336046337444449,-0.011523286802816224,,,-0.010336046337444449,-0.011523286802816224,51,0,1,0,0,atr,1.182857142857142,1.75,1.0,8,3,1,2026-03-01T19:06:59Z,100.0,-1.1523286802816224,-0.011523286802816224,2026-03
rank32b-uniusdt-907a49af170c65a4,UNIUSDT,short,official_close,2026-03-01T22:15:00Z,2026-03-01T22:30:00Z,UNIUSDT|2026-03-01T22:15:00Z,2026-03-01T22:30:00Z,3.74,6.0,0,closed,realized,2026-03-01T23:09:59Z,3.7670714285714286,stop_1m,,,-0.007238349885408724,-0.008429306471352316,,,-0.007238349885408724,-0.008429306471352316,39,0,1,0,0,atr,0.027071428571428573,1.75,1.0,8,3,1,2026-03-01T23:09:59Z,100.0,-0.8429306471352316,-0.008429306471352316,2026-03
rank32b-nearusdt-d26d193a00414306,NEARUSDT,long,official_close,2026-03-01T23:00:00Z,2026-03-01T23:15:00Z,NEARUSDT|2026-03-01T23:00:00Z,2026-03-01T23:15:00Z,1.152,6.0,0,closed,realized,2026-03-01T23:34:59Z,1.140642857142857,stop_1m,,,-0.009858630952380931,-0.011046444144345302,,,-0.009858630952380931,-0.011046444144345302,19,0,1,0,0,atr,0.011357142857142828,1.75,1.0,8,3,1,2026-03-01T23:34:59Z,100.0,-1.1046444144345302,-0.011046444144345302,2026-03
rank32b-solusdt-df978444b9a53ec3,SOLUSDT,long,official_close,2026-03-02T00:30:00Z,2026-03-02T00:45:00Z,SOLUSDT|2026-03-02T00:30:00Z,2026-03-02T00:45:00Z,84.9,6.0,0,closed,realized,2026-03-02T02:06:59Z,84.18142857142857,stop_1m,,,-0.008463738852431568,-0.009653225412754818,,,-0.008463738852431568,-0.009653225412754818,81,0,1,0,0,atr,0.7185714285714327,1.75,1.0,8,3,1,2026-03-02T02:06:59Z,100.0,-0.9653225412754818,-0.009653225412754818,2026-03
rank32b-brettusdt-1c1123c65ac8fef1,BRETTUSDT,short,official_close,2026-03-02T02:00:00Z,2026-03-02T02:15:00Z,BRETTUSDT|2026-03-02T02:00:00Z,2026-03-02T02:15:00Z,0.006866,6.0,0,closed,realized,2026-03-02T02:39:59Z,0.006933928571428571,stop_1m,,,-0.00989347093337778,-0.01108124232990737,,,-0.00989347093337778,-0.01108124232990737,24,0,1,0,0,atr,6.79285714285714e-05,1.75,1.0,8,3,1,2026-03-02T02:39:59Z,40.0,-0.4432496931962948,-0.01108124232990737,2026-03
rank32b-1000pepeusdt-553813fb172610d3,1000PEPEUSDT,short,official_close,2026-03-02T01:15:00Z,2026-03-02T01:30:00Z,1000PEPEUSDT|2026-03-02T01:15:00Z,2026-03-02T01:30:00Z,0.003476,6.0,0,closed,realized,2026-03-02T03:30:59Z,0.0034834,timeout_1m,,,-0.002128883774453527,-0.0033259698803224103,,,-0.002128883774453527,-0.0033259698803224103,120,0,0,1,0,atr,3.4192857142857106e-05,1.75,1.0,8,3,1,2026-03-02T03:30:59Z,40.0,-0.1330387952128964,-0.0033259698803224103,2026-03
rank32b-turbousdt-d75d40a46a016d36,TURBOUSDT,short,official_close,2026-03-02T05:00:00Z,2026-03-02T05:15:00Z,TURBOUSDT|2026-03-02T05:00:00Z,2026-03-02T05:15:00Z,0.0009564,6.0,0,closed,realized,2026-03-02T05:42:59Z,0.0009635214285714286,stop_1m,,,-0.007446077552727415,-0.008636784940252218,,,-0.007446077552727415,-0.008636784940252218,27,0,1,0,0,atr,7.12142857142857e-06,1.75,1.0,8,3,1,2026-03-02T05:42:59Z,40.0,-0.3454713976100887,-0.008636784940252218,2026-03
rank32b-actusdt-23201f6bcd220bca,ACTUSDT,short,official_close,2026-03-02T05:45:00Z,2026-03-02T06:00:00Z,ACTUSDT|2026-03-02T05:45:00Z,2026-03-02T06:00:00Z,0.01315,6.0,0,closed,realized,2026-03-02T06:17:59Z,0.01301,target_1m,,,0.010646387832699555,0.009433975999999955,,,0.010646387832699555,0.009433975999999955,17,1,0,0,0,atr,8.000000000000009e-05,1.75,1.0,8,3,1,2026-03-02T06:17:59Z,40.0,0.3773590399999982,0.009433975999999955,2026-03
rank32b-suiusdt-96f97635d9d1aede,SUIUSDT,short,official_close,2026-03-02T06:15:00Z,2026-03-02T06:30:00Z,SUIUSDT|2026-03-02T06:15:00Z,2026-03-02T06:30:00Z,0.8908,6.0,0,closed,realized,2026-03-02T08:30:59Z,0.8826,timeout_1m,,,0.009205208801077669,0.007994525864391422,,,0.009205208801077669,0.007994525864391422,120,0,0,1,0,atr,0.0068142857142857016,1.75,1.0,8,3,1,2026-03-02T08:30:59Z,100.0,0.7994525864391422,0.007994525864391422,2026-03
rank32b-bchusdt-55ca1cf016c15b1a,BCHUSDT,short,official_close,2026-03-02T07:00:00Z,2026-03-02T07:15:00Z,BCHUSDT|2026-03-02T07:00:00Z,2026-03-02T07:15:00Z,440.69,6.0,0,closed,realized,2026-03-02T09:15:59Z,439.63,timeout_1m,,,0.002405318931675282,0.00120279341487195,,,0.002405318931675282,0.00120279341487195,120,0,0,1,0,atr,2.82714285714286,1.75,1.0,8,3,1,2026-03-02T09:15:59Z,100.0,0.12027934148719499,0.00120279341487195,2026-03
rank32b-aaveusdt-d0985a0742b77130,AAVEUSDT,long,official_close,2026-03-02T14:30:00Z,2026-03-02T14:45:00Z,AAVEUSDT|2026-03-02T14:30:00Z,2026-03-02T14:45:00Z,116.87,6.0,0,closed,realized,2026-03-02T15:00:59Z,118.2825,target_1m,,,0.012086078548814827,0.010871939605544334,,,0.012086078548814827,0.010871939605544334,15,1,0,0,0,atr,0.8071428571428569,1.75,1.0,8,3,1,2026-03-02T15:00:59Z,100.0,1.0871939605544334,0.010871939605544334,2026-03
rank32b-pippinusdt-6027f5d23a668e39,PIPPINUSDT,short,official_close,2026-03-02T16:30:00Z,2026-03-02T16:45:00Z,PIPPINUSDT|2026-03-02T16:30:00Z,2026-03-02T16:45:00Z,0.5518,6.0,0,closed,realized,2026-03-02T17:29:59Z,0.5608207142857142,stop_1m,,,-0.016347796820794347,-0.01752782534981634,,,-0.016347796820794347,-0.01752782534981634,44,0,1,0,0,atr,0.009020714285714286,1.75,1.0,8,3,1,2026-03-02T17:29:59Z,40.0,-0.7011130139926536,-0.01752782534981634,2026-03
rank32b-bchusdt-414cca4d1efcf0e3,BCHUSDT,short,official_close,2026-03-02T20:00:00Z,2026-03-02T20:15:00Z,BCHUSDT|2026-03-02T20:00:00Z,2026-03-02T20:15:00Z,441.46,6.0,0,closed,realized,2026-03-02T21:37:59Z,445.19357142857143,stop_1m,,,-0.008457326662826725,-0.009646820915468979,,,-0.008457326662826725,-0.009646820915468979,82,0,1,0,0,atr,3.733571428571423,1.75,1.0,8,3,1,2026-03-02T21:37:59Z,100.0,-0.9646820915468979,-0.009646820915468979,2026-03
rank32b-1000pepeusdt-aeb10b1433b51054,1000PEPEUSDT,short,official_close,2026-03-02T23:15:00Z,2026-03-02T23:30:00Z,1000PEPEUSDT|2026-03-02T23:15:00Z,2026-03-02T23:30:00Z,0.0035153,6.0,0,closed,realized,2026-03-03T01:05:59Z,0.0035409857142857143,stop_1m,,,-0.007306834206387558,-0.008497708635800238,,,-0.007306834206387558,-0.008497708635800238,95,0,1,0,0,atr,2.5685714285714305e-05,1.75,1.0,8,3,1,2026-03-03T01:05:59Z,40.0,-0.33990834543200954,-0.008497708635800238,2026-03
rank32b-tradoorusdt-1e58f77b644bec28,TRADOORUSDT,long,official_close,2026-03-03T01:00:00Z,2026-03-03T01:15:00Z,TRADOORUSDT|2026-03-03T01:00:00Z,2026-03-03T01:15:00Z,1.449,6.0,0,closed,realized,2026-03-03T03:15:59Z,1.469,timeout_1m,,,0.013802622498274575,0.012586424320220724,,,0.013802622498274575,0.012586424320220724,120,0,0,1,0,atr,0.014500000000000022,1.75,1.0,8,3,1,2026-03-03T03:15:59Z,40.0,0.503456972808829,0.012586424320220724,2026-03
rank32b-beatusdt-f5b90bbe0246b3ea,BEATUSDT,long,official_close,2026-03-03T02:00:00Z,2026-03-03T02:15:00Z,BEATUSDT|2026-03-03T02:00:00Z,2026-03-03T02:15:00Z,0.2632,6.0,0,closed,realized,2026-03-03T04:01:59Z,0.2706625,target_1m,,,0.028352963525835717,0.027119310176671574,,,0.028352963525835717,0.027119310176671574,106,1,0,0,0,atr,0.004264285714285708,1.75,1.0,8,3,1,2026-03-03T04:01:59Z,40.0,1.084772407066863,0.027119310176671574,2026-03
rank32b-zecusdt-9142178cb4a2d79f,ZECUSDT,long,official_close,2026-03-03T05:00:00Z,2026-03-03T05:15:00Z,ZECUSDT|2026-03-03T05:00:00Z,2026-03-03T05:15:00Z,222.09,6.0,0,closed,realized,2026-03-03T05:34:59Z,220.28,stop_1m,,,-0.00814984916025041,-0.009339712275203915,,,-0.00814984916025041,-0.009339712275203915,19,0,1,0,0,atr,1.809999999999994,1.75,1.0,8,3,1,2026-03-03T05:34:59Z,100.0,-0.9339712275203915,-0.009339712275203915,2026-03
rank32b-zecusdt-7e21e7942f2a5332,ZECUSDT,long,official_close,2026-03-03T06:00:00Z,2026-03-03T06:15:00Z,ZECUSDT|2026-03-03T06:00:00Z,2026-03-03T06:15:00Z,221.81,6.0,0,closed,realized,2026-03-03T08:14:59Z,219.90428571428572,stop_1m,,,-0.008591651799802924,-0.009780984910637835,,,-0.008591651799802924,-0.009780984910637835,119,0,1,0,0,atr,1.9057142857142861,1.75,1.0,8,3,1,2026-03-03T08:14:59Z,100.0,-0.9780984910637835,-0.009780984910637835,2026-03
rank32b-1000pepeusdt-9e6ab57f610e7550,1000PEPEUSDT,short,official_close,2026-03-03T07:30:00Z,2026-03-03T07:45:00Z,1000PEPEUSDT|2026-03-03T07:30:00Z,2026-03-03T07:45:00Z,0.0034827,6.0,0,closed,realized,2026-03-03T08:21:59Z,0.0034341125,target_1m,,,0.01395110115714815,0.012734724858155744,,,0.01395110115714815,0.012734724858155744,36,1,0,0,0,atr,2.7764285714285656e-05,1.75,1.0,8,3,1,2026-03-03T08:21:59Z,40.0,0.5093889943262297,0.012734724858155744,2026-03
rank32b-bchusdt-4bf8149b301d0ddc,BCHUSDT,short,official_close,2026-03-03T08:00:00Z,2026-03-03T08:15:00Z,BCHUSDT|2026-03-03T08:00:00Z,2026-03-03T08:15:00Z,441.25,6.0,0,closed,realized,2026-03-03T08:41:59Z,437.7975,target_1m,,,0.007824362606232316,0.006615336187875354,,,0.007824362606232316,0.006615336187875354,26,1,0,0,0,atr,1.9728571428571473,1.75,1.0,8,3,1,2026-03-03T08:41:59Z,100.0,0.6615336187875354,0.006615336187875354,2026-03
rank32b-beatusdt-0023c327ec81d8c5,BEATUSDT,long,official_close,2026-03-03T08:30:00Z,2026-03-03T08:45:00Z,BEATUSDT|2026-03-03T08:30:00Z,2026-03-03T08:45:00Z,0.265,6.0,0,closed,realized,2026-03-03T10:45:59Z,0.2644,timeout_1m,,,-0.0022641509433961593,-0.003461074777358464,,,-0.0022641509433961593,-0.003461074777358464,120,0,0,1,0,atr,0.0046928571428571375,1.75,1.0,8,3,1,2026-03-03T10:45:59Z,40.0,-0.13844299109433855,-0.003461074777358464,2026-03
rank32b-nearusdt-5ff45be626dd6a19,NEARUSDT,long,official_close,2026-03-03T11:15:00Z,2026-03-03T11:30:00Z,NEARUSDT|2026-03-03T11:15:00Z,2026-03-03T11:30:00Z,1.346,6.0,0,closed,realized,2026-03-03T11:43:59Z,1.3238571428571428,stop_1m,,,-0.016450859690087083,-0.01763076458076862,,,-0.016450859690087083,-0.01763076458076862,13,0,1,0,0,atr,0.022142857142857148,1.75,1.0,8,3,1,2026-03-03T11:43:59Z,100.0,-1.763076458076862,-0.01763076458076862,2026-03
rank32b-nearusdt-673c80e6ee6fffdf,NEARUSDT,long,official_close,2026-03-03T12:00:00Z,2026-03-03T12:15:00Z,NEARUSDT|2026-03-03T12:00:00Z,2026-03-03T12:15:00Z,1.362,6.0,0,closed,realized,2026-03-03T13:02:59Z,1.338357142857143,stop_1m,,,-0.017358925949234272,-0.01853774148730858,,,-0.017358925949234272,-0.01853774148730858,47,0,1,0,0,atr,0.02364285714285714,1.75,1.0,8,3,1,2026-03-03T13:02:59Z,100.0,-1.8537741487308579,-0.01853774148730858,2026-03
rank32b-nearusdt-6eb6ba0f9f820d3f,NEARUSDT,long,official_close,2026-03-03T14:15:00Z,2026-03-03T14:30:00Z,NEARUSDT|2026-03-03T14:15:00Z,2026-03-03T14:30:00Z,1.35,6.0,0,closed,realized,2026-03-03T14:47:59Z,1.3317142857142859,stop_1m,,,-0.013544973544973526,-0.014728364452910148,,,-0.013544973544973526,-0.014728364452910148,17,0,1,0,0,atr,0.0182857142857143,1.75,1.0,8,3,1,2026-03-03T14:47:59Z,100.0,-1.4728364452910148,-0.014728364452910148,2026-03
rank32b-dotusdt-db6a4cba9bd7afd2,DOTUSDT,short,official_close,2026-03-03T14:30:00Z,2026-03-03T14:45:00Z,DOTUSDT|2026-03-03T14:30:00Z,2026-03-03T14:45:00Z,1.491,6.0,0,closed,realized,2026-03-03T15:06:59Z,1.5031428571428573,stop_1m,,,-0.008144102711507228,-0.009333972720130479,,,-0.008144102711507228,-0.009333972720130479,21,0,1,0,0,atr,0.012142857142857153,1.75,1.0,8,3,1,2026-03-03T15:06:59Z,100.0,-0.9333972720130479,-0.009333972720130479,2026-03
rank32b-fartcoinusdt-02f376a2c538a7f9,FARTCOINUSDT,long,official_close,2026-03-03T16:00:00Z,2026-03-03T16:15:00Z,FARTCOINUSDT|2026-03-03T16:00:00Z,2026-03-03T16:15:00Z,0.1628,6.0,0,closed,realized,2026-03-03T16:38:59Z,0.1606142857142857,stop_1m,,,-0.013425763425763404,-0.014609297342927374,,,-0.013425763425763404,-0.014609297342927374,23,0,1,0,0,atr,0.002185714285714283,1.75,1.0,8,3,1,2026-03-03T16:38:59Z,40.0,-0.584371893717095,-0.014609297342927374,2026-03
rank32b-adausdt-aa4c9e3dc77d52e1,ADAUSDT,short,official_close,2026-03-03T16:30:00Z,2026-03-03T16:45:00Z,ADAUSDT|2026-03-03T16:30:00Z,2026-03-03T16:45:00Z,0.2661,6.0,0,closed,realized,2026-03-03T16:56:59Z,0.2689357142857143,stop_1m,,,-0.010656573790733814,-0.01184342973855157,,,-0.010656573790733814,-0.01184342973855157,11,0,1,0,0,atr,0.0028357142857142826,1.75,1.0,8,3,1,2026-03-03T16:56:59Z,100.0,-1.184342973855157,-0.01184342973855157,2026-03
rank32b-suiusdt-9a4f4da598f73505,SUIUSDT,long,official_close,2026-03-03T16:45:00Z,2026-03-03T17:00:00Z,SUIUSDT|2026-03-03T16:45:00Z,2026-03-03T17:00:00Z,0.9138,6.0,0,closed,realized,2026-03-03T17:11:59Z,0.9016571428571428,stop_1m,,,-0.01328830941437642,-0.01447200822687067,,,-0.01328830941437642,-0.01447200822687067,11,0,1,0,0,atr,0.012142857142857122,1.75,1.0,8,3,1,2026-03-03T17:11:59Z,100.0,-1.447200822687067,-0.01447200822687067,2026-03
rank32b-1000pepeusdt-f09db54a06787d98,1000PEPEUSDT,short,official_close,2026-03-03T17:00:00Z,2026-03-03T17:15:00Z,1000PEPEUSDT|2026-03-03T17:00:00Z,2026-03-03T17:15:00Z,0.003427,6.0,0,closed,realized,2026-03-03T18:25:59Z,0.0034829285714285713,stop_1m,,,-0.016319979990829125,-0.01750004189003307,,,-0.016319979990829125,-0.01750004189003307,70,0,1,0,0,atr,5.592857142857139e-05,1.75,1.0,8,3,1,2026-03-03T18:25:59Z,40.0,-0.7000016756013228,-0.01750004189003307,2026-03
rank32b-solusdt-a8308a9f659f08d4,SOLUSDT,long,official_close,2026-03-03T18:15:00Z,2026-03-03T18:30:00Z,SOLUSDT|2026-03-03T18:15:00Z,2026-03-03T18:30:00Z,85.4,6.0,0,closed,realized,2026-03-03T20:30:59Z,84.79,timeout_1m,,,-0.0071428571428571175,-0.008333928285714332,,,-0.0071428571428571175,-0.008333928285714332,120,0,0,1,0,atr,1.1235714285714278,1.75,1.0,8,3,1,2026-03-03T20:30:59Z,100.0,-0.8333928285714332,-0.008333928285714332,2026-03
rank32b-zecusdt-564e36dfe4d98462,ZECUSDT,short,official_close,2026-03-03T21:15:00Z,2026-03-03T21:30:00Z,ZECUSDT|2026-03-03T21:15:00Z,2026-03-03T21:30:00Z,216.0,6.0,0,closed,realized,2026-03-03T22:02:59Z,217.94285714285712,stop_1m,,,-0.008994708994708889,-0.010183558582010588,,,-0.008994708994708889,-0.010183558582010588,32,0,1,0,0,atr,1.942857142857136,1.75,1.0,8,3,1,2026-03-03T22:02:59Z,100.0,-1.0183558582010588,-0.010183558582010588,2026-03
rank32b-1000pepeusdt-8bafb5a790b8be6d,1000PEPEUSDT,short,official_close,2026-03-04T00:30:00Z,2026-03-04T00:45:00Z,1000PEPEUSDT|2026-03-04T00:30:00Z,2026-03-04T00:45:00Z,0.0034279,6.0,0,closed,realized,2026-03-04T00:49:59Z,0.003451435714285714,stop_1m,,,-0.0068659279108824744,-0.008057331269123558,,,-0.0068659279108824744,-0.008057331269123558,4,0,1,0,0,atr,2.353571428571428e-05,1.75,1.0,8,3,1,2026-03-04T00:49:59Z,40.0,-0.3222932507649423,-0.008057331269123558,2026-03
rank32b-uniusdt-e2269a769c6eee1c,UNIUSDT,long,official_close,2026-03-04T00:45:00Z,2026-03-04T01:00:00Z,UNIUSDT|2026-03-04T00:45:00Z,2026-03-04T01:00:00Z,3.894,6.0,0,closed,realized,2026-03-04T01:36:59Z,3.9385000000000003,target_1m,,,0.011427837699024224,0.010214488407807032,,,0.011427837699024224,0.010214488407807032,36,1,0,0,0,atr,0.02542857142857145,1.75,1.0,8,3,1,2026-03-04T01:36:59Z,100.0,1.0214488407807032,0.010214488407807032,2026-03
rank32b-turbousdt-b8768e5ba91c3d7c,TURBOUSDT,short,official_close,2026-03-04T03:30:00Z,2026-03-04T03:45:00Z,TURBOUSDT|2026-03-04T03:30:00Z,2026-03-04T03:45:00Z,0.0009565,6.0,0,closed,realized,2026-03-04T04:00:59Z,0.0009643857142857142,stop_1m,,,-0.008244343215592531,-0.009434092971697505,,,-0.008244343215592531,-0.009434092971697505,15,0,1,0,0,atr,7.88571428571429e-06,1.75,1.0,8,3,1,2026-03-04T04:00:59Z,40.0,-0.3773637188679002,-0.009434092971697505,2026-03
rank32b-beatusdt-5e331b7e4f21da77,BEATUSDT,long,official_close,2026-03-04T02:15:00Z,2026-03-04T02:30:00Z,BEATUSDT|2026-03-04T02:15:00Z,2026-03-04T02:30:00Z,0.2636,6.0,0,closed,realized,2026-03-04T04:30:59Z,0.2682,timeout_1m,,,0.017450682852807153,0.016230108315629543,,,0.017450682852807153,0.016230108315629543,120,0,0,1,0,atr,0.0038928571428571384,1.75,1.0,8,3,1,2026-03-04T04:30:59Z,40.0,0.6492043326251817,0.016230108315629543,2026-03
rank32b-dotusdt-5d0dae98371eded9,DOTUSDT,short,official_close,2026-03-04T04:15:00Z,2026-03-04T04:30:00Z,DOTUSDT|2026-03-04T04:15:00Z,2026-03-04T04:30:00Z,1.51,6.0,0,closed,realized,2026-03-04T04:51:59Z,1.5217142857142858,stop_1m,,,-0.007757805108798532,-0.008948138535477823,,,-0.007757805108798532,-0.008948138535477823,21,0,1,0,0,atr,0.011714285714285708,1.75,1.0,8,3,1,2026-03-04T04:51:59Z,100.0,-0.8948138535477823,-0.008948138535477823,2026-03
rank32b-suiusdt-3a4ff9b5f3d8bbda,SUIUSDT,short,official_close,2026-03-04T03:15:00Z,2026-03-04T03:30:00Z,SUIUSDT|2026-03-04T03:15:00Z,2026-03-04T03:30:00Z,0.9014,6.0,0,closed,realized,2026-03-04T05:30:59Z,0.8978,timeout_1m,,,0.003993787441757157,0.0027893563345904315,,,0.003993787441757157,0.0027893563345904315,120,0,0,1,0,atr,0.006764285714285715,1.75,1.0,8,3,1,2026-03-04T05:30:59Z,100.0,0.27893563345904315,0.0027893563345904315,2026-03
rank32b-uniusdt-76dec1cc2ed0edb0,UNIUSDT,long,official_close,2026-03-04T05:30:00Z,2026-03-04T05:45:00Z,UNIUSDT|2026-03-04T05:30:00Z,2026-03-04T05:45:00Z,3.918,6.0,0,closed,realized,2026-03-04T06:14:59Z,3.8889285714285715,stop_1m,,,-0.007419966455188498,-0.008610705166630317,,,-0.007419966455188498,-0.008610705166630317,29,0,1,0,0,atr,0.029071428571428606,1.75,1.0,8,3,1,2026-03-04T06:14:59Z,100.0,-0.8610705166630317,-0.008610705166630317,2026-03
rank32b-uniusdt-60e4c5806845313f,UNIUSDT,long,official_close,2026-03-04T06:30:00Z,2026-03-04T06:45:00Z,UNIUSDT|2026-03-04T06:30:00Z,2026-03-04T06:45:00Z,3.93,6.0,0,closed,realized,2026-03-04T07:05:59Z,3.900857142857143,stop_1m,,,-0.00741548527808078,-0.008606229365321849,,,-0.00741548527808078,-0.008606229365321849,20,0,1,0,0,atr,0.0291428571428572,1.75,1.0,8,3,1,2026-03-04T07:05:59Z,100.0,-0.8606229365321849,-0.008606229365321849,2026-03
rank32b-dotusdt-0b0d5ac9e4df8e2b,DOTUSDT,short,official_close,2026-03-04T07:00:00Z,2026-03-04T07:15:00Z,DOTUSDT|2026-03-04T07:00:00Z,2026-03-04T07:15:00Z,1.515,6.0,0,closed,realized,2026-03-04T07:29:59Z,1.5254285714285714,stop_1m,,,-0.006883545497406995,-0.008074927720886471,,,-0.006883545497406995,-0.008074927720886471,14,0,1,0,0,atr,0.010428571428571438,1.75,1.0,8,3,1,2026-03-04T07:29:59Z,100.0,-0.8074927720886471,-0.008074927720886471,2026-03
rank32b-solusdt-98b8537c4fd69da4,SOLUSDT,long,official_close,2026-03-04T07:15:00Z,2026-03-04T07:30:00Z,SOLUSDT|2026-03-04T07:15:00Z,2026-03-04T07:30:00Z,86.26,6.0,0,closed,realized,2026-03-04T07:48:59Z,87.3275,target_1m,,,0.012375376767910895,0.011160890770924858,,,0.012375376767910895,0.011160890770924858,18,1,0,0,0,atr,0.6099999999999994,1.75,1.0,8,3,1,2026-03-04T07:48:59Z,100.0,1.1160890770924858,0.011160890770924858,2026-03
rank32b-avaxusdt-688a74e71eb39134,AVAXUSDT,long,official_close,2026-03-04T07:45:00Z,2026-03-04T08:00:00Z,AVAXUSDT|2026-03-04T07:45:00Z,2026-03-04T08:00:00Z,9.18,6.0,0,closed,realized,2026-03-04T08:46:59Z,9.265375,target_1m,,,0.009300108932462026,0.008089312149782257,,,0.009300108932462026,0.008089312149782257,46,1,0,0,0,atr,0.04878571428571453,1.75,1.0,8,3,1,2026-03-04T08:46:59Z,100.0,0.8089312149782257,0.008089312149782257,2026-03
rank32b-dotusdt-5c0e6959caa3c6de,DOTUSDT,long,official_close,2026-03-04T15:15:00Z,2026-03-04T15:30:00Z,DOTUSDT|2026-03-04T15:15:00Z,2026-03-04T15:30:00Z,1.543,6.0,0,closed,realized,2026-03-04T17:21:59Z,1.5290714285714284,stop_1m,,,-0.009026941949819567,-0.010215752869178973,,,-0.009026941949819567,-0.010215752869178973,111,0,1,0,0,atr,0.013928571428571433,1.75,1.0,8,3,1,2026-03-04T17:21:59Z,100.0,-1.0215752869178973,-0.010215752869178973,2026-03
rank32b-pippinusdt-07ebd94b4b5656a9,PIPPINUSDT,short,official_close,2026-03-04T22:45:00Z,2026-03-04T23:00:00Z,PIPPINUSDT|2026-03-04T22:45:00Z,2026-03-04T23:00:00Z,0.3441,6.0,0,closed,realized,2026-03-05T00:01:59Z,0.3568328571428572,stop_1m,,,-0.03700336280981453,-0.03815861209565341,,,-0.03700336280981453,-0.03815861209565341,61,0,1,0,0,atr,0.012732857142857141,1.75,1.0,8,3,1,2026-03-05T00:01:59Z,40.0,-1.5263444838261364,-0.03815861209565341,2026-03
rank32b-uniusdt-252edc229575cfc8,UNIUSDT,long,official_close,2026-03-05T01:00:00Z,2026-03-05T01:15:00Z,UNIUSDT|2026-03-05T01:00:00Z,2026-03-05T01:15:00Z,4.01,6.0,0,closed,realized,2026-03-05T01:21:59Z,3.9850714285714286,stop_1m,,,-0.006216601353758455,-0.0074087836701105525,,,-0.006216601353758455,-0.0074087836701105525,6,0,1,0,0,atr,0.02492857142857141,1.75,1.0,8,3,1,2026-03-05T01:21:59Z,100.0,-0.7408783670110552,-0.0074087836701105525,2026-03
rank32b-aaveusdt-74b64f757ea9ffaa,AAVEUSDT,long,official_close,2026-03-04T23:30:00Z,2026-03-04T23:45:00Z,AAVEUSDT|2026-03-04T23:30:00Z,2026-03-04T23:45:00Z,116.06,6.0,0,closed,realized,2026-03-05T01:45:59Z,116.08,timeout_1m,,,0.00017232465965877353,-0.001027522067896025,,,0.00017232465965877353,-0.001027522067896025,120,0,0,1,0,atr,0.8178571428571451,1.75,1.0,8,3,1,2026-03-05T01:45:59Z,100.0,-0.10275220678960251,-0.001027522067896025,2026-03
rank32b-avaxusdt-e1931ef9cb8d21ab,AVAXUSDT,long,official_close,2026-03-05T02:00:00Z,2026-03-05T02:15:00Z,AVAXUSDT|2026-03-05T02:00:00Z,2026-03-05T02:15:00Z,9.503,6.0,0,closed,realized,2026-03-05T02:33:59Z,9.447714285714286,stop_1m,,,-0.005817711700064621,-0.007010372540400933,,,-0.005817711700064621,-0.007010372540400933,18,0,1,0,0,atr,0.0552857142857141,1.75,1.0,8,3,1,2026-03-05T02:33:59Z,100.0,-0.7010372540400933,-0.007010372540400933,2026-03
rank32b-pippinusdt-fff3e572036fb44b,PIPPINUSDT,short,official_close,2026-03-05T04:00:00Z,2026-03-05T04:15:00Z,PIPPINUSDT|2026-03-05T04:00:00Z,2026-03-05T04:15:00Z,0.34463,6.0,0,closed,realized,2026-03-05T04:41:59Z,0.3250575,target_1m,,,0.05679279226997069,0.05552502136465187,,,0.05679279226997069,0.05552502136465187,26,1,0,0,0,atr,0.011184285714285706,1.75,1.0,8,3,1,2026-03-05T04:41:59Z,40.0,2.221000854586075,0.05552502136465187,2026-03
rank32b-dotusdt-e61ddb7664940a27,DOTUSDT,long,official_close,2026-03-05T04:30:00Z,2026-03-05T04:45:00Z,DOTUSDT|2026-03-05T04:30:00Z,2026-03-05T04:45:00Z,1.543,6.0,0,closed,realized,2026-03-05T05:20:59Z,1.5329285714285714,stop_1m,,,-0.006527173409869413,-0.007718983151560055,,,-0.006527173409869413,-0.007718983151560055,35,0,1,0,0,atr,0.010071428571428573,1.75,1.0,8,3,1,2026-03-05T05:20:59Z,100.0,-0.7718983151560055,-0.007718983151560055,2026-03
rank32b-brettusdt-908457515fa82195,BRETTUSDT,long,official_close,2026-03-05T06:45:00Z,2026-03-05T07:00:00Z,BRETTUSDT|2026-03-05T06:45:00Z,2026-03-05T07:00:00Z,0.007696,6.0,0,closed,realized,2026-03-05T07:33:59Z,0.007632928571428571,stop_1m,,,-0.008195351945351925,-0.009385160473344256,,,-0.008195351945351925,-0.009385160473344256,33,0,1,0,0,atr,6.307142857142864e-05,1.75,1.0,8,3,1,2026-03-05T07:33:59Z,40.0,-0.37540641893377025,-0.009385160473344256,2026-03
rank32b-beatusdt-5cf526bc2e95f5cc,BEATUSDT,long,official_close,2026-03-05T06:15:00Z,2026-03-05T06:30:00Z,BEATUSDT|2026-03-05T06:15:00Z,2026-03-05T06:30:00Z,0.2777,6.0,0,closed,realized,2026-03-05T07:36:59Z,0.27555,stop_1m,,,-0.007742167806985889,-0.008932519992797983,,,-0.007742167806985889,-0.008932519992797983,66,0,1,0,0,atr,0.002150000000000005,1.75,1.0,8,3,1,2026-03-05T07:36:59Z,40.0,-0.3573007997119193,-0.008932519992797983,2026-03
rank32b-uniusdt-bc5b007d4954df12,UNIUSDT,long,official_close,2026-03-05T08:30:00Z,2026-03-05T08:45:00Z,UNIUSDT|2026-03-05T08:30:00Z,2026-03-05T08:45:00Z,4.007,6.0,0,closed,realized,2026-03-05T09:11:59Z,4.044874999999999,target_1m,,,0.009452208634888937,0.008241229387322191,,,0.009452208634888937,0.008241229387322191,26,1,0,0,0,atr,0.021642857142857137,1.75,1.0,8,3,1,2026-03-05T09:11:59Z,100.0,0.8241229387322191,0.008241229387322191,2026-03
rank32b-zecusdt-ad953d3f00e6ba7a,ZECUSDT,long,official_close,2026-03-05T09:00:00Z,2026-03-05T09:15:00Z,ZECUSDT|2026-03-05T09:00:00Z,2026-03-05T09:15:00Z,237.98,6.0,0,closed,realized,2026-03-05T09:38:59Z,236.38071428571428,stop_1m,,,-0.006720252602259502,-0.007911830718427826,,,-0.006720252602259502,-0.007911830718427826,23,0,1,0,0,atr,1.5992857142857113,1.75,1.0,8,3,1,2026-03-05T09:38:59Z,100.0,-0.7911830718427826,-0.007911830718427826,2026-03
rank32b-zecusdt-81fe18a65bf3c3ca,ZECUSDT,long,official_close,2026-03-05T10:15:00Z,2026-03-05T10:30:00Z,ZECUSDT|2026-03-05T10:15:00Z,2026-03-05T10:30:00Z,238.65,6.0,0,closed,realized,2026-03-05T11:15:59Z,236.955,stop_1m,,,-0.007102451288497735,-0.008293570903834091,,,-0.007102451288497735,-0.008293570903834091,45,0,1,0,0,atr,1.6950000000000014,1.75,1.0,8,3,1,2026-03-05T11:15:59Z,100.0,-0.8293570903834091,-0.008293570903834091,2026-03
rank32b-nearusdt-56431a6a362895b5,NEARUSDT,short,official_close,2026-03-05T09:15:00Z,2026-03-05T09:30:00Z,NEARUSDT|2026-03-05T09:15:00Z,2026-03-05T09:30:00Z,1.3,6.0,0,closed,realized,2026-03-05T11:30:59Z,1.286,timeout_1m,,,0.010769230769230753,0.009556671569230568,,,0.010769230769230753,0.009556671569230568,120,0,0,1,0,atr,0.011642857142857177,1.75,1.0,8,3,1,2026-03-05T11:30:59Z,100.0,0.9556671569230568,0.009556671569230568,2026-03
rank32b-pippinusdt-659f81e8ff631fa8,PIPPINUSDT,short,official_close,2026-03-05T14:30:00Z,2026-03-05T14:45:00Z,PIPPINUSDT|2026-03-05T14:30:00Z,2026-03-05T14:45:00Z,0.34652,6.0,0,closed,realized,2026-03-05T15:06:59Z,0.35584642857142856,stop_1m,,,-0.026914546264078743,-0.02808189849779863,,,-0.026914546264078743,-0.02808189849779863,21,0,1,0,0,atr,0.00932642857142856,1.75,1.0,8,3,1,2026-03-05T15:06:59Z,40.0,-1.1232759399119452,-0.02808189849779863,2026-03
rank32b-xrpusdt-e9b0e972c79afbaf,XRPUSDT,long,official_close,2026-03-05T14:45:00Z,2026-03-05T15:00:00Z,XRPUSDT|2026-03-05T14:45:00Z,2026-03-05T15:00:00Z,1.4369,6.0,0,closed,realized,2026-03-05T15:07:59Z,1.4277714285714287,stop_1m,,,-0.006352962230197878,-0.007544980962588155,,,-0.006352962230197878,-0.007544980962588155,7,0,1,0,0,atr,0.009128571428571439,1.75,1.0,8,3,1,2026-03-05T15:07:59Z,100.0,-0.7544980962588155,-0.007544980962588155,2026-03
rank32b-dotusdt-c662072a0eb6620c,DOTUSDT,short,official_close,2026-03-05T15:00:00Z,2026-03-05T15:15:00Z,DOTUSDT|2026-03-05T15:00:00Z,2026-03-05T15:15:00Z,1.518,6.0,0,closed,realized,2026-03-05T16:04:59Z,1.49775,target_1m,,,0.01333992094861669,0.012124277845849685,,,0.01333992094861669,0.012124277845849685,49,1,0,0,0,atr,0.011571428571428597,1.75,1.0,8,3,1,2026-03-05T16:04:59Z,100.0,1.2124277845849685,0.012124277845849685,2026-03
rank32b-beatusdt-77dc01406a424cbc,BEATUSDT,long,official_close,2026-03-05T16:00:00Z,2026-03-05T16:15:00Z,BEATUSDT|2026-03-05T16:00:00Z,2026-03-05T16:15:00Z,0.2777,6.0,0,closed,realized,2026-03-05T16:18:59Z,0.282075,target_1m,,,0.015754411235145982,0.01453587161325176,,,0.015754411235145982,0.01453587161325176,3,1,0,0,0,atr,0.0025000000000000022,1.75,1.0,8,3,1,2026-03-05T16:18:59Z,40.0,0.5814348645300704,0.01453587161325176,2026-03
rank32b-beatusdt-faf45d511c7e3686,BEATUSDT,long,official_close,2026-03-05T17:30:00Z,2026-03-05T17:45:00Z,BEATUSDT|2026-03-05T17:30:00Z,2026-03-05T17:45:00Z,0.2774,6.0,0,closed,realized,2026-03-05T18:16:59Z,0.2826375,target_1m,,,0.018880677721701433,0.017658387705479228,,,0.018880677721701433,0.017658387705479228,31,1,0,0,0,atr,0.002992857142857142,1.75,1.0,8,3,1,2026-03-05T18:16:59Z,40.0,0.7063355082191691,0.017658387705479228,2026-03
rank32b-pippinusdt-e7146998b29bf5ca,PIPPINUSDT,short,official_close,2026-03-05T16:30:00Z,2026-03-05T16:45:00Z,PIPPINUSDT|2026-03-05T16:30:00Z,2026-03-05T16:45:00Z,0.34266,6.0,0,closed,realized,2026-03-05T18:18:59Z,0.35169428571428574,stop_1m,,,-0.026365159966980967,-0.027533171266478362,,,-0.026365159966980967,-0.027533171266478362,93,0,1,0,0,atr,0.009034285714285708,1.75,1.0,8,3,1,2026-03-05T18:18:59Z,40.0,-1.1013268506591345,-0.027533171266478362,2026-03
rank32b-suiusdt-445acb3bd0644bae,SUIUSDT,long,official_close,2026-03-05T19:00:00Z,2026-03-05T19:15:00Z,SUIUSDT|2026-03-05T19:00:00Z,2026-03-05T19:15:00Z,0.9656,6.0,0,closed,realized,2026-03-05T19:31:59Z,0.9557142857142857,stop_1m,,,-0.01023789797609187,-0.011425256184163901,,,-0.01023789797609187,-0.011425256184163901,16,0,1,0,0,atr,0.009885714285714291,1.75,1.0,8,3,1,2026-03-05T19:31:59Z,100.0,-1.14252561841639,-0.011425256184163901,2026-03
rank32b-aaveusdt-0cc282bc97e5ba35,AAVEUSDT,long,official_close,2026-03-05T18:30:00Z,2026-03-05T18:45:00Z,AAVEUSDT|2026-03-05T18:30:00Z,2026-03-05T18:45:00Z,118.03,6.0,0,closed,realized,2026-03-05T20:45:59Z,118.72,timeout_1m,,,0.005845971363212632,0.004639318302126494,,,0.005845971363212632,0.004639318302126494,120,0,0,1,0,atr,1.1578571428571425,1.75,1.0,8,3,1,2026-03-05T20:45:59Z,100.0,0.4639318302126494,0.004639318302126494,2026-03
rank32b-nearusdt-231a308a5a623221,NEARUSDT,short,official_close,2026-03-05T21:30:00Z,2026-03-05T21:45:00Z,NEARUSDT|2026-03-05T21:30:00Z,2026-03-05T21:45:00Z,1.275,6.0,0,closed,realized,2026-03-05T21:47:59Z,1.2852142857142856,stop_1m,,,-0.008011204481792822,-0.00920123392044836,,,-0.008011204481792822,-0.00920123392044836,2,0,1,0,0,atr,0.0102142857142857,1.75,1.0,8,3,1,2026-03-05T21:47:59Z,100.0,-0.920123392044836,-0.00920123392044836,2026-03
rank32b-pippinusdt-23f39aae76989abf,PIPPINUSDT,short,official_close,2026-03-05T20:15:00Z,2026-03-05T20:30:00Z,PIPPINUSDT|2026-03-05T20:15:00Z,2026-03-05T20:30:00Z,0.34617,6.0,0,closed,realized,2026-03-05T22:30:59Z,0.34858,timeout_1m,,,-0.006961897333680023,-0.008153185563162801,,,-0.006961897333680023,-0.008153185563162801,120,0,0,1,0,atr,0.004656428571428577,1.75,1.0,8,3,1,2026-03-05T22:30:59Z,40.0,-0.32612742252651206,-0.008153185563162801,2026-03
rank32b-aaveusdt-aa8c40637a30de34,AAVEUSDT,long,official_close,2026-03-06T01:30:00Z,2026-03-06T01:45:00Z,AAVEUSDT|2026-03-06T01:30:00Z,2026-03-06T01:45:00Z,118.04,6.0,0,closed,realized,2026-03-06T02:26:59Z,117.36857142857144,stop_1m,,,-0.005688144454664257,-0.006880960729050756,,,-0.005688144454664257,-0.006880960729050756,41,0,1,0,0,atr,0.6714285714285698,1.75,1.0,8,3,1,2026-03-06T02:26:59Z,100.0,-0.6880960729050756,-0.006880960729050756,2026-03
rank32b-nearusdt-adf82b163701f67b,NEARUSDT,short,official_close,2026-03-06T02:15:00Z,2026-03-06T02:30:00Z,NEARUSDT|2026-03-06T02:15:00Z,2026-03-06T02:30:00Z,1.275,6.0,0,closed,realized,2026-03-06T04:30:59Z,1.279,timeout_1m,,,-0.0031372549019608176,-0.0043331313254902915,,,-0.0031372549019608176,-0.0043331313254902915,120,0,0,1,0,atr,0.011428571428571423,1.75,1.0,8,3,1,2026-03-06T04:30:59Z,100.0,-0.43331313254902915,-0.0043331313254902915,2026-03
rank32b-beatusdt-7451dec0e5b74bb6,BEATUSDT,long,official_close,2026-03-06T04:30:00Z,2026-03-06T04:45:00Z,BEATUSDT|2026-03-06T04:30:00Z,2026-03-06T04:45:00Z,0.288,6.0,0,closed,realized,2026-03-06T06:15:59Z,0.28259999999999996,stop_1m,,,-0.018750000000000044,-0.01992714675000007,,,-0.018750000000000044,-0.01992714675000007,90,0,1,0,0,atr,0.005399999999999996,1.75,1.0,8,3,1,2026-03-06T06:15:59Z,40.0,-0.7970858700000027,-0.01992714675000007,2026-03
rank32b-pippinusdt-824e0282811974bf,PIPPINUSDT,short,official_close,2026-03-06T06:30:00Z,2026-03-06T06:45:00Z,PIPPINUSDT|2026-03-06T06:30:00Z,2026-03-06T06:45:00Z,0.34931,6.0,0,closed,realized,2026-03-06T07:27:59Z,0.35610142857142857,stop_1m,,,-0.01944241095711141,-0.02061872706323087,,,-0.01944241095711141,-0.02061872706323087,42,0,1,0,0,atr,0.006791428571428575,1.75,1.0,8,3,1,2026-03-06T07:27:59Z,40.0,-0.8247490825292347,-0.02061872706323087,2026-03
rank32b-suiusdt-3dafea7fd23ce022,SUIUSDT,long,official_close,2026-03-06T07:15:00Z,2026-03-06T07:30:00Z,SUIUSDT|2026-03-06T07:15:00Z,2026-03-06T07:30:00Z,0.9673,6.0,0,closed,realized,2026-03-06T08:30:59Z,0.9609000000000001,stop_1m,,,-0.00661635480202627,-0.007808057558151726,,,-0.00661635480202627,-0.007808057558151726,60,0,1,0,0,atr,0.006400000000000017,1.75,1.0,8,3,1,2026-03-06T08:30:59Z,100.0,-0.7808057558151726,-0.007808057558151726,2026-03
rank32b-1000pepeusdt-4c38debc7fae74b6,1000PEPEUSDT,short,official_close,2026-03-06T08:00:00Z,2026-03-06T08:15:00Z,1000PEPEUSDT|2026-03-06T08:00:00Z,2026-03-06T08:15:00Z,0.0034861,6.0,0,closed,realized,2026-03-06T09:09:59Z,0.003450225,target_1m,,,0.010290869452970308,0.009078884114339658,,,0.010290869452970308,0.009078884114339658,54,1,0,0,0,atr,2.0499999999999932e-05,1.75,1.0,8,3,1,2026-03-06T09:09:59Z,40.0,0.3631553645735863,0.009078884114339658,2026-03
rank32b-pippinusdt-bc3ba6509b63df02,PIPPINUSDT,short,official_close,2026-03-06T07:45:00Z,2026-03-06T08:00:00Z,PIPPINUSDT|2026-03-06T07:45:00Z,2026-03-06T08:00:00Z,0.3482,6.0,0,closed,realized,2026-03-06T10:00:59Z,0.34958,timeout_1m,,,-0.003963239517518646,-0.005158125056863971,,,-0.003963239517518646,-0.005158125056863971,120,0,0,1,0,atr,0.00674071428571429,1.75,1.0,8,3,1,2026-03-06T10:00:59Z,40.0,-0.20632500227455886,-0.005158125056863971,2026-03
rank32b-beatusdt-59b09861725d966e,BEATUSDT,long,official_close,2026-03-06T09:00:00Z,2026-03-06T09:15:00Z,BEATUSDT|2026-03-06T09:00:00Z,2026-03-06T09:15:00Z,0.286,6.0,0,closed,realized,2026-03-06T10:44:59Z,0.2988375,target_1m,,,0.04488636363636367,0.04363287615909073,,,0.04488636363636367,0.04363287615909073,89,1,0,0,0,atr,0.007335714285714279,1.75,1.0,8,3,1,2026-03-06T10:44:59Z,40.0,1.745315046363629,0.04363287615909073,2026-03
rank32b-pippinusdt-142d99d5d34909d7,PIPPINUSDT,short,official_close,2026-03-06T12:45:00Z,2026-03-06T13:00:00Z,PIPPINUSDT|2026-03-06T12:45:00Z,2026-03-06T13:00:00Z,0.34762,6.0,0,closed,realized,2026-03-06T13:49:59Z,0.3384475,target_1m,,,0.026386571543639548,0.025155277156952982,,,0.026386571543639548,0.025155277156952982,49,1,0,0,0,atr,0.005241428571428571,1.75,1.0,8,3,1,2026-03-06T13:49:59Z,40.0,1.0062110862781193,0.025155277156952982,2026-03
rank32b-pippinusdt-a70b5d348824e06e,PIPPINUSDT,short,official_close,2026-03-06T22:30:00Z,2026-03-06T22:45:00Z,PIPPINUSDT|2026-03-06T22:30:00Z,2026-03-06T22:45:00Z,0.35447,6.0,0,closed,realized,2026-03-07T00:45:59Z,0.35453,timeout_1m,,,-0.00016926679267648126,-0.0013687037334614294,,,-0.00016926679267648126,-0.0013687037334614294,120,0,0,1,0,atr,0.005577857142857139,1.75,1.0,8,3,1,2026-03-07T00:45:59Z,40.0,-0.054748149338457175,-0.0013687037334614294,2026-03
rank32b-tradoorusdt-7c10ef720a1bb3f4,TRADOORUSDT,long,official_close,2026-03-07T02:00:00Z,2026-03-07T02:15:00Z,TRADOORUSDT|2026-03-07T02:00:00Z,2026-03-07T02:15:00Z,1.658,6.0,0,closed,realized,2026-03-07T02:33:59Z,1.674,target_1m,,,0.00965018094089265,0.008438964197828636,,,0.00965018094089265,0.008438964197828636,18,1,0,0,0,atr,0.00914285714285715,1.75,1.0,8,3,1,2026-03-07T02:33:59Z,40.0,0.3375585679131454,0.008438964197828636,2026-03
rank32b-dogeusdt-cf308273c821c9e4,DOGEUSDT,short,official_close,2026-03-07T03:15:00Z,2026-03-07T03:30:00Z,DOGEUSDT|2026-03-07T03:15:00Z,2026-03-07T03:30:00Z,0.09135,6.0,0,closed,realized,2026-03-07T04:04:59Z,0.09083125,target_1m,,,0.005678708264915122,0.004472255859332197,,,0.005678708264915122,0.004472255859332197,34,1,0,0,0,atr,0.0002964285714285715,1.75,1.0,8,3,1,2026-03-07T04:04:59Z,100.0,0.4472255859332197,0.004472255859332197,2026-03
rank32b-dotusdt-8b50166e9317f8df,DOTUSDT,short,official_close,2026-03-07T04:00:00Z,2026-03-07T04:15:00Z,DOTUSDT|2026-03-07T04:00:00Z,2026-03-07T04:15:00Z,1.489,6.0,0,closed,realized,2026-03-07T04:29:59Z,1.4977857142857143,stop_1m,,,-0.005900412549169953,-0.007092974178259603,,,-0.005900412549169953,-0.007092974178259603,14,0,1,0,0,atr,0.00878571428571427,1.75,1.0,8,3,1,2026-03-07T04:29:59Z,100.0,-0.7092974178259603,-0.007092974178259603,2026-03
rank32b-tradoorusdt-37cb93ffc4e1d198,TRADOORUSDT,long,official_close,2026-03-07T08:00:00Z,2026-03-07T08:15:00Z,TRADOORUSDT|2026-03-07T08:00:00Z,2026-03-07T08:15:00Z,1.666,6.0,0,closed,realized,2026-03-07T08:38:59Z,1.6577857142857142,stop_1m,,,-0.00493054364602985,-0.006124268768650465,,,-0.00493054364602985,-0.006124268768650465,23,0,1,0,0,atr,0.008214285714285683,1.75,1.0,8,3,1,2026-03-07T08:38:59Z,40.0,-0.2449707507460186,-0.006124268768650465,2026-03
rank32b-pippinusdt-98336d4c6e31a728,PIPPINUSDT,short,official_close,2026-03-07T08:30:00Z,2026-03-07T08:45:00Z,PIPPINUSDT|2026-03-07T08:30:00Z,2026-03-07T08:45:00Z,0.35602,6.0,0,closed,realized,2026-03-07T09:11:59Z,0.3620857142857143,stop_1m,,,-0.017037566107843016,-0.01821676716203746,,,-0.017037566107843016,-0.01821676716203746,26,0,1,0,0,atr,0.006065714285714273,1.75,1.0,8,3,1,2026-03-07T09:11:59Z,40.0,-0.7286706864814985,-0.01821676716203746,2026-03
rank32b-pippinusdt-4c5e3a14dcf3f275,PIPPINUSDT,short,official_close,2026-03-07T10:15:00Z,2026-03-07T10:30:00Z,PIPPINUSDT|2026-03-07T10:15:00Z,2026-03-07T10:30:00Z,0.35697,6.0,0,closed,realized,2026-03-07T12:30:59Z,0.35465,timeout_1m,,,0.006499145586463806,0.005291708951452367,,,0.006499145586463806,0.005291708951452367,120,0,0,1,0,atr,0.005466428571428554,1.75,1.0,8,3,1,2026-03-07T12:30:59Z,40.0,0.2116683580580947,0.005291708951452367,2026-03
rank32b-pippinusdt-21fc755badef4381,PIPPINUSDT,short,official_close,2026-03-07T18:30:00Z,2026-03-07T18:45:00Z,PIPPINUSDT|2026-03-07T18:30:00Z,2026-03-07T18:45:00Z,0.35802,6.0,0,closed,realized,2026-03-07T19:15:59Z,0.36249857142857145,stop_1m,,,-0.012509277215159598,-0.01369391058584124,,,-0.012509277215159598,-0.01369391058584124,30,0,1,0,0,atr,0.004478571428571423,1.75,1.0,8,3,1,2026-03-07T19:15:59Z,40.0,-0.5477564234336496,-0.01369391058584124,2026-03
rank32b-nearusdt-91abecacba657090,NEARUSDT,short,official_close,2026-03-07T18:00:00Z,2026-03-07T18:15:00Z,NEARUSDT|2026-03-07T18:00:00Z,2026-03-07T18:15:00Z,1.221,6.0,0,closed,realized,2026-03-07T19:49:59Z,1.209375,target_1m,,,0.00952088452088451,0.008309822886977791,,,0.00952088452088451,0.008309822886977791,94,1,0,0,0,atr,0.006642857142857157,1.75,1.0,8,3,1,2026-03-07T19:49:59Z,100.0,0.8309822886977791,0.008309822886977791,2026-03
rank32b-pippinusdt-0e01e0e6537db39e,PIPPINUSDT,short,official_close,2026-03-07T22:15:00Z,2026-03-07T22:30:00Z,PIPPINUSDT|2026-03-07T22:15:00Z,2026-03-07T22:30:00Z,0.35834,6.0,0,closed,realized,2026-03-07T22:55:59Z,0.352,target_1m,,,0.01769269408941232,0.01647182922587498,,,0.01769269408941232,0.01647182922587498,25,1,0,0,0,atr,0.003622857142857138,1.75,1.0,8,3,1,2026-03-07T22:55:59Z,40.0,0.6588731690349992,0.01647182922587498,2026-03
rank32b-beatusdt-ada6221945d9b727,BEATUSDT,long,official_close,2026-03-07T23:00:00Z,2026-03-07T23:15:00Z,BEATUSDT|2026-03-07T23:00:00Z,2026-03-07T23:15:00Z,0.3525,6.0,0,closed,realized,2026-03-07T23:53:59Z,0.35951249999999996,target_1m,,,0.019893617021276455,0.01867011184255296,,,0.019893617021276455,0.01867011184255296,38,1,0,0,0,atr,0.004007142857142856,1.75,1.0,8,3,1,2026-03-07T23:53:59Z,40.0,0.7468044737021184,0.01867011184255296,2026-03
rank32b-beatusdt-012b8e8a54b9bdab,BEATUSDT,long,official_close,2026-03-08T01:30:00Z,2026-03-08T01:45:00Z,BEATUSDT|2026-03-08T01:30:00Z,2026-03-08T01:45:00Z,0.354,6.0,0,closed,realized,2026-03-08T02:43:59Z,0.36255,target_1m,,,0.024152542372881447,0.02292392801694909,,,0.024152542372881447,0.02292392801694909,58,1,0,0,0,atr,0.004885714285714291,1.75,1.0,8,3,1,2026-03-08T02:43:59Z,40.0,0.9169571206779636,0.02292392801694909,2026-03
rank32b-actusdt-8d0666ab8ac649b0,ACTUSDT,short,official_close,2026-03-08T10:30:00Z,2026-03-08T10:45:00Z,ACTUSDT|2026-03-08T10:30:00Z,2026-03-08T10:45:00Z,0.01288,6.0,0,closed,realized,2026-03-08T11:06:59Z,0.012780000000000001,target_1m,,,0.00776397515527949,0.0065550211801239655,,,0.00776397515527949,0.0065550211801239655,21,1,0,0,0,atr,5.714285714285692e-05,1.75,1.0,8,3,1,2026-03-08T11:06:59Z,40.0,0.2622008472049586,0.0065550211801239655,2026-03
rank32b-wldusdt-c280035728e9e99a,WLDUSDT,short,official_close,2026-03-08T11:00:00Z,2026-03-08T11:15:00Z,WLDUSDT|2026-03-08T11:00:00Z,2026-03-08T11:15:00Z,0.3747,6.0,0,closed,realized,2026-03-08T11:23:59Z,0.3762928571428571,stop_1m,,,-0.004251019863509731,-0.00544556017004072,,,-0.004251019863509731,-0.00544556017004072,8,0,1,0,0,atr,0.0015928571428571459,1.75,1.0,8,3,1,2026-03-08T11:23:59Z,100.0,-0.544556017004072,-0.00544556017004072,2026-03
rank32b-fartcoinusdt-d0af0ebd09760050,FARTCOINUSDT,short,official_close,2026-03-08T12:00:00Z,2026-03-08T12:15:00Z,FARTCOINUSDT|2026-03-08T12:00:00Z,2026-03-08T12:15:00Z,0.1465,6.0,0,closed,realized,2026-03-08T12:21:59Z,0.14778571428571427,stop_1m,,,-0.008776206728425162,-0.009965318439785542,,,-0.008776206728425162,-0.009965318439785542,6,0,1,0,0,atr,0.001285714285714287,1.75,1.0,8,3,1,2026-03-08T12:21:59Z,40.0,-0.3986127375914217,-0.009965318439785542,2026-03
rank32b-brettusdt-1bc18826f59aacbb,BRETTUSDT,short,official_close,2026-03-08T13:00:00Z,2026-03-08T13:15:00Z,BRETTUSDT|2026-03-08T13:00:00Z,2026-03-08T13:15:00Z,0.006871,6.0,0,closed,realized,2026-03-08T14:04:59Z,0.0069455714285714286,stop_1m,,,-0.010853067758903823,-0.012039687984697567,,,-0.010853067758903823,-0.012039687984697567,49,0,1,0,0,atr,7.457142857142855e-05,1.75,1.0,8,3,1,2026-03-08T14:04:59Z,40.0,-0.4815875193879027,-0.012039687984697567,2026-03
rank32b-fartcoinusdt-8033f8a1cb19b650,FARTCOINUSDT,short,official_close,2026-03-08T21:00:00Z,2026-03-08T21:15:00Z,FARTCOINUSDT|2026-03-08T21:00:00Z,2026-03-08T21:15:00Z,0.1462,6.0,0,closed,realized,2026-03-08T21:55:59Z,0.14744285714285713,stop_1m,,,-0.0085010748485439,-0.009690516619112688,,,-0.0085010748485439,-0.009690516619112688,40,0,1,0,0,atr,0.0012428571428571408,1.75,1.0,8,3,1,2026-03-08T21:55:59Z,40.0,-0.3876206647645075,-0.009690516619112688,2026-03
rank32b-aaveusdt-bb1ddbc078bed224,AAVEUSDT,short,official_close,2026-03-08T20:45:00Z,2026-03-08T21:00:00Z,AAVEUSDT|2026-03-08T20:45:00Z,2026-03-08T21:00:00Z,106.84,6.0,0,closed,realized,2026-03-08T22:01:59Z,105.82625,target_1m,,,0.009488487457881,0.008277464688786873,,,0.009488487457881,0.008277464688786873,61,1,0,0,0,atr,0.5792857142857132,1.75,1.0,8,3,1,2026-03-08T22:01:59Z,100.0,0.8277464688786873,0.008277464688786873,2026-03
rank32b-fartcoinusdt-710d5d99cca09890,FARTCOINUSDT,short,official_close,2026-03-08T22:00:00Z,2026-03-08T22:15:00Z,FARTCOINUSDT|2026-03-08T22:00:00Z,2026-03-08T22:15:00Z,0.1451,6.0,0,closed,realized,2026-03-08T22:36:59Z,0.14660714285714285,stop_1m,,,-0.010386925273210501,-0.011574104702175791,,,-0.010386925273210501,-0.011574104702175791,21,0,1,0,0,atr,0.0015071428571428538,1.75,1.0,8,3,1,2026-03-08T22:36:59Z,40.0,-0.46296418808703166,-0.011574104702175791,2026-03
rank32b-actusdt-e24a1a93c54d9725,ACTUSDT,short,official_close,2026-03-08T23:15:00Z,2026-03-08T23:30:00Z,ACTUSDT|2026-03-08T23:15:00Z,2026-03-08T23:30:00Z,0.01274,6.0,0,closed,realized,2026-03-08T23:52:59Z,0.01252875,target_1m,,,0.01658163265306123,0.015362100663265155,,,0.01658163265306123,0.015362100663265155,22,1,0,0,0,atr,0.00012071428571428563,1.75,1.0,8,3,1,2026-03-08T23:52:59Z,40.0,0.6144840265306062,0.015362100663265155,2026-03
rank32b-zecusdt-3a760b59107c6ed0,ZECUSDT,short,official_close,2026-03-08T23:30:00Z,2026-03-08T23:45:00Z,ZECUSDT|2026-03-08T23:30:00Z,2026-03-08T23:45:00Z,197.69,6.0,0,closed,realized,2026-03-09T00:08:59Z,199.795,stop_1m,,,-0.010647984217714512,-0.011834850469927716,,,-0.010647984217714512,-0.011834850469927716,23,0,1,0,0,atr,2.105,1.75,1.0,8,3,1,2026-03-09T00:08:59Z,100.0,-1.1834850469927716,-0.011834850469927716,2026-03
rank32b-uniusdt-3177aad18079a096,UNIUSDT,short,official_close,2026-03-09T01:45:00Z,2026-03-09T02:00:00Z,UNIUSDT|2026-03-09T01:45:00Z,2026-03-09T02:00:00Z,3.676,6.0,0,closed,realized,2026-03-09T02:36:59Z,3.705071428571429,stop_1m,,,-0.007908440851857712,-0.009098593569874303,,,-0.007908440851857712,-0.009098593569874303,36,0,1,0,0,atr,0.029071428571428637,1.75,1.0,8,3,1,2026-03-09T02:36:59Z,100.0,-0.9098593569874303,-0.009098593569874303,2026-03
rank32b-fartcoinusdt-26b935f8a86aaf69,FARTCOINUSDT,short,official_close,2026-03-09T11:15:00Z,2026-03-09T11:30:00Z,FARTCOINUSDT|2026-03-09T11:15:00Z,2026-03-09T11:30:00Z,0.1463,6.0,0,closed,realized,2026-03-09T12:37:59Z,0.1477214285714286,stop_1m,,,-0.009715848061712773,-0.010903832541744096,,,-0.009715848061712773,-0.010903832541744096,67,0,1,0,0,atr,0.0014214285714285715,1.75,1.0,8,3,1,2026-03-09T12:37:59Z,40.0,-0.43615330166976385,-0.010903832541744096,2026-03
rank32b-brettusdt-eb8758963733073b,BRETTUSDT,long,official_close,2026-03-09T11:30:00Z,2026-03-09T11:45:00Z,BRETTUSDT|2026-03-09T11:30:00Z,2026-03-09T11:45:00Z,0.007135,6.0,0,closed,realized,2026-03-09T12:41:59Z,0.007231375,target_1m,,,0.013507358093903354,0.012291514126839376,,,0.013507358093903354,0.012291514126839376,56,1,0,0,0,atr,5.507142857142845e-05,1.75,1.0,8,3,1,2026-03-09T12:41:59Z,40.0,0.49166056507357503,0.012291514126839376,2026-03
rank32b-beatusdt-d3be0e0658014cf5,BEATUSDT,long,official_close,2026-03-09T11:00:00Z,2026-03-09T11:15:00Z,BEATUSDT|2026-03-09T11:00:00Z,2026-03-09T11:15:00Z,0.367,6.0,0,closed,realized,2026-03-09T13:15:59Z,0.368,timeout_1m,,,0.0027247956403269047,0.0015218868664848006,,,0.0027247956403269047,0.0015218868664848006,120,0,0,1,0,atr,0.007642857142857141,1.75,1.0,8,3,1,2026-03-09T13:15:59Z,40.0,0.060875474659392026,0.0015218868664848006,2026-03
rank32b-aaveusdt-60fba20804f30876,AAVEUSDT,short,official_close,2026-03-09T15:15:00Z,2026-03-09T15:30:00Z,AAVEUSDT|2026-03-09T15:15:00Z,2026-03-09T15:30:00Z,105.99,6.0,0,closed,realized,2026-03-09T17:30:59Z,105.96,timeout_1m,,,0.0002830455703368706,-0.0009169339824511846,,,0.0002830455703368706,-0.0009169339824511846,120,0,0,1,0,atr,0.8478571428571412,1.75,1.0,8,3,1,2026-03-09T17:30:59Z,100.0,-0.09169339824511846,-0.0009169339824511846,2026-03
rank32b-fartcoinusdt-fe95f7dcc347460b,FARTCOINUSDT,short,official_close,2026-03-09T19:00:00Z,2026-03-09T19:15:00Z,FARTCOINUSDT|2026-03-09T19:00:00Z,2026-03-09T19:15:00Z,0.1468,6.0,0,closed,realized,2026-03-09T19:19:59Z,0.14827857142857143,stop_1m,,,-0.01007201245620859,-0.011259569667185665,,,-0.01007201245620859,-0.011259569667185665,4,0,1,0,0,atr,0.0014785714285714263,1.75,1.0,8,3,1,2026-03-09T19:19:59Z,40.0,-0.4503827866874266,-0.011259569667185665,2026-03
rank32b-brettusdt-219f5bb94c91cea1,BRETTUSDT,long,official_close,2026-03-09T19:15:00Z,2026-03-09T19:30:00Z,BRETTUSDT|2026-03-09T19:15:00Z,2026-03-09T19:30:00Z,0.007192,6.0,0,closed,realized,2026-03-09T19:36:59Z,0.007126285714285714,stop_1m,,,-0.009137136500873888,-0.010325815226442048,,,-0.009137136500873888,-0.010325815226442048,6,0,1,0,0,atr,6.571428571428563e-05,1.75,1.0,8,3,1,2026-03-09T19:36:59Z,40.0,-0.4130326090576819,-0.010325815226442048,2026-03
rank32b-dotusdt-234960b5648166fb,DOTUSDT,long,official_close,2026-03-10T00:15:00Z,2026-03-10T00:30:00Z,DOTUSDT|2026-03-10T00:15:00Z,2026-03-10T00:30:00Z,1.506,6.0,0,closed,realized,2026-03-10T01:38:59Z,1.4975,stop_1m,,,-0.005644090305444882,-0.006836959428950906,,,-0.005644090305444882,-0.006836959428950906,68,0,1,0,0,atr,0.008499999999999968,1.75,1.0,8,3,1,2026-03-10T01:38:59Z,100.0,-0.6836959428950906,-0.006836959428950906,2026-03
rank32b-nearusdt-e8055749440abd78,NEARUSDT,long,official_close,2026-03-10T02:30:00Z,2026-03-10T02:45:00Z,NEARUSDT|2026-03-10T02:30:00Z,2026-03-10T02:45:00Z,1.258,6.0,0,closed,realized,2026-03-10T03:32:59Z,1.2481428571428572,stop_1m,,,-0.007835566659096016,-0.009025806799909275,,,-0.007835566659096016,-0.009025806799909275,47,0,1,0,0,atr,0.00985714285714285,1.75,1.0,8,3,1,2026-03-10T03:32:59Z,100.0,-0.9025806799909275,-0.009025806799909275,2026-03
rank32b-beatusdt-13f20fe3b8aea1ec,BEATUSDT,long,official_close,2026-03-10T05:15:00Z,2026-03-10T05:30:00Z,BEATUSDT|2026-03-10T05:15:00Z,2026-03-10T05:30:00Z,0.3692,6.0,0,closed,realized,2026-03-10T05:41:59Z,0.36274999999999996,stop_1m,,,-0.01747020585048753,-0.018648887892741106,,,-0.01747020585048753,-0.018648887892741106,11,0,1,0,0,atr,0.006449999999999999,1.75,1.0,8,3,1,2026-03-10T05:41:59Z,40.0,-0.7459555157096442,-0.018648887892741106,2026-03
rank32b-brettusdt-de2361b1d9df3ab8,BRETTUSDT,long,official_close,2026-03-10T04:00:00Z,2026-03-10T04:15:00Z,BRETTUSDT|2026-03-10T04:00:00Z,2026-03-10T04:15:00Z,0.007129,6.0,0,closed,realized,2026-03-10T06:15:59Z,0.007099,timeout_1m,,,-0.004208163837845391,-0.005402755556179084,,,-0.004208163837845391,-0.005402755556179084,120,0,0,1,0,atr,6.571428571428563e-05,1.75,1.0,8,3,1,2026-03-10T06:15:59Z,40.0,-0.21611022224716336,-0.005402755556179084,2026-03
rank32b-bchusdt-e1e0e926d09e456a,BCHUSDT,short,official_close,2026-03-10T11:00:00Z,2026-03-10T11:15:00Z,BCHUSDT|2026-03-10T11:00:00Z,2026-03-10T11:15:00Z,445.96,6.0,0,closed,realized,2026-03-10T12:26:59Z,447.93857142857144,stop_1m,,,-0.00443665671488791,-0.005630974324026483,,,-0.00443665671488791,-0.005630974324026483,71,0,1,0,0,atr,1.97857142857144,1.75,1.0,8,3,1,2026-03-10T12:26:59Z,100.0,-0.5630974324026483,-0.005630974324026483,2026-03
rank32b-zecusdt-870ad1fb528d0b72,ZECUSDT,long,official_close,2026-03-10T14:15:00Z,2026-03-10T14:30:00Z,ZECUSDT|2026-03-10T14:15:00Z,2026-03-10T14:30:00Z,222.11,6.0,0,closed,realized,2026-03-10T14:47:59Z,227.01500000000001,target_1m,,,0.022083652244383467,0.020857519811804837,,,0.022083652244383467,0.020857519811804837,17,1,0,0,0,atr,2.8028571428571434,1.75,1.0,8,3,1,2026-03-10T14:47:59Z,100.0,2.0857519811804837,0.020857519811804837,2026-03
rank32b-solusdt-67a6d3ef722c88af,SOLUSDT,long,official_close,2026-03-10T14:30:00Z,2026-03-10T14:45:00Z,SOLUSDT|2026-03-10T14:30:00Z,2026-03-10T14:45:00Z,86.66,6.0,0,closed,realized,2026-03-10T14:54:59Z,87.72125,target_1m,,,0.01224613431802446,0.011031803365451065,,,0.01224613431802446,0.011031803365451065,9,1,0,0,0,atr,0.6064285714285741,1.75,1.0,8,3,1,2026-03-10T14:54:59Z,100.0,1.1031803365451065,0.011031803365451065,2026-03
rank32b-wldusdt-d771cefb7f277212,WLDUSDT,short,official_close,2026-03-10T15:00:00Z,2026-03-10T15:15:00Z,WLDUSDT|2026-03-10T15:00:00Z,2026-03-10T15:15:00Z,0.3654,6.0,0,closed,realized,2026-03-10T16:17:59Z,0.36947142857142856,stop_1m,,,-0.011142387989678593,-0.012328661135350694,,,-0.011142387989678593,-0.012328661135350694,62,0,1,0,0,atr,0.004071428571428571,1.75,1.0,8,3,1,2026-03-10T16:17:59Z,100.0,-1.2328661135350694,-0.012328661135350694,2026-03
rank32b-uniusdt-a1b0daba97079f84,UNIUSDT,long,official_close,2026-03-10T15:45:00Z,2026-03-10T16:00:00Z,UNIUSDT|2026-03-10T15:45:00Z,2026-03-10T16:00:00Z,3.939,6.0,0,closed,realized,2026-03-10T17:13:59Z,3.9041428571428574,stop_1m,,,-0.008849236572008756,-0.01003826067384761,,,-0.008849236572008756,-0.01003826067384761,73,0,1,0,0,atr,0.03485714285714286,1.75,1.0,8,3,1,2026-03-10T17:13:59Z,100.0,-1.003826067384761,-0.01003826067384761,2026-03
rank32b-pippinusdt-0695505808dacbbd,PIPPINUSDT,long,official_close,2026-03-10T19:45:00Z,2026-03-10T20:00:00Z,PIPPINUSDT|2026-03-10T19:45:00Z,2026-03-10T20:00:00Z,0.35396,6.0,0,closed,realized,2026-03-10T20:16:59Z,0.36021375,target_1m,,,0.017667956831280307,0.016447121643547113,,,0.017667956831280307,0.016447121643547113,16,1,0,0,0,atr,0.003573571428571426,1.75,1.0,8,3,1,2026-03-10T20:16:59Z,40.0,0.6578848657418845,0.016447121643547113,2026-03
rank32b-beatusdt-33e9f43538c9d0e3,BEATUSDT,long,official_close,2026-03-11T00:00:00Z,2026-03-11T00:15:00Z,BEATUSDT|2026-03-11T00:00:00Z,2026-03-11T00:15:00Z,0.387,6.0,0,closed,realized,2026-03-11T01:15:59Z,0.38210714285714287,stop_1m,,,-0.012643041712809167,-0.013827514614248915,,,-0.012643041712809167,-0.013827514614248915,60,0,1,0,0,atr,0.004892857142857151,1.75,1.0,8,3,1,2026-03-11T01:15:59Z,40.0,-0.5531005845699566,-0.013827514614248915,2026-03
rank32b-fartcoinusdt-923ec8338dea5f71,FARTCOINUSDT,long,official_close,2026-03-10T23:00:00Z,2026-03-10T23:15:00Z,FARTCOINUSDT|2026-03-10T23:00:00Z,2026-03-10T23:15:00Z,0.1547,6.0,0,closed,realized,2026-03-11T01:15:59Z,0.1555,timeout_1m,,,0.005171299288946329,0.003965455591467215,,,0.005171299288946329,0.003965455591467215,120,0,0,1,0,atr,0.0013499999999999981,1.75,1.0,8,3,1,2026-03-11T01:15:59Z,40.0,0.1586182236586886,0.003965455591467215,2026-03
rank32b-nearusdt-1caf2566f74c1dbe,NEARUSDT,long,official_close,2026-03-11T00:45:00Z,2026-03-11T01:00:00Z,NEARUSDT|2026-03-11T00:45:00Z,2026-03-11T01:00:00Z,1.291,6.0,0,closed,realized,2026-03-11T01:21:59Z,1.283642857142857,stop_1m,,,-0.005698793847515704,-0.006891597346464495,,,-0.005698793847515704,-0.006891597346464495,21,0,1,0,0,atr,0.0073571428571428555,1.75,1.0,8,3,1,2026-03-11T01:21:59Z,100.0,-0.6891597346464495,-0.006891597346464495,2026-03
rank32b-beatusdt-de2c215f341dffa1,BEATUSDT,long,official_close,2026-03-11T05:45:00Z,2026-03-11T06:00:00Z,BEATUSDT|2026-03-11T05:45:00Z,2026-03-11T06:00:00Z,0.3891,6.0,0,closed,realized,2026-03-11T06:48:59Z,0.402525,target_1m,,,0.03450269853508092,0.03326166771781014,,,0.03450269853508092,0.03326166771781014,48,1,0,0,0,atr,0.007671428571428579,1.75,1.0,8,3,1,2026-03-11T06:48:59Z,40.0,1.3304667087124056,0.03326166771781014,2026-03
rank32b-actusdt-43c8ea6fdba9097f,ACTUSDT,long,official_close,2026-03-11T09:15:00Z,2026-03-11T09:30:00Z,ACTUSDT|2026-03-11T09:15:00Z,2026-03-11T09:30:00Z,0.01314,6.0,0,closed,realized,2026-03-11T11:30:59Z,0.01315,timeout_1m,,,0.0007610350076103778,-0.00043951796042629443,,,0.0007610350076103778,-0.00043951796042629443,120,0,0,1,0,atr,8.428571428571457e-05,1.75,1.0,8,3,1,2026-03-11T11:30:59Z,40.0,-0.017580718417051777,-0.00043951796042629443,2026-03
rank32b-fartcoinusdt-5c27e675ded48c97,FARTCOINUSDT,long,official_close,2026-03-11T12:15:00Z,2026-03-11T12:30:00Z,FARTCOINUSDT|2026-03-11T12:15:00Z,2026-03-11T12:30:00Z,0.1552,6.0,0,closed,realized,2026-03-11T13:14:59Z,0.15762500000000002,target_1m,,,0.015625,0.014406615625000008,,,0.015625,0.014406615625000008,44,1,0,0,0,atr,0.0013857142857142857,1.75,1.0,8,3,1,2026-03-11T13:14:59Z,40.0,0.5762646250000003,0.014406615625000008,2026-03
rank32b-bnbusdt-ccff1f19cc43bd74,BNBUSDT,long,official_close,2026-03-11T13:00:00Z,2026-03-11T13:15:00Z,BNBUSDT|2026-03-11T13:00:00Z,2026-03-11T13:15:00Z,645.11,6.0,0,closed,realized,2026-03-11T13:35:59Z,650.03875,target_1m,,,0.0076401698935066875,0.0064313644400955106,,,0.0076401698935066875,0.0064313644400955106,20,1,0,0,0,atr,2.816428571428592,1.75,1.0,8,3,1,2026-03-11T13:35:59Z,100.0,0.6431364440095511,0.0064313644400955106,2026-03
rank32b-dogeusdt-4e9d7f0655ccc351,DOGEUSDT,long,official_close,2026-03-11T14:15:00Z,2026-03-11T14:30:00Z,DOGEUSDT|2026-03-11T14:15:00Z,2026-03-11T14:30:00Z,0.09362,6.0,0,closed,realized,2026-03-11T15:03:59Z,0.09281642857142856,stop_1m,,,-0.008583330790124188,-0.009772673883175154,,,-0.008583330790124188,-0.009772673883175154,33,0,1,0,0,atr,0.0008035714285714303,1.75,1.0,8,3,1,2026-03-11T15:03:59Z,100.0,-0.9772673883175154,-0.009772673883175154,2026-03
rank32b-tradoorusdt-262300f203e3c057,TRADOORUSDT,short,official_close,2026-03-11T14:45:00Z,2026-03-11T15:00:00Z,TRADOORUSDT|2026-03-11T14:45:00Z,2026-03-11T15:00:00Z,1.747,6.0,0,closed,realized,2026-03-11T17:00:59Z,1.737,timeout_1m,,,0.005724098454493398,0.00451759159702303,,,0.005724098454493398,0.00451759159702303,120,0,0,1,0,atr,0.012642857142857082,1.75,1.0,8,3,1,2026-03-11T17:00:59Z,40.0,0.18070366388092118,0.00451759159702303,2026-03
rank32b-aaveusdt-d847395021abd757,AAVEUSDT,long,official_close,2026-03-11T15:45:00Z,2026-03-11T16:00:00Z,AAVEUSDT|2026-03-11T15:45:00Z,2026-03-11T16:00:00Z,111.27,6.0,0,closed,realized,2026-03-11T18:00:59Z,112.03,timeout_1m,,,0.006830232767143007,0.005622398946706353,,,0.006830232767143007,0.005622398946706353,120,0,0,1,0,atr,1.2328571428571433,1.75,1.0,8,3,1,2026-03-11T18:00:59Z,100.0,0.5622398946706353,0.005622398946706353,2026-03
rank32b-dogeusdt-40ec26b89fd904da,DOGEUSDT,long,official_close,2026-03-11T17:00:00Z,2026-03-11T17:15:00Z,DOGEUSDT|2026-03-11T17:00:00Z,2026-03-11T17:15:00Z,0.09338,6.0,0,closed,realized,2026-03-11T19:15:59Z,0.09417,timeout_1m,,,0.00846005568644248,0.007250266665238536,,,0.00846005568644248,0.007250266665238536,120,0,0,1,0,atr,0.0008092857142857148,1.75,1.0,8,3,1,2026-03-11T19:15:59Z,100.0,0.7250266665238536,0.007250266665238536,2026-03
rank32b-wldusdt-f508c03ef621304f,WLDUSDT,short,official_close,2026-03-11T22:15:00Z,2026-03-11T22:30:00Z,WLDUSDT|2026-03-11T22:15:00Z,2026-03-11T22:30:00Z,0.356,6.0,0,closed,realized,2026-03-12T00:30:59Z,0.3551,timeout_1m,,,0.0025280898876403057,0.0013254170898873152,,,0.0025280898876403057,0.0013254170898873152,120,0,0,1,0,atr,0.0017499999999999896,1.75,1.0,8,3,1,2026-03-12T00:30:59Z,100.0,0.13254170898873152,0.0013254170898873152,2026-03
rank32b-pippinusdt-b5e86f4f6087d602,PIPPINUSDT,short,official_close,2026-03-12T00:00:00Z,2026-03-12T00:15:00Z,PIPPINUSDT|2026-03-12T00:00:00Z,2026-03-12T00:15:00Z,0.354,6.0,0,closed,realized,2026-03-12T01:21:59Z,0.3596042857142857,stop_1m,,,-0.015831315577078398,-0.01701196369765967,,,-0.015831315577078398,-0.01701196369765967,66,0,1,0,0,atr,0.005604285714285716,1.75,1.0,8,3,1,2026-03-12T01:21:59Z,40.0,-0.6804785479063868,-0.01701196369765967,2026-03
rank32b-beatusdt-4025c8827cad4e9f,BEATUSDT,long,official_close,2026-03-12T02:30:00Z,2026-03-12T02:45:00Z,BEATUSDT|2026-03-12T02:30:00Z,2026-03-12T02:45:00Z,0.4064,6.0,0,closed,realized,2026-03-12T04:21:59Z,0.41562499999999997,target_1m,,,0.022699311023621993,0.021472440022145545,,,0.022699311023621993,0.021472440022145545,96,1,0,0,0,atr,0.00527142857142857,1.75,1.0,8,3,1,2026-03-12T04:21:59Z,40.0,0.8588976008858218,0.021472440022145545,2026-03
rank32b-actusdt-16c9adf7aeddbb6d,ACTUSDT,long,official_close,2026-03-12T04:30:00Z,2026-03-12T04:45:00Z,ACTUSDT|2026-03-12T04:30:00Z,2026-03-12T04:45:00Z,0.0135,6.0,0,closed,realized,2026-03-12T05:15:59Z,0.013402142857142857,stop_1m,,,-0.007248677248677282,-0.00843962144550281,,,-0.007248677248677282,-0.00843962144550281,30,0,1,0,0,atr,9.785714285714295e-05,1.75,1.0,8,3,1,2026-03-12T05:15:59Z,40.0,-0.3375848578201124,-0.00843962144550281,2026-03
rank32b-pippinusdt-4f73f05b0dabf7aa,PIPPINUSDT,short,official_close,2026-03-12T04:00:00Z,2026-03-12T04:15:00Z,PIPPINUSDT|2026-03-12T04:00:00Z,2026-03-12T04:15:00Z,0.35167,6.0,0,closed,realized,2026-03-12T06:15:59Z,0.3525,timeout_1m,,,-0.0023601672022066644,-0.0035569758512242755,,,-0.0023601672022066644,-0.0035569758512242755,120,0,0,1,0,atr,0.00456642857142857,1.75,1.0,8,3,1,2026-03-12T06:15:59Z,40.0,-0.14227903404897102,-0.0035569758512242755,2026-03
rank32b-pippinusdt-df907b521744470f,PIPPINUSDT,short,official_close,2026-03-12T08:00:00Z,2026-03-12T08:15:00Z,PIPPINUSDT|2026-03-12T08:00:00Z,2026-03-12T08:15:00Z,0.35408,6.0,0,closed,realized,2026-03-12T09:10:59Z,0.35898071428571426,stop_1m,,,-0.013840697824543113,-0.015023733969804942,,,-0.013840697824543113,-0.015023733969804942,55,0,1,0,0,atr,0.004900714285714282,1.75,1.0,8,3,1,2026-03-12T09:10:59Z,40.0,-0.6009493587921977,-0.015023733969804942,2026-03
rank32b-actusdt-9d91041a396e47b8,ACTUSDT,long,official_close,2026-03-12T09:30:00Z,2026-03-12T09:45:00Z,ACTUSDT|2026-03-12T09:30:00Z,2026-03-12T09:45:00Z,0.01355,6.0,0,closed,realized,2026-03-12T10:30:59Z,0.013681249999999999,target_1m,,,0.009686346863468698,0.008475086734317516,,,0.009686346863468698,0.008475086734317516,45,1,0,0,0,atr,7.500000000000005e-05,1.75,1.0,8,3,1,2026-03-12T10:30:59Z,40.0,0.33900346937270065,0.008475086734317516,2026-03
rank32b-pippinusdt-6fd3679e67bd9631,PIPPINUSDT,short,official_close,2026-03-12T12:00:00Z,2026-03-12T12:15:00Z,PIPPINUSDT|2026-03-12T12:00:00Z,2026-03-12T12:15:00Z,0.35422,6.0,0,closed,realized,2026-03-12T13:55:59Z,0.34657249999999995,target_1m,,,0.021589690023149588,0.020364150167410333,,,0.021589690023149588,0.020364150167410333,100,1,0,0,0,atr,0.004370000000000005,1.75,1.0,8,3,1,2026-03-12T13:55:59Z,40.0,0.8145660066964133,0.020364150167410333,2026-03
rank32b-btcusdt-09478255cb7864db,BTCUSDT,long,official_close,2026-03-12T14:00:00Z,2026-03-12T14:15:00Z,BTCUSDT|2026-03-12T14:00:00Z,2026-03-12T14:15:00Z,70336.5,6.0,0,closed,realized,2026-03-12T14:20:59Z,70028.34285714285,stop_1m,,,-0.004381183920967757,-0.005575568077488824,,,-0.004381183920967757,-0.005575568077488824,5,0,1,0,0,atr,308.1571428571427,1.75,1.0,8,3,1,2026-03-12T14:20:59Z,100.0,-0.5575568077488824,-0.005575568077488824,2026-03
rank32b-tradoorusdt-99fc3148c3f7f7a6,TRADOORUSDT,short,official_close,2026-03-12T13:00:00Z,2026-03-12T13:15:00Z,TRADOORUSDT|2026-03-12T13:00:00Z,2026-03-12T13:15:00Z,1.749,6.0,0,closed,realized,2026-03-12T14:58:59Z,1.7597142857142858,stop_1m,,,-0.006125949522175933,-0.007318240588091274,,,-0.006125949522175933,-0.007318240588091274,103,0,1,0,0,atr,0.010714285714285645,1.75,1.0,8,3,1,2026-03-12T14:58:59Z,40.0,-0.29272962352365095,-0.007318240588091274,2026-03
rank32b-1000pepeusdt-004e6961ae82297f,1000PEPEUSDT,short,official_close,2026-03-12T14:15:00Z,2026-03-12T14:30:00Z,1000PEPEUSDT|2026-03-12T14:15:00Z,2026-03-12T14:30:00Z,0.0032765,6.0,0,closed,realized,2026-03-12T15:26:59Z,0.0033059714285714283,stop_1m,,,-0.008994789736434639,-0.010183639226875374,,,-0.008994789736434639,-0.010183639226875374,56,0,1,0,0,atr,2.94714285714286e-05,1.75,1.0,8,3,1,2026-03-12T15:26:59Z,40.0,-0.40734556907501496,-0.010183639226875374,2026-03
rank32b-nearusdt-effc8e04c9cdc68d,NEARUSDT,long,official_close,2026-03-12T14:45:00Z,2026-03-12T15:00:00Z,NEARUSDT|2026-03-12T14:45:00Z,2026-03-12T15:00:00Z,1.317,6.0,0,closed,realized,2026-03-12T15:26:59Z,1.333,target_1m,,,0.012148823082763771,0.010934608868640616,,,0.012148823082763771,0.010934608868640616,26,1,0,0,0,atr,0.00914285714285715,1.75,1.0,8,3,1,2026-03-12T15:26:59Z,100.0,1.0934608868640616,0.010934608868640616,2026-03
rank32b-aaveusdt-3ba3205e7b5c6485,AAVEUSDT,short,official_close,2026-03-12T16:00:00Z,2026-03-12T16:15:00Z,AAVEUSDT|2026-03-12T16:00:00Z,2026-03-12T16:15:00Z,108.95,6.0,0,closed,realized,2026-03-12T16:21:59Z,109.98285714285714,stop_1m,,,-0.00948010227496221,-0.010668369565069113,,,-0.00948010227496221,-0.010668369565069113,6,0,1,0,0,atr,1.0328571428571445,1.75,1.0,8,3,1,2026-03-12T16:21:59Z,100.0,-1.0668369565069113,-0.010668369565069113,2026-03
rank32b-ethusdt-81f4e68206d2415a,ETHUSDT,long,official_close,2026-03-12T15:15:00Z,2026-03-12T15:30:00Z,ETHUSDT|2026-03-12T15:15:00Z,2026-03-12T15:30:00Z,2067.5,6.0,0,closed,realized,2026-03-12T17:30:59Z,2062.49,timeout_1m,,,-0.0024232164449820015,-0.003619949457606131,,,-0.0024232164449820015,-0.003619949457606131,120,0,0,1,0,atr,16.757142857142867,1.75,1.0,8,3,1,2026-03-12T17:30:59Z,100.0,-0.3619949457606131,-0.003619949457606131,2026-03
rank32b-uniusdt-b3bea9fc8c3e9e97,UNIUSDT,long,official_close,2026-03-12T16:30:00Z,2026-03-12T16:45:00Z,UNIUSDT|2026-03-12T16:30:00Z,2026-03-12T16:45:00Z,3.92,6.0,0,closed,realized,2026-03-12T17:55:59Z,3.8875,stop_1m,,,-0.008290816326530503,-0.009480510331632552,,,-0.008290816326530503,-0.009480510331632552,70,0,1,0,0,atr,0.03249999999999994,1.75,1.0,8,3,1,2026-03-12T17:55:59Z,100.0,-0.9480510331632552,-0.009480510331632552,2026-03
rank32b-suiusdt-f3d3cbfb962b3d0e,SUIUSDT,long,official_close,2026-03-12T19:15:00Z,2026-03-12T19:30:00Z,SUIUSDT|2026-03-12T19:15:00Z,2026-03-12T19:30:00Z,0.9805,6.0,0,closed,realized,2026-03-12T20:20:59Z,0.9738642857142857,stop_1m,,,-0.006767684126174678,-0.00795920534158956,,,-0.006767684126174678,-0.00795920534158956,50,0,1,0,0,atr,0.006635714285714308,1.75,1.0,8,3,1,2026-03-12T20:20:59Z,100.0,-0.7959205341589559,-0.00795920534158956,2026-03
rank32b-beatusdt-aaca0a88b9e5f59a,BEATUSDT,long,official_close,2026-03-12T19:30:00Z,2026-03-12T19:45:00Z,BEATUSDT|2026-03-12T19:30:00Z,2026-03-12T19:45:00Z,0.4132,6.0,0,closed,realized,2026-03-12T21:39:59Z,0.41981250000000003,target_1m,,,0.016003146176185812,0.014784308161907012,,,0.016003146176185812,0.014784308161907012,114,1,0,0,0,atr,0.0037785714285714328,1.75,1.0,8,3,1,2026-03-12T21:39:59Z,40.0,0.5913723264762805,0.014784308161907012,2026-03
rank32b-solusdt-d10017abc8703620,SOLUSDT,long,official_close,2026-03-12T23:00:00Z,2026-03-12T23:15:00Z,SOLUSDT|2026-03-12T23:00:00Z,2026-03-12T23:15:00Z,86.9,6.0,0,closed,realized,2026-03-13T00:13:59Z,87.48750000000001,target_1m,,,0.0067606444188723636,0.005552894079401627,,,0.0067606444188723636,0.005552894079401627,58,1,0,0,0,atr,0.3357142857142849,1.75,1.0,8,3,1,2026-03-13T00:13:59Z,100.0,0.5552894079401627,0.005552894079401627,2026-03
rank32b-pippinusdt-6c732c486948845a,PIPPINUSDT,short,official_close,2026-03-13T02:30:00Z,2026-03-13T02:45:00Z,PIPPINUSDT|2026-03-13T02:30:00Z,2026-03-13T02:45:00Z,0.34963,6.0,0,closed,realized,2026-03-13T03:03:59Z,0.35359999999999997,stop_1m,,,-0.011354860852901494,-0.012540879107628022,,,-0.011354860852901494,-0.012540879107628022,18,0,1,0,0,atr,0.003969999999999997,1.75,1.0,8,3,1,2026-03-13T03:03:59Z,40.0,-0.5016351643051209,-0.012540879107628022,2026-03
rank32b-beatusdt-6a1e46fc9d9d268d,BEATUSDT,long,official_close,2026-03-13T06:15:00Z,2026-03-13T06:30:00Z,BEATUSDT|2026-03-13T06:15:00Z,2026-03-13T06:30:00Z,0.4136,6.0,0,closed,realized,2026-03-13T07:18:59Z,0.4095714285714286,stop_1m,,,-0.009740259740259716,-0.010928214935065017,,,-0.009740259740259716,-0.010928214935065017,48,0,1,0,0,atr,0.004028571428571433,1.75,1.0,8,3,1,2026-03-13T07:18:59Z,40.0,-0.4371285974026007,-0.010928214935065017,2026-03
rank32b-dotusdt-41f14b1b33263257,DOTUSDT,long,official_close,2026-03-13T10:00:00Z,2026-03-13T10:15:00Z,DOTUSDT|2026-03-13T10:00:00Z,2026-03-13T10:15:00Z,1.521,6.0,0,closed,realized,2026-03-13T11:21:59Z,1.5132857142857141,stop_1m,,,-0.005071851225697421,-0.006265406830093134,,,-0.005071851225697421,-0.006265406830093134,66,0,1,0,0,atr,0.007714285714285706,1.75,1.0,8,3,1,2026-03-13T11:21:59Z,100.0,-0.6265406830093134,-0.006265406830093134,2026-03
rank32b-beatusdt-4d2277d05257c635,BEATUSDT,long,official_close,2026-03-13T10:30:00Z,2026-03-13T10:45:00Z,BEATUSDT|2026-03-13T10:30:00Z,2026-03-13T10:45:00Z,0.4157,6.0,0,closed,realized,2026-03-13T12:45:59Z,0.4139,timeout_1m,,,-0.00433004570603801,-0.00552449121000731,,,-0.00433004570603801,-0.00552449121000731,120,0,0,1,0,atr,0.0040999999999999925,1.75,1.0,8,3,1,2026-03-13T12:45:59Z,40.0,-0.22097964840029238,-0.00552449121000731,2026-03
rank32b-turbousdt-12adfc867be26512,TURBOUSDT,long,official_close,2026-03-13T13:15:00Z,2026-03-13T13:30:00Z,TURBOUSDT|2026-03-13T13:15:00Z,2026-03-13T13:30:00Z,0.0011469,6.0,0,closed,realized,2026-03-13T14:35:59Z,0.0011340214285714286,stop_1m,,,-0.011229027315870055,-0.012415196525540906,,,-0.011229027315870055,-0.012415196525540906,65,0,1,0,0,atr,1.2878571428571412e-05,1.75,1.0,8,3,1,2026-03-13T14:35:59Z,40.0,-0.49660786102163623,-0.012415196525540906,2026-03
rank32b-turbousdt-97f739a06f3288f9,TURBOUSDT,long,official_close,2026-03-13T15:00:00Z,2026-03-13T15:15:00Z,TURBOUSDT|2026-03-13T15:00:00Z,2026-03-13T15:15:00Z,0.00115,6.0,0,closed,realized,2026-03-13T15:55:59Z,0.0011356785714285713,stop_1m,,,-0.012453416149068364,-0.013638116532919353,,,-0.012453416149068364,-0.013638116532919353,40,0,1,0,0,atr,1.4321428571428567e-05,1.75,1.0,8,3,1,2026-03-13T15:55:59Z,40.0,-0.5455246613167741,-0.013638116532919353,2026-03
rank32b-1000pepeusdt-f90a104c1190736f,1000PEPEUSDT,long,official_close,2026-03-13T16:30:00Z,2026-03-13T16:45:00Z,1000PEPEUSDT|2026-03-13T16:30:00Z,2026-03-13T16:45:00Z,0.003489,6.0,0,closed,realized,2026-03-13T17:25:59Z,0.0034478642857142857,stop_1m,,,-0.011790115874380724,-0.01297561197977326,,,-0.011790115874380724,-0.01297561197977326,40,0,1,0,0,atr,4.113571428571431e-05,1.75,1.0,8,3,1,2026-03-13T17:25:59Z,40.0,-0.5190244791909304,-0.01297561197977326,2026-03
rank32b-pippinusdt-dbc7aa73572fcae2,PIPPINUSDT,long,official_close,2026-03-13T19:00:00Z,2026-03-13T19:15:00Z,PIPPINUSDT|2026-03-13T19:00:00Z,2026-03-13T19:15:00Z,0.35796,6.0,0,closed,realized,2026-03-13T21:11:59Z,0.36284125,target_1m,,,0.013636300145267732,0.012420301494161512,,,0.013636300145267732,0.012420301494161512,116,1,0,0,0,atr,0.0027892857142857164,1.75,1.0,8,3,1,2026-03-13T21:11:59Z,40.0,0.4968120597664605,0.012420301494161512,2026-03
rank32b-turbousdt-eeea8a339ce7873d,TURBOUSDT,long,official_close,2026-03-13T21:45:00Z,2026-03-13T22:00:00Z,TURBOUSDT|2026-03-13T21:45:00Z,2026-03-13T22:00:00Z,0.0011412,6.0,0,closed,realized,2026-03-13T22:03:59Z,0.0011326857142857142,stop_1m,,,-0.007460818186370344,-0.008651507890441335,,,-0.007460818186370344,-0.008651507890441335,3,0,1,0,0,atr,8.51428571428575e-06,1.75,1.0,8,3,1,2026-03-13T22:03:59Z,40.0,-0.3460603156176534,-0.008651507890441335,2026-03
rank32b-turbousdt-96526e3a0da4fda8,TURBOUSDT,long,official_close,2026-03-14T00:15:00Z,2026-03-14T00:30:00Z,TURBOUSDT|2026-03-14T00:15:00Z,2026-03-14T00:30:00Z,0.0011477,6.0,0,closed,realized,2026-03-14T00:43:59Z,0.0011672499999999999,target_1m,,,0.017034068136272396,0.015813993386773362,,,0.017034068136272396,0.015813993386773362,13,1,0,0,0,atr,1.1171428571428565e-05,1.75,1.0,8,3,1,2026-03-14T00:43:59Z,40.0,0.6325597354709345,0.015813993386773362,2026-03
rank32b-beatusdt-3576ff5d5e4a6f4a,BEATUSDT,long,official_close,2026-03-14T03:00:00Z,2026-03-14T03:15:00Z,BEATUSDT|2026-03-14T03:00:00Z,2026-03-14T03:15:00Z,0.4256,6.0,0,closed,realized,2026-03-14T04:37:59Z,0.4418875,target_1m,,,0.03826950187969924,0.037023952254463977,,,0.03826950187969924,0.037023952254463977,82,1,0,0,0,atr,0.00930714285714285,1.75,1.0,8,3,1,2026-03-14T04:37:59Z,40.0,1.480958090178559,0.037023952254463977,2026-03
rank32b-wldusdt-3bc939926782d7a8,WLDUSDT,short,official_close,2026-03-14T04:45:00Z,2026-03-14T05:00:00Z,WLDUSDT|2026-03-14T04:45:00Z,2026-03-14T05:00:00Z,0.3587,6.0,0,closed,realized,2026-03-14T06:01:59Z,0.355725,target_1m,,,0.0082938388625593,0.007084249241706031,,,0.0082938388625593,0.007084249241706031,61,1,0,0,0,atr,0.001699999999999999,1.75,1.0,8,3,1,2026-03-14T06:01:59Z,100.0,0.7084249241706031,0.007084249241706031,2026-03
rank32b-zecusdt-7283b1d9a20c9ea8,ZECUSDT,short,official_close,2026-03-14T05:30:00Z,2026-03-14T05:45:00Z,ZECUSDT|2026-03-14T05:30:00Z,2026-03-14T05:45:00Z,209.75,6.0,0,closed,realized,2026-03-14T06:26:59Z,207.2775,target_1m,,,0.011787842669845006,0.010574061502264476,,,0.011787842669845006,0.010574061502264476,41,1,0,0,0,atr,1.4128571428571408,1.75,1.0,8,3,1,2026-03-14T06:26:59Z,100.0,1.0574061502264476,0.010574061502264476,2026-03
rank32b-actusdt-b811bc7d022e4201,ACTUSDT,short,official_close,2026-03-14T12:30:00Z,2026-03-14T12:45:00Z,ACTUSDT|2026-03-14T12:30:00Z,2026-03-14T12:45:00Z,0.01361,6.0,0,closed,realized,2026-03-14T13:04:59Z,0.013658571428571428,stop_1m,,,-0.003568804450508889,-0.004764163169937996,,,-0.003568804450508889,-0.004764163169937996,19,0,1,0,0,atr,4.857142857142808e-05,1.75,1.0,8,3,1,2026-03-14T13:04:59Z,40.0,-0.19056652679751984,-0.004764163169937996,2026-03
rank32b-actusdt-bd9e954993899527,ACTUSDT,long,official_close,2026-03-14T14:45:00Z,2026-03-14T15:00:00Z,ACTUSDT|2026-03-14T14:45:00Z,2026-03-14T15:00:00Z,0.01395,6.0,0,closed,realized,2026-03-14T15:08:59Z,0.01386,stop_1m,,,-0.006451612903225823,-0.0076435132903227565,,,-0.006451612903225823,-0.0076435132903227565,8,0,1,0,0,atr,8.999999999999992e-05,1.75,1.0,8,3,1,2026-03-14T15:08:59Z,40.0,-0.30574053161291026,-0.0076435132903227565,2026-03
rank32b-1000pepeusdt-7d8346ae97956148,1000PEPEUSDT,short,official_close,2026-03-14T14:30:00Z,2026-03-14T14:45:00Z,1000PEPEUSDT|2026-03-14T14:30:00Z,2026-03-14T14:45:00Z,0.0033414,6.0,0,closed,realized,2026-03-14T15:54:59Z,0.003352657142857143,stop_1m,,,-0.0033689899015809655,-0.004564588326535612,,,-0.0033689899015809655,-0.004564588326535612,69,0,1,0,0,atr,1.1257142857142822e-05,1.75,1.0,8,3,1,2026-03-14T15:54:59Z,40.0,-0.1825835330614245,-0.004564588326535612,2026-03
rank32b-beatusdt-311730d6b84cd45e,BEATUSDT,long,official_close,2026-03-14T17:30:00Z,2026-03-14T17:45:00Z,BEATUSDT|2026-03-14T17:30:00Z,2026-03-14T17:45:00Z,0.4342,6.0,0,closed,realized,2026-03-14T18:13:59Z,0.44694999999999996,target_1m,,,0.029364348226623704,0.028129481579917126,,,0.029364348226623704,0.028129481579917126,28,1,0,0,0,atr,0.007285714285714289,1.75,1.0,8,3,1,2026-03-14T18:13:59Z,40.0,1.125179263196685,0.028129481579917126,2026-03
rank32b-dotusdt-7b690d6189d03729,DOTUSDT,short,official_close,2026-03-15T04:15:00Z,2026-03-15T04:30:00Z,DOTUSDT|2026-03-15T04:15:00Z,2026-03-15T04:30:00Z,1.416,6.0,0,closed,realized,2026-03-15T06:30:59Z,1.412,timeout_1m,,,0.0028248587570621764,0.001621829943502906,,,0.0028248587570621764,0.001621829943502906,120,0,0,1,0,atr,0.008500000000000016,1.75,1.0,8,3,1,2026-03-15T06:30:59Z,100.0,0.1621829943502906,0.001621829943502906,2026-03
rank32b-tradoorusdt-fee2c56fb9794be7,TRADOORUSDT,long,official_close,2026-03-15T10:30:00Z,2026-03-15T10:45:00Z,TRADOORUSDT|2026-03-15T10:30:00Z,2026-03-15T10:45:00Z,1.779,6.0,0,closed,realized,2026-03-15T11:32:59Z,1.796625,target_1m,,,0.009907251264755557,0.008695726129848147,,,0.009907251264755557,0.008695726129848147,47,1,0,0,0,atr,0.010071428571428573,1.75,1.0,8,3,1,2026-03-15T11:32:59Z,40.0,0.3478290451939259,0.008695726129848147,2026-03
rank32b-brettusdt-aa767d0e1cf02c64,BRETTUSDT,short,official_close,2026-03-15T13:00:00Z,2026-03-15T13:15:00Z,BRETTUSDT|2026-03-15T13:00:00Z,2026-03-15T13:15:00Z,0.007316,6.0,0,closed,realized,2026-03-15T15:15:59Z,0.00732,timeout_1m,,,-0.0005467468562057043,-0.001745730956807301,,,-0.0005467468562057043,-0.001745730956807301,120,0,0,1,0,atr,4.007142857142863e-05,1.75,1.0,8,3,1,2026-03-15T15:15:59Z,40.0,-0.06982923827229204,-0.001745730956807301,2026-03
rank32b-beatusdt-160066d738a1a2e4,BEATUSDT,short,official_close,2026-03-15T14:45:00Z,2026-03-15T15:00:00Z,BEATUSDT|2026-03-15T14:45:00Z,2026-03-15T15:00:00Z,0.4189,6.0,0,closed,realized,2026-03-15T15:21:59Z,0.4289928571428571,stop_1m,,,-0.024093714831360913,-0.025264451047300684,,,-0.024093714831360913,-0.025264451047300684,21,0,1,0,0,atr,0.010092857142857141,1.75,1.0,8,3,1,2026-03-15T15:21:59Z,40.0,-1.0105780418920274,-0.025264451047300684,2026-03
rank32b-fartcoinusdt-98b4a60d2c29bf39,FARTCOINUSDT,long,official_close,2026-03-15T17:00:00Z,2026-03-15T17:15:00Z,FARTCOINUSDT|2026-03-15T17:00:00Z,2026-03-15T17:15:00Z,0.1631,6.0,0,closed,realized,2026-03-15T17:53:59Z,0.1648875,target_1m,,,0.010959534028203599,0.009746746532801831,,,0.010959534028203599,0.009746746532801831,38,1,0,0,0,atr,0.001021428571428572,1.75,1.0,8,3,1,2026-03-15T17:53:59Z,40.0,0.38986986131207324,0.009746746532801831,2026-03
rank32b-suiusdt-ecec2e019c2ecfda,SUIUSDT,long,official_close,2026-03-15T17:45:00Z,2026-03-15T18:00:00Z,SUIUSDT|2026-03-15T17:45:00Z,2026-03-15T18:00:00Z,1.0091,6.0,0,closed,realized,2026-03-15T18:46:59Z,1.00415,stop_1m,,,-0.004905361212962034,-0.0060991165454366,,,-0.004905361212962034,-0.0060991165454366,46,0,1,0,0,atr,0.00495000000000001,1.75,1.0,8,3,1,2026-03-15T18:46:59Z,100.0,-0.60991165454366,-0.0060991165454366,2026-03
rank32b-adausdt-496749e3e3775687,ADAUSDT,short,official_close,2026-03-15T18:45:00Z,2026-03-15T19:00:00Z,ADAUSDT|2026-03-15T18:45:00Z,2026-03-15T19:00:00Z,0.2625,6.0,0,closed,realized,2026-03-15T19:14:59Z,0.26366428571428574,stop_1m,,,-0.0044353741496598875,-0.005629693297415139,,,-0.0044353741496598875,-0.005629693297415139,14,0,1,0,0,atr,0.0011642857142857169,1.75,1.0,8,3,1,2026-03-15T19:14:59Z,100.0,-0.5629693297415139,-0.005629693297415139,2026-03
rank32b-ethusdt-726803214b8ac4a2,ETHUSDT,long,official_close,2026-03-15T19:00:00Z,2026-03-15T19:15:00Z,ETHUSDT|2026-03-15T19:00:00Z,2026-03-15T19:15:00Z,2110.27,6.0,0,closed,realized,2026-03-15T20:30:59Z,2124.1725,target_1m,,,0.0065880195425229715,0.005380476290758773,,,0.0065880195425229715,0.005380476290758773,75,1,0,0,0,atr,7.9442857142857,1.75,1.0,8,3,1,2026-03-15T20:30:59Z,100.0,0.5380476290758773,0.005380476290758773,2026-03
rank32b-nearusdt-f19106e14ca03244,NEARUSDT,long,official_close,2026-03-15T20:30:00Z,2026-03-15T20:45:00Z,NEARUSDT|2026-03-15T20:30:00Z,2026-03-15T20:45:00Z,1.346,6.0,0,closed,realized,2026-03-15T21:37:59Z,1.3585000000000003,target_1m,,,0.009286775631500932,0.008075994843982137,,,0.009286775631500932,0.008075994843982137,52,1,0,0,0,atr,0.007142857142857181,1.75,1.0,8,3,1,2026-03-15T21:37:59Z,100.0,0.8075994843982137,0.008075994843982137,2026-03
rank32b-tradoorusdt-fcbdff52f61f0d0c,TRADOORUSDT,long,official_close,2026-03-15T23:00:00Z,2026-03-15T23:15:00Z,TRADOORUSDT|2026-03-15T23:00:00Z,2026-03-15T23:15:00Z,1.814,6.0,0,closed,realized,2026-03-15T23:21:59Z,1.8007142857142857,stop_1m,,,-0.007323988029610984,-0.008514841880611246,,,-0.007323988029610984,-0.008514841880611246,6,0,1,0,0,atr,0.013285714285714265,1.75,1.0,8,3,1,2026-03-15T23:21:59Z,40.0,-0.34059367522444983,-0.008514841880611246,2026-03
rank32b-zecusdt-b0bfae0168f082ca,ZECUSDT,long,official_close,2026-03-16T08:45:00Z,2026-03-16T09:00:00Z,ZECUSDT|2026-03-16T08:45:00Z,2026-03-16T09:00:00Z,231.36,6.0,0,closed,realized,2026-03-16T10:50:59Z,234.72375000000002,target_1m,,,0.014539030082987514,0.013321948480938595,,,0.014539030082987514,0.013321948480938595,110,1,0,0,0,atr,1.922142857142859,1.75,1.0,8,3,1,2026-03-16T10:50:59Z,100.0,1.3321948480938595,0.013321948480938595,2026-03
rank32b-zecusdt-86154acc888fa6b2,ZECUSDT,long,official_close,2026-03-16T14:45:00Z,2026-03-16T15:00:00Z,ZECUSDT|2026-03-16T14:45:00Z,2026-03-16T15:00:00Z,232.32,6.0,0,closed,realized,2026-03-16T16:01:59Z,236.20499999999998,target_1m,,,0.01672262396694202,0.015502922838326327,,,0.01672262396694202,0.015502922838326327,61,1,0,0,0,atr,2.2199999999999966,1.75,1.0,8,3,1,2026-03-16T16:01:59Z,100.0,1.5502922838326327,0.015502922838326327,2026-03
rank32b-turbousdt-d911c666a5aeaa63,TURBOUSDT,long,official_close,2026-03-16T16:00:00Z,2026-03-16T16:15:00Z,TURBOUSDT|2026-03-16T16:00:00Z,2026-03-16T16:15:00Z,0.001129,6.0,0,closed,realized,2026-03-16T18:02:59Z,0.0011184142857142859,stop_1m,,,-0.009376186258382768,-0.01056457821029988,,,-0.009376186258382768,-0.01056457821029988,107,0,1,0,0,atr,1.0585714285714226e-05,1.75,1.0,8,3,1,2026-03-16T18:02:59Z,40.0,-0.4225831284119952,-0.01056457821029988,2026-03
rank32b-beatusdt-3a1413f83ec22d97,BEATUSDT,long,official_close,2026-03-17T00:00:00Z,2026-03-17T00:15:00Z,BEATUSDT|2026-03-17T00:00:00Z,2026-03-17T00:15:00Z,0.4754,6.0,0,closed,realized,2026-03-17T01:49:59Z,0.491325,target_1m,,,0.033498106857383414,0.03225828118847285,,,0.033498106857383414,0.03225828118847285,94,1,0,0,0,atr,0.0091,1.75,1.0,8,3,1,2026-03-17T01:49:59Z,40.0,1.290331247538914,0.03225828118847285,2026-03
rank32b-tradoorusdt-918a96a329aeacfd,TRADOORUSDT,long,official_close,2026-03-17T01:15:00Z,2026-03-17T01:30:00Z,TRADOORUSDT|2026-03-17T01:15:00Z,2026-03-17T01:30:00Z,1.892,6.0,0,closed,realized,2026-03-17T03:30:59Z,1.926,timeout_1m,,,0.017970401691332016,0.016749203678646962,,,0.017970401691332016,0.016749203678646962,120,0,0,1,0,atr,0.03364285714285716,1.75,1.0,8,3,1,2026-03-17T03:30:59Z,40.0,0.6699681471458785,0.016749203678646962,2026-03
rank32b-beatusdt-1e7deff2c1153617,BEATUSDT,long,official_close,2026-03-17T02:30:00Z,2026-03-17T02:45:00Z,BEATUSDT|2026-03-17T02:30:00Z,2026-03-17T02:45:00Z,0.4861,6.0,0,closed,realized,2026-03-17T03:35:59Z,0.5086125,target_1m,,,0.04631248714256331,0.04505728883048765,,,0.04631248714256331,0.04505728883048765,50,1,0,0,0,atr,0.01286428571428572,1.75,1.0,8,3,1,2026-03-17T03:35:59Z,40.0,1.802291553219506,0.04505728883048765,2026-03
rank32b-beatusdt-4abae2dedf10f913,BEATUSDT,long,official_close,2026-03-17T05:45:00Z,2026-03-17T06:00:00Z,BEATUSDT|2026-03-17T05:45:00Z,2026-03-17T06:00:00Z,0.4884,6.0,0,closed,realized,2026-03-17T07:03:59Z,0.47450714285714285,stop_1m,,,-0.028445653445653418,-0.02961116890195392,,,-0.028445653445653418,-0.02961116890195392,63,0,1,0,0,atr,0.013892857142857151,1.75,1.0,8,3,1,2026-03-17T07:03:59Z,40.0,-1.1844467560781569,-0.02961116890195392,2026-03
rank32b-beatusdt-87040a6f3984c8c9,BEATUSDT,long,official_close,2026-03-17T07:00:00Z,2026-03-17T07:15:00Z,BEATUSDT|2026-03-17T07:00:00Z,2026-03-17T07:15:00Z,0.4875,6.0,0,closed,realized,2026-03-17T08:04:59Z,0.508775,target_1m,,,0.043641025641025566,0.042389032121025405,,,0.043641025641025566,0.042389032121025405,49,1,0,0,0,atr,0.012157142857142858,1.75,1.0,8,3,1,2026-03-17T08:04:59Z,40.0,1.6955612848410162,0.042389032121025405,2026-03
rank32b-ethusdt-7c89f1b9dfcfc89f,ETHUSDT,long,official_close,2026-03-17T09:15:00Z,2026-03-17T09:30:00Z,ETHUSDT|2026-03-17T09:15:00Z,2026-03-17T09:30:00Z,2323.78,6.0,0,closed,realized,2026-03-17T09:57:59Z,2309.46,stop_1m,,,-0.0061623733744159415,-0.007354620744821183,,,-0.0061623733744159415,-0.007354620744821183,27,0,1,0,0,atr,14.320000000000034,1.75,1.0,8,3,1,2026-03-17T09:57:59Z,100.0,-0.7354620744821183,-0.007354620744821183,2026-03
rank32b-ethusdt-6017048d5112d85f,ETHUSDT,long,official_close,2026-03-17T11:00:00Z,2026-03-17T11:15:00Z,ETHUSDT|2026-03-17T11:00:00Z,2026-03-17T11:15:00Z,2322.36,6.0,0,closed,realized,2026-03-17T13:15:59Z,2317.17,timeout_1m,,,-0.0022347956389190404,-0.0034317546886788453,,,-0.0022347956389190404,-0.0034317546886788453,120,0,0,1,0,atr,13.033571428571415,1.75,1.0,8,3,1,2026-03-17T13:15:59Z,100.0,-0.3431754688678845,-0.0034317546886788453,2026-03
rank32b-fartcoinusdt-653e8445b7f671e4,FARTCOINUSDT,long,official_close,2026-03-17T14:00:00Z,2026-03-17T14:15:00Z,FARTCOINUSDT|2026-03-17T14:00:00Z,2026-03-17T14:15:00Z,0.2005,6.0,0,closed,realized,2026-03-17T14:51:59Z,0.19804285714285716,stop_1m,,,-0.012255076594228642,-0.013440014914143261,,,-0.012255076594228642,-0.013440014914143261,36,0,1,0,0,atr,0.0024571428571428583,1.75,1.0,8,3,1,2026-03-17T14:51:59Z,40.0,-0.5376005965657304,-0.013440014914143261,2026-03
rank32b-fartcoinusdt-cf2260c5fc76f7b9,FARTCOINUSDT,long,official_close,2026-03-17T15:00:00Z,2026-03-17T15:15:00Z,FARTCOINUSDT|2026-03-17T15:00:00Z,2026-03-17T15:15:00Z,0.1998,6.0,0,closed,realized,2026-03-17T15:40:59Z,0.19690714285714286,stop_1m,,,-0.014478764478764505,-0.015661035173745286,,,-0.014478764478764505,-0.015661035173745286,25,0,1,0,0,atr,0.0028928571428571436,1.75,1.0,8,3,1,2026-03-17T15:40:59Z,40.0,-0.6264414069498114,-0.015661035173745286,2026-03
rank32b-wldusdt-4c00adb192451936,WLDUSDT,long,official_close,2026-03-17T15:45:00Z,2026-03-17T16:00:00Z,WLDUSDT|2026-03-17T15:45:00Z,2026-03-17T16:00:00Z,0.3921,6.0,0,closed,realized,2026-03-17T18:00:59Z,0.3961,timeout_1m,,,0.01020147921448622,0.008989601111961232,,,0.01020147921448622,0.008989601111961232,120,0,0,1,0,atr,0.0033428571428571552,1.75,1.0,8,3,1,2026-03-17T18:00:59Z,100.0,0.8989601111961232,0.008989601111961232,2026-03
rank32b-ethusdt-d19358defc38e007,ETHUSDT,long,official_close,2026-03-17T16:15:00Z,2026-03-17T16:30:00Z,ETHUSDT|2026-03-17T16:15:00Z,2026-03-17T16:30:00Z,2329.85,6.0,0,closed,realized,2026-03-17T18:30:59Z,2334.65,timeout_1m,,,0.0020602184690001746,0.0008581069485158466,,,0.0020602184690001746,0.0008581069485158466,120,0,0,1,0,atr,16.839285714285747,1.75,1.0,8,3,1,2026-03-17T18:30:59Z,100.0,0.08581069485158466,0.0008581069485158466,2026-03
rank32b-brettusdt-bc9002b7938c1994,BRETTUSDT,long,official_close,2026-03-17T20:15:00Z,2026-03-17T20:30:00Z,BRETTUSDT|2026-03-17T20:15:00Z,2026-03-17T20:30:00Z,0.008105,6.0,0,closed,realized,2026-03-17T21:15:59Z,0.0082165,target_1m,,,0.01375694016039497,0.012540796784700659,,,0.01375694016039497,0.012540796784700659,45,1,0,0,0,atr,6.371428571428575e-05,1.75,1.0,8,3,1,2026-03-17T21:15:59Z,40.0,0.5016318713880263,0.012540796784700659,2026-03
rank32b-beatusdt-dac2e90288a9ca6f,BEATUSDT,long,official_close,2026-03-18T00:00:00Z,2026-03-18T00:15:00Z,BEATUSDT|2026-03-18T00:00:00Z,2026-03-18T00:15:00Z,0.5099,6.0,0,closed,realized,2026-03-18T00:32:59Z,0.5028142857142858,stop_1m,,,-0.013896282184181707,-0.015079251648222325,,,-0.013896282184181707,-0.015079251648222325,17,0,1,0,0,atr,0.007085714285714283,1.75,1.0,8,3,1,2026-03-18T00:32:59Z,40.0,-0.603170065928893,-0.015079251648222325,2026-03
rank32b-fartcoinusdt-9cfdaa32b1cf4a9e,FARTCOINUSDT,long,official_close,2026-03-18T00:15:00Z,2026-03-18T00:30:00Z,FARTCOINUSDT|2026-03-18T00:15:00Z,2026-03-18T00:30:00Z,0.206,6.0,0,closed,realized,2026-03-18T01:27:59Z,0.2120375,target_1m,,,0.029308252427184378,0.02807345307524267,,,0.029308252427184378,0.02807345307524267,57,1,0,0,0,atr,0.003450000000000001,1.75,1.0,8,3,1,2026-03-18T01:27:59Z,40.0,1.1229381230097069,0.02807345307524267,2026-03
rank32b-zecusdt-ab9826027c971f9f,ZECUSDT,long,official_close,2026-03-18T00:45:00Z,2026-03-18T01:00:00Z,ZECUSDT|2026-03-18T00:45:00Z,2026-03-18T01:00:00Z,273.34,6.0,0,closed,realized,2026-03-18T02:12:59Z,277.50124999999997,target_1m,,,0.015223714055754733,0.01400581107942478,,,0.015223714055754733,0.01400581107942478,72,1,0,0,0,atr,2.3778571428571484,1.75,1.0,8,3,1,2026-03-18T02:12:59Z,100.0,1.400581107942478,0.01400581107942478,2026-03
rank32b-dogeusdt-5977ad5deea841a2,DOGEUSDT,long,official_close,2026-03-18T02:00:00Z,2026-03-18T02:15:00Z,DOGEUSDT|2026-03-18T02:00:00Z,2026-03-18T02:15:00Z,0.10099,6.0,0,closed,realized,2026-03-18T03:30:59Z,0.1017825,target_1m,,,0.00784731161501151,0.006638257666105485,,,0.00784731161501151,0.006638257666105485,75,1,0,0,0,atr,0.00045285714285714075,1.75,1.0,8,3,1,2026-03-18T03:30:59Z,100.0,0.6638257666105485,0.006638257666105485,2026-03
rank32b-nearusdt-7627f18f8a4d6531,NEARUSDT,long,official_close,2026-03-18T02:30:00Z,2026-03-18T02:45:00Z,NEARUSDT|2026-03-18T02:30:00Z,2026-03-18T02:45:00Z,1.463,6.0,0,closed,realized,2026-03-18T04:01:59Z,1.455357142857143,stop_1m,,,-0.005224099209061528,-0.006417472170686445,,,-0.005224099209061528,-0.006417472170686445,76,0,1,0,0,atr,0.007642857142857158,1.75,1.0,8,3,1,2026-03-18T04:01:59Z,100.0,-0.6417472170686445,-0.006417472170686445,2026-03
rank32b-avaxusdt-cdb6bd149fbbe7b4,AVAXUSDT,long,official_close,2026-03-18T05:00:00Z,2026-03-18T05:15:00Z,AVAXUSDT|2026-03-18T05:00:00Z,2026-03-18T05:15:00Z,10.317,6.0,0,closed,realized,2026-03-18T05:29:59Z,10.279,stop_1m,,,-0.0036832412523020164,-0.0048784626887661275,,,-0.0036832412523020164,-0.0048784626887661275,14,0,1,0,0,atr,0.038,1.75,1.0,8,3,1,2026-03-18T05:29:59Z,100.0,-0.48784626887661275,-0.0048784626887661275,2026-03
rank32b-beatusdt-bd706248ea24e945,BEATUSDT,long,official_close,2026-03-18T03:30:00Z,2026-03-18T03:45:00Z,BEATUSDT|2026-03-18T03:30:00Z,2026-03-18T03:45:00Z,0.5273,6.0,0,closed,realized,2026-03-18T05:45:59Z,0.5394,timeout_1m,,,0.022947088943675364,0.021719920697894857,,,0.022947088943675364,0.021719920697894857,120,0,0,1,0,atr,0.010642857142857148,1.75,1.0,8,3,1,2026-03-18T05:45:59Z,40.0,0.8687968279157943,0.021719920697894857,2026-03
rank32b-1000pepeusdt-436157d436f0b667,1000PEPEUSDT,short,official_close,2026-03-18T04:00:00Z,2026-03-18T04:15:00Z,1000PEPEUSDT|2026-03-18T04:00:00Z,2026-03-18T04:15:00Z,0.0037019,6.0,0,closed,realized,2026-03-18T06:15:59Z,0.0036862,timeout_1m,,,0.004241065398849275,0.0030363376471542747,,,0.004241065398849275,0.0030363376471542747,120,0,0,1,0,atr,2.965000000000005e-05,1.75,1.0,8,3,1,2026-03-18T06:15:59Z,40.0,0.12145350588617099,0.0030363376471542747,2026-03
rank32b-turbousdt-46990148be9e628f,TURBOUSDT,short,official_close,2026-03-18T07:15:00Z,2026-03-18T07:30:00Z,TURBOUSDT|2026-03-18T07:15:00Z,2026-03-18T07:30:00Z,0.0010584,6.0,0,closed,realized,2026-03-18T07:42:59Z,0.0010654142857142858,stop_1m,,,-0.006627254076233768,-0.007818943757153862,,,-0.006627254076233768,-0.007818943757153862,12,0,1,0,0,atr,7.014285714285738e-06,1.75,1.0,8,3,1,2026-03-18T07:42:59Z,40.0,-0.3127577502861545,-0.007818943757153862,2026-03
rank32b-tradoorusdt-e51389e00e41466b,TRADOORUSDT,long,official_close,2026-03-18T08:15:00Z,2026-03-18T08:30:00Z,TRADOORUSDT|2026-03-18T08:15:00Z,2026-03-18T08:30:00Z,2.053,6.0,0,closed,realized,2026-03-18T08:39:59Z,2.0389285714285714,stop_1m,,,-0.00685408113562036,-0.008045498705726906,,,-0.00685408113562036,-0.008045498705726906,9,0,1,0,0,atr,0.014071428571428544,1.75,1.0,8,3,1,2026-03-18T08:39:59Z,40.0,-0.3218199482290762,-0.008045498705726906,2026-03
rank32b-brettusdt-7c823a614df630df,BRETTUSDT,long,official_close,2026-03-18T07:45:00Z,2026-03-18T08:00:00Z,BRETTUSDT|2026-03-18T07:45:00Z,2026-03-18T08:00:00Z,0.008198,6.0,0,closed,realized,2026-03-18T09:55:59Z,0.008129571428571429,stop_1m,,,-0.008346983584846535,-0.00953661020945884,,,-0.008346983584846535,-0.00953661020945884,115,0,1,0,0,atr,6.842857142857109e-05,1.75,1.0,8,3,1,2026-03-18T09:55:59Z,40.0,-0.3814644083783536,-0.00953661020945884,2026-03
rank32b-fartcoinusdt-393da091408ac15b,FARTCOINUSDT,long,official_close,2026-03-18T19:00:00Z,2026-03-18T19:15:00Z,FARTCOINUSDT|2026-03-18T19:00:00Z,2026-03-18T19:15:00Z,0.2061,6.0,0,closed,realized,2026-03-18T19:33:59Z,0.20202142857142857,stop_1m,,,-0.019789283981423766,-0.020965183964788303,,,-0.019789283981423766,-0.020965183964788303,18,0,1,0,0,atr,0.00407857142857143,1.75,1.0,8,3,1,2026-03-18T19:33:59Z,40.0,-0.8386073585915321,-0.020965183964788303,2026-03
rank32b-beatusdt-c251d4c33c96d790,BEATUSDT,long,official_close,2026-03-18T17:30:00Z,2026-03-18T17:45:00Z,BEATUSDT|2026-03-18T17:30:00Z,2026-03-18T17:45:00Z,0.5532,6.0,0,closed,realized,2026-03-18T19:45:59Z,0.5518,timeout_1m,,,-0.0025307302964571177,-0.0037273343311643448,,,-0.0025307302964571177,-0.0037273343311643448,120,0,0,1,0,atr,0.015807142857142853,1.75,1.0,8,3,1,2026-03-18T19:45:59Z,40.0,-0.1490933732465738,-0.0037273343311643448,2026-03
rank32b-fartcoinusdt-d1358a7b9b62aec8,FARTCOINUSDT,long,official_close,2026-03-18T20:45:00Z,2026-03-18T21:00:00Z,FARTCOINUSDT|2026-03-18T20:45:00Z,2026-03-18T21:00:00Z,0.2079,6.0,0,closed,realized,2026-03-18T21:12:59Z,0.21545,target_1m,,,0.0363155363155363,0.035072330745550495,,,0.0363155363155363,0.035072330745550495,12,1,0,0,0,atr,0.004314285714285719,1.75,1.0,8,3,1,2026-03-18T21:12:59Z,40.0,1.4028932298220198,0.035072330745550495,2026-03
rank32b-pippinusdt-ee0fb75f9362f713,PIPPINUSDT,short,official_close,2026-03-19T03:00:00Z,2026-03-19T03:15:00Z,PIPPINUSDT|2026-03-19T03:00:00Z,2026-03-19T03:15:00Z,0.10309,6.0,0,closed,realized,2026-03-19T03:20:59Z,0.10772785714285714,stop_1m,,,-0.04498842897329647,-0.046134099054363054,,,-0.04498842897329647,-0.046134099054363054,5,0,1,0,0,atr,0.004637857142857144,1.75,1.0,8,3,1,2026-03-19T03:20:59Z,40.0,-1.8453639621745221,-0.046134099054363054,2026-03
rank32b-fartcoinusdt-1c6f78f73dcc38a5,FARTCOINUSDT,long,official_close,2026-03-19T03:15:00Z,2026-03-19T03:30:00Z,FARTCOINUSDT|2026-03-19T03:15:00Z,2026-03-19T03:30:00Z,0.2089,6.0,0,closed,realized,2026-03-19T03:35:59Z,0.2057142857142857,stop_1m,,,-0.01524994871093488,-0.01643129426246348,,,-0.01524994871093488,-0.01643129426246348,5,0,1,0,0,atr,0.0031857142857142817,1.75,1.0,8,3,1,2026-03-19T03:35:59Z,40.0,-0.6572517704985392,-0.01643129426246348,2026-03
rank32b-pippinusdt-68d83e917040cf68,PIPPINUSDT,short,official_close,2026-03-19T03:30:00Z,2026-03-19T03:45:00Z,PIPPINUSDT|2026-03-19T03:30:00Z,2026-03-19T03:45:00Z,0.10709,6.0,0,closed,realized,2026-03-19T03:49:59Z,0.11290857142857144,stop_1m,,,-0.05433347117911502,-0.05546793057374977,,,-0.05433347117911502,-0.05546793057374977,4,0,1,0,0,atr,0.00581857142857143,1.75,1.0,8,3,1,2026-03-19T03:49:59Z,40.0,-2.2187172229499907,-0.05546793057374977,2026-03
rank32b-pippinusdt-448885cb1b2fba31,PIPPINUSDT,short,official_close,2026-03-19T08:45:00Z,2026-03-19T09:00:00Z,PIPPINUSDT|2026-03-19T08:45:00Z,2026-03-19T09:00:00Z,0.10943,6.0,0,closed,realized,2026-03-19T10:00:59Z,0.11551928571428571,stop_1m,,,-0.05564548765681909,-0.056778373104006574,,,-0.05564548765681909,-0.056778373104006574,60,0,1,0,0,atr,0.006089285714285714,1.75,1.0,8,3,1,2026-03-19T10:00:59Z,40.0,-2.271134924160263,-0.056778373104006574,2026-03
rank32b-pippinusdt-db237aa70192aaba,PIPPINUSDT,short,official_close,2026-03-19T12:30:00Z,2026-03-19T12:45:00Z,PIPPINUSDT|2026-03-19T12:30:00Z,2026-03-19T12:45:00Z,0.11057,6.0,0,closed,realized,2026-03-19T14:08:59Z,0.10455125,target_1m,,,0.054433842814506694,0.05316890179931244,,,0.054433842814506694,0.05316890179931244,83,1,0,0,0,atr,0.003439285714285715,1.75,1.0,8,3,1,2026-03-19T14:08:59Z,40.0,2.1267560719724976,0.05316890179931244,2026-03
rank32b-beatusdt-f214a3d4c691d9be,BEATUSDT,long,official_close,2026-03-19T17:45:00Z,2026-03-19T18:00:00Z,BEATUSDT|2026-03-19T17:45:00Z,2026-03-19T18:00:00Z,0.5877,6.0,0,closed,realized,2026-03-19T20:00:59Z,0.5973,timeout_1m,,,0.016334864726901488,0.015115628769780454,,,0.016334864726901488,0.015115628769780454,120,0,0,1,0,atr,0.01118571428571429,1.75,1.0,8,3,1,2026-03-19T20:00:59Z,40.0,0.6046251507912181,0.015115628769780454,2026-03
rank32b-tradoorusdt-b1bc5aac87f7943b,TRADOORUSDT,long,official_close,2026-03-19T20:00:00Z,2026-03-19T20:15:00Z,TRADOORUSDT|2026-03-19T20:00:00Z,2026-03-19T20:15:00Z,2.278,6.0,0,closed,realized,2026-03-19T20:50:59Z,2.2552142857142856,stop_1m,,,-0.01000250846607309,-0.011190149056816923,,,-0.01000250846607309,-0.011190149056816923,35,0,1,0,0,atr,0.02278571428571428,1.75,1.0,8,3,1,2026-03-19T20:50:59Z,40.0,-0.4476059622726769,-0.011190149056816923,2026-03
rank32b-ethusdt-22fe9d067fcde977,ETHUSDT,short,official_close,2026-03-20T04:30:00Z,2026-03-20T04:45:00Z,ETHUSDT|2026-03-20T04:30:00Z,2026-03-20T04:45:00Z,2139.29,6.0,0,closed,realized,2026-03-20T05:03:59Z,2148.3614285714284,stop_1m,,,-0.004240392172836893,-0.005434945228770749,,,-0.004240392172836893,-0.005434945228770749,18,0,1,0,0,atr,9.07142857142854,1.75,1.0,8,3,1,2026-03-20T05:03:59Z,100.0,-0.5434945228770749,-0.005434945228770749,2026-03
rank32b-nearusdt-5d6451fa9af38e62,NEARUSDT,short,official_close,2026-03-20T07:00:00Z,2026-03-20T07:15:00Z,NEARUSDT|2026-03-20T07:00:00Z,2026-03-20T07:15:00Z,1.339,6.0,0,closed,realized,2026-03-20T07:34:59Z,1.3468571428571428,stop_1m,,,-0.00586791848927759,-0.007060519099541196,,,-0.00586791848927759,-0.007060519099541196,19,0,1,0,0,atr,0.007857142857142865,1.75,1.0,8,3,1,2026-03-20T07:34:59Z,100.0,-0.7060519099541196,-0.007060519099541196,2026-03
rank32b-solusdt-6e8acd938d4cf9f6,SOLUSDT,short,official_close,2026-03-20T09:15:00Z,2026-03-20T09:30:00Z,SOLUSDT|2026-03-20T09:15:00Z,2026-03-20T09:30:00Z,88.7,6.0,0,closed,realized,2026-03-20T10:38:59Z,89.14571428571429,stop_1m,,,-0.005024963762280565,-0.006218575614752808,,,-0.005024963762280565,-0.006218575614752808,68,0,1,0,0,atr,0.4457142857142884,1.75,1.0,8,3,1,2026-03-20T10:38:59Z,100.0,-0.6218575614752808,-0.006218575614752808,2026-03
rank32b-tradoorusdt-2a3b8b28c3f7a97b,TRADOORUSDT,long,official_close,2026-03-20T10:00:00Z,2026-03-20T10:15:00Z,TRADOORUSDT|2026-03-20T10:00:00Z,2026-03-20T10:15:00Z,2.285,6.0,0,closed,realized,2026-03-20T11:05:59Z,2.2631428571428573,stop_1m,,,-0.009565489215379808,-0.010753654071897545,,,-0.009565489215379808,-0.010753654071897545,50,0,1,0,0,atr,0.021857142857142797,1.75,1.0,8,3,1,2026-03-20T11:05:59Z,40.0,-0.4301461628759018,-0.010753654071897545,2026-03
rank32b-aaveusdt-7ed669c562931092,AAVEUSDT,short,official_close,2026-03-20T11:15:00Z,2026-03-20T11:30:00Z,AAVEUSDT|2026-03-20T11:15:00Z,2026-03-20T11:30:00Z,111.86,6.0,0,closed,realized,2026-03-20T12:41:59Z,110.88125,target_1m,,,0.008749776506347229,0.007539639924458941,,,0.008749776506347229,0.007539639924458941,71,1,0,0,0,atr,0.5592857142857162,1.75,1.0,8,3,1,2026-03-20T12:41:59Z,100.0,0.7539639924458941,0.007539639924458941,2026-03
rank32b-brettusdt-e386210f7893ec32,BRETTUSDT,short,official_close,2026-03-20T11:30:00Z,2026-03-20T11:45:00Z,BRETTUSDT|2026-03-20T11:30:00Z,2026-03-20T11:45:00Z,0.007033,6.0,0,closed,realized,2026-03-20T13:45:59Z,0.007025,timeout_1m,,,0.0011374946679937326,-6.350991610992729e-05,,,0.0011374946679937326,-6.350991610992729e-05,120,0,0,1,0,atr,5.264285714285713e-05,1.75,1.0,8,3,1,2026-03-20T13:45:59Z,40.0,-0.0025403966443970916,-6.350991610992729e-05,2026-03
rank32b-pippinusdt-09869846a793ced8,PIPPINUSDT,short,official_close,2026-03-20T13:15:00Z,2026-03-20T13:30:00Z,PIPPINUSDT|2026-03-20T13:15:00Z,2026-03-20T13:30:00Z,0.09209,6.0,0,closed,realized,2026-03-20T14:35:59Z,0.09577000000000001,stop_1m,,,-0.03996090780757955,-0.04111260910413739,,,-0.03996090780757955,-0.04111260910413739,65,0,1,0,0,atr,0.003679999999999999,1.75,1.0,8,3,1,2026-03-20T14:35:59Z,40.0,-1.6445043641654955,-0.04111260910413739,2026-03
rank32b-tradoorusdt-902e09b88e32b701,TRADOORUSDT,long,official_close,2026-03-20T15:15:00Z,2026-03-20T15:30:00Z,TRADOORUSDT|2026-03-20T15:15:00Z,2026-03-20T15:30:00Z,2.314,6.0,0,closed,realized,2026-03-20T15:36:59Z,2.2977857142857143,stop_1m,,,-0.007007037905914282,-0.00819827198296097,,,-0.007007037905914282,-0.00819827198296097,6,0,1,0,0,atr,0.016214285714285577,1.75,1.0,8,3,1,2026-03-20T15:36:59Z,40.0,-0.3279308793184388,-0.00819827198296097,2026-03
rank32b-1000pepeusdt-8e2cc81b112a32a0,1000PEPEUSDT,short,official_close,2026-03-20T16:30:00Z,2026-03-20T16:45:00Z,1000PEPEUSDT|2026-03-20T16:30:00Z,2026-03-20T16:45:00Z,0.0034124,6.0,0,closed,realized,2026-03-20T18:45:59Z,0.0034012,timeout_1m,,,0.003282147462196683,0.002078570066815111,,,0.003282147462196683,0.002078570066815111,120,0,0,1,0,atr,2.5650000000000017e-05,1.75,1.0,8,3,1,2026-03-20T18:45:59Z,40.0,0.08314280267260443,0.002078570066815111,2026-03
rank32b-beatusdt-e56c4b5438d7da70,BEATUSDT,long,official_close,2026-03-20T21:45:00Z,2026-03-20T22:00:00Z,BEATUSDT|2026-03-20T21:45:00Z,2026-03-20T22:00:00Z,0.5899,6.0,0,closed,realized,2026-03-20T22:04:59Z,0.614725,target_1m,,,0.0420834039667739,0.04083327903203915,,,0.0420834039667739,0.04083327903203915,4,1,0,0,0,atr,0.014185714285714286,1.75,1.0,8,3,1,2026-03-20T22:04:59Z,40.0,1.633331161281566,0.04083327903203915,2026-03
rank32b-wldusdt-a6169d576ecfcd2a,WLDUSDT,short,official_close,2026-03-20T20:15:00Z,2026-03-20T20:30:00Z,WLDUSDT|2026-03-20T20:15:00Z,2026-03-20T20:30:00Z,0.3281,6.0,0,closed,realized,2026-03-20T22:30:59Z,0.3271,timeout_1m,,,0.0030478512648582923,0.0018445549405667894,,,0.0030478512648582923,0.0018445549405667894,120,0,0,1,0,atr,0.0048499999999999975,1.75,1.0,8,3,1,2026-03-20T22:30:59Z,100.0,0.18445549405667894,0.0018445549405667894,2026-03
rank32b-adausdt-bec6fc89576b5685,ADAUSDT,short,official_close,2026-03-20T23:00:00Z,2026-03-20T23:15:00Z,ADAUSDT|2026-03-20T23:00:00Z,2026-03-20T23:15:00Z,0.2651,6.0,0,closed,realized,2026-03-21T00:19:59Z,0.2663214285714286,stop_1m,,,-0.004607425769251661,-0.005801538517001936,,,-0.004607425769251661,-0.005801538517001936,64,0,1,0,0,atr,0.0012214285714285797,1.75,1.0,8,3,1,2026-03-21T00:19:59Z,100.0,-0.5801538517001936,-0.005801538517001936,2026-03
rank32b-beatusdt-972e08e5420c8e0d,BEATUSDT,long,official_close,2026-03-21T03:30:00Z,2026-03-21T03:45:00Z,BEATUSDT|2026-03-21T03:30:00Z,2026-03-21T03:45:00Z,0.633,6.0,0,closed,realized,2026-03-21T04:14:59Z,0.6535625,target_1m,,,0.03248420221169046,0.03124559286334927,,,0.03248420221169046,0.03124559286334927,29,1,0,0,0,atr,0.01175000000000003,1.75,1.0,8,3,1,2026-03-21T04:14:59Z,40.0,1.2498237145339708,0.03124559286334927,2026-03
rank32b-fartcoinusdt-232d0d5aae214fa9,FARTCOINUSDT,short,official_close,2026-03-21T03:00:00Z,2026-03-21T03:15:00Z,FARTCOINUSDT|2026-03-21T03:00:00Z,2026-03-21T03:15:00Z,0.197,6.0,0,closed,realized,2026-03-21T05:15:59Z,0.196,timeout_1m,,,0.005076142131979711,0.0038704125888324725,,,0.005076142131979711,0.0038704125888324725,120,0,0,1,0,atr,0.0015428571428571433,1.75,1.0,8,3,1,2026-03-21T05:15:59Z,40.0,0.1548165035532989,0.0038704125888324725,2026-03
rank32b-tradoorusdt-64aa9b2bdc570bd4,TRADOORUSDT,short,official_close,2026-03-21T06:30:00Z,2026-03-21T06:45:00Z,TRADOORUSDT|2026-03-21T06:30:00Z,2026-03-21T06:45:00Z,2.067,6.0,0,closed,realized,2026-03-21T08:45:59Z,2.063,timeout_1m,,,0.0019351717464924922,0.0007332102370585236,,,0.0019351717464924922,0.0007332102370585236,120,0,0,1,0,atr,0.029571428571428644,1.75,1.0,8,3,1,2026-03-21T08:45:59Z,40.0,0.029328409482340945,0.0007332102370585236,2026-03
rank32b-pippinusdt-fdbf8c8a1d664981,PIPPINUSDT,short,official_close,2026-03-21T07:45:00Z,2026-03-21T08:00:00Z,PIPPINUSDT|2026-03-21T07:45:00Z,2026-03-21T08:00:00Z,0.09392,6.0,0,closed,realized,2026-03-21T10:00:59Z,0.09317,timeout_1m,,,0.007985519591141355,0.006776299842418787,,,0.007985519591141355,0.006776299842418787,120,0,0,1,0,atr,0.003732857142857143,1.75,1.0,8,3,1,2026-03-21T10:00:59Z,40.0,0.2710519936967515,0.006776299842418787,2026-03
rank32b-tradoorusdt-e9f38471c87045e7,TRADOORUSDT,short,official_close,2026-03-21T09:45:00Z,2026-03-21T10:00:00Z,TRADOORUSDT|2026-03-21T09:45:00Z,2026-03-21T10:00:00Z,2.062,6.0,0,closed,realized,2026-03-21T10:59:59Z,2.0218749999999996,target_1m,,,0.01945926285160049,0.0182362787415129,,,0.01945926285160049,0.0182362787415129,59,1,0,0,0,atr,0.022928571428571472,1.75,1.0,8,3,1,2026-03-21T10:59:59Z,40.0,0.729451149660516,0.0182362787415129,2026-03
rank32b-beatusdt-5bfe0cc8783b5379,BEATUSDT,long,official_close,2026-03-21T11:15:00Z,2026-03-21T11:30:00Z,BEATUSDT|2026-03-21T11:15:00Z,2026-03-21T11:30:00Z,0.625,6.0,0,closed,realized,2026-03-21T12:17:59Z,0.6106142857142857,stop_1m,,,-0.023017142857142958,-0.024189170571885965,,,-0.023017142857142958,-0.024189170571885965,47,0,1,0,0,atr,0.014385714285714288,1.75,1.0,8,3,1,2026-03-21T12:17:59Z,40.0,-0.9675668228754386,-0.024189170571885965,2026-03
rank32b-fartcoinusdt-7cf9e60f46370da8,FARTCOINUSDT,short,official_close,2026-03-21T12:00:00Z,2026-03-21T12:15:00Z,FARTCOINUSDT|2026-03-21T12:00:00Z,2026-03-21T12:15:00Z,0.1966,6.0,0,closed,realized,2026-03-21T13:19:59Z,0.19827857142857142,stop_1m,,,-0.008538003197209765,-0.009727400667054353,,,-0.008538003197209765,-0.009727400667054353,64,0,1,0,0,atr,0.00167857142857143,1.75,1.0,8,3,1,2026-03-21T13:19:59Z,40.0,-0.38909602668217413,-0.009727400667054353,2026-03
rank32b-beatusdt-f739b0a7eeb67f1a,BEATUSDT,long,official_close,2026-03-21T12:30:00Z,2026-03-21T12:45:00Z,BEATUSDT|2026-03-21T12:30:00Z,2026-03-21T12:45:00Z,0.6226,6.0,0,closed,realized,2026-03-21T14:45:59Z,0.6118,timeout_1m,,,-0.01734661098618706,-0.018525441297783662,,,-0.01734661098618706,-0.018525441297783662,120,0,0,1,0,atr,0.012750000000000008,1.75,1.0,8,3,1,2026-03-21T14:45:59Z,40.0,-0.7410176519113465,-0.018525441297783662,2026-03
rank32b-beatusdt-393c8421beb191b4,BEATUSDT,long,official_close,2026-03-21T16:45:00Z,2026-03-21T17:00:00Z,BEATUSDT|2026-03-21T16:45:00Z,2026-03-21T17:00:00Z,0.6212,6.0,0,closed,realized,2026-03-21T17:26:59Z,0.63395,target_1m,,,0.02052479072762403,0.019300528367675485,,,0.02052479072762403,0.019300528367675485,26,1,0,0,0,atr,0.007285714285714284,1.75,1.0,8,3,1,2026-03-21T17:26:59Z,40.0,0.7720211347070194,0.019300528367675485,2026-03
rank32b-pippinusdt-ee44aec826d7b48e,PIPPINUSDT,short,official_close,2026-03-21T16:15:00Z,2026-03-21T16:30:00Z,PIPPINUSDT|2026-03-21T16:15:00Z,2026-03-21T16:30:00Z,0.09697,6.0,0,closed,realized,2026-03-21T18:30:59Z,0.09821,timeout_1m,,,-0.012787460039187515,-0.01397175969062614,,,-0.012787460039187515,-0.01397175969062614,120,0,0,1,0,atr,0.002874285714285715,1.75,1.0,8,3,1,2026-03-21T18:30:59Z,40.0,-0.5588703876250456,-0.01397175969062614,2026-03
rank32b-tradoorusdt-a65fac62194addb7,TRADOORUSDT,short,official_close,2026-03-21T20:15:00Z,2026-03-21T20:30:00Z,TRADOORUSDT|2026-03-21T20:15:00Z,2026-03-21T20:30:00Z,2.027,6.0,0,closed,realized,2026-03-21T22:30:59Z,2.015,timeout_1m,,,0.005920078934385842,0.004713336970892934,,,0.005920078934385842,0.004713336970892934,120,0,0,1,0,atr,0.023428571428571385,1.75,1.0,8,3,1,2026-03-21T22:30:59Z,40.0,0.18853347883571736,0.004713336970892934,2026-03
rank32b-pippinusdt-2f92972492f7c6f7,PIPPINUSDT,short,official_close,2026-03-21T21:45:00Z,2026-03-21T22:00:00Z,PIPPINUSDT|2026-03-21T21:45:00Z,2026-03-21T22:00:00Z,0.09917,6.0,0,closed,realized,2026-03-22T00:00:59Z,0.09927,timeout_1m,,,-0.0010083694665725673,-0.0022067997862257327,,,-0.0010083694665725673,-0.0022067997862257327,120,0,0,1,0,atr,0.0017221428571428546,1.75,1.0,8,3,1,2026-03-22T00:00:59Z,40.0,-0.08827199144902931,-0.0022067997862257327,2026-03
rank32b-1000pepeusdt-32038845dbcb086c,1000PEPEUSDT,short,official_close,2026-03-21T23:45:00Z,2026-03-22T00:00:00Z,1000PEPEUSDT|2026-03-21T23:45:00Z,2026-03-22T00:00:00Z,0.0033108,6.0,0,closed,realized,2026-03-22T00:01:59Z,0.0032784750000000003,target_1m,,,0.009763501268575503,0.008552148581913777,,,0.009763501268575503,0.008552148581913777,1,1,0,0,0,atr,1.8471428571428532e-05,1.75,1.0,8,3,1,2026-03-22T00:01:59Z,40.0,0.34208594327655106,0.008552148581913777,2026-03
rank32b-actusdt-e71090cc10f6b509,ACTUSDT,long,official_close,2026-03-22T04:00:00Z,2026-03-22T04:15:00Z,ACTUSDT|2026-03-22T04:00:00Z,2026-03-22T04:15:00Z,0.01394,6.0,0,closed,realized,2026-03-22T06:15:59Z,0.0139,timeout_1m,,,-0.0028694404591105283,-0.004065638163558205,,,-0.0028694404591105283,-0.004065638163558205,120,0,0,1,0,atr,9.928571428571433e-05,1.75,1.0,8,3,1,2026-03-22T06:15:59Z,40.0,-0.1626255265423282,-0.004065638163558205,2026-03
rank32b-beatusdt-edbd3e5c75d8621a,BEATUSDT,long,official_close,2026-03-22T06:15:00Z,2026-03-22T06:30:00Z,BEATUSDT|2026-03-22T06:15:00Z,2026-03-22T06:30:00Z,0.6571,6.0,0,closed,realized,2026-03-22T06:45:59Z,0.6765875,target_1m,,,0.029656825445137702,0.028421607931060633,,,0.029656825445137702,0.028421607931060633,15,1,0,0,0,atr,0.01113571428571428,1.75,1.0,8,3,1,2026-03-22T06:45:59Z,40.0,1.1368643172424253,0.028421607931060633,2026-03
rank32b-turbousdt-2f23d7300b420c46,TURBOUSDT,long,official_close,2026-03-22T09:30:00Z,2026-03-22T09:45:00Z,TURBOUSDT|2026-03-22T09:30:00Z,2026-03-22T09:45:00Z,0.0010723,6.0,0,closed,realized,2026-03-22T11:29:59Z,0.0010947625,target_1m,,,0.020947962323976554,0.019723192310454163,,,0.020947962323976554,0.019723192310454163,104,1,0,0,0,atr,1.2835714285714308e-05,1.75,1.0,8,3,1,2026-03-22T11:29:59Z,40.0,0.7889276924181665,0.019723192310454163,2026-03
rank32b-bchusdt-6076e8de3c5c5d9c,BCHUSDT,long,official_close,2026-03-22T11:00:00Z,2026-03-22T11:15:00Z,BCHUSDT|2026-03-22T11:00:00Z,2026-03-22T11:15:00Z,467.78,6.0,0,closed,realized,2026-03-22T11:33:59Z,466.14571428571423,stop_1m,,,-0.003493705832412153,-0.004689154643147453,,,-0.003493705832412153,-0.004689154643147453,18,0,1,0,0,atr,1.63428571428571,1.75,1.0,8,3,1,2026-03-22T11:33:59Z,100.0,-0.4689154643147453,-0.004689154643147453,2026-03
rank32b-fartcoinusdt-18fd7a8ff063b702,FARTCOINUSDT,short,official_close,2026-03-22T16:00:00Z,2026-03-22T16:15:00Z,FARTCOINUSDT|2026-03-22T16:00:00Z,2026-03-22T16:15:00Z,0.1883,6.0,0,closed,realized,2026-03-22T18:15:59Z,0.1872,timeout_1m,,,0.005841741901221442,0.004635093913967214,,,0.005841741901221442,0.004635093913967214,120,0,0,1,0,atr,0.0015857142857142875,1.75,1.0,8,3,1,2026-03-22T18:15:59Z,40.0,0.18540375655868857,0.004635093913967214,2026-03
rank32b-pippinusdt-a16fdcd2c1c91d2b,PIPPINUSDT,short,official_close,2026-03-22T17:30:00Z,2026-03-22T17:45:00Z,PIPPINUSDT|2026-03-22T17:30:00Z,2026-03-22T17:45:00Z,0.09426,6.0,0,closed,realized,2026-03-22T18:50:59Z,0.09754928571428571,stop_1m,,,-0.03489588069473504,-0.036053658200418504,,,-0.03489588069473504,-0.036053658200418504,65,0,1,0,0,atr,0.0032892857142857138,1.75,1.0,8,3,1,2026-03-22T18:50:59Z,40.0,-1.4421463280167401,-0.036053658200418504,2026-03
rank32b-pippinusdt-8c57e8705d23a27e,PIPPINUSDT,short,official_close,2026-03-22T19:00:00Z,2026-03-22T19:15:00Z,PIPPINUSDT|2026-03-22T19:00:00Z,2026-03-22T19:15:00Z,0.09572,6.0,0,closed,realized,2026-03-22T21:15:59Z,0.09316,timeout_1m,,,0.02674467195988295,0.025512947981612966,,,0.02674467195988295,0.025512947981612966,120,0,0,1,0,atr,0.0035828571428571446,1.75,1.0,8,3,1,2026-03-22T21:15:59Z,40.0,1.0205179192645186,0.025512947981612966,2026-03
rank32b-bchusdt-8eec85230e77059f,BCHUSDT,long,official_close,2026-03-22T22:15:00Z,2026-03-22T22:30:00Z,BCHUSDT|2026-03-22T22:15:00Z,2026-03-22T22:30:00Z,468.37,6.0,0,closed,realized,2026-03-23T00:01:59Z,466.155,stop_1m,,,-0.004729167111471755,-0.0059231338134382305,,,-0.004729167111471755,-0.0059231338134382305,91,0,1,0,0,atr,2.2150000000000034,1.75,1.0,8,3,1,2026-03-23T00:01:59Z,100.0,-0.592313381343823,-0.0059231338134382305,2026-03
rank32b-beatusdt-57cbc6677f371352,BEATUSDT,long,official_close,2026-03-22T22:00:00Z,2026-03-22T22:15:00Z,BEATUSDT|2026-03-22T22:00:00Z,2026-03-22T22:15:00Z,0.6996,6.0,0,closed,realized,2026-03-23T00:15:59Z,0.7052,timeout_1m,,,0.008004574042310031,0.006795331435105911,,,0.008004574042310031,0.006795331435105911,120,0,0,1,0,atr,0.013857142857142886,1.75,1.0,8,3,1,2026-03-23T00:15:59Z,40.0,0.27181325740423645,0.006795331435105911,2026-03
rank32b-turbousdt-8af1138ce9f28a77,TURBOUSDT,long,official_close,2026-03-22T22:45:00Z,2026-03-22T23:00:00Z,TURBOUSDT|2026-03-22T22:45:00Z,2026-03-22T23:00:00Z,0.0011253,6.0,0,closed,realized,2026-03-23T00:23:59Z,0.0011532125000000002,target_1m,,,0.024804496578690216,0.023575100112414482,,,0.024804496578690216,0.023575100112414482,83,1,0,0,0,atr,1.5950000000000035e-05,1.75,1.0,8,3,1,2026-03-23T00:23:59Z,40.0,0.9430040044965793,0.023575100112414482,2026-03
rank32b-beatusdt-7af0e83db32340c5,BEATUSDT,long,official_close,2026-03-23T03:45:00Z,2026-03-23T04:00:00Z,BEATUSDT|2026-03-23T03:45:00Z,2026-03-23T04:00:00Z,0.699,6.0,0,closed,realized,2026-03-23T06:00:59Z,0.6884,timeout_1m,,,-0.01516452074391983,-0.01634596877825467,,,-0.01516452074391983,-0.01634596877825467,120,0,0,1,0,atr,0.014785714285714291,1.75,1.0,8,3,1,2026-03-23T06:00:59Z,40.0,-0.6538387511301869,-0.01634596877825467,2026-03
rank32b-turbousdt-4668149d98bc437d,TURBOUSDT,long,official_close,2026-03-23T06:00:00Z,2026-03-23T06:15:00Z,TURBOUSDT|2026-03-23T06:00:00Z,2026-03-23T06:15:00Z,0.0011423,6.0,0,closed,realized,2026-03-23T07:04:59Z,0.0011275357142857144,stop_1m,,,-0.012925050962343976,-0.014109185554207593,,,-0.012925050962343976,-0.014109185554207593,49,0,1,0,0,atr,1.4764285714285667e-05,1.75,1.0,8,3,1,2026-03-23T07:04:59Z,40.0,-0.5643674221683037,-0.014109185554207593,2026-03
rank32b-beatusdt-65649326331b2ab5,BEATUSDT,long,official_close,2026-03-23T06:30:00Z,2026-03-23T06:45:00Z,BEATUSDT|2026-03-23T06:30:00Z,2026-03-23T06:45:00Z,0.7029,6.0,0,closed,realized,2026-03-23T07:23:59Z,0.6901285714285714,stop_1m,,,-0.01816962380342657,-0.019347466795927137,,,-0.01816962380342657,-0.019347466795927137,38,0,1,0,0,atr,0.012771428571428569,1.75,1.0,8,3,1,2026-03-23T07:23:59Z,40.0,-0.7738986718370855,-0.019347466795927137,2026-03
rank32b-tradoorusdt-b72c83b36a8a5efe,TRADOORUSDT,long,official_close,2026-03-23T07:15:00Z,2026-03-23T07:30:00Z,TRADOORUSDT|2026-03-23T07:15:00Z,2026-03-23T07:30:00Z,2.106,6.0,0,closed,realized,2026-03-23T08:26:59Z,2.131125,target_1m,,,0.011930199430199462,0.010716247485754948,,,0.011930199430199462,0.010716247485754948,56,1,0,0,0,atr,0.014357142857142957,1.75,1.0,8,3,1,2026-03-23T08:26:59Z,40.0,0.42864989943019793,0.010716247485754948,2026-03
rank32b-turbousdt-ec1bb1b663985bfb,TURBOUSDT,long,official_close,2026-03-23T08:00:00Z,2026-03-23T08:15:00Z,TURBOUSDT|2026-03-23T08:00:00Z,2026-03-23T08:15:00Z,0.0011471,6.0,0,closed,realized,2026-03-23T08:38:59Z,0.0011337500000000002,stop_1m,,,-0.011638043762531525,-0.012823722299712292,,,-0.011638043762531525,-0.012823722299712292,23,0,1,0,0,atr,1.3349999999999957e-05,1.75,1.0,8,3,1,2026-03-23T08:38:59Z,40.0,-0.5129488919884917,-0.012823722299712292,2026-03
rank32b-turbousdt-bbafd346ff9d7c66,TURBOUSDT,long,official_close,2026-03-23T09:15:00Z,2026-03-23T09:30:00Z,TURBOUSDT|2026-03-23T09:15:00Z,2026-03-23T09:30:00Z,0.0011492,6.0,0,closed,realized,2026-03-23T10:25:59Z,0.0011798375,target_1m,,,0.02665985033066476,0.0254282281078142,,,0.02665985033066476,0.0254282281078142,55,1,0,0,0,atr,1.7507142857142847e-05,1.75,1.0,8,3,1,2026-03-23T10:25:59Z,40.0,1.017129124312568,0.0254282281078142,2026-03
rank32b-beatusdt-6441988f5e7d4b56,BEATUSDT,long,official_close,2026-03-23T08:30:00Z,2026-03-23T08:45:00Z,BEATUSDT|2026-03-23T08:30:00Z,2026-03-23T08:45:00Z,0.7066,6.0,0,closed,realized,2026-03-23T10:45:59Z,0.7041,timeout_1m,,,-0.0035380696292104385,-0.0047334652193605775,,,-0.0035380696292104385,-0.0047334652193605775,120,0,0,1,0,atr,0.014657142857142844,1.75,1.0,8,3,1,2026-03-23T10:45:59Z,40.0,-0.1893386087744231,-0.0047334652193605775,2026-03
rank32b-pippinusdt-455f816b34918869,PIPPINUSDT,short,official_close,2026-03-23T10:00:00Z,2026-03-23T10:15:00Z,PIPPINUSDT|2026-03-23T10:00:00Z,2026-03-23T10:15:00Z,0.08872,6.0,0,closed,realized,2026-03-23T11:06:59Z,0.09085571428571428,stop_1m,,,-0.024072523508952726,-0.02524328514685048,,,-0.024072523508952726,-0.02524328514685048,51,0,1,0,0,atr,0.0021357142857142872,1.75,1.0,8,3,1,2026-03-23T11:06:59Z,40.0,-1.0097314058740192,-0.02524328514685048,2026-03
rank32b-beatusdt-e9762efa4ebcb66c,BEATUSDT,long,official_close,2026-03-23T11:30:00Z,2026-03-23T11:45:00Z,BEATUSDT|2026-03-23T11:30:00Z,2026-03-23T11:45:00Z,0.7112,6.0,0,closed,realized,2026-03-23T13:45:59Z,0.7131,timeout_1m,,,0.0026715410573676657,0.0014686961698535672,,,0.0026715410573676657,0.0014686961698535672,120,0,0,1,0,atr,0.01882142857142855,1.75,1.0,8,3,1,2026-03-23T13:45:59Z,40.0,0.05874784679414269,0.0014686961698535672,2026-03
rank32b-fartcoinusdt-56c41b931f43a633,FARTCOINUSDT,short,official_close,2026-03-23T15:15:00Z,2026-03-23T15:30:00Z,FARTCOINUSDT|2026-03-23T15:15:00Z,2026-03-23T15:30:00Z,0.1835,6.0,0,closed,realized,2026-03-23T16:27:59Z,0.1779875,target_1m,,,0.030040871934604918,0.028805193702997167,,,0.030040871934604918,0.028805193702997167,57,1,0,0,0,atr,0.00315,1.75,1.0,8,3,1,2026-03-23T16:27:59Z,40.0,1.1522077481198867,0.028805193702997167,2026-03
rank32b-brettusdt-c7a4f80f286088c3,BRETTUSDT,short,official_close,2026-03-23T16:15:00Z,2026-03-23T16:30:00Z,BRETTUSDT|2026-03-23T16:15:00Z,2026-03-23T16:30:00Z,0.006508,6.0,0,closed,realized,2026-03-23T17:33:59Z,0.006586428571428571,stop_1m,,,-0.012051101940468767,-0.013236284956537059,,,-0.012051101940468767,-0.013236284956537059,63,0,1,0,0,atr,7.842857142857137e-05,1.75,1.0,8,3,1,2026-03-23T17:33:59Z,40.0,-0.5294513982614824,-0.013236284956537059,2026-03
rank32b-dotusdt-0112e22cc5031f2f,DOTUSDT,short,official_close,2026-03-23T15:45:00Z,2026-03-23T16:00:00Z,DOTUSDT|2026-03-23T15:45:00Z,2026-03-23T16:00:00Z,1.432,6.0,0,closed,realized,2026-03-23T18:00:59Z,1.434,timeout_1m,,,-0.0013966480446927498,-0.0025946125698325107,,,-0.0013966480446927498,-0.0025946125698325107,120,0,0,1,0,atr,0.012357142857142829,1.75,1.0,8,3,1,2026-03-23T18:00:59Z,100.0,-0.25946125698325107,-0.0025946125698325107,2026-03
rank32b-dotusdt-9a29bfde2dcc2c3b,DOTUSDT,short,official_close,2026-03-23T19:00:00Z,2026-03-23T19:15:00Z,DOTUSDT|2026-03-23T19:00:00Z,2026-03-23T19:15:00Z,1.433,6.0,0,closed,realized,2026-03-23T20:23:59Z,1.4148749999999999,target_1m,,,0.012648290300069864,0.011433476905094109,,,0.012648290300069864,0.011433476905094109,68,1,0,0,0,atr,0.01035714285714289,1.75,1.0,8,3,1,2026-03-23T20:23:59Z,100.0,1.1433476905094109,0.011433476905094109,2026-03
rank32b-brettusdt-d70904d9667f1f39,BRETTUSDT,short,official_close,2026-03-23T23:00:00Z,2026-03-23T23:15:00Z,BRETTUSDT|2026-03-23T23:00:00Z,2026-03-23T23:15:00Z,0.006532,6.0,0,closed,realized,2026-03-23T23:21:59Z,0.00646,target_1m,,,0.01102265768524191,0.00980979446417618,,,0.01102265768524191,0.00980979446417618,6,1,0,0,0,atr,4.114285714285709e-05,1.75,1.0,8,3,1,2026-03-23T23:21:59Z,40.0,0.3923917785670472,0.00980979446417618,2026-03
rank32b-pippinusdt-5da014361619b5a9,PIPPINUSDT,short,official_close,2026-03-24T03:30:00Z,2026-03-24T03:45:00Z,PIPPINUSDT|2026-03-24T03:30:00Z,2026-03-24T03:45:00Z,0.08186,6.0,0,closed,realized,2026-03-24T03:56:59Z,0.08441571428571429,stop_1m,,,-0.031220550766116295,-0.03238273734459529,,,-0.031220550766116295,-0.03238273734459529,11,0,1,0,0,atr,0.002555714285714287,1.75,1.0,8,3,1,2026-03-24T03:56:59Z,40.0,-1.2953094937838117,-0.03238273734459529,2026-03
rank32b-zecusdt-43ce279e79353c73,ZECUSDT,long,official_close,2026-03-24T03:15:00Z,2026-03-24T03:30:00Z,ZECUSDT|2026-03-24T03:15:00Z,2026-03-24T03:30:00Z,227.84,6.0,0,closed,realized,2026-03-24T04:32:59Z,225.86642857142857,stop_1m,,,-0.008662093699839502,-0.009851342305753463,,,-0.008662093699839502,-0.009851342305753463,62,0,1,0,0,atr,1.9735714285714283,1.75,1.0,8,3,1,2026-03-24T04:32:59Z,100.0,-0.9851342305753463,-0.009851342305753463,2026-03
rank32b-nearusdt-f7b8dafcec576283,NEARUSDT,long,official_close,2026-03-24T05:30:00Z,2026-03-24T05:45:00Z,NEARUSDT|2026-03-24T05:30:00Z,2026-03-24T05:45:00Z,1.309,6.0,0,closed,realized,2026-03-24T06:24:59Z,1.3017857142857143,stop_1m,,,-0.005511295427261698,-0.006704323856815408,,,-0.005511295427261698,-0.006704323856815408,39,0,1,0,0,atr,0.007214285714285729,1.75,1.0,8,3,1,2026-03-24T06:24:59Z,100.0,-0.6704323856815408,-0.006704323856815408,2026-03
rank32b-xrpusdt-fab467b5db6979a1,XRPUSDT,long,official_close,2026-03-24T07:00:00Z,2026-03-24T07:15:00Z,XRPUSDT|2026-03-24T07:00:00Z,2026-03-24T07:15:00Z,1.4227,6.0,0,closed,realized,2026-03-24T07:58:59Z,1.4307,target_1m,,,0.00562311098615309,0.004416725277289535,,,0.00562311098615309,0.004416725277289535,43,1,0,0,0,atr,0.004571428571428623,1.75,1.0,8,3,1,2026-03-24T07:58:59Z,100.0,0.4416725277289535,0.004416725277289535,2026-03
rank32b-turbousdt-b15fd569aa2ae744,TURBOUSDT,long,official_close,2026-03-24T10:00:00Z,2026-03-24T10:15:00Z,TURBOUSDT|2026-03-24T10:00:00Z,2026-03-24T10:15:00Z,0.0011476,6.0,0,closed,realized,2026-03-24T10:27:59Z,0.0011402571428571428,stop_1m,,,-0.006398446447243966,-0.007590410614948029,,,-0.006398446447243966,-0.007590410614948029,12,0,1,0,0,atr,7.34285714285712e-06,1.75,1.0,8,3,1,2026-03-24T10:27:59Z,40.0,-0.30361642459792115,-0.007590410614948029,2026-03
rank32b-beatusdt-84dae588ec6dd63c,BEATUSDT,short,official_close,2026-03-24T11:45:00Z,2026-03-24T12:00:00Z,BEATUSDT|2026-03-24T11:45:00Z,2026-03-24T12:00:00Z,0.6769,6.0,0,closed,realized,2026-03-24T12:58:59Z,0.6383125,target_1m,,,0.05700620475698037,0.055738177833505764,,,0.05700620475698037,0.055738177833505764,58,1,0,0,0,atr,0.022049999999999997,1.75,1.0,8,3,1,2026-03-24T12:58:59Z,40.0,2.2295271133402306,0.055738177833505764,2026-03
rank32b-fartcoinusdt-73ecc0aa4fad7b75,FARTCOINUSDT,short,official_close,2026-03-24T12:00:00Z,2026-03-24T12:15:00Z,FARTCOINUSDT|2026-03-24T12:00:00Z,2026-03-24T12:15:00Z,0.1793,6.0,0,closed,realized,2026-03-24T13:57:59Z,0.17631249999999998,target_1m,,,0.01666201896263253,0.015442390538204176,,,0.01666201896263253,0.015442390538204176,102,1,0,0,0,atr,0.0017071428571428574,1.75,1.0,8,3,1,2026-03-24T13:57:59Z,40.0,0.617695621528167,0.015442390538204176,2026-03
rank32b-brettusdt-8ca5ee15216dc2b8,BRETTUSDT,short,official_close,2026-03-24T13:30:00Z,2026-03-24T13:45:00Z,BRETTUSDT|2026-03-24T13:30:00Z,2026-03-24T13:45:00Z,0.006491,6.0,0,closed,realized,2026-03-24T14:13:59Z,0.00641875,target_1m,,,0.011130796487444194,0.00991780353874594,,,0.011130796487444194,0.00991780353874594,28,1,0,0,0,atr,4.128571428571437e-05,1.75,1.0,8,3,1,2026-03-24T14:13:59Z,40.0,0.3967121415498376,0.00991780353874594,2026-03
rank32b-pippinusdt-4eee6c77764f220e,PIPPINUSDT,short,official_close,2026-03-24T12:15:00Z,2026-03-24T12:30:00Z,PIPPINUSDT|2026-03-24T12:15:00Z,2026-03-24T12:30:00Z,0.0839,6.0,0,closed,realized,2026-03-24T14:30:59Z,0.08334,timeout_1m,,,0.006674612634088306,0.005466965501787602,,,0.006674612634088306,0.005466965501787602,120,0,0,1,0,atr,0.00159142857142857,1.75,1.0,8,3,1,2026-03-24T14:30:59Z,40.0,0.21867862007150407,0.005466965501787602,2026-03
rank32b-pippinusdt-ce208213a58cd9cf,PIPPINUSDT,short,official_close,2026-03-24T16:00:00Z,2026-03-24T16:15:00Z,PIPPINUSDT|2026-03-24T16:00:00Z,2026-03-24T16:15:00Z,0.08377,6.0,0,closed,realized,2026-03-24T16:25:59Z,0.08136249999999999,target_1m,,,0.028739405515100902,0.027505288574668718,,,0.028739405515100902,0.027505288574668718,10,1,0,0,0,atr,0.0013757142857142896,1.75,1.0,8,3,1,2026-03-24T16:25:59Z,40.0,1.1002115429867487,0.027505288574668718,2026-03
rank32b-tradoorusdt-3d7ef983efc95845,TRADOORUSDT,short,official_close,2026-03-24T16:15:00Z,2026-03-24T16:30:00Z,TRADOORUSDT|2026-03-24T16:15:00Z,2026-03-24T16:30:00Z,1.964,6.0,0,closed,realized,2026-03-24T16:31:59Z,1.91025,target_1m,,,0.027367617107943,0.0261351458197554,,,0.027367617107943,0.0261351458197554,1,1,0,0,0,atr,0.030714285714285743,1.75,1.0,8,3,1,2026-03-24T16:31:59Z,40.0,1.045405832790216,0.0261351458197554,2026-03
rank32b-zecusdt-c12f2253afe2aca9,ZECUSDT,long,official_close,2026-03-24T20:15:00Z,2026-03-24T20:30:00Z,ZECUSDT|2026-03-24T20:15:00Z,2026-03-24T20:30:00Z,230.6,6.0,0,closed,realized,2026-03-24T20:39:59Z,233.52374999999998,target_1m,,,0.012678881179531531,0.011464031086513282,,,0.012678881179531531,0.011464031086513282,9,1,0,0,0,atr,1.6707142857142807,1.75,1.0,8,3,1,2026-03-24T20:39:59Z,100.0,1.1464031086513282,0.011464031086513282,2026-03
rank32b-dotusdt-c81d7b05bdc26d8e,DOTUSDT,short,official_close,2026-03-25T03:00:00Z,2026-03-25T03:15:00Z,DOTUSDT|2026-03-25T03:00:00Z,2026-03-25T03:15:00Z,1.392,6.0,0,closed,realized,2026-03-25T03:30:59Z,1.3997142857142857,stop_1m,,,-0.005541871921182384,-0.006734863669950908,,,-0.005541871921182384,-0.006734863669950908,15,0,1,0,0,atr,0.0077142857142857525,1.75,1.0,8,3,1,2026-03-25T03:30:59Z,100.0,-0.6734863669950908,-0.006734863669950908,2026-03
rank32b-beatusdt-b1f74486cf5012c6,BEATUSDT,short,official_close,2026-03-25T02:45:00Z,2026-03-25T03:00:00Z,BEATUSDT|2026-03-25T02:45:00Z,2026-03-25T03:00:00Z,0.6185,6.0,0,closed,realized,2026-03-25T03:46:59Z,0.6388642857142858,stop_1m,,,-0.0329252800554336,-0.03408542157246808,,,-0.0329252800554336,-0.03408542157246808,46,0,1,0,0,atr,0.020364285714285717,1.75,1.0,8,3,1,2026-03-25T03:46:59Z,40.0,-1.363416862898723,-0.03408542157246808,2026-03
rank32b-wldusdt-201d8f3da91cce92,WLDUSDT,long,official_close,2026-03-25T03:15:00Z,2026-03-25T03:30:00Z,WLDUSDT|2026-03-25T03:15:00Z,2026-03-25T03:30:00Z,0.3214,6.0,0,closed,realized,2026-03-25T04:31:59Z,0.3194857142857143,stop_1m,,,-0.005956084985331955,-0.007148579827540247,,,-0.005956084985331955,-0.007148579827540247,61,0,1,0,0,atr,0.0019142857142857175,1.75,1.0,8,3,1,2026-03-25T04:31:59Z,100.0,-0.7148579827540247,-0.007148579827540247,2026-03
rank32b-beatusdt-815898e081cc91df,BEATUSDT,short,official_close,2026-03-25T04:45:00Z,2026-03-25T05:00:00Z,BEATUSDT|2026-03-25T04:45:00Z,2026-03-25T05:00:00Z,0.6192,6.0,0,closed,realized,2026-03-25T07:00:59Z,0.621,timeout_1m,,,-0.0029069767441860517,-0.004103129418604801,,,-0.0029069767441860517,-0.004103129418604801,120,0,0,1,0,atr,0.018685714285714305,1.75,1.0,8,3,1,2026-03-25T07:00:59Z,40.0,-0.16412517674419203,-0.004103129418604801,2026-03
rank32b-tradoorusdt-2a6263ca9cec9be7,TRADOORUSDT,long,official_close,2026-03-25T06:30:00Z,2026-03-25T06:45:00Z,TRADOORUSDT|2026-03-25T06:30:00Z,2026-03-25T06:45:00Z,2.142,6.0,0,closed,realized,2026-03-25T07:10:59Z,2.1165,stop_1m,,,-0.011904761904761973,-0.013090120476190625,,,-0.011904761904761973,-0.013090120476190625,25,0,1,0,0,atr,0.025499999999999984,1.75,1.0,8,3,1,2026-03-25T07:10:59Z,40.0,-0.523604819047625,-0.013090120476190625,2026-03
rank32b-beatusdt-5ead0d3e3711cb21,BEATUSDT,short,official_close,2026-03-25T10:00:00Z,2026-03-25T10:15:00Z,BEATUSDT|2026-03-25T10:00:00Z,2026-03-25T10:15:00Z,0.6222,6.0,0,closed,realized,2026-03-25T12:15:59Z,0.6179,timeout_1m,,,0.006910961105753732,0.005703030440372681,,,0.006910961105753732,0.005703030440372681,120,0,0,1,0,atr,0.010435714285714279,1.75,1.0,8,3,1,2026-03-25T12:15:59Z,40.0,0.22812121761490722,0.005703030440372681,2026-03
rank32b-beatusdt-d9d717455af284b8,BEATUSDT,short,official_close,2026-03-25T12:45:00Z,2026-03-25T13:00:00Z,BEATUSDT|2026-03-25T12:45:00Z,2026-03-25T13:00:00Z,0.6232,6.0,0,closed,realized,2026-03-25T13:21:59Z,0.6330214285714285,stop_1m,,,-0.0157596735741794,-0.01694040763937299,,,-0.0157596735741794,-0.01694040763937299,21,0,1,0,0,atr,0.009821428571428583,1.75,1.0,8,3,1,2026-03-25T13:21:59Z,40.0,-0.6776163055749196,-0.01694040763937299,2026-03
rank32b-beatusdt-1aaece9feaadd41e,BEATUSDT,short,official_close,2026-03-25T15:15:00Z,2026-03-25T15:30:00Z,BEATUSDT|2026-03-25T15:15:00Z,2026-03-25T15:30:00Z,0.6209,6.0,0,closed,realized,2026-03-25T17:00:59Z,0.6303071428571428,stop_1m,,,-0.015150817937095828,-0.01633228240986584,,,-0.015150817937095828,-0.01633228240986584,90,0,1,0,0,atr,0.009407142857142867,1.75,1.0,8,3,1,2026-03-25T17:00:59Z,40.0,-0.6532912963946336,-0.01633228240986584,2026-03
rank32b-zecusdt-4c1e831d70b576ec,ZECUSDT,long,official_close,2026-03-25T16:15:00Z,2026-03-25T16:30:00Z,ZECUSDT|2026-03-25T16:15:00Z,2026-03-25T16:30:00Z,237.6,6.0,0,closed,realized,2026-03-25T17:16:59Z,235.70857142857142,stop_1m,,,-0.007960557960557946,-0.009150648156806218,,,-0.007960557960557946,-0.009150648156806218,46,0,1,0,0,atr,1.8914285714285748,1.75,1.0,8,3,1,2026-03-25T17:16:59Z,100.0,-0.9150648156806218,-0.009150648156806218,2026-03
rank32b-beatusdt-55de696d1b591ec8,BEATUSDT,short,official_close,2026-03-25T18:00:00Z,2026-03-25T18:15:00Z,BEATUSDT|2026-03-25T18:00:00Z,2026-03-25T18:15:00Z,0.6223,6.0,0,closed,realized,2026-03-25T19:10:59Z,0.606725,target_1m,,,0.02502812148481437,0.023798456749156482,,,0.02502812148481437,0.023798456749156482,55,1,0,0,0,atr,0.008900000000000019,1.75,1.0,8,3,1,2026-03-25T19:10:59Z,40.0,0.9519382699662593,0.023798456749156482,2026-03
rank32b-tradoorusdt-df0aa21291622d60,TRADOORUSDT,long,official_close,2026-03-25T21:00:00Z,2026-03-25T21:15:00Z,TRADOORUSDT|2026-03-25T21:00:00Z,2026-03-25T21:15:00Z,2.199,6.0,0,closed,realized,2026-03-25T22:15:59Z,2.1409285714285713,stop_1m,,,-0.026408107581368134,-0.02757606735918927,,,-0.026408107581368134,-0.02757606735918927,60,0,1,0,0,atr,0.058071428571428586,1.75,1.0,8,3,1,2026-03-25T22:15:59Z,40.0,-1.1030426943675709,-0.02757606735918927,2026-03
rank32b-suiusdt-575c17507abca353,SUIUSDT,long,official_close,2026-03-25T20:30:00Z,2026-03-25T20:45:00Z,SUIUSDT|2026-03-25T20:30:00Z,2026-03-25T20:45:00Z,0.9631,6.0,0,closed,realized,2026-03-25T22:34:59Z,0.9700124999999999,target_1m,,,0.007177343993354679,0.005969093764406352,,,0.007177343993354679,0.005969093764406352,109,1,0,0,0,atr,0.003950000000000009,1.75,1.0,8,3,1,2026-03-25T22:34:59Z,100.0,0.5969093764406352,0.005969093764406352,2026-03
rank32b-wldusdt-ae4c6db88b5d4bfe,WLDUSDT,long,official_close,2026-03-25T21:30:00Z,2026-03-25T21:45:00Z,WLDUSDT|2026-03-25T21:30:00Z,2026-03-25T21:45:00Z,0.3216,6.0,0,closed,realized,2026-03-25T22:41:59Z,0.32499999999999996,target_1m,,,0.010572139303482553,0.009359816542288346,,,0.010572139303482553,0.009359816542288346,56,1,0,0,0,atr,0.001942857142857135,1.75,1.0,8,3,1,2026-03-25T22:41:59Z,100.0,0.9359816542288346,0.009359816542288346,2026-03
rank32b-tradoorusdt-ffc7780c5ebb3cdb,TRADOORUSDT,long,official_close,2026-03-25T22:15:00Z,2026-03-25T22:30:00Z,TRADOORUSDT|2026-03-25T22:15:00Z,2026-03-25T22:30:00Z,2.209,6.0,0,closed,realized,2026-03-26T00:30:59Z,2.257,timeout_1m,,,0.021729289271163355,0.020503581946581972,,,0.021729289271163355,0.020503581946581972,120,0,0,1,0,atr,0.0556428571428572,1.75,1.0,8,3,1,2026-03-26T00:30:59Z,40.0,0.8201432778632789,0.020503581946581972,2026-03
rank32b-linkusdt-d0f3e54b7596e9b0,LINKUSDT,long,official_close,2026-03-25T22:30:00Z,2026-03-25T22:45:00Z,LINKUSDT|2026-03-25T22:30:00Z,2026-03-25T22:45:00Z,9.378,6.0,0,closed,realized,2026-03-26T00:45:59Z,9.369,timeout_1m,,,-0.0009596928982725794,-0.0021581816122842046,,,-0.0009596928982725794,-0.0021581816122842046,120,0,0,1,0,atr,0.03371428571428568,1.75,1.0,8,3,1,2026-03-26T00:45:59Z,100.0,-0.21581816122842046,-0.0021581816122842046,2026-03
rank32b-beatusdt-7f08120ab2c1992b,BEATUSDT,short,official_close,2026-03-26T04:00:00Z,2026-03-26T04:15:00Z,BEATUSDT|2026-03-26T04:00:00Z,2026-03-26T04:15:00Z,0.617,6.0,0,closed,realized,2026-03-26T04:30:59Z,0.6348,stop_1m,,,-0.02884927066450582,-0.030014301925445852,,,-0.02884927066450582,-0.030014301925445852,15,0,1,0,0,atr,0.017800000000000014,1.75,1.0,8,3,1,2026-03-26T04:30:59Z,40.0,-1.200572077017834,-0.030014301925445852,2026-03
rank32b-tradoorusdt-3ef48b37868d928d,TRADOORUSDT,long,official_close,2026-03-26T03:00:00Z,2026-03-26T03:15:00Z,TRADOORUSDT|2026-03-26T03:00:00Z,2026-03-26T03:15:00Z,2.223,6.0,0,closed,realized,2026-03-26T04:36:59Z,2.1980714285714282,stop_1m,,,-0.011213932266563975,-0.01240011958485987,,,-0.011213932266563975,-0.01240011958485987,81,0,1,0,0,atr,0.024928571428571474,1.75,1.0,8,3,1,2026-03-26T04:36:59Z,40.0,-0.4960047833943948,-0.01240011958485987,2026-03
rank32b-beatusdt-2222565c3aa082ad,BEATUSDT,short,official_close,2026-03-26T06:00:00Z,2026-03-26T06:15:00Z,BEATUSDT|2026-03-26T06:00:00Z,2026-03-26T06:15:00Z,0.6276,6.0,0,closed,realized,2026-03-26T07:33:59Z,0.5925125,target_1m,,,0.055907425111536124,0.05464071632807532,,,0.055907425111536124,0.05464071632807532,78,1,0,0,0,atr,0.020050000000000005,1.75,1.0,8,3,1,2026-03-26T07:33:59Z,40.0,2.185628653123013,0.05464071632807532,2026-03
rank32b-pippinusdt-5adde9c2c1117def,PIPPINUSDT,short,official_close,2026-03-26T07:30:00Z,2026-03-26T07:45:00Z,PIPPINUSDT|2026-03-26T07:30:00Z,2026-03-26T07:45:00Z,0.05803,6.0,0,closed,realized,2026-03-26T09:18:59Z,0.05432625,target_1m,,,0.06382474582112696,0.06254853910305003,,,0.06382474582112696,0.06254853910305003,93,1,0,0,0,atr,0.002116428571428571,1.75,1.0,8,3,1,2026-03-26T09:18:59Z,40.0,2.501941564122001,0.06254853910305003,2026-03
rank32b-pippinusdt-9e7ea82bac17859f,PIPPINUSDT,short,official_close,2026-03-26T13:45:00Z,2026-03-26T14:00:00Z,PIPPINUSDT|2026-03-26T13:45:00Z,2026-03-26T14:00:00Z,0.05733,6.0,0,closed,realized,2026-03-26T14:47:59Z,0.059207142857142854,stop_1m,,,-0.03274276743664495,-0.033903127903117336,,,-0.03274276743664495,-0.033903127903117336,47,0,1,0,0,atr,0.0018771428571428574,1.75,1.0,8,3,1,2026-03-26T14:47:59Z,40.0,-1.3561251161246934,-0.033903127903117336,2026-03
rank32b-beatusdt-d13c3e84ae582dab,BEATUSDT,short,official_close,2026-03-26T14:30:00Z,2026-03-26T14:45:00Z,BEATUSDT|2026-03-26T14:30:00Z,2026-03-26T14:45:00Z,0.5982,6.0,0,closed,realized,2026-03-26T16:01:59Z,0.6194357142857142,stop_1m,,,-0.035499355208482575,-0.03665640876200027,,,-0.035499355208482575,-0.03665640876200027,76,0,1,0,0,atr,0.0212357142857143,1.75,1.0,8,3,1,2026-03-26T16:01:59Z,40.0,-1.4662563504800108,-0.03665640876200027,2026-03
rank32b-pippinusdt-bc2c6135bb8e2a9c,PIPPINUSDT,short,official_close,2026-03-26T15:00:00Z,2026-03-26T15:15:00Z,PIPPINUSDT|2026-03-26T15:00:00Z,2026-03-26T15:15:00Z,0.05699,6.0,0,closed,realized,2026-03-26T16:22:59Z,0.05910785714285714,stop_1m,,,-0.03716190810417874,-0.0383169671927408,,,-0.03716190810417874,-0.0383169671927408,67,0,1,0,0,atr,0.0021178571428571435,1.75,1.0,8,3,1,2026-03-26T16:22:59Z,40.0,-1.5326786877096321,-0.0383169671927408,2026-03
rank32b-pippinusdt-ad29c331681f79a7,PIPPINUSDT,short,official_close,2026-03-26T17:00:00Z,2026-03-26T17:15:00Z,PIPPINUSDT|2026-03-26T17:00:00Z,2026-03-26T17:15:00Z,0.0576,6.0,0,closed,realized,2026-03-26T18:58:59Z,0.05375625,target_1m,,,0.06673177083333337,0.06545207673177078,,,0.06673177083333337,0.06545207673177078,103,1,0,0,0,atr,0.002196428571428572,1.75,1.0,8,3,1,2026-03-26T18:58:59Z,40.0,2.6180830692708312,0.06545207673177078,2026-03
rank32b-brettusdt-234685a5c2cd3ce1,BRETTUSDT,short,official_close,2026-03-26T17:45:00Z,2026-03-26T18:00:00Z,BRETTUSDT|2026-03-26T17:45:00Z,2026-03-26T18:00:00Z,0.006649,6.0,0,closed,realized,2026-03-26T20:00:59Z,0.006584,timeout_1m,,,0.009775906151301084,0.008564538583245351,,,0.009775906151301084,0.008564538583245351,120,0,0,1,0,atr,6.314285714285717e-05,1.75,1.0,8,3,1,2026-03-26T20:00:59Z,40.0,0.34258154332981405,0.008564538583245351,2026-03
rank32b-dotusdt-c2883b679ff6245e,DOTUSDT,short,official_close,2026-03-26T21:45:00Z,2026-03-26T22:00:00Z,DOTUSDT|2026-03-26T21:45:00Z,2026-03-26T22:00:00Z,1.32,6.0,0,closed,realized,2026-03-27T00:00:59Z,1.321,timeout_1m,,,-0.0007575757575757347,-0.0019563069393940813,,,-0.0007575757575757347,-0.0019563069393940813,120,0,0,1,0,atr,0.009500000000000033,1.75,1.0,8,3,1,2026-03-27T00:00:59Z,100.0,-0.19563069393940813,-0.0019563069393940813,2026-03
rank32b-zecusdt-1ed18479cbe94d61,ZECUSDT,short,official_close,2026-03-27T04:00:00Z,2026-03-27T04:15:00Z,ZECUSDT|2026-03-27T04:00:00Z,2026-03-27T04:15:00Z,222.43,6.0,0,closed,realized,2026-03-27T05:10:59Z,223.6692857142857,stop_1m,,,-0.005571576290454017,-0.006764532404673007,,,-0.005571576290454017,-0.006764532404673007,55,0,1,0,0,atr,1.2392857142857099,1.75,1.0,8,3,1,2026-03-27T05:10:59Z,100.0,-0.6764532404673007,-0.006764532404673007,2026-03
rank32b-dotusdt-b2c2859fa7fffd6b,DOTUSDT,short,official_close,2026-03-27T03:00:00Z,2026-03-27T03:15:00Z,DOTUSDT|2026-03-27T03:00:00Z,2026-03-27T03:15:00Z,1.319,6.0,0,closed,realized,2026-03-27T05:15:59Z,1.323,timeout_1m,,,-0.0030326004548901775,-0.0042286024260805855,,,-0.0030326004548901775,-0.0042286024260805855,120,0,0,1,0,atr,0.006142857142857117,1.75,1.0,8,3,1,2026-03-27T05:15:59Z,100.0,-0.42286024260805855,-0.0042286024260805855,2026-03
rank32b-tradoorusdt-9dfd3b07a9f2d1d6,TRADOORUSDT,long,official_close,2026-03-27T06:30:00Z,2026-03-27T06:45:00Z,TRADOORUSDT|2026-03-27T06:30:00Z,2026-03-27T06:45:00Z,2.555,6.0,0,closed,realized,2026-03-27T08:45:59Z,2.548,timeout_1m,,,-0.00273972602739736,-0.003936079342465981,,,-0.00273972602739736,-0.003936079342465981,120,0,0,1,0,atr,0.07107142857142852,1.75,1.0,8,3,1,2026-03-27T08:45:59Z,40.0,-0.15744317369863925,-0.003936079342465981,2026-03
rank32b-nearusdt-9cdd9c00f2ec4c75,NEARUSDT,short,official_close,2026-03-27T08:30:00Z,2026-03-27T08:45:00Z,NEARUSDT|2026-03-27T08:30:00Z,2026-03-27T08:45:00Z,1.224,6.0,0,closed,realized,2026-03-27T08:50:59Z,1.2292857142857143,stop_1m,,,-0.004318394024276362,-0.005512853506069226,,,-0.004318394024276362,-0.005512853506069226,5,0,1,0,0,atr,0.005285714285714275,1.75,1.0,8,3,1,2026-03-27T08:50:59Z,100.0,-0.5512853506069226,-0.005512853506069226,2026-03
rank32b-bchusdt-5be54fcbeff21cf5,BCHUSDT,short,official_close,2026-03-27T07:30:00Z,2026-03-27T07:45:00Z,BCHUSDT|2026-03-27T07:30:00Z,2026-03-27T07:45:00Z,461.96,6.0,0,closed,realized,2026-03-27T08:51:59Z,464.5721428571428,stop_1m,,,-0.00565447843350686,-0.006847335094999019,,,-0.00565447843350686,-0.006847335094999019,66,0,1,0,0,atr,2.6121428571428567,1.75,1.0,8,3,1,2026-03-27T08:51:59Z,100.0,-0.6847335094999019,-0.006847335094999019,2026-03
rank32b-pippinusdt-38d57f64851cb543,PIPPINUSDT,short,official_close,2026-03-27T12:45:00Z,2026-03-27T13:00:00Z,PIPPINUSDT|2026-03-27T12:45:00Z,2026-03-27T13:00:00Z,0.05422,6.0,0,closed,realized,2026-03-27T13:41:59Z,0.051857499999999994,target_1m,,,0.0435724824787902,0.04232057118590915,,,0.0435724824787902,0.04232057118590915,41,1,0,0,0,atr,0.001350000000000001,1.75,1.0,8,3,1,2026-03-27T13:41:59Z,40.0,1.692822847436366,0.04232057118590915,2026-03
rank32b-bchusdt-c0bfe056681f6e00,BCHUSDT,short,official_close,2026-03-27T14:15:00Z,2026-03-27T14:30:00Z,BCHUSDT|2026-03-27T14:15:00Z,2026-03-27T14:30:00Z,460.53,6.0,0,closed,realized,2026-03-27T14:56:59Z,462.74571428571426,stop_1m,,,-0.004811226816307856,-0.006005095076169975,,,-0.004811226816307856,-0.006005095076169975,26,0,1,0,0,atr,2.2157142857142844,1.75,1.0,8,3,1,2026-03-27T14:56:59Z,100.0,-0.6005095076169975,-0.006005095076169975,2026-03
rank32b-pippinusdt-2fcff2f8bd989912,PIPPINUSDT,short,official_close,2026-03-27T14:00:00Z,2026-03-27T14:15:00Z,PIPPINUSDT|2026-03-27T14:00:00Z,2026-03-27T14:15:00Z,0.05382,6.0,0,closed,realized,2026-03-27T16:15:59Z,0.05405,timeout_1m,,,-0.004273504273504258,-0.005468017606837683,,,-0.004273504273504258,-0.005468017606837683,120,0,0,1,0,atr,0.0015642857142857149,1.75,1.0,8,3,1,2026-03-27T16:15:59Z,40.0,-0.21872070427350732,-0.005468017606837683,2026-03
rank32b-beatusdt-e848a5568a940b9c,BEATUSDT,short,official_close,2026-03-27T17:00:00Z,2026-03-27T17:15:00Z,BEATUSDT|2026-03-27T17:00:00Z,2026-03-27T17:15:00Z,0.5358,6.0,0,closed,realized,2026-03-27T19:15:59Z,0.5308,timeout_1m,,,0.009331840238895106,0.008121005390070879,,,0.009331840238895106,0.008121005390070879,120,0,0,1,0,atr,0.011035714285714291,1.75,1.0,8,3,1,2026-03-27T19:15:59Z,40.0,0.32484021560283516,0.008121005390070879,2026-03
rank32b-pippinusdt-98c1d739c3e90f63,PIPPINUSDT,short,official_close,2026-03-27T19:45:00Z,2026-03-27T20:00:00Z,PIPPINUSDT|2026-03-27T19:45:00Z,2026-03-27T20:00:00Z,0.05219,6.0,0,closed,realized,2026-03-27T20:13:59Z,0.054787857142857145,stop_1m,,,-0.04977691402293827,-0.05091683964579996,,,-0.04977691402293827,-0.05091683964579996,13,0,1,0,0,atr,0.002597857142857144,1.75,1.0,8,3,1,2026-03-27T20:13:59Z,40.0,-2.0366735858319984,-0.05091683964579996,2026-03
rank32b-pippinusdt-cd497e8cb2ad3bd8,PIPPINUSDT,short,official_close,2026-03-27T20:15:00Z,2026-03-27T20:30:00Z,PIPPINUSDT|2026-03-27T20:15:00Z,2026-03-27T20:30:00Z,0.05283,6.0,0,closed,realized,2026-03-27T22:30:59Z,0.0514,timeout_1m,,,0.02706795381412075,0.025835842014007016,,,0.02706795381412075,0.025835842014007016,120,0,0,1,0,atr,0.0028385714285714294,1.75,1.0,8,3,1,2026-03-27T22:30:59Z,40.0,1.0334336805602806,0.025835842014007016,2026-03
rank32b-tradoorusdt-99057ca1c4cbfef9,TRADOORUSDT,long,official_close,2026-03-28T07:30:00Z,2026-03-28T07:45:00Z,TRADOORUSDT|2026-03-28T07:30:00Z,2026-03-28T07:45:00Z,2.81,6.0,0,closed,realized,2026-03-28T09:45:59Z,2.84,timeout_1m,,,0.010676156583629748,0.009463709039145618,,,0.010676156583629748,0.009463709039145618,120,0,0,1,0,atr,0.05385714285714286,1.75,1.0,8,3,1,2026-03-28T09:45:59Z,40.0,0.3785483615658247,0.009463709039145618,2026-03
rank32b-brettusdt-7d0df1ed382b3705,BRETTUSDT,short,official_close,2026-03-28T12:30:00Z,2026-03-28T12:45:00Z,BRETTUSDT|2026-03-28T12:30:00Z,2026-03-28T12:45:00Z,0.006069,6.0,0,closed,realized,2026-03-28T13:20:59Z,0.006104071428571428,stop_1m,,,-0.005778782101075741,-0.006971489642916162,,,-0.005778782101075741,-0.006971489642916162,35,0,1,0,0,atr,3.507142857142852e-05,1.75,1.0,8,3,1,2026-03-28T13:20:59Z,40.0,-0.2788595857166465,-0.006971489642916162,2026-03
rank32b-beatusdt-03c90d58ff38c311,BEATUSDT,short,official_close,2026-03-28T16:15:00Z,2026-03-28T16:30:00Z,BEATUSDT|2026-03-28T16:15:00Z,2026-03-28T16:30:00Z,0.5085,6.0,0,closed,realized,2026-03-28T17:00:59Z,0.5213642857142857,stop_1m,,,-0.025298496979913043,-0.02646778789099613,,,-0.025298496979913043,-0.02646778789099613,30,0,1,0,0,atr,0.012864285714285726,1.75,1.0,8,3,1,2026-03-28T17:00:59Z,40.0,-1.0587115156398452,-0.02646778789099613,2026-03
rank32b-pippinusdt-e5119d27f415122e,PIPPINUSDT,short,official_close,2026-03-28T19:45:00Z,2026-03-28T20:00:00Z,PIPPINUSDT|2026-03-28T19:45:00Z,2026-03-28T20:00:00Z,0.05378,6.0,0,closed,realized,2026-03-28T22:00:59Z,0.05319,timeout_1m,,,0.010970621048717044,0.009757820252882077,,,0.010970621048717044,0.009757820252882077,120,0,0,1,0,atr,0.0013685714285714284,1.75,1.0,8,3,1,2026-03-28T22:00:59Z,40.0,0.39031281011528307,0.009757820252882077,2026-03
rank32b-aaveusdt-61c7a76b7f0d24cb,AAVEUSDT,short,official_close,2026-03-28T21:45:00Z,2026-03-28T22:00:00Z,AAVEUSDT|2026-03-28T21:45:00Z,2026-03-28T22:00:00Z,97.33,6.0,0,closed,realized,2026-03-28T23:10:59Z,96.64375,target_1m,,,0.0070507551628480325,0.00584265679492435,,,0.0070507551628480325,0.00584265679492435,70,1,0,0,0,atr,0.3921428571428578,1.75,1.0,8,3,1,2026-03-28T23:10:59Z,100.0,0.584265679492435,0.00584265679492435,2026-03
rank32b-wldusdt-5159b0479b223686,WLDUSDT,short,official_close,2026-03-28T23:00:00Z,2026-03-28T23:15:00Z,WLDUSDT|2026-03-28T23:00:00Z,2026-03-28T23:15:00Z,0.2679,6.0,0,closed,realized,2026-03-28T23:25:59Z,0.2699571428571429,stop_1m,,,-0.007678771396576689,-0.008869199635258673,,,-0.007678771396576689,-0.008869199635258673,10,0,1,0,0,atr,0.0020571428571428685,1.75,1.0,8,3,1,2026-03-28T23:25:59Z,100.0,-0.8869199635258673,-0.008869199635258673,2026-03
rank32b-tradoorusdt-3b5c46fbdb38b339,TRADOORUSDT,long,official_close,2026-03-29T00:00:00Z,2026-03-29T00:15:00Z,TRADOORUSDT|2026-03-29T00:00:00Z,2026-03-29T00:15:00Z,2.822,6.0,0,closed,realized,2026-03-29T00:20:59Z,2.7697857142857143,stop_1m,,,-0.018502581755593828,-0.019680025318416616,,,-0.018502581755593828,-0.019680025318416616,5,0,1,0,0,atr,0.052214285714285734,1.75,1.0,8,3,1,2026-03-29T00:20:59Z,40.0,-0.7872010127366647,-0.019680025318416616,2026-03
rank32b-pippinusdt-b20ab0bac380ede7,PIPPINUSDT,short,official_close,2026-03-29T03:30:00Z,2026-03-29T03:45:00Z,PIPPINUSDT|2026-03-29T03:30:00Z,2026-03-29T03:45:00Z,0.05088,6.0,0,closed,realized,2026-03-29T03:54:59Z,0.05226,stop_1m,,,-0.027122641509433887,-0.028289744103773606,,,-0.027122641509433887,-0.028289744103773606,9,0,1,0,0,atr,0.0013800000000000004,1.75,1.0,8,3,1,2026-03-29T03:54:59Z,40.0,-1.1315897641509443,-0.028289744103773606,2026-03
rank32b-tradoorusdt-c198e1ae58679e51,TRADOORUSDT,long,official_close,2026-03-29T03:15:00Z,2026-03-29T03:30:00Z,TRADOORUSDT|2026-03-29T03:15:00Z,2026-03-29T03:30:00Z,2.811,6.0,0,closed,realized,2026-03-29T05:30:59Z,2.833,timeout_1m,,,0.007826396300249172,0.006617367442191435,,,0.007826396300249172,0.006617367442191435,120,0,0,1,0,atr,0.05614285714285715,1.75,1.0,8,3,1,2026-03-29T05:30:59Z,40.0,0.2646946976876574,0.006617367442191435,2026-03
rank32b-pippinusdt-a370b7f32a5b4b1e,PIPPINUSDT,short,official_close,2026-03-29T13:30:00Z,2026-03-29T13:45:00Z,PIPPINUSDT|2026-03-29T13:30:00Z,2026-03-29T13:45:00Z,0.05325,6.0,0,closed,realized,2026-03-29T14:17:59Z,0.0518825,target_1m,,,0.025680751173708938,0.024450303517370875,,,0.025680751173708938,0.024450303517370875,32,1,0,0,0,atr,0.0007814285714285718,1.75,1.0,8,3,1,2026-03-29T14:17:59Z,40.0,0.978012140694835,0.024450303517370875,2026-03
rank32b-tradoorusdt-b6332e803e75489a,TRADOORUSDT,long,official_close,2026-03-29T15:00:00Z,2026-03-29T15:15:00Z,TRADOORUSDT|2026-03-29T15:00:00Z,2026-03-29T15:15:00Z,2.862,6.0,0,closed,realized,2026-03-29T17:15:59Z,2.843,timeout_1m,,,-0.00663871418588402,-0.007830390118798047,,,-0.00663871418588402,-0.007830390118798047,120,0,0,1,0,atr,0.06692857142857148,1.75,1.0,8,3,1,2026-03-29T17:15:59Z,40.0,-0.3132156047519219,-0.007830390118798047,2026-03
rank32b-tradoorusdt-f1c86a4fad047f3f,TRADOORUSDT,long,official_close,2026-03-29T18:00:00Z,2026-03-29T18:15:00Z,TRADOORUSDT|2026-03-29T18:00:00Z,2026-03-29T18:15:00Z,2.85,6.0,0,closed,realized,2026-03-29T20:15:59Z,2.833,timeout_1m,,,-0.0059649122807017285,-0.00715739653333336,,,-0.0059649122807017285,-0.00715739653333336,120,0,0,1,0,atr,0.038714285714285736,1.75,1.0,8,3,1,2026-03-29T20:15:59Z,40.0,-0.2862958613333344,-0.00715739653333336,2026-03
rank32b-tradoorusdt-f2a6bc4b5d0eb8d4,TRADOORUSDT,long,official_close,2026-03-29T20:30:00Z,2026-03-29T20:45:00Z,TRADOORUSDT|2026-03-29T20:30:00Z,2026-03-29T20:45:00Z,2.873,6.0,0,closed,realized,2026-03-29T21:17:59Z,2.8515,stop_1m,,,-0.007483466759484858,-0.008674129293421595,,,-0.007483466759484858,-0.008674129293421595,32,0,1,0,0,atr,0.021500000000000012,1.75,1.0,8,3,1,2026-03-29T21:17:59Z,40.0,-0.3469651717368638,-0.008674129293421595,2026-03
rank32b-brettusdt-7f010da1066ad416,BRETTUSDT,short,official_close,2026-03-29T22:00:00Z,2026-03-29T22:15:00Z,BRETTUSDT|2026-03-29T22:00:00Z,2026-03-29T22:15:00Z,0.005931,6.0,0,closed,realized,2026-03-29T22:41:59Z,0.005881124999999999,target_1m,,,0.008409205867476066,0.007199477847749103,,,0.008409205867476066,0.007199477847749103,26,1,0,0,0,atr,2.8500000000000005e-05,1.75,1.0,8,3,1,2026-03-29T22:41:59Z,40.0,0.2879791139099641,0.007199477847749103,2026-03
rank32b-wldusdt-66d45b7951970999,WLDUSDT,short,official_close,2026-03-29T22:30:00Z,2026-03-29T22:45:00Z,WLDUSDT|2026-03-29T22:30:00Z,2026-03-29T22:45:00Z,0.2712,6.0,0,closed,realized,2026-03-29T22:46:59Z,0.268325,target_1m,,,0.010601032448377623,0.0093886750258112,,,0.010601032448377623,0.0093886750258112,1,1,0,0,0,atr,0.0016428571428571562,1.75,1.0,8,3,1,2026-03-29T22:46:59Z,100.0,0.93886750258112,0.0093886750258112,2026-03
rank32b-brettusdt-b54547ec1a624ab7,BRETTUSDT,short,official_close,2026-03-30T00:30:00Z,2026-03-30T00:45:00Z,BRETTUSDT|2026-03-30T00:30:00Z,2026-03-30T00:45:00Z,0.005915,6.0,0,closed,realized,2026-03-30T01:01:59Z,0.005986428571428571,stop_1m,,,-0.012075836251660421,-0.013260989595459516,,,-0.012075836251660421,-0.013260989595459516,16,0,1,0,0,atr,7.142857142857143e-05,1.75,1.0,8,3,1,2026-03-30T01:01:59Z,40.0,-0.5304395838183806,-0.013260989595459516,2026-03
rank32b-pippinusdt-6a8e907a0bd1e971,PIPPINUSDT,short,official_close,2026-03-29T23:30:00Z,2026-03-29T23:45:00Z,PIPPINUSDT|2026-03-29T23:30:00Z,2026-03-29T23:45:00Z,0.05296,6.0,0,closed,realized,2026-03-30T01:45:59Z,0.05229,timeout_1m,,,0.012651057401812604,0.011436240687310972,,,0.012651057401812604,0.011436240687310972,120,0,0,1,0,atr,0.0006664285714285707,1.75,1.0,8,3,1,2026-03-30T01:45:59Z,40.0,0.4574496274924389,0.011436240687310972,2026-03
rank32b-beatusdt-2c894679b6bc3364,BEATUSDT,short,official_close,2026-03-30T02:30:00Z,2026-03-30T02:45:00Z,BEATUSDT|2026-03-30T02:30:00Z,2026-03-30T02:45:00Z,0.489,6.0,0,closed,realized,2026-03-30T03:09:59Z,0.49714285714285716,stop_1m,,,-0.016652059596844904,-0.01783172312007031,,,-0.016652059596844904,-0.01783172312007031,24,0,1,0,0,atr,0.008142857142857155,1.75,1.0,8,3,1,2026-03-30T03:09:59Z,40.0,-0.7132689248028123,-0.01783172312007031,2026-03
rank32b-beatusdt-732a10f69597b6b1,BEATUSDT,short,official_close,2026-03-30T06:30:00Z,2026-03-30T06:45:00Z,BEATUSDT|2026-03-30T06:30:00Z,2026-03-30T06:45:00Z,0.4898,6.0,0,closed,realized,2026-03-30T08:37:59Z,0.4983642857142857,stop_1m,,,-0.017485270956075327,-0.01866393492562568,,,-0.017485270956075327,-0.01866393492562568,112,0,1,0,0,atr,0.008564285714285719,1.75,1.0,8,3,1,2026-03-30T08:37:59Z,40.0,-0.7465573970250272,-0.01866393492562568,2026-03
rank32b-beatusdt-1e4c1c95c766c84d,BEATUSDT,short,official_close,2026-03-30T09:15:00Z,2026-03-30T09:30:00Z,BEATUSDT|2026-03-30T09:15:00Z,2026-03-30T09:30:00Z,0.4862,6.0,0,closed,realized,2026-03-30T10:20:59Z,0.471275,target_1m,,,0.030697243932538143,0.02946077829082694,,,0.030697243932538143,0.02946077829082694,50,1,0,0,0,atr,0.008528571428571437,1.75,1.0,8,3,1,2026-03-30T10:20:59Z,40.0,1.1784311316330776,0.02946077829082694,2026-03
rank32b-brettusdt-8a88da18e0849e71,BRETTUSDT,short,official_close,2026-03-30T14:30:00Z,2026-03-30T14:45:00Z,BRETTUSDT|2026-03-30T14:30:00Z,2026-03-30T14:45:00Z,0.006044,6.0,0,closed,realized,2026-03-30T14:53:59Z,0.006078857142857143,stop_1m,,,-0.005767230783776167,-0.006959952183038798,,,-0.005767230783776167,-0.006959952183038798,8,0,1,0,0,atr,3.485714285714302e-05,1.75,1.0,8,3,1,2026-03-30T14:53:59Z,40.0,-0.2783980873215519,-0.006959952183038798,2026-03
rank32b-brettusdt-49fcde8d110494ea,BRETTUSDT,long,official_close,2026-03-30T15:30:00Z,2026-03-30T15:45:00Z,BRETTUSDT|2026-03-30T15:30:00Z,2026-03-30T15:45:00Z,0.006124,6.0,0,closed,realized,2026-03-30T16:15:59Z,0.006085785714285715,stop_1m,,,-0.0062400858449193075,-0.00743223998833642,,,-0.0062400858449193075,-0.00743223998833642,30,0,1,0,0,atr,3.821428571428577e-05,1.75,1.0,8,3,1,2026-03-30T16:15:59Z,40.0,-0.2972895995334568,-0.00743223998833642,2026-03
rank32b-zecusdt-daefc145db8760a0,ZECUSDT,long,official_close,2026-03-30T14:45:00Z,2026-03-30T15:00:00Z,ZECUSDT|2026-03-30T14:45:00Z,2026-03-30T15:00:00Z,224.63,6.0,0,closed,realized,2026-03-30T17:00:59Z,225.08,timeout_1m,,,0.0020032943061925046,0.000801251074211029,,,0.0020032943061925046,0.000801251074211029,120,0,0,1,0,atr,1.8571428571428612,1.75,1.0,8,3,1,2026-03-30T17:00:59Z,100.0,0.0801251074211029,0.000801251074211029,2026-03
rank32b-dotusdt-54da6646238d71c7,DOTUSDT,short,official_close,2026-03-30T15:00:00Z,2026-03-30T15:15:00Z,DOTUSDT|2026-03-30T15:00:00Z,2026-03-30T15:15:00Z,1.261,6.0,0,closed,realized,2026-03-30T17:15:59Z,1.256,timeout_1m,,,0.003965107057890438,0.0027607103568594304,,,0.003965107057890438,0.0027607103568594304,120,0,0,1,0,atr,0.007071428571428585,1.75,1.0,8,3,1,2026-03-30T17:15:59Z,100.0,0.27607103568594304,0.0027607103568594304,2026-03
rank32b-bchusdt-2613a43b6086bd93,BCHUSDT,short,official_close,2026-03-30T19:15:00Z,2026-03-30T19:30:00Z,BCHUSDT|2026-03-30T19:15:00Z,2026-03-30T19:30:00Z,457.78,6.0,0,closed,realized,2026-03-30T20:10:59Z,459.9757142857143,stop_1m,,,-0.004796439961803234,-0.0059903259605674775,,,-0.004796439961803234,-0.0059903259605674775,40,0,1,0,0,atr,2.195714285714282,1.75,1.0,8,3,1,2026-03-30T20:10:59Z,100.0,-0.5990325960567477,-0.0059903259605674775,2026-03
rank32b-turbousdt-a962c5ff4727139b,TURBOUSDT,short,official_close,2026-03-30T18:00:00Z,2026-03-30T18:15:00Z,TURBOUSDT|2026-03-30T18:00:00Z,2026-03-30T18:15:00Z,0.0010081,6.0,0,closed,realized,2026-03-30T20:15:59Z,0.0010074,timeout_1m,,,0.0006943755579803534,-0.0005060974427140152,,,0.0006943755579803534,-0.0005060974427140152,120,0,0,1,0,atr,1.0757142857142879e-05,1.75,1.0,8,3,1,2026-03-30T20:15:59Z,40.0,-0.02024389770856061,-0.0005060974427140152,2026-03
rank32b-linkusdt-ebdf775eba4ba1fa,LINKUSDT,long,official_close,2026-03-31T01:15:00Z,2026-03-31T01:30:00Z,LINKUSDT|2026-03-31T01:15:00Z,2026-03-31T01:30:00Z,8.754,6.0,0,closed,realized,2026-03-31T01:33:59Z,8.819624999999998,target_1m,,,0.007496572995202122,0.00628793980637421,,,0.007496572995202122,0.00628793980637421,3,1,0,0,0,atr,0.0374999999999999,1.75,1.0,8,3,1,2026-03-31T01:33:59Z,100.0,0.628793980637421,0.00628793980637421,2026-03
rank32b-brettusdt-f997863cf8823aa9,BRETTUSDT,short,official_close,2026-03-31T08:45:00Z,2026-03-31T09:00:00Z,BRETTUSDT|2026-03-31T08:45:00Z,2026-03-31T09:00:00Z,0.005995,6.0,0,closed,realized,2026-03-31T09:26:59Z,0.0059375,target_1m,,,0.009591326105087616,0.008380179966638979,,,0.009591326105087616,0.008380179966638979,26,1,0,0,0,atr,3.2857142857142817e-05,1.75,1.0,8,3,1,2026-03-31T09:26:59Z,40.0,0.33520719866555915,0.008380179966638979,2026-03
rank32b-pippinusdt-4029bff51c8acab7,PIPPINUSDT,long,official_close,2026-03-31T09:30:00Z,2026-03-31T09:45:00Z,PIPPINUSDT|2026-03-31T09:30:00Z,2026-03-31T09:45:00Z,0.0564,6.0,0,closed,realized,2026-03-31T09:51:59Z,0.054289285714285714,stop_1m,,,-0.03742401215805469,-0.03857875681610945,,,-0.03742401215805469,-0.03857875681610945,6,0,1,0,0,atr,0.002110714285714288,1.75,1.0,8,3,1,2026-03-31T09:51:59Z,40.0,-1.543150272644378,-0.03857875681610945,2026-03
rank32b-dotusdt-ea3d3a951597953c,DOTUSDT,short,official_close,2026-03-31T08:30:00Z,2026-03-31T08:45:00Z,DOTUSDT|2026-03-31T08:30:00Z,2026-03-31T08:45:00Z,1.24,6.0,0,closed,realized,2026-03-31T09:55:59Z,1.22925,target_1m,,,0.008669354838709675,0.00745931473387107,,,0.008669354838709675,0.00745931473387107,70,1,0,0,0,atr,0.006142857142857149,1.75,1.0,8,3,1,2026-03-31T09:55:59Z,100.0,0.745931473387107,0.00745931473387107,2026-03
rank32b-fartcoinusdt-7ebbc829ad753266,FARTCOINUSDT,short,official_close,2026-03-31T14:30:00Z,2026-03-31T14:45:00Z,FARTCOINUSDT|2026-03-31T14:30:00Z,2026-03-31T14:45:00Z,0.168,6.0,0,closed,realized,2026-03-31T14:55:59Z,0.1650875,target_1m,,,0.0173363095238096,0.01611587219345223,,,0.0173363095238096,0.01611587219345223,10,1,0,0,0,atr,0.0016642857142857154,1.75,1.0,8,3,1,2026-03-31T14:55:59Z,40.0,0.6446348877380892,0.01611587219345223,2026-03
rank32b-suiusdt-eba17952dc30868d,SUIUSDT,short,official_close,2026-03-31T14:45:00Z,2026-03-31T15:00:00Z,SUIUSDT|2026-03-31T14:45:00Z,2026-03-31T15:00:00Z,0.8596,6.0,0,closed,realized,2026-03-31T15:06:59Z,0.8653642857142857,stop_1m,,,-0.006705776773249905,-0.007897372255201707,,,-0.006705776773249905,-0.007897372255201707,6,0,1,0,0,atr,0.005764285714285714,1.75,1.0,8,3,1,2026-03-31T15:06:59Z,100.0,-0.7897372255201707,-0.007897372255201707,2026-03
rank32b-ethusdt-87fc9a36f5254ede,ETHUSDT,long,official_close,2026-03-31T15:00:00Z,2026-03-31T15:15:00Z,ETHUSDT|2026-03-31T15:00:00Z,2026-03-31T15:15:00Z,2074.7,6.0,0,closed,realized,2026-03-31T15:29:59Z,2058.102857142857,stop_1m,,,-0.007999779658332762,-0.009189822802663561,,,-0.007999779658332762,-0.009189822802663561,14,0,1,0,0,atr,16.5971428571429,1.75,1.0,8,3,1,2026-03-31T15:29:59Z,100.0,-0.9189822802663561,-0.009189822802663561,2026-03
rank32b-avaxusdt-4f9a59d2c561427a,AVAXUSDT,short,official_close,2026-03-31T15:15:00Z,2026-03-31T15:30:00Z,AVAXUSDT|2026-03-31T15:15:00Z,2026-03-31T15:30:00Z,8.798,6.0,0,closed,realized,2026-03-31T16:40:59Z,8.8615,stop_1m,,,-0.007217549443055082,-0.008408530982041307,,,-0.007217549443055082,-0.008408530982041307,70,0,1,0,0,atr,0.06350000000000008,1.75,1.0,8,3,1,2026-03-31T16:40:59Z,100.0,-0.8408530982041307,-0.008408530982041307,2026-03
rank32b-wldusdt-0596b4e904799f3b,WLDUSDT,short,official_close,2026-03-31T17:45:00Z,2026-03-31T18:00:00Z,WLDUSDT|2026-03-31T17:45:00Z,2026-03-31T18:00:00Z,0.2733,6.0,0,closed,realized,2026-03-31T20:00:59Z,0.2749,timeout_1m,,,-0.005854372484449311,-0.0070469893450422205,,,-0.005854372484449311,-0.0070469893450422205,120,0,0,1,0,atr,0.0031857142857142917,1.75,1.0,8,3,1,2026-03-31T20:00:59Z,100.0,-0.704698934504222,-0.0070469893450422205,2026-03
rank32b-pippinusdt-82542dd3b3699eee,PIPPINUSDT,short,official_close,2026-04-01T01:15:00Z,2026-04-01T01:30:00Z,PIPPINUSDT|2026-04-01T01:15:00Z,2026-04-01T01:30:00Z,0.05011,6.0,0,closed,realized,2026-04-01T03:30:59Z,0.05056,timeout_1m,,,-0.008980243464378423,-0.010169110405108928,,,-0.008980243464378423,-0.010169110405108928,120,0,0,1,0,atr,0.001065000000000001,1.75,1.0,8,3,1,2026-04-01T03:30:59Z,40.0,-0.4067644162043571,-0.010169110405108928,2026-04
rank32b-fartcoinusdt-bb2bd98cae399154,FARTCOINUSDT,long,official_close,2026-04-01T03:00:00Z,2026-04-01T03:15:00Z,FARTCOINUSDT|2026-04-01T03:00:00Z,2026-04-01T03:15:00Z,0.1722,6.0,0,closed,realized,2026-04-01T05:15:59Z,0.1731,timeout_1m,,,0.005226480836237002,0.004020570940766577,,,0.005226480836237002,0.004020570940766577,120,0,0,1,0,atr,0.0014357142857142802,1.75,1.0,8,3,1,2026-04-01T05:15:59Z,40.0,0.16082283763066307,0.004020570940766577,2026-04
rank32b-pippinusdt-30fe15bbb087cb0c,PIPPINUSDT,short,official_close,2026-04-01T05:00:00Z,2026-04-01T05:15:00Z,PIPPINUSDT|2026-04-01T05:00:00Z,2026-04-01T05:15:00Z,0.05018,6.0,0,closed,realized,2026-04-01T05:20:59Z,0.050866428571428576,stop_1m,,,-0.013679325855491697,-0.014862555589022497,,,-0.013679325855491697,-0.014862555589022497,5,0,1,0,0,atr,0.000686428571428572,1.75,1.0,8,3,1,2026-04-01T05:20:59Z,40.0,-0.5945022235608999,-0.014862555589022497,2026-04
rank32b-tradoorusdt-55e911ea1e91222e,TRADOORUSDT,long,official_close,2026-04-01T07:00:00Z,2026-04-01T07:15:00Z,TRADOORUSDT|2026-04-01T07:00:00Z,2026-04-01T07:15:00Z,3.159,6.0,0,closed,realized,2026-04-01T09:14:59Z,3.24675,target_1m,,,0.0277777777777779,0.026544814444444453,,,0.0277777777777779,0.026544814444444453,119,1,0,0,0,atr,0.05014285714285723,1.75,1.0,8,3,1,2026-04-01T09:14:59Z,40.0,1.0617925777777781,0.026544814444444453,2026-04
rank32b-tradoorusdt-fb136a39dff43a58,TRADOORUSDT,long,official_close,2026-04-01T13:00:00Z,2026-04-01T13:15:00Z,TRADOORUSDT|2026-04-01T13:00:00Z,2026-04-01T13:15:00Z,3.132,6.0,0,closed,realized,2026-04-01T15:15:59Z,3.132,timeout_1m,,,0.0,-0.0011996400000000573,,,0.0,-0.0011996400000000573,120,0,0,1,0,atr,0.039714285714285626,1.75,1.0,8,3,1,2026-04-01T15:15:59Z,40.0,-0.04798560000000229,-0.0011996400000000573,2026-04
rank32b-solusdt-684486d6e4c4f1fb,SOLUSDT,long,official_close,2026-04-01T16:15:00Z,2026-04-01T16:30:00Z,SOLUSDT|2026-04-01T16:15:00Z,2026-04-01T16:30:00Z,84.32,6.0,0,closed,realized,2026-04-01T17:00:59Z,85.31499999999998,target_1m,,,0.01180028462998095,0.010586488536527439,,,0.01180028462998095,0.010586488536527439,30,1,0,0,0,atr,0.5685714285714261,1.75,1.0,8,3,1,2026-04-01T17:00:59Z,100.0,1.0586488536527439,0.010586488536527439,2026-04
rank32b-tradoorusdt-600687b27c9671ee,TRADOORUSDT,long,official_close,2026-04-01T17:30:00Z,2026-04-01T17:45:00Z,TRADOORUSDT|2026-04-01T17:30:00Z,2026-04-01T17:45:00Z,3.125,6.0,0,closed,realized,2026-04-01T19:08:59Z,3.1012857142857144,stop_1m,,,-0.007588571428571389,-0.008779107874742897,,,-0.007588571428571389,-0.008779107874742897,83,0,1,0,0,atr,0.023714285714285768,1.75,1.0,8,3,1,2026-04-01T19:08:59Z,40.0,-0.3511643149897159,-0.008779107874742897,2026-04
rank32b-aaveusdt-9f6756af5d32a2a9,AAVEUSDT,long,official_close,2026-04-01T19:15:00Z,2026-04-01T19:30:00Z,AAVEUSDT|2026-04-01T19:15:00Z,2026-04-01T19:30:00Z,99.49,6.0,0,closed,realized,2026-04-01T20:15:59Z,98.90571428571428,stop_1m,,,-0.005872808466033885,-0.007065403210085752,,,-0.005872808466033885,-0.007065403210085752,45,0,1,0,0,atr,0.5842857142857137,1.75,1.0,8,3,1,2026-04-01T20:15:59Z,100.0,-0.7065403210085752,-0.007065403210085752,2026-04
rank32b-pippinusdt-1e37c617f6e0c3b5,PIPPINUSDT,long,official_close,2026-04-01T21:30:00Z,2026-04-01T21:45:00Z,PIPPINUSDT|2026-04-01T21:30:00Z,2026-04-01T21:45:00Z,0.05898,6.0,0,closed,realized,2026-04-01T21:49:59Z,0.06064875,target_1m,,,0.028293489318413023,0.027059907316887122,,,0.028293489318413023,0.027059907316887122,4,1,0,0,0,atr,0.0009535714285714286,1.75,1.0,8,3,1,2026-04-01T21:49:59Z,40.0,1.0823962926754849,0.027059907316887122,2026-04
rank32b-1000pepeusdt-d2074a4345e5a887,1000PEPEUSDT,long,official_close,2026-04-01T21:00:00Z,2026-04-01T21:15:00Z,1000PEPEUSDT|2026-04-01T21:00:00Z,2026-04-01T21:15:00Z,0.0034472,6.0,0,closed,realized,2026-04-01T21:51:59Z,0.0034280285714285716,stop_1m,,,-0.005561449457945122,-0.006754417720717498,,,-0.005561449457945122,-0.006754417720717498,36,0,1,0,0,atr,1.917142857142859e-05,1.75,1.0,8,3,1,2026-04-01T21:51:59Z,40.0,-0.27017670882869993,-0.006754417720717498,2026-04
rank32b-brettusdt-08058400f10ddcf7,BRETTUSDT,long,official_close,2026-04-01T20:30:00Z,2026-04-01T20:45:00Z,BRETTUSDT|2026-04-01T20:30:00Z,2026-04-01T20:45:00Z,0.006217,6.0,0,closed,realized,2026-04-01T22:15:59Z,0.006178928571428571,stop_1m,,,-0.006123762034973335,-0.007316055725085757,,,-0.006123762034973335,-0.007316055725085757,90,0,1,0,0,atr,3.8071428571428605e-05,1.75,1.0,8,3,1,2026-04-01T22:15:59Z,40.0,-0.2926422290034303,-0.007316055725085757,2026-04
rank32b-fartcoinusdt-58f7bfb74ec7fea7,FARTCOINUSDT,long,official_close,2026-04-01T21:45:00Z,2026-04-01T22:00:00Z,FARTCOINUSDT|2026-04-01T21:45:00Z,2026-04-01T22:00:00Z,0.174,6.0,0,closed,realized,2026-04-01T23:32:59Z,0.1703642857142857,stop_1m,,,-0.02089490968801322,-0.022069483318555183,,,-0.02089490968801322,-0.022069483318555183,92,0,1,0,0,atr,0.003635714285714286,1.75,1.0,8,3,1,2026-04-01T23:32:59Z,40.0,-0.8827793327422073,-0.022069483318555183,2026-04
rank32b-pippinusdt-3eb8ded10c27a033,PIPPINUSDT,long,official_close,2026-04-01T22:45:00Z,2026-04-01T23:00:00Z,PIPPINUSDT|2026-04-01T22:45:00Z,2026-04-01T23:00:00Z,0.05838,6.0,0,closed,realized,2026-04-02T00:34:59Z,0.06048375,target_1m,,,0.03603545734840696,0.03479258777235361,,,0.03603545734840696,0.03479258777235361,94,1,0,0,0,atr,0.001202142857142857,1.75,1.0,8,3,1,2026-04-02T00:34:59Z,40.0,1.3917035108941445,0.03479258777235361,2026-04
rank32b-adausdt-df152a4cf06836b9,ADAUSDT,long,official_close,2026-04-02T00:30:00Z,2026-04-02T00:45:00Z,ADAUSDT|2026-04-02T00:30:00Z,2026-04-02T00:45:00Z,0.2503,6.0,0,closed,realized,2026-04-02T01:01:59Z,0.24900714285714287,stop_1m,,,-0.005165230295074541,-0.006358673878203436,,,-0.005165230295074541,-0.006358673878203436,16,0,1,0,0,atr,0.0012928571428571472,1.75,1.0,8,3,1,2026-04-02T01:01:59Z,100.0,-0.6358673878203436,-0.006358673878203436,2026-04
rank32b-fartcoinusdt-fc9d69d2eb004820,FARTCOINUSDT,long,official_close,2026-04-02T00:45:00Z,2026-04-02T01:00:00Z,FARTCOINUSDT|2026-04-02T00:45:00Z,2026-04-02T01:00:00Z,0.1728,6.0,0,closed,realized,2026-04-02T01:05:59Z,0.17036428571428572,stop_1m,,,-0.014095568783068835,-0.015278299174933951,,,-0.014095568783068835,-0.015278299174933951,5,0,1,0,0,atr,0.002435714285714285,1.75,1.0,8,3,1,2026-04-02T01:05:59Z,40.0,-0.6111319669973581,-0.015278299174933951,2026-04
rank32b-beatusdt-686309542ed4c5df,BEATUSDT,short,official_close,2026-04-02T01:00:00Z,2026-04-02T01:15:00Z,BEATUSDT|2026-04-02T01:00:00Z,2026-04-02T01:15:00Z,0.4237,6.0,0,closed,realized,2026-04-02T02:05:59Z,0.412575,target_1m,,,0.026256785461411414,0.02502564677130059,,,0.026256785461411414,0.02502564677130059,50,1,0,0,0,atr,0.006357142857142862,1.75,1.0,8,3,1,2026-04-02T02:05:59Z,40.0,1.0010258708520237,0.02502564677130059,2026-04
rank32b-pippinusdt-72201ff6fb40e3d4,PIPPINUSDT,long,official_close,2026-04-02T04:45:00Z,2026-04-02T05:00:00Z,PIPPINUSDT|2026-04-02T04:45:00Z,2026-04-02T05:00:00Z,0.05961,6.0,0,closed,realized,2026-04-02T07:00:59Z,0.06054,timeout_1m,,,0.015601409159536894,0.01438305308505261,,,0.015601409159536894,0.01438305308505261,120,0,0,1,0,atr,0.0016385714285714278,1.75,1.0,8,3,1,2026-04-02T07:00:59Z,40.0,0.5753221234021044,0.01438305308505261,2026-04
rank32b-beatusdt-85e88466d6bcb97a,BEATUSDT,short,official_close,2026-04-02T06:30:00Z,2026-04-02T06:45:00Z,BEATUSDT|2026-04-02T06:30:00Z,2026-04-02T06:45:00Z,0.4228,6.0,0,closed,realized,2026-04-02T08:45:59Z,0.4138,timeout_1m,,,0.021286660359508103,0.020061484030274412,,,0.021286660359508103,0.020061484030274412,120,0,0,1,0,atr,0.014528571428571438,1.75,1.0,8,3,1,2026-04-02T08:45:59Z,40.0,0.8024593612109765,0.020061484030274412,2026-04
rank32b-pippinusdt-759ca80d16eb65df,PIPPINUSDT,long,official_close,2026-04-02T09:30:00Z,2026-04-02T09:45:00Z,PIPPINUSDT|2026-04-02T09:30:00Z,2026-04-02T09:45:00Z,0.05998,6.0,0,closed,realized,2026-04-02T10:12:59Z,0.06235375,target_1m,,,0.03957569189729915,0.038328575314271474,,,0.03957569189729915,0.038328575314271474,27,1,0,0,0,atr,0.0013564285714285705,1.75,1.0,8,3,1,2026-04-02T10:12:59Z,40.0,1.533143012570859,0.038328575314271474,2026-04
rank32b-tradoorusdt-b45d249681ca3ca3,TRADOORUSDT,long,official_close,2026-04-02T11:30:00Z,2026-04-02T11:45:00Z,TRADOORUSDT|2026-04-02T11:30:00Z,2026-04-02T11:45:00Z,3.144,6.0,0,closed,realized,2026-04-02T12:08:59Z,3.1170714285714287,stop_1m,,,-0.008565067248273328,-0.0097544322509997,,,-0.008565067248273328,-0.0097544322509997,23,0,1,0,0,atr,0.026928571428571475,1.75,1.0,8,3,1,2026-04-02T12:08:59Z,40.0,-0.390177290039988,-0.0097544322509997,2026-04
rank32b-pippinusdt-ce2176f3740199f1,PIPPINUSDT,long,official_close,2026-04-02T13:30:00Z,2026-04-02T13:45:00Z,PIPPINUSDT|2026-04-02T13:30:00Z,2026-04-02T13:45:00Z,0.0611,6.0,0,closed,realized,2026-04-02T14:06:59Z,0.0638525,target_1m,,,0.04504909983633398,0.043795417134206316,,,0.04504909983633398,0.043795417134206316,21,1,0,0,0,atr,0.0015728571428571432,1.75,1.0,8,3,1,2026-04-02T14:06:59Z,40.0,1.7518166853682526,0.043795417134206316,2026-04
rank32b-fartcoinusdt-fef9942c119009f7,FARTCOINUSDT,short,official_close,2026-04-02T14:45:00Z,2026-04-02T15:00:00Z,FARTCOINUSDT|2026-04-02T14:45:00Z,2026-04-02T15:00:00Z,0.1624,6.0,0,closed,realized,2026-04-02T16:14:59Z,0.15894999999999998,target_1m,,,0.02124384236453203,0.020018717401477648,,,0.02124384236453203,0.020018717401477648,74,1,0,0,0,atr,0.0019714285714285762,1.75,1.0,8,3,1,2026-04-02T16:14:59Z,40.0,0.8007486960591059,0.020018717401477648,2026-04
rank32b-dotusdt-d628ae1a09bff407,DOTUSDT,short,official_close,2026-04-02T15:00:00Z,2026-04-02T15:15:00Z,DOTUSDT|2026-04-02T15:00:00Z,2026-04-02T15:15:00Z,1.224,6.0,0,closed,realized,2026-04-02T17:15:59Z,1.228,timeout_1m,,,-0.0032679738562091387,-0.004463693464052398,,,-0.0032679738562091387,-0.004463693464052398,120,0,0,1,0,atr,0.008357142857142905,1.75,1.0,8,3,1,2026-04-02T17:15:59Z,100.0,-0.44636934640523984,-0.004463693464052398,2026-04
rank32b-suiusdt-3c35dd7f2cf2cf4a,SUIUSDT,short,official_close,2026-04-02T17:30:00Z,2026-04-02T17:45:00Z,SUIUSDT|2026-04-02T17:30:00Z,2026-04-02T17:45:00Z,0.859,6.0,0,closed,realized,2026-04-02T19:45:59Z,0.8571,timeout_1m,,,0.002211874272409764,0.0010095808195575984,,,0.002211874272409764,0.0010095808195575984,120,0,0,1,0,atr,0.0061714285714285656,1.75,1.0,8,3,1,2026-04-02T19:45:59Z,100.0,0.10095808195575984,0.0010095808195575984,2026-04
rank32b-pippinusdt-cf841aac8cc28dea,PIPPINUSDT,long,official_close,2026-04-02T20:30:00Z,2026-04-02T20:45:00Z,PIPPINUSDT|2026-04-02T20:30:00Z,2026-04-02T20:45:00Z,0.06278,6.0,0,closed,realized,2026-04-02T22:45:59Z,0.06213,timeout_1m,,,-0.010353615801210636,-0.011540835189550958,,,-0.010353615801210636,-0.011540835189550958,120,0,0,1,0,atr,0.0016642857142857134,1.75,1.0,8,3,1,2026-04-02T22:45:59Z,40.0,-0.4616334075820383,-0.011540835189550958,2026-04
rank32b-pippinusdt-90daef71f5f4e2e4,PIPPINUSDT,long,official_close,2026-04-02T23:15:00Z,2026-04-02T23:30:00Z,PIPPINUSDT|2026-04-02T23:15:00Z,2026-04-02T23:30:00Z,0.0637,6.0,0,closed,realized,2026-04-03T01:07:59Z,0.06620875000000001,target_1m,,,0.03938383045525917,0.03813694403689172,,,0.03938383045525917,0.03813694403689172,97,1,0,0,0,atr,0.0014335714285714284,1.75,1.0,8,3,1,2026-04-03T01:07:59Z,40.0,1.5254777614756687,0.03813694403689172,2026-04
rank32b-tradoorusdt-fcfc56510d3e9914,TRADOORUSDT,long,official_close,2026-04-03T07:00:00Z,2026-04-03T07:15:00Z,TRADOORUSDT|2026-04-03T07:00:00Z,2026-04-03T07:15:00Z,3.139,6.0,0,closed,realized,2026-04-03T07:58:59Z,3.122642857142857,stop_1m,,,-0.005210940699949873,-0.006404329447048718,,,-0.005210940699949873,-0.006404329447048718,43,0,1,0,0,atr,0.016357142857142865,1.75,1.0,8,3,1,2026-04-03T07:58:59Z,40.0,-0.2561731778819487,-0.006404329447048718,2026-04
rank32b-zecusdt-5ed3eae583ebd3df,ZECUSDT,short,official_close,2026-04-03T09:15:00Z,2026-04-03T09:30:00Z,ZECUSDT|2026-04-03T09:15:00Z,2026-04-03T09:30:00Z,236.48,6.0,0,closed,realized,2026-04-03T10:40:59Z,237.86071428571427,stop_1m,,,-0.005838609124299232,-0.007031244895249422,,,-0.005838609124299232,-0.007031244895249422,70,0,1,0,0,atr,1.3807142857142805,1.75,1.0,8,3,1,2026-04-03T10:40:59Z,100.0,-0.7031244895249422,-0.007031244895249422,2026-04
rank32b-pippinusdt-5c2884152927f70d,PIPPINUSDT,long,official_close,2026-04-03T10:30:00Z,2026-04-03T10:45:00Z,PIPPINUSDT|2026-04-03T10:30:00Z,2026-04-03T10:45:00Z,0.06245,6.0,0,closed,realized,2026-04-03T11:13:59Z,0.05988071428571429,stop_1m,,,-0.041141484616264434,-0.042291769645659394,,,-0.041141484616264434,-0.042291769645659394,28,0,1,0,0,atr,0.002569285714285714,1.75,1.0,8,3,1,2026-04-03T11:13:59Z,40.0,-1.6916707858263758,-0.042291769645659394,2026-04
rank32b-zecusdt-23f82cf3aac702f1,ZECUSDT,short,official_close,2026-04-03T12:30:00Z,2026-04-03T12:45:00Z,ZECUSDT|2026-04-03T12:30:00Z,2026-04-03T12:45:00Z,236.01,6.0,0,closed,realized,2026-04-03T13:07:59Z,233.69625,target_1m,,,0.009803610016524744,0.008592209213804214,,,0.009803610016524744,0.008592209213804214,22,1,0,0,0,atr,1.3221428571428524,1.75,1.0,8,3,1,2026-04-03T13:07:59Z,100.0,0.8592209213804214,0.008592209213804214,2026-04
rank32b-beatusdt-5bf9f462e9a67900,BEATUSDT,short,official_close,2026-04-03T14:15:00Z,2026-04-03T14:30:00Z,BEATUSDT|2026-04-03T14:15:00Z,2026-04-03T14:30:00Z,0.3856,6.0,0,closed,realized,2026-04-03T15:28:59Z,0.365925,target_1m,,,0.05102437759336098,0.04976352670902484,,,0.05102437759336098,0.04976352670902484,58,1,0,0,0,atr,0.011242857142857141,1.75,1.0,8,3,1,2026-04-03T15:28:59Z,40.0,1.9905410683609936,0.04976352670902484,2026-04
rank32b-brettusdt-ff6d04b43288adfb,BRETTUSDT,long,official_close,2026-04-03T21:00:00Z,2026-04-03T21:15:00Z,BRETTUSDT|2026-04-03T21:00:00Z,2026-04-03T21:15:00Z,0.006094,6.0,0,closed,realized,2026-04-03T21:40:59Z,0.006067499999999999,stop_1m,,,-0.004348539547095576,-0.0055429628651133545,,,-0.004348539547095576,-0.0055429628651133545,25,0,1,0,0,atr,2.6500000000000173e-05,1.75,1.0,8,3,1,2026-04-03T21:40:59Z,40.0,-0.22171851460453418,-0.0055429628651133545,2026-04
rank32b-fartcoinusdt-95d3385de2268327,FARTCOINUSDT,short,official_close,2026-04-03T22:00:00Z,2026-04-03T22:15:00Z,FARTCOINUSDT|2026-04-03T22:00:00Z,2026-04-03T22:15:00Z,0.1643,6.0,0,closed,realized,2026-04-03T23:36:59Z,0.16287500000000002,target_1m,,,0.008673158855751595,0.007463114187461706,,,0.008673158855751595,0.007463114187461706,81,1,0,0,0,atr,0.0008142857142857059,1.75,1.0,8,3,1,2026-04-03T23:36:59Z,40.0,0.29852456749846823,0.007463114187461706,2026-04
rank32b-pippinusdt-9fe385adb0933ba5,PIPPINUSDT,short,official_close,2026-04-04T06:30:00Z,2026-04-04T06:45:00Z,PIPPINUSDT|2026-04-04T06:30:00Z,2026-04-04T06:45:00Z,0.03556,6.0,0,closed,realized,2026-04-04T07:09:59Z,0.03705,stop_1m,,,-0.04190101237345334,-0.04305038624296975,,,-0.04190101237345334,-0.04305038624296975,24,0,1,0,0,atr,0.0014899999999999994,1.75,1.0,8,3,1,2026-04-04T07:09:59Z,40.0,-1.72201544971879,-0.04305038624296975,2026-04
rank32b-pippinusdt-6e8c0e090ca46c37,PIPPINUSDT,short,official_close,2026-04-04T09:15:00Z,2026-04-04T09:30:00Z,PIPPINUSDT|2026-04-04T09:15:00Z,2026-04-04T09:30:00Z,0.03516,6.0,0,closed,realized,2026-04-04T11:07:59Z,0.036725714285714285,stop_1m,,,-0.04453112302941653,-0.04567734171298565,,,-0.04453112302941653,-0.04567734171298565,97,0,1,0,0,atr,0.0015657142857142872,1.75,1.0,8,3,1,2026-04-04T11:07:59Z,40.0,-1.8270936685194261,-0.04567734171298565,2026-04
rank32b-beatusdt-0dd5c80404edc95e,BEATUSDT,short,official_close,2026-04-04T12:15:00Z,2026-04-04T12:30:00Z,BEATUSDT|2026-04-04T12:15:00Z,2026-04-04T12:30:00Z,0.3575,6.0,0,closed,realized,2026-04-04T12:50:59Z,0.36402142857142855,stop_1m,,,-0.01824175824175822,-0.01941951469890124,,,-0.01824175824175822,-0.01941951469890124,20,0,1,0,0,atr,0.0065214285714285825,1.75,1.0,8,3,1,2026-04-04T12:50:59Z,40.0,-0.7767805879560497,-0.01941951469890124,2026-04
rank32b-pippinusdt-274810e5cdc1d8dc,PIPPINUSDT,short,official_close,2026-04-04T15:15:00Z,2026-04-04T15:30:00Z,PIPPINUSDT|2026-04-04T15:15:00Z,2026-04-04T15:30:00Z,0.03683,6.0,0,closed,realized,2026-04-04T15:36:59Z,0.038986428571428575,stop_1m,,,-0.05855087079632293,-0.05968027082968086,,,-0.05855087079632293,-0.05968027082968086,6,0,1,0,0,atr,0.002156428571428571,1.75,1.0,8,3,1,2026-04-04T15:36:59Z,40.0,-2.3872108331872344,-0.05968027082968086,2026-04
rank32b-brettusdt-4875a04f6b6bb945,BRETTUSDT,long,official_close,2026-04-04T15:00:00Z,2026-04-04T15:15:00Z,BRETTUSDT|2026-04-04T15:00:00Z,2026-04-04T15:15:00Z,0.006095,6.0,0,closed,realized,2026-04-04T15:47:59Z,0.0061563749999999995,target_1m,,,0.010069729286300122,0.008858009236259123,,,0.010069729286300122,0.008858009236259123,32,1,0,0,0,atr,3.507142857142858e-05,1.75,1.0,8,3,1,2026-04-04T15:47:59Z,40.0,0.35432036945036494,0.008858009236259123,2026-04
